# UnrealEd OBJ exporter (_Internal)



v -0.660143 10.005366 -26.125717

v -0.571207 9.959983 -26.335976

v 0.557822 9.368497 -26.424913

v -0.565810 9.356377 -26.429012

v 0.533788 9.136448 -25.950092

v 1.712850 8.518801 -26.205627

v 1.884683 8.299261 -25.926861

v -0.660823 9.038318 -25.916847

v 1.884683 9.075645 -26.010836

v 1.791453 9.588548 -26.326691

v 0.542029 9.939358 -26.303301

v 1.751400 9.133993 -26.316448

v 0.039462 9.530935 -26.140661

v -1.880178 11.097501 -25.093763

v -1.882959 10.141363 -26.203739

v -1.798336 9.580646 -26.318689

v -1.884683 9.075645 -26.010836

v -0.587228 10.382827 -26.374146

v -1.798336 9.580646 -26.318689

v -1.884683 9.075645 -26.010836

v -0.584990 10.874222 -26.507166

v -1.901963 10.089581 -26.437971

v -1.882959 10.141363 -26.203739

v -1.901963 10.089581 -26.437971

v -1.884683 8.299261 -25.926861

v -1.884683 8.299261 -25.926861

v -1.711225 8.517910 -26.204964

v -1.711225 8.517910 -26.204964

v -1.750889 9.130084 -26.320986

v -1.750889 9.130084 -26.320986

v 0.602607 10.379916 -26.377934

v 0.506732 10.164484 -26.147182

v 1.805918 7.951287 -26.000572

v 1.831559 10.070722 -26.463226

v -1.876153 10.913437 -26.736341

v -1.814873 10.595922 -26.510696

v -1.814873 10.595922 -26.510696

v -0.570668 11.041667 -26.362429

v -1.876153 10.913437 -26.736341

v -0.476511 10.575310 -26.895086

v -0.640447 11.336399 -26.717060

v -1.601234 11.726696 -26.724989

v -1.353697 11.631013 -26.936480

v -0.739935 11.917625 -26.760260

v -1.353697 11.631013 -26.936480

v 0.496196 10.606353 -26.824530

v 0.608728 10.866402 -26.500187

v 0.577315 11.404111 -26.716080

v 0.587078 11.024219 -26.424082

v 1.906902 10.579815 -26.513531

v 1.775254 10.328329 -26.328003

v 1.883078 11.046494 -25.150372

v 1.775254 10.328329 -26.328003

v 1.906902 10.579815 -26.513531

v 1.868963 10.935548 -26.779171

v 1.791453 9.588548 -26.326691

v 1.884683 9.075645 -26.010836

v 1.831559 10.070722 -26.463226

v 1.884683 8.299261 -25.926861

v 1.805918 7.951287 -26.000572

v 1.712850 8.518801 -26.205627

v 1.751400 9.133993 -26.316448

v 0.615669 11.686945 -26.963478

v 0.739935 11.917625 -26.760260

v 1.558216 11.746670 -26.868937

v 0.615669 11.686945 -26.963478

v 0.739935 11.917625 -26.760260

v 0.615669 11.686945 -26.963478

v 1.868963 10.935548 -26.779171

v 1.883078 11.046494 -25.150372

v 1.884661 1.442240 -25.248547

v 1.884661 1.442240 -25.093254

v 1.944529 11.605361 -25.224720

v 2.097237 1.364498 -25.248547

v 2.097237 1.364498 -25.248547

v 2.097237 8.519792 -24.139977

v 2.097237 2.788213 -24.139975

v -2.097237 2.149608 -23.501362

v -2.097237 2.149617 -22.715631

v 0.436810 2.788922 -24.139975

v 2.097237 2.149608 -23.501362

v 2.097237 1.382303 -22.738165

v 2.097237 2.788213 -24.139975

v 2.097237 2.149608 -23.501362

v 2.097237 1.364498 -25.248547

v -0.436810 2.150327 -22.716106

v -2.097237 2.149608 -23.501362

v -2.097237 2.149617 -22.715631

v -2.097237 2.620841 -22.004406

v -0.436810 2.150317 -23.501362

v -0.430553 2.720307 -23.480755

v -0.436810 2.150317 -23.501362

v -0.436810 2.150327 -22.716106

v -0.450765 2.737779 -22.807405

v -0.436810 2.550579 -22.111998

v -0.436810 2.550579 -22.111998

v -0.436810 2.803741 -22.538309

v -0.436810 2.803741 -22.538309

v -0.436810 3.143727 -22.442720

v -0.450765 2.737779 -22.807405

v -0.424265 3.234581 -22.622723

v -2.097237 2.620841 -22.004406

v 0.436810 2.150317 -23.501362

v 0.436810 2.150327 -22.716106

v 0.445687 2.728661 -23.424168

v 0.436810 2.150327 -22.716106

v 0.436810 2.150317 -23.501362

v 0.436810 3.500471 -23.711567

v -0.436810 3.747113 -23.458790

v 0.455326 3.827785 -23.347832

v 0.436810 3.754878 -24.139975

v -0.436810 3.754878 -24.139975

v -0.447260 3.395312 -23.529413

v 0.458389 3.204570 -23.663292

v 0.455326 3.827785 -23.347832

v 0.406093 3.660060 -23.029814

v 0.406093 3.660060 -23.029814

v -0.447260 3.395312 -23.529413

v 0.458389 3.204570 -23.663292

v 0.436810 3.500471 -23.711567

v 0.458389 3.204570 -23.663292

v 0.436810 2.788922 -24.139975

v -2.097237 8.519792 -24.139977

v -2.104767 1.405582 -25.210035

v -2.097237 2.788213 -24.139975

v -0.436810 3.747113 -23.458790

v -0.447260 3.395312 -23.529413

v -0.417872 3.683929 -23.049997

v -0.436810 3.160485 -23.807158

v -0.436810 2.788922 -24.139975

v 0.446213 2.674806 -22.907867

v 0.436810 2.550579 -22.111998

v 0.446213 2.674806 -22.907867

v -0.430553 2.720307 -23.480755

v -0.450765 2.737779 -22.807405

v 0.445687 2.728661 -23.424168

v 0.464288 3.116760 -22.627926

v -0.424265 3.234581 -22.622723

v 0.464288 3.116760 -22.627926

v -0.450765 2.737779 -22.807405

v 0.436810 2.550579 -22.111998

v -2.097237 7.768309 -14.235229

v 2.097237 7.768309 -14.235229

v -0.436810 3.143727 -22.442720

v 0.446213 2.674806 -22.907867

v 2.097237 2.149617 -22.715631

v -0.435430 3.825417 -22.769648

v -0.417872 3.683929 -23.049997

v 2.097237 9.651131 -23.008636

v 2.097237 8.519792 -24.139977

v 2.092248 11.260719 -25.249235

v 0.439696 3.630678 -22.594543

v -0.435430 3.825417 -22.769648

v 0.464288 3.116760 -22.627926

v 1.790016 0.550497 -25.211739

v 1.512285 0.626078 -25.169838

v 0.439696 3.630678 -22.594543

v 1.790016 0.550497 -25.211739

v 2.092248 11.260719 -25.249235

v 1.487171 12.006858 -25.260212

v -2.092248 11.260720 -17.833477

v -2.092248 11.260719 -25.249235

v -2.097237 9.651131 -23.008636

v 2.097237 2.149617 -22.715631

v 2.097237 7.768309 -14.235229

v -2.104767 1.405582 -25.210035

v -1.876769 1.220473 -25.224916

v 2.097237 9.651131 -23.008636

v -2.097237 8.519792 -24.139977

v -2.097237 9.651131 -23.008636

v -0.436810 3.754878 -24.139975

v 2.092248 11.260720 -17.833477

v 1.944529 11.605361 -25.224720

v 1.487171 12.006858 -25.260212

v 1.835804 11.784878 -18.092176

v -2.097237 9.651133 -10.170459

v -2.097237 9.651133 -10.170459

v 0.436810 3.754878 -24.139975

v -2.092248 11.260719 -25.249235

v 2.092248 11.260719 -25.249235

v 2.097237 9.651133 -10.170459

v 1.797892 11.316933 -17.926975

v -2.116656 1.282969 -25.273788

v 1.313443 12.043266 -10.170472

v 1.726606 11.859394 -10.170472

v 1.797892 11.316934 -10.170468

v 2.092248 11.260721 -10.170468

v 2.097237 9.651133 -10.170459

v -0.436810 3.160485 -23.807158

v -0.430553 2.720307 -23.480755

v -0.436810 2.788922 -24.139975

v -2.104767 1.405582 -25.210035

v -2.097237 2.788213 -24.139975

v -2.116656 1.282969 -25.273788

v -2.092248 11.260721 -10.170468

v -1.797892 11.316934 -10.170468

v -2.092248 11.260719 -25.249235

v 1.744412 0.473537 -1.383979

v 2.125342 -0.235821 -0.359443

v 1.954860 -0.991244 0.709657

v 1.760613 -0.447013 1.236214

v 1.439094 -0.660558 1.835304

v 1.815963 -1.060020 0.682980

v 1.922578 -1.144695 0.637484

v 1.922955 -1.856066 0.461828

v 1.789080 -2.013528 0.557424

v 2.203513 -1.848905 -0.985373

v 2.154132 -1.210382 -1.027042

v 1.922578 -1.144695 0.637484

v 2.154132 -1.210382 -1.027042

v 1.739278 -1.161094 -2.398993

v 1.922955 -1.856066 0.461828

v 1.788947 -1.913293 -2.648418

v 2.203513 -1.848905 -0.985373

v 2.125342 -0.235821 -0.359443

v 1.744412 0.473537 -1.383979

v -1.744412 0.473537 -1.383979

v -0.746902 -0.897996 2.030166

v 0.541680 -0.912657 2.049072

v -1.884840 -1.067268 0.745763

v 1.954860 -0.991244 0.709657

v 1.815963 -1.060020 0.682980

v -1.924830 -0.977595 0.711974

v 1.476989 -4.539218 0.220549

v -1.768901 -1.910992 0.592956

v 1.922955 -1.856066 0.461828

v 1.789080 -2.013528 0.557424

v -1.520741 -0.646064 1.791053

v -1.924830 -0.977595 0.711974

v -1.917885 -1.148668 0.666119

v -1.884840 -1.067268 0.745763

v -1.917885 -1.148668 0.666119

v -1.768901 -1.910992 0.592956

v -2.181130 -1.191563 -1.201299

v -1.768901 -1.910992 0.592956

v -2.181130 -1.191563 -1.201299

v -2.199302 -1.859131 -1.274128

v -2.199302 -1.859131 -1.274128

v 1.606461 0.468899 -1.606275

v 1.553789 -1.033459 -2.532176

v 1.739278 -1.161094 -2.398993

v 1.329744 -1.581174 -3.200400

v 1.788947 -1.913293 -2.648418

v -1.913892 -1.988738 -2.708083

v 1.827477 -1.982518 -2.753874

v 1.827477 -1.982518 -2.753874

v 1.744412 0.473537 -1.383979

v -1.744412 0.473537 -1.383979

v 1.606461 0.468899 -1.606275

v -1.546695 0.395050 -1.598735

v 1.553789 -1.033459 -2.532176

v 2.014583 -3.036472 -2.487921

v -1.744412 0.473537 -1.383979

v -1.328407 1.819941 -0.933178

v -1.546695 0.395050 -1.598735

v -1.394844 -1.343422 -3.048051

v -1.522068 -1.022602 -2.510167

v -1.698625 -1.919415 -2.708915

v -1.325729 -5.293406 0.501458

v -1.818925 -4.679117 -0.743746

v -1.234115 -5.570670 0.546128

v -1.738183 -1.191985 -2.423216

v -1.522068 -1.022602 -2.510167

v -1.738183 -1.191985 -2.423216

v -1.700550 -1.735363 -2.755896

v -1.806837 -3.941818 -0.241417

v -1.700550 -1.735363 -2.755896

v -1.698625 -1.919415 -2.708915

v -1.913892 -1.988738 -2.708083

v 0.553720 -5.154298 0.625183

v 1.313516 -5.299860 0.338244

v 1.806750 -3.980542 -0.261374

v -1.234115 -5.570670 0.546128

v -0.601116 -5.800716 1.468274

v -1.325729 -5.293406 0.501458

v 1.840397 -4.700826 -0.678009

v -0.630141 -5.910641 1.545387

v -1.228752 -4.541962 0.457280

v 1.311300 -5.489542 0.420475

v 0.607327 -4.648844 0.493822

v 0.553720 -5.154298 0.625183

v 1.311300 -5.489542 0.420475

v 1.313516 -5.299860 0.338244

v 0.602585 -5.826455 1.532498

v -1.806837 -3.941818 -0.241417

v 1.806750 -3.980542 -0.261374

v -0.630141 -5.910641 1.545387

v 2.388633 4.268825 36.453518

v 2.167927 4.531523 36.832561

v 2.384375 4.259018 36.625622

v 1.908919 3.188562 36.856319

v 2.167927 4.531523 36.832561

v 2.173179 4.531552 36.252785

v 2.238782 3.154199 36.543346

v 2.173179 4.531552 36.252785

v 1.908921 3.188561 35.747082

v 2.384375 4.259018 35.516388

v 2.167927 4.531523 35.723328

v 1.939019 2.911445 36.637314

v 0.811973 3.142964 36.833729

v 1.924657 2.916095 36.440823

v 1.905225 3.187935 36.229832

v 0.479736 2.861204 36.590004

v 0.811973 3.142964 36.253990

v 1.939042 2.911447 35.528084

v 0.811973 3.142964 35.724495

v 0.485783 2.862962 35.478622

v -0.487181 2.863835 36.579124

v -2.167927 4.531523 36.832561

v -2.388633 4.268825 36.453518

v -2.384375 4.259018 36.625622

v -2.167927 4.531523 36.832561

v -2.173179 4.531552 36.252785

v -1.905225 3.187935 36.229832

v -2.173179 4.531552 36.252785

v 0.811973 3.142964 33.523933

v 0.485563 2.862875 33.278011

v -0.811973 3.142964 36.833729

v -1.939020 2.911446 36.637314

v -1.908920 3.188561 36.856316

v -2.238782 3.154199 36.543346

v -1.924657 2.916095 36.440823

v -0.811973 3.142965 36.253990

v 2.265196 4.946903 33.792278

v 2.173179 4.531552 35.143551

v 2.167927 4.531523 35.723328

v 2.388633 4.268825 35.344284

v 1.905531 3.188197 35.120678

v 2.173179 4.531552 35.143551

v 2.173179 4.531552 34.043270

v 2.167927 4.531523 34.623047

v 2.388633 4.268825 34.244003

v 2.384375 4.259018 34.416107

v 1.987283 3.260491 33.881298

v 1.905531 3.188198 34.020397

v 2.173179 4.531552 34.043270

v 1.908921 3.188561 34.646805

v 2.167927 4.531523 34.623047

v 2.238744 3.154143 35.434139

v 1.925002 2.916112 35.331635

v 0.811973 3.142964 35.144756

v 2.238744 3.154143 34.333858

v -0.490118 2.864481 34.370132

v 0.477075 2.860868 34.379883

v 0.811973 3.142964 34.044476

v 1.924999 2.916111 34.231354

v 1.939040 2.911447 34.427803

v 0.811973 3.142964 34.624214

v 1.960823 3.264924 33.708004

v -1.585637 0.672582 -26.306372

v -1.089625 0.588650 -26.531483

v -0.802324 0.326997 -26.313650

v -0.607295 1.359836 -26.336817

v -1.585637 0.672582 -26.306372

v -1.089625 0.588650 -26.531483

v -1.679454 0.986460 -26.181101

v -0.571942 1.615354 -26.082445

v -1.562580 1.144702 -26.441809

v -0.525548 1.292140 -26.545660

v -0.902431 11.913430 -25.171530

v -1.623665 0.536362 -25.220148

v -1.679454 0.986460 -26.181101

v -0.769961 0.306379 -25.155170

v -1.876769 1.220473 -25.224916

v -1.562580 1.144702 -26.441809

v 1.558216 11.746670 -26.868937

v 0.908162 11.925154 -25.153927

v 0.908162 11.925154 -25.153927

v 0.908162 11.925154 -25.153927

v -0.902431 11.913430 -25.171530

v -0.823378 12.107881 -25.249830

v 0.823378 12.107881 -25.249830

v 1.884663 1.911981 -26.163862

v 1.885387 1.540237 -25.093166

v 1.903718 1.479322 -26.293900

v 0.476590 2.524028 -26.371138

v 1.903718 1.479322 -26.293900

v 1.564436 1.145002 -26.441278

v 1.629744 1.452172 -26.542679

v 0.689117 0.307769 -25.188999

v -0.802324 0.326997 -26.313650

v 0.871986 0.323276 -26.331306

v -0.769961 0.306379 -25.155170

v 1.104172 0.581441 -26.618353

v -1.089625 0.588650 -26.531483

v 1.104172 0.581441 -26.618353

v 0.595445 1.314748 -26.314905

v 1.449364 0.737024 -26.366859

v 1.449364 0.737024 -26.366859

v 0.613483 1.578016 -26.108725

v 1.679454 0.986460 -26.181101

v 1.564436 1.145002 -26.441278

v 1.944529 11.605361 -25.224720

v -1.835294 11.792270 -18.061855

v -1.949315 11.618526 -25.199648

v -1.479037 12.009377 -25.259527

v -1.880178 11.097501 -25.093763

v 1.512285 0.626078 -25.169838

v 1.679454 0.986460 -26.181101

v -1.629744 1.452172 -26.542679

v -1.629744 1.452172 -26.542679

v -0.576309 2.457012 -26.355467

v -1.875813 1.513185 -26.315252

v -0.550121 2.775819 -26.034893

v -1.884663 1.911981 -26.163862

v -0.543142 1.906129 -26.546881

v -0.578551 1.873213 -26.279547

v -1.479037 12.009377 -25.259527

v -1.949315 11.618526 -25.199648

v -1.949315 11.618526 -25.199648

v -1.875813 1.513185 -26.315252

v -1.885246 1.535048 -25.093275

v -1.884663 1.911981 -26.163862

v -1.313443 12.043266 -10.170472

v -1.726606 11.859394 -10.170472

v -1.797892 11.316933 -17.926975

v 0.572875 1.872764 -26.281103

v 0.545982 1.901095 -26.542700

v 1.629744 1.452172 -26.542679

v -0.823379 12.107882 -10.170472

v -0.823378 12.107881 -25.249830

v 0.823377 12.107882 -10.170472

v 0.823378 12.107881 -25.249830

v 0.562246 2.751678 -26.060442

v 1.884663 1.911981 -26.163862

v -1.913487 -2.535053 -3.078193

v -0.000646 -4.545445 -0.818578

v -2.016260 -4.529173 -0.744950

v -2.016260 -4.529173 -0.744950

v -2.059162 -4.006375 -0.425604

v -2.059162 -4.006375 -0.425604

v 0.646930 -5.967463 1.531914

v 2.103791 -3.975470 -0.397150

v -0.675772 -5.965940 1.400985

v 0.571165 -5.895457 1.066024

v 2.014583 -3.036472 -2.487921

v 2.017151 -4.538622 -0.757961

v 0.646930 -5.967463 1.531914

v 1.395797 -5.588332 -0.006005

v 0.571165 -5.895457 1.066024

v -0.581902 -5.885301 1.025586

v 1.395797 -5.588332 -0.006005

v 1.662058 -5.123479 -1.774251

v 1.983598 -4.971108 -1.518156

v -0.581902 -5.885301 1.025586

v -1.322768 -5.611209 -0.033468

v 0.571165 -5.895457 1.066024

v 1.978039 -4.754097 -0.821307

v 2.017151 -4.538622 -0.757961

v -0.675772 -5.965940 1.400985

v -0.581902 -5.885301 1.025586

v 2.103791 -3.975470 -0.397150

v -1.322768 -5.611209 -0.033468

v -1.119080 -3.824015 -4.069524

v 0.000000 -3.759671 -4.287023

v 1.026131 -3.736323 -4.098491

v -1.459359 -2.622667 -3.259738

v -1.913487 -2.535053 -3.078193

v 1.840397 -4.700826 -0.678009

v -1.955141 -4.681020 -0.914305

v 1.978039 -4.754097 -0.821307

v 0.000000 -4.667722 -0.761661

v 1.662058 -5.123479 -1.774251

v 1.395797 -5.588332 -0.006005

v -1.818925 -4.679117 -0.743746

v -1.979025 -4.972258 -1.483298

v -1.955141 -4.681020 -0.914305

v -1.772983 -5.188831 -1.491217

v 0.062676 -0.249943 -2.845970

v 0.062676 -0.249943 -2.845970

v -1.322768 -5.611209 -0.033468

v -1.772983 -5.188831 -1.491217

v 1.816092 -4.349108 -3.459715

v 1.753781 -3.932175 -3.534727

v 1.429168 -2.551168 -3.177716

v 1.670233 -4.632684 -3.558758

v -1.459359 -2.622667 -3.259738

v 1.429168 -2.551168 -3.177716

v 1.429168 -2.551168 -3.177716

v -1.913487 -2.535053 -3.078193

v -1.745694 -3.937688 -3.640851

v 1.753781 -3.932175 -3.534727

v 1.385453 -3.739652 -3.640295

v 0.000000 -3.759671 -4.287023

v 1.385453 -3.739652 -3.640295

v 0.892123 -4.442939 -4.280977

v -1.404645 -3.762780 -3.682803

v -1.404645 -3.762780 -3.682803

v -1.815068 -4.352415 -3.451764

v -1.745694 -3.937688 -3.640851

v -0.310194 -4.421181 -4.409164

v 1.670233 -4.632684 -3.558758

v -1.649332 -4.636498 -3.573594

v -1.649332 -4.636498 -3.573594

v 0.892123 -4.442939 -4.280977

v -0.310194 -4.421181 -4.409164

v -0.310194 -4.421181 -4.409164

v 0.577245 5.871007 40.039669

v 1.364244 5.850695 40.693836

v 0.577245 5.871007 40.039669

v 1.179507 6.210820 39.488613

v 1.145146 6.221704 40.399666

v 1.179507 6.210820 39.488613

v -1.184607 6.104218 39.511612

v 0.559277 5.633498 39.543045

v 0.335059 6.284892 39.598511

v 0.796252 5.399472 42.095318

v -0.571289 5.394426 40.043503

v 1.311079 5.399046 41.742737

v 0.684042 5.427476 40.129784

v 1.364244 5.850695 40.693836

v 1.375790 5.403291 40.717903

v 1.375790 5.403291 40.717903

v 1.474280 4.734435 40.749008

v 1.140081 5.034578 40.422569

v 0.802343 4.600224 40.696346

v 1.305691 5.878022 41.758186

v 0.787822 5.866854 42.091972

v 0.802343 4.600224 40.696346

v 1.140081 5.034578 40.422569

v 0.577245 5.871007 40.039669

v 1.287043 5.333955 40.075848

v 1.112719 5.236384 40.374004

v 1.658608 5.248185 39.966679

v 0.814941 5.646818 40.193226

v 0.684042 5.427476 40.129784

v 1.112719 5.236384 40.374004

v -1.235433 5.231973 40.295994

v 0.684042 5.427476 40.129784

v 0.814941 5.646818 40.193226

v 0.019265 5.388371 40.163956

v 0.787822 5.866854 42.091972

v 0.796252 5.399472 42.095318

v 1.305691 5.878022 41.758186

v 1.311079 5.399046 41.742737

v 1.467860 4.647621 40.076271

v 1.137277 4.294306 40.720230

v 1.579726 5.073674 40.145870

v 1.474280 4.734435 40.749008

v 1.571629 5.066666 40.858055

v 1.467819 5.245590 40.006222

v 1.658608 5.248185 39.966679

v 1.677292 5.601376 39.540356

v 1.467819 5.245590 40.006222

v 1.579726 5.073674 40.145870

v 1.658608 5.248185 39.966679

v 1.179226 5.143003 39.511642

v 1.467819 5.245590 40.006222

v 1.243532 5.964660 40.097359

v 1.538131 5.635939 40.121487

v 1.412397 5.408464 40.605991

v 1.287043 5.333955 40.075848

v 1.112719 5.236384 40.374004

v 1.538131 5.635939 40.121487

v 1.608688 6.107786 40.036865

v 1.608688 6.107786 40.036865

v 1.698416 5.039447 40.835583

v 1.833000 6.132568 40.103790

v 0.537666 4.421667 39.491867

v 1.571629 5.066666 40.858055

v 1.112719 5.236384 40.374004

v 1.571629 5.066666 40.858055

v 1.412397 5.408464 40.605991

v 1.322981 5.951974 40.603790

v 1.322981 5.951974 40.603790

v 1.683888 6.237251 40.872459

v 1.833000 6.132568 40.801994

v 1.698416 5.039447 40.835583

v 1.243532 5.964660 40.097359

v 1.687824 6.153408 40.103790

v 1.319714 5.955241 40.103790

v 1.319714 5.955241 40.103790

v 1.224263 5.955241 40.303352

v 1.179226 5.143003 39.511642

v 1.833000 6.132568 40.103790

v 0.179264 4.848524 39.549080

v 1.224263 6.153408 40.303352

v 1.224263 5.955241 40.303352

v 1.224263 6.153408 40.303352

v 1.683888 6.237251 40.872459

v 1.833000 6.132568 40.801994

v -1.224263 5.344351 40.303352

v 0.019265 5.388371 40.163956

v -1.224263 5.344351 40.303352

v -1.319714 5.344351 40.103790

v 0.019265 5.388371 40.163956

v -0.571289 5.394426 40.043503

v -1.235433 5.231973 40.295994

v -0.565673 5.328756 39.536377

v -1.539388 5.645982 40.121384

v -1.406535 5.400187 40.586723

v -1.224263 5.344351 40.303352

v -1.319714 5.344351 40.103790

v -1.539388 5.645982 40.121384

v 0.179264 4.848524 39.549080

v 0.537666 4.421667 39.491867

v -1.572369 5.067425 40.859737

v -1.572369 5.067425 40.859737

v -1.406535 5.400187 40.586723

v 1.288996 4.531231 39.324211

v -1.482384 6.199720 40.191669

v -0.970649 6.983599 39.336788

v -1.692492 5.812650 39.307766

v -1.482384 6.199720 40.191669

v -1.280640 5.263670 40.079189

v -1.628131 4.874652 40.013744

v -1.628131 4.874652 40.013744

v -1.285690 4.523404 39.321426

v -1.927498 2.913768 37.548897

v -1.904991 3.187515 37.330154

v -2.183959 3.173461 37.560837

v 1.176726 4.395144 39.933666

v -2.388633 4.268825 37.553802

v -0.811973 3.142965 37.354275

v 0.013160 3.933558 39.569023

v -0.545730 2.882485 37.561779

v 2.105901 6.281922 38.442337

v 1.566532 6.705528 38.501743

v 1.678862 5.133467 38.033638

v 1.577956 6.299574 38.035141

v 1.566532 6.705528 38.501743

v 1.896367 3.153470 38.509174

v 2.105901 6.281922 38.442337

v 2.268283 4.751264 38.383232

v 1.980074 3.258819 38.289963

v 2.173179 4.531552 37.353069

v 2.167927 4.531523 37.932846

v 2.388633 4.268825 37.553802

v 2.384375 4.259018 37.725903

v 2.183959 3.173461 37.560837

v 2.167927 4.531523 37.932846

v 2.079272 3.169256 37.852627

v 1.762679 3.135353 38.305935

v 1.949703 2.908113 37.734917

v 1.828234 3.150355 37.940575

v 1.927498 2.913768 37.548897

v 0.545730 2.882485 37.561779

v 2.268283 4.751264 38.383232

v 1.904991 3.187515 37.330154

v 2.173179 4.531552 37.353069

v -2.173179 4.531552 37.353069

v 0.013160 3.933558 39.569023

v 0.811973 3.142964 37.354275

v -1.953611 2.893769 37.743240

v -2.078028 3.162573 37.852913

v -1.828561 3.149077 37.939686

v -1.895301 3.153362 38.509342

v -1.975981 3.260597 38.289379

v -2.384375 4.259018 37.725903

v -2.167927 4.531523 37.932846

v -2.275297 4.814121 38.388306

v -2.167927 4.531523 37.932846

v -1.556979 6.709268 38.497765

v -1.493237 6.523790 38.034061

v -2.109994 6.269357 38.441002

v -1.556979 6.709268 38.497765

v -1.698730 5.433802 38.035088

v -2.109994 6.269357 38.441002

v -1.256914 4.407926 38.036415

v -2.173179 4.531552 37.353069

v -2.275297 4.814121 38.388306

v 0.862692 4.143722 38.033852

v -0.049123 3.914434 38.028889

v -0.049123 3.914434 38.028889

v -1.952516 3.134138 16.623014

v -1.514417 3.046506 16.584488

v -1.764153 3.055501 16.588442

v 1.514417 3.046506 16.584488

v 1.952516 3.134138 16.623014

v 1.764153 3.055501 16.588442

v 1.764153 3.055502 20.687767

v -1.764153 3.055502 20.687767

v 1.514417 4.679973 20.216459

v 1.317563 3.045813 20.418985

v 1.341192 4.861715 20.484175

v 1.346954 6.717658 18.759377

v 1.346954 3.832071 21.956438

v 1.346954 3.832070 18.698286

v 1.346699 5.119617 17.237480

v -2.298686 4.652819 17.290684

v -1.043015 3.541937 19.015095

v -1.346954 3.832071 21.956438

v -0.885594 3.481052 21.947382

v 1.317563 3.045813 20.418985

v 1.514417 3.046507 20.204691

v 2.040027 3.232910 16.666437

v 2.004464 3.256426 23.651482

v 0.885064 3.480838 21.947178

v 1.043015 3.541937 19.015095

v 1.952516 3.134138 16.623014

v 1.764153 3.055501 16.588442

v 1.514417 3.046506 16.584488

v 1.346784 2.466967 16.047716

v 1.346954 1.406720 18.698984

v 1.043986 1.785209 19.015085

v 0.386864 3.837162 20.416443

v -0.427708 2.659732 20.409765

v -1.346954 6.717658 18.759377

v -1.346954 6.717659 22.074711

v -1.317563 3.045813 20.418985

v -0.427708 3.776843 20.409765

v -0.677496 2.659732 20.159977

v -0.802323 6.717661 22.074711

v -0.677496 2.659732 20.159977

v 1.043986 1.785209 19.015085

v 1.043015 3.541937 19.015095

v 0.839431 3.541937 19.015095

v -0.839431 3.541937 19.015095

v -1.043986 1.785209 19.015085

v -0.669184 2.684336 19.512535

v -1.346954 1.406720 18.698984

v -0.918807 3.318406 20.057144

v -0.895542 2.791688 19.848225

v -0.600838 5.008099 20.180822

v -0.895542 2.791688 19.848225

v -1.514417 3.046507 20.204691

v -2.040027 3.232910 16.666437

v -1.061193 3.268246 19.554657

v -0.681357 3.339421 19.491676

v -0.979438 2.680812 19.169256

v -0.669184 2.684336 19.512535

v -0.681357 3.339421 19.491676

v -1.061193 3.268246 19.554657

v -1.061193 3.268246 19.554657

v -1.043015 3.541937 19.015095

v -1.346954 3.832070 18.698286

v -1.043986 1.785209 19.015085

v -0.979438 2.680812 19.169256

v 1.514417 3.046507 20.204691

v 2.298686 4.652819 17.290684

v 1.514417 4.679972 17.302641

v 2.040027 3.232910 16.666437

v -1.952516 3.134138 16.623014

v -1.764153 3.055501 16.588442

v -0.830102 6.757966 18.706593

v -2.094319 6.307252 20.992804

v -1.514417 3.046506 16.584488

v -2.094319 6.307252 18.018072

v -1.514417 4.679972 17.302641

v 0.607287 5.012917 20.169195

v -0.012500 5.033066 20.484764

v -1.341192 4.861715 20.484175

v 0.839431 3.541937 19.015095

v -1.317563 3.045813 20.418985

v -0.826835 4.977767 19.149147

v -1.317563 3.045813 20.418985

v -1.514417 4.679973 20.216459

v -1.341192 4.861715 20.484175

v -1.514417 3.046507 20.204691

v -0.790186 3.639885 19.962135

v -0.839431 3.541937 19.015095

v -2.040027 3.232910 16.666437

v -1.346954 1.406720 18.698984

v 1.346954 1.406720 18.698984

v -1.662005 2.161802 -26.411514

v -1.662005 2.161802 -26.411514

v -1.860453 2.599936 -26.410316

v -0.571074 2.968842 -26.490465

v -1.860453 2.599936 -26.410316

v -0.505659 3.492242 -26.224545

v -1.884667 2.976527 -26.111427

v -1.884667 2.976527 -26.111427

v 1.806839 4.782096 -26.191534

v 0.559615 5.678007 -26.031549

v 1.822128 5.015156 -25.949768

v -1.884671 3.961106 -25.996216

v 0.081688 3.137154 -26.183205

v 0.566486 2.976920 -26.484905

v 1.668063 2.153933 -26.404799

v 0.550082 3.546810 -26.223219

v 1.799630 2.668176 -26.435688

v -1.865044 3.689702 -26.292009

v -1.663337 3.216563 -26.330759

v -0.528123 3.855463 -25.998859

v -1.663337 3.216563 -26.330759

v -0.569000 4.033617 -26.364265

v -0.545879 4.583711 -26.099371

v -1.865044 3.689702 -26.292009

v -1.884671 3.961106 -25.996216

v -0.576828 4.001032 -26.107349

v -1.677519 4.286683 -26.198189

v -1.818320 4.780839 -26.188385

v -1.677519 4.286683 -26.198189

v -1.818320 4.780839 -26.188385

v -0.665988 4.847138 -26.159323

v -0.520525 4.918458 -25.873730

v -1.764704 5.056204 -25.905260

v 0.593280 3.998085 -26.111338

v 0.532630 3.841226 -25.944639

v 0.563593 4.042590 -26.358932

v 1.814054 2.876499 -26.195354

v 1.668363 3.211319 -26.324114

v 1.799853 3.728254 -26.314148

v 0.555203 4.609517 -26.097809

v 1.677408 4.271170 -26.198765

v 0.596745 5.060825 -25.992439

v 0.563169 5.113889 -26.246031

v 0.564410 4.876593 -25.820496

v 1.807364 3.950590 -26.061369

v 1.799630 2.668176 -26.435688

v 1.668063 2.153933 -26.404799

v 1.814054 2.876499 -26.195354

v 1.807364 3.950590 -26.061369

v 1.668363 3.211319 -26.324114

v 1.799853 3.728254 -26.314148

v 1.822128 5.015156 -25.949768

v 1.806839 4.782096 -26.191534

v 1.677408 4.271170 -26.198765

v 0.561341 5.942740 -25.782618

v -0.520840 5.983030 -25.841389

v -0.534941 5.652248 -26.034815

v -1.764704 5.056204 -25.905260

v -1.849774 8.221979 -10.643195

v -2.052516 8.268429 -10.490587

v 1.688073 8.163411 -10.693777

v -1.849774 8.221979 -10.643195

v -0.917781 7.005389 -12.128914

v 0.918236 7.017337 -12.112285

v -0.892820 7.490459 -11.445411

v 0.892820 7.490459 -11.445411

v 0.918236 7.017337 -12.112285

v 0.958080 6.851930 -12.358885

v -2.096869 8.545819 -11.012655

v -2.009913 7.842282 -12.080914

v 0.892820 7.490459 -11.445411

v -1.863177 8.258147 -9.268158

v -2.097237 8.521307 -9.443596

v 2.097237 9.611611 -14.235230

v -2.097237 9.611610 -11.208425

v -2.127146 9.524940 -14.293238

v -2.097237 9.611610 -11.208425

v -2.114982 8.245000 -12.740099

v -2.127146 9.524940 -14.293238

v -0.917781 7.005389 -12.128914

v -2.108274 1.382290 -22.516216

v -1.536627 7.461746 -12.288036

v -0.892820 7.490459 -11.445411

v -1.816764 7.550964 -12.658123

v -0.958080 6.851930 -12.358885

v 2.134254 8.301263 -12.726906

v 2.097237 9.389132 -14.235230

v 2.097237 9.611611 -14.235230

v 2.097237 9.389132 -14.235230

v -2.127146 9.524940 -14.293238

v -2.097237 9.611610 -10.170466

v 1.809626 7.566591 -12.675539

v -1.735349 1.168466 -21.020195

v -0.855945 0.814705 -20.877300

v -0.988220 6.064331 -13.401582

v -0.855945 0.814705 -20.877300

v 0.855945 0.814705 -20.877300

v 1.506378 6.196053 -13.527442

v 0.855945 0.814705 -20.877300

v 1.477828 1.030639 -20.942595

v -2.145889 7.087546 -14.059734

v 1.987052 0.962399 -22.070892

v 0.957116 0.114843 -21.878914

v -0.865391 0.136869 -21.813324

v -0.865391 0.136869 -21.813324

v -1.681649 0.391591 -22.134708

v 0.957116 0.114843 -21.878914

v 0.870832 0.139726 -25.262091

v -0.868955 0.138850 -25.243059

v -1.623665 0.536362 -25.220148

v -0.868955 0.138850 -25.243059

v 1.880831 6.527144 -13.814407

v 0.870832 0.139726 -25.262091

v 0.689117 0.307769 -25.188999

v 0.971567 6.064990 -13.456126

v -2.097237 7.768309 -14.235229

v 2.097237 7.014387 -14.064940

v -1.645800 6.405068 -13.622241

v 0.870832 0.139726 -25.262091

v 0.689117 0.307769 -25.188999

v -0.769961 0.306379 -25.155170

v -0.769961 0.306379 -25.155170

v -1.623665 0.536362 -25.220148

v -0.868955 0.138850 -25.243059

v -2.685073 3.250343 8.874197

v -1.746738 1.404208 14.861616

v -2.685073 3.250344 14.424601

v -2.690436 3.939978 14.075244

v -2.398530 4.720016 12.707139

v -2.401311 3.970885 9.191916

v -2.401311 3.970885 12.630428

v -2.401311 3.970885 12.630428

v -1.757951 3.970885 9.191916

v -2.103575 3.941861 9.222968

v -2.206450 3.954575 14.232677

v -2.206450 3.954575 14.232677

v -2.397797 5.761238 9.255520

v 0.792773 3.212789 7.333829

v 0.775827 6.250106 7.007979

v 0.806354 6.720672 7.339546

v 0.775828 3.428745 7.007980

v -2.257589 6.115419 7.355554

v -1.659798 6.685129 6.924889

v -1.020510 6.717659 7.333830

v -1.020510 6.717659 6.976563

v -0.716142 4.896429 7.333830

v -0.511473 6.717660 7.333830

v -1.020510 6.717659 7.333830

v -1.020510 3.258752 7.333831

v -0.792773 3.212789 7.333829

v -0.806354 6.720672 7.339546

v -0.775827 6.250106 7.007979

v -2.395915 5.772015 7.292325

v -1.873284 6.723069 7.235563

v -1.995098 6.115882 7.333832

v -1.995098 6.115882 7.333832

v -2.257589 6.115419 7.355554

v -2.395915 5.772015 7.292325

v -1.915236 5.270800 7.334851

v -1.895348 3.792052 7.295143

v -1.873284 6.723069 7.235563

v -2.401311 3.970885 9.191916

v -2.690436 3.939977 9.223554

v -2.401311 3.832458 8.966726

v -1.757951 3.832458 8.966726

v -2.401311 3.832458 8.966726

v -2.214906 3.621665 8.889122

v -2.103575 3.941861 9.222968

v -0.775828 3.428745 7.007980

v -1.020510 3.258752 6.976563

v -0.976458 2.291216 7.333831

v -1.863299 2.445683 7.333831

v -1.020510 3.258752 7.333831

v -1.476834 3.258752 7.333831

v -1.688268 3.595735 6.933907

v -1.995097 2.455371 7.333831

v -2.401311 3.267799 7.333838

v -2.401311 3.267799 7.333838

v -2.401311 3.250343 8.827831

v -1.714231 2.558033 8.711164

v -2.401311 3.250343 8.827831

v 0.933401 3.333772 4.317043

v 0.775828 3.428745 7.007980

v 0.792773 3.212789 7.333829

v -0.806354 6.720672 7.339546

v -0.825319 6.702802 5.644703

v -0.775827 6.250106 7.007979

v 0.435512 6.527289 3.829511

v 0.424834 6.525558 4.340462

v -0.362640 6.524674 3.818792

v 0.435512 6.527289 3.829511

v -0.330815 5.002224 3.807399

v -0.429191 6.520348 3.866124

v 0.397472 4.958954 4.086927

v 0.402775 4.558362 3.887736

v 0.402775 4.558362 3.887736

v -0.398849 4.822857 4.173730

v -0.372223 4.686495 3.917946

v -0.927528 3.362497 4.319344

v -0.775828 3.428745 7.007980

v -0.792773 3.212789 7.333829

v -1.542174 3.213738 4.184938

v -1.539503 3.181968 1.560127

v -1.578820 3.162570 7.329027

v -1.542174 3.213738 4.184938

v -1.578820 3.162570 7.329027

v -0.937164 3.399619 4.005304

v -0.203701 3.525407 4.459810

v 0.233261 3.592832 4.733087

v -0.230598 3.554449 4.621286

v 0.233261 3.592832 4.733087

v -0.045897 3.591498 4.895439

v -0.045897 3.591498 4.895439

v -0.230598 3.554449 4.621286

v 0.839494 9.027533 49.228306

v 0.425649 8.905598 50.838272

v 1.045800 9.481863 50.839020

v 0.425649 8.905598 50.838272

v 0.982102 8.822451 50.834641

v 1.045800 9.481863 50.839020

v -1.452697 9.934402 49.756290

v -1.220072 9.190573 49.176643

v -1.233221 9.076464 50.876987

v -1.176690 9.779390 50.814106

v -1.233221 9.076464 50.876987

v -0.169362 8.826900 50.850628

v -1.161017 9.871619 49.065548

v -1.176690 9.779390 50.814106

v -0.858725 9.211130 49.346954

v -0.984515 9.478599 48.979290

v -1.220072 9.190573 49.176643

v -0.984515 9.478599 48.979290

v -0.858725 9.211130 49.346954

v -0.483062 8.946931 49.204704

v -0.787839 8.717373 49.202271

v 0.982102 8.822451 50.834641

v 0.839494 9.027533 49.228306

v -0.134259 8.476872 50.781227

v 0.741050 8.697956 46.759922

v 0.705808 8.681079 49.035114

v 0.705808 8.681079 49.035114

v 0.484012 8.953778 46.815990

v 0.484012 8.953778 46.815990

v -0.478182 8.956037 46.843361

v -0.737004 8.734951 46.823116

v -0.134259 8.476872 50.781227

v 0.741050 8.697956 46.759922

v -0.478182 8.956037 46.843361

v -0.000000 8.852262 46.215744

v -0.000000 8.852262 46.215744

v 0.227949 8.447073 43.167210

v -0.787839 8.717373 49.202271

v -0.737004 8.734951 46.823116

v 0.475438 8.920446 49.204712

v -0.768240 9.638757 41.020355

v -0.370744 9.199599 41.029736

v -0.000208 9.120245 41.030109

v -0.984515 9.478599 48.979290

v -1.220072 9.190573 49.176643

v -1.174220 9.116473 46.907063

v -1.174220 9.116473 46.907063

v 0.839494 9.027533 49.228306

v 0.475438 8.920446 49.204712

v -0.677681 9.170197 43.165031

v -0.941945 8.757752 43.165257

v -0.768240 9.638757 41.020355

v -1.443731 9.850222 43.166668

v 0.769589 9.157638 46.647224

v -1.033786 10.225349 43.164116

v -0.941945 8.757752 43.165257

v -0.973158 9.449604 46.837456

v -1.065785 11.045336 43.135113

v -1.443731 9.850222 43.166668

v -0.973158 9.449604 46.837456

v -0.769589 9.157638 46.647224

v -0.000208 9.120245 41.030109

v -0.370744 9.199599 41.029736

v 0.370744 9.199599 41.029736

v -0.000208 9.120245 41.030109

v 0.524335 8.943335 43.164795

v 0.227949 8.447073 43.167210

v 0.769589 9.157638 46.647224

v -0.769589 9.157638 46.647224

v -0.169362 8.826900 50.850628

v -0.483062 8.946931 49.204704

v -0.169362 8.826900 50.850628

v -1.065785 11.045336 43.135113

v -1.176690 9.779390 50.814106

v -1.351362 10.002219 50.710121

v -1.351362 10.002219 50.710121

v -0.998388 10.933154 50.838367

v -1.504483 10.095077 50.845299

v -1.504483 10.095077 50.845299

v -1.037021 10.919538 49.190201

v 1.107581 10.891649 50.839939

v 0.333315 10.996973 50.835094

v 0.736623 11.156428 49.177128

v 1.107581 10.891649 50.839939

v 0.995155 10.447478 50.838612

v 1.169797 10.686199 49.200550

v 0.333315 10.996973 50.835094

v 0.685998 10.797701 49.308887

v 0.995155 10.447478 50.838612

v -0.841817 10.781603 50.836655

v -0.106332 11.394794 50.815067

v -0.106332 11.394794 50.815067

v -0.841817 10.781603 50.836655

v -0.698983 11.167789 49.159847

v -1.226580 10.640160 46.893158

v -0.998388 10.933154 50.838367

v 0.736623 11.156428 49.177128

v 0.448629 10.911742 48.979290

v 0.685998 10.797701 49.308887

v 1.169797 10.686199 49.200550

v 0.852484 10.625659 40.866951

v 1.115476 10.072184 40.809158

v 0.993810 10.673288 40.821140

v 1.150880 9.611691 35.493610

v 0.964634 10.466955 43.105324

v 0.448629 10.911742 48.979290

v -0.714901 10.795184 49.306129

v -0.448628 10.911742 48.979290

v -0.698983 11.167789 49.159847

v -0.448628 10.911742 48.979290

v -0.714901 10.795184 49.306129

v -0.998388 10.933154 50.838367

v 1.243595 10.060811 39.571545

v 0.975581 10.683249 39.539776

v -1.037021 10.919538 49.190201

v -1.037021 10.919538 49.190201

v -1.241794 10.637357 49.064194

v 0.745852 11.131809 46.779942

v 0.475002 10.896965 46.808876

v -0.481834 10.899628 46.814610

v -0.481834 10.899628 46.814610

v 0.745852 11.131809 46.779942

v 0.475002 10.896965 46.808876

v -0.724948 11.147442 46.794765

v -0.724948 11.147442 46.794765

v 0.003637 11.089993 49.112488

v -1.241794 10.637357 49.064194

v -1.065785 11.045336 43.135113

v -0.769590 10.696816 46.647224

v -0.997145 10.933745 46.698799

v -1.226580 10.640160 46.893158

v -0.997145 10.933745 46.698799

v -0.997145 10.933745 46.698799

v -0.474097 10.579762 41.029736

v -0.769590 10.696816 46.647224

v 0.123034 11.052758 43.164726

v 0.209290 11.204672 40.725185

v 0.964634 10.466954 35.491680

v 0.341485 11.025105 43.105324

v 0.221539 11.042380 40.706379

v -0.413767 10.934795 40.801628

v -0.473929 11.051067 40.801643

v 0.299478 11.060733 35.493607

v -0.556932 10.874656 43.105324

v -0.859384 10.623346 40.779453

v 0.206800 11.190231 39.559124

v 0.316581 11.083490 39.541302

v -0.527048 10.899684 39.573654

v -0.643113 10.985772 39.559216

v -1.200031 10.277575 39.555195

v -0.527048 10.899684 39.573654

v -0.979789 10.695353 40.701836

v 0.316581 11.083490 39.541302

v -0.961424 4.752775 40.729603

v -1.309624 5.040785 40.410824

v -1.572369 5.067425 40.859737

v -1.698755 5.040079 40.834339

v -1.137308 4.294202 40.719833

v -1.280640 5.263670 40.079189

v -1.184607 6.104218 39.511612

v -1.482384 6.199720 40.191669

v -0.068447 3.797583 40.736755

v -1.470511 4.706056 40.753769

v -1.207601 4.629019 40.080345

v -0.434278 4.140501 40.801994

v -0.961424 4.752775 40.729603

v -1.470511 4.706056 40.753769

v -0.068447 3.797583 40.736755

v -0.021000 3.306375 40.801994

v -0.021000 3.306374 40.103790

v -0.488452 4.452227 39.511642

v -1.309624 5.040785 40.410824

v -1.652594 5.261477 39.942272

v -1.467860 4.647621 40.076271

v -1.228063 5.101637 39.513248

v -1.309624 5.040785 40.410824

v -1.228063 5.101637 39.513248

v -1.652594 5.261477 39.942272

v -0.558230 3.945537 40.075127

v -1.652594 5.261477 39.942272

v 1.137639 4.572540 40.199852

v 0.434278 4.140501 40.801994

v 0.472128 3.999243 40.802010

v 0.515980 3.951025 40.230751

v 0.434278 4.140501 40.103790

v 0.171949 3.966614 40.801186

v -0.068447 3.797583 40.736755

v -0.296363 4.357498 40.736858

v 0.021000 3.306375 40.801994

v 0.021000 3.306374 40.103790

v 0.195482 3.101709 40.370087

v 0.044404 4.149676 40.111656

v -0.171949 3.966614 40.801186

v -0.204251 3.982355 40.044739

v 1.137639 4.572540 40.199852

v -1.207601 4.629019 40.080345

v 0.434278 4.140501 40.103790

v 0.171889 3.966575 40.102959

v -0.488452 4.452227 39.511642

v 0.403110 3.564625 40.215889

v -0.378200 3.446728 40.534908

v 0.044404 4.149676 40.111656

v -0.021000 3.306374 40.103790

v -0.204251 3.982355 40.044739

v -0.474488 3.748450 40.352436

v 0.343242 3.823448 40.341652

v -0.296363 4.357498 40.736858

v -0.296363 4.357498 40.736858

v 0.021000 3.306374 40.103790

v -0.044383 4.149720 40.111938

v -0.488452 4.452227 39.511642

v -0.044383 4.149720 40.111938

v -0.021000 3.306374 40.103790

v 0.021000 3.306374 40.103790

v -0.195482 3.101709 40.370087

v -0.378200 3.446728 40.534908

v -0.396734 3.700899 40.631962

v -0.021000 3.306375 40.801994

v 0.021000 3.306375 40.801994

v 0.401549 3.530324 40.773891

v 0.409058 3.778347 40.634380

v 0.453174 3.352432 40.467270

v -0.378200 3.446728 40.534908

v 0.453174 3.352432 40.467270

v -0.396734 3.700899 40.631962

v 0.409058 3.778347 40.634380

v 0.453174 3.352432 40.467270

v 0.403110 3.564625 40.215889

v 0.401549 3.530324 40.773891

v 2.182704 7.670280 2.793900

v 2.018589 7.318573 3.234247

v 2.195097 7.506711 3.112185

v 2.097237 9.612464 6.384125

v 2.097237 7.256119 6.384125

v 1.566036 6.717658 -1.672901

v 2.078419 9.651135 -0.693060

v 2.074542 12.359523 -3.466775

v 1.866610 9.612110 -10.128624

v 2.089944 9.664108 -4.502386

v 1.905761 9.651117 -10.146605

v 1.883189 9.651135 -0.702891

v -1.103433 8.565244 9.861022

v -0.963534 9.635163 3.398988

v -0.946518 9.692319 9.859558

v 1.864695 7.084523 7.190862

v 1.396042 6.897326 7.126625

v 1.567377 6.719018 7.126625

v 2.075736 9.651135 0.574411

v 1.865336 10.089056 0.473033

v 1.867981 9.612464 6.384125

v 1.980976 10.018160 0.663600

v 1.869806 9.655931 7.176494

v 2.031921 10.246175 0.643212

v 2.075736 9.651138 6.384125

v 1.842638 10.310743 5.907308

v 2.075736 10.434480 6.384124

v -1.101099 8.511554 3.400438

v 2.075736 12.315656 0.417843

v 1.955154 12.724468 -1.955990

v 1.219461 14.135902 1.324640

v 1.095232 14.209497 -1.988684

v 1.956251 12.717449 2.944082

v 2.075736 12.315657 6.384124

v 1.788304 12.774423 2.932068

v 1.805460 12.774502 1.139812

v 1.565354 12.770995 0.417843

v 1.886196 12.857866 2.944082

v 2.075736 12.315656 0.417843

v 1.182367 13.727890 0.417843

v 1.565354 12.770995 0.417843

v 1.788304 12.774423 2.932068

v -1.563303 6.713944 6.895998

v 1.567377 6.719018 7.126625

v 1.396042 6.897326 7.126625

v 1.880918 10.442580 7.270289

v 1.884589 10.434479 6.398572

v 1.845138 10.054696 7.189183

v 1.990115 10.017298 6.373248

v 1.882499 9.644404 7.112095

v 1.881637 9.651138 6.384125

v -1.755561 6.796725 7.090805

v 1.566036 6.717658 -1.672901

v 1.565354 12.770996 6.755373

v 1.884589 12.486189 7.132490

v 2.036722 8.233894 3.052829

v 2.205073 8.180293 7.370802

v 2.000789 8.180292 7.371094

v -1.566036 6.717658 -1.672901

v -2.075736 12.315657 6.384124

v -2.075736 10.434480 6.384124

v -1.755561 6.796725 7.090805

v -1.563303 6.713944 6.895998

v -2.068752 10.314705 0.202530

v -1.884589 9.694053 13.186178

v -1.884578 10.434391 7.167165

v -1.863175 10.064127 7.039247

v -1.889744 9.584996 7.102434

v -1.899525 7.415555 7.126624

v -2.330202 8.201224 6.762022

v -1.691882 7.233670 7.126625

v -1.899525 7.415555 7.126624

v -1.838907 10.337841 5.891431

v -1.884589 10.434480 6.080358

v -1.992369 10.015000 6.302547

v -2.075736 9.651138 6.384125

v -1.881637 9.651138 6.384125

v -1.702641 9.572921 7.194786

v -1.867981 9.612464 5.757406

v -1.994428 9.639609 7.057539

v -1.691882 9.627969 7.126624

v -2.097237 7.416438 5.757405

v -2.097237 7.256119 5.757405

v -1.566036 6.717658 -1.672901

v -2.097237 9.612464 5.757406

v -2.330202 8.201224 6.762022

v -2.097237 7.416438 5.757405

v -1.899525 7.415555 7.126624

v -2.097237 9.612464 5.757406

v -1.994428 9.639609 7.057539

v -2.305899 9.612464 5.757406

v -1.994428 9.639609 7.057539

v -3.142230 9.612464 6.066304

v -3.060164 8.476686 6.123502

v -2.331683 8.169464 5.710817

v -3.125369 8.491562 5.757405

v -3.213947 8.505589 5.840096

v -3.060164 8.476686 6.123502

v -3.187187 9.612464 5.757406

v -2.305899 9.612464 5.757406

v -2.097237 9.612464 5.757406

v -2.075736 12.315656 0.417843

v -2.331683 8.169464 5.710817

v -3.125369 8.491562 5.757405

v -2.097237 7.416438 5.757405

v -1.897147 10.423495 0.399746

v -1.810755 10.155619 0.286745

v -1.988642 10.005025 0.648362

v -1.883189 9.651135 -0.702894

v -2.080060 12.264962 -3.305866

v -2.097237 6.945233 -2.844305

v -2.099641 6.727901 -2.698715

v -2.097237 9.611614 -10.142171

v -2.101306 8.484429 -9.385377

v -2.097615 9.610205 -2.751848

v -2.075736 9.651135 0.574411

v -2.078419 9.651135 -0.693060

v -1.871090 9.612231 -10.110613

v -2.106110 8.503069 -5.881273

v -2.096345 7.247375 -1.777701

v -2.014990 6.743420 -2.046193

v 0.479586 2.861294 29.951382

v 1.924657 2.916094 29.802103

v 0.811973 3.142963 29.615273

v 0.487486 2.863273 31.059782

v 0.811973 3.142963 30.195007

v 1.939019 2.911445 29.998596

v 1.924658 2.916095 30.911745

v 0.811973 3.142963 30.724915

v 1.938649 2.911451 31.108332

v 0.811973 3.142963 31.304649

v 1.924848 2.916116 28.692465

v 0.811973 3.142963 28.505630

v 1.905530 3.188184 28.481556

v 1.939030 2.911445 28.888954

v 0.478119 2.861573 28.840178

v 0.811973 3.142963 29.085365

v 1.908920 3.188560 29.107956

v 2.238756 3.154173 28.795010

v 1.914291 3.185097 32.204704

v 1.905225 3.187933 29.591114

v 2.238782 3.154198 29.904627

v 1.908920 3.188560 30.217598

v 1.905225 3.187934 30.700756

v 2.388633 4.268824 32.043442

v 2.167927 4.531522 32.422485

v 2.384375 4.259017 32.215546

v 2.173179 4.531551 31.842714

v 2.167927 4.531522 32.422485

v 2.238803 3.154225 32.133263

v 2.173179 4.531551 31.842714

v 2.094786 6.303713 27.372318

v 1.526966 6.730621 21.098001

v 2.388633 4.268824 30.924442

v 2.167927 4.531522 31.303484

v 2.384375 4.259017 31.096546

v 2.173179 4.531551 30.723711

v 2.388633 4.268824 29.814800

v 2.167927 4.531522 30.193842

v 2.384375 4.259017 29.986904

v 2.173179 4.531551 29.614069

v 2.167927 4.531522 31.303484

v 2.173179 4.531551 30.723711

v 2.238803 3.154229 31.014297

v 2.167927 4.531522 30.193842

v 2.173179 4.531551 29.614069

v 2.388633 4.268824 28.705158

v 2.167927 4.531521 29.084200

v 2.384375 4.259017 28.877262

v 2.173179 4.531551 28.504427

v 2.167927 4.531521 29.084200

v 2.173179 4.531551 28.504427

v 1.908581 3.188277 31.327330

v -1.261196 7.779150 16.097534

v -1.223233 9.065189 16.075422

v -2.589751 9.332039 17.902534

v -1.775615 8.941936 18.225931

v -2.592634 8.497228 18.254515

v -1.775615 8.941936 18.225931

v -0.485384 9.739766 20.422834

v -0.474288 9.777512 15.377632

v -2.591519 9.083130 20.404593

v -2.589751 9.332039 17.902534

v -2.592634 8.497228 18.254515

v -1.261196 7.779150 16.097534

v -1.223233 9.065189 16.075422

v -1.262387 8.026921 15.584804

v -2.592684 11.809159 18.365484

v -0.822240 9.744634 10.228106

v -0.822240 9.744634 10.228106

v -0.927163 9.646842 9.896016

v -0.822240 9.744634 10.228106

v -1.228314 9.575975 9.853670

v -0.485384 9.739766 20.422834

v -0.474288 9.777512 15.377632

v -0.406018 9.557644 15.477626

v -2.592679 9.713246 16.849491

v -1.747159 9.758635 16.893379

v -2.592679 9.713246 16.849491

v -1.747159 9.758635 16.893379

v -0.199055 10.193998 16.204161

v -0.778687 9.700640 16.036842

v -0.778687 9.700640 16.036842

v -0.778687 9.700640 16.036842

v -1.064921 9.783234 15.968308

v -1.034000 8.612580 16.078510

v -0.860663 9.448851 15.452703

v -1.064921 9.783234 15.968308

v -1.223233 9.065189 16.075422

v -1.746030 9.633919 16.016415

v -1.889744 9.584996 7.102434

v -1.882461 9.564649 14.241193

v -1.884589 9.694053 13.186178

v -1.168614 9.457021 15.562420

v -1.166554 9.459976 10.261031

v -0.897432 9.441449 10.473822

v -1.168614 9.457021 15.562420

v -1.166554 9.459976 10.261031

v -2.220548 9.634714 14.846974

v -2.592684 9.705050 15.290888

v -1.797191 9.443496 17.219387

v -1.884918 9.457429 17.080135

v -1.978193 8.835839 17.830219

v -1.775772 9.062968 17.834461

v -1.710309 8.501569 17.134056

v -1.775772 9.062968 17.834461

v -1.798444 7.439837 16.836842

v -0.682174 9.610958 15.147358

v -0.682174 9.610958 15.147358

v -1.482187 8.501569 17.134056

v -1.034000 8.612580 16.078510

v -1.168614 9.457021 15.562420

v -0.860663 9.448851 15.452703

v -1.168614 9.457021 15.562420

v -1.482118 9.553206 16.100258

v -1.482118 9.553206 16.100258

v 1.898053 6.717569 -2.678679

v 1.716860 6.661752 0.286172

v -1.715316 6.606915 0.290222

v -1.634948 5.765475 0.742144

v -1.664207 6.726295 -0.624206

v 1.984632 7.921550 -5.204357

v -1.342594 5.048442 -0.319625

v 0.044386 5.547588 -1.034765

v -1.715316 6.606915 0.290222

v -1.634948 5.765475 0.742144

v -1.664207 6.726295 -0.624206

v 2.103312 9.540236 -4.041953

v 2.019405 6.795300 -1.963901

v -1.770106 6.463255 -1.081899

v -1.705774 5.583426 -0.210099

v 0.044386 5.547588 -1.034765

v 1.340070 5.060116 -0.321584

v 0.021294 4.489339 -0.502471

v 0.037367 2.893838 -0.543580

v 0.021294 4.489339 -0.502471

v 0.037367 2.893838 -0.543580

v 1.703337 5.616502 -0.245049

v 1.716860 6.661752 0.286172

v 1.585048 6.687886 -0.795240

v 1.585048 6.687886 -0.795240

v 1.771330 6.462317 -1.072707

v 1.670842 6.732664 -2.677783

v 1.571079 6.092150 -1.525096

v 1.744808 6.478194 -2.817734

v 1.670842 6.732664 -2.677783

v 1.898053 6.717569 -2.678679

v 2.019405 6.795300 -1.963901

v 1.752999 6.672085 -2.717855

v 2.032883 6.807693 -2.823464

v 2.097237 6.945233 -2.844305

v -1.870623 6.804810 -3.012373

v -1.506263 6.387867 -2.860325

v -1.987939 7.994248 -5.255180

v 0.029147 6.243957 -2.905941

v 1.984632 7.921550 -5.204357

v 1.843162 6.797611 -2.999882

v -1.987939 7.994248 -5.255180

v -1.870623 6.804810 -3.012373

v -2.099641 6.727901 -2.698715

v -1.567866 6.086546 -1.519922

v -1.506263 6.387867 -2.860325

v -1.721278 6.648895 -2.757165

v 1.843162 6.797611 -2.999882

v 2.093487 7.216497 -1.778812

v 1.752999 6.672085 -2.717855

v 1.744808 6.478194 -2.817734

v -1.721278 6.648895 -2.757165

v -1.709641 6.728197 -2.648888

v 2.097237 9.611614 -10.142171

v -2.014990 6.743420 -2.046193

v -1.709641 6.728197 -2.648888

v 0.029147 6.243957 -2.905941

v 0.029147 6.243957 -2.905941

v 0.950437 3.410900 3.998205

v 1.530785 4.687666 2.719238

v 1.870565 3.252457 0.077783

v 1.771890 3.071093 3.260112

v -1.789521 3.087712 3.263670

v 2.286917 2.690762 1.730870

v 2.032775 3.321201 1.141069

v 1.730012 4.074997 0.256785

v 1.674056 3.913686 2.386529

v -1.789521 3.087712 3.263670

v 1.539599 5.943624 2.712303

v 1.539599 5.943624 2.712303

v 1.527520 6.710162 -0.338569

v 1.545641 6.144107 2.900937

v 1.622647 2.779517 -0.161141

v 1.628401 4.954218 1.637557

v 1.538096 3.192341 1.554922

v 1.728495 5.035143 1.221092

v 1.728495 5.035143 1.221092

v 1.701519 5.388488 0.984251

v -1.525939 5.903340 2.715032

v 1.701519 5.388488 0.984251

v 1.629051 4.296916 2.402581

v 1.660493 4.955264 2.090043

v 1.530785 4.687666 2.719238

v 1.660493 4.955264 2.090043

v 1.628401 4.954218 1.637557

v 1.771890 3.071093 3.260112

v 1.537869 3.216534 4.165609

v 1.629051 4.296916 2.402581

v -1.675465 3.833121 2.449307

v -1.560921 4.262770 2.378715

v -1.718940 4.906745 1.467499

v -1.651044 4.946954 1.993633

v -1.524419 4.364143 2.969658

v -1.524419 4.364143 2.969658

v -1.560921 4.262770 2.378715

v -1.651044 4.946954 1.993633

v 1.624484 2.991789 3.436455

v 1.537869 3.216534 4.165609

v 1.624484 2.991789 3.436455

v 1.581994 3.173870 7.326856

v 1.581994 3.173870 7.326856

v -1.692620 5.051925 1.113925

v -1.692620 5.051925 1.113925

v -1.527854 6.710016 -0.338561

v -1.525939 5.903340 2.715032

v -1.589354 6.209082 2.897746

v -1.589354 6.209082 2.897746

v -1.718940 4.906745 1.467499

v -0.556695 6.173872 -26.237682

v -0.594949 6.744511 -26.025175

v -1.801872 5.859274 -26.152416

v -0.602159 6.119996 -25.964766

v -1.693011 5.357667 -26.115116

v -1.679973 6.406102 -26.088314

v -1.837287 6.885980 -25.943438

v -1.806894 6.092062 -25.906780

v -0.704317 6.882303 -25.744694

v -1.806894 6.092062 -25.906780

v -1.801872 5.859274 -26.152416

v -1.679973 6.406102 -26.088314

v -1.693011 5.357667 -26.115116

v 1.787400 6.088631 -25.909119

v 1.678947 5.341692 -26.112701

v 0.549514 6.184941 -26.228420

v 1.799164 5.860084 -26.146051

v 0.593411 6.126138 -25.964676

v 0.554836 6.736534 -25.997608

v 0.529236 7.026878 -25.760622

v 1.787400 6.088631 -25.909119

v 1.684551 6.402988 -26.082970

v -0.554320 7.241733 -26.214680

v -1.837287 6.885980 -25.943438

v 0.048420 7.402412 -25.894972

v -0.536715 7.827515 -26.068848

v -1.884683 7.234713 -25.818018

v -1.707073 7.453477 -26.089130

v -1.884683 7.234713 -25.818018

v -1.707073 7.453477 -26.089130

v -0.647973 7.919081 -25.796286

v 0.551903 8.873380 -26.151859

v -1.803257 7.940748 -26.002937

v -0.568411 8.290077 -26.311441

v -1.803257 7.940748 -26.002937

v -0.550401 8.898701 -26.197971

v 0.012011 8.469754 -26.027277

v 0.560415 8.301991 -26.306982

v 0.546471 7.254451 -26.206276

v 0.556829 7.803473 -26.032019

v 1.933609 6.806993 -25.969423

v 0.533019 8.077352 -25.834124

v 1.884683 7.234713 -25.818018

v 1.709344 7.452839 -26.083664

v 1.799164 5.860084 -26.146051

v 1.678947 5.341692 -26.112701

v 1.884683 7.234713 -25.818018

v 1.933609 6.806993 -25.969423

v 1.684551 6.402988 -26.082970

v 1.709344 7.452839 -26.083664

v -1.243975 1.913424 4.141141

v -1.393775 2.064120 3.920119

v 1.316968 2.078654 5.078388

v 1.473277 2.632327 5.073596

v 1.276757 1.985890 5.096066

v 1.276757 1.985890 5.096066

v 1.316968 2.078654 5.078388

v 1.603184 2.968495 4.418089

v 1.466130 2.903148 5.072261

v 1.473277 2.632327 5.073596

v 1.603184 2.968495 4.418089

v 1.398908 2.065195 4.164357

v 1.237953 1.912944 4.240197

v -1.709825 2.960284 3.449789

v -1.870629 2.428449 2.704034

v 1.238363 1.575502 3.283051

v -1.316968 2.078654 5.078388

v 1.466130 2.903148 5.072261

v -1.492468 2.681090 5.146792

v -1.499028 2.885452 5.050915

v -1.254851 1.988030 5.130655

v -1.499028 2.885452 5.050915

v -1.492468 2.681090 5.146792

v -1.238461 1.496766 3.246413

v -1.316968 2.078654 5.078388

v -1.254851 1.988030 5.130655

v -1.726565 -0.280518 1.246209

v -2.023991 -0.381089 1.109684

v -1.411334 0.065258 2.096622

v -1.011117 -0.706544 2.806957

v -1.411334 0.065258 2.096622

v -1.520741 -0.646064 1.791053

v -0.734030 -0.488221 2.814477

v -2.023991 -0.381089 1.109684

v -1.726565 -0.280518 1.246209

v 1.760613 -0.447013 1.236214

v 1.479337 0.618668 2.239810

v 1.879372 -0.359893 1.074286

v 1.746219 0.280185 1.480602

v 1.845445 1.612640 2.047486

v -0.746902 -0.897996 2.030166

v -1.011117 -0.706544 2.806957

v -1.520741 -0.646064 1.791053

v -0.832614 -0.770006 3.032377

v -0.020444 -0.933586 3.050022

v -1.411334 0.065258 2.096622

v -0.502381 0.180617 2.479814

v 0.541680 -0.912657 2.049072

v 0.984113 -0.720627 2.839830

v 0.753559 -0.796262 3.116043

v 1.312688 0.066880 2.238301

v -0.502381 0.180617 2.479814

v 1.467512 -0.201687 2.125900

v 0.725807 -0.492651 2.819829

v 0.984113 -0.720627 2.839830

v 1.467512 -0.201687 2.125900

v 1.312688 0.066880 2.238301

v 1.312688 0.066880 2.238301

v 1.439094 -0.660558 1.835304

v 1.439094 -0.660558 1.835304

v 1.879372 -0.359893 1.074286

v 1.746219 0.280185 1.480602

v 1.845445 1.612640 2.047486

v -1.897283 1.735584 2.097260

v -1.709825 2.960284 3.449789

v -1.897283 1.735584 2.097260

v -0.509558 2.167372 7.333821

v -0.552680 2.184660 2.077564

v 0.510590 2.159502 2.092083

v -1.850914 2.283446 8.586021

v -1.215054 2.475092 1.946814

v -1.222511 2.449034 7.332365

v 2.685073 3.250343 8.874197

v 1.746738 1.404208 14.861616

v 1.746352 1.403450 8.433682

v 1.842471 2.266832 8.580839

v 1.757951 3.832458 8.966726

v 0.976458 2.291216 7.333831

v 0.716142 4.896429 7.333830

v 1.863299 2.445683 7.333831

v 1.995097 2.455371 7.333831

v 1.915197 5.270951 7.334893

v 2.401311 3.267799 7.333838

v 2.401311 3.267799 7.333838

v 2.401311 3.250343 8.827831

v 1.714231 2.558033 8.711164

v 2.401311 3.250343 8.827831

v 2.401311 3.832458 8.966726

v 2.401311 3.832458 8.966726

v 2.214906 3.621665 8.889122

v 2.395748 5.768364 7.290648

v 2.395748 5.768364 7.290648

v 2.401311 3.970885 9.191916

v 1.757951 3.970885 9.191916

v 2.103575 3.941861 9.222968

v 2.690436 3.939977 9.223554

v 2.401311 3.970885 9.191916

v 2.401311 3.970885 12.630428

v 2.103575 3.941861 9.222968

v 2.690436 3.939978 14.075244

v 1.842471 2.266832 8.580839

v 1.995097 2.455371 7.333831

v 1.400086 1.415289 8.401483

v 1.863299 2.445683 7.333831

v 1.380352 1.403449 7.333831

v 0.843478 1.964401 6.597384

v 0.976458 2.291216 7.333831

v 0.843477 1.964401 7.333831

v 1.380352 1.403449 7.333831

v 0.843477 1.964401 7.333831

v 0.843478 1.403448 7.333831

v 0.843478 1.403448 7.333831

v 0.843478 1.403448 7.333831

v 1.380352 1.403449 7.333831

v -1.746351 1.403450 8.433682

v 1.714231 2.558033 8.711164

v -1.714231 2.558033 8.711164

v -0.843477 1.964401 7.333831

v -0.976458 2.291216 7.333831

v -0.843478 1.964401 6.597384

v 1.400086 1.415289 8.401483

v -1.389508 1.409232 8.402356

v -0.843478 1.403448 7.333831

v 0.843478 1.964401 6.597384

v -1.380352 1.403449 7.333831

v -0.843477 1.964401 7.333831

v -0.843478 1.403448 7.333831

v -0.843478 1.403448 7.333831

v -1.380352 1.403449 7.333831

v -1.863299 2.445683 7.333831

v -1.389508 1.409232 8.402356

v -1.850914 2.283446 8.586021

v 1.863037 2.361619 2.664683

v -1.995097 2.455371 7.333831

v -1.380352 1.403449 7.333831

v 0.976458 2.291216 5.129632

v 1.316241 2.656112 7.333834

v 0.843477 1.964401 5.129632

v -0.843478 1.964401 6.597384

v -0.843477 1.964401 5.129632

v 2.399993 4.721342 12.708906

v 1.869847 6.674922 7.281952

v 1.977156 6.276847 7.217892

v -0.976458 2.291216 5.129632

v -0.843477 1.964401 5.129632

v 2.685073 3.250344 14.424601

v 2.401311 4.721144 15.146243

v 2.401311 3.970886 14.106882

v 2.401311 3.267800 14.931236

v 2.401311 3.832459 14.332071

v 1.760576 3.971294 14.087370

v 2.401311 3.970886 14.106882

v 2.401311 3.970885 12.630428

v 2.207923 3.953791 14.235531

v 1.757951 3.832459 14.332071

v 2.401311 3.832459 14.332071

v 2.105782 3.250344 14.424889

v 2.207923 3.953791 14.235531

v 1.212221 2.471441 1.947664

v 0.754874 2.195211 7.334526

v 1.304506 1.751917 14.778211

v -1.304506 1.751917 14.778211

v 1.304506 1.751917 14.778211

v 0.843477 1.964401 5.129632

v 1.346954 1.406713 15.679740

v 2.401311 3.250344 14.470966

v 1.083950 0.155832 17.791079

v 1.083307 1.357993 17.759527

v 2.401311 3.250344 14.470966

v 1.346784 2.466967 16.047716

v 1.346699 5.119617 17.237480

v -0.985783 1.054382 10.655076

v -1.346784 2.466967 16.047716

v -0.989214 -2.273845 10.748410

v -0.985783 1.054382 10.655076

v 0.817261 1.042562 10.700428

v 0.984527 1.052229 10.709857

v -1.089934 0.127313 10.462503

v -1.153980 0.063542 10.417663

v -1.088789 1.290878 10.420530

v -1.121642 1.331966 10.411302

v -1.088789 1.290878 10.420530

v -1.260753 1.327222 9.983129

v 1.143738 0.060544 10.398095

v -0.926955 0.083803 10.550138

v 1.081184 0.163244 10.411592

v 0.917825 0.085071 10.561870

v 1.096483 1.291682 10.432386

v -1.260753 1.327222 9.983129

v 1.247857 1.322395 9.976270

v 1.117445 1.329245 10.417177

v 1.096483 1.291682 10.432386

v -1.153980 0.063542 10.417663

v -1.165002 0.066809 17.817562

v -1.089934 0.127313 10.462503

v -0.926955 0.083803 10.550138

v -1.075593 0.138642 17.835926

v -1.088789 1.290878 10.420530

v -1.121642 1.331966 10.411302

v -1.168385 1.342323 14.900735

v 1.081184 0.163244 10.411592

v 1.116335 0.043009 17.779354

v 1.143738 0.060544 10.398095

v 0.917825 0.085071 10.561870

v 0.984201 1.054512 17.516926

v 1.096483 1.291682 10.432386

v 1.116335 0.043009 17.779354

v 0.918840 0.084526 17.672333

v 1.117445 1.329245 10.417177

v 1.247857 1.322395 9.976270

v -1.075593 0.138642 17.835926

v 1.184237 1.324759 14.832748

v -1.902115 1.725720 14.974984

v -1.795748 1.405503 14.933637

v -1.902115 1.725720 14.974984

v -1.795748 1.405503 14.933637

v -1.346954 1.406713 15.679740

v -1.080644 1.282790 14.863753

v -1.078197 1.352717 17.793892

v -0.940702 0.080533 17.712433

v -1.165002 0.066809 17.817562

v 1.083950 0.155832 17.791079

v -1.795748 1.405503 14.933637

v 1.791574 1.402447 14.935687

v 1.089378 1.288347 14.921152

v -0.940702 0.080533 17.712433

v 2.081199 2.372834 14.952626

v 1.346954 1.406713 15.679740

v 1.346954 2.458280 15.679740

v 1.346954 2.458280 15.679740

v 1.902492 1.725327 14.974608

v 1.963917 2.439533 14.666958

v 1.963917 2.439533 14.666958

v 2.081199 2.372834 14.952626

v 1.963917 2.439533 14.666958

v 1.902492 1.725327 14.974608

v 1.791574 1.402447 14.935687

v 1.791574 1.402447 14.935687

v -1.346954 2.458280 15.679740

v 1.083307 1.357993 17.759527

v -1.346954 1.406713 15.679740

v 0.918840 0.084526 17.672333

v -1.078197 1.352717 17.793892

v -2.265324 4.879132 33.810394

v -0.492752 2.865327 35.470757

v -0.811973 3.142964 34.624214

v -2.173179 4.531552 35.143551

v -2.388633 4.268825 35.344284

v -2.167927 4.531523 35.723328

v -2.384375 4.259018 35.516388

v -2.173179 4.531552 35.143551

v -2.173179 4.531552 34.043270

v -2.388633 4.268825 34.244003

v -2.167927 4.531523 34.623047

v -2.384375 4.259018 34.416107

v -2.167927 4.531523 34.623047

v -2.238744 3.154143 34.333858

v -1.905531 3.188198 34.020397

v -2.173179 4.531552 34.043270

v -0.811973 3.142964 35.724495

v -1.939039 2.911447 35.528084

v -1.924999 2.916111 35.331635

v -0.811973 3.142964 35.144756

v -1.905530 3.188198 35.120678

v -1.908921 3.188562 35.747086

v -2.238744 3.154143 35.434139

v -1.806182 3.121276 38.323147

v -1.908531 3.187121 32.862560

v -1.939043 2.911447 34.427803

v -1.925002 2.916111 34.231354

v -1.908921 3.188561 34.646801

v -0.811973 3.142964 34.044476

v -0.811973 3.142964 33.523933

v -1.982658 3.260558 33.881084

v -1.975181 3.267361 33.739697

v -2.167927 4.531523 35.723328

v -1.722115 3.135656 32.339485

v -0.492440 2.864964 33.270863

v -2.167927 4.531522 33.522766

v -2.388633 4.268824 33.143723

v -2.384375 4.259017 33.315826

v -2.173179 4.531551 32.942989

v -2.167927 4.531522 33.522766

v -1.905530 3.188198 32.920116

v -2.173179 4.531551 32.942989

v -1.939042 2.911447 33.327522

v -1.908921 3.188561 33.546520

v -1.925001 2.916111 33.131073

v -0.811973 3.142964 32.944195

v -0.811973 3.142964 32.423653

v -2.238744 3.154143 33.233578

v -1.970328 3.266243 32.553234

v 1.448567 10.016275 50.755619

v 1.448567 10.016275 50.755619

v 1.208786 9.170788 49.233540

v 1.464305 9.876601 43.167927

v 1.181157 9.108189 46.874302

v -0.727626 10.297973 41.029736

v 0.289525 10.706893 41.018963

v 0.769589 10.696816 46.647224

v 0.727626 10.297971 41.029736

v 1.184933 10.765600 43.167435

v 1.010016 10.110430 43.164070

v 0.336449 11.353560 43.166885

v 1.133552 9.899026 47.913368

v 0.974309 10.408817 49.210262

v 0.974309 10.408817 49.210262

v 0.336449 11.353560 43.166885

v 1.184933 10.765600 43.167435

v 0.977418 9.468872 49.180775

v -0.978213 10.390325 46.913712

v -0.979707 10.404653 49.219994

v -0.979707 10.404653 49.219994

v 0.974022 10.412491 46.860626

v 1.185702 10.717000 46.861679

v 0.974022 10.412491 46.860626

v 0.769589 10.696816 46.647224

v 1.185702 10.717000 46.861679

v 0.974022 10.412491 46.860626

v 1.181157 9.108189 46.874302

v 1.208786 9.170788 49.233540

v 0.977418 9.468872 49.180775

v -1.226580 10.640160 46.893158

v 0.970605 9.441734 46.854439

v -0.978213 10.390325 46.913712

v -0.978213 10.390325 46.913712

v 1.185702 10.717000 46.861679

v 0.370744 9.199599 41.029736

v 0.766705 9.632504 41.018967

v 1.166800 9.067686 43.166737

v 0.970605 9.441734 46.854439

v 1.234074 10.093464 40.790169

v -0.727626 10.297973 41.029736

v -0.474097 10.579762 41.029736

v 0.289525 10.706893 41.018963

v 0.727626 10.297971 41.029736

v 0.970605 9.441734 46.854439

v 1.181157 9.108189 46.874302

v 0.766705 9.632504 41.018967

v 1.166800 9.067686 43.166737

v 1.464305 9.876601 43.167927

v -1.925001 2.916110 24.258615

v -0.811973 3.142962 24.071741

v -0.485504 2.863920 24.394918

v -1.938674 2.911451 24.455160

v -0.811973 3.142962 24.651476

v -1.908582 3.188277 24.674156

v -2.021180 3.246569 23.645311

v -2.238765 3.154172 24.361151

v -0.811973 3.142962 25.190744

v -1.939009 2.911443 25.574066

v -2.238803 3.154223 25.480091

v -1.924504 2.916106 25.377527

v -1.905022 3.187749 25.166534

v -1.908919 3.188559 25.793070

v -0.811973 3.142962 25.770479

v -0.487592 2.863938 25.516153

v 0.475481 2.861151 24.405485

v 0.479037 2.861642 25.525471

v -1.924657 2.916094 26.487219

v -1.905224 3.187933 26.276228

v -0.811973 3.142963 26.300388

v -1.939019 2.911444 26.683712

v -2.238782 3.154197 26.589743

v -2.092828 6.306760 26.997169

v -2.167927 4.531521 26.878958

v -2.388633 4.268823 26.499916

v -2.384375 4.259017 26.672020

v -2.173179 4.531550 26.299185

v -2.167927 4.531521 26.878958

v -2.173179 4.531550 26.299185

v -2.167927 4.531521 25.769314

v -2.388633 4.268823 25.390272

v -2.384375 4.259017 25.562376

v -2.173179 4.531550 25.189541

v -2.167927 4.531520 24.650311

v -2.388633 4.268823 24.271269

v -2.384375 4.259016 24.443373

v -2.173179 4.531550 24.070538

v -2.167927 4.531521 25.769314

v -2.173179 4.531550 25.189541

v -2.167927 4.531520 24.650311

v -1.745007 3.109817 23.628231

v -2.277156 4.860779 23.785894

v -2.167927 4.531520 23.554710

v -2.388633 4.268823 23.175669

v -2.384375 4.259016 23.347773

v -2.173179 4.531550 22.974937

v -2.173179 4.531550 24.070538

v -1.909085 3.187603 23.577993

v -2.167927 4.531520 23.554710

v -1.905531 3.188196 24.047661

v -2.236664 3.151975 23.265718

v -1.929966 3.133922 22.637928

v -1.935157 2.914250 23.360966

v -0.811973 3.142962 23.555876

v -1.876150 3.154209 22.950563

v -2.173179 4.531550 22.974937

v -1.940703 2.890761 23.170630

v -1.525267 7.195285 10.610505

v -1.474049 7.178422 14.517325

v -1.755285 6.966897 10.628635

v -1.792427 7.005896 14.354774

v -1.937385 6.708342 14.893281

v -1.839972 6.453032 9.514380

v -1.994935 6.116541 13.359276

v -2.246479 6.106149 15.712829

v -2.404262 5.800932 13.090569

v -1.436335 7.136769 14.415308

v -0.511473 6.717661 14.332072

v -1.346954 6.637531 15.679736

v -0.802323 6.717658 15.679736

v -1.902627 7.351628 14.363956

v -1.601424 7.416548 14.241650

v -1.902627 7.351628 14.363956

v -1.798444 7.439837 16.836842

v -1.902627 7.351628 14.363956

v -1.875062 7.008138 14.443189

v -1.459197 7.321122 16.794113

v -1.474049 7.178422 14.517325

v -1.748348 6.941674 14.456280

v -2.033561 6.316837 16.296118

v -1.875062 7.008138 14.443189

v -1.748348 6.941674 14.456280

v -0.511473 6.717660 9.235090

v -1.346650 6.633622 17.916538

v -1.346699 5.119617 17.237480

v -1.976803 9.306437 17.063406

v -1.908358 7.063728 17.792875

v -1.459197 7.321122 16.794113

v -1.576997 6.977921 16.755301

v -1.775218 6.975025 16.836559

v -1.798444 7.439837 16.836842

v -1.346954 6.637531 15.679736

v -1.995291 6.636084 14.938855

v -1.995097 6.635251 16.114697

v -1.995097 6.635251 17.041725

v -1.346650 6.633622 17.916538

v -1.346699 5.119617 17.237480

v -1.346650 6.633622 17.916538

v -1.775218 6.975025 16.836559

v -1.775218 6.975025 16.836559

v -1.951812 6.696432 7.285830

v -1.937385 6.708342 14.893281

v -1.908243 7.187299 14.470796

v -1.775258 7.401222 14.446909

v -1.525267 7.195285 10.610505

v -1.736692 7.425291 10.588511

v -1.748348 6.941674 14.456280

v -1.601424 7.416548 14.241650

v -1.916901 7.204347 10.709204

v -1.797719 8.183223 7.212502

v -1.902627 7.351628 14.363956

v -1.256594 5.929368 40.282475

v -1.115470 10.072126 40.808796

v -1.234118 10.093509 40.789688

v -0.931226 10.430652 40.257835

v -0.996888 10.112093 40.394997

v 0.869074 6.607035 40.708988

v 0.488452 6.810683 39.511642

v 0.488452 6.810683 39.511642

v -0.532830 6.854746 39.506912

v -1.230531 6.162332 40.289497

v 1.224263 5.955241 40.303352

v -1.256594 5.929368 40.282475

v -1.230531 6.162332 40.289497

v -1.260200 5.977550 40.066608

v -1.081751 10.284173 39.510353

v 1.055914 6.979388 40.742264

v -0.898913 9.990802 40.091843

v 1.145146 6.221704 40.399666

v 1.055914 6.979388 40.742264

v -0.898913 9.990802 40.091843

v -1.658868 10.213353 40.497486

v -1.395174 10.558206 40.306377

v -1.288091 10.512097 39.986885

v -1.658868 10.213353 40.497486

v -1.288091 10.512097 39.986885

v -1.499250 10.167307 39.936584

v -1.499250 10.167307 39.936584

v 1.561836 6.299164 40.694294

v -1.499250 10.167307 39.936584

v 1.561836 6.299164 40.694294

v -1.081751 10.284173 39.510353

v -1.775127 6.210437 40.813126

v -1.838533 6.125802 40.030136

v -1.611254 7.162695 39.583595

v -1.611254 7.162695 39.583595

v -0.331749 7.394207 39.940678

v -0.237771 7.401151 40.736568

v 0.869074 6.607035 40.708988

v 0.678106 7.260868 38.033512

v 0.723194 7.241374 39.498123

v -0.237771 7.401151 40.736568

v -0.238508 6.944109 40.743183

v -1.448195 6.585744 40.752319

v -1.032165 6.385403 40.662243

v -1.032165 6.385403 40.662243

v -1.448195 6.585744 40.752319

v -1.775127 6.210437 40.813126

v -1.322981 5.951974 40.603790

v -1.775127 6.210437 40.813126

v -1.322981 5.951974 40.603790

v -1.834793 6.977455 39.883476

v -1.873527 6.270536 40.841949

v -1.873527 6.270536 40.841949

v -1.873527 6.270536 40.841949

v -1.838533 6.125802 40.030136

v -1.260200 5.977550 40.066608

v -1.256594 5.929368 40.282475

v -0.238508 6.944109 40.743183

v -0.532830 6.854746 39.506912

v -1.834793 6.977455 39.883476

v -1.838533 6.125802 40.030136

v -1.838533 6.125802 40.030136

v -1.698755 5.040079 40.834339

v -2.075432 0.016973 -0.796382

v -1.729758 1.008447 -0.851874

v -2.075432 0.016973 -0.796382

v -1.544812 1.093805 -0.847630

v -1.729758 1.008447 -0.851874

v -1.544812 1.093805 -0.847630

v -0.002362 2.100719 -0.966648

v 1.736877 1.020578 -0.891867

v 1.582061 1.093791 -0.878340

v -0.002362 2.100719 -0.966648

v 1.736877 1.020578 -0.891867

v 1.582061 1.093791 -0.878340

v 1.159054 1.839370 -0.982352

v 2.058529 0.325118 0.154943

v -1.853781 1.247417 -0.163907

v -1.648225 2.048594 -0.043521

v -1.814077 1.875235 0.116108

v -1.814077 1.875235 0.116108

v -2.045612 2.215331 1.973402

v -1.616377 2.658336 -0.155798

v -2.030142 2.421257 0.474502

v -1.853781 1.247417 -0.163907

v -1.648225 2.048594 -0.043521

v 1.844422 1.312698 0.022019

v 1.944112 1.744600 1.916091

v 1.636639 1.993736 -0.011037

v 1.946020 2.340273 0.383721

v 2.110244 2.363840 0.728302

v -2.030142 2.421257 0.474502

v 0.000000 2.265716 1.898684

v -2.253141 2.338946 1.962010

v 1.863718 1.925726 0.132241

v -1.897283 1.735584 2.097260

v -2.253141 2.338946 1.962010

v -2.045612 2.215331 1.973402

v 0.000000 2.327093 1.877480

v -2.253141 2.338946 1.962010

v 0.000000 2.327093 1.877480

v 2.037545 2.238116 1.947540

v 2.058529 0.325118 0.154943

v 1.844422 1.312698 0.022019

v 1.636639 1.993736 -0.011037

v 1.863718 1.925726 0.132241

v 1.944112 1.744600 1.916091

v 1.946020 2.340273 0.383721

v 2.110244 2.363840 0.728302

v 1.944112 1.744600 1.916091

v 2.037545 2.238116 1.947540

v 2.037545 2.238116 1.947540

v -0.283237 13.476835 3.841141

v 0.364014 13.282271 3.757179

v 0.634502 13.082521 4.572364

v 0.337360 13.155872 3.679588

v -0.642177 13.088758 8.295251

v 0.364014 13.282271 3.757179

v -0.283237 13.476835 3.841141

v -0.408463 13.198747 3.784924

v -0.756347 12.996352 33.733845

v -0.408463 13.198747 3.784924

v 1.357473 13.439748 3.085998

v 1.203546 14.043674 3.253894

v 1.219461 14.135902 1.324640

v 0.802606 13.998173 1.345103

v 1.177992 13.728165 0.775395

v 1.104028 13.783902 2.928556

v 1.485240 13.254142 2.944082

v 1.568485 13.306752 2.850412

v 1.308519 13.621362 3.067706

v 1.357473 13.439748 3.085998

v 1.568485 13.306752 2.850412

v 1.267254 12.857867 2.944082

v 1.290678 13.254142 2.944082

v 1.389680 13.552023 2.712937

v 1.373567 13.695565 2.878894

v 1.290678 13.254142 2.944082

v 1.440807 12.894985 1.058959

v 1.389680 13.552023 2.712937

v 1.373567 13.695565 2.878894

v 1.203546 14.043674 3.253894

v 1.104028 13.783902 2.928556

v 1.485240 13.254142 2.944082

v 1.267254 12.857867 2.944082

v 1.440807 12.894985 1.058959

v 0.337360 13.300501 2.139604

v -0.337360 13.300501 2.139604

v 0.337360 13.300501 2.139604

v 0.545074 13.177660 1.643808

v 1.568485 13.306752 2.850412

v 1.267254 12.857867 2.944082

v -1.355583 13.407277 3.132077

v -0.337360 13.300501 2.139604

v -0.573074 15.886750 33.634483

v -1.022524 15.630788 33.634483

v -0.754020 16.048609 33.634483

v -1.099986 15.516171 33.572674

v -0.855455 15.163108 33.634483

v -1.099986 15.516171 33.572674

v -0.855455 15.163108 33.634483

v 0.761083 17.646288 33.634068

v 0.754020 16.048609 33.634483

v -1.046868 17.251764 34.707684

v -0.753181 17.633202 33.577911

v -1.022524 17.452822 33.634483

v -1.046868 17.251764 34.707684

v -0.751030 16.026758 35.083488

v 1.022525 15.630788 33.634483

v 0.068767 16.631962 33.780972

v -0.088889 16.650028 33.840649

v -0.017640 15.973099 33.767143

v -0.754020 16.048609 33.634483

v -0.624899 15.892708 35.121868

v -0.573074 15.886750 33.634483

v -0.753181 17.633202 33.577911

v 1.076435 17.464249 33.672298

v -1.143016 15.084718 34.944836

v -0.760893 17.393215 34.716682

v -0.760893 17.393215 34.716682

v -0.753181 17.633202 33.577911

v -0.017640 15.973099 33.767143

v -0.008635 15.974086 34.865643

v 0.960525 15.207315 33.592300

v -0.031705 16.530287 34.503647

v -0.088889 16.650028 33.840649

v -0.031705 16.530287 34.503647

v -0.099587 15.630788 33.634483

v -0.017640 15.973099 33.767143

v -0.751030 16.026758 35.083488

v -0.017640 15.973099 33.767143

v -1.143016 15.084718 34.944836

v 0.573074 15.886750 33.634483

v 0.573074 15.886750 33.634483

v -0.624899 15.892708 35.121868

v -0.008635 15.974086 34.865643

v -0.855080 14.390927 33.653805

v -0.860481 14.900237 34.239388

v -0.855080 14.390927 33.653805

v -0.855455 15.163108 33.634483

v 0.752270 16.027740 35.084045

v 0.919627 15.751465 35.110859

v 0.001824 16.717348 34.363831

v 1.124653 15.545824 33.561134

v 0.752270 16.027740 35.084045

v 0.754020 16.048609 33.634483

v 0.761083 17.646288 33.634068

v 0.919627 15.751465 35.110859

v 1.141739 15.086147 34.947048

v 1.124653 15.545824 33.561134

v 1.141739 15.086147 34.947048

v 1.033209 17.264555 34.719799

v 0.768888 17.403637 34.722427

v -0.760893 17.393215 34.716682

v -0.008635 15.974086 34.865643

v 0.768888 17.403637 34.722427

v 1.033209 17.264555 34.719799

v -0.872065 14.346502 34.197121

v -0.860481 14.900237 34.239388

v 0.761083 17.646288 33.634068

v 0.768888 17.403637 34.722427

v -0.824507 14.339084 34.944317

v 2.077924 7.871385 15.864245

v 2.091837 6.360759 15.937319

v 2.377734 7.839510 15.887105

v 2.377734 7.839510 15.684522

v 2.077924 7.871385 15.864245

v 2.401072 7.879596 13.392325

v 2.000789 7.839510 13.275644

v 2.000789 8.180293 12.745150

v 2.376593 6.536827 15.686148

v 2.377734 6.461343 10.305048

v 2.205073 7.381602 7.370908

v 1.895403 7.051477 16.071938

v 2.000787 7.381602 7.371253

v 2.192358 8.068255 3.216941

v 2.116617 8.132324 3.381707

v 2.092234 7.772967 3.375198

v 2.482439 7.654246 3.293792

v 2.092234 7.772967 3.375198

v 2.482439 7.654246 3.293792

v 1.894860 9.721793 11.655533

v 1.884796 7.045587 7.175421

v 1.882499 9.644404 7.112095

v 1.894860 9.721793 11.655533

v 2.413283 8.133698 9.768809

v 2.196375 8.187244 9.536277

v 2.365264 7.380155 9.469809

v 2.090899 6.322839 10.215788

v 2.413283 8.133698 9.768809

v 2.339970 8.008842 9.544502

v 2.310761 7.565635 9.523614

v 1.567043 6.717659 7.181105

v 1.567043 6.717661 17.471661

v 2.196375 8.187244 9.536277

v 2.274150 8.049074 8.583828

v 2.310761 7.565635 9.523614

v 2.339970 8.008842 9.544502

v 2.365264 7.380155 9.469809

v 2.129113 7.375070 8.722906

v 2.274150 8.049074 8.583828

v 2.127465 8.206623 8.590872

v 2.127465 8.206623 8.590872

v 2.305451 8.022189 7.411933

v 2.000789 8.180292 7.411934

v 2.305451 8.180292 7.411933

v 2.000789 8.180292 7.411934

v 2.088113 7.405189 7.373012

v 2.000789 8.180292 7.371094

v 2.319108 7.507139 8.348678

v 2.319108 7.507139 8.348678

v 2.088113 7.405189 7.373012

v 2.129113 7.375070 8.722906

v 2.305451 7.381602 7.411933

v 2.000787 7.381602 7.371253

v 1.420511 6.931026 7.181105

v -0.491705 2.864739 29.942041

v -0.811973 3.142963 30.195007

v -0.811973 3.142963 30.724915

v -1.981447 3.149396 29.692812

v -1.939017 2.911445 29.998596

v -1.924655 2.916094 29.802103

v -0.811973 3.142963 29.615273

v -1.908920 3.188560 30.217598

v -2.238782 3.154198 29.904627

v -1.905225 3.187934 29.591114

v -1.989169 3.262689 29.455160

v -1.950094 3.271650 29.221754

v -2.388633 4.268823 27.600197

v -1.905531 3.188197 27.376587

v -2.384375 4.259017 27.772301

v -2.238744 3.154142 27.690052

v -2.173179 4.531550 27.399466

v -0.491432 2.864683 28.832481

v -2.173179 4.531550 27.399466

v -2.167927 4.531521 27.979239

v 0.811973 3.142963 27.980404

v 0.485696 2.862916 27.734394

v -0.811973 3.142963 29.085365

v -1.939028 2.911445 28.888956

v -1.924846 2.916116 28.692463

v -1.908920 3.188560 29.107956

v -2.238755 3.154173 28.795010

v -0.811973 3.142963 27.980404

v -0.811973 3.142963 28.505630

v -1.939042 2.911445 27.783993

v -1.905530 3.188184 28.481556

v -1.908920 3.188561 28.002995

v -0.492262 2.864949 27.727182

v -1.925001 2.916110 27.587543

v -0.811973 3.142963 27.400669

v -0.811973 3.142963 26.880123

v -2.388633 4.268824 28.705158

v -2.167927 4.531521 27.979239

v -2.173179 4.531551 28.504427

v -2.384375 4.259017 28.877262

v -2.253072 4.789319 29.377274

v -2.167927 4.531521 29.084200

v -2.167927 4.531522 30.193842

v -2.388633 4.268824 29.814800

v -2.384375 4.259017 29.986904

v -2.173179 4.531551 29.614069

v -2.173179 4.531551 28.504427

v -2.167927 4.531521 29.084200

v -2.167927 4.531522 30.193842

v -2.173179 4.531551 29.614069

v 0.816305 2.730526 19.046383

v 0.816507 4.999789 19.167356

v 0.677496 2.659732 20.159977

v 2.094319 6.307252 20.992804

v 1.732183 3.129771 23.587221

v -0.005804 2.814630 23.337914

v 1.828818 3.155348 22.969072

v 0.380910 2.641205 20.408949

v 1.950104 3.270386 22.969193

v 2.388633 4.268823 23.175669

v 2.235835 3.147061 23.265526

v 2.384375 4.259016 23.347773

v 2.173179 4.531550 22.974937

v 1.908941 3.188620 23.578482

v 2.167927 4.531521 23.554710

v 2.268654 4.748797 24.564846

v 2.173179 4.531550 22.974937

v 2.167927 4.531521 23.554710

v -0.044695 2.691091 19.314436

v 0.677496 2.659732 20.159977

v 1.929376 2.906553 23.173399

v 0.816305 2.730526 19.046383

v 0.302930 2.608354 19.344860

v -0.311225 2.379869 19.188881

v 0.396233 2.208734 19.060101

v 0.811973 3.142962 23.555876

v 1.939139 2.911575 23.359684

v 0.811973 3.142962 24.071741

v 1.931337 3.133979 22.655302

v 1.925001 2.916110 24.258615

v 1.905531 3.188196 24.047661

v -0.980001 -10.202314 11.815477

v 0.055197 -10.202206 11.681554

v -1.050750 -10.786559 11.821636

v -1.184177 -10.813559 11.875857

v -1.050750 -10.786559 11.821636

v -1.057844 -10.340364 11.807287

v -1.057844 -10.340364 11.807287

v -1.184718 -9.821075 16.055309

v -1.154403 -9.936694 15.088258

v -0.980001 -10.202314 11.815477

v 0.899933 -7.220664 11.259010

v 0.984322 -7.474083 11.385453

v -1.039994 -6.716764 15.738141

v -0.989214 -2.273845 10.748410

v -0.984806 -6.151481 15.460281

v -0.984177 1.054492 16.062096

v -1.040286 -7.972308 15.718954

v -1.038119 -9.790615 16.211525

v 0.984077 -3.645651 10.907359

v 0.989515 -3.608532 10.723459

v -0.950672 -6.272799 11.121128

v -0.950672 -6.272799 11.121128

v -1.041190 -9.636830 14.762796

v -1.086197 -9.357712 15.989797

v -1.116197 -9.623418 16.375870

v -1.028837 -8.362935 14.612267

v -0.987645 -8.363103 14.359025

v -0.036577 -9.923049 15.605711

v -0.252284 -9.968969 15.861746

v 0.317662 -9.977135 15.827188

v -0.094062 -9.534276 15.602077

v -0.036577 -9.923049 15.605711

v -0.207068 -10.112766 15.879512

v 0.199586 -10.060338 15.919200

v -0.057046 -10.081132 16.159990

v 0.227249 -9.607372 15.676171

v -0.094062 -9.534276 15.602077

v -0.362616 -9.531709 15.706949

v -0.207068 -10.112766 15.879512

v -0.057046 -10.081132 16.159990

v -0.090960 -9.416915 16.011730

v 0.140662 -9.523783 16.029438

v 0.199586 -10.060338 15.919200

v 0.259468 -9.439813 15.862960

v -0.090960 -9.416915 16.011730

v -0.094062 -9.534276 15.602077

v 0.259468 -9.439813 15.862960

v -0.362616 -9.531709 15.706949

v -0.057046 -10.081132 16.159990

v -0.842312 7.757724 11.005059

v -0.849957 7.760513 11.137685

v -1.385586 7.225670 12.682169

v -1.481449 7.279263 11.153577

v -1.137141 7.412899 11.221402

v -1.395370 7.541203 11.100560

v -0.931694 7.178383 12.800583

v -1.099833 7.297007 10.994865

v -0.932405 7.557014 11.088466

v -0.862706 7.279188 12.690477

v -1.212493 7.833172 12.599920

v -1.270033 7.806003 15.193647

v -0.842312 7.757724 11.005059

v -1.222572 7.670299 10.399466

v -1.289366 7.767332 10.780016

v -1.289366 7.767332 10.780016

v -1.099833 7.297007 10.994865

v -1.099833 7.297007 10.994865

v -1.289366 7.767332 10.780016

v -1.149917 7.382728 12.659460

v -0.917693 7.278252 11.099480

v -1.250273 7.024193 9.773007

v -0.865356 7.262366 11.119172

v -0.891197 7.611223 12.896635

v -1.275583 7.112724 12.773618

v -0.932405 7.557014 11.088466

v -0.917693 7.278252 11.099480

v -1.137141 7.412899 11.221402

v -0.932405 7.557014 11.088466

v -1.875676 7.068147 10.634012

v -1.802364 7.337669 10.641932

v -1.802364 7.337669 10.641932

v -1.875676 7.068147 10.634012

v -0.849957 7.760513 11.137685

v 0.175039 7.991861 1.838425

v -1.802364 7.337669 10.641932

v -1.149917 7.382728 12.659460

v -1.275583 7.112724 12.773618

v -1.388889 7.534185 12.751554

v 0.618666 8.090357 9.821937

v 1.262884 7.021997 9.798968

v 1.221750 7.519707 10.739430

v -0.931694 7.178383 12.800583

v -0.721080 7.662711 15.180665

v -0.856348 7.751737 12.731165

v -1.275583 7.112724 12.773618

v -0.891197 7.611223 12.896635

v -1.149917 7.382728 12.659460

v -1.212493 7.833172 12.599920

v 1.269389 7.553207 15.112828

v 1.262884 7.021997 9.798968

v 1.221750 7.519707 10.739430

v 1.259125 7.677371 10.387227

v -1.481449 7.279263 11.153577

v 0.638153 8.072375 10.215703

v 0.618666 8.090357 9.821937

v 0.638153 8.072375 10.215703

v 0.618666 8.090357 9.821937

v 0.638153 8.072375 10.215703

v 1.259125 7.677371 10.387227

v 1.251249 8.121749 10.215990

v 1.251249 8.121749 10.215990

v -0.865356 7.262366 11.119172

v -1.265475 7.020989 16.101255

v -1.265475 7.020989 16.101255

v -1.218145 7.631318 15.354825

v 0.658743 8.248020 24.603416

v 1.269389 7.553207 15.112828

v -1.270033 7.806003 15.193647

v -1.218145 7.631318 15.354825

v -1.270033 7.806003 15.193647

v -1.212493 7.833172 12.599920

v -0.856348 7.751737 12.731165

v 2.075736 12.315656 0.417843

v 1.182368 13.727890 -2.587033

v 1.182367 13.727890 0.417843

v 0.607753 13.230597 -2.709197

v 0.875916 13.850253 -2.493439

v -0.718609 14.041800 -2.179128

v -0.634790 13.230597 -2.709197

v -1.182368 13.727890 -2.587033

v -2.075736 12.315656 0.417843

v -1.091473 13.866451 0.386581

v -0.856739 13.078592 -2.893193

v -1.929891 12.369036 -3.356965

v 2.074542 12.359523 -3.466775

v -1.785505 12.390739 -3.477035

v -0.897666 13.912577 -2.363528

v -2.080060 12.264962 -3.305866

v -1.929891 12.369036 -3.356965

v -1.929891 12.369036 -3.356965

v -1.182368 13.727890 -2.587033

v -0.897666 13.912577 -2.363528

v -0.899893 14.827966 -1.623181

v -0.718609 14.041800 0.417843

v -0.861755 14.538256 0.889666

v -0.905525 14.943012 -0.198392

v -0.846374 12.934713 -3.110795

v 0.718609 14.041800 -2.179128

v 0.609491 13.066515 -2.950017

v -0.929775 14.272546 -1.948443

v -1.097532 14.212152 -1.963430

v 0.998106 12.973489 -3.079047

v 2.074542 12.359523 -3.466775

v 1.182368 13.727890 -2.587033

v -0.899893 14.827966 -1.623181

v 1.095232 14.209497 -1.988684

v 0.918061 14.266404 -1.996678

v 0.875916 13.850253 -2.493439

v 0.918061 14.266404 -1.996678

v 0.888071 14.811164 -1.614267

v 0.888071 14.811164 -1.614267

v 0.718609 14.041800 0.417843

v 0.852416 14.565263 0.982486

v -0.899893 14.827966 -1.623181

v 0.888071 14.811164 -1.614267

v -0.905525 14.943012 -0.198392

v 0.937888 8.938472 1.693747

v 0.891963 9.227213 24.603416

v 0.967760 8.894544 24.505404

v 0.937888 8.938472 1.693747

v 0.967760 8.894544 24.505404

v 0.658745 9.626478 24.603416

v 0.175007 9.882644 1.838424

v 0.089543 9.913737 24.603577

v 0.656282 9.678121 16.208813

v 0.726546 9.650394 16.020321

v 1.285773 9.785229 15.878948

v 0.882082 9.789671 15.737575

v 0.881858 9.789759 15.556379

v 0.726546 9.650394 16.020321

v 1.285773 9.785229 15.878948

v 0.726546 9.650394 16.020321

v 0.656282 9.678121 16.208813

v 1.285773 9.785229 15.878948

v 0.241440 9.915821 16.201406

v 0.564742 10.058680 16.200218

v 0.717953 9.659827 15.955407

v 0.536242 9.482527 1.838959

v 0.709009 9.167769 24.603416

v 1.069545 8.943521 16.040686

v 1.274674 8.493587 16.062370

v 0.639815 7.953116 16.103830

v 1.260227 8.242146 15.592300

v 1.274674 8.493587 16.062370

v 1.069545 8.943521 16.040686

v 0.639815 7.953116 16.103830

v 0.642995 8.076106 15.607356

v 1.264101 7.780138 16.099785

v 1.264101 7.780138 16.099785

v -0.003487 9.687286 14.662765

v 0.703724 9.912984 10.317457

v 1.166683 9.030693 9.801003

v 1.277957 9.795641 9.904516

v 0.033482 10.221691 10.245866

v 0.241440 9.915821 16.201406

v 0.672096 9.760178 10.257030

v 0.715470 9.661485 10.259748

v -0.155919 9.926304 10.267986

v 0.971599 8.669047 10.713170

v 0.973818 8.667712 15.251795

v 1.277856 8.666177 15.141851

v 1.279910 8.656118 10.708967

v 1.279910 8.656118 10.708967

v 1.166683 9.030693 9.801003

v 0.696641 9.727814 9.880134

v 1.277856 8.666177 15.141851

v -0.433758 9.782166 1.838712

v 0.021887 9.710196 1.839329

v 0.810552 9.482351 1.865787

v 0.811085 8.392664 1.865709

v 1.277856 8.666177 15.141851

v 0.973818 8.667712 15.251795

v 1.260227 8.242146 15.592300

v 0.642995 8.076106 15.607356

v 0.672096 9.760178 10.257030

v 1.277957 9.795641 9.904516

v 0.696641 9.727814 9.880134

v 1.277957 9.795641 9.904516

v 0.696641 9.727814 9.880134

v 1.166683 9.030693 9.801003

v 0.033482 10.221691 10.245866

v -0.155919 9.926304 10.267986

v 0.672096 9.760178 10.257030

v 0.703724 9.912984 10.317457

v 0.971055 8.684463 10.668176

v 1.279910 8.656118 10.708967

v 1.279910 8.656118 10.708967

v 0.971055 8.684463 10.668176

v 2.117949 9.610271 -11.208034

v -2.097237 9.611610 -11.208425

v 0.000000 9.612507 -11.453696

v 1.992428 8.259304 -9.274284

v -1.863177 8.258147 -9.268158

v -2.052516 8.268429 -10.490587

v 2.117949 9.610271 -11.208034

v 0.000000 9.612507 -11.453696

v 2.060805 9.613356 -10.174271

v -2.092248 11.260721 -10.148425

v -2.097237 9.651133 -10.148416

v -2.097237 9.611610 -10.170466

v 1.536627 7.461746 -12.288036

v 1.877893 7.757795 -11.990893

v 1.688073 8.163411 -10.693777

v 1.918432 8.261786 -10.519315

v 2.096747 8.499534 -11.095203

v 1.992428 8.259304 -9.274284

v 2.097237 8.521307 -9.443596

v 2.097173 9.391306 -10.028009

v 2.108131 8.479229 -5.891061

v 2.092248 11.260721 -10.148425

v 2.078024 11.490736 -6.181933

v 2.097237 9.651133 -10.148416

v -1.909238 8.260104 -9.243324

v -1.912154 8.271233 -7.158721

v -2.091208 9.672469 -4.507343

v 1.918432 8.261786 -10.519315

v -1.905287 9.655578 -10.145555

v -1.912154 8.271233 -7.158721

v -1.909238 8.260104 -9.243324

v 1.906166 8.280544 -7.143348

v 1.863177 8.258147 -9.239862

v 1.726606 11.859395 -6.751984

v 1.631390 12.232822 -4.842621

v -2.077453 11.492789 -6.186592

v -1.785505 12.390739 -3.477035

v 2.074542 12.359523 -3.466775

v 1.200585 12.098751 -6.614928

v 1.928853 12.284621 -3.450439

v 1.797892 11.316935 -6.411458

v 1.746124 11.731904 -10.148480

v -1.604091 12.173028 -4.803333

v -1.198935 12.098598 -6.765809

v -1.726606 11.859395 -6.751984

v -1.797892 11.316935 -6.411458

v 1.147014 12.101252 -10.147898

v -1.163462 12.093715 -10.148388

v -1.746014 11.728954 -10.148546

v 1.906166 8.280544 -7.143348

v 2.104272 8.477083 -9.378529

v 1.863177 8.258147 -9.239862

v -1.528533 6.741569 18.116791

v -1.528533 6.741569 18.116791

v -1.534919 6.727939 21.080755

v -1.534919 6.727939 21.080755

v 2.094319 6.307252 18.018072

v 1.525832 6.738554 18.129215

v 1.526966 6.730621 21.098001

v 0.802323 6.717661 22.074711

v 1.525832 6.738554 18.129215

v -0.267372 9.662193 20.968416

v -0.406018 9.557644 15.477626

v -0.404432 9.556877 20.240690

v -0.404432 9.556877 20.240690

v 0.389038 9.616047 24.603823

v 2.514681 7.578853 16.079235

v 1.567043 6.717661 17.471661

v 2.595152 8.964822 15.936874

v -1.258988 12.912766 34.210724

v -2.581359 11.819761 20.401411

v -1.565350 12.771001 20.083004

v -0.728723 13.138791 19.374420

v -0.337360 13.589781 20.032003

v 0.290778 13.295274 20.259155

v 0.717394 13.137102 19.375437

v 0.244678 13.149569 20.442528

v 0.337360 13.589781 20.032003

v -0.337360 13.589781 20.032003

v 0.337360 13.589781 20.032003

v 1.346954 6.717659 22.074711

v -0.404226 8.317509 20.223558

v -0.490268 8.139479 20.382601

v -0.490268 8.139479 20.382601

v -0.804410 8.351451 20.566816

v -0.222094 8.206113 21.016403

v -0.404226 8.317509 20.223558

v -0.222487 8.198961 24.602968

v 0.073908 7.959883 24.604807

v 0.230112 8.227827 24.603416

v -0.804410 8.351451 20.566816

v -0.804410 8.351451 20.566816

v -0.804780 8.727025 20.990374

v -0.935286 9.379266 20.696365

v -0.935286 9.379266 20.696365

v -0.935286 9.379266 20.696365

v -0.959544 9.438932 24.603317

v -0.230967 9.646707 24.603416

v -0.816893 8.356702 24.602070

v 2.592684 7.805123 38.508926

v 2.579869 11.821157 18.783947

v 1.566895 6.717665 38.508926

v 2.592684 9.065156 38.508926

v -0.285058 13.204748 22.175461

v -0.393830 13.275848 20.238901

v -0.393830 13.275848 20.238901

v 0.719055 13.138083 23.072786

v 0.290778 13.295274 20.259155

v 0.369529 13.284781 22.232424

v -0.285058 13.204748 22.175461

v 0.369529 13.284781 22.232424

v -0.337360 13.385232 22.382946

v -0.337360 13.385232 22.382946

v -0.725353 13.137870 23.072964

v 1.565348 12.771005 19.101887

v 2.482172 11.912630 38.233170

v -0.734604 15.301167 1.616469

v -0.734604 15.301167 1.616469

v 0.852673 15.330984 1.317403

v -0.877700 15.399245 1.837353

v -0.593815 15.346602 1.816272

v -0.877700 15.399245 1.837353

v 0.852416 14.565263 0.982486

v -0.830757 15.336112 1.322272

v -0.593815 15.346602 1.816272

v 0.649544 15.453346 1.748788

v -1.175644 14.542011 2.248508

v -1.175644 14.542011 2.248508

v 0.021406 14.657480 1.877781

v 0.884842 14.840970 0.870183

v 1.187220 14.913856 1.880885

v 0.462581 15.403144 1.868638

v -0.593815 15.346602 1.816272

v 0.939438 14.913856 1.841472

v -0.900601 14.288694 1.344306

v -0.900601 14.447003 1.344306

v -1.159030 14.426451 0.903647

v -1.136206 14.505542 1.645588

v -0.900601 14.447003 1.344306

v -0.861755 14.538256 0.889666

v 0.992486 14.313175 1.287389

v -1.187220 14.913856 1.880885

v -0.890901 14.836807 0.864547

v -0.900601 14.288694 1.344306

v -1.175644 14.542011 2.248508

v -1.187220 14.913856 1.880885

v -1.072104 14.927835 0.927149

v -1.545550 15.209718 1.302337

v -1.545550 15.209718 1.302337

v -1.475529 15.216798 1.961410

v -0.753848 14.895100 1.898353

v -1.072104 14.927835 0.927149

v -0.825754 14.571445 1.566241

v -1.201350 15.038013 1.310632

v -1.475529 15.216798 1.961410

v -1.475529 15.216798 1.961410

v -0.797906 14.568409 2.269007

v -0.877700 15.399245 1.837353

v -1.114733 15.038592 1.982359

v -1.537824 15.598498 1.287068

v -1.258631 15.206478 1.290093

v -1.475529 15.216798 1.961410

v -1.591884 15.622221 2.062699

v -1.740286 16.363056 1.302337

v -1.842225 15.576654 2.040187

v -0.576500 14.568715 1.413525

v -1.591884 15.622221 2.062699

v -0.753848 14.895100 1.898353

v -0.797906 14.568409 2.269007

v -0.576500 14.568715 2.269419

v -1.276739 14.554894 35.791393

v -1.237535 14.512609 34.967838

v -1.266565 13.881159 35.195374

v -0.781825 14.169543 35.897633

v -1.288586 13.149395 34.948738

v -1.185257 14.182006 35.935169

v -1.125011 14.289552 36.414299

v -0.830471 14.410745 36.158085

v -0.835620 14.245376 36.305492

v -1.045771 14.656817 36.016529

v -0.828270 14.102003 34.283852

v 0.656443 14.263936 36.798222

v 0.656443 14.263936 36.798222

v -0.992052 14.733716 35.006721

v -0.770807 14.068510 36.816303

v -0.692551 14.250075 36.798832

v -0.692551 14.250075 36.798832

v -0.824692 14.138406 36.970062

v -1.180707 14.466932 37.119175

v -0.824692 14.138406 36.970062

v -1.167612 14.354664 33.729824

v -1.029332 14.673906 36.856224

v -1.326053 13.877845 36.884960

v -0.531973 14.261076 34.283852

v -0.531973 14.261076 34.283852

v 0.531973 14.261076 34.283852

v -1.237535 14.512609 34.967838

v -1.326053 13.877845 36.884960

v -0.770807 14.068510 36.816303

v 0.531973 14.261076 34.283852

v 0.828270 14.102003 34.283852

v 1.939041 2.911445 27.783995

v 2.238744 3.154142 27.690052

v 1.925000 2.916111 27.587543

v 1.905531 3.188197 27.376589

v 0.811973 3.142963 27.400669

v 2.388633 4.268823 27.600197

v 2.173179 4.531550 27.399466

v 1.939017 2.911444 26.683712

v 2.238782 3.154197 26.589745

v 1.926422 3.192286 25.323530

v 1.908920 3.188559 26.902714

v 1.924656 2.916094 26.487217

v 1.905225 3.187933 26.276230

v 0.811973 3.142963 26.880123

v 0.811973 3.142962 26.300388

v 0.479523 2.861225 26.636635

v 1.939011 2.911443 25.574066

v 2.238803 3.154223 25.480091

v 1.908919 3.188558 25.793070

v 0.811973 3.142962 25.770479

v 1.924506 2.916106 25.377527

v 1.905022 3.187749 25.166534

v 0.811973 3.142962 25.190744

v 1.938674 2.911451 24.455160

v 2.238765 3.154172 24.361151

v 1.908582 3.188277 24.674156

v 0.811973 3.142962 24.651476

v 2.384375 4.259017 27.772301

v -0.491937 2.864752 26.627285

v 2.173179 4.531550 26.299185

v 2.167927 4.531521 26.878958

v 2.388633 4.268823 26.499916

v 2.384375 4.259017 26.672020

v 2.173179 4.531550 27.399466

v 2.167927 4.531521 27.979239

v 1.908921 3.188560 28.002995

v 2.167927 4.531521 27.979239

v -1.908920 3.188560 26.902714

v 2.388633 4.268823 24.271269

v 2.173179 4.531550 24.070538

v 2.384375 4.259016 24.443373

v 2.167927 4.531520 24.650311

v 2.388633 4.268823 25.390272

v 2.167927 4.531521 26.878958

v 2.384375 4.259017 25.562376

v 2.173179 4.531550 25.189541

v 2.167927 4.531521 25.769314

v 2.173179 4.531550 24.070538

v 2.167927 4.531520 24.650311

v 2.173179 4.531550 25.189541

v 2.167927 4.531521 25.769314

v 2.173179 4.531550 26.299185

v -2.388633 4.268824 30.924442

v -1.905225 3.187934 30.700756

v -2.384375 4.259017 31.096546

v -2.238803 3.154229 31.014297

v -2.173179 4.531551 30.723711

v -2.167927 4.531522 31.303484

v -2.173179 4.531551 30.723711

v -2.167927 4.531522 31.303484

v -1.924503 2.916107 32.030701

v -1.939007 2.911444 32.227238

v -2.238803 3.154224 32.133263

v -1.905021 3.187751 31.819708

v -0.811973 3.142964 31.843918

v -0.487531 2.863913 32.169445

v -0.811973 3.142963 31.304649

v -0.493914 2.865537 31.052227

v -1.908919 3.188559 32.446239

v 0.480112 2.861244 32.180367

v 1.924506 2.916107 32.030701

v 0.811973 3.142964 31.843918

v 0.811973 3.142964 32.423653

v 1.939010 2.911445 32.227238

v 0.811973 3.142964 32.944195

v 1.925000 2.916111 33.131073

v 1.939041 2.911447 33.327522

v 1.905022 3.187750 31.819708

v 1.908920 3.188558 32.446239

v -2.388633 4.268824 32.043442

v -2.384375 4.259017 32.215546

v -2.173179 4.531552 31.842714

v -2.167927 4.531522 32.422485

v -2.173179 4.531552 31.842714

v -2.167927 4.531522 32.422485

v 1.905531 3.188197 32.920116

v 2.388633 4.268824 33.143723

v 1.908921 3.188561 33.546520

v 2.173179 4.531551 32.942989

v 2.238744 3.154143 33.233578

v 2.384375 4.259017 33.315826

v 2.167927 4.531522 33.522766

v 2.173179 4.531551 32.942989

v 2.167927 4.531522 33.522766

v -1.924657 2.916095 30.911743

v -1.938647 2.911451 31.108332

v -1.908582 3.188277 31.327328

v -0.753848 14.895100 1.898353

v -0.873767 15.339314 1.847933

v 0.983330 15.215127 1.983240

v -1.475529 15.216798 1.961410

v -0.856447 15.363061 1.356998

v 0.939438 15.336112 1.351736

v 0.996425 14.951691 0.973474

v -1.258631 15.206478 1.290093

v 1.148489 15.213803 1.301740

v 0.939438 15.336112 1.841472

v 0.174245 15.319160 0.959758

v 0.946614 15.402548 1.291217

v 0.884842 14.840970 0.870183

v 0.900601 15.511113 0.797342

v -1.159030 14.426451 0.903647

v 0.900601 15.511113 0.797342

v 0.437759 15.209318 0.454506

v 1.131799 14.560970 0.854028

v 0.946614 15.402548 1.291217

v 0.888336 15.150057 0.283330

v 0.888336 15.150057 0.283330

v 0.983330 15.215127 1.983240

v -0.441988 15.321909 0.954261

v -0.913034 15.353120 0.621961

v -0.387242 15.198747 0.456551

v -0.890901 14.836807 0.864547

v -0.971371 15.383639 1.292019

v -0.830757 15.336112 1.322272

v -0.913034 15.353120 0.621961

v 0.009290 15.044715 0.055123

v 1.058226 15.038592 1.982359

v 1.481125 15.348003 2.082538

v 1.109936 15.038143 1.285763

v 1.481125 15.348003 2.082538

v 0.939438 14.913856 1.841472

v 0.939438 14.913856 1.841472

v 1.131799 14.560970 0.854028

v 1.187220 14.913856 1.880885

v 0.996425 14.951691 0.973474

v 0.852673 15.330984 1.317403

v 1.156720 14.493881 1.882790

v -0.971371 15.383639 1.292019

v 0.884064 6.651300 5.636720

v 0.806354 6.720672 7.339546

v 0.775827 6.250106 7.007979

v 1.041087 6.275663 5.427597

v 0.884064 6.651300 5.636720

v 1.041087 6.275663 5.427597

v 1.518689 6.712563 4.752055

v -1.518689 6.712563 4.752055

v 1.659741 6.684828 6.924869

v 1.020510 3.258752 6.976563

v 1.020510 6.717659 6.976563

v 1.521489 6.258909 4.541018

v 1.521489 6.258909 4.541018

v 1.545641 6.144107 2.900937

v 1.688267 3.595739 6.933906

v -0.673575 6.240745 4.885229

v -1.214024 6.493217 5.668124

v -1.518689 6.712563 4.752055

v 0.488450 6.294222 4.865031

v 0.176057 6.522256 4.897625

v 0.146900 5.061064 4.338878

v 0.615968 6.140570 3.716021

v -1.521489 6.258909 4.541018

v -2.039808 3.324378 1.139103

v -0.426797 6.529001 4.583047

v 1.476834 3.258752 7.333831

v 1.020510 3.258752 7.333831

v 1.895348 3.792052 7.295143

v -0.571472 6.099811 3.772719

v -1.732270 3.998768 0.284740

v 1.020510 3.258752 7.333831

v 1.020510 6.717659 7.333830

v 1.873453 6.722544 7.235365

v 0.511473 6.717660 7.333830

v 1.020510 6.717659 7.333830

v 1.873453 6.722544 7.235365

v 0.511473 6.717660 9.235090

v 1.869847 6.674922 7.281952

v 0.511473 6.717660 7.333830

v -1.899925 3.214586 0.080480

v 1.964622 6.239846 9.432958

v 1.977156 6.276847 7.217892

v 1.936547 6.701117 8.905646

v 1.869847 6.674922 7.281952

v 1.936547 6.701117 8.905646

v 1.668852 15.364803 1.226328

v 1.478737 15.587948 1.294623

v 1.654451 15.324507 2.028881

v 1.669137 16.696650 1.276944

v 1.477500 16.432184 1.307366

v 1.119721 16.982874 1.291965

v 1.115719 16.925560 1.951673

v 1.662113 16.662254 2.089593

v 0.462581 15.403144 1.868638

v 0.462581 15.403144 1.868638

v 0.859585 15.416755 1.924479

v -1.503985 16.586884 1.287353

v -1.541859 16.466469 2.033303

v -1.541859 16.466469 2.033303

v -1.681544 16.845156 2.005483

v -1.117549 16.805363 1.297375

v -1.208367 16.813446 2.020388

v -1.230100 16.979309 1.310587

v -1.208367 16.813446 2.020388

v -1.114721 16.981503 1.982359

v 1.115719 16.925560 1.951673

v 1.495202 16.500956 2.048194

v 1.495202 16.500956 2.048194

v 1.327419 16.814856 1.986728

v 1.327419 16.814856 1.986728

v -0.984184 -1.338032 17.556784

v -0.984176 1.054517 17.521322

v -0.982875 -5.041102 17.872658

v -0.896247 -1.280115 17.634830

v -0.895351 1.054517 17.609898

v -1.204723 1.326069 18.602259

v -1.078197 1.352717 17.793892

v -0.326517 1.272076 17.767067

v 0.028357 1.194568 18.256096

v -0.371130 0.244940 18.008669

v 0.526845 1.245312 17.687597

v 0.345306 1.223456 17.769379

v -0.429101 0.092770 18.322956

v 0.269841 0.108248 18.178276

v -0.429101 0.092770 18.322956

v -0.429101 0.092770 18.322956

v 0.269841 0.108248 18.178276

v -0.354167 0.725168 17.971449

v 0.400283 0.917656 17.994934

v -0.354167 0.725168 17.971449

v -0.552858 1.299229 17.751617

v -0.326517 1.272076 17.767067

v 0.526845 1.245312 17.687597

v -0.354167 0.725168 17.971449

v 0.400283 0.917656 17.994934

v -0.552858 1.299229 17.751617

v 0.028357 1.194568 18.256096

v -0.326517 1.272076 17.767067

v 0.345306 1.223456 17.769379

v 0.400283 0.917656 17.994934

v 1.193911 1.323823 18.531088

v 1.083307 1.357993 17.759527

v 0.345306 1.223456 17.769379

v 0.159761 1.279632 18.281282

v -0.339015 1.034986 18.161781

v -0.339015 1.034986 18.161781

v 0.456424 0.931805 18.202627

v -0.386035 0.981836 18.029793

v -0.386035 0.981836 18.029793

v 0.456424 0.931805 18.202627

v 0.971911 14.810139 10.392237

v -1.213653 14.616850 10.465257

v 0.971911 14.810139 11.009909

v 0.971911 14.810139 11.627707

v -0.971911 14.810139 12.245377

v 0.750559 13.973481 15.676426

v 0.750559 13.973480 11.978638

v -1.277044 14.263052 13.326457

v -0.885717 14.036599 18.768625

v 0.971911 14.810139 13.480844

v -1.249740 14.609050 13.416142

v 0.971911 14.810139 12.863171

v 1.277044 14.263052 13.326457

v 1.131297 14.449359 13.736127

v 1.135441 14.533789 12.863172

v 0.253119 13.957245 13.893883

v 1.131297 14.449359 13.736127

v -1.135441 14.533789 14.098641

v 0.971911 14.810139 9.156769

v -1.243258 14.681705 9.701888

v 0.971911 14.810139 9.774441

v 1.243378 14.612108 12.203054

v 1.277044 14.263053 11.473226

v 1.135441 14.533790 11.627707

v 1.135441 14.533789 12.863172

v -1.311986 14.686049 12.947226

v 1.135441 14.533790 11.009910

v 0.882959 14.036678 11.087165

v -1.135441 14.533790 12.245378

v 0.367686 13.884303 12.828254

v 0.367686 13.884303 12.828254

v -0.301954 13.889453 12.682518

v 0.337360 13.589780 12.636428

v -0.337360 13.589780 12.636428

v -0.882959 14.036678 11.087165

v -0.337360 13.973482 12.919803

v 0.337360 13.589780 12.636428

v 0.337360 13.589780 11.374310

v -0.301954 13.889453 12.682518

v -0.724778 13.969400 11.447877

v -0.337360 13.589780 12.636428

v -1.135441 14.533789 14.098641

v -1.249740 14.609050 13.416142

v -1.311986 14.686049 12.947226

v -1.135441 14.533790 12.245378

v 0.370820 14.004073 12.004337

v -0.971911 14.810139 12.245377

v -1.277397 14.264569 10.567887

v 0.337360 13.973482 9.222014

v 1.135441 14.533790 11.627707

v 1.135441 14.533790 11.009910

v -1.216190 14.616362 11.700359

v -1.268340 14.680661 10.920259

v -0.253653 13.758230 11.293242

v 0.372482 13.900213 11.130944

v -1.214745 14.614844 9.222871

v -0.253653 13.758230 11.293242

v 0.372482 13.900213 11.130944

v -0.337360 13.879057 11.085034

v 0.337360 13.589780 11.374310

v -0.337360 13.589780 8.938640

v -0.513075 13.948291 8.835190

v 0.337360 13.589780 8.938640

v -0.513075 13.948291 8.835190

v -0.337360 13.589780 8.938640

v 0.367658 13.884366 9.131232

v 0.367658 13.884366 9.131232

v 1.135441 14.533790 9.156770

v -1.214745 14.614844 9.222871

v 1.216927 14.594805 8.467836

v 1.277044 14.263053 9.620055

v 1.135441 14.533790 9.156770

v 1.111001 14.437254 10.046345

v -1.243258 14.681705 9.701888

v -1.268340 14.680661 10.920259

v -1.213653 14.616850 10.465257

v -1.216190 14.616362 11.700359

v -0.337360 13.879057 11.085034

v 0.367658 13.884366 9.131232

v -0.513075 13.948291 8.835190

v 1.111001 14.437254 10.046345

v 0.750559 13.973479 8.280849

v 0.765499 8.969430 1.714930

v 0.765236 8.901312 24.516954

v 0.547910 8.413692 24.603416

v 0.635295 8.478374 1.862300

v -1.304506 1.751917 14.778211

v -2.105782 3.250344 14.424889

v -1.967934 2.446246 14.666012

v -2.080282 2.378746 14.957295

v -1.967934 2.446246 14.666012

v -1.967934 2.446246 14.666012

v 0.048928 10.113691 3.400851

v -2.080282 2.378746 14.957295

v 0.765499 8.969430 1.714930

v 1.048508 8.596420 3.399337

v 1.048508 8.596421 9.861034

v 0.824271 8.171517 3.399295

v 1.120116 9.102897 9.860245

v 1.048508 8.596420 3.399337

v 1.111077 9.126441 3.399267

v -1.346954 2.458280 15.679740

v 0.794144 9.738901 3.399585

v 0.807176 9.714910 9.861033

v 0.110465 10.083410 9.861228

v 1.048508 8.596421 9.861034

v -2.401311 3.832459 14.332071

v -1.757951 3.832459 14.332071

v -2.401311 3.250344 14.470966

v -2.401311 3.267800 14.931236

v -2.401311 3.250344 14.470966

v -2.401311 3.832459 14.332071

v -2.058195 6.365567 16.840740

v -2.401311 3.970886 14.106882

v -2.332616 5.284399 13.044792

v -2.401311 5.698396 13.368016

v -2.401311 3.970886 14.106882

v -1.760576 3.971294 14.087370

v -2.401311 4.721144 15.146243

v -2.424806 5.589476 15.973639

v -2.278865 5.124211 15.409176

v 0.100864 8.182535 1.838446

v -2.222409 5.127696 14.146656

v -2.633657 5.148303 14.132309

v -2.633657 5.148303 14.132309

v -2.222409 5.127696 14.146656

v -2.264233 5.732591 15.138416

v -2.695979 5.329143 14.270636

v -2.360935 5.718498 14.227006

v -2.347425 5.093856 15.467605

v -2.673371 5.260983 15.423015

v -2.601499 5.635830 15.147814

v -2.216769 5.665595 15.207307

v -2.673371 5.260983 15.423015

v -2.347425 5.093856 15.467605

v 0.765236 8.901312 24.516954

v -2.412671 5.793190 15.322754

v -1.346784 2.466967 16.047716

v 2.403054 5.801330 13.060022

v 2.246422 6.106164 15.712877

v 1.960612 6.712673 15.047338

v 2.634202 5.149473 14.131456

v 2.672156 5.265032 15.425992

v 2.273944 5.122484 15.414192

v 2.601506 5.636050 15.146878

v 2.345098 5.092865 15.469562

v 2.412920 5.793475 15.321101

v 2.696256 5.328828 14.269782

v 2.264211 5.732603 15.138351

v 2.672156 5.265032 15.425992

v 2.216748 5.665253 15.207161

v 2.345098 5.092865 15.469562

v 2.360190 5.718372 14.226217

v 2.422971 5.586936 15.974015

v 1.994935 6.116541 13.359275

v 2.031696 6.317093 16.297464

v 1.960612 6.712673 15.047338

v 2.376026 6.291645 10.224489

v 2.377734 6.293712 15.451992

v 2.058590 6.365856 16.841219

v 2.000789 6.293712 15.451989

v 2.401311 5.698396 13.368016

v 0.511473 6.717661 14.332065

v 0.802323 6.717658 15.679736

v 1.346954 6.637531 15.679736

v 1.346954 6.637531 15.679736

v 1.995097 6.635251 16.114697

v 0.830136 6.758014 18.706818

v 1.995097 6.635251 17.041725

v 1.346650 6.633622 17.916538

v 1.346650 6.633622 17.916538

v 1.346650 6.633622 17.916538

v 2.634202 5.149473 14.131456

v 2.222317 5.127969 14.145931

v 2.222317 5.127969 14.145931

v 2.320798 5.292088 13.055913

v 2.090899 6.322839 10.215788

v 2.257571 6.115445 7.355955

v 2.403378 5.765785 9.256017

v 2.257571 6.115445 7.355955

v -1.788325 12.774216 2.931204

v -1.805502 12.774494 1.139843

v -1.956250 12.717449 2.944082

v -1.565354 12.770995 0.417843

v -1.886196 12.857866 2.944082

v -1.788325 12.774216 2.931204

v 0.517436 13.969928 1.788679

v 0.473045 13.857590 1.497722

v 0.735549 14.025248 1.028745

v -0.903082 14.172774 1.363378

v -1.485240 13.254142 2.944082

v -1.955232 12.724161 -1.956308

v -1.091473 13.866451 0.386581

v -1.224821 14.054092 3.136331

v -1.218825 14.138339 1.317195

v -0.170860 14.091497 1.067652

v -1.355571 14.069448 0.907073

v -1.097532 14.212152 -1.963430

v -0.929775 14.272546 -1.948443

v -2.075736 12.315656 0.417843

v -1.565354 12.770995 0.417843

v -1.355571 14.069448 0.907073

v -1.302145 14.249063 0.806980

v -0.178341 14.091846 0.887746

v -0.188371 14.298801 0.809563

v -0.903082 14.172774 1.363378

v -1.177992 13.728165 0.775395

v -1.565354 12.770996 6.755373

v -0.903082 14.172774 1.363378

v -1.346631 14.384839 1.065079

v -0.170860 14.091497 1.067652

v -1.346631 14.384839 1.065079

v -1.355571 14.069448 0.907073

v -0.178341 14.325983 1.022931

v -1.136206 14.505542 1.645588

v 0.802606 13.998173 1.345103

v 0.947763 14.192019 1.317062

v 1.219461 14.135902 1.324640

v 1.291294 14.359150 0.912985

v 1.312540 14.206771 1.155519

v 1.367949 14.157538 0.820917

v 0.178341 14.208915 1.090514

v 0.171082 14.052505 0.911549

v 1.312540 14.206771 1.155519

v 0.947763 14.192019 1.317062

v 0.992486 14.313175 1.287389

v 0.187397 14.380469 0.962744

v 1.367949 14.157538 0.820917

v 0.178341 14.208915 0.820161

v 0.171082 14.052505 0.911549

v 1.367949 14.157538 0.820917

v 0.668844 13.878273 0.417843

v -1.566895 6.717665 38.508926

v -2.592684 7.805123 38.508926

v 1.566895 6.717665 38.508926

v -1.566895 6.717665 38.508926

v -0.698243 7.781291 17.905790

v -1.262183 7.753127 18.909452

v -0.694281 7.755364 18.909618

v -1.272160 7.766047 17.902534

v -0.694281 7.755364 18.909618

v -1.262183 7.753127 18.909452

v -0.705412 7.408930 18.911905

v -0.705412 7.408930 18.911905

v -0.698243 7.781291 17.905790

v -0.694281 7.755364 18.909618

v -1.257339 7.417603 18.911905

v -0.705412 7.408930 18.911905

v -1.257339 7.417603 18.911905

v -1.272160 7.766047 17.902534

v -2.586943 7.750175 18.262356

v -1.845209 7.000110 17.991220

v -2.586943 7.750175 18.262356

v -1.756299 6.982364 18.217352

v -1.567035 6.717662 19.549686

v -1.756299 6.982364 18.217352

v -1.756299 6.982364 18.217352

v -1.567035 6.717662 19.549686

v -1.700044 6.852872 18.101534

v -1.700044 6.852872 18.101534

v -1.874860 7.007851 17.898096

v -0.505701 7.845277 16.083445

v 1.253420 7.771485 16.737114

v -0.252592 7.859498 15.541062

v 1.265030 7.024278 16.741451

v 1.253420 7.771485 16.737114

v 0.642995 8.076106 15.607356

v -0.505701 7.845277 16.083445

v 0.639815 7.953116 16.103830

v -0.252592 7.859498 15.541062

v -0.766676 7.793350 16.845228

v -0.688011 7.034832 16.763510

v 1.253420 7.771485 16.737114

v 1.265030 7.024278 16.741451

v -0.692909 7.864810 17.774378

v -1.269486 8.107491 17.729118

v -0.707064 8.304245 17.788498

v -1.301680 7.883522 17.775883

v -0.692909 7.864810 17.774378

v -0.692909 7.864810 17.774378

v -0.766676 7.793350 16.845228

v -1.301680 7.883522 17.775883

v -1.301680 7.883522 17.775883

v -1.264116 7.873114 16.913057

v -0.878286 8.468082 16.847780

v -0.707025 8.304243 16.945122

v -0.707025 8.304243 16.945122

v -0.878286 8.468082 16.847780

v -0.766676 7.793350 16.845228

v -1.264116 7.873114 16.913057

v -0.766676 7.793350 16.845228

v -1.264116 7.873114 16.913057

v -1.224204 7.185189 17.415230

v -0.755685 7.267465 17.421228

v -1.224204 7.185189 17.415230

v -0.688011 7.034832 16.763510

v -0.755685 7.267465 17.421228

v -1.845209 7.000110 17.991220

v -1.775218 6.975025 16.836559

v -1.710309 7.002534 17.134058

v -1.482187 7.002534 17.134058

v -0.766676 7.793350 16.845228

v -1.264116 7.873114 16.913057

v -0.688449 8.274712 15.156388

v -0.605260 8.159693 1.838851

v -1.706684 9.554737 13.154154

v 1.230295 7.737637 15.488008

v -1.168614 9.457021 15.562420

v -0.466512 8.093167 15.241117

v 1.382635 6.997454 7.330785

v -1.482187 7.002534 17.134058

v 1.382635 7.002535 19.781609

v -0.688449 8.274712 15.156388

v -1.262387 8.026921 15.584804

v -0.913813 8.311100 15.460904

v -1.482187 7.002535 19.781609

v -1.706684 9.554737 13.154154

v -1.699655 9.557763 7.330785

v -1.471533 9.557763 7.330785

v -1.699655 9.557763 7.330785

v -0.865909 9.348707 1.838356

v -0.980087 8.952457 14.969423

v -0.682174 9.610958 15.147358

v -0.219189 8.203863 14.677110

v -0.405390 8.321526 15.190870

v 1.230295 7.737637 15.488008

v -0.405390 8.321526 15.190870

v -0.980087 8.952457 14.969423

v -0.684012 8.644632 14.866961

v -0.734795 9.275920 14.701417

v -0.684012 8.644632 14.866961

v -0.937596 8.757812 1.838796

v -1.482118 9.553206 16.100258

v 1.393288 9.557763 7.330785

v 1.382704 9.553206 19.781597

v -0.466512 8.093167 15.241117

v -1.471533 9.557763 7.330785

v -0.921355 8.381843 9.779887

v -0.927163 9.646842 9.896016

v -1.228314 9.575975 9.853670

v -0.927163 9.646842 9.896016

v -0.921355 8.381843 9.779887

v -1.054702 8.317200 10.359338

v -1.166554 9.459976 10.261031

v -0.897432 9.441449 10.473822

v -1.166554 9.459976 10.261031

v -0.897432 9.441449 10.473822

v -1.228314 9.575975 9.853670

v -1.166554 9.459976 10.261031

v -0.980087 8.952457 14.969423

v -0.684012 8.644632 14.866961

v -1.482118 9.553206 19.781597

v -0.913813 8.311100 15.460904

v 1.184718 -9.821076 16.055307

v 1.031062 -9.880314 15.856781

v 1.153409 -9.937102 15.085831

v 0.317662 -9.977135 15.827188

v 1.196368 -9.654325 16.330366

v 1.075664 -9.346702 16.002661

v 0.040076 -9.953424 15.894118

v -0.252284 -9.968969 15.861746

v -0.684562 -9.363490 18.225842

v 0.040076 -9.953424 15.894118

v 0.702052 -9.352532 18.273733

v 0.040076 -9.953424 15.894118

v -0.877041 -8.813717 18.667089

v 0.117595 -10.090714 15.686545

v 0.989236 -9.094524 18.712748

v -0.018109 -9.223190 18.323778

v 0.885891 -8.854020 18.673094

v -0.036577 -9.923049 15.605711

v -0.795128 -9.132615 18.578718

v 0.987432 -8.363085 14.357991

v 1.029570 -8.363052 14.612377

v 1.055217 -9.633351 14.764766

v 0.978596 -10.208684 11.944978

v -0.036577 -9.923049 15.605711

v 1.035372 -10.794353 11.902787

v 1.064177 -10.334002 11.887589

v 1.184177 -10.698031 11.848579

v 0.989236 -9.094524 18.712748

v 1.184177 -10.813559 11.875857

v 1.035372 -10.794353 11.902787

v -0.018109 -9.223190 18.323778

v 0.989236 -9.094524 18.712748

v -0.795128 -9.132615 18.578718

v -0.018109 -9.223190 18.323778

v 0.002829 -10.842981 11.780790

v 0.002829 -10.842981 11.780790

v 0.002829 -10.842981 11.780790

v -0.001979 -9.409447 18.284462

v -0.001979 -9.409447 18.284462

v -1.050750 -10.786559 11.821636

v -1.003366 -9.150813 18.681227

v -0.795128 -9.132615 18.578718

v 1.123359 14.459925 37.143147

v 1.037470 14.718970 36.838528

v 1.211060 13.937418 36.845909

v 1.211060 13.937418 36.845909

v 0.841958 14.118893 36.945442

v 0.841958 14.118893 36.945442

v 1.125011 14.289552 36.414299

v 0.837940 14.246131 36.305771

v 0.806964 14.437280 36.161449

v 1.085587 13.871199 36.058090

v 1.099769 13.789800 37.051666

v 1.206622 13.151868 37.158947

v 1.099769 13.789800 37.051666

v 0.773540 13.723123 37.156998

v 1.085587 13.871199 36.058090

v 0.797960 13.132922 37.063454

v 1.269560 14.550078 35.806271

v 1.040101 14.678441 36.047333

v 1.249565 14.127376 35.837505

v 0.786330 14.163688 35.847382

v 1.098741 14.200548 35.598606

v 1.267350 13.883589 35.195534

v 1.206622 13.151868 37.158947

v 1.175131 13.668059 35.594891

v 1.098741 14.200548 35.598606

v 0.772738 13.640587 35.168247

v 1.146466 13.223459 35.206329

v 0.913314 13.432306 35.650185

v 1.146466 13.223459 35.206329

v 0.797960 13.132922 37.063454

v 1.206622 13.151868 37.158947

v 1.196627 12.965540 35.841137

v 0.832781 13.260063 36.128365

v 1.196627 12.965540 35.841137

v 0.832781 13.260063 36.128365

v 0.913314 13.432306 35.650185

v 0.772738 13.640587 35.168247

v 1.146466 13.223459 35.206329

v 0.775351 12.935978 35.488235

v 1.291575 13.101883 35.762001

v 1.175131 13.668059 35.594891

v -1.241727 13.066836 35.934643

v 1.291575 13.101883 35.762001

v -1.087708 14.190708 35.588230

v 1.177651 13.892506 36.054672

v -1.164325 13.890591 35.856709

v -1.183734 13.768118 36.240040

v -1.239487 13.812021 35.888493

v -1.183734 13.768118 36.240040

v -1.212836 13.317124 36.390465

v -1.171947 13.418577 35.510723

v -0.777373 13.657377 35.167099

v -1.151152 13.236290 35.232269

v -1.087708 14.190708 35.588230

v -1.068928 13.662099 37.179100

v -1.068928 13.662099 37.179100

v -1.212836 13.317124 36.390465

v 1.185046 13.132386 36.268265

v 1.081983 13.721150 36.375324

v -1.171947 13.418577 35.510723

v 1.196627 12.965540 35.841137

v 1.291575 13.101883 35.762001

v 1.185046 13.132386 36.268265

v 1.081983 13.721150 36.375324

v -1.204672 12.996491 35.838848

v -1.204672 12.996491 35.838848

v -1.241727 13.066836 35.934643

v -1.241727 13.066836 35.934643

v -1.075645 13.146300 37.032669

v -1.075645 13.146300 37.032669

v -1.151152 13.236290 35.232269

v -0.773567 12.936801 35.487129

v -1.151152 13.236290 35.232269

v -0.777373 13.657377 35.167099

v -0.802913 13.131494 37.066856

v -0.802913 13.131494 37.066856

v -1.075645 13.146300 37.032669

v -1.355195 5.402888 40.679642

v -0.749157 5.584631 40.143936

v -0.688079 5.839264 40.146725

v -0.749157 5.584631 40.143936

v -1.355195 5.402888 40.679642

v 2.592684 9.065156 38.508926

v 2.481202 10.785165 38.451252

v -0.556932 10.874655 35.491680

v 2.592684 7.805123 38.508926

v 1.566895 6.717665 38.508926

v 1.115370 9.569275 43.105324

v 0.556931 8.945387 35.491680

v -1.364933 5.850695 40.695263

v 2.194781 11.783947 38.508923

v 1.384108 12.559605 38.508923

v 2.194781 11.783947 38.508923

v 2.481202 10.785165 38.451252

v 1.565348 12.771012 38.204823

v 1.384108 12.559605 38.508923

v -1.565348 12.771012 38.204823

v -1.384109 12.559605 38.508923

v -1.384109 12.559605 38.508923

v -2.488416 10.865948 38.457054

v -1.315955 5.861788 41.729370

v -1.296072 5.380768 41.805607

v -2.194781 11.783947 38.508923

v -2.194781 11.783947 38.508923

v -2.482172 11.912630 38.233170

v -2.488416 10.865948 38.457054

v -1.157810 10.116479 35.491482

v 0.556931 8.945388 43.105324

v -0.000000 8.796158 35.491680

v -0.000000 8.796159 43.105324

v -0.796160 9.057718 35.491680

v -0.000000 8.796158 35.491680

v -2.592684 9.065156 38.508926

v -1.172702 10.176154 43.103775

v -2.592684 9.065156 38.508926

v -1.364933 5.850695 40.695263

v -1.315955 5.861788 41.729370

v -2.592684 7.805123 38.508926

v -0.847754 9.076455 43.103378

v -1.566895 6.717665 38.508926

v -0.623562 7.221147 38.035133

v -0.749157 5.584631 40.143936

v -0.491928 6.233520 39.581722

v 1.790627 6.988121 40.792370

v 1.833000 6.132568 40.801994

v 1.824591 7.036155 39.879360

v 1.683888 6.237251 40.872459

v 1.824591 7.036155 39.879360

v 1.634270 7.026700 40.804375

v 1.687824 6.153408 40.103790

v 1.833000 6.132568 40.103790

v 1.687824 6.153408 40.103790

v -0.796253 5.863440 42.095318

v -0.723374 5.398134 42.094563

v -0.796253 5.863440 42.095318

v -0.723374 5.398134 42.094563

v -1.296072 5.380768 41.805607

v -0.688079 5.839264 40.146725

v -0.688079 5.839264 40.146725

v -0.000000 8.796159 43.105324

v 1.104024 10.209045 39.536285

v 1.104024 10.209045 39.536285

v 0.793311 9.993060 40.041340

v 0.793311 9.993060 40.041340

v 1.350246 10.048704 40.439228

v 1.403650 10.702230 39.968441

v 1.051664 10.530104 40.352993

v 0.830419 10.099862 40.383850

v 1.611254 7.162695 39.583595

v 1.611254 7.162695 39.583595

v 1.547907 10.068001 40.109505

v 1.547907 10.068001 40.109505

v 1.547907 10.068001 40.109505

v 1.403650 10.702230 39.968441

v -1.182787 -9.252557 18.465096

v -1.050285 -9.055229 17.333754

v 1.057095 -9.298859 17.701994

v 1.071335 -9.039238 17.319279

v -0.891821 -5.331737 17.987820

v -1.003366 -9.150813 18.681227

v 1.183419 -9.252699 18.463221

v 1.049212 -9.214684 16.245232

v 0.997506 -9.034820 18.618141

v 0.984885 -6.586486 15.432803

v 0.982466 -5.104350 17.872519

v -0.999442 -5.981709 16.865841

v 1.001146 -5.978774 16.854858

v 0.898489 -5.365101 18.008896

v -1.056462 -9.296950 17.705212

v 0.984165 -1.321629 17.555885

v -1.032227 -6.525136 16.869261

v 1.059697 -7.913783 15.759147

v 1.029477 -6.545813 16.870798

v 0.900338 -1.325876 17.641466

v 0.895609 1.054517 17.609890

v 1.037629 -6.679430 15.704734

v -0.576500 14.568715 2.269419

v -0.307704 14.675159 1.991503

v 0.335480 14.712369 1.990473

v 0.859585 15.416755 1.924479

v -0.350014 14.756218 2.359832

v 0.271028 14.507443 2.291809

v -0.593815 15.346602 1.816272

v 0.462581 15.403144 1.868638

v 0.835089 14.558760 1.493033

v 0.576500 14.568715 1.413525

v 0.576500 14.568715 2.269419

v 0.576500 14.568715 2.269419

v 0.797483 14.568715 2.269419

v 0.797483 14.568715 2.269419

v 0.649544 15.453346 1.748788

v -0.493026 7.916559 9.860794

v -0.465666 7.913815 3.399297

v -1.884181 9.460243 7.383147

v 0.158148 7.827158 9.861034

v 0.185405 7.824168 3.399570

v 0.810632 8.139757 9.860374

v -0.230964 8.227790 1.838787

v -1.928311 9.287497 7.420564

v -1.710686 6.864075 7.181105

v -1.567043 6.717659 7.181105

v -1.543825 6.931493 7.181105

v -1.951812 6.696432 7.285830

v -1.951812 6.696432 7.285830

v -1.909504 7.034184 7.250540

v -1.656330 6.992873 8.255526

v -1.656330 6.992873 8.255526

v -1.909504 7.034184 7.250540

v -1.656330 6.992873 8.255526

v -1.435894 7.302029 8.277502

v -1.656330 6.992873 8.255526

v -0.511473 6.717660 7.333830

v -1.797719 8.183223 7.212502

v -1.710309 6.997454 7.330785

v -1.482187 7.002534 17.134058

v -1.482187 6.997454 7.330785

v -1.482187 6.997454 7.330785

v -1.797339 7.426913 8.249387

v -1.797339 7.426913 8.249387

v -1.610064 6.952150 10.728103

v -1.875676 7.068147 10.634012

v -1.446409 7.192325 10.656162

v -1.610064 6.952150 10.728103

v -1.482187 6.997454 7.330785

v -1.797339 7.426913 8.249387

v -1.598142 7.423597 10.626395

v -1.802364 7.337669 10.641932

v -0.397736 7.978104 9.776555

v -1.250273 7.024193 9.773007

v -1.598142 7.423597 10.626395

v -1.222572 7.670299 10.399466

v -0.357071 7.893420 10.290735

v -1.054702 8.317200 10.359338

v -0.357071 7.893420 10.290735

v -0.397736 7.978104 9.776555

v -0.397736 7.978104 9.776555

v -0.357071 7.893420 10.290735

v -1.972601 9.312104 7.181293

v -1.800334 9.504739 7.231941

v -1.702641 9.572921 7.194786

v -1.471533 9.557763 7.330785

v -1.343520 13.675966 2.764139

v -1.267254 12.857867 2.944082

v -1.259436 12.912331 1.043463

v -1.099350 13.793538 2.915576

v -1.485240 13.254142 2.944082

v -1.267254 12.857867 2.944082

v -1.440930 12.896607 1.057427

v -1.290678 13.254142 2.944082

v -1.372915 13.336137 2.809526

v -1.372915 13.336137 2.809526

v -1.267254 12.857867 2.944082

v -1.355583 13.407277 3.132077

v -1.290678 13.254142 2.944082

v -1.372915 13.336137 2.809526

v -0.750559 12.998719 1.047369

v -0.562955 13.202513 1.592280

v -1.343520 13.675966 2.764139

v -1.218825 14.138339 1.317195

v -1.224821 14.054092 3.136331

v -1.440930 12.896607 1.057427

v -1.257344 12.771012 1.047369

v 1.257344 12.771012 1.047369

v -1.257344 12.771012 1.047369

v 1.260581 12.910917 1.042449

v -1.259436 12.912331 1.043463

v 0.746159 13.002886 1.067213

v 1.260581 12.910917 1.042449

v 0.746159 13.002886 1.067213

v -0.750559 12.998719 1.047369

v -0.598868 13.252240 1.444163

v -0.733421 14.039708 1.031557

v -0.733421 14.039708 1.031557

v -0.331374 13.383759 1.873305

v -0.331374 13.383759 1.873305

v 0.594934 13.263910 1.454969

v 0.288537 13.412271 1.864176

v 1.257344 12.771012 1.047369

v 0.288537 13.412271 1.864176

v 0.735549 14.025248 1.028745

v -1.099350 13.793538 2.915576

v -1.308658 13.647293 3.048927

v -0.662212 13.038025 4.602491

v -0.256046 13.757960 14.990522

v 0.337360 13.589781 15.072099

v -0.337360 13.385231 14.987370

v -2.593276 11.819327 15.349940

v -2.220548 9.634714 14.846974

v -2.592684 9.705050 15.290888

v -2.411031 12.016525 15.003633

v -0.337360 13.589781 16.334215

v 0.290787 13.295743 16.561724

v 0.337360 13.589781 16.334215

v -0.394888 13.275427 12.843784

v -0.286295 13.203369 14.784074

v 0.369410 13.285184 14.837941

v -0.394888 13.275427 12.843784

v -0.286295 13.203369 14.784074

v -1.565350 12.771000 15.682696

v -0.337360 13.385231 14.987370

v 0.369410 13.285184 14.837941

v 0.246080 13.151884 13.063394

v -0.717413 13.137039 15.677630

v -0.256046 13.757960 14.990522

v 1.911428 9.782511 14.459167

v 1.884589 8.494934 16.076508

v 2.514681 7.578853 16.079235

v 1.895403 7.051477 16.071938

v 2.595152 8.964822 15.936874

v 0.695861 13.123813 15.677227

v 0.337360 13.589781 15.072099

v -0.337360 13.589781 16.334215

v -0.395879 13.275335 16.540007

v 0.337360 13.589781 16.334215

v 0.290787 13.295743 16.561724

v 1.565348 12.771002 14.142333

v 2.592684 11.809159 16.232840

v 2.608895 11.809540 13.325102

v 2.255868 12.154953 12.568383

v 2.253159 9.704735 12.564758

v 2.568010 9.644126 14.888180

v 0.337360 13.589781 18.769886

v -0.337360 13.385231 18.685158

v 1.705826 9.149272 15.836946

v 2.568010 9.644126 14.888180

v -0.293144 13.204618 18.484026

v 0.367934 13.285132 18.534472

v 0.246686 13.151131 16.749342

v -0.293144 13.204618 18.484026

v 0.367934 13.285132 18.534472

v -0.337360 13.385231 18.685158

v 2.592573 9.702459 13.133343

v 2.592573 9.702459 13.133343

v 2.253159 9.704735 12.564758

v -0.395879 13.275335 16.540007

v 0.337360 13.589781 18.769886

v -1.283323 14.273200 30.981668

v -1.135441 14.533792 28.924244

v 0.750559 13.973483 30.467579

v -0.717422 13.136889 26.770800

v 0.882959 14.036680 22.129147

v 0.718421 13.137864 26.770498

v 0.337360 13.589782 26.165462

v 0.337360 13.589783 27.427580

v -0.396198 13.275498 27.632364

v -0.337360 13.589783 27.427580

v 0.293292 13.294819 27.656059

v -0.337360 13.589783 27.427580

v -0.396198 13.275498 27.632364

v 0.253578 13.154449 27.867435

v 0.293292 13.294819 27.656059

v -0.848854 14.039310 31.276922

v -1.208368 14.681841 27.745516

v 0.971911 14.810142 28.306448

v 0.971911 14.810142 27.688774

v 0.750559 13.973482 23.072002

v 0.750559 13.973483 26.769791

v 1.277044 14.263055 28.152060

v 1.135441 14.533792 28.306448

v 1.135441 14.533792 28.924244

v 1.135441 14.533792 27.688774

v 0.243146 13.150270 24.147882

v -0.729819 13.989804 30.585623

v -0.267950 13.207879 29.566610

v -0.267950 13.207879 29.566610

v 0.642227 13.095648 30.465876

v 1.252173 12.914989 34.187138

v -0.642130 13.095359 30.465807

v -0.337360 13.385233 29.778522

v 0.372754 13.285323 29.631891

v -0.337360 13.385233 29.778522

v 0.337360 13.589783 29.863251

v 0.337360 13.973485 27.710955

v 0.372234 14.004910 30.493748

v 0.372754 13.285323 29.631891

v 0.337360 13.589783 29.863251

v 0.757241 12.994558 33.729450

v 0.337360 13.589783 31.088345

v -0.337360 13.589783 31.088345

v -0.380942 13.284313 31.309048

v -0.337360 13.589783 31.088345

v 0.366350 13.278419 31.276775

v 0.337360 13.589783 31.088345

v 0.366350 13.278419 31.276775

v 0.337360 13.155876 31.341753

v -0.380942 13.284313 31.309048

v 1.277044 14.263055 26.298828

v -1.259782 14.653500 26.982773

v -1.280411 14.267779 26.459038

v -1.208368 14.681841 27.745516

v -1.245171 14.610517 28.239164

v -0.732922 14.014996 26.864962

v -0.337360 13.973485 27.710955

v -0.355032 13.885321 27.584951

v 0.337360 13.589783 27.427580

v -0.355032 13.885321 27.584951

v 0.367538 13.884310 27.619768

v 0.367538 13.884310 27.619768

v 1.135441 14.533792 27.688774

v -1.259782 14.653500 26.982773

v 1.255736 14.620795 27.005169

v 0.367538 13.884310 27.619768

v -0.340569 13.899652 29.613464

v -0.355032 13.885321 27.584951

v 1.135441 14.533792 28.306448

v -1.245171 14.610517 28.239164

v 1.135441 14.533792 28.924244

v -1.135441 14.533792 28.924244

v 0.337360 13.589782 22.467674

v 0.337360 13.589782 23.729792

v -0.254377 13.758155 22.385231

v -0.337360 13.589782 23.729792

v 0.337360 13.589782 22.467674

v 0.971911 14.810140 20.275970

v 0.971911 14.810141 20.893641

v 0.971911 14.810140 19.040503

v -0.971911 14.810140 19.658175

v 1.277044 14.263055 22.592424

v 1.277044 14.263055 20.739254

v 1.116615 14.443106 21.152477

v 1.135441 14.533791 20.275970

v 1.277044 14.263054 18.886023

v 0.750559 13.973481 19.374214

v 1.116615 14.443106 21.152477

v -1.214331 14.615211 21.573965

v 0.971911 14.810141 21.511436

v -1.101443 14.591246 20.893641

v 0.247714 13.956576 21.279911

v -0.337360 13.879059 22.178398

v 0.370951 13.884909 20.223770

v -0.628663 13.998965 19.429064

v -0.337360 13.879059 22.178398

v -0.337360 13.973485 22.184692

v -0.352124 13.884860 20.191347

v -0.352124 13.884860 20.191347

v 1.218281 14.596292 19.586653

v 0.371815 14.004975 19.402914

v -1.210288 14.612091 20.329245

v 1.135441 14.533791 20.275970

v -1.135441 14.533791 19.658175

v 0.370951 13.884909 20.223770

v -0.352124 13.884860 20.191347

v 0.370951 13.884909 20.223770

v -1.276955 14.262630 22.772470

v -1.101443 14.591246 20.893641

v -1.210288 14.612091 20.329245

v -1.277044 14.263054 18.886023

v -1.135441 14.533791 19.658175

v -1.249143 14.609746 19.107471

v -0.971911 14.810140 19.658175

v -1.249143 14.609746 19.107471

v 0.971911 14.810141 22.129108

v 1.135441 14.533791 19.040503

v 1.135441 14.533791 18.422707

v 0.882959 14.036679 16.801182

v -0.254064 13.758161 18.688187

v -0.402605 13.904601 18.538376

v -0.254064 13.758161 18.688187

v -0.402605 13.904601 18.538376

v -1.251774 14.681090 22.053379

v -1.214331 14.615211 21.573965

v -1.211851 14.616955 22.819386

v -1.252991 14.682819 23.279791

v 0.372457 13.900244 18.526340

v 1.135441 14.533791 19.040503

v 1.135441 14.533791 18.422707

v 0.369369 13.899354 22.221600

v 0.369369 13.899354 22.221600

v -0.254377 13.758155 22.385231

v 0.337360 13.973484 23.072001

v -1.251774 14.681090 22.053379

v 1.135441 14.533792 22.129108

v -1.211851 14.616955 22.819386

v 1.135441 14.533792 22.746904

v 0.372457 13.900244 18.526340

v 1.135441 14.533792 22.129108

v 1.135441 14.533792 22.746904

v -0.395813 13.275370 23.934710

v 1.135441 14.533792 23.982372

v -1.209799 14.615481 24.048117

v 0.971911 14.810141 23.982372

v 0.337360 13.973484 24.013166

v 0.971911 14.810141 22.746904

v 1.221403 14.600125 23.283882

v -0.337360 13.589782 23.729792

v -0.395813 13.275370 23.934710

v 1.277044 14.263055 24.445658

v 0.288907 13.296081 23.957191

v 1.135441 14.533792 23.982372

v -1.209799 14.615481 24.048117

v -1.219744 14.700322 24.518150

v -1.135441 14.533792 25.217840

v 0.288907 13.296081 23.957191

v -1.135441 14.533792 25.835512

v -0.971911 14.810141 25.217840

v -0.288422 13.204641 25.874069

v 0.367729 13.285062 25.929258

v -0.288422 13.204641 25.874069

v 0.367729 13.285062 25.929258

v 0.971911 14.810142 26.453310

v 1.135441 14.533792 26.453310

v -1.252991 14.682819 23.279791

v 0.367513 13.884353 23.922525

v 0.367513 13.884353 23.922525

v -0.337360 13.385232 26.080734

v -0.256015 13.757836 26.083752

v -0.337360 13.385232 26.080734

v 0.337360 13.589782 26.165462

v -0.354925 13.885376 23.887608

v 0.337360 13.589782 23.729792

v -0.661878 14.000552 23.186146

v -0.354925 13.885376 23.887608

v -1.244890 14.610819 26.521568

v 0.971911 14.810141 25.217840

v -0.971911 14.810141 25.835512

v 0.971911 14.810141 25.835512

v -0.971911 14.810141 25.217840

v -1.219744 14.700322 24.518150

v 0.971911 14.810141 24.600044

v 1.135441 14.533792 25.835512

v 1.135441 14.533792 25.217840

v 0.370937 14.004185 26.795219

v -1.244890 14.610819 26.521568

v 1.135441 14.533792 26.453310

v 1.135441 14.533792 25.835512

v -1.135441 14.533792 25.835512

v 0.372524 13.900272 25.922020

v -0.256015 13.757836 26.083752

v -0.337360 13.973485 25.882481

v 0.372524 13.900272 25.922020

v -0.337360 13.879059 25.876186

v -0.337360 13.879059 25.876186

v 1.135441 14.533792 24.600044

v 1.135441 14.533792 25.217840

v 1.135441 14.533792 24.600044

v -1.135441 14.533792 25.217840

v 0.367513 13.884353 23.922525

v -0.354925 13.885376 23.887608

v -0.971911 14.810141 25.835512

v -0.749944 14.030108 34.322311

v -0.750559 12.998736 36.449703

v -0.426479 13.238678 33.327991

v -1.244366 12.916574 38.097092

v -1.100031 12.978926 34.929859

v -1.288586 13.149395 34.948738

v -1.100031 12.978926 34.929859

v -0.575159 13.404128 33.438251

v -0.426479 13.238678 33.327991

v 0.337360 13.300507 33.234737

v -0.575159 13.404128 33.438251

v 0.541005 13.399471 33.470238

v 0.575128 13.172153 33.543915

v 0.337360 13.300507 33.234737

v -0.872065 14.346502 34.197121

v -1.256928 12.785285 38.086777

v -0.750559 12.998726 38.088825

v -0.750559 13.184849 37.588226

v 0.765694 14.067289 36.862442

v -0.750559 13.184849 37.588226

v 0.750559 13.184849 37.588226

v 1.257344 12.913420 38.088825

v 0.750559 12.998736 36.449703

v 0.750559 12.998726 38.088825

v -0.503980 13.971334 33.311928

v 0.765694 14.067289 36.862442

v -1.169342 12.968457 30.573505

v -0.460256 13.724319 33.450516

v -0.750559 12.998726 38.088825

v 0.750559 12.998726 38.088825

v -0.460256 13.724319 33.450516

v 0.494869 13.716903 33.434200

v 1.257344 12.913420 38.088825

v 0.541005 13.399471 33.470238

v -0.750559 12.998726 34.283848

v 0.494869 13.716903 33.434200

v -1.244366 12.916574 38.097092

v -1.269998 13.591269 34.271835

v -1.249782 12.952196 34.202263

v 1.257245 12.793915 38.086796

v -1.256928 12.785285 38.086777

v 0.750559 13.184849 37.588226

v -0.855455 12.998726 34.944283

v -0.340569 13.899652 29.613464

v 0.855455 14.381987 31.721651

v 1.168095 14.351650 33.746746

v 1.155317 14.381987 31.721649

v 0.795655 14.810142 31.395170

v 0.795655 14.810142 32.012848

v 0.795655 14.533792 32.012848

v -0.024549 14.533792 32.012848

v 0.795655 14.533792 32.012848

v 0.795655 14.533792 31.395170

v 0.825034 14.033070 31.285643

v 1.100403 12.981362 34.923962

v 0.855455 14.381987 31.721651

v 0.856054 13.014570 30.523884

v 0.337360 13.973484 31.385838

v -0.971911 14.810142 28.924244

v -0.795655 14.810142 32.012848

v 0.971911 14.810142 28.924244

v -0.971911 14.810142 28.924244

v -0.855455 12.998726 34.944283

v 1.169367 12.968453 30.573580

v -0.856072 13.016821 30.525089

v -1.243719 14.689837 30.257893

v 0.971911 14.810142 30.777376

v 0.971911 14.810142 30.159708

v -1.237847 14.627883 30.784864

v 0.971911 14.810142 29.541912

v -1.230122 14.613770 29.471329

v 1.135441 14.533792 30.777376

v 0.999014 14.512584 31.293217

v 1.283599 14.273534 30.979710

v -1.230122 14.613770 29.471329

v -1.243719 14.689837 30.257893

v -0.855455 14.381987 31.721651

v 0.999014 14.512584 31.293217

v 0.825034 14.033070 31.285643

v 1.283599 14.273534 30.979710

v 0.825034 14.033070 31.285643

v 0.999014 14.512584 31.293217

v -0.795655 14.810142 31.395170

v -1.155317 14.381987 31.721649

v -0.795655 14.533792 31.395170

v -0.855455 14.381987 31.721651

v -1.237847 14.627883 30.784864

v -0.994898 14.516459 31.281296

v -1.283323 14.273200 30.981668

v -0.848854 14.039310 31.276922

v -0.994898 14.516459 31.281296

v -0.994898 14.516459 31.281296

v -0.270022 13.755405 29.781298

v -0.270022 13.755405 29.781298

v 0.372211 13.900273 29.619616

v 0.372211 13.900273 29.619616

v -0.856072 13.016821 30.525089

v 1.070749 14.435342 29.817104

v 1.070749 14.435342 29.817104

v -0.337360 13.973484 31.385838

v -0.351221 13.884539 31.247993

v -0.351221 13.884539 31.247993

v 0.369962 13.884596 31.280317

v 0.369962 13.884596 31.280317

v 0.856054 13.014570 30.523884

v 1.135441 14.533792 30.777376

v -0.994898 14.516459 31.281296

v 0.999014 14.512584 31.293217

v -0.795655 14.533792 31.395170

v 0.795655 14.533792 31.395170

v 0.151348 14.181339 33.301960

v 0.116934 14.811245 32.954037

v 0.116934 14.811245 32.954037

v 0.116934 14.811245 32.954037

v -0.272277 14.580588 32.944962

v -0.758291 14.547966 32.121056

v -0.800082 14.525640 33.866856

v -0.139562 14.694145 32.662083

v -0.139562 14.694145 32.662083

v 0.116934 14.811245 32.954037

v -0.244125 14.009058 32.675251

v -0.192911 14.006776 33.132393

v 0.795655 14.533792 32.916309

v 0.140034 14.455530 32.734554

v 0.262958 14.016163 32.775421

v 0.795655 14.533792 33.839844

v 0.262958 14.016163 32.775421

v 0.504871 13.971545 33.309204

v -0.272277 14.580588 32.944962

v 0.337360 13.879061 33.234737

v 0.337360 13.879061 33.234737

v -0.758291 14.547966 32.121056

v -0.337360 13.879061 33.234737

v -0.848854 14.039310 31.276922

v -0.800082 14.525640 33.866856

v 0.795655 14.533792 32.916309

v 0.819588 14.131426 34.266304

v 0.795655 14.533792 33.839844

v -0.337360 13.879061 33.234737

v -0.837775 14.088692 34.268063

v 0.369962 13.884596 31.280317

v -0.351221 13.884539 31.247993

v -0.837775 14.088692 34.268063

v 0.819588 14.131426 34.266304

v -0.800082 14.525640 33.866856

v 0.795655 14.533792 33.839844

v 0.971911 14.810138 6.685834

v 0.971911 14.810138 7.303506

v 1.135441 14.533789 7.303506

v 1.281512 14.270422 7.551267

v 1.081057 14.434906 6.327331

v 0.750559 13.973479 4.583060

v 0.337360 13.973481 5.524226

v 1.081057 14.434906 6.327331

v -1.247829 14.610405 6.754257

v 0.971911 14.810138 6.068038

v -1.267912 14.678265 6.002752

v 0.372233 13.900236 7.433176

v -0.323823 13.893239 7.428319

v 0.367600 13.884352 5.433423

v 0.372233 13.900236 7.433176

v -0.337360 13.973481 5.524226

v -0.323823 13.893239 7.428319

v 0.367600 13.884352 5.433423

v -0.354882 13.885351 5.398615

v -0.354882 13.885351 5.398615

v 0.971911 14.810138 5.450368

v 1.135441 14.533789 5.450368

v 1.135441 14.533789 4.832572

v 0.337360 13.973480 4.583060

v 1.135441 14.533789 5.450368

v -1.249187 14.606868 5.506257

v 1.135441 14.533789 4.832572

v 0.971911 14.810138 4.832572

v -1.152458 14.694139 4.778730

v 0.971911 14.810138 7.921302

v -0.971911 14.810138 8.538975

v -1.249742 14.610024 7.989397

v -0.354882 13.885351 5.398615

v 0.367600 13.884352 5.433423

v 0.337360 13.589779 5.240851

v 0.370306 14.003594 8.306867

v -1.135441 14.533789 8.538976

v 0.337360 13.589779 5.240851

v -0.337360 13.589779 5.240851

v -0.793969 14.161042 4.591949

v -0.337360 13.589779 5.240851

v -0.867481 14.035151 1.730682

v -1.247829 14.610405 6.754257

v -1.287115 14.679694 7.210346

v 0.337360 13.589780 8.938640

v -1.278537 14.266339 6.779673

v 1.135441 14.533789 7.921302

v 1.135441 14.533789 7.921302

v 1.135441 14.533789 7.303506

v -1.287115 14.679694 7.210346

v 0.337360 13.589779 7.676522

v -0.270057 13.754891 7.593948

v -0.270057 13.754891 7.593948

v 0.337360 13.589779 7.676522

v -1.249187 14.606868 5.506257

v -1.267912 14.678265 6.002752

v -1.152458 14.694139 4.778730

v 0.971911 14.810138 4.214900

v -1.249686 14.610081 4.283175

v -1.135441 14.533789 8.538976

v -1.249686 14.610081 4.283175

v -1.249742 14.610024 7.989397

v -0.971911 14.810138 8.538975

v -0.337360 13.973480 3.677815

v 0.868939 14.034336 1.729456

v 0.412422 13.893974 2.007058

v 0.317611 13.922496 3.768065

v 0.317611 13.922496 3.768065

v -0.375873 13.893545 1.983796

v 0.971911 14.810138 2.979435

v -0.971911 14.810138 2.979435

v -1.173257 14.699686 3.562724

v 0.971911 14.810138 3.597105

v -0.971911 14.810138 2.979435

v -1.135441 14.533789 2.979435

v 0.271028 14.507443 2.291809

v 1.292755 14.656835 2.507905

v 1.156720 14.493881 1.882790

v -1.277044 14.263051 1.727559

v -0.350014 14.756218 2.359832

v -0.473046 13.857590 1.497722

v -0.463846 14.089023 1.748540

v -0.375873 13.893545 1.983796

v -0.375873 13.893545 1.983796

v 0.412422 13.893974 2.007058

v 0.412422 13.893974 2.007058

v -1.135441 14.533788 1.727559

v -1.277044 14.263051 1.727559

v 1.277044 14.263051 1.727559

v -0.867481 14.035151 1.730682

v -1.135441 14.533788 1.727559

v 1.135441 14.533788 1.727559

v -1.135441 14.533789 2.979435

v 1.135441 14.533789 2.979435

v 1.292755 14.656835 2.507905

v 1.277044 14.263051 1.727559

v 1.135441 14.533789 2.979435

v 1.156720 14.493881 1.882790

v 1.138635 14.479090 3.859088

v -0.372702 13.888651 3.746265

v -0.372702 13.888651 3.746265

v 0.248047 13.699961 3.825569

v 0.248047 13.699961 3.825569

v -1.173257 14.699686 3.562724

v 1.138635 14.479090 3.859088

v 0.868939 14.034336 1.729456

v 1.135441 14.533788 1.727559

v 1.904895 12.475866 11.611254

v 0.717268 13.137162 11.979899

v 0.253141 13.152273 9.345244

v -0.730233 13.144776 11.980922

v -0.337360 13.385230 11.289582

v 0.368114 13.285116 11.139067

v -0.337360 13.385230 11.289582

v -0.341479 13.221519 11.129170

v 0.368114 13.285116 11.139067

v -0.341479 13.221519 11.129170

v 0.295743 13.295067 9.164914

v -0.400553 13.275004 9.137604

v -0.400553 13.275004 9.137604

v 0.295743 13.295067 9.164914

v -1.884473 12.487396 13.669433

v 0.640619 13.097513 8.282522

v -0.337360 13.385229 7.591794

v -0.337360 13.385229 7.591794

v 0.372954 13.285336 7.445579

v -0.338634 13.226437 7.430736

v 0.372954 13.285336 7.445579

v -0.338634 13.226437 7.430736

v -1.884589 12.486189 7.132490

v 0.265977 13.157222 5.666504

v 0.289880 13.295709 12.864678

v 0.289880 13.295709 12.864678

v 0.304010 13.293204 5.465477

v -0.404391 13.274895 5.428878

v -0.404391 13.274895 5.428878

v 0.304010 13.293204 5.465477

v 0.748629 14.029497 34.323013

v 1.232909 14.548573 34.971428

v 0.993713 14.734299 35.002636

v 1.232909 14.548573 34.971428

v 0.827503 14.325379 34.944344

v 0.855455 14.923923 34.222824

v 0.864695 14.370928 34.217354

v 0.855455 14.923923 34.222824

v 0.853170 14.378351 33.654819

v 0.864695 14.370928 34.217354

v 1.274260 13.113159 34.984123

v 1.274260 13.113159 34.984123

v 1.100403 12.981362 34.923962

v 1.270117 13.591439 34.272022

v 0.855455 12.998726 34.944283

v -1.044280 15.258194 35.098667

v 1.021931 15.192851 34.946381

v 0.750559 12.998726 34.283848

v 1.021931 15.192851 34.946381

v 0.919627 15.751465 35.110859

v 0.960525 15.207315 33.592300

v 1.257245 12.793915 38.086796

v 0.960525 15.207315 33.592300

v -1.044280 15.258194 35.098667

v 0.853170 14.378351 33.654819

v 1.249775 12.952203 34.202236

v 0.855455 12.998726 34.944283

v -1.135441 14.533791 18.422707

v 0.971911 14.810140 18.422707

v -0.971911 14.810140 18.422707

v 0.337360 13.973483 16.617590

v 0.971911 14.810140 17.805037

v -0.337360 13.973483 16.617590

v -0.337360 13.879058 14.782823

v 0.367686 13.884303 12.828254

v -0.337360 13.879058 14.782823

v -0.301954 13.889453 12.682518

v -0.732235 13.961936 15.142817

v 1.277044 14.263053 17.341721

v 1.097537 14.428173 17.442072

v 0.971911 14.810139 14.098640

v -0.971911 14.810139 14.098640

v 1.135441 14.533790 16.569572

v 0.971911 14.810140 16.569572

v 0.971911 14.810140 17.187241

v -1.135441 14.533790 17.805037

v 1.277044 14.263053 15.179626

v 1.135441 14.533790 14.716310

v 1.097537 14.428173 17.442072

v -0.971911 14.810140 17.805037

v 0.971911 14.810140 14.716309

v -0.971911 14.810139 14.098640

v -1.210504 14.616784 14.645321

v -1.233026 14.643373 17.135120

v -1.231845 14.683887 15.432522

v -1.277235 14.263874 16.526224

v -1.163090 14.611492 15.891444

v -1.283796 14.693241 16.656008

v -1.233026 14.643373 17.135120

v 0.372352 13.900234 14.828420

v 0.372352 13.900234 14.828420

v 0.337360 13.973483 15.676425

v 1.135441 14.533790 14.716310

v -1.210504 14.616784 14.645321

v 1.135441 14.533790 15.334104

v 0.971911 14.810140 15.334103

v -1.231845 14.683887 15.432522

v 1.135441 14.533790 15.334104

v 1.135441 14.533790 15.951777

v -0.300228 13.889832 16.378603

v -0.300228 13.889832 16.378603

v 0.367582 13.884321 16.526451

v 0.367582 13.884321 16.526451

v 1.135441 14.533790 15.951777

v -1.163090 14.611492 15.891444

v 1.135441 14.533790 16.569572

v 0.971911 14.810140 15.951777

v -1.283796 14.693241 16.656008

v 0.367582 13.884321 16.526451

v -0.300228 13.889832 16.378603

v -1.135441 14.533791 18.422707

v -1.135441 14.533790 17.805037

v -0.971911 14.810140 17.805037

v -0.971911 14.810140 18.422707



vt 0.478516 0.963898

vt 0.477051 0.960419

vt 0.462402 0.952911

vt 0.477295 0.952789

vt 0.463379 0.946228

vt 0.447510 0.944183

vt 0.446289 0.939453

vt 0.478516 0.945435

vt 0.445801 0.955444

vt 0.446289 0.963257

vt 0.462891 0.960632

vt 0.447021 0.953094

vt 0.469482 0.950775

vt 0.473389 0.646240

vt 0.486328 0.657715

vt 0.487549 0.664307

vt 0.484131 0.670166

vt 0.477783 0.969391

vt 0.493896 0.963348

vt 0.494385 0.955566

vt 0.477783 0.981644

vt 0.495361 0.971848

vt 0.495117 0.975159

vt 0.488525 0.657959

vt 0.494141 0.939575

vt 0.483154 0.679443

vt 0.492676 0.944305

vt 0.487061 0.676758

vt 0.492676 0.953125

vt 0.487549 0.670166

vt 0.461670 0.969345

vt 0.463379 0.965302

vt 0.446777 0.933716

vt 0.445068 0.971756

vt 0.491943 0.647949

vt 0.489746 0.651855

vt 0.494629 0.982620

vt 0.477783 0.984207

vt 0.495850 0.988350

vt 0.476318 0.975998

vt 0.478760 0.991142

vt 0.491455 0.638428

vt 0.488770 0.996969

vt 0.492188 0.628906

vt 0.495361 0.636963

vt 0.462646 0.975876

vt 0.461426 0.981491

vt 0.461426 0.991249

vt 0.461670 0.983734

vt 0.443848 0.981934

vt 0.446289 0.976959

vt 0.515625 0.589600

vt 0.501465 0.598145

vt 0.499512 0.594727

vt 0.496582 0.589844

vt 0.501465 0.606445

vt 0.505371 0.612793

vt 0.500488 0.600830

vt 0.506348 0.621826

vt 0.505371 0.625977

vt 0.502441 0.618896

vt 0.501953 0.612549

vt 0.493408 0.569824

vt 0.497314 0.571289

vt 0.447510 0.997892

vt 0.460693 0.997192

vt 0.492188 0.611816

vt 0.495850 0.613037

vt 0.443604 0.987946

vt 0.524902 0.195312

vt 0.526367 0.309570

vt 0.524414 0.309570

vt 0.526855 0.188965

vt 0.528809 0.310059

vt 0.607910 0.152344

vt 0.595215 0.236328

vt 0.595215 0.168945

vt 0.736328 0.188477

vt 0.731445 0.180176

vt 0.575684 0.168945

vt 0.595215 0.158691

vt 0.670898 0.199707

vt 0.648438 0.205566

vt 0.658691 0.202637

vt 0.656250 0.225098

vt 0.565430 0.149414

vt 0.545898 0.158691

vt 0.545898 0.149414

vt 0.730957 0.169922

vt 0.564941 0.158691

vt 0.632324 0.322754

vt 0.638672 0.326172

vt 0.633789 0.335449

vt 0.627441 0.331543

vt 0.565430 0.141113

vt 0.625977 0.340332

vt 0.625488 0.334473

vt 0.606445 0.340332

vt 0.610352 0.341309

vt 0.604004 0.342773

vt 0.609863 0.343750

vt 0.545898 0.139648

vt 0.575684 0.158691

vt 0.575684 0.149414

vt 0.609863 0.323242

vt 0.607910 0.335449

vt 0.603027 0.326172

vt 0.616211 0.312988

vt 0.625488 0.316895

vt 0.616211 0.318359

vt 0.615723 0.307129

vt 0.625977 0.307129

vt 0.625488 0.314941

vt 0.611816 0.362793

vt 0.612305 0.371582

vt 0.607910 0.371582

vt 0.625977 0.364746

vt 0.616211 0.357910

vt 0.626953 0.354980

vt 0.613770 0.365723

vt 0.613281 0.316406

vt 0.605469 0.313965

vt 0.545898 0.236816

vt 0.533203 0.152832

vt 0.545898 0.169434

vt 0.610352 0.355469

vt 0.606445 0.353516

vt 0.611816 0.350586

vt 0.629883 0.314941

vt 0.636230 0.313965

vt 0.612793 0.330566

vt 0.615723 0.340332

vt 0.626465 0.343262

vt 0.616211 0.349609

vt 0.616211 0.341797

vt 0.626465 0.349121

vt 0.616211 0.331543

vt 0.616211 0.371582

vt 0.626953 0.373047

vt 0.616211 0.377441

vt 0.575684 0.141113

vt 0.545898 0.029785

vt 0.595215 0.029785

vt 0.625488 0.330566

vt 0.626465 0.378906

vt 0.595215 0.149414

vt 0.615234 0.348633

vt 0.616211 0.364258

vt 0.749023 0.390625

vt 0.762695 0.404297

vt 0.729980 0.416992

vt 0.616211 0.325684

vt 0.625000 0.323242

vt 0.600586 0.368652

vt 0.528320 0.318359

vt 0.525879 0.319824

vt 0.603516 0.374023

vt 0.665527 0.229980

vt 0.529297 0.192871

vt 0.528809 0.184082

vt 0.670410 0.329590

vt 0.670898 0.416992

vt 0.651855 0.390625

vt 0.663086 0.194336

vt 0.666016 0.074219

vt 0.528809 0.022949

vt 0.526367 0.020508

vt 0.595215 0.255371

vt 0.638184 0.404297

vt 0.545898 0.255371

vt 0.565430 0.180664

vt 0.730469 0.329590

vt 0.725586 0.416504

vt 0.717773 0.416992

vt 0.723145 0.332031

vt 0.545898 0.407227

vt 0.650879 0.239258

vt 0.575684 0.180664

vt 0.529297 0.140137

vt 0.608398 0.268555

vt 0.750000 0.239258

vt 0.727539 0.330078

vt 0.528320 0.021973

vt 0.715820 0.239258

vt 0.721191 0.239258

vt 0.727539 0.239258

vt 0.730957 0.239258

vt 0.595215 0.407227

vt 0.602539 0.355469

vt 0.599609 0.349121

vt 0.565430 0.169434

vt 0.738770 0.210449

vt 0.746582 0.191406

vt 0.737793 0.212402

vt 0.669922 0.239258

vt 0.673340 0.239258

vt 0.532715 0.268555

vt 0.909180 0.774780

vt 0.892090 0.774048

vt 0.875000 0.772949

vt 0.871582 0.782349

vt 0.862305 0.782593

vt 0.874023 0.771973

vt 0.874512 0.770996

vt 0.872559 0.762329

vt 0.869629 0.761353

vt 0.889648 0.754517

vt 0.893066 0.761230

vt 0.954590 0.967804

vt 0.934082 0.970596

vt 0.917969 0.965759

vt 0.783203 0.893677

vt 0.820312 0.892212

vt 0.799805 0.897339

vt 0.973633 0.970016

vt 0.988281 0.966248

vt 0.988281 0.922852

vt 0.834961 0.781250

vt 0.850586 0.781006

vt 0.956543 0.921875

vt 0.958008 0.968109

vt 0.956543 0.966431

vt 0.958008 0.921387

vt 0.860840 0.733643

vt 0.889648 0.849243

vt 0.891602 0.893677

vt 0.888672 0.892334

vt 0.824707 0.782715

vt 0.813477 0.773315

vt 0.954590 0.921448

vt 0.814941 0.772705

vt 0.813965 0.771484

vt 0.818359 0.762695

vt 0.932129 0.918152

vt 0.781738 0.849487

vt 0.792969 0.760498

vt 0.803711 0.843994

vt 0.795898 0.752808

vt 0.912598 0.773682

vt 0.912598 0.754028

vt 0.909668 0.753784

vt 0.916504 0.744385

vt 0.907715 0.744385

vt 0.823242 0.847412

vt 0.822754 0.892883

vt 0.907715 0.743408

vt 0.891602 0.966248

vt 0.891602 0.922852

vt 0.894043 0.964630

vt 0.894531 0.925293

vt 0.915039 0.963867

vt 0.898438 0.734375

vt 0.778809 0.774780

vt 0.772461 0.791748

vt 0.775879 0.772827

vt 0.771484 0.747559

vt 0.915039 0.925659

vt 0.822266 0.849976

vt 0.831543 0.727051

vt 0.817871 0.728271

vt 0.834473 0.724121

vt 0.917969 0.923035

vt 0.774902 0.753906

vt 0.778320 0.752930

vt 0.821777 0.849976

vt 0.818848 0.737793

vt 0.777832 0.745117

vt 0.779297 0.743408

vt 0.780762 0.742920

vt 0.849609 0.729248

vt 0.856934 0.726318

vt 0.869141 0.737549

vt 0.766602 0.692139

vt 0.757812 0.682617

vt 0.770020 0.692139

vt 0.870117 0.728516

vt 0.755859 0.683350

vt 0.830566 0.734619

vt 0.855469 0.724854

vt 0.851074 0.733643

vt 0.770996 0.668945

vt 0.768555 0.658203

vt 0.770996 0.658691

vt 0.757324 0.668945

vt 0.863281 0.848633

vt 0.862305 0.892456

vt 0.756348 0.682861

vt 0.757324 0.026855

vt 0.752930 0.021973

vt 0.757324 0.024902

vt 0.770508 0.021484

vt 0.754883 0.020996

vt 0.752930 0.029297

vt 0.769531 0.025391

vt 0.754883 0.030762

vt 0.770508 0.036133

vt 0.757812 0.040039

vt 0.754883 0.036133

vt 0.771973 0.024902

vt 0.784180 0.020996

vt 0.771973 0.026855

vt 0.770508 0.030762

vt 0.789062 0.024902

vt 0.784180 0.030273

vt 0.771973 0.040039

vt 0.784180 0.036621

vt 0.789062 0.040527

vt 0.802734 0.025391

vt 0.838867 0.021973

vt 0.833984 0.026855

vt 0.833984 0.024902

vt 0.836914 0.020996

vt 0.838867 0.029297

vt 0.821289 0.030762

vt 0.836914 0.030762

vt 0.784180 0.065918

vt 0.789062 0.069824

vt 0.807617 0.020996

vt 0.819824 0.024902

vt 0.821289 0.021484

vt 0.822266 0.025391

vt 0.819824 0.026855

vt 0.807617 0.030273

vt 0.790527 0.317383

vt 0.753418 0.044922

vt 0.752930 0.037598

vt 0.757812 0.041992

vt 0.770508 0.045898

vt 0.754883 0.045898

vt 0.753418 0.059082

vt 0.753418 0.051758

vt 0.757812 0.056641

vt 0.757812 0.054688

vt 0.810547 0.315918

vt 0.770996 0.060547

vt 0.755371 0.060547

vt 0.770996 0.050781

vt 0.755371 0.050781

vt 0.769531 0.041016

vt 0.771973 0.041992

vt 0.784180 0.045410

vt 0.769531 0.055664

vt 0.802246 0.055176

vt 0.789062 0.055176

vt 0.784180 0.060059

vt 0.771973 0.056641

vt 0.771973 0.054688

vt 0.784180 0.051270

vt 0.810547 0.319336

vt 0.487305 0.770142

vt 0.490479 0.775635

vt 0.487549 0.780273

vt 0.477051 0.811523

vt 0.488281 0.806763

vt 0.482666 0.801636

vt 0.489746 0.811768

vt 0.476807 0.816284

vt 0.489014 0.816162

vt 0.476074 0.809448

vt 0.474121 0.630615

vt 0.474609 0.771362

vt 0.485840 0.766968

vt 0.473877 0.781006

vt 0.474609 0.763428

vt 0.489502 0.765625

vt 0.496094 0.580566

vt 0.516113 0.572998

vt 0.473877 0.609863

vt 0.525879 0.178223

vt 0.525879 0.154785

vt 0.528809 0.155762

vt 0.528809 0.176758

vt 0.503418 0.697510

vt 0.516113 0.701904

vt 0.502441 0.702881

vt 0.464111 0.829956

vt 0.447266 0.823730

vt 0.499756 0.708008

vt 0.498047 0.704102

vt 0.515625 0.723633

vt 0.501953 0.740723

vt 0.502441 0.721436

vt 0.515625 0.740479

vt 0.456787 0.802734

vt 0.497803 0.743896

vt 0.498047 0.718506

vt 0.462891 0.812134

vt 0.500977 0.713379

vt 0.452881 0.807739

vt 0.462646 0.816040

vt 0.450195 0.812256

vt 0.450684 0.816406

vt 0.515137 0.584473

vt 0.678223 0.332031

vt 0.675293 0.416504

vt 0.683105 0.416992

vt 0.524414 0.138184

vt 0.515625 0.713623

vt 0.503418 0.709229

vt 0.491211 0.761963

vt 0.489746 0.819824

vt 0.476562 0.829468

vt 0.492188 0.823242

vt 0.476318 0.835083

vt 0.492432 0.828613

vt 0.476318 0.822388

vt 0.476807 0.819458

vt 0.528809 0.148438

vt 0.526855 0.144043

vt 0.474365 0.641846

vt 0.487549 0.760376

vt 0.473145 0.759888

vt 0.485840 0.755371

vt 0.685059 0.239258

vt 0.679688 0.239258

vt 0.673828 0.330078

vt 0.463135 0.819580

vt 0.463135 0.822510

vt 0.449951 0.820312

vt 0.690918 0.238770

vt 0.690918 0.416992

vt 0.709961 0.238770

vt 0.709961 0.416992

vt 0.463379 0.834961

vt 0.447510 0.828979

vt 0.774414 0.572021

vt 0.797852 0.608643

vt 0.773926 0.609375

vt 0.815918 0.729248

vt 0.816406 0.736572

vt 0.860352 0.845825

vt 0.755371 0.668213

vt 0.859863 0.895996

vt 0.754395 0.683838

vt 0.750000 0.668945

vt 0.822266 0.581299

vt 0.821777 0.609375

vt 0.755371 0.667480

vt 0.770508 0.653320

vt 0.756348 0.661865

vt 0.749512 0.682861

vt 0.858887 0.722412

vt 0.878418 0.716553

vt 0.877441 0.721680

vt 0.770508 0.971786

vt 0.783691 0.962891

vt 0.770020 0.985321

vt 0.871582 0.727539

vt 0.872070 0.729736

vt 0.755859 0.685059

vt 0.756348 0.689697

vt 0.872070 0.737305

vt 0.769043 0.698730

vt 0.773438 0.716309

vt 0.760742 0.712646

vt 0.915527 0.716797

vt 0.775879 0.732910

vt 0.780273 0.735352

vt 0.820312 0.611572

vt 0.773926 0.614746

vt 0.821777 0.613525

vt 0.797852 0.611572

vt 0.804688 0.997864

vt 0.783691 0.994907

vt 0.775879 0.611572

vt 0.811035 0.721680

vt 0.814941 0.727783

vt 0.801270 0.957458

vt 0.753418 0.759521

vt 0.933105 0.759399

vt 0.829590 0.721191

vt 0.812500 0.718262

vt 0.901367 0.716309

vt 0.904297 0.720215

vt 0.911133 0.734375

vt 0.900879 0.712402

vt 0.779785 0.666260

vt 0.815430 0.667725

vt 0.814941 0.571533

vt 0.774902 0.669189

vt 0.776367 0.649170

vt 0.819336 0.647705

vt 0.814941 0.651611

vt 0.926758 0.712891

vt 0.909180 0.720703

vt 0.913574 0.708496

vt 0.780762 0.651367

vt 0.778320 0.719971

vt 0.786621 0.716064

vt 0.781738 0.719238

vt 0.836426 0.974411

vt 0.826660 0.997831

vt 0.786621 0.711914

vt 0.826172 0.958679

vt 0.835449 0.988518

vt 0.927734 0.703613

vt 0.767090 0.705566

vt 0.458008 0.673096

vt 0.466064 0.666748

vt 0.445312 0.682861

vt 0.384277 0.631592

vt 0.384277 0.623291

vt 0.387451 0.656982

vt 0.364258 0.655518

vt 0.448730 0.688477

vt 0.442139 0.687988

vt 0.417236 0.652588

vt 0.430664 0.672852

vt 0.412354 0.656006

vt 0.458252 0.673340

vt 0.448975 0.677490

vt 0.448730 0.673096

vt 0.411865 0.666260

vt 0.388672 0.665527

vt 0.383545 0.663330

vt 0.388916 0.659180

vt 0.465332 0.656250

vt 0.459961 0.652588

vt 0.367188 0.620117

vt 0.372314 0.623047

vt 0.459473 0.677734

vt 0.319824 0.628906

vt 0.317139 0.630859

vt 0.320068 0.625488

vt 0.458496 0.675537

vt 0.418213 0.671875

vt 0.293701 0.635010

vt 0.293701 0.658691

vt 0.451172 0.682129

vt 0.448486 0.681152

vt 0.457275 0.680908

vt 0.433350 0.677490

vt 0.433350 0.673096

vt 0.438965 0.677734

vt 0.438965 0.673096

vt 0.294922 0.600586

vt 0.301270 0.605225

vt 0.435059 0.595459

vt 0.438232 0.589844

vt 0.302979 0.596191

vt 0.378906 0.666992

vt 0.293945 0.594238

vt 0.429932 0.602783

vt 0.433594 0.597656

vt 0.381348 0.667480

vt 0.312256 0.594971

vt 0.373535 0.631348

vt 0.374512 0.626709

vt 0.381836 0.625977

vt 0.316895 0.626953

vt 0.295654 0.630859

vt 0.317871 0.593506

vt 0.315186 0.595703

vt 0.317383 0.589355

vt 0.370117 0.668213

vt 0.425537 0.597168

vt 0.302246 0.595947

vt 0.295654 0.585938

vt 0.364502 0.631592

vt 0.328125 0.626465

vt 0.322998 0.631104

vt 0.292236 0.627686

vt 0.312500 0.591797

vt 0.312744 0.585938

vt 0.301025 0.631348

vt 0.303711 0.627686

vt 0.302979 0.625488

vt 0.291992 0.626465

vt 0.371582 0.664551

vt 0.311768 0.625488

vt 0.313721 0.628906

vt 0.317627 0.585938

vt 0.315674 0.584961

vt 0.387207 0.645996

vt 0.311768 0.624023

vt 0.457031 0.688965

vt 0.302979 0.634766

vt 0.301025 0.634766

vt 0.309814 0.629883

vt 0.304199 0.625488

vt 0.302002 0.585938

vt 0.317627 0.653809

vt 0.425293 0.671631

vt 0.294678 0.658691

vt 0.319580 0.654785

vt 0.421631 0.680908

vt 0.427490 0.682861

vt 0.322754 0.653809

vt 0.427490 0.688232

vt 0.316650 0.656738

vt 0.304443 0.587402

vt 0.307373 0.584961

vt 0.309326 0.585938

vt 0.309082 0.589844

vt 0.419434 0.687744

vt 0.381104 0.639160

vt 0.328125 0.657227

vt 0.291992 0.665283

vt 0.295166 0.661865

vt 0.441406 0.605225

vt 0.385742 0.595703

vt 0.395020 0.604980

vt 0.381836 0.605469

vt 0.368652 0.635010

vt 0.378662 0.636719

vt 0.373047 0.597412

vt 0.382812 0.633301

vt 0.368652 0.605225

vt 0.820312 0.010254

vt 0.821289 0.014648

vt 0.822754 0.010254

vt 0.442871 0.597900

vt 0.835938 0.010742

vt 0.807617 0.015137

vt 0.355225 0.602295

vt 0.803711 0.011719

vt 0.774902 0.261230

vt 0.767090 0.260742

vt 0.434570 0.617676

vt 0.423340 0.617676

vt 0.814941 0.218262

vt 0.811523 0.258789

vt 0.809082 0.222656

vt 0.807129 0.240234

vt 0.810547 0.262695

vt 0.750977 0.012695

vt 0.751953 0.005371

vt 0.755859 0.010742

vt 0.755859 0.008789

vt 0.769043 0.010254

vt 0.753418 0.004395

vt 0.769531 0.007324

vt 0.812988 0.262207

vt 0.770996 0.008789

vt 0.771973 0.004883

vt 0.771484 0.010254

vt 0.788086 0.011719

vt 0.792969 0.261719

vt 0.770508 0.014648

vt 0.753418 0.014648

vt 0.838379 0.014648

vt 0.454834 0.602295

vt 0.784180 0.015137

vt 0.820801 0.009766

vt 0.822266 0.007324

vt 0.819824 0.004883

vt 0.854980 0.258301

vt 0.856445 0.262695

vt 0.835449 0.008789

vt 0.838379 0.004395

vt 0.875488 0.261230

vt 0.839355 0.005371

vt 0.851074 0.217773

vt 0.388428 0.617676

vt 0.891602 0.261230

vt 0.899902 0.260742

vt 0.378174 0.617676

vt 0.857422 0.222656

vt 0.367676 0.617676

vt 0.840820 0.012695

vt 0.859375 0.239746

vt 0.446777 0.617676

vt 0.455566 0.617676

vt 0.355713 0.617676

vt 0.860352 0.537842

vt 0.862305 0.543457

vt 0.860352 0.540527

vt 0.806152 0.543457

vt 0.808105 0.538086

vt 0.808105 0.540771

vt 0.814453 0.480469

vt 0.853516 0.480469

vt 0.755371 0.552734

vt 0.764160 0.572510

vt 0.750488 0.553223

vt 0.858887 0.044922

vt 0.893066 0.006348

vt 0.894043 0.045898

vt 0.877930 0.063477

vt 0.875977 0.522461

vt 0.876953 0.653809

vt 0.871582 0.688965

vt 0.878418 0.688965

vt 0.819336 0.483887

vt 0.817871 0.486816

vt 0.810547 0.531738

vt 0.810547 0.441895

vt 0.899902 0.006348

vt 0.898438 0.041504

vt 0.812012 0.532227

vt 0.814941 0.532959

vt 0.817871 0.533203

vt 0.909668 0.078125

vt 0.923340 0.047363

vt 0.918945 0.041992

vt 0.626465 0.968018

vt 0.636230 0.981628

vt 0.837402 0.650146

vt 0.836914 0.689941

vt 0.848633 0.483887

vt 0.636230 0.968750

vt 0.640137 0.981628

vt 0.830566 0.689941

vt 0.639160 0.984497

vt 0.721191 0.443359

vt 0.721191 0.422852

vt 0.723633 0.422852

vt 0.743164 0.422852

vt 0.745605 0.443359

vt 0.639160 0.992043

vt 0.749023 0.449219

vt 0.586914 0.972397

vt 0.594238 0.974258

vt 0.640137 0.954437

vt 0.584961 0.981094

vt 0.850586 0.486328

vt 0.857910 0.531494

vt 0.590820 0.966400

vt 0.586914 0.963043

vt 0.654785 0.982101

vt 0.647949 0.981583

vt 0.587402 0.988892

vt 0.589844 0.984665

vt 0.591797 0.967804

vt 0.745605 0.422852

vt 0.872559 0.649414

vt 0.897461 0.653320

vt 0.643066 0.996275

vt 0.767578 0.570312

vt 0.791992 0.522949

vt 0.786621 0.531250

vt 0.807617 0.536377

vt 0.856445 0.532227

vt 0.853516 0.532715

vt 0.832031 0.649414

vt 0.894043 0.473145

vt 0.850586 0.532959

vt 0.896973 0.512207

vt 0.881836 0.531006

vt 0.623047 0.954376

vt 0.631348 0.954193

vt 0.722168 0.573975

vt 0.900879 0.041016

vt 0.736328 0.592773

vt 0.651367 0.954132

vt 0.904297 0.572266

vt 0.913086 0.552490

vt 0.917969 0.552734

vt 0.900879 0.570068

vt 0.584473 0.968750

vt 0.879395 0.653809

vt 0.860840 0.536133

vt 0.901855 0.647949

vt 0.717773 0.449219

vt 0.489502 0.752319

vt 0.490234 0.833252

vt 0.488770 0.747314

vt 0.476807 0.840454

vt 0.492432 0.840332

vt 0.476074 0.848022

vt 0.492676 0.847046

vt 0.485107 0.742920

vt 0.447754 0.877502

vt 0.463379 0.884766

vt 0.448242 0.882568

vt 0.483643 0.731201

vt 0.469238 0.838501

vt 0.462891 0.840698

vt 0.449219 0.833374

vt 0.463379 0.848145

vt 0.447998 0.841064

vt 0.487305 0.734375

vt 0.489014 0.739746

vt 0.476318 0.853760

vt 0.490723 0.851440

vt 0.476807 0.858643

vt 0.476562 0.866333

vt 0.492920 0.858765

vt 0.492676 0.864136

vt 0.477051 0.855713

vt 0.487305 0.726807

vt 0.485840 0.721436

vt 0.490967 0.869751

vt 0.492188 0.877197

vt 0.478516 0.874634

vt 0.476562 0.872070

vt 0.482666 0.717773

vt 0.462891 0.855713

vt 0.463623 0.853516

vt 0.462891 0.858887

vt 0.448242 0.845947

vt 0.449219 0.851440

vt 0.447998 0.859253

vt 0.463379 0.866455

vt 0.448975 0.869751

vt 0.462646 0.874268

vt 0.462891 0.877441

vt 0.463379 0.871582

vt 0.448242 0.864258

vt 0.500488 0.688721

vt 0.499756 0.694580

vt 0.503418 0.686035

vt 0.504883 0.673340

vt 0.500488 0.681885

vt 0.501465 0.676025

vt 0.506348 0.660645

vt 0.503418 0.663574

vt 0.502441 0.669189

vt 0.463379 0.889893

vt 0.476562 0.890564

vt 0.476562 0.884705

vt 0.491455 0.882507

vt 0.711914 0.019531

vt 0.712891 0.017090

vt 0.643066 0.286133

vt 0.600586 0.287109

vt 0.611816 0.264648

vt 0.633789 0.264648

vt 0.612305 0.274414

vt 0.633789 0.274414

vt 0.693848 0.058105

vt 0.693359 0.062012

vt 0.718750 0.021973

vt 0.716309 0.037598

vt 0.694336 0.047852

vt 0.705078 0.004395

vt 0.709961 0.004395

vt 0.648926 0.065430

vt 0.615723 0.014648

vt 0.603516 0.048828

vt 0.731934 0.018555

vt 0.724121 0.042480

vt 0.745117 0.052246

vt 0.700684 0.044434

vt 0.722168 0.183105

vt 0.710449 0.042969

vt 0.699707 0.033691

vt 0.715332 0.046387

vt 0.701172 0.047852

vt 0.669434 0.055664

vt 0.650879 0.066406

vt 0.595215 0.007812

vt 0.595215 0.010742

vt 0.545410 0.009277

vt 0.725586 0.006836

vt 0.679199 0.060547

vt 0.709961 0.169922

vt 0.698242 0.171387

vt 0.701172 0.063965

vt 0.613281 0.138184

vt 0.633789 0.138184

vt 0.687012 0.078613

vt 0.696289 0.185547

vt 0.687988 0.185059

vt 0.720703 0.063477

vt 0.679199 0.196289

vt 0.693848 0.201172

vt 0.613770 0.124512

vt 0.699219 0.186035

vt 0.709473 0.185547

vt 0.634766 0.123535

vt 0.675293 0.235840

vt 0.613770 0.084961

vt 0.728027 0.216797

vt 0.718750 0.222168

vt 0.680664 0.079102

vt 0.634277 0.084473

vt 0.526855 0.330566

vt 0.693359 0.078125

vt 0.728516 0.060059

vt 0.674316 0.077637

vt 0.709961 0.063965

vt 0.529297 0.328125

vt 0.631836 0.082520

vt 0.614746 0.081543

vt 0.526855 0.003418

vt 0.527832 0.013672

vt 0.529297 0.004883

vt 0.363770 0.979614

vt 0.434082 0.955444

vt 0.428711 0.979675

vt 0.424805 0.987732

vt 0.898926 0.166016

vt 0.908203 0.125000

vt 0.907715 0.165039

vt 0.928223 0.414062

vt 0.935547 0.373535

vt 0.367676 0.994629

vt 0.426758 0.993420

vt 0.431641 0.988411

vt 0.886719 0.125488

vt 0.713867 0.958069

vt 0.749512 0.954163

vt 0.755371 0.958008

vt 0.716797 0.954224

vt 0.882812 0.103027

vt 0.763184 0.983459

vt 0.768066 0.991394

vt 0.764160 0.991333

vt 0.948730 0.028320

vt 0.951172 0.006836

vt 0.764160 0.995544

vt 0.723145 0.995544

vt 0.713867 0.932129

vt 0.755371 0.932007

vt 0.749512 0.935913

vt 0.887207 0.102539

vt 0.767090 0.981201

vt 0.879883 0.102539

vt 0.933594 0.014160

vt 0.930664 0.014160

vt 0.928711 0.018066

vt 0.934570 0.024414

vt 0.728027 0.979797

vt 0.763672 0.979919

vt 0.928223 0.373535

vt 0.367676 0.987732

vt 0.909668 0.122559

vt 0.935547 0.370117

vt 0.928223 0.370117

vt 0.359131 0.984489

vt 0.359863 0.989929

vt 0.716309 0.935974

vt 0.723145 0.991333

vt 0.945801 0.059082

vt 0.935547 0.057129

vt 0.719238 0.991394

vt 0.719727 0.985901

vt 0.727539 0.983139

vt 0.933594 0.057129

vt 0.928711 0.047363

vt 0.916992 0.103027

vt 0.928223 0.363281

vt 0.354736 0.969299

vt 0.916992 0.121094

vt 0.849121 0.947357

vt 0.884766 0.944641

vt 0.888672 0.947449

vt 0.759277 0.919189

vt 0.780273 0.919922

vt 0.763184 0.925110

vt 0.777832 0.903992

vt 0.771484 0.904114

vt 0.749023 0.896362

vt 0.739746 0.891296

vt 0.757812 0.879761

vt 0.750000 0.896729

vt 0.774414 0.884155

vt 0.778320 0.880310

vt 0.752930 0.869995

vt 0.763672 0.879700

vt 0.760742 0.876892

vt 0.849121 0.922424

vt 0.884277 0.924438

vt 0.888672 0.921570

vt 0.847168 0.913269

vt 0.702637 0.882935

vt 0.888184 0.911316

vt 0.669922 0.883728

vt 0.631348 0.884827

vt 0.845215 0.922241

vt 0.767578 0.863281

vt 0.764648 0.858276

vt 0.769043 0.863281

vt 0.776367 0.864746

vt 0.769531 0.858398

vt 0.772949 0.863037

vt 0.769043 0.862061

vt 0.067505 0.670166

vt 0.070740 0.684570

vt 0.063599 0.684570

vt 0.098877 0.693604

vt 0.097839 0.688721

vt 0.103577 0.687744

vt 0.086853 0.656738

vt 0.093933 0.651367

vt 0.100708 0.708252

vt 0.106873 0.708008

vt 0.095154 0.666260

vt 0.098145 0.698730

vt 0.028503 0.669189

vt 0.027908 0.684326

vt 0.022644 0.671387

vt 0.025131 0.667969

vt 0.081909 0.682861

vt 0.079834 0.679688

vt 0.084167 0.680420

vt 0.088684 0.679932

vt 0.088379 0.683105

vt 0.116882 0.665527

vt 0.116516 0.651611

vt 0.095032 0.698486

vt 0.113953 0.629150

vt 0.113647 0.649658

vt 0.108643 0.670166

vt 0.088745 0.666992

vt 0.070251 0.648438

vt 0.018539 0.648682

vt 0.109924 0.682617

vt 0.106140 0.665527

vt 0.088196 0.670166

vt 0.109314 0.679688

vt 0.074951 0.643066

vt 0.013901 0.643066

vt 0.108582 0.596191

vt 0.099915 0.651611

vt 0.099854 0.629639

vt 0.070251 0.670166

vt 0.099854 0.694092

vt 0.104248 0.689453

vt 0.108154 0.688721

vt 0.135986 0.679688

vt 0.137695 0.682861

vt 0.117004 0.682861

vt 0.094360 0.630371

vt 0.112549 0.668945

vt 0.109680 0.667236

vt 0.076538 0.703369

vt 0.074402 0.706787

vt 0.025391 0.596191

vt 0.070190 0.697754

vt 0.085205 0.667480

vt 0.073547 0.694580

vt 0.097778 0.596191

vt 0.024887 0.648682

vt 0.073364 0.687744

vt 0.086792 0.596191

vt 0.117188 0.679688

vt 0.113037 0.680176

vt 0.013901 0.596191

vt 0.018295 0.596191

vt 0.070068 0.596191

vt 0.074463 0.596191

vt 0.086487 0.705322

vt 0.084045 0.709473

vt 0.067139 0.646973

vt 0.021713 0.646973

vt 0.076477 0.685059

vt 0.018570 0.669922

vt 0.015259 0.685059

vt 0.075684 0.595947

vt 0.089355 0.665527

vt 0.086121 0.664551

vt 0.108337 0.709473

vt 0.116943 0.706543

vt 0.109802 0.710693

vt 0.085205 0.666260

vt 0.077209 0.651367

vt 0.117126 0.687012

vt 0.117920 0.694336

vt 0.140991 0.651123

vt 0.136841 0.665771

vt 0.112793 0.688232

vt 0.134644 0.651123

vt 0.047211 0.684570

vt 0.050873 0.670898

vt 0.054749 0.684570

vt 0.115723 0.705078

vt 0.148804 0.665771

vt 0.121460 0.698486

vt 0.036926 0.684570

vt 0.154541 0.650879

vt 0.079590 0.630371

vt 0.157959 0.665283

vt 0.109863 0.675049

vt 0.107666 0.678711

vt 0.111816 0.677979

vt 0.116394 0.675293

vt 0.277100 0.631836

vt 0.276611 0.625488

vt 0.277832 0.631592

vt 0.235596 0.681396

vt 0.225464 0.592529

vt 0.048553 0.667969

vt 0.037811 0.670898

vt 0.040253 0.667969

vt 0.106140 0.671387

vt 0.107666 0.674316

vt 0.103516 0.673584

vt 0.076843 0.666260

vt 0.289795 0.625244

vt 0.290039 0.631592

vt 0.158203 0.651123

vt 0.101990 0.670898

vt 0.097656 0.671143

vt 0.088379 0.675049

vt 0.048767 0.648438

vt 0.127075 0.674316

vt 0.039978 0.648438

vt 0.140259 0.628906

vt 0.088745 0.678467

vt 0.154419 0.628906

vt 0.127197 0.671387

vt 0.044189 0.669434

vt 0.080261 0.650391

vt 0.157593 0.595459

vt 0.130615 0.673828

vt 0.130493 0.670898

vt 0.134399 0.671387

vt 0.157837 0.627930

vt 0.076355 0.628906

vt 0.038300 0.596191

vt 0.036835 0.646973

vt 0.083130 0.687744

vt 0.278809 0.640869

vt 0.225464 0.681396

vt 0.215820 0.592529

vt 0.275635 0.640625

vt 0.276611 0.647949

vt 0.278076 0.647949

vt 0.215332 0.681396

vt 0.205322 0.592529

vt 0.276367 0.654053

vt 0.290039 0.640869

vt 0.263916 0.639648

vt 0.264404 0.649414

vt 0.290039 0.649902

vt 0.290039 0.658447

vt 0.291260 0.649414

vt 0.279053 0.654541

vt 0.291016 0.639648

vt 0.426758 0.619873

vt 0.422852 0.623291

vt 0.319336 0.596191

vt 0.320312 0.595703

vt 0.320801 0.604980

vt 0.421143 0.626221

vt 0.412842 0.631348

vt 0.412598 0.625000

vt 0.355225 0.589844

vt 0.371338 0.589844

vt 0.312256 0.602295

vt 0.318604 0.611816

vt 0.387939 0.641113

vt 0.388916 0.636230

vt 0.396240 0.650391

vt 0.320068 0.623535

vt 0.326904 0.623535

vt 0.371094 0.639648

vt 0.384033 0.636963

vt 0.319580 0.658203

vt 0.327881 0.600586

vt 0.363525 0.645996

vt 0.373779 0.593750

vt 0.422607 0.631348

vt 0.310303 0.593994

vt 0.326660 0.611572

vt 0.328125 0.593750

vt 0.309082 0.603516

vt 0.303955 0.611816

vt 0.302490 0.612305

vt 0.296631 0.612305

vt 0.310303 0.611816

vt 0.302490 0.615234

vt 0.456299 0.589844

vt 0.390869 0.647705

vt 0.302490 0.623535

vt 0.295166 0.623535

vt 0.298096 0.623779

vt 0.312256 0.615234

vt 0.319580 0.615234

vt 0.311035 0.613770

vt 0.293701 0.603760

vt 0.329346 0.602539

vt 0.294189 0.612305

vt 0.295166 0.615234

vt 0.432129 0.631348

vt 0.411621 0.706787

vt 0.392578 0.711914

vt 0.329590 0.614502

vt 0.328369 0.622070

vt 0.327637 0.614990

vt 0.391113 0.704346

vt 0.410889 0.702881

vt 0.355957 0.619629

vt 0.434570 0.619629

vt 0.294189 0.622070

vt 0.292969 0.614502

vt 0.354004 0.631348

vt 0.310059 0.615234

vt 0.312256 0.622559

vt 0.310303 0.622559

vt 0.323975 0.623779

vt 0.381836 0.702637

vt 0.390869 0.695801

vt 0.318604 0.622070

vt 0.303955 0.622070

vt 0.411377 0.693848

vt 0.411621 0.697754

vt 0.412109 0.711426

vt 0.392578 0.690918

vt 0.412598 0.688721

vt 0.392090 0.697266

vt 0.415039 0.697266

vt 0.422119 0.705811

vt 0.414551 0.707764

vt 0.420654 0.696533

vt 0.944336 0.220215

vt 0.938477 0.224609

vt 0.941895 0.223633

vt 0.958496 0.519775

vt 0.986328 0.519531

vt 0.996582 0.614990

vt 0.161377 0.467285

vt 0.127197 0.498535

vt 0.958008 0.715576

vt 0.157471 0.512451

vt 0.155518 0.579834

vt 0.165527 0.466797

vt 0.419922 0.721436

vt 0.432129 0.797363

vt 0.432373 0.721436

vt 0.988281 0.510254

vt 0.993652 0.506836

vt 0.994629 0.510498

vt 0.164551 0.451660

vt 0.157837 0.452148

vt 0.956055 0.519531

vt 0.160156 0.450195

vt 0.958496 0.510742

vt 0.153931 0.450195

vt 0.165771 0.386230

vt 0.155640 0.392090

vt 0.151978 0.386230

vt 0.419434 0.797363

vt 0.130005 0.452637

vt 0.409912 0.455566

vt 0.371582 0.474609

vt 0.410156 0.475586

vt 0.352539 0.456055

vt 0.130981 0.385742

vt 0.352783 0.453613

vt 0.373535 0.453613

vt 0.122437 0.452637

vt 0.352539 0.458008

vt 0.362305 0.187500

vt 0.352539 0.203613

vt 0.356689 0.192383

vt 0.351074 0.457520

vt 0.691895 0.595459

vt 0.655273 0.592529

vt 0.657227 0.590576

vt 0.153687 0.375488

vt 0.153931 0.386230

vt 0.158813 0.377441

vt 0.161255 0.386719

vt 0.163452 0.377441

vt 0.167969 0.386230

vt 0.693848 0.592041

vt 0.654785 0.696777

vt 0.123535 0.381348

vt 0.128784 0.376953

vt 0.951660 0.222656

vt 0.950195 0.273926

vt 0.952637 0.273926

vt 0.692383 0.696777

vt 0.079407 0.385742

vt 0.058502 0.385742

vt 0.957520 0.720215

vt 0.955078 0.722168

vt 0.056854 0.455078

vt 0.048431 0.304688

vt 0.057037 0.376465

vt 0.052063 0.378418

vt 0.046600 0.376953

vt 0.697754 0.801025

vt 0.690918 0.810303

vt 0.961914 0.716797

vt 0.964355 0.719482

vt 0.055084 0.391602

vt 0.056458 0.389648

vt 0.049194 0.386719

vt 0.044739 0.385742

vt 0.042572 0.385742

vt 0.045532 0.375000

vt 0.994141 0.735840

vt 0.987305 0.726562

vt 0.988281 0.723633

vt 0.965820 0.735840

vt 0.963867 0.735840

vt 0.954590 0.823975

vt 0.991699 0.735840

vt 0.688477 0.805298

vt 0.677734 0.794678

vt 0.693848 0.795410

vt 0.676758 0.839600

vt 0.691895 0.838501

vt 0.676270 0.837158

vt 0.696289 0.827148

vt 0.678711 0.826904

vt 0.679688 0.813477

vt 0.676270 0.803345

vt 0.674805 0.812988

vt 0.675781 0.813843

vt 0.679199 0.812988

vt 0.674805 0.826904

vt 0.664551 0.827026

vt 0.662109 0.827026

vt 0.079712 0.452148

vt 0.665039 0.810059

vt 0.673828 0.813721

vt 0.661621 0.801270

vt 0.056427 0.452148

vt 0.053070 0.453613

vt 0.049469 0.449707

vt 0.043976 0.466309

vt 0.080811 0.496582

vt 0.959961 0.838135

vt 0.958008 0.836182

vt 0.993164 0.922180

vt 0.979980 0.913879

vt 0.991699 0.836914

vt 0.045105 0.451172

vt 0.048157 0.466797

vt 0.995117 0.923035

vt 0.979492 0.873901

vt 0.963379 0.825317

vt 0.958008 0.829224

vt 0.789062 0.115234

vt 0.771973 0.117188

vt 0.784180 0.120605

vt 0.789062 0.100098

vt 0.784180 0.111328

vt 0.771973 0.115234

vt 0.771973 0.101562

vt 0.784180 0.105469

vt 0.771973 0.099609

vt 0.784180 0.096191

vt 0.771973 0.132324

vt 0.784180 0.135742

vt 0.770508 0.136230

vt 0.771973 0.130859

vt 0.789062 0.130859

vt 0.784180 0.126953

vt 0.770508 0.126953

vt 0.769531 0.131348

vt 0.811523 0.337402

vt 0.770508 0.121094

vt 0.769531 0.116211

vt 0.770508 0.111816

vt 0.770508 0.105469

vt 0.757812 0.086426

vt 0.753418 0.081543

vt 0.757812 0.083984

vt 0.752930 0.088867

vt 0.754883 0.080566

vt 0.769531 0.084961

vt 0.754883 0.089844

vt 0.775879 0.395996

vt 0.766113 0.471191

vt 0.757324 0.101562

vt 0.752930 0.096680

vt 0.757812 0.099609

vt 0.752930 0.104004

vt 0.757324 0.117188

vt 0.752930 0.112305

vt 0.757324 0.115234

vt 0.752930 0.119629

vt 0.754883 0.095703

vt 0.754883 0.105469

vt 0.769531 0.100586

vt 0.754883 0.111328

vt 0.754883 0.121094

vt 0.757324 0.132812

vt 0.752930 0.127930

vt 0.757324 0.130371

vt 0.752930 0.135254

vt 0.754883 0.126465

vt 0.754883 0.136230

vt 0.770508 0.095703

vt 0.434570 0.863403

vt 0.434326 0.848389

vt 0.302490 0.264160

vt 0.292480 0.259766

vt 0.302246 0.253906

vt 0.279785 0.262207

vt 0.624512 0.636719

vt 0.624512 0.696045

vt 0.039062 0.219238

vt 0.041870 0.249023

vt 0.032104 0.244629

vt 0.333008 0.878113

vt 0.347900 0.878418

vt 0.335693 0.884094

vt 0.070801 0.243164

vt 0.422119 0.819702

vt 0.276367 0.911560

vt 0.274902 0.915527

vt 0.329834 0.951721

vt 0.271240 0.916016

vt 0.542480 0.791016

vt 0.541992 0.731689

vt 0.544922 0.732910

vt 0.046631 0.261230

vt 0.291260 0.276855

vt 0.302979 0.278320

vt 0.292725 0.277832

vt 0.284912 0.842041

vt 0.276611 0.840210

vt 0.261963 0.951904

vt 0.429199 0.840942

vt 0.432129 0.840088

vt 0.432129 0.853638

vt 0.268799 0.948914

vt 0.273926 0.844727

vt 0.263916 0.842773

vt 0.292480 0.288574

vt 0.291016 0.396973

vt 0.292480 0.309570

vt 0.293457 0.322266

vt 0.269287 0.849365

vt 0.269531 0.911316

vt 0.357178 0.818848

vt 0.354004 0.878235

vt 0.354004 0.816162

vt 0.298340 0.303223

vt 0.303223 0.297363

vt 0.500000 0.441406

vt 0.501465 0.442383

vt 0.491211 0.451172

vt 0.488770 0.447754

vt 0.275635 0.274902

vt 0.491943 0.437500

vt 0.504883 0.416992

vt 0.621094 0.698730

vt 0.542969 0.728271

vt 0.275879 0.276855

vt 0.261230 0.939148

vt 0.352539 0.884277

vt 0.357422 0.877075

vt 0.267578 0.947845

vt 0.289307 0.289551

vt 0.288574 0.286621

vt 0.650879 0.708740

vt 0.746094 0.687988

vt 0.700195 0.687012

vt 0.701660 0.673584

vt 0.702148 0.695312

vt 0.980469 0.656982

vt 0.762695 0.835327

vt 0.741211 0.835938

vt 0.770508 0.850830

vt 0.775391 0.844971

vt 0.764160 0.853271

vt 0.960938 0.643555

vt 0.649414 0.700195

vt 0.760254 0.852295

vt 0.765625 0.841797

vt 0.945801 0.836304

vt 0.925293 0.835205

vt 0.938477 0.822144

vt 0.931152 0.804565

vt 0.749023 0.822144

vt 0.755859 0.804688

vt 0.922363 0.842163

vt 0.917480 0.851196

vt 0.743652 0.696533

vt 0.924805 0.853516

vt 0.928223 0.852051

vt 0.935547 0.863281

vt 0.932617 0.851807

vt 0.937500 0.864502

vt 0.743652 0.709717

vt 0.994629 0.627197

vt 0.992676 0.619385

vt 0.936035 0.864380

vt 0.992676 0.628906

vt 0.991211 0.628906

vt 0.957520 0.840698

vt 0.706055 0.714111

vt 0.972656 0.866699

vt 0.724121 0.715820

vt 0.650879 0.740479

vt 0.652344 0.712646

vt 0.695801 0.741455

vt 0.694824 0.712646

vt 0.697754 0.708984

vt 0.755371 0.851685

vt 0.748535 0.864014

vt 0.703613 0.710693

vt 0.994141 0.631592

vt 0.988281 0.616455

vt 0.744141 0.710693

vt 0.743652 0.713379

vt 0.751465 0.864868

vt 0.703125 0.708984

vt 0.960938 0.714111

vt 0.696777 0.701172

vt 0.752930 0.863159

vt 0.732910 0.857910

vt 0.954590 0.857910

vt 0.845703 0.947357

vt 0.823730 0.953369

vt 0.909668 0.816406

vt 0.747559 0.625977

vt 0.700684 0.625732

vt 0.888672 0.818359

vt 0.898926 0.822510

vt 0.912598 0.826660

vt 0.890625 0.836548

vt 0.810547 0.832886

vt 0.810547 0.953003

vt 0.687500 0.964600

vt 0.719727 0.983871

vt 0.685547 0.965576

vt 0.912109 0.808960

vt 0.745605 0.658447

vt 0.702637 0.936096

vt 0.746094 0.662354

vt 0.907227 0.839722

vt 0.910156 0.841797

vt 0.810059 0.917480

vt 0.746094 0.667969

vt 0.892578 0.840698

vt 0.899902 0.843872

vt 0.687988 0.952393

vt 0.745605 0.654053

vt 0.903809 0.841553

vt 0.877441 0.833008

vt 0.670898 0.935791

vt 0.745117 0.645020

vt 0.797852 0.836182

vt 0.795410 0.840576

vt 0.782715 0.840088

vt 0.787109 0.843384

vt 0.685547 0.870972

vt 0.827637 0.916199

vt 0.703125 0.644531

vt 0.701172 0.653809

vt 0.745605 0.623535

vt 0.847656 0.956146

vt 0.875000 0.833740

vt 0.631348 0.935181

vt 0.888672 0.957764

vt 0.779785 0.839355

vt 0.701172 0.663086

vt 0.716797 0.841064

vt 0.686523 0.855103

vt 0.684082 0.852417

vt 0.807129 0.917419

vt 0.700684 0.659424

vt 0.476807 0.895874

vt 0.477295 0.903198

vt 0.492432 0.895813

vt 0.477539 0.892578

vt 0.491211 0.888123

vt 0.486084 0.701904

vt 0.483398 0.696289

vt 0.492432 0.901062

vt 0.478760 0.907471

vt 0.482422 0.705566

vt 0.485352 0.708496

vt 0.491455 0.906738

vt 0.485840 0.714355

vt 0.506836 0.647949

vt 0.448975 0.888184

vt 0.463135 0.896057

vt 0.447754 0.896057

vt 0.462891 0.892700

vt 0.463135 0.903442

vt 0.463867 0.908691

vt 0.448242 0.901184

vt 0.448486 0.906677

vt 0.476807 0.914551

vt 0.493164 0.914856

vt 0.469482 0.912476

vt 0.476562 0.921875

vt 0.481934 0.691895

vt 0.485596 0.689209

vt 0.493652 0.920593

vt 0.492188 0.925110

vt 0.478271 0.925842

vt 0.462891 0.941132

vt 0.484131 0.683838

vt 0.477295 0.933411

vt 0.493164 0.933594

vt 0.476807 0.940948

vt 0.469971 0.931458

vt 0.462646 0.933533

vt 0.462891 0.914734

vt 0.463135 0.922058

vt 0.445801 0.914246

vt 0.463379 0.927063

vt 0.446777 0.920593

vt 0.447998 0.924988

vt 0.503906 0.650635

vt 0.502930 0.656494

vt 0.507812 0.634277

vt 0.505859 0.639404

vt 0.503418 0.644043

vt 0.503418 0.631592

vt 0.828613 0.831665

vt 0.825684 0.831299

vt 0.742676 0.598389

vt 0.745117 0.602539

vt 0.741211 0.597168

vt 0.856445 0.842041

vt 0.856934 0.842896

vt 0.868652 0.842041

vt 0.864746 0.847290

vt 0.862305 0.845825

vt 0.745605 0.613037

vt 0.861328 0.833862

vt 0.857910 0.832642

vt 0.812988 0.833252

vt 0.811035 0.823242

vt 0.860840 0.819946

vt 0.831055 0.842773

vt 0.744141 0.605225

vt 0.825684 0.846558

vt 0.823242 0.846680

vt 0.707520 0.597412

vt 0.703125 0.604492

vt 0.702637 0.601562

vt 0.827148 0.818970

vt 0.705566 0.597900

vt 0.831543 0.842163

vt 0.816895 0.783936

vt 0.814453 0.782959

vt 0.824707 0.793701

vt 0.789551 0.689209

vt 0.780273 0.698975

vt 0.775879 0.690430

vt 0.792969 0.693115

vt 0.700684 0.749756

vt 0.704102 0.747314

vt 0.745605 0.749268

vt 0.865234 0.801636

vt 0.747559 0.750488

vt 0.873047 0.791748

vt 0.877441 0.810425

vt 0.791504 0.676758

vt 0.789062 0.687012

vt 0.781250 0.675781

vt 0.792480 0.688721

vt 0.800781 0.687500

vt 0.782715 0.702393

vt 0.794922 0.702881

vt 0.808105 0.676270

vt 0.812988 0.687256

vt 0.808594 0.688721

vt 0.861816 0.795166

vt 0.837402 0.798218

vt 0.862305 0.790527

vt 0.809082 0.693115

vt 0.812012 0.689209

vt 0.821777 0.695801

vt 0.819824 0.698975

vt 0.817871 0.701660

vt 0.825195 0.689941

vt 0.819824 0.676025

vt 0.874512 0.782471

vt 0.746094 0.740479

vt 0.746582 0.722656

vt 0.702148 0.721191

vt 0.701172 0.622559

vt 0.809570 0.811401

vt 0.631348 0.903564

vt 0.696289 0.902588

vt 0.696289 0.916077

vt 0.934570 0.351562

vt 0.697754 0.893372

vt 0.631348 0.894287

vt 0.363770 0.890137

vt 0.434082 0.914307

vt 0.358398 0.914307

vt 0.916016 0.353027

vt 0.915527 0.372559

vt 0.928711 0.178711

vt 0.925293 0.147949

vt 0.938965 0.176758

vt 0.940430 0.176758

vt 0.939453 0.143555

vt 0.945312 0.166992

vt 0.899414 0.576172

vt 0.899414 0.593994

vt 0.354736 0.900513

vt 0.922852 0.365234

vt 0.906250 0.595703

vt 0.922852 0.372559

vt 0.359131 0.885254

vt 0.929199 0.575928

vt 0.945312 0.137695

vt 0.922852 0.375488

vt 0.915527 0.375488

vt 0.359863 0.879822

vt 0.367676 0.882019

vt 0.907715 0.598145

vt 0.922852 0.416016

vt 0.367676 0.875122

vt 0.424805 0.882019

vt 0.885254 0.591064

vt 0.888672 0.575684

vt 0.872070 0.588867

vt 0.886719 0.575684

vt 0.933594 0.188965

vt 0.918945 0.012207

vt 0.915039 0.003418

vt 0.918945 0.003418

vt 0.872559 0.575439

vt 0.927246 0.182617

vt 0.925781 0.003418

vt 0.927246 0.188965

vt 0.942871 0.499512

vt 0.949219 0.499512

vt 0.358398 0.955444

vt 0.344238 0.914673

vt 0.344482 0.955078

vt 0.909180 0.003418

vt 0.913086 0.003418

vt 0.909180 0.011719

vt 0.949219 0.512451

vt 0.916016 0.511963

vt 0.922852 0.499512

vt 0.942871 0.488770

vt 0.940918 0.069336

vt 0.947266 0.062988

vt 0.902344 0.003418

vt 0.947266 0.069336

vt 0.916504 0.499023

vt 0.929688 0.103027

vt 0.943848 0.116211

vt 0.930664 0.118652

vt 0.876465 0.822021

vt 0.927734 0.103027

vt 0.944336 0.103027

vt 0.915039 0.029297

vt 0.631348 0.928040

vt 0.943359 0.471680

vt 0.923340 0.488281

vt 0.923340 0.471680

vt 0.916016 0.639648

vt 0.938965 0.126953

vt 0.940430 0.131836

vt 0.913086 0.029297

vt 0.909180 0.029297

vt 0.428711 0.890076

vt 0.916016 0.667480

vt 0.906738 0.655762

vt 0.898438 0.666260

vt 0.904785 0.658447

vt 0.915527 0.433594

vt 0.922852 0.433594

vt 0.907227 0.638428

vt 0.431641 0.881348

vt 0.915527 0.436523

vt 0.922852 0.436523

vt 0.435059 0.890808

vt 0.426758 0.876343

vt 0.698242 0.925903

vt 0.631348 0.919067

vt 0.439941 0.911316

vt 0.438232 0.950195

vt 0.438232 0.919556

vt 0.918945 0.029297

vt 0.717285 0.484863

vt 0.922852 0.443359

vt 0.694336 0.513184

vt 0.694336 0.499023

vt 0.897949 0.660645

vt 0.887695 0.684814

vt 0.921387 0.697021

vt 0.005348 0.995060

vt 0.888184 0.616943

vt 0.215698 0.955261

vt 0.215210 0.996302

vt 0.193359 0.994987

vt 0.189941 0.994957

vt 0.666016 0.511963

vt 0.665039 0.513184

vt 0.666504 0.498047

vt 0.666992 0.523193

vt 0.667480 0.523438

vt 0.719238 0.542725

vt 0.692383 0.513428

vt 0.667969 0.514893

vt 0.691406 0.511719

vt 0.689453 0.515381

vt 0.691895 0.498535

vt 0.665527 0.518066

vt 0.694824 0.518066

vt 0.693359 0.523193

vt 0.693359 0.523438

vt 0.713867 0.559570

vt 0.626953 0.559814

vt 0.713379 0.558350

vt 0.712402 0.562256

vt 0.626465 0.558594

vt 0.713867 0.544922

vt 0.713867 0.544434

vt 0.661621 0.543701

vt 0.631348 0.580322

vt 0.717285 0.581787

vt 0.630859 0.581787

vt 0.632812 0.584229

vt 0.108948 0.988037

vt 0.631348 0.566895

vt 0.693848 0.515381

vt 0.696289 0.516846

vt 0.631348 0.566406

vt 0.625977 0.564697

vt 0.720703 0.513184

vt 0.682617 0.565430

vt 0.934082 0.460449

vt 0.935059 0.463867

vt 0.896484 0.601807

vt 0.900391 0.601807

vt 0.900879 0.612305

vt 0.661621 0.544922

vt 0.720703 0.499512

vt 0.718750 0.516602

vt 0.721191 0.514893

vt 0.717773 0.580078

vt 0.754395 0.493652

vt 0.712402 0.493652

vt 0.684082 0.566650

vt 0.628418 0.562256

vt 0.887695 0.668701

vt 0.921875 0.083008

vt 0.909668 0.082520

vt 0.885254 0.680664

vt 0.917969 0.093750

vt 0.886230 0.665283

vt 0.917480 0.453613

vt 0.910156 0.094238

vt 0.909668 0.097168

vt 0.916992 0.462402

vt 0.915527 0.466309

vt 0.921875 0.093262

vt 0.888184 0.612549

vt 0.717285 0.565918

vt 0.749512 0.484863

vt 0.716309 0.584229

vt 0.626953 0.544434

vt 0.876465 0.317383

vt 0.803223 0.040527

vt 0.807129 0.051270

vt 0.838379 0.044922

vt 0.833984 0.041992

vt 0.838379 0.037598

vt 0.833984 0.040039

vt 0.836426 0.045898

vt 0.838379 0.059082

vt 0.833984 0.056641

vt 0.838379 0.051758

vt 0.833984 0.054688

vt 0.836426 0.050781

vt 0.821777 0.055664

vt 0.820801 0.060547

vt 0.836426 0.060547

vt 0.807617 0.036621

vt 0.819824 0.040039

vt 0.819824 0.041992

vt 0.807129 0.045410

vt 0.820801 0.045898

vt 0.820801 0.036133

vt 0.822266 0.041016

vt 0.854004 0.261719

vt 0.855469 0.329102

vt 0.819336 0.054688

vt 0.819336 0.056641

vt 0.820801 0.050781

vt 0.807129 0.060059

vt 0.807129 0.065918

vt 0.856934 0.316406

vt 0.856934 0.318848

vt 0.836426 0.036133

vt 0.853516 0.335449

vt 0.802734 0.070312

vt 0.837891 0.066406

vt 0.833984 0.071289

vt 0.833984 0.069336

vt 0.838379 0.073730

vt 0.836426 0.065430

vt 0.820801 0.075195

vt 0.836426 0.075195

vt 0.819336 0.069336

vt 0.820801 0.065430

vt 0.819336 0.071289

vt 0.807129 0.075195

vt 0.807129 0.080566

vt 0.821777 0.070312

vt 0.856934 0.333008

vt 0.108643 0.684326

vt 0.128174 0.665283

vt 0.120361 0.651855

vt 0.126465 0.595947

vt 0.119507 0.630127

vt 0.033905 0.596191

vt 0.047974 0.596191

vt 0.051971 0.646973

vt 0.054901 0.596191

vt 0.091980 0.689941

vt 0.090454 0.695557

vt 0.084900 0.685303

vt 0.059570 0.658691

vt 0.116821 0.678467

vt 0.055115 0.670166

vt 0.144531 0.595703

vt 0.135132 0.595703

vt 0.063782 0.669922

vt 0.135010 0.674561

vt 0.098938 0.674316

vt 0.033630 0.670166

vt 0.137451 0.677979

vt 0.135132 0.629639

vt 0.055084 0.648926

vt 0.085205 0.678223

vt 0.082397 0.674805

vt 0.081116 0.678223

vt 0.137329 0.670410

vt 0.116211 0.670166

vt 0.117065 0.666992

vt 0.078674 0.670654

vt 0.137451 0.667236

vt 0.033508 0.649414

vt 0.078857 0.674316

vt 0.137451 0.675049

vt 0.112061 0.689453

vt 0.116455 0.693604

vt 0.118896 0.595703

vt 0.064026 0.648926

vt 0.278076 0.625732

vt 0.100342 0.701172

vt 0.103271 0.704102

vt 0.111084 0.705322

vt 0.115967 0.700684

vt 0.081116 0.666992

vt 0.082458 0.670410

vt 0.063293 0.596191

vt 0.091797 0.704102

vt 0.094299 0.697510

vt 0.819824 0.192383

vt 0.807617 0.195801

vt 0.802734 0.190918

vt 0.819824 0.190430

vt 0.807617 0.186523

vt 0.821289 0.187012

vt 0.857422 0.442383

vt 0.822266 0.191406

vt 0.807617 0.180664

vt 0.819824 0.175293

vt 0.821777 0.175781

vt 0.819824 0.176758

vt 0.820801 0.180664

vt 0.820801 0.171387

vt 0.807129 0.171387

vt 0.802734 0.175781

vt 0.789062 0.190918

vt 0.789062 0.175293

vt 0.819336 0.162109

vt 0.820801 0.166016

vt 0.807129 0.165527

vt 0.819336 0.160156

vt 0.821777 0.161133

vt 0.892090 0.400391

vt 0.838379 0.157227

vt 0.833984 0.162109

vt 0.833984 0.160156

vt 0.838379 0.164551

vt 0.836426 0.156250

vt 0.836426 0.166016

vt 0.838379 0.172363

vt 0.833984 0.176758

vt 0.833984 0.174805

vt 0.838379 0.179688

vt 0.838867 0.187500

vt 0.833984 0.192383

vt 0.833984 0.190430

vt 0.838379 0.194824

vt 0.836426 0.170898

vt 0.836426 0.180664

vt 0.836914 0.186523

vt 0.854492 0.442383

vt 0.876465 0.439453

vt 0.840820 0.204590

vt 0.835449 0.208496

vt 0.835449 0.206543

vt 0.838867 0.211914

vt 0.836914 0.196289

vt 0.821777 0.202637

vt 0.837891 0.202148

vt 0.821289 0.196289

vt 0.822754 0.207520

vt 0.856445 0.455078

vt 0.819824 0.206543

vt 0.807617 0.202148

vt 0.820312 0.212402

vt 0.837891 0.212402

vt 0.820312 0.207520

vt 0.533203 0.411133

vt 0.488770 0.411133

vt 0.532715 0.407227

vt 0.490723 0.406738

vt 0.843750 0.604004

vt 0.875977 0.127930

vt 0.877930 0.172363

vt 0.879395 0.199707

vt 0.885254 0.169922

vt 0.519043 0.379883

vt 0.827148 0.598145

vt 0.838867 0.613281

vt 0.831543 0.613281

vt 0.533203 0.469727

vt 0.520996 0.383301

vt 0.519531 0.387207

vt 0.490723 0.385742

vt 0.523438 0.382324

vt 0.523438 0.378418

vt 0.491211 0.381348

vt 0.488770 0.397461

vt 0.518555 0.375000

vt 0.875000 0.206543

vt 0.532227 0.473633

vt 0.531738 0.475098

vt 0.824707 0.541016

vt 0.838379 0.640137

vt 0.856445 0.631592

vt 0.501953 0.445312

vt 0.492188 0.472656

vt 0.490723 0.381348

vt 0.491455 0.377441

vt 0.487549 0.377441

vt 0.487305 0.382812

vt 0.863770 0.199707

vt 0.871094 0.190918

vt 0.872070 0.204590

vt 0.872559 0.216309

vt 0.865234 0.227539

vt 0.891602 0.223633

vt 0.872559 0.229980

vt 0.503906 0.474609

vt 0.490723 0.375000

vt 0.873047 0.102051

vt 0.870605 0.190430

vt 0.489258 0.404297

vt 0.489502 0.401855

vt 0.533203 0.397949

vt 0.533203 0.401367

vt 0.521973 0.377441

vt 0.520020 0.382324

vt 0.531738 0.404297

vt 0.617188 0.428223

vt 0.534180 0.417480

vt 0.300537 0.658691

vt 0.276611 0.660156

vt 0.278076 0.660156

vt 0.351807 0.679199

vt 0.346924 0.678711

vt 0.389160 0.619873

vt 0.393066 0.631348

vt 0.380371 0.662598

vt 0.370605 0.662598

vt 0.310059 0.653809

vt 0.315674 0.629883

vt 0.315430 0.654053

vt 0.302734 0.658691

vt 0.313477 0.654053

vt 0.263672 0.657715

vt 0.415771 0.589844

vt 0.358643 0.676025

vt 0.366455 0.663330

vt 0.357422 0.661133

vt 0.342773 0.676025

vt 0.345703 0.690918

vt 0.351074 0.688232

vt 0.354980 0.686035

vt 0.345947 0.692627

vt 0.356445 0.689941

vt 0.359863 0.687988

vt 0.354736 0.696045

vt 0.363037 0.666748

vt 0.337646 0.687744

vt 0.423828 0.590332

vt 0.291260 0.657959

vt 0.276611 0.700928

vt 0.327637 0.585938

vt 0.264404 0.690918

vt 0.291260 0.691895

vt 0.402100 0.597656

vt 0.402832 0.589844

vt 0.361572 0.659668

vt 0.411133 0.617676

vt 0.411621 0.603271

vt 0.354492 0.648682

vt 0.358887 0.648438

vt 0.360840 0.636475

vt 0.363281 0.640137

vt 0.409668 0.620605

vt 0.388672 0.589844

vt 0.302979 0.666260

vt 0.300537 0.661621

vt 0.304932 0.658936

vt 0.304443 0.593262

vt 0.267090 0.693115

vt 0.277832 0.700684

vt 0.303955 0.668213

vt 0.320312 0.584717

vt 0.312256 0.659424

vt 0.309570 0.593750

vt 0.307617 0.593994

vt 0.400146 0.619629

vt 0.403076 0.631348

vt 0.286865 0.693604

vt 0.268555 0.701660

vt 0.284424 0.701172

vt 0.291504 0.666260

vt 0.789551 0.774170

vt 0.780762 0.784668

vt 0.979492 0.919495

vt 0.778320 0.785400

vt 0.704102 0.779297

vt 0.705566 0.781860

vt 0.756836 0.794800

vt 0.746094 0.779907

vt 0.744141 0.781616

vt 0.931152 0.794556

vt 0.907715 0.783936

vt 0.909668 0.784912

vt 0.917480 0.791748

vt 0.749512 0.764160

vt 0.786133 0.791138

vt 0.781250 0.801147

vt 0.785156 0.800293

vt 0.937012 0.868530

vt 0.805664 0.816162

vt 0.776367 0.807373

vt 0.786621 0.808594

vt 0.702148 0.790161

vt 0.934082 0.870361

vt 0.746582 0.792603

vt 0.748047 0.815796

vt 0.934570 0.910339

vt 0.927246 0.913818

vt 0.922852 0.915588

vt 0.926270 0.866211

vt 0.959961 0.890442

vt 0.907227 0.863647

vt 0.937500 0.913025

vt 0.702148 0.817993

vt 0.803223 0.816284

vt 0.959961 0.865967

vt 0.961914 0.890442

vt 0.961426 0.863525

vt 0.908203 0.890442

vt 0.959961 0.914795

vt 0.890137 0.784058

vt 0.899902 0.792969

vt 0.906250 0.800415

vt 0.901855 0.800781

vt 0.880371 0.810669

vt 0.901855 0.807129

vt 0.897949 0.808960

vt 0.748047 0.719727

vt 0.907715 0.914612

vt 0.883301 0.816040

vt 0.432373 0.406250

vt 0.394287 0.406738

vt 0.399414 0.397461

vt 0.395752 0.407715

vt 0.425049 0.355957

vt 0.469482 0.359375

vt 0.461914 0.356445

vt 0.460449 0.359375

vt 0.422363 0.066895

vt 0.427979 0.407227

vt 0.965820 0.043457

vt 0.264893 0.428223

vt 0.287354 0.427734

vt 0.287109 0.430176

vt 0.293701 0.434570

vt 0.268555 0.433105

vt 0.350586 0.464355

vt 0.964844 0.046875

vt 0.963867 0.042480

vt 0.966309 0.042969

vt 0.969238 0.045898

vt 0.346191 0.461426

vt 0.348633 0.465332

vt 0.959473 0.043457

vt 0.961914 0.043457

vt 0.268311 0.442871

vt 0.290283 0.444824

vt 0.961914 0.045898

vt 0.962402 0.043945

vt 0.350098 0.473633

vt 0.350098 0.472656

vt 0.268311 0.440918

vt 0.352295 0.447754

vt 0.374512 0.449219

vt 0.469238 0.378418

vt 0.461182 0.378418

vt 0.393555 0.425781

vt 0.396973 0.432129

vt 0.956055 0.045898

vt 0.268311 0.447754

vt 0.966309 0.007812

vt 0.430664 0.426270

vt 0.325439 0.431641

vt 0.328369 0.437012

vt 0.323486 0.433594

vt 0.975098 0.379395

vt 0.979492 0.376465

vt 0.979004 0.348633

vt 0.975098 0.351562

vt 0.305176 0.416016

vt 0.323486 0.416016

vt 0.309326 0.449707

vt 0.302490 0.437012

vt 0.307129 0.437012

vt 0.353027 0.425293

vt 0.356445 0.410156

vt 0.328369 0.413086

vt 0.371826 0.423340

vt 0.373535 0.423340

vt 0.372314 0.415527

vt 0.349365 0.435059

vt 0.332275 0.433105

vt 0.349365 0.432129

vt 0.305420 0.433594

vt 0.306885 0.412598

vt 0.973633 0.332520

vt 0.305176 0.450684

vt 0.356445 0.426758

vt 0.350342 0.453613

vt 0.372070 0.434082

vt 0.359131 0.434082

vt 0.979004 0.354980

vt 0.363525 0.427246

vt 0.371338 0.425781

vt 0.363281 0.421875

vt 0.328369 0.426270

vt 0.324463 0.425293

vt 0.332520 0.435059

vt 0.347900 0.425781

vt 0.940918 0.403320

vt 0.325439 0.417969

vt 0.349365 0.418945

vt 0.358154 0.408691

vt 0.358887 0.415039

vt 0.966309 0.351562

vt 0.974609 0.298828

vt 0.980469 0.305664

vt 0.971680 0.305664

vt 0.374023 0.410645

vt 0.375977 0.407227

vt 0.365234 0.424805

vt 0.975098 0.353027

vt 0.332520 0.416016

vt 0.349365 0.416016

vt 0.349609 0.397461

vt 0.332031 0.415039

vt 0.963867 0.235352

vt 0.958496 0.251465

vt 0.967285 0.403320

vt 0.377441 0.425293

vt 0.374268 0.426758

vt 0.336670 0.451172

vt 0.335205 0.425781

vt 0.336670 0.400391

vt 0.309082 0.399902

vt 0.993652 0.376953

vt 0.987305 0.376465

vt 0.302002 0.412109

vt 0.305176 0.399414

vt 0.944336 0.394531

vt 0.912598 0.221680

vt 0.930664 0.224121

vt 0.913086 0.225098

vt 0.912598 0.227539

vt 0.909180 0.225586

vt 0.911133 0.255371

vt 0.907227 0.255859

vt 0.903809 0.262695

vt 0.927246 0.228516

vt 0.928223 0.291992

vt 0.940918 0.273926

vt 0.210205 0.291992

vt 0.938477 0.273926

vt 0.948730 0.224609

vt 0.942871 0.300781

vt 0.937988 0.300781

vt 0.939941 0.304688

vt 0.942871 0.303711

vt 0.937012 0.305176

vt 0.162231 0.324707

vt 0.210693 0.394531

vt 0.182251 0.396973

vt 0.178589 0.344238

vt 0.908691 0.298340

vt 0.906250 0.301270

vt 0.917480 0.301758

vt 0.931152 0.294922

vt 0.936523 0.326172

vt 0.930664 0.321289

vt 0.928223 0.326660

vt 0.215820 0.394531

vt 0.215820 0.275391

vt 0.939941 0.326172

vt 0.930176 0.307617

vt 0.930664 0.327148

vt 0.928711 0.321777

vt 0.937500 0.317871

vt 0.932617 0.339355

vt 0.918457 0.321289

vt 0.918457 0.318359

vt 0.932617 0.307617

vt 0.905273 0.321777

vt 0.905273 0.316406

vt 0.905273 0.319824

vt 0.901855 0.319824

vt 0.902832 0.328613

vt 0.950195 0.276367

vt 0.929199 0.343750

vt 0.915527 0.327637

vt 0.904785 0.331055

vt 0.919922 0.329590

vt 0.905273 0.328613

vt 0.940918 0.276367

vt 0.217041 0.396973

vt 0.803223 0.115723

vt 0.807617 0.111328

vt 0.807617 0.105469

vt 0.856445 0.367676

vt 0.819824 0.115234

vt 0.819824 0.117188

vt 0.807617 0.120605

vt 0.821289 0.111816

vt 0.822266 0.116211

vt 0.821289 0.121094

vt 0.856934 0.369629

vt 0.856934 0.373535

vt 0.833984 0.147461

vt 0.820801 0.151367

vt 0.833984 0.145508

vt 0.821777 0.146484

vt 0.836426 0.151367

vt 0.803223 0.130859

vt 0.838379 0.150391

vt 0.838379 0.143066

vt 0.784180 0.141602

vt 0.789062 0.145996

vt 0.807617 0.126953

vt 0.819824 0.130859

vt 0.819824 0.132324

vt 0.821289 0.126953

vt 0.822266 0.131348

vt 0.807129 0.141602

vt 0.807129 0.135742

vt 0.819336 0.145508

vt 0.821289 0.136230

vt 0.820801 0.142090

vt 0.802734 0.145996

vt 0.819336 0.147461

vt 0.807129 0.150879

vt 0.807129 0.156738

vt 0.833984 0.132812

vt 0.836426 0.141602

vt 0.836914 0.136230

vt 0.833984 0.130371

vt 0.875488 0.371582

vt 0.836914 0.126465

vt 0.838867 0.112305

vt 0.833984 0.117188

vt 0.833984 0.115234

vt 0.838379 0.119629

vt 0.838379 0.135254

vt 0.838867 0.127930

vt 0.836426 0.111328

vt 0.836914 0.121094

vt 0.608398 0.981003

vt 0.611328 0.953766

vt 0.622070 0.981628

vt 0.773926 0.473145

vt 0.813965 0.442383

vt 0.795898 0.205078

vt 0.772461 0.212402

vt 0.626953 0.981720

vt 0.769043 0.211914

vt 0.756348 0.208496

vt 0.769043 0.207520

vt 0.756348 0.206543

vt 0.753418 0.212402

vt 0.770020 0.202637

vt 0.753906 0.202148

vt 0.792969 0.430176

vt 0.752441 0.211914

vt 0.750977 0.204590

vt 0.631836 0.994698

vt 0.623535 0.984497

vt 0.771484 0.208496

vt 0.621094 0.997507

vt 0.615723 0.990982

vt 0.608398 0.987778

vt 0.617188 0.985260

vt 0.784180 0.202148

vt 0.771484 0.206543

vt 0.784180 0.195801

vt 0.812012 0.455078

vt 0.771973 0.192383

vt 0.770508 0.196289

vt 0.216309 0.860840

vt 0.203735 0.861938

vt 0.003725 0.852661

vt 0.004436 0.851807

vt 0.004166 0.850098

vt 0.003906 0.857788

vt 0.217041 0.858032

vt 0.055328 0.860718

vt 0.043793 0.860352

vt 0.003815 0.861328

vt 0.193848 0.897766

vt 0.192505 0.894531

vt 0.056763 0.895691

vt 0.002911 0.956146

vt 0.053375 0.903381

vt 0.069824 0.989639

vt 0.053253 0.882019

vt 0.057587 0.859375

vt 0.192139 0.939362

vt 0.192627 0.939972

vt 0.001749 0.908691

vt 0.215454 0.909241

vt 0.039368 0.864380

vt 0.054901 0.866455

vt 0.060028 0.863037

vt 0.040192 0.878540

vt 0.036530 0.879028

vt 0.209351 0.836304

vt 0.205566 0.835327

vt 0.195557 0.835571

vt 0.191040 0.841187

vt 0.191406 0.836792

vt 0.101013 0.848633

vt 0.096375 0.849854

vt 0.097778 0.845459

vt 0.097290 0.857910

vt 0.208374 0.840454

vt 0.103271 0.858643

vt 0.102966 0.851685

vt 0.106750 0.851196

vt 0.201782 0.841553

vt 0.093384 0.857910

vt 0.095947 0.852173

vt 0.196655 0.844116

vt 0.200073 0.846802

vt 0.195923 0.849121

vt 0.196655 0.841675

vt 0.086975 0.858887

vt 0.091553 0.851196

vt 0.350098 0.872314

vt 0.350098 0.871582

vt 0.343506 0.824951

vt 0.344238 0.843018

vt 0.339844 0.842041

vt 0.346924 0.843750

vt 0.343262 0.852173

vt 0.341553 0.873291

vt 0.352539 0.843750

vt 0.344727 0.853394

vt 0.320312 0.884766

vt 0.320068 0.854126

vt 0.573242 0.934509

vt 0.569824 0.943451

vt 0.568359 0.938568

vt 0.349854 0.877625

vt 0.344482 0.875061

vt 0.313965 0.903809

vt 0.319336 0.906311

vt 0.340088 0.825195

vt 0.337646 0.843628

vt 0.310547 0.918274

vt 0.344482 0.871826

vt 0.335449 0.822266

vt 0.311768 0.882751

vt 0.352295 0.843628

vt 0.352295 0.846924

vt 0.349854 0.845581

vt 0.334473 0.843750

vt 0.487549 0.389160

vt 0.488770 0.393555

vt 0.577148 0.470215

vt 0.577148 0.472656

vt 0.573242 0.932861

vt 0.593750 0.855225

vt 0.577637 0.417969

vt 0.345215 0.825317

vt 0.339111 0.852417

vt 0.347168 0.824219

vt 0.407227 0.823364

vt 0.414551 0.835938

vt 0.598145 0.937317

vt 0.343262 0.852051

vt 0.574707 0.885010

vt 0.350098 0.853027

vt 0.342041 0.848389

vt 0.353027 0.822632

vt 0.349609 0.822021

vt 0.350830 0.848511

vt 0.245850 0.882568

vt 0.252197 0.944702

vt 0.246338 0.933655

vt 0.598633 0.941498

vt 0.345703 0.846680

vt 0.236816 0.880371

vt 0.241577 0.880798

vt 0.591797 0.946442

vt 0.334717 0.991348

vt 0.330078 0.991570

vt 0.244385 0.937836

vt 0.239258 0.939850

vt 0.598633 0.946716

vt 0.343994 0.871948

vt 0.310547 0.843262

vt 0.323975 0.877991

vt 0.331299 0.886780

vt 0.587402 0.587646

vt 0.598145 0.885742

vt 0.567871 0.884949

vt 0.569336 0.881287

vt 0.333008 0.888977

vt 0.568848 0.915588

vt 0.573242 0.914001

vt 0.373047 0.206543

vt 0.354492 0.241699

vt 0.353760 0.207031

vt 0.346680 0.248047

vt 0.350830 0.240723

vt 0.331299 0.237305

vt 0.332520 0.248047

vt 0.324707 0.241699

vt 0.305420 0.207031

vt 0.326660 0.207520

vt 0.329346 0.251465

vt 0.083008 0.496582

vt 0.373779 0.251465

vt 0.316650 0.263672

vt 0.328125 0.239746

vt 0.304932 0.250000

vt 0.307129 0.250977

vt 0.315186 0.263184

vt 0.323730 0.243164

vt 0.328857 0.239258

vt 0.476074 0.453613

vt 0.331055 0.207031

vt 0.446533 0.457031

vt 0.459229 0.452148

vt 0.328857 0.255371

vt 0.347900 0.236816

vt 0.347412 0.251953

vt 0.338135 0.462891

vt 0.340088 0.461914

vt 0.352539 0.254883

vt 0.366455 0.264160

vt 0.355469 0.242676

vt 0.337646 0.469727

vt 0.313232 0.461914

vt 0.315430 0.462891

vt 0.351074 0.240234

vt 0.410645 0.478027

vt 0.315918 0.469727

vt 0.406494 0.484375

vt 0.347412 0.207031

vt 0.375732 0.481934

vt 0.305908 0.477539

vt 0.305908 0.455566

vt 0.288574 0.477539

vt 0.647461 0.856934

vt 0.644043 0.587646

vt 0.647949 0.588867

vt 0.578125 0.856934

vt 0.579102 0.588867

vt 0.638672 0.587646

vt 0.632324 0.855225

vt 0.630859 0.587646

vt 0.297119 0.839111

vt 0.298340 0.842773

vt 0.303467 0.845947

vt 0.298828 0.847534

vt 0.298828 0.849609

vt 0.411377 0.841431

vt 0.404541 0.839966

vt 0.262207 0.970718

vt 0.260010 0.969681

vt 0.219849 0.873535

vt 0.290771 0.839355

vt 0.293945 0.842163

vt 0.262939 0.970520

vt 0.526855 0.853760

vt 0.522461 0.586426

vt 0.407227 0.849731

vt 0.405029 0.854980

vt 0.412354 0.861328

vt 0.237793 0.876953

vt 0.234863 0.871460

vt 0.261963 0.979919

vt 0.260986 0.992149

vt 0.266846 0.991150

vt 0.405029 0.863403

vt 0.243164 0.870972

vt 0.533691 0.703125

vt 0.296387 0.910461

vt 0.334961 0.979599

vt 0.219604 0.943512

vt 0.287598 0.911255

vt 0.260010 0.964081

vt 0.329590 0.969284

vt 0.329590 0.970581

vt 0.329590 0.959381

vt 0.324463 0.983521

vt 0.270996 0.983307

vt 0.272461 0.986877

vt 0.324463 0.987114

vt 0.233032 0.934082

vt 0.228638 0.944702

vt 0.333984 0.970062

vt 0.232910 0.882202

vt 0.625000 0.855225

vt 0.533203 0.853760

vt 0.640625 0.854858

vt 0.584961 0.854858

vt 0.598633 0.868652

vt 0.595703 0.869141

vt 0.598145 0.875122

vt 0.591309 0.876770

vt 0.296143 0.911438

vt 0.303467 0.915222

vt 0.296387 0.915771

vt 0.414795 0.803345

vt 0.407959 0.804199

vt 0.413574 0.812378

vt 0.416504 0.809937

vt 0.419922 0.812012

vt 0.421875 0.802490

vt 0.420166 0.802002

vt 0.324707 0.983368

vt 0.324219 0.987091

vt 0.599121 0.954437

vt 0.595703 0.954651

vt 0.662109 0.032715

vt 0.615723 0.014648

vt 0.639648 0.021484

vt 0.646484 0.303711

vt 0.600586 0.303711

vt 0.598145 0.289062

vt 0.662109 0.032715

vt 0.639648 0.021484

vt 0.668457 0.017090

vt 0.072937 0.579102

vt 0.053650 0.579590

vt 0.619141 0.001953

vt 0.684082 0.057129

vt 0.680176 0.050781

vt 0.684570 0.034668

vt 0.682129 0.031738

vt 0.675781 0.037109

vt 0.687988 0.017578

vt 0.684082 0.018555

vt 0.671387 0.020508

vt 0.973633 0.665283

vt 0.135742 0.579346

vt 0.134277 0.531006

vt 0.155029 0.579590

vt 0.976562 0.912292

vt 0.976074 0.888611

vt 0.051544 0.512207

vt 0.645508 0.288574

vt 0.052826 0.579834

vt 0.696289 0.763916

vt 0.696289 0.789062

vt 0.650879 0.763794

vt 0.650879 0.788818

vt 0.126221 0.538086

vt 0.123718 0.514404

vt 0.074707 0.531006

vt 0.083862 0.498535

vt 0.128540 0.498535

vt 0.119141 0.536377

vt 0.126587 0.498047

vt 0.133057 0.534180

vt 0.127319 0.579102

vt 0.085388 0.513916

vt 0.089783 0.538086

vt 0.082642 0.538086

vt 0.075806 0.534180

vt 0.118225 0.579102

vt 0.090393 0.579102

vt 0.081421 0.579102

vt 0.977051 0.679688

vt 0.974121 0.705078

vt 0.977539 0.703613

vt 0.905762 0.514893

vt 0.906250 0.510498

vt 0.937500 0.536865

vt 0.900879 0.471680

vt 0.771484 0.512451

vt 0.762695 0.515137

vt 0.730469 0.537109

vt 0.852051 0.005371

vt 0.762207 0.510742

vt 0.537109 0.628906

vt 0.538574 0.693604

vt 0.544922 0.788940

vt 0.538574 0.637695

vt 0.529297 0.586426

vt 0.189941 0.270508

vt 0.204956 0.253906

vt 0.173706 0.271973

vt 0.416504 0.060547

vt 0.071045 0.219727

vt 0.087219 0.223145

vt 0.424561 0.230469

vt 0.433350 0.222656

vt 0.455811 0.185059

vt 0.399658 0.229492

vt 0.395020 0.217285

vt 0.391113 0.222168

vt 0.448486 0.188965

vt 0.456299 0.188965

vt 0.858398 0.005371

vt 0.551758 0.732178

vt 0.549805 0.730469

vt 0.601562 0.637207

vt 0.605957 0.635010

vt 0.558594 0.628418

vt 0.556152 0.637695

vt 0.558594 0.586426

vt 0.594727 0.587646

vt 0.563965 0.586182

vt 0.549805 0.726318

vt 0.552246 0.633789

vt 0.549805 0.628662

vt 0.543457 0.796387

vt 0.543945 0.633057

vt 0.617676 0.633545

vt 0.618164 0.587646

vt 0.536621 0.586426

vt 0.605957 0.587646

vt 0.187012 0.007812

vt 0.140259 0.238770

vt 0.204468 0.007812

vt 0.172241 0.007812

vt 0.429199 0.198730

vt 0.429443 0.220703

vt 0.447754 0.185059

vt 0.399658 0.187500

vt 0.394043 0.219238

vt 0.456787 0.161621

vt 0.449219 0.162109

vt 0.394531 0.196777

vt 0.431152 0.196289

vt 0.448486 0.159668

vt 0.424805 0.188477

vt 0.123962 0.234863

vt 0.138916 0.011230

vt 0.682129 0.438477

vt 0.689941 0.435059

vt 0.268555 0.455566

vt 0.688965 0.436523

vt 0.683594 0.433105

vt 0.680664 0.433594

vt 0.255371 0.456055

vt 0.268555 0.476562

vt 0.685547 0.437500

vt 0.689941 0.418457

vt 0.661621 0.449707

vt 0.626465 0.469727

vt 0.665527 0.435059

vt 0.260498 0.455566

vt 0.668457 0.420898

vt 0.690430 0.420898

vt 0.690918 0.433105

vt 0.668945 0.423828

vt 0.441162 0.459473

vt 0.441162 0.457520

vt 0.643066 0.471191

vt 0.634277 0.470215

vt 0.250488 0.477539

vt 0.256104 0.477051

vt 0.248657 0.454102

vt 0.631348 0.464844

vt 0.260498 0.477539

vt 0.248413 0.477539

vt 0.663086 0.480469

vt 0.668457 0.449707

vt 0.644043 0.458008

vt 0.997559 0.984680

vt 0.836914 0.984680

vt 0.835938 0.976288

vt 0.630859 0.460938

vt 0.642578 0.463379

vt 0.679688 0.446777

vt 0.994141 0.984612

vt 0.990234 0.994083

vt 0.997070 0.976562

vt 0.671875 0.444336

vt 0.679688 0.437012

vt 0.992676 0.976440

vt 0.839844 0.986702

vt 0.836426 0.986832

vt 0.837891 0.994148

vt 0.840820 0.995186

vt 0.864258 0.984680

vt 0.840332 0.976898

vt 0.683594 0.447754

vt 0.840820 0.974380

vt 0.668457 0.444824

vt 0.681152 0.422852

vt 0.683594 0.422852

vt 0.977051 0.127930

vt 0.986328 0.128418

vt 0.983887 0.136230

vt 0.997070 0.095703

vt 0.986816 0.144531

vt 0.974609 0.130859

vt 0.968750 0.129883

vt 0.969727 0.123047

vt 0.967773 0.125488

vt 0.973633 0.125488

vt 0.446045 0.053711

vt 0.467529 0.028320

vt 0.384521 0.017090

vt 0.986328 0.124512

vt 0.450684 0.024902

vt 0.451660 0.028320

vt 0.439209 0.017578

vt 0.958984 0.127930

vt 0.962402 0.133301

vt 0.957031 0.132324

vt 0.964844 0.347168

vt 0.962891 0.131836

vt 0.967285 0.137207

vt 0.449951 0.052734

vt 0.453613 0.058105

vt 0.466064 0.058105

vt 0.988770 0.127441

vt 0.958008 0.139160

vt 0.436035 0.018066

vt 0.375488 0.051758

vt 0.379395 0.052734

vt 0.771973 0.145508

vt 0.769531 0.146484

vt 0.771973 0.147461

vt 0.770508 0.151367

vt 0.784180 0.150879

vt 0.757812 0.147461

vt 0.755371 0.151367

vt 0.771973 0.160156

vt 0.769531 0.161133

vt 0.811523 0.421387

vt 0.770508 0.156250

vt 0.771973 0.162109

vt 0.770508 0.166016

vt 0.784180 0.156738

vt 0.784180 0.165527

vt 0.789062 0.160645

vt 0.771973 0.175293

vt 0.769531 0.175781

vt 0.770508 0.171387

vt 0.784180 0.171387

vt 0.771973 0.176758

vt 0.770508 0.180664

vt 0.784180 0.180664

vt 0.771973 0.190430

vt 0.769531 0.191406

vt 0.770508 0.187012

vt 0.784180 0.186523

vt 0.757812 0.145508

vt 0.802734 0.160645

vt 0.753418 0.164551

vt 0.753418 0.157227

vt 0.757812 0.162109

vt 0.757812 0.160156

vt 0.753418 0.150391

vt 0.753418 0.143066

vt 0.770508 0.142090

vt 0.755371 0.141602

vt 0.820801 0.156250

vt 0.757324 0.192383

vt 0.754883 0.196289

vt 0.757324 0.190430

vt 0.754883 0.186523

vt 0.757812 0.176758

vt 0.755371 0.156250

vt 0.757812 0.174805

vt 0.754883 0.180664

vt 0.754883 0.170898

vt 0.752930 0.194824

vt 0.752930 0.187500

vt 0.752930 0.179688

vt 0.753418 0.172363

vt 0.755371 0.166016

vt 0.833984 0.101562

vt 0.821289 0.105469

vt 0.833984 0.099609

vt 0.822266 0.100586

vt 0.836914 0.105469

vt 0.836914 0.095703

vt 0.838867 0.104004

vt 0.838379 0.096680

vt 0.819824 0.085938

vt 0.819824 0.084473

vt 0.822266 0.084961

vt 0.820801 0.089844

vt 0.807617 0.089844

vt 0.802734 0.084961

vt 0.807617 0.096191

vt 0.803223 0.100586

vt 0.820801 0.080566

vt 0.789062 0.084961

vt 0.771973 0.085938

vt 0.784180 0.089844

vt 0.784180 0.080566

vt 0.771973 0.084473

vt 0.784180 0.075195

vt 0.771973 0.071289

vt 0.771973 0.069336

vt 0.770508 0.089844

vt 0.770508 0.080566

vt 0.833984 0.086426

vt 0.833984 0.083984

vt 0.836426 0.089844

vt 0.836426 0.080566

vt 0.838379 0.088867

vt 0.838379 0.081543

vt 0.770508 0.075195

vt 0.757812 0.071289

vt 0.770508 0.065430

vt 0.755371 0.075195

vt 0.769531 0.070312

vt 0.757812 0.069336

vt 0.755371 0.065430

vt 0.753418 0.073730

vt 0.753418 0.066406

vt 0.819824 0.101562

vt 0.819824 0.099609

vt 0.821289 0.095703

vt 0.626953 0.455078

vt 0.631836 0.456543

vt 0.954102 0.973755

vt 0.990234 0.973724

vt 0.637207 0.456055

vt 0.637207 0.435547

vt 0.643555 0.435059

vt 0.995605 0.986664

vt 0.951172 0.986809

vt 0.631836 0.435547

vt 0.274902 0.464355

vt 0.269775 0.455078

vt 0.376953 0.485352

vt 0.378174 0.492676

vt 0.649902 0.458984

vt 0.275635 0.455566

vt 0.280273 0.460449

vt 0.648438 0.433594

vt 0.372314 0.492188

vt 0.384033 0.488281

vt 0.282471 0.455566

vt 0.954102 0.994324

vt 0.275146 0.471680

vt 0.278076 0.477539

vt 0.280273 0.472168

vt 0.446533 0.453125

vt 0.442139 0.446289

vt 0.441406 0.447266

vt 0.449463 0.447266

vt 0.285156 0.466797

vt 0.953125 0.976440

vt 0.950684 0.974182

vt 0.952148 0.984848

vt 0.952148 0.995422

vt 0.631836 0.430176

vt 0.626953 0.435547

vt 0.643555 0.424316

vt 0.631348 0.427246

vt 0.642090 0.430664

vt 0.372070 0.491211

vt 0.658203 0.453125

vt 0.269531 0.478516

vt 0.779785 0.949860

vt 0.758789 0.950073

vt 0.762695 0.944336

vt 0.782715 0.947876

vt 0.656250 0.960510

vt 0.659668 0.957001

vt 0.665527 0.963684

vt 0.664062 0.850830

vt 0.723633 0.964233

vt 0.763672 0.972107

vt 0.723145 0.972107

vt 0.669434 0.958130

vt 0.792480 0.951843

vt 0.808105 0.952972

vt 0.759277 0.963867

vt 0.789551 0.926758

vt 0.782715 0.920227

vt 0.790527 0.916199

vt 0.789551 0.941650

vt 0.764648 0.904663

vt 0.769531 0.884399

vt 0.800293 0.942932

vt 0.792969 0.919678

vt 0.788574 0.822510

vt 0.757324 0.901245

vt 0.767578 0.966675

vt 0.768066 0.972107

vt 0.757812 0.960510

vt 0.799316 0.928467

vt 0.776367 0.826050

vt 0.763672 0.976318

vt 0.723145 0.976318

vt 0.723145 0.960693

vt 0.923340 0.126465

vt 0.718750 0.972107

vt 0.720215 0.961945

vt 0.845703 0.154297

vt 0.859863 0.176758

vt 0.844727 0.175781

vt 0.778809 0.816040

vt 0.937988 0.601074

vt 0.938477 0.575195

vt 0.944824 0.594971

vt 0.944336 0.575928

vt 0.861816 0.158691

vt 0.949707 0.985428

vt 0.946777 0.986748

vt 0.949219 0.975967

vt 0.916504 0.984856

vt 0.919434 0.986862

vt 0.914062 0.984787

vt 0.913574 0.976471

vt 0.916504 0.975342

vt 0.685547 0.458984

vt 0.685059 0.461914

vt 0.680664 0.462402

vt 0.869629 0.986717

vt 0.868164 0.994873

vt 0.866699 0.973969

vt 0.871582 0.976624

vt 0.872559 0.986786

vt 0.871094 0.994732

vt 0.871582 0.984612

vt 0.871582 0.974030

vt 0.873535 0.976440

vt 0.914551 0.993149

vt 0.917969 0.995041

vt 0.918945 0.974197

vt 0.916016 0.992920

vt 0.916016 0.975128

vt 0.085266 0.959778

vt 0.086304 0.988281

vt 0.085083 0.913330

vt 0.087036 0.960419

vt 0.087585 0.987923

vt 0.666016 0.537109

vt 0.666992 0.527588

vt 0.675781 0.527588

vt 0.681152 0.532715

vt 0.616211 0.939301

vt 0.605957 0.951630

vt 0.703125 0.500244

vt 0.618652 0.936646

vt 0.608398 0.937073

vt 0.616699 0.935547

vt 0.612793 0.922546

vt 0.604980 0.921265

vt 0.617188 0.944885

vt 0.603027 0.911865

vt 0.612305 0.913757

vt 0.618164 0.952026

vt 0.711914 0.500000

vt 0.602051 0.895386

vt 0.612305 0.901611

vt 0.603027 0.899780

vt 0.614258 0.895142

vt 0.714844 0.534180

vt 0.710938 0.528320

vt 0.718750 0.528809

vt 0.605957 0.947021

vt 0.695312 0.536621

vt 0.694336 0.527100

vt 0.685547 0.527344

vt 0.605957 0.905029

vt 0.611816 0.901917

vt 0.611816 0.908936

vt 0.602539 0.901428

vt 0.612305 0.900330

vt 0.612305 0.911255

vt 0.602539 0.910217

vt 0.305664 0.514404

vt 0.304688 0.494629

vt 0.311768 0.514404

vt 0.322266 0.514404

vt 0.328125 0.496582

vt 0.382080 0.271484

vt 0.382080 0.313477

vt 0.343750 0.557861

vt 0.416260 0.551758

vt 0.344727 0.514404

vt 0.345947 0.494141

vt 0.338623 0.514404

vt 0.343750 0.522217

vt 0.349121 0.519043

vt 0.337891 0.518066

vt 0.387451 0.291504

vt 0.349365 0.515869

vt 0.352783 0.495117

vt 0.289307 0.514404

vt 0.295654 0.494141

vt 0.295410 0.514404

vt 0.329346 0.517090

vt 0.319092 0.522217

vt 0.321533 0.518066

vt 0.336182 0.515869

vt 0.338867 0.493652

vt 0.312744 0.518066

vt 0.313965 0.528320

vt 0.330566 0.495117

vt 0.387695 0.303711

vt 0.456543 0.260742

vt 0.448975 0.259766

vt 0.456299 0.256836

vt 0.448486 0.256836

vt 0.313965 0.551758

vt 0.437500 0.303223

vt 0.391113 0.305664

vt 0.391113 0.320312

vt 0.436768 0.306152

vt 0.441650 0.319824

vt 0.433105 0.306641

vt 0.354004 0.562012

vt 0.344727 0.562256

vt 0.338867 0.562988

vt 0.329346 0.562012

vt 0.386475 0.312988

vt 0.329346 0.566162

vt 0.307129 0.557861

vt 0.386719 0.344727

vt 0.319824 0.515869

vt 0.314209 0.515869

vt 0.321289 0.494141

vt 0.312012 0.493652

vt 0.435547 0.321777

vt 0.387451 0.322754

vt 0.289062 0.562500

vt 0.449463 0.289551

vt 0.456787 0.287109

vt 0.448486 0.286621

vt 0.456299 0.291992

vt 0.433105 0.348145

vt 0.439209 0.349609

vt 0.456299 0.324219

vt 0.446289 0.327148

vt 0.448486 0.324219

vt 0.456543 0.328125

vt 0.387695 0.345703

vt 0.286865 0.515869

vt 0.288330 0.494141

vt 0.280029 0.516846

vt 0.294434 0.521973

vt 0.288330 0.518066

vt 0.299805 0.519043

vt 0.295166 0.562988

vt 0.311523 0.562744

vt 0.305664 0.562500

vt 0.322021 0.562500

vt 0.436523 0.324219

vt 0.456543 0.263672

vt 0.446533 0.259766

vt 0.300781 0.515625

vt 0.382080 0.355469

vt 0.575195 0.855225

vt 0.574219 0.587402

vt 0.568359 0.586426

vt 0.569336 0.853516

vt 0.439941 0.958435

vt 0.435059 0.978943

vt 0.933594 0.451172

vt 0.888672 0.600586

vt 0.887695 0.598145

vt 0.927734 0.192383

vt 0.444824 0.797363

vt 0.926758 0.196289

vt 0.520020 0.855225

vt 0.387451 0.797363

vt 0.387451 0.721436

vt 0.393066 0.797363

vt 0.462646 0.721436

vt 0.468506 0.797363

vt 0.462402 0.797363

vt 0.928711 0.208008

vt 0.454346 0.797363

vt 0.454834 0.721436

vt 0.445312 0.721436

vt 0.468506 0.721436

vt 0.928223 0.434570

vt 0.935547 0.434570

vt 0.928223 0.441406

vt 0.915527 0.193359

vt 0.916504 0.187500

vt 0.909180 0.185547

vt 0.875977 0.213867

vt 0.928223 0.431152

vt 0.891602 0.170410

vt 0.885742 0.173340

vt 0.907715 0.182617

vt 0.935547 0.430664

vt 0.897949 0.194336

vt 0.886230 0.202637

vt 0.892090 0.196289

vt 0.562012 0.853760

vt 0.974121 0.051270

vt 0.971680 0.056641

vt 0.968750 0.060547

vt 0.968750 0.065430

vt 0.886230 0.192871

vt 0.967285 0.058594

vt 0.967285 0.052246

vt 0.953613 0.063965

vt 0.953613 0.059570

vt 0.957031 0.054688

vt 0.956055 0.050781

vt 0.951172 0.056152

vt 0.949219 0.052246

vt 0.519531 0.587402

vt 0.883789 0.195312

vt 0.925781 0.211914

vt 0.929688 0.643311

vt 0.934082 0.673828

vt 0.943848 0.666260

vt 0.968262 0.072754

vt 0.953125 0.073730

vt 0.921875 0.669922

vt 0.956543 0.078613

vt 0.952637 0.069336

vt 0.930176 0.669189

vt 0.966797 0.074707

vt 0.927734 0.666748

vt 0.950684 0.077148

vt 0.955566 0.082520

vt 0.949219 0.081055

vt 0.966797 0.080566

vt 0.927734 0.676758

vt 0.936523 0.646484

vt 0.938477 0.680420

vt 0.865234 0.089355

vt 0.930176 0.292969

vt 0.930176 0.231445

vt 0.937500 0.687744

vt 0.934570 0.230957

vt 0.928711 0.647217

vt 0.848633 0.096680

vt 0.852539 0.082031

vt 0.860352 0.082031

vt 0.950195 0.674316

vt 0.941895 0.678711

vt 0.853516 0.045898

vt 0.940918 0.690430

vt 0.940430 0.703857

vt 0.948242 0.701660

vt 0.859863 0.055176

vt 0.971191 0.076660

vt 0.968262 0.067871

vt 0.973633 0.082031

vt 0.922852 0.644043

vt 0.933594 0.292480

vt 0.933594 0.576904

vt 0.929199 0.599121

vt 0.943848 0.133789

vt 0.422119 0.483887

vt 0.443115 0.484375

vt 0.422119 0.481934

vt 0.087341 0.452148

vt 0.422119 0.479980

vt 0.420654 0.480469

vt 0.384521 0.429199

vt 0.386963 0.433105

vt 0.381592 0.438965

vt 0.440918 0.460449

vt 0.420166 0.473633

vt 0.479492 0.482910

vt 0.326904 0.205078

vt 0.420410 0.464355

vt 0.441162 0.463867

vt 0.243164 0.419434

vt 0.257080 0.420898

vt 0.479492 0.462402

vt 0.479736 0.459961

vt 0.315674 0.187988

vt 0.321533 0.192871

vt 0.257812 0.421875

vt 0.256592 0.423340

vt 0.243286 0.421387

vt 0.243652 0.423828

vt 0.285645 0.424805

vt 0.292480 0.418945

vt 0.086914 0.381348

vt 0.246948 0.477539

vt 0.257568 0.426270

vt 0.243286 0.428711

vt 0.257080 0.426758

vt 0.256592 0.430176

vt 0.243408 0.426270

vt 0.655762 0.479980

vt 0.244873 0.456543

vt 0.247314 0.454590

vt 0.246704 0.451172

vt 0.257568 0.411621

vt 0.258545 0.409668

vt 0.259277 0.413086

vt 0.244385 0.409180

vt 0.244263 0.406738

vt 0.257812 0.408691

vt 0.371826 0.477051

vt 0.372314 0.478516

vt 0.244507 0.411621

vt 0.258057 0.414551

vt 0.244263 0.413574

vt 0.244141 0.416016

vt 0.257812 0.404785

vt 0.346924 0.205078

vt 0.007587 0.007324

vt 0.025085 0.007324

vt 0.215820 0.027832

vt 0.252686 0.027832

vt 0.412842 0.843628

vt 0.415771 0.856934

vt 0.409424 0.854980

vt 0.419434 0.845459

vt 0.332520 0.838623

vt 0.332520 0.845215

vt 0.328613 0.838623

vt 0.389893 0.847168

vt 0.385498 0.858887

vt 0.385742 0.847168

vt 0.366943 0.867188

vt 0.373535 0.867188

vt 0.328613 0.845215

vt 0.332764 0.856934

vt 0.023331 0.244141

vt 0.489014 0.473145

vt 0.301758 0.245117

vt 0.291504 0.235840

vt 0.006409 0.229492

vt 0.010117 0.245117

vt 0.257324 0.266602

vt 0.253662 0.250977

vt 0.008568 0.246094

vt 0.255859 0.268066

vt 0.490967 0.473145

vt 0.425781 0.863037

vt 0.405273 0.870850

vt 0.581055 0.878845

vt 0.252197 0.863403

vt 0.243286 0.863525

vt 0.267090 0.916809

vt 0.261719 0.929199

vt 0.261475 0.917175

vt 0.267578 0.926880

vt 0.404053 0.870728

vt 0.395264 0.869873

vt 0.403809 0.847168

vt 0.395264 0.847046

vt 0.384521 0.860474

vt 0.420654 0.841064

vt 0.414551 0.837646

vt 0.419922 0.843994

vt 0.413086 0.842529

vt 0.418701 0.834229

vt 0.427490 0.828613

vt 0.422852 0.839966

vt 0.334229 0.858521

vt 0.430664 0.833496

vt 0.430664 0.827026

vt 0.430420 0.825562

vt 0.379395 0.870117

vt 0.377686 0.870972

vt 0.385498 0.871460

vt 0.436035 0.831909

vt 0.437256 0.826172

vt 0.333984 0.868530

vt 0.367432 0.849121

vt 0.373047 0.849121

vt 0.325928 0.862671

vt 0.394287 0.872314

vt 0.391602 0.864624

vt 0.489990 0.411133

vt 0.504883 0.411133

vt 0.257568 0.278809

vt 0.260254 0.278809

vt 0.428955 0.872070

vt 0.434814 0.872925

vt 0.604492 0.698730

vt 0.603027 0.855225

vt 0.289795 0.323242

vt 0.597656 0.881042

vt 0.572754 0.858154

vt 0.549316 0.790894

vt 0.298340 0.151855

vt 0.264893 0.037109

vt 0.298584 0.006348

vt 0.549805 0.792847

vt 0.569824 0.875122

vt 0.574219 0.871948

vt 0.265137 0.006348

vt 0.364502 0.083984

vt 0.364502 0.151855

vt 0.361816 0.151855

vt 0.288574 0.394531

vt 0.617676 0.855225

vt 0.612793 0.700684

vt 0.540527 0.697510

vt 0.558594 0.702881

vt 0.556152 0.696777

vt 0.243774 0.878174

vt 0.551758 0.791382

vt 0.550293 0.801392

vt 0.551758 0.797485

vt 0.543457 0.702637

vt 0.550781 0.700684

vt 0.610840 0.855225

vt 0.361816 0.049316

vt 0.328369 0.151855

vt 0.328369 0.006348

vt 0.601074 0.697510

vt 0.328125 0.185547

vt 0.389160 0.819946

vt 0.388916 0.805054

vt 0.385498 0.806030

vt 0.333984 0.950806

vt 0.335449 0.935913

vt 0.573242 0.951599

vt 0.573242 0.964996

vt 0.576172 0.964813

vt 0.573242 0.965302

vt 0.327148 0.948547

vt 0.341064 0.917297

vt 0.339600 0.912598

vt 0.542480 0.719727

vt 0.546387 0.717041

vt 0.361816 0.006348

vt 0.268555 0.935242

vt 0.140503 0.860718

vt 0.142700 0.858643

vt 0.152100 0.860474

vt 0.141602 0.849365

vt 0.136719 0.862549

vt 0.140869 0.866577

vt 0.199707 0.835815

vt 0.054657 0.848389

vt 0.082397 0.857056

vt 0.055511 0.845215

vt 0.112854 0.857300

vt 0.140259 0.845947

vt 0.088623 0.868896

vt 0.098511 0.852539

vt 0.107666 0.866333

vt 0.097595 0.864502

vt 0.107666 0.868652

vt 0.052094 0.845947

vt 0.090271 0.865845

vt 0.159302 0.879150

vt 0.155640 0.878601

vt 0.156372 0.864380

vt 0.190918 0.860718

vt 0.143677 0.845337

vt 0.190552 0.850220

vt 0.191162 0.857910

vt 0.191528 0.853271

vt 0.107239 0.861938

vt 0.191284 0.851929

vt 0.191528 0.852905

vt 0.109863 0.848755

vt 0.108276 0.861938

vt 0.086609 0.859253

vt 0.085815 0.849243

vt 0.190063 0.837769

vt 0.005722 0.837646

vt 0.204224 0.853271

vt 0.112000 0.848755

vt 0.083618 0.848633

vt 0.216553 0.852905

vt 0.087891 0.862061

vt 0.087097 0.859131

vt 0.962402 0.090820

vt 0.963379 0.092285

vt 0.958008 0.086426

vt 0.966797 0.089844

vt 0.959473 0.097168

vt 0.957031 0.091309

vt 0.968750 0.094727

vt 0.967773 0.099121

vt 0.970215 0.101562

vt 0.997070 0.053711

vt 0.997070 0.041504

vt 0.998535 0.033691

vt 0.997070 0.008301

vt 0.992676 0.040039

vt 0.984863 0.007324

vt 0.993164 0.032715

vt 0.976562 0.096680

vt 0.973633 0.099121

vt 0.976074 0.092285

vt 0.993164 0.057129

vt 0.997070 0.059570

vt 0.983887 0.088379

vt 0.998535 0.016602

vt 0.747559 0.920227

vt 0.979980 0.003906

vt 0.992676 0.066895

vt 0.998047 0.071289

vt 0.980957 0.012695

vt 0.975586 0.015137

vt 0.993164 0.204590

vt 0.998047 0.205566

vt 0.982910 0.018066

vt 0.985840 0.014648

vt 0.998047 0.134766

vt 0.993164 0.131836

vt 0.994141 0.139160

vt 0.993164 0.176270

vt 0.997559 0.181152

vt 0.993164 0.185059

vt 0.746582 0.927429

vt 0.744629 0.920593

vt 0.716797 0.929749

vt 0.746094 0.898987

vt 0.993164 0.098633

vt 0.744629 0.914856

vt 0.717285 0.917236

vt 0.717285 0.912720

vt 0.716309 0.917114

vt 0.715820 0.912781

vt 0.710938 0.911194

vt 0.712402 0.921570

vt 0.997070 0.105469

vt 0.992188 0.109863

vt 0.980469 0.035156

vt 0.999023 0.029297

vt 0.993652 0.078125

vt 0.716797 0.907227

vt 0.744629 0.904663

vt 0.743652 0.911133

vt 0.717285 0.923584

vt 0.998047 0.189453

vt 0.753906 0.918091

vt 0.753906 0.912170

vt 0.746582 0.910950

vt 0.991699 0.218750

vt 0.983398 0.020996

vt 0.707520 0.916565

vt 0.716309 0.901245

vt 0.993652 0.233398

vt 0.996582 0.023438

vt 0.992188 0.210449

vt 0.997070 0.214355

vt 0.976074 0.023926

vt 0.997070 0.205078

vt 0.997070 0.071777

vt 0.996582 0.234375

vt 0.993652 0.071777

vt 0.437988 0.666504

vt 0.432129 0.670898

vt 0.394287 0.677490

vt 0.394775 0.674805

vt 0.403320 0.673096

vt 0.173462 0.442871

vt 0.175903 0.423828

vt 0.205322 0.681396

vt 0.171265 0.457031

vt 0.179932 0.469238

vt 0.236084 0.592529

vt 0.245728 0.681396

vt 0.403564 0.677490

vt 0.179321 0.412598

vt 0.188721 0.403809

vt 0.138550 0.006348

vt 0.152100 0.008789

vt 0.124268 0.011719

vt 0.122803 0.006836

vt 0.087708 0.011719

vt 0.089233 0.006836

vt 0.220459 0.403809

vt 0.233276 0.422852

vt 0.413330 0.677490

vt 0.437988 0.655273

vt 0.229736 0.412598

vt 0.073486 0.006348

vt 0.073120 0.011230

vt 0.060944 0.008301

vt 0.194092 0.681396

vt 0.245728 0.592529

vt 0.252441 0.681396

vt 0.171631 0.592529

vt 0.181274 0.681396

vt 0.171631 0.681396

vt 0.235718 0.442871

vt 0.194580 0.592529

vt 0.039825 0.007812

vt 0.439209 0.666260

vt 0.439697 0.656494

vt 0.237915 0.457031

vt 0.181763 0.592529

vt 0.229126 0.469238

vt 0.398926 0.617676

vt 0.430420 0.681641

vt 0.436035 0.687744

vt 0.278076 0.592773

vt 0.278076 0.584961

vt 0.286865 0.593018

vt 0.277100 0.586182

vt 0.267822 0.592773

vt 0.276611 0.593262

vt 0.285889 0.584961

vt 0.284424 0.584961

vt 0.270264 0.584961

vt 0.445068 0.652588

vt 0.419434 0.673096

vt 0.418701 0.677490

vt 0.432129 0.652588

vt 0.414062 0.672852

vt 0.432861 0.681885

vt 0.445801 0.672119

vt 0.252441 0.592529

vt 0.291016 0.626953

vt 0.263916 0.627197

vt 0.367676 0.674316

vt 0.383545 0.674316

vt 0.379639 0.685303

vt 0.371338 0.688721

vt 0.374023 0.681885

vt 0.377686 0.675537

vt 0.291260 0.594727

vt 0.264404 0.594238

vt 0.383789 0.687988

vt 0.362793 0.687744

vt 0.379395 0.693848

vt 0.370117 0.692871

vt 0.085022 0.863770

vt 0.071350 0.868164

vt 0.118896 0.864868

vt 0.124451 0.868408

vt 0.086914 0.909363

vt 0.087708 0.864746

vt 0.110718 0.863892

vt 0.136597 0.867920

vt 0.108521 0.866211

vt 0.142700 0.898621

vt 0.110718 0.912292

vt 0.071289 0.903015

vt 0.124084 0.903259

vt 0.108948 0.908997

vt 0.076904 0.864868

vt 0.110657 0.959991

vt 0.070129 0.896423

vt 0.141846 0.882629

vt 0.125610 0.896240

vt 0.109009 0.959778

vt 0.108032 0.988159

vt 0.139648 0.896179

vt 0.693359 0.444336

vt 0.663574 0.438477

vt 0.663574 0.431641

vt 0.679199 0.459473

vt 0.660156 0.439941

vt 0.660645 0.431641

vt 0.688477 0.433105

vt 0.688477 0.420898

vt 0.680176 0.448242

vt 0.683594 0.448242

vt 0.692871 0.451172

vt 0.683594 0.472656

vt 0.681152 0.472656

vt 0.671875 0.451172

vt 0.683105 0.458984

vt 0.409424 0.721436

vt 0.409180 0.797363

vt 0.614746 0.443848

vt 0.401855 0.721436

vt 0.401611 0.797363

vt 0.393311 0.721436

vt 0.558105 0.853760

vt 0.614746 0.446777

vt 0.253906 0.393066

vt 0.251465 0.393066

vt 0.253418 0.395508

vt 0.934082 0.007324

vt 0.840332 0.518311

vt 0.616211 0.473145

vt 0.604980 0.475586

vt 0.604980 0.414062

vt 0.617188 0.414551

vt 0.520020 0.388184

vt 0.519531 0.392578

vt 0.521973 0.389160

vt 0.823730 0.519531

vt 0.617676 0.458984

vt 0.255615 0.391602

vt 0.259277 0.280762

vt 0.257812 0.390137

vt 0.298340 0.185547

vt 0.605469 0.418945

vt 0.523438 0.394043

vt 0.491943 0.388184

vt 0.493164 0.385254

vt 0.492920 0.391602

vt 0.491455 0.387695

vt 0.264893 0.151855

vt 0.520020 0.396484

vt 0.493164 0.394531

vt 0.492920 0.396973

vt 0.395264 0.824707

vt 0.385254 0.835815

vt 0.491943 0.395020

vt 0.318359 0.910828

vt 0.580566 0.944977

vt 0.328369 0.935608

vt 0.329102 0.927307

vt 0.335205 0.928223

vt 0.242065 0.892639

vt 0.236084 0.891907

vt 0.617188 0.446289

vt 0.616699 0.443359

vt 0.289062 0.396484

vt 0.286865 0.392578

vt 0.961426 0.005859

vt 0.421875 0.490723

vt 0.416016 0.438477

vt 0.267334 0.420410

vt 0.267090 0.412598

vt 0.267090 0.405762

vt 0.289307 0.408203

vt 0.267090 0.410156

vt 0.964355 0.002930

vt 0.956543 0.007324

vt 0.415771 0.476562

vt 0.966309 0.006836

vt 0.418213 0.472656

vt 0.969727 0.007324

vt 0.423340 0.440918

vt 0.427490 0.433105

vt 0.960938 0.007812

vt 0.286133 0.425781

vt 0.264893 0.425781

vt 0.444092 0.488770

vt 0.414307 0.440918

vt 0.341064 0.486328

vt 0.311523 0.486328

vt 0.341064 0.484375

vt 0.311523 0.484375

vt 0.335205 0.483398

vt 0.408447 0.438965

vt 0.402588 0.437500

vt 0.317383 0.483398

vt 0.428223 0.434570

vt 0.442871 0.438965

vt 0.317627 0.471680

vt 0.431396 0.428711

vt 0.461182 0.381348

vt 0.395996 0.434082

vt 0.392334 0.428711

vt 0.410156 0.440918

vt 0.468750 0.381836

vt 0.334717 0.471680

vt 0.419678 0.465332

vt 0.963379 0.008301

vt 0.423340 0.397461

vt 0.449463 0.222168

vt 0.456299 0.224121

vt 0.448486 0.227051

vt 0.071411 0.277832

vt 0.046997 0.285645

vt 0.047546 0.279297

vt 0.074219 0.282227

vt 0.461182 0.255859

vt 0.468750 0.251465

vt 0.469238 0.255859

vt 0.429688 0.304199

vt 0.429199 0.282227

vt 0.456787 0.229004

vt 0.447754 0.252441

vt 0.449219 0.229492

vt 0.087158 0.274414

vt 0.430908 0.279785

vt 0.394531 0.280762

vt 0.395020 0.301270

vt 0.424561 0.271973

vt 0.435303 0.279785

vt 0.178955 0.311523

vt 0.192871 0.292969

vt 0.202271 0.284668

vt 0.199585 0.270508

vt 0.183594 0.288086

vt 0.400146 0.271484

vt 0.391113 0.278320

vt 0.433105 0.264648

vt 0.429688 0.262207

vt 0.391113 0.263672

vt 0.394043 0.261230

vt 0.123901 0.292969

vt 0.140381 0.268555

vt 0.140015 0.302734

vt 0.134644 0.311523

vt 0.163452 0.313477

vt 0.165649 0.284668

vt 0.469238 0.223633

vt 0.461182 0.226074

vt 0.186523 0.296875

vt 0.172241 0.303711

vt 0.428955 0.240723

vt 0.469482 0.228027

vt 0.395020 0.259277

vt 0.461670 0.228516

vt 0.394531 0.238770

vt 0.430908 0.238281

vt 0.164062 0.305664

vt 0.173096 0.319336

vt 0.174438 0.333984

vt 0.460449 0.251465

vt 0.391113 0.236328

vt 0.577637 0.557129

vt 0.550781 0.561523

vt 0.381836 0.104004

vt 0.424805 0.146484

vt 0.460938 0.528320

vt 0.399414 0.145020

vt 0.390869 0.151855

vt 0.390869 0.137695

vt 0.429688 0.136230

vt 0.433594 0.138672

vt 0.468750 0.183594

vt 0.461182 0.188477

vt 0.460449 0.184082

vt 0.395020 0.132324

vt 0.393799 0.134766

vt 0.581543 0.551025

vt 0.535156 0.494629

vt 0.541504 0.514648

vt 0.535645 0.514648

vt 0.381836 0.187500

vt 0.381592 0.145020

vt 0.541016 0.522217

vt 0.542480 0.518311

vt 0.551270 0.518311

vt 0.534668 0.518066

vt 0.394775 0.175293

vt 0.442627 0.102539

vt 0.429443 0.114258

vt 0.462158 0.161133

vt 0.398926 0.103027

vt 0.407959 0.060059

vt 0.425293 0.103516

vt 0.431152 0.111328

vt 0.469727 0.160645

vt 0.461182 0.158691

vt 0.469238 0.155762

vt 0.386475 0.134766

vt 0.386230 0.103516

vt 0.394287 0.112305

vt 0.390869 0.110352

vt 0.401855 0.065430

vt 0.391113 0.096191

vt 0.434326 0.096191

vt 0.430664 0.093750

vt 0.448486 0.121582

vt 0.456543 0.117188

vt 0.456299 0.121582

vt 0.394043 0.093262

vt 0.395264 0.092285

vt 0.447998 0.117188

vt 0.516113 0.522217

vt 0.524902 0.562500

vt 0.518555 0.557861

vt 0.535645 0.562744

vt 0.541992 0.561768

vt 0.441895 0.145508

vt 0.437744 0.135742

vt 0.436768 0.137207

vt 0.469238 0.188477

vt 0.460938 0.192383

vt 0.469482 0.192383

vt 0.387451 0.135742

vt 0.533203 0.516113

vt 0.525879 0.494141

vt 0.525879 0.517334

vt 0.469482 0.127930

vt 0.461182 0.151367

vt 0.460938 0.127441

vt 0.543945 0.516113

vt 0.542969 0.494141

vt 0.549805 0.516113

vt 0.549805 0.494629

vt 0.390869 0.194336

vt 0.390869 0.179688

vt 0.435547 0.196289

vt 0.433350 0.181152

vt 0.456299 0.156738

vt 0.437256 0.514648

vt 0.443359 0.514648

vt 0.420898 0.514648

vt 0.426758 0.496582

vt 0.467041 0.522217

vt 0.442383 0.522217

vt 0.447754 0.519043

vt 0.436523 0.518066

vt 0.417725 0.522217

vt 0.381836 0.229492

vt 0.448486 0.515869

vt 0.452637 0.494141

vt 0.453857 0.514648

vt 0.444336 0.495605

vt 0.387451 0.207520

vt 0.448486 0.151367

vt 0.456787 0.128906

vt 0.440430 0.229980

vt 0.436523 0.198730

vt 0.437744 0.198242

vt 0.448242 0.128418

vt 0.436523 0.221191

vt 0.427979 0.517090

vt 0.386230 0.229004

vt 0.436279 0.494629

vt 0.434814 0.516113

vt 0.429443 0.495117

vt 0.387695 0.219727

vt 0.448242 0.193359

vt 0.456787 0.193359

vt 0.469727 0.557861

vt 0.444580 0.562744

vt 0.437012 0.562500

vt 0.417725 0.557861

vt 0.427979 0.562012

vt 0.420654 0.562256

vt 0.427979 0.566406

vt 0.419678 0.494141

vt 0.459961 0.514648

vt 0.420166 0.518066

vt 0.411377 0.518066

vt 0.389893 0.528320

vt 0.435303 0.238281

vt 0.437500 0.239746

vt 0.462158 0.221191

vt 0.460449 0.218750

vt 0.459717 0.562988

vt 0.453369 0.562500

vt 0.470215 0.562500

vt 0.476318 0.562988

vt 0.469727 0.218750

vt 0.418457 0.516113

vt 0.413086 0.516113

vt 0.456787 0.151855

vt 0.387451 0.197266

vt 0.449463 0.154785

vt 0.386475 0.187500

vt 0.459961 0.494141

vt 0.462402 0.516113

vt 0.468994 0.494629

vt 0.467773 0.516113

vt 0.387451 0.239258

vt 0.460693 0.518066

vt 0.469482 0.518066

vt 0.429932 0.178711

vt 0.484131 0.516113

vt 0.485352 0.494629

vt 0.486572 0.514648

vt 0.386475 0.176758

vt 0.470215 0.514648

vt 0.477051 0.517090

vt 0.461182 0.120605

vt 0.460449 0.116699

vt 0.491699 0.522217

vt 0.468750 0.116699

vt 0.485840 0.518311

vt 0.486328 0.562500

vt 0.492432 0.563721

vt 0.501953 0.561768

vt 0.394043 0.177246

vt 0.510254 0.561768

vt 0.501953 0.566162

vt 0.429199 0.156738

vt 0.469482 0.093262

vt 0.461914 0.093750

vt 0.394287 0.154297

vt 0.519531 0.514648

vt 0.518555 0.518066

vt 0.476318 0.494141

vt 0.387695 0.177734

vt 0.469482 0.125000

vt 0.431152 0.154297

vt 0.435791 0.154297

vt 0.461182 0.091309

vt 0.469238 0.088379

vt 0.460938 0.125000

vt 0.469238 0.120605

vt 0.440918 0.187012

vt 0.436768 0.179199

vt 0.519531 0.562012

vt 0.502930 0.514648

vt 0.508789 0.496582

vt 0.508789 0.514648

vt 0.502930 0.496582

vt 0.492676 0.494141

vt 0.492676 0.514648

vt 0.509766 0.518066

vt 0.501953 0.518066

vt 0.386230 0.144531

vt 0.518066 0.494141

vt 0.517090 0.516113

vt 0.511230 0.516113

vt 0.511230 0.495117

vt 0.469727 0.083984

vt 0.462158 0.086426

vt 0.437988 0.156738

vt 0.387207 0.154785

vt 0.461182 0.083496

vt 0.436768 0.156738

vt 0.493408 0.518066

vt 0.500488 0.516113

vt 0.495117 0.516113

vt 0.500488 0.495117

vt 0.469482 0.060547

vt 0.460938 0.060059

vt 0.510254 0.566162

vt 0.443359 0.056152

vt 0.423584 0.024414

vt 0.431396 0.068359

vt 0.416260 0.003418

vt 0.947754 0.332520

vt 0.985352 0.047363

vt 0.940918 0.378906

vt 0.431641 0.066406

vt 0.447510 0.093750

vt 0.456299 0.094727

vt 0.445801 0.091797

vt 0.458496 0.090820

vt 0.397217 0.064453

vt 0.394287 0.068848

vt 0.980957 0.299316

vt 0.415039 0.013672

vt 0.422119 0.004883

vt 0.424561 0.010742

vt 0.468750 0.024902

vt 0.450928 0.011230

vt 0.468506 0.011230

vt 0.407959 0.004395

vt 0.400879 0.023926

vt 0.402344 0.004395

vt 0.440918 0.067383

vt 0.388184 0.017090

vt 0.950195 0.384766

vt 0.438232 0.065918

vt 0.450928 0.004883

vt 0.468506 0.004883

vt 0.447021 0.087891

vt 0.458008 0.087402

vt 0.474609 0.003906

vt 0.394531 0.064453

vt 0.425781 0.055176

vt 0.388672 0.064453

vt 0.445068 0.003906

vt 0.980469 0.039062

vt 0.987793 0.038086

vt 0.474609 0.002441

vt 0.444824 0.002441

vt 0.399658 0.010254

vt 0.944336 0.378906

vt 0.437500 0.113770

vt 0.969238 0.274902

vt 0.972656 0.249512

vt 0.972168 0.273438

vt 0.588379 0.514404

vt 0.596191 0.514404

vt 0.597168 0.518555

vt 0.599121 0.505127

vt 0.599121 0.514160

vt 0.587402 0.518311

vt 0.583984 0.527100

vt 0.989258 0.235352

vt 0.966309 0.316406

vt 0.949707 0.330566

vt 0.387695 0.092285

vt 0.550781 0.565430

vt 0.596191 0.496582

vt 0.552246 0.514648

vt 0.552246 0.496094

vt 0.997070 0.290527

vt 0.988770 0.287598

vt 0.997070 0.342285

vt 0.569336 0.493164

vt 0.575684 0.515869

vt 0.568848 0.515137

vt 0.577148 0.492676

vt 0.558105 0.514893

vt 0.559082 0.493652

vt 0.575195 0.519531

vt 0.581543 0.519043

vt 0.578125 0.523193

vt 0.558105 0.561523

vt 0.568359 0.561768

vt 0.969238 0.371582

vt 0.628418 0.507812

vt 0.634766 0.505615

vt 0.631836 0.511719

vt 0.582031 0.529297

vt 0.584961 0.518799

vt 0.587891 0.496582

vt 0.965820 0.370605

vt 0.586914 0.492676

vt 0.980469 0.328125

vt 0.574707 0.561035

vt 0.621094 0.509033

vt 0.624023 0.504639

vt 0.627441 0.510254

vt 0.584961 0.492676

vt 0.581055 0.561035

vt 0.435791 0.111816

vt 0.461914 0.153809

vt 0.469727 0.151367

vt 0.387451 0.113281

vt 0.953125 0.387695

vt 0.562988 0.516113

vt 0.562988 0.519287

vt 0.438965 0.092285

vt 0.437744 0.093750

vt 0.448242 0.125488

vt 0.456787 0.125488

vt 0.388428 0.093750

vt 0.985352 0.290527

vt 0.578613 0.517578

vt 0.583984 0.495117

vt 0.583984 0.516357

vt 0.584961 0.497070

vt 0.584961 0.514160

vt 0.639648 0.496094

vt 0.637695 0.503662

vt 0.642578 0.503418

vt 0.642578 0.506836

vt 0.637695 0.507812

vt 0.601074 0.497070

vt 0.619141 0.496582

vt 0.641113 0.511719

vt 0.630371 0.502197

vt 0.626953 0.503906

vt 0.631348 0.494141

vt 0.636230 0.494141

vt 0.608887 0.513916

vt 0.606934 0.506592

vt 0.645508 0.494141

vt 0.618652 0.513428

vt 0.625977 0.494141

vt 0.385986 0.066895

vt 0.633789 0.500977

vt 0.389893 0.068848

vt 0.456299 0.083984

vt 0.599121 0.492676

vt 0.448486 0.083984

vt 0.583496 0.483398

vt 0.631348 0.491211

vt 0.613770 0.518799

vt 0.638672 0.526611

vt 0.630859 0.519043

vt 0.438232 0.069336

vt 0.638184 0.482422

vt 0.456787 0.061035

vt 0.448242 0.060547

vt 0.616699 0.550049

vt 0.617188 0.530518

vt 0.623535 0.549561

vt 0.624023 0.530762

vt 0.256348 0.514160

vt 0.262451 0.514160

vt 0.263184 0.518066

vt 0.266846 0.521729

vt 0.250244 0.518555

vt 0.382080 0.397461

vt 0.386719 0.386719

vt 0.251221 0.515137

vt 0.255371 0.493652

vt 0.245850 0.514160

vt 0.246216 0.493164

vt 0.387695 0.364746

vt 0.461426 0.286133

vt 0.469482 0.262695

vt 0.469727 0.286133

vt 0.437500 0.387207

vt 0.436768 0.365234

vt 0.387695 0.387695

vt 0.460938 0.262207

vt 0.436523 0.388672

vt 0.239746 0.514160

vt 0.238892 0.518066

vt 0.230225 0.518066

vt 0.386719 0.397461

vt 0.237305 0.515625

vt 0.238525 0.493164

vt 0.231812 0.515625

vt 0.229248 0.514160

vt 0.229492 0.494141

vt 0.272949 0.514160

vt 0.278809 0.496582

vt 0.271973 0.493652

vt 0.460938 0.327637

vt 0.469482 0.327637

vt 0.469238 0.323242

vt 0.386475 0.354980

vt 0.281494 0.495117

vt 0.391113 0.389648

vt 0.461182 0.323242

vt 0.441895 0.397949

vt 0.433105 0.390137

vt 0.189331 0.551514

vt 0.256348 0.562256

vt 0.262207 0.562500

vt 0.391113 0.347656

vt 0.256592 0.557861

vt 0.271973 0.518066

vt 0.270508 0.515625

vt 0.264893 0.515625

vt 0.262695 0.493164

vt 0.391113 0.362305

vt 0.435303 0.363770

vt 0.461914 0.289062

vt 0.469238 0.291016

vt 0.239624 0.562012

vt 0.246094 0.562744

vt 0.229858 0.562988

vt 0.223145 0.514404

vt 0.221802 0.493164

vt 0.280029 0.562012

vt 0.223389 0.562256

vt 0.272705 0.562256

vt 0.280029 0.566162

vt 0.437744 0.408203

vt 0.189209 0.528320

vt 0.470215 0.330078

vt 0.468994 0.350586

vt 0.386963 0.406738

vt 0.460693 0.329590

vt 0.205811 0.514893

vt 0.205444 0.495117

vt 0.213745 0.563477

vt 0.212158 0.514648

vt 0.206055 0.566162

vt 0.206055 0.562012

vt 0.663574 0.463379

vt 0.666016 0.451172

vt 0.665039 0.421387

vt 0.189453 0.557861

vt 0.665039 0.470703

vt 0.437500 0.433105

vt 0.439453 0.430176

vt 0.437256 0.427246

vt 0.460693 0.387207

vt 0.470215 0.387207

vt 0.386719 0.426758

vt 0.189453 0.562012

vt 0.187012 0.492188

vt 0.187378 0.518555

vt 0.184692 0.496582

vt 0.189819 0.493652

vt 0.190186 0.517090

vt 0.202637 0.493652

vt 0.203003 0.516602

vt 0.659180 0.418945

vt 0.189209 0.522461

vt 0.205811 0.518555

vt 0.631348 0.422363

vt 0.217163 0.518555

vt 0.436523 0.407227

vt 0.460693 0.350098

vt 0.468018 0.354004

vt 0.389404 0.406250

vt 0.212524 0.493652

vt 0.217773 0.516113

vt 0.184937 0.514160

vt 0.189209 0.518555

vt 0.129150 0.323242

vt 0.399902 0.313477

vt 0.395020 0.343262

vt 0.424072 0.313965

vt 0.430908 0.321777

vt 0.394775 0.322754

vt 0.448486 0.294434

vt 0.448486 0.296387

vt 0.456543 0.296387

vt 0.428467 0.323730

vt 0.394287 0.345215

vt 0.447754 0.319824

vt 0.429688 0.346191

vt 0.455811 0.319824

vt 0.081787 0.298340

vt 0.399414 0.355469

vt 0.461182 0.293457

vt 0.430908 0.363770

vt 0.394775 0.364746

vt 0.461182 0.295898

vt 0.469727 0.295898

vt 0.428711 0.365723

vt 0.081726 0.376953

vt 0.395264 0.385254

vt 0.394287 0.303223

vt 0.455811 0.251953

vt 0.394531 0.387207

vt 0.460449 0.318848

vt 0.429688 0.388184

vt 0.468750 0.318848

vt 0.381836 0.055176

vt 0.986328 0.096680

vt 0.986328 0.100098

vt 0.988281 0.097656

vt 0.963867 0.394531

vt 0.986816 0.356445

vt 0.993652 0.355957

vt 0.972656 0.287109

vt 0.966309 0.293945

vt 0.966309 0.287109

vt 0.985352 0.080078

vt 0.979980 0.060059

vt 0.966797 0.378906

vt 0.985352 0.051270

vt 0.949707 0.278320

vt 0.353027 0.401367

vt 0.377197 0.399902

vt 0.399170 0.054199

vt 0.333496 0.397461

vt 0.326904 0.395508

vt 0.961914 0.252930

vt 0.409424 0.011230

vt 0.976074 0.294434

vt 0.332764 0.454102

vt 0.971191 0.253906

vt 0.978027 0.049805

vt 0.964355 0.378906

vt 0.412842 0.495117

vt 0.410645 0.514648

vt 0.410400 0.496582

vt 0.386719 0.260742

vt 0.404297 0.514648

vt 0.437500 0.261230

vt 0.436523 0.282227

vt 0.456543 0.196289

vt 0.448486 0.219238

vt 0.448975 0.194336

vt 0.441895 0.278320

vt 0.397217 0.522217

vt 0.398438 0.519043

vt 0.354980 0.514404

vt 0.355225 0.496582

vt 0.386963 0.518066

vt 0.387939 0.514648

vt 0.394043 0.514648

vt 0.402100 0.495117

vt 0.368408 0.522217

vt 0.362061 0.518066

vt 0.399170 0.515869

vt 0.404541 0.496582

vt 0.361084 0.514648

vt 0.354004 0.566162

vt 0.361084 0.562500

vt 0.395020 0.494141

vt 0.371582 0.562744

vt 0.386230 0.557861

vt 0.377930 0.562744

vt 0.388184 0.562988

vt 0.394287 0.562744

vt 0.456787 0.219727

vt 0.387451 0.280762

vt 0.386719 0.271484

vt 0.363525 0.516113

vt 0.362305 0.494629

vt 0.369141 0.516113

vt 0.371582 0.514648

vt 0.371582 0.494141

vt 0.370850 0.518066

vt 0.378662 0.518066

vt 0.436768 0.264160

vt 0.461670 0.258789

vt 0.469482 0.259766

vt 0.387695 0.261719

vt 0.380127 0.516113

vt 0.378906 0.494629

vt 0.385498 0.516113

vt 0.377686 0.514648

vt 0.388184 0.493652

vt 0.469482 0.195312

vt 0.461670 0.193359

vt 0.411621 0.562012

vt 0.403320 0.562012

vt 0.403320 0.566406

vt 0.411621 0.566406



vn 0.000000 -0.141732 -0.992126

vn -0.220472 0.629921 -0.740157

vn -0.078740 -0.448819 -0.889764

vn 0.086614 -0.448819 -0.889764

vn -0.070866 -0.220472 -0.968504

vn -0.535433 -0.795276 -0.283465

vn -0.102362 -0.259843 -0.960630

vn 0.039370 -0.165354 -0.984252

vn 0.283465 0.283465 -0.913386

vn -0.433071 -0.779528 -0.456693

vn 0.291339 0.692913 -0.661417

vn 0.440945 0.629921 -0.637795

vn 0.007874 -0.944882 -0.338583

vn -1.000000 0.015748 0.000000

vn -1.000000 0.000000 0.000000

vn -0.992126 -0.023622 -0.094488

vn -1.000000 0.000000 0.000000

vn 0.275591 -0.913386 -0.299213

vn 0.433071 -0.771654 -0.464567

vn -0.283465 0.283465 -0.913386

vn -0.401575 0.818898 -0.409449

vn -0.488189 0.559055 -0.677165

vn -0.275591 0.165354 -0.944882

vn -0.685039 -0.173228 -0.708661

vn 0.102362 -0.259843 -0.960630

vn -1.000000 0.000000 0.000000

vn 0.535433 -0.795276 -0.283465

vn -0.755906 -0.062992 -0.653543

vn -0.456693 0.622047 -0.637795

vn -0.740157 -0.062992 -0.669291

vn -0.267717 -0.913386 -0.291339

vn -0.062992 -0.275591 -0.960630

vn 0.385827 0.551181 -0.740157

vn 0.464567 0.503937 -0.724409

vn -0.976378 -0.078740 -0.188976

vn -0.992126 -0.031496 -0.086614

vn 0.409449 -0.779528 -0.472441

vn -0.007874 -0.110236 -0.992126

vn -0.031496 -0.141732 -0.992126

vn -0.039370 -0.149606 -0.992126

vn 0.314961 -0.881890 -0.362205

vn -0.559055 0.818898 -0.125984

vn 0.094488 -0.283465 -0.952756

vn -0.031496 0.992126 -0.102362

vn -0.267717 0.598425 -0.755906

vn 0.094488 -0.118110 -0.992126

vn 0.299213 0.866142 -0.401575

vn -0.251969 -0.850394 -0.464567

vn 0.055118 -0.055118 -1.000000

vn -0.511811 -0.818898 -0.259843

vn 0.078740 -0.110236 -0.992126

vn 1.000000 0.015748 0.000000

vn 1.000000 -0.007874 -0.007874

vn 0.992126 -0.015748 -0.094488

vn 0.984252 -0.055118 -0.165354

vn 1.000000 -0.015748 -0.086614

vn 1.000000 0.000000 0.000000

vn 0.716535 -0.165354 -0.677165

vn 1.000000 0.000000 0.000000

vn 1.000000 -0.007874 -0.078740

vn 0.755906 -0.062992 -0.653543

vn 0.740157 -0.062992 -0.669291

vn 0.118110 0.614173 -0.779528

vn 0.133858 0.976378 -0.157480

vn 0.086614 -0.047244 -0.992126

vn 0.000000 -0.244094 -0.968504

vn 0.000000 0.992126 -0.094488

vn 0.000000 0.661417 -0.748031

vn 0.047244 -0.118110 -0.992126

vn -0.929134 0.000000 -0.362205

vn -0.511811 0.007874 -0.858268

vn -1.000000 0.000000 0.000000

vn -0.362205 -0.007874 -0.937008

vn 0.000000 0.000000 -1.000000

vn 1.000000 0.000000 0.000000

vn 0.661417 -0.157480 0.732283

vn 0.779528 0.086614 0.614173

vn -1.000000 0.000000 0.000000

vn -1.000000 0.000000 0.000000

vn 0.000000 0.362205 0.929134

vn 0.000000 0.913386 0.401575

vn 1.000000 -0.039370 0.007874

vn 1.000000 0.000000 0.000000

vn 1.000000 0.000000 0.000000

vn 0.992126 -0.102362 0.000000

vn 0.000000 0.960630 -0.275591

vn 0.000000 0.913386 0.401575

vn 0.000000 0.952756 -0.291339

vn -1.000000 0.000000 0.000000

vn 0.000000 0.913386 0.401575

vn -1.000000 0.000000 0.000000

vn -1.000000 0.000000 0.000000

vn -1.000000 0.000000 0.000000

vn -0.992126 0.031496 0.118110

vn 0.000000 0.834646 -0.551181

vn -0.346457 0.803150 0.480315

vn -0.314961 0.464567 0.826772

vn -1.000000 0.000000 0.000000

vn -1.000000 0.000000 0.000000

vn -1.000000 0.000000 0.000000

vn -1.000000 0.000000 0.000000

vn 0.000000 0.834646 -0.551181

vn 0.000000 0.913386 0.401575

vn 0.000000 0.960630 -0.275591

vn 1.000000 -0.007874 0.000000

vn 1.000000 0.000000 0.000000

vn 1.000000 0.000000 0.000000

vn 0.314961 0.944882 0.007874

vn 0.000000 0.874016 -0.488189

vn -0.023622 0.937008 -0.354331

vn 0.346457 0.803150 0.480315

vn -0.346457 0.803150 0.480315

vn -0.291339 0.944882 -0.157480

vn 1.000000 0.000000 0.000000

vn 1.000000 0.000000 0.000000

vn 1.000000 0.000000 0.000000

vn 0.000000 -0.984252 -0.181102

vn 0.000000 -0.472441 0.881890

vn 0.000000 -0.118110 0.992126

vn 1.000000 0.000000 0.000000

vn 1.000000 0.031496 -0.047244

vn 1.000000 0.000000 0.000000

vn -0.637795 -0.149606 0.755906

vn -1.000000 0.000000 0.023622

vn -0.779528 0.086614 0.614173

vn -1.000000 0.000000 0.000000

vn -1.000000 0.000000 0.000000

vn -1.000000 0.000000 0.000000

vn -1.000000 0.000000 0.000000

vn -1.000000 0.000000 0.000000

vn 1.000000 -0.055118 0.023622

vn 0.346457 0.803150 0.480315

vn 0.000000 0.960630 -0.267717

vn 0.000000 0.811024 0.582677

vn 0.000000 0.944882 -0.322835

vn 0.000000 0.787402 0.614173

vn 0.125984 0.204724 0.968504

vn 0.000000 -0.173228 -0.984252

vn 0.000000 0.196850 -0.984252

vn 0.000000 0.708661 -0.708661

vn 0.000000 0.834646 -0.551181

vn 0.000000 0.748031 -0.669291

vn 0.000000 0.748031 -0.661417

vn 0.000000 -0.007874 1.000000

vn 0.000000 0.748031 -0.661417

vn 0.000000 0.858268 -0.511811

vn -1.000000 0.000000 0.000000

vn 0.000000 -0.992126 -0.125984

vn 1.000000 0.000000 0.000000

vn 1.000000 0.000000 0.000000

vn 1.000000 0.070866 0.000000

vn 0.000000 0.669291 0.748031

vn 0.000000 0.874016 0.480315

vn 1.000000 0.000000 0.000000

vn -0.039370 0.039370 -1.000000

vn -0.393701 0.440945 -0.811024

vn 1.000000 0.000000 0.000000

vn 0.708661 -0.708661 -0.039370

vn 0.000000 0.000000 -1.000000

vn -0.023622 0.039370 -1.000000

vn -1.000000 0.070866 0.000000

vn -1.000000 0.070866 0.000000

vn -1.000000 0.000000 0.000000

vn 1.000000 0.000000 0.000000

vn 1.000000 0.000000 0.000000

vn -0.015748 0.000000 -1.000000

vn 0.574803 0.023622 -0.818898

vn 0.000000 -1.000000 0.070866

vn -1.000000 0.000000 0.000000

vn 0.000000 -1.000000 0.070866

vn 0.000000 0.000000 1.000000

vn 1.000000 0.070866 0.000000

vn 0.826772 0.559055 0.000000

vn 0.354331 0.937008 0.000000

vn 0.748031 0.661417 0.007874

vn 0.000000 -1.000000 0.000000

vn -1.000000 0.000000 0.000000

vn 0.000000 0.000000 1.000000

vn 0.000000 0.000000 -1.000000

vn 1.000000 0.000000 0.000000

vn 1.000000 0.000000 0.000000

vn 0.913386 0.401575 0.015748

vn 0.055118 0.007874 -1.000000

vn 0.267717 0.960630 0.000000

vn 0.826772 0.559055 0.000000

vn 0.858268 0.511811 0.000000

vn 0.984252 0.173228 0.000000

vn 0.000000 -1.000000 0.000000

vn -1.000000 0.000000 0.000000

vn -1.000000 0.000000 0.000000

vn 0.000000 0.362205 0.929134

vn -1.000000 0.007874 0.000000

vn -1.000000 0.000000 0.000000

vn -0.944882 -0.314961 -0.023622

vn -0.984252 0.173228 0.000000

vn -0.858268 0.511811 0.000000

vn -1.000000 0.000000 0.000000

vn 0.889764 0.228346 -0.393701

vn 1.000000 0.007874 -0.047244

vn 0.984252 -0.062992 0.149606

vn 0.944882 -0.055118 0.314961

vn 0.606299 -0.370079 0.700787

vn 0.952756 -0.165354 0.267717

vn 0.968504 -0.055118 0.228346

vn 0.960630 -0.094488 0.259843

vn 0.905512 -0.173228 0.393701

vn 1.000000 -0.031496 -0.039370

vn 1.000000 0.062992 -0.039370

vn 0.007874 1.000000 -0.023622

vn 0.007874 1.000000 -0.007874

vn 0.007874 1.000000 0.047244

vn 0.015748 -1.000000 0.000000

vn 0.015748 -1.000000 0.000000

vn 0.015748 -1.000000 0.000000

vn 0.023622 -0.826772 -0.566929

vn 0.015748 -0.826772 -0.566929

vn -0.015748 -0.826772 -0.566929

vn -0.220472 -0.456693 0.858268

vn 0.133858 -0.464567 0.874016

vn -0.015748 0.251969 -0.968504

vn 0.015748 -0.818898 -0.574803

vn 0.023622 0.346457 -0.937008

vn -0.015748 -0.811024 -0.582677

vn 0.606299 -0.228346 0.763780

vn -0.007874 0.204724 -0.976378

vn 0.007874 -0.755906 -0.661417

vn 0.007874 0.236220 -0.968504

vn -0.661417 -0.338583 0.661417

vn -0.976378 -0.078740 0.196850

vn -0.007874 1.000000 -0.047244

vn -0.952756 -0.133858 0.275591

vn -0.968504 -0.078740 0.220472

vn -0.913386 -0.157480 0.370079

vn -0.007874 1.000000 0.000000

vn -0.015748 -1.000000 0.000000

vn -0.992126 0.078740 -0.078740

vn -0.015748 -1.000000 0.000000

vn -0.992126 -0.047244 -0.086614

vn 0.748031 0.346457 -0.566929

vn 0.779528 0.322835 -0.535433

vn 0.858268 0.314961 -0.401575

vn 0.409449 0.370079 -0.834646

vn 0.913386 0.070866 -0.409449

vn -0.023622 0.755906 0.653543

vn 0.023622 0.724409 0.692913

vn 0.921260 0.173228 -0.346457

vn 0.015748 -1.000000 0.047244

vn -0.015748 -1.000000 0.047244

vn 0.015748 -0.708661 0.700787

vn -0.015748 -0.661417 0.748031

vn 0.023622 -0.299213 0.952756

vn 0.984252 0.000000 -0.181102

vn -0.889764 0.228346 -0.393701

vn -0.425197 0.629921 -0.645669

vn -0.763780 0.354331 -0.543307

vn -0.425197 0.377953 -0.826772

vn -0.023622 -0.393701 0.921260

vn -0.015748 -0.362205 0.937008

vn -0.472441 0.228346 0.850394

vn -0.960630 -0.188976 0.204724

vn -0.874016 -0.307087 0.385827

vn -0.007874 1.000000 0.047244

vn -0.771654 0.322835 -0.543307

vn -0.858268 0.314961 -0.401575

vn -0.015748 -1.000000 0.031496

vn -0.913386 -0.125984 0.385827

vn -0.858268 0.173228 -0.480315

vn -0.787402 0.181102 -0.590551

vn -0.952756 0.133858 -0.267717

vn 0.149606 0.251969 0.952756

vn 0.622047 0.070866 0.779528

vn 0.913386 -0.133858 0.377953

vn -0.897638 -0.228346 0.370079

vn -0.157480 0.811024 0.566929

vn -0.433071 0.700787 0.566929

vn 0.960630 -0.173228 0.228346

vn -0.763780 -0.425197 0.480315

vn -0.401575 -0.259843 0.881890

vn 0.897638 -0.228346 0.370079

vn 0.149606 -0.283465 0.944882

vn 0.157480 0.803150 0.574803

vn 0.913386 -0.196850 0.362205

vn 0.519685 0.614173 0.590551

vn 0.204724 0.740157 0.637795

vn -0.015748 0.480315 -0.874016

vn 0.007874 0.551181 -0.834646

vn -0.181102 -0.409449 0.897638

vn 0.842520 0.031496 -0.543307

vn 0.771654 0.629921 0.015748

vn 0.803150 -0.062992 0.590551

vn 0.448819 -0.299213 0.842520

vn 0.614173 -0.102362 0.779528

vn 0.771654 0.637795 0.000000

vn 0.968504 -0.236220 -0.007874

vn 0.606299 -0.102362 -0.787402

vn 0.448819 -0.299213 0.842520

vn 0.803150 -0.062992 0.590551

vn 0.614173 -0.102362 0.779528

vn 0.094488 -0.834646 0.535433

vn 0.338583 -0.779528 0.527559

vn 0.094488 -0.834646 -0.551181

vn 0.456693 -0.322835 -0.826772

vn 0.062992 -1.000000 0.000000

vn 0.251969 -0.748031 -0.614173

vn 0.094488 -0.834646 0.535433

vn 0.338583 -0.779528 0.527559

vn 0.062992 -1.000000 0.000000

vn -0.062992 -1.000000 -0.039370

vn -0.771654 0.629921 0.015748

vn -0.842520 0.031496 -0.543307

vn -0.803150 -0.062992 0.590551

vn -0.614173 -0.102362 0.779528

vn -0.771654 0.637795 0.000000

vn -0.456693 -0.322835 -0.826772

vn -0.606299 -0.102362 -0.787402

vn 0.338583 -0.779528 0.527559

vn 0.062992 -1.000000 0.000000

vn -0.338583 -0.779528 0.527559

vn -0.094488 -0.834646 0.535433

vn -0.448819 -0.299213 0.842520

vn -0.968504 -0.236220 -0.007874

vn -0.094488 -0.834646 -0.551181

vn -0.251969 -0.748031 -0.614173

vn 1.000000 0.031496 0.000000

vn 0.771654 0.637795 0.000000

vn 0.771654 0.629921 0.015748

vn 0.842520 0.031496 -0.543307

vn 0.456693 -0.314961 -0.826772

vn 0.606299 -0.102362 -0.787402

vn 0.771654 0.637795 0.000000

vn 0.771654 0.629921 0.015748

vn 0.842520 0.031496 -0.543307

vn 0.803150 -0.062992 0.590551

vn 0.968504 -0.204724 0.141732

vn 0.456693 -0.314961 -0.826772

vn 0.606299 -0.102362 -0.787402

vn 0.448819 -0.299213 0.842520

vn 0.614173 -0.102362 0.779528

vn 0.968504 -0.236220 -0.007874

vn 0.094488 -0.834646 -0.551181

vn 0.244094 -0.748031 -0.614173

vn 0.968504 -0.236220 -0.007874

vn -0.062992 -1.000000 -0.039370

vn 0.062992 -1.000000 0.000000

vn 0.244094 -0.748031 -0.614173

vn 0.094488 -0.834646 -0.551181

vn 0.094488 -0.834646 0.535433

vn 0.338583 -0.779528 0.527559

vn 0.976378 -0.196850 -0.102362

vn -0.661417 -0.732283 -0.149606

vn -0.362205 -0.700787 -0.614173

vn -0.314961 -0.937008 -0.141732

vn -0.354331 0.787402 -0.503937

vn -0.448819 0.669291 -0.590551

vn -0.007874 0.007874 -1.000000

vn 0.188976 -0.259843 -0.944882

vn 0.055118 -0.070866 -0.992126

vn 0.551181 -0.795276 -0.236220

vn -0.007874 0.244094 -0.968504

vn -0.062992 1.000000 -0.007874

vn -0.685039 -0.732283 0.000000

vn -0.850394 -0.527559 0.000000

vn -0.307087 -0.952756 -0.007874

vn -0.921260 -0.377953 0.094488

vn -0.818898 -0.362205 -0.448819

vn 0.503937 0.850394 -0.173228

vn 0.157480 0.984252 -0.007874

vn 0.007874 1.000000 0.000000

vn -0.070866 -0.740157 -0.669291

vn 0.039370 -0.685039 -0.732283

vn 0.000000 0.000000 -1.000000

vn 0.000000 0.000000 -1.000000

vn 1.000000 0.000000 0.000000

vn 1.000000 0.000000 0.000000

vn 0.968504 -0.228346 -0.118110

vn 0.228346 0.787402 -0.574803

vn 0.464567 0.708661 -0.535433

vn 0.818898 -0.362205 -0.448819

vn 0.685039 -0.157480 -0.708661

vn 0.031496 -1.000000 -0.015748

vn 0.000000 -0.984252 -0.157480

vn 0.094488 -0.984252 -0.173228

vn 0.000000 -1.000000 -0.007874

vn 0.015748 0.031496 -1.000000

vn -0.015748 -0.708661 -0.700787

vn 0.110236 -0.653543 -0.755906

vn 0.181102 0.889764 -0.417323

vn 0.724409 -0.677165 -0.141732

vn 0.456693 0.716535 -0.519685

vn -0.055118 -0.047244 -1.000000

vn -0.188976 -0.259843 -0.944882

vn -0.551181 -0.795276 -0.236220

vn 0.795276 0.606299 -0.007874

vn -0.748031 0.661417 0.007874

vn -0.826772 0.566929 0.000000

vn -0.354331 0.937008 0.000000

vn 1.000000 0.000000 0.000000

vn 0.700787 -0.716535 0.000000

vn 0.850394 -0.527559 0.000000

vn -0.685039 -0.157480 -0.708661

vn 0.000000 0.007874 -1.000000

vn -0.354331 0.771654 -0.527559

vn -0.440945 0.708661 -0.543307

vn 0.070866 -0.110236 -0.992126

vn 0.110236 -0.141732 -0.984252

vn 0.070866 -0.346457 -0.937008

vn 0.291339 -0.897638 -0.338583

vn 0.023622 0.031496 -1.000000

vn 0.385827 -0.023622 -0.921260

vn -0.763780 0.645669 -0.007874

vn -0.968504 -0.149606 -0.188976

vn -1.000000 0.000000 0.000000

vn -1.000000 0.000000 0.000000

vn -0.267717 0.960630 0.000000

vn -0.826772 0.559055 0.000000

vn -0.913386 0.401575 0.015748

vn -0.212598 -0.913386 -0.346457

vn -0.102362 -0.338583 -0.937008

vn 0.000000 0.007874 -1.000000

vn -0.023622 1.000000 0.000000

vn -0.023622 1.000000 0.000000

vn 0.023622 1.000000 0.000000

vn 0.023622 1.000000 0.000000

vn -0.078740 -0.086614 -0.992126

vn -0.110236 -0.141732 -0.984252

vn -0.023622 -0.755906 -0.653543

vn 0.000000 -0.748031 -0.669291

vn -0.023622 -0.740157 -0.677165

vn -0.976378 -0.157480 0.165354

vn -0.984252 -0.086614 0.165354

vn -0.023622 0.779528 0.622047

vn 0.094488 -0.984252 0.141732

vn 0.023622 0.779528 0.629921

vn -0.055118 -1.000000 -0.055118

vn 0.023622 -0.976378 -0.212598

vn 0.023622 -0.755906 -0.653543

vn 0.023622 -0.740157 -0.677165

vn 0.433071 -0.897638 0.062992

vn 0.503937 -0.866142 0.015748

vn 0.062992 -0.976378 -0.212598

vn -0.007874 -0.968504 -0.236220

vn 0.480315 -0.874016 -0.047244

vn 0.251969 -0.929134 -0.259843

vn 0.937008 -0.338583 -0.007874

vn 0.000000 -0.968504 -0.251969

vn -0.007874 -0.968504 -0.251969

vn 0.000000 -0.968504 -0.251969

vn 0.976378 -0.165354 0.118110

vn 0.976378 -0.165354 0.118110

vn -0.354331 -0.937008 -0.015748

vn -0.047244 -0.976378 -0.220472

vn 0.984252 -0.078740 0.165354

vn -0.354331 -0.929134 -0.086614

vn -0.433071 0.251969 -0.866142

vn -0.102362 0.346457 -0.929134

vn 0.377953 0.314961 -0.866142

vn -0.708661 0.165354 -0.685039

vn -0.937008 0.078740 -0.338583

vn 0.039370 0.244094 -0.968504

vn -0.023622 0.968504 0.251969

vn 0.023622 0.976378 0.228346

vn 0.000000 0.511811 -0.858268

vn 0.007874 -0.968504 -0.251969

vn 0.007874 -0.968504 -0.251969

vn -0.047244 0.267717 -0.960630

vn -0.944882 -0.330709 -0.007874

vn -0.984252 -0.133858 0.102362

vn -0.007874 -0.968504 -0.251969

vn -0.078740 0.519685 -0.850394

vn 0.094488 0.488189 -0.866142

vn -0.409449 -0.905512 -0.070866

vn -0.448819 -0.874016 -0.196850

vn 0.944882 0.023622 -0.338583

vn 0.937008 0.110236 -0.338583

vn 0.740157 0.157480 -0.653543

vn 0.527559 -0.732283 -0.425197

vn -0.015748 -0.574803 0.818898

vn 0.015748 -0.661417 0.748031

vn 0.015748 -0.755906 -0.653543

vn -0.023622 -1.000000 0.055118

vn -0.015748 0.944882 0.314961

vn 0.015748 0.952756 0.314961

vn 0.015748 -0.125984 0.992126

vn 0.102362 0.346457 -0.929134

vn 0.779528 0.204724 -0.590551

vn 0.354331 -0.267717 -0.897638

vn -0.015748 -0.047244 1.000000

vn -0.771654 0.212598 -0.598425

vn -0.944882 0.023622 -0.330709

vn -0.921260 0.118110 -0.370079

vn 0.000000 -0.968504 -0.259843

vn 0.031496 -0.960630 -0.275591

vn -0.511811 -0.748031 -0.425197

vn -0.039370 -0.960630 -0.283465

vn 0.023622 -0.952756 -0.314961

vn -0.015748 -0.322835 -0.944882

vn -0.149606 -0.275591 -0.952756

vn 0.000000 1.000000 0.000000

vn 0.000000 1.000000 0.000000

vn 0.314961 0.755906 0.574803

vn -0.866142 -0.496063 0.039370

vn -0.858268 -0.503937 0.015748

vn 0.000000 0.000000 1.000000

vn 0.000000 0.000000 1.000000

vn 0.992126 0.000000 -0.133858

vn 0.456693 0.874016 0.165354

vn 0.000000 -1.000000 0.000000

vn 0.000000 -1.000000 0.000000

vn 0.000000 -1.000000 0.000000

vn 0.677165 0.000000 -0.732283

vn 0.905512 0.000000 -0.425197

vn 0.913386 0.000000 -0.409449

vn 0.023622 -1.000000 -0.007874

vn 0.000000 0.244094 0.968504

vn 0.000000 0.937008 0.354331

vn 0.000000 0.039370 1.000000

vn 0.000000 1.000000 -0.007874

vn 0.000000 1.000000 0.000000

vn -0.598425 0.803150 0.007874

vn -0.795276 0.606299 0.023622

vn 0.637795 0.000000 -0.763780

vn 0.000000 0.755906 -0.653543

vn 0.000000 0.992126 0.133858

vn 0.000000 -0.677165 -0.740157

vn 0.937008 0.000000 -0.346457

vn 0.031496 -1.000000 -0.031496

vn -0.220472 0.000000 0.976378

vn 0.236220 0.000000 0.976378

vn 0.244094 -0.881890 0.401575

vn 0.905512 0.000000 -0.433071

vn 0.007874 -0.685039 0.724409

vn 0.102362 0.000000 0.992126

vn 0.102362 0.000000 0.992126

vn 0.937008 0.000000 0.346457

vn 0.937008 0.000000 0.362205

vn 0.771654 -0.598425 -0.196850

vn 0.598425 -0.787402 0.149606

vn 0.929134 -0.370079 0.007874

vn 0.834646 -0.543307 0.000000

vn -0.874016 0.417323 0.236220

vn 0.000000 -0.031496 1.000000

vn 0.968504 -0.204724 -0.141732

vn 1.000000 0.007874 0.086614

vn 0.700787 -0.259843 -0.661417

vn 0.000000 0.960630 0.275591

vn -0.944882 0.322835 -0.039370

vn -0.913386 0.409449 0.055118

vn -0.952756 0.291339 0.039370

vn -0.960630 -0.267717 0.039370

vn 0.000000 -0.031496 -1.000000

vn -0.952756 0.015748 0.307087

vn -0.574803 0.818898 0.031496

vn 0.409449 0.905512 0.094488

vn -0.992126 0.031496 -0.086614

vn 0.000000 -0.346457 0.937008

vn 0.921260 0.322835 -0.212598

vn 0.937008 -0.322835 0.125984

vn 1.000000 -0.047244 0.000000

vn -0.362205 0.929134 0.023622

vn 0.000000 -1.000000 0.023622

vn 0.000000 -0.984252 0.165354

vn -0.094488 0.000000 0.992126

vn -0.842520 0.425197 -0.322835

vn -0.661417 -0.748031 0.000000

vn -0.960630 -0.007874 0.275591

vn -0.062992 0.000000 1.000000

vn 0.000000 0.000000 1.000000

vn -0.031496 0.000000 1.000000

vn 0.000000 0.000000 1.000000

vn 0.000000 0.803150 -0.590551

vn 0.000000 -0.283465 -0.960630

vn -0.645669 -0.763780 0.000000

vn -0.007874 -1.000000 0.000000

vn 0.000000 0.000000 1.000000

vn 0.000000 0.000000 -1.000000

vn 0.330709 -0.913386 0.228346

vn -0.267717 -0.007874 0.960630

vn -0.212598 0.000000 0.976378

vn 0.000000 1.000000 0.000000

vn 0.000000 1.000000 0.039370

vn 1.000000 -0.047244 0.000000

vn 0.000000 1.000000 0.000000

vn -0.015748 -1.000000 0.015748

vn 0.212598 0.000000 0.976378

vn 0.000000 0.480315 -0.874016

vn -0.015748 -0.708661 0.708661

vn -0.519685 -0.755906 0.401575

vn 0.000000 -1.000000 0.000000

vn -0.897638 -0.425197 -0.133858

vn 0.000000 -0.015748 -1.000000

vn 0.811024 0.433071 -0.393701

vn 0.007874 1.000000 0.000000

vn 0.645669 0.763780 0.000000

vn 1.000000 0.007874 -0.055118

vn 0.015748 -0.968504 0.236220

vn 0.000000 0.000000 1.000000

vn 0.000000 -1.000000 0.023622

vn 0.086614 0.000000 1.000000

vn 0.952756 0.015748 0.307087

vn 0.755906 -0.645669 0.110236

vn -0.905512 0.370079 -0.212598

vn -0.582677 0.803150 0.110236

vn -0.984252 0.102362 0.110236

vn 0.000000 -0.708661 0.708661

vn 0.000000 0.031496 1.000000

vn -0.866142 -0.464567 -0.196850

vn 0.000000 0.677165 0.732283

vn -0.755906 -0.645669 0.110236

vn -0.102362 -0.834646 -0.543307

vn -0.456693 -0.322835 -0.826772

vn -0.818898 -0.220472 -0.527559

vn 0.645669 -0.748031 -0.157480

vn -0.842520 0.031496 -0.543307

vn -0.244094 -0.748031 -0.614173

vn -0.055118 -1.000000 0.039370

vn -0.070866 -0.992126 -0.094488

vn 0.889764 0.456693 0.023622

vn 0.614173 0.787402 0.015748

vn 0.960630 -0.283465 0.000000

vn 0.921260 0.385827 0.000000

vn 0.007874 0.000000 1.000000

vn 0.023622 -0.047244 1.000000

vn 0.149606 0.047244 0.984252

vn 0.133858 0.000000 0.992126

vn 0.968504 -0.228346 -0.110236

vn 0.771654 0.637795 0.000000

vn 0.771654 0.629921 0.015748

vn 0.842520 0.031496 -0.543307

vn 0.803150 -0.062992 0.590551

vn 0.818898 -0.220472 -0.527559

vn 0.614173 -0.102362 0.779528

vn 0.677165 -0.157480 0.724409

vn 0.023622 -1.000000 -0.031496

vn 0.110236 -0.858268 0.496063

vn 0.039370 -0.653543 0.755906

vn 0.102362 -0.834646 -0.543307

vn 0.070866 -0.992126 -0.094488

vn 1.000000 -0.070866 0.007874

vn 0.456693 -0.322835 -0.826772

vn 0.606299 -0.102362 -0.787402

vn -0.606299 -0.102362 -0.787402

vn 0.086614 -1.000000 0.031496

vn 0.244094 -0.748031 -0.614173

vn -0.094488 -0.795276 0.606299

vn -0.669291 -0.157480 0.724409

vn -0.047244 -0.645669 0.763780

vn -0.015748 -0.031496 1.000000

vn -0.968504 -0.220472 -0.102362

vn -0.803150 -0.062992 0.590551

vn -0.614173 -0.102362 0.779528

vn -1.000000 -0.062992 0.015748

vn -0.771654 0.629921 0.015748

vn -0.007874 0.000000 1.000000

vn -0.858268 0.511811 0.007874

vn -0.889764 0.456693 0.023622

vn -0.622047 0.779528 0.023622

vn -0.992126 -0.110236 0.000000

vn -0.149606 0.047244 0.984252

vn -0.716535 -0.692913 0.000000

vn -0.771654 0.637795 0.000000

vn -0.133858 0.000000 0.992126

vn 0.480315 -0.874016 0.000000

vn 0.110236 -0.992126 0.000000

vn -0.094488 -0.992126 0.000000

vn -0.519685 -0.598425 -0.614173

vn 0.976378 -0.141732 -0.141732

vn -0.196850 -0.976378 -0.015748

vn -0.976378 -0.141732 -0.141732

vn 0.519685 -0.598425 -0.614173

vn 0.196850 -0.976378 -0.015748

vn 0.047244 -1.000000 0.000000

vn -0.047244 -1.000000 0.000000

vn -1.000000 0.000000 -0.023622

vn -0.062992 -0.275591 -0.960630

vn -0.055118 0.031496 -1.000000

vn 0.984252 0.181102 0.000000

vn 1.000000 -0.078740 0.000000

vn 1.000000 -0.015748 0.007874

vn 0.984252 -0.062992 0.157480

vn -0.984252 0.007874 -0.173228

vn -0.677165 -0.645669 0.354331

vn -1.000000 -0.078740 0.000000

vn -0.196850 -0.976378 -0.031496

vn -0.062992 -0.275591 -0.960630

vn -0.944882 -0.314961 -0.047244

vn 0.976378 -0.188976 -0.110236

vn 0.976378 -0.204724 0.039370

vn 0.196850 -0.984252 -0.031496

vn 0.677165 -0.645669 0.354331

vn 0.519685 -0.598425 -0.614173

vn 0.196850 -0.976378 -0.015748

vn -0.976378 -0.141732 -0.141732

vn 0.984252 -0.070866 0.141732

vn 0.566929 -0.818898 0.094488

vn 0.173228 -0.181102 0.968504

vn 0.314961 0.007874 0.952756

vn -0.283465 -0.535433 0.795276

vn -0.984252 0.181102 0.000000

vn -0.984252 0.181102 0.000000

vn 0.062992 -0.204724 -0.976378

vn -0.346457 0.007874 0.937008

vn -0.968504 0.000000 0.251969

vn 0.000000 1.000000 0.000000

vn 0.000000 -1.000000 0.000000

vn 0.173228 -0.181102 0.968504

vn 0.677165 -0.645669 0.354331

vn 0.000000 -0.141732 0.992126

vn 0.000000 -0.165354 0.984252

vn -0.196850 -0.157480 0.968504

vn 0.000000 -1.000000 0.000000

vn -0.574803 -0.811024 0.086614

vn -1.000000 -0.078740 0.039370

vn -0.976378 0.228346 -0.007874

vn -0.952756 0.055118 0.307087

vn -0.275591 -0.952756 -0.149606

vn 0.944882 -0.314961 -0.047244

vn -0.976378 -0.188976 -0.110236

vn -0.511811 0.283465 -0.811024

vn -0.007874 0.433071 -0.905512

vn -0.748031 0.094488 0.661417

vn -0.984252 0.007874 0.157480

vn -0.007874 -0.157480 -0.984252

vn -0.464567 -0.251969 -0.850394

vn -0.952756 -0.125984 0.267717

vn -0.677165 -0.645669 0.354331

vn -1.000000 -0.015748 0.007874

vn -0.196850 -0.157480 0.968504

vn 0.251969 -0.968504 -0.055118

vn -0.944882 -0.314961 -0.047244

vn 0.984252 0.007874 -0.173228

vn -0.976378 0.086614 -0.196850

vn 0.976378 -0.188976 -0.110236

vn -0.519685 -0.598425 -0.614173

vn -0.196850 -0.976378 -0.015748

vn -0.110236 0.992126 0.000000

vn -0.944882 0.322835 0.000000

vn 0.976378 -0.141732 -0.141732

vn -0.905512 0.362205 -0.212598

vn 0.976378 0.086614 -0.196850

vn 0.952756 0.055118 0.299213

vn -0.039370 0.015748 1.000000

vn 0.055118 0.031496 -1.000000

vn 0.000000 -0.141732 0.992126

vn 0.062992 -0.204724 -0.976378

vn -0.929134 0.007874 0.377953

vn 0.062992 -0.204724 -0.976378

vn 1.000000 0.000000 -0.023622

vn 0.055118 0.031496 -1.000000

vn 0.944882 -0.314961 -0.047244

vn -0.039370 0.984252 0.157480

vn 0.000000 -0.165354 0.984252

vn -0.976378 -0.188976 -0.110236

vn -0.574803 -0.811024 0.086614

vn 0.566929 -0.818898 0.094488

vn -0.748031 0.000000 -0.661417

vn 0.527559 -0.795276 -0.307087

vn -0.976378 0.007874 -0.204724

vn 0.118110 -0.275591 -0.952756

vn -0.417323 0.669291 -0.614173

vn -0.173228 0.692913 -0.700787

vn 0.110236 -0.047244 -0.992126

vn -1.000000 0.000000 0.000000

vn 0.409449 0.692913 -0.590551

vn 0.291339 0.779528 -0.559055

vn 0.086614 0.165354 -0.984252

vn -1.000000 0.000000 0.000000

vn 0.015748 -0.929134 -0.362205

vn -0.110236 -0.267717 -0.960630

vn -0.543307 -0.787402 -0.291339

vn 0.283465 0.803150 -0.519685

vn 0.417323 0.685039 -0.598425

vn -0.755906 0.070866 -0.653543

vn -0.748031 0.078740 -0.653543

vn 0.125984 -0.181102 -0.976378

vn 0.551181 -0.763780 -0.330709

vn 0.118110 -0.267717 -0.952756

vn -0.188976 0.716535 -0.669291

vn -0.425197 0.724409 -0.543307

vn -0.015748 0.165354 -0.984252

vn 0.259843 -0.897638 -0.354331

vn -0.763780 0.070866 -0.645669

vn -0.748031 0.070866 -0.661417

vn 0.527559 -0.771654 -0.362205

vn -0.425197 0.700787 -0.574803

vn 0.251969 -0.629921 -0.732283

vn 0.102362 -0.173228 -0.976378

vn -1.000000 0.000000 -0.031496

vn -0.259843 -0.897638 -0.354331

vn -0.086614 -0.078740 -0.992126

vn -0.110236 -0.259843 -0.960630

vn 0.070866 0.212598 -0.976378

vn -0.551181 -0.771654 -0.322835

vn 0.409449 0.708661 -0.574803

vn 0.283465 0.803150 -0.519685

vn -0.551181 -0.763780 -0.330709

vn -0.236220 -0.905512 -0.346457

vn -0.102362 -0.314961 -0.944882

vn -0.094488 -0.070866 -0.992126

vn 0.078740 0.228346 -0.968504

vn 0.716535 0.015748 -0.692913

vn 0.755906 0.000000 -0.653543

vn 1.000000 0.000000 -0.039370

vn 1.000000 0.000000 -0.023622

vn 0.755906 0.070866 -0.645669

vn 0.724409 0.070866 -0.685039

vn 1.000000 0.000000 -0.039370

vn 0.748031 0.070866 -0.661417

vn 0.763780 0.070866 -0.645669

vn -0.086614 -0.133858 -0.984252

vn 0.094488 -0.236220 -0.968504

vn -0.188976 0.661417 -0.724409

vn -0.078740 0.188976 -0.976378

vn -0.511811 -0.795276 0.330709

vn -0.669291 -0.740157 0.047244

vn 0.000000 -0.826772 0.559055

vn 0.000000 -0.826772 0.559055

vn 0.000000 -0.818898 0.574803

vn 0.000000 -0.818898 0.574803

vn 0.000000 -0.771654 0.637795

vn 0.000000 -0.779528 0.629921

vn 0.291339 -0.818898 0.496063

vn 0.661417 -0.606299 0.433071

vn -1.000000 -0.023622 0.000000

vn -0.811024 -0.551181 0.181102

vn 0.228346 -0.811024 0.535433

vn -0.212598 -0.976378 0.000000

vn -1.000000 -0.031496 0.000000

vn 0.047244 1.000000 0.000000

vn 0.000000 1.000000 0.000000

vn 0.000000 1.000000 0.000000

vn -1.000000 0.000000 0.000000

vn -1.000000 -0.047244 0.007874

vn -1.000000 0.000000 0.000000

vn -0.283465 -0.826772 0.488189

vn -1.000000 -0.070866 0.039370

vn -0.566929 -0.803150 -0.181102

vn -0.228346 -0.811024 0.535433

vn -0.811024 -0.488189 0.314961

vn -0.661417 -0.606299 0.433071

vn 1.000000 -0.055118 0.007874

vn 1.000000 0.000000 0.000000

vn 0.000000 0.000000 -1.000000

vn 0.000000 0.000000 -1.000000

vn 0.000000 -0.055118 -1.000000

vn -1.000000 0.000000 0.000000

vn 0.803150 -0.496063 0.330709

vn -0.700787 -0.590551 0.401575

vn -0.291339 -0.779528 0.551181

vn -0.275591 -0.771654 0.574803

vn 0.000000 -0.818898 0.574803

vn 0.000000 -0.818898 0.574803

vn 0.527559 -0.685039 0.503937

vn 0.291339 -0.779528 0.551181

vn 0.559055 -0.685039 0.472441

vn -0.992126 -0.110236 0.094488

vn 0.905512 -0.370079 0.188976

vn 0.267717 -0.944882 0.181102

vn 0.000000 -0.976378 0.204724

vn -0.283465 -0.937008 0.196850

vn -0.645669 -0.748031 0.133858

vn 0.000000 -0.984252 0.196850

vn 0.283465 -0.960630 -0.070866

vn 0.000000 -0.992126 -0.102362

vn -0.653543 -0.755906 -0.055118

vn -0.283465 -0.952756 -0.070866

vn 0.842520 -0.409449 0.346457

vn 0.000000 -0.992126 -0.110236

vn -0.220472 0.755906 -0.622047

vn 0.236220 -0.787402 0.566929

vn -1.000000 0.000000 0.000000

vn 0.992126 -0.110236 0.078740

vn -0.677165 -0.582677 0.456693

vn -0.007874 0.023622 -1.000000

vn 0.000000 0.582677 -0.811024

vn 0.000000 0.787402 -0.614173

vn 0.236220 0.740157 -0.622047

vn 0.094488 0.157480 -0.984252

vn 0.007874 0.023622 -1.000000

vn -0.921260 -0.385827 -0.047244

vn -0.322835 -0.944882 0.047244

vn -0.929134 -0.362205 0.062992

vn -0.858268 0.511811 0.015748

vn -1.000000 0.015748 0.000000

vn -0.881890 -0.464567 0.015748

vn -0.716535 -0.700787 0.000000

vn -0.716535 -0.700787 0.000000

vn 0.000000 -1.000000 0.031496

vn 0.000000 1.000000 0.000000

vn -0.165354 0.984252 0.000000

vn -0.110236 0.582677 0.803150

vn -0.992126 0.094488 -0.007874

vn 1.000000 0.000000 -0.047244

vn 0.370079 0.000000 -0.929134

vn 1.000000 0.000000 -0.078740

vn 0.275591 0.000000 -0.960630

vn -0.590551 0.811024 -0.055118

vn -0.291339 0.094488 -0.952756

vn 0.000000 1.000000 0.000000

vn 0.614173 0.070866 -0.787402

vn 0.015748 0.007874 -1.000000

vn 0.000000 0.842520 -0.543307

vn 1.000000 0.000000 0.000000

vn 1.000000 0.000000 0.000000

vn -1.000000 0.000000 -0.047244

vn -1.000000 0.000000 -0.078740

vn -0.370079 0.000000 -0.929134

vn -0.968504 0.055118 -0.251969

vn -0.244094 0.944882 -0.228346

vn -0.811024 0.409449 -0.417323

vn -0.811024 0.409449 -0.417323

vn -0.582677 0.811024 -0.094488

vn -0.968504 0.078740 -0.251969

vn 0.031496 0.000000 -1.000000

vn -0.952756 -0.070866 -0.283465

vn -0.913386 0.015748 -0.417323

vn -0.881890 -0.464567 0.015748

vn -0.826772 0.559055 -0.015748

vn -0.992126 -0.047244 0.102362

vn 0.000000 -0.385827 0.921260

vn -0.992126 -0.047244 0.102362

vn -0.062992 0.251969 -0.968504

vn 0.000000 0.850394 -0.527559

vn -0.275591 0.000000 -0.960630

vn 0.614173 -0.070866 -0.787402

vn -0.110236 -0.039370 -0.992126

vn -0.314961 -0.188976 -0.929134

vn 0.000000 -1.000000 0.000000

vn -0.472441 -0.881890 0.000000

vn -0.299213 -0.094488 -0.952756

vn -0.732283 -0.480315 -0.488189

vn -0.889764 -0.125984 -0.433071

vn -0.889764 -0.125984 -0.433071

vn -0.826772 -0.322835 0.456693

vn 0.000000 0.236220 -0.968504

vn -0.826772 -0.322835 0.456693

vn 0.165354 0.984252 0.023622

vn 0.236220 0.968504 0.000000

vn 0.102362 0.992126 0.000000

vn -1.000000 -0.062992 0.007874

vn -0.984252 -0.110236 0.149606

vn -0.377953 -0.921260 0.000000

vn 0.984252 0.023622 -0.196850

vn 0.984252 -0.055118 0.149606

vn -0.078740 0.023622 -1.000000

vn 0.000000 0.031496 -1.000000

vn -0.062992 -0.110236 -0.992126

vn -0.992126 0.015748 -0.133858

vn 0.968504 -0.062992 0.228346

vn 0.897638 -0.236220 -0.370079

vn 0.007874 -0.228346 -0.976378

vn -0.889764 -0.070866 0.440945

vn -0.960630 -0.141732 -0.236220

vn -0.165354 0.984252 0.023622

vn -0.236220 0.968504 0.000000

vn -0.102362 0.992126 0.000000

vn 0.000000 1.000000 0.078740

vn -1.000000 -0.047244 0.000000

vn 0.015748 1.000000 0.000000

vn -1.000000 0.007874 0.000000

vn -0.952756 -0.291339 0.000000

vn -0.165354 0.842520 0.511811

vn -0.078740 -0.716535 -0.692913

vn 0.007874 -0.842520 -0.535433

vn -0.992126 -0.078740 0.118110

vn 0.850394 0.236220 0.464567

vn 0.007874 -0.881890 0.464567

vn -0.149606 0.566929 0.811024

vn -0.062992 -0.921260 -0.377953

vn -0.677165 0.740157 0.000000

vn -0.370079 0.929134 0.000000

vn -0.921260 0.385827 0.000000

vn 0.000000 0.000000 1.000000

vn 0.000000 0.000000 1.000000

vn 0.000000 0.000000 1.000000

vn -1.000000 0.015748 0.000000

vn -0.905512 -0.425197 0.000000

vn 0.000000 0.000000 1.000000

vn 0.000000 0.000000 1.000000

vn -0.818898 -0.566929 0.000000

vn 0.000000 0.000000 1.000000

vn 1.000000 0.031496 0.015748

vn 0.984252 0.181102 0.000000

vn 0.795276 0.606299 0.000000

vn 0.976378 0.212598 0.007874

vn 0.559055 -0.559055 -0.614173

vn 0.653543 -0.653543 -0.385827

vn 0.236220 -0.236220 -0.944882

vn -0.700787 0.700787 -0.149606

vn -0.661417 0.661417 -0.346457

vn 0.661417 -0.748031 0.000000

vn 0.622047 -0.787402 0.000000

vn 0.000000 0.000000 1.000000

vn 0.448819 -0.889764 0.000000

vn 0.417323 -0.913386 0.000000

vn 0.708661 0.708661 -0.055118

vn 0.700787 0.700787 0.133858

vn -0.299213 0.952756 0.023622

vn 0.307087 0.952756 0.031496

vn -0.692913 0.692913 0.173228

vn -0.062992 -1.000000 0.015748

vn 0.677165 0.677165 0.267717

vn -0.692913 0.692913 0.181102

vn -0.275591 0.960630 0.031496

vn 0.275591 0.960630 0.031496

vn 0.141732 -0.992126 0.000000

vn -0.456693 -0.889764 0.000000

vn -0.496063 -0.866142 0.000000

vn -0.338583 0.944882 0.007874

vn 0.000000 0.000000 1.000000

vn 0.000000 0.000000 1.000000

vn 0.000000 0.000000 1.000000

vn 0.708661 -0.708661 0.000000

vn 0.708661 -0.708661 -0.007874

vn 0.677165 -0.677165 0.307087

vn -0.842520 -0.543307 0.000000

vn 0.110236 0.110236 -0.992126

vn 0.692913 0.692913 -0.181102

vn 0.000000 0.000000 -1.000000

vn 0.000000 0.000000 -1.000000

vn 0.929134 0.354331 0.055118

vn 0.000000 0.000000 -1.000000

vn 0.000000 0.000000 1.000000

vn 0.000000 0.000000 -1.000000

vn -0.622047 -0.779528 0.000000

vn 0.952756 0.299213 0.031496

vn 0.000000 0.000000 -1.000000

vn -1.000000 -0.055118 0.000000

vn 0.700787 -0.700787 0.125984

vn 0.000000 0.000000 1.000000

vn 0.204724 0.976378 0.047244

vn 0.456693 0.889764 0.047244

vn -0.456693 0.889764 0.047244

vn -0.204724 0.976378 0.047244

vn 0.000000 0.000000 -1.000000

vn 0.000000 0.000000 -1.000000

vn -0.708661 0.708661 0.039370

vn 0.708661 0.708661 0.039370

vn -0.070866 1.000000 -0.007874

vn 0.330709 0.944882 0.000000

vn 0.228346 0.976378 0.000000

vn -0.740157 0.677165 0.000000

vn 0.015748 1.000000 0.000000

vn -0.566929 -0.826772 0.000000

vn 0.000000 0.000000 1.000000

vn 0.000000 0.000000 1.000000

vn 0.000000 0.000000 1.000000

vn -0.968504 0.251969 0.000000

vn -0.811024 0.590551 0.000000

vn 0.000000 0.000000 1.000000

vn 0.000000 0.000000 1.000000

vn 0.440945 0.897638 0.000000

vn 0.748031 0.661417 0.000000

vn 0.000000 0.000000 1.000000

vn 0.874016 0.488189 0.000000

vn -0.307087 -0.952756 0.000000

vn -0.590551 -0.803150 0.000000

vn -0.889764 -0.464567 0.000000

vn 0.000000 0.000000 1.000000

vn -0.062992 1.000000 0.007874

vn 0.000000 0.000000 1.000000

vn 0.692913 -0.716535 0.000000

vn -0.409449 0.913386 0.000000

vn -0.897638 0.440945 0.000000

vn -0.590551 0.803150 0.000000

vn 0.685039 -0.685039 -0.228346

vn 0.708661 -0.708661 -0.039370

vn 0.275591 -0.275591 -0.921260

vn -0.685039 0.685039 -0.228346

vn -0.748031 -0.653543 0.125984

vn -0.976378 -0.181102 0.078740

vn 0.787402 0.614173 0.094488

vn 0.968504 -0.251969 0.000000

vn 0.866142 0.503937 0.000000

vn -0.212598 -0.976378 0.007874

vn 0.606299 -0.795276 0.000000

vn 0.212598 -0.976378 0.007874

vn -0.700787 -0.700787 -0.133858

vn -0.708661 -0.708661 -0.039370

vn -0.228346 -0.228346 -0.944882

vn -0.811024 0.590551 0.000000

vn 0.976378 0.204724 -0.110236

vn 0.771654 0.629921 -0.094488

vn -0.614173 0.795276 0.000000

vn 0.110236 0.110236 -0.984252

vn 0.700787 0.700787 -0.086614

vn 0.692913 -0.692913 0.181102

vn -0.291339 -0.952756 0.039370

vn -0.700787 -0.700787 0.118110

vn 0.299213 -0.952756 0.039370

vn 0.496063 0.866142 0.000000

vn 0.692913 -0.692913 0.188976

vn -0.464567 0.881890 0.000000

vn -0.685039 -0.685039 0.244094

vn 0.000000 -1.000000 0.023622

vn -0.913386 0.401575 0.000000

vn -0.645669 0.763780 0.000000

vn 0.000000 0.000000 1.000000

vn -0.007874 -0.007874 1.000000

vn 0.606299 0.606299 0.503937

vn -0.582677 0.811024 0.000000

vn -0.803150 0.590551 0.000000

vn 0.519685 -0.850394 0.055118

vn 0.708661 -0.708661 0.039370

vn 0.000000 0.000000 -1.000000

vn 0.204724 0.976378 0.078740

vn 0.866142 0.503937 0.000000

vn 0.291339 0.960630 0.000000

vn -0.228346 -0.968504 0.094488

vn 0.425197 -0.897638 0.110236

vn -0.433071 0.897638 0.086614

vn 0.251969 0.968504 0.000000

vn -0.496063 0.866142 0.000000

vn 0.755906 -0.645669 0.118110

vn 0.188976 0.976378 -0.086614

vn -0.314961 -0.952756 -0.007874

vn 0.519685 -0.858268 0.000000

vn -0.551181 0.826772 -0.094488

vn -0.960630 0.259843 -0.110236

vn 0.000000 0.007874 -1.000000

vn -0.771654 0.629921 0.078740

vn -0.094488 0.141732 -0.984252

vn 0.661417 0.748031 0.023622

vn 0.905512 0.433071 0.007874

vn 0.874016 0.417323 0.236220

vn -0.937008 -0.322835 0.125984

vn -0.598425 -0.787402 0.149606

vn 0.968504 0.236220 0.039370

vn 0.913386 -0.401575 0.055118

vn 0.952756 -0.291339 0.031496

vn -0.070866 -1.000000 0.015748

vn -0.826772 -0.559055 0.000000

vn 0.724409 0.685039 0.015748

vn 0.251969 0.944882 0.196850

vn 0.000000 0.110236 0.992126

vn 0.000000 0.228346 0.976378

vn 0.000000 -0.078740 1.000000

vn 0.000000 -1.000000 0.000000

vn 0.000000 -1.000000 0.000000

vn 0.000000 0.000000 1.000000

vn 0.000000 0.952756 0.314961

vn 0.000000 -0.677165 -0.732283

vn -0.771654 -0.598425 -0.196850

vn 0.000000 0.000000 1.000000

vn -0.897638 -0.440945 -0.039370

vn 0.874016 0.488189 0.039370

vn 0.952756 0.314961 -0.047244

vn -0.267717 -0.952756 -0.149606

vn -0.968504 -0.196850 -0.125984

vn -0.692913 0.724409 0.055118

vn -0.251969 0.944882 0.196850

vn 0.267717 -0.944882 0.181102

vn 0.275591 -0.960630 -0.078740

vn -0.267717 0.960630 0.000000

vn 0.834646 -0.362205 0.417323

vn 0.070866 -1.000000 0.000000

vn 0.000000 0.000000 1.000000

vn 0.000000 -1.000000 0.000000

vn 0.000000 -1.000000 0.000000

vn 0.984252 -0.157480 0.015748

vn 0.905512 0.425197 -0.023622

vn -0.834646 -0.362205 0.417323

vn 0.291339 0.960630 -0.023622

vn 0.039370 -0.133858 -0.992126

vn 0.102362 0.062992 -0.992126

vn 0.000000 0.000000 -1.000000

vn 0.834646 -0.362205 -0.417323

vn 0.590551 0.803150 0.031496

vn -0.259843 -0.220472 -0.937008

vn 0.007874 -0.952756 -0.299213

vn 0.307087 0.133858 -0.944882

vn 0.000000 0.000000 -1.000000

vn -0.763780 -0.354331 -0.543307

vn -0.204724 0.614173 -0.763780

vn -0.031496 0.858268 -0.511811

vn 0.165354 0.984252 0.015748

vn 0.370079 0.929134 0.000000

vn 0.000000 0.000000 -1.000000

vn -0.307087 0.133858 -0.944882

vn 0.125984 0.992126 0.023622

vn -0.905512 0.425197 -0.023622

vn 1.000000 0.000000 0.000000

vn -1.000000 0.000000 0.000000

vn -0.984252 -0.157480 0.015748

vn -1.000000 0.000000 0.000000

vn -1.000000 -0.062992 -0.015748

vn 0.984252 0.000000 0.173228

vn -0.984252 0.000000 0.173228

vn -0.236220 -0.330709 0.913386

vn -0.196850 0.724409 0.661417

vn -0.204724 -0.874016 -0.440945

vn 0.023622 -0.874016 0.480315

vn -0.244094 -0.913386 0.330709

vn 0.023622 0.519685 0.850394

vn 0.992126 0.141732 -0.055118

vn 1.000000 0.047244 0.007874

vn 0.992126 -0.039370 0.094488

vn 1.000000 0.007874 -0.047244

vn 0.496063 -0.007874 -0.874016

vn 0.015748 -1.000000 -0.023622

vn 1.000000 0.047244 0.047244

vn 0.992126 0.102362 0.023622

vn 0.968504 -0.244094 0.023622

vn 0.708661 -0.700787 0.000000

vn 0.992126 -0.118110 0.000000

vn 1.000000 0.039370 0.000000

vn -0.007874 1.000000 -0.007874

vn 0.992126 -0.110236 0.000000

vn 0.000000 -1.000000 0.000000

vn 0.000000 -1.000000 0.000000

vn -0.952756 -0.314961 0.000000

vn -0.818898 0.582677 0.000000

vn -0.779528 0.622047 0.000000

vn 0.881890 -0.118110 0.456693

vn 0.000000 0.000000 1.000000

vn 0.708661 -0.700787 0.031496

vn 0.818898 -0.566929 0.000000

vn 0.944882 0.330709 0.055118

vn 0.000000 1.000000 0.000000

vn 0.692913 0.716535 0.007874

vn 0.842520 0.102362 0.527559

vn 0.992126 -0.086614 0.007874

vn 0.842520 -0.543307 0.015748

vn 0.984252 -0.157480 -0.015748

vn 0.992126 -0.102362 0.031496

vn -0.937008 -0.354331 0.000000

vn 0.992126 0.141732 0.000000

vn 0.929134 0.377953 -0.015748

vn 0.826772 0.566929 0.007874

vn 0.716535 0.692913 -0.094488

vn 1.000000 -0.023622 0.023622

vn 0.968504 0.244094 0.015748

vn -0.377953 -0.921260 0.000000

vn -0.338583 -0.944882 0.000000

vn 0.118110 0.992126 0.000000

vn 0.897638 0.440945 0.023622

vn 0.000000 0.000000 1.000000

vn 0.000000 0.000000 1.000000

vn 0.000000 0.000000 1.000000

vn 0.283465 0.149606 0.944882

vn 0.000000 -1.000000 0.007874

vn 0.000000 -1.000000 0.000000

vn 0.000000 0.000000 1.000000

vn 1.000000 -0.007874 0.023622

vn 0.118110 -0.992126 0.000000

vn 0.984252 0.157480 0.000000

vn 0.661417 0.748031 0.007874

vn 0.992126 -0.094488 0.023622

vn 0.000000 -1.000000 0.000000

vn 0.000000 -0.653543 0.763780

vn 0.000000 -1.000000 0.000000

vn 0.055118 1.000000 0.000000

vn 0.976378 0.212598 0.031496

vn 0.047244 1.000000 -0.023622

vn 0.952756 0.291339 0.047244

vn 0.000000 1.000000 0.000000

vn 0.000000 -1.000000 0.000000

vn -0.968504 0.244094 0.015748

vn -1.000000 -0.047244 0.023622

vn -0.787402 -0.614173 0.047244

vn -0.708661 -0.708661 0.039370

vn -1.000000 -0.078740 0.000000

vn -1.000000 0.000000 0.000000

vn -1.000000 0.000000 0.007874

vn -0.992126 0.102362 0.000000

vn -0.992126 -0.102362 0.015748

vn -0.622047 0.000000 0.787402

vn -0.653543 0.000000 0.755906

vn 0.000000 0.000000 1.000000

vn -0.740157 0.000000 0.669291

vn -0.960630 -0.267717 -0.007874

vn -0.086614 -1.000000 0.000000

vn -0.811024 0.590551 0.015748

vn -0.842520 -0.543307 0.015748

vn 0.000000 -1.000000 0.000000

vn -0.102362 -0.992126 0.000000

vn 0.000000 1.000000 0.000000

vn -0.204724 0.582677 0.787402

vn 0.000000 0.527559 0.850394

vn -1.000000 0.000000 0.000000

vn -0.771654 -0.637795 0.000000

vn -0.708661 -0.700787 0.000000

vn -0.992126 0.125984 0.000000

vn -0.795276 -0.598425 0.110236

vn -0.921260 -0.362205 0.133858

vn -0.921260 -0.362205 0.133858

vn 0.000000 1.000000 0.000000

vn 0.047244 1.000000 0.023622

vn 0.000000 0.724409 -0.692913

vn -0.645669 -0.015748 0.763780

vn -0.653543 0.472441 0.590551

vn -0.653543 0.000000 0.755906

vn -0.740157 -0.661417 0.110236

vn -0.338583 -0.937008 0.023622

vn -0.992126 -0.031496 0.102362

vn -0.362205 -0.929134 0.055118

vn -0.338583 0.244094 -0.905512

vn 0.000000 0.724409 -0.692913

vn 0.000000 0.000000 -1.000000

vn -0.992126 0.141732 0.000000

vn -0.007874 0.094488 -0.992126

vn 0.000000 0.000000 -1.000000

vn -0.023622 0.000000 -1.000000

vn -0.464567 -0.881890 0.015748

vn -0.984252 0.157480 0.039370

vn -0.700787 0.716535 0.000000

vn 0.000000 -1.000000 0.000000

vn -1.000000 0.023622 0.000000

vn -1.000000 -0.015748 0.000000

vn -0.755906 -0.614173 -0.228346

vn -0.897638 0.440945 0.000000

vn -1.000000 -0.062992 0.007874

vn -0.992126 0.133858 0.000000

vn -0.818898 -0.566929 0.000000

vn -0.992126 -0.118110 0.000000

vn 0.007874 1.000000 0.000000

vn -1.000000 -0.007874 0.000000

vn -0.992126 -0.125984 0.000000

vn -0.700787 -0.653543 0.291339

vn 0.062992 -1.000000 0.000000

vn 0.094488 -0.834646 -0.551181

vn 0.251969 -0.748031 -0.614173

vn 0.062992 -1.000000 0.000000

vn 0.338583 -0.779528 0.527559

vn 0.094488 -0.834646 0.535433

vn 0.094488 -0.834646 -0.551181

vn 0.251969 -0.748031 -0.614173

vn 0.094488 -0.834646 0.535433

vn 0.354331 -0.779528 0.519685

vn 0.094488 -0.834646 -0.551181

vn 0.244094 -0.748031 -0.614173

vn 0.456693 -0.314961 -0.826772

vn 0.094488 -0.834646 0.535433

vn 0.062992 -1.000000 0.000000

vn 0.338583 -0.779528 0.527559

vn 0.448819 -0.299213 0.842520

vn 0.968504 -0.236220 -0.007874

vn 0.511811 -0.858268 0.000000

vn 0.456693 -0.322835 -0.826772

vn 0.968504 -0.236220 -0.007874

vn 0.448819 -0.299213 0.842520

vn 0.456693 -0.322835 -0.826772

vn 0.842520 0.031496 -0.543307

vn 0.771654 0.629921 0.015748

vn 0.803150 -0.062992 0.590551

vn 0.771654 0.637795 0.000000

vn 0.614173 -0.102362 0.779528

vn 0.968504 -0.236220 -0.007874

vn 0.606299 -0.102362 -0.787402

vn 0.818898 0.574803 0.000000

vn 0.582677 0.811024 0.000000

vn 0.842520 0.031496 -0.543307

vn 0.771654 0.629921 0.015748

vn 0.803150 -0.062992 0.590551

vn 0.771654 0.637795 0.000000

vn 0.842520 0.031496 -0.543307

vn 0.771654 0.629921 0.015748

vn 0.803150 -0.062992 0.590551

vn 0.771654 0.637795 0.000000

vn 0.614173 -0.102362 0.779528

vn 0.606299 -0.102362 -0.787402

vn 0.968504 -0.236220 -0.007874

vn 0.614173 -0.102362 0.779528

vn 0.606299 -0.102362 -0.787402

vn 0.842520 0.031496 -0.543307

vn 0.771654 0.629921 0.015748

vn 0.803150 -0.062992 0.590551

vn 0.771654 0.637795 0.000000

vn 0.614173 -0.102362 0.779528

vn 0.606299 -0.102362 -0.787402

vn 0.448819 -0.299213 0.842520

vn 0.000000 0.732283 0.677165

vn -0.007874 -0.062992 1.000000

vn 0.000000 -0.724409 -0.685039

vn 0.000000 -0.307087 -0.952756

vn 0.000000 -0.133858 -0.992126

vn -0.968504 -0.118110 -0.220472

vn -0.480315 0.881890 0.000000

vn -0.464567 0.881890 0.000000

vn -1.000000 0.000000 0.000000

vn -1.000000 0.007874 0.000000

vn -1.000000 0.000000 0.000000

vn -1.000000 0.000000 0.000000

vn -1.000000 0.055118 0.031496

vn -1.000000 -0.007874 0.000000

vn -0.905512 0.417323 0.000000

vn -0.007874 0.039370 -1.000000

vn -0.551181 0.834646 0.000000

vn -0.598425 0.803150 -0.007874

vn 0.629921 -0.779528 0.000000

vn -0.952756 0.291339 0.000000

vn -0.889764 -0.456693 -0.031496

vn -0.889764 -0.456693 0.007874

vn -0.889764 -0.456693 0.000000

vn -1.000000 0.000000 0.000000

vn -0.976378 -0.228346 0.000000

vn 0.000000 -1.000000 -0.078740

vn 0.007874 -0.992126 -0.102362

vn -0.165354 0.984252 0.023622

vn -0.165354 -0.070866 0.984252

vn 0.637795 -0.771654 0.000000

vn 0.031496 -0.007874 1.000000

vn 0.007874 0.000000 1.000000

vn -0.007874 0.031496 1.000000

vn 0.803150 -0.590551 0.000000

vn -0.755906 0.653543 0.039370

vn -0.992126 -0.102362 -0.039370

vn -0.299213 -0.952756 -0.062992

vn -0.779528 -0.622047 -0.031496

vn -0.614173 -0.787402 -0.007874

vn -1.000000 0.000000 0.000000

vn -1.000000 0.000000 -0.031496

vn -1.000000 0.062992 0.047244

vn 0.015748 -1.000000 0.000000

vn 0.015748 -1.000000 0.000000

vn 0.015748 -1.000000 -0.007874

vn -0.275591 -0.960630 -0.023622

vn 0.000000 -1.000000 0.000000

vn 1.000000 0.055118 0.000000

vn -0.661417 0.755906 0.015748

vn -0.992126 0.039370 0.118110

vn -0.196850 0.425197 0.881890

vn -0.968504 -0.086614 -0.236220

vn 1.000000 -0.007874 0.000000

vn 1.000000 -0.015748 0.000000

vn -0.708661 0.700787 0.000000

vn -0.362205 -0.354331 0.866142

vn 0.000000 -0.370079 -0.929134

vn 0.960630 0.283465 0.015748

vn -0.992126 0.118110 -0.015748

vn 0.015748 -1.000000 0.000000

vn 0.881890 -0.472441 0.015748

vn 0.000000 -1.000000 0.000000

vn 0.000000 -0.700787 -0.716535

vn 0.000000 -1.000000 0.000000

vn 0.031496 0.826772 0.559055

vn -0.031496 0.818898 0.566929

vn -0.023622 0.480315 0.874016

vn -0.031496 1.000000 0.031496

vn 0.582677 -0.755906 -0.314961

vn -0.346457 -0.291339 -0.889764

vn -0.086614 -0.779528 -0.622047

vn -0.937008 0.291339 0.188976

vn -0.401575 0.448819 0.795276

vn -0.527559 0.842520 0.039370

vn 0.984252 0.157480 0.000000

vn 0.000000 -1.000000 0.000000

vn -1.000000 0.015748 -0.007874

vn -0.984252 -0.110236 -0.157480

vn 0.102362 -0.779528 -0.614173

vn 0.354331 -0.291339 -0.889764

vn 0.094488 -0.165354 -0.984252

vn 0.141732 0.204724 -0.968504

vn -0.094488 -0.165354 -0.984252

vn -0.125984 0.204724 -0.968504

vn 0.984252 -0.110236 -0.157480

vn 0.921260 0.330709 0.212598

vn 0.023622 1.000000 0.023622

vn 0.385827 0.921260 0.015748

vn 1.000000 0.023622 -0.007874

vn 0.590551 0.811024 -0.007874

vn 0.377953 -0.889764 -0.259843

vn 0.496063 -0.850394 -0.173228

vn 0.031496 1.000000 -0.023622

vn 0.472441 -0.881890 -0.047244

vn 0.740157 -0.606299 0.283465

vn 0.755906 0.653543 -0.023622

vn 0.685039 -0.669291 -0.275591

vn 1.000000 -0.015748 0.000000

vn -0.456693 -0.795276 -0.401575

vn -0.125984 -0.015748 -0.992126

vn -0.685039 -0.677165 -0.275591

vn 0.015748 0.299213 -0.952756

vn 0.000000 -0.929134 -0.370079

vn 0.000000 -0.889764 -0.448819

vn 0.000000 -0.929134 -0.362205

vn 0.000000 -0.889764 -0.448819

vn 0.000000 -1.000000 -0.047244

vn -0.377953 -0.889764 -0.259843

vn -0.275591 -0.937008 -0.204724

vn -0.055118 0.354331 -0.929134

vn 0.417323 -0.811024 -0.409449

vn 0.992126 -0.125984 0.000000

vn 0.055118 0.448819 -0.889764

vn 0.055118 0.244094 -0.968504

vn -0.968504 -0.236220 -0.055118

vn -0.031496 1.000000 -0.031496

vn 0.897638 0.440945 0.000000

vn 0.000000 -1.000000 -0.007874

vn -0.653543 0.755906 0.000000

vn -0.023622 -0.968504 -0.251969

vn 0.031496 -0.968504 -0.251969

vn 0.157480 0.834646 0.527559

vn 0.149606 0.377953 0.913386

vn 0.842520 0.244094 -0.480315

vn 0.023622 0.700787 0.708661

vn -0.023622 0.700787 0.708661

vn 0.976378 -0.188976 0.125984

vn 0.763780 0.637795 0.039370

vn 1.000000 0.007874 -0.086614

vn 0.992126 0.047244 0.110236

vn -0.803150 0.480315 0.362205

vn 0.173228 -0.259843 0.952756

vn 1.000000 0.000000 0.000000

vn 1.000000 0.000000 0.000000

vn 1.000000 0.007874 -0.015748

vn 0.464567 0.094488 -0.881890

vn 0.031496 0.992126 0.086614

vn 1.000000 -0.039370 0.000000

vn 0.039370 0.850394 0.527559

vn 0.992126 0.118110 0.086614

vn 0.771654 0.220472 0.598425

vn -0.157480 -0.157480 0.976378

vn 0.023622 0.370079 0.929134

vn 0.543307 0.401575 0.732283

vn 0.889764 0.322835 0.314961

vn 1.000000 -0.007874 0.000000

vn 0.031496 0.779528 0.622047

vn 0.740157 0.669291 0.102362

vn 0.803150 0.472441 0.362205

vn 1.000000 0.007874 0.000000

vn 0.023622 0.480315 0.874016

vn -0.984252 0.110236 0.133858

vn -0.527559 0.401575 0.748031

vn -1.000000 0.070866 0.007874

vn -0.921260 0.275591 0.283465

vn -1.000000 0.000000 0.000000

vn -0.173228 0.503937 0.850394

vn -0.023622 0.488189 0.874016

vn -0.031496 0.850394 0.519685

vn 0.023622 0.984252 0.188976

vn 0.000000 0.992126 0.102362

vn 0.960630 0.062992 0.259843

vn 0.960630 -0.283465 0.000000

vn -0.015748 1.000000 0.000000

vn -0.984252 0.102362 0.125984

vn -0.047244 0.582677 0.811024

vn -1.000000 0.000000 0.000000

vn -1.000000 0.000000 0.000000

vn -1.000000 0.000000 0.000000

vn -0.212598 -0.960630 0.196850

vn -0.039370 1.000000 -0.031496

vn 0.094488 -0.307087 -0.944882

vn -0.259843 0.748031 -0.614173

vn -0.425197 0.669291 -0.606299

vn 0.377953 -0.866142 -0.322835

vn 0.519685 -0.779528 -0.346457

vn -0.755906 0.007874 -0.653543

vn -0.968504 0.007874 -0.251969

vn -0.047244 0.118110 -0.992126

vn 0.000000 -0.015748 -1.000000

vn -1.000000 0.000000 -0.055118

vn -0.755906 0.015748 -0.653543

vn 0.551181 -0.771654 -0.314961

vn -0.826772 0.007874 -0.566929

vn 1.000000 0.000000 -0.039370

vn -0.543307 -0.779528 -0.299213

vn -0.086614 -0.307087 -0.944882

vn 0.425197 0.669291 -0.606299

vn -0.236220 -0.905512 -0.338583

vn 0.299213 0.779528 -0.551181

vn -0.078740 -0.141732 -0.984252

vn 0.078740 0.141732 -0.984252

vn -0.551181 -0.779528 -0.307087

vn 0.094488 -0.370079 -0.921260

vn -0.417323 0.653543 -0.622047

vn 0.007874 -0.937008 -0.354331

vn -0.236220 0.692913 -0.685039

vn -1.000000 0.000000 0.000000

vn -0.755906 -0.062992 -0.653543

vn 0.062992 -0.157480 -0.984252

vn 0.527559 -0.795276 -0.283465

vn 0.007874 -0.094488 -0.992126

vn 0.291339 0.732283 -0.614173

vn -1.000000 -0.007874 -0.078740

vn 0.086614 -0.417323 -0.905512

vn -0.409449 0.543307 -0.732283

vn -0.228346 0.677165 -0.700787

vn 0.015748 -0.937008 -0.346457

vn -0.078740 -0.409449 -0.905512

vn -0.086614 -0.362205 -0.929134

vn 0.299213 0.740157 -0.598425

vn 0.409449 0.653543 -0.629921

vn -0.070866 -0.228346 -0.968504

vn -0.062992 -0.157480 -0.984252

vn -0.527559 -0.803150 -0.283465

vn 0.724409 0.015748 -0.692913

vn 0.763780 0.007874 -0.645669

vn 1.000000 0.000000 0.000000

vn 1.000000 0.000000 -0.086614

vn 0.763780 0.007874 -0.645669

vn 0.755906 -0.062992 -0.645669

vn -0.070866 -0.984252 0.149606

vn -0.921260 -0.362205 0.125984

vn 0.078740 -0.007874 1.000000

vn 0.070866 0.070866 0.992126

vn 0.055118 -0.031496 1.000000

vn 0.118110 -0.944882 0.299213

vn 0.913386 -0.346457 0.212598

vn 0.992126 -0.062992 0.078740

vn 0.984252 -0.133858 0.102362

vn 0.968504 -0.220472 0.118110

vn 0.039370 1.000000 0.031496

vn 0.929134 -0.362205 0.094488

vn 0.070866 -0.992126 0.125984

vn -0.984252 -0.039370 0.173228

vn -0.913386 -0.251969 0.314961

vn 0.102362 -0.740157 0.669291

vn -0.913386 -0.346457 0.212598

vn 0.062992 0.913386 0.409449

vn -0.968504 -0.212598 0.118110

vn -0.984252 -0.133858 0.102362

vn -0.055118 -0.047244 1.000000

vn -0.062992 0.960630 0.283465

vn -0.078740 0.181102 0.984252

vn -0.102362 -0.740157 0.669291

vn -0.078740 -0.007874 1.000000

vn -0.094488 -0.952756 0.291339

vn -0.968504 -0.070866 0.244094

vn -0.968504 -0.023622 0.251969

vn -0.653543 -0.307087 0.692913

vn -0.779528 -0.118110 0.614173

vn -0.732283 0.086614 0.677165

vn -0.874016 -0.228346 0.425197

vn -0.173228 0.614173 0.771654

vn -0.015748 0.858268 0.519685

vn -0.007874 0.496063 -0.866142

vn 0.015748 0.614173 -0.787402

vn 0.787402 -0.330709 0.519685

vn 0.015748 0.866142 0.503937

vn 0.976378 -0.086614 0.196850

vn 0.952756 -0.204724 0.220472

vn -0.236220 -0.968504 0.102362

vn -0.338583 -0.937008 0.118110

vn -0.362205 -0.929134 0.094488

vn -0.377953 0.196850 0.905512

vn -0.007874 -0.992126 0.118110

vn -0.338583 0.511811 0.787402

vn -0.125984 0.385827 0.913386

vn 0.181102 -0.976378 0.102362

vn 0.330709 -0.937008 0.125984

vn 0.251969 0.275591 0.929134

vn 0.354331 -0.322835 0.874016

vn -0.086614 -0.338583 0.937008

vn 0.866142 -0.125984 0.480315

vn 0.181102 0.606299 0.779528

vn 0.763780 -0.102362 0.637795

vn 0.818898 -0.086614 0.566929

vn 0.653543 0.086614 0.755906

vn 0.307087 0.511811 0.803150

vn 0.874016 -0.244094 0.417323

vn 0.346457 -0.937008 0.094488

vn 0.968504 0.023622 0.236220

vn 0.007874 0.385827 -0.921260

vn 0.000000 0.275591 -0.960630

vn 0.000000 0.125984 -0.992126

vn -0.015748 1.000000 0.055118

vn -0.960630 -0.236220 0.157480

vn -0.157480 -0.984252 0.000000

vn -0.181102 -0.984252 0.000000

vn 0.157480 -0.984252 0.000000

vn -0.748031 -0.543307 0.385827

vn -0.740157 -0.669291 0.000000

vn -0.692913 -0.716535 0.000000

vn 0.921260 -0.385827 -0.047244

vn 0.322835 -0.944882 0.047244

vn 0.354331 -0.921260 -0.149606

vn 0.748031 -0.543307 0.385827

vn 0.000000 -0.385827 0.921260

vn 0.110236 -0.039370 -0.992126

vn -0.015748 0.007874 -1.000000

vn 0.314961 -0.188976 -0.929134

vn 0.732283 -0.480315 -0.488189

vn -0.031496 0.000000 -1.000000

vn 0.889764 -0.125984 -0.433071

vn 0.889764 -0.125984 -0.433071

vn 0.826772 -0.322835 0.456693

vn 0.000000 0.236220 -0.968504

vn 0.826772 -0.322835 0.456693

vn 0.992126 -0.047244 0.102362

vn 0.992126 -0.047244 0.102362

vn 0.062992 0.251969 -0.968504

vn 0.968504 0.055118 -0.251969

vn 0.968504 0.070866 -0.251969

vn 0.881890 -0.464567 0.015748

vn 0.000000 -1.000000 0.031496

vn 0.000000 0.850394 -0.527559

vn 0.826772 0.559055 -0.015748

vn 0.881890 -0.464567 0.015748

vn 0.716535 -0.700787 0.000000

vn 0.000000 1.000000 0.000000

vn 0.858268 0.511811 0.015748

vn 0.771654 -0.614173 0.157480

vn 0.732283 -0.480315 -0.488189

vn 0.425197 -0.897638 0.125984

vn 0.314961 -0.188976 -0.929134

vn 0.653543 -0.637795 -0.401575

vn 0.307087 -0.929134 -0.196850

vn 0.110236 -0.039370 -0.992126

vn 0.811024 -0.110236 -0.574803

vn 0.653543 -0.637795 -0.401575

vn 0.811024 -0.110236 -0.574803

vn 0.047244 -0.968504 -0.236220

vn 0.047244 -0.968504 -0.236220

vn 0.047244 -0.968504 -0.236220

vn 0.653543 -0.637795 -0.401575

vn -0.354331 -0.921260 -0.149606

vn 0.000000 0.236220 -0.968504

vn 0.000000 0.236220 -0.968504

vn -0.811024 -0.110236 -0.574803

vn -0.110236 -0.039370 -0.992126

vn -0.307087 -0.929134 -0.196850

vn 0.433071 -0.889764 0.133858

vn -0.496063 -0.858268 0.149606

vn -0.047244 -0.952756 -0.291339

vn 0.307087 -0.929134 -0.196850

vn -0.653543 -0.637795 -0.401575

vn -0.811024 -0.110236 -0.574803

vn -0.047244 -0.952756 -0.291339

vn -0.047244 -0.952756 -0.291339

vn -0.653543 -0.637795 -0.401575

vn -0.314961 -0.188976 -0.929134

vn -0.488189 -0.858268 0.141732

vn -0.779528 -0.606299 0.157480

vn 0.889764 -0.275591 0.354331

vn -0.732283 -0.480315 -0.488189

vn -0.653543 -0.637795 -0.401575

vn 0.929134 -0.370079 0.000000

vn 0.826772 -0.566929 0.000000

vn 0.173228 -0.984252 0.000000

vn -0.307087 -0.929134 -0.196850

vn -0.173228 -0.984252 0.000000

vn 1.000000 0.015748 0.000000

vn 0.078740 0.118110 -0.992126

vn 0.803150 0.472441 -0.362205

vn -0.929134 -0.370079 0.000000

vn -0.173228 -0.984252 0.000000

vn 0.929134 -0.362205 0.062992

vn 1.000000 0.000000 0.000000

vn 0.874016 -0.488189 -0.031496

vn 0.913386 -0.212598 0.338583

vn 0.944882 -0.141732 -0.291339

vn 0.039370 -1.000000 -0.031496

vn 0.874016 -0.488189 -0.031496

vn 0.716535 -0.700787 0.000000

vn 0.110236 0.582677 0.803150

vn 0.000000 -0.385827 -0.921260

vn 0.944882 -0.141732 -0.291339

vn 0.000000 0.220472 0.976378

vn 0.165354 0.984252 0.000000

vn 0.740157 -0.677165 0.000000

vn 0.275591 -0.960630 0.000000

vn 0.000000 0.220472 0.976378

vn 0.000000 0.228346 0.976378

vn 0.000000 0.220472 0.976378

vn 0.173228 -0.984252 0.000000

vn 0.299213 -0.952756 0.039370

vn 0.472441 -0.322835 -0.818898

vn 0.086614 0.307087 0.944882

vn 0.283465 -0.039370 0.960630

vn 0.472441 -0.322835 -0.818898

vn 0.984252 -0.070866 0.141732

vn 0.984252 -0.062992 0.157480

vn -1.000000 0.000000 -0.023622

vn -0.984252 -0.070866 0.141732

vn 0.023622 -0.023622 -1.000000

vn 0.000000 -0.015748 -1.000000

vn 0.007874 -0.015748 -1.000000

vn 1.000000 0.000000 -0.015748

vn -0.047244 0.094488 -0.992126

vn -0.023622 -0.834646 -0.551181

vn -0.039370 -0.015748 -1.000000

vn 0.000000 -1.000000 -0.062992

vn -0.023622 -0.818898 -0.574803

vn -0.811024 -0.582677 0.000000

vn 0.015748 -0.740157 -0.669291

vn 0.000000 -1.000000 -0.078740

vn 0.047244 0.118110 -0.992126

vn 0.000000 -1.000000 -0.039370

vn 0.031496 -0.015748 -1.000000

vn -0.015748 -0.960630 -0.267717

vn 0.007874 -0.960630 -0.267717

vn 0.007874 -0.992126 -0.118110

vn 0.031496 -0.811024 -0.590551

vn -0.653543 -0.755906 0.000000

vn -0.692913 -0.724409 0.000000

vn -0.984252 0.157480 0.000000

vn 0.039370 -1.000000 0.000000

vn -0.976378 0.220472 0.000000

vn -1.000000 -0.078740 0.000000

vn -0.110236 -0.992126 0.000000

vn -0.086614 -0.992126 0.031496

vn 0.992126 0.149606 0.000000

vn 0.606299 -0.795276 0.000000

vn 0.629921 -0.771654 0.000000

vn -0.062992 -1.000000 0.000000

vn 1.000000 0.000000 0.015748

vn 1.000000 -0.078740 0.000000

vn 0.023622 -0.850394 0.527559

vn -0.007874 -1.000000 0.039370

vn 0.110236 -0.992126 0.000000

vn 0.779528 -0.622047 0.000000

vn -0.031496 0.157480 0.984252

vn 0.204724 -0.976378 0.023622

vn -0.834646 -0.204724 -0.511811

vn -0.220472 -0.275591 -0.937008

vn -0.858268 -0.062992 0.503937

vn -0.102362 -0.992126 0.015748

vn -0.291339 -0.952756 0.047244

vn -1.000000 -0.039370 0.007874

vn -0.259843 -0.039370 0.960630

vn 0.007874 -0.984252 0.157480

vn -0.023622 -0.763780 0.645669

vn 0.976378 0.220472 0.000000

vn -0.110236 -0.992126 -0.047244

vn 0.157480 -0.984252 0.039370

vn 1.000000 -0.039370 0.007874

vn -0.007874 -1.000000 0.000000

vn 0.779528 -0.393701 0.480315

vn 0.299213 -0.952756 0.039370

vn 0.858268 -0.291339 0.417323

vn 0.858268 -0.291339 0.417323

vn 0.858268 -0.062992 0.503937

vn 0.834646 -0.519685 -0.157480

vn 0.291339 -0.267717 -0.921260

vn 0.866142 -0.212598 0.448819

vn 0.212598 -0.251969 -0.944882

vn 0.834646 -0.204724 -0.511811

vn 0.220472 -0.275591 -0.937008

vn 0.102362 -0.992126 0.023622

vn -0.858268 -0.291339 0.417323

vn 1.000000 0.031496 0.000000

vn -0.291339 -0.952756 0.047244

vn -0.070866 -1.000000 0.000000

vn -1.000000 0.047244 0.000000

vn -1.000000 0.007874 0.000000

vn -0.062992 -1.000000 -0.031496

vn -0.338583 -0.779528 0.527559

vn -0.771654 0.637795 0.000000

vn -0.842520 0.031496 -0.543307

vn -0.771654 0.629921 0.015748

vn -0.803150 -0.062992 0.590551

vn -0.606299 -0.102362 -0.787402

vn -0.771654 0.637795 0.000000

vn -0.842520 0.031496 -0.543307

vn -0.771654 0.629921 0.015748

vn -0.803150 -0.062992 0.590551

vn -0.614173 -0.102362 0.779528

vn -0.968504 -0.236220 -0.007874

vn -0.456693 -0.314961 -0.826772

vn -0.606299 -0.102362 -0.787402

vn -0.338583 -0.779528 0.527559

vn -0.094488 -0.834646 0.535433

vn -0.094488 -0.834646 -0.551181

vn -0.244094 -0.748031 -0.614173

vn -0.456693 -0.314961 -0.826772

vn -0.448819 -0.299213 0.842520

vn -0.968504 -0.236220 -0.007874

vn -0.047244 -1.000000 -0.023622

vn -0.503937 -0.866142 0.039370

vn -0.094488 -0.834646 0.535433

vn -0.094488 -0.834646 -0.551181

vn -0.448819 -0.299213 0.842520

vn -0.244094 -0.748031 -0.614173

vn -0.338583 -0.779528 0.527559

vn -0.968504 -0.204724 0.141732

vn -0.968504 -0.204724 -0.125984

vn -0.614173 -0.102362 0.779528

vn -0.023622 -1.000000 -0.015748

vn -0.062992 -1.000000 -0.039370

vn -0.771654 0.629921 0.015748

vn -0.842520 0.031496 -0.543307

vn -0.803150 -0.062992 0.590551

vn -0.771654 0.637795 0.000000

vn -0.614173 -0.102362 0.779528

vn -0.456693 -0.314961 -0.826772

vn -0.606299 -0.102362 -0.787402

vn -0.094488 -0.834646 0.535433

vn -0.448819 -0.299213 0.842520

vn -0.094488 -0.834646 -0.551181

vn -0.244094 -0.748031 -0.614173

vn -0.338583 -0.779528 0.527559

vn -0.968504 -0.236220 -0.007874

vn -0.976378 -0.212598 -0.078740

vn 0.000000 0.000000 1.000000

vn 1.000000 0.015748 0.007874

vn 0.874016 -0.480315 0.000000

vn 1.000000 -0.015748 0.000000

vn 0.850394 -0.527559 0.000000

vn 0.889764 -0.456693 0.047244

vn -0.307087 -0.952756 0.047244

vn -0.708661 -0.708661 0.039370

vn -0.889764 -0.456693 0.047244

vn 0.000000 0.000000 -1.000000

vn 0.000000 0.000000 -1.000000

vn 0.000000 0.000000 -1.000000

vn -1.000000 0.015748 0.023622

vn -0.692913 0.692913 -0.204724

vn -0.944882 -0.322835 0.000000

vn 0.228346 0.976378 0.000000

vn 0.818898 0.574803 0.000000

vn -0.952756 0.307087 0.000000

vn 0.622047 0.622047 0.480315

vn 0.700787 0.700787 -0.149606

vn 0.944882 -0.322835 0.000000

vn -0.708661 0.708661 0.000000

vn 0.866142 0.503937 0.000000

vn -0.952756 -0.299213 0.031496

vn 0.000000 0.000000 1.000000

vn -0.472441 0.472441 0.740157

vn -0.606299 0.606299 0.511811

vn -0.708661 -0.708661 0.000000

vn -0.677165 -0.677165 -0.283465

vn -0.700787 -0.700787 -0.118110

vn 0.708661 0.708661 0.007874

vn -0.708661 -0.708661 0.000000

vn 0.960630 -0.283465 0.031496

vn 0.708661 0.708661 0.000000

vn -0.708661 0.708661 0.007874

vn 0.000000 0.000000 1.000000

vn 0.000000 0.000000 1.000000

vn 0.811024 -0.590551 0.000000

vn -0.952756 0.299213 0.031496

vn 0.976378 0.188976 0.102362

vn 0.000000 0.000000 1.000000

vn 0.000000 0.000000 1.000000

vn 0.000000 0.000000 1.000000

vn 0.000000 0.000000 1.000000

vn -0.606299 -0.606299 0.511811

vn -0.464567 -0.464567 0.748031

vn -0.929134 0.354331 0.055118

vn 0.000000 0.000000 -1.000000

vn 0.000000 0.000000 -1.000000

vn -0.094488 -0.834646 -0.551181

vn -0.244094 -0.748031 -0.614173

vn -0.062992 -1.000000 -0.039370

vn -0.094488 -0.834646 0.535433

vn -0.354331 -0.779528 0.519685

vn -0.448819 -0.299213 0.842520

vn -0.968504 -0.220472 0.078740

vn -0.968504 -0.236220 -0.007874

vn -0.259843 -0.748031 -0.606299

vn -0.094488 -0.834646 0.535433

vn -0.968504 -0.236220 -0.007874

vn -0.094488 -0.834646 -0.551181

vn -0.456693 -0.322835 -0.826772

vn -0.448819 -0.299213 0.842520

vn -0.338583 -0.779528 0.527559

vn -0.062992 -1.000000 -0.039370

vn 0.062992 -1.000000 0.000000

vn 0.062992 -1.000000 0.000000

vn -0.094488 -0.834646 -0.551181

vn -0.456693 -0.322835 -0.826772

vn -0.251969 -0.748031 -0.614173

vn -0.094488 -0.834646 0.535433

vn -0.968504 -0.236220 -0.007874

vn -0.818898 0.566929 0.000000

vn -0.771654 0.629921 0.015748

vn -0.842520 0.031496 -0.543307

vn -0.803150 -0.062992 0.590551

vn -0.771654 0.637795 0.000000

vn -0.614173 -0.102362 0.779528

vn -0.606299 -0.102362 -0.787402

vn -0.771654 0.629921 0.015748

vn -0.842520 0.031496 -0.543307

vn -0.803150 -0.062992 0.590551

vn -0.771654 0.637795 0.000000

vn -0.771654 0.629921 0.015748

vn -0.842520 0.031496 -0.543307

vn -0.803150 -0.062992 0.590551

vn -0.771654 0.637795 0.000000

vn -0.614173 -0.102362 0.779528

vn -0.606299 -0.102362 -0.787402

vn -0.614173 -0.102362 0.779528

vn -0.023622 -1.000000 0.023622

vn -1.000000 0.007874 0.015748

vn -0.771654 0.629921 0.015748

vn -0.842520 0.031496 -0.543307

vn -0.803150 -0.062992 0.590551

vn -0.771654 0.637795 0.000000

vn -0.606299 -0.102362 -0.787402

vn -0.456693 -0.299213 0.834646

vn -0.614173 -0.102362 0.779528

vn -0.456693 -0.314961 -0.826772

vn -0.968504 -0.251969 -0.007874

vn -0.456693 -0.881890 0.118110

vn -0.102362 -0.834646 0.543307

vn -0.338583 -0.779528 0.527559

vn -0.291339 -0.456693 -0.842520

vn -0.606299 -0.102362 -0.787402

vn -0.070866 -0.818898 -0.574803

vn 0.889764 -0.448819 -0.007874

vn 0.921260 -0.385827 0.015748

vn -0.110236 -0.992126 -0.007874

vn -0.362205 -0.937008 0.007874

vn -0.070866 1.000000 0.007874

vn -0.976378 0.196850 -0.007874

vn -0.921260 0.385827 0.000000

vn -0.598425 0.795276 0.000000

vn -0.976378 0.204724 0.000000

vn 0.976378 -0.188976 -0.094488

vn 0.000000 1.000000 0.000000

vn -0.173228 0.984252 0.023622

vn 0.000000 1.000000 0.000000

vn -0.992126 -0.094488 -0.007874

vn 0.503937 0.866142 0.000000

vn -0.456693 0.889764 0.000000

vn -0.149606 0.992126 0.000000

vn 0.992126 0.015748 0.125984

vn 1.000000 -0.015748 -0.062992

vn 0.905512 0.425197 0.015748

vn 1.000000 0.047244 0.007874

vn 0.055118 -1.000000 0.007874

vn -1.000000 0.015748 -0.062992

vn -0.968504 -0.259843 -0.047244

vn -0.708661 -0.700787 0.000000

vn 0.000000 1.000000 0.000000

vn -0.960630 0.078740 0.251969

vn -0.984252 -0.062992 0.157480

vn -1.000000 0.023622 0.000000

vn -1.000000 -0.055118 -0.023622

vn 0.118110 0.023622 0.992126

vn 0.566929 -0.818898 0.055118

vn 0.000000 0.000000 1.000000

vn 0.000000 0.000000 1.000000

vn -0.173228 0.984252 0.023622

vn -0.944882 0.322835 0.000000

vn -0.275591 0.960630 0.000000

vn -0.598425 0.685039 0.409449

vn -0.960630 0.078740 0.251969

vn -0.984252 -0.062992 0.157480

vn -0.960630 0.078740 0.251969

vn -0.700787 -0.708661 -0.047244

vn -0.078740 -1.000000 0.000000

vn -0.913386 0.409449 -0.039370

vn -0.724409 0.692913 0.062992

vn -1.000000 -0.039370 0.015748

vn -0.244094 0.968504 0.007874

vn 0.992126 0.110236 -0.007874

vn -0.055118 1.000000 -0.007874

vn -0.133858 -0.118110 -0.984252

vn -0.157480 -0.023622 -0.984252

vn -1.000000 0.047244 -0.015748

vn 1.000000 0.000000 0.000000

vn 1.000000 0.000000 0.000000

vn 0.228346 0.000000 0.976378

vn 0.976378 -0.181102 0.078740

vn -0.976378 0.188976 0.102362

vn 0.503937 0.850394 0.149606

vn 0.267717 -0.393701 0.881890

vn -0.645669 -0.763780 0.023622

vn -0.385827 -0.921260 0.023622

vn 0.000000 0.000000 1.000000

vn 0.000000 0.000000 1.000000

vn 0.000000 1.000000 -0.031496

vn 0.000000 -1.000000 0.000000

vn 0.000000 -0.992126 -0.086614

vn 0.244094 0.000000 0.968504

vn 0.000000 -0.527559 -0.850394

vn 0.960630 -0.267717 -0.007874

vn 0.614173 0.787402 0.000000

vn 0.070866 -0.338583 -0.937008

vn 0.000000 -0.937008 0.338583

vn 0.000000 0.070866 1.000000

vn 0.094488 -0.960630 -0.259843

vn -0.204724 -0.440945 0.874016

vn -0.417323 0.858268 0.307087

vn 0.488189 0.511811 -0.708661

vn -0.960630 0.275591 0.039370

vn -0.944882 0.322835 0.000000

vn -0.118110 -0.307087 -0.944882

vn -0.968504 0.236220 -0.015748

vn 0.007874 -0.779528 0.629921

vn -0.228346 -0.818898 -0.519685

vn 0.889764 0.456693 0.000000

vn -0.047244 -0.015748 -1.000000

vn 0.976378 -0.118110 0.165354

vn -1.000000 -0.047244 -0.007874

vn 0.984252 -0.165354 0.000000

vn 0.015748 -0.141732 -0.992126

vn -0.188976 0.968504 -0.141732

vn -0.125984 0.992126 0.000000

vn 0.000000 -0.039370 1.000000

vn 0.377953 0.929134 0.000000

vn 0.417323 0.905512 0.055118

vn 0.000000 0.007874 1.000000

vn 0.000000 0.007874 1.000000

vn 0.000000 -0.157480 0.984252

vn 0.000000 -0.543307 0.842520

vn 0.740157 -0.677165 0.007874

vn -0.826772 0.566929 -0.007874

vn 0.007874 0.000000 1.000000

vn 0.960630 -0.007874 0.275591

vn 0.000000 1.000000 -0.078740

vn 0.661417 -0.748031 0.000000

vn 0.992126 -0.110236 -0.039370

vn -0.984252 0.118110 0.149606

vn -0.007874 0.000000 1.000000

vn -1.000000 -0.015748 -0.015748

vn 0.000000 0.598425 -0.803150

vn 0.535433 -0.842520 0.007874

vn 0.236220 -0.968504 0.000000

vn 0.181102 -0.984252 0.015748

vn 0.370079 -0.929134 0.023622

vn -0.992126 0.118110 -0.062992

vn 1.000000 -0.039370 0.000000

vn -0.976378 0.031496 -0.204724

vn 0.023622 0.000000 1.000000

vn -0.984252 0.055118 -0.149606

vn -0.905512 0.354331 -0.228346

vn -0.015748 -0.826772 -0.559055

vn -0.834646 0.409449 -0.377953

vn -0.023622 0.818898 0.574803

vn -0.023622 -0.929134 0.377953

vn -0.173228 0.606299 -0.779528

vn 0.023622 0.795276 0.598425

vn 0.023622 -0.952756 0.299213

vn 0.157480 0.629921 -0.763780

vn 0.905512 0.346457 -0.244094

vn 0.811024 0.433071 -0.393701

vn 0.385827 0.637795 -0.669291

vn 0.023622 0.818898 0.574803

vn -0.960630 0.149606 -0.220472

vn -0.897638 0.007874 -0.440945

vn -0.929134 0.275591 -0.244094

vn -0.015748 1.000000 -0.062992

vn -0.968504 -0.251969 0.078740

vn -0.488189 0.094488 -0.866142

vn -0.881890 -0.338583 -0.322835

vn -0.015748 -0.976378 0.204724

vn -0.015748 -0.448819 0.889764

vn 0.015748 -0.976378 0.196850

vn 0.007874 -0.976378 0.220472

vn 0.015748 -0.393701 0.921260

vn 0.015748 -0.897638 0.433071

vn 0.007874 -1.000000 -0.055118

vn -0.015748 -0.992126 0.094488

vn 0.000000 0.968504 -0.244094

vn -0.007874 -1.000000 -0.015748

vn 0.015748 1.000000 -0.078740

vn -0.007874 -0.976378 0.220472

vn -0.905512 -0.401575 0.149606

vn -0.031496 0.921260 -0.385827

vn 0.000000 -0.346457 -0.937008

vn -0.023622 0.000000 -1.000000

vn 0.000000 -1.000000 -0.015748

vn 0.031496 0.905512 -0.417323

vn 0.992126 0.102362 0.055118

vn 0.976378 0.110236 -0.204724

vn 0.913386 -0.015748 -0.401575

vn 0.960630 0.149606 -0.244094

vn 0.968504 -0.220472 0.094488

vn 0.858268 -0.322835 -0.409449

vn 0.921260 -0.330709 -0.220472

vn 0.007874 -0.763780 -0.645669

vn 0.007874 -1.000000 -0.015748

vn 0.960630 -0.267717 0.047244

vn -1.000000 0.070866 0.000000

vn 0.968504 0.251969 0.000000

vn 0.551181 0.834646 0.000000

vn 0.157480 0.984252 0.000000

vn -0.582677 0.811024 0.000000

vn 0.000000 0.992126 -0.086614

vn 0.000000 0.370079 -0.929134

vn 0.000000 1.000000 -0.078740

vn -0.417323 0.905512 0.000000

vn -0.322835 0.944882 0.000000

vn 0.811024 -0.196850 0.551181

vn -0.590551 0.803150 0.000000

vn -0.527559 0.850394 0.000000

vn -0.818898 -0.574803 0.000000

vn -0.803150 -0.590551 0.000000

vn -0.811024 -0.590551 0.000000

vn 0.000000 0.000000 1.000000

vn 0.858268 -0.472441 -0.188976

vn -0.062992 0.637795 0.763780

vn -0.062992 -0.338583 0.937008

vn -0.094488 -0.992126 0.031496

vn 0.000000 0.000000 1.000000

vn 0.000000 0.000000 1.000000

vn -0.062992 0.133858 -0.992126

vn -0.062992 0.976378 -0.212598

vn -0.866142 0.503937 0.000000

vn -1.000000 -0.039370 0.000000

vn 0.779528 0.125984 -0.614173

vn 0.811024 0.582677 -0.047244

vn 0.818898 0.559055 0.118110

vn -0.196850 0.023622 0.976378

vn -0.976378 -0.220472 0.000000

vn 0.000000 -1.000000 0.000000

vn -0.102362 -0.992126 0.000000

vn 0.000000 1.000000 0.039370

vn 0.000000 1.000000 0.039370

vn 1.000000 0.000000 0.000000

vn 0.598425 0.803150 0.055118

vn -0.078740 -0.748031 -0.661417

vn -1.000000 0.047244 0.000000

vn 0.070866 -0.551181 0.834646

vn -1.000000 0.000000 0.000000

vn 0.000000 0.000000 -1.000000

vn -0.992126 0.000000 -0.118110

vn 0.000000 0.000000 -1.000000

vn 0.000000 -0.133858 -0.992126

vn 0.000000 -0.598425 -0.803150

vn -0.984252 0.157480 -0.086614

vn 0.000000 0.000000 -1.000000

vn 0.086614 0.228346 -0.968504

vn 0.000000 0.000000 -1.000000

vn -1.000000 0.055118 0.007874

vn -0.157480 0.960630 0.228346

vn -0.976378 0.015748 -0.212598

vn -0.015748 0.322835 0.944882

vn -0.062992 0.236220 0.968504

vn 0.992126 0.000000 -0.118110

vn 0.937008 0.141732 -0.307087

vn 0.000000 0.000000 -1.000000

vn 0.905512 0.007874 -0.417323

vn 0.992126 0.110236 0.000000

vn 0.322835 0.944882 0.000000

vn 0.267717 0.960630 0.000000

vn 0.039370 0.181102 -0.984252

vn 0.992126 0.094488 -0.110236

vn -1.000000 0.015748 0.015748

vn -0.015748 0.968504 0.236220

vn 0.007874 0.401575 0.913386

vn 1.000000 -0.015748 0.000000

vn -1.000000 0.000000 0.000000

vn -1.000000 0.000000 0.000000

vn 0.000000 -0.598425 -0.803150

vn -1.000000 -0.007874 0.000000

vn -1.000000 0.039370 0.000000

vn 1.000000 0.015748 0.055118

vn 0.000000 0.000000 -1.000000

vn 0.000000 0.000000 -1.000000

vn 0.992126 0.133858 0.000000

vn 0.000000 1.000000 0.000000

vn 0.000000 0.000000 1.000000

vn 0.000000 0.000000 -1.000000

vn -0.251969 0.968504 0.000000

vn 0.000000 0.188976 0.984252

vn 0.929134 0.141732 0.338583

vn -0.031496 0.921260 -0.377953

vn 1.000000 0.000000 0.000000

vn 1.000000 0.000000 0.000000

vn 1.000000 0.000000 0.000000

vn 0.062992 0.236220 0.968504

vn 0.015748 0.015748 1.000000

vn 0.015748 1.000000 0.031496

vn 0.000000 -0.094488 -0.992126

vn -0.992126 0.133858 0.000000

vn -0.992126 0.118110 0.000000

vn -1.000000 -0.015748 0.000000

vn -0.480315 0.874016 0.000000

vn 1.000000 0.023622 0.015748

vn 0.984252 0.165354 -0.062992

vn 0.000000 0.000000 1.000000

vn 0.015748 0.330709 0.944882

vn -0.007874 0.401575 0.913386

vn 1.000000 -0.015748 0.000000

vn 0.000000 1.000000 0.000000

vn -1.000000 -0.015748 0.000000

vn 1.000000 0.031496 0.000000

vn 0.000000 -0.039370 -1.000000

vn 0.000000 -0.637795 -0.771654

vn 0.015748 0.968504 0.236220

vn 0.047244 0.968504 0.236220

vn 0.000000 0.000000 1.000000

vn 0.118110 0.023622 0.992126

vn 0.125984 -0.330709 0.937008

vn 0.472441 0.157480 0.866142

vn 0.944882 0.322835 0.000000

vn 0.181102 0.984252 0.070866

vn 0.992126 0.149606 0.023622

vn 0.007874 0.992126 0.110236

vn 0.007874 0.992126 0.102362

vn 1.000000 -0.023622 0.000000

vn 1.000000 0.000000 0.000000

vn 0.952756 -0.291339 0.047244

vn 0.944882 -0.322835 -0.023622

vn 0.000000 -1.000000 0.000000

vn 0.992126 0.094488 -0.007874

vn 0.220472 0.976378 -0.078740

vn 0.023622 -0.614173 -0.787402

vn 0.976378 -0.188976 0.094488

vn 0.921260 0.377953 0.118110

vn -0.047244 -0.740157 -0.669291

vn 1.000000 0.000000 -0.070866

vn 0.984252 -0.165354 -0.023622

vn 1.000000 0.000000 -0.031496

vn 1.000000 0.007874 0.000000

vn 0.905512 0.425197 0.000000

vn 0.496063 0.866142 -0.031496

vn 1.000000 -0.007874 -0.007874

vn 0.362205 -0.598425 -0.716535

vn 0.000000 -0.291339 -0.960630

vn 0.000000 1.000000 0.039370

vn 1.000000 0.007874 -0.015748

vn 0.070866 -1.000000 -0.007874

vn 0.007874 -1.000000 0.000000

vn 0.000000 -0.251969 -0.968504

vn 0.000000 1.000000 -0.007874

vn 0.000000 -1.000000 0.000000

vn 1.000000 0.007874 -0.047244

vn 0.000000 0.251969 -0.968504

vn 0.000000 -0.858268 0.511811

vn 1.000000 0.039370 -0.023622

vn 0.314961 0.937008 0.157480

vn 0.000000 1.000000 -0.007874

vn 0.968504 0.000000 -0.244094

vn 0.000000 1.000000 0.000000

vn 0.456693 0.881890 -0.110236

vn 0.000000 0.000000 -1.000000

vn 0.267717 -0.118110 -0.952756

vn 0.000000 0.000000 1.000000

vn 0.000000 -0.984252 0.188976

vn 1.000000 -0.023622 -0.039370

vn 0.133858 -0.992126 -0.015748

vn 0.393701 -0.921260 0.031496

vn 0.401575 -0.905512 -0.102362

vn 0.000000 0.000000 1.000000

vn 0.000000 0.000000 -1.000000

vn -0.062992 -1.000000 -0.031496

vn -0.338583 -0.779528 0.527559

vn -0.251969 -0.748031 -0.614173

vn -0.598425 -0.803150 -0.031496

vn -0.094488 -0.834646 0.535433

vn -0.094488 -0.834646 -0.551181

vn -0.251969 -0.748031 -0.614173

vn -0.448819 -0.299213 0.842520

vn -0.968504 -0.236220 -0.007874

vn -0.456693 -0.322835 -0.826772

vn -0.968504 -0.204724 0.157480

vn -0.968504 -0.220472 -0.110236

vn -0.842520 0.031496 -0.543307

vn -0.456693 -0.314961 -0.826772

vn -0.803150 -0.062992 0.590551

vn -0.968504 -0.236220 -0.007874

vn -0.606299 -0.102362 -0.787402

vn -0.062992 -1.000000 -0.031496

vn -0.771654 0.637795 0.000000

vn -0.771654 0.629921 0.015748

vn 0.338583 -0.779528 0.527559

vn 0.062992 -1.000000 0.000000

vn -0.338583 -0.779528 0.527559

vn -0.094488 -0.834646 0.535433

vn -0.094488 -0.834646 -0.551181

vn -0.448819 -0.299213 0.842520

vn -0.968504 -0.236220 -0.007874

vn -0.338583 -0.779528 0.527559

vn -0.244094 -0.748031 -0.614173

vn -0.094488 -0.834646 0.535433

vn -0.456693 -0.314961 -0.826772

vn -0.448819 -0.299213 0.842520

vn -0.062992 -1.000000 -0.039370

vn -0.094488 -0.834646 -0.551181

vn -0.244094 -0.748031 -0.614173

vn -0.338583 -0.779528 0.527559

vn -0.842520 0.031496 -0.543307

vn -0.614173 -0.102362 0.779528

vn -0.606299 -0.102362 -0.787402

vn -0.803150 -0.062992 0.590551

vn -1.000000 -0.070866 0.000000

vn -0.614173 -0.102362 0.779528

vn -0.771654 0.629921 0.015748

vn -0.842520 0.031496 -0.543307

vn -0.803150 -0.062992 0.590551

vn -0.771654 0.637795 0.000000

vn -0.771654 0.637795 0.000000

vn -0.771654 0.629921 0.015748

vn -0.614173 -0.102362 0.779528

vn -0.606299 -0.102362 -0.787402

vn 0.960630 0.015748 0.267717

vn 0.929134 0.000000 0.370079

vn 0.968504 0.000000 0.251969

vn 0.944882 0.322835 0.000000

vn 0.023622 -1.000000 0.023622

vn 0.007874 -1.000000 -0.047244

vn 0.039370 -0.629921 -0.771654

vn 0.196850 -0.582677 0.787402

vn 0.622047 -0.157480 -0.763780

vn 0.842520 0.031496 -0.543307

vn 0.968504 -0.251969 0.000000

vn 0.803150 -0.062992 0.590551

vn 0.606299 -0.102362 -0.787402

vn 0.448819 -0.299213 0.842520

vn 0.614173 -0.102362 0.779528

vn 1.000000 -0.062992 0.031496

vn 0.771654 0.637795 0.000000

vn 0.771654 0.629921 0.015748

vn 0.047244 -0.992126 -0.141732

vn 0.000000 -1.000000 0.000000

vn 0.078740 -0.842520 -0.535433

vn -0.181102 -0.976378 -0.086614

vn 0.614173 -0.196850 0.763780

vn -0.519685 -0.503937 0.692913

vn 0.527559 -0.511811 0.677165

vn 0.338583 -0.779528 0.527559

vn 0.094488 -0.834646 0.535433

vn 0.244094 -0.748031 -0.614173

vn 0.456693 -0.881890 0.125984

vn 0.094488 -0.834646 -0.551181

vn 0.456693 -0.314961 -0.826772

vn -0.094488 -0.181102 -0.976378

vn 0.007874 -0.196850 -0.976378

vn -1.000000 0.023622 -0.070866

vn -0.645669 -0.748031 0.149606

vn -0.039370 -0.976378 0.220472

vn -0.897638 0.409449 -0.133858

vn 0.000000 0.188976 -0.984252

vn -0.566929 -0.803150 0.196850

vn -0.984252 0.157480 0.047244

vn -1.000000 0.015748 -0.031496

vn 0.165354 -0.157480 -0.976378

vn 1.000000 0.000000 -0.023622

vn -0.952756 0.078740 0.299213

vn -1.000000 0.000000 -0.015748

vn -1.000000 0.000000 0.000000

vn -1.000000 0.000000 0.007874

vn -0.960630 -0.039370 -0.259843

vn -0.015748 -0.976378 0.220472

vn 1.000000 0.000000 -0.015748

vn 0.102362 -0.070866 -0.992126

vn -0.866142 -0.062992 -0.503937

vn -0.094488 -0.141732 -0.984252

vn -0.976378 0.149606 -0.173228

vn -0.952756 0.047244 -0.307087

vn -0.968504 0.141732 0.188976

vn -0.952756 0.094488 0.275591

vn -1.000000 0.015748 -0.015748

vn 0.425197 -0.480315 0.771654

vn 0.795276 -0.582677 0.173228

vn -0.826772 -0.401575 0.385827

vn -0.244094 0.354331 0.905512

vn -0.330709 -0.377953 0.866142

vn -0.070866 -0.976378 0.196850

vn 0.015748 -1.000000 0.031496

vn 0.000000 -0.905512 0.417323

vn 0.818898 -0.125984 -0.566929

vn 0.606299 0.251969 0.755906

vn -0.937008 -0.055118 -0.354331

vn -0.976378 -0.055118 -0.220472

vn -0.913386 0.094488 0.385827

vn 0.385827 -0.188976 -0.905512

vn 0.417323 0.196850 0.889764

vn 1.000000 -0.023622 0.047244

vn 0.000000 -0.976378 0.212598

vn 0.000000 -0.976378 0.212598

vn 0.000000 -0.976378 0.212598

vn -0.984252 0.000000 -0.157480

vn -0.771654 0.133858 0.622047

vn -0.007874 0.212598 0.976378

vn -0.354331 -0.110236 0.929134

vn -1.000000 0.055118 0.015748

vn -0.244094 -0.968504 0.015748

vn -0.779528 -0.629921 -0.015748

vn -0.102362 -0.992126 -0.015748

vn -0.543307 0.834646 -0.118110

vn -0.181102 0.984252 -0.031496

vn -0.149606 0.984252 0.047244

vn 0.015748 1.000000 0.007874

vn -1.000000 0.062992 -0.023622

vn -0.984252 0.157480 0.000000

vn -1.000000 0.070866 0.000000

vn 0.188976 0.984252 -0.039370

vn -0.015748 0.732283 0.685039

vn 0.015748 0.748031 -0.661417

vn 0.015748 0.015748 1.000000

vn -0.173228 0.196850 0.968504

vn -1.000000 -0.007874 -0.007874

vn -1.000000 0.023622 0.000000

vn 0.078740 -1.000000 0.039370

vn 0.984252 -0.157480 -0.007874

vn -1.000000 -0.007874 0.000000

vn -0.992126 0.102362 0.023622

vn 0.992126 0.125984 0.023622

vn -0.992126 -0.125984 0.000000

vn 0.685039 -0.055118 -0.724409

vn 0.637795 -0.102362 -0.763780

vn -0.141732 -0.015748 -0.992126

vn 0.992126 0.149606 -0.031496

vn 0.929134 -0.007874 0.362205

vn 0.125984 -0.007874 0.992126

vn -0.354331 -0.921260 0.125984

vn -0.992126 -0.086614 0.023622

vn 0.173228 0.984252 0.000000

vn 0.173228 -0.984252 0.000000

vn 1.000000 0.000000 0.000000

vn -0.921260 0.377953 0.055118

vn -0.055118 1.000000 -0.031496

vn -0.559055 0.818898 0.125984

vn 0.007874 -0.007874 -1.000000

vn 0.000000 0.000000 -1.000000

vn 0.007874 1.000000 0.031496

vn -0.275591 0.133858 -0.952756

vn 0.165354 0.984252 0.015748

vn -0.992126 0.055118 -0.094488

vn -0.047244 0.551181 -0.834646

vn -0.007874 1.000000 0.015748

vn -0.078740 0.244094 0.968504

vn -0.015748 -0.070866 -1.000000

vn 1.000000 0.000000 0.000000

vn 1.000000 0.000000 0.000000

vn 1.000000 0.007874 0.000000

vn 0.007874 0.708661 0.708661

vn -0.078740 0.023622 -1.000000

vn -0.299213 0.952756 -0.023622

vn -0.283465 0.960630 -0.015748

vn -0.047244 0.118110 0.992126

vn -0.645669 0.763780 0.000000

vn -0.582677 0.818898 -0.007874

vn 1.000000 -0.007874 0.000000

vn 1.000000 0.000000 0.000000

vn 0.007874 -0.314961 0.944882

vn -0.236220 0.527559 0.818898

vn -1.000000 0.000000 0.000000

vn -1.000000 0.000000 0.000000

vn -1.000000 0.007874 0.000000

vn 0.692913 -0.724409 0.000000

vn 0.007874 1.000000 0.000000

vn 0.173228 0.984252 0.078740

vn 0.000000 0.866142 -0.496063

vn -1.000000 0.007874 0.000000

vn 0.236220 0.968504 0.007874

vn 0.149606 0.992126 0.000000

vn 0.842520 0.535433 0.000000

vn 0.826772 0.559055 0.000000

vn 0.795276 0.606299 0.000000

vn 0.000000 0.543307 -0.834646

vn -0.598425 0.377953 -0.708661

vn -0.078740 0.976378 -0.204724

vn 0.000000 0.543307 -0.834646

vn -0.826772 0.559055 0.000000

vn -0.842520 0.535433 0.000000

vn -0.740157 0.669291 -0.007874

vn 0.251969 0.795276 -0.543307

vn -0.803150 0.551181 -0.228346

vn 0.850394 0.527559 -0.031496

vn 0.000000 0.559055 -0.826772

vn 0.559055 0.440945 -0.700787

vn -0.842520 0.535433 -0.015748

vn -0.787402 0.393701 -0.472441

vn -0.015748 0.566929 -0.826772

vn 0.000000 0.543307 -0.834646

vn -0.574803 0.818898 0.007874

vn -1.000000 0.000000 -0.007874

vn -0.165354 0.984252 0.047244

vn -1.000000 -0.015748 0.039370

vn -1.000000 0.000000 0.000000

vn 0.015748 0.559055 -0.826772

vn 0.086614 0.968504 -0.220472

vn -0.094488 0.897638 -0.425197

vn 0.000000 0.236220 -0.968504

vn 0.000000 0.094488 -0.992126

vn 0.000000 0.566929 -0.818898

vn 0.007874 0.559055 -0.826772

vn 0.000000 0.543307 -0.834646

vn 0.000000 0.566929 -0.826772

vn 0.000000 0.291339 -0.960630

vn 0.000000 0.307087 -0.952756

vn 0.598425 0.795276 0.015748

vn 1.000000 0.078740 -0.015748

vn 0.000000 0.566929 -0.826772

vn 1.000000 0.000000 -0.007874

vn 0.165354 0.984252 0.047244

vn 1.000000 -0.015748 0.047244

vn 0.000000 1.000000 0.039370

vn 0.000000 1.000000 0.078740

vn 0.000000 0.968504 -0.251969

vn 0.984252 0.157480 0.000000

vn 0.952756 0.299213 0.000000

vn 0.992126 0.133858 0.000000

vn 0.984252 -0.157480 0.000000

vn 0.992126 -0.110236 0.000000

vn 0.692913 0.724409 0.000000

vn 0.173228 0.984252 0.000000

vn 0.086614 1.000000 0.000000

vn -0.015748 0.007874 1.000000

vn 0.566929 0.724409 0.385827

vn 0.039370 1.000000 -0.007874

vn 0.677165 0.740157 0.000000

vn 0.055118 1.000000 0.000000

vn -0.023622 -0.062992 1.000000

vn -0.015748 0.110236 0.992126

vn -0.811024 -0.590551 0.000000

vn -0.614173 -0.795276 0.000000

vn 1.000000 0.000000 0.007874

vn -0.031496 0.007874 1.000000

vn 0.401575 0.913386 0.039370

vn 0.000000 -1.000000 0.000000

vn -0.700787 -0.716535 0.000000

vn -0.952756 -0.299213 0.000000

vn -0.015748 0.118110 0.992126

vn 0.000000 0.023622 1.000000

vn 0.000000 0.204724 0.976378

vn 1.000000 0.000000 0.000000

vn 1.000000 0.000000 -0.023622

vn -0.992126 -0.125984 0.000000

vn -0.574803 0.818898 0.007874

vn -0.582677 0.818898 0.000000

vn 0.000000 0.913386 0.401575

vn 1.000000 0.000000 0.007874

vn -0.031496 -1.000000 0.000000

vn 0.480315 0.874016 0.000000

vn -0.984252 -0.173228 0.000000

vn 1.000000 0.000000 0.000000

vn 0.031496 1.000000 0.000000

vn -0.228346 -0.976378 0.000000

vn -0.566929 -0.818898 0.000000

vn 0.157480 -0.984252 -0.007874

vn 0.149606 -0.992126 0.000000

vn -0.102362 -0.992126 0.000000

vn -0.976378 -0.196850 0.000000

vn 0.000000 -1.000000 0.000000

vn 0.000000 -1.000000 0.000000

vn 1.000000 0.000000 0.000000

vn 1.000000 0.000000 0.000000

vn -0.803150 -0.590551 0.000000

vn 1.000000 0.000000 0.000000

vn -0.448819 0.889764 0.000000

vn -0.110236 -0.992126 0.000000

vn 0.842520 0.543307 0.000000

vn 0.842520 -0.543307 0.000000

vn 0.000000 -0.724409 -0.692913

vn -0.015748 -0.779528 -0.622047

vn -0.023622 -0.535433 -0.842520

vn -0.023622 0.110236 -0.992126

vn -0.031496 1.000000 -0.031496

vn 0.007874 1.000000 0.000000

vn -0.007874 1.000000 0.007874

vn 0.000000 0.007874 -1.000000

vn -0.023622 0.141732 -0.992126

vn 0.023622 0.055118 -1.000000

vn 0.007874 -0.007874 -1.000000

vn 0.007874 0.000000 -1.000000

vn 0.000000 0.000000 -1.000000

vn 0.000000 0.000000 -1.000000

vn -0.976378 0.220472 0.000000

vn 0.031496 -0.944882 0.330709

vn 0.023622 -0.748031 0.669291

vn 0.007874 -0.787402 0.614173

vn 0.000000 -1.000000 0.000000

vn 0.000000 -1.000000 0.000000

vn 0.000000 -1.000000 0.000000

vn 0.000000 -1.000000 0.000000

vn 0.000000 -1.000000 0.000000

vn 0.000000 -1.000000 0.039370

vn 0.055118 1.000000 0.000000

vn 0.000000 1.000000 0.000000

vn 0.055118 1.000000 0.000000

vn -0.984252 0.173228 0.000000

vn -0.992126 -0.118110 0.000000

vn 0.000000 1.000000 0.000000

vn 0.566929 -0.803150 -0.181102

vn 0.763780 -0.598425 0.236220

vn 0.267717 -0.842520 0.464567

vn 0.464567 -0.858268 0.220472

vn 1.000000 -0.070866 0.007874

vn 0.496063 -0.866142 0.000000

vn 1.000000 -0.031496 0.000000

vn 1.000000 0.000000 0.000000

vn 1.000000 -0.062992 0.000000

vn 0.984252 0.173228 0.000000

vn 0.984252 0.165354 -0.015748

vn 0.992126 -0.118110 0.000000

vn -0.511811 -0.858268 0.000000

vn -0.488189 -0.874016 -0.023622

vn -0.992126 -0.110236 0.000000

vn 0.000000 -1.000000 0.055118

vn 0.000000 -1.000000 0.000000

vn 0.000000 -1.000000 -0.031496

vn 0.000000 -1.000000 0.000000

vn 0.000000 -1.000000 -0.031496

vn 0.000000 -1.000000 0.000000

vn 0.866142 0.496063 -0.023622

vn 0.023622 0.976378 -0.204724

vn -0.984252 0.165354 -0.015748

vn -0.015748 1.000000 0.000000

vn 0.078740 1.000000 -0.007874

vn 0.055118 1.000000 -0.007874

vn 0.834646 0.503937 -0.228346

vn 0.818898 0.566929 -0.062992

vn 0.858268 0.511811 0.007874

vn -0.023622 0.984252 -0.165354

vn -0.062992 1.000000 0.000000

vn -0.866142 0.496063 -0.023622

vn -0.818898 0.566929 -0.062992

vn 0.062992 1.000000 0.000000

vn -0.086614 0.992126 0.000000

vn -0.858268 0.511811 0.007874

vn 0.488189 -0.874016 -0.031496

vn 1.000000 -0.078740 0.007874

vn 0.425197 -0.905512 0.000000

vn 0.992126 0.047244 -0.102362

vn -0.559055 0.826772 0.000000

vn 1.000000 0.015748 0.000000

vn -0.582677 0.811024 0.000000

vn 0.905512 0.362205 -0.212598

vn -0.992126 0.047244 -0.094488

vn -1.000000 0.015748 0.000000

vn 0.000000 1.000000 0.000000

vn 0.566929 0.826772 0.000000

vn 0.307087 -0.952756 0.000000

vn 0.456693 -0.889764 0.000000

vn -0.889764 -0.456693 -0.007874

vn 0.448819 -0.889764 0.000000

vn -0.472441 -0.881890 0.000000

vn 0.913386 -0.417323 0.000000

vn 0.716535 -0.700787 0.000000

vn 1.000000 0.000000 0.000000

vn -0.425197 0.905512 0.000000

vn -0.952756 0.291339 0.000000

vn -0.173228 0.984252 0.000000

vn -0.669291 0.740157 0.000000

vn -1.000000 0.000000 0.000000

vn 0.000000 0.992126 0.133858

vn 0.661417 0.748031 0.000000

vn 0.023622 1.000000 0.000000

vn 1.000000 0.000000 0.000000

vn 0.000000 0.000000 1.000000

vn 0.000000 0.000000 1.000000

vn 0.984252 0.181102 0.000000

vn -0.889764 0.448819 -0.015748

vn -0.889764 0.448819 -0.062992

vn -0.480315 -0.874016 0.000000

vn -0.818898 -0.582677 0.000000

vn 0.244094 0.968504 0.000000

vn 0.448819 0.889764 0.000000

vn 0.196850 0.984252 0.000000

vn 0.070866 -1.000000 0.000000

vn -0.299213 0.952756 0.000000

vn -0.181102 0.259843 -0.952756

vn 0.834646 0.559055 0.000000

vn 0.968504 0.251969 0.000000

vn 0.181102 -0.086614 -0.976378

vn 0.905512 -0.417323 0.000000

vn -0.921260 0.393701 0.000000

vn -0.897638 0.448819 0.000000

vn 0.157480 -0.984252 0.000000

vn -0.818898 -0.574803 0.000000

vn 0.921260 -0.385827 0.000000

vn 0.968504 0.244094 0.000000

vn 0.724409 -0.685039 0.000000

vn 1.000000 0.031496 0.000000

vn -0.188976 0.984252 0.000000

vn -0.960630 0.275591 0.000000

vn 0.000000 1.000000 0.070866

vn 0.661417 0.748031 0.000000

vn 0.976378 0.220472 0.000000

vn 0.000000 1.000000 -0.070866

vn 0.000000 1.000000 -0.023622

vn 0.976378 0.228346 0.000000

vn -1.000000 0.000000 0.000000

vn 0.000000 0.708661 -0.708661

vn -0.669291 0.740157 0.000000

vn 0.244094 0.968504 0.000000

vn 0.913386 0.401575 0.007874

vn -0.488189 0.330709 -0.811024

vn 0.000000 0.472441 -0.881890

vn 0.000000 -0.614173 0.787402

vn 0.000000 0.992126 0.110236

vn 0.000000 0.393701 0.921260

vn 0.007874 0.566929 0.826772

vn 0.000000 0.661417 0.755906

vn 0.000000 -0.559055 0.826772

vn 1.000000 -0.007874 0.007874

vn 0.000000 0.653543 -0.755906

vn -0.007874 0.968504 0.244094

vn -0.984252 -0.157480 0.000000

vn 0.000000 0.511811 0.858268

vn 0.000000 -0.338583 0.944882

vn 0.000000 0.299213 0.952756

vn 0.000000 0.141732 -0.992126

vn 0.000000 -0.196850 -0.976378

vn 0.000000 1.000000 0.000000

vn -1.000000 0.055118 0.000000

vn -1.000000 0.000000 0.000000

vn -1.000000 -0.055118 0.000000

vn -1.000000 -0.023622 0.000000

vn 0.000000 0.929134 0.362205

vn 0.000000 0.724409 0.692913

vn 0.000000 0.062992 1.000000

vn -0.811024 0.582677 0.000000

vn 0.000000 -0.338583 0.944882

vn 0.000000 0.000000 1.000000

vn 0.000000 -1.000000 0.031496

vn 0.000000 0.299213 0.952756

vn -0.015748 0.346457 -0.937008

vn -0.519685 -0.818898 -0.236220

vn -0.795276 -0.551181 -0.251969

vn -0.740157 -0.559055 0.370079

vn -0.716535 0.692913 0.015748

vn -0.748031 0.661417 0.000000

vn -0.960630 0.094488 -0.259843

vn -0.055118 -0.976378 -0.204724

vn 0.031496 1.000000 -0.007874

vn -0.511811 -0.826772 0.236220

vn -1.000000 0.000000 0.000000

vn -0.984252 0.055118 -0.141732

vn -0.015748 -0.889764 0.448819

vn 0.921260 0.133858 -0.362205

vn 0.637795 0.724409 -0.259843

vn 0.787402 0.622047 -0.007874

vn 0.992126 0.118110 0.039370

vn -0.968504 0.055118 -0.236220

vn -0.976378 -0.094488 0.204724

vn 0.905512 0.141732 -0.393701

vn -0.259843 -0.015748 0.968504

vn 0.000000 0.992126 0.118110

vn 0.000000 0.322835 0.944882

vn 0.000000 0.322835 0.944882

vn -0.913386 0.385827 0.141732

vn -0.937008 0.244094 -0.236220

vn -0.968504 -0.173228 0.165354

vn 0.000000 0.992126 0.110236

vn -0.976378 0.102362 -0.173228

vn -0.818898 -0.559055 0.102362

vn -0.763780 0.629921 -0.118110

vn 0.086614 0.291339 0.952756

vn 0.803150 0.590551 0.062992

vn -0.039370 0.905512 0.425197

vn -0.606299 0.795276 0.000000

vn 0.000000 0.992126 0.133858

vn 0.527559 0.850394 0.000000

vn -0.039370 0.874016 -0.488189

vn 0.000000 0.291339 0.960630

vn 0.000000 0.976378 0.220472

vn -0.535433 0.842520 0.000000

vn 0.992126 0.110236 -0.023622

vn -0.314961 0.125984 0.944882

vn 0.141732 -0.417323 0.897638

vn -0.992126 0.110236 -0.070866

vn -0.212598 0.968504 -0.118110

vn -0.952756 -0.118110 -0.283465

vn -0.472441 0.881890 0.000000

vn 0.000000 1.000000 0.000000

vn 0.000000 1.000000 0.000000

vn -0.023622 0.433071 -0.897638

vn -0.007874 -0.314961 0.952756

vn -1.000000 -0.047244 0.000000

vn 0.472441 0.881890 0.000000

vn 0.606299 0.795276 0.000000

vn 0.094488 -0.834646 0.535433

vn 0.968504 -0.236220 -0.007874

vn 0.094488 -0.834646 -0.551181

vn 0.456693 -0.314961 -0.826772

vn 0.244094 -0.748031 -0.614173

vn 0.842520 0.031496 -0.543307

vn 0.606299 -0.102362 -0.787402

vn 0.094488 -0.834646 0.535433

vn 0.968504 -0.236220 -0.007874

vn 0.559055 -0.826772 -0.031496

vn 0.448819 -0.299213 0.842520

vn 0.094488 -0.834646 -0.551181

vn 0.456693 -0.322835 -0.826772

vn 0.338583 -0.779528 0.527559

vn 0.251969 -0.748031 -0.614173

vn 0.062992 -1.000000 0.000000

vn 0.094488 -0.834646 0.535433

vn 0.968504 -0.236220 -0.007874

vn 0.448819 -0.299213 0.842520

vn 0.338583 -0.779528 0.527559

vn 0.094488 -0.834646 -0.551181

vn 0.456693 -0.322835 -0.826772

vn 0.259843 -0.748031 -0.606299

vn 0.094488 -0.834646 0.535433

vn 0.968504 -0.236220 -0.007874

vn 0.448819 -0.299213 0.842520

vn 0.354331 -0.779528 0.519685

vn 0.803150 -0.062992 0.590551

vn -0.062992 -1.000000 -0.031496

vn 0.771654 0.637795 0.000000

vn 0.771654 0.629921 0.015748

vn 0.842520 0.031496 -0.543307

vn 0.803150 -0.062992 0.590551

vn 0.771654 0.637795 0.000000

vn 0.771654 0.629921 0.015748

vn 0.448819 -0.299213 0.842520

vn 0.614173 -0.102362 0.779528

vn -0.448819 -0.299213 0.842520

vn 0.842520 0.031496 -0.543307

vn 0.606299 -0.102362 -0.787402

vn 0.803150 -0.062992 0.590551

vn 0.614173 -0.102362 0.779528

vn 0.842520 0.031496 -0.543307

vn 0.614173 -0.102362 0.779528

vn 0.803150 -0.062992 0.590551

vn 0.606299 -0.102362 -0.787402

vn 0.614173 -0.102362 0.779528

vn 0.771654 0.637795 0.000000

vn 0.771654 0.629921 0.015748

vn 0.771654 0.637795 0.000000

vn 0.771654 0.629921 0.015748

vn 0.606299 -0.102362 -0.787402

vn -0.842520 0.031496 -0.543307

vn -0.456693 -0.322835 -0.826772

vn -0.803150 -0.062992 0.590551

vn -0.968504 -0.236220 -0.007874

vn -0.606299 -0.102362 -0.787402

vn -0.614173 -0.102362 0.779528

vn -0.771654 0.637795 0.000000

vn -0.771654 0.629921 0.015748

vn -0.094488 -0.834646 -0.551181

vn -0.094488 -0.834646 0.535433

vn -0.968504 -0.236220 -0.007874

vn -0.456693 -0.322835 -0.826772

vn -0.259843 -0.748031 -0.606299

vn -0.062992 -1.000000 -0.039370

vn -0.354331 -0.779528 0.519685

vn -0.062992 -1.000000 -0.031496

vn -0.448819 -0.299213 0.842520

vn 0.062992 -1.000000 0.000000

vn 0.094488 -0.834646 -0.551181

vn 0.259843 -0.748031 -0.606299

vn 0.338583 -0.779528 0.527559

vn 0.094488 -0.834646 0.535433

vn 0.244094 -0.748031 -0.614173

vn 0.094488 -0.834646 -0.551181

vn 0.094488 -0.834646 0.535433

vn 0.456693 -0.322835 -0.826772

vn 0.448819 -0.299213 0.842520

vn -0.842520 0.031496 -0.543307

vn -0.803150 -0.062992 0.590551

vn -0.606299 -0.102362 -0.787402

vn -0.614173 -0.102362 0.779528

vn -0.771654 0.637795 0.000000

vn -0.771654 0.629921 0.015748

vn 0.456693 -0.314961 -0.826772

vn 0.842520 0.031496 -0.543307

vn 0.448819 -0.299213 0.842520

vn 0.606299 -0.102362 -0.787402

vn 0.968504 -0.236220 -0.007874

vn 0.803150 -0.062992 0.590551

vn 0.614173 -0.102362 0.779528

vn 0.771654 0.637795 0.000000

vn 0.771654 0.629921 0.015748

vn -0.094488 -0.834646 -0.551181

vn -0.094488 -0.834646 0.535433

vn -0.448819 -0.299213 0.842520

vn -0.196850 -0.110236 0.976378

vn -0.267717 0.732283 0.622047

vn 0.000000 0.000000 1.000000

vn 0.000000 0.007874 1.000000

vn -0.338583 0.858268 -0.393701

vn 0.464567 0.803150 -0.370079

vn 0.204724 0.551181 -0.811024

vn 0.078740 0.960630 -0.259843

vn -0.094488 0.960630 -0.259843

vn 0.314961 0.716535 0.622047

vn -0.149606 0.968504 -0.220472

vn 0.023622 0.708661 0.700787

vn 0.976378 -0.086614 0.188976

vn 1.000000 0.000000 0.000000

vn 0.007874 -0.086614 -1.000000

vn 0.000000 0.921260 -0.385827

vn -0.582677 0.669291 -0.456693

vn 0.039370 0.055118 -1.000000

vn 0.992126 -0.094488 0.078740

vn 1.000000 0.007874 -0.015748

vn -0.007874 0.937008 -0.346457

vn -0.007874 1.000000 0.000000

vn 0.370079 0.858268 -0.354331

vn 0.141732 0.818898 -0.559055

vn 0.606299 0.653543 -0.456693

vn -0.976378 -0.094488 0.181102

vn -0.992126 -0.078740 0.094488

vn -0.708661 -0.503937 0.496063

vn -1.000000 -0.015748 0.031496

vn -0.039370 0.992126 -0.141732

vn 0.015748 -0.976378 0.196850

vn 0.204724 -0.149606 0.968504

vn 0.023622 -0.976378 -0.196850

vn -0.929134 0.362205 0.039370

vn 0.519685 0.464567 0.716535

vn 0.519685 0.464567 0.716535

vn 0.968504 0.251969 0.031496

vn 0.811024 0.582677 0.000000

vn 0.251969 0.574803 -0.779528

vn 0.763780 -0.456693 0.456693

vn 0.000000 -0.976378 0.220472

vn -0.023622 0.669291 0.740157

vn 0.960630 -0.236220 0.165354

vn 1.000000 -0.062992 0.007874

vn 0.385827 -0.921260 0.000000

vn 0.204724 -0.976378 0.070866

vn 0.866142 -0.220472 0.448819

vn 0.881890 -0.204724 0.425197

vn 0.984252 -0.070866 0.165354

vn -1.000000 0.007874 0.000000

vn 0.291339 0.094488 -0.952756

vn -0.614173 -0.070866 -0.787402

vn -0.614173 0.070866 -0.787402

vn 0.992126 -0.039370 0.110236

vn 0.000000 -1.000000 0.000000

vn 0.188976 -0.952756 0.228346

vn 0.299213 -0.094488 -0.952756

vn 0.055118 -1.000000 0.000000

vn -0.708661 -0.464567 0.527559

vn -0.960630 -0.110236 0.251969

vn -0.244094 -0.960630 -0.133858

vn 0.362205 -0.393701 0.850394

vn 0.267717 -0.110236 0.960630

vn 0.078740 -0.992126 0.078740

vn -0.740157 -0.669291 0.086614

vn -0.771654 0.637795 0.039370

vn -0.881890 -0.165354 0.433071

vn 0.472441 -0.881890 0.000000

vn 0.000000 -1.000000 0.000000

vn 0.952756 -0.070866 -0.283465

vn 0.015748 -1.000000 0.070866

vn -1.000000 0.039370 -0.070866

vn -1.000000 0.000000 0.000000

vn -1.000000 0.000000 0.000000

vn 0.913386 0.015748 -0.417323

vn 0.000000 0.842520 -0.543307

vn 0.000000 1.000000 0.000000

vn 0.244094 0.944882 -0.228346

vn 0.000000 1.000000 0.000000

vn 0.047244 1.000000 -0.062992

vn 0.000000 0.842520 -0.543307

vn -0.842520 0.196850 -0.503937

vn 0.937008 0.338583 0.000000

vn 0.866142 0.330709 -0.377953

vn 0.606299 0.787402 -0.062992

vn -0.047244 0.015748 -1.000000

vn 0.055118 1.000000 -0.007874

vn 0.921260 -0.267717 -0.291339

vn -0.921260 0.149606 -0.370079

vn 0.881890 -0.377953 0.275591

vn 0.905512 0.338583 -0.259843

vn -0.929134 -0.157480 -0.338583

vn 0.023622 0.984252 -0.196850

vn 0.031496 0.952756 0.307087

vn 0.905512 0.291339 0.307087

vn -0.992126 -0.039370 0.110236

vn 0.000000 0.480315 0.881890

vn 0.007874 0.377953 0.929134

vn 0.874016 -0.346457 -0.346457

vn 0.984252 -0.165354 0.023622

vn -0.086614 -0.007874 0.992126

vn -0.842520 0.488189 0.228346

vn 0.055118 -0.944882 -0.322835

vn 0.078740 -1.000000 0.015748

vn -0.078740 0.976378 -0.196850

vn 0.007874 0.125984 0.992126

vn -0.007874 0.984252 0.181102

vn -0.039370 -1.000000 -0.039370

vn -0.976378 -0.196850 0.031496

vn 0.173228 0.047244 0.984252

vn -0.566929 -0.826772 -0.062992

vn 0.299213 0.551181 0.779528

vn -1.000000 0.000000 0.055118

vn -1.000000 0.000000 0.055118

vn -1.000000 0.000000 0.047244

vn -0.086614 0.039370 0.992126

vn -0.086614 0.000000 1.000000

vn -0.118110 -0.921260 0.377953

vn -0.023622 -1.000000 0.062992

vn 0.007874 -0.976378 0.212598

vn 0.000000 -0.992126 -0.141732

vn -0.133858 -0.267717 -0.952756

vn 0.196850 -0.228346 -0.952756

vn -0.078740 -0.031496 1.000000

vn -0.992126 0.007874 0.110236

vn 0.149606 -0.511811 -0.850394

vn -0.007874 -0.811024 -0.582677

vn 0.000000 0.637795 0.771654

vn 0.000000 0.622047 0.787402

vn -0.937008 -0.094488 -0.338583

vn 0.000000 -0.110236 0.992126

vn 0.000000 0.031496 1.000000

vn -0.212598 -0.228346 -0.944882

vn 0.125984 -0.031496 0.992126

vn 0.000000 0.275591 0.960630

vn 0.000000 0.724409 0.692913

vn 0.000000 0.661417 0.748031

vn 0.000000 0.244094 0.968504

vn 0.000000 -1.000000 0.000000

vn 0.000000 -1.000000 0.000000

vn 0.000000 -1.000000 0.000000

vn 0.992126 0.023622 0.102362

vn 0.118110 -0.968504 0.212598

vn 0.015748 -1.000000 0.070866

vn 0.000000 -0.968504 0.244094

vn 0.000000 0.937008 0.346457

vn 0.000000 0.047244 -1.000000

vn 0.000000 -0.685039 0.732283

vn 0.000000 0.763780 -0.645669

vn 0.000000 0.984252 0.181102

vn 0.000000 -0.771654 0.637795

vn 0.000000 -0.842520 0.535433

vn 0.110236 0.866142 -0.480315

vn -0.015748 0.921260 -0.385827

vn 0.110236 0.834646 0.535433

vn 0.110236 0.866142 -0.480315

vn 0.000000 0.858268 0.511811

vn 0.346457 -0.937008 0.000000

vn 0.346457 -0.937008 0.000000

vn -0.590551 -0.811024 0.000000

vn -0.031496 -1.000000 0.000000

vn 0.110236 0.866142 0.480315

vn -0.015748 0.921260 0.377953

vn 0.110236 0.834646 -0.535433

vn 0.590551 -0.811024 0.000000

vn 0.960630 0.259843 0.070866

vn 0.874016 0.480315 0.000000

vn -0.047244 -1.000000 0.000000

vn -0.015748 1.000000 0.023622

vn 0.000000 0.968504 -0.244094

vn 0.110236 0.866142 -0.480315

vn 0.000000 0.929134 0.362205

vn 0.110236 0.834646 0.535433

vn 0.354331 0.889764 0.291339

vn 0.732283 -0.677165 0.000000

vn 0.874016 0.480315 0.000000

vn 0.000000 0.960630 -0.275591

vn 0.000000 0.929134 -0.362205

vn 0.874016 0.480315 0.000000

vn 0.039370 -1.000000 0.000000

vn 0.000000 0.968504 0.244094

vn 0.976378 -0.204724 0.000000

vn 0.000000 -0.874016 0.496063

vn 0.000000 -0.787402 0.614173

vn 0.000000 0.000000 1.000000

vn 0.000000 0.000000 1.000000

vn -0.039370 -1.000000 0.000000

vn -0.094488 -0.992126 0.000000

vn 1.000000 0.000000 0.000000

vn 1.000000 0.000000 0.000000

vn -0.724409 -0.685039 0.000000

vn -0.307087 -0.952756 0.000000

vn -1.000000 0.000000 0.000000

vn -0.881890 0.472441 0.000000

vn -0.866142 0.503937 0.000000

vn -0.795276 0.614173 0.000000

vn -0.881890 0.472441 0.000000

vn 0.527559 -0.850394 0.000000

vn -0.858268 0.511811 0.000000

vn -0.771654 -0.637795 0.000000

vn 0.094488 -0.992126 0.000000

vn 0.000000 0.968504 -0.244094

vn 0.000000 0.960630 0.275591

vn -0.015748 0.921260 -0.377953

vn 0.000000 0.937008 0.354331

vn -0.984252 -0.165354 0.000000

vn 0.968504 -0.236220 0.000000

vn -0.850394 0.527559 0.000000

vn 0.000000 -0.574803 -0.818898

vn 0.000000 -1.000000 -0.078740

vn 0.000000 -1.000000 -0.031496

vn 0.000000 0.000000 -1.000000

vn -1.000000 0.000000 0.000000

vn -0.370079 -0.929134 0.000000

vn 0.000000 0.000000 1.000000

vn 0.000000 -0.779528 0.622047

vn 0.000000 0.000000 1.000000

vn 0.000000 -0.874016 0.488189

vn 0.976378 -0.204724 0.000000

vn 0.000000 0.968504 -0.244094

vn -0.031496 0.929134 -0.377953

vn 0.385827 0.881890 0.267717

vn 0.732283 -0.677165 0.000000

vn 0.874016 0.480315 0.000000

vn 0.960630 0.267717 0.062992

vn -0.803150 0.598425 0.000000

vn -0.818898 0.574803 0.000000

vn -0.850394 0.519685 0.000000

vn -0.850394 0.527559 0.000000

vn -1.000000 0.000000 0.000000

vn 0.000000 -1.000000 0.000000

vn 0.000000 -1.000000 0.007874

vn -0.015748 1.000000 0.023622

vn 0.346457 -0.937008 0.000000

vn -0.992126 0.133858 0.000000

vn -0.992126 0.125984 0.000000

vn -0.724409 0.692913 0.000000

vn -0.826772 0.559055 0.000000

vn 0.000000 0.228346 0.976378

vn 0.000000 0.220472 0.976378

vn -0.299213 -0.267717 -0.921260

vn -0.866142 -0.212598 0.456693

vn -0.204724 -0.251969 -0.944882

vn -0.834646 -0.519685 -0.157480

vn 0.047244 1.000000 0.000000

vn -0.779528 -0.393701 0.480315

vn -0.992126 -0.125984 0.000000

vn 0.889764 -0.456693 0.000000

vn 0.889764 -0.456693 0.000000

vn 0.748031 -0.669291 0.000000

vn 0.992126 0.118110 0.000000

vn 0.984252 -0.157480 0.000000

vn 0.992126 0.149606 0.000000

vn -0.858268 -0.291339 0.417323

vn 0.700787 0.708661 0.000000

vn 0.716535 0.692913 0.000000

vn 0.094488 0.992126 0.000000

vn 0.984252 -0.157480 0.000000

vn -0.944882 -0.141732 -0.291339

vn 0.000000 -0.385827 -0.921260

vn -0.472441 -0.322835 -0.818898

vn -0.913386 -0.212598 0.338583

vn -0.472441 -0.322835 -0.818898

vn -0.944882 -0.141732 -0.291339

vn -0.803150 -0.173228 0.574803

vn -0.874016 -0.488189 -0.031496

vn -0.992126 0.078740 0.047244

vn -0.566929 -0.826772 0.031496

vn -0.874016 -0.488189 -0.031496

vn -0.039370 -1.000000 -0.031496

vn -1.000000 0.000000 0.000000

vn -0.905512 -0.125984 0.401575

vn -0.913386 0.401575 -0.110236

vn -0.118110 0.992126 0.000000

vn 0.000000 -0.472441 -0.881890

vn -0.425197 -0.299213 -0.858268

vn -0.393701 -0.897638 -0.204724

vn 0.000000 -0.984252 -0.165354

vn -0.818898 -0.566929 -0.015748

vn -0.992126 -0.078740 -0.055118

vn 0.078740 0.968504 -0.220472

vn -0.007874 -0.944882 0.322835

vn -0.960630 -0.228346 0.133858

vn -0.661417 0.748031 0.023622

vn 0.007874 0.976378 0.220472

vn -0.291339 0.149606 0.944882

vn -0.078740 -0.086614 0.992126

vn -0.992126 -0.133858 0.000000

vn -0.992126 0.133858 -0.015748

vn -0.984252 -0.070866 0.141732

vn 0.976378 0.212598 0.007874

vn 0.598425 0.795276 0.000000

vn 0.921260 0.401575 0.007874

vn 0.401575 -0.889764 -0.204724

vn 0.968504 -0.228346 0.133858

vn 0.905512 0.409449 -0.102362

vn 0.661417 0.748031 0.023622

vn 0.007874 -0.944882 0.330709

vn 0.992126 0.141732 -0.015748

vn 0.992126 -0.078740 -0.055118

vn 0.818898 -0.566929 -0.015748

vn 0.291339 0.149606 0.944882

vn -0.007874 0.976378 0.220472

vn 0.070866 -0.086614 0.992126

vn -0.078740 0.968504 -0.220472

vn 0.905512 -0.133858 0.401575

vn 0.921260 0.385827 0.000000

vn 1.000000 0.015748 -0.062992

vn 0.070866 1.000000 0.007874

vn 0.527559 -0.850394 -0.007874

vn 0.267717 -0.960630 0.007874

vn 0.803150 -0.173228 0.574803

vn 0.000000 -1.000000 0.000000

vn 0.566929 -0.826772 0.031496

vn 0.000000 1.000000 0.000000

vn 0.000000 1.000000 0.000000

vn 0.173228 0.984252 0.023622

vn 0.173228 0.984252 0.023622

vn 0.275591 0.960630 0.000000

vn 0.110236 0.992126 0.000000

vn 0.598425 0.685039 0.409449

vn 0.960630 0.078740 0.251969

vn 0.960630 0.078740 0.251969

vn 0.960630 0.078740 0.251969

vn 0.425197 -0.299213 -0.850394

vn 0.000000 -0.984252 -0.165354

vn 0.000000 -0.464567 -0.881890

vn 1.000000 0.070866 0.039370

vn 0.125984 -0.992126 -0.007874

vn 0.590551 0.811024 -0.055118

vn 0.992126 0.102362 -0.007874

vn 0.582677 0.811024 -0.094488

vn 0.377953 -0.921260 0.000000

vn 0.338583 -0.944882 0.000000

vn -1.000000 -0.023622 0.023622

vn -0.118110 0.992126 0.000000

vn -0.897638 0.440945 0.023622

vn -0.283465 0.149606 0.944882

vn 0.236220 -0.968504 0.047244

vn 0.716535 -0.125984 0.685039

vn 1.000000 -0.047244 0.000000

vn -0.590551 0.803150 0.015748

vn 0.000000 0.000000 1.000000

vn -0.929134 0.370079 -0.015748

vn 0.000000 0.015748 1.000000

vn -0.826772 0.559055 0.094488

vn -0.826772 0.566929 0.007874

vn 0.000000 -0.984252 0.157480

vn 0.007874 -0.913386 -0.401575

vn -0.708661 0.692913 -0.094488

vn -1.000000 0.070866 -0.015748

vn 0.000000 0.000000 1.000000

vn 0.000000 0.000000 1.000000

vn -0.992126 0.039370 0.102362

vn -0.070866 0.259843 -0.960630

vn 0.000000 -0.866142 -0.496063

vn -0.007874 0.503937 -0.866142

vn 0.968504 -0.259843 0.000000

vn 0.803150 -0.590551 0.000000

vn -0.055118 1.000000 0.000000

vn 0.000000 0.015748 1.000000

vn -0.976378 0.173228 0.110236

vn 0.000000 -0.409449 0.913386

vn 0.000000 0.740157 0.677165

vn 0.000000 -0.700787 0.708661

vn 0.000000 0.866142 0.503937

vn 0.000000 -0.984252 0.157480

vn 0.000000 -0.007874 1.000000

vn 0.000000 0.000000 1.000000

vn 0.000000 0.007874 1.000000

vn 0.062992 0.960630 -0.267717

vn 0.826772 0.023622 0.566929

vn 0.992126 -0.110236 0.062992

vn 0.000000 0.000000 1.000000

vn 0.000000 -0.992126 0.102362

vn 0.039370 -0.196850 0.976378

vn 0.598425 0.803150 0.007874

vn 1.000000 0.062992 0.000000

vn 0.000000 1.000000 0.007874

vn -0.007874 -0.188976 -0.984252

vn 0.000000 0.000000 -1.000000

vn 0.000000 -0.629921 -0.779528

vn 0.000000 -0.976378 -0.228346

vn 0.000000 0.007874 1.000000

vn -0.724409 -0.685039 0.000000

vn -0.913386 -0.401575 0.000000

vn 0.000000 -1.000000 0.000000

vn 0.000000 -1.000000 0.000000

vn -0.023622 0.992126 0.094488

vn 0.000000 1.000000 0.015748

vn 0.000000 1.000000 0.015748

vn -0.015748 1.000000 0.078740

vn 0.000000 0.000000 1.000000

vn -0.874016 0.000000 0.488189

vn 0.000000 0.000000 1.000000

vn 1.000000 -0.007874 0.000000

vn 1.000000 0.007874 0.015748

vn 1.000000 -0.023622 0.000000

vn 0.000000 -1.000000 0.000000

vn -0.007874 -1.000000 0.000000

vn -0.881890 -0.007874 0.472441

vn -1.000000 -0.023622 0.000000

vn -0.905512 -0.417323 0.000000

vn -0.472441 -0.141732 0.874016

vn 0.000000 0.000000 -1.000000

vn 0.000000 -0.007874 -1.000000

vn -0.716535 -0.692913 0.000000

vn -0.685039 -0.724409 0.000000

vn -0.968504 -0.055118 -0.236220

vn 0.000000 -1.000000 0.000000

vn -0.716535 -0.700787 0.000000

vn -0.748031 -0.669291 0.000000

vn -0.645669 -0.763780 -0.007874

vn 0.000000 0.952756 0.314961

vn 0.000000 1.000000 0.015748

vn 0.007874 0.551181 -0.834646

vn 1.000000 0.000000 0.000000

vn 1.000000 0.000000 0.007874

vn -0.299213 0.952756 0.000000

vn 0.307087 0.952756 -0.007874

vn -0.244094 0.968504 0.015748

vn 0.204724 0.976378 0.000000

vn 0.015748 0.007874 1.000000

vn 0.015748 0.007874 1.000000

vn 0.000000 0.007874 1.000000

vn 0.000000 0.007874 1.000000

vn 1.000000 0.047244 0.031496

vn -0.055118 0.204724 -0.976378

vn -0.070866 0.228346 0.968504

vn -0.015748 0.181102 0.984252

vn -0.007874 0.228346 0.976378

vn 0.000000 0.692913 -0.724409

vn -0.023622 0.771654 0.637795

vn -0.015748 0.763780 -0.645669

vn -1.000000 0.039370 0.039370

vn -0.023622 0.771654 0.637795

vn -0.110236 0.094488 -0.992126

vn -0.078740 0.267717 0.960630

vn 0.992126 0.000000 0.125984

vn 0.976378 0.000000 0.220472

vn 1.000000 0.007874 -0.007874

vn -0.023622 0.259843 -0.968504

vn 0.000000 0.314961 -0.952756

vn -1.000000 0.007874 -0.007874

vn 0.000000 -0.874016 0.480315

vn 0.000000 -0.952756 0.307087

vn -1.000000 -0.007874 -0.023622

vn 1.000000 -0.007874 0.031496

vn 1.000000 -0.007874 0.000000

vn 1.000000 0.000000 0.000000

vn 1.000000 0.000000 0.000000

vn -0.905512 0.409449 -0.070866

vn 0.000000 0.000000 -1.000000

vn 0.000000 1.000000 0.031496

vn 0.007874 0.992126 -0.133858

vn -0.724409 -0.692913 0.000000

vn -0.614173 -0.795276 0.000000

vn 0.000000 -1.000000 0.000000

vn 0.023622 0.677165 -0.740157

vn -0.181102 -0.125984 -0.976378

vn -0.889764 0.456693 0.015748

vn -0.724409 0.669291 0.157480

vn 0.000000 1.000000 0.000000

vn -0.818898 0.574803 0.000000

vn -0.417323 0.385827 0.826772

vn -0.031496 0.133858 -0.992126

vn -0.031496 -0.307087 -0.952756

vn 0.000000 1.000000 0.000000

vn 0.000000 -1.000000 0.000000

vn 0.000000 -1.000000 0.000000

vn 0.000000 -1.000000 0.000000

vn -0.220472 -0.913386 0.330709

vn -0.905512 0.425197 0.000000

vn -1.000000 0.015748 0.000000

vn 0.692913 -0.724409 0.007874

vn 0.212598 0.976378 0.000000

vn 0.464567 0.889764 0.000000

vn 1.000000 0.000000 0.007874

vn -0.866142 0.488189 0.133858

vn 0.149606 -0.125984 0.984252

vn -0.023622 0.062992 1.000000

vn 0.905512 -0.417323 -0.007874

vn 0.921260 0.385827 0.000000

vn -0.984252 -0.181102 0.000000

vn 0.000000 -1.000000 0.000000

vn -0.748031 -0.637795 0.173228

vn -0.834646 -0.551181 0.000000

vn -0.456693 -0.889764 0.000000

vn 0.000000 0.000000 1.000000

vn -0.007874 0.007874 -1.000000

vn 0.165354 0.173228 -0.968504

vn 0.000000 0.102362 -0.992126

vn 0.842520 -0.543307 0.000000

vn 0.850394 0.527559 -0.007874

vn 0.047244 -0.149606 0.984252

vn 0.062992 -0.141732 0.992126

vn 0.023622 -0.086614 0.992126

vn 0.015748 -0.267717 0.960630

vn 0.866142 -0.503937 0.000000

vn -1.000000 0.062992 0.000000

vn -0.976378 0.196850 -0.047244

vn 0.102362 0.062992 0.992126

vn 0.039370 0.023622 1.000000

vn 0.000000 -1.000000 0.000000

vn 0.858268 0.511811 0.000000

vn 0.566929 -0.803150 0.196850

vn -0.007874 -0.976378 0.220472

vn 0.984252 0.157480 0.047244

vn 0.322835 -0.921260 0.220472

vn 0.992126 0.118110 -0.007874

vn 0.952756 0.055118 -0.299213

vn -0.338583 -0.685039 -0.645669

vn -0.236220 -0.944882 0.228346

vn -0.204724 -0.944882 0.259843

vn 0.023622 -0.976378 0.228346

vn 0.188976 -0.944882 0.267717

vn -0.070866 -0.968504 0.228346

vn -0.078740 0.204724 0.976378

vn 0.417323 -0.338583 -0.842520

vn -0.086614 -0.598425 0.795276

vn -0.015748 -1.000000 0.047244

vn 0.078740 0.212598 0.976378

vn -0.047244 -0.984252 0.188976

vn 0.157480 -0.700787 0.700787

vn 1.000000 0.015748 -0.015748

vn 0.952756 0.094488 0.275591

vn 0.968504 0.149606 -0.181102

vn 1.000000 0.031496 -0.031496

vn 0.023622 -0.976378 0.212598

vn 0.031496 -0.976378 0.220472

vn 0.905512 0.401575 -0.118110

vn 0.968504 0.228346 -0.086614

vn 0.125984 -0.921260 0.370079

vn 0.645669 -0.748031 0.149606

vn 0.204724 -0.015748 -0.976378

vn -0.015748 -0.377953 0.921260

vn -0.094488 -0.275591 0.960630

vn 0.062992 -0.346457 0.937008

vn 0.015748 -0.385827 0.921260

vn 0.000000 -0.976378 0.220472

vn 0.000000 -0.976378 0.220472

vn 0.007874 -0.062992 -1.000000

vn 0.000000 -0.952756 0.291339

vn 0.000000 -0.952756 0.307087

vn 0.000000 -0.078740 -1.000000

vn 0.007874 -0.960630 0.267717

vn -0.015748 -0.968504 0.244094

vn 0.094488 0.078740 0.992126

vn 0.196850 0.976378 -0.118110

vn 0.133858 -0.370079 0.921260

vn 0.976378 -0.023622 -0.220472

vn -0.992126 0.125984 -0.047244

vn -0.259843 -0.566929 0.779528

vn 0.763780 0.629921 -0.118110

vn -0.803150 0.590551 0.055118

vn -0.078740 0.259843 0.960630

vn 0.000000 0.921260 0.393701

vn 0.000000 0.960630 0.267717

vn 0.000000 -0.574803 0.818898

vn 1.000000 0.000000 0.000000

vn 0.000000 0.763780 0.637795

vn 1.000000 0.000000 -0.007874

vn 0.000000 -0.637795 0.771654

vn 0.913386 0.385827 0.133858

vn 0.031496 0.905512 0.417323

vn 0.748031 -0.653543 0.118110

vn 0.000000 1.000000 -0.007874

vn 0.000000 0.960630 -0.283465

vn 0.968504 -0.173228 0.165354

vn 1.000000 0.000000 -0.031496

vn 1.000000 -0.007874 0.000000

vn 1.000000 0.000000 0.000000

vn 0.000000 0.330709 -0.944882

vn 0.000000 0.015748 -1.000000

vn 1.000000 0.000000 0.000000

vn 1.000000 0.000000 0.000000

vn 0.000000 -0.968504 0.259843

vn 0.000000 -0.952756 0.307087

vn 1.000000 0.000000 0.000000

vn 1.000000 -0.015748 0.031496

vn 0.000000 0.960630 0.267717

vn 0.000000 0.921260 -0.385827

vn 0.000000 0.456693 0.889764

vn 0.000000 -0.031496 -1.000000

vn 0.000000 -0.385827 -0.921260

vn 0.000000 -0.976378 -0.212598

vn 0.023622 -0.811024 -0.582677

vn 0.031496 0.456693 -0.889764

vn -0.023622 -0.929134 -0.370079

vn 0.015748 -0.984252 -0.188976

vn 0.000000 0.952756 -0.307087

vn 0.023622 0.984252 0.188976

vn -0.023622 0.960630 -0.283465

vn -0.031496 0.748031 0.661417

vn -1.000000 0.078740 -0.023622

vn -1.000000 -0.007874 0.000000

vn -1.000000 0.007874 0.000000

vn -1.000000 -0.015748 0.007874

vn 0.000000 0.338583 -0.937008

vn 0.000000 0.031496 -1.000000

vn -1.000000 0.000000 0.000000

vn -1.000000 -0.015748 0.007874

vn 0.000000 0.748031 0.661417

vn -0.023622 -0.346457 0.937008

vn 0.023622 -0.779528 0.629921

vn 0.023622 0.488189 0.874016

vn -0.031496 -0.157480 -0.984252

vn 0.000000 -0.992126 0.094488

vn 1.000000 0.000000 0.000000

vn 1.000000 0.007874 0.000000

vn 1.000000 0.023622 0.023622

vn 0.000000 -1.000000 0.086614

vn -1.000000 0.000000 0.000000

vn -1.000000 0.000000 0.000000

vn -0.015748 -1.000000 0.000000

vn 0.000000 -0.968504 0.244094

vn -1.000000 0.000000 0.000000

vn 0.000000 -0.401575 -0.921260

vn 0.000000 -0.976378 -0.212598

vn -1.000000 0.000000 0.000000

vn 0.000000 -0.015748 -1.000000

vn 0.000000 -0.637795 0.771654

vn 0.000000 -0.968504 0.259843

vn 0.000000 -0.598425 0.803150

vn -0.031496 -1.000000 -0.007874

vn -0.314961 -0.929134 -0.196850

vn -0.685039 0.000000 -0.724409

vn -0.700787 0.000000 -0.708661

vn -0.905512 0.000000 -0.425197

vn 0.000000 0.000000 1.000000

vn 0.000000 0.000000 1.000000

vn -0.496063 0.866142 0.000000

vn 0.000000 0.000000 1.000000

vn 0.000000 0.000000 1.000000

vn 0.960630 -0.291339 0.000000

vn 0.503937 -0.866142 0.000000

vn -0.905512 0.000000 -0.425197

vn 0.000000 0.000000 1.000000

vn 0.000000 0.000000 1.000000

vn 0.574803 0.330709 0.748031

vn 1.000000 0.031496 0.000000

vn 0.212598 0.976378 0.000000

vn 0.118110 0.779528 0.614173

vn -0.212598 0.976378 0.007874

vn -0.133858 0.771654 0.622047

vn 0.000000 0.000000 1.000000

vn 0.000000 0.000000 1.000000

vn -0.929134 0.000000 0.362205

vn -0.007874 -1.000000 0.000000

vn 0.000000 0.000000 1.000000

vn -0.574803 0.330709 0.748031

vn -0.905512 0.417323 0.015748

vn -1.000000 0.047244 0.000000

vn -0.984252 0.173228 0.000000

vn 0.503937 -0.866142 0.000000

vn 0.000000 -1.000000 0.000000

vn 0.000000 -1.000000 0.000000

vn -0.685039 -0.732283 0.000000

vn 0.000000 -1.000000 0.000000

vn 0.000000 0.000000 1.000000

vn -0.976378 0.220472 0.000000

vn -1.000000 0.031496 0.000000

vn 0.000000 1.000000 0.000000

vn 0.000000 1.000000 -0.007874

vn 0.000000 0.000000 1.000000

vn -0.716535 -0.700787 0.000000

vn 0.000000 0.000000 1.000000

vn -0.362205 0.937008 0.000000

vn -0.921260 0.023622 -0.385827

vn -0.543307 0.826772 0.157480

vn 0.984252 0.149606 0.110236

vn 0.984252 0.031496 0.173228

vn 0.992126 0.125984 -0.062992

vn -0.968504 -0.055118 0.236220

vn -0.992126 -0.110236 -0.055118

vn -0.976378 -0.141732 0.141732

vn 0.000000 0.007874 -1.000000

vn 0.984252 0.039370 -0.173228

vn -1.000000 -0.047244 0.000000

vn 0.000000 1.000000 0.000000

vn -0.086614 0.000000 1.000000

vn -0.102362 0.000000 0.992126

vn 0.000000 -1.000000 0.000000

vn -0.921260 0.000000 0.377953

vn -0.204724 0.842520 0.503937

vn -0.007874 1.000000 0.000000

vn 0.000000 -1.000000 0.000000

vn 0.133858 0.062992 -0.992126

vn -0.968504 -0.244094 0.000000

vn -0.338583 -0.291339 -0.897638

vn 0.023622 -0.897638 -0.440945

vn 0.125984 -0.629921 0.763780

vn -0.149606 0.748031 -0.645669

vn -0.370079 0.818898 0.440945

vn 0.047244 -0.251969 0.968504

vn -0.015748 -0.141732 -0.992126

vn -0.984252 -0.165354 0.000000

vn 0.259843 -0.944882 -0.204724

vn 0.157480 -0.496063 -0.858268

vn 0.952756 0.299213 -0.086614

vn 0.826772 0.519685 -0.212598

vn -0.448819 -0.850394 0.283465

vn -0.944882 -0.007874 -0.330709

vn 0.976378 0.102362 0.204724

vn 0.929134 0.031496 -0.362205

vn -0.078740 0.141732 0.984252

vn -0.984252 0.062992 0.173228

vn 0.448819 -0.842520 0.283465

vn 0.952756 0.070866 0.283465

vn 0.992126 0.055118 0.133858

vn 1.000000 0.000000 0.000000

vn 1.000000 0.000000 0.047244

vn -1.000000 0.015748 0.031496

vn 1.000000 0.015748 0.031496

vn 0.078740 0.141732 0.984252

vn -0.976378 0.102362 0.196850

vn 1.000000 0.000000 0.055118

vn -0.968504 -0.007874 -0.244094

vn 0.952756 -0.039370 -0.299213

vn 0.968504 -0.007874 -0.251969

vn 0.086614 0.039370 0.992126

vn 0.086614 0.007874 1.000000

vn 0.968504 0.094488 0.236220

vn 1.000000 0.000000 0.000000

vn -0.425197 0.685039 -0.590551

vn 0.409449 0.724409 -0.551181

vn 0.992126 0.078740 -0.094488

vn -0.212598 0.929134 0.307087

vn 0.133858 0.897638 0.409449

vn 0.000000 0.937008 0.354331

vn 0.000000 0.692913 0.716535

vn 0.937008 0.110236 -0.322835

vn -0.905512 0.141732 -0.393701

vn -1.000000 0.000000 0.000000

vn 0.000000 0.322835 0.944882

vn 0.000000 0.322835 0.944882

vn 1.000000 0.000000 0.000000

vn -0.062992 0.433071 -0.897638

vn -0.433071 -0.905512 0.000000

vn -0.409449 -0.913386 0.000000

vn -0.637795 0.771654 0.000000

vn 0.133858 -0.992126 0.000000

vn 0.157480 -0.984252 0.000000

vn 0.716535 -0.692913 0.000000

vn 0.157480 0.984252 0.000000

vn -1.000000 0.007874 0.000000

vn -0.834646 -0.543307 -0.078740

vn -0.039370 -1.000000 -0.007874

vn -0.007874 -0.007874 -1.000000

vn -0.086614 0.094488 -0.992126

vn -0.047244 1.000000 -0.015748

vn -1.000000 -0.047244 -0.062992

vn -0.401575 -0.913386 0.023622

vn 1.000000 0.000000 0.000000

vn 1.000000 0.000000 0.000000

vn 0.385827 -0.921260 -0.031496

vn 0.929134 0.362205 -0.078740

vn 0.094488 -0.007874 -0.992126

vn 0.000000 0.842520 -0.543307

vn 0.047244 0.000000 -1.000000

vn -0.748031 0.645669 0.157480

vn 0.000000 1.000000 0.000000

vn 0.000000 1.000000 0.007874

vn 0.000000 0.000000 1.000000

vn 1.000000 0.000000 0.000000

vn 0.000000 0.000000 -1.000000

vn 0.472441 -0.881890 -0.015748

vn -0.417323 -0.905512 0.007874

vn 0.992126 0.000000 0.125984

vn -0.228346 0.031496 0.976378

vn 0.000000 1.000000 0.007874

vn -0.157480 0.984252 0.000000

vn 0.511811 0.858268 -0.007874

vn -0.141732 0.992126 0.000000

vn 0.000000 0.000000 -1.000000

vn -0.007874 0.000000 -1.000000

vn -0.259843 -0.023622 0.968504

vn -1.000000 -0.015748 -0.007874

vn 0.015748 0.496063 0.866142

vn 0.874016 0.488189 -0.015748

vn 0.511811 0.858268 -0.007874

vn 0.551181 0.834646 0.000000

vn 0.196850 0.976378 -0.031496

vn 0.157480 0.984252 -0.031496

vn -0.645669 0.000000 -0.763780

vn 1.000000 0.062992 -0.015748

vn -0.669291 -0.047244 -0.740157

vn 0.000000 0.000000 1.000000

vn -0.779528 0.480315 -0.401575

vn 0.000000 -1.000000 0.000000

vn -0.409449 0.913386 0.000000

vn 0.811024 -0.582677 0.000000

vn 0.976378 -0.220472 0.000000

vn 1.000000 0.047244 0.000000

vn 1.000000 -0.039370 0.000000

vn 0.866142 0.503937 0.000000

vn -0.803150 -0.464567 -0.370079

vn 0.062992 -0.653543 -0.748031

vn 0.000000 0.000000 1.000000

vn -0.779528 -0.212598 0.590551

vn 0.000000 0.000000 1.000000

vn 0.070866 -0.992126 -0.094488

vn -0.322835 0.944882 0.000000

vn -0.685039 0.724409 0.062992

vn 0.047244 0.740157 -0.669291

vn 0.464567 0.881890 0.000000

vn 0.503937 0.866142 0.000000

vn 0.102362 -0.992126 0.000000

vn -1.000000 0.000000 0.000000

vn 0.000000 0.000000 -1.000000

vn 0.000000 0.000000 -1.000000

vn 0.000000 0.000000 -1.000000

vn 0.000000 0.000000 -1.000000

vn 0.000000 0.000000 -1.000000

vn 0.409449 0.913386 0.000000

vn 0.425197 0.905512 0.000000

vn 0.000000 0.000000 -1.000000

vn -0.803150 0.000000 0.598425

vn -0.992126 0.086614 0.000000

vn 0.000000 0.000000 -1.000000

vn -1.000000 0.039370 0.007874

vn 0.000000 0.574803 0.818898

vn 0.795276 -0.007874 0.614173

vn 1.000000 0.007874 0.015748

vn 1.000000 0.000000 0.000000

vn 0.000000 0.480315 0.881890

vn 0.000000 0.000000 -1.000000

vn 0.204724 0.039370 0.976378

vn 0.070866 0.732283 0.677165

vn -0.464567 0.889764 0.000000

vn 0.000000 -0.574803 -0.818898

vn 0.000000 0.000000 -1.000000

vn 0.000000 0.708661 -0.708661

vn -0.968504 0.251969 -0.047244

vn -0.874016 -0.007874 -0.480315

vn -0.992126 0.000000 -0.094488

vn -0.897638 0.299213 -0.314961

vn 0.000000 0.000000 1.000000

vn 0.000000 0.992126 0.133858

vn 0.000000 0.000000 1.000000

vn -0.960630 0.283465 0.000000

vn -0.196850 0.984252 0.000000

vn 0.000000 1.000000 -0.070866

vn 0.000000 1.000000 0.070866

vn 0.000000 1.000000 -0.023622

vn -0.070866 1.000000 0.000000

vn -1.000000 0.000000 0.000000

vn 0.976378 0.228346 0.000000

vn 0.023622 1.000000 0.000000

vn -0.661417 0.748031 0.000000

vn -0.984252 -0.165354 0.000000

vn 0.960630 -0.291339 0.007874

vn 0.937008 -0.023622 -0.346457

vn 0.118110 -0.023622 -0.992126

vn 0.716535 -0.700787 0.000000

vn 0.015748 -0.433071 -0.905512

vn 0.653543 0.763780 0.000000

vn 1.000000 0.000000 0.000000

vn -1.000000 0.000000 0.000000

vn -0.960630 0.283465 0.000000

vn 1.000000 0.000000 0.000000

vn 0.976378 0.220472 0.000000

vn 0.070866 1.000000 0.000000

vn 0.905512 0.425197 0.000000

vn 0.960630 0.259843 -0.070866

vn 0.897638 0.354331 -0.259843

vn 0.897638 0.000000 -0.440945

vn 1.000000 -0.015748 0.000000

vn 0.000000 0.000000 -1.000000

vn 0.000000 0.708661 -0.708661

vn 0.559055 -0.551181 -0.622047

vn 0.047244 -0.992126 -0.133858

vn -0.196850 0.976378 0.000000

vn 0.000000 1.000000 -0.070866

vn 0.023622 1.000000 0.000000

vn 0.000000 1.000000 -0.023622

vn 0.976378 0.228346 0.000000

vn -1.000000 0.000000 0.000000

vn 0.984252 0.000000 -0.157480

vn 0.000000 -1.000000 0.000000

vn 0.000000 -1.000000 0.000000

vn 0.000000 1.000000 0.070866

vn 1.000000 0.000000 0.000000

vn -0.716535 -0.700787 0.000000

vn -0.881890 0.472441 0.000000

vn 0.346457 -0.937008 0.000000

vn -0.661417 0.748031 0.000000

vn 0.031496 -1.000000 0.000000

vn 0.661417 0.748031 0.000000

vn 1.000000 0.000000 0.000000

vn 1.000000 0.000000 0.000000

vn -0.960630 0.275591 0.000000

vn -1.000000 0.000000 0.000000

vn 0.000000 0.992126 0.133858

vn 0.000000 0.000000 1.000000

vn 0.000000 1.000000 0.070866

vn 0.031496 1.000000 0.000000

vn 0.976378 0.228346 0.000000

vn -0.062992 -1.000000 0.000000

vn 0.000000 0.929134 -0.362205

vn 0.110236 0.866142 0.480315

vn 0.110236 0.834646 -0.535433

vn 0.346457 -0.937008 0.000000

vn 0.346457 -0.937008 0.000000

vn 0.740157 -0.677165 0.000000

vn 0.874016 0.480315 0.000000

vn 0.881890 0.472441 0.000000

vn 0.874016 0.480315 0.000000

vn 0.023622 1.000000 0.000000

vn -0.393701 -0.921260 0.000000

vn -0.181102 0.984252 0.000000

vn 0.000000 1.000000 -0.023622

vn 0.598425 0.803150 0.000000

vn 0.417323 0.913386 0.000000

vn -0.598425 0.803150 0.000000

vn -1.000000 0.000000 0.000000

vn 0.000000 1.000000 -0.070866

vn 0.000000 0.708661 -0.708661

vn 0.000000 0.000000 -1.000000

vn 0.094488 -0.992126 0.000000

vn 0.519685 -0.850394 0.000000

vn 0.976378 0.220472 0.000000

vn 1.000000 0.000000 0.000000

vn 0.409449 0.913386 0.000000

vn 1.000000 0.000000 0.000000

vn -1.000000 0.000000 0.000000

vn -0.968504 0.236220 0.000000

vn 0.000000 0.000000 1.000000

vn 0.000000 0.992126 0.133858

vn 0.000000 0.000000 1.000000

vn 0.960630 0.267717 0.000000

vn 0.157480 0.984252 0.000000

vn 0.000000 1.000000 0.078740

vn 0.574803 -0.818898 0.000000

vn -0.811024 0.582677 0.000000

vn -0.622047 -0.779528 0.000000

vn -0.787402 0.614173 0.000000

vn -0.866142 0.503937 0.000000

vn -0.409449 -0.913386 0.000000

vn -0.094488 -0.992126 0.000000

vn -0.976378 -0.228346 0.000000

vn 0.000000 0.000000 1.000000

vn 0.000000 -0.866142 0.496063

vn 0.000000 -0.874016 0.488189

vn 0.976378 -0.204724 0.000000

vn 0.000000 0.960630 -0.275591

vn -0.015748 0.937008 0.346457

vn 0.377953 0.881890 0.283465

vn 0.000000 -1.000000 0.000000

vn 0.000000 -1.000000 -0.039370

vn 0.000000 -1.000000 0.000000

vn 0.000000 0.968504 0.244094

vn -0.015748 0.921260 0.377953

vn 0.000000 0.960630 -0.275591

vn 0.000000 0.968504 -0.244094

vn 1.000000 0.000000 0.000000

vn 1.000000 0.000000 0.000000

vn -0.984252 -0.165354 0.000000

vn -1.000000 0.000000 0.000000

vn 0.000000 0.000000 -1.000000

vn 0.110236 0.834646 -0.535433

vn 0.110236 0.834646 0.535433

vn 0.110236 0.866142 -0.480315

vn 0.000000 0.858268 0.511811

vn 0.732283 -0.677165 0.000000

vn 0.732283 -0.677165 0.000000

vn 0.960630 0.283465 0.062992

vn 0.874016 0.480315 0.000000

vn 0.590551 -0.803150 0.000000

vn 0.346457 -0.937008 0.000000

vn -0.015748 1.000000 0.015748

vn -0.015748 0.921260 -0.377953

vn 0.110236 0.866142 -0.480315

vn 0.000000 0.929134 0.377953

vn -0.047244 -1.000000 0.000000

vn 0.000000 -1.000000 -0.031496

vn 0.000000 -1.000000 0.000000

vn -0.346457 -0.937008 0.000000

vn -1.000000 0.000000 0.000000

vn -0.173228 -0.984252 0.000000

vn 0.000000 -1.000000 0.000000

vn -0.976378 -0.228346 0.000000

vn 0.385827 0.881890 0.267717

vn 0.527559 -0.850394 0.000000

vn -0.015748 0.944882 -0.322835

vn 0.000000 0.960630 -0.275591

vn 0.000000 0.968504 0.244094

vn 0.976378 -0.212598 0.000000

vn 0.000000 -0.866142 0.496063

vn 0.000000 -0.874016 0.488189

vn -0.779528 -0.622047 0.000000

vn -0.834646 0.551181 0.000000

vn -0.850394 0.527559 0.000000

vn -0.590551 -0.803150 0.000000

vn -0.881890 0.472441 0.000000

vn -0.866142 0.496063 0.000000

vn -0.858268 0.511811 0.000000

vn -0.015748 0.921260 -0.377953

vn 0.110236 0.834646 0.535433

vn 0.874016 0.480315 0.000000

vn 0.874016 0.480315 0.000000

vn 0.039370 -1.000000 0.000000

vn -0.984252 -0.165354 0.000000

vn -0.480315 -0.874016 0.000000

vn 0.000000 -0.574803 -0.818898

vn 0.000000 -1.000000 -0.039370

vn -0.803150 0.598425 0.000000

vn -0.850394 0.527559 0.000000

vn -0.850394 0.527559 0.000000

vn -0.818898 0.574803 0.000000

vn 0.000000 -1.000000 -0.078740

vn 0.000000 0.968504 -0.244094

vn 0.000000 0.960630 0.275591

vn 0.000000 -1.000000 -0.078740

vn 0.976378 -0.228346 0.000000

vn 0.000000 -0.574803 -0.818898

vn 0.700787 -0.708661 0.000000

vn 0.000000 0.937008 0.362205

vn 0.000000 0.960630 0.275591

vn -0.015748 0.921260 -0.385827

vn 0.000000 0.968504 -0.244094

vn 0.968504 -0.236220 0.000000

vn 0.874016 0.480315 0.000000

vn 0.874016 0.480315 0.000000

vn -0.960630 0.283465 0.000000

vn 0.000000 0.968504 -0.244094

vn -0.031496 0.929134 -0.377953

vn 0.110236 0.866142 -0.480315

vn 0.094488 -0.992126 0.000000

vn 0.110236 0.866142 -0.480315

vn 0.401575 0.874016 0.267717

vn 0.000000 0.000000 1.000000

vn 0.000000 1.000000 0.070866

vn 0.732283 -0.677165 0.000000

vn 0.000000 0.992126 0.133858

vn 0.874016 0.480315 0.000000

vn -0.850394 0.527559 0.000000

vn -0.748031 0.661417 0.000000

vn -0.881890 0.472441 0.000000

vn 0.976378 0.228346 0.000000

vn -0.874016 0.480315 0.000000

vn -0.858268 0.511811 0.000000

vn -0.196850 0.984252 0.000000

vn 0.000000 1.000000 -0.070866

vn 0.000000 1.000000 -0.023622

vn 0.976378 0.228346 0.000000

vn 0.110236 0.866142 -0.480315

vn 0.874016 0.480315 0.000000

vn -0.039370 0.929134 0.362205

vn 0.976378 -0.204724 0.000000

vn 0.000000 -0.874016 0.488189

vn -1.000000 0.000000 0.000000

vn -0.984252 -0.165354 0.000000

vn 0.000000 0.708661 -0.708661

vn 0.000000 0.000000 -1.000000

vn 0.000000 -0.866142 0.496063

vn 0.000000 0.000000 1.000000

vn -0.401575 -0.913386 0.000000

vn -0.976378 -0.228346 0.000000

vn -0.866142 0.496063 0.000000

vn 0.110236 0.866142 -0.480315

vn 0.000000 0.858268 0.511811

vn 0.110236 0.834646 0.535433

vn 0.000000 0.818898 -0.566929

vn 0.000000 0.929134 0.370079

vn 0.110236 0.834646 0.535433

vn 0.874016 0.480315 0.000000

vn 0.881890 0.472441 0.000000

vn 0.527559 -0.850394 0.000000

vn -0.015748 0.921260 -0.377953

vn 0.000000 0.968504 -0.244094

vn 0.000000 0.960630 0.275591

vn 0.000000 0.968504 0.244094

vn 0.000000 -1.000000 -0.078740

vn 0.000000 -0.574803 -0.818898

vn -0.173228 -0.984252 0.000000

vn 0.968504 -0.236220 0.000000

vn 0.000000 -1.000000 -0.031496

vn -1.000000 0.000000 0.000000

vn 0.874016 0.480315 0.000000

vn 0.000000 0.968504 -0.244094

vn 0.000000 0.960630 0.275591

vn 0.000000 0.960630 -0.275591

vn 0.000000 -1.000000 0.000000

vn 0.000000 -1.000000 0.000000

vn -0.858268 0.511811 0.000000

vn -0.984252 -0.181102 -0.007874

vn -0.795276 0.598425 0.000000

vn -0.606299 0.795276 -0.055118

vn -0.393701 0.921260 0.000000

vn -0.992126 -0.086614 0.094488

vn -0.921260 -0.362205 0.125984

vn 0.000000 0.000000 1.000000

vn -0.858268 -0.031496 -0.511811

vn 0.000000 0.992126 -0.086614

vn 0.000000 1.000000 -0.031496

vn 0.000000 0.685039 -0.732283

vn 0.000000 0.480315 -0.874016

vn 0.456693 0.889764 -0.055118

vn 1.000000 0.000000 0.000000

vn 1.000000 0.000000 0.000000

vn -0.992126 0.094488 0.000000

vn -0.244094 0.968504 0.000000

vn -1.000000 0.000000 0.000000

vn 0.000000 0.330709 0.944882

vn 0.000000 0.850394 0.527559

vn 0.000000 0.850394 0.527559

vn 0.401575 0.913386 0.000000

vn 0.795276 0.598425 0.000000

vn 0.244094 0.968504 0.000000

vn -0.370079 -0.929134 -0.070866

vn 1.000000 -0.039370 0.000000

vn -0.984252 0.086614 -0.141732

vn -0.716535 -0.062992 -0.692913

vn 0.000000 0.740157 0.669291

vn 0.000000 0.818898 0.566929

vn 0.000000 -0.488189 -0.874016

vn 0.000000 -0.622047 -0.779528

vn 0.000000 0.000000 1.000000

vn 0.858268 -0.031496 -0.511811

vn -0.787402 0.614173 0.000000

vn 0.724409 -0.055118 -0.685039

vn 0.000000 0.007874 1.000000

vn -0.842520 0.401575 -0.354331

vn -0.685039 -0.700787 -0.196850

vn 0.000000 0.000000 1.000000

vn 0.000000 0.000000 1.000000

vn 1.000000 0.000000 0.000000

vn 0.000000 0.000000 1.000000

vn -0.472441 -0.881890 0.000000

vn 0.000000 0.921260 -0.393701

vn 0.992126 0.102362 -0.070866

vn 0.984252 0.157480 -0.070866

vn 0.157480 0.897638 -0.401575

vn 0.157480 0.952756 0.251969

vn 0.937008 0.314961 0.133858

vn 0.000000 0.748031 0.661417

vn 0.937008 0.314961 0.133858

vn 1.000000 0.000000 0.000000

vn 1.000000 0.000000 0.000000

vn 0.992126 -0.086614 0.094488

vn -1.000000 0.000000 0.000000

vn -1.000000 0.000000 0.000000

vn 0.110236 -0.992126 0.000000

vn -0.858268 0.511811 0.000000

vn -0.165354 0.952756 0.251969

vn 0.110236 0.834646 -0.535433

vn 0.000000 0.858268 -0.511811

vn 1.000000 0.000000 0.000000

vn 0.984252 0.086614 -0.141732

vn 1.000000 0.000000 0.000000

vn 0.000000 0.937008 -0.354331

vn 0.110236 0.866142 0.480315

vn 0.110236 0.834646 -0.535433

vn -0.015748 0.834646 0.551181

vn 0.110236 0.866142 0.480315

vn -0.015748 0.921260 0.377953

vn 0.874016 0.480315 0.000000

vn 0.826772 0.566929 0.000000

vn 0.716535 -0.700787 0.000000

vn -0.858268 0.511811 0.000000

vn -0.818898 0.574803 0.000000

vn 0.000000 0.921260 -0.393701

vn 0.511811 0.000000 0.858268

vn 0.511811 0.000000 0.858268

vn 0.511811 0.000000 0.858268

vn 0.047244 -1.000000 0.000000

vn 1.000000 0.000000 0.000000

vn -0.157480 0.897638 -0.401575

vn -0.984252 0.157480 -0.070866

vn -1.000000 0.000000 0.000000

vn 1.000000 0.000000 0.000000

vn -0.858268 0.511811 0.000000

vn -0.511811 0.000000 0.858268

vn -0.511811 0.000000 0.858268

vn -0.511811 0.000000 0.858268

vn -1.000000 0.000000 0.000000

vn -0.818898 0.582677 0.000000

vn -0.984252 -0.173228 0.000000

vn 0.000000 -0.574803 -0.818898

vn 0.000000 -1.000000 -0.086614

vn 0.968504 -0.236220 0.000000

vn 0.000000 0.488189 -0.874016

vn -0.015748 1.000000 0.023622

vn 0.929134 0.354331 0.094488

vn -0.110236 -0.992126 0.000000

vn -0.976378 -0.220472 0.000000

vn 0.000000 -0.866142 0.496063

vn 0.000000 -0.874016 0.488189

vn 0.976378 -0.204724 0.000000

vn 0.000000 0.480315 -0.874016

vn 0.000000 0.889764 0.456693

vn 0.000000 0.984252 -0.181102

vn 0.000000 0.992126 -0.125984

vn 0.000000 0.362205 -0.929134

vn 0.000000 0.362205 -0.929134

vn 0.314961 0.047244 0.944882

vn -0.251969 0.149606 0.960630

vn 0.976378 0.062992 0.204724

vn 0.007874 0.787402 0.614173

vn 0.000000 0.692913 0.724409

vn 0.000000 0.984252 0.188976

vn 0.000000 1.000000 0.000000

vn 0.000000 0.992126 -0.094488

vn -0.346457 0.000000 -0.937008

vn 0.385827 0.000000 -0.921260

vn -0.606299 0.000000 -0.795276

vn -0.677165 0.000000 0.732283

vn 0.000000 1.000000 0.000000

vn -0.031496 1.000000 0.000000

vn 0.937008 0.000000 -0.346457

vn 0.000000 1.000000 0.000000

vn 0.511811 0.000000 -0.858268

vn 0.370079 -0.929134 -0.070866

vn -1.000000 0.007874 -0.031496

vn 1.000000 0.000000 0.000000

vn 0.000000 -1.000000 -0.031496

vn -1.000000 0.007874 0.000000

vn 0.000000 -1.000000 -0.031496

vn -1.000000 0.000000 0.000000

vn -1.000000 0.000000 0.000000

vn 1.000000 0.000000 0.000000

vn 1.000000 -0.070866 -0.031496

vn 1.000000 0.000000 0.000000

vn -1.000000 0.000000 0.000000

vn -1.000000 0.000000 0.000000

vn 0.000000 -1.000000 0.000000

vn 0.000000 -1.000000 0.000000

vn 0.000000 0.377953 0.929134

vn 0.000000 0.440945 0.897638

vn 0.000000 0.818898 0.574803

vn 0.000000 0.826772 0.559055

vn 0.110236 0.866142 -0.480315

vn 0.110236 0.834646 0.535433

vn 0.874016 0.480315 0.000000

vn 0.590551 -0.803150 0.000000

vn 0.944882 0.322835 0.094488

vn 0.299213 -0.952756 0.000000

vn 0.094488 -0.992126 0.000000

vn -0.015748 1.000000 0.023622

vn -0.015748 0.921260 -0.377953

vn 0.110236 0.834646 0.535433

vn 0.000000 0.929134 0.370079

vn 0.968504 -0.236220 0.000000

vn 0.000000 -1.000000 -0.039370

vn 0.000000 -1.000000 0.000000

vn 0.000000 -1.000000 -0.086614

vn -0.094488 -0.992126 0.000000

vn -0.574803 -0.818898 0.000000

vn 0.976378 -0.204724 0.000000

vn 0.000000 -1.000000 0.000000

vn -0.976378 -0.228346 0.000000

vn 0.110236 0.834646 -0.535433

vn 0.874016 0.480315 0.000000

vn 0.881890 0.472441 0.000000

vn 0.700787 -0.716535 0.000000

vn 0.000000 0.960630 -0.275591

vn 0.000000 0.944882 -0.330709

vn 0.000000 0.960630 0.275591

vn 0.110236 0.834646 0.535433

vn 0.000000 0.929134 0.370079

vn 0.110236 0.866142 -0.480315

vn 0.000000 0.858268 0.511811

vn -0.015748 0.921260 -0.377953

vn 0.000000 -0.866142 0.496063

vn 0.000000 -0.874016 0.488189

vn 0.000000 0.000000 1.000000

vn 0.527559 -0.850394 0.000000

vn 0.000000 0.968504 0.244094

vn 1.000000 0.000000 0.000000

vn 0.000000 0.000000 1.000000

vn -0.377953 -0.929134 0.000000

vn -1.000000 0.000000 0.000000

vn -0.047244 -1.000000 0.000000

vn -0.866142 0.496063 0.000000

vn -0.834646 0.559055 0.000000

vn 1.000000 0.000000 0.000000

vn -0.590551 -0.803150 0.000000

vn 0.874016 0.480315 0.000000

vn 0.000000 0.968504 -0.244094

vn 0.000000 0.960630 0.275591

vn 0.000000 0.937008 0.354331

vn 1.000000 0.000000 0.000000

vn -0.984252 -0.173228 0.000000

vn 0.000000 -0.574803 -0.818898

vn 0.000000 0.000000 -1.000000

vn -0.866142 0.496063 0.000000

vn -0.811024 0.582677 0.000000

vn -0.811024 0.582677 0.000000

vn 0.110236 0.866142 -0.480315

vn -0.015748 0.921260 -0.377953

vn -0.881890 0.472441 0.000000

vn -0.866142 0.496063 0.000000

vn -0.866142 0.496063 0.000000

vn -0.858268 0.511811 0.000000

vn -0.125984 -0.992126 0.000000

vn 0.047244 -1.000000 0.000000

vn 0.000000 -1.000000 0.000000

vn 0.000000 -1.000000 -0.062992

vn 0.251969 -0.968504 0.000000

vn 0.000000 -1.000000 0.007874

vn 0.110236 0.866142 -0.480315

vn 0.000000 0.818898 -0.566929

vn -0.787402 0.614173 0.000000

vn 0.110236 0.834646 0.535433

vn -0.858268 0.511811 0.000000

vn -0.881890 0.472441 0.000000

vn 0.000000 -1.000000 0.031496

vn 0.000000 -1.000000 -0.039370

vn 0.000000 0.795276 0.606299

vn -0.889764 -0.456693 0.000000

vn 0.000000 -1.000000 0.000000

vn -0.716535 -0.125984 0.685039

vn -0.181102 -0.984252 0.023622

vn -0.992126 -0.149606 -0.023622

vn 0.000000 -0.834646 0.551181

vn 0.000000 -0.834646 0.551181

vn 0.960630 -0.275591 -0.023622

vn -0.889764 0.456693 0.000000

vn 0.000000 0.000000 -1.000000

vn 0.000000 0.000000 -1.000000

vn 0.000000 0.000000 -1.000000

vn 0.000000 0.952756 -0.299213

vn 0.000000 0.960630 -0.275591

vn 0.000000 0.992126 -0.133858

vn 0.000000 0.992126 -0.118110

vn 0.000000 1.000000 0.039370

vn 0.889764 -0.456693 0.000000

vn 0.881890 0.472441 0.000000

vn 1.000000 -0.062992 0.000000

vn 0.937008 0.346457 0.086614

vn -0.976378 -0.228346 0.000000

vn 0.000000 -1.000000 -0.078740

vn 0.000000 -0.377953 -0.929134

vn 0.992126 -0.118110 0.000000

vn 0.000000 0.921260 0.385827

vn -0.007874 1.000000 0.015748

vn 0.000000 0.000000 -1.000000

vn 0.889764 0.456693 0.000000

vn 0.952756 0.299213 -0.039370

vn 0.661417 0.748031 0.000000

vn 0.031496 1.000000 0.000000

vn -0.677165 0.740157 0.000000

vn -1.000000 0.000000 0.000000

vn 0.976378 0.228346 0.000000

vn 0.000000 0.708661 -0.708661

vn 0.000000 1.000000 -0.039370

vn 0.000000 1.000000 -0.070866

vn -0.377953 0.921260 0.000000

vn 0.976378 0.220472 0.000000

vn 0.000000 1.000000 0.070866

vn -0.960630 0.275591 0.000000

vn 0.000000 0.992126 0.133858

vn -0.968504 0.236220 -0.031496

vn 0.598425 0.803150 0.000000

vn 0.000000 0.708661 -0.708661

vn -1.000000 0.000000 0.000000

vn 0.976378 0.220472 0.000000

vn 0.000000 1.000000 -0.039370

vn 0.000000 1.000000 -0.070866

vn -0.393701 0.921260 0.000000

vn -0.984252 0.173228 0.015748

vn 0.047244 1.000000 0.000000

vn 0.976378 0.228346 0.000000

vn 0.000000 0.992126 0.133858

vn 0.976378 0.220472 0.000000

vn 0.000000 1.000000 0.070866

vn -0.960630 0.283465 0.000000

vn 0.000000 0.992126 0.133858

vn 0.976378 -0.196850 0.000000

vn 0.937008 0.275591 -0.220472

vn 0.055118 0.866142 -0.496063

vn 0.031496 0.503937 -0.866142

vn 0.000000 0.000000 1.000000

vn 0.000000 -0.637795 -0.771654

vn 0.000000 -0.023622 -1.000000

vn -1.000000 0.000000 0.000000

vn -1.000000 0.000000 0.000000

vn -1.000000 0.000000 0.000000

vn 1.000000 0.023622 -0.023622

vn 0.897638 -0.417323 0.133858

vn 0.000000 0.000000 1.000000

vn 0.842520 0.409449 -0.354331

vn -1.000000 0.000000 0.000000

vn -0.007874 -0.433071 0.905512

vn 0.000000 -0.606299 0.795276

vn 0.787402 0.614173 0.000000

vn 1.000000 0.000000 0.000000

vn 1.000000 0.000000 0.000000

vn 0.448819 -0.023622 -0.889764

vn 0.984252 0.157480 0.000000

vn -1.000000 0.000000 0.000000

vn -1.000000 -0.007874 -0.007874

vn 0.015748 0.913386 -0.401575

vn 0.685039 -0.700787 -0.196850

vn 0.000000 0.000000 1.000000

vn 0.000000 0.968504 0.244094

vn 0.110236 0.834646 0.535433

vn 0.000000 0.858268 0.511811

vn 0.094488 -0.992126 0.000000

vn 0.110236 0.834646 -0.535433

vn -0.094488 -0.992126 0.000000

vn -1.000000 0.000000 0.000000

vn 0.000000 -1.000000 0.000000

vn 0.000000 -1.000000 -0.031496

vn 0.000000 -1.000000 0.007874

vn -0.307087 -0.952756 0.000000

vn 0.755906 -0.653543 0.000000

vn 0.960630 0.275591 0.070866

vn 0.110236 0.834646 -0.535433

vn 0.000000 0.858268 -0.511811

vn 0.874016 0.480315 0.000000

vn 0.110236 0.834646 -0.535433

vn 0.110236 0.866142 0.480315

vn 0.000000 0.968504 -0.244094

vn 0.740157 -0.669291 0.000000

vn 0.874016 0.480315 0.000000

vn -0.007874 1.000000 0.007874

vn 0.000000 0.858268 -0.511811

vn 0.110236 0.866142 0.480315

vn -0.858268 0.511811 0.000000

vn -0.850394 0.527559 0.000000

vn -0.015748 0.913386 0.409449

vn -0.826772 0.566929 0.000000

vn -0.795276 -0.614173 0.000000

vn -0.826772 0.559055 0.000000

vn -0.811024 0.590551 0.000000

vn -0.834646 0.543307 0.000000

vn 0.000000 -1.000000 -0.078740

vn 0.968504 -0.236220 0.000000

vn 0.700787 -0.708661 0.000000

vn 0.000000 0.968504 0.244094

vn -0.015748 0.921260 0.377953

vn 0.000000 0.960630 -0.275591

vn 0.110236 0.834646 -0.535433

vn 0.000000 0.937008 -0.354331

vn 0.874016 0.480315 0.000000

vn 0.496063 0.850394 0.149606

vn -0.724409 -0.692913 0.000000

vn 0.000000 -0.787402 0.622047

vn 0.000000 -0.874016 0.488189

vn 0.976378 -0.204724 0.000000

vn 0.496063 0.850394 0.149606

vn 0.031496 0.929134 0.370079

vn 0.000000 0.960630 -0.275591

vn 0.110236 0.866142 0.480315

vn 0.000000 0.929134 -0.362205

vn 0.000000 -1.000000 0.000000

vn 0.000000 -1.000000 0.007874

vn -0.874016 0.480315 0.000000

vn -0.881890 0.472441 0.000000

vn -0.858268 0.511811 0.000000

vn -0.858268 0.511811 0.000000

f 1/1/1 11/11/11 2/2/2

f 2/2/2 3/3/3 4/4/4

f 5/5/5 6/6/6 7/7/7

f 13/13/13 5/5/5 8/8/8

f 9/9/9 32/32/32 10/10/10

f 11/11/11 12/12/12 3/3/3

f 6/6/6 3/3/3 12/12/12

f 6/6/6 5/5/5 13/13/13

f 6/6/6 13/13/13 3/3/3

f 13/13/13 4/4/4 3/3/3

f 2/2/2 11/11/11 3/3/3

f 14/14/14 15/15/15 16/16/16

f 17/17/17 14/14/14 16/16/16

f 18/18/18 19/19/19 40/40/40

f 40/40/40 19/19/19 22/22/22

f 1/1/1 19/19/19 18/18/18

f 2/2/2 20/20/20 1/1/1

f 21/21/21 22/22/22 23/23/23

f 24/24/24 16/16/16 15/15/15

f 14/14/14 17/17/17 26/26/26

f 27/27/27 8/8/8 25/25/25

f 26/26/26 17/17/17 28/28/28

f 29/29/29 2/2/2 4/4/4

f 8/8/8 27/27/27 13/13/13

f 13/13/13 27/27/27 4/4/4

f 1/1/1 20/20/20 19/19/19

f 20/20/20 2/2/2 29/29/29

f 4/4/4 27/27/27 29/29/29

f 28/28/28 17/17/17 30/30/30

f 1/1/1 32/32/32 11/11/11

f 31/31/31 40/40/40 46/46/46

f 32/32/32 1/1/1 18/18/18

f 40/40/40 31/31/31 18/18/18

f 32/32/32 18/18/18 31/31/31

f 9/9/9 11/11/11 32/32/32

f 33/33/33 5/5/5 7/7/7

f 10/10/10 46/46/46 34/34/34

f 10/10/10 31/31/31 46/46/46

f 10/10/10 32/32/32 31/31/31

f 38/38/38 23/23/23 37/37/37

f 41/41/41 37/37/37 39/39/39

f 22/22/22 21/21/21 40/40/40

f 23/23/23 38/38/38 21/21/21

f 38/38/38 37/37/37 41/41/41

f 43/43/43 41/41/41 39/39/39

f 15/15/15 14/14/14 36/36/36

f 36/36/36 14/14/14 35/35/35

f 45/45/45 35/35/35 42/42/42

f 44/44/44 45/45/45 42/42/42

f 47/47/47 40/40/40 21/21/21

f 40/40/40 47/47/47 46/46/46

f 48/48/48 38/38/38 41/41/41

f 38/38/38 47/47/47 21/21/21

f 38/38/38 49/49/49 47/47/47

f 49/49/49 38/38/38 48/48/48

f 34/34/34 46/46/46 47/47/47

f 49/49/49 51/51/51 47/47/47

f 48/48/48 50/50/50 51/51/51

f 54/54/54 52/52/52 53/53/53

f 54/54/54 55/55/55 52/52/52

f 52/52/52 56/56/56 53/53/53

f 52/52/52 57/57/57 56/56/56

f 34/34/34 47/47/47 51/51/51

f 58/58/58 53/53/53 56/56/56

f 52/52/52 59/59/59 57/57/57

f 59/59/59 52/52/52 60/60/60

f 57/57/57 59/59/59 61/61/61

f 11/11/11 9/9/9 12/12/12

f 57/57/57 61/61/61 62/62/62

f 366/366/366 63/63/63 64/64/64

f 65/65/65 48/48/48 66/66/66

f 44/44/44 67/67/67 68/68/68

f 43/43/43 66/66/66 48/48/48

f 48/48/48 69/69/69 50/50/50

f 65/65/65 69/69/69 48/48/48

f 48/48/48 51/51/51 49/49/49

f 43/43/43 48/48/48 41/41/41

f 44/44/44 68/68/68 45/45/45

f 70/70/70 71/71/71 72/72/72

f 73/73/73 74/74/74 71/71/71

f 75/75/75 76/76/76 77/77/77

f 78/78/78 835/835/835 79/79/79

f 80/80/80 81/81/81 77/77/77

f 82/82/82 83/83/83 84/84/84

f 83/83/83 82/82/82 85/85/85

f 86/86/86 87/87/87 88/88/88

f 79/79/79 835/835/835 89/89/89

f 87/87/87 86/86/86 90/90/90

f 91/91/91 92/92/92 93/93/93

f 94/94/94 91/91/91 93/93/93

f 88/88/88 95/95/95 86/86/86

f 96/96/96 94/94/94 93/93/93

f 94/94/94 96/96/96 97/97/97

f 98/98/98 99/99/99 100/100/100

f 100/100/100 99/99/99 101/101/101

f 95/95/95 88/88/88 102/102/102

f 81/81/81 103/103/103 104/104/104

f 105/105/105 106/106/106 107/107/107

f 108/108/108 109/109/109 110/110/110

f 111/111/111 112/112/112 113/113/113

f 114/114/114 115/115/115 116/116/116

f 117/117/117 118/118/118 119/119/119

f 115/115/115 114/114/114 120/120/120

f 108/108/108 113/113/113 109/109/109

f 121/121/121 111/111/111 108/108/108

f 111/111/111 113/113/113 108/108/108

f 122/122/122 111/111/111 121/121/121

f 123/123/123 124/124/124 125/125/125

f 126/126/126 127/127/127 128/128/128

f 113/113/113 112/112/112 129/129/129

f 112/112/112 130/130/130 129/129/129

f 131/131/131 106/106/106 105/105/105

f 131/131/131 132/132/132 106/106/106

f 133/133/133 134/134/134 135/135/135

f 136/136/136 134/134/134 133/133/133

f 137/137/137 97/97/97 96/96/96

f 138/138/138 139/139/139 140/140/140

f 141/141/141 142/142/142 143/143/143

f 137/137/137 144/144/144 97/97/97

f 145/145/145 140/140/140 139/139/139

f 132/132/132 131/131/131 137/137/137

f 146/146/146 104/104/104 141/141/141

f 137/137/137 96/96/96 132/132/132

f 147/147/147 128/128/128 101/101/101

f 147/147/147 101/101/101 99/99/99

f 126/126/126 128/128/128 147/147/147

f 117/117/117 148/148/148 118/118/118

f 149/149/149 150/150/150 151/151/151

f 148/148/148 117/117/117 138/138/138

f 152/152/152 153/153/153 144/144/144

f 138/138/138 117/117/117 139/139/139

f 152/152/152 144/144/144 137/137/137

f 74/74/74 155/155/155 156/156/156

f 157/157/157 154/154/154 116/116/116

f 156/156/156 72/72/72 71/71/71

f 74/74/74 156/156/156 71/71/71

f 110/110/110 109/109/109 153/153/153

f 85/85/85 82/82/82 158/158/158

f 110/110/110 153/153/153 152/152/152

f 116/116/116 115/115/115 157/157/157

f 161/161/161 162/162/162 163/163/163

f 81/81/81 104/104/104 146/146/146

f 82/82/82 84/84/84 164/164/164

f 164/164/164 165/165/165 82/82/82

f 166/166/166 409/409/409 167/167/167

f 143/143/143 146/146/146 141/141/141

f 168/168/168 123/123/123 76/76/76

f 163/163/163 162/162/162 169/169/169

f 168/168/168 170/170/170 123/123/123

f 123/123/123 125/125/125 171/171/171

f 172/172/172 149/149/149 151/151/151

f 173/173/173 175/175/175 151/151/151

f 95/95/95 142/142/142 141/141/141

f 95/95/95 102/102/102 142/142/142

f 174/174/174 175/175/175 173/173/173

f 172/172/172 151/151/151 175/175/175

f 176/176/176 170/170/170 168/168/168

f 163/163/163 177/177/177 161/161/161

f 76/76/76 171/171/171 178/178/178

f 409/409/409 166/166/166 179/179/179

f 76/76/76 75/75/75 180/180/180

f 172/172/172 181/181/181 149/149/149

f 183/183/183 166/166/166 167/167/167

f 182/182/182 172/172/172 175/175/175

f 174/174/174 184/184/184 175/175/175

f 175/175/175 184/184/184 185/185/185

f 186/186/186 182/182/182 185/185/185

f 172/172/172 186/186/186 187/187/187

f 181/181/181 172/172/172 187/187/187

f 175/175/175 185/185/185 182/182/182

f 182/182/182 186/186/186 172/172/172

f 168/168/168 188/188/188 176/176/176

f 77/77/77 178/178/178 80/80/80

f 81/81/81 80/80/80 103/103/103

f 119/119/119 134/134/134 136/136/136

f 74/74/74 73/73/73 159/159/159

f 71/71/71 70/70/70 73/73/73

f 121/121/121 105/105/105 122/122/122

f 119/119/119 118/118/118 134/134/134

f 107/107/107 122/122/122 105/105/105

f 189/189/189 190/190/190 127/127/127

f 178/178/178 77/77/77 76/76/76

f 129/129/129 130/130/130 91/91/91

f 191/191/191 171/171/171 125/125/125

f 91/91/91 130/130/130 92/92/92

f 191/191/191 87/87/87 90/90/90

f 191/191/191 125/125/125 87/87/87

f 835/835/835 78/78/78 192/192/192

f 193/193/193 192/192/192 78/78/78

f 194/194/194 835/835/835 192/192/192

f 195/195/195 161/161/161 177/177/177

f 196/196/196 161/161/161 195/195/195

f 171/171/171 76/76/76 123/123/123

f 124/124/124 123/123/123 197/197/197

f 2120/2120/2120 2118/2118/2118 198/198/198

f 199/199/199 198/198/198 2118/2118/2118

f 203/203/203 201/201/201 202/202/202

f 199/199/199 201/201/201 200/200/200

f 201/201/201 203/203/203 200/200/200

f 202/202/202 204/204/204 203/203/203

f 206/206/206 204/204/204 202/202/202

f 204/204/204 206/206/206 205/205/205

f 207/207/207 208/208/208 204/204/204

f 209/209/209 210/210/210 211/211/211

f 204/204/204 205/205/205 207/207/207

f 212/212/212 213/213/213 214/214/214

f 2110/2110/2110 216/216/216 215/215/215

f 216/216/216 2110/2110/2110 217/217/217

f 220/220/220 221/221/221 222/222/222

f 222/222/222 209/209/209 220/220/220

f 221/221/221 223/223/223 2110/2110/2110

f 202/202/202 219/219/219 224/224/224

f 227/227/227 225/225/225 226/226/226

f 221/221/221 220/220/220 223/223/223

f 220/220/220 209/209/209 230/230/230

f 229/229/229 231/231/231 228/228/228

f 232/232/232 233/233/233 228/228/228

f 228/228/228 231/231/231 232/232/232

f 228/228/228 278/278/278 218/218/218

f 221/221/221 2110/2110/2110 215/215/215

f 211/211/211 234/234/234 209/209/209

f 213/213/213 212/212/212 235/235/235

f 230/230/230 209/209/209 234/234/234

f 236/236/236 233/233/233 232/232/232

f 237/237/237 213/213/213 235/235/235

f 233/233/233 236/236/236 238/238/238

f 2120/2120/2120 198/198/198 239/239/239

f 240/240/240 2120/2120/2120 239/239/239

f 241/241/241 242/242/242 240/240/240

f 243/243/243 208/208/208 207/207/207

f 241/241/241 208/208/208 243/243/243

f 433/433/433 245/245/245 244/244/244

f 242/242/242 241/241/241 243/243/243

f 246/246/246 242/242/242 243/243/243

f 242/242/242 246/246/246 475/475/475

f 247/247/247 248/248/248 249/249/249

f 250/250/250 251/251/251 249/249/249

f 249/249/249 248/248/248 250/250/250

f 252/252/252 475/475/475 246/246/246

f 452/452/452 252/252/252 246/246/246

f 253/253/253 254/254/254 255/255/255

f 254/254/254 256/256/256 255/255/255

f 2120/2120/2120 240/240/240 242/242/242

f 211/211/211 251/251/251 257/257/257

f 258/258/258 245/245/245 213/213/213

f 259/259/259 260/260/260 261/261/261

f 244/244/244 245/245/245 258/258/258

f 251/251/251 250/250/250 257/257/257

f 234/234/234 211/211/211 262/262/262

f 256/256/256 263/263/263 255/255/255

f 264/264/264 238/238/238 236/236/236

f 262/262/262 211/211/211 257/257/257

f 256/256/256 264/264/264 263/263/263

f 264/264/264 256/256/256 267/267/267

f 278/278/278 260/260/260 259/259/259

f 265/265/265 213/213/213 237/237/237

f 266/266/266 260/260/260 278/278/278

f 238/238/238 264/264/264 267/267/267

f 258/258/258 213/213/213 265/265/265

f 267/267/267 269/269/269 268/268/268

f 270/270/270 271/271/271 224/224/224

f 224/224/224 206/206/206 202/202/202

f 224/224/224 272/272/272 206/206/206

f 273/273/273 274/274/274 275/275/275

f 276/276/276 272/272/272 224/224/224

f 276/276/276 224/224/224 271/271/271

f 274/274/274 273/273/273 277/277/277

f 276/276/276 271/271/271 279/279/279

f 219/219/219 218/218/218 280/280/280

f 281/281/281 274/274/274 284/284/284

f 274/274/274 281/281/281 275/275/275

f 219/219/219 280/280/280 224/224/224

f 278/278/278 280/280/280 218/218/218

f 284/284/284 282/282/282 283/283/283

f 233/233/233 278/278/278 228/228/228

f 283/283/283 281/281/281 284/284/284

f 285/285/285 227/227/227 286/286/286

f 274/274/274 287/287/287 284/284/284

f 285/285/285 225/225/225 227/227/227

f 278/278/278 233/233/233 266/266/266

f 259/259/259 280/280/280 278/278/278

f 280/280/280 259/259/259 270/270/270

f 224/224/224 280/280/280 270/270/270

f 288/288/288 289/289/289 290/290/290

f 291/291/291 290/290/290 292/292/292

f 293/293/293 289/289/289 288/288/288

f 290/290/290 294/294/294 288/288/288

f 288/288/288 302/302/302 295/295/295

f 296/296/296 297/297/297 298/298/298

f 290/290/290 291/291/291 294/294/294

f 299/299/299 294/294/294 291/291/291

f 300/300/300 299/299/299 291/291/291

f 302/302/302 288/288/288 294/294/294

f 301/301/301 302/302/302 294/294/294

f 294/294/294 299/299/299 301/301/301

f 299/299/299 303/303/303 301/301/301

f 301/301/301 304/304/304 302/302/302

f 306/306/306 305/305/305 296/296/296

f 299/299/299 300/300/300 303/303/303

f 304/304/304 301/301/301 303/303/303

f 303/303/303 306/306/306 304/304/304

f 306/306/306 303/303/303 307/307/307

f 308/308/308 307/307/307 303/303/303

f 309/309/309 310/310/310 311/311/311

f 311/311/311 320/320/320 312/312/312

f 313/313/313 310/310/310 309/309/309

f 310/310/310 321/321/321 311/311/311

f 314/314/314 310/310/310 315/315/315

f 316/316/316 344/344/344 317/317/317

f 318/318/318 319/319/319 308/308/308

f 319/319/319 318/318/318 320/320/320

f 320/320/320 311/311/311 321/321/321

f 319/319/319 320/320/320 321/321/321

f 322/322/322 323/323/323 308/308/308

f 308/308/308 319/319/319 322/322/322

f 323/323/323 322/322/322 314/314/314

f 310/310/310 314/314/314 321/321/321

f 322/322/322 321/321/321 314/314/314

f 319/319/319 321/321/321 322/322/322

f 617/617/617 324/324/324 1349/1349/1349

f 324/324/324 617/617/617 638/638/638

f 325/325/325 326/326/326 327/327/327

f 327/327/327 326/326/326 297/297/297

f 297/297/297 339/339/339 327/327/327

f 327/327/327 328/328/328 329/329/329

f 330/330/330 331/331/331 332/332/332

f 332/332/332 331/331/331 333/333/333

f 333/333/333 342/342/342 332/332/332

f 324/324/324 334/334/334 349/349/349

f 332/332/332 335/335/335 336/336/336

f 625/625/625 324/324/324 638/638/638

f 337/337/337 333/333/333 338/338/338

f 297/297/297 296/296/296 339/339/339

f 328/328/328 327/327/327 339/339/339

f 1337/1337/1337 625/625/625 633/633/633

f 305/305/305 339/339/339 296/296/296

f 339/339/339 305/305/305 340/340/340

f 340/340/340 328/328/328 339/339/339

f 305/305/305 307/307/307 340/340/340

f 340/340/340 341/341/341 328/328/328

f 333/333/333 337/337/337 342/342/342

f 335/335/335 332/332/332 342/342/342

f 324/324/324 625/625/625 334/334/334

f 343/343/343 317/317/317 344/344/344

f 344/344/344 316/316/316 345/345/345

f 345/345/345 346/346/346 344/344/344

f 347/347/347 348/348/348 344/344/344

f 625/625/625 1337/1337/1337 334/334/334

f 347/347/347 342/342/342 337/337/337

f 342/342/342 347/347/347 346/346/346

f 348/348/348 347/347/347 337/337/337

f 307/307/307 344/344/344 348/348/348

f 307/307/307 348/348/348 341/341/341

f 341/341/341 340/340/340 307/307/307

f 305/305/305 306/306/306 307/307/307

f 347/347/347 344/344/344 346/346/346

f 1337/1337/1337 349/349/349 334/334/334

f 346/346/346 345/345/345 335/335/335

f 346/346/346 335/335/335 342/342/342

f 351/351/351 352/352/352 350/350/350

f 355/355/355 354/354/354 353/353/353

f 357/357/357 354/354/354 356/356/356

f 357/357/357 356/356/356 358/358/358

f 353/353/353 354/354/354 357/357/357

f 359/359/359 355/355/355 353/353/353

f 44/44/44 360/360/360 67/67/67

f 361/361/361 362/362/362 350/350/350

f 350/350/350 363/363/363 361/361/361

f 364/364/364 411/411/411 365/365/365

f 367/367/367 366/366/366 64/64/64

f 67/67/67 360/360/360 368/368/368

f 371/371/371 372/372/372 370/370/370

f 373/373/373 374/374/374 375/375/375

f 375/375/375 378/378/378 379/379/379

f 370/370/370 372/372/372 369/369/369

f 369/369/369 372/372/372 160/160/160

f 362/362/362 364/364/364 365/365/365

f 362/362/362 361/361/361 364/364/364

f 363/363/363 350/350/350 352/352/352

f 380/380/380 381/381/381 382/382/382

f 383/383/383 381/381/381 380/380/380

f 384/384/384 355/355/355 359/359/359

f 385/385/385 382/382/382 381/381/381

f 385/385/385 386/386/386 382/382/382

f 387/387/387 359/359/359 353/353/353

f 359/359/359 387/387/387 384/384/384

f 388/388/388 382/382/382 386/386/386

f 389/389/389 384/384/384 387/387/387

f 389/389/389 387/387/387 390/390/390

f 390/390/390 391/391/391 389/389/389

f 390/390/390 392/392/392 391/391/391

f 52/52/52 55/55/55 393/393/393

f 366/366/366 393/393/393 55/55/55

f 366/366/366 367/367/367 393/393/393

f 160/160/160 73/73/73 369/369/369

f 394/394/394 395/395/395 162/162/162

f 394/394/394 396/396/396 395/395/395

f 394/394/394 162/162/162 161/161/161

f 382/382/382 388/388/388 398/398/398

f 380/380/380 382/382/382 398/398/398

f 375/375/375 399/399/399 378/378/378

f 399/399/399 398/398/398 388/388/388

f 375/375/375 398/398/398 399/399/399

f 398/398/398 375/375/375 374/374/374

f 365/365/365 411/411/411 400/400/400

f 401/401/401 403/403/403 402/402/402

f 404/404/404 403/403/403 405/405/405

f 406/406/406 358/358/358 401/401/401

f 407/407/407 358/358/358 406/406/406

f 358/358/358 407/407/407 357/357/357

f 371/371/371 370/370/370 408/408/408

f 409/409/409 408/408/408 370/370/370

f 360/360/360 42/42/42 410/410/410

f 42/42/42 360/360/360 44/44/44

f 401/401/401 402/402/402 406/406/406

f 402/402/402 403/403/403 404/404/404

f 412/412/412 413/413/413 411/411/411

f 35/35/35 410/410/410 42/42/42

f 412/412/412 411/411/411 364/364/364

f 410/410/410 35/35/35 14/14/14

f 414/414/414 394/394/394 415/415/415

f 415/415/415 416/416/416 196/196/196

f 357/357/357 387/387/387 353/353/353

f 357/357/357 390/390/390 387/387/387

f 390/390/390 357/357/357 417/417/417

f 406/406/406 417/417/417 407/407/407

f 407/407/407 417/417/417 357/357/357

f 417/417/417 406/406/406 418/418/418

f 406/406/406 376/376/376 418/418/418

f 418/418/418 419/419/419 392/392/392

f 392/392/392 417/417/417 418/418/418

f 396/396/396 420/420/420 421/421/421

f 422/422/422 423/423/423 421/421/421

f 417/417/417 392/392/392 390/390/390

f 419/419/419 418/418/418 376/376/376

f 419/419/419 376/376/376 377/377/377

f 377/377/377 424/424/424 425/425/425

f 376/376/376 406/406/406 402/402/402

f 404/404/404 376/376/376 402/402/402

f 404/404/404 424/424/424 376/376/376

f 174/174/174 422/422/422 184/184/184

f 421/421/421 420/420/420 422/422/422

f 420/420/420 396/396/396 414/414/414

f 423/423/423 422/422/422 174/174/174

f 416/416/416 394/394/394 161/161/161

f 415/415/415 394/394/394 416/416/416

f 377/377/377 376/376/376 424/424/424

f 161/161/161 196/196/196 416/416/416

f 394/394/394 414/414/414 396/396/396

f 397/397/397 167/167/167 409/409/409

f 426/426/426 427/427/427 428/428/428

f 284/284/284 287/287/287 432/432/432

f 285/285/285 433/433/433 431/431/431

f 434/434/434 435/435/435 432/432/432

f 427/427/427 436/436/436 437/437/437

f 433/433/433 285/285/285 286/286/286

f 287/287/287 434/434/434 432/432/432

f 438/438/438 282/282/282 284/284/284

f 439/439/439 438/438/438 440/440/440

f 282/282/282 438/438/438 439/439/439

f 435/435/435 434/434/434 441/441/441

f 442/442/442 443/443/443 444/444/444

f 442/442/442 444/444/444 279/279/279

f 445/445/445 446/446/446 447/447/447

f 444/444/444 448/448/448 276/276/276

f 276/276/276 279/279/279 444/444/444

f 452/452/452 276/276/276 449/449/449

f 273/273/273 450/450/450 277/277/277

f 450/450/450 453/453/453 451/451/451

f 272/272/272 276/276/276 452/452/452

f 450/450/450 273/273/273 453/453/453

f 469/469/469 455/455/455 256/256/256

f 456/456/456 470/470/470 242/242/242

f 267/267/267 457/457/457 458/458/458

f 256/256/256 454/454/454 267/267/267

f 458/458/458 269/269/269 267/267/267

f 459/459/459 427/427/427 437/437/437

f 460/460/460 459/459/459 461/461/461

f 427/427/427 459/459/459 462/462/462

f 459/459/459 460/460/460 462/462/462

f 447/447/447 463/463/463 464/464/464

f 260/260/260 266/266/266 430/430/430

f 427/427/427 465/465/465 428/428/428

f 465/465/465 427/427/427 462/462/462

f 460/460/460 465/465/465 462/462/462

f 430/430/430 429/429/429 260/260/260

f 467/467/467 466/466/466 260/260/260

f 446/446/446 468/468/468 447/447/447

f 261/261/261 260/260/260 466/466/466

f 261/261/261 466/466/466 471/471/471

f 254/254/254 469/469/469 256/256/256

f 471/471/471 466/466/466 472/472/472

f 252/252/252 452/452/452 449/449/449

f 2120/2120/2120 242/242/242 470/470/470

f 456/456/456 474/474/474 473/473/473

f 473/473/473 448/448/448 444/444/444

f 443/443/443 476/476/476 444/444/444

f 448/448/448 473/473/473 474/474/474

f 444/444/444 476/476/476 473/473/473

f 436/436/436 427/427/427 479/479/479

f 427/427/427 426/426/426 479/479/479

f 431/431/431 433/433/433 244/244/244

f 458/458/458 430/430/430 269/269/269

f 477/477/477 478/478/478 480/480/480

f 430/430/430 458/458/458 429/429/429

f 475/475/475 456/456/456 242/242/242

f 478/478/478 477/477/477 483/483/483

f 470/470/470 456/456/456 484/484/484

f 485/485/485 456/456/456 475/475/475

f 474/474/474 456/456/456 485/485/485

f 473/473/473 486/486/486 456/456/456

f 483/483/483 481/481/481 482/482/482

f 486/486/486 484/484/484 456/456/456

f 484/484/484 486/486/486 496/496/496

f 256/256/256 455/455/455 454/454/454

f 457/457/457 267/267/267 454/454/454

f 487/487/487 483/483/483 477/477/477

f 483/483/483 487/487/487 481/481/481

f 488/488/488 457/457/457 454/454/454

f 454/454/454 490/490/490 488/488/488

f 490/490/490 454/454/454 489/489/489

f 455/455/455 497/497/497 454/454/454

f 482/482/482 460/460/460 461/461/461

f 482/482/482 481/481/481 460/460/460

f 463/463/463 491/491/491 492/492/492

f 463/463/463 447/447/447 491/491/491

f 467/467/467 489/489/489 466/466/466

f 466/466/466 493/493/493 472/472/472

f 489/489/489 467/467/467 490/490/490

f 468/468/468 494/494/494 491/491/491

f 493/493/493 466/466/466 489/489/489

f 447/447/447 468/468/468 491/491/491

f 486/486/486 473/473/473 476/476/476

f 491/491/491 495/495/495 492/492/492

f 497/497/497 489/489/489 454/454/454

f 489/489/489 497/497/497 493/493/493

f 530/530/530 506/506/506 500/500/500

f 530/530/530 505/505/505 506/506/506

f 507/507/507 508/508/508 509/509/509

f 510/510/510 511/511/511 512/512/512

f 509/509/509 508/508/508 513/513/513

f 514/514/514 515/515/515 516/516/516

f 498/498/498 517/517/517 499/499/499

f 517/517/517 498/498/498 518/518/518

f 511/511/511 510/510/510 521/521/521

f 525/525/525 521/521/521 510/510/510

f 513/513/513 508/508/508 526/526/526

f 529/529/529 576/576/576 530/530/530

f 531/531/531 576/576/576 529/529/529

f 532/532/532 533/533/533 534/534/534

f 534/534/534 533/533/533 535/535/535

f 536/536/536 557/557/557 537/537/537

f 612/612/612 538/538/538 539/539/539

f 537/537/537 557/557/557 540/540/540

f 1163/1163/1163 542/542/542 536/536/536

f 542/542/542 557/557/557 536/536/536

f 545/545/545 541/541/541 515/515/515

f 612/612/612 544/544/544 538/538/538

f 544/544/544 612/612/612 543/543/543

f 1149/1149/1149 540/540/540 546/546/546

f 547/547/547 548/548/548 501/501/501

f 549/549/549 501/501/501 548/548/548

f 524/524/524 522/522/522 550/550/550

f 563/563/563 552/552/552 553/553/553

f 563/563/563 554/554/554 552/552/552

f 543/543/543 556/556/556 544/544/544

f 558/558/558 557/557/557 542/542/542

f 515/515/515 514/514/514 545/545/545

f 560/560/560 561/561/561 524/524/524

f 527/527/527 562/562/562 551/551/551

f 564/564/564 554/554/554 563/563/563

f 562/562/562 565/565/565 551/551/551

f 567/567/567 562/562/562 568/568/568

f 534/534/534 512/512/512 511/511/511

f 502/502/502 501/501/501 549/549/549

f 555/555/555 569/569/569 541/541/541

f 550/550/550 570/570/570 524/524/524

f 571/571/571 570/570/570 550/550/550

f 554/554/554 564/564/564 572/572/572

f 564/564/564 573/573/573 572/572/572

f 2062/2062/2062 569/569/569 555/555/555

f 503/503/503 504/504/504 574/574/574

f 530/530/530 576/576/576 505/505/505

f 575/575/575 524/524/524 570/570/570

f 1155/1155/1155 612/612/612 539/539/539

f 516/516/516 1136/1136/1136 514/514/514

f 519/519/519 520/520/520 559/559/559

f 520/520/520 548/548/548 547/547/547

f 547/547/547 559/559/559 520/520/520

f 562/562/562 566/566/566 565/565/565

f 577/577/577 578/578/578 565/565/565

f 566/566/566 577/577/577 565/565/565

f 558/558/558 581/581/581 557/557/557

f 566/566/566 562/562/562 567/567/567

f 522/522/522 582/582/582 523/523/523

f 526/526/526 508/508/508 583/583/583

f 527/527/527 584/584/584 528/528/528

f 524/524/524 585/585/585 522/522/522

f 524/524/524 588/588/588 1141/1141/1141

f 512/512/512 534/534/534 535/535/535

f 574/574/574 504/504/504 596/596/596

f 3606/3606/3606 589/589/589 587/587/587

f 1141/1141/1141 590/590/590 585/585/585

f 591/591/591 592/592/592 593/593/593

f 594/594/594 591/591/591 593/593/593

f 561/561/561 588/588/588 524/524/524

f 586/586/586 587/587/587 595/595/595

f 585/585/585 524/524/524 1141/1141/1141

f 582/582/582 522/522/522 585/585/585

f 587/587/587 589/589/589 595/595/595

f 597/597/597 1141/1141/1141 588/588/588

f 598/598/598 528/528/528 599/599/599

f 584/584/584 599/599/599 528/528/528

f 543/543/543 612/612/612 600/600/600

f 601/601/601 602/602/602 603/603/603

f 605/605/605 604/604/604 607/607/607

f 601/601/601 603/603/603 606/606/606

f 608/608/608 606/606/606 603/603/603

f 609/609/609 611/611/611 610/610/610

f 613/613/613 610/610/610 611/611/611

f 614/614/614 609/609/609 610/610/610

f 606/606/606 608/608/608 615/615/615

f 318/318/318 616/616/616 614/614/614

f 609/609/609 614/614/614 616/616/616

f 543/543/543 619/619/619 620/620/620

f 621/621/621 622/622/622 623/623/623

f 619/619/619 543/543/543 600/600/600

f 600/600/600 612/612/612 642/642/642

f 623/623/623 622/622/622 624/624/624

f 626/626/626 627/627/627 628/628/628

f 628/628/628 627/627/627 629/629/629

f 629/629/629 630/630/630 628/628/628

f 632/632/632 629/629/629 631/631/631

f 630/630/630 629/629/629 632/632/632

f 625/625/625 638/638/638 622/622/622

f 633/633/633 625/625/625 622/622/622

f 634/634/634 632/632/632 635/635/635

f 634/634/634 630/630/630 632/632/632

f 630/630/630 634/634/634 636/636/636

f 634/634/634 637/637/637 636/636/636

f 628/628/628 639/639/639 640/640/640

f 610/610/610 613/613/613 641/641/641

f 616/616/616 318/318/318 308/308/308

f 303/303/303 616/616/616 308/308/308

f 616/616/616 303/303/303 637/637/637

f 300/300/300 637/637/637 303/303/303

f 639/639/639 628/628/628 630/630/630

f 636/636/636 639/639/639 630/630/630

f 636/636/636 643/643/643 639/639/639

f 637/637/637 300/300/300 643/643/643

f 643/643/643 636/636/636 637/637/637

f 644/644/644 611/611/611 609/609/609

f 611/611/611 644/644/644 645/645/645

f 645/645/645 644/644/644 646/646/646

f 647/647/647 648/648/648 1858/1858/1858

f 649/649/649 611/611/611 645/645/645

f 651/651/651 648/648/648 647/647/647

f 616/616/616 644/644/644 609/609/609

f 613/613/613 611/611/611 649/649/649

f 649/649/649 645/645/645 650/650/650

f 652/652/652 613/613/613 649/649/649

f 647/647/647 621/621/621 653/653/653

f 602/602/602 654/654/654 603/603/603

f 603/603/603 654/654/654 657/657/657

f 603/603/603 657/657/657 608/608/608

f 647/647/647 653/653/653 658/658/658

f 659/659/659 608/608/608 657/657/657

f 660/660/660 613/613/613 652/652/652

f 658/658/658 661/661/661 647/647/647

f 608/608/608 659/659/659 615/615/615

f 644/644/644 616/616/616 637/637/637

f 621/621/621 647/647/647 622/622/622

f 642/642/642 662/662/662 600/600/600

f 619/619/619 600/600/600 662/662/662

f 642/642/642 663/663/663 662/662/662

f 615/615/615 659/659/659 664/664/664

f 647/647/647 633/633/633 622/622/622

f 634/634/634 635/635/635 644/644/644

f 633/633/633 647/647/647 1858/1858/1858

f 637/637/637 634/634/634 644/644/644

f 644/644/644 635/635/635 646/646/646

f 665/665/665 666/666/666 667/667/667

f 668/668/668 669/669/669 670/670/670

f 671/671/671 1974/1974/1974 672/672/672

f 673/673/673 674/674/674 675/675/675

f 1974/1974/1974 1985/1985/1985 672/672/672

f 676/676/676 677/677/677 678/678/678

f 679/679/679 676/676/676 678/678/678

f 1975/1975/1975 680/680/680 1939/1939/1939

f 681/681/681 683/683/683 682/682/682

f 671/671/671 684/684/684 685/685/685

f 686/686/686 687/687/687 2399/2399/2399

f 689/689/689 677/677/677 688/688/688

f 671/671/671 690/690/690 2399/2399/2399

f 685/685/685 691/691/691 671/671/671

f 2399/2399/2399 690/690/690 686/686/686

f 690/690/690 671/671/671 691/691/691

f 691/691/691 685/685/685 692/692/692

f 693/693/693 678/678/678 694/694/694

f 678/678/678 695/695/695 694/694/694

f 671/671/671 672/672/672 684/684/684

f 696/696/696 697/697/697 2378/2378/2378

f 698/698/698 682/682/682 699/699/699

f 684/684/684 672/672/672 700/700/700

f 701/701/701 702/702/702 697/697/697

f 2389/2389/2389 2378/2378/2378 697/697/697

f 703/703/703 698/698/698 699/699/699

f 2389/2389/2389 697/697/697 704/704/704

f 705/705/705 706/706/706 707/707/707

f 695/695/695 678/678/678 689/689/689

f 707/707/707 708/708/708 709/709/709

f 704/704/704 710/710/710 2389/2389/2389

f 710/710/710 728/728/728 2389/2389/2389

f 707/707/707 709/709/709 705/705/705

f 711/711/711 705/705/705 709/709/709

f 714/714/714 721/721/721 702/702/702

f 724/724/724 713/713/713 712/712/712

f 672/672/672 716/716/716 700/700/700

f 717/717/717 1985/1985/1985 1939/1939/1939

f 722/722/722 715/715/715 723/723/723

f 708/708/708 725/725/725 709/709/709

f 726/726/726 727/727/727 681/681/681

f 674/674/674 673/673/673 729/729/729

f 678/678/678 677/677/677 689/689/689

f 730/730/730 687/687/687 686/686/686

f 731/731/731 729/729/729 673/673/673

f 729/729/729 731/731/731 668/668/668

f 732/732/732 731/731/731 730/730/730

f 733/733/733 672/672/672 1985/1985/1985

f 734/734/734 716/716/716 672/672/672

f 678/678/678 693/693/693 679/679/679

f 698/698/698 703/703/703 735/735/735

f 1985/1985/1985 717/717/717 733/733/733

f 680/680/680 1975/1975/1975 736/736/736

f 716/716/716 734/734/734 737/737/737

f 680/680/680 736/736/736 738/738/738

f 738/738/738 739/739/739 680/680/680

f 740/740/740 741/741/741 696/696/696

f 675/675/675 674/674/674 742/742/742

f 689/689/689 688/688/688 743/743/743

f 696/696/696 741/741/741 701/701/701

f 741/741/741 714/714/714 701/701/701

f 697/697/697 696/696/696 701/701/701

f 742/742/742 674/674/674 744/744/744

f 714/714/714 702/702/702 701/701/701

f 682/682/682 698/698/698 726/726/726

f 745/745/745 721/721/721 714/714/714

f 746/746/746 747/747/747 748/748/748

f 747/747/747 746/746/746 749/749/749

f 683/683/683 681/681/681 751/751/751

f 750/750/750 718/718/718 712/712/712

f 682/682/682 726/726/726 681/681/681

f 745/745/745 720/720/720 721/721/721

f 718/718/718 750/750/750 719/719/719

f 749/749/749 739/739/739 747/747/747

f 717/717/717 1939/1939/1939 680/680/680

f 739/739/739 749/749/749 666/666/666

f 752/752/752 680/680/680 739/739/739

f 672/672/672 733/733/733 734/734/734

f 669/669/669 731/731/731 732/732/732

f 669/669/669 668/668/668 731/731/731

f 727/727/727 726/726/726 753/753/753

f 711/711/711 754/754/754 705/705/705

f 739/739/739 665/665/665 752/752/752

f 666/666/666 665/665/665 739/739/739

f 413/413/413 757/757/757 755/755/755

f 413/413/413 412/412/412 757/757/757

f 404/404/404 405/405/405 756/756/756

f 758/758/758 756/756/756 759/759/759

f 760/760/760 759/759/759 761/761/761

f 767/767/767 756/756/756 758/758/758

f 756/756/756 767/767/767 404/404/404

f 759/759/759 760/760/760 758/758/758

f 412/412/412 762/762/762 757/757/757

f 763/763/763 764/764/764 765/765/765

f 762/762/762 412/412/412 766/766/766

f 424/424/424 404/404/404 767/767/767

f 767/767/767 758/758/758 768/768/768

f 767/767/767 769/769/769 424/424/424

f 425/425/425 424/424/424 769/769/769

f 769/769/769 768/768/768 771/771/771

f 769/769/769 767/767/767 768/768/768

f 770/770/770 771/771/771 768/768/768

f 762/762/762 772/772/772 773/773/773

f 762/762/762 766/766/766 772/772/772

f 774/774/774 761/761/761 775/775/775

f 776/776/776 775/775/775 778/778/778

f 777/777/777 778/778/778 779/779/779

f 775/775/775 780/780/780 774/774/774

f 780/780/780 775/775/775 776/776/776

f 761/761/761 774/774/774 760/760/760

f 766/766/766 782/782/782 781/781/781

f 785/785/785 783/783/783 784/784/784

f 778/778/778 777/777/777 776/776/776

f 786/786/786 779/779/779 783/783/783

f 766/766/766 787/787/787 782/782/782

f 779/779/779 786/786/786 777/777/777

f 783/783/783 785/785/785 786/786/786

f 760/760/760 768/768/768 758/758/758

f 760/760/760 770/770/770 768/768/768

f 788/788/788 780/780/780 776/776/776

f 760/760/760 789/789/789 770/770/770

f 788/788/788 776/776/776 790/790/790

f 780/780/780 788/788/788 789/789/789

f 789/789/789 791/791/791 770/770/770

f 791/791/791 789/789/789 792/792/792

f 788/788/788 792/792/792 789/789/789

f 792/792/792 788/788/788 790/790/790

f 792/792/792 790/790/790 793/793/793

f 774/774/774 789/789/789 760/760/760

f 780/780/780 789/789/789 774/774/774

f 777/777/777 790/790/790 776/776/776

f 777/777/777 794/794/794 790/790/790

f 794/794/794 793/793/793 790/790/790

f 795/795/795 796/796/796 797/797/797

f 795/795/795 797/797/797 763/763/763

f 786/786/786 798/798/798 777/777/777

f 777/777/777 798/798/798 794/794/794

f 798/798/798 786/786/786 796/796/796

f 798/798/798 799/799/799 794/794/794

f 799/799/799 798/798/798 795/795/795

f 796/796/796 795/795/795 798/798/798

f 800/800/800 373/373/373 801/801/801

f 374/374/374 373/373/373 802/802/802

f 802/802/802 373/373/373 800/800/800

f 771/771/771 770/770/770 791/791/791

f 374/374/374 802/802/802 803/803/803

f 805/805/805 802/802/802 804/804/804

f 803/803/803 802/802/802 805/805/805

f 793/793/793 794/794/794 799/799/799

f 374/374/374 803/803/803 806/806/806

f 807/807/807 803/803/803 808/808/808

f 809/809/809 765/765/765 764/764/764

f 811/811/811 809/809/809 764/764/764

f 810/810/810 809/809/809 811/811/811

f 785/785/785 796/796/796 786/786/786

f 806/806/806 803/803/803 807/807/807

f 764/764/764 763/763/763 797/797/797

f 811/811/811 764/764/764 797/797/797

f 796/796/796 785/785/785 797/797/797

f 811/811/811 797/797/797 785/785/785

f 784/784/784 811/811/811 785/785/785

f 811/811/811 784/784/784 812/812/812

f 766/766/766 14/14/14 787/787/787

f 412/412/412 14/14/14 766/766/766

f 812/812/812 810/810/810 811/811/811

f 815/815/815 2645/2645/2645 816/816/816

f 817/817/817 818/818/818 819/819/819

f 820/820/820 819/819/819 818/818/818

f 823/823/823 824/824/824 814/814/814

f 813/813/813 814/814/814 824/824/824

f 815/815/815 816/816/816 819/819/819

f 815/815/815 819/819/819 820/820/820

f 827/827/827 823/823/823 814/814/814

f 828/828/828 829/829/829 2646/2646/2646

f 828/828/828 830/830/830 829/829/829

f 831/831/831 833/833/833 832/832/832

f 834/834/834 813/813/813 824/824/824

f 824/824/824 823/823/823 832/832/832

f 836/836/836 824/824/824 832/832/832

f 813/813/813 834/834/834 837/837/837

f 834/834/834 838/838/838 839/839/839

f 836/836/836 834/834/834 824/824/824

f 838/838/838 834/834/834 836/836/836

f 846/846/846 165/165/165 840/840/840

f 165/165/165 841/841/841 840/840/840

f 828/828/828 2659/2659/2659 841/841/841

f 840/840/840 841/841/841 2659/2659/2659

f 844/844/844 842/842/842 843/843/843

f 828/828/828 2646/2646/2646 2659/2659/2659

f 844/844/844 843/843/843 143/143/143

f 845/845/845 831/831/831 832/832/832

f 832/832/832 823/823/823 845/845/845

f 814/814/814 826/826/826 827/827/827

f 848/848/848 849/849/849 847/847/847

f 817/817/817 850/850/850 851/851/851

f 852/852/852 853/853/853 854/854/854

f 847/847/847 855/855/855 835/835/835

f 855/855/855 89/89/89 835/835/835

f 823/823/823 827/827/827 845/845/845

f 855/855/855 847/847/847 872/872/872

f 854/854/854 857/857/857 856/856/856

f 857/857/857 158/158/158 856/856/856

f 857/857/857 854/854/854 853/853/853

f 858/858/858 851/851/851 850/850/850

f 847/847/847 859/859/859 848/848/848

f 851/851/851 858/858/858 861/861/861

f 858/858/858 863/863/863 861/861/861

f 859/859/859 847/847/847 860/860/860

f 860/860/860 847/847/847 835/835/835

f 865/865/865 859/859/859 860/860/860

f 856/856/856 158/158/158 82/82/82

f 856/856/856 852/852/852 854/854/854

f 82/82/82 866/866/866 856/856/856

f 852/852/852 856/856/856 866/866/866

f 872/872/872 847/847/847 849/849/849

f 848/848/848 834/834/834 849/849/849

f 857/857/857 862/862/862 158/158/158

f 861/861/861 863/863/863 867/867/867

f 835/835/835 194/194/194 860/860/860

f 860/860/860 194/194/194 864/864/864

f 860/860/860 864/864/864 865/865/865

f 851/851/851 818/818/818 817/817/817

f 869/869/869 853/853/853 852/852/852

f 821/821/821 853/853/853 869/869/869

f 89/89/89 855/855/855 870/870/870

f 871/871/871 82/82/82 165/165/165

f 866/866/866 82/82/82 871/871/871

f 849/849/849 839/839/839 872/872/872

f 849/849/849 834/834/834 839/839/839

f 866/866/866 869/869/869 852/852/852

f 866/866/866 822/822/822 869/869/869

f 869/869/869 822/822/822 821/821/821

f 873/873/873 156/156/156 155/155/155

f 156/156/156 873/873/873 868/868/868

f 867/867/867 863/863/863 874/874/874

f 874/874/874 863/863/863 875/875/875

f 844/844/844 143/143/143 142/142/142

f 838/838/838 855/855/855 872/872/872

f 838/838/838 870/870/870 855/855/855

f 877/877/877 183/183/183 167/167/167

f 832/832/832 838/838/838 836/836/836

f 839/839/839 838/838/838 872/872/872

f 870/870/870 838/838/838 832/832/832

f 832/832/832 833/833/833 870/870/870

f 822/822/822 866/866/866 846/846/846

f 822/822/822 846/846/846 821/821/821

f 871/871/871 846/846/846 866/866/866

f 165/165/165 846/846/846 871/871/871

f 877/877/877 876/876/876 878/878/878

f 879/879/879 880/880/880 881/881/881

f 882/882/882 879/879/879 881/881/881

f 883/883/883 884/884/884 885/885/885

f 886/886/886 887/887/887 3207/3207/3207

f 888/888/888 882/882/882 889/889/889

f 881/881/881 890/890/890 882/882/882

f 891/891/891 883/883/883 3204/3204/3204

f 1999/1999/1999 891/891/891 3204/3204/3204

f 892/892/892 893/893/893 894/894/894

f 893/893/893 892/892/892 895/895/895

f 891/891/891 1999/1999/1999 896/896/896

f 897/897/897 898/898/898 899/899/899

f 900/900/900 3687/3687/3687 901/901/901

f 902/902/902 903/903/903 899/899/899

f 904/904/904 905/905/905 906/906/906

f 896/896/896 907/907/907 891/891/891

f 898/898/898 897/897/897 908/908/908

f 896/896/896 1996/1996/1996 909/909/909

f 3687/3687/3687 913/913/913 910/910/910

f 911/911/911 910/910/910 912/912/912

f 3687/3687/3687 900/900/900 913/913/913

f 913/913/913 912/912/912 910/910/910

f 897/897/897 914/914/914 915/915/915

f 887/887/887 886/886/886 916/916/916

f 884/884/884 883/883/883 891/891/891

f 917/917/917 882/882/882 888/888/888

f 891/891/891 918/918/918 884/884/884

f 882/882/882 917/917/917 879/879/879

f 887/887/887 916/916/916 919/919/919

f 920/920/920 919/919/919 916/916/916

f 922/922/922 921/921/921 917/917/917

f 917/917/917 921/921/921 879/879/879

f 904/904/904 906/906/906 923/923/923

f 899/899/899 903/903/903 924/924/924

f 900/900/900 925/925/925 926/926/926

f 927/927/927 928/928/928 924/924/924

f 918/918/918 891/891/891 907/907/907

f 914/914/914 897/897/897 929/929/929

f 913/913/913 900/900/900 926/926/926

f 913/913/913 931/931/931 912/912/912

f 918/918/918 907/907/907 932/932/932

f 920/920/920 933/933/933 919/919/919

f 934/934/934 879/879/879 921/921/921

f 918/918/918 932/932/932 935/935/935

f 929/929/929 928/928/928 914/914/914

f 931/931/931 913/913/913 930/930/930

f 928/928/928 929/929/929 924/924/924

f 930/930/930 913/913/913 926/926/926

f 936/936/936 937/937/937 938/938/938

f 939/939/939 940/940/940 941/941/941

f 924/924/924 897/897/897 899/899/899

f 923/923/923 906/906/906 893/893/893

f 942/942/942 943/943/943 948/948/948

f 944/944/944 945/945/945 946/946/946

f 947/947/947 944/944/944 946/946/946

f 3000/3000/3000 948/948/948 943/943/943

f 942/942/942 948/948/948 949/949/949

f 945/945/945 950/950/950 946/946/946

f 951/951/951 947/947/947 952/952/952

f 947/947/947 946/946/946 952/952/952

f 893/893/893 895/895/895 923/923/923

f 937/937/937 953/953/953 954/954/954

f 953/953/953 955/955/955 954/954/954

f 953/953/953 937/937/937 936/936/936

f 955/955/955 953/953/953 956/956/956

f 960/960/960 959/959/959 957/957/957

f 897/897/897 924/924/924 929/929/929

f 956/956/956 958/958/958 955/955/955

f 965/965/965 3000/3000/3000 967/967/967

f 3000/3000/3000 965/965/965 948/948/948

f 949/949/949 948/948/948 965/965/965

f 956/956/956 953/953/953 961/961/961

f 936/936/936 961/961/961 953/953/953

f 967/967/967 3000/3000/3000 951/951/951

f 950/950/950 963/963/963 962/962/962

f 966/966/966 962/962/962 963/963/963

f 966/966/966 968/968/968 962/962/962

f 946/946/946 962/962/962 952/952/952

f 946/946/946 950/950/950 962/962/962

f 964/964/964 952/952/952 962/962/962

f 952/952/952 964/964/964 951/951/951

f 951/951/951 964/964/964 967/967/967

f 969/969/969 970/970/970 971/971/971

f 972/972/972 973/973/973 974/974/974

f 973/973/973 972/972/972 992/992/992

f 975/975/975 976/976/976 979/979/979

f 978/978/978 977/977/977 980/980/980

f 1000/1000/1000 979/979/979 1006/1006/1006

f 981/981/981 982/982/982 983/983/983

f 984/984/984 981/981/981 983/983/983

f 985/985/985 986/986/986 987/987/987

f 979/979/979 976/976/976 1006/1006/1006

f 989/989/989 987/987/987 988/988/988

f 987/987/987 989/989/989 985/985/985

f 990/990/990 1000/1000/1000 991/991/991

f 1040/1040/1040 983/983/983 982/982/982

f 972/972/972 980/980/980 992/992/992

f 1000/1000/1000 993/993/993 994/994/994

f 995/995/995 996/996/996 1017/1017/1017

f 997/997/997 1038/1038/1038 1008/1008/1008

f 1040/1040/1040 998/998/998 1039/1039/1039

f 988/988/988 999/999/999 989/989/989

f 996/996/996 995/995/995 1001/1001/1001

f 999/999/999 988/988/988 1002/1002/1002

f 1003/1003/1003 1038/1038/1038 997/997/997

f 998/998/998 1040/1040/1040 1004/1004/1004

f 1005/1005/1005 1006/1006/1006 1007/1007/1007

f 980/980/980 977/977/977 992/992/992

f 1025/1025/1025 981/981/981 984/984/984

f 1008/1008/1008 1038/1038/1038 970/970/970

f 1009/1009/1009 1010/1010/1010 1011/1011/1011

f 1028/1028/1028 1012/1012/1012 1013/1013/1013

f 1013/1013/1013 1014/1014/1014 1028/1028/1028

f 1015/1015/1015 976/976/976 975/975/975

f 1006/1006/1006 1005/1005/1005 1000/1000/1000

f 993/993/993 1000/1000/1000 1005/1005/1005

f 1008/1008/1008 970/970/970 969/969/969

f 991/991/991 1000/1000/1000 994/994/994

f 1017/1017/1017 1016/1016/1016 995/995/995

f 1019/1019/1019 1023/1023/1023 1018/1018/1018

f 1023/1023/1023 1019/1019/1019 1021/1021/1021

f 1001/1001/1001 1022/1022/1022 996/996/996

f 1007/1007/1007 1024/1024/1024 1005/1005/1005

f 1026/1026/1026 1023/1023/1023 1021/1021/1021

f 975/975/975 1027/1027/1027 1015/1015/1015

f 1014/1014/1014 1029/1029/1029 1028/1028/1028

f 999/999/999 1002/1002/1002 1029/1029/1029

f 999/999/999 1029/1029/1029 1014/1014/1014

f 1007/1007/1007 1015/1015/1015 1024/1024/1024

f 1004/1004/1004 1030/1030/1030 1031/1031/1031

f 1003/1003/1003 1032/1032/1032 1033/1033/1033

f 1034/1034/1034 1019/1019/1019 1018/1018/1018

f 1019/1019/1019 1034/1034/1034 1035/1035/1035

f 1032/1032/1032 997/997/997 1036/1036/1036

f 1037/1037/1037 1031/1031/1031 1020/1020/1020

f 1032/1032/1032 1003/1003/1003 997/997/997

f 1031/1031/1031 1037/1037/1037 998/998/998

f 1031/1031/1031 998/998/998 1004/1004/1004

f 983/983/983 1040/1040/1040 1039/1039/1039

f 1027/1027/1027 975/975/975 1041/1041/1041

f 1020/1020/1020 981/981/981 1025/1025/1025

f 1020/1020/1020 1025/1025/1025 1037/1037/1037

f 1024/1024/1024 1015/1015/1015 1027/1027/1027

f 975/975/975 979/979/979 1042/1042/1042

f 982/982/982 981/981/981 1061/1061/1061

f 975/975/975 1042/1042/1042 1043/1043/1043

f 978/978/978 1058/1058/1058 1044/1044/1044

f 1058/1058/1058 1045/1045/1045 1046/1046/1046

f 1058/1058/1058 1046/1046/1046 1044/1044/1044

f 1047/1047/1047 975/975/975 1043/1043/1043

f 975/975/975 1047/1047/1047 1048/1048/1048

f 1049/1049/1049 1060/1060/1060 1050/1050/1050

f 1051/1051/1051 1059/1059/1059 1052/1052/1052

f 1053/1053/1053 1049/1049/1049 1050/1050/1050

f 1055/1055/1055 1056/1056/1056 1057/1057/1057

f 1050/1050/1050 1060/1060/1060 1058/1058/1058

f 1058/1058/1058 1060/1060/1060 1045/1045/1045

f 1061/1061/1061 1094/1094/1094 1055/1055/1055

f 1063/1063/1063 1041/1041/1041 975/975/975

f 1062/1062/1062 1064/1064/1064 1059/1059/1059

f 1052/1052/1052 1054/1054/1054 1051/1051/1051

f 1055/1055/1055 1094/1094/1094 1056/1056/1056

f 1067/1067/1067 1065/1065/1065 1068/1068/1068

f 1069/1069/1069 1070/1070/1070 1071/1071/1071

f 1066/1066/1066 1065/1065/1065 1067/1067/1067

f 1069/1069/1069 3626/3626/3626 1070/1070/1070

f 1072/1072/1072 1073/1073/1073 3572/3572/3572

f 1094/1094/1094 1074/1074/1074 1056/1056/1056

f 1094/1094/1094 1061/1061/1061 1075/1075/1075

f 1076/1076/1076 1094/1094/1094 1075/1075/1075

f 1077/1077/1077 1078/1078/1078 1079/1079/1079

f 1080/1080/1080 1048/1048/1048 1047/1047/1047

f 1071/1071/1071 1081/1081/1081 1082/1082/1082

f 1083/1083/1083 1064/1064/1064 1062/1062/1062

f 1075/1075/1075 1061/1061/1061 1904/1904/1904

f 1077/1077/1077 1079/1079/1079 1084/1084/1084

f 1084/1084/1084 1079/1079/1079 1903/1903/1903

f 1085/1085/1085 1084/1084/1084 1903/1903/1903

f 1086/1086/1086 1065/1065/1065 1066/1066/1066

f 3625/3625/3625 1082/1082/1082 1081/1081/1081

f 1094/1094/1094 1087/1087/1087 1074/1074/1074

f 1088/1088/1088 1078/1078/1078 1077/1077/1077

f 1076/1076/1076 1089/1089/1089 1094/1094/1094

f 1059/1059/1059 1051/1051/1051 1090/1090/1090

f 1086/1086/1086 1066/1066/1066 1091/1091/1091

f 1092/1092/1092 1062/1062/1062 1059/1059/1059

f 1077/1077/1077 1093/1093/1093 1088/1088/1088

f 1095/1095/1095 1063/1063/1063 975/975/975

f 1090/1090/1090 1899/1899/1899 1059/1059/1059

f 1059/1059/1059 1096/1096/1096 1092/1092/1092

f 975/975/975 1048/1048/1048 1095/1095/1095

f 1093/1093/1093 1097/1097/1097 1088/1088/1088

f 1097/1097/1097 1093/1093/1093 1098/1098/1098

f 1099/1099/1099 1097/1097/1097 1098/1098/1098

f 1096/1096/1096 1100/1100/1100 1092/1092/1092

f 1101/1101/1101 1041/1041/1041 1063/1063/1063

f 1096/1096/1096 1059/1059/1059 1899/1899/1899

f 1089/1089/1089 1102/1102/1102 1094/1094/1094

f 1102/1102/1102 1089/1089/1089 1103/1103/1103

f 1895/1895/1895 1104/1104/1104 1026/1026/1026

f 1023/1023/1023 1026/1026/1026 1104/1104/1104

f 1105/1105/1105 1069/1069/1069 1071/1071/1071

f 1106/1106/1106 1107/1107/1107 1073/1073/1073

f 1069/1069/1069 1105/1105/1105 1108/1108/1108

f 1108/1108/1108 1115/1115/1115 1069/1069/1069

f 1105/1105/1105 1109/1109/1109 1108/1108/1108

f 1109/1109/1109 1105/1105/1105 1110/1110/1110

f 1111/1111/1111 1112/1112/1112 1107/1107/1107

f 1110/1110/1110 1113/1113/1113 1109/1109/1109

f 1082/1082/1082 1105/1105/1105 1071/1071/1071

f 3626/3626/3626 1069/1069/1069 1115/1115/1115

f 1073/1073/1073 1072/1072/1072 1106/1106/1106

f 1105/1105/1105 1082/1082/1082 1114/1114/1114

f 1082/1082/1082 3625/3625/3625 1121/1121/1121

f 1121/1121/1121 1114/1114/1114 1082/1082/1082

f 1108/1108/1108 1116/1116/1116 1115/1115/1115

f 1111/1111/1111 1107/1107/1107 1106/1106/1106

f 1117/1117/1117 2075/2075/2075 1118/1118/1118

f 2075/2075/2075 1117/1117/1117 1119/1119/1119

f 1118/1118/1118 1120/1120/1120 1117/1117/1117

f 1113/1113/1113 2059/2059/2059 1116/1116/1116

f 1110/1110/1110 1117/1117/1117 1120/1120/1120

f 1113/1113/1113 1110/1110/1110 1120/1120/1120

f 1116/1116/1116 1109/1109/1109 1113/1113/1113

f 1116/1116/1116 1108/1108/1108 1109/1109/1109

f 1114/1114/1114 1119/1119/1119 1117/1117/1117

f 1119/1119/1119 1114/1114/1114 1121/1121/1121

f 1117/1117/1117 1105/1105/1105 1114/1114/1114

f 1105/1105/1105 1117/1117/1117 1110/1110/1110

f 1125/1125/1125 1126/1126/1126 1124/1124/1124

f 1127/1127/1127 1128/1128/1128 1129/1129/1129

f 606/606/606 1130/1130/1130 1131/1131/1131

f 1134/1134/1134 1135/1135/1135 1136/1136/1136

f 1137/1137/1137 1183/1183/1183 1138/1138/1138

f 1139/1139/1139 596/596/596 504/504/504

f 1140/1140/1140 1135/1135/1135 1134/1134/1134

f 1142/1142/1142 1126/1126/1126 1125/1125/1125

f 1128/1128/1128 1127/1127/1127 1145/1145/1145

f 1144/1144/1144 606/606/606 1131/1131/1131

f 1123/1123/1123 1122/1122/1122 1145/1145/1145

f 1146/1146/1146 1124/1124/1124 1132/1132/1132

f 607/607/607 1140/1140/1140 605/605/605

f 1132/1132/1132 1124/1124/1124 1126/1126/1126

f 1125/1125/1125 1148/1148/1148 1142/1142/1142

f 1148/1148/1148 1164/1164/1164 1142/1142/1142

f 1143/1143/1143 1139/1139/1139 504/504/504

f 1145/1145/1145 1127/1127/1127 1123/1123/1123

f 1133/1133/1133 1132/1132/1132 1126/1126/1126

f 537/537/537 540/540/540 1149/1149/1149

f 1150/1150/1150 537/537/537 1149/1149/1149

f 1151/1151/1151 537/537/537 1150/1150/1150

f 537/537/537 1151/1151/1151 1152/1152/1152

f 1153/1153/1153 1180/1180/1180 1150/1150/1150

f 1150/1150/1150 1154/1154/1154 1151/1151/1151

f 1152/1152/1152 1151/1151/1151 1154/1154/1154

f 1134/1134/1134 1136/1136/1136 1156/1156/1156

f 1136/1136/1136 516/516/516 1156/1156/1156

f 1154/1154/1154 1150/1150/1150 1180/1180/1180

f 1157/1157/1157 1158/1158/1158 1159/1159/1159

f 1160/1160/1160 1133/1133/1133 1161/1161/1161

f 1126/1126/1126 1147/1147/1147 1133/1133/1133

f 1162/1162/1162 1133/1133/1133 1160/1160/1160

f 1133/1133/1133 1147/1147/1147 1161/1161/1161

f 537/537/537 1152/1152/1152 536/536/536

f 1152/1152/1152 1163/1163/1163 536/536/536

f 1147/1147/1147 1142/1142/1142 1164/1164/1164

f 1126/1126/1126 1142/1142/1142 1147/1147/1147

f 1152/1152/1152 1165/1165/1165 1163/1163/1163

f 1150/1150/1150 1149/1149/1149 1153/1153/1153

f 1154/1154/1154 1166/1166/1166 1152/1152/1152

f 1145/1145/1145 1122/1122/1122 1167/1167/1167

f 1172/1172/1172 1147/1147/1147 1164/1164/1164

f 1166/1166/1166 1165/1165/1165 1152/1152/1152

f 1173/1173/1173 1168/1168/1168 1169/1169/1169

f 1170/1170/1170 1171/1171/1171 1172/1172/1172

f 1175/1175/1175 519/519/519 559/559/559

f 1167/1167/1167 1122/1122/1122 1176/1176/1176

f 1177/1177/1177 1178/1178/1178 1166/1166/1166

f 1179/1179/1179 1175/1175/1175 559/559/559

f 612/612/612 1155/1155/1155 642/642/642

f 1178/1178/1178 1165/1165/1165 1166/1166/1166

f 1162/1162/1162 1132/1132/1132 1133/1133/1133

f 1130/1130/1130 606/606/606 615/615/615

f 1161/1161/1161 1147/1147/1147 1172/1172/1172

f 1172/1172/1172 1171/1171/1171 1183/1183/1183

f 1166/1166/1166 1159/1159/1159 1177/1177/1177

f 1161/1161/1161 1172/1172/1172 1183/1183/1183

f 1173/1173/1173 1174/1174/1174 1168/1168/1168

f 1154/1154/1154 1159/1159/1159 1166/1166/1166

f 1184/1184/1184 1185/1185/1185 1173/1173/1173

f 1181/1181/1181 1160/1160/1160 1186/1186/1186

f 1180/1180/1180 1182/1182/1182 1187/1187/1187

f 1169/1169/1169 1168/1168/1168 1190/1190/1190

f 1191/1191/1191 1192/1192/1192 1188/1188/1188

f 1191/1191/1191 1188/1188/1188 1193/1193/1193

f 1186/1186/1186 1161/1161/1161 1183/1183/1183

f 1154/1154/1154 1187/1187/1187 1159/1159/1159

f 1173/1173/1173 1189/1189/1189 1174/1174/1174

f 1193/1193/1193 1189/1189/1189 1173/1173/1173

f 1161/1161/1161 1186/1186/1186 1160/1160/1160

f 1193/1193/1193 1188/1188/1188 1189/1189/1189

f 1187/1187/1187 1154/1154/1154 1180/1180/1180

f 1194/1194/1194 1195/1195/1195 1196/1196/1196

f 1194/1194/1194 1197/1197/1197 1195/1195/1195

f 1194/1194/1194 1196/1196/1196 1174/1174/1174

f 1199/1199/1199 1198/1198/1198 1200/1200/1200

f 1445/1445/1445 1201/1201/1201 1482/1482/1482

f 1202/1202/1202 1203/1203/1203 1482/1482/1482

f 1204/1204/1204 1205/1205/1205 1221/1221/1221

f 1206/1206/1206 1201/1201/1201 1445/1445/1445

f 1205/1205/1205 1204/1204/1204 1207/1207/1207

f 1208/1208/1208 1204/1204/1204 1209/1209/1209

f 1204/1204/1204 1208/1208/1208 1207/1207/1207

f 1211/1211/1211 1210/1210/1210 1212/1212/1212

f 1213/1213/1213 1214/1214/1214 1215/1215/1215

f 1216/1216/1216 1209/1209/1209 1204/1204/1204

f 1216/1216/1216 1204/1204/1204 1217/1217/1217

f 1201/1201/1201 1206/1206/1206 1218/1218/1218

f 1204/1204/1204 1221/1221/1221 1217/1217/1217

f 1219/1219/1219 1216/1216/1216 1217/1217/1217

f 1222/1222/1222 1209/1209/1209 1216/1216/1216

f 1219/1219/1219 1222/1222/1222 1216/1216/1216

f 1245/1245/1245 1219/1219/1219 1217/1217/1217

f 1221/1221/1221 1245/1245/1245 1217/1217/1217

f 1207/1207/1207 2662/2662/2662 1205/1205/1205

f 2662/2662/2662 2679/2679/2679 1205/1205/1205

f 1205/1205/1205 1226/1226/1226 1221/1221/1221

f 1228/1228/1228 1227/1227/1227 1229/1229/1229

f 1227/1227/1227 1230/1230/1230 1233/1233/1233

f 1226/1226/1226 1231/1231/1231 1221/1221/1221

f 1234/1234/1234 1231/1231/1231 1226/1226/1226

f 1233/1233/1233 1230/1230/1230 1232/1232/1232

f 1236/1236/1236 1237/1237/1237 1238/1238/1238

f 1227/1227/1227 1228/1228/1228 1235/1235/1235

f 1229/1229/1229 3314/3314/3314 1228/1228/1228

f 1227/1227/1227 1235/1235/1235 1230/1230/1230

f 1235/1235/1235 1239/1239/1239 1230/1230/1230

f 1240/1240/1240 1241/1241/1241 1242/1242/1242

f 1224/1224/1224 1243/1243/1243 1244/1244/1244

f 1243/1243/1243 1223/1223/1223 1244/1244/1244

f 1246/1246/1246 1245/1245/1245 1222/1222/1222

f 1247/1247/1247 1222/1222/1222 1245/1245/1245

f 1210/1210/1210 1211/1211/1211 1225/1225/1225

f 1243/1243/1243 1247/1247/1247 1245/1245/1245

f 1243/1243/1243 1245/1245/1245 1223/1223/1223

f 1203/1203/1203 1202/1202/1202 1215/1215/1215

f 1242/1242/1242 1249/1249/1249 1240/1240/1240

f 1240/1240/1240 1250/1250/1250 1241/1241/1241

f 1224/1224/1224 1221/1221/1221 1231/1231/1231

f 1231/1231/1231 1234/1234/1234 1251/1251/1251

f 1231/1231/1231 1243/1243/1243 1224/1224/1224

f 1252/1252/1252 1243/1243/1243 1231/1231/1231

f 1251/1251/1251 1252/1252/1252 1231/1231/1231

f 1482/1482/1482 1201/1201/1201 1202/1202/1202

f 1215/1215/1215 1202/1202/1202 1213/1213/1213

f 1254/1254/1254 1253/1253/1253 1255/1255/1255

f 1202/1202/1202 1220/1220/1220 1213/1213/1213

f 1220/1220/1220 1202/1202/1202 1201/1201/1201

f 1209/1209/1209 1222/1222/1222 1248/1248/1248

f 1246/1246/1246 1219/1219/1219 1245/1245/1245

f 1222/1222/1222 1219/1219/1219 1246/1246/1246

f 1221/1221/1221 1223/1223/1223 1245/1245/1245

f 1221/1221/1221 1244/1244/1244 1223/1223/1223

f 1244/1244/1244 1221/1221/1221 1224/1224/1224

f 1247/1247/1247 1248/1248/1248 1222/1222/1222

f 1218/1218/1218 1220/1220/1220 1201/1201/1201

f 1257/1257/1257 1258/1258/1258 1263/1263/1263

f 1257/1257/1257 1261/1261/1261 1258/1258/1258

f 1262/1262/1262 1263/1263/1263 1264/1264/1264

f 1262/1262/1262 1264/1264/1264 1265/1265/1265

f 1266/1266/1266 1289/1289/1289 1267/1267/1267

f 1269/1269/1269 1259/1259/1259 1268/1268/1268

f 1258/1258/1258 1271/1271/1271 1263/1263/1263

f 1270/1270/1270 1263/1263/1263 1271/1271/1271

f 1264/1264/1264 1272/1272/1272 1273/1273/1273

f 1263/1263/1263 1270/1270/1270 1264/1264/1264

f 1264/1264/1264 1273/1273/1273 1265/1265/1265

f 1274/1274/1274 1275/1275/1275 1265/1265/1265

f 1276/1276/1276 1277/1277/1277 1278/1278/1278

f 1279/1279/1279 1317/1317/1317 1280/1280/1280

f 1280/1280/1280 1281/1281/1281 1260/1260/1260

f 1282/1282/1282 1317/1317/1317 1279/1279/1279

f 1269/1269/1269 1279/1279/1279 1280/1280/1280

f 1260/1260/1260 1259/1259/1259 1280/1280/1280

f 1269/1269/1269 1280/1280/1280 1259/1259/1259

f 1283/1283/1283 1292/1292/1292 1284/1284/1284

f 1284/1284/1284 1285/1285/1285 1283/1283/1283

f 1265/1265/1265 1273/1273/1273 1274/1274/1274

f 1277/1277/1277 1276/1276/1276 1282/1282/1282

f 1287/1287/1287 1286/1286/1286 1288/1288/1288

f 1288/1288/1288 1290/1290/1290 1287/1287/1287

f 1289/1289/1289 1290/1290/1290 1291/1291/1291

f 1294/1294/1294 1293/1293/1293 1295/1295/1295

f 1292/1292/1292 1295/1295/1295 1293/1293/1293

f 1291/1291/1291 1290/1290/1290 1294/1294/1294

f 1290/1290/1290 1288/1288/1288 1296/1296/1296

f 1300/1300/1300 1297/1297/1297 1298/1298/1298

f 1294/1294/1294 1290/1290/1290 1296/1296/1296

f 1257/1257/1257 1299/1299/1299 1261/1261/1261

f 1297/1297/1297 1300/1300/1300 1301/1301/1301

f 1298/1298/1298 1302/1302/1302 1300/1300/1300

f 1301/1301/1301 1296/1296/1296 1297/1297/1297

f 1296/1296/1296 1301/1301/1301 1294/1294/1294

f 1261/1261/1261 1271/1271/1271 1258/1258/1258

f 1271/1271/1271 1303/1303/1303 1270/1270/1270

f 1270/1270/1270 1304/1304/1304 1264/1264/1264

f 1305/1305/1305 1273/1273/1273 1272/1272/1272

f 1264/1264/1264 1305/1305/1305 1272/1272/1272

f 1306/1306/1306 1274/1274/1274 1273/1273/1273

f 1267/1267/1267 1289/1289/1289 1291/1291/1291

f 1299/1299/1299 1307/1307/1307 1261/1261/1261

f 1295/1295/1295 1292/1292/1292 1283/1283/1283

f 1318/1318/1318 1308/1308/1308 1309/1309/1309

f 1270/1270/1270 1303/1303/1303 1304/1304/1304

f 1271/1271/1271 1261/1261/1261 1303/1303/1303

f 1305/1305/1305 1264/1264/1264 1304/1304/1304

f 1316/1316/1316 1310/1310/1310 1311/1311/1311

f 1312/1312/1312 1282/1282/1282 1276/1276/1276

f 1273/1273/1273 1305/1305/1305 1313/1313/1313

f 1273/1273/1273 1313/1313/1313 1306/1306/1306

f 1303/1303/1303 1261/1261/1261 1304/1304/1304

f 1313/1313/1313 1305/1305/1305 1304/1304/1304

f 1261/1261/1261 1314/1314/1314 1304/1304/1304

f 1304/1304/1304 1314/1314/1314 1313/1313/1313

f 1313/1313/1313 1314/1314/1314 1306/1306/1306

f 1276/1276/1276 1315/1315/1315 1312/1312/1312

f 1282/1282/1282 1312/1312/1312 1317/1317/1317

f 1281/1281/1281 1280/1280/1280 1317/1317/1317

f 1307/1307/1307 1314/1314/1314 1261/1261/1261

f 1317/1317/1317 1312/1312/1312 1308/1308/1308

f 1317/1317/1317 1318/1318/1318 1281/1281/1281

f 1317/1317/1317 1308/1308/1308 1318/1318/1318

f 1312/1312/1312 1316/1316/1316 1308/1308/1308

f 1316/1316/1316 1309/1309/1309 1308/1308/1308

f 1310/1310/1310 1316/1316/1316 1312/1312/1312

f 1309/1309/1309 1316/1316/1316 1471/1471/1471

f 1310/1310/1310 1312/1312/1312 1315/1315/1315

f 1349/1349/1349 324/324/324 2386/2386/2386

f 1321/1321/1321 1320/1320/1320 1319/1319/1319

f 1322/1322/1322 1319/1319/1319 1323/1323/1323

f 1324/1324/1324 1323/1323/1323 1319/1319/1319

f 1322/1322/1322 2908/2908/2908 1319/1319/1319

f 349/349/349 2386/2386/2386 324/324/324

f 1322/1322/1322 1323/1323/1323 1326/1326/1326

f 1326/1326/1326 1325/1325/1325 1322/1322/1322

f 1327/1327/1327 1328/1328/1328 1322/1322/1322

f 1329/1329/1329 1330/1330/1330 1331/1331/1331

f 1329/1329/1329 1331/1331/1331 1336/1336/1336

f 1332/1332/1332 1333/1333/1333 1329/1329/1329

f 1334/1334/1334 1332/1332/1332 1335/1335/1335

f 1336/1336/1336 1332/1332/1332 1329/1329/1329

f 1332/1332/1332 1336/1336/1336 1335/1335/1335

f 1324/1324/1324 1319/1319/1319 1320/1320/1320

f 1320/1320/1320 1321/1321/1321 1338/1338/1338

f 633/633/633 2375/2375/2375 1337/1337/1337

f 1320/1320/1320 1338/1338/1338 1339/1339/1339

f 1339/1339/1339 1324/1324/1324 1320/1320/1320

f 1323/1323/1323 1324/1324/1324 1340/1340/1340

f 1324/1324/1324 1339/1339/1339 1340/1340/1340

f 1327/1327/1327 1322/1322/1322 1325/1325/1325

f 1325/1325/1325 1326/1326/1326 1341/1341/1341

f 1325/1325/1325 1341/1341/1341 1361/1361/1361

f 1342/1342/1342 1343/1343/1343 1344/1344/1344

f 1345/1345/1345 1343/1343/1343 1342/1342/1342

f 1319/1319/1319 1334/1334/1334 1321/1321/1321

f 2919/2919/2919 1344/1344/1344 1346/1346/1346

f 1344/1344/1344 2919/2919/2919 1347/1347/1347

f 1344/1344/1344 1347/1347/1347 1342/1342/1342

f 1342/1342/1342 2918/2918/2918 1348/1348/1348

f 1334/1334/1334 1319/1319/1319 1333/1333/1333

f 1332/1332/1332 1334/1334/1334 1333/1333/1333

f 2918/2918/2918 1342/1342/1342 1347/1347/1347

f 1330/1330/1330 1329/1329/1329 1333/1333/1333

f 1349/1349/1349 1350/1350/1350 618/618/618

f 1351/1351/1351 1352/1352/1352 1353/1353/1353

f 1354/1354/1354 1352/1352/1352 1351/1351/1351

f 1355/1355/1355 1356/1356/1356 1357/1357/1357

f 1358/1358/1358 1356/1356/1356 1355/1355/1355

f 1370/1370/1370 1353/1353/1353 1359/1359/1359

f 1353/1353/1353 1361/1361/1361 1351/1351/1351

f 1351/1351/1351 1341/1341/1341 1360/1360/1360

f 1353/1353/1353 1370/1370/1370 1361/1361/1361

f 1341/1341/1341 1351/1351/1351 1361/1361/1361

f 1340/1340/1340 1357/1357/1357 1362/1362/1362

f 1357/1357/1357 1339/1339/1339 1355/1355/1355

f 1355/1355/1355 1338/1338/1338 1363/1363/1363

f 1357/1357/1357 1340/1340/1340 1339/1339/1339

f 1338/1338/1338 1355/1355/1355 1339/1339/1339

f 1349/1349/1349 618/618/618 617/617/617

f 1364/1364/1364 1365/1365/1365 1366/1366/1366

f 1367/1367/1367 1365/1365/1365 1364/1364/1364

f 1335/1335/1335 1366/1366/1366 1368/1368/1368

f 1366/1366/1366 1336/1336/1336 1364/1364/1364

f 1366/1366/1366 1335/1335/1335 1336/1336/1336

f 1364/1364/1364 1331/1331/1331 1369/1369/1369

f 1331/1331/1331 1364/1364/1364 1336/1336/1336

f 1327/1327/1327 1361/1361/1361 1370/1370/1370

f 1361/1361/1361 1327/1327/1327 1325/1325/1325

f 1328/1328/1328 1327/1327/1327 1370/1370/1370

f 1371/1371/1371 1403/1403/1403 1372/1372/1372

f 1373/1373/1373 1374/1374/1374 1375/1375/1375

f 1379/1379/1379 1380/1380/1380 1381/1381/1381

f 1382/1382/1382 1383/1383/1383 1384/1384/1384

f 1379/1379/1379 1385/1385/1385 1380/1380/1380

f 3771/3771/3771 1380/1380/1380 1385/1385/1385

f 1391/1391/1391 1392/1392/1392 1393/1393/1393

f 1380/1380/1380 3771/3771/3771 1394/1394/1394

f 1373/1373/1373 1396/1396/1396 1397/1397/1397

f 1405/1405/1405 1399/1399/1399 1398/1398/1398

f 1401/1401/1401 1402/1402/1402 1403/1403/1403

f 1431/1431/1431 1404/1404/1404 1400/1400/1400

f 1408/1408/1408 1409/1409/1409 1410/1410/1410

f 1396/1396/1396 1407/1407/1407 1397/1397/1397

f 1411/1411/1411 1390/1390/1390 1412/1412/1412

f 1413/1413/1413 1414/1414/1414 1415/1415/1415

f 1390/1390/1390 1405/1405/1405 1388/1388/1388

f 1396/1396/1396 1417/1417/1417 1407/1407/1407

f 3430/3430/3430 1404/1404/1404 3436/3436/3436

f 1400/1400/1400 3430/3430/3430 1389/1389/1389

f 1387/1387/1387 1398/1398/1398 2605/2605/2605

f 1419/1419/1419 1420/1420/1420 1421/1421/1421

f 1395/1395/1395 1422/1422/1422 1376/1376/1376

f 1374/1374/1374 1373/1373/1373 1397/1397/1397

f 1419/1419/1419 1421/1421/1421 1418/1418/1418

f 1423/1423/1423 1424/1424/1424 1418/1418/1418

f 1426/1426/1426 1393/1393/1393 1392/1392/1392

f 1407/1407/1407 1427/1427/1427 1422/1422/1422

f 1428/1428/1428 1431/1431/1431 1400/1400/1400

f 1372/1372/1372 1403/1403/1403 1402/1402/1402

f 1406/1406/1406 1405/1405/1405 1411/1411/1411

f 3442/3442/3442 1431/1431/1431 1428/1428/1428

f 1409/1409/1409 1407/1407/1407 1416/1416/1416

f 1407/1407/1407 1417/1417/1417 1416/1416/1416

f 1383/1383/1383 1429/1429/1429 1384/1384/1384

f 1422/1422/1422 1395/1395/1395 1407/1407/1407

f 1427/1427/1427 1407/1407/1407 1433/1433/1433

f 1398/1398/1398 1387/1387/1387 1405/1405/1405

f 1410/1410/1410 1409/1409/1409 1416/1416/1416

f 1388/1388/1388 1405/1405/1405 1387/1387/1387

f 1400/1400/1400 1404/1404/1404 3430/3430/3430

f 1413/1413/1413 1430/1430/1430 1414/1414/1414

f 1390/1390/1390 1411/1411/1411 1405/1405/1405

f 1240/1240/1240 1434/1434/1434 1250/1250/1250

f 1240/1240/1240 1256/1256/1256 1434/1434/1434

f 1436/1436/1436 1513/1513/1513 1435/1435/1435

f 1513/1513/1513 1436/1436/1436 1437/1437/1437

f 1438/1438/1438 1436/1436/1436 1435/1435/1435

f 1250/1250/1250 1434/1434/1434 1446/1446/1446

f 1442/1442/1442 1447/1447/1447 1448/1448/1448

f 1449/1449/1449 1450/1450/1450 1451/1451/1451

f 1451/1451/1451 1450/1450/1450 1452/1452/1452

f 1441/1441/1441 1453/1453/1453 1440/1440/1440

f 1440/1440/1440 1453/1453/1453 1454/1454/1454

f 1438/1438/1438 1435/1435/1435 1457/1457/1457

f 1459/1459/1459 1456/1456/1456 1455/1455/1455

f 1460/1460/1460 1456/1456/1456 1459/1459/1459

f 1456/1456/1456 1460/1460/1460 1458/1458/1458

f 1461/1461/1461 1462/1462/1462 1459/1459/1459

f 1457/1457/1457 1463/1463/1463 1438/1438/1438

f 1455/1455/1455 1461/1461/1461 1459/1459/1459

f 1461/1461/1461 1455/1455/1455 1450/1450/1450

f 1466/1466/1466 1459/1459/1459 1462/1462/1462

f 1465/1465/1465 1464/1464/1464 1467/1467/1467

f 1468/1468/1468 1465/1465/1465 1467/1467/1467

f 1460/1460/1460 1459/1459/1459 1466/1466/1466

f 1480/1480/1480 1472/1472/1472 1470/1470/1470

f 1471/1471/1471 1469/1469/1469 1309/1309/1309

f 1483/1483/1483 1472/1472/1472 1480/1480/1480

f 1474/1474/1474 1475/1475/1475 1473/1473/1473

f 1474/1474/1474 1476/1476/1476 1475/1475/1475

f 1474/1474/1474 1477/1477/1477 1476/1476/1476

f 1472/1472/1472 1483/1483/1483 1484/1484/1484

f 1477/1477/1477 1474/1474/1474 1434/1434/1434

f 2660/2660/2660 1467/1467/1467 1439/1439/1439

f 1481/1481/1481 1439/1439/1439 1467/1467/1467

f 1467/1467/1467 2660/2660/2660 1468/1468/1468

f 2660/2660/2660 1445/1445/1445 1468/1468/1468

f 1468/1468/1468 1482/1482/1482 1465/1465/1465

f 1482/1482/1482 1203/1203/1203 1465/1465/1465

f 1468/1468/1468 1445/1445/1445 1482/1482/1482

f 1478/1478/1478 1485/1485/1485 1479/1479/1479

f 1206/1206/1206 1445/1445/1445 1487/1487/1487

f 1477/1477/1477 1434/1434/1434 1488/1488/1488

f 1485/1485/1485 1447/1447/1447 1489/1489/1489

f 1448/1448/1448 1478/1478/1478 1440/1440/1440

f 1478/1478/1478 1448/1448/1448 1447/1447/1447

f 1485/1485/1485 1478/1478/1478 1447/1447/1447

f 1447/1447/1447 1442/1442/1442 1489/1489/1489

f 1489/1489/1489 1442/1442/1442 1444/1444/1444

f 1441/1441/1441 1440/1440/1440 1478/1478/1478

f 1490/1490/1490 1478/1478/1478 1479/1479/1479

f 1441/1441/1441 1478/1478/1478 1490/1490/1490

f 1486/1486/1486 1483/1483/1483 1480/1480/1480

f 1256/1256/1256 1488/1488/1488 1434/1434/1434

f 1461/1461/1461 1449/1449/1449 1491/1491/1491

f 1463/1463/1463 1483/1483/1483 1486/1486/1486

f 1486/1486/1486 1438/1438/1438 1463/1463/1463

f 1467/1467/1467 1464/1464/1464 1481/1481/1481

f 1449/1449/1449 1461/1461/1461 1450/1450/1450

f 1491/1491/1491 1462/1462/1462 1461/1461/1461

f 1527/1527/1527 1492/1492/1492 1493/1493/1493

f 961/961/961 936/936/936 1492/1492/1492

f 1530/1530/1530 1495/1495/1495 1496/1496/1496

f 1492/1492/1492 1527/1527/1527 961/961/961

f 1497/1497/1497 1498/1498/1498 1519/1519/1519

f 1499/1499/1499 1494/1494/1494 1450/1450/1450

f 1500/1500/1500 1498/1498/1498 1499/1499/1499

f 1656/1656/1656 1530/1530/1530 1496/1496/1496

f 1527/1527/1527 956/956/956 961/961/961

f 1494/1494/1494 1499/1499/1499 1498/1498/1498

f 1497/1497/1497 1494/1494/1494 1498/1498/1498

f 1503/1503/1503 1504/1504/1504 1505/1505/1505

f 1494/1494/1494 1497/1497/1497 2152/2152/2152

f 1506/1506/1506 1494/1494/1494 2152/2152/2152

f 1450/1450/1450 1494/1494/1494 1506/1506/1506

f 1506/1506/1506 1452/1452/1452 1450/1450/1450

f 1516/1516/1516 1504/1504/1504 1503/1503/1503

f 1540/1540/1540 1502/1502/1502 2993/2993/2993

f 1504/1504/1504 1516/1516/1516 1508/1508/1508

f 1510/1510/1510 1455/1455/1455 1456/1456/1456

f 1456/1456/1456 1511/1511/1511 1510/1510/1510

f 1512/1512/1512 1493/1493/1493 1502/1502/1502

f 1515/1515/1515 1514/1514/1514 1500/1500/1500

f 1500/1500/1500 1510/1510/1510 1515/1515/1515

f 1515/1515/1515 1510/1510/1510 1518/1518/1518

f 1516/1516/1516 1520/1520/1520 1508/1508/1508

f 1519/1519/1519 1500/1500/1500 1514/1514/1514

f 1535/1535/1535 1448/1448/1448 3009/3009/3009

f 3003/3003/3003 1522/1522/1522 3009/3009/3009

f 1522/1522/1522 3003/3003/3003 1501/1501/1501

f 1499/1499/1499 1450/1450/1450 1455/1455/1455

f 957/957/957 959/959/959 1526/1526/1526

f 1502/1502/1502 1540/1540/1540 1512/1512/1512

f 1522/1522/1522 1501/1501/1501 1523/1523/1523

f 1524/1524/1524 3009/3009/3009 1522/1522/1522

f 1508/1508/1508 1533/1533/1533 1750/1750/1750

f 3009/3009/3009 1524/1524/1524 1535/1535/1535

f 1524/1524/1524 1522/1522/1522 1525/1525/1525

f 1523/1523/1523 1525/1525/1525 1522/1522/1522

f 1493/1493/1493 1512/1512/1512 1527/1527/1527

f 1521/1521/1521 1528/1528/1528 1496/1496/1496

f 1495/1495/1495 1521/1521/1521 1496/1496/1496

f 1517/1517/1517 1529/1529/1529 1528/1528/1528

f 1517/1517/1517 1528/1528/1528 1521/1521/1521

f 1499/1499/1499 1510/1510/1510 1500/1500/1500

f 1493/1493/1493 1492/1492/1492 1531/1531/1531

f 936/936/936 1531/1531/1531 1492/1492/1492

f 1520/1520/1520 1533/1533/1533 1508/1508/1508

f 936/936/936 938/938/938 1531/1531/1531

f 1507/1507/1507 1529/1529/1529 1517/1517/1517

f 1531/1531/1531 938/938/938 1534/1534/1534

f 1448/1448/1448 1535/1535/1535 1442/1442/1442

f 1442/1442/1442 1535/1535/1535 1443/1443/1443

f 1513/1513/1513 1437/1437/1437 1536/1536/1536

f 1536/1536/1536 1509/1509/1509 1513/1513/1513

f 1526/1526/1526 1537/1537/1537 957/957/957

f 1455/1455/1455 1510/1510/1510 1499/1499/1499

f 1498/1498/1498 1500/1500/1500 1519/1519/1519

f 1537/1537/1537 1526/1526/1526 1538/1538/1538

f 1537/1537/1537 1538/1538/1538 1539/1539/1539

f 1509/1509/1509 1536/1536/1536 1541/1541/1541

f 1541/1541/1541 1507/1507/1507 1509/1509/1509

f 1507/1507/1507 1541/1541/1541 1529/1529/1529

f 1544/1544/1544 1543/1543/1543 1542/1542/1542

f 1545/1545/1545 1546/1546/1546 1542/1542/1542

f 1543/1543/1543 1544/1544/1544 1549/1549/1549

f 1546/1546/1546 1545/1545/1545 810/810/810

f 1551/1551/1551 1548/1548/1548 1547/1547/1547

f 810/810/810 812/812/812 1546/1546/1546

f 787/787/787 1551/1551/1551 1552/1552/1552

f 1550/1550/1550 1549/1549/1549 1553/1553/1553

f 787/787/787 1552/1552/1552 1554/1554/1554

f 1549/1549/1549 1550/1550/1550 1543/1543/1543

f 1542/1542/1542 1546/1546/1546 1544/1544/1544

f 374/374/374 1555/1555/1555 1589/1589/1589

f 1556/1556/1556 1557/1557/1557 1558/1558/1558

f 1555/1555/1555 374/374/374 806/806/806

f 1559/1559/1559 1556/1556/1556 809/809/809

f 765/765/765 809/809/809 1556/1556/1556

f 1542/1542/1542 1559/1559/1559 1545/1545/1545

f 1559/1559/1559 1542/1542/1542 1557/1557/1557

f 1543/1543/1543 1557/1557/1557 1542/1542/1542

f 1543/1543/1543 1560/1560/1560 1557/1557/1557

f 1556/1556/1556 1559/1559/1559 1557/1557/1557

f 1560/1560/1560 1558/1558/1558 1557/1557/1557

f 1545/1545/1545 1559/1559/1559 810/810/810

f 809/809/809 810/810/810 1559/1559/1559

f 1550/1550/1550 1560/1560/1560 1543/1543/1543

f 1561/1561/1561 1562/1562/1562 1560/1560/1560

f 1562/1562/1562 1561/1561/1561 1563/1563/1563

f 1564/1564/1564 1553/1553/1553 1565/1565/1565

f 1566/1566/1566 1553/1553/1553 1564/1564/1564

f 1565/1565/1565 1567/1567/1567 1564/1564/1564

f 787/787/787 14/14/14 1551/1551/1551

f 1568/1568/1568 1574/1574/1574 1569/1569/1569

f 1570/1570/1570 1572/1572/1572 1565/1565/1565

f 33/33/33 1573/1573/1573 5/5/5

f 1571/1571/1571 1572/1572/1572 1570/1570/1570

f 8/8/8 5/5/5 1573/1573/1573

f 1553/1553/1553 1566/1566/1566 1550/1550/1550

f 1565/1565/1565 1572/1572/1572 1567/1567/1567

f 1575/1575/1575 1571/1571/1571 1576/1576/1576

f 1578/1578/1578 1571/1571/1571 1575/1575/1575

f 1576/1576/1576 1577/1577/1577 1575/1575/1575

f 14/14/14 1548/1548/1548 1551/1551/1551

f 1577/1577/1577 1573/1573/1573 1579/1579/1579

f 8/8/8 1573/1573/1573 1577/1577/1577

f 8/8/8 1576/1576/1576 25/25/25

f 14/14/14 1568/1568/1568 1548/1548/1548

f 1572/1572/1572 1571/1571/1571 1578/1578/1578

f 1577/1577/1577 1576/1576/1576 8/8/8

f 1566/1566/1566 1564/1564/1564 1580/1580/1580

f 1567/1567/1567 1580/1580/1580 1564/1564/1564

f 1567/1567/1567 1581/1581/1581 1580/1580/1580

f 1563/1563/1563 1566/1566/1566 1580/1580/1580

f 1563/1563/1563 1580/1580/1580 1582/1582/1582

f 1581/1581/1581 1582/1582/1582 1580/1580/1580

f 14/14/14 26/26/26 1574/1574/1574

f 1566/1566/1566 1561/1561/1561 1550/1550/1550

f 1568/1568/1568 14/14/14 1574/1574/1574

f 1550/1550/1550 1561/1561/1561 1560/1560/1560

f 1566/1566/1566 1563/1563/1563 1561/1561/1561

f 1583/1583/1583 1584/1584/1584 1582/1582/1582

f 1583/1583/1583 1582/1582/1582 1581/1581/1581

f 1583/1583/1583 1585/1585/1585 1584/1584/1584

f 1577/1577/1577 1579/1579/1579 1575/1575/1575

f 1578/1578/1578 1575/1575/1575 1579/1579/1579

f 1585/1585/1585 1578/1578/1578 1579/1579/1579

f 1585/1585/1585 1579/1579/1579 33/33/33

f 1573/1573/1573 33/33/33 1579/1579/1579

f 1572/1572/1572 1581/1581/1581 1567/1567/1567

f 1578/1578/1578 1583/1583/1583 1572/1572/1572

f 1572/1572/1572 1583/1583/1583 1581/1581/1581

f 1585/1585/1585 1583/1583/1583 1578/1578/1578

f 1586/1586/1586 806/806/806 1587/1587/1587

f 374/374/374 1589/1589/1589 1588/1588/1588

f 1555/1555/1555 806/806/806 1586/1586/1586

f 1558/1558/1558 1560/1560/1560 1562/1562/1562

f 1589/1589/1589 1555/1555/1555 1590/1590/1590

f 52/52/52 374/374/374 1588/1588/1588

f 60/60/60 1588/1588/1588 1591/1591/1591

f 60/60/60 52/52/52 1588/1588/1588

f 1614/1614/1614 1594/1594/1594 1595/1595/1595

f 1594/1594/1594 1614/1614/1614 1596/1596/1596

f 1599/1599/1599 1600/1600/1600 1601/1601/1601

f 1601/1601/1601 1603/1603/1603 1599/1599/1599

f 1603/1603/1603 1601/1601/1601 1598/1598/1598

f 1603/1603/1603 1598/1598/1598 1597/1597/1597

f 1603/1603/1603 1597/1597/1597 1604/1604/1604

f 1593/1593/1593 1615/1615/1615 1592/1592/1592

f 1593/1593/1593 1605/1605/1605 1606/1606/1606

f 1592/1592/1592 1617/1617/1617 1593/1593/1593

f 1607/1607/1607 1603/1603/1603 1604/1604/1604

f 1603/1603/1603 1607/1607/1607 1628/1628/1628

f 1608/1608/1608 1593/1593/1593 1617/1617/1617

f 1610/1610/1610 1593/1593/1593 1608/1608/1608

f 1593/1593/1593 1610/1610/1610 1605/1605/1605

f 1595/1595/1595 1609/1609/1609 1614/1614/1614

f 1605/1605/1605 1610/1610/1610 1611/1611/1611

f 1614/1614/1614 1612/1612/1612 1596/1596/1596

f 1614/1614/1614 1609/1609/1609 1613/1613/1613

f 1607/1607/1607 1592/1592/1592 1615/1615/1615

f 1614/1614/1614 1616/1616/1616 1612/1612/1612

f 1604/1604/1604 1592/1592/1592 1607/1607/1607

f 229/229/229 1618/1618/1618 1619/1619/1619

f 1618/1618/1618 229/229/229 228/228/228

f 228/228/228 1620/1620/1620 1618/1618/1618

f 1621/1621/1621 1622/1622/1622 1623/1623/1623

f 1620/1620/1620 1606/1606/1606 1618/1618/1618

f 1625/1625/1625 1626/1626/1626 1627/1627/1627

f 1625/1625/1625 1627/1627/1627 1629/1629/1629

f 1724/1724/1724 1630/1630/1630 1631/1631/1631

f 1632/1632/1632 1633/1633/1633 1634/1634/1634

f 1633/1633/1633 1632/1632/1632 1636/1636/1636

f 1624/1624/1624 1621/1621/1621 1635/1635/1635

f 1636/1636/1636 1635/1635/1635 1633/1633/1633

f 1624/1624/1624 1622/1622/1622 1621/1621/1621

f 1624/1624/1624 1638/1638/1638 1637/1637/1637

f 1639/1639/1639 1636/1636/1636 1632/1632/1632

f 1639/1639/1639 1640/1640/1640 1636/1636/1636

f 1641/1641/1641 1635/1635/1635 1636/1636/1636

f 1624/1624/1624 1635/1635/1635 1641/1641/1641

f 1607/1607/1607 1642/1642/1642 1628/1628/1628

f 1724/1724/1724 1628/1628/1628 1630/1630/1630

f 1642/1642/1642 1630/1630/1630 1628/1628/1628

f 1630/1630/1630 1642/1642/1642 1644/1644/1644

f 1645/1645/1645 1647/1647/1647 1648/1648/1648

f 1638/1638/1638 1645/1645/1645 1649/1649/1649

f 1647/1647/1647 1645/1645/1645 1646/1646/1646

f 1646/1646/1646 1645/1645/1645 1641/1641/1641

f 1647/1647/1647 1646/1646/1646 1650/1650/1650

f 1640/1640/1640 1639/1639/1639 1651/1651/1651

f 201/201/201 1630/1630/1630 1644/1644/1644

f 201/201/201 1644/1644/1644 202/202/202

f 1641/1641/1641 1636/1636/1636 1640/1640/1640

f 201/201/201 199/199/199 1652/1652/1652

f 1645/1645/1645 1624/1624/1624 1641/1641/1641

f 1638/1638/1638 1624/1624/1624 1645/1645/1645

f 1626/1626/1626 1653/1653/1653 1627/1627/1627

f 1654/1654/1654 1653/1653/1653 1626/1626/1626

f 1654/1654/1654 1626/1626/1626 1655/1655/1655

f 1501/1501/1501 1606/1606/1606 1605/1605/1605

f 1606/1606/1606 1501/1501/1501 2141/2141/2141

f 1620/1620/1620 1643/1643/1643 1615/1615/1615

f 1642/1642/1642 1607/1607/1607 1643/1643/1643

f 1643/1643/1643 1607/1607/1607 1615/1615/1615

f 1609/1609/1609 1602/1602/1602 1613/1613/1613

f 1604/1604/1604 1617/1617/1617 1592/1592/1592

f 1593/1593/1593 1620/1620/1620 1615/1615/1615

f 1620/1620/1620 1593/1593/1593 1606/1606/1606

f 1597/1597/1597 1617/1617/1617 1604/1604/1604

f 1530/1530/1530 1656/1656/1656 1602/1602/1602

f 1618/1618/1618 1606/1606/1606 1657/1657/1657

f 1602/1602/1602 1656/1656/1656 1613/1613/1613

f 1658/1658/1658 1659/1659/1659 1660/1660/1660

f 935/935/935 932/932/932 1723/1723/1723

f 1661/1661/1661 919/919/919 933/933/933

f 1663/1663/1663 1662/1662/1662 1659/1659/1659

f 1664/1664/1664 1665/1665/1665 1666/1666/1666

f 1669/1669/1669 1670/1670/1670 1671/1671/1671

f 1672/1672/1672 1671/1671/1671 1673/1673/1673

f 1672/1672/1672 1673/1673/1673 1674/1674/1674

f 1692/1692/1692 1675/1675/1675 1676/1676/1676

f 1664/1664/1664 1677/1677/1677 1681/1681/1681

f 1668/1668/1668 1667/1667/1667 1678/1678/1678

f 1676/1676/1676 1675/1675/1675 1679/1679/1679

f 1680/1680/1680 1668/1668/1668 1678/1678/1678

f 1671/1671/1671 1670/1670/1670 1673/1673/1673

f 1682/1682/1682 1679/1679/1679 1675/1675/1675

f 1683/1683/1683 1674/1674/1674 1673/1673/1673

f 3268/3268/3268 1679/1679/1679 1682/1682/1682

f 1684/1684/1684 1668/1668/1668 1680/1680/1680

f 1684/1684/1684 1685/1685/1685 1668/1668/1668

f 1681/1681/1681 1686/1686/1686 1687/1687/1687

f 1679/1679/1679 3268/3268/3268 1688/1688/1688

f 1689/1689/1689 1685/1685/1685 1684/1684/1684

f 1690/1690/1690 1691/1691/1691 1687/1687/1687

f 1666/1666/1666 1677/1677/1677 1664/1664/1664

f 1692/1692/1692 1694/1694/1694 1695/1695/1695

f 1675/1675/1675 1692/1692/1692 1693/1693/1693

f 1693/1693/1693 1692/1692/1692 1695/1695/1695

f 1671/1671/1671 1696/1696/1696 1669/1669/1669

f 1697/1697/1697 1698/1698/1698 1699/1699/1699

f 1695/1695/1695 1694/1694/1694 1700/1700/1700

f 1669/1669/1669 1696/1696/1696 1701/1701/1701

f 1699/1699/1699 1702/1702/1702 1697/1697/1697

f 1703/1703/1703 1701/1701/1701 1696/1696/1696

f 1712/1712/1712 1704/1704/1704 1705/1705/1705

f 1665/1665/1665 1706/1706/1706 1666/1666/1666

f 880/880/880 879/879/879 1706/1706/1706

f 1707/1707/1707 1706/1706/1706 1708/1708/1708

f 1709/1709/1709 1710/1710/1710 1711/1711/1711

f 1706/1706/1706 1707/1707/1707 1666/1666/1666

f 1712/1712/1712 1713/1713/1713 1704/1704/1704

f 1714/1714/1714 1715/1715/1715 1704/1704/1704

f 1716/1716/1716 925/925/925 1717/1717/1717

f 1709/1709/1709 1711/1711/1711 1718/1718/1718

f 1719/1719/1719 1716/1716/1716 1717/1717/1717

f 1704/1704/1704 1713/1713/1713 1714/1714/1714

f 1713/1713/1713 1720/1720/1720 1714/1714/1714

f 1706/1706/1706 879/879/879 934/934/934

f 1721/1721/1721 1722/1722/1722 1723/1723/1723

f 932/932/932 1725/1725/1725 1723/1723/1723

f 1723/1723/1723 1725/1725/1725 1721/1721/1721

f 1716/1716/1716 926/926/926 925/925/925

f 1722/1722/1722 1721/1721/1721 1726/1726/1726

f 1727/1727/1727 1698/1698/1698 1697/1697/1697

f 1750/1750/1750 1533/1533/1533 1728/1728/1728

f 960/960/960 1662/1662/1662 1663/1663/1663

f 1519/1519/1519 1724/1724/1724 1497/1497/1497

f 1532/1532/1532 1724/1724/1724 1519/1519/1519

f 1729/1729/1729 1730/1730/1730 1731/1731/1731

f 1732/1732/1732 1688/1688/1688 3268/3268/3268

f 1687/1687/1687 1664/1664/1664 1681/1681/1681

f 1691/1691/1691 1664/1664/1664 1687/1687/1687

f 1670/1670/1670 1733/1733/1733 1673/1673/1673

f 1683/1683/1683 1673/1673/1673 1734/1734/1734

f 1715/1715/1715 1714/1714/1714 1730/1730/1730

f 1730/1730/1730 1729/1729/1729 1715/1715/1715

f 1711/1711/1711 1735/1735/1735 1736/1736/1736

f 1737/1737/1737 1691/1691/1691 1745/1745/1745

f 1673/1673/1673 1733/1733/1733 1734/1734/1734

f 1738/1738/1738 1739/1739/1739 1732/1732/1732

f 1738/1738/1738 1740/1740/1740 1741/1741/1741

f 1739/1739/1739 1738/1738/1738 1741/1741/1741

f 1744/1744/1744 1732/1732/1732 1739/1739/1739

f 1743/1743/1743 1742/1742/1742 1689/1689/1689

f 1746/1746/1746 1743/1743/1743 1747/1747/1747

f 1743/1743/1743 1746/1746/1746 1742/1742/1742

f 1737/1737/1737 1745/1745/1745 1748/1748/1748

f 1691/1691/1691 1690/1690/1690 1749/1749/1749

f 1688/1688/1688 1732/1732/1732 1744/1744/1744

f 1742/1742/1742 1685/1685/1685 1689/1689/1689

f 1737/1737/1737 1664/1664/1664 1691/1691/1691

f 1659/1659/1659 1658/1658/1658 1663/1663/1663

f 1658/1658/1658 1660/1660/1660 1751/1751/1751

f 1750/1750/1750 1728/1728/1728 1751/1751/1751

f 1710/1710/1710 1735/1735/1735 1711/1711/1711

f 1628/1628/1628 1724/1724/1724 1603/1603/1603

f 960/960/960 957/957/957 1662/1662/1662

f 1751/1751/1751 1660/1660/1660 1750/1750/1750

f 1532/1532/1532 1599/1599/1599 1724/1724/1724

f 1748/1748/1748 1665/1665/1665 1737/1737/1737

f 1665/1665/1665 1748/1748/1748 1752/1752/1752

f 1665/1665/1665 1664/1664/1664 1737/1737/1737

f 1753/1753/1753 1665/1665/1665 1754/1754/1754

f 1665/1665/1665 1753/1753/1753 880/880/880

f 1706/1706/1706 1665/1665/1665 880/880/880

f 1724/1724/1724 1599/1599/1599 1603/1603/1603

f 1727/1727/1727 1697/1697/1697 1755/1755/1755

f 754/754/754 711/711/711 1756/1756/1756

f 1747/1747/1747 1757/1757/1757 1746/1746/1746

f 1741/1741/1741 1740/1740/1740 1760/1760/1760

f 1761/1761/1761 3249/3249/3249 1762/1762/1762

f 726/726/726 1764/1764/1764 753/753/753

f 1766/1766/1766 1767/1767/1767 1765/1765/1765

f 1769/1769/1769 1775/1775/1775 1770/1770/1770

f 1775/1775/1775 1776/1776/1776 1770/1770/1770

f 1769/1769/1769 1777/1777/1777 1775/1775/1775

f 1776/1776/1776 1775/1775/1775 1778/1778/1778

f 1777/1777/1777 1769/1769/1769 1779/1779/1779

f 1771/1771/1771 1779/1779/1779 1769/1769/1769

f 1781/1781/1781 1772/1772/1772 1780/1780/1780

f 1772/1772/1772 1782/1782/1782 1773/1773/1773

f 1772/1772/1772 1781/1781/1781 1782/1782/1782

f 1783/1783/1783 1773/1773/1773 1782/1782/1782

f 1784/1784/1784 1785/1785/1785 1786/1786/1786

f 1787/1787/1787 1785/1785/1785 1784/1784/1784

f 1809/1809/1809 1789/1789/1789 1786/1786/1786

f 1791/1791/1791 1774/1774/1774 1790/1790/1790

f 1791/1791/1791 1790/1790/1790 1789/1789/1789

f 1791/1791/1791 1789/1789/1789 1809/1809/1809

f 1792/1792/1792 1793/1793/1793 1794/1794/1794

f 1793/1793/1793 1795/1795/1795 1794/1794/1794

f 1797/1797/1797 1816/1816/1816 1792/1792/1792

f 1800/1800/1800 1803/1803/1803 1797/1797/1797

f 1758/1758/1758 1812/1812/1812 1798/1798/1798

f 1798/1798/1798 1811/1811/1811 1799/1799/1799

f 1816/1816/1816 1797/1797/1797 1803/1803/1803

f 1758/1758/1758 1802/1802/1802 1812/1812/1812

f 1798/1798/1798 1812/1812/1812 1811/1811/1811

f 1801/1801/1801 1803/1803/1803 1800/1800/1800

f 1786/1786/1786 1788/1788/1788 1809/1809/1809

f 1807/1807/1807 1808/1808/1808 1806/1806/1806

f 1792/1792/1792 1816/1816/1816 1813/1813/1813

f 1788/1788/1788 1786/1786/1786 1785/1785/1785

f 1785/1785/1785 1787/1787/1787 1817/1817/1817

f 1740/1740/1740 3249/3249/3249 1818/1818/1818

f 3249/3249/3249 1761/1761/1761 1818/1818/1818

f 1819/1819/1819 693/693/693 694/694/694

f 693/693/693 1819/1819/1819 1820/1820/1820

f 1818/1818/1818 1761/1761/1761 1821/1821/1821

f 1822/1822/1822 1820/1820/1820 1819/1819/1819

f 1823/1823/1823 1760/1760/1760 1740/1740/1740

f 1740/1740/1740 1818/1818/1818 1823/1823/1823

f 1824/1824/1824 1746/1746/1746 1757/1757/1757

f 1746/1746/1746 1824/1824/1824 1828/1828/1828

f 1820/1820/1820 1822/1822/1822 1825/1825/1825

f 1825/1825/1825 1822/1822/1822 1826/1826/1826

f 1828/1828/1828 1824/1824/1824 1827/1827/1827

f 1829/1829/1829 1822/1822/1822 1819/1819/1819

f 1834/1834/1834 1809/1809/1809 1788/1788/1788

f 1764/1764/1764 1808/1808/1808 753/753/753

f 1808/1808/1808 1764/1764/1764 1830/1830/1830

f 1808/1808/1808 1830/1830/1830 1806/1806/1806

f 1816/1816/1816 1831/1831/1831 1813/1813/1813

f 711/711/711 1832/1832/1832 1756/1756/1756

f 1832/1832/1832 1815/1815/1815 1756/1756/1756

f 1815/1815/1815 1832/1832/1832 1814/1814/1814

f 1793/1793/1793 1792/1792/1792 1813/1813/1813

f 1795/1795/1795 1793/1793/1793 1833/1833/1833

f 1835/1835/1835 655/655/655 1956/1956/1956

f 1956/1956/1956 655/655/655 656/656/656

f 1835/1835/1835 1956/1956/1956 2361/2361/2361

f 1868/1868/1868 633/633/633 1858/1858/1858

f 307/307/307 1836/1836/1836 344/344/344

f 1836/1836/1836 343/343/343 344/344/344

f 1836/1836/1836 1837/1837/1837 343/343/343

f 1838/1838/1838 1839/1839/1839 1840/1840/1840

f 1840/1840/1840 1839/1839/1839 1841/1841/1841

f 1839/1839/1839 1857/1857/1857 1841/1841/1841

f 1855/1855/1855 1839/1839/1839 1842/1842/1842

f 1835/1835/1835 648/648/648 651/651/651

f 1843/1843/1843 1844/1844/1844 1845/1845/1845

f 1845/1845/1845 1844/1844/1844 1846/1846/1846

f 1846/1846/1846 1862/1862/1862 1847/1847/1847

f 1844/1844/1844 1848/1848/1848 1846/1846/1846

f 1849/1849/1849 1844/1844/1844 1850/1850/1850

f 1851/1851/1851 1852/1852/1852 1836/1836/1836

f 1853/1853/1853 1854/1854/1854 1836/1836/1836

f 1836/1836/1836 1852/1852/1852 1853/1853/1853

f 1854/1854/1854 1853/1853/1853 1855/1855/1855

f 1837/1837/1837 1836/1836/1836 1854/1854/1854

f 1856/1856/1856 1841/1841/1841 1857/1857/1857

f 1839/1839/1839 1855/1855/1855 1857/1857/1857

f 1852/1852/1852 1856/1856/1856 1857/1857/1857

f 1852/1852/1852 1857/1857/1857 1853/1853/1853

f 1853/1853/1853 1857/1857/1857 1855/1855/1855

f 1868/1868/1868 1858/1858/1858 1859/1859/1859

f 1837/1837/1837 1860/1860/1860 343/343/343

f 1860/1860/1860 1837/1837/1837 1862/1862/1862

f 343/343/343 1860/1860/1860 1861/1861/1861

f 1861/1861/1861 1863/1863/1863 343/343/343

f 1864/1864/1864 343/343/343 1863/1863/1863

f 1863/1863/1863 1861/1861/1861 1849/1849/1849

f 1862/1862/1862 1846/1846/1846 1848/1848/1848

f 648/648/648 1859/1859/1859 1858/1858/1858

f 648/648/648 1835/1835/1835 1865/1865/1865

f 1865/1865/1865 1835/1835/1835 1866/1866/1866

f 1852/1852/1852 1851/1851/1851 1856/1856/1856

f 1844/1844/1844 1849/1849/1849 1848/1848/1848

f 1851/1851/1851 308/308/308 323/323/323

f 1860/1860/1860 1862/1862/1862 1848/1848/1848

f 1860/1860/1860 1848/1848/1848 1861/1861/1861

f 648/648/648 1865/1865/1865 1859/1859/1859

f 1861/1861/1861 1848/1848/1848 1849/1849/1849

f 1841/1841/1841 1856/1856/1856 1867/1867/1867

f 317/317/317 343/343/343 1869/1869/1869

f 343/343/343 1864/1864/1864 1869/1869/1869

f 308/308/308 1851/1851/1851 1836/1836/1836

f 307/307/307 308/308/308 1836/1836/1836

f 2361/2361/2361 1866/1866/1866 1835/1835/1835

f 1870/1870/1870 1871/1871/1871 1872/1872/1872

f 1873/1873/1873 1871/1871/1871 1870/1870/1870

f 1872/1872/1872 1878/1878/1878 1874/1874/1874

f 1866/1866/1866 2361/2361/2361 1883/1883/1883

f 1871/1871/1871 1882/1882/1882 1872/1872/1872

f 1875/1875/1875 1871/1871/1871 1876/1876/1876

f 655/655/655 1835/1835/1835 651/651/651

f 1864/1864/1864 1877/1877/1877 1869/1869/1869

f 1877/1877/1877 1864/1864/1864 1878/1878/1878

f 1869/1869/1869 1877/1877/1877 1879/1879/1879

f 1879/1879/1879 1880/1880/1880 1869/1869/1869

f 1881/1881/1881 1869/1869/1869 1880/1880/1880

f 1880/1880/1880 1879/1879/1879 1875/1875/1875

f 1878/1878/1878 1872/1872/1872 1882/1882/1882

f 1871/1871/1871 1875/1875/1875 1882/1882/1882

f 1866/1866/1866 1859/1859/1859 1865/1865/1865

f 1877/1877/1877 1878/1878/1878 1882/1882/1882

f 1866/1866/1866 1883/1883/1883 1859/1859/1859

f 1879/1879/1879 1882/1882/1882 1875/1875/1875

f 1877/1877/1877 1882/1882/1882 1879/1879/1879

f 1859/1859/1859 1883/1883/1883 1868/1868/1868

f 1053/1053/1053 1884/1884/1884 1049/1049/1049

f 1054/1054/1054 1052/1052/1052 1885/1885/1885

f 1885/1885/1885 1906/1906/1906 1054/1054/1054

f 1906/1906/1906 1885/1885/1885 1887/1887/1887

f 1885/1885/1885 1888/1888/1888 1887/1887/1887

f 1103/1103/1103 1889/1889/1889 1102/1102/1102

f 1888/1888/1888 1885/1885/1885 1886/1886/1886

f 1094/1094/1094 1102/1102/1102 1890/1890/1890

f 974/974/974 1884/1884/1884 1053/1053/1053

f 1891/1891/1891 1890/1890/1890 1892/1892/1892

f 1893/1893/1893 1894/1894/1894 1104/1104/1104

f 1893/1893/1893 1104/1104/1104 1895/1895/1895

f 1057/1057/1057 1896/1896/1896 971/971/971

f 1896/1896/1896 1057/1057/1057 1898/1898/1898

f 1890/1890/1890 1891/1891/1891 1087/1087/1087

f 1094/1094/1094 1890/1890/1890 1087/1087/1087

f 1900/1900/1900 1899/1899/1899 1090/1090/1090

f 1901/1901/1901 971/971/971 1896/1896/1896

f 1097/1097/1097 1099/1099/1099 1902/1902/1902

f 1884/1884/1884 974/974/974 973/973/973

f 1886/1886/1886 1885/1885/1885 990/990/990

f 1068/1068/1068 1905/1905/1905 1897/1897/1897

f 1090/1090/1090 1906/1906/1906 1900/1900/1900

f 1898/1898/1898 1907/1907/1907 1896/1896/1896

f 1896/1896/1896 1922/1922/1922 1901/1901/1901

f 1908/1908/1908 1086/1086/1086 1091/1091/1091

f 1909/1909/1909 1908/1908/1908 1910/1910/1910

f 1908/1908/1908 1909/1909/1909 1086/1086/1086

f 1911/1911/1911 1912/1912/1912 1913/1913/1913

f 1887/1887/1887 1900/1900/1900 1906/1906/1906

f 1914/1914/1914 1085/1085/1085 1903/1903/1903

f 1913/1913/1913 1915/1915/1915 1911/1911/1911

f 981/981/981 1916/1916/1916 1904/1904/1904

f 1914/1914/1914 1903/1903/1903 1917/1917/1917

f 1068/1068/1068 1918/1918/1918 1905/1905/1905

f 969/969/969 971/971/971 1901/1901/1901

f 1919/1919/1919 1920/1920/1920 1011/1011/1011

f 1912/1912/1912 1016/1016/1016 1913/1913/1913

f 990/990/990 991/991/991 1886/1886/1886

f 1921/1921/1921 1887/1887/1887 1888/1888/1888

f 1081/1081/1081 1071/1071/1071 1923/1923/1923

f 1924/1924/1924 1009/1009/1009 1011/1011/1011

f 1925/1925/1925 1924/1924/1924 1011/1011/1011

f 1926/1926/1926 1925/1925/1925 1011/1011/1011

f 1920/1920/1920 1927/1927/1927 1011/1011/1011

f 1927/1927/1927 1926/1926/1926 1011/1011/1011

f 1923/1923/1923 1071/1071/1071 1070/1070/1070

f 1067/1067/1067 1068/1068/1068 1897/1897/1897

f 1898/1898/1898 1057/1057/1057 1056/1056/1056

f 1929/1929/1929 1928/1928/1928 1022/1022/1022

f 1022/1022/1022 1001/1001/1001 1929/1929/1929

f 993/993/993 1005/1005/1005 1888/1888/1888

f 1889/1889/1889 981/981/981 1020/1020/1020

f 1892/1892/1892 1907/1907/1907 1891/1891/1891

f 1892/1892/1892 1896/1896/1896 1907/1907/1907

f 1930/1930/1930 1922/1922/1922 1896/1896/1896

f 1930/1930/1930 1036/1036/1036 1922/1922/1922

f 1888/1888/1888 1005/1005/1005 1921/1921/1921

f 1034/1034/1034 1931/1931/1931 1035/1035/1035

f 1036/1036/1036 1930/1930/1930 1032/1032/1032

f 1894/1894/1894 1931/1931/1931 1034/1034/1034

f 1931/1931/1931 1894/1894/1894 1932/1932/1932

f 1896/1896/1896 1892/1892/1892 1930/1930/1930

f 1932/1932/1932 1894/1894/1894 1893/1893/1893

f 1889/1889/1889 1103/1103/1103 1916/1916/1916

f 1889/1889/1889 1916/1916/1916 981/981/981

f 1904/1904/1904 1061/1061/1061 981/981/981

f 1933/1933/1933 1934/1934/1934 1935/1935/1935

f 1935/1935/1935 1936/1936/1936 1933/1933/1933

f 1936/1936/1936 1937/1937/1937 1938/1938/1938

f 1936/1936/1936 1938/1938/1938 1940/1940/1940

f 1933/1933/1933 1940/1940/1940 1983/1983/1983

f 1936/1936/1936 1940/1940/1940 1933/1933/1933

f 1937/1937/1937 1936/1936/1936 1935/1935/1935

f 1948/1948/1948 1937/1937/1937 1935/1935/1935

f 1937/1937/1937 1948/1948/1948 1941/1941/1941

f 1942/1942/1942 1943/1943/1943 1944/1944/1944

f 1944/1944/1944 1943/1943/1943 1945/1945/1945

f 1941/1941/1941 1944/1944/1944 1945/1945/1945

f 1974/1974/1974 2324/2324/2324 1939/1939/1939

f 1942/1942/1942 1946/1946/1946 1943/1943/1943

f 1942/1942/1942 1947/1947/1947 1946/1946/1946

f 2332/2332/2332 1939/1939/1939 2324/2324/2324

f 1948/1948/1948 1942/1942/1942 1944/1944/1944

f 1944/1944/1944 1941/1941/1941 1948/1948/1948

f 1947/1947/1947 1942/1942/1942 1948/1948/1948

f 2869/2869/2869 1947/1947/1947 1948/1948/1948

f 1948/1948/1948 1935/1935/1935 1949/1949/1949

f 1950/1950/1950 1948/1948/1948 1949/1949/1949

f 2869/2869/2869 1948/1948/1948 1950/1950/1950

f 1953/1953/1953 1951/1951/1951 1952/1952/1952

f 1954/1954/1954 1955/1955/1955 1951/1951/1951

f 1956/1956/1956 1975/1975/1975 2361/2361/2361

f 1957/1957/1957 1958/1958/1958 1959/1959/1959

f 1960/1960/1960 1958/1958/1958 1957/1957/1957

f 1959/1959/1959 2878/2878/2878 1961/1961/1961

f 1958/1958/1958 1955/1955/1955 1959/1959/1959

f 1952/1952/1952 1958/1958/1958 1962/1962/1962

f 2878/2878/2878 1959/1959/1959 1955/1955/1955

f 1958/1958/1958 1952/1952/1952 1955/1955/1955

f 1963/1963/1963 1964/1964/1964 1965/1965/1965

f 1966/1966/1966 1964/1964/1964 1963/1963/1963

f 1975/1975/1975 2332/2332/2332 2361/2361/2361

f 1967/1967/1967 1968/1968/1968 1969/1969/1969

f 1970/1970/1970 1968/1968/1968 1967/1967/1967

f 1965/1965/1965 1946/1946/1946 1971/1971/1971

f 1964/1964/1964 1943/1943/1943 1965/1965/1965

f 1945/1945/1945 1964/1964/1964 1972/1972/1972

f 1946/1946/1946 1965/1965/1965 1943/1943/1943

f 1964/1964/1964 1945/1945/1945 1943/1943/1943

f 1969/1969/1969 1938/1938/1938 1973/1973/1973

f 1968/1968/1968 1940/1940/1940 1969/1969/1969

f 2332/2332/2332 1975/1975/1975 1939/1939/1939

f 1938/1938/1938 1969/1969/1969 1940/1940/1940

f 1968/1968/1968 1983/1983/1983 1940/1940/1940

f 1951/1951/1951 1955/1955/1955 1952/1952/1952

f 1954/1954/1954 2878/2878/2878 1955/1955/1955

f 736/736/736 1975/1975/1975 1956/1956/1956

f 1976/1976/1976 1977/1977/1977 1978/1978/1978

f 1979/1979/1979 1977/1977/1977 1976/1976/1976

f 1983/1983/1983 1968/1968/1968 1980/1980/1980

f 1978/1978/1978 1981/1981/1981 1982/1982/1982

f 1934/1934/1934 1933/1933/1933 1983/1983/1983

f 1981/1981/1981 1978/1978/1978 1984/1984/1984

f 1977/1977/1977 1984/1984/1984 1978/1978/1978

f 1939/1939/1939 1985/1985/1985 1974/1974/1974

f 1986/1986/1986 1987/1987/1987 1981/1981/1981

f 1986/1986/1986 1981/1981/1981 1984/1984/1984

f 1988/1988/1988 1977/1977/1977 1989/1989/1989

f 1986/1986/1986 1984/1984/1984 1990/1990/1990

f 1990/1990/1990 1984/1984/1984 1988/1988/1988

f 1977/1977/1977 1988/1988/1988 1984/1984/1984

f 1991/1991/1991 1992/1992/1992 1993/1993/1993

f 2026/2026/2026 1996/1996/1996 1997/1997/1997

f 1996/1996/1996 1998/1998/1998 1997/1997/1997

f 1998/1998/1998 896/896/896 1999/1999/1999

f 1998/1998/1998 3226/3226/3226 3209/3209/3209

f 1998/1998/1998 1999/1999/1999 3226/3226/3226

f 2001/2001/2001 1995/1995/1995 2003/2003/2003

f 2020/2020/2020 2004/2004/2004 2014/2014/2014

f 2006/2006/2006 2007/2007/2007 2005/2005/2005

f 2008/2008/2008 2040/2040/2040 2009/2009/2009

f 2005/2005/2005 2010/2010/2010 2000/2000/2000

f 2000/2000/2000 2022/2022/2022 2012/2012/2012

f 2013/2013/2013 1998/1998/1998 3209/3209/3209

f 2014/2014/2014 2015/2015/2015 3350/3350/3350

f 1995/1995/1995 2016/2016/2016 3688/3688/3688

f 735/735/735 2017/2017/2017 698/698/698

f 2018/2018/2018 698/698/698 2017/2017/2017

f 2023/2023/2023 2021/2021/2021 2024/2024/2024

f 2025/2025/2025 2026/2026/2026 2027/2027/2027

f 909/909/909 1996/1996/1996 2034/2034/2034

f 2020/2020/2020 2019/2019/2019 2004/2004/2004

f 2005/2005/2005 2007/2007/2007 2010/2010/2010

f 735/735/735 2002/2002/2002 2017/2017/2017

f 2023/2023/2023 2022/2022/2022 2021/2021/2021

f 2025/2025/2025 2028/2028/2028 2029/2029/2029

f 2028/2028/2028 2030/2030/2030 2031/2031/2031

f 2030/2030/2030 2028/2028/2028 3202/3202/3202

f 735/735/735 2003/2003/2003 1995/1995/1995

f 2002/2002/2002 735/735/735 1995/1995/1995

f 2022/2022/2022 2000/2000/2000 2010/2010/2010

f 2028/2028/2028 2025/2025/2025 2027/2027/2027

f 3350/3350/3350 2015/2015/2015 2032/2032/2032

f 2022/2022/2022 2033/2033/2033 2012/2012/2012

f 2020/2020/2020 2014/2014/2014 3350/3350/3350

f 2026/2026/2026 2025/2025/2025 2035/2035/2035

f 2034/2034/2034 2026/2026/2026 2035/2035/2035

f 2027/2027/2027 3202/3202/3202 2028/2028/2028

f 3202/3202/3202 2027/2027/2027 2013/2013/2013

f 3202/3202/3202 2013/2013/2013 3209/3209/3209

f 2036/2036/2036 1993/1993/1993 1994/1994/1994

f 2026/2026/2026 2013/2013/2013 2027/2027/2027

f 1994/1994/1994 1993/1993/1993 1992/1992/1992

f 2016/2016/2016 1995/1995/1995 2001/2001/2001

f 2039/2039/2039 2011/2011/2011 2038/2038/2038

f 2036/2036/2036 2042/2042/2042 1993/1993/1993

f 2037/2037/2037 2039/2039/2039 2042/2042/2042

f 1997/1997/1997 1998/1998/1998 2013/2013/2013

f 2036/2036/2036 1994/1994/1994 1992/1992/1992

f 1997/1997/1997 2013/2013/2013 2026/2026/2026

f 2008/2008/2008 2041/2041/2041 2040/2040/2040

f 1998/1998/1998 1996/1996/1996 896/896/896

f 1996/1996/1996 2026/2026/2026 2034/2034/2034

f 2019/2019/2019 3683/3683/3683 2004/2004/2004

f 2043/2043/2043 1424/1424/1424 2044/2044/2044

f 2039/2039/2039 2037/2037/2037 2011/2011/2011

f 2037/2037/2037 2042/2042/2042 2036/2036/2036

f 2040/2040/2040 2041/2041/2041 2000/2000/2000

f 620/620/620 2084/2084/2084 543/543/543

f 577/577/577 2045/2045/2045 578/578/578

f 1120/1120/1120 2046/2046/2046 1113/1113/1113

f 2046/2046/2046 1120/1120/1120 2047/2047/2047

f 1120/1120/1120 1118/1118/1118 2047/2047/2047

f 501/501/501 2050/2050/2050 2051/2051/2051

f 503/503/503 2052/2052/2052 504/504/504

f 2052/2052/2052 2053/2053/2053 504/504/504

f 579/579/579 2099/2099/2099 2054/2054/2054

f 2055/2055/2055 2056/2056/2056 2058/2058/2058

f 577/577/577 2057/2057/2057 2045/2045/2045

f 2059/2059/2059 1113/1113/1113 2046/2046/2046

f 2050/2050/2050 501/501/501 502/502/502

f 2060/2060/2060 556/556/556 2084/2084/2084

f 2061/2061/2061 2067/2067/2067 2048/2048/2048

f 2062/2062/2062 2072/2072/2072 2082/2082/2082

f 2063/2063/2063 2082/2082/2082 2072/2072/2072

f 2065/2065/2065 2048/2048/2048 2066/2066/2066

f 2048/2048/2048 2067/2067/2067 2066/2066/2066

f 2048/2048/2048 2065/2065/2065 2049/2049/2049

f 2068/2068/2068 2066/2066/2066 2069/2069/2069

f 2068/2068/2068 2069/2069/2069 2071/2071/2071

f 2072/2072/2072 2062/2062/2062 555/555/555

f 543/543/543 2084/2084/2084 556/556/556

f 2049/2049/2049 2065/2065/2065 2064/2064/2064

f 2061/2061/2061 2070/2070/2070 2067/2067/2067

f 2064/2064/2064 2065/2065/2065 2073/2073/2073

f 556/556/556 2060/2060/2060 2074/2074/2074

f 2047/2047/2047 2076/2076/2076 2046/2046/2046

f 1125/1125/1125 2077/2077/2077 1148/1148/1148

f 2078/2078/2078 2059/2059/2059 2046/2046/2046

f 2104/2104/2104 2047/2047/2047 1118/1118/1118

f 2075/2075/2075 2079/2079/2079 1118/1118/1118

f 2060/2060/2060 2080/2080/2080 2081/2081/2081

f 2085/2085/2085 2082/2082/2082 2063/2063/2063

f 2082/2082/2082 2085/2085/2085 2086/2086/2086

f 2080/2080/2080 2060/2060/2060 2084/2084/2084

f 2086/2086/2086 2087/2087/2087 2088/2088/2088

f 2088/2088/2088 2087/2087/2087 604/604/604

f 2091/2091/2091 2092/2092/2092 2057/2057/2057

f 2091/2091/2091 598/598/598 2092/2092/2092

f 591/591/591 594/594/594 2094/2094/2094

f 598/598/598 2091/2091/2091 2097/2097/2097

f 2077/2077/2077 1125/1125/1125 2098/2098/2098

f 601/601/601 2090/2090/2090 2080/2080/2080

f 2103/2103/2103 2089/2089/2089 1128/1128/1128

f 2057/2057/2057 2092/2092/2092 2045/2045/2045

f 2093/2093/2093 2054/2054/2054 2099/2099/2099

f 2094/2094/2094 2100/2100/2100 2101/2101/2101

f 2094/2094/2094 594/594/594 2100/2100/2100

f 2080/2080/2080 2084/2084/2084 602/602/602

f 590/590/590 2099/2099/2099 2058/2058/2058

f 2102/2102/2102 2051/2051/2051 2050/2050/2050

f 2089/2089/2089 1129/1129/1129 1128/1128/1128

f 2103/2103/2103 2102/2102/2102 2089/2089/2089

f 2051/2051/2051 2102/2102/2102 2103/2103/2103

f 2095/2095/2095 2076/2076/2076 2105/2105/2105

f 2104/2104/2104 2106/2106/2106 2096/2096/2096

f 2099/2099/2099 590/590/590 1141/1141/1141

f 2076/2076/2076 2047/2047/2047 2096/2096/2096

f 2104/2104/2104 1118/1118/1118 2079/2079/2079

f 2092/2092/2092 598/598/598 599/599/599

f 2046/2046/2046 2076/2076/2076 2078/2078/2078

f 2084/2084/2084 620/620/620 2083/2083/2083

f 2047/2047/2047 2104/2104/2104 2096/2096/2096

f 2080/2080/2080 2090/2090/2090 2081/2081/2081

f 2087/2087/2087 2086/2086/2086 2085/2085/2085

f 2097/2097/2097 2107/2107/2107 598/598/598

f 2080/2080/2080 602/602/602 601/601/601

f 2076/2076/2076 2095/2095/2095 2078/2078/2078

f 2108/2108/2108 2109/2109/2109 253/253/253

f 254/254/254 253/253/253 2109/2109/2109

f 2111/2111/2111 254/254/254 2109/2109/2109

f 469/469/469 254/254/254 2114/2114/2114

f 2112/2112/2112 2116/2116/2116 2113/2113/2113

f 2117/2117/2117 2120/2120/2120 470/470/470

f 2116/2116/2116 2112/2112/2112 2115/2115/2115

f 2118/2118/2118 2120/2120/2120 2119/2119/2119

f 1619/1619/1619 2108/2108/2108 229/229/229

f 2109/2109/2109 2108/2108/2108 1619/1619/1619

f 1629/1629/1629 2121/2121/2121 1625/1625/1625

f 2121/2121/2121 2112/2112/2112 1625/1625/1625

f 2111/2111/2111 2122/2122/2122 254/254/254

f 254/254/254 2122/2122/2122 2127/2127/2127

f 2123/2123/2123 2122/2122/2122 2124/2124/2124

f 2127/2127/2127 2122/2122/2122 2123/2123/2123

f 2126/2126/2126 2124/2124/2124 2122/2122/2122

f 2123/2123/2123 2128/2128/2128 2127/2127/2127

f 2129/2129/2129 2113/2113/2113 2116/2116/2116

f 2125/2125/2125 2139/2139/2139 2130/2130/2130

f 2129/2129/2129 2116/2116/2116 2131/2131/2131

f 2132/2132/2132 2129/2129/2129 2131/2131/2131

f 2127/2127/2127 2114/2114/2114 254/254/254

f 2133/2133/2133 2130/2130/2130 2139/2139/2139

f 2127/2127/2127 1454/1454/1454 2114/2114/2114

f 1452/1452/1452 2120/2120/2120 2117/2117/2117

f 2134/2134/2134 2130/2130/2130 2133/2133/2133

f 2130/2130/2130 2134/2134/2134 2136/2136/2136

f 2139/2139/2139 2125/2125/2125 2137/2137/2137

f 2136/2136/2136 2135/2135/2135 2138/2138/2138

f 2135/2135/2135 2136/2136/2136 2134/2134/2134

f 2122/2122/2122 1657/1657/1657 2126/2126/2126

f 1606/1606/1606 2126/2126/2126 1657/1657/1657

f 2126/2126/2126 1606/1606/1606 2141/2141/2141

f 2142/2142/2142 2137/2137/2137 2125/2125/2125

f 2143/2143/2143 2142/2142/2142 2144/2144/2144

f 2129/2129/2129 2132/2132/2132 2140/2140/2140

f 2142/2142/2142 2143/2143/2143 2137/2137/2137

f 2145/2145/2145 2138/2138/2138 2135/2135/2135

f 2143/2143/2143 2146/2146/2146 2137/2137/2137

f 199/199/199 2147/2147/2147 1652/1652/1652

f 2115/2115/2115 2112/2112/2112 2121/2121/2121

f 199/199/199 2118/2118/2118 2147/2147/2147

f 2120/2120/2120 2148/2148/2148 2119/2119/2119

f 2120/2120/2120 1506/1506/1506 2148/2148/2148

f 2148/2148/2148 1506/1506/1506 2149/2149/2149

f 2148/2148/2148 2149/2149/2149 2150/2150/2150

f 2150/2150/2150 2151/2151/2151 2148/2148/2148

f 2120/2120/2120 1452/1452/1452 1506/1506/1506

f 2152/2152/2152 2149/2149/2149 1506/1506/1506

f 2153/2153/2153 2152/2152/2152 1497/1497/1497

f 1654/1654/1654 1655/1655/1655 2154/2154/2154

f 2150/2150/2150 1724/1724/1724 2151/2151/2151

f 1724/1724/1724 1631/1631/1631 2151/2151/2151

f 2135/2135/2135 2155/2155/2155 2145/2145/2145

f 2139/2139/2139 2137/2137/2137 2146/2146/2146

f 1724/1724/1724 2150/2150/2150 2156/2156/2156

f 1497/1497/1497 1724/1724/1724 2156/2156/2156

f 1497/1497/1497 2156/2156/2156 2153/2153/2153

f 1440/1440/1440 1454/1454/1454 2127/2127/2127

f 4272/4272/4272 2159/2159/2159 2158/2158/2158

f 2194/2194/2194 2159/2159/2159 3753/3753/3753

f 2158/2158/2158 2159/2159/2159 2160/2160/2160

f 2162/2162/2162 2163/2163/2163 4271/4271/4271

f 2162/2162/2162 2164/2164/2164 2163/2163/2163

f 3728/3728/3728 4039/4039/4039 2709/2709/2709

f 2709/2709/2709 2165/2165/2165 3728/3728/3728

f 2166/2166/2166 3767/3767/3767 2157/2157/2157

f 2185/2185/2185 2167/2167/2167 2174/2174/2174

f 2168/2168/2168 2169/2169/2169 2170/2170/2170

f 1235/1235/1235 1228/1228/1228 2186/2186/2186

f 2171/2171/2171 2172/2172/2172 2170/2170/2170

f 1235/1235/1235 2186/2186/2186 2173/2173/2173

f 2183/2183/2183 2172/2172/2172 2171/2171/2171

f 1235/1235/1235 2173/2173/2173 1239/1239/1239

f 2178/2178/2178 1239/1239/1239 2173/2173/2173

f 2179/2179/2179 2178/2178/2178 2173/2173/2173

f 2170/2170/2170 2172/2172/2172 2168/2168/2168

f 2184/2184/2184 2185/2185/2185 2174/2174/2174

f 2173/2173/2173 2186/2186/2186 2187/2187/2187

f 2175/2175/2175 2167/2167/2167 2185/2185/2185

f 2159/2159/2159 2194/2194/2194 2160/2160/2160

f 2189/2189/2189 2190/2190/2190 1233/1233/1233

f 3759/3759/3759 2191/2191/2191 3763/3763/3763

f 2191/2191/2191 3759/3759/3759 2192/2192/2192

f 3761/3761/3761 2193/2193/2193 2194/2194/2194

f 2172/2172/2172 2183/2183/2183 2188/2188/2188

f 2188/2188/2188 2183/2183/2183 2182/2182/2182

f 2182/2182/2182 2183/2183/2183 2196/2196/2196

f 1233/1233/1233 1232/1232/1232 2189/2189/2189

f 2193/2193/2193 2158/2158/2158 2160/2160/2160

f 2162/2162/2162 2192/2192/2192 2164/2164/2164

f 2175/2175/2175 2197/2197/2197 2176/2176/2176

f 2176/2176/2176 2197/2197/2197 2177/2177/2177

f 2177/2177/2177 2197/2197/2197 3739/3739/3739

f 2195/2195/2195 3735/3735/3735 2180/2180/2180

f 2192/2192/2192 2162/2162/2162 2191/2191/2191

f 2160/2160/2160 2194/2194/2194 2193/2193/2193

f 3728/3728/3728 2165/2165/2165 3767/3767/3767

f 4280/4280/4280 3767/3767/3767 2165/2165/2165

f 4280/4280/4280 2161/2161/2161 3767/3767/3767

f 2199/2199/2199 2200/2200/2200 2201/2201/2201

f 2830/2830/2830 2204/2204/2204 2205/2205/2205

f 2221/2221/2221 2207/2207/2207 2206/2206/2206

f 2210/2210/2210 2208/2208/2208 2209/2209/2209

f 2211/2211/2211 2212/2212/2212 2224/2224/2224

f 2207/2207/2207 2221/2221/2221 2213/2213/2213

f 2216/2216/2216 2215/2215/2215 2214/2214/2214

f 2217/2217/2217 2218/2218/2218 2219/2219/2219

f 2210/2210/2210 2200/2200/2200 2208/2208/2208

f 2212/2212/2212 2211/2211/2211 4322/4322/4322

f 2208/2208/2208 2200/2200/2200 4330/4330/4330

f 2222/2222/2222 2204/2204/2204 2830/2830/2830

f 2209/2209/2209 2208/2208/2208 2223/2223/2223

f 2218/2218/2218 2217/2217/2217 2234/2234/2234

f 2225/2225/2225 2234/2234/2234 2217/2217/2217

f 2229/2229/2229 2226/2226/2226 2227/2227/2227

f 2202/2202/2202 2228/2228/2228 2203/2203/2203

f 2229/2229/2229 2230/2230/2230 2226/2226/2226

f 2231/2231/2231 2216/2216/2216 2214/2214/2214

f 2216/2216/2216 2231/2231/2231 2240/2240/2240

f 2263/2263/2263 2203/2203/2203 2228/2228/2228

f 2202/2202/2202 2248/2248/2248 2228/2228/2228

f 2199/2199/2199 2232/2232/2232 2200/2200/2200

f 2232/2232/2232 2199/2199/2199 2233/2233/2233

f 2233/2233/2233 2237/2237/2237 2232/2232/2232

f 4322/4322/4322 2239/2239/2239 2212/2212/2212

f 2205/2205/2205 2241/2241/2241 2830/2830/2830

f 2242/2242/2242 2243/2243/2243 2244/2244/2244

f 2220/2220/2220 2201/2201/2201 2210/2210/2210

f 2200/2200/2200 2210/2210/2210 2201/2201/2201

f 2234/2234/2234 2225/2225/2225 2258/2258/2258

f 2247/2247/2247 2214/2214/2214 2230/2230/2230

f 4322/4322/4322 2246/2246/2246 2239/2239/2239

f 2230/2230/2230 2229/2229/2229 2247/2247/2247

f 2231/2231/2231 2214/2214/2214 2247/2247/2247

f 2213/2213/2213 2232/2232/2232 2237/2237/2237

f 2237/2237/2237 2207/2207/2207 2213/2213/2213

f 2238/2238/2238 2249/2249/2249 2250/2250/2250

f 2249/2249/2249 2238/2238/2238 2252/2252/2252

f 2249/2249/2249 2251/2251/2251 2250/2250/2250

f 2213/2213/2213 2261/2261/2261 4326/4326/4326

f 2256/2256/2256 2245/2245/2245 2246/2246/2246

f 2261/2261/2261 2213/2213/2213 2221/2221/2221

f 2251/2251/2251 2249/2249/2249 2260/2260/2260

f 2245/2245/2245 2256/2256/2256 2257/2257/2257

f 2252/2252/2252 2259/2259/2259 2218/2218/2218

f 2252/2252/2252 2235/2235/2235 2259/2259/2259

f 2235/2235/2235 2252/2252/2252 2238/2238/2238

f 2235/2235/2235 2218/2218/2218 2259/2259/2259

f 2235/2235/2235 2219/2219/2219 2218/2218/2218

f 2266/2266/2266 2255/2255/2255 2236/2236/2236

f 2264/2264/2264 2265/2265/2265 2221/2221/2221

f 2221/2221/2221 2265/2265/2265 2261/2261/2261

f 2255/2255/2255 2266/2266/2266 4311/4311/4311

f 2267/2267/2267 2268/2268/2268 2269/2269/2269

f 2271/2271/2271 2269/2269/2269 2270/2270/2270

f 2269/2269/2269 2275/2275/2275 2270/2270/2270

f 2270/2270/2270 2275/2275/2275 2272/2272/2272

f 2270/2270/2270 2273/2273/2273 2271/2271/2271

f 2275/2275/2275 2269/2269/2269 2268/2268/2268

f 2272/2272/2272 2274/2274/2274 2273/2273/2273

f 2273/2273/2273 2270/2270/2270 2272/2272/2272

f 2276/2276/2276 2272/2272/2272 2275/2275/2275

f 2272/2272/2272 2291/2291/2291 2274/2274/2274

f 2277/2277/2277 2280/2280/2280 1254/1254/1254

f 2287/2287/2287 2289/2289/2289 2278/2278/2278

f 2279/2279/2279 1199/1199/1199 2277/2277/2277

f 1254/1254/1254 2280/2280/2280 1253/1253/1253

f 2272/2272/2272 2276/2276/2276 2292/2292/2292

f 2277/2277/2277 1200/1200/1200 2280/2280/2280

f 2277/2277/2277 1199/1199/1199 1200/1200/1200

f 2283/2283/2283 2281/2281/2281 2284/2284/2284

f 2282/2282/2282 2281/2281/2281 2285/2285/2285

f 1247/1247/1247 1243/1243/1243 2286/2286/2286

f 2291/2291/2291 2272/2272/2272 2290/2290/2290

f 2290/2290/2290 2272/2272/2272 2292/2292/2292

f 2292/2292/2292 2276/2276/2276 2293/2293/2293

f 2297/2297/2297 2278/2278/2278 2298/2298/2298

f 2278/2278/2278 2297/2297/2297 2287/2287/2287

f 2303/2303/2303 2299/2299/2299 2294/2294/2294

f 2302/2302/2302 2296/2296/2296 2315/2315/2315

f 2314/2314/2314 2301/2301/2301 2304/2304/2304

f 2287/2287/2287 2288/2288/2288 2289/2289/2289

f 2305/2305/2305 2302/2302/2302 2315/2315/2315

f 2300/2300/2300 2307/2307/2307 2295/2295/2295

f 2308/2308/2308 2306/2306/2306 2305/2305/2305

f 2308/2308/2308 2305/2305/2305 2315/2315/2315

f 2306/2306/2306 2310/2310/2310 2309/2309/2309

f 2306/2306/2306 2308/2308/2308 2310/2310/2310

f 2311/2311/2311 2310/2310/2310 2308/2308/2308

f 2311/2311/2311 2308/2308/2308 2312/2312/2312

f 2313/2313/2313 2277/2277/2277 1254/1254/1254

f 2315/2315/2315 2317/2317/2317 2318/2318/2318

f 2317/2317/2317 2316/2316/2316 2318/2318/2318

f 2312/2312/2312 2308/2308/2308 2315/2315/2315

f 2312/2312/2312 2315/2315/2315 2318/2318/2318

f 2277/2277/2277 2313/2313/2313 2319/2319/2319

f 1198/1198/1198 1253/1253/1253 2280/2280/2280

f 2280/2280/2280 1200/1200/1200 1198/1198/1198

f 2320/2320/2320 2287/2287/2287 2297/2297/2297

f 3686/3686/3686 2320/2320/2320 2297/2297/2297

f 2908/2908/2908 2321/2321/2321 1319/1319/1319

f 2322/2322/2322 2908/2908/2908 2323/2323/2323

f 2908/2908/2908 2322/2322/2322 2321/2321/2321

f 2322/2322/2322 2325/2325/2325 2321/2321/2321

f 2326/2326/2326 2327/2327/2327 2321/2321/2321

f 2321/2321/2321 2325/2325/2325 2326/2326/2326

f 2325/2325/2325 2322/2322/2322 2328/2328/2328

f 2325/2325/2325 2328/2328/2328 2329/2329/2329

f 2327/2327/2327 2326/2326/2326 2330/2330/2330

f 1883/1883/1883 2331/2331/2331 2324/2324/2324

f 2325/2325/2325 2329/2329/2329 2326/2326/2326

f 2326/2326/2326 2329/2329/2329 2330/2330/2330

f 2333/2333/2333 2334/2334/2334 2336/2336/2336

f 2334/2334/2334 2333/2333/2333 2337/2337/2337

f 2333/2333/2333 2336/2336/2336 2335/2335/2335

f 633/633/633 1868/1868/1868 2375/2375/2375

f 2321/2321/2321 1333/1333/1333 1319/1319/1319

f 1333/1333/1333 2321/2321/2321 2338/2338/2338

f 2339/2339/2339 2333/2333/2333 2340/2340/2340

f 1333/1333/1333 2341/2341/2341 1330/1330/1330

f 1333/1333/1333 2342/2342/2342 2341/2341/2341

f 1333/1333/1333 2338/2338/2338 2342/2342/2342

f 2338/2338/2338 2353/2353/2353 2342/2342/2342

f 2343/2343/2343 2321/2321/2321 2327/2327/2327

f 2321/2321/2321 2343/2343/2343 2338/2338/2338

f 2343/2343/2343 2344/2344/2344 2338/2338/2338

f 2338/2338/2338 2344/2344/2344 2345/2345/2345

f 2332/2332/2332 2324/2324/2324 2331/2331/2331

f 2344/2344/2344 2343/2343/2343 2346/2346/2346

f 2344/2344/2344 2346/2346/2346 2347/2347/2347

f 2344/2344/2344 2347/2347/2347 2345/2345/2345

f 2348/2348/2348 2338/2338/2338 2349/2349/2349

f 2345/2345/2345 2349/2349/2349 2338/2338/2338

f 2338/2338/2338 2348/2348/2348 2353/2353/2353

f 2348/2348/2348 2350/2350/2350 2353/2353/2353

f 2349/2349/2349 2345/2345/2345 2351/2351/2351

f 2345/2345/2345 2347/2347/2347 2351/2351/2351

f 2350/2350/2350 2348/2348/2348 2352/2352/2352

f 2350/2350/2350 2352/2352/2352 2336/2336/2336

f 2354/2354/2354 2355/2355/2355 2353/2353/2353

f 2356/2356/2356 2353/2353/2353 2355/2355/2355

f 2353/2353/2353 2350/2350/2350 2354/2354/2354

f 2355/2355/2355 2354/2354/2354 2334/2334/2334

f 2350/2350/2350 2336/2336/2336 2354/2354/2354

f 2375/2375/2375 1868/1868/1868 1974/1974/1974

f 2354/2354/2354 2336/2336/2336 2334/2334/2334

f 2324/2324/2324 1974/1974/1974 1868/1868/1868

f 2352/2352/2352 2335/2335/2335 2336/2336/2336

f 2357/2357/2357 2351/2351/2351 2347/2347/2347

f 2335/2335/2335 2352/2352/2352 2358/2358/2358

f 2351/2351/2351 2357/2357/2357 2359/2359/2359

f 2346/2346/2346 2360/2360/2360 2347/2347/2347

f 2695/2695/2695 1956/1956/1956 656/656/656

f 2361/2361/2361 2332/2332/2332 2331/2331/2331

f 2357/2357/2357 2347/2347/2347 2360/2360/2360

f 2360/2360/2360 2346/2346/2346 2362/2362/2362

f 2340/2340/2340 2333/2333/2333 2335/2335/2335

f 2363/2363/2363 2364/2364/2364 2365/2365/2365

f 2366/2366/2366 2364/2364/2364 2363/2363/2363

f 2367/2367/2367 2357/2357/2357 2368/2368/2368

f 2368/2368/2368 2357/2357/2357 2360/2360/2360

f 2364/2364/2364 2330/2330/2330 2329/2329/2329

f 2365/2365/2365 2328/2328/2328 2369/2369/2369

f 2364/2364/2364 2329/2329/2329 2365/2365/2365

f 2330/2330/2330 2364/2364/2364 2370/2370/2370

f 2328/2328/2328 2365/2365/2365 2329/2329/2329

f 1883/1883/1883 2361/2361/2361 2331/2331/2331

f 2371/2371/2371 740/740/740 2373/2373/2373

f 696/696/696 2373/2373/2373 740/740/740

f 740/740/740 2371/2371/2371 2372/2372/2372

f 730/730/730 2374/2374/2374 2386/2386/2386

f 2376/2376/2376 1986/1986/1986 1990/1990/1990

f 1974/1974/1974 671/671/671 2375/2375/2375

f 1988/1988/1988 2377/2377/2377 1990/1990/1990

f 2373/2373/2373 696/696/696 2378/2378/2378

f 730/730/730 2386/2386/2386 687/687/687

f 2379/2379/2379 2380/2380/2380 2381/2381/2381

f 2380/2380/2380 2379/2379/2379 2383/2383/2383

f 2382/2382/2382 2381/2381/2381 2380/2380/2380

f 2382/2382/2382 2384/2384/2384 2381/2381/2381

f 2384/2384/2384 2382/2382/2382 2385/2385/2385

f 2387/2387/2387 2388/2388/2388 2380/2380/2380

f 2380/2380/2380 2388/2388/2388 2382/2382/2382

f 2386/2386/2386 2374/2374/2374 1349/1349/1349

f 1350/1350/1350 1349/1349/1349 2374/2374/2374

f 2378/2378/2378 2389/2389/2389 2390/2390/2390

f 1987/1987/1987 1986/1986/1986 2376/2376/2376

f 1935/1935/1935 1987/1987/1987 2376/2376/2376

f 1987/1987/1987 1935/1935/1935 1934/1934/1934

f 1990/1990/1990 2391/2391/2391 2376/2376/2376

f 2390/2390/2390 2389/2389/2389 2392/2392/2392

f 2391/2391/2391 1990/1990/1990 2377/2377/2377

f 728/728/728 2392/2392/2392 2389/2389/2389

f 2394/2394/2394 2395/2395/2395 2393/2393/2393

f 1935/1935/1935 2376/2376/2376 1949/1949/1949

f 2396/2396/2396 1949/1949/1949 2376/2376/2376

f 2397/2397/2397 2396/2396/2396 2376/2376/2376

f 1949/1949/1949 2396/2396/2396 2398/2398/2398

f 2399/2399/2399 2375/2375/2375 671/671/671

f 2397/2397/2397 2376/2376/2376 2391/2391/2391

f 2379/2379/2379 2391/2391/2391 2377/2377/2377

f 2381/2381/2381 2397/2397/2397 2391/2391/2391

f 2391/2391/2391 2379/2379/2379 2381/2381/2381

f 2396/2396/2396 2397/2397/2397 2384/2384/2384

f 2397/2397/2397 2381/2381/2381 2384/2384/2384

f 2399/2399/2399 687/687/687 2375/2375/2375

f 2400/2400/2400 2398/2398/2398 2401/2401/2401

f 2398/2398/2398 2400/2400/2400 1949/1949/1949

f 2403/2403/2403 2408/2408/2408 2402/2402/2402

f 2409/2409/2409 2404/2404/2404 2405/2405/2405

f 2409/2409/2409 2405/2405/2405 2406/2406/2406

f 2410/2410/2410 2407/2407/2407 2404/2404/2404

f 2424/2424/2424 2411/2411/2411 2407/2407/2407

f 3472/3472/3472 2403/2403/2403 2412/2412/2412

f 2413/2413/2413 3472/3472/3472 2412/2412/2412

f 2403/2403/2403 2402/2402/2402 2423/2423/2423

f 2407/2407/2407 2410/2410/2410 2424/2424/2424

f 2415/2415/2415 2416/2416/2416 2417/2417/2417

f 2414/2414/2414 2416/2416/2416 2418/2418/2418

f 2417/2417/2417 1763/1763/1763 2415/2415/2415

f 2409/2409/2409 2406/2406/2406 2419/2419/2419

f 2420/2420/2420 2413/2413/2413 2421/2421/2421

f 2420/2420/2420 3648/3648/3648 2413/2413/2413

f 2416/2416/2416 2415/2415/2415 2411/2411/2411

f 2421/2421/2421 2413/2413/2413 2412/2412/2412

f 2421/2421/2421 2412/2412/2412 2403/2403/2403

f 2423/2423/2423 2421/2421/2421 2403/2403/2403

f 2411/2411/2411 2415/2415/2415 2422/2422/2422

f 1768/1768/1768 2420/2420/2420 1767/1767/1767

f 2404/2404/2404 2409/2409/2409 2410/2410/2410

f 2428/2428/2428 2411/2411/2411 2424/2424/2424

f 1768/1768/1768 3648/3648/3648 2420/2420/2420

f 1767/1767/1767 2420/2420/2420 2421/2421/2421

f 1765/1765/1765 1767/1767/1767 2421/2421/2421

f 2421/2421/2421 2423/2423/2423 1765/1765/1765

f 2418/2418/2418 2425/2425/2425 2414/2414/2414

f 2426/2426/2426 3640/3640/3640 2414/2414/2414

f 2425/2425/2425 2426/2426/2426 2414/2414/2414

f 2427/2427/2427 2425/2425/2425 2418/2418/2418

f 2409/2409/2409 2426/2426/2426 2410/2410/2410

f 2425/2425/2425 2410/2410/2410 2426/2426/2426

f 2419/2419/2419 2426/2426/2426 2409/2409/2409

f 2428/2428/2428 2418/2418/2418 2416/2416/2416

f 2418/2418/2418 2428/2428/2428 2427/2427/2427

f 2411/2411/2411 2428/2428/2428 2416/2416/2416

f 2427/2427/2427 2428/2428/2428 2424/2424/2424

f 2424/2424/2424 2410/2410/2410 2427/2427/2427

f 2410/2410/2410 2425/2425/2425 2427/2427/2427

f 2429/2429/2429 2438/2438/2438 2430/2430/2430

f 2431/2431/2431 2432/2432/2432 2433/2433/2433

f 2436/2436/2436 2434/2434/2434 2435/2435/2435

f 2439/2439/2439 2437/2437/2437 3456/3456/3456

f 2437/2437/2437 2444/2444/2444 3456/3456/3456

f 2432/2432/2432 2431/2431/2431 2448/2448/2448

f 2439/2439/2439 2440/2440/2440 2441/2441/2441

f 2430/2430/2430 2438/2438/2438 2442/2442/2442

f 3456/3456/3456 2440/2440/2440 2439/2439/2439

f 3449/3449/3449 2448/2448/2448 2431/2431/2431

f 2446/2446/2446 2447/2447/2447 2445/2445/2445

f 2448/2448/2448 3449/3449/3449 2442/2442/2442

f 2442/2442/2442 3449/3449/3449 2430/2430/2430

f 2443/2443/2443 2449/2449/2449 2450/2450/2450

f 2443/2443/2443 2444/2444/2444 2437/2437/2437

f 2444/2444/2444 2443/2443/2443 2450/2450/2450

f 2453/2453/2453 2454/2454/2454 2455/2455/2455

f 2453/2453/2453 2456/2456/2456 2454/2454/2454

f 2459/2459/2459 2456/2456/2456 2497/2497/2497

f 2460/2460/2460 2473/2473/2473 2458/2458/2458

f 2462/2462/2462 2461/2461/2461 2475/2475/2475

f 2492/2492/2492 2465/2465/2465 2463/2463/2463

f 2451/2451/2451 2466/2466/2466 2467/2467/2467

f 2470/2470/2470 2455/2455/2455 2471/2471/2471

f 2472/2472/2472 2468/2468/2468 2469/2469/2469

f 2043/2043/2043 2044/2044/2044 2486/2486/2486

f 2004/2004/2004 3683/3683/3683 2483/2483/2483

f 2452/2452/2452 2451/2451/2451 2473/2473/2473

f 2476/2476/2476 2477/2477/2477 2478/2478/2478

f 2479/2479/2479 2474/2474/2474 2471/2471/2471

f 2460/2460/2460 2452/2452/2452 2473/2473/2473

f 2523/2523/2523 2463/2463/2463 2484/2484/2484

f 2456/2456/2456 2459/2459/2459 2478/2478/2478

f 2517/2517/2517 2485/2485/2485 2621/2621/2621

f 2487/2487/2487 2456/2456/2456 2453/2453/2453

f 2458/2458/2458 2488/2488/2488 2457/2457/2457

f 2455/2455/2455 2470/2470/2470 2453/2453/2453

f 2487/2487/2487 2489/2489/2489 2456/2456/2456

f 2489/2489/2489 2497/2497/2497 2456/2456/2456

f 2458/2458/2458 2457/2457/2457 2460/2460/2460

f 2471/2471/2471 2474/2474/2474 2470/2470/2470

f 2491/2491/2491 2490/2490/2490 2631/2631/2631

f 2465/2465/2465 2492/2492/2492 2464/2464/2464

f 2452/2452/2452 2460/2460/2460 2495/2495/2495

f 2494/2494/2494 2492/2492/2492 2463/2463/2463

f 2497/2497/2497 2489/2489/2489 2498/2498/2498

f 2499/2499/2499 2493/2493/2493 2496/2496/2496

f 2483/2483/2483 3683/3683/3683 3689/3689/3689

f 2493/2493/2493 2495/2495/2495 2460/2460/2460

f 2495/2495/2495 2493/2493/2493 2499/2499/2499

f 2494/2494/2494 2463/2463/2463 2523/2523/2523

f 2500/2500/2500 2501/2501/2501 2502/2502/2502

f 2503/2503/2503 2464/2464/2464 2492/2492/2492

f 2478/2478/2478 2504/2504/2504 2456/2456/2456

f 2505/2505/2505 2506/2506/2506 3721/3721/3721

f 2464/2464/2464 2503/2503/2503 3716/3716/3716

f 3716/3716/3716 2503/2503/2503 2507/2507/2507

f 2501/2501/2501 2510/2510/2510 2502/2502/2502

f 2501/2501/2501 2511/2511/2511 2510/2510/2510

f 2501/2501/2501 2615/2615/2615 2511/2511/2511

f 2507/2507/2507 2503/2503/2503 2512/2512/2512

f 2451/2451/2451 2467/2467/2467 2513/2513/2513

f 2004/2004/2004 2483/2483/2483 2482/2482/2482

f 2475/2475/2475 2472/2472/2472 2514/2514/2514

f 2472/2472/2472 2475/2475/2475 2468/2468/2468

f 2515/2515/2515 1384/1384/1384 2516/2516/2516

f 1384/1384/1384 2515/2515/2515 1382/1382/1382

f 1382/1382/1382 2515/2515/2515 3384/3384/3384

f 2728/2728/2728 2485/2485/2485 2517/2517/2517

f 2492/2492/2492 2494/2494/2494 2518/2518/2518

f 2520/2520/2520 2494/2494/2494 2519/2519/2519

f 2515/2515/2515 2516/2516/2516 2521/2521/2521

f 2475/2475/2475 2514/2514/2514 2462/2462/2462

f 2522/2522/2522 2519/2519/2519 2494/2494/2494

f 2522/2522/2522 2494/2494/2494 2523/2523/2523

f 2524/2524/2524 2525/2525/2525 2526/2526/2526

f 2529/2529/2529 2527/2527/2527 2530/2530/2530

f 2531/2531/2531 2532/2532/2532 2533/2533/2533

f 2538/2538/2538 2530/2530/2530 2534/2534/2534

f 2536/2536/2536 2525/2525/2525 2524/2524/2524

f 2541/2541/2541 2548/2548/2548 2537/2537/2537

f 2539/2539/2539 2531/2531/2531 2540/2540/2540

f 2548/2548/2548 2541/2541/2541 2542/2542/2542

f 2542/2542/2542 2534/2534/2534 2548/2548/2548

f 2531/2531/2531 2539/2539/2539 2532/2532/2532

f 2534/2534/2534 2542/2542/2542 2538/2538/2538

f 2533/2533/2533 2543/2543/2543 2531/2531/2531

f 2533/2533/2533 2529/2529/2529 2543/2543/2543

f 2529/2529/2529 2533/2533/2533 2545/2545/2545

f 2544/2544/2544 3288/3288/3288 2546/2546/2546

f 2544/2544/2544 2546/2546/2546 2547/2547/2547

f 2529/2529/2529 2530/2530/2530 2538/2538/2538

f 2553/2553/2553 2537/2537/2537 2548/2548/2548

f 2529/2529/2529 2549/2549/2549 2527/2527/2527

f 2537/2537/2537 2553/2553/2553 2554/2554/2554

f 2550/2550/2550 2548/2548/2548 2534/2534/2534

f 2530/2530/2530 2527/2527/2527 2534/2534/2534

f 2548/2548/2548 2550/2550/2550 2553/2553/2553

f 2534/2534/2534 2527/2527/2527 2550/2550/2550

f 2553/2553/2553 2550/2550/2550 2528/2528/2528

f 2527/2527/2527 2528/2528/2528 2550/2550/2550

f 2555/2555/2555 2553/2553/2553 2528/2528/2528

f 2554/2554/2554 2553/2553/2553 2555/2555/2555

f 2558/2558/2558 2551/2551/2551 2556/2556/2556

f 2551/2551/2551 2557/2557/2557 2552/2552/2552

f 2528/2528/2528 2527/2527/2527 2549/2549/2549

f 2559/2559/2559 2526/2526/2526 2525/2525/2525

f 2557/2557/2557 2551/2551/2551 2558/2558/2558

f 2556/2556/2556 2561/2561/2561 2558/2558/2558

f 2529/2529/2529 2545/2545/2545 2549/2549/2549

f 2549/2549/2549 2545/2545/2545 2563/2563/2563

f 2549/2549/2549 2526/2526/2526 2559/2559/2559

f 2526/2526/2526 2549/2549/2549 2563/2563/2563

f 2560/2560/2560 3314/3314/3314 1229/1229/1229

f 2560/2560/2560 2562/2562/2562 2564/2564/2564

f 2566/2566/2566 2565/2565/2565 2567/2567/2567

f 2967/2967/2967 2958/2958/2958 2567/2567/2567

f 2566/2566/2566 2567/2567/2567 2958/2958/2958

f 2562/2562/2562 2957/2957/2957 2564/2564/2564

f 2568/2568/2568 2569/2569/2569 2570/2570/2570

f 2573/2573/2573 2574/2574/2574 2575/2575/2575

f 2576/2576/2576 2577/2577/2577 2587/2587/2587

f 2578/2578/2578 2579/2579/2579 2577/2577/2577

f 2579/2579/2579 2587/2587/2587 2577/2577/2577

f 2578/2578/2578 2580/2580/2580 2579/2579/2579

f 2581/2581/2581 2591/2591/2591 2582/2582/2582

f 1398/1398/1398 2586/2586/2586 2587/2587/2587

f 2587/2587/2587 2586/2586/2586 2576/2576/2576

f 2583/2583/2583 2584/2584/2584 2588/2588/2588

f 1398/1398/1398 1399/1399/1399 2586/2586/2586

f 2620/2620/2620 2573/2573/2573 2569/2569/2569

f 2517/2517/2517 2621/2621/2621 2572/2572/2572

f 2589/2589/2589 2590/2590/2590 2705/2705/2705

f 2591/2591/2591 2592/2592/2592 2582/2582/2582

f 2592/2592/2592 2591/2591/2591 2593/2593/2593

f 2594/2594/2594 2585/2585/2585 2595/2595/2595

f 2596/2596/2596 2611/2611/2611 2597/2597/2597

f 2611/2611/2611 2598/2598/2598 2597/2597/2597

f 2592/2592/2592 2593/2593/2593 2599/2599/2599

f 2594/2594/2594 2595/2595/2595 2600/2600/2600

f 2602/2602/2602 2587/2587/2587 2579/2579/2579

f 2583/2583/2583 2603/2603/2603 2596/2596/2596

f 2627/2627/2627 2580/2580/2580 2578/2578/2578

f 2580/2580/2580 2602/2602/2602 2579/2579/2579

f 2605/2605/2605 1398/1398/1398 2587/2587/2587

f 2607/2607/2607 2584/2584/2584 2606/2606/2606

f 2584/2584/2584 2607/2607/2607 2588/2588/2588

f 2608/2608/2608 2583/2583/2583 2588/2588/2588

f 1400/1400/1400 2609/2609/2609 2606/2606/2606

f 2574/2574/2574 1378/1378/1378 2575/2575/2575

f 2636/2636/2636 2610/2610/2610 2611/2611/2611

f 2636/2636/2636 2596/2596/2596 2603/2603/2603

f 2612/2612/2612 2610/2610/2610 2613/2613/2613

f 2614/2614/2614 2615/2615/2615 2585/2585/2585

f 2616/2616/2616 2583/2583/2583 2608/2608/2608

f 2588/2588/2588 2607/2607/2607 2608/2608/2608

f 2603/2603/2603 2583/2583/2583 2616/2616/2616

f 2604/2604/2604 2585/2585/2585 2615/2615/2615

f 2602/2602/2602 2580/2580/2580 2627/2627/2627

f 1400/1400/1400 1389/1389/1389 2609/2609/2609

f 2606/2606/2606 2609/2609/2609 2607/2607/2607

f 2589/2589/2589 2705/2705/2705 2619/2619/2619

f 2605/2605/2605 2587/2587/2587 2602/2602/2602

f 2585/2585/2585 2594/2594/2594 2617/2617/2617

f 2618/2618/2618 1378/1378/1378 2574/2574/2574

f 2623/2623/2623 2622/2622/2622 2624/2624/2624

f 2625/2625/2625 2623/2623/2623 2624/2624/2624

f 2617/2617/2617 2614/2614/2614 2585/2585/2585

f 2620/2620/2620 2569/2569/2569 2568/2568/2568

f 2627/2627/2627 2626/2626/2626 2602/2602/2602

f 2626/2626/2626 2627/2627/2627 2628/2628/2628

f 2630/2630/2630 2629/2629/2629 2631/2631/2631

f 2601/2601/2601 2619/2619/2619 2705/2705/2705

f 2634/2634/2634 2632/2632/2632 2635/2635/2635

f 2607/2607/2607 2616/2616/2616 2608/2608/2608

f 2633/2633/2633 2632/2632/2632 2634/2634/2634

f 2632/2632/2632 2633/2633/2633 1386/1386/1386

f 2574/2574/2574 2573/2573/2573 2620/2620/2620

f 2610/2610/2610 2636/2636/2636 2637/2637/2637

f 2638/2638/2638 2639/2639/2639 2512/2512/2512

f 2615/2615/2615 2614/2614/2614 2511/2511/2511

f 2508/2508/2508 2636/2636/2636 2603/2603/2603

f 2508/2508/2508 2509/2509/2509 2636/2636/2636

f 2507/2507/2507 2512/2512/2512 2639/2639/2639

f 2596/2596/2596 2636/2636/2636 2611/2611/2611

f 2611/2611/2611 2610/2610/2610 2612/2612/2612

f 2572/2572/2572 2621/2621/2621 2571/2571/2571

f 2640/2640/2640 2641/2641/2641 2642/2642/2642

f 2643/2643/2643 2644/2644/2644 2645/2645/2645

f 2643/2643/2643 2645/2645/2645 2667/2667/2667

f 2647/2647/2647 829/829/829 2648/2648/2648

f 2675/2675/2675 2649/2649/2649 2650/2650/2650

f 2651/2651/2651 2648/2648/2648 829/829/829

f 821/821/821 846/846/846 2652/2652/2652

f 846/846/846 840/840/840 2652/2652/2652

f 2653/2653/2653 821/821/821 2652/2652/2652

f 2653/2653/2653 2652/2652/2652 840/840/840

f 2654/2654/2654 825/825/825 821/821/821

f 2655/2655/2655 821/821/821 2653/2653/2653

f 821/821/821 2655/2655/2655 2654/2654/2654

f 2656/2656/2656 2653/2653/2653 840/840/840

f 2653/2653/2653 2656/2656/2656 2655/2655/2655

f 2657/2657/2657 2655/2655/2655 2656/2656/2656

f 2656/2656/2656 2659/2659/2659 2658/2658/2658

f 2656/2656/2656 2658/2658/2658 2657/2657/2657

f 2646/2646/2646 2647/2647/2647 2648/2648/2648

f 2659/2659/2659 2656/2656/2656 840/840/840

f 2648/2648/2648 2659/2659/2659 2646/2646/2646

f 1487/1487/1487 2660/2660/2660 2690/2690/2690

f 2661/2661/2661 2662/2662/2662 2663/2663/2663

f 1316/1316/1316 2664/2664/2664 2665/2665/2665

f 2664/2664/2664 1316/1316/1316 1311/1311/1311

f 2666/2666/2666 1314/1314/1314 1307/1307/1307

f 2668/2668/2668 1306/1306/1306 1314/1314/1314

f 2669/2669/2669 2670/2670/2670 2671/2671/2671

f 2671/2671/2671 2670/2670/2670 2672/2672/2672

f 1471/1471/1471 1316/1316/1316 2665/2665/2665

f 2671/2671/2671 1475/1475/1475 2669/2669/2669

f 2671/2671/2671 1473/1473/1473 1475/1475/1475

f 2666/2666/2666 2650/2650/2650 2668/2668/2668

f 2675/2675/2675 2650/2650/2650 2666/2666/2666

f 2673/2673/2673 2674/2674/2674 2679/2679/2679

f 2667/2667/2667 2645/2645/2645 815/815/815

f 2666/2666/2666 1307/1307/1307 2675/2675/2675

f 2535/2535/2535 2675/2675/2675 1307/1307/1307

f 2682/2682/2682 2535/2535/2535 2676/2676/2676

f 2676/2676/2676 2674/2674/2674 2682/2682/2682

f 2674/2674/2674 2676/2676/2676 2677/2677/2677

f 2674/2674/2674 2673/2673/2673 2678/2678/2678

f 2679/2679/2679 2674/2674/2674 2677/2677/2677

f 2680/2680/2680 2679/2679/2679 2662/2662/2662

f 2679/2679/2679 2680/2680/2680 2673/2673/2673

f 2681/2681/2681 2678/2678/2678 2673/2673/2673

f 2661/2661/2661 2680/2680/2680 2662/2662/2662

f 2681/2681/2681 2673/2673/2673 2680/2680/2680

f 2678/2678/2678 2682/2682/2682 2674/2674/2674

f 2682/2682/2682 2678/2678/2678 2683/2683/2683

f 2682/2682/2682 2684/2684/2684 2535/2535/2535

f 2684/2684/2684 2682/2682/2682 2683/2683/2683

f 2685/2685/2685 2675/2675/2675 2535/2535/2535

f 2685/2685/2685 2535/2535/2535 2684/2684/2684

f 2686/2686/2686 2683/2683/2683 2678/2678/2678

f 2688/2688/2688 2684/2684/2684 2683/2683/2683

f 2649/2649/2649 2675/2675/2675 2685/2685/2685

f 2688/2688/2688 2685/2685/2685 2684/2684/2684

f 2686/2686/2686 2678/2678/2678 2681/2681/2681

f 2681/2681/2681 2680/2680/2680 2661/2661/2661

f 2683/2683/2683 2686/2686/2686 2687/2687/2687

f 2683/2683/2683 2687/2687/2687 2688/2688/2688

f 2685/2685/2685 2688/2688/2688 2649/2649/2649

f 1207/1207/1207 2663/2663/2663 2662/2662/2662

f 2660/2660/2660 1487/1487/1487 1445/1445/1445

f 1208/1208/1208 2663/2663/2663 1207/1207/1207

f 1439/1439/1439 2689/2689/2689 2660/2660/2660

f 2689/2689/2689 2691/2691/2691 2660/2660/2660

f 2660/2660/2660 2691/2691/2691 2690/2690/2690

f 1314/1314/1314 2666/2666/2666 2668/2668/2668

f 738/738/738 736/736/736 2693/2693/2693

f 2693/2693/2693 736/736/736 2695/2695/2695

f 747/747/747 2692/2692/2692 2694/2694/2694

f 2697/2697/2697 673/673/673 2698/2698/2698

f 3257/3257/3257 2699/2699/2699 676/676/676

f 2700/2700/2700 1350/1350/1350 2374/2374/2374

f 2701/2701/2701 2702/2702/2702 2601/2601/2601

f 2701/2701/2701 2601/2601/2601 2705/2705/2705

f 1391/1391/1391 1393/1393/1393 2703/2703/2703

f 2702/2702/2702 2701/2701/2701 2704/2704/2704

f 2575/2575/2575 1378/1378/1378 1377/1377/1377

f 2374/2374/2374 2696/2696/2696 2700/2700/2700

f 1379/1379/1379 2710/2710/2710 1385/1385/1385

f 1385/1385/1385 2710/2710/2710 2711/2711/2711

f 2744/2744/2744 2713/2713/2713 2712/2712/2712

f 2712/2712/2712 2743/2743/2743 2744/2744/2744

f 2747/2747/2747 2715/2715/2715 2717/2717/2717

f 2716/2716/2716 2715/2715/2715 2747/2747/2747

f 2714/2714/2714 2718/2718/2718 2745/2745/2745

f 2718/2718/2718 2714/2714/2714 2719/2719/2719

f 677/677/677 676/676/676 2720/2720/2720

f 2721/2721/2721 2722/2722/2722 2730/2730/2730

f 2723/2723/2723 2738/2738/2738 2724/2724/2724

f 676/676/676 2699/2699/2699 2720/2720/2720

f 1956/1956/1956 2695/2695/2695 736/736/736

f 2738/2738/2738 2723/2723/2723 2728/2728/2728

f 2729/2729/2729 2725/2725/2725 2727/2727/2727

f 2731/2731/2731 2732/2732/2732 2725/2725/2725

f 2734/2734/2734 2732/2732/2732 2731/2731/2731

f 2734/2734/2734 2701/2701/2701 2732/2732/2732

f 2736/2736/2736 2735/2735/2735 2724/2724/2724

f 1391/1391/1391 2703/2703/2703 2733/2733/2733

f 2736/2736/2736 1377/1377/1377 2735/2735/2735

f 2725/2725/2725 2726/2726/2726 2731/2731/2731

f 2734/2734/2734 2704/2704/2704 2701/2701/2701

f 2724/2724/2724 2738/2738/2738 2736/2736/2736

f 2737/2737/2737 2701/2701/2701 2705/2705/2705

f 1377/1377/1377 2736/2736/2736 2575/2575/2575

f 2706/2706/2706 2739/2739/2739 2707/2707/2707

f 2708/2708/2708 2739/2739/2739 2706/2706/2706

f 2740/2740/2740 3578/3578/3578 2708/2708/2708

f 2741/2741/2741 2707/2707/2707 2739/2739/2739

f 2739/2739/2739 2708/2708/2708 2742/2742/2742

f 2742/2742/2742 2708/2708/2708 3578/3578/3578

f 2753/2753/2753 2712/2712/2712 2165/2165/2165

f 2753/2753/2753 2743/2743/2743 2712/2712/2712

f 2715/2715/2715 2746/2746/2746 3861/3861/3861

f 2745/2745/2745 2748/2748/2748 2714/2714/2714

f 2716/2716/2716 2746/2746/2746 2715/2715/2715

f 2748/2748/2748 2745/2745/2745 2749/2749/2749

f 2747/2747/2747 2750/2750/2750 2716/2716/2716

f 2748/2748/2748 2749/2749/2749 2752/2752/2752

f 2743/2743/2743 2753/2753/2753 2751/2751/2751

f 2750/2750/2750 2746/2746/2746 2716/2716/2716

f 2754/2754/2754 2755/2755/2755 2740/2740/2740

f 2740/2740/2740 2755/2755/2755 3578/3578/3578

f 2374/2374/2374 730/730/730 2696/2696/2696

f 2696/2696/2696 730/730/730 731/731/731

f 673/673/673 2697/2697/2697 731/731/731

f 2692/2692/2692 747/747/747 739/739/739

f 731/731/731 2697/2697/2697 2696/2696/2696

f 2692/2692/2692 739/739/739 738/738/738

f 2765/2765/2765 2757/2757/2757 2759/2759/2759

f 2979/2979/2979 2763/2763/2763 2758/2758/2758

f 2770/2770/2770 2768/2768/2768 3666/3666/3666

f 2771/2771/2771 2772/2772/2772 2765/2765/2765

f 2768/2768/2768 2770/2770/2770 2773/2773/2773

f 2546/2546/2546 2774/2774/2774 2775/2775/2775

f 2776/2776/2776 2777/2777/2777 2791/2791/2791

f 2777/2777/2777 2767/2767/2767 2781/2781/2781

f 2762/2762/2762 2779/2779/2779 2778/2778/2778

f 2778/2778/2778 2780/2780/2780 2762/2762/2762

f 2780/2780/2780 2778/2778/2778 2783/2783/2783

f 3304/3304/3304 4249/4249/4249 2784/2784/2784

f 2785/2785/2785 2766/2766/2766 3665/3665/3665

f 2793/2793/2793 2787/2787/2787 2945/2945/2945

f 2769/2769/2769 2782/2782/2782 2762/2762/2762

f 2795/2795/2795 2787/2787/2787 2793/2793/2793

f 2788/2788/2788 2789/2789/2789 2804/2804/2804

f 2781/2781/2781 2791/2791/2791 2777/2777/2777

f 2790/2790/2790 2791/2791/2791 2781/2781/2781

f 2792/2792/2792 2796/2796/2796 2797/2797/2797

f 2795/2795/2795 2793/2793/2793 2798/2798/2798

f 2756/2756/2756 2792/2792/2792 2797/2797/2797

f 2804/2804/2804 2799/2799/2799 2788/2788/2788

f 2788/2788/2788 2799/2799/2799 2800/2800/2800

f 2799/2799/2799 2801/2801/2801 2800/2800/2800

f 2803/2803/2803 2799/2799/2799 2804/2804/2804

f 2762/2762/2762 2782/2782/2782 2779/2779/2779

f 2799/2799/2799 2802/2802/2802 2801/2801/2801

f 2756/2756/2756 2805/2805/2805 2792/2792/2792

f 2789/2789/2789 2806/2806/2806 2804/2804/2804

f 2782/2782/2782 2758/2758/2758 2763/2763/2763

f 2805/2805/2805 2756/2756/2756 2764/2764/2764

f 2769/2769/2769 2758/2758/2758 2782/2782/2782

f 2773/2773/2773 2807/2807/2807 2768/2768/2768

f 3665/3665/3665 2768/2768/2768 2785/2785/2785

f 2785/2785/2785 2768/2768/2768 2807/2807/2807

f 2760/2760/2760 2808/2808/2808 2809/2809/2809

f 2808/2808/2808 2760/2760/2760 2761/2761/2761

f 2757/2757/2757 2765/2765/2765 2772/2772/2772

f 2810/2810/2810 2812/2812/2812 2815/2815/2815

f 2811/2811/2811 2810/2810/2810 2823/2823/2823

f 2812/2812/2812 2810/2810/2810 2811/2811/2811

f 2812/2812/2812 2811/2811/2811 2814/2814/2814

f 2823/2823/2823 2810/2810/2810 2819/2819/2819

f 2816/2816/2816 2810/2810/2810 2815/2815/2815

f 2816/2816/2816 2817/2817/2817 2819/2819/2819

f 2810/2810/2810 2816/2816/2816 2819/2819/2819

f 2840/2840/2840 2822/2822/2822 4049/4049/4049

f 2840/2840/2840 4049/4049/4049 4307/4307/4307

f 2821/2821/2821 2824/2824/2824 4042/4042/4042

f 2821/2821/2821 2825/2825/2825 2824/2824/2824

f 2827/2827/2827 2831/2831/2831 2828/2828/2828

f 2828/2828/2828 2837/2837/2837 2829/2829/2829

f 2832/2832/2832 2828/2828/2828 2831/2831/2831

f 2827/2827/2827 2818/2818/2818 2831/2831/2831

f 2834/2834/2834 2821/2821/2821 2835/2835/2835

f 2823/2823/2823 4310/4310/4310 2836/2836/2836

f 2816/2816/2816 2832/2832/2832 2831/2831/2831

f 4028/4028/4028 2222/2222/2222 2830/2830/2830

f 2816/2816/2816 2831/2831/2831 2818/2818/2818

f 2817/2817/2817 2816/2816/2816 2818/2818/2818

f 2832/2832/2832 2816/2816/2816 2815/2815/2815

f 2838/2838/2838 2820/2820/2820 4024/4024/4024

f 2820/2820/2820 2838/2838/2838 2826/2826/2826

f 2840/2840/2840 2839/2839/2839 2822/2822/2822

f 2833/2833/2833 2820/2820/2820 2826/2826/2826

f 2821/2821/2821 2834/2834/2834 2825/2825/2825

f 2842/2842/2842 2841/2841/2841 2843/2843/2843

f 2843/2843/2843 2844/2844/2844 2842/2842/2842

f 2843/2843/2843 2845/2845/2845 2844/2844/2844

f 2846/2846/2846 2844/2844/2844 2847/2847/2847

f 2841/2841/2841 2342/2342/2342 2843/2843/2843

f 2850/2850/2850 687/687/687 1337/1337/1337

f 2848/2848/2848 2849/2849/2849 2851/2851/2851

f 2852/2852/2852 2853/2853/2853 2849/2849/2849

f 2849/2849/2849 2848/2848/2848 2852/2852/2852

f 2854/2854/2854 2848/2848/2848 2851/2851/2851

f 2852/2852/2852 2855/2855/2855 2853/2853/2853

f 2848/2848/2848 2856/2856/2856 2852/2852/2852

f 1337/1337/1337 2375/2375/2375 2850/2850/2850

f 2857/2857/2857 2858/2858/2858 2859/2859/2859

f 2860/2860/2860 2857/2857/2857 2859/2859/2859

f 2861/2861/2861 2862/2862/2862 2858/2858/2858

f 2858/2858/2858 2857/2857/2857 2861/2861/2861

f 2861/2861/2861 2863/2863/2863 2862/2862/2862

f 2857/2857/2857 1950/1950/1950 2861/2861/2861

f 2850/2850/2850 2375/2375/2375 687/687/687

f 2864/2864/2864 2865/2865/2865 2866/2866/2866

f 2400/2400/2400 2401/2401/2401 2865/2865/2865

f 2865/2865/2865 2864/2864/2864 2400/2400/2400

f 2867/2867/2867 2864/2864/2864 2866/2866/2866

f 2864/2864/2864 1949/1949/1949 2400/2400/2400

f 2845/2845/2845 2843/2843/2843 2342/2342/2342

f 2342/2342/2342 2854/2854/2854 2845/2845/2845

f 2342/2342/2342 2856/2856/2856 2854/2854/2854

f 2868/2868/2868 2842/2842/2842 2846/2846/2846

f 2342/2342/2342 2353/2353/2353 2856/2856/2856

f 2353/2353/2353 2869/2869/2869 2856/2856/2856

f 2848/2848/2848 2854/2854/2854 2856/2856/2856

f 2855/2855/2855 2852/2852/2852 2856/2856/2856

f 2856/2856/2856 2860/2860/2860 2855/2855/2855

f 2856/2856/2856 2869/2869/2869 1950/1950/1950

f 2870/2870/2870 2871/2871/2871 2872/2872/2872

f 2353/2353/2353 2356/2356/2356 2869/2869/2869

f 2872/2872/2872 2871/2871/2871 2873/2873/2873

f 2874/2874/2874 2875/2875/2875 2846/2846/2846

f 2868/2868/2868 2876/2876/2876 2842/2842/2842

f 2356/2356/2356 1954/1954/1954 2869/2869/2869

f 1951/1951/1951 1953/1953/1953 2869/2869/2869

f 1947/1947/1947 2869/2869/2869 1953/1953/1953

f 2869/2869/2869 1954/1954/1954 1951/1951/1951

f 2876/2876/2876 2868/2868/2868 2877/2877/2877

f 1954/1954/1954 2356/2356/2356 2878/2878/2878

f 2841/2841/2841 2842/2842/2842 2876/2876/2876

f 2341/2341/2341 2841/2841/2841 2876/2876/2876

f 2879/2879/2879 2401/2401/2401 2880/2880/2880

f 2841/2841/2841 2341/2341/2341 2342/2342/2342

f 2401/2401/2401 2879/2879/2879 2865/2865/2865

f 2881/2881/2881 2866/2866/2866 2865/2865/2865

f 2857/2857/2857 2860/2860/2860 1950/1950/1950

f 2856/2856/2856 1950/1950/1950 2860/2860/2860

f 2863/2863/2863 2861/2861/2861 1950/1950/1950

f 2846/2846/2846 2875/2875/2875 2868/2868/2868

f 2881/2881/2881 2865/2865/2865 2879/2879/2879

f 1950/1950/1950 2867/2867/2867 2863/2863/2863

f 1950/1950/1950 1949/1949/1949 2867/2867/2867

f 2864/2864/2864 2867/2867/2867 1949/1949/1949

f 2844/2844/2844 2846/2846/2846 2842/2842/2842

f 2866/2866/2866 2881/2881/2881 2882/2882/2882

f 2862/2862/2862 2883/2883/2883 2858/2858/2858

f 2851/2851/2851 2873/2873/2873 2884/2884/2884

f 2885/2885/2885 2859/2859/2859 2858/2858/2858

f 2883/2883/2883 2862/2862/2862 2886/2886/2886

f 2885/2885/2885 2858/2858/2858 2883/2883/2883

f 2859/2859/2859 2885/2885/2885 2887/2887/2887

f 2888/2888/2888 2889/2889/2889 2879/2879/2879

f 2879/2879/2879 2889/2889/2889 2881/2881/2881

f 2890/2890/2890 2891/2891/2891 2883/2883/2883

f 2883/2883/2883 2891/2891/2891 2885/2885/2885

f 2853/2853/2853 2872/2872/2872 2849/2849/2849

f 2873/2873/2873 2851/2851/2851 2849/2849/2849

f 2872/2872/2872 2853/2853/2853 2892/2892/2892

f 2873/2873/2873 2849/2849/2849 2872/2872/2872

f 2893/2893/2893 2894/2894/2894 2896/2896/2896

f 2937/2937/2937 2895/2895/2895 2896/2896/2896

f 2894/2894/2894 2893/2893/2893 2897/2897/2897

f 2893/2893/2893 2896/2896/2896 2895/2895/2895

f 2895/2895/2895 2937/2937/2937 2898/2898/2898

f 2899/2899/2899 2893/2893/2893 2900/2900/2900

f 2900/2900/2900 2893/2893/2893 2895/2895/2895

f 2901/2901/2901 2903/2903/2903 2904/2904/2904

f 2902/2902/2902 2903/2903/2903 2901/2901/2901

f 2905/2905/2905 2901/2901/2901 2904/2904/2904

f 1883/1883/1883 2324/2324/2324 1868/1868/1868

f 2906/2906/2906 2902/2902/2902 2901/2901/2901

f 2906/2906/2906 2907/2907/2907 2908/2908/2908

f 2907/2907/2907 2906/2906/2906 2905/2905/2905

f 2901/2901/2901 2905/2905/2905 2906/2906/2906

f 2902/2902/2902 2909/2909/2909 2903/2903/2903

f 2902/2902/2902 1881/1881/1881 2909/2909/2909

f 1881/1881/1881 2902/2902/2902 2906/2906/2906

f 1869/1869/1869 1881/1881/1881 2906/2906/2906

f 1322/1322/1322 2906/2906/2906 2908/2908/2908

f 2906/2906/2906 1322/1322/1322 2910/2910/2910

f 1328/1328/1328 2910/2910/2910 1322/1322/1322

f 2910/2910/2910 1328/1328/1328 2912/2912/2912

f 2912/2912/2912 2911/2911/2911 2910/2910/2910

f 1869/1869/1869 2906/2906/2906 2910/2910/2910

f 317/317/317 1869/1869/1869 2910/2910/2910

f 317/317/317 2910/2910/2910 2913/2913/2913

f 2914/2914/2914 2913/2913/2913 2910/2910/2910

f 317/317/317 2913/2913/2913 2915/2915/2915

f 2915/2915/2915 2916/2916/2916 317/317/317

f 2917/2917/2917 316/316/316 317/317/317

f 2914/2914/2914 2910/2910/2910 2911/2911/2911

f 2911/2911/2911 2912/2912/2912 2918/2918/2918

f 2911/2911/2911 2918/2918/2918 1347/1347/1347

f 1347/1347/1347 2914/2914/2914 2911/2911/2911

f 2913/2913/2913 2914/2914/2914 2919/2919/2919

f 2914/2914/2914 1347/1347/1347 2919/2919/2919

f 2920/2920/2920 2904/2904/2904 2903/2903/2903

f 2904/2904/2904 2920/2920/2920 2922/2922/2922

f 2920/2920/2920 2903/2903/2903 2921/2921/2921

f 2909/2909/2909 2921/2921/2921 2903/2903/2903

f 2921/2921/2921 2909/2909/2909 2923/2923/2923

f 2924/2924/2924 2920/2920/2920 2925/2925/2925

f 2925/2925/2925 2920/2920/2920 2921/2921/2921

f 2916/2916/2916 2915/2915/2915 2926/2926/2926

f 2916/2916/2916 2926/2926/2926 2930/2930/2930

f 349/349/349 1337/1337/1337 687/687/687

f 2917/2917/2917 317/317/317 2916/2916/2916

f 2926/2926/2926 2927/2927/2927 2930/2930/2930

f 2386/2386/2386 349/349/349 687/687/687

f 316/316/316 2917/2917/2917 2928/2928/2928

f 2927/2927/2927 2926/2926/2926 2929/2929/2929

f 2930/2930/2930 2917/2917/2917 2916/2916/2916

f 2917/2917/2917 2930/2930/2930 2928/2928/2928

f 2931/2931/2931 2928/2928/2928 2930/2930/2930

f 2931/2931/2931 2930/2930/2930 2927/2927/2927

f 2928/2928/2928 2931/2931/2931 2932/2932/2932

f 2933/2933/2933 2934/2934/2934 2927/2927/2927

f 2935/2935/2935 2896/2896/2896 2894/2894/2894

f 2323/2323/2323 2935/2935/2935 2894/2894/2894

f 2936/2936/2936 2896/2896/2896 2935/2935/2935

f 2936/2936/2936 2937/2937/2937 2896/2896/2896

f 2936/2936/2936 2907/2907/2907 2937/2937/2937

f 2908/2908/2908 2936/2936/2936 2935/2935/2935

f 2935/2935/2935 2323/2323/2323 2908/2908/2908

f 2927/2927/2927 2934/2934/2934 2931/2931/2931

f 2907/2907/2907 2936/2936/2936 2908/2908/2908

f 2798/2798/2798 2940/2940/2940 2941/2941/2941

f 2942/2942/2942 2943/2943/2943 2944/2944/2944

f 2970/2970/2970 2945/2945/2945 2946/2946/2946

f 2943/2943/2943 2939/2939/2939 2947/2947/2947

f 2793/2793/2793 2970/2970/2970 2798/2798/2798

f 2946/2946/2946 2945/2945/2945 2794/2794/2794

f 2970/2970/2970 2793/2793/2793 2945/2945/2945

f 2786/2786/2786 2942/2942/2942 2944/2944/2944

f 2956/2956/2956 2950/2950/2950 2951/2951/2951

f 2786/2786/2786 2955/2955/2955 2952/2952/2952

f 2953/2953/2953 2948/2948/2948 2949/2949/2949

f 2954/2954/2954 2953/2953/2953 2958/2958/2958

f 2953/2953/2953 2954/2954/2954 2948/2948/2948

f 2950/2950/2950 2957/2957/2957 2951/2951/2951

f 2564/2564/2564 2957/2957/2957 2950/2950/2950

f 2958/2958/2958 2967/2967/2967 2954/2954/2954

f 2939/2939/2939 2942/2942/2942 2790/2790/2790

f 2946/2946/2946 2794/2794/2794 2959/2959/2959

f 2979/2979/2979 2960/2960/2960 2961/2961/2961

f 2962/2962/2962 2961/2961/2961 2960/2960/2960

f 2942/2942/2942 2791/2791/2791 2790/2790/2790

f 2964/2964/2964 2963/2963/2963 2965/2965/2965

f 2967/2967/2967 2948/2948/2948 2954/2954/2954

f 2964/2964/2964 2966/2966/2966 2963/2963/2963

f 2963/2963/2963 2966/2966/2966 2546/2546/2546

f 2547/2547/2547 2546/2546/2546 2966/2966/2966

f 2949/2949/2949 2979/2979/2979 2758/2758/2758

f 2948/2948/2948 2967/2967/2967 2960/2960/2960

f 2960/2960/2960 2967/2967/2967 2962/2962/2962

f 2955/2955/2955 2786/2786/2786 2944/2944/2944

f 2967/2967/2967 2961/2961/2961 2962/2962/2962

f 2968/2968/2968 3027/3027/3027 2969/2969/2969

f 2961/2961/2961 2967/2967/2967 2567/2567/2567

f 2940/2940/2940 2968/2968/2968 2969/2969/2969

f 2968/2968/2968 2970/2970/2970 3027/3027/3027

f 2946/2946/2946 2959/2959/2959 2971/2971/2971

f 2972/2972/2972 2943/2943/2943 2947/2947/2947

f 2947/2947/2947 2938/2938/2938 2973/2973/2973

f 2968/2968/2968 2798/2798/2798 2970/2970/2970

f 2947/2947/2947 2939/2939/2939 2938/2938/2938

f 2974/2974/2974 2972/2972/2972 2975/2975/2975

f 4267/4267/4267 2974/2974/2974 2975/2975/2975

f 2943/2943/2943 2972/2972/2972 2976/2976/2976

f 2950/2950/2950 2956/2956/2956 2977/2977/2977

f 2798/2798/2798 2968/2968/2968 2940/2940/2940

f 2972/2972/2972 2974/2974/2974 2976/2976/2976

f 2979/2979/2979 2948/2948/2948 2960/2960/2960

f 2979/2979/2979 2949/2949/2949 2948/2948/2948

f 2943/2943/2943 2942/2942/2942 2939/2939/2939

f 2980/2980/2980 2981/2981/2981 2982/2982/2982

f 2982/2982/2982 2983/2983/2983 2980/2980/2980

f 2984/2984/2984 2985/2985/2985 2986/2986/2986

f 2987/2987/2987 1537/1537/1537 1539/1539/1539

f 2988/2988/2988 2989/2989/2989 2990/2990/2990

f 2986/2986/2986 2985/2985/2985 2991/2991/2991

f 2983/2983/2983 3001/3001/3001 2992/2992/2992

f 2986/2986/2986 2991/2991/2991 1505/1505/1505

f 2993/2993/2993 2992/2992/2992 3001/3001/3001

f 2989/2989/2989 2988/2988/2988 2994/2994/2994

f 941/941/941 2983/2983/2983 2982/2982/2982

f 2983/2983/2983 2995/2995/2995 2998/2998/2998

f 941/941/941 940/940/940 2995/2995/2995

f 940/940/940 2996/2996/2996 2995/2995/2995

f 2983/2983/2983 941/941/941 2995/2995/2995

f 3001/3001/3001 2983/2983/2983 2998/2998/2998

f 2999/2999/2999 3004/3004/3004 3000/3000/3000

f 2999/2999/2999 3000/3000/3000 943/943/943

f 2995/2995/2995 2996/2996/2996 3002/3002/3002

f 1440/1440/1440 3009/3009/3009 1448/1448/1448

f 947/947/947 951/951/951 3004/3004/3004

f 3019/3019/3019 3009/3009/3009 1440/1440/1440

f 2989/2989/2989 3005/3005/3005 3006/3006/3006

f 3005/3005/3005 2989/2989/2989 2994/2994/2994

f 3005/3005/3005 2994/2994/2994 3007/3007/3007

f 2995/2995/2995 3002/3002/3002 3008/3008/3008

f 3010/3010/3010 2990/2990/2990 2989/2989/2989

f 3008/3008/3008 2993/2993/2993 3001/3001/3001

f 2993/2993/2993 3008/3008/3008 1540/1540/1540

f 2988/2988/2988 3007/3007/3007 2994/2994/2994

f 2990/2990/2990 3010/3010/3010 3011/3011/3011

f 3000/3000/3000 3004/3004/3004 951/951/951

f 3007/3007/3007 2988/2988/2988 3012/3012/3012

f 2996/2996/2996 2997/2997/2997 3002/3002/3002

f 2997/2997/2997 1540/1540/1540 3002/3002/3002

f 1733/1733/1733 1670/1670/1670 3013/3013/3013

f 2988/2988/2988 2990/2990/2990 3014/3014/3014

f 3002/3002/3002 1540/1540/1540 3008/3008/3008

f 3014/3014/3014 3015/3015/3015 2988/2988/2988

f 3016/3016/3016 3017/3017/3017 3018/3018/3018

f 1504/1504/1504 2986/2986/2986 1505/1505/1505

f 3019/3019/3019 2141/2141/2141 3003/3003/3003

f 3022/3022/3022 3021/3021/3021 3023/3023/3023

f 3017/3017/3017 3016/3016/3016 3024/3024/3024

f 3019/3019/3019 3003/3003/3003 3009/3009/3009

f 3021/3021/3021 3022/3022/3022 3020/3020/3020

f 2128/2128/2128 3019/3019/3019 2127/2127/2127

f 3019/3019/3019 1440/1440/1440 2127/2127/2127

f 1501/1501/1501 3003/3003/3003 2141/2141/2141

f 2141/2141/2141 3019/3019/3019 2128/2128/2128

f 2799/2799/2799 3037/3037/3037 2802/2802/2802

f 3026/3026/3026 3025/3025/3025 2946/2946/2946

f 2971/2971/2971 3026/3026/3026 2946/2946/2946

f 3028/3028/3028 3025/3025/3025 3026/3026/3026

f 3029/3029/3029 3026/3026/3026 2971/2971/2971

f 3027/3027/3027 2970/2970/2970 3025/3025/3025

f 3039/3039/3039 2804/2804/2804 2806/2806/2806

f 2970/2970/2970 2946/2946/2946 3025/3025/3025

f 3030/3030/3030 3031/3031/3031 3032/3032/3032

f 3031/3031/3031 3049/3049/3049 3032/3032/3032

f 3025/3025/3025 3032/3032/3032 3027/3027/3027

f 3032/3032/3032 3025/3025/3025 3028/3028/3028

f 3675/3675/3675 3034/3034/3034 3035/3035/3035

f 3032/3032/3032 2969/2969/2969 3027/3027/3027

f 2799/2799/2799 2803/2803/2803 3036/3036/3036

f 3037/3037/3037 2799/2799/2799 3036/3036/3036

f 3036/3036/3036 2803/2803/2803 3039/3039/3039

f 2803/2803/2803 2804/2804/2804 3039/3039/3039

f 2806/2806/2806 3038/3038/3038 3039/3039/3039

f 3042/3042/3042 3036/3036/3036 3039/3039/3039

f 3036/3036/3036 3042/3042/3042 3040/3040/3040

f 3041/3041/3041 3036/3036/3036 3040/3040/3040

f 3036/3036/3036 3041/3041/3041 3037/3037/3037

f 3039/3039/3039 3038/3038/3038 3043/3043/3043

f 3042/3042/3042 3039/3039/3039 3044/3044/3044

f 3043/3043/3043 3044/3044/3044 3039/3039/3039

f 3045/3045/3045 3041/3041/3041 3040/3040/3040

f 3030/3030/3030 3040/3040/3040 3042/3042/3042

f 3044/3044/3044 3030/3030/3030 3042/3042/3042

f 3040/3040/3040 3030/3030/3030 3045/3045/3045

f 3031/3031/3031 3044/3044/3044 3043/3043/3043

f 3030/3030/3030 3044/3044/3044 3031/3031/3031

f 3026/3026/3026 3029/3029/3029 3028/3028/3028

f 2971/2971/2971 3046/3046/3046 3029/3029/3029

f 2969/2969/2969 3032/3032/3032 3047/3047/3047

f 3048/3048/3048 3030/3030/3030 3028/3028/3028

f 3028/3028/3028 3029/3029/3029 3048/3048/3048

f 3030/3030/3030 3048/3048/3048 3045/3045/3045

f 3030/3030/3030 3032/3032/3032 3028/3028/3028

f 3048/3048/3048 3029/3029/3029 3046/3046/3046

f 3047/3047/3047 3032/3032/3032 3049/3049/3049

f 2417/2417/2417 3050/3050/3050 3051/3051/3051

f 3052/3052/3052 3053/3053/3053 3050/3050/3050

f 3050/3050/3050 2417/2417/2417 3052/3052/3052

f 3051/3051/3051 3050/3050/3050 3053/3053/3053

f 3053/3053/3053 3054/3054/3054 3051/3051/3051

f 3071/3071/3071 1810/1810/1810 1802/1802/1802

f 3058/3058/3058 3056/3056/3056 3057/3057/3057

f 3056/3056/3056 3058/3058/3058 3055/3055/3055

f 3059/3059/3059 3060/3060/3060 3063/3063/3063

f 1802/1802/1802 1758/1758/1758 3061/3061/3061

f 3059/3059/3059 3063/3063/3063 3064/3064/3064

f 3059/3059/3059 3062/3062/3062 3067/3067/3067

f 3065/3065/3065 3068/3068/3068 3069/3069/3069

f 3068/3068/3068 3065/3065/3065 3066/3066/3066

f 3070/3070/3070 3059/3059/3059 3067/3067/3067

f 3071/3071/3071 1802/1802/1802 3061/3061/3061

f 3070/3070/3070 3060/3060/3060 3059/3059/3059

f 3072/3072/3072 3073/3073/3073 3074/3074/3074

f 3072/3072/3072 3075/3075/3075 3073/3073/3073

f 3076/3076/3076 3077/3077/3077 3078/3078/3078

f 3063/3063/3063 3060/3060/3060 3079/3079/3079

f 1759/1759/1759 3061/3061/3061 1758/1758/1758

f 3058/3058/3058 3081/3081/3081 3080/3080/3080

f 3081/3081/3081 3058/3058/3058 3082/3082/3082

f 3080/3080/3080 3055/3055/3055 3058/3058/3058

f 3083/3083/3083 3085/3085/3085 3089/3089/3089

f 3086/3086/3086 3084/3084/3084 3083/3083/3083

f 3074/3074/3074 3087/3087/3087 3086/3086/3086

f 3084/3084/3084 3086/3086/3086 3087/3087/3087

f 3074/3074/3074 3073/3073/3073 3087/3087/3087

f 3088/3088/3088 3089/3089/3089 3085/3085/3085

f 3089/3089/3089 3069/3069/3069 3068/3068/3068

f 3089/3089/3089 3088/3088/3088 3069/3069/3069

f 3090/3090/3090 3091/3091/3091 3142/3142/3142

f 3090/3090/3090 3142/3142/3142 3092/3092/3092

f 3093/3093/3093 3141/3141/3141 3094/3094/3094

f 3095/3095/3095 3096/3096/3096 4307/4307/4307

f 3097/3097/3097 3098/3098/3098 4362/4362/4362

f 3099/3099/3099 3115/3115/3115 3100/3100/3100

f 3115/3115/3115 3099/3099/3099 3101/3101/3101

f 3093/3093/3093 3094/3094/3094 3111/3111/3111

f 3104/3104/3104 3103/3103/3103 3102/3102/3102

f 3101/3101/3101 3099/3099/3099 3103/3103/3103

f 3096/3096/3096 3095/3095/3095 3105/3105/3105

f 3106/3106/3106 3100/3100/3100 3107/3107/3107

f 3100/3100/3100 3106/3106/3106 3099/3099/3099

f 3108/3108/3108 3109/3109/3109 3110/3110/3110

f 3101/3101/3101 3103/3103/3103 3104/3104/3104

f 3102/3102/3102 3111/3111/3111 3104/3104/3104

f 3111/3111/3111 3102/3102/3102 3112/3112/3112

f 3093/3093/3093 3111/3111/3111 3113/3113/3113

f 3096/3096/3096 3105/3105/3105 3135/3135/3135

f 3114/3114/3114 3115/3115/3115 3101/3101/3101

f 3113/3113/3113 3111/3111/3111 3112/3112/3112

f 3112/3112/3112 3116/3116/3116 3113/3113/3113

f 3117/3117/3117 3112/3112/3112 3102/3102/3102

f 3114/3114/3114 3118/3118/3118 3115/3115/3115

f 3118/3118/3118 3114/3114/3114 3111/3111/3111

f 3118/3118/3118 3111/3111/3111 3094/3094/3094

f 3121/3121/3121 3122/3122/3122 3120/3120/3120

f 3122/3122/3122 3121/3121/3121 3123/3123/3123

f 3117/3117/3117 3098/3098/3098 3124/3124/3124

f 3135/3135/3135 3105/3105/3105 3119/3119/3119

f 3126/3126/3126 3135/3135/3135 3119/3119/3119

f 3127/3127/3127 3135/3135/3135 3126/3126/3126

f 3129/3129/3129 3128/3128/3128 3125/3125/3125

f 3128/3128/3128 3143/3143/3143 3130/3130/3130

f 3097/3097/3097 4362/4362/4362 3131/3131/3131

f 3097/3097/3097 3131/3131/3131 3132/3132/3132

f 3133/3133/3133 3097/3097/3097 3132/3132/3132

f 3098/3098/3098 3097/3097/3097 3124/3124/3124

f 3134/3134/3134 3097/3097/3097 3133/3133/3133

f 3112/3112/3112 3162/3162/3162 3116/3116/3116

f 3090/3090/3090 3092/3092/3092 3116/3116/3116

f 3166/3166/3166 3134/3134/3134 3136/3136/3136

f 3097/3097/3097 3134/3134/3134 3137/3137/3137

f 3138/3138/3138 3096/3096/3096 3135/3135/3135

f 3139/3139/3139 3141/3141/3141 3093/3093/3093

f 3140/3140/3140 3141/3141/3141 3139/3139/3139

f 3092/3092/3092 3142/3142/3142 3140/3140/3140

f 3141/3141/3141 3140/3140/3140 3142/3142/3142

f 3135/3135/3135 3127/3127/3127 3144/3144/3144

f 3129/3129/3129 3143/3143/3143 3128/3128/3128

f 3147/3147/3147 3146/3146/3146 3148/3148/3148

f 3149/3149/3149 3146/3146/3146 3147/3147/3147

f 3152/3152/3152 3153/3153/3153 3154/3154/3154

f 3153/3153/3153 3152/3152/3152 3155/3155/3155

f 3159/3159/3159 3158/3158/3158 3157/3157/3157

f 3157/3157/3157 3158/3158/3158 3108/3108/3108

f 3159/3159/3159 3160/3160/3160 4173/4173/4173

f 3117/3117/3117 4173/4173/4173 3160/3160/3160

f 3160/3160/3160 3159/3159/3159 3161/3161/3161

f 3161/3161/3161 3162/3162/3162 3160/3160/3160

f 3108/3108/3108 3162/3162/3162 3161/3161/3161

f 3108/3108/3108 3158/3158/3158 3109/3109/3109

f 3137/3137/3137 3165/3165/3165 3163/3163/3163

f 3165/3165/3165 3137/3137/3137 3164/3164/3164

f 3124/3124/3124 3097/3097/3097 3137/3137/3137

f 3137/3137/3137 3166/3166/3166 3164/3164/3164

f 3166/3166/3166 3137/3137/3137 3134/3134/3134

f 3168/3168/3168 3148/3148/3148 3169/3169/3169

f 3138/3138/3138 3144/3144/3144 3156/3156/3156

f 3151/3151/3151 3167/3167/3167 3129/3129/3129

f 3148/3148/3148 3168/3168/3168 3147/3147/3147

f 3144/3144/3144 3138/3138/3138 3135/3135/3135

f 3170/3170/3170 3109/3109/3109 3091/3091/3091

f 3110/3110/3110 3109/3109/3109 3170/3170/3170

f 3170/3170/3170 3091/3091/3091 3090/3090/3090

f 3171/3171/3171 3096/3096/3096 3138/3138/3138

f 3096/3096/3096 3171/3171/3171 4307/4307/4307

f 3108/3108/3108 3110/3110/3110 3162/3162/3162

f 3117/3117/3117 3160/3160/3160 3112/3112/3112

f 3112/3112/3112 3160/3160/3160 3162/3162/3162

f 3090/3090/3090 3116/3116/3116 3162/3162/3162

f 3143/3143/3143 3129/3129/3129 3167/3167/3167

f 3173/3173/3173 3172/3172/3172 3175/3175/3175

f 2590/2590/2590 2589/2589/2589 3184/3184/3184

f 3176/3176/3176 3177/3177/3177 880/880/880

f 1804/1804/1804 3178/3178/3178 1805/1805/1805

f 3180/3180/3180 1806/1806/1806 3179/3179/3179

f 1211/1211/1211 1212/1212/1212 3182/3182/3182

f 3185/3185/3185 3186/3186/3186 3187/3187/3187

f 3190/3190/3190 3188/3188/3188 3189/3189/3189

f 3179/3179/3179 1806/1806/1806 1830/1830/1830

f 3182/3182/3182 3194/3194/3194 3192/3192/3192

f 890/890/890 881/881/881 3177/3177/3177

f 3192/3192/3192 3194/3194/3194 3193/3193/3193

f 3192/3192/3192 3193/3193/3193 3190/3190/3190

f 3182/3182/3182 1212/1212/1212 3194/3194/3194

f 3188/3188/3188 3190/3190/3190 3193/3193/3193

f 3195/3195/3195 3189/3189/3189 3188/3188/3188

f 3196/3196/3196 3197/3197/3197 3198/3198/3198

f 881/881/881 880/880/880 3177/3177/3177

f 3199/3199/3199 3181/3181/3181 3183/3183/3183

f 3200/3200/3200 3181/3181/3181 3199/3199/3199

f 1805/1805/1805 3178/3178/3178 3197/3197/3197

f 3201/3201/3201 3200/3200/3200 3199/3199/3199

f 3197/3197/3197 3178/3178/3178 3198/3198/3198

f 3202/3202/3202 3199/3199/3199 3183/3183/3183

f 3207/3207/3207 3203/3203/3203 886/886/886

f 1999/1999/1999 3204/3204/3204 3205/3205/3205

f 883/883/883 885/885/885 3206/3206/3206

f 3197/3197/3197 3196/3196/3196 3203/3203/3203

f 3197/3197/3197 3203/3203/3203 3207/3207/3207

f 3206/3206/3206 3208/3208/3208 883/883/883

f 3199/3199/3199 3208/3208/3208 3201/3201/3201

f 3208/3208/3208 3206/3206/3206 3201/3201/3201

f 3210/3210/3210 883/883/883 3208/3208/3208

f 3208/3208/3208 3199/3199/3199 3209/3209/3209

f 3210/3210/3210 3204/3204/3204 883/883/883

f 3211/3211/3211 3413/3413/3413 2729/2729/2729

f 2729/2729/2729 3413/3413/3413 2725/2725/2725

f 3218/3218/3218 3212/3212/3212 3213/3213/3213

f 3216/3216/3216 3205/3205/3205 3204/3204/3204

f 3175/3175/3175 2729/2729/2729 3174/3174/3174

f 3175/3175/3175 3174/3174/3174 3173/3173/3173

f 2729/2729/2729 3175/3175/3175 3211/3211/3211

f 3218/3218/3218 3213/3213/3213 3217/3217/3217

f 3226/3226/3226 1999/1999/1999 3205/3205/3205

f 3219/3219/3219 3214/3214/3214 3215/3215/3215

f 3220/3220/3220 3217/3217/3217 3214/3214/3214

f 3214/3214/3214 3219/3219/3219 3220/3220/3220

f 3221/3221/3221 3217/3217/3217 3220/3220/3220

f 3208/3208/3208 3209/3209/3209 3210/3210/3210

f 3222/3222/3222 3223/3223/3223 3224/3224/3224

f 3217/3217/3217 3221/3221/3221 3218/3218/3218

f 3216/3216/3216 3204/3204/3204 3210/3210/3210

f 2590/2590/2590 3184/3184/3184 3225/3225/3225

f 698/698/698 2018/2018/2018 726/726/726

f 1764/1764/1764 726/726/726 2018/2018/2018

f 3199/3199/3199 3202/3202/3202 3209/3209/3209

f 3202/3202/3202 3227/3227/3227 2030/2030/2030

f 3227/3227/3227 3202/3202/3202 3183/3183/3183

f 3227/3227/3227 3183/3183/3183 3191/3191/3191

f 3209/3209/3209 3226/3226/3226 3210/3210/3210

f 3210/3210/3210 3226/3226/3226 3216/3216/3216

f 3222/3222/3222 3221/3221/3221 3223/3223/3223

f 3226/3226/3226 3205/3205/3205 3216/3216/3216

f 3222/3222/3222 3218/3218/3218 3221/3221/3221

f 3236/3236/3236 3228/3228/3228 3229/3229/3229

f 3249/3249/3249 1740/1740/1740 3243/3243/3243

f 1740/1740/1740 1738/1738/1738 3243/3243/3243

f 3235/3235/3235 3231/3231/3231 3232/3232/3232

f 3232/3232/3232 3237/3237/3237 3234/3234/3234

f 1738/1738/1738 3233/3233/3233 3243/3243/3243

f 3236/3236/3236 3243/3243/3243 3233/3233/3233

f 3239/3239/3239 3240/3240/3240 3241/3241/3241

f 3233/3233/3233 3238/3238/3238 3236/3236/3236

f 3234/3234/3234 3240/3240/3240 3239/3239/3239

f 3242/3242/3242 3240/3240/3240 3234/3234/3234

f 3244/3244/3244 3230/3230/3230 3245/3245/3245

f 3244/3244/3244 3245/3245/3245 3229/3229/3229

f 3247/3247/3247 2275/2275/2275 3248/3248/3248

f 3250/3250/3250 3247/3247/3247 3248/3248/3248

f 3251/3251/3251 3236/3236/3236 3238/3238/3238

f 3242/3242/3242 3234/3234/3234 3237/3237/3237

f 3233/3233/3233 3265/3265/3265 3238/3238/3238

f 3246/3246/3246 3252/3252/3252 3253/3253/3253

f 3236/3236/3236 3251/3251/3251 3228/3228/3228

f 3238/3238/3238 3265/3265/3265 3251/3251/3251

f 3262/3262/3262 3242/3242/3242 3237/3237/3237

f 2268/2268/2268 3250/3250/3250 3248/3248/3248

f 3243/3243/3243 3236/3236/3236 3229/3229/3229

f 3248/3248/3248 2275/2275/2275 2268/2268/2268

f 3230/3230/3230 3256/3256/3256 3245/3245/3245

f 3230/3230/3230 3255/3255/3255 3256/3256/3256

f 3253/3253/3253 3257/3257/3257 3246/3246/3246

f 3257/3257/3257 3254/3254/3254 3246/3246/3246

f 3245/3245/3245 3243/3243/3243 3229/3229/3229

f 3245/3245/3245 3249/3249/3249 3243/3243/3243

f 3255/3255/3255 3258/3258/3258 3256/3256/3256

f 3256/3256/3256 3249/3249/3249 3245/3245/3245

f 3249/3249/3249 3256/3256/3256 3258/3258/3258

f 3259/3259/3259 1762/1762/1762 3258/3258/3258

f 3258/3258/3258 3255/3255/3255 3260/3260/3260

f 3254/3254/3254 3257/3257/3257 3261/3261/3261

f 3258/3258/3258 1762/1762/1762 3249/3249/3249

f 676/676/676 679/679/679 3261/3261/3261

f 3232/3232/3232 3231/3231/3231 3237/3237/3237

f 3261/3261/3261 3257/3257/3257 676/676/676

f 3235/3235/3235 3263/3263/3263 3231/3231/3231

f 3242/3242/3242 3262/3262/3262 3264/3264/3264

f 3228/3228/3228 3251/3251/3251 3265/3265/3265

f 3233/3233/3233 1732/1732/1732 3265/3265/3265

f 2275/2275/2275 3247/3247/3247 2276/2276/2276

f 3250/3250/3250 3266/3266/3266 3247/3247/3247

f 3229/3229/3229 3020/3020/3020 3244/3244/3244

f 3246/3246/3246 3016/3016/3016 3252/3252/3252

f 3244/3244/3244 3020/3020/3020 3230/3230/3230

f 3228/3228/3228 3267/3267/3267 3229/3229/3229

f 3016/3016/3016 3246/3246/3246 3024/3024/3024

f 3265/3265/3265 3268/3268/3268 3228/3228/3228

f 3268/3268/3268 3265/3265/3265 1732/1732/1732

f 1732/1732/1732 3233/3233/3233 1738/1738/1738

f 2276/2276/2276 3247/3247/3247 2293/2293/2293

f 3269/3269/3269 1683/1683/1683 1734/1734/1734

f 3020/3020/3020 3267/3267/3267 3021/3021/3021

f 3022/3022/3022 3230/3230/3230 3020/3020/3020

f 3020/3020/3020 3229/3229/3229 3267/3267/3267

f 3267/3267/3267 3228/3228/3228 3268/3268/3268

f 1682/1682/1682 3267/3267/3267 3268/3268/3268

f 3271/3271/3271 3270/3270/3270 3272/3272/3272

f 1257/1257/1257 3273/3273/3273 1299/1299/1299

f 3274/3274/3274 3272/3272/3272 3275/3275/3275

f 3277/3277/3277 3278/3278/3278 3276/3276/3276

f 3760/3760/3760 3278/3278/3278 3277/3277/3277

f 3279/3279/3279 3287/3287/3287 3284/3284/3284

f 3274/3274/3274 3275/3275/3275 3280/3280/3280

f 3283/3283/3283 3274/3274/3274 3280/3280/3280

f 3272/3272/3272 3281/3281/3281 3271/3271/3271

f 3282/3282/3282 3289/3289/3289 3290/3290/3290

f 3284/3284/3284 3281/3281/3281 3274/3274/3274

f 3274/3274/3274 3281/3281/3281 3272/3272/3272

f 3291/3291/3291 3299/3299/3299 3292/3292/3292

f 1238/1238/1238 3282/3282/3282 3290/3290/3290

f 3282/3282/3282 1238/1238/1238 3321/3321/3321

f 3292/3292/3292 3293/3293/3293 3286/3286/3286

f 3321/3321/3321 1238/1238/1238 1237/1237/1237

f 3294/3294/3294 3292/3292/3292 3301/3301/3301

f 2774/2774/2774 2546/2546/2546 3288/3288/3288

f 3273/3273/3273 1257/1257/1257 3297/3297/3297

f 3274/3274/3274 3283/3283/3283 3284/3284/3284

f 3287/3287/3287 3279/3279/3279 3288/3288/3288

f 3281/3281/3281 3284/3284/3284 3287/3287/3287

f 3300/3300/3300 3301/3301/3301 3302/3302/3302

f 2774/2774/2774 3288/3288/3288 3279/3279/3279

f 1251/1251/1251 1234/1234/1234 3273/3273/3273

f 3306/3306/3306 3305/3305/3305 3307/3307/3307

f 2780/2780/2780 3298/3298/3298 3305/3305/3305

f 3298/3298/3298 2780/2780/2780 2783/2783/2783

f 3303/3303/3303 3301/3301/3301 3300/3300/3300

f 3310/3310/3310 3308/3308/3308 3309/3309/3309

f 3313/3313/3313 3311/3311/3311 3312/3312/3312

f 3313/3313/3313 3316/3316/3316 3311/3311/3311

f 3316/3316/3316 3313/3313/3313 3308/3308/3308

f 2560/2560/2560 3315/3315/3315 3314/3314/3314

f 2780/2780/2780 3305/3305/3305 3306/3306/3306

f 3315/3315/3315 2560/2560/2560 2564/2564/2564

f 3273/3273/3273 3297/3297/3297 1251/1251/1251

f 3317/3317/3317 3318/3318/3318 3308/3308/3308

f 3316/3316/3316 3308/3308/3308 3318/3318/3318

f 3318/3318/3318 3317/3317/3317 3319/3319/3319

f 3312/3312/3312 3320/3320/3320 3313/3313/3313

f 1237/1237/1237 2563/2563/2563 3321/3321/3321

f 3294/3294/3294 3301/3301/3301 3303/3303/3303

f 3293/3293/3293 3292/3292/3292 3294/3294/3294

f 2563/2563/2563 2545/2545/2545 3321/3321/3321

f 3285/3285/3285 3286/3286/3286 3293/3293/3293

f 3282/3282/3282 3321/3321/3321 2545/2545/2545

f 1381/1381/1381 3340/3340/3340 1379/1379/1379

f 3322/3322/3322 3340/3340/3340 3344/3344/3344

f 3340/3340/3340 3323/3323/3323 1379/1379/1379

f 3324/3324/3324 3347/3347/3347 2298/2298/2298

f 3347/3347/3347 3324/3324/3324 3325/3325/3325

f 3340/3340/3340 3322/3322/3322 3323/3323/3323

f 1420/1420/1420 1419/1419/1419 2019/2019/2019

f 2019/2019/2019 2020/2020/2020 1420/1420/1420

f 3326/3326/3326 3327/3327/3327 3328/3328/3328

f 3329/3329/3329 3327/3327/3327 3326/3326/3326

f 3330/3330/3330 3331/3331/3331 3332/3332/3332

f 3333/3333/3333 3334/3334/3334 3335/3335/3335

f 3336/3336/3336 3383/3383/3383 3337/3337/3337

f 3331/3331/3331 3338/3338/3338 3332/3332/3332

f 3331/3331/3331 3339/3339/3339 3338/3338/3338

f 3334/3334/3334 3333/3333/3333 3386/3386/3386

f 3384/3384/3384 3338/3338/3338 3339/3339/3339

f 3383/3383/3383 3336/3336/3336 3382/3382/3382

f 3341/3341/3341 1421/1421/1421 1420/1420/1420

f 1375/1375/1375 1374/1374/1374 3342/3342/3342

f 1374/1374/1374 3343/3343/3343 3342/3342/3342

f 3344/3344/3344 3340/3340/3340 3345/3345/3345

f 3345/3345/3345 3348/3348/3348 3344/3344/3344

f 3350/3350/3350 3341/3341/3341 2020/2020/2020

f 3351/3351/3351 3352/3352/3352 2599/2599/2599

f 2625/2625/2625 3396/3396/3396 3353/3353/3353

f 2600/2600/2600 3415/3415/3415 2594/2594/2594

f 3354/3354/3354 2600/2600/2600 3355/3355/3355

f 3415/3415/3415 2600/2600/2600 3354/3354/3354

f 3352/3352/3352 3351/3351/3351 3391/3391/3391

f 3351/3351/3351 2599/2599/2599 2593/2593/2593

f 3356/3356/3356 3357/3357/3357 3358/3358/3358

f 3356/3356/3356 3359/3359/3359 3357/3357/3357

f 3360/3360/3360 3361/3361/3361 3362/3362/3362

f 3362/3362/3362 3361/3361/3361 3363/3363/3363

f 3365/3365/3365 3366/3366/3366 3369/3369/3369

f 3367/3367/3367 3368/3368/3368 3366/3366/3366

f 3367/3367/3367 3326/3326/3326 3368/3368/3368

f 3370/3370/3370 3371/3371/3371 3369/3369/3369

f 3366/3366/3366 3365/3365/3365 3367/3367/3367

f 3365/3365/3365 3369/3369/3369 3371/3371/3371

f 3326/3326/3326 3367/3367/3367 3329/3329/3329

f 3373/3373/3373 3371/3371/3371 3370/3370/3370

f 3372/3372/3372 3381/3381/3381 3339/3339/3339

f 3376/3376/3376 3378/3378/3378 3377/3377/3377

f 3373/3373/3373 3370/3370/3370 3375/3375/3375

f 2625/2625/2625 2624/2624/2624 3396/3396/3396

f 3375/3375/3375 3374/3374/3374 3373/3373/3373

f 3374/3374/3374 3380/3380/3380 3379/3379/3379

f 3386/3386/3386 3364/3364/3364 3334/3334/3334

f 3386/3386/3386 3378/3378/3378 3364/3364/3364

f 3384/3384/3384 3339/3339/3339 3381/3381/3381

f 3378/3378/3378 3386/3386/3386 3385/3385/3385

f 1424/1424/1424 3387/3387/3387 3388/3388/3388

f 2032/2032/2032 3341/3341/3341 3350/3350/3350

f 3389/3389/3389 3349/3349/3349 3346/3346/3346

f 3389/3389/3389 1376/1376/1376 1422/1422/1422

f 3387/3387/3387 1424/1424/1424 1423/1423/1423

f 1427/1427/1427 3389/3389/3389 1422/1422/1422

f 1376/1376/1376 3389/3389/3389 3346/3346/3346

f 3341/3341/3341 1420/1420/1420 2020/2020/2020

f 3389/3389/3389 1427/1427/1427 3390/3390/3390

f 1371/1371/1371 3391/3391/3391 3351/3351/3351

f 3381/3381/3381 1382/1382/1382 3384/3384/3384

f 3391/3391/3391 1371/1371/1371 3392/3392/3392

f 3354/3354/3354 2501/2501/2501 2500/2500/2500

f 1407/1407/1407 1409/1409/1409 3395/3395/3395

f 3353/3353/3353 3396/3396/3396 2520/2520/2520

f 2520/2520/2520 2518/2518/2518 2494/2494/2494

f 2721/2721/2721 3398/3398/3398 2722/2722/2722

f 2485/2485/2485 2728/2728/2728 3425/3425/3425

f 3399/3399/3399 3400/3400/3400 3401/3401/3401

f 3416/3416/3416 3402/3402/3402 3398/3398/3398

f 2726/2726/2726 2725/2725/2725 3414/3414/3414

f 3425/3425/3425 2728/2728/2728 2723/2723/2723

f 3404/3404/3404 3353/3353/3353 3403/3403/3403

f 3401/3401/3401 3400/3400/3400 3405/3405/3405

f 3406/3406/3406 3407/3407/3407 3408/3408/3408

f 3409/3409/3409 1409/1409/1409 1408/1408/1408

f 3395/3395/3395 1432/1432/1432 1407/1407/1407

f 3442/3442/3442 1428/1428/1428 3357/3357/3357

f 2518/2518/2518 2520/2520/2520 3396/3396/3396

f 1425/1425/1425 3410/3410/3410 3411/3411/3411

f 2725/2725/2725 3413/3413/3413 3414/3414/3414

f 3412/3412/3412 3419/3419/3419 2601/2601/2601

f 3354/3354/3354 2500/2500/2500 3415/3415/3415

f 3404/3404/3404 3403/3403/3403 3397/3397/3397

f 3420/3420/3420 3414/3414/3414 3413/3413/3413

f 3402/3402/3402 3418/3418/3418 3417/3417/3417

f 3425/3425/3425 3394/3394/3394 2485/2485/2485

f 3393/3393/3393 3421/3421/3421 3394/3394/3394

f 3408/3408/3408 3422/3422/3422 3406/3406/3406

f 3423/3423/3423 3424/3424/3424 3422/3422/3422

f 2721/2721/2721 3416/3416/3416 3398/3398/3398

f 1409/1409/1409 3409/3409/3409 3395/3395/3395

f 3412/3412/3412 2601/2601/2601 2702/2702/2702

f 3411/3411/3411 3410/3410/3410 3421/3421/3421

f 3410/3410/3410 1425/1425/1425 2618/2618/2618

f 3394/3394/3394 3425/3425/3425 3393/3393/3393

f 3423/3423/3423 3426/3426/3426 3399/3399/3399

f 3428/3428/3428 3427/3427/3427 3429/3429/3429

f 3438/3438/3438 3437/3437/3437 3715/3715/3715

f 3430/3430/3430 3717/3717/3717 3431/3431/3431

f 3435/3435/3435 2464/2464/2464 3432/3432/3432

f 3421/3421/3421 3393/3393/3393 3411/3411/3411

f 3403/3403/3403 3353/3353/3353 2520/2520/2520

f 3423/3423/3423 3401/3401/3401 3424/3424/3424

f 3422/3422/3422 3408/3408/3408 3423/3423/3423

f 3436/3436/3436 3717/3717/3717 3430/3430/3430

f 3433/3433/3433 3432/3432/3432 3434/3434/3434

f 1378/1378/1378 2618/2618/2618 1425/1425/1425

f 3439/3439/3439 3440/3440/3440 1426/1426/1426

f 3420/3420/3420 3419/3419/3419 3412/3412/3412

f 3418/3418/3418 3402/3402/3402 3416/3416/3416

f 3401/3401/3401 3423/3423/3423 3399/3399/3399

f 3422/3422/3422 3424/3424/3424 3441/3441/3441

f 1403/1403/1403 1371/1371/1371 3351/3351/3351

f 3442/3442/3442 3357/3357/3357 3359/3359/3359

f 3444/3444/3444 3446/3446/3446 3466/3466/3466

f 3445/3445/3445 3448/3448/3448 3447/3447/3447

f 3451/3451/3451 3450/3450/3450 3452/3452/3452

f 3447/3447/3447 3444/3444/3444 3443/3443/3443

f 3454/3454/3454 3446/3446/3446 3453/3453/3453

f 3444/3444/3444 3453/3453/3453 3446/3446/3446

f 3644/3644/3644 3461/3461/3461 3455/3455/3455

f 2435/2435/2435 2434/2434/2434 3456/3456/3456

f 3457/3457/3457 3455/3455/3455 3461/3461/3461

f 3451/3451/3451 2419/2419/2419 3450/3450/3450

f 3458/3458/3458 3457/3457/3457 3461/3461/3461

f 3463/3463/3463 3448/3448/3448 3445/3445/3445

f 2419/2419/2419 3460/3460/3460 3450/3450/3450

f 3656/3656/3656 3463/3463/3463 3462/3462/3462

f 3457/3457/3457 3647/3647/3647 3459/3459/3459

f 3465/3465/3465 3462/3462/3462 3464/3464/3464

f 3444/3444/3444 3467/3467/3467 3443/3443/3443

f 3466/3466/3466 3467/3467/3467 3444/3444/3444

f 3445/3445/3445 3468/3468/3468 3464/3464/3464

f 3463/3463/3463 3656/3656/3656 3448/3448/3448

f 3443/3443/3443 3469/3469/3469 3445/3445/3445

f 3447/3447/3447 3443/3443/3443 3445/3445/3445

f 3463/3463/3463 3445/3445/3445 3464/3464/3464

f 2419/2419/2419 2406/2406/2406 3460/3460/3460

f 3463/3463/3463 3464/3464/3464 3462/3462/3462

f 3462/3462/3462 2413/2413/2413 3648/3648/3648

f 3469/3469/3469 3443/3443/3443 3471/3471/3471

f 3472/3472/3472 3469/3469/3469 3471/3471/3471

f 3462/3462/3462 3465/3465/3465 2413/2413/2413

f 3474/3474/3474 3473/3473/3473 3453/3453/3453

f 3465/3465/3465 3464/3464/3464 3468/3468/3468

f 3468/3468/3468 3445/3445/3445 3469/3469/3469

f 3443/3443/3443 3467/3467/3467 3471/3471/3471

f 3477/3477/3477 3467/3467/3467 3466/3466/3466

f 2406/2406/2406 3478/3478/3478 3460/3460/3460

f 3472/3472/3472 3465/3465/3465 3468/3468/3468

f 3472/3472/3472 3468/3468/3468 3469/3469/3469

f 3472/3472/3472 3479/3479/3479 2403/2403/2403

f 3479/3479/3479 2408/2408/2408 2403/2403/2403

f 3453/3453/3453 3473/3473/3473 3480/3480/3480

f 3476/3476/3476 3475/3475/3475 3451/3451/3451

f 3476/3476/3476 3451/3451/3451 3481/3481/3481

f 3480/3480/3480 3454/3454/3454 3453/3453/3453

f 3452/3452/3452 3481/3481/3481 3451/3451/3451

f 2408/2408/2408 3479/3479/3479 3482/3482/3482

f 3472/3472/3472 2413/2413/2413 3465/3465/3465

f 3483/3483/3483 3451/3451/3451 3484/3484/3484

f 2419/2419/2419 3451/3451/3451 3483/3483/3483

f 3488/3488/3488 3486/3486/3486 3485/3485/3485

f 3489/3489/3489 3485/3485/3485 3486/3486/3486

f 3487/3487/3487 3485/3485/3485 3490/3490/3490

f 3486/3486/3486 3491/3491/3491 3492/3492/3492

f 3491/3491/3491 3493/3493/3493 3492/3492/3492

f 3491/3491/3491 3486/3486/3486 3488/3488/3488

f 3486/3486/3486 3492/3492/3492 3489/3489/3489

f 3494/3494/3494 3498/3498/3498 3495/3495/3495

f 3495/3495/3495 3498/3498/3498 3496/3496/3496

f 3517/3517/3517 3497/3497/3497 3507/3507/3507

f 3505/3505/3505 3498/3498/3498 3494/3494/3494

f 3499/3499/3499 3497/3497/3497 3517/3517/3517

f 3496/3496/3496 3498/3498/3498 3500/3500/3500

f 3491/3491/3491 3501/3501/3501 3502/3502/3502

f 3493/3493/3493 3491/3491/3491 3502/3502/3502

f 3488/3488/3488 3501/3501/3501 3491/3491/3491

f 3503/3503/3503 3501/3501/3501 3488/3488/3488

f 3504/3504/3504 3498/3498/3498 3505/3505/3505

f 3506/3506/3506 3501/3501/3501 3503/3503/3503

f 2819/2819/2819 3493/3493/3493 3502/3502/3502

f 3493/3493/3493 2819/2819/2819 2817/2817/2817

f 3510/3510/3510 3504/3504/3504 3505/3505/3505

f 3510/3510/3510 3505/3505/3505 3511/3511/3511

f 3512/3512/3512 3509/3509/3509 3499/3499/3499

f 3509/3509/3509 3512/3512/3512 3513/3513/3513

f 3516/3516/3516 3517/3517/3517 3507/3507/3507

f 3514/3514/3514 3523/3523/3523 3515/3515/3515

f 3519/3519/3519 3518/3518/3518 3520/3520/3520

f 3521/3521/3521 3522/3522/3522 3523/3523/3523

f 3513/3513/3513 3512/3512/3512 3516/3516/3516

f 3524/3524/3524 3544/3544/3544 3525/3525/3525

f 3552/3552/3552 3527/3527/3527 3542/3542/3542

f 3554/3554/3554 3539/3539/3539 3538/3538/3538

f 3531/3531/3531 3530/3530/3530 3532/3532/3532

f 3533/3533/3533 3532/3532/3532 3534/3534/3534

f 3544/3544/3544 3532/3532/3532 3530/3530/3530

f 3536/3536/3536 3528/3528/3528 2813/2813/2813

f 3536/3536/3536 3537/3537/3537 3528/3528/3528

f 3554/3554/3554 3538/3538/3538 3557/3557/3557

f 3541/3541/3541 3542/3542/3542 3543/3543/3543

f 3531/3531/3531 3543/3543/3543 3529/3529/3529

f 3530/3530/3530 3525/3525/3525 3544/3544/3544

f 3529/3529/3529 3530/3530/3530 3531/3531/3531

f 3530/3530/3530 3529/3529/3529 3525/3525/3525

f 3524/3524/3524 3526/3526/3526 3544/3544/3544

f 3545/3545/3545 3523/3523/3523 3522/3522/3522

f 3515/3515/3515 3523/3523/3523 3545/3545/3545

f 3547/3547/3547 3546/3546/3546 3548/3548/3548

f 3546/3546/3546 3508/3508/3508 3548/3548/3548

f 3553/3553/3553 3549/3549/3549 3556/3556/3556

f 3548/3548/3548 3525/3525/3525 3529/3529/3529

f 3551/3551/3551 3532/3532/3532 3535/3535/3535

f 3534/3534/3534 3532/3532/3532 3551/3551/3551

f 3560/3560/3560 3553/3553/3553 3556/3556/3556

f 3542/3542/3542 3541/3541/3541 3552/3552/3552

f 3549/3549/3549 3555/3555/3555 3556/3556/3556

f 3554/3554/3554 3557/3557/3557 3550/3550/3550

f 3543/3543/3543 3531/3531/3531 3541/3541/3541

f 3555/3555/3555 3558/3558/3558 3556/3556/3556

f 3528/3528/3528 3540/3540/3540 2813/2813/2813

f 3561/3561/3561 3559/3559/3559 3540/3540/3540

f 508/508/508 3562/3562/3562 3563/3563/3563

f 3564/3564/3564 3565/3565/3565 3566/3566/3566

f 3569/3569/3569 3598/3598/3598 1112/1112/1112

f 3570/3570/3570 3567/3567/3567 3571/3571/3571

f 3572/3572/3572 3573/3573/3573 1072/1072/1072

f 3574/3574/3574 3564/3564/3564 3566/3566/3566

f 3566/3566/3566 3621/3621/3621 3574/3574/3574

f 3575/3575/3575 3576/3576/3576 3568/3568/3568

f 3577/3577/3577 3578/3578/3578 2755/2755/2755

f 3577/3577/3577 3579/3579/3579 3580/3580/3580

f 3579/3579/3579 3577/3577/3577 2755/2755/2755

f 3576/3576/3576 3567/3567/3567 3568/3568/3568

f 3579/3579/3579 3581/3581/3581 3580/3580/3580

f 3580/3580/3580 3581/3581/3581 3582/3582/3582

f 3576/3576/3576 3583/3583/3583 3567/3567/3567

f 3567/3567/3567 3583/3583/3583 3584/3584/3584

f 3585/3585/3585 3574/3574/3574 3621/3621/3621

f 3586/3586/3586 3562/3562/3562 508/508/508

f 1112/1112/1112 1111/1111/1111 3569/3569/3569

f 3584/3584/3584 3583/3583/3583 3587/3587/3587

f 3581/3581/3581 3588/3588/3588 3582/3582/3582

f 3588/3588/3588 3581/3581/3581 3589/3589/3589

f 3589/3589/3589 3590/3590/3590 3588/3588/3588

f 3591/3591/3591 3598/3598/3598 3569/3569/3569

f 3592/3592/3592 3593/3593/3593 3573/3573/3573

f 3594/3594/3594 3595/3595/3595 3596/3596/3596

f 3567/3567/3567 3584/3584/3584 3597/3597/3597

f 498/498/498 3600/3600/3600 3601/3601/3601

f 3597/3597/3597 3602/3602/3602 3567/3567/3567

f 3595/3595/3595 3603/3603/3603 3591/3591/3591

f 3604/3604/3604 3567/3567/3567 3602/3602/3602

f 3604/3604/3604 3571/3571/3571 3567/3567/3567

f 3605/3605/3605 602/602/602 2084/2084/2084

f 3599/3599/3599 1379/1379/1379 3323/3323/3323

f 3590/3590/3590 1379/1379/1379 3599/3599/3599

f 3590/3590/3590 2710/2710/2710 1379/1379/1379

f 2710/2710/2710 3590/3590/3590 3589/3589/3589

f 3581/3581/3581 2710/2710/2710 3589/3589/3589

f 2084/2084/2084 2083/2083/2083 3605/3605/3605

f 3606/3606/3606 3607/3607/3607 589/589/589

f 602/602/602 3605/3605/3605 654/654/654

f 3608/3608/3608 3609/3609/3609 3610/3610/3610

f 3608/3608/3608 3611/3611/3611 3609/3609/3609

f 3612/3612/3612 3611/3611/3611 3613/3613/3613

f 580/580/580 570/570/570 579/579/579

f 3610/3610/3610 3609/3609/3609 3615/3615/3615

f 3614/3614/3614 3610/3610/3610 3615/3615/3615

f 3611/3611/3611 3612/3612/3612 3616/3616/3616

f 498/498/498 3617/3617/3617 518/518/518

f 532/532/532 3618/3618/3618 533/533/533

f 532/532/532 3619/3619/3619 3618/3618/3618

f 508/508/508 507/507/507 3620/3620/3620

f 3619/3619/3619 3621/3621/3621 3618/3618/3618

f 3585/3585/3585 3621/3621/3621 3619/3619/3619

f 508/508/508 3620/3620/3620 3586/3586/3586

f 3617/3617/3617 498/498/498 3601/3601/3601

f 3607/3607/3607 500/500/500 506/506/506

f 3606/3606/3606 3622/3622/3622 3607/3607/3607

f 500/500/500 3607/3607/3607 3622/3622/3622

f 498/498/498 3623/3623/3623 3600/3600/3600

f 2099/2099/2099 579/579/579 570/570/570

f 3598/3598/3598 3591/3591/3591 3603/3603/3603

f 2099/2099/2099 570/570/570 571/571/571

f 2055/2055/2055 2058/2058/2058 571/571/571

f 3603/3603/3603 3595/3595/3595 3594/3594/3594

f 3624/3624/3624 3593/3593/3593 3592/3592/3592

f 3573/3573/3573 3572/3572/3572 3592/3592/3592

f 3629/3629/3629 3632/3632/3632 3628/3628/3628

f 3632/3632/3632 3629/3629/3629 3631/3631/3631

f 3630/3630/3630 3627/3627/3627 3631/3631/3631

f 3612/3612/3612 3613/3613/3613 3634/3634/3634

f 3613/3613/3613 3611/3611/3611 3608/3608/3608

f 1070/1070/1070 3634/3634/3634 3613/3613/3613

f 3610/3610/3610 1923/1923/1923 3608/3608/3608

f 3633/3633/3633 1081/1081/1081 3610/3610/3610

f 3608/3608/3608 1923/1923/1923 3613/3613/3613

f 1081/1081/1081 3633/3633/3633 3625/3625/3625

f 3626/3626/3626 3634/3634/3634 1070/1070/1070

f 1923/1923/1923 3610/3610/3610 1081/1081/1081

f 1070/1070/1070 3613/3613/3613 1923/1923/1923

f 3635/3635/3635 3629/3629/3629 3628/3628/3628

f 3627/3627/3627 3630/3630/3630 3636/3636/3636

f 3638/3638/3638 3629/3629/3629 3637/3637/3637

f 3638/3638/3638 3631/3631/3631 3629/3629/3629

f 2099/2099/2099 571/571/571 2058/2058/2058

f 3639/3639/3639 2426/2426/2426 2419/2419/2419

f 3640/3640/3640 2426/2426/2426 3653/3653/3653

f 3643/3643/3643 3644/3644/3644 3455/3455/3455

f 3052/3052/3052 3653/3653/3653 3644/3644/3644

f 3640/3640/3640 3653/3653/3653 3650/3650/3650

f 3447/3447/3447 3645/3645/3645 3444/3444/3444

f 3459/3459/3459 3455/3455/3455 3457/3457/3457

f 3642/3642/3642 3447/3447/3447 3646/3646/3646

f 3447/3447/3447 3642/3642/3642 3641/3641/3641

f 3462/3462/3462 3648/3648/3648 3656/3656/3656

f 3643/3643/3643 3455/3455/3455 3459/3459/3459

f 3641/3641/3641 3649/3649/3649 3647/3647/3647

f 3647/3647/3647 3652/3652/3652 3459/3459/3459

f 3645/3645/3645 3447/3447/3447 3641/3641/3641

f 3645/3645/3645 3641/3641/3641 3647/3647/3647

f 3642/3642/3642 3651/3651/3651 3641/3641/3641

f 3653/3653/3653 3052/3052/3052 3650/3650/3650

f 3644/3644/3644 3643/3643/3643 3052/3052/3052

f 3649/3649/3649 3641/3641/3641 3651/3651/3651

f 3652/3652/3652 3643/3643/3643 3459/3459/3459

f 3652/3652/3652 3647/3647/3647 3649/3649/3649

f 3651/3651/3651 3654/3654/3654 3649/3649/3649

f 3655/3655/3655 2414/2414/2414 3640/3640/3640

f 3457/3457/3457 3645/3645/3645 3647/3647/3647

f 3646/3646/3646 3657/3657/3657 3642/3642/3642

f 3447/3447/3447 3448/3448/3448 3646/3646/3646

f 3646/3646/3646 3448/3448/3448 3656/3656/3656

f 3660/3660/3660 3646/3646/3646 3656/3656/3656

f 3648/3648/3648 1768/1768/1768 1796/1796/1796

f 2416/2416/2416 3650/3650/3650 2417/2417/2417

f 3650/3650/3650 3052/3052/3052 2417/2417/2417

f 1796/1796/1796 3651/3651/3651 3648/3648/3648

f 3053/3053/3053 3052/3052/3052 3643/3643/3643

f 3658/3658/3658 3643/3643/3643 3652/3652/3652

f 3649/3649/3649 3658/3658/3658 3652/3652/3652

f 3655/3655/3655 2416/2416/2416 2414/2414/2414

f 3643/3643/3643 3658/3658/3658 3053/3053/3053

f 1796/1796/1796 3654/3654/3654 3651/3651/3651

f 3658/3658/3658 3649/3649/3649 3654/3654/3654

f 3659/3659/3659 3053/3053/3053 3658/3658/3658

f 1796/1796/1796 3658/3658/3658 3654/3654/3654

f 3655/3655/3655 3640/3640/3640 3650/3650/3650

f 3655/3655/3655 3650/3650/3650 2416/2416/2416

f 3648/3648/3648 3660/3660/3660 3656/3656/3656

f 3054/3054/3054 3053/3053/3053 3659/3659/3659

f 3659/3659/3659 3658/3658/3658 1796/1796/1796

f 3470/3470/3470 3444/3444/3444 3645/3645/3645

f 3453/3453/3453 3444/3444/3444 3470/3470/3470

f 3657/3657/3657 3646/3646/3646 3660/3660/3660

f 3660/3660/3660 3648/3648/3648 3651/3651/3651

f 3651/3651/3651 3657/3657/3657 3660/3660/3660

f 3653/3653/3653 3639/3639/3639 3644/3644/3644

f 2419/2419/2419 3483/3483/3483 3639/3639/3639

f 2426/2426/2426 3639/3639/3639 3653/3653/3653

f 3651/3651/3651 3642/3642/3642 3657/3657/3657

f 2764/2764/2764 3661/3661/3661 2805/2805/2805

f 3662/3662/3662 3665/3665/3665 3663/3663/3663

f 3666/3666/3666 3663/3663/3663 3665/3665/3665

f 3668/3668/3668 2759/2759/2759 3667/3667/3667

f 3666/3666/3666 2768/2768/2768 3663/3663/3663

f 2759/2759/2759 3668/3668/3668 2765/2765/2765

f 3675/3675/3675 3669/3669/3669 3670/3670/3670

f 2768/2768/2768 3662/3662/3662 3663/3663/3663

f 3675/3675/3675 3670/3670/3670 3033/3033/3033

f 3669/3669/3669 3675/3675/3675 3664/3664/3664

f 3033/3033/3033 3670/3670/3670 3671/3671/3671

f 3035/3035/3035 3672/3672/3672 3673/3673/3673

f 3669/3669/3669 3664/3664/3664 3674/3674/3674

f 2768/2768/2768 3665/3665/3665 3662/3662/3662

f 3672/3672/3672 3035/3035/3035 3034/3034/3034

f 3676/3676/3676 1225/1225/1225 3677/3677/3677

f 1418/1418/1418 3678/3678/3678 1419/1419/1419

f 3679/3679/3679 3677/3677/3677 3680/3680/3680

f 3681/3681/3681 3680/3680/3680 3187/3187/3187

f 3682/3682/3682 3413/3413/3413 3211/3211/3211

f 1419/1419/1419 3683/3683/3683 2019/2019/2019

f 2043/2043/2043 1418/1418/1418 1424/1424/1424

f 3684/3684/3684 3686/3686/3686 3685/3685/3685

f 3686/3686/3686 2297/2297/2297 3685/3685/3685

f 3685/3685/3685 3347/3347/3347 3349/3349/3349

f 3696/3696/3696 3688/3688/3688 2016/2016/2016

f 3685/3685/3685 2298/2298/2298 3347/3347/3347

f 3684/3684/3684 3349/3349/3349 3389/3389/3389

f 3698/3698/3698 3724/3724/3724 3684/3684/3684

f 3699/3699/3699 3698/3698/3698 3389/3389/3389

f 3724/3724/3724 3686/3686/3686 3684/3684/3684

f 3409/3409/3409 3698/3698/3698 3700/3700/3700

f 1277/1277/1277 1269/1269/1269 1268/1268/1268

f 3426/3426/3426 3701/3701/3701 3399/3399/3399

f 2043/2043/2043 3691/3691/3691 3692/3692/3692

f 3702/3702/3702 3691/3691/3691 2043/2043/2043

f 3694/3694/3694 3695/3695/3695 3703/3703/3703

f 1210/1210/1210 1225/1225/1225 3676/3676/3676

f 3676/3676/3676 3677/3677/3677 3679/3679/3679

f 3679/3679/3679 3680/3680/3680 3681/3681/3681

f 3690/3690/3690 2483/2483/2483 3689/3689/3689

f 3705/3705/3705 3693/3693/3693 3704/3704/3704

f 3693/3693/3693 3706/3706/3706 3704/3704/3704

f 3706/3706/3706 3693/3693/3693 3694/3694/3694

f 3349/3349/3349 3684/3684/3684 3685/3685/3685

f 3684/3684/3684 3389/3389/3389 3698/3698/3698

f 2480/2480/2480 3707/3707/3707 2481/2481/2481

f 3698/3698/3698 3699/3699/3699 3700/3700/3700

f 3706/3706/3706 2481/2481/2481 3707/3707/3707

f 3400/3400/3400 3399/3399/3399 3708/3708/3708

f 3709/3709/3709 3710/3710/3710 3694/3694/3694

f 2043/2043/2043 2486/2486/2486 3702/3702/3702

f 3706/3706/3706 3694/3694/3694 3710/3710/3710

f 3710/3710/3710 3709/3709/3709 3711/3711/3711

f 3712/3712/3712 2490/2490/2490 3713/3713/3713

f 3713/3713/3713 3429/3429/3429 3427/3427/3427

f 3712/3712/3712 3713/3713/3713 3427/3427/3427

f 3714/3714/3714 2481/2481/2481 3706/3706/3706

f 2472/2472/2472 2469/2469/2469 3715/3715/3715

f 3715/3715/3715 3437/3437/3437 2472/2472/2472

f 3431/3431/3431 3718/3718/3718 3719/3719/3719

f 3718/3718/3718 3431/3431/3431 3717/3717/3717

f 3432/3432/3432 2464/2464/2464 3716/3716/3716

f 2298/2298/2298 3685/3685/3685 2297/2297/2297

f 3713/3713/3713 2490/2490/2490 2491/2491/2491

f 3720/3720/3720 3721/3721/3721 2506/2506/2506

f 3722/3722/3722 3697/3697/3697 3689/3689/3689

f 3722/3722/3722 3689/3689/3689 3683/3683/3683

f 3724/3724/3724 3698/3698/3698 3409/3409/3409

f 1268/1268/1268 1278/1278/1278 1277/1277/1277

f 3700/3700/3700 3725/3725/3725 3409/3409/3409

f 3723/3723/3723 3697/3697/3697 3722/3722/3722

f 3723/3723/3723 3722/3722/3722 3678/3678/3678

f 3678/3678/3678 3722/3722/3722 3683/3683/3683

f 3409/3409/3409 1408/1408/1408 3724/3724/3724

f 3681/3681/3681 3187/3187/3187 3186/3186/3186

f 1418/1418/1418 2043/2043/2043 3723/3723/3723

f 1419/1419/1419 3678/3678/3678 3683/3683/3683

f 3678/3678/3678 1418/1418/1418 3723/3723/3723

f 3270/3270/3270 3271/3271/3271 3727/3727/3727

f 3732/3732/3732 3729/3729/3729 3730/3730/3730

f 3726/3726/3726 3734/3734/3734 3737/3737/3737

f 3731/3731/3731 3732/3732/3732 3733/3733/3733

f 3732/3732/3732 3730/3730/3730 3733/3733/3733

f 3736/3736/3736 3280/3280/3280 3275/3275/3275

f 3280/3280/3280 3736/3736/3736 3738/3738/3738

f 3729/3729/3729 3732/3732/3732 3296/3296/3296

f 3740/3740/3740 3767/3767/3767 3741/3741/3741

f 3741/3741/3741 2166/2166/2166 2198/2198/2198

f 3729/3729/3729 3296/3296/3296 3295/3295/3295

f 3742/3742/3742 2180/2180/2180 3735/3735/3735

f 3743/3743/3743 3744/3744/3744 3295/3295/3295

f 3741/3741/3741 3767/3767/3767 2166/2166/2166

f 3727/3727/3727 3271/3271/3271 3745/3745/3745

f 4039/4039/4039 3728/3728/3728 3746/3746/3746

f 3728/3728/3728 3767/3767/3767 3740/3740/3740

f 3747/3747/3747 3748/3748/3748 3749/3749/3749

f 3750/3750/3750 3751/3751/3751 3748/3748/3748

f 3741/3741/3741 3755/3755/3755 3740/3740/3740

f 3750/3750/3750 3754/3754/3754 3751/3751/3751

f 3755/3755/3755 3756/3756/3756 3740/3740/3740

f 3757/3757/3757 3751/3751/3751 3754/3754/3754

f 3749/3749/3749 3748/3748/3748 3751/3751/3751

f 3741/3741/3741 3758/3758/3758 3755/3755/3755

f 3741/3741/3741 2198/2198/2198 3758/3758/3758

f 3760/3760/3760 3761/3761/3761 2194/2194/2194

f 3752/3752/3752 4328/4328/4328 3762/3762/3762

f 2194/2194/2194 3753/3753/3753 3760/3760/3760

f 3278/3278/3278 3760/3760/3760 3753/3753/3753

f 3295/3295/3295 3744/3744/3744 3729/3729/3729

f 3757/3757/3757 3764/3764/3764 3751/3751/3751

f 3283/3283/3283 3280/3280/3280 3765/3765/3765

f 3726/3726/3726 3737/3737/3737 3766/3766/3766

f 3742/3742/3742 2181/2181/2181 2180/2180/2180

f 2181/2181/2181 3742/3742/3742 3766/3766/3766

f 2175/2175/2175 3766/3766/3766 2197/2197/2197

f 2181/2181/2181 3766/3766/3766 2175/2175/2175

f 3768/3768/3768 3769/3769/3769 3770/3770/3770

f 3771/3771/3771 3772/3772/3772 3773/3773/3773

f 1394/1394/1394 3771/3771/3771 3773/3773/3773

f 3775/3775/3775 3776/3776/3776 3777/3777/3777

f 3787/3787/3787 4280/4280/4280 2165/2165/2165

f 3787/3787/3787 3779/3779/3779 4280/4280/4280

f 3780/3780/3780 3781/3781/3781 3782/3782/3782

f 4291/4291/4291 3772/3772/3772 3774/3774/3774

f 3774/3774/3774 3772/3772/3772 3771/3771/3771

f 3771/3771/3771 3783/3783/3783 3774/3774/3774

f 3774/3774/3774 3783/3783/3783 4291/4291/4291

f 3780/3780/3780 3782/3782/3782 3770/3770/3770

f 3779/3779/3779 3787/3787/3787 3784/3784/3784

f 3787/3787/3787 3788/3788/3788 3784/3784/3784

f 2278/2278/2278 3789/3789/3789 3790/3790/3790

f 2278/2278/2278 3790/3790/3790 3791/3791/3791

f 3793/3793/3793 3791/3791/3791 3790/3790/3790

f 3780/3780/3780 3770/3770/3770 3769/3769/3769

f 3785/3785/3785 3794/3794/3794 3786/3786/3786

f 3795/3795/3795 3794/3794/3794 3785/3785/3785

f 3788/3788/3788 3787/3787/3787 3796/3796/3796

f 3797/3797/3797 3796/3796/3796 3787/3787/3787

f 3794/3794/3794 3795/3795/3795 3798/3798/3798

f 3799/3799/3799 3794/3794/3794 3798/3798/3798

f 3787/3787/3787 3810/3810/3810 3797/3797/3797

f 3800/3800/3800 2754/2754/2754 3801/3801/3801

f 3800/3800/3800 3801/3801/3801 3802/3802/3802

f 3800/3800/3800 3802/3802/3802 3803/3803/3803

f 3802/3802/3802 3804/3804/3804 3803/3803/3803

f 3801/3801/3801 2708/2708/2708 3805/3805/3805

f 3805/3805/3805 3802/3802/3802 3801/3801/3801

f 3783/3783/3783 3771/3771/3771 1385/1385/1385

f 3942/3942/3942 3806/3806/3806 3807/3807/3807

f 2711/2711/2711 3783/3783/3783 1385/1385/1385

f 3793/3793/3793 3808/3808/3808 3809/3809/3809

f 2712/2712/2712 3787/3787/3787 2165/2165/2165

f 2712/2712/2712 3810/3810/3810 3787/3787/3787

f 3819/3819/3819 3811/3811/3811 3776/3776/3776

f 3811/3811/3811 3819/3819/3819 3813/3813/3813

f 3799/3799/3799 3814/3814/3814 3812/3812/3812

f 3794/3794/3794 2715/2715/2715 3861/3861/3861

f 3812/3812/3812 2715/2715/2715 3794/3794/3794

f 2754/2754/2754 3783/3783/3783 2711/2711/2711

f 3793/3793/3793 3790/3790/3790 3808/3808/3808

f 3801/3801/3801 2754/2754/2754 2740/2740/2740

f 2708/2708/2708 3801/3801/3801 2740/2740/2740

f 3790/3790/3790 3789/3789/3789 3808/3808/3808

f 3808/3808/3808 3789/3789/3789 3809/3809/3809

f 3802/3802/3802 3805/3805/3805 3816/3816/3816

f 2286/2286/2286 3803/3803/3803 3804/3804/3804

f 3804/3804/3804 3802/3802/3802 3816/3816/3816

f 3809/3809/3809 3789/3789/3789 3817/3817/3817

f 2278/2278/2278 2289/2289/2289 3789/3789/3789

f 3789/3789/3789 3818/3818/3818 3817/3817/3817

f 3818/3818/3818 3789/3789/3789 2289/2289/2289

f 3783/3783/3783 2754/2754/2754 3800/3800/3800

f 3812/3812/3812 3794/3794/3794 3799/3799/3799

f 2715/2715/2715 3820/3820/3820 2717/2717/2717

f 3940/3940/3940 2712/2712/2712 2713/2713/2713

f 2707/2707/2707 3792/3792/3792 2706/2706/2706

f 3776/3776/3776 3775/3775/3775 3819/3819/3819

f 3820/3820/3820 2715/2715/2715 3814/3814/3814

f 3814/3814/3814 2715/2715/2715 3812/3812/3812

f 3811/3811/3811 3807/3807/3807 3806/3806/3806

f 2712/2712/2712 3940/3940/3940 3815/3815/3815

f 3810/3810/3810 2712/2712/2712 3815/3815/3815

f 3811/3811/3811 3813/3813/3813 3807/3807/3807

f 3873/3873/3873 3821/3821/3821 3822/3822/3822

f 4307/4307/4307 4151/4151/4151 3823/3823/3823

f 4104/4104/4104 3098/3098/3098 3825/3825/3825

f 3826/3826/3826 3827/3827/3827 3828/3828/3828

f 3824/3824/3824 3848/3848/3848 3829/3829/3829

f 3829/3829/3829 3830/3830/3830 3824/3824/3824

f 3831/3831/3831 3832/3832/3832 3833/3833/3833

f 3834/3834/3834 3826/3826/3826 3835/3835/3835

f 3835/3835/3835 3826/3826/3826 3828/3828/3828

f 3836/3836/3836 3821/3821/3821 3873/3873/3873

f 3837/3837/3837 3838/3838/3838 3839/3839/3839

f 3838/3838/3838 3837/3837/3837 3890/3890/3890

f 3841/3841/3841 3840/3840/3840 4307/4307/4307

f 3842/3842/3842 3843/3843/3843 3844/3844/3844

f 3839/3839/3839 3843/3843/3843 3845/3845/3845

f 2711/2711/2711 3579/3579/3579 2754/2754/2754

f 4024/4024/4024 3876/3876/3876 3847/3847/3847

f 3852/3852/3852 3848/3848/3848 3824/3824/3824

f 3833/3833/3833 3854/3854/3854 3831/3831/3831

f 3854/3854/3854 3833/3833/3833 3849/3849/3849

f 3835/3835/3835 3859/3859/3859 3834/3834/3834

f 3826/3826/3826 3850/3850/3850 3861/3861/3861

f 3834/3834/3834 3850/3850/3850 3826/3826/3826

f 3827/3827/3827 3826/3826/3826 3983/3983/3983

f 3983/3983/3983 3826/3826/3826 3846/3846/3846

f 3848/3848/3848 3852/3852/3852 3853/3853/3853

f 3854/3854/3854 3849/3849/3849 3855/3855/3855

f 3854/3854/3854 3855/3855/3855 3856/3856/3856

f 3857/3857/3857 3823/3823/3823 3858/3858/3858

f 3823/3823/3823 3841/3841/3841 4307/4307/4307

f 3859/3859/3859 3850/3850/3850 3834/3834/3834

f 4104/4104/4104 3842/3842/3842 4097/4097/4097

f 4097/4097/4097 3842/3842/3842 3844/3844/3844

f 3860/3860/3860 3850/3850/3850 3859/3859/3859

f 3850/3850/3850 3860/3860/3860 3862/3862/3862

f 4026/4026/4026 3864/3864/3864 3852/3852/3852

f 3864/3864/3864 3863/3863/3863 3852/3852/3852

f 3865/3865/3865 3866/3866/3866 3867/3867/3867

f 3868/3868/3868 3869/3869/3869 3850/3850/3850

f 3868/3868/3868 3850/3850/3850 3862/3862/3862

f 3866/3866/3866 3865/3865/3865 3870/3870/3870

f 3825/3825/3825 3871/3871/3871 4104/4104/4104

f 3872/3872/3872 3873/3873/3873 3874/3874/3874

f 3874/3874/3874 3873/3873/3873 3875/3875/3875

f 3873/3873/3873 3822/3822/3822 3875/3875/3875

f 3836/3836/3836 3098/3098/3098 4104/4104/4104

f 3827/3827/3827 4006/4006/4006 3828/3828/3828

f 3830/3830/3830 3878/3878/3878 3876/3876/3876

f 3877/3877/3877 3876/3876/3876 3878/3878/3878

f 2755/2755/2755 2754/2754/2754 3579/3579/3579

f 3832/3832/3832 3831/3831/3831 3879/3879/3879

f 3879/3879/3879 3880/3880/3880 3832/3832/3832

f 3880/3880/3880 3879/3879/3879 3881/3881/3881

f 3828/3828/3828 4006/4006/4006 3882/3882/3882

f 4006/4006/4006 3857/3857/3857 3882/3882/3882

f 3883/3883/3883 3884/3884/3884 3837/3837/3837

f 3884/3884/3884 3883/3883/3883 3885/3885/3885

f 3883/3883/3883 3837/3837/3837 3839/3839/3839

f 3841/3841/3841 3857/3857/3857 4006/4006/4006

f 3885/3885/3885 3842/3842/3842 3871/3871/3871

f 3846/3846/3846 3826/3826/3826 2746/2746/2746

f 2746/2746/2746 3826/3826/3826 3861/3861/3861

f 4104/4104/4104 3871/3871/3871 3842/3842/3842

f 3842/3842/3842 3885/3885/3885 3845/3845/3845

f 3847/3847/3847 3876/3876/3876 3877/3877/3877

f 4067/4067/4067 3877/3877/3877 3878/3878/3878

f 3579/3579/3579 2711/2711/2711 3581/3581/3581

f 3886/3886/3886 3887/3887/3887 3888/3888/3888

f 3857/3857/3857 4119/4119/4119 3882/3882/3882

f 3887/3887/3887 3886/3886/3886 4118/4118/4118

f 2710/2710/2710 3581/3581/3581 2711/2711/2711

f 3873/3873/3873 3098/3098/3098 3836/3836/3836

f 3098/3098/3098 3873/3873/3873 3928/3928/3928

f 4119/4119/4119 3857/3857/3857 3858/3858/3858

f 3890/3890/3890 3889/3889/3889 3838/3838/3838

f 3891/3891/3891 3890/3890/3890 3892/3892/3892

f 3890/3890/3890 3891/3891/3891 3889/3889/3889

f 3841/3841/3841 3823/3823/3823 3857/3857/3857

f 3839/3839/3839 3838/3838/3838 3843/3843/3843

f 3845/3845/3845 3843/3843/3843 3842/3842/3842

f 2746/2746/2746 3893/3893/3893 3894/3894/3894

f 3895/3895/3895 2753/2753/2753 3896/3896/3896

f 3893/3893/3893 2746/2746/2746 2750/2750/2750

f 2748/2748/2748 2752/2752/2752 3897/3897/3897

f 2753/2753/2753 3895/3895/3895 2751/2751/2751

f 3898/3898/3898 3911/3911/3911 3899/3899/3899

f 3898/3898/3898 3922/3922/3922 3911/3911/3911

f 3900/3900/3900 3901/3901/3901 3920/3920/3920

f 3902/3902/3902 3903/3903/3903 3904/3904/3904

f 3905/3905/3905 3904/3904/3904 3903/3903/3903

f 3825/3825/3825 3906/3906/3906 3903/3903/3903

f 3898/3898/3898 3899/3899/3899 3904/3904/3904

f 3907/3907/3907 3840/3840/3840 3912/3912/3912

f 3908/3908/3908 3909/3909/3909 3910/3910/3910

f 3908/3908/3908 3911/3911/3911 3909/3909/3909

f 3899/3899/3899 3911/3911/3911 3908/3908/3908

f 3913/3913/3913 3914/3914/3914 3951/3951/3951

f 3915/3915/3915 3916/3916/3916 3917/3917/3917

f 3912/3912/3912 3952/3952/3952 3925/3925/3925

f 3914/3914/3914 3913/3913/3913 3918/3918/3918

f 3916/3916/3916 3915/3915/3915 3919/3919/3919

f 3910/3910/3910 3909/3909/3909 3955/3955/3955

f 3898/3898/3898 3904/3904/3904 3905/3905/3905

f 3903/3903/3903 3920/3920/3920 3905/3905/3905

f 3920/3920/3920 3903/3903/3903 3906/3906/3906

f 3907/3907/3907 3912/3912/3912 3921/3921/3921

f 3922/3922/3922 3898/3898/3898 3923/3923/3923

f 3920/3920/3920 3922/3922/3922 3923/3923/3923

f 3924/3924/3924 3920/3920/3920 3901/3901/3901

f 3920/3920/3920 3924/3924/3924 3922/3922/3922

f 3921/3921/3921 3912/3912/3912 3925/3925/3925

f 3926/3926/3926 2719/2719/2719 3927/3927/3927

f 2719/2719/2719 3926/3926/3926 2718/2718/2718

f 2717/2717/2717 3921/3921/3921 3925/3925/3925

f 3820/3820/3820 3921/3921/3921 2717/2717/2717

f 2713/2713/2713 3919/3919/3919 3915/3915/3915

f 3915/3915/3915 3940/3940/3940 2713/2713/2713

f 3928/3928/3928 3945/3945/3945 3929/3929/3929

f 3930/3930/3930 3928/3928/3928 3929/3929/3929

f 3931/3931/3931 3098/3098/3098 3928/3928/3928

f 3932/3932/3932 3928/3928/3928 3930/3930/3930

f 3933/3933/3933 3932/3932/3932 3934/3934/3934

f 3928/3928/3928 3932/3932/3932 3931/3931/3931

f 3900/3900/3900 3935/3935/3935 3901/3901/3901

f 3910/3910/3910 3955/3955/3955 3936/3936/3936

f 3933/3933/3933 3931/3931/3931 3932/3932/3932

f 3900/3900/3900 3920/3920/3920 3937/3937/3937

f 3937/3937/3937 3920/3920/3920 3906/3906/3906

f 3906/3906/3906 3938/3938/3938 3937/3937/3937

f 3825/3825/3825 3939/3939/3939 3906/3906/3906

f 3948/3948/3948 3942/3942/3942 3943/3943/3943

f 3945/3945/3945 3928/3928/3928 3944/3944/3944

f 3928/3928/3928 3946/3946/3946 3944/3944/3944

f 3946/3946/3946 3928/3928/3928 3947/3947/3947

f 3949/3949/3949 3935/3935/3935 3900/3900/3900

f 3950/3950/3950 3935/3935/3935 3949/3949/3949

f 4024/4024/4024 3915/3915/3915 3995/3995/3995

f 3995/3995/3995 3915/3915/3915 3917/3917/3917

f 3895/3895/3895 3917/3917/3917 3916/3916/3916

f 3951/3951/3951 3953/3953/3953 3913/3913/3913

f 3917/3917/3917 3895/3895/3895 3995/3995/3995

f 3953/3953/3953 3897/3897/3897 2752/2752/2752

f 3897/3897/3897 3953/3953/3953 3951/3951/3951

f 3954/3954/3954 3893/3893/3893 3952/3952/3952

f 3952/3952/3952 3912/3912/3912 3954/3954/3954

f 3936/3936/3936 3955/3955/3955 3956/3956/3956

f 3956/3956/3956 3955/3955/3955 3957/3957/3957

f 3956/3956/3956 3957/3957/3957 3958/3958/3958

f 3840/3840/3840 3907/3907/3907 4307/4307/4307

f 3954/3954/3954 3912/3912/3912 3840/3840/3840

f 3910/3910/3910 3936/3936/3936 3960/3960/3960

f 3825/3825/3825 3903/3903/3903 3902/3902/3902

f 3910/3910/3910 3960/3960/3960 3904/3904/3904

f 3902/3902/3902 3904/3904/3904 3960/3960/3960

f 3902/3902/3902 3960/3960/3960 3961/3961/3961

f 3825/3825/3825 3098/3098/3098 3939/3939/3939

f 3995/3995/3995 3895/3895/3895 3896/3896/3896

f 3893/3893/3893 3954/3954/3954 3894/3894/3894

f 3921/3921/3921 3820/3820/3820 3959/3959/3959

f 3806/3806/3806 3942/3942/3942 3948/3948/3948

f 3941/3941/3941 3940/3940/3940 3915/3915/3915

f 2753/2753/2753 3980/3980/3980 3962/3962/3962

f 3963/3963/3963 3964/3964/3964 3965/3965/3965

f 3962/3962/3962 3896/3896/3896 2753/2753/2753

f 3840/3840/3840 3966/3966/3966 3954/3954/3954

f 3968/3968/3968 3964/3964/3964 3963/3963/3963

f 3972/3972/3972 3969/3969/3969 3970/3970/3970

f 3825/3825/3825 3902/3902/3902 3971/3971/3971

f 3968/3968/3968 3971/3971/3971 3902/3902/3902

f 3846/3846/3846 2746/2746/2746 3977/3977/3977

f 3977/3977/3977 2746/2746/2746 3894/3894/3894

f 3967/3967/3967 3968/3968/3968 3961/3961/3961

f 3971/3971/3971 3968/3968/3968 3973/3973/3973

f 3967/3967/3967 3957/3957/3957 3986/3986/3986

f 3967/3967/3967 3986/3986/3986 3968/3968/3968

f 3974/3974/3974 3928/3928/3928 3975/3975/3975

f 3928/3928/3928 3873/3873/3873 3976/3976/3976

f 3928/3928/3928 3976/3976/3976 3975/3975/3975

f 3824/3824/3824 3980/3980/3980 2753/2753/2753

f 3978/3978/3978 3979/3979/3979 3976/3976/3976

f 3970/3970/3970 3981/3981/3981 3972/3972/3972

f 3981/3981/3981 3970/3970/3970 3982/3982/3982

f 3977/3977/3977 3983/3983/3983 3846/3846/3846

f 3984/3984/3984 3885/3885/3885 3985/3985/3985

f 3985/3985/3985 3885/3885/3885 3871/3871/3871

f 3968/3968/3968 3986/3986/3986 3964/3964/3964

f 3980/3980/3980 3824/3824/3824 3989/3989/3989

f 3824/3824/3824 3990/3990/3990 3989/3989/3989

f 3981/3981/3981 3982/3982/3982 3991/3991/3991

f 3981/3981/3981 3991/3991/3991 3992/3992/3992

f 3954/3954/3954 3966/3966/3966 3987/3987/3987

f 3894/3894/3894 3954/3954/3954 3987/3987/3987

f 3993/3993/3993 3994/3994/3994 3988/3988/3988

f 3994/3994/3994 3993/3993/3993 3969/3969/3969

f 3969/3969/3969 3972/3972/3972 3994/3994/3994

f 3876/3876/3876 3990/3990/3990 3830/3830/3830

f 3896/3896/3896 3996/3996/3996 3995/3995/3995

f 3961/3961/3961 3968/3968/3968 3902/3902/3902

f 3958/3958/3958 3957/3957/3957 3967/3967/3967

f 3997/3997/3997 3873/3873/3873 3872/3872/3872

f 3947/3947/3947 3928/3928/3928 3974/3974/3974

f 3998/3998/3998 3999/3999/3999 4000/4000/4000

f 3998/3998/3998 4001/4001/4001 3999/3999/3999

f 3965/3965/3965 4002/4002/4002 4003/4003/4003

f 3965/3965/3965 3964/3964/3964 4002/4002/4002

f 3871/3871/3871 4004/4004/4004 3985/3985/3985

f 3871/3871/3871 4005/4005/4005 4004/4004/4004

f 3998/3998/3998 4004/4004/4004 4005/4005/4005

f 3998/3998/3998 4000/4000/4000 4004/4004/4004

f 3984/3984/3984 4007/4007/4007 3884/3884/3884

f 3966/3966/3966 3841/3841/3841 4006/4006/4006

f 4008/4008/4008 4007/4007/4007 3984/3984/3984

f 4009/4009/4009 4007/4007/4007 4008/4008/4008

f 4009/4009/4009 4010/4010/4010 4007/4007/4007

f 4000/4000/4000 4010/4010/4010 4009/4009/4009

f 4010/4010/4010 4000/4000/4000 3999/3999/3999

f 4006/4006/4006 3827/3827/3827 4014/4014/4014

f 3992/3992/3992 4012/4012/4012 4011/4011/4011

f 4012/4012/4012 3992/3992/3992 3991/3991/3991

f 4013/4013/4013 3990/3990/3990 3876/3876/3876

f 4011/4011/4011 4012/4012/4012 4015/4015/4015

f 3990/3990/3990 4013/4013/4013 4016/4016/4016

f 3876/3876/3876 3995/3995/3995 4013/4013/4013

f 4024/4024/4024 3995/3995/3995 3876/3876/3876

f 3971/3971/3971 4017/4017/4017 4005/4005/4005

f 3871/3871/3871 3971/3971/3971 4005/4005/4005

f 3965/3965/3965 4017/4017/4017 3973/3973/3973

f 3973/3973/3973 4017/4017/4017 3971/3971/3971

f 3871/3871/3871 3825/3825/3825 3971/3971/3971

f 3965/3965/3965 4003/4003/4003 4017/4017/4017

f 3840/3840/3840 3841/3841/3841 3966/3966/3966

f 3984/3984/3984 3884/3884/3884 3885/3885/3885

f 4018/4018/4018 4001/4001/4001 3998/3998/3998

f 4019/4019/4019 4020/4020/4020 4018/4018/4018

f 4018/4018/4018 4020/4020/4020 4001/4001/4001

f 4019/4019/4019 4002/4002/4002 4020/4020/4020

f 4003/4003/4003 4002/4002/4002 4019/4019/4019

f 4014/4014/4014 3966/3966/3966 4006/4006/4006

f 4015/4015/4015 4021/4021/4021 4011/4011/4011

f 3995/3995/3995 4016/4016/4016 4013/4013/4013

f 3966/3966/3966 4014/4014/4014 3987/3987/3987

f 4021/4021/4021 4015/4015/4015 4022/4022/4022

f 3990/3990/3990 3824/3824/3824 3830/3830/3830

f 4016/4016/4016 3995/3995/3995 3996/3996/3996

f 3873/3873/3873 3997/3997/3997 3978/3978/3978

f 3976/3976/3976 3873/3873/3873 3978/3978/3978

f 3979/3979/3979 3978/3978/3978 4023/4023/4023

f 2838/2838/2838 4024/4024/4024 4025/4025/4025

f 4030/4030/4030 2266/2266/2266 2236/2236/2236

f 4032/4032/4032 4035/4035/4035 4033/4033/4033

f 4035/4035/4035 4032/4032/4032 4034/4034/4034

f 4036/4036/4036 4037/4037/4037 4057/4057/4057

f 2243/2243/2243 2242/2242/2242 4038/4038/4038

f 4025/4025/4025 4027/4027/4027 4040/4040/4040

f 4040/4040/4040 4041/4041/4041 4025/4025/4025

f 4025/4025/4025 4041/4041/4041 2838/2838/2838

f 2165/2165/2165 4031/4031/4031 4026/4026/4026

f 4043/4043/4043 4044/4044/4044 2824/2824/2824

f 4042/4042/4042 2824/2824/2824 4044/4044/4044

f 4045/4045/4045 4328/4328/4328 3851/3851/3851

f 4045/4045/4045 4046/4046/4046 4047/4047/4047

f 4048/4048/4048 4051/4051/4051 4024/4024/4024

f 4036/4036/4036 3869/3869/3869 4037/4037/4037

f 3869/3869/3869 4036/4036/4036 3850/3850/3850

f 4033/4033/4033 3870/3870/3870 4032/4032/4032

f 4037/4037/4037 3869/3869/3869 3868/3868/3868

f 3870/3870/3870 4033/4033/4033 3866/3866/3866

f 3824/3824/3824 2753/2753/2753 2165/2165/2165

f 4026/4026/4026 3852/3852/3852 2165/2165/2165

f 4044/4044/4044 4052/4052/4052 4053/4053/4053

f 4054/4054/4054 4035/4035/4035 4034/4034/4034

f 4052/4052/4052 4056/4056/4056 4053/4053/4053

f 4035/4035/4035 4054/4054/4054 4055/4055/4055

f 4058/4058/4058 4025/4025/4025 4024/4024/4024

f 4024/4024/4024 4051/4051/4051 4031/4031/4031

f 4024/4024/4024 4031/4031/4031 4058/4058/4058

f 2165/2165/2165 4058/4058/4058 4031/4031/4031

f 4056/4056/4056 4052/4052/4052 4060/4060/4060

f 4058/4058/4058 2165/2165/2165 2709/2709/2709

f 4029/4029/4029 4061/4061/4061 4062/4062/4062

f 3852/3852/3852 3824/3824/3824 2165/2165/2165

f 4044/4044/4044 4043/4043/4043 4052/4052/4052

f 2709/2709/2709 4027/4027/4027 4058/4058/4058

f 4058/4058/4058 4027/4027/4027 4025/4025/4025

f 4060/4060/4060 4063/4063/4063 4056/4056/4056

f 4063/4063/4063 4060/4060/4060 4064/4064/4064

f 4047/4047/4047 4046/4046/4046 4065/4065/4065

f 2266/2266/2266 4030/4030/4030 4066/4066/4066

f 2709/2709/2709 4039/4039/4039 4027/4027/4027

f 4046/4046/4046 4049/4049/4049 4065/4065/4065

f 4046/4046/4046 4045/4045/4045 3851/3851/3851

f 4068/4068/4068 4069/4069/4069 4070/4070/4070

f 4071/4071/4071 4072/4072/4072 4073/4073/4073

f 4072/4072/4072 4074/4074/4074 4075/4075/4075

f 4071/4071/4071 4073/4073/4073 4076/4076/4076

f 4073/4073/4073 4077/4077/4077 4076/4076/4076

f 4078/4078/4078 4087/4087/4087 4070/4070/4070

f 4079/4079/4079 4080/4080/4080 4315/4315/4315

f 4151/4151/4151 4081/4081/4081 3823/3823/3823

f 4098/4098/4098 4082/4082/4082 3822/3822/3822

f 4072/4072/4072 4083/4083/4083 4074/4074/4074

f 4074/4074/4074 4083/4083/4083 4139/4139/4139

f 3822/3822/3822 3821/3821/3821 4098/4098/4098

f 4084/4084/4084 3892/3892/3892 4085/4085/4085

f 3891/3891/3891 3892/3892/3892 4084/4084/4084

f 4086/4086/4086 2243/2243/2243 4038/4038/4038

f 4088/4088/4088 2243/2243/2243 4086/4086/4086

f 4089/4089/4089 4090/4090/4090 4091/4091/4091

f 4090/4090/4090 4089/4089/4089 4092/4092/4092

f 4085/4085/4085 4093/4093/4093 4084/4084/4084

f 4093/4093/4093 4085/4085/4085 4094/4094/4094

f 4095/4095/4095 4096/4096/4096 4097/4097/4097

f 3821/3821/3821 4099/4099/4099 4098/4098/4098

f 4100/4100/4100 4120/4120/4120 4050/4050/4050

f 4101/4101/4101 4102/4102/4102 4103/4103/4103

f 4077/4077/4077 4105/4105/4105 4076/4076/4076

f 4091/4091/4091 4095/4095/4095 4122/4122/4122

f 4106/4106/4106 4072/4072/4072 4071/4071/4071

f 4072/4072/4072 4106/4106/4106 4083/4083/4083

f 4122/4122/4122 4095/4095/4095 4097/4097/4097

f 4100/4100/4100 2830/2830/2830 2241/2241/2241

f 4091/4091/4091 4090/4090/4090 4095/4095/4095

f 4107/4107/4107 4028/4028/4028 2830/2830/2830

f 2830/2830/2830 4100/4100/4100 4107/4107/4107

f 4083/4083/4083 4108/4108/4108 4155/4155/4155

f 4083/4083/4083 4106/4106/4106 4108/4108/4108

f 4157/4157/4157 4155/4155/4155 4108/4108/4108

f 4028/4028/4028 4107/4107/4107 4050/4050/4050

f 2243/2243/2243 4088/4088/4088 4109/4109/4109

f 4069/4069/4069 4068/4068/4068 4331/4331/4331

f 4050/4050/4050 4107/4107/4107 4100/4100/4100

f 4099/4099/4099 3821/3821/3821 4110/4110/4110

f 4078/4078/4078 4070/4070/4070 4069/4069/4069

f 4113/4113/4113 4111/4111/4111 4112/4112/4112

f 4114/4114/4114 4157/4157/4157 4108/4108/4108

f 4110/4110/4110 3821/3821/3821 4115/4115/4115

f 3847/3847/3847 3877/3877/3877 4067/4067/4067

f 4070/4070/4070 4087/4087/4087 4068/4068/4068

f 4067/4067/4067 4116/4116/4116 3847/3847/3847

f 4117/4117/4117 3856/3856/3856 3855/3855/3855

f 3856/3856/3856 4117/4117/4117 4118/4118/4118

f 3858/3858/3858 3860/3860/3860 4119/4119/4119

f 4118/4118/4118 4117/4117/4117 3887/3887/3887

f 4094/4094/4094 4121/4121/4121 4093/4093/4093

f 4121/4121/4121 4094/4094/4094 4089/4089/4089

f 3852/3852/3852 4116/4116/4116 3853/3853/3853

f 4121/4121/4121 4089/4089/4089 4091/4091/4091

f 4084/4084/4084 4093/4093/4093 4122/4122/4122

f 4084/4084/4084 4122/4122/4122 3844/3844/3844

f 4097/4097/4097 3844/3844/3844 4122/4122/4122

f 3847/3847/3847 4116/4116/4116 3863/3863/3863

f 4116/4116/4116 3852/3852/3852 3863/3863/3863

f 3860/3860/3860 3858/3858/3858 3862/3862/3862

f 3863/3863/3863 4124/4124/4124 3847/3847/3847

f 4123/4123/4123 3847/3847/3847 4124/4124/4124

f 3867/3867/3867 4125/4125/4125 3865/3865/3865

f 3862/3862/3862 3858/3858/3858 4127/4127/4127

f 4125/4125/4125 3867/3867/3867 4126/4126/4126

f 3858/3858/3858 4081/4081/4081 4127/4127/4127

f 4092/4092/4092 4129/4129/4129 4090/4090/4090

f 4130/4130/4130 4129/4129/4129 4092/4092/4092

f 4068/4068/4068 4087/4087/4087 4128/4128/4128

f 3823/3823/3823 4081/4081/4081 3858/3858/3858

f 4131/4131/4131 4130/4130/4130 4132/4132/4132

f 4133/4133/4133 4132/4132/4132 4071/4071/4071

f 4131/4131/4131 4132/4132/4132 4133/4133/4133

f 4129/4129/4129 4130/4130/4130 4131/4131/4131

f 4106/4106/4106 4071/4071/4071 4132/4132/4132

f 4141/4141/4141 4138/4138/4138 4137/4137/4137

f 4147/4147/4147 4139/4139/4139 4140/4140/4140

f 4142/4142/4142 4143/4143/4143 4150/4150/4150

f 4142/4142/4142 4150/4150/4150 4144/4144/4144

f 4136/4136/4136 4134/4134/4134 4148/4148/4148

f 4135/4135/4135 4145/4145/4145 4134/4134/4134

f 4147/4147/4147 4140/4140/4140 4149/4149/4149

f 4152/4152/4152 4142/4142/4142 4144/4144/4144

f 4152/4152/4152 4145/4145/4145 4135/4135/4135

f 4145/4145/4145 4152/4152/4152 4144/4144/4144

f 4153/4153/4153 4151/4151/4151 4059/4059/4059

f 4054/4054/4054 4154/4154/4154 4055/4055/4055

f 4154/4154/4154 4054/4054/4054 4156/4156/4156

f 4155/4155/4155 4157/4157/4157 4158/4158/4158

f 4160/4160/4160 4159/4159/4159 4161/4161/4161

f 4146/4146/4146 4147/4147/4147 4149/4149/4149

f 4162/4162/4162 4051/4051/4051 4048/4048/4048

f 4081/4081/4081 4151/4151/4151 4153/4153/4153

f 4048/4048/4048 4123/4123/4123 4162/4162/4162

f 4147/4147/4147 4146/4146/4146 4075/4075/4075

f 4048/4048/4048 4024/4024/4024 3847/3847/3847

f 4123/4123/4123 4048/4048/4048 3847/3847/3847

f 4162/4162/4162 4123/4123/4123 4124/4124/4124

f 4164/4164/4164 4156/4156/4156 4165/4165/4165

f 4081/4081/4081 4153/4153/4153 4127/4127/4127

f 4156/4156/4156 4164/4164/4164 4154/4154/4154

f 4157/4157/4157 4163/4163/4163 4158/4158/4158

f 4168/4168/4168 4166/4166/4166 4167/4167/4167

f 4147/4147/4147 4074/4074/4074 4139/4139/4139

f 4074/4074/4074 4147/4147/4147 4075/4075/4075

f 4169/4169/4169 4168/4168/4168 4167/4167/4167

f 4073/4073/4073 4160/4160/4160 4077/4077/4077

f 4160/4160/4160 4073/4073/4073 4159/4159/4159

f 4170/4170/4170 4171/4171/4171 4172/4172/4172

f 3171/3171/3171 4175/4175/4175 3278/3278/3278

f 4176/4176/4176 3171/3171/3171 4205/4205/4205

f 4175/4175/4175 3171/3171/3171 4176/4176/4176

f 4177/4177/4177 4178/4178/4178 4170/4170/4170

f 4179/4179/4179 4180/4180/4180 4177/4177/4177

f 4177/4177/4177 4180/4180/4180 4178/4178/4178

f 4181/4181/4181 4176/4176/4176 4205/4205/4205

f 4182/4182/4182 4183/4183/4183 4184/4184/4184

f 3151/3151/3151 4185/4185/4185 4186/4186/4186

f 3756/3756/3756 4209/4209/4209 3151/3151/3151

f 4176/4176/4176 4181/4181/4181 4187/4187/4187

f 3756/3756/3756 3151/3151/3151 3129/3129/3129

f 4183/4183/4183 4182/4182/4182 4188/4188/4188

f 4186/4186/4186 4185/4185/4185 4189/4189/4189

f 3151/3151/3151 4209/4209/4209 4185/4185/4185

f 4190/4190/4190 4174/4174/4174 4191/4191/4191

f 4191/4191/4191 4174/4174/4174 4173/4173/4173

f 4173/4173/4173 4192/4192/4192 4191/4191/4191

f 4190/4190/4190 4179/4179/4179 4174/4174/4174

f 4175/4175/4175 4176/4176/4176 4193/4193/4193

f 4195/4195/4195 4190/4190/4190 4194/4194/4194

f 4196/4196/4196 4195/4195/4195 4194/4194/4194

f 4197/4197/4197 4198/4198/4198 4196/4196/4196

f 4196/4196/4196 4198/4198/4198 4195/4195/4195

f 4199/4199/4199 4200/4200/4200 3159/3159/3159

f 4200/4200/4200 4199/4199/4199 4201/4201/4201

f 4202/4202/4202 4204/4204/4204 4203/4203/4203

f 3278/3278/3278 4307/4307/4307 3171/3171/3171

f 3171/3171/3171 3138/3138/3138 4205/4205/4205

f 4193/4193/4193 4176/4176/4176 4187/4187/4187

f 3159/3159/3159 4206/4206/4206 3158/3158/3158

f 4206/4206/4206 3159/3159/3159 4200/4200/4200

f 4207/4207/4207 4193/4193/4193 4187/4187/4187

f 4204/4204/4204 4202/4202/4202 4208/4208/4208

f 4208/4208/4208 4306/4306/4306 4204/4204/4204

f 4185/4185/4185 4209/4209/4209 4189/4189/4189

f 4210/4210/4210 4189/4189/4189 4209/4209/4209

f 3124/3124/3124 4211/4211/4211 3117/3117/3117

f 4205/4205/4205 3138/3138/3138 3156/3156/3156

f 4214/4214/4214 4205/4205/4205 3156/3156/3156

f 4215/4215/4215 4212/4212/4212 4225/4225/4225

f 4199/4199/4199 3159/3159/3159 4216/4216/4216

f 4216/4216/4216 3159/3159/3159 4173/4173/4173

f 3117/3117/3117 4234/4234/4234 4173/4173/4173

f 4173/4173/4173 4172/4172/4172 4216/4216/4216

f 4173/4173/4173 4174/4174/4174 4172/4172/4172

f 4217/4217/4217 4201/4201/4201 4199/4199/4199

f 4218/4218/4218 4201/4201/4201 4217/4217/4217

f 4171/4171/4171 4219/4219/4219 4218/4218/4218

f 4218/4218/4218 4219/4219/4219 4201/4201/4201

f 4220/4220/4220 4205/4205/4205 4214/4214/4214

f 4205/4205/4205 4220/4220/4220 4181/4181/4181

f 4186/4186/4186 4221/4221/4221 3151/3151/3151

f 3151/3151/3151 4221/4221/4221 3150/3150/3150

f 4184/4184/4184 4222/4222/4222 4182/4182/4182

f 3117/3117/3117 4211/4211/4211 4234/4234/4234

f 4223/4223/4223 4222/4222/4222 4184/4184/4184

f 4224/4224/4224 4215/4215/4215 4225/4225/4225

f 4226/4226/4226 4215/4215/4215 4224/4224/4224

f 4227/4227/4227 4198/4198/4198 4197/4197/4197

f 3145/3145/3145 3137/3137/3137 3163/3163/3163

f 4227/4227/4227 4228/4228/4228 4198/4198/4198

f 4227/4227/4227 4192/4192/4192 4268/4268/4268

f 4268/4268/4268 4192/4192/4192 4173/4173/4173

f 4227/4227/4227 4197/4197/4197 4192/4192/4192

f 4274/4274/4274 4228/4228/4228 4227/4227/4227

f 4272/4272/4272 4193/4193/4193 4207/4207/4207

f 4229/4229/4229 3137/3137/3137 3145/3145/3145

f 4215/4215/4215 3124/3124/3124 3137/3137/3137

f 4231/4231/4231 4229/4229/4229 4232/4232/4232

f 4303/4303/4303 2159/2159/2159 4207/4207/4207

f 4207/4207/4207 2159/2159/2159 4272/4272/4272

f 3137/3137/3137 4229/4229/4229 4215/4215/4215

f 4170/4170/4170 4172/4172/4172 4174/4174/4174

f 4190/4190/4190 4195/4195/4195 4180/4180/4180

f 4190/4190/4190 4180/4180/4180 4179/4179/4179

f 4170/4170/4170 4178/4178/4178 4219/4219/4219

f 4231/4231/4231 4215/4215/4215 4229/4229/4229

f 4211/4211/4211 3124/3124/3124 4215/4215/4215

f 4215/4215/4215 4231/4231/4231 4213/4213/4213

f 4170/4170/4170 4219/4219/4219 4171/4171/4171

f 4212/4212/4212 4215/4215/4215 4213/4213/4213

f 4024/4024/4024 3756/3756/3756 3129/3129/3129

f 4233/4233/4233 4252/4252/4252 4269/4269/4269

f 4210/4210/4210 2157/2157/2157 3767/3767/3767

f 4270/4270/4270 4235/4235/4235 4236/4236/4236

f 4237/4237/4237 4255/4255/4255 3276/3276/3276

f 4235/4235/4235 4270/4270/4270 4238/4238/4238

f 4233/4233/4233 4251/4251/4251 4252/4252/4252

f 4239/4239/4239 4240/4240/4240 4273/4273/4273

f 4245/4245/4245 4249/4249/4249 3304/3304/3304

f 4230/4230/4230 4215/4215/4215 4226/4226/4226

f 4215/4215/4215 4230/4230/4230 4241/4241/4241

f 4239/4239/4239 4273/4273/4273 4242/4242/4242

f 4241/4241/4241 4243/4243/4243 4244/4244/4244

f 4215/4215/4215 4241/4241/4241 4244/4244/4244

f 4245/4245/4245 3304/3304/3304 2978/2978/2978

f 4246/4246/4246 4245/4245/4245 2978/2978/2978

f 2770/2770/2770 3666/3666/3666 4247/4247/4247

f 4244/4244/4244 4248/4248/4248 4215/4215/4215

f 3756/3756/3756 3755/3755/3755 4250/4250/4250

f 3756/3756/3756 4250/4250/4250 4251/4251/4251

f 4250/4250/4250 3755/3755/3755 3758/3758/3758

f 4250/4250/4250 3758/3758/3758 4252/4252/4252

f 4252/4252/4252 4251/4251/4251 4250/4250/4250

f 3763/3763/3763 4253/4253/4253 3759/3759/3759

f 4253/4253/4253 3763/3763/3763 4254/4254/4254

f 3277/3277/3277 3761/3761/3761 3760/3760/3760

f 3761/3761/3761 3277/3277/3277 4255/4255/4255

f 4255/4255/4255 3277/3277/3277 3276/3276/3276

f 4244/4244/4244 4256/4256/4256 4248/4248/4248

f 4215/4215/4215 4248/4248/4248 4211/4211/4211

f 4257/4257/4257 4258/4258/4258 4259/4259/4259

f 4258/4258/4258 4257/4257/4257 4260/4260/4260

f 4261/4261/4261 4262/4262/4262 4263/4263/4263

f 4263/4263/4263 4262/4262/4262 4240/4240/4240

f 4263/4263/4263 4240/4240/4240 4239/4239/4239

f 4247/4247/4247 3666/3666/3666 4264/4264/4264

f 4173/4173/4173 4265/4265/4265 4266/4266/4266

f 4239/4239/4239 4242/4242/4242 4268/4268/4268

f 4268/4268/4268 4173/4173/4173 4266/4266/4266

f 4239/4239/4239 4268/4268/4268 4266/4266/4266

f 4251/4251/4251 4233/4233/4233 4209/4209/4209

f 3756/3756/3756 4251/4251/4251 4209/4209/4209

f 4233/4233/4233 4269/4269/4269 4209/4209/4209

f 4270/4270/4270 4271/4271/4271 2163/2163/2163

f 4270/4270/4270 4236/4236/4236 4271/4271/4271

f 4272/4272/4272 4237/4237/4237 4193/4193/4193

f 2157/2157/2157 4209/4209/4209 4269/4269/4269

f 4209/4209/4209 2157/2157/2157 4210/4210/4210

f 4274/4274/4274 4273/4273/4273 4228/4228/4228

f 4242/4242/4242 4273/4273/4273 4274/4274/4274

f 4261/4261/4261 4260/4260/4260 4262/4262/4262

f 4259/4259/4259 4258/4258/4258 4275/4275/4275

f 4258/4258/4258 4260/4260/4260 4261/4261/4261

f 3276/3276/3276 4175/4175/4175 4237/4237/4237

f 4173/4173/4173 4234/4234/4234 4265/4265/4265

f 4276/4276/4276 4266/4266/4266 4265/4265/4265

f 4175/4175/4175 3276/3276/3276 3278/3278/3278

f 4175/4175/4175 4193/4193/4193 4237/4237/4237

f 4291/4291/4291 1262/1262/1262 3772/3772/3772

f 1251/1251/1251 3800/3800/3800 4277/4277/4277

f 1251/1251/1251 4277/4277/4277 1252/1252/1252

f 1243/1243/1243 1252/1252/1252 4277/4277/4277

f 4277/4277/4277 2286/2286/2286 1243/1243/1243

f 3127/3127/3127 4278/4278/4278 4282/4282/4282

f 4282/4282/4282 4278/4278/4278 4279/4279/4279

f 4280/4280/4280 3143/3143/3143 4281/4281/4281

f 4286/4286/4286 4280/4280/4280 4281/4281/4281

f 4285/4285/4285 4283/4283/4283 3149/3149/3149

f 4285/4285/4285 4284/4284/4284 4283/4283/4283

f 2161/2161/2161 4280/4280/4280 4286/4286/4286

f 3752/3752/3752 3753/3753/3753 3851/3851/3851

f 4279/4279/4279 4278/4278/4278 4292/4292/4292

f 4328/4328/4328 3752/3752/3752 3851/3851/3851

f 3123/3123/3123 4302/4302/4302 3122/3122/3122

f 4287/4287/4287 4282/4282/4282 4279/4279/4279

f 4285/4285/4285 4288/4288/4288 4284/4284/4284

f 4288/4288/4288 4285/4285/4285 4290/4290/4290

f 4286/4286/4286 4289/4289/4289 2161/2161/2161

f 3803/3803/3803 2286/2286/2286 4277/4277/4277

f 3783/3783/3783 3297/3297/3297 4291/4291/4291

f 4292/4292/4292 4278/4278/4278 3753/3753/3753

f 3800/3800/3800 3803/3803/3803 4277/4277/4277

f 3297/3297/3297 3800/3800/3800 1251/1251/1251

f 4290/4290/4290 3154/3154/3154 4288/4288/4288

f 4287/4287/4287 4292/4292/4292 4214/4214/4214

f 3753/3753/3753 3861/3861/3861 3851/3851/3851

f 3861/3861/3861 3753/3753/3753 3794/3794/3794

f 4279/4279/4279 4292/4292/4292 4287/4287/4287

f 4289/4289/4289 3150/3150/3150 2161/2161/2161

f 4292/4292/4292 4220/4220/4220 4214/4214/4214

f 4220/4220/4220 4292/4292/4292 4295/4295/4295

f 4222/4222/4222 4223/4223/4223 4293/4293/4293

f 4295/4295/4295 4292/4292/4292 4300/4300/4300

f 3154/3154/3154 4290/4290/4290 3152/3152/3152

f 3146/3146/3146 3149/3149/3149 4283/4283/4283

f 4221/4221/4221 2161/2161/2161 3150/3150/3150

f 2161/2161/2161 4221/4221/4221 4294/4294/4294

f 4298/4298/4298 2161/2161/2161 4294/4294/4294

f 4297/4297/4297 4293/4293/4293 4223/4223/4223

f 4297/4297/4297 4296/4296/4296 4293/4293/4293

f 4291/4291/4291 3297/3297/3297 4299/4299/4299

f 4291/4291/4291 4299/4299/4299 1263/1263/1263

f 1263/1263/1263 1262/1262/1262 4291/4291/4291

f 3786/3786/3786 3794/3794/3794 4278/4278/4278

f 4278/4278/4278 3794/3794/3794 3753/3753/3753

f 4301/4301/4301 3785/3785/3785 3786/3786/3786

f 4300/4300/4300 4292/4292/4292 2159/2159/2159

f 3781/3781/3781 3780/3780/3780 4302/4302/4302

f 4303/4303/4303 4295/4295/4295 4300/4300/4300

f 4297/4297/4297 4304/4304/4304 4296/4296/4296

f 3767/3767/3767 2161/2161/2161 4298/4298/4298

f 4302/4302/4302 3123/3123/3123 3781/3781/3781

f 4301/4301/4301 4278/4278/4278 3126/3126/3126

f 3786/3786/3786 4278/4278/4278 4301/4301/4301

f 4278/4278/4278 3127/3127/3127 3126/3126/3126

f 3778/3778/3778 3130/3130/3130 4280/4280/4280

f 4280/4280/4280 3779/3779/3779 3778/3778/3778

f 3143/3143/3143 4280/4280/4280 3130/3130/3130

f 3800/3800/3800 3297/3297/3297 3783/3783/3783

f 4304/4304/4304 4297/4297/4297 4306/4306/4306

f 4298/4298/4298 4305/4305/4305 3767/3767/3767

f 1263/1263/1263 4299/4299/4299 1257/1257/1257

f 3297/3297/3297 1257/1257/1257 4299/4299/4299

f 4305/4305/4305 4210/4210/4210 3767/3767/3767

f 4300/4300/4300 2159/2159/2159 4303/4303/4303

f 4306/4306/4306 4208/4208/4208 4304/4304/4304

f 2159/2159/2159 4292/4292/4292 3753/3753/3753

f 4307/4307/4307 4049/4049/4049 4046/4046/4046

f 4078/4078/4078 4069/4069/4069 2253/2253/2253

f 4314/4314/4314 4315/4315/4315 4316/4316/4316

f 4057/4057/4057 3861/3861/3861 4036/4036/4036

f 4311/4311/4311 4319/4319/4319 2255/2255/2255

f 4315/4315/4315 4321/4321/4321 4316/4316/4316

f 4151/4151/4151 4307/4307/4307 4059/4059/4059

f 4317/4317/4317 4308/4308/4308 3506/3506/3506

f 2823/2823/2823 4309/4309/4309 4310/4310/4310

f 2262/2262/2262 2263/2263/2263 4313/4313/4313

f 3501/3501/3501 3506/3506/3506 4308/4308/4308

f 4309/4309/4309 3501/3501/3501 4308/4308/4308

f 3501/3501/3501 4309/4309/4309 3502/3502/3502

f 3851/3851/3851 4324/4324/4324 4046/4046/4046

f 2263/2263/2263 2228/2228/2228 4312/4312/4312

f 4313/4313/4313 2263/2263/2263 4312/4312/4312

f 2253/2253/2253 4069/4069/4069 2254/2254/2254

f 4322/4322/4322 4323/4323/4323 2246/2246/2246

f 4325/4325/4325 2213/2213/2213 4326/4326/4326

f 3502/3502/3502 2823/2823/2823 2819/2819/2819

f 2823/2823/2823 3502/3502/3502 4309/4309/4309

f 2254/2254/2254 4069/4069/4069 4327/4327/4327

f 3850/3850/3850 4036/4036/4036 3861/3861/3861

f 4315/4315/4315 4314/4314/4314 4329/4329/4329

f 4315/4315/4315 4080/4080/4080 4321/4321/4321

f 4327/4327/4327 4069/4069/4069 4331/4331/4331

f 4319/4319/4319 4311/4311/4311 4333/4333/4333

f 4324/4324/4324 4307/4307/4307 4046/4046/4046

f 4318/4318/4318 4332/4332/4332 4320/4320/4320

f 4307/4307/4307 4057/4057/4057 4059/4059/4059

f 4307/4307/4307 4324/4324/4324 4057/4057/4057

f 4324/4324/4324 3851/3851/3851 3861/3861/3861

f 4057/4057/4057 4324/4324/4324 3861/3861/3861

f 3950/3950/3950 4334/4334/4334 3935/3935/3935

f 4334/4334/4334 4335/4335/4335 4336/4336/4336

f 4335/4335/4335 4334/4334/4334 3950/3950/3950

f 4337/4337/4337 3907/3907/3907 3921/3921/3921

f 3907/3907/3907 3095/3095/3095 4307/4307/4307

f 4338/4338/4338 4335/4335/4335 3938/3938/3938

f 3915/3915/3915 4339/4339/4339 3941/3941/3941

f 4024/4024/4024 4344/4344/4344 3915/3915/3915

f 4344/4344/4344 3129/3129/3129 3125/3125/3125

f 4340/4340/4340 3125/3125/3125 3128/3128/3128

f 4341/4341/4341 4342/4342/4342 4343/4343/4343

f 3105/3105/3105 4367/4367/4367 3119/3119/3119

f 3125/3125/3125 4340/4340/4340 4344/4344/4344

f 4342/4342/4342 4341/4341/4341 4366/4366/4366

f 4338/4338/4338 3938/3938/3938 4346/4346/4346

f 3906/3906/3906 4345/4345/4345 4346/4346/4346

f 3939/3939/3939 4345/4345/4345 3906/3906/3906

f 4347/4347/4347 3107/3107/3107 4348/4348/4348

f 3106/3106/3106 3107/3107/3107 4347/4347/4347

f 4349/4349/4349 4346/4346/4346 4345/4345/4345

f 4350/4350/4350 4351/4351/4351 4346/4346/4346

f 3102/3102/3102 3939/3939/3939 3117/3117/3117

f 3095/3095/3095 3907/3907/3907 4337/4337/4337

f 4352/4352/4352 4338/4338/4338 4355/4355/4355

f 4353/4353/4353 3102/3102/3102 3103/3103/3103

f 4347/4347/4347 4354/4354/4354 3103/3103/3103

f 4338/4338/4338 4352/4352/4352 4356/4356/4356

f 4360/4360/4360 4355/4355/4355 4351/4351/4351

f 4348/4348/4348 4357/4357/4357 4347/4347/4347

f 3131/3131/3131 4362/4362/4362 4359/4359/4359

f 4362/4362/4362 4361/4361/4361 4359/4359/4359

f 4361/4361/4361 4362/4362/4362 4363/4363/4363

f 4363/4363/4363 4362/4362/4362 4364/4364/4364

f 4024/4024/4024 3129/3129/3129 4344/4344/4344

f 3788/3788/3788 4344/4344/4344 4340/4340/4340

f 4366/4366/4366 3768/3768/3768 4342/4342/4342

f 3098/3098/3098 3117/3117/3117 3939/3939/3939

f 4344/4344/4344 3788/3788/3788 4376/4376/4376

f 3769/3769/3769 3768/3768/3768 4366/4366/4366

f 4368/4368/4368 3795/3795/3795 4367/4367/4367

f 4367/4367/4367 3105/3105/3105 4368/4368/4368

f 4370/4370/4370 4371/4371/4371 4369/4369/4369

f 4370/4370/4370 4369/4369/4369 4357/4357/4357

f 4371/4371/4371 4370/4370/4370 4373/4373/4373

f 4371/4371/4371 4373/4373/4373 4372/4372/4372

f 3906/3906/3906 4346/4346/4346 3938/3938/3938

f 4368/4368/4368 3105/3105/3105 3095/3095/3095

f 4347/4347/4347 4357/4357/4357 4354/4354/4354

f 4353/4353/4353 3103/3103/3103 4354/4354/4354

f 3939/3939/3939 3102/3102/3102 4353/4353/4353

f 4353/4353/4353 4354/4354/4354 4374/4374/4374

f 4374/4374/4374 4375/4375/4375 4353/4353/4353

f 4372/4372/4372 4375/4375/4375 4374/4374/4374

f 4376/4376/4376 3788/3788/3788 3796/3796/3796

f 4344/4344/4344 4376/4376/4376 4339/4339/4339

f 3795/3795/3795 4368/4368/4368 3798/3798/3798

f 3798/3798/3798 4368/4368/4368 4379/4379/4379

f 3777/3777/3777 4377/4377/4377 3775/3775/3775

f 4377/4377/4377 3777/3777/3777 4378/4378/4378

f 4368/4368/4368 4337/4337/4337 4379/4379/4379

f 4381/4381/4381 4382/4382/4382 4380/4380/4380

f 4381/4381/4381 4380/4380/4380 4383/4383/4383

f 4382/4382/4382 4381/4381/4381 4384/4384/4384

f 4382/4382/4382 4384/4384/4384 4350/4350/4350

f 3095/3095/3095 4337/4337/4337 4368/4368/4368

f 4372/4372/4372 4383/4383/4383 4375/4375/4375

f 4375/4375/4375 4345/4345/4345 4353/4353/4353

f 3939/3939/3939 4353/4353/4353 4345/4345/4345

f 4355/4355/4355 4360/4360/4360 4352/4352/4352

f 3959/3959/3959 4337/4337/4337 3921/3921/3921

f 3943/3943/3943 4385/4385/4385 3948/3948/3948

f 4337/4337/4337 3959/3959/3959 4379/4379/4379

f 4385/4385/4385 3943/3943/3943 4386/4386/4386

f 3941/3941/3941 4339/4339/4339 4376/4376/4376

f 3915/3915/3915 4344/4344/4344 4339/4339/4339

f 4359/4359/4359 4358/4358/4358 3131/3131/3131

f 4351/4351/4351 4384/4384/4384 4360/4360/4360

f 3931/3931/3931 3933/3933/3933 4387/4387/4387

f 4338/4338/4338 4356/4356/4356 4336/4336/4336

f 4338/4338/4338 4336/4336/4336 4335/4335/4335

f 4388/4388/4388 3931/3931/3931 4387/4387/4387

f 4389/4389/4389 4387/4387/4387 4390/4390/4390

f 4387/4387/4387 4389/4389/4389 4388/4388/4388

f 4362/4362/4362 3931/3931/3931 4388/4388/4388

f 3098/3098/3098 3931/3931/3931 4362/4362/4362

f 4362/4362/4362 4388/4388/4388 4365/4365/4365

f 4364/4364/4364 4362/4362/4362 4365/4365/4365

f 4384/4384/4384 4351/4351/4351 4350/4350/4350

f 4383/4383/4383 4373/4373/4373 4381/4381/4381

f 4373/4373/4373 4383/4383/4383 4372/4372/4372

f 4357/4357/4357 4348/4348/4348 4370/4370/4370

f 4350/4350/4350 4346/4346/4346 4349/4349/4349

f 4345/4345/4345 4375/4375/4375 4349/4349/4349

