# UnrealEd OBJ exporter

v -0.660143 10.005366 -26.125717
v 0.542029 9.939358 -26.303301
v -0.571207 9.959983 -26.335976
v -0.571207 9.959983 -26.335976
v 0.557822 9.368497 -26.424913
v -0.565810 9.356377 -26.429012
v 0.533788 9.136448 -25.950092
v 1.712850 8.518801 -26.205627
v 1.884683 8.299261 -25.926861
v 0.039462 9.530935 -26.140661
v 0.533788 9.136448 -25.950092
v -0.660823 9.038318 -25.916847
v 1.884683 9.075645 -26.010836
v 0.506732 10.164484 -26.147182
v 1.791453 9.588548 -26.326691
v 0.542029 9.939358 -26.303301
v 1.751400 9.133993 -26.316448
v 0.557822 9.368497 -26.424913
v 1.712850 8.518801 -26.205627
v 0.557822 9.368497 -26.424913
v 1.751400 9.133993 -26.316448
v 1.712850 8.518801 -26.205627
v 0.533788 9.136448 -25.950092
v 0.039462 9.530935 -26.140661
v 1.712850 8.518801 -26.205627
v 0.039462 9.530935 -26.140661
v 0.557822 9.368497 -26.424913
v 0.039462 9.530935 -26.140661
v -0.565810 9.356377 -26.429012
v 0.557822 9.368497 -26.424913
v -0.571207 9.959983 -26.335976
v 0.542029 9.939358 -26.303301
v 0.557822 9.368497 -26.424913
v -1.880178 11.097501 -25.093763
v -1.882959 10.141363 -26.203739
v -1.798336 9.580646 -26.318689
v -1.884683 9.075645 -26.010836
v -1.880178 11.097501 -25.093763
v -1.798336 9.580646 -26.318689
v -0.587228 10.382827 -26.374146
v -1.798336 9.580646 -26.318689
v -0.476511 10.575310 -26.895086
v -0.476511 10.575310 -26.895086
v -1.798336 9.580646 -26.318689
v -1.901963 10.089581 -26.437971
v -0.660143 10.005366 -26.125717
v -1.798336 9.580646 -26.318689
v -0.587228 10.382827 -26.374146
v -0.571207 9.959983 -26.335976
v -1.884683 9.075645 -26.010836
v -0.660143 10.005366 -26.125717
v -0.584990 10.874222 -26.507166
v -1.901963 10.089581 -26.437971
v -1.882959 10.141363 -26.203739
v -1.901963 10.089581 -26.437971
v -1.798336 9.580646 -26.318689
v -1.882959 10.141363 -26.203739
v -1.880178 11.097501 -25.093763
v -1.884683 9.075645 -26.010836
v -1.884683 8.299261 -25.926861
v -1.711225 8.517910 -26.204964
v -0.660823 9.038318 -25.916847
v -1.884683 8.299261 -25.926861
v -1.884683 8.299261 -25.926861
v -1.884683 9.075645 -26.010836
v -1.711225 8.517910 -26.204964
v -1.750889 9.130084 -26.320986
v -0.571207 9.959983 -26.335976
v -0.565810 9.356377 -26.429012
v -0.660823 9.038318 -25.916847
v -1.711225 8.517910 -26.204964
v 0.039462 9.530935 -26.140661
v 0.039462 9.530935 -26.140661
v -1.711225 8.517910 -26.204964
v -0.565810 9.356377 -26.429012
v -0.660143 10.005366 -26.125717
v -1.884683 9.075645 -26.010836
v -1.798336 9.580646 -26.318689
v -1.884683 9.075645 -26.010836
v -0.571207 9.959983 -26.335976
v -1.750889 9.130084 -26.320986
v -0.565810 9.356377 -26.429012
v -1.711225 8.517910 -26.204964
v -1.750889 9.130084 -26.320986
v -1.711225 8.517910 -26.204964
v -1.884683 9.075645 -26.010836
v -1.750889 9.130084 -26.320986
v -0.660143 10.005366 -26.125717
v 0.506732 10.164484 -26.147182
v 0.542029 9.939358 -26.303301
v 0.602607 10.379916 -26.377934
v -0.476511 10.575310 -26.895086
v 0.496196 10.606353 -26.824530
v 0.506732 10.164484 -26.147182
v -0.660143 10.005366 -26.125717
v -0.587228 10.382827 -26.374146
v -0.476511 10.575310 -26.895086
v 0.602607 10.379916 -26.377934
v -0.587228 10.382827 -26.374146
v 0.506732 10.164484 -26.147182
v -0.587228 10.382827 -26.374146
v 0.602607 10.379916 -26.377934
v 1.884683 9.075645 -26.010836
v 0.542029 9.939358 -26.303301
v 0.506732 10.164484 -26.147182
v 1.805918 7.951287 -26.000572
v 0.533788 9.136448 -25.950092
v 1.884683 8.299261 -25.926861
v 1.791453 9.588548 -26.326691
v 0.496196 10.606353 -26.824530
v 1.831559 10.070722 -26.463226
v 1.791453 9.588548 -26.326691
v 0.602607 10.379916 -26.377934
v 0.496196 10.606353 -26.824530
v 1.791453 9.588548 -26.326691
v 0.506732 10.164484 -26.147182
v 0.602607 10.379916 -26.377934
v -0.570668 11.041667 -26.362429
v -1.882959 10.141363 -26.203739
v -1.814873 10.595922 -26.510696
v -0.640447 11.336399 -26.717060
v -1.814873 10.595922 -26.510696
v -1.876153 10.913437 -26.736341
v -1.901963 10.089581 -26.437971
v -0.584990 10.874222 -26.507166
v -0.476511 10.575310 -26.895086
v -1.882959 10.141363 -26.203739
v -0.570668 11.041667 -26.362429
v -0.584990 10.874222 -26.507166
v -0.570668 11.041667 -26.362429
v -1.814873 10.595922 -26.510696
v -0.640447 11.336399 -26.717060
v -1.353697 11.631013 -26.936480
v -0.640447 11.336399 -26.717060
v -1.876153 10.913437 -26.736341
v -1.882959 10.141363 -26.203739
v -1.880178 11.097501 -25.093763
v -1.814873 10.595922 -26.510696
v -1.814873 10.595922 -26.510696
v -1.880178 11.097501 -25.093763
v -1.876153 10.913437 -26.736341
v -1.353697 11.631013 -26.936480
v -1.876153 10.913437 -26.736341
v -1.601234 11.726696 -26.724989
v -0.739935 11.917625 -26.760260
v -1.353697 11.631013 -26.936480
v -1.601234 11.726696 -26.724989
v 0.608728 10.866402 -26.500187
v -0.476511 10.575310 -26.895086
v -0.584990 10.874222 -26.507166
v -0.476511 10.575310 -26.895086
v 0.608728 10.866402 -26.500187
v 0.496196 10.606353 -26.824530
v 0.577315 11.404111 -26.716080
v -0.570668 11.041667 -26.362429
v -0.640447 11.336399 -26.717060
v -0.570668 11.041667 -26.362429
v 0.608728 10.866402 -26.500187
v -0.584990 10.874222 -26.507166
v -0.570668 11.041667 -26.362429
v 0.587078 11.024219 -26.424082
v 0.608728 10.866402 -26.500187
v 0.587078 11.024219 -26.424082
v -0.570668 11.041667 -26.362429
v 0.577315 11.404111 -26.716080
v 1.831559 10.070722 -26.463226
v 0.496196 10.606353 -26.824530
v 0.608728 10.866402 -26.500187
v 0.587078 11.024219 -26.424082
v 1.775254 10.328329 -26.328003
v 0.608728 10.866402 -26.500187
v 0.577315 11.404111 -26.716080
v 1.906902 10.579815 -26.513531
v 1.775254 10.328329 -26.328003
v 1.906902 10.579815 -26.513531
v 1.883078 11.046494 -25.150372
v 1.775254 10.328329 -26.328003
v 1.906902 10.579815 -26.513531
v 1.868963 10.935548 -26.779171
v 1.883078 11.046494 -25.150372
v 1.883078 11.046494 -25.150372
v 1.791453 9.588548 -26.326691
v 1.775254 10.328329 -26.328003
v 1.883078 11.046494 -25.150372
v 1.884683 9.075645 -26.010836
v 1.791453 9.588548 -26.326691
v 1.831559 10.070722 -26.463226
v 0.608728 10.866402 -26.500187
v 1.775254 10.328329 -26.328003
v 1.831559 10.070722 -26.463226
v 1.775254 10.328329 -26.328003
v 1.791453 9.588548 -26.326691
v 1.883078 11.046494 -25.150372
v 1.884683 8.299261 -25.926861
v 1.884683 9.075645 -26.010836
v 1.884683 8.299261 -25.926861
v 1.883078 11.046494 -25.150372
v 1.805918 7.951287 -26.000572
v 1.884683 9.075645 -26.010836
v 1.884683 8.299261 -25.926861
v 1.712850 8.518801 -26.205627
v 0.542029 9.939358 -26.303301
v 1.884683 9.075645 -26.010836
v 1.751400 9.133993 -26.316448
v 1.884683 9.075645 -26.010836
v 1.712850 8.518801 -26.205627
v 1.751400 9.133993 -26.316448
v 1.558216 11.746670 -26.868937
v 0.615669 11.686945 -26.963478
v 0.739935 11.917625 -26.760260
v 1.558216 11.746670 -26.868937
v 0.577315 11.404111 -26.716080
v 0.615669 11.686945 -26.963478
v -0.739935 11.917625 -26.760260
v 0.739935 11.917625 -26.760260
v 0.615669 11.686945 -26.963478
v -1.353697 11.631013 -26.936480
v 0.615669 11.686945 -26.963478
v 0.577315 11.404111 -26.716080
v 0.577315 11.404111 -26.716080
v 1.868963 10.935548 -26.779171
v 1.906902 10.579815 -26.513531
v 1.558216 11.746670 -26.868937
v 1.868963 10.935548 -26.779171
v 0.577315 11.404111 -26.716080
v 0.577315 11.404111 -26.716080
v 1.775254 10.328329 -26.328003
v 0.587078 11.024219 -26.424082
v -1.353697 11.631013 -26.936480
v 0.577315 11.404111 -26.716080
v -0.640447 11.336399 -26.717060
v -0.739935 11.917625 -26.760260
v 0.615669 11.686945 -26.963478
v -1.353697 11.631013 -26.936480
v 1.883078 11.046494 -25.150372
v 1.884661 1.442240 -25.248547
v 1.884661 1.442240 -25.093254
v 1.944529 11.605361 -25.224720
v 2.097237 1.364498 -25.248547
v 1.884661 1.442240 -25.248547
v 2.097237 1.364498 -25.248547
v 2.097237 8.519792 -24.139977
v 2.097237 2.788213 -24.139975
v -2.097237 2.149608 -23.501362
v -2.108274 1.382290 -22.516216
v -2.097237 2.149617 -22.715631
v 0.436810 2.788922 -24.139975
v 2.097237 2.149608 -23.501362
v 2.097237 2.788213 -24.139975
v 2.097237 1.382303 -22.738165
v 2.097237 2.788213 -24.139975
v 2.097237 2.149608 -23.501362
v 2.097237 2.788213 -24.139975
v 2.097237 1.382303 -22.738165
v 2.097237 1.364498 -25.248547
v -0.436810 2.150327 -22.716106
v -2.097237 2.149608 -23.501362
v -2.097237 2.149617 -22.715631
v -2.097237 2.149617 -22.715631
v -2.108274 1.382290 -22.516216
v -2.097237 2.620841 -22.004406
v -2.097237 2.149608 -23.501362
v -0.436810 2.150327 -22.716106
v -0.436810 2.150317 -23.501362
v -0.430553 2.720307 -23.480755
v -0.436810 2.150317 -23.501362
v -0.436810 2.150327 -22.716106
v -0.450765 2.737779 -22.807405
v -0.430553 2.720307 -23.480755
v -0.436810 2.150327 -22.716106
v -2.097237 2.149617 -22.715631
v -0.436810 2.550579 -22.111998
v -0.436810 2.150327 -22.716106
v -0.436810 2.550579 -22.111998
v -0.450765 2.737779 -22.807405
v -0.436810 2.150327 -22.716106
v -0.450765 2.737779 -22.807405
v -0.436810 2.550579 -22.111998
v -0.436810 2.803741 -22.538309
v -0.436810 2.803741 -22.538309
v -0.436810 3.143727 -22.442720
v -0.450765 2.737779 -22.807405
v -0.450765 2.737779 -22.807405
v -0.436810 3.143727 -22.442720
v -0.424265 3.234581 -22.622723
v -0.436810 2.550579 -22.111998
v -2.097237 2.149617 -22.715631
v -2.097237 2.620841 -22.004406
v 2.097237 2.149608 -23.501362
v 0.436810 2.150317 -23.501362
v 0.436810 2.150327 -22.716106
v 0.445687 2.728661 -23.424168
v 0.436810 2.150327 -22.716106
v 0.436810 2.150317 -23.501362
v 0.436810 3.500471 -23.711567
v -0.436810 3.747113 -23.458790
v 0.455326 3.827785 -23.347832
v 0.436810 3.754878 -24.139975
v -0.436810 3.754878 -24.139975
v -0.447260 3.395312 -23.529413
v 0.458389 3.204570 -23.663292
v 0.455326 3.827785 -23.347832
v 0.406093 3.660060 -23.029814
v 0.406093 3.660060 -23.029814
v -0.447260 3.395312 -23.529413
v 0.458389 3.204570 -23.663292
v 0.455326 3.827785 -23.347832
v 0.458389 3.204570 -23.663292
v 0.436810 3.500471 -23.711567
v 0.436810 3.500471 -23.711567
v -0.447260 3.395312 -23.529413
v -0.436810 3.747113 -23.458790
v 0.458389 3.204570 -23.663292
v 0.436810 3.754878 -24.139975
v 0.436810 3.500471 -23.711567
v 0.436810 3.754878 -24.139975
v -0.447260 3.395312 -23.529413
v 0.436810 3.500471 -23.711567
v 0.436810 2.788922 -24.139975
v 0.436810 3.754878 -24.139975
v 0.458389 3.204570 -23.663292
v -2.097237 8.519792 -24.139977
v -2.104767 1.405582 -25.210035
v -2.097237 2.788213 -24.139975
v -0.436810 3.747113 -23.458790
v -0.447260 3.395312 -23.529413
v -0.417872 3.683929 -23.049997
v -0.447260 3.395312 -23.529413
v -0.436810 3.754878 -24.139975
v -0.436810 3.160485 -23.807158
v -0.436810 3.754878 -24.139975
v -0.436810 2.788922 -24.139975
v -0.436810 3.160485 -23.807158
v 0.446213 2.674806 -22.907867
v 0.436810 2.150327 -22.716106
v 0.445687 2.728661 -23.424168
v 0.446213 2.674806 -22.907867
v 0.436810 2.550579 -22.111998
v 0.436810 2.150327 -22.716106
v 0.446213 2.674806 -22.907867
v -0.430553 2.720307 -23.480755
v -0.450765 2.737779 -22.807405
v 0.445687 2.728661 -23.424168
v -0.430553 2.720307 -23.480755
v 0.446213 2.674806 -22.907867
v 0.464288 3.116760 -22.627926
v -0.436810 2.803741 -22.538309
v -0.436810 2.550579 -22.111998
v -0.424265 3.234581 -22.622723
v 0.464288 3.116760 -22.627926
v -0.450765 2.737779 -22.807405
v 0.436810 2.550579 -22.111998
v -2.097237 7.768309 -14.235229
v 2.097237 7.768309 -14.235229
v 0.464288 3.116760 -22.627926
v -0.436810 3.143727 -22.442720
v -0.436810 2.803741 -22.538309
v 0.446213 2.674806 -22.907867
v -0.450765 2.737779 -22.807405
v 0.464288 3.116760 -22.627926
v 0.436810 2.550579 -22.111998
v 0.446213 2.674806 -22.907867
v 0.464288 3.116760 -22.627926
v 2.097237 2.149617 -22.715631
v 0.436810 2.150327 -22.716106
v 0.436810 2.550579 -22.111998
v 0.464288 3.116760 -22.627926
v -0.436810 2.550579 -22.111998
v 0.436810 2.550579 -22.111998
v -0.435430 3.825417 -22.769648
v -0.417872 3.683929 -23.049997
v -0.424265 3.234581 -22.622723
v -0.435430 3.825417 -22.769648
v -0.424265 3.234581 -22.622723
v -0.436810 3.143727 -22.442720
v -0.436810 3.747113 -23.458790
v -0.417872 3.683929 -23.049997
v -0.435430 3.825417 -22.769648
v 0.406093 3.660060 -23.029814
v -0.417872 3.683929 -23.049997
v -0.447260 3.395312 -23.529413
v 2.097237 9.651131 -23.008636
v 2.097237 8.519792 -24.139977
v 2.092248 11.260719 -25.249235
v -0.417872 3.683929 -23.049997
v 0.406093 3.660060 -23.029814
v -0.424265 3.234581 -22.622723
v 0.439696 3.630678 -22.594543
v -0.435430 3.825417 -22.769648
v -0.436810 3.143727 -22.442720
v -0.424265 3.234581 -22.622723
v 0.406093 3.660060 -23.029814
v 0.464288 3.116760 -22.627926
v 0.439696 3.630678 -22.594543
v -0.436810 3.143727 -22.442720
v 0.464288 3.116760 -22.627926
v 2.097237 1.364498 -25.248547
v 1.790016 0.550497 -25.211739
v 1.512285 0.626078 -25.169838
v 0.439696 3.630678 -22.594543
v 0.464288 3.116760 -22.627926
v 0.406093 3.660060 -23.029814
v 1.512285 0.626078 -25.169838
v 1.884661 1.442240 -25.093254
v 1.884661 1.442240 -25.248547
v 2.097237 1.364498 -25.248547
v 1.512285 0.626078 -25.169838
v 1.884661 1.442240 -25.248547
v 0.455326 3.827785 -23.347832
v -0.436810 3.747113 -23.458790
v -0.435430 3.825417 -22.769648
v 2.097237 1.364498 -25.248547
v 2.097237 1.382303 -22.738165
v 1.790016 0.550497 -25.211739
v 0.455326 3.827785 -23.347832
v -0.435430 3.825417 -22.769648
v 0.439696 3.630678 -22.594543
v 0.406093 3.660060 -23.029814
v 0.455326 3.827785 -23.347832
v 0.439696 3.630678 -22.594543
v -2.092248 11.260720 -17.833477
v -2.092248 11.260719 -25.249235
v -2.097237 9.651131 -23.008636
v 2.097237 2.149608 -23.501362
v 0.436810 2.150327 -22.716106
v 2.097237 2.149617 -22.715631
v 2.097237 1.382303 -22.738165
v 2.097237 2.149608 -23.501362
v 2.097237 2.149617 -22.715631
v 2.097237 2.149617 -22.715631
v 2.097237 7.768309 -14.235229
v 2.097237 1.382303 -22.738165
v -2.104767 1.405582 -25.210035
v -1.949315 11.618526 -25.199648
v -1.876769 1.220473 -25.224916
v 2.097237 7.768309 -14.235229
v 2.097237 2.149617 -22.715631
v 0.436810 2.550579 -22.111998
v 2.097237 9.651131 -23.008636
v -2.097237 8.519792 -24.139977
v 2.097237 8.519792 -24.139977
v -2.097237 9.651131 -23.008636
v -2.092248 11.260719 -25.249235
v -2.097237 8.519792 -24.139977
v 2.097237 9.651131 -23.008636
v -2.097237 9.651131 -23.008636
v -2.097237 8.519792 -24.139977
v -2.097237 8.519792 -24.139977
v -2.097237 2.788213 -24.139975
v -0.436810 3.754878 -24.139975
v 2.092248 11.260720 -17.833477
v 2.097237 9.651131 -23.008636
v 2.092248 11.260719 -25.249235
v 1.944529 11.605361 -25.224720
v 1.835804 11.784878 -18.092176
v 2.092248 11.260719 -25.249235
v -0.436810 2.550579 -22.111998
v -2.097237 7.768309 -14.235229
v 0.436810 2.550579 -22.111998
v -0.436810 2.550579 -22.111998
v -2.097237 2.620841 -22.004406
v -2.097237 7.768309 -14.235229
v 1.487171 12.006858 -25.260212
v 1.835804 11.784878 -18.092176
v 1.944529 11.605361 -25.224720
v 2.092248 11.260720 -17.833477
v 2.092248 11.260719 -25.249235
v 1.835804 11.784878 -18.092176
v -2.097237 9.651133 -10.170459
v -2.097237 9.651131 -23.008636
v 2.097237 9.651131 -23.008636
v -2.097237 9.651131 -23.008636
v -2.097237 9.651133 -10.170459
v -2.092248 11.260720 -17.833477
v 2.097237 8.519792 -24.139977
v -0.436810 3.754878 -24.139975
v 0.436810 3.754878 -24.139975
v -1.949315 11.618526 -25.199648
v -2.104767 1.405582 -25.210035
v -2.092248 11.260719 -25.249235
v 2.097237 8.519792 -24.139977
v 2.097237 1.364498 -25.248547
v 2.092248 11.260719 -25.249235
v 2.092248 11.260720 -17.833477
v 2.097237 9.651133 -10.170459
v 2.097237 9.651131 -23.008636
v -2.116656 1.282969 -25.273788
v -2.104767 1.405582 -25.210035
v -1.876769 1.220473 -25.224916
v 1.797892 11.316933 -17.926975
v 2.092248 11.260720 -17.833477
v 1.835804 11.784878 -18.092176
v 1.487171 12.006858 -25.260212
v 1.313443 12.043266 -10.170472
v 1.835804 11.784878 -18.092176
v 1.835804 11.784878 -18.092176
v 1.313443 12.043266 -10.170472
v 1.726606 11.859394 -10.170472
v 1.797892 11.316934 -10.170468
v 1.797892 11.316933 -17.926975
v 1.726606 11.859394 -10.170472
v 2.092248 11.260720 -17.833477
v 1.797892 11.316934 -10.170468
v 2.092248 11.260721 -10.170468
v 2.097237 9.651133 -10.170459
v 2.092248 11.260720 -17.833477
v 2.092248 11.260721 -10.170468
v 1.835804 11.784878 -18.092176
v 1.726606 11.859394 -10.170472
v 1.797892 11.316933 -17.926975
v 1.797892 11.316933 -17.926975
v 1.797892 11.316934 -10.170468
v 2.092248 11.260720 -17.833477
v 2.097237 9.651131 -23.008636
v 2.097237 9.651133 -10.170459
v -2.097237 9.651133 -10.170459
v 2.097237 2.788213 -24.139975
v 0.436810 3.754878 -24.139975
v 0.436810 2.788922 -24.139975
v 2.097237 2.149608 -23.501362
v 0.436810 2.788922 -24.139975
v 0.436810 2.150317 -23.501362
v 0.458389 3.204570 -23.663292
v -0.430553 2.720307 -23.480755
v 0.445687 2.728661 -23.424168
v 2.097237 1.364498 -25.248547
v 1.944529 11.605361 -25.224720
v 2.092248 11.260719 -25.249235
v 1.884661 1.442240 -25.248547
v 1.883078 11.046494 -25.150372
v 1.944529 11.605361 -25.224720
v 0.458389 3.204570 -23.663292
v 0.445687 2.728661 -23.424168
v 0.436810 2.788922 -24.139975
v 0.458389 3.204570 -23.663292
v -0.447260 3.395312 -23.529413
v -0.430553 2.720307 -23.480755
v 0.436810 2.150317 -23.501362
v 0.436810 2.788922 -24.139975
v 0.445687 2.728661 -23.424168
v -0.436810 3.160485 -23.807158
v -0.430553 2.720307 -23.480755
v -0.447260 3.395312 -23.529413
v 0.436810 3.754878 -24.139975
v 2.097237 2.788213 -24.139975
v 2.097237 8.519792 -24.139977
v -0.436810 3.160485 -23.807158
v -0.436810 2.788922 -24.139975
v -0.430553 2.720307 -23.480755
v -0.436810 2.788922 -24.139975
v -0.436810 3.754878 -24.139975
v -2.097237 2.788213 -24.139975
v -0.430553 2.720307 -23.480755
v -0.436810 2.788922 -24.139975
v -0.436810 2.150317 -23.501362
v -0.436810 2.788922 -24.139975
v -2.097237 2.149608 -23.501362
v -0.436810 2.150317 -23.501362
v -0.436810 2.788922 -24.139975
v -2.097237 2.788213 -24.139975
v -2.097237 2.149608 -23.501362
v -2.108274 1.382290 -22.516216
v -2.097237 2.149608 -23.501362
v -2.104767 1.405582 -25.210035
v -2.097237 2.788213 -24.139975
v -2.104767 1.405582 -25.210035
v -2.097237 2.149608 -23.501362
v -2.116656 1.282969 -25.273788
v -2.108274 1.382290 -22.516216
v -2.104767 1.405582 -25.210035
v -2.092248 11.260721 -10.170468
v -2.092248 11.260720 -17.833477
v -2.097237 9.651133 -10.170459
v -1.797892 11.316934 -10.170468
v -2.092248 11.260720 -17.833477
v -2.092248 11.260721 -10.170468
v -0.436810 3.754878 -24.139975
v 2.097237 8.519792 -24.139977
v -2.097237 8.519792 -24.139977
v -2.104767 1.405582 -25.210035
v -2.097237 8.519792 -24.139977
v -2.092248 11.260719 -25.249235
v 1.159054 1.839370 -0.982352
v 1.736877 1.020578 -0.891867
v 1.744412 0.473537 -1.383979
v 2.125342 -0.235821 -0.359443
v 1.744412 0.473537 -1.383979
v 1.736877 1.020578 -0.891867
v 1.815963 -1.060020 0.682980
v 1.760613 -0.447013 1.236214
v 1.439094 -0.660558 1.835304
v 2.125342 -0.235821 -0.359443
v 1.760613 -0.447013 1.236214
v 1.954860 -0.991244 0.709657
v 1.760613 -0.447013 1.236214
v 1.815963 -1.060020 0.682980
v 1.954860 -0.991244 0.709657
v 1.439094 -0.660558 1.835304
v 1.922578 -1.144695 0.637484
v 1.815963 -1.060020 0.682980
v 1.789080 -2.013528 0.557424
v 1.922578 -1.144695 0.637484
v 1.439094 -0.660558 1.835304
v 1.922578 -1.144695 0.637484
v 1.789080 -2.013528 0.557424
v 1.922955 -1.856066 0.461828
v 2.203513 -1.848905 -0.985373
v 2.154132 -1.210382 -1.027042
v 1.922578 -1.144695 0.637484
v 1.922578 -1.144695 0.637484
v 2.154132 -1.210382 -1.027042
v 1.739278 -1.161094 -2.398993
v 1.922578 -1.144695 0.637484
v 1.922955 -1.856066 0.461828
v 2.203513 -1.848905 -0.985373
v 1.922955 -1.856066 0.461828
v 1.788947 -1.913293 -2.648418
v 2.203513 -1.848905 -0.985373
v -2.075432 0.016973 -0.796382
v 1.744412 0.473537 -1.383979
v 2.125342 -0.235821 -0.359443
v 1.744412 0.473537 -1.383979
v -2.075432 0.016973 -0.796382
v -1.744412 0.473537 -1.383979
v -1.884840 -1.067268 0.745763
v 1.954860 -0.991244 0.709657
v 1.815963 -1.060020 0.682980
v 1.815963 -1.060020 0.682980
v 1.922578 -1.144695 0.637484
v -1.884840 -1.067268 0.745763
v 1.954860 -0.991244 0.709657
v -1.924830 -0.977595 0.711974
v -2.075432 0.016973 -0.796382
v 1.439094 -0.660558 1.835304
v 0.541680 -0.912657 2.049072
v 1.476989 -4.539218 0.220549
v 1.789080 -2.013528 0.557424
v -1.768901 -1.910992 0.592956
v 1.922955 -1.856066 0.461828
v 1.954860 -0.991244 0.709657
v -1.884840 -1.067268 0.745763
v -1.924830 -0.977595 0.711974
v -1.884840 -1.067268 0.745763
v 1.922578 -1.144695 0.637484
v -1.917885 -1.148668 0.666119
v -1.924830 -0.977595 0.711974
v -1.884840 -1.067268 0.745763
v -1.520741 -0.646064 1.791053
v -1.917885 -1.148668 0.666119
v -1.768901 -1.910992 0.592956
v -1.520741 -0.646064 1.791053
v -1.520741 -0.646064 1.791053
v -1.884840 -1.067268 0.745763
v -1.917885 -1.148668 0.666119
v -1.520741 -0.646064 1.791053
v -1.228752 -4.541962 0.457280
v -0.746902 -0.897996 2.030166
v 1.954860 -0.991244 0.709657
v -2.075432 0.016973 -0.796382
v 2.125342 -0.235821 -0.359443
v 1.739278 -1.161094 -2.398993
v -2.181130 -1.191563 -1.201299
v 1.922578 -1.144695 0.637484
v 1.788947 -1.913293 -2.648418
v 1.922955 -1.856066 0.461828
v -1.768901 -1.910992 0.592956
v -1.917885 -1.148668 0.666119
v 1.922578 -1.144695 0.637484
v -2.181130 -1.191563 -1.201299
v -2.181130 -1.191563 -1.201299
v -1.768901 -1.910992 0.592956
v -1.917885 -1.148668 0.666119
v -2.199302 -1.859131 -1.274128
v 1.788947 -1.913293 -2.648418
v -1.768901 -1.910992 0.592956
v -1.768901 -1.910992 0.592956
v -2.181130 -1.191563 -1.201299
v -2.199302 -1.859131 -1.274128
v 1.159054 1.839370 -0.982352
v 1.744412 0.473537 -1.383979
v 1.606461 0.468899 -1.606275
v 1.553789 -1.033459 -2.532176
v 1.159054 1.839370 -0.982352
v 1.606461 0.468899 -1.606275
v 1.739278 -1.161094 -2.398993
v 1.329744 -1.581174 -3.200400
v 1.553789 -1.033459 -2.532176
v 1.788947 -1.913293 -2.648418
v 2.154132 -1.210382 -1.027042
v 2.203513 -1.848905 -0.985373
v 1.739278 -1.161094 -2.398993
v 2.154132 -1.210382 -1.027042
v 1.788947 -1.913293 -2.648418
v 2.103791 -3.975470 -0.397150
v 1.827477 -1.982518 -2.753874
v -1.913892 -1.988738 -2.708083
v 1.329744 -1.581174 -3.200400
v 1.739278 -1.161094 -2.398993
v 1.788947 -1.913293 -2.648418
v 1.827477 -1.982518 -2.753874
v 1.329744 -1.581174 -3.200400
v 1.788947 -1.913293 -2.648418
v 1.329744 -1.581174 -3.200400
v 1.827477 -1.982518 -2.753874
v 1.429168 -2.551168 -3.177716
v 1.744412 0.473537 -1.383979
v -1.744412 0.473537 -1.383979
v 1.606461 0.468899 -1.606275
v -1.546695 0.395050 -1.598735
v 1.553789 -1.033459 -2.532176
v 1.606461 0.468899 -1.606275
v 1.606461 0.468899 -1.606275
v -1.744412 0.473537 -1.383979
v -1.546695 0.395050 -1.598735
v 2.014583 -3.036472 -2.487921
v 1.429168 -2.551168 -3.177716
v 1.827477 -1.982518 -2.753874
v 2.103791 -3.975470 -0.397150
v 2.014583 -3.036472 -2.487921
v 1.827477 -1.982518 -2.753874
v -1.744412 0.473537 -1.383979
v -1.328407 1.819941 -0.933178
v -1.546695 0.395050 -1.598735
v -1.328407 1.819941 -0.933178
v -1.394844 -1.343422 -3.048051
v -1.546695 0.395050 -1.598735
v 1.159054 1.839370 -0.982352
v 1.553789 -1.033459 -2.532176
v 1.329744 -1.581174 -3.200400
v 1.739278 -1.161094 -2.398993
v 1.553789 -1.033459 -2.532176
v -1.522068 -1.022602 -2.510167
v -1.698625 -1.919415 -2.708915
v 1.827477 -1.982518 -2.753874
v 1.788947 -1.913293 -2.648418
v -1.325729 -5.293406 0.501458
v -1.818925 -4.679117 -0.743746
v -1.234115 -5.570670 0.546128
v -1.913892 -1.988738 -2.708083
v 1.827477 -1.982518 -2.753874
v -1.698625 -1.919415 -2.708915
v 1.553789 -1.033459 -2.532176
v -1.546695 0.395050 -1.598735
v -1.522068 -1.022602 -2.510167
v -2.181130 -1.191563 -1.201299
v 1.739278 -1.161094 -2.398993
v -1.738183 -1.191985 -2.423216
v -1.394844 -1.343422 -3.048051
v -1.522068 -1.022602 -2.510167
v -1.546695 0.395050 -1.598735
v -1.738183 -1.191985 -2.423216
v -2.199302 -1.859131 -1.274128
v -2.181130 -1.191563 -1.201299
v -1.738183 -1.191985 -2.423216
v 1.739278 -1.161094 -2.398993
v -1.522068 -1.022602 -2.510167
v -1.394844 -1.343422 -3.048051
v -1.738183 -1.191985 -2.423216
v -1.522068 -1.022602 -2.510167
v -1.738183 -1.191985 -2.423216
v -1.394844 -1.343422 -3.048051
v -1.700550 -1.735363 -2.755896
v -1.228752 -4.541962 0.457280
v -1.818925 -4.679117 -0.743746
v -1.325729 -5.293406 0.501458
v -1.700550 -1.735363 -2.755896
v 1.788947 -1.913293 -2.648418
v -2.199302 -1.859131 -1.274128
v -1.806837 -3.941818 -0.241417
v -1.818925 -4.679117 -0.743746
v -1.228752 -4.541962 0.457280
v -2.199302 -1.859131 -1.274128
v -1.738183 -1.191985 -2.423216
v -1.700550 -1.735363 -2.755896
v -1.698625 -1.919415 -2.708915
v 1.788947 -1.913293 -2.648418
v -1.700550 -1.735363 -2.755896
v -1.700550 -1.735363 -2.755896
v -1.913892 -1.988738 -2.708083
v -1.698625 -1.919415 -2.708915
v 0.553720 -5.154298 0.625183
v 1.313516 -5.299860 0.338244
v 1.476989 -4.539218 0.220549
v 1.476989 -4.539218 0.220549
v 1.789080 -2.013528 0.557424
v 1.439094 -0.660558 1.835304
v 1.476989 -4.539218 0.220549
v 1.806750 -3.980542 -0.261374
v 1.789080 -2.013528 0.557424
v -1.234115 -5.570670 0.546128
v -0.601116 -5.800716 1.468274
v -1.325729 -5.293406 0.501458
v 1.840397 -4.700826 -0.678009
v 1.806750 -3.980542 -0.261374
v 1.476989 -4.539218 0.220549
v 1.840397 -4.700826 -0.678009
v 1.476989 -4.539218 0.220549
v 1.313516 -5.299860 0.338244
v -0.601116 -5.800716 1.468274
v -1.234115 -5.570670 0.546128
v -0.630141 -5.910641 1.545387
v 1.840397 -4.700826 -0.678009
v 1.313516 -5.299860 0.338244
v 1.311300 -5.489542 0.420475
v 0.541680 -0.912657 2.049072
v -0.746902 -0.897996 2.030166
v 0.607327 -4.648844 0.493822
v 0.553720 -5.154298 0.625183
v -0.601116 -5.800716 1.468274
v 0.602585 -5.826455 1.532498
v -0.601116 -5.800716 1.468274
v 0.553720 -5.154298 0.625183
v -1.325729 -5.293406 0.501458
v 0.541680 -0.912657 2.049072
v 0.607327 -4.648844 0.493822
v 1.476989 -4.539218 0.220549
v -1.228752 -4.541962 0.457280
v 0.607327 -4.648844 0.493822
v -0.746902 -0.897996 2.030166
v 0.602585 -5.826455 1.532498
v 1.311300 -5.489542 0.420475
v 1.313516 -5.299860 0.338244
v -1.768901 -1.910992 0.592956
v -1.228752 -4.541962 0.457280
v -1.520741 -0.646064 1.791053
v 1.313516 -5.299860 0.338244
v 0.553720 -5.154298 0.625183
v 0.602585 -5.826455 1.532498
v -1.806837 -3.941818 -0.241417
v 1.789080 -2.013528 0.557424
v 1.806750 -3.980542 -0.261374
v -0.601116 -5.800716 1.468274
v -0.630141 -5.910641 1.545387
v 0.602585 -5.826455 1.532498
v -1.806837 -3.941818 -0.241417
v -1.768901 -1.910992 0.592956
v 1.789080 -2.013528 0.557424
v -1.228752 -4.541962 0.457280
v -1.768901 -1.910992 0.592956
v -1.806837 -3.941818 -0.241417
v -1.325729 -5.293406 0.501458
v 0.607327 -4.648844 0.493822
v -1.228752 -4.541962 0.457280
v 0.607327 -4.648844 0.493822
v -1.325729 -5.293406 0.501458
v 0.553720 -5.154298 0.625183
v 1.476989 -4.539218 0.220549
v 0.607327 -4.648844 0.493822
v 0.553720 -5.154298 0.625183
v 2.388633 4.268825 36.453518
v 2.167927 4.531523 36.832561
v 2.384375 4.259018 36.625622
v 1.908919 3.188562 36.856319
v 2.384375 4.259018 36.625622
v 2.167927 4.531523 36.832561
v 2.173179 4.531552 36.252785
v 2.167927 4.531523 36.832561
v 2.388633 4.268825 36.453518
v 2.384375 4.259018 36.625622
v 2.238782 3.154199 36.543346
v 2.388633 4.268825 36.453518
v 2.388633 4.268825 36.453518
v 1.905225 3.187935 36.229832
v 2.173179 4.531552 36.252785
v 1.908921 3.188561 35.747082
v 2.384375 4.259018 35.516388
v 2.167927 4.531523 35.723328
v 2.384375 4.259018 36.625622
v 1.908919 3.188562 36.856319
v 2.238782 3.154199 36.543346
v 1.939019 2.911445 36.637314
v 2.238782 3.154199 36.543346
v 1.908919 3.188562 36.856319
v 0.811973 3.142964 36.833729
v 1.939019 2.911445 36.637314
v 1.908919 3.188562 36.856319
v 1.905225 3.187935 36.229832
v 2.388633 4.268825 36.453518
v 2.238782 3.154199 36.543346
v 1.924657 2.916095 36.440823
v 1.905225 3.187935 36.229832
v 2.238782 3.154199 36.543346
v 2.238782 3.154199 36.543346
v 1.939019 2.911445 36.637314
v 1.924657 2.916095 36.440823
v 1.939019 2.911445 36.637314
v 0.479736 2.861204 36.590004
v 1.924657 2.916095 36.440823
v 1.924657 2.916095 36.440823
v 0.811973 3.142964 36.253990
v 1.905225 3.187935 36.229832
v 0.811973 3.142964 35.724495
v 1.939042 2.911447 35.528084
v 1.908921 3.188561 35.747082
v 1.939019 2.911445 36.637314
v 0.811973 3.142964 36.833729
v 0.479736 2.861204 36.590004
v 0.811973 3.142964 36.253990
v 1.924657 2.916095 36.440823
v 0.479736 2.861204 36.590004
v 0.479736 2.861204 36.590004
v 0.811973 3.142964 35.724495
v 0.811973 3.142964 36.253990
v 0.811973 3.142964 35.724495
v 0.479736 2.861204 36.590004
v 0.485783 2.862962 35.478622
v -0.487181 2.863835 36.579124
v 0.485783 2.862962 35.478622
v 0.479736 2.861204 36.590004
v -2.167927 4.531523 36.832561
v -2.388633 4.268825 36.453518
v -2.384375 4.259018 36.625622
v -2.384375 4.259018 36.625622
v -1.908920 3.188561 36.856316
v -2.167927 4.531523 36.832561
v -2.173179 4.531552 36.252785
v -2.388633 4.268825 36.453518
v -2.167927 4.531523 36.832561
v -2.388633 4.268825 36.453518
v -2.238782 3.154199 36.543346
v -2.384375 4.259018 36.625622
v -1.905225 3.187935 36.229832
v -2.388633 4.268825 36.453518
v -2.173179 4.531552 36.252785
v 0.811973 3.142964 33.523933
v 0.477075 2.860868 34.379883
v 0.485563 2.862875 33.278011
v -0.811973 3.142964 36.833729
v -1.939020 2.911446 36.637314
v -0.487181 2.863835 36.579124
v -1.939020 2.911446 36.637314
v -0.811973 3.142964 36.833729
v -1.908920 3.188561 36.856316
v -1.908920 3.188561 36.856316
v -2.384375 4.259018 36.625622
v -2.238782 3.154199 36.543346
v -1.939020 2.911446 36.637314
v -1.908920 3.188561 36.856316
v -2.238782 3.154199 36.543346
v -1.924657 2.916095 36.440823
v -0.811973 3.142965 36.253990
v -0.487181 2.863835 36.579124
v -0.487181 2.863835 36.579124
v -1.939020 2.911446 36.637314
v -1.924657 2.916095 36.440823
v -0.811973 3.142965 36.253990
v -1.924657 2.916095 36.440823
v -1.905225 3.187935 36.229832
v -2.388633 4.268825 36.453518
v -1.905225 3.187935 36.229832
v -2.238782 3.154199 36.543346
v -1.924657 2.916095 36.440823
v -2.238782 3.154199 36.543346
v -1.905225 3.187935 36.229832
v -1.939020 2.911446 36.637314
v -2.238782 3.154199 36.543346
v -1.924657 2.916095 36.440823
v 2.105901 6.281922 38.442337
v 2.265196 4.946903 33.792278
v 2.094786 6.303713 27.372318
v 2.265196 4.946903 33.792278
v 2.105901 6.281922 38.442337
v 2.268283 4.751264 38.383232
v 2.173179 4.531552 35.143551
v 2.167927 4.531523 35.723328
v 2.388633 4.268825 35.344284
v 2.388633 4.268825 35.344284
v 2.167927 4.531523 35.723328
v 2.384375 4.259018 35.516388
v 2.384375 4.259018 35.516388
v 2.238744 3.154143 35.434139
v 2.388633 4.268825 35.344284
v 2.388633 4.268825 35.344284
v 1.905531 3.188197 35.120678
v 2.173179 4.531552 35.143551
v 2.173179 4.531552 34.043270
v 2.167927 4.531523 34.623047
v 2.388633 4.268825 34.244003
v 2.388633 4.268825 34.244003
v 2.167927 4.531523 34.623047
v 2.384375 4.259018 34.416107
v 2.384375 4.259018 34.416107
v 2.238744 3.154143 34.333858
v 2.388633 4.268825 34.244003
v 2.265196 4.946903 33.792278
v 1.987283 3.260491 33.881298
v 1.960823 3.264924 33.708004
v 2.388633 4.268825 34.244003
v 1.905531 3.188198 34.020397
v 2.173179 4.531552 34.043270
v 1.980074 3.258819 38.289963
v 2.265196 4.946903 33.792278
v 2.268283 4.751264 38.383232
v 1.908921 3.188561 34.646805
v 2.384375 4.259018 34.416107
v 2.167927 4.531523 34.623047
v 2.384375 4.259018 35.516388
v 1.908921 3.188561 35.747082
v 2.238744 3.154143 35.434139
v 1.905531 3.188197 35.120678
v 2.388633 4.268825 35.344284
v 2.238744 3.154143 35.434139
v 1.914291 3.185097 32.204704
v 1.980074 3.258819 38.289963
v 1.762679 3.135353 38.305935
v 1.939042 2.911447 35.528084
v 2.238744 3.154143 35.434139
v 1.908921 3.188561 35.747082
v 2.238744 3.154143 35.434139
v 1.939042 2.911447 35.528084
v 1.925002 2.916112 35.331635
v 1.925002 2.916112 35.331635
v 1.905531 3.188197 35.120678
v 2.238744 3.154143 35.434139
v 1.939042 2.911447 35.528084
v 0.485783 2.862962 35.478622
v 1.925002 2.916112 35.331635
v 1.925002 2.916112 35.331635
v 0.811973 3.142964 35.144756
v 1.905531 3.188197 35.120678
v 2.384375 4.259018 34.416107
v 1.908921 3.188561 34.646805
v 2.238744 3.154143 34.333858
v 1.905531 3.188198 34.020397
v 2.388633 4.268825 34.244003
v 2.238744 3.154143 34.333858
v 2.265196 4.946903 33.792278
v 1.980074 3.258819 38.289963
v 1.987283 3.260491 33.881298
v -0.490118 2.864481 34.370132
v 0.485563 2.862875 33.278011
v 0.477075 2.860868 34.379883
v 0.477075 2.860868 34.379883
v 0.811973 3.142964 33.523933
v 0.811973 3.142964 34.044476
v 0.811973 3.142964 34.044476
v 1.924999 2.916111 34.231354
v 0.477075 2.860868 34.379883
v 1.939040 2.911447 34.427803
v 0.811973 3.142964 34.624214
v 0.477075 2.860868 34.379883
v 1.980074 3.258819 38.289963
v 1.914291 3.185097 32.204704
v 1.987283 3.260491 33.881298
v 1.939040 2.911447 34.427803
v 2.238744 3.154143 34.333858
v 1.908921 3.188561 34.646805
v 2.238744 3.154143 34.333858
v 1.939040 2.911447 34.427803
v 1.924999 2.916111 34.231354
v 0.811973 3.142964 34.624214
v 1.939040 2.911447 34.427803
v 1.908921 3.188561 34.646805
v 0.485783 2.862962 35.478622
v 0.477075 2.860868 34.379883
v 0.811973 3.142964 34.624214
v 0.485783 2.862962 35.478622
v 0.811973 3.142964 34.624214
v 0.811973 3.142964 35.144756
v 0.811973 3.142964 35.144756
v 1.925002 2.916112 35.331635
v 0.485783 2.862962 35.478622
v 1.939042 2.911447 35.528084
v 0.811973 3.142964 35.724495
v 0.485783 2.862962 35.478622
v 1.939040 2.911447 34.427803
v 0.477075 2.860868 34.379883
v 1.924999 2.916111 34.231354
v 1.914291 3.185097 32.204704
v 1.960823 3.264924 33.708004
v 1.987283 3.260491 33.881298
v 1.924999 2.916111 34.231354
v 0.811973 3.142964 34.044476
v 1.905531 3.188198 34.020397
v 1.924999 2.916111 34.231354
v 1.905531 3.188198 34.020397
v 2.238744 3.154143 34.333858
v -1.089625 0.588650 -26.531483
v -0.802324 0.326997 -26.313650
v -1.585637 0.672582 -26.306372
v -1.089625 0.588650 -26.531483
v -1.585637 0.672582 -26.306372
v -0.607295 1.359836 -26.336817
v -0.571942 1.615354 -26.082445
v -1.585637 0.672582 -26.306372
v -1.679454 0.986460 -26.181101
v -0.571942 1.615354 -26.082445
v -1.679454 0.986460 -26.181101
v -1.562580 1.144702 -26.441809
v -0.607295 1.359836 -26.336817
v -1.585637 0.672582 -26.306372
v -0.571942 1.615354 -26.082445
v -0.525548 1.292140 -26.545660
v -1.089625 0.588650 -26.531483
v -0.607295 1.359836 -26.336817
v -0.739935 11.917625 -26.760260
v -0.902431 11.913430 -25.171530
v 0.739935 11.917625 -26.760260
v -1.623665 0.536362 -25.220148
v -1.679454 0.986460 -26.181101
v -1.585637 0.672582 -26.306372
v -1.585637 0.672582 -26.306372
v -0.769961 0.306379 -25.155170
v -1.623665 0.536362 -25.220148
v -1.876769 1.220473 -25.224916
v -1.875813 1.513185 -26.315252
v -1.562580 1.144702 -26.441809
v 0.908162 11.925154 -25.153927
v 1.558216 11.746670 -26.868937
v 0.739935 11.917625 -26.760260
v 0.739935 11.917625 -26.760260
v -0.902431 11.913430 -25.171530
v 0.908162 11.925154 -25.153927
v -0.823378 12.107881 -25.249830
v 0.823378 12.107881 -25.249830
v -0.902431 11.913430 -25.171530
v 1.884663 1.911981 -26.163862
v 1.885387 1.540237 -25.093166
v 1.903718 1.479322 -26.293900
v 1.903718 1.479322 -26.293900
v 1.564436 1.145002 -26.441278
v 1.629744 1.452172 -26.542679
v -0.902431 11.913430 -25.171530
v 0.823378 12.107881 -25.249830
v 0.908162 11.925154 -25.153927
v 0.908162 11.925154 -25.153927
v 0.823378 12.107881 -25.249830
v 1.487171 12.006858 -25.260212
v -1.679454 0.986460 -26.181101
v -1.876769 1.220473 -25.224916
v -1.562580 1.144702 -26.441809
v -1.679454 0.986460 -26.181101
v -1.623665 0.536362 -25.220148
v -1.876769 1.220473 -25.224916
v -0.769961 0.306379 -25.155170
v -1.585637 0.672582 -26.306372
v -0.802324 0.326997 -26.313650
v 0.689117 0.307769 -25.188999
v -0.802324 0.326997 -26.313650
v 0.871986 0.323276 -26.331306
v -0.769961 0.306379 -25.155170
v -0.802324 0.326997 -26.313650
v 0.689117 0.307769 -25.188999
v 1.104172 0.581441 -26.618353
v -1.089625 0.588650 -26.531483
v -0.525548 1.292140 -26.545660
v -1.089625 0.588650 -26.531483
v 0.871986 0.323276 -26.331306
v -0.802324 0.326997 -26.313650
v -1.089625 0.588650 -26.531483
v 1.104172 0.581441 -26.618353
v 0.871986 0.323276 -26.331306
v 0.595445 1.314748 -26.314905
v -0.525548 1.292140 -26.545660
v -0.607295 1.359836 -26.336817
v -0.525548 1.292140 -26.545660
v 0.595445 1.314748 -26.314905
v 1.104172 0.581441 -26.618353
v 1.449364 0.737024 -26.366859
v 0.871986 0.323276 -26.331306
v 1.104172 0.581441 -26.618353
v 1.449364 0.737024 -26.366859
v 1.104172 0.581441 -26.618353
v 0.595445 1.314748 -26.314905
v 1.449364 0.737024 -26.366859
v 0.595445 1.314748 -26.314905
v 0.613483 1.578016 -26.108725
v 0.613483 1.578016 -26.108725
v 1.679454 0.986460 -26.181101
v 1.449364 0.737024 -26.366859
v 0.613483 1.578016 -26.108725
v 1.564436 1.145002 -26.441278
v 1.679454 0.986460 -26.181101
v 1.883078 11.046494 -25.150372
v 1.868963 10.935548 -26.779171
v 1.944529 11.605361 -25.224720
v 1.558216 11.746670 -26.868937
v 1.944529 11.605361 -25.224720
v 1.868963 10.935548 -26.779171
v 1.558216 11.746670 -26.868937
v 0.908162 11.925154 -25.153927
v 1.944529 11.605361 -25.224720
v 1.487171 12.006858 -25.260212
v 1.944529 11.605361 -25.224720
v 0.908162 11.925154 -25.153927
v -1.835294 11.792270 -18.061855
v -1.949315 11.618526 -25.199648
v -2.092248 11.260719 -25.249235
v -1.835294 11.792270 -18.061855
v -1.479037 12.009377 -25.259527
v -1.949315 11.618526 -25.199648
v -1.835294 11.792270 -18.061855
v -2.092248 11.260719 -25.249235
v -2.092248 11.260720 -17.833477
v 0.871986 0.323276 -26.331306
v 1.449364 0.737024 -26.366859
v 1.512285 0.626078 -25.169838
v 0.689117 0.307769 -25.188999
v 0.871986 0.323276 -26.331306
v 1.512285 0.626078 -25.169838
v 1.903718 1.479322 -26.293900
v 1.679454 0.986460 -26.181101
v 1.564436 1.145002 -26.441278
v 1.679454 0.986460 -26.181101
v 1.512285 0.626078 -25.169838
v 1.449364 0.737024 -26.366859
v 1.903718 1.479322 -26.293900
v 1.512285 0.626078 -25.169838
v 1.679454 0.986460 -26.181101
v 1.512285 0.626078 -25.169838
v 1.903718 1.479322 -26.293900
v 1.885387 1.540237 -25.093166
v -1.562580 1.144702 -26.441809
v -1.875813 1.513185 -26.315252
v -1.629744 1.452172 -26.542679
v -1.629744 1.452172 -26.542679
v -1.875813 1.513185 -26.315252
v -0.576309 2.457012 -26.355467
v -0.550121 2.775819 -26.034893
v -1.875813 1.513185 -26.315252
v -1.884663 1.911981 -26.163862
v -0.543142 1.906129 -26.546881
v -1.562580 1.144702 -26.441809
v -1.629744 1.452172 -26.542679
v -0.578551 1.873213 -26.279547
v -1.562580 1.144702 -26.441809
v -0.543142 1.906129 -26.546881
v -1.562580 1.144702 -26.441809
v -0.578551 1.873213 -26.279547
v -0.571942 1.615354 -26.082445
v -0.823378 12.107881 -25.249830
v -0.902431 11.913430 -25.171530
v -1.479037 12.009377 -25.259527
v -1.949315 11.618526 -25.199648
v -1.479037 12.009377 -25.259527
v -0.902431 11.913430 -25.171530
v -0.902431 11.913430 -25.171530
v -1.601234 11.726696 -26.724989
v -1.949315 11.618526 -25.199648
v -1.601234 11.726696 -26.724989
v -0.902431 11.913430 -25.171530
v -0.739935 11.917625 -26.760260
v -1.629744 1.452172 -26.542679
v -0.576309 2.457012 -26.355467
v -0.543142 1.906129 -26.546881
v -0.576309 2.457012 -26.355467
v -1.875813 1.513185 -26.315252
v -0.550121 2.775819 -26.034893
v -1.885246 1.535048 -25.093275
v -1.884663 1.911981 -26.163862
v -1.875813 1.513185 -26.315252
v -1.876153 10.913437 -26.736341
v -1.949315 11.618526 -25.199648
v -1.601234 11.726696 -26.724989
v -1.885246 1.535048 -25.093275
v -1.875813 1.513185 -26.315252
v -1.876769 1.220473 -25.224916
v -1.949315 11.618526 -25.199648
v -1.876153 10.913437 -26.736341
v -1.880178 11.097501 -25.093763
v -1.313443 12.043266 -10.170472
v -1.835294 11.792270 -18.061855
v -1.726606 11.859394 -10.170472
v -1.726606 11.859394 -10.170472
v -1.797892 11.316933 -17.926975
v -1.797892 11.316934 -10.170468
v -0.571942 1.615354 -26.082445
v 0.595445 1.314748 -26.314905
v -0.607295 1.359836 -26.336817
v -0.571942 1.615354 -26.082445
v 0.613483 1.578016 -26.108725
v 0.595445 1.314748 -26.314905
v 0.613483 1.578016 -26.108725
v -0.571942 1.615354 -26.082445
v 0.572875 1.872764 -26.281103
v -0.543142 1.906129 -26.546881
v 0.572875 1.872764 -26.281103
v -0.578551 1.873213 -26.279547
v -0.578551 1.873213 -26.279547
v 0.572875 1.872764 -26.281103
v -0.571942 1.615354 -26.082445
v 0.572875 1.872764 -26.281103
v -0.543142 1.906129 -26.546881
v 0.545982 1.901095 -26.542700
v -0.543142 1.906129 -26.546881
v 0.476590 2.524028 -26.371138
v 0.545982 1.901095 -26.542700
v 0.545982 1.901095 -26.542700
v 1.629744 1.452172 -26.542679
v 1.564436 1.145002 -26.441278
v 1.564436 1.145002 -26.441278
v 0.572875 1.872764 -26.281103
v 0.545982 1.901095 -26.542700
v -1.479037 12.009377 -25.259527
v -0.823379 12.107882 -10.170472
v -0.823378 12.107881 -25.249830
v 0.823377 12.107882 -10.170472
v 0.823378 12.107881 -25.249830
v -0.823378 12.107881 -25.249830
v 0.572875 1.872764 -26.281103
v 1.564436 1.145002 -26.441278
v 0.613483 1.578016 -26.108725
v 1.629744 1.452172 -26.542679
v 0.545982 1.901095 -26.542700
v 0.476590 2.524028 -26.371138
v 1.629744 1.452172 -26.542679
v 0.476590 2.524028 -26.371138
v 1.903718 1.479322 -26.293900
v 1.903718 1.479322 -26.293900
v 0.562246 2.751678 -26.060442
v 1.884663 1.911981 -26.163862
v 0.476590 2.524028 -26.371138
v -0.543142 1.906129 -26.546881
v -0.576309 2.457012 -26.355467
v -0.550121 2.775819 -26.034893
v 0.476590 2.524028 -26.371138
v -0.576309 2.457012 -26.355467
v -0.550121 2.775819 -26.034893
v 0.562246 2.751678 -26.060442
v 0.476590 2.524028 -26.371138
v 1.487171 12.006858 -25.260212
v 0.823377 12.107882 -10.170472
v 1.313443 12.043266 -10.170472
v -0.823378 12.107881 -25.249830
v -0.823379 12.107882 -10.170472
v 0.823377 12.107882 -10.170472
v -0.823379 12.107882 -10.170472
v -1.479037 12.009377 -25.259527
v -1.313443 12.043266 -10.170472
v 0.823378 12.107881 -25.249830
v 0.823377 12.107882 -10.170472
v 1.487171 12.006858 -25.260212
v -1.797892 11.316933 -17.926975
v -1.835294 11.792270 -18.061855
v -2.092248 11.260720 -17.833477
v -1.726606 11.859394 -10.170472
v -1.835294 11.792270 -18.061855
v -1.797892 11.316933 -17.926975
v 1.903718 1.479322 -26.293900
v 0.476590 2.524028 -26.371138
v 0.562246 2.751678 -26.060442
v -2.092248 11.260720 -17.833477
v -1.797892 11.316934 -10.170468
v -1.797892 11.316933 -17.926975
v -1.835294 11.792270 -18.061855
v -1.313443 12.043266 -10.170472
v -1.479037 12.009377 -25.259527
v -1.880178 11.097501 -25.093763
v -1.876769 1.220473 -25.224916
v -1.949315 11.618526 -25.199648
v -1.913487 -2.535053 -3.078193
v -0.000646 -4.545445 -0.818578
v -2.016260 -4.529173 -0.744950
v 0.602585 -5.826455 1.532498
v -0.630141 -5.910641 1.545387
v 0.646930 -5.967463 1.531914
v -1.806837 -3.941818 -0.241417
v 2.103791 -3.975470 -0.397150
v -2.059162 -4.006375 -0.425604
v -0.675772 -5.965940 1.400985
v 0.571165 -5.895457 1.066024
v 0.646930 -5.967463 1.531914
v -0.000646 -4.545445 -0.818578
v 2.014583 -3.036472 -2.487921
v 2.017151 -4.538622 -0.757961
v 2.103791 -3.975470 -0.397150
v -1.806837 -3.941818 -0.241417
v 1.806750 -3.980542 -0.261374
v -0.630141 -5.910641 1.545387
v -0.675772 -5.965940 1.400985
v 0.646930 -5.967463 1.531914
v 0.646930 -5.967463 1.531914
v 1.311300 -5.489542 0.420475
v 0.602585 -5.826455 1.532498
v 1.395797 -5.588332 -0.006005
v 0.646930 -5.967463 1.531914
v 0.571165 -5.895457 1.066024
v 1.311300 -5.489542 0.420475
v 0.646930 -5.967463 1.531914
v 1.395797 -5.588332 -0.006005
v 0.571165 -5.895457 1.066024
v -0.675772 -5.965940 1.400985
v -0.581902 -5.885301 1.025586
v 1.395797 -5.588332 -0.006005
v 1.662058 -5.123479 -1.774251
v 1.983598 -4.971108 -1.518156
v 1.395797 -5.588332 -0.006005
v 1.983598 -4.971108 -1.518156
v 1.311300 -5.489542 0.420475
v -0.581902 -5.885301 1.025586
v -1.322768 -5.611209 -0.033468
v 0.571165 -5.895457 1.066024
v 1.983598 -4.971108 -1.518156
v 1.978039 -4.754097 -0.821307
v 1.840397 -4.700826 -0.678009
v 1.840397 -4.700826 -0.678009
v 1.311300 -5.489542 0.420475
v 1.983598 -4.971108 -1.518156
v 2.103791 -3.975470 -0.397150
v 1.840397 -4.700826 -0.678009
v 2.017151 -4.538622 -0.757961
v -1.234115 -5.570670 0.546128
v -0.675772 -5.965940 1.400985
v -0.630141 -5.910641 1.545387
v -0.675772 -5.965940 1.400985
v -1.322768 -5.611209 -0.033468
v -0.581902 -5.885301 1.025586
v 1.806750 -3.980542 -0.261374
v 1.840397 -4.700826 -0.678009
v 2.103791 -3.975470 -0.397150
v -0.675772 -5.965940 1.400985
v -1.234115 -5.570670 0.546128
v -1.322768 -5.611209 -0.033468
v 0.062676 -0.249943 -2.845970
v 0.000000 -3.759671 -4.287023
v -1.394844 -1.343422 -3.048051
v 1.026131 -3.736323 -4.098491
v 0.062676 -0.249943 -2.845970
v 1.329744 -1.581174 -3.200400
v -1.700550 -1.735363 -2.755896
v -1.459359 -2.622667 -3.259738
v -1.913487 -2.535053 -3.078193
v -1.394844 -1.343422 -3.048051
v -1.119080 -3.824015 -4.069524
v -1.700550 -1.735363 -2.755896
v -1.913487 -2.535053 -3.078193
v -1.913892 -1.988738 -2.708083
v -1.700550 -1.735363 -2.755896
v 1.840397 -4.700826 -0.678009
v -0.000646 -4.545445 -0.818578
v 2.017151 -4.538622 -0.757961
v -1.955141 -4.681020 -0.914305
v 1.840397 -4.700826 -0.678009
v 1.978039 -4.754097 -0.821307
v -0.000646 -4.545445 -0.818578
v 1.840397 -4.700826 -0.678009
v 0.000000 -4.667722 -0.761661
v 1.840397 -4.700826 -0.678009
v -1.955141 -4.681020 -0.914305
v 0.000000 -4.667722 -0.761661
v 0.571165 -5.895457 1.066024
v 1.662058 -5.123479 -1.774251
v 1.395797 -5.588332 -0.006005
v -1.818925 -4.679117 -0.743746
v -1.806837 -3.941818 -0.241417
v -2.059162 -4.006375 -0.425604
v -0.000646 -4.545445 -0.818578
v -1.818925 -4.679117 -0.743746
v -2.016260 -4.529173 -0.744950
v -1.818925 -4.679117 -0.743746
v -0.000646 -4.545445 -0.818578
v 0.000000 -4.667722 -0.761661
v -1.955141 -4.681020 -0.914305
v -1.818925 -4.679117 -0.743746
v 0.000000 -4.667722 -0.761661
v -2.059162 -4.006375 -0.425604
v -2.016260 -4.529173 -0.744950
v -1.818925 -4.679117 -0.743746
v -1.955141 -4.681020 -0.914305
v -1.979025 -4.972258 -1.483298
v -1.818925 -4.679117 -0.743746
v -1.322768 -5.611209 -0.033468
v -1.772983 -5.188831 -1.491217
v 0.571165 -5.895457 1.066024
v -1.234115 -5.570670 0.546128
v -1.818925 -4.679117 -0.743746
v -1.979025 -4.972258 -1.483298
v -1.234115 -5.570670 0.546128
v -1.979025 -4.972258 -1.483298
v -1.322768 -5.611209 -0.033468
v -1.328407 1.819941 -0.933178
v 0.062676 -0.249943 -2.845970
v -1.394844 -1.343422 -3.048051
v -1.322768 -5.611209 -0.033468
v -1.979025 -4.972258 -1.483298
v -1.772983 -5.188831 -1.491217
v 2.014583 -3.036472 -2.487921
v 2.103791 -3.975470 -0.397150
v 2.017151 -4.538622 -0.757961
v 1.159054 1.839370 -0.982352
v 1.329744 -1.581174 -3.200400
v 0.062676 -0.249943 -2.845970
v 1.026131 -3.736323 -4.098491
v 1.753781 -3.932175 -3.534727
v 1.816092 -4.349108 -3.459715
v 1.816092 -4.349108 -3.459715
v 1.978039 -4.754097 -0.821307
v 1.983598 -4.971108 -1.518156
v 1.662058 -5.123479 -1.774251
v 1.670233 -4.632684 -3.558758
v 1.983598 -4.971108 -1.518156
v 1.978039 -4.754097 -0.821307
v 1.816092 -4.349108 -3.459715
v 1.753781 -3.932175 -3.534727
v 1.983598 -4.971108 -1.518156
v 1.670233 -4.632684 -3.558758
v 1.816092 -4.349108 -3.459715
v 2.014583 -3.036472 -2.487921
v -0.000646 -4.545445 -0.818578
v 1.429168 -2.551168 -3.177716
v -0.000646 -4.545445 -0.818578
v -1.913487 -2.535053 -3.078193
v 1.429168 -2.551168 -3.177716
v -2.059162 -4.006375 -0.425604
v 2.103791 -3.975470 -0.397150
v -1.913892 -1.988738 -2.708083
v -1.913487 -2.535053 -3.078193
v -2.059162 -4.006375 -0.425604
v -1.913892 -1.988738 -2.708083
v -1.459359 -2.622667 -3.259738
v 1.429168 -2.551168 -3.177716
v -1.913487 -2.535053 -3.078193
v -2.059162 -4.006375 -0.425604
v -1.913487 -2.535053 -3.078193
v -2.016260 -4.529173 -0.744950
v 1.429168 -2.551168 -3.177716
v 1.026131 -3.736323 -4.098491
v 1.329744 -1.581174 -3.200400
v 1.429168 -2.551168 -3.177716
v -1.459359 -2.622667 -3.259738
v 1.385453 -3.739652 -3.640295
v 0.062676 -0.249943 -2.845970
v 1.026131 -3.736323 -4.098491
v 0.000000 -3.759671 -4.287023
v 1.385453 -3.739652 -3.640295
v 1.026131 -3.736323 -4.098491
v 1.429168 -2.551168 -3.177716
v 1.753781 -3.932175 -3.534727
v 1.026131 -3.736323 -4.098491
v 1.385453 -3.739652 -3.640295
v 1.816092 -4.349108 -3.459715
v 0.892123 -4.442939 -4.280977
v 1.026131 -3.736323 -4.098491
v 1.385453 -3.739652 -3.640295
v -1.745694 -3.937688 -3.640851
v 1.753781 -3.932175 -3.534727
v 0.892123 -4.442939 -4.280977
v 0.000000 -3.759671 -4.287023
v 1.026131 -3.736323 -4.098491
v 0.000000 -3.759671 -4.287023
v 0.892123 -4.442939 -4.280977
v -0.310194 -4.421181 -4.409164
v -1.394844 -1.343422 -3.048051
v 0.000000 -3.759671 -4.287023
v -1.119080 -3.824015 -4.069524
v -1.459359 -2.622667 -3.259738
v -1.700550 -1.735363 -2.755896
v -1.119080 -3.824015 -4.069524
v -1.404645 -3.762780 -3.682803
v 1.385453 -3.739652 -3.640295
v -1.459359 -2.622667 -3.259738
v 1.385453 -3.739652 -3.640295
v -1.404645 -3.762780 -3.682803
v -1.745694 -3.937688 -3.640851
v -1.404645 -3.762780 -3.682803
v -1.459359 -2.622667 -3.259738
v -1.119080 -3.824015 -4.069524
v -1.119080 -3.824015 -4.069524
v -1.745694 -3.937688 -3.640851
v -1.404645 -3.762780 -3.682803
v -1.745694 -3.937688 -3.640851
v -1.119080 -3.824015 -4.069524
v -1.815068 -4.352415 -3.451764
v 0.000000 -3.759671 -4.287023
v -0.310194 -4.421181 -4.409164
v -1.119080 -3.824015 -4.069524
v 1.753781 -3.932175 -3.534727
v -1.955141 -4.681020 -0.914305
v 1.978039 -4.754097 -0.821307
v 1.753781 -3.932175 -3.534727
v -1.745694 -3.937688 -3.640851
v -1.955141 -4.681020 -0.914305
v 1.662058 -5.123479 -1.774251
v -0.310194 -4.421181 -4.409164
v 1.670233 -4.632684 -3.558758
v 1.662058 -5.123479 -1.774251
v 0.571165 -5.895457 1.066024
v -0.310194 -4.421181 -4.409164
v -1.955141 -4.681020 -0.914305
v -1.815068 -4.352415 -3.451764
v -1.979025 -4.972258 -1.483298
v -1.979025 -4.972258 -1.483298
v -1.649332 -4.636498 -3.573594
v -1.772983 -5.188831 -1.491217
v -1.815068 -4.352415 -3.451764
v -1.955141 -4.681020 -0.914305
v -1.745694 -3.937688 -3.640851
v -1.772983 -5.188831 -1.491217
v -1.649332 -4.636498 -3.573594
v -0.310194 -4.421181 -4.409164
v -1.649332 -4.636498 -3.573594
v -1.979025 -4.972258 -1.483298
v -1.815068 -4.352415 -3.451764
v 0.571165 -5.895457 1.066024
v -1.772983 -5.188831 -1.491217
v -0.310194 -4.421181 -4.409164
v 0.892123 -4.442939 -4.280977
v 1.816092 -4.349108 -3.459715
v 1.670233 -4.632684 -3.558758
v -0.310194 -4.421181 -4.409164
v 0.892123 -4.442939 -4.280977
v 1.670233 -4.632684 -3.558758
v -0.310194 -4.421181 -4.409164
v -1.815068 -4.352415 -3.451764
v -1.119080 -3.824015 -4.069524
v -1.815068 -4.352415 -3.451764
v -0.310194 -4.421181 -4.409164
v -1.649332 -4.636498 -3.573594
v 0.814941 5.646818 40.193226
v 0.335059 6.284892 39.598511
v 0.577245 5.871007 40.039669
v 0.814941 5.646818 40.193226
v 0.559277 5.633498 39.543045
v 0.335059 6.284892 39.598511
v 0.796252 5.399472 42.095318
v -0.571289 5.394426 40.043503
v 1.311079 5.399046 41.742737
v 0.684042 5.427476 40.129784
v 1.364244 5.850695 40.693836
v 1.375790 5.403291 40.717903
v 1.311079 5.399046 41.742737
v -0.571289 5.394426 40.043503
v 1.375790 5.403291 40.717903
v 1.474280 4.734435 40.749008
v 1.140081 5.034578 40.422569
v 0.802343 4.600224 40.696346
v 0.577245 5.871007 40.039669
v 1.305691 5.878022 41.758186
v 1.364244 5.850695 40.693836
v 1.305691 5.878022 41.758186
v 0.577245 5.871007 40.039669
v 0.787822 5.866854 42.091972
v 1.364244 5.850695 40.693836
v 0.684042 5.427476 40.129784
v 0.577245 5.871007 40.039669
v 0.814941 5.646818 40.193226
v 0.577245 5.871007 40.039669
v 0.684042 5.427476 40.129784
v 1.375790 5.403291 40.717903
v -0.571289 5.394426 40.043503
v 0.684042 5.427476 40.129784
v 0.684042 5.427476 40.129784
v 0.179264 4.848524 39.549080
v 0.814941 5.646818 40.193226
v 0.019265 5.388371 40.163956
v 0.179264 4.848524 39.549080
v 0.684042 5.427476 40.129784
v 0.787822 5.866854 42.091972
v 0.796252 5.399472 42.095318
v 1.305691 5.878022 41.758186
v 1.305691 5.878022 41.758186
v 0.796252 5.399472 42.095318
v 1.311079 5.399046 41.742737
v 1.467860 4.647621 40.076271
v 1.698416 5.039447 40.835583
v 1.137277 4.294306 40.720230
v 1.176726 4.395144 39.933666
v 1.579726 5.073674 40.145870
v 1.474280 4.734435 40.749008
v 1.137277 4.294306 40.720230
v 1.698416 5.039447 40.835583
v 1.571629 5.066666 40.858055
v 1.137639 4.572540 40.199852
v 1.658608 5.248185 39.966679
v 1.467860 4.647621 40.076271
v 1.658608 5.248185 39.966679
v 1.698416 5.039447 40.835583
v 1.467860 4.647621 40.076271
v 1.579726 5.073674 40.145870
v 1.467819 5.245590 40.006222
v 1.140081 5.034578 40.422569
v 1.176726 4.395144 39.933666
v 1.467819 5.245590 40.006222
v 1.579726 5.073674 40.145870
v 1.467819 5.245590 40.006222
v 1.176726 4.395144 39.933666
v 1.677292 5.601376 39.540356
v 1.137639 4.572540 40.199852
v 1.571629 5.066666 40.858055
v 1.658608 5.248185 39.966679
v 1.179226 5.143003 39.511642
v 1.467819 5.245590 40.006222
v 1.179507 6.210820 39.488613
v 1.243532 5.964660 40.097359
v 1.179507 6.210820 39.488613
v 1.467819 5.245590 40.006222
v 1.658608 5.248185 39.966679
v 1.287043 5.333955 40.075848
v 1.538131 5.635939 40.121487
v 1.412397 5.408464 40.605991
v 1.287043 5.333955 40.075848
v 1.112719 5.236384 40.374004
v 1.412397 5.408464 40.605991
v 1.538131 5.635939 40.121487
v 1.287043 5.333955 40.075848
v 1.677292 5.601376 39.540356
v 1.608688 6.107786 40.036865
v 1.467819 5.245590 40.006222
v 1.833000 6.132568 40.103790
v 1.698416 5.039447 40.835583
v 1.658608 5.248185 39.966679
v 1.140081 5.034578 40.422569
v 1.474280 4.734435 40.749008
v 1.579726 5.073674 40.145870
v 1.571629 5.066666 40.858055
v 1.112719 5.236384 40.374004
v 1.658608 5.248185 39.966679
v 1.112719 5.236384 40.374004
v 1.571629 5.066666 40.858055
v 1.412397 5.408464 40.605991
v 1.322981 5.951974 40.603790
v 1.538131 5.635939 40.121487
v 1.412397 5.408464 40.605991
v 1.571629 5.066666 40.858055
v 1.322981 5.951974 40.603790
v 1.412397 5.408464 40.605991
v 1.833000 6.132568 40.801994
v 1.571629 5.066666 40.858055
v 1.698416 5.039447 40.835583
v 1.305691 5.878022 41.758186
v 1.375790 5.403291 40.717903
v 1.364244 5.850695 40.693836
v 1.145146 6.221704 40.399666
v 1.179507 6.210820 39.488613
v 1.243532 5.964660 40.097359
v 1.608688 6.107786 40.036865
v 1.243532 5.964660 40.097359
v 1.467819 5.245590 40.006222
v 1.538131 5.635939 40.121487
v 1.687824 6.153408 40.103790
v 1.658608 5.248185 39.966679
v 1.319714 5.955241 40.103790
v 1.687824 6.153408 40.103790
v 1.538131 5.635939 40.121487
v 1.538131 5.635939 40.121487
v 1.322981 5.951974 40.603790
v 1.319714 5.955241 40.103790
v 1.322981 5.951974 40.603790
v 1.224263 5.955241 40.303352
v 1.319714 5.955241 40.103790
v 1.145146 6.221704 40.399666
v 1.243532 5.964660 40.097359
v 1.608688 6.107786 40.036865
v 1.179507 6.210820 39.488613
v -1.184607 6.104218 39.511612
v 1.179226 5.143003 39.511642
v 0.814941 5.646818 40.193226
v 0.179264 4.848524 39.549080
v 0.559277 5.633498 39.543045
v 1.833000 6.132568 40.103790
v 1.658608 5.248185 39.966679
v 1.687824 6.153408 40.103790
v -0.068447 3.797583 40.736755
v 1.176726 4.395144 39.933666
v 1.474280 4.734435 40.749008
v 0.802343 4.600224 40.696346
v -0.068447 3.797583 40.736755
v 1.474280 4.734435 40.749008
v 0.802343 4.600224 40.696346
v 1.140081 5.034578 40.422569
v 0.537666 4.421667 39.491867
v 1.140081 5.034578 40.422569
v 1.467819 5.245590 40.006222
v 1.179226 5.143003 39.511642
v 1.179226 5.143003 39.511642
v 0.537666 4.421667 39.491867
v 1.140081 5.034578 40.422569
v 1.571629 5.066666 40.858055
v 1.683888 6.237251 40.872459
v 1.322981 5.951974 40.603790
v 1.224263 6.153408 40.303352
v 1.224263 5.955241 40.303352
v 1.322981 5.951974 40.603790
v 1.683888 6.237251 40.872459
v 1.224263 6.153408 40.303352
v 1.322981 5.951974 40.603790
v 1.833000 6.132568 40.103790
v 1.833000 6.132568 40.801994
v 1.698416 5.039447 40.835583
v 1.683888 6.237251 40.872459
v 1.571629 5.066666 40.858055
v 1.833000 6.132568 40.801994
v 1.287043 5.333955 40.075848
v -1.224263 5.344351 40.303352
v 1.112719 5.236384 40.374004
v 0.684042 5.427476 40.129784
v -0.571289 5.394426 40.043503
v 0.019265 5.388371 40.163956
v 1.112719 5.236384 40.374004
v -1.224263 5.344351 40.303352
v -1.235433 5.231973 40.295994
v 1.658608 5.248185 39.966679
v -1.319714 5.344351 40.103790
v 1.287043 5.333955 40.075848
v 1.658608 5.248185 39.966679
v -1.235433 5.231973 40.295994
v -1.652594 5.261477 39.942272
v 1.375790 5.403291 40.717903
v 1.305691 5.878022 41.758186
v 1.311079 5.399046 41.742737
v 1.179226 5.143003 39.511642
v -1.184607 6.104218 39.511612
v 0.537666 4.421667 39.491867
v -0.749157 5.584631 40.143936
v -0.565673 5.328756 39.536377
v -0.571289 5.394426 40.043503
v -1.652594 5.261477 39.942272
v -1.539388 5.645982 40.121384
v -1.319714 5.344351 40.103790
v -1.406535 5.400187 40.586723
v -1.224263 5.344351 40.303352
v -1.319714 5.344351 40.103790
v -1.539388 5.645982 40.121384
v -1.406535 5.400187 40.586723
v -1.319714 5.344351 40.103790
v 1.112719 5.236384 40.374004
v -1.235433 5.231973 40.295994
v 1.658608 5.248185 39.966679
v 0.019265 5.388371 40.163956
v -0.571289 5.394426 40.043503
v 0.179264 4.848524 39.549080
v -1.319714 5.344351 40.103790
v 1.658608 5.248185 39.966679
v -1.652594 5.261477 39.942272
v -1.224263 5.344351 40.303352
v 1.287043 5.333955 40.075848
v -1.319714 5.344351 40.103790
v -0.571289 5.394426 40.043503
v -0.565673 5.328756 39.536377
v 0.179264 4.848524 39.549080
v -1.572369 5.067425 40.859737
v -1.652594 5.261477 39.942272
v -1.235433 5.231973 40.295994
v -1.572369 5.067425 40.859737
v -1.235433 5.231973 40.295994
v -1.406535 5.400187 40.586723
v -1.224263 5.344351 40.303352
v -1.406535 5.400187 40.586723
v -1.235433 5.231973 40.295994
v 1.677292 5.601376 39.540356
v 1.176726 4.395144 39.933666
v 1.288996 4.531231 39.324211
v -1.482384 6.199720 40.191669
v -0.970649 6.983599 39.336788
v -1.692492 5.812650 39.307766
v -1.280640 5.263670 40.079189
v -1.482384 6.199720 40.191669
v -1.628131 4.874652 40.013744
v -1.482384 6.199720 40.191669
v -1.692492 5.812650 39.307766
v -1.628131 4.874652 40.013744
v -1.285690 4.523404 39.321426
v -1.628131 4.874652 40.013744
v -1.692492 5.812650 39.307766
v -1.927498 2.913768 37.548897
v -2.183959 3.173461 37.560837
v -1.904991 3.187515 37.330154
v -2.388633 4.268825 37.553802
v -1.904991 3.187515 37.330154
v -2.183959 3.173461 37.560837
v -0.811973 3.142965 37.354275
v -1.927498 2.913768 37.548897
v -1.904991 3.187515 37.330154
v -1.628131 4.874652 40.013744
v -1.285690 4.523404 39.321426
v 0.013160 3.933558 39.569023
v -0.811973 3.142964 36.833729
v -0.545730 2.882485 37.561779
v -0.811973 3.142965 37.354275
v -1.927498 2.913768 37.548897
v -0.811973 3.142965 37.354275
v -0.545730 2.882485 37.561779
v 1.677292 5.601376 39.540356
v 1.678862 5.133467 38.033638
v 1.577956 6.299574 38.035141
v 1.566532 6.705528 38.501743
v 1.896367 3.153470 38.509174
v 2.105901 6.281922 38.442337
v 1.678862 5.133467 38.033638
v 1.677292 5.601376 39.540356
v 1.288996 4.531231 39.324211
v 1.288996 4.531231 39.324211
v 1.176726 4.395144 39.933666
v 0.013160 3.933558 39.569023
v 2.105901 6.281922 38.442337
v 1.896367 3.153470 38.509174
v 2.268283 4.751264 38.383232
v 2.173179 4.531552 37.353069
v 2.167927 4.531523 37.932846
v 2.388633 4.268825 37.553802
v 2.388633 4.268825 37.553802
v 2.167927 4.531523 37.932846
v 2.384375 4.259018 37.725903
v 2.384375 4.259018 37.725903
v 2.183959 3.173461 37.560837
v 2.388633 4.268825 37.553802
v 2.079272 3.169256 37.852627
v 2.384375 4.259018 37.725903
v 2.167927 4.531523 37.932846
v 2.183959 3.173461 37.560837
v 2.384375 4.259018 37.725903
v 2.079272 3.169256 37.852627
v 1.980074 3.258819 38.289963
v 2.268283 4.751264 38.383232
v 1.896367 3.153470 38.509174
v 1.762679 3.135353 38.305935
v 1.980074 3.258819 38.289963
v 1.896367 3.153470 38.509174
v 1.949703 2.908113 37.734917
v 2.079272 3.169256 37.852627
v 1.828234 3.150355 37.940575
v 1.949703 2.908113 37.734917
v 2.183959 3.173461 37.560837
v 2.079272 3.169256 37.852627
v 2.183959 3.173461 37.560837
v 1.949703 2.908113 37.734917
v 1.927498 2.913768 37.548897
v 1.949703 2.908113 37.734917
v 0.545730 2.882485 37.561779
v 1.927498 2.913768 37.548897
v 2.388633 4.268825 37.553802
v 1.904991 3.187515 37.330154
v 2.173179 4.531552 37.353069
v -1.904991 3.187515 37.330154
v -2.388633 4.268825 37.553802
v -2.173179 4.531552 37.353069
v -0.545730 2.882485 37.561779
v -0.811973 3.142964 36.833729
v -0.487181 2.863835 36.579124
v 0.479736 2.861204 36.590004
v -0.545730 2.882485 37.561779
v -0.487181 2.863835 36.579124
v -0.545730 2.882485 37.561779
v 0.479736 2.861204 36.590004
v 0.545730 2.882485 37.561779
v 0.811973 3.142964 36.833729
v 0.545730 2.882485 37.561779
v 0.479736 2.861204 36.590004
v 1.904991 3.187515 37.330154
v 2.388633 4.268825 37.553802
v 2.183959 3.173461 37.560837
v 1.927498 2.913768 37.548897
v 1.904991 3.187515 37.330154
v 2.183959 3.173461 37.560837
v 1.927498 2.913768 37.548897
v 0.811973 3.142964 37.354275
v 1.904991 3.187515 37.330154
v 0.545730 2.882485 37.561779
v 0.811973 3.142964 36.833729
v 0.811973 3.142964 37.354275
v 0.811973 3.142964 37.354275
v 1.927498 2.913768 37.548897
v 0.545730 2.882485 37.561779
v -1.953611 2.893769 37.743240
v -2.183959 3.173461 37.560837
v -1.927498 2.913768 37.548897
v -2.183959 3.173461 37.560837
v -1.953611 2.893769 37.743240
v -2.078028 3.162573 37.852913
v -2.078028 3.162573 37.852913
v -1.953611 2.893769 37.743240
v -1.828561 3.149077 37.939686
v -1.895301 3.153362 38.509342
v -1.975981 3.260597 38.289379
v -1.806182 3.121276 38.323147
v -2.384375 4.259018 37.725903
v -2.183959 3.173461 37.560837
v -2.078028 3.162573 37.852913
v -2.275297 4.814121 38.388306
v -1.975981 3.260597 38.289379
v -1.895301 3.153362 38.509342
v -0.545730 2.882485 37.561779
v -1.953611 2.893769 37.743240
v -1.927498 2.913768 37.548897
v -2.388633 4.268825 37.553802
v -2.183959 3.173461 37.560837
v -2.384375 4.259018 37.725903
v -2.384375 4.259018 37.725903
v -2.078028 3.162573 37.852913
v -2.167927 4.531523 37.932846
v -2.167927 4.531523 37.932846
v -2.388633 4.268825 37.553802
v -2.384375 4.259018 37.725903
v -1.895301 3.153362 38.509342
v 1.566532 6.705528 38.501743
v -1.556979 6.709268 38.497765
v -0.970649 6.983599 39.336788
v -1.493237 6.523790 38.034061
v -1.692492 5.812650 39.307766
v -1.692492 5.812650 39.307766
v -1.493237 6.523790 38.034061
v -1.698730 5.433802 38.035088
v -1.692492 5.812650 39.307766
v -1.698730 5.433802 38.035088
v -1.285690 4.523404 39.321426
v -1.895301 3.153362 38.509342
v -1.556979 6.709268 38.497765
v -2.109994 6.269357 38.441002
v -1.256914 4.407926 38.036415
v -1.285690 4.523404 39.321426
v -1.698730 5.433802 38.035088
v -2.173179 4.531552 37.353069
v -2.388633 4.268825 37.553802
v -2.167927 4.531523 37.932846
v -2.109994 6.269357 38.441002
v -2.275297 4.814121 38.388306
v -1.895301 3.153362 38.509342
v -1.285690 4.523404 39.321426
v -1.256914 4.407926 38.036415
v 0.013160 3.933558 39.569023
v -1.953611 2.893769 37.743240
v -0.545730 2.882485 37.561779
v 0.545730 2.882485 37.561779
v 1.566532 6.705528 38.501743
v -1.895301 3.153362 38.509342
v 1.896367 3.153470 38.509174
v 0.013160 3.933558 39.569023
v 0.862692 4.143722 38.033852
v 1.288996 4.531231 39.324211
v 1.678862 5.133467 38.033638
v 1.288996 4.531231 39.324211
v 0.862692 4.143722 38.033852
v 0.013160 3.933558 39.569023
v -0.049123 3.914434 38.028889
v 0.862692 4.143722 38.033852
v 0.013160 3.933558 39.569023
v -1.256914 4.407926 38.036415
v -0.049123 3.914434 38.028889
v -1.895301 3.153362 38.509342
v 1.762679 3.135353 38.305935
v 1.896367 3.153470 38.509174
v 1.949703 2.908113 37.734917
v 1.828234 3.150355 37.940575
v -1.953611 2.893769 37.743240
v 1.762679 3.135353 38.305935
v -1.895301 3.153362 38.509342
v -1.806182 3.121276 38.323147
v 0.545730 2.882485 37.561779
v 1.949703 2.908113 37.734917
v -1.953611 2.893769 37.743240
v -1.953611 2.893769 37.743240
v 1.828234 3.150355 37.940575
v -1.828561 3.149077 37.939686
v -1.952516 3.134138 16.623014
v -1.514417 3.046506 16.584488
v -1.764153 3.055501 16.588442
v 1.514417 3.046506 16.584488
v 1.952516 3.134138 16.623014
v 1.764153 3.055501 16.588442
v 1.764153 3.055502 20.687767
v -1.745007 3.109817 23.628231
v -1.764153 3.055502 20.687767
v 1.514417 4.679973 20.216459
v 1.317563 3.045813 20.418985
v 1.341192 4.861715 20.484175
v -1.745007 3.109817 23.628231
v -1.929966 3.133922 22.637928
v -1.764153 3.055502 20.687767
v 1.346954 6.717658 18.759377
v 1.346954 3.832071 21.956438
v 1.346954 3.832070 18.698286
v 1.346699 5.119617 17.237480
v 1.346954 6.717658 18.759377
v 1.346954 3.832070 18.698286
v -2.277156 4.860779 23.785894
v -2.298686 4.652819 17.290684
v -2.021180 3.246569 23.645311
v -1.043015 3.541937 19.015095
v -0.885594 3.481052 21.947382
v -1.346954 3.832071 21.956438
v 1.764153 3.055502 20.687767
v 1.317563 3.045813 20.418985
v 1.514417 3.046507 20.204691
v 2.040027 3.232910 16.666437
v 2.004464 3.256426 23.651482
v 1.931337 3.133979 22.655302
v 1.043015 3.541937 19.015095
v 1.346954 3.832071 21.956438
v 0.885064 3.480838 21.947178
v 1.764153 3.055502 20.687767
v 1.952516 3.134138 16.623014
v 1.931337 3.133979 22.655302
v 1.514417 3.046507 20.204691
v 1.764153 3.055501 16.588442
v 1.764153 3.055502 20.687767
v 1.931337 3.133979 22.655302
v 1.952516 3.134138 16.623014
v 2.040027 3.232910 16.666437
v 1.952516 3.134138 16.623014
v 1.764153 3.055502 20.687767
v 1.764153 3.055501 16.588442
v 1.764153 3.055501 16.588442
v 1.514417 3.046507 20.204691
v 1.514417 3.046506 16.584488
v 1.346784 2.466967 16.047716
v 1.346954 3.832070 18.698286
v 1.346954 1.406720 18.698984
v 1.346954 3.832070 18.698286
v 1.043986 1.785209 19.015085
v 1.346954 1.406720 18.698984
v 1.764153 3.055502 20.687767
v -1.764153 3.055502 20.687767
v 1.317563 3.045813 20.418985
v 0.386864 3.837162 20.416443
v -0.427708 2.659732 20.409765
v 0.380910 2.641205 20.408949
v -1.346954 6.717658 18.759377
v -1.346954 3.832071 21.956438
v -1.346954 6.717659 22.074711
v 1.317563 3.045813 20.418985
v -1.764153 3.055502 20.687767
v -1.317563 3.045813 20.418985
v -0.427708 3.776843 20.409765
v -0.677496 2.659732 20.159977
v -0.427708 2.659732 20.409765
v -0.044695 2.691091 19.314436
v 0.380910 2.641205 20.408949
v -0.427708 2.659732 20.409765
v -0.802323 6.717661 22.074711
v -1.346954 6.717658 18.759377
v -1.346954 6.717659 22.074711
v -0.044695 2.691091 19.314436
v -0.427708 2.659732 20.409765
v -0.677496 2.659732 20.159977
v 1.043986 1.785209 19.015085
v 1.043015 3.541937 19.015095
v 0.839431 3.541937 19.015095
v 1.043986 1.785209 19.015085
v 1.346954 3.832070 18.698286
v 1.043015 3.541937 19.015095
v 0.839431 3.541937 19.015095
v -0.839431 3.541937 19.015095
v -1.043986 1.785209 19.015085
v -0.677496 2.659732 20.159977
v -0.669184 2.684336 19.512535
v -0.044695 2.691091 19.314436
v -0.669184 2.684336 19.512535
v -0.979438 2.680812 19.169256
v -0.044695 2.691091 19.314436
v 0.839431 3.541937 19.015095
v -1.043986 1.785209 19.015085
v 1.043986 1.785209 19.015085
v -1.346954 1.406720 18.698984
v 1.043986 1.785209 19.015085
v -1.043986 1.785209 19.015085
v -0.600838 5.008099 20.180822
v -0.669184 2.684336 19.512535
v -0.677496 2.659732 20.159977
v -1.061193 3.268246 19.554657
v -0.895542 2.791688 19.848225
v -0.918807 3.318406 20.057144
v -1.764153 3.055502 20.687767
v -1.514417 3.046507 20.204691
v -1.317563 3.045813 20.418985
v -2.040027 3.232910 16.666437
v -1.929966 3.133922 22.637928
v -2.021180 3.246569 23.645311
v -0.681357 3.339421 19.491676
v -0.895542 2.791688 19.848225
v -1.061193 3.268246 19.554657
v -0.839431 3.541937 19.015095
v -1.043015 3.541937 19.015095
v -1.043986 1.785209 19.015085
v -1.346954 3.832070 18.698286
v -1.043986 1.785209 19.015085
v -1.043015 3.541937 19.015095
v 1.317563 3.045813 20.418985
v 1.514417 4.679973 20.216459
v 1.514417 3.046507 20.204691
v 1.346954 3.832070 18.698286
v 1.346954 3.832071 21.956438
v 1.043015 3.541937 19.015095
v 2.298686 4.652819 17.290684
v 2.004464 3.256426 23.651482
v 2.040027 3.232910 16.666437
v 1.514417 4.679972 17.302641
v 1.514417 3.046507 20.204691
v 1.514417 4.679973 20.216459
v 1.514417 3.046507 20.204691
v 1.514417 4.679972 17.302641
v 1.514417 3.046506 16.584488
v 2.040027 3.232910 16.666437
v 1.514417 4.679972 17.302641
v 2.298686 4.652819 17.290684
v -1.952516 3.134138 16.623014
v -1.764153 3.055502 20.687767
v -1.929966 3.133922 22.637928
v -1.764153 3.055501 16.588442
v -1.514417 3.046507 20.204691
v -1.764153 3.055502 20.687767
v 1.346954 3.832070 18.698286
v 1.346784 2.466967 16.047716
v 1.346699 5.119617 17.237480
v -1.346954 6.717658 18.759377
v -0.802323 6.717661 22.074711
v -0.830102 6.757966 18.706593
v -1.929966 3.133922 22.637928
v -2.040027 3.232910 16.666437
v -1.952516 3.134138 16.623014
v -2.298686 4.652819 17.290684
v -2.277156 4.860779 23.785894
v -2.094319 6.307252 20.992804
v -1.514417 3.046507 20.204691
v -1.764153 3.055501 16.588442
v -1.514417 3.046506 16.584488
v -2.298686 4.652819 17.290684
v -2.094319 6.307252 20.992804
v -2.094319 6.307252 18.018072
v -2.094319 6.307252 18.018072
v -1.514417 4.679972 17.302641
v -2.298686 4.652819 17.290684
v 0.607287 5.012917 20.169195
v -0.012500 5.033066 20.484764
v 0.386864 3.837162 20.416443
v 1.341192 4.861715 20.484175
v 1.317563 3.045813 20.418985
v -1.341192 4.861715 20.484175
v 1.043015 3.541937 19.015095
v 0.885064 3.480838 21.947178
v 0.839431 3.541937 19.015095
v 0.386864 3.837162 20.416443
v -0.012500 5.033066 20.484764
v -0.427708 3.776843 20.409765
v -0.012500 5.033066 20.484764
v -0.600838 5.008099 20.180822
v -0.427708 3.776843 20.409765
v -0.427708 2.659732 20.409765
v 0.386864 3.837162 20.416443
v -0.427708 3.776843 20.409765
v -1.341192 4.861715 20.484175
v 1.317563 3.045813 20.418985
v -1.317563 3.045813 20.418985
v -0.600838 5.008099 20.180822
v -0.677496 2.659732 20.159977
v -0.427708 3.776843 20.409765
v -1.346954 3.832071 21.956438
v -1.346954 6.717658 18.759377
v -1.346954 3.832070 18.698286
v -0.826835 4.977767 19.149147
v -0.669184 2.684336 19.512535
v -0.600838 5.008099 20.180822
v -1.317563 3.045813 20.418985
v -1.514417 4.679973 20.216459
v -1.341192 4.861715 20.484175
v -1.514417 4.679973 20.216459
v -1.317563 3.045813 20.418985
v -1.514417 3.046507 20.204691
v -0.885594 3.481052 21.947382
v -1.043015 3.541937 19.015095
v -0.839431 3.541937 19.015095
v -0.790186 3.639885 19.962135
v -1.061193 3.268246 19.554657
v -0.918807 3.318406 20.057144
v -1.346954 3.832071 21.956438
v -1.346954 3.832070 18.698286
v -1.043015 3.541937 19.015095
v -0.826835 4.977767 19.149147
v -0.979438 2.680812 19.169256
v -0.669184 2.684336 19.512535
v -1.061193 3.268246 19.554657
v -0.790186 3.639885 19.962135
v -0.681357 3.339421 19.491676
v -1.514417 3.046507 20.204691
v -1.514417 4.679972 17.302641
v -1.514417 4.679973 20.216459
v -2.040027 3.232910 16.666437
v -2.021180 3.246569 23.645311
v -2.298686 4.652819 17.290684
v -1.514417 4.679972 17.302641
v -1.514417 3.046507 20.204691
v -1.514417 3.046506 16.584488
v -2.040027 3.232910 16.666437
v -2.298686 4.652819 17.290684
v -1.514417 4.679972 17.302641
v -1.764153 3.055502 20.687767
v -1.952516 3.134138 16.623014
v -1.764153 3.055501 16.588442
v 1.952516 3.134138 16.623014
v 1.514417 4.679972 17.302641
v 2.040027 3.232910 16.666437
v 1.952516 3.134138 16.623014
v 1.514417 3.046506 16.584488
v 1.514417 4.679972 17.302641
v -1.043986 1.785209 19.015085
v -1.346954 3.832070 18.698286
v -1.346954 1.406720 18.698984
v -1.346954 1.406720 18.698984
v 1.346954 1.406720 18.698984
v 1.043986 1.785209 19.015085
v -1.514417 4.679972 17.302641
v -1.952516 3.134138 16.623014
v -2.040027 3.232910 16.666437
v -1.514417 3.046506 16.584488
v -1.952516 3.134138 16.623014
v -1.514417 4.679972 17.302641
v -1.884663 1.911981 -26.163862
v -1.860453 2.599936 -26.410316
v -1.662005 2.161802 -26.411514
v -1.884663 1.911981 -26.163862
v -1.885246 1.535048 -25.093275
v -1.860453 2.599936 -26.410316
v -0.550121 2.775819 -26.034893
v -1.884663 1.911981 -26.163862
v -1.662005 2.161802 -26.411514
v -0.571074 2.968842 -26.490465
v -1.662005 2.161802 -26.411514
v -1.860453 2.599936 -26.410316
v -0.505659 3.492242 -26.224545
v -1.860453 2.599936 -26.410316
v -1.884667 2.976527 -26.111427
v 0.081688 3.137154 -26.183205
v -1.662005 2.161802 -26.411514
v -0.571074 2.968842 -26.490465
v -1.662005 2.161802 -26.411514
v 0.081688 3.137154 -26.183205
v -0.550121 2.775819 -26.034893
v -1.860453 2.599936 -26.410316
v -0.505659 3.492242 -26.224545
v -0.571074 2.968842 -26.490465
v -1.885246 1.535048 -25.093275
v -1.884667 2.976527 -26.111427
v -1.860453 2.599936 -26.410316
v 1.806839 4.782096 -26.191534
v 0.559615 5.678007 -26.031549
v 1.822128 5.015156 -25.949768
v -1.884667 2.976527 -26.111427
v -1.885246 1.535048 -25.093275
v -1.884671 3.961106 -25.996216
v 0.562246 2.751678 -26.060442
v -0.550121 2.775819 -26.034893
v 0.081688 3.137154 -26.183205
v 0.081688 3.137154 -26.183205
v -0.571074 2.968842 -26.490465
v 0.566486 2.976920 -26.484905
v 0.081688 3.137154 -26.183205
v 1.668063 2.153933 -26.404799
v 0.562246 2.751678 -26.060442
v 1.884663 1.911981 -26.163862
v 0.562246 2.751678 -26.060442
v 1.668063 2.153933 -26.404799
v 1.668063 2.153933 -26.404799
v 0.566486 2.976920 -26.484905
v 1.799630 2.668176 -26.435688
v 1.668063 2.153933 -26.404799
v 0.081688 3.137154 -26.183205
v 0.566486 2.976920 -26.484905
v 0.550082 3.546810 -26.223219
v 1.799630 2.668176 -26.435688
v 0.566486 2.976920 -26.484905
v -1.884667 2.976527 -26.111427
v -1.865044 3.689702 -26.292009
v -1.663337 3.216563 -26.330759
v -1.884667 2.976527 -26.111427
v -1.884671 3.961106 -25.996216
v -1.865044 3.689702 -26.292009
v -0.528123 3.855463 -25.998859
v -1.884667 2.976527 -26.111427
v -1.663337 3.216563 -26.330759
v -0.569000 4.033617 -26.364265
v -1.663337 3.216563 -26.330759
v -1.865044 3.689702 -26.292009
v -0.545879 4.583711 -26.099371
v -1.865044 3.689702 -26.292009
v -1.884671 3.961106 -25.996216
v -1.663337 3.216563 -26.330759
v -0.576828 4.001032 -26.107349
v -0.528123 3.855463 -25.998859
v -0.576828 4.001032 -26.107349
v -1.663337 3.216563 -26.330759
v -0.569000 4.033617 -26.364265
v -1.884667 2.976527 -26.111427
v -0.528123 3.855463 -25.998859
v -0.505659 3.492242 -26.224545
v -1.884671 3.961106 -25.996216
v -1.818320 4.780839 -26.188385
v -1.677519 4.286683 -26.198189
v -0.665988 4.847138 -26.159323
v -1.677519 4.286683 -26.198189
v -1.818320 4.780839 -26.188385
v -1.865044 3.689702 -26.292009
v -0.545879 4.583711 -26.099371
v -0.569000 4.033617 -26.364265
v -0.520525 4.918458 -25.873730
v -1.884671 3.961106 -25.996216
v -1.677519 4.286683 -26.198189
v -1.884671 3.961106 -25.996216
v -1.764704 5.056204 -25.905260
v -1.818320 4.780839 -26.188385
v -1.884671 3.961106 -25.996216
v -0.520525 4.918458 -25.873730
v -0.545879 4.583711 -26.099371
v -1.677519 4.286683 -26.198189
v -0.665988 4.847138 -26.159323
v -0.520525 4.918458 -25.873730
v -0.505659 3.492242 -26.224545
v 0.566486 2.976920 -26.484905
v -0.571074 2.968842 -26.490465
v -0.505659 3.492242 -26.224545
v 0.550082 3.546810 -26.223219
v 0.566486 2.976920 -26.484905
v 0.593280 3.998085 -26.111338
v -0.576828 4.001032 -26.107349
v -0.569000 4.033617 -26.364265
v -0.505659 3.492242 -26.224545
v 0.532630 3.841226 -25.944639
v 0.550082 3.546810 -26.223219
v 0.593280 3.998085 -26.111338
v -0.569000 4.033617 -26.364265
v 0.563593 4.042590 -26.358932
v -0.576828 4.001032 -26.107349
v 0.593280 3.998085 -26.111338
v 0.532630 3.841226 -25.944639
v 0.532630 3.841226 -25.944639
v 1.814054 2.876499 -26.195354
v 0.550082 3.546810 -26.223219
v 1.814054 2.876499 -26.195354
v 0.532630 3.841226 -25.944639
v 1.668363 3.211319 -26.324114
v 0.593280 3.998085 -26.111338
v 1.668363 3.211319 -26.324114
v 0.532630 3.841226 -25.944639
v 1.668363 3.211319 -26.324114
v 0.593280 3.998085 -26.111338
v 0.563593 4.042590 -26.358932
v 1.668363 3.211319 -26.324114
v 0.563593 4.042590 -26.358932
v 1.799853 3.728254 -26.314148
v -0.528123 3.855463 -25.998859
v 0.532630 3.841226 -25.944639
v -0.505659 3.492242 -26.224545
v -0.576828 4.001032 -26.107349
v 0.532630 3.841226 -25.944639
v -0.528123 3.855463 -25.998859
v -0.545879 4.583711 -26.099371
v 0.563593 4.042590 -26.358932
v -0.569000 4.033617 -26.364265
v -0.545879 4.583711 -26.099371
v 0.555203 4.609517 -26.097809
v 0.563593 4.042590 -26.358932
v 0.555203 4.609517 -26.097809
v 1.799853 3.728254 -26.314148
v 0.563593 4.042590 -26.358932
v 1.677408 4.271170 -26.198765
v 0.596745 5.060825 -25.992439
v 0.563169 5.113889 -26.246031
v 1.677408 4.271170 -26.198765
v 0.563169 5.113889 -26.246031
v 1.806839 4.782096 -26.191534
v -0.520525 4.918458 -25.873730
v 0.564410 4.876593 -25.820496
v -0.545879 4.583711 -26.099371
v -0.545879 4.583711 -26.099371
v 0.564410 4.876593 -25.820496
v 0.555203 4.609517 -26.097809
v 0.564410 4.876593 -25.820496
v -0.520525 4.918458 -25.873730
v 0.596745 5.060825 -25.992439
v 0.564410 4.876593 -25.820496
v 1.807364 3.950590 -26.061369
v 0.555203 4.609517 -26.097809
v 1.807364 3.950590 -26.061369
v 0.564410 4.876593 -25.820496
v 1.677408 4.271170 -26.198765
v 0.596745 5.060825 -25.992439
v 1.677408 4.271170 -26.198765
v 0.564410 4.876593 -25.820496
v 1.799630 2.668176 -26.435688
v 1.884663 1.911981 -26.163862
v 1.668063 2.153933 -26.404799
v 1.885387 1.540237 -25.093166
v 1.884663 1.911981 -26.163862
v 1.814054 2.876499 -26.195354
v 1.814054 2.876499 -26.195354
v 1.884663 1.911981 -26.163862
v 1.799630 2.668176 -26.435688
v 1.799630 2.668176 -26.435688
v 0.550082 3.546810 -26.223219
v 1.814054 2.876499 -26.195354
v 1.885387 1.540237 -25.093166
v 1.814054 2.876499 -26.195354
v 1.807364 3.950590 -26.061369
v 1.799853 3.728254 -26.314148
v 1.814054 2.876499 -26.195354
v 1.668363 3.211319 -26.324114
v 1.807364 3.950590 -26.061369
v 1.814054 2.876499 -26.195354
v 1.799853 3.728254 -26.314148
v 1.799853 3.728254 -26.314148
v 0.555203 4.609517 -26.097809
v 1.807364 3.950590 -26.061369
v 1.885387 1.540237 -25.093166
v 1.807364 3.950590 -26.061369
v 1.822128 5.015156 -25.949768
v 1.806839 4.782096 -26.191534
v 1.807364 3.950590 -26.061369
v 1.677408 4.271170 -26.198765
v 0.561341 5.942740 -25.782618
v 1.822128 5.015156 -25.949768
v 0.559615 5.678007 -26.031549
v -0.534941 5.652248 -26.034815
v 0.561341 5.942740 -25.782618
v 0.559615 5.678007 -26.031549
v -0.520840 5.983030 -25.841389
v 0.561341 5.942740 -25.782618
v -0.534941 5.652248 -26.034815
v -0.665988 4.847138 -26.159323
v 0.596745 5.060825 -25.992439
v -0.520525 4.918458 -25.873730
v 1.822128 5.015156 -25.949768
v 1.807364 3.950590 -26.061369
v 1.806839 4.782096 -26.191534
v 0.559615 5.678007 -26.031549
v 1.806839 4.782096 -26.191534
v 0.563169 5.113889 -26.246031
v -0.534941 5.652248 -26.034815
v 0.559615 5.678007 -26.031549
v 0.563169 5.113889 -26.246031
v 0.596745 5.060825 -25.992439
v -0.665988 4.847138 -26.159323
v 0.563169 5.113889 -26.246031
v -0.534941 5.652248 -26.034815
v 0.563169 5.113889 -26.246031
v -0.665988 4.847138 -26.159323
v -1.818320 4.780839 -26.188385
v -0.534941 5.652248 -26.034815
v -0.665988 4.847138 -26.159323
v -0.534941 5.652248 -26.034815
v -1.818320 4.780839 -26.188385
v -1.764704 5.056204 -25.905260
v -1.884671 3.961106 -25.996216
v -1.880178 11.097501 -25.093763
v -1.764704 5.056204 -25.905260
v -1.885246 1.535048 -25.093275
v -1.880178 11.097501 -25.093763
v -1.884671 3.961106 -25.996216
v -1.764704 5.056204 -25.905260
v -0.520840 5.983030 -25.841389
v -0.534941 5.652248 -26.034815
v 1.688073 8.163411 -10.693777
v -2.052516 8.268429 -10.490587
v -1.849774 8.221979 -10.643195
v -0.917781 7.005389 -12.128914
v 0.918236 7.017337 -12.112285
v -0.892820 7.490459 -11.445411
v 0.892820 7.490459 -11.445411
v -0.892820 7.490459 -11.445411
v 0.918236 7.017337 -12.112285
v -2.096869 8.545819 -11.012655
v -2.009913 7.842282 -12.080914
v -2.052516 8.268429 -10.490587
v -1.849774 8.221979 -10.643195
v -2.052516 8.268429 -10.490587
v -2.009913 7.842282 -12.080914
v 1.688073 8.163411 -10.693777
v -1.849774 8.221979 -10.643195
v -0.892820 7.490459 -11.445411
v 1.688073 8.163411 -10.693777
v -0.892820 7.490459 -11.445411
v 0.892820 7.490459 -11.445411
v -2.097237 8.521307 -9.443596
v -2.096869 8.545819 -11.012655
v -2.052516 8.268429 -10.490587
v 2.097237 9.611611 -14.235230
v -2.097237 9.611610 -11.208425
v 2.117949 9.610271 -11.208034
v 2.097237 9.611611 -14.235230
v -2.127146 9.524940 -14.293238
v -2.097237 9.611610 -11.208425
v -2.097237 9.611610 -11.208425
v -2.127146 9.524940 -14.293238
v -2.114982 8.245000 -12.740099
v -0.917781 7.005389 -12.128914
v -1.849774 8.221979 -10.643195
v -2.009913 7.842282 -12.080914
v -2.009913 7.842282 -12.080914
v -2.096869 8.545819 -11.012655
v -2.114982 8.245000 -12.740099
v -1.536627 7.461746 -12.288036
v -2.009913 7.842282 -12.080914
v -2.114982 8.245000 -12.740099
v -1.849774 8.221979 -10.643195
v -0.917781 7.005389 -12.128914
v -0.892820 7.490459 -11.445411
v -0.917781 7.005389 -12.128914
v -1.816764 7.550964 -12.658123
v -0.958080 6.851930 -12.358885
v -1.536627 7.461746 -12.288036
v -0.917781 7.005389 -12.128914
v -2.009913 7.842282 -12.080914
v -1.816764 7.550964 -12.658123
v -0.917781 7.005389 -12.128914
v -1.536627 7.461746 -12.288036
v 1.809626 7.566591 -12.675539
v 2.097237 7.768309 -14.235229
v 2.134254 8.301263 -12.726906
v 2.097237 7.768309 -14.235229
v 2.097237 9.389132 -14.235230
v 2.134254 8.301263 -12.726906
v 2.097237 9.611611 -14.235230
v 2.097173 9.391306 -10.028009
v 2.097237 9.389132 -14.235230
v 2.134254 8.301263 -12.726906
v 2.097237 9.389132 -14.235230
v 2.097173 9.391306 -10.028009
v -2.127146 9.524940 -14.293238
v 2.097237 9.611611 -14.235230
v 2.097237 9.389132 -14.235230
v 2.097237 9.611611 -14.235230
v 2.117949 9.610271 -11.208034
v 2.097173 9.391306 -10.028009
v -2.127146 9.524940 -14.293238
v 2.097237 9.389132 -14.235230
v 2.097237 7.768309 -14.235229
v -2.097237 9.611610 -10.170466
v -2.097237 9.611610 -11.208425
v -2.114982 8.245000 -12.740099
v -2.114982 8.245000 -12.740099
v -2.096869 8.545819 -11.012655
v -2.097237 9.611610 -10.170466
v -2.052516 8.268429 -10.490587
v -1.863177 8.258147 -9.268158
v -2.097237 8.521307 -9.443596
v -0.855945 0.814705 -20.877300
v -0.988220 6.064331 -13.401582
v -1.735349 1.168466 -21.020195
v -0.917781 7.005389 -12.128914
v -0.855945 0.814705 -20.877300
v 0.855945 0.814705 -20.877300
v 1.506378 6.196053 -13.527442
v 0.855945 0.814705 -20.877300
v 1.477828 1.030639 -20.942595
v -1.735349 1.168466 -21.020195
v -2.145889 7.087546 -14.059734
v -2.108274 1.382290 -22.516216
v -2.145889 7.087546 -14.059734
v -2.097237 2.620841 -22.004406
v -2.108274 1.382290 -22.516216
v -2.096869 8.545819 -11.012655
v -2.097237 8.521307 -9.443596
v -2.097237 9.611610 -10.170466
v -2.145889 7.087546 -14.059734
v -1.735349 1.168466 -21.020195
v -1.645800 6.405068 -13.622241
v 1.477828 1.030639 -20.942595
v 0.957116 0.114843 -21.878914
v 1.987052 0.962399 -22.070892
v 0.957116 0.114843 -21.878914
v 1.790016 0.550497 -25.211739
v 1.987052 0.962399 -22.070892
v 0.957116 0.114843 -21.878914
v 1.477828 1.030639 -20.942595
v 0.855945 0.814705 -20.877300
v -0.865391 0.136869 -21.813324
v 0.855945 0.814705 -20.877300
v -0.855945 0.814705 -20.877300
v -1.735349 1.168466 -21.020195
v -0.865391 0.136869 -21.813324
v -0.855945 0.814705 -20.877300
v 0.855945 0.814705 -20.877300
v -0.865391 0.136869 -21.813324
v 0.957116 0.114843 -21.878914
v -0.865391 0.136869 -21.813324
v -0.868955 0.138850 -25.243059
v 0.957116 0.114843 -21.878914
v -0.865391 0.136869 -21.813324
v -1.735349 1.168466 -21.020195
v -1.681649 0.391591 -22.134708
v -1.681649 0.391591 -22.134708
v -1.735349 1.168466 -21.020195
v -2.108274 1.382290 -22.516216
v -0.868955 0.138850 -25.243059
v -0.865391 0.136869 -21.813324
v -1.681649 0.391591 -22.134708
v 1.987052 0.962399 -22.070892
v 1.790016 0.550497 -25.211739
v 2.097237 1.382303 -22.738165
v 1.987052 0.962399 -22.070892
v 1.506378 6.196053 -13.527442
v 1.477828 1.030639 -20.942595
v 2.097237 1.382303 -22.738165
v 1.880831 6.527144 -13.814407
v 1.987052 0.962399 -22.070892
v 1.506378 6.196053 -13.527442
v 1.987052 0.962399 -22.070892
v 1.880831 6.527144 -13.814407
v -1.645800 6.405068 -13.622241
v -1.735349 1.168466 -21.020195
v -0.988220 6.064331 -13.401582
v -0.855945 0.814705 -20.877300
v -0.917781 7.005389 -12.128914
v -0.988220 6.064331 -13.401582
v 0.957116 0.114843 -21.878914
v 0.870832 0.139726 -25.262091
v 1.790016 0.550497 -25.211739
v 0.957116 0.114843 -21.878914
v -0.868955 0.138850 -25.243059
v 0.870832 0.139726 -25.262091
v -2.108274 1.382290 -22.516216
v -2.116656 1.282969 -25.273788
v -1.681649 0.391591 -22.134708
v -1.681649 0.391591 -22.134708
v -2.116656 1.282969 -25.273788
v -1.623665 0.536362 -25.220148
v -1.681649 0.391591 -22.134708
v -1.623665 0.536362 -25.220148
v -0.868955 0.138850 -25.243059
v 0.855945 0.814705 -20.877300
v 0.918236 7.017337 -12.112285
v -0.917781 7.005389 -12.128914
v 0.971567 6.064990 -13.456126
v 0.855945 0.814705 -20.877300
v 1.506378 6.196053 -13.527442
v 0.918236 7.017337 -12.112285
v 0.855945 0.814705 -20.877300
v 0.971567 6.064990 -13.456126
v -2.097237 2.620841 -22.004406
v -2.145889 7.087546 -14.059734
v -2.097237 7.768309 -14.235229
v 2.097237 7.014387 -14.064940
v 2.097237 1.382303 -22.738165
v 2.097237 7.768309 -14.235229
v 1.880831 6.527144 -13.814407
v 2.097237 1.382303 -22.738165
v 2.097237 7.014387 -14.064940
v -0.988220 6.064331 -13.401582
v -0.958080 6.851930 -12.358885
v -1.645800 6.405068 -13.622241
v -0.988220 6.064331 -13.401582
v -0.917781 7.005389 -12.128914
v -0.958080 6.851930 -12.358885
v 1.880831 6.527144 -13.814407
v 0.971567 6.064990 -13.456126
v 1.506378 6.196053 -13.527442
v 1.880831 6.527144 -13.814407
v 0.958080 6.851930 -12.358885
v 0.971567 6.064990 -13.456126
v 0.971567 6.064990 -13.456126
v 0.958080 6.851930 -12.358885
v 0.918236 7.017337 -12.112285
v 0.870832 0.139726 -25.262091
v 1.512285 0.626078 -25.169838
v 1.790016 0.550497 -25.211739
v 1.512285 0.626078 -25.169838
v 0.870832 0.139726 -25.262091
v 0.689117 0.307769 -25.188999
v 0.870832 0.139726 -25.262091
v -0.868955 0.138850 -25.243059
v 0.689117 0.307769 -25.188999
v 0.689117 0.307769 -25.188999
v -0.868955 0.138850 -25.243059
v -0.769961 0.306379 -25.155170
v -2.127146 9.524940 -14.293238
v 2.097237 7.768309 -14.235229
v -2.097237 7.768309 -14.235229
v -1.816764 7.550964 -12.658123
v -2.145889 7.087546 -14.059734
v -1.645800 6.405068 -13.622241
v -1.816764 7.550964 -12.658123
v -2.097237 7.768309 -14.235229
v -2.145889 7.087546 -14.059734
v -1.623665 0.536362 -25.220148
v -2.116656 1.282969 -25.273788
v -1.876769 1.220473 -25.224916
v -2.114982 8.245000 -12.740099
v -1.816764 7.550964 -12.658123
v -1.536627 7.461746 -12.288036
v -0.958080 6.851930 -12.358885
v -1.816764 7.550964 -12.658123
v -1.645800 6.405068 -13.622241
v -2.097237 7.768309 -14.235229
v -1.816764 7.550964 -12.658123
v -2.114982 8.245000 -12.740099
v -2.114982 8.245000 -12.740099
v -2.127146 9.524940 -14.293238
v -2.097237 7.768309 -14.235229
v 0.958080 6.851930 -12.358885
v 1.880831 6.527144 -13.814407
v 1.809626 7.566591 -12.675539
v 0.958080 6.851930 -12.358885
v 1.809626 7.566591 -12.675539
v 0.918236 7.017337 -12.112285
v 2.097237 7.014387 -14.064940
v 1.809626 7.566591 -12.675539
v 1.880831 6.527144 -13.814407
v 2.097237 7.768309 -14.235229
v 1.809626 7.566591 -12.675539
v 2.097237 7.014387 -14.064940
v -1.623665 0.536362 -25.220148
v -0.769961 0.306379 -25.155170
v -0.868955 0.138850 -25.243059
v -2.685073 3.250343 8.874197
v -1.746738 1.404208 14.861616
v -2.685073 3.250344 14.424601
v -2.690436 3.939978 14.075244
v -2.685073 3.250343 8.874197
v -2.685073 3.250344 14.424601
v -2.398530 4.720016 12.707139
v -2.401311 3.970885 9.191916
v -2.401311 3.970885 12.630428
v -2.401311 3.970885 12.630428
v -1.757951 3.970885 9.191916
v -1.760576 3.971294 14.087370
v -2.103575 3.941861 9.222968
v -2.690436 3.939978 14.075244
v -2.206450 3.954575 14.232677
v -2.685073 3.250344 14.424601
v -2.206450 3.954575 14.232677
v -2.690436 3.939978 14.075244
v -2.397797 5.761238 9.255520
v -2.398530 4.720016 12.707139
v -2.332616 5.284399 13.044792
v -2.404262 5.800932 13.090569
v -2.397797 5.761238 9.255520
v -2.332616 5.284399 13.044792
v 0.792773 3.212789 7.333829
v 0.775827 6.250106 7.007979
v 0.806354 6.720672 7.339546
v 0.775827 6.250106 7.007979
v 0.792773 3.212789 7.333829
v 0.775828 3.428745 7.007980
v -2.397797 5.761238 9.255520
v -2.404262 5.800932 13.090569
v -2.257589 6.115419 7.355554
v -1.659798 6.685129 6.924889
v -1.020510 6.717659 7.333830
v -1.020510 6.717659 6.976563
v -0.716142 4.896429 7.333830
v -1.951812 6.696432 7.285830
v -0.511473 6.717660 7.333830
v -1.020510 6.717659 7.333830
v -1.020510 3.258752 7.333831
v -1.020510 6.717659 6.976563
v -0.792773 3.212789 7.333829
v -0.806354 6.720672 7.339546
v -0.775827 6.250106 7.007979
v -2.257589 6.115419 7.355554
v -2.395915 5.772015 7.292325
v -2.397797 5.761238 9.255520
v -1.020510 6.717659 7.333830
v -1.659798 6.685129 6.924889
v -1.873284 6.723069 7.235563
v -2.257589 6.115419 7.355554
v -1.839972 6.453032 9.514380
v -1.995098 6.115882 7.333832
v -1.951812 6.696432 7.285830
v -1.915236 5.270800 7.334851
v -1.995098 6.115882 7.333832
v -2.257589 6.115419 7.355554
v -1.995098 6.115882 7.333832
v -2.395915 5.772015 7.292325
v -1.951812 6.696432 7.285830
v -0.716142 4.896429 7.333830
v -1.915236 5.270800 7.334851
v -1.915236 5.270800 7.334851
v -2.395915 5.772015 7.292325
v -1.995098 6.115882 7.333832
v -1.659798 6.685129 6.924889
v -1.895348 3.792052 7.295143
v -1.873284 6.723069 7.235563
v -1.757951 3.970885 9.191916
v -2.401311 3.970885 12.630428
v -2.401311 3.970885 9.191916
v -2.401311 3.970885 9.191916
v -2.398530 4.720016 12.707139
v -2.397797 5.761238 9.255520
v -2.690436 3.939977 9.223554
v -2.690436 3.939978 14.075244
v -2.103575 3.941861 9.222968
v -2.397797 5.761238 9.255520
v -2.401311 3.832458 8.966726
v -2.401311 3.970885 9.191916
v -2.690436 3.939978 14.075244
v -2.690436 3.939977 9.223554
v -2.685073 3.250343 8.874197
v -1.757951 3.970885 9.191916
v -2.401311 3.970885 9.191916
v -1.757951 3.832458 8.966726
v -2.401311 3.832458 8.966726
v -1.757951 3.832458 8.966726
v -2.401311 3.970885 9.191916
v -2.103575 3.941861 9.222968
v -2.214906 3.621665 8.889122
v -2.690436 3.939977 9.223554
v -2.690436 3.939977 9.223554
v -2.214906 3.621665 8.889122
v -2.685073 3.250343 8.874197
v -0.792773 3.212789 7.333829
v -0.775827 6.250106 7.007979
v -0.775828 3.428745 7.007980
v -1.020510 6.717659 6.976563
v -1.020510 3.258752 7.333831
v -1.020510 3.258752 6.976563
v -0.716142 4.896429 7.333830
v -0.976458 2.291216 7.333831
v -1.863299 2.445683 7.333831
v -1.020510 3.258752 7.333831
v -1.476834 3.258752 7.333831
v -1.020510 3.258752 6.976563
v -2.401311 3.832458 8.966726
v -2.397797 5.761238 9.255520
v -2.395915 5.772015 7.292325
v -1.895348 3.792052 7.295143
v -1.659798 6.685129 6.924889
v -1.688268 3.595735 6.933907
v -1.915236 5.270800 7.334851
v -0.716142 4.896429 7.333830
v -1.863299 2.445683 7.333831
v -1.915236 5.270800 7.334851
v -2.401311 3.267799 7.333838
v -2.395915 5.772015 7.292325
v -2.401311 3.832458 8.966726
v -2.395915 5.772015 7.292325
v -2.401311 3.267799 7.333838
v -2.401311 3.832458 8.966726
v -2.401311 3.250343 8.827831
v -1.757951 3.832458 8.966726
v -1.714231 2.558033 8.711164
v -2.685073 3.250343 8.874197
v -2.214906 3.621665 8.889122
v -2.401311 3.832458 8.966726
v -2.401311 3.267799 7.333838
v -2.401311 3.250343 8.827831
v -1.688268 3.595735 6.933907
v -1.476834 3.258752 7.333831
v -1.895348 3.792052 7.295143
v -2.401311 3.267799 7.333838
v -1.915236 5.270800 7.334851
v -1.995097 2.455371 7.333831
v -1.476834 3.258752 7.333831
v -1.688268 3.595735 6.933907
v -1.020510 3.258752 6.976563
v -1.995097 2.455371 7.333831
v -1.915236 5.270800 7.334851
v -1.863299 2.445683 7.333831
v 0.933401 3.333772 4.317043
v 0.775828 3.428745 7.007980
v 0.792773 3.212789 7.333829
v -0.806354 6.720672 7.339546
v -0.825319 6.702802 5.644703
v -0.775827 6.250106 7.007979
v -1.020510 3.258752 6.976563
v -1.659798 6.685129 6.924889
v -1.020510 6.717659 6.976563
v -0.775828 3.428745 7.007980
v -0.775827 6.250106 7.007979
v 0.775827 6.250106 7.007979
v 0.435512 6.527289 3.829511
v 0.424834 6.525558 4.340462
v 0.397472 4.958954 4.086927
v -0.362640 6.524674 3.818792
v 0.435512 6.527289 3.829511
v -0.330815 5.002224 3.807399
v -0.429191 6.520348 3.866124
v -0.362640 6.524674 3.818792
v -0.330815 5.002224 3.807399
v 0.146900 5.061064 4.338878
v 0.397472 4.958954 4.086927
v 0.424834 6.525558 4.340462
v 0.435512 6.527289 3.829511
v 0.397472 4.958954 4.086927
v 0.402775 4.558362 3.887736
v 0.435512 6.527289 3.829511
v 0.402775 4.558362 3.887736
v -0.330815 5.002224 3.807399
v -0.398849 4.822857 4.173730
v -0.429191 6.520348 3.866124
v -0.372223 4.686495 3.917946
v -0.429191 6.520348 3.866124
v -0.330815 5.002224 3.807399
v -0.372223 4.686495 3.917946
v 0.775827 6.250106 7.007979
v 0.775828 3.428745 7.007980
v -0.775828 3.428745 7.007980
v 0.775828 3.428745 7.007980
v -0.927528 3.362497 4.319344
v -0.775828 3.428745 7.007980
v -0.927528 3.362497 4.319344
v -0.792773 3.212789 7.333829
v -0.775828 3.428745 7.007980
v -0.927528 3.362497 4.319344
v 0.775828 3.428745 7.007980
v 0.933401 3.333772 4.317043
v -0.792773 3.212789 7.333829
v -0.927528 3.362497 4.319344
v -1.542174 3.213738 4.184938
v -1.578820 3.162570 7.329027
v -1.542174 3.213738 4.184938
v -1.539503 3.181968 1.560127
v -1.659798 6.685129 6.924889
v -1.020510 3.258752 6.976563
v -1.688268 3.595735 6.933907
v -1.542174 3.213738 4.184938
v -1.578820 3.162570 7.329027
v -0.792773 3.212789 7.333829
v 0.233261 3.592832 4.733087
v 0.146900 5.061064 4.338878
v -0.045897 3.591498 4.895439
v 0.146900 5.061064 4.338878
v 0.233261 3.592832 4.733087
v 0.397472 4.958954 4.086927
v 0.402775 4.558362 3.887736
v 0.397472 4.958954 4.086927
v 0.233261 3.592832 4.733087
v -1.542174 3.213738 4.184938
v -0.927528 3.362497 4.319344
v -0.937164 3.399619 4.005304
v 0.933401 3.333772 4.317043
v -0.937164 3.399619 4.005304
v -0.927528 3.362497 4.319344
v -0.045897 3.591498 4.895439
v 0.146900 5.061064 4.338878
v -0.398849 4.822857 4.173730
v 0.402775 4.558362 3.887736
v 0.233261 3.592832 4.733087
v -0.203701 3.525407 4.459810
v -0.045897 3.591498 4.895439
v -0.203701 3.525407 4.459810
v 0.233261 3.592832 4.733087
v -0.045897 3.591498 4.895439
v -0.230598 3.554449 4.621286
v -0.203701 3.525407 4.459810
v -0.330815 5.002224 3.807399
v -0.203701 3.525407 4.459810
v -0.372223 4.686495 3.917946
v -0.330815 5.002224 3.807399
v 0.402775 4.558362 3.887736
v -0.203701 3.525407 4.459810
v -0.230598 3.554449 4.621286
v -0.372223 4.686495 3.917946
v -0.203701 3.525407 4.459810
v -0.372223 4.686495 3.917946
v -0.230598 3.554449 4.621286
v -0.398849 4.822857 4.173730
v -0.398849 4.822857 4.173730
v -0.230598 3.554449 4.621286
v -0.045897 3.591498 4.895439
v 0.839494 9.027533 49.228306
v 0.425649 8.905598 50.838272
v 1.045800 9.481863 50.839020
v 0.425649 8.905598 50.838272
v 0.982102 8.822451 50.834641
v 1.045800 9.481863 50.839020
v 0.982102 8.822451 50.834641
v 0.425649 8.905598 50.838272
v -0.134259 8.476872 50.781227
v -1.452697 9.934402 49.756290
v -1.220072 9.190573 49.176643
v -1.233221 9.076464 50.876987
v -1.176690 9.779390 50.814106
v -1.233221 9.076464 50.876987
v -0.169362 8.826900 50.850628
v -0.134259 8.476872 50.781227
v -1.233221 9.076464 50.876987
v -0.787839 8.717373 49.202271
v -1.161017 9.871619 49.065548
v -1.176690 9.779390 50.814106
v -0.858725 9.211130 49.346954
v -0.984515 9.478599 48.979290
v -1.161017 9.871619 49.065548
v -0.858725 9.211130 49.346954
v -1.220072 9.190573 49.176643
v -0.984515 9.478599 48.979290
v -0.858725 9.211130 49.346954
v -1.233221 9.076464 50.876987
v -1.220072 9.190573 49.176643
v -0.787839 8.717373 49.202271
v -0.787839 8.717373 49.202271
v -0.858725 9.211130 49.346954
v -0.483062 8.946931 49.204704
v -0.858725 9.211130 49.346954
v -0.787839 8.717373 49.202271
v -1.220072 9.190573 49.176643
v 0.982102 8.822451 50.834641
v -0.134259 8.476872 50.781227
v 0.839494 9.027533 49.228306
v -0.169362 8.826900 50.850628
v -0.858725 9.211130 49.346954
v -1.176690 9.779390 50.814106
v 0.425649 8.905598 50.838272
v -0.169362 8.826900 50.850628
v -0.134259 8.476872 50.781227
v -0.134259 8.476872 50.781227
v 0.741050 8.697956 46.759922
v 0.705808 8.681079 49.035114
v 0.705808 8.681079 49.035114
v 0.484012 8.953778 46.815990
v 0.475438 8.920446 49.204712
v 0.484012 8.953778 46.815990
v -0.169362 8.826900 50.850628
v 0.475438 8.920446 49.204712
v -0.169362 8.826900 50.850628
v -0.478182 8.956037 46.843361
v -0.483062 8.946931 49.204704
v -0.483062 8.946931 49.204704
v -0.737004 8.734951 46.823116
v -0.787839 8.717373 49.202271
v 0.484012 8.953778 46.815990
v 0.705808 8.681079 49.035114
v 0.741050 8.697956 46.759922
v -0.737004 8.734951 46.823116
v -0.483062 8.946931 49.204704
v -0.478182 8.956037 46.843361
v -0.000000 8.852262 46.215744
v -0.169362 8.826900 50.850628
v 0.484012 8.953778 46.815990
v -0.478182 8.956037 46.843361
v -0.169362 8.826900 50.850628
v -0.000000 8.852262 46.215744
v 0.227949 8.447073 43.167210
v -0.787839 8.717373 49.202271
v -0.737004 8.734951 46.823116
v -0.169362 8.826900 50.850628
v -1.233221 9.076464 50.876987
v -0.134259 8.476872 50.781227
v -0.973158 9.449604 46.837456
v -1.161017 9.871619 49.065548
v -0.984515 9.478599 48.979290
v 0.475438 8.920446 49.204712
v -0.169362 8.826900 50.850628
v 0.425649 8.905598 50.838272
v -0.768240 9.638757 41.020355
v -0.370744 9.199599 41.029736
v -0.000208 9.120245 41.030109
v -0.973158 9.449604 46.837456
v -0.984515 9.478599 48.979290
v -1.220072 9.190573 49.176643
v -1.220072 9.190573 49.176643
v -1.174220 9.116473 46.907063
v -0.973158 9.449604 46.837456
v -1.174220 9.116473 46.907063
v -1.220072 9.190573 49.176643
v -1.452697 9.934402 49.756290
v -0.787839 8.717373 49.202271
v 0.227949 8.447073 43.167210
v -0.134259 8.476872 50.781227
v 0.741050 8.697956 46.759922
v -0.134259 8.476872 50.781227
v 0.227949 8.447073 43.167210
v 0.475438 8.920446 49.204712
v 0.425649 8.905598 50.838272
v 0.839494 9.027533 49.228306
v 0.839494 9.027533 49.228306
v -0.134259 8.476872 50.781227
v 0.705808 8.681079 49.035114
v 0.475438 8.920446 49.204712
v 0.839494 9.027533 49.228306
v 0.705808 8.681079 49.035114
v -0.941945 8.757752 43.165257
v -1.033786 10.225349 43.164116
v -0.677681 9.170197 43.165031
v -1.033786 10.225349 43.164116
v -0.941945 8.757752 43.165257
v -1.443731 9.850222 43.166668
v 0.741050 8.697956 46.759922
v 0.769589 9.157638 46.647224
v 0.484012 8.953778 46.815990
v -0.737004 8.734951 46.823116
v -0.941945 8.757752 43.165257
v 0.227949 8.447073 43.167210
v -1.065785 11.045336 43.135113
v -1.033786 10.225349 43.164116
v -1.443731 9.850222 43.166668
v -1.452697 9.934402 49.756290
v -1.443731 9.850222 43.166668
v -1.174220 9.116473 46.907063
v -1.174220 9.116473 46.907063
v -0.769589 9.157638 46.647224
v -0.973158 9.449604 46.837456
v -0.737004 8.734951 46.823116
v -0.478182 8.956037 46.843361
v -0.769589 9.157638 46.647224
v -0.737004 8.734951 46.823116
v -0.769589 9.157638 46.647224
v -1.174220 9.116473 46.907063
v -0.737004 8.734951 46.823116
v -1.174220 9.116473 46.907063
v -0.941945 8.757752 43.165257
v -0.000000 8.852262 46.215744
v -0.000208 9.120245 41.030109
v -0.370744 9.199599 41.029736
v -0.000000 8.852262 46.215744
v 0.370744 9.199599 41.029736
v -0.000208 9.120245 41.030109
v 0.524335 8.943335 43.164795
v -0.941945 8.757752 43.165257
v -0.677681 9.170197 43.165031
v -0.941945 8.757752 43.165257
v 0.524335 8.943335 43.164795
v 0.227949 8.447073 43.167210
v 0.370744 9.199599 41.029736
v 0.484012 8.953778 46.815990
v 0.769589 9.157638 46.647224
v -0.769589 9.157638 46.647224
v -0.370744 9.199599 41.029736
v -0.768240 9.638757 41.020355
v 0.370744 9.199599 41.029736
v -0.000000 8.852262 46.215744
v 0.484012 8.953778 46.815990
v -0.370744 9.199599 41.029736
v -0.769589 9.157638 46.647224
v -0.478182 8.956037 46.843361
v -0.370744 9.199599 41.029736
v -0.478182 8.956037 46.843361
v -0.000000 8.852262 46.215744
v -0.858725 9.211130 49.346954
v -0.169362 8.826900 50.850628
v -0.483062 8.946931 49.204704
v -1.443731 9.850222 43.166668
v -1.452697 9.934402 49.756290
v -1.065785 11.045336 43.135113
v -0.768240 9.638757 41.020355
v -1.161017 9.871619 49.065548
v -0.973158 9.449604 46.837456
v -0.768240 9.638757 41.020355
v -0.973158 9.449604 46.837456
v -0.769589 9.157638 46.647224
v -0.941945 8.757752 43.165257
v -1.174220 9.116473 46.907063
v -1.443731 9.850222 43.166668
v -1.452697 9.934402 49.756290
v -1.233221 9.076464 50.876987
v -1.176690 9.779390 50.814106
v -1.176690 9.779390 50.814106
v -1.161017 9.871619 49.065548
v -0.841817 10.781603 50.836655
v -1.452697 9.934402 49.756290
v -1.176690 9.779390 50.814106
v -1.351362 10.002219 50.710121
v -1.176690 9.779390 50.814106
v -0.841817 10.781603 50.836655
v -1.351362 10.002219 50.710121
v -0.841817 10.781603 50.836655
v -0.998388 10.933154 50.838367
v -1.504483 10.095077 50.845299
v -0.841817 10.781603 50.836655
v -1.504483 10.095077 50.845299
v -1.351362 10.002219 50.710121
v -1.504483 10.095077 50.845299
v -1.452697 9.934402 49.756290
v -1.351362 10.002219 50.710121
v -1.452697 9.934402 49.756290
v -1.504483 10.095077 50.845299
v -1.037021 10.919538 49.190201
v 1.107581 10.891649 50.839939
v -0.106332 11.394794 50.815067
v 0.333315 10.996973 50.835094
v 0.736623 11.156428 49.177128
v -0.106332 11.394794 50.815067
v 1.107581 10.891649 50.839939
v 0.995155 10.447478 50.838612
v 1.107581 10.891649 50.839939
v 0.333315 10.996973 50.835094
v 0.333315 10.996973 50.835094
v 0.685998 10.797701 49.308887
v 0.995155 10.447478 50.838612
v 0.333315 10.996973 50.835094
v -0.106332 11.394794 50.815067
v -0.841817 10.781603 50.836655
v -0.841817 10.781603 50.836655
v -0.106332 11.394794 50.815067
v -0.998388 10.933154 50.838367
v -0.841817 10.781603 50.836655
v 0.003637 11.089993 49.112488
v 0.333315 10.996973 50.835094
v -1.226580 10.640160 46.893158
v -1.065785 11.045336 43.135113
v -1.452697 9.934402 49.756290
v -0.698983 11.167789 49.159847
v -0.998388 10.933154 50.838367
v -0.106332 11.394794 50.815067
v 1.107581 10.891649 50.839939
v 1.169797 10.686199 49.200550
v 0.736623 11.156428 49.177128
v 0.333315 10.996973 50.835094
v 0.003637 11.089993 49.112488
v 0.685998 10.797701 49.308887
v 0.685998 10.797701 49.308887
v 0.736623 11.156428 49.177128
v 1.169797 10.686199 49.200550
v 0.852484 10.625659 40.866951
v 1.115476 10.072184 40.809158
v 0.993810 10.673288 40.821140
v 0.448629 10.911742 48.979290
v 0.736623 11.156428 49.177128
v 0.685998 10.797701 49.308887
v 0.852484 10.625659 40.866951
v 1.104024 10.209045 39.536285
v 1.115476 10.072184 40.809158
v 1.150880 9.611691 35.493610
v 0.964634 10.466955 43.105324
v 1.115370 9.569275 43.105324
v 0.003637 11.089993 49.112488
v 0.448629 10.911742 48.979290
v 0.685998 10.797701 49.308887
v 0.003637 11.089993 49.112488
v -0.841817 10.781603 50.836655
v -0.714901 10.795184 49.306129
v -0.448628 10.911742 48.979290
v 0.003637 11.089993 49.112488
v -0.714901 10.795184 49.306129
v -0.698983 11.167789 49.159847
v -0.448628 10.911742 48.979290
v -0.714901 10.795184 49.306129
v -0.998388 10.933154 50.838367
v -1.037021 10.919538 49.190201
v -1.504483 10.095077 50.845299
v 0.993810 10.673288 40.821140
v 1.243595 10.060811 39.571545
v 0.975581 10.683249 39.539776
v -1.037021 10.919538 49.190201
v -0.998388 10.933154 50.838367
v -0.698983 11.167789 49.159847
v -0.714901 10.795184 49.306129
v -0.841817 10.781603 50.836655
v -0.979707 10.404653 49.219994
v -0.698983 11.167789 49.159847
v -0.714901 10.795184 49.306129
v -1.037021 10.919538 49.190201
v -1.037021 10.919538 49.190201
v -0.714901 10.795184 49.306129
v -0.979707 10.404653 49.219994
v -1.241794 10.637357 49.064194
v -1.037021 10.919538 49.190201
v -0.979707 10.404653 49.219994
v 0.745852 11.131809 46.779942
v 0.736623 11.156428 49.177128
v 0.448629 10.911742 48.979290
v 1.104024 10.209045 39.536285
v 0.975581 10.683249 39.539776
v 1.243595 10.060811 39.571545
v 0.003637 11.089993 49.112488
v 0.475002 10.896965 46.808876
v 0.448629 10.911742 48.979290
v -0.481834 10.899628 46.814610
v -0.448628 10.911742 48.979290
v -0.698983 11.167789 49.159847
v -0.448628 10.911742 48.979290
v -0.481834 10.899628 46.814610
v 0.003637 11.089993 49.112488
v -0.106332 11.394794 50.815067
v 0.736623 11.156428 49.177128
v 0.745852 11.131809 46.779942
v 0.745852 11.131809 46.779942
v 0.448629 10.911742 48.979290
v 0.475002 10.896965 46.808876
v -0.724948 11.147442 46.794765
v -0.698983 11.167789 49.159847
v -0.106332 11.394794 50.815067
v -0.698983 11.167789 49.159847
v -0.724948 11.147442 46.794765
v -0.481834 10.899628 46.814610
v -1.241794 10.637357 49.064194
v -1.226580 10.640160 46.893158
v -1.452697 9.934402 49.756290
v 0.745852 11.131809 46.779942
v 0.336449 11.353560 43.166885
v -0.106332 11.394794 50.815067
v -0.106332 11.394794 50.815067
v -1.065785 11.045336 43.135113
v -0.724948 11.147442 46.794765
v -1.452697 9.934402 49.756290
v -1.037021 10.919538 49.190201
v -1.241794 10.637357 49.064194
v -0.724948 11.147442 46.794765
v -0.769590 10.696816 46.647224
v -0.481834 10.899628 46.814610
v -0.769590 10.696816 46.647224
v -0.724948 11.147442 46.794765
v -0.997145 10.933745 46.698799
v -1.226580 10.640160 46.893158
v -0.769590 10.696816 46.647224
v -0.997145 10.933745 46.698799
v -1.065785 11.045336 43.135113
v -0.997145 10.933745 46.698799
v -0.724948 11.147442 46.794765
v -0.997145 10.933745 46.698799
v -1.065785 11.045336 43.135113
v -1.226580 10.640160 46.893158
v -1.065785 11.045336 43.135113
v -0.106332 11.394794 50.815067
v 0.336449 11.353560 43.166885
v -0.481834 10.899628 46.814610
v -0.474097 10.579762 41.029736
v 0.003637 11.089993 49.112488
v -0.474097 10.579762 41.029736
v -0.481834 10.899628 46.814610
v -0.769590 10.696816 46.647224
v 0.336449 11.353560 43.166885
v 0.123034 11.052758 43.164726
v -1.065785 11.045336 43.135113
v -1.033786 10.225349 43.164116
v -1.065785 11.045336 43.135113
v 0.123034 11.052758 43.164726
v 0.209290 11.204672 40.725185
v 0.852484 10.625659 40.866951
v 0.993810 10.673288 40.821140
v 0.964634 10.466954 35.491680
v 0.341485 11.025105 43.105324
v 0.964634 10.466955 43.105324
v 0.852484 10.625659 40.866951
v 0.209290 11.204672 40.725185
v 0.221539 11.042380 40.706379
v 0.221539 11.042380 40.706379
v 0.316581 11.083490 39.541302
v 0.852484 10.625659 40.866951
v 0.209290 11.204672 40.725185
v -0.413767 10.934795 40.801628
v 0.221539 11.042380 40.706379
v -0.413767 10.934795 40.801628
v 0.209290 11.204672 40.725185
v -0.473929 11.051067 40.801643
v 0.299478 11.060733 35.493607
v -0.556932 10.874656 43.105324
v 0.341485 11.025105 43.105324
v -0.473929 11.051067 40.801643
v -0.859384 10.623346 40.779453
v -0.413767 10.934795 40.801628
v 0.975581 10.683249 39.539776
v 0.209290 11.204672 40.725185
v 0.993810 10.673288 40.821140
v 1.104024 10.209045 39.536285
v 0.852484 10.625659 40.866951
v 0.316581 11.083490 39.541302
v 0.964634 10.466955 43.105324
v 1.150880 9.611691 35.493610
v 0.964634 10.466954 35.491680
v 0.209290 11.204672 40.725185
v 0.975581 10.683249 39.539776
v 0.206800 11.190231 39.559124
v 0.975581 10.683249 39.539776
v 1.104024 10.209045 39.536285
v 0.316581 11.083490 39.541302
v 0.316581 11.083490 39.541302
v 0.206800 11.190231 39.559124
v 0.975581 10.683249 39.539776
v 0.221539 11.042380 40.706379
v -0.527048 10.899684 39.573654
v 0.316581 11.083490 39.541302
v 0.299478 11.060733 35.493607
v 0.341485 11.025105 43.105324
v 0.964634 10.466954 35.491680
v -0.643113 10.985772 39.559216
v -1.081751 10.284173 39.510353
v -1.200031 10.277575 39.555195
v -1.081751 10.284173 39.510353
v -0.643113 10.985772 39.559216
v -0.527048 10.899684 39.573654
v -1.200031 10.277575 39.555195
v -0.979789 10.695353 40.701836
v -0.643113 10.985772 39.559216
v -0.859384 10.623346 40.779453
v -1.081751 10.284173 39.510353
v -0.527048 10.899684 39.573654
v -0.473929 11.051067 40.801643
v -0.643113 10.985772 39.559216
v -0.979789 10.695353 40.701836
v -0.859384 10.623346 40.779453
v -0.473929 11.051067 40.801643
v -0.979789 10.695353 40.701836
v -0.527048 10.899684 39.573654
v -0.413767 10.934795 40.801628
v -0.859384 10.623346 40.779453
v -0.527048 10.899684 39.573654
v 0.221539 11.042380 40.706379
v -0.413767 10.934795 40.801628
v 0.206800 11.190231 39.559124
v -0.527048 10.899684 39.573654
v -0.643113 10.985772 39.559216
v -0.527048 10.899684 39.573654
v 0.206800 11.190231 39.559124
v 0.316581 11.083490 39.541302
v -0.643113 10.985772 39.559216
v 0.209290 11.204672 40.725185
v 0.206800 11.190231 39.559124
v 0.209290 11.204672 40.725185
v -0.643113 10.985772 39.559216
v -0.473929 11.051067 40.801643
v -1.698755 5.040079 40.834339
v -1.137308 4.294202 40.719833
v -1.572369 5.067425 40.859737
v -1.280640 5.263670 40.079189
v -1.184607 6.104218 39.511612
v -1.482384 6.199720 40.191669
v -1.628131 4.874652 40.013744
v -0.068447 3.797583 40.736755
v -1.470511 4.706056 40.753769
v -0.961424 4.752775 40.729603
v -1.470511 4.706056 40.753769
v -0.068447 3.797583 40.736755
v -0.021000 3.306375 40.801994
v -0.195482 3.101709 40.370087
v -0.021000 3.306374 40.103790
v -0.488452 4.452227 39.511642
v 0.537666 4.421667 39.491867
v -1.184607 6.104218 39.511612
v -1.309624 5.040785 40.410824
v -1.470511 4.706056 40.753769
v -0.961424 4.752775 40.729603
v -1.467860 4.647621 40.076271
v -1.137308 4.294202 40.719833
v -1.698755 5.040079 40.834339
v -1.184607 6.104218 39.511612
v -1.280640 5.263670 40.079189
v -1.228063 5.101637 39.513248
v -1.309624 5.040785 40.410824
v -1.628131 4.874652 40.013744
v -1.470511 4.706056 40.753769
v -1.309624 5.040785 40.410824
v -0.961424 4.752775 40.729603
v -1.228063 5.101637 39.513248
v -1.652594 5.261477 39.942272
v -1.572369 5.067425 40.859737
v -1.207601 4.629019 40.080345
v -1.628131 4.874652 40.013744
v -1.309624 5.040785 40.410824
v -1.280640 5.263670 40.079189
v -1.207601 4.629019 40.080345
v -1.572369 5.067425 40.859737
v -1.137308 4.294202 40.719833
v -1.698755 5.040079 40.834339
v -1.652594 5.261477 39.942272
v -1.467860 4.647621 40.076271
v -1.652594 5.261477 39.942272
v -1.207601 4.629019 40.080345
v -1.467860 4.647621 40.076271
v -1.228063 5.101637 39.513248
v -0.488452 4.452227 39.511642
v -1.184607 6.104218 39.511612
v -1.228063 5.101637 39.513248
v -1.280640 5.263670 40.079189
v -1.309624 5.040785 40.410824
v -0.434278 4.140501 40.801994
v -1.207601 4.629019 40.080345
v -1.137308 4.294202 40.719833
v 1.137277 4.294306 40.720230
v 1.571629 5.066666 40.858055
v 1.137639 4.572540 40.199852
v 0.434278 4.140501 40.801994
v 1.137277 4.294306 40.720230
v 1.137639 4.572540 40.199852
v 0.472128 3.999243 40.802010
v 1.137277 4.294306 40.720230
v 0.434278 4.140501 40.801994
v 1.137277 4.294306 40.720230
v 0.472128 3.999243 40.802010
v 0.515980 3.951025 40.230751
v 0.434278 4.140501 40.103790
v -0.044383 4.149720 40.111938
v 0.434278 4.140501 40.801994
v 0.434278 4.140501 40.801994
v 0.171949 3.966614 40.801186
v 0.472128 3.999243 40.802010
v 0.515980 3.951025 40.230751
v 0.472128 3.999243 40.802010
v 0.171949 3.966614 40.801186
v -0.961424 4.752775 40.729603
v -0.068447 3.797583 40.736755
v -0.296363 4.357498 40.736858
v -0.068447 3.797583 40.736755
v 0.802343 4.600224 40.696346
v -0.296363 4.357498 40.736858
v 0.171949 3.966614 40.801186
v 0.434278 4.140501 40.801994
v -0.044383 4.149720 40.111938
v 0.021000 3.306375 40.801994
v 0.021000 3.306374 40.103790
v 0.195482 3.101709 40.370087
v 0.044404 4.149676 40.111656
v -0.434278 4.140501 40.801994
v -0.171949 3.966614 40.801186
v -1.137308 4.294202 40.719833
v -0.558230 3.945537 40.075127
v -0.434278 4.140501 40.801994
v -0.204251 3.982355 40.044739
v -0.434278 4.140501 40.801994
v 0.044404 4.149676 40.111656
v -0.434278 4.140501 40.801994
v -0.558230 3.945537 40.075127
v -0.171949 3.966614 40.801186
v 1.137277 4.294306 40.720230
v 0.515980 3.951025 40.230751
v 1.467860 4.647621 40.076271
v 0.515980 3.951025 40.230751
v 1.137639 4.572540 40.199852
v 1.467860 4.647621 40.076271
v -0.558230 3.945537 40.075127
v -1.467860 4.647621 40.076271
v -1.207601 4.629019 40.080345
v -1.137308 4.294202 40.719833
v -1.467860 4.647621 40.076271
v -0.558230 3.945537 40.075127
v 0.515980 3.951025 40.230751
v 0.434278 4.140501 40.103790
v 1.137639 4.572540 40.199852
v 0.434278 4.140501 40.801994
v 1.137639 4.572540 40.199852
v 0.434278 4.140501 40.103790
v 0.171949 3.966614 40.801186
v 0.171889 3.966575 40.102959
v 0.515980 3.951025 40.230751
v -1.228063 5.101637 39.513248
v -0.961424 4.752775 40.729603
v -0.488452 4.452227 39.511642
v -0.204251 3.982355 40.044739
v -0.558230 3.945537 40.075127
v -1.207601 4.629019 40.080345
v 0.171889 3.966575 40.102959
v 0.434278 4.140501 40.103790
v 0.515980 3.951025 40.230751
v -0.474488 3.748450 40.352436
v 0.403110 3.564625 40.215889
v -0.378200 3.446728 40.534908
v 0.044404 4.149676 40.111656
v -0.021000 3.306374 40.103790
v -0.204251 3.982355 40.044739
v -0.296363 4.357498 40.736858
v 0.802343 4.600224 40.696346
v 0.537666 4.421667 39.491867
v -0.488452 4.452227 39.511642
v -0.961424 4.752775 40.729603
v -0.296363 4.357498 40.736858
v 0.021000 3.306374 40.103790
v -0.044383 4.149720 40.111938
v 0.171889 3.966575 40.102959
v -0.488452 4.452227 39.511642
v -0.296363 4.357498 40.736858
v 0.537666 4.421667 39.491867
v 1.176726 4.395144 39.933666
v -0.068447 3.797583 40.736755
v 0.013160 3.933558 39.569023
v -0.044383 4.149720 40.111938
v 0.434278 4.140501 40.103790
v 0.171889 3.966575 40.102959
v -0.204251 3.982355 40.044739
v -1.207601 4.629019 40.080345
v -0.434278 4.140501 40.801994
v -0.068447 3.797583 40.736755
v -1.628131 4.874652 40.013744
v 0.013160 3.933558 39.569023
v -0.171949 3.966614 40.801186
v -0.558230 3.945537 40.075127
v -0.204251 3.982355 40.044739
v -0.204251 3.982355 40.044739
v -0.021000 3.306374 40.103790
v -0.195482 3.101709 40.370087
v 0.171889 3.966575 40.102959
v 0.195482 3.101709 40.370087
v 0.021000 3.306374 40.103790
v -0.171949 3.966614 40.801186
v -0.204251 3.982355 40.044739
v -0.195482 3.101709 40.370087
v -0.474488 3.748450 40.352436
v 0.343242 3.823448 40.341652
v 0.403110 3.564625 40.215889
v 0.171949 3.966614 40.801186
v 0.195482 3.101709 40.370087
v 0.171889 3.966575 40.102959
v -0.378200 3.446728 40.534908
v -0.396734 3.700899 40.631962
v -0.474488 3.748450 40.352436
v -0.021000 3.306374 40.103790
v 0.044404 4.149676 40.111656
v -0.021000 3.306375 40.801994
v -0.044383 4.149720 40.111938
v 0.021000 3.306374 40.103790
v 0.021000 3.306375 40.801994
v -0.378200 3.446728 40.534908
v 0.403110 3.564625 40.215889
v 0.453174 3.352432 40.467270
v -0.378200 3.446728 40.534908
v 0.453174 3.352432 40.467270
v 0.401549 3.530324 40.773891
v -0.378200 3.446728 40.534908
v 0.401549 3.530324 40.773891
v -0.396734 3.700899 40.631962
v -0.021000 3.306375 40.801994
v -0.171949 3.966614 40.801186
v -0.195482 3.101709 40.370087
v 0.171949 3.966614 40.801186
v 0.021000 3.306375 40.801994
v 0.195482 3.101709 40.370087
v -0.474488 3.748450 40.352436
v 0.409058 3.778347 40.634380
v 0.343242 3.823448 40.341652
v -0.396734 3.700899 40.631962
v 0.409058 3.778347 40.634380
v -0.474488 3.748450 40.352436
v -0.171949 3.966614 40.801186
v -0.021000 3.306375 40.801994
v 0.044404 4.149676 40.111656
v -0.396734 3.700899 40.631962
v 0.401549 3.530324 40.773891
v 0.409058 3.778347 40.634380
v 0.021000 3.306375 40.801994
v 0.171949 3.966614 40.801186
v -0.044383 4.149720 40.111938
v 0.409058 3.778347 40.634380
v 0.453174 3.352432 40.467270
v 0.403110 3.564625 40.215889
v 0.409058 3.778347 40.634380
v 0.401549 3.530324 40.773891
v 0.453174 3.352432 40.467270
v 0.409058 3.778347 40.634380
v 0.403110 3.564625 40.215889
v 0.343242 3.823448 40.341652
v 2.018589 7.318573 3.234247
v 2.182704 7.670280 2.793900
v 2.195097 7.506711 3.112185
v 2.103312 9.540236 -4.041953
v 2.097237 9.612464 6.384125
v 2.093487 7.216497 -1.778812
v 2.097237 7.256119 6.384125
v 1.566036 6.717658 -1.672901
v 2.093487 7.216497 -1.778812
v 2.078419 9.651135 -0.693060
v 2.074542 12.359523 -3.466775
v 2.031921 10.246175 0.643212
v 1.866610 9.612110 -10.128624
v 2.097237 9.612464 6.384125
v 2.103312 9.540236 -4.041953
v 2.074542 12.359523 -3.466775
v 2.078419 9.651135 -0.693060
v 2.089944 9.664108 -4.502386
v 1.905761 9.651117 -10.146605
v 2.078419 9.651135 -0.693060
v 1.883189 9.651135 -0.702891
v 2.078419 9.651135 -0.693060
v 1.905761 9.651117 -10.146605
v 2.089944 9.664108 -4.502386
v -0.963534 9.635163 3.398988
v -1.103433 8.565244 9.861022
v -0.946518 9.692319 9.859558
v 1.864695 7.084523 7.190862
v 1.396042 6.897326 7.126625
v 1.567377 6.719018 7.126625
v 2.075736 9.651135 0.574411
v 1.883189 9.651135 -0.702891
v 2.078419 9.651135 -0.693060
v 2.075736 9.651135 0.574411
v 2.078419 9.651135 -0.693060
v 1.865336 10.089056 0.473033
v 2.097237 9.612464 6.384125
v 1.866610 9.612110 -10.128624
v 1.867981 9.612464 6.384125
v 2.078419 9.651135 -0.693060
v 2.031921 10.246175 0.643212
v 1.865336 10.089056 0.473033
v 1.980976 10.018160 0.663600
v 2.075736 9.651135 0.574411
v 1.865336 10.089056 0.473033
v 2.075736 9.651138 6.384125
v 1.883189 9.651135 -0.702891
v 2.075736 9.651135 0.574411
v 1.980976 10.018160 0.663600
v 2.075736 9.651138 6.384125
v 2.075736 9.651135 0.574411
v 1.845138 10.054696 7.189183
v 1.980976 10.018160 0.663600
v 1.865336 10.089056 0.473033
v 2.031921 10.246175 0.643212
v 1.845138 10.054696 7.189183
v 1.865336 10.089056 0.473033
v 2.089944 9.664108 -4.502386
v 2.078024 11.490736 -6.181933
v 2.074542 12.359523 -3.466775
v 2.078024 11.490736 -6.181933
v 1.928853 12.284621 -3.450439
v 2.074542 12.359523 -3.466775
v 2.074542 12.359523 -3.466775
v 2.075736 12.315656 0.417843
v 2.031921 10.246175 0.643212
v 1.219461 14.135902 1.324640
v 1.955154 12.724468 -1.955990
v 1.095232 14.209497 -1.988684
v 1.955154 12.724468 -1.955990
v 1.956251 12.717449 2.944082
v 1.805460 12.774502 1.139812
v 2.075736 12.315656 0.417843
v 2.075736 12.315657 6.384124
v 2.031921 10.246175 0.643212
v 1.565354 12.770995 0.417843
v 2.075736 12.315657 6.384124
v 2.075736 12.315656 0.417843
v 1.805460 12.774502 1.139812
v 1.956251 12.717449 2.944082
v 1.788304 12.774423 2.932068
v 2.075736 12.315656 0.417843
v 1.182367 13.727890 0.417843
v 1.565354 12.770995 0.417843
v 1.955154 12.724468 -1.955990
v 1.219461 14.135902 1.324640
v 1.886196 12.857866 2.944082
v 1.095232 14.209497 -1.988684
v 0.947763 14.192019 1.317062
v 1.219461 14.135902 1.324640
v 1.955154 12.724468 -1.955990
v 1.886196 12.857866 2.944082
v 1.956251 12.717449 2.944082
v 1.886196 12.857866 2.944082
v 1.788304 12.774423 2.932068
v 1.956251 12.717449 2.944082
v -1.563303 6.713944 6.895998
v 1.567377 6.719018 7.126625
v 1.396042 6.897326 7.126625
v 2.075736 10.434480 6.384124
v 1.880918 10.442580 7.270289
v 1.884589 10.434479 6.398572
v 1.880918 10.442580 7.270289
v 1.842638 10.310743 5.907308
v 1.884589 10.434479 6.398572
v 1.990115 10.017298 6.373248
v 1.845138 10.054696 7.189183
v 2.075736 9.651138 6.384125
v 1.882499 9.644404 7.112095
v 2.075736 9.651138 6.384125
v 1.845138 10.054696 7.189183
v -1.103433 8.565244 9.861022
v -0.963534 9.635163 3.398988
v -1.101099 8.511554 3.400438
v 1.880918 10.442580 7.270289
v 1.882499 9.644404 7.112095
v 1.845138 10.054696 7.189183
v 1.880918 10.442580 7.270289
v 1.845138 10.054696 7.189183
v 1.842638 10.310743 5.907308
v 1.566036 6.717658 -1.672901
v 2.097237 7.256119 6.384125
v 1.567377 6.719018 7.126625
v 1.396042 6.897326 7.126625
v -1.755561 6.796725 7.090805
v -1.563303 6.713944 6.895998
v -1.563303 6.713944 6.895998
v 1.566036 6.717658 -1.672901
v 1.567377 6.719018 7.126625
v 2.075736 10.434480 6.384124
v 2.031921 10.246175 0.643212
v 2.075736 12.315657 6.384124
v 2.075736 12.315657 6.384124
v 1.565354 12.770995 0.417843
v 1.565354 12.770996 6.755373
v 2.075736 12.315657 6.384124
v 1.880918 10.442580 7.270289
v 2.075736 10.434480 6.384124
v 1.884589 12.486189 7.132490
v 1.880918 10.442580 7.270289
v 2.075736 12.315657 6.384124
v 1.565354 12.770996 6.755373
v 1.884589 12.486189 7.132490
v 2.075736 12.315657 6.384124
v 2.093487 7.216497 -1.778812
v 2.097237 9.612464 6.384125
v 2.097237 7.256119 6.384125
v 1.567377 6.719018 7.126625
v 2.097237 7.256119 6.384125
v 1.864695 7.084523 7.190862
v 2.205073 8.180293 7.370802
v 2.036722 8.233894 3.052829
v 2.000789 8.180292 7.371094
v 2.097237 7.256119 6.384125
v 1.869806 9.655931 7.176494
v 1.864695 7.084523 7.190862
v 1.869806 9.655931 7.176494
v 2.097237 7.256119 6.384125
v 2.097237 9.612464 6.384125
v 1.883189 9.651135 -0.702891
v 2.075736 9.651138 6.384125
v 1.881637 9.651138 6.384125
v 1.990115 10.017298 6.373248
v 1.980976 10.018160 0.663600
v 1.845138 10.054696 7.189183
v 2.075736 9.651138 6.384125
v 1.980976 10.018160 0.663600
v 1.990115 10.017298 6.373248
v 2.031921 10.246175 0.643212
v 1.842638 10.310743 5.907308
v 1.845138 10.054696 7.189183
v 2.031921 10.246175 0.643212
v 1.884589 10.434479 6.398572
v 1.842638 10.310743 5.907308
v 1.884589 10.434479 6.398572
v 2.031921 10.246175 0.643212
v 2.075736 10.434480 6.384124
v 1.882499 9.644404 7.112095
v 1.881637 9.651138 6.384125
v 2.075736 9.651138 6.384125
v 1.867981 9.612464 6.384125
v 1.869806 9.655931 7.176494
v 2.097237 9.612464 6.384125
v -2.075736 12.315657 6.384124
v -2.075736 10.434480 6.384124
v -1.884578 10.434391 7.167165
v -2.075736 12.315657 6.384124
v -2.068752 10.314705 0.202530
v -2.075736 10.434480 6.384124
v -1.884589 9.694053 13.186178
v -1.884578 10.434391 7.167165
v -1.863175 10.064127 7.039247
v -1.884589 9.694053 13.186178
v -1.863175 10.064127 7.039247
v -1.889744 9.584996 7.102434
v -1.899525 7.415555 7.126624
v -1.994428 9.639609 7.057539
v -2.330202 8.201224 6.762022
v -1.899525 7.415555 7.126624
v -1.755561 6.796725 7.090805
v -1.691882 7.233670 7.126625
v -2.075736 10.434480 6.384124
v -1.884589 10.434480 6.080358
v -1.884578 10.434391 7.167165
v -1.838907 10.337841 5.891431
v -1.884578 10.434391 7.167165
v -1.884589 10.434480 6.080358
v -1.863175 10.064127 7.039247
v -1.992369 10.015000 6.302547
v -2.075736 9.651138 6.384125
v -1.884578 10.434391 7.167165
v -1.838907 10.337841 5.891431
v -1.863175 10.064127 7.039247
v -1.863175 10.064127 7.039247
v -2.075736 9.651138 6.384125
v -1.889744 9.584996 7.102434
v -1.881637 9.651138 6.384125
v -1.702641 9.572921 7.194786
v -1.889744 9.584996 7.102434
v -1.867981 9.612464 5.757406
v -1.994428 9.639609 7.057539
v -1.691882 9.627969 7.126624
v -2.097237 7.416438 5.757405
v -2.096345 7.247375 -1.777701
v -2.097237 7.256119 5.757405
v -2.097237 7.256119 5.757405
v -1.566036 6.717658 -1.672901
v -1.563303 6.713944 6.895998
v -2.097237 9.612464 5.757406
v -2.096345 7.247375 -1.777701
v -2.097237 7.416438 5.757405
v -1.899525 7.415555 7.126624
v -2.097237 7.416438 5.757405
v -2.097237 7.256119 5.757405
v -1.563303 6.713944 6.895998
v -1.755561 6.796725 7.090805
v -2.097237 7.256119 5.757405
v -1.899525 7.415555 7.126624
v -2.097237 7.256119 5.757405
v -1.755561 6.796725 7.090805
v -2.330202 8.201224 6.762022
v -2.331683 8.169464 5.710817
v -2.097237 7.416438 5.757405
v -2.097237 7.416438 5.757405
v -1.899525 7.415555 7.126624
v -2.330202 8.201224 6.762022
v -1.889744 9.584996 7.102434
v -2.075736 9.651138 6.384125
v -1.881637 9.651138 6.384125
v -1.994428 9.639609 7.057539
v -1.867981 9.612464 5.757406
v -2.097237 9.612464 5.757406
v -1.994428 9.639609 7.057539
v -2.097237 9.612464 5.757406
v -2.305899 9.612464 5.757406
v -2.305899 9.612464 5.757406
v -3.142230 9.612464 6.066304
v -1.994428 9.639609 7.057539
v -1.994428 9.639609 7.057539
v -3.142230 9.612464 6.066304
v -3.060164 8.476686 6.123502
v -3.213947 8.505589 5.840096
v -3.125369 8.491562 5.757405
v -3.060164 8.476686 6.123502
v -2.331683 8.169464 5.710817
v -3.060164 8.476686 6.123502
v -3.125369 8.491562 5.757405
v -3.060164 8.476686 6.123502
v -3.142230 9.612464 6.066304
v -3.213947 8.505589 5.840096
v -3.142230 9.612464 6.066304
v -2.305899 9.612464 5.757406
v -3.187187 9.612464 5.757406
v -2.331683 8.169464 5.710817
v -2.305899 9.612464 5.757406
v -2.097237 9.612464 5.757406
v -3.213947 8.505589 5.840096
v -3.142230 9.612464 6.066304
v -3.187187 9.612464 5.757406
v -2.075736 12.315657 6.384124
v -2.075736 12.315656 0.417843
v -2.068752 10.314705 0.202530
v -2.305899 9.612464 5.757406
v -2.331683 8.169464 5.710817
v -3.125369 8.491562 5.757405
v -2.097237 9.612464 5.757406
v -2.097237 7.416438 5.757405
v -2.331683 8.169464 5.710817
v -3.125369 8.491562 5.757405
v -3.187187 9.612464 5.757406
v -2.305899 9.612464 5.757406
v -3.187187 9.612464 5.757406
v -3.125369 8.491562 5.757405
v -3.213947 8.505589 5.840096
v -2.068752 10.314705 0.202530
v -1.884589 10.434480 6.080358
v -2.075736 10.434480 6.384124
v -1.884589 10.434480 6.080358
v -1.897147 10.423495 0.399746
v -1.838907 10.337841 5.891431
v -1.838907 10.337841 5.891431
v -1.810755 10.155619 0.286745
v -1.863175 10.064127 7.039247
v -1.988642 10.005025 0.648362
v -2.075736 9.651138 6.384125
v -1.992369 10.015000 6.302547
v -1.863175 10.064127 7.039247
v -1.988642 10.005025 0.648362
v -1.992369 10.015000 6.302547
v -1.883189 9.651135 -0.702894
v -1.881637 9.651138 6.384125
v -2.075736 9.651138 6.384125
v -2.330202 8.201224 6.762022
v -1.994428 9.639609 7.057539
v -3.060164 8.476686 6.123502
v -2.075736 12.315656 0.417843
v -2.080060 12.264962 -3.305866
v -2.068752 10.314705 0.202530
v -3.060164 8.476686 6.123502
v -2.331683 8.169464 5.710817
v -2.330202 8.201224 6.762022
v -2.014990 6.743420 -2.046193
v -2.097237 6.945233 -2.844305
v -2.099641 6.727901 -2.698715
v -1.838907 10.337841 5.891431
v -1.897147 10.423495 0.399746
v -1.810755 10.155619 0.286745
v -1.884589 10.434480 6.080358
v -2.068752 10.314705 0.202530
v -1.897147 10.423495 0.399746
v -1.988642 10.005025 0.648362
v -1.863175 10.064127 7.039247
v -1.810755 10.155619 0.286745
v -2.106110 8.503069 -5.881273
v -2.097237 9.611614 -10.142171
v -2.101306 8.484429 -9.385377
v -2.097615 9.610205 -2.751848
v -2.097237 9.612464 5.757406
v -1.867981 9.612464 5.757406
v -2.075736 9.651138 6.384125
v -1.988642 10.005025 0.648362
v -2.075736 9.651135 0.574411
v -2.075736 9.651138 6.384125
v -2.075736 9.651135 0.574411
v -1.883189 9.651135 -0.702894
v -1.897147 10.423495 0.399746
v -2.068752 10.314705 0.202530
v -1.810755 10.155619 0.286745
v -2.075736 9.651135 0.574411
v -1.988642 10.005025 0.648362
v -1.810755 10.155619 0.286745
v -2.068752 10.314705 0.202530
v -2.078419 9.651135 -0.693060
v -1.810755 10.155619 0.286745
v -1.810755 10.155619 0.286745
v -2.078419 9.651135 -0.693060
v -2.075736 9.651135 0.574411
v -2.075736 9.651135 0.574411
v -2.078419 9.651135 -0.693060
v -1.883189 9.651135 -0.702894
v -1.867981 9.612464 5.757406
v -1.871090 9.612231 -10.110613
v -2.097615 9.610205 -2.751848
v -2.097237 9.612464 5.757406
v -2.097615 9.610205 -2.751848
v -2.096345 7.247375 -1.777701
v -1.566036 6.717658 -1.672901
v -2.097237 7.256119 5.757405
v -2.096345 7.247375 -1.777701
v -2.080060 12.264962 -3.305866
v -2.078419 9.651135 -0.693060
v -2.068752 10.314705 0.202530
v -2.096345 7.247375 -1.777701
v -2.097615 9.610205 -2.751848
v -2.097237 6.945233 -2.844305
v -2.096345 7.247375 -1.777701
v -2.014990 6.743420 -2.046193
v -1.566036 6.717658 -1.672901
v -2.096345 7.247375 -1.777701
v -2.097237 6.945233 -2.844305
v -2.014990 6.743420 -2.046193
v -2.097615 9.610205 -2.751848
v -2.106110 8.503069 -5.881273
v -2.097237 6.945233 -2.844305
v -2.106110 8.503069 -5.881273
v -2.099641 6.727901 -2.698715
v -2.097237 6.945233 -2.844305
v -2.097237 9.611614 -10.142171
v -2.106110 8.503069 -5.881273
v -2.097615 9.610205 -2.751848
v -2.099641 6.727901 -2.698715
v -2.106110 8.503069 -5.881273
v -1.987939 7.994248 -5.255180
v -2.097237 9.611614 -10.142171
v -2.097615 9.610205 -2.751848
v -1.871090 9.612231 -10.110613
v 2.094786 6.303713 27.372318
v 2.265196 4.946903 33.792278
v 2.268654 4.748797 24.564846
v 0.811973 3.142963 29.615273
v 1.924657 2.916094 29.802103
v 0.479586 2.861294 29.951382
v 0.487486 2.863273 31.059782
v 0.479586 2.861294 29.951382
v 0.811973 3.142963 30.195007
v 1.939019 2.911445 29.998596
v 0.811973 3.142963 30.195007
v 0.479586 2.861294 29.951382
v 0.487486 2.863273 31.059782
v -0.493914 2.865537 31.052227
v 0.479586 2.861294 29.951382
v 1.960823 3.264924 33.708004
v 2.268654 4.748797 24.564846
v 2.265196 4.946903 33.792278
v 0.487486 2.863273 31.059782
v 0.811973 3.142963 30.195007
v 0.811973 3.142963 30.724915
v 0.811973 3.142963 30.724915
v 1.924658 2.916095 30.911745
v 0.487486 2.863273 31.059782
v 1.938649 2.911451 31.108332
v 0.811973 3.142963 31.304649
v 0.487486 2.863273 31.059782
v 1.924848 2.916116 28.692465
v 0.811973 3.142963 28.505630
v 1.905530 3.188184 28.481556
v 1.924848 2.916116 28.692465
v 1.905530 3.188184 28.481556
v 2.238756 3.154173 28.795010
v 1.939030 2.911445 28.888954
v 0.478119 2.861573 28.840178
v 1.924848 2.916116 28.692465
v 0.811973 3.142963 29.085365
v 1.939030 2.911445 28.888954
v 1.908920 3.188560 29.107956
v 2.238756 3.154173 28.795010
v 1.939030 2.911445 28.888954
v 1.924848 2.916116 28.692465
v 1.939030 2.911445 28.888954
v 2.238756 3.154173 28.795010
v 1.908920 3.188560 29.107956
v 1.939019 2.911445 29.998596
v 0.479586 2.861294 29.951382
v 1.924657 2.916094 29.802103
v 1.924657 2.916094 29.802103
v 0.811973 3.142963 29.615273
v 1.905225 3.187933 29.591114
v 1.762679 3.135353 38.305935
v 1.732183 3.129771 23.587221
v 1.914291 3.185097 32.204704
v 1.924657 2.916094 29.802103
v 1.905225 3.187933 29.591114
v 2.238782 3.154198 29.904627
v 2.238782 3.154198 29.904627
v 1.939019 2.911445 29.998596
v 1.924657 2.916094 29.802103
v 0.811973 3.142963 30.195007
v 1.939019 2.911445 29.998596
v 1.908920 3.188560 30.217598
v 1.939019 2.911445 29.998596
v 2.238782 3.154198 29.904627
v 1.908920 3.188560 30.217598
v 1.938649 2.911451 31.108332
v 0.487486 2.863273 31.059782
v 1.924658 2.916095 30.911745
v 1.924658 2.916095 30.911745
v 0.811973 3.142963 30.724915
v 1.905225 3.187934 30.700756
v 1.924658 2.916095 30.911745
v 1.905225 3.187934 30.700756
v 2.238803 3.154229 31.014297
v 2.388633 4.268824 32.043442
v 2.167927 4.531522 32.422485
v 2.384375 4.259017 32.215546
v 2.173179 4.531551 31.842714
v 2.167927 4.531522 32.422485
v 2.388633 4.268824 32.043442
v 0.479586 2.861294 29.951382
v 0.811973 3.142963 29.085365
v 0.811973 3.142963 29.615273
v 1.908920 3.188558 32.446239
v 2.384375 4.259017 32.215546
v 2.167927 4.531522 32.422485
v 2.384375 4.259017 32.215546
v 1.908920 3.188558 32.446239
v 2.238803 3.154225 32.133263
v 2.384375 4.259017 32.215546
v 2.238803 3.154225 32.133263
v 2.388633 4.268824 32.043442
v 2.388633 4.268824 32.043442
v 1.905022 3.187750 31.819708
v 2.173179 4.531551 31.842714
v 0.811973 3.142963 29.085365
v 0.479586 2.861294 29.951382
v 0.478119 2.861573 28.840178
v 1.939030 2.911445 28.888954
v 0.811973 3.142963 29.085365
v 0.478119 2.861573 28.840178
v 1.905022 3.187750 31.819708
v 2.388633 4.268824 32.043442
v 2.238803 3.154225 32.133263
v 0.811973 3.142963 28.505630
v 1.924848 2.916116 28.692465
v 0.478119 2.861573 28.840178
v 2.094786 6.303713 27.372318
v 1.526966 6.730621 21.098001
v 1.566532 6.705528 38.501743
v 2.388633 4.268824 30.924442
v 2.167927 4.531522 31.303484
v 2.384375 4.259017 31.096546
v 2.173179 4.531551 30.723711
v 2.167927 4.531522 31.303484
v 2.388633 4.268824 30.924442
v 2.388633 4.268824 29.814800
v 2.167927 4.531522 30.193842
v 2.384375 4.259017 29.986904
v 2.173179 4.531551 29.614069
v 2.167927 4.531522 30.193842
v 2.388633 4.268824 29.814800
v 1.908581 3.188277 31.327330
v 2.384375 4.259017 31.096546
v 2.167927 4.531522 31.303484
v 2.384375 4.259017 31.096546
v 2.238803 3.154229 31.014297
v 2.388633 4.268824 30.924442
v 2.388633 4.268824 30.924442
v 1.905225 3.187934 30.700756
v 2.173179 4.531551 30.723711
v 2.384375 4.259017 31.096546
v 1.908581 3.188277 31.327330
v 2.238803 3.154229 31.014297
v 1.905225 3.187934 30.700756
v 2.388633 4.268824 30.924442
v 2.238803 3.154229 31.014297
v 1.908920 3.188560 30.217598
v 2.384375 4.259017 29.986904
v 2.167927 4.531522 30.193842
v 2.384375 4.259017 29.986904
v 2.238782 3.154198 29.904627
v 2.388633 4.268824 29.814800
v 2.388633 4.268824 29.814800
v 1.905225 3.187933 29.591114
v 2.173179 4.531551 29.614069
v 2.384375 4.259017 29.986904
v 1.908920 3.188560 30.217598
v 2.238782 3.154198 29.904627
v 1.905225 3.187933 29.591114
v 2.388633 4.268824 29.814800
v 2.238782 3.154198 29.904627
v 2.094786 6.303713 27.372318
v 1.566532 6.705528 38.501743
v 2.105901 6.281922 38.442337
v 2.388633 4.268824 28.705158
v 2.167927 4.531521 29.084200
v 2.384375 4.259017 28.877262
v 2.173179 4.531551 28.504427
v 2.167927 4.531521 29.084200
v 2.388633 4.268824 28.705158
v 1.908920 3.188560 29.107956
v 2.384375 4.259017 28.877262
v 2.167927 4.531521 29.084200
v 2.384375 4.259017 28.877262
v 2.238756 3.154173 28.795010
v 2.388633 4.268824 28.705158
v 2.384375 4.259017 28.877262
v 1.908920 3.188560 29.107956
v 2.238756 3.154173 28.795010
v 2.388633 4.268824 28.705158
v 1.905530 3.188184 28.481556
v 2.173179 4.531551 28.504427
v 1.905530 3.188184 28.481556
v 2.388633 4.268824 28.705158
v 2.238756 3.154173 28.795010
v 1.938649 2.911451 31.108332
v 2.238803 3.154229 31.014297
v 1.908581 3.188277 31.327330
v 2.238803 3.154229 31.014297
v 1.938649 2.911451 31.108332
v 1.924658 2.916095 30.911745
v 0.811973 3.142963 31.304649
v 1.938649 2.911451 31.108332
v 1.908581 3.188277 31.327330
v -1.261196 7.779150 16.097534
v -1.034000 8.612580 16.078510
v -1.223233 9.065189 16.075422
v -2.589751 9.332039 17.902534
v -1.775615 8.941936 18.225931
v -2.592634 8.497228 18.254515
v -2.591519 9.083130 20.404593
v -2.589751 9.332039 17.902534
v -2.592634 8.497228 18.254515
v -1.261196 7.779150 16.097534
v -1.223233 9.065189 16.075422
v -1.262387 8.026921 15.584804
v -2.591519 9.083130 20.404593
v -2.592684 11.809159 18.365484
v -2.589751 9.332039 17.902534
v -2.593276 11.819327 15.349940
v -2.589751 9.332039 17.902534
v -2.592684 11.809159 18.365484
v -0.485384 9.739766 20.422834
v -0.474288 9.777512 15.377632
v -0.406018 9.557644 15.477626
v -2.589751 9.332039 17.902534
v -2.593276 11.819327 15.349940
v -2.592679 9.713246 16.849491
v -2.589751 9.332039 17.902534
v -2.592679 9.713246 16.849491
v -1.747159 9.758635 16.893379
v -1.064921 9.783234 15.968308
v -0.778687 9.700640 16.036842
v -0.199055 10.193998 16.204161
v -0.778687 9.700640 16.036842
v -1.064921 9.783234 15.968308
v -1.034000 8.612580 16.078510
v -1.168614 9.457021 15.562420
v -0.860663 9.448851 15.452703
v -0.778687 9.700640 16.036842
v -1.889744 9.584996 7.102434
v -1.882461 9.564649 14.241193
v -1.884589 9.694053 13.186178
v -2.592679 9.713246 16.849491
v -1.746030 9.633919 16.016415
v -1.747159 9.758635 16.893379
v -1.168614 9.457021 15.562420
v -1.228314 9.575975 9.853670
v -1.166554 9.459976 10.261031
v -0.897432 9.441449 10.473822
v -1.168614 9.457021 15.562420
v -1.166554 9.459976 10.261031
v -1.228314 9.575975 9.853670
v -1.064921 9.783234 15.968308
v -0.927163 9.646842 9.896016
v -2.592679 9.713246 16.849491
v -2.592684 9.705050 15.290888
v -1.746030 9.633919 16.016415
v -0.927163 9.646842 9.896016
v -0.860663 9.448851 15.452703
v -0.897432 9.441449 10.473822
v -0.778687 9.700640 16.036842
v -0.927163 9.646842 9.896016
v -0.822240 9.744634 10.228106
v -0.822240 9.744634 10.228106
v -0.199055 10.193998 16.204161
v 0.033482 10.221691 10.245866
v -1.884918 9.457429 17.080135
v -1.978193 8.835839 17.830219
v -1.775772 9.062968 17.834461
v -1.747159 9.758635 16.893379
v -1.710309 8.501569 17.134056
v -1.775615 8.941936 18.225931
v -1.775615 8.941936 18.225931
v -2.589751 9.332039 17.902534
v -1.747159 9.758635 16.893379
v -1.884918 9.457429 17.080135
v -1.775772 9.062968 17.834461
v -1.797191 9.443496 17.219387
v -1.775772 9.062968 17.834461
v -1.798444 7.439837 16.836842
v -1.797191 9.443496 17.219387
v -0.682174 9.610958 15.147358
v -0.406018 9.557644 15.477626
v -0.474288 9.777512 15.377632
v -1.746030 9.633919 16.016415
v -1.482187 8.501569 17.134056
v -1.710309 8.501569 17.134056
v -1.034000 8.612580 16.078510
v -1.168614 9.457021 15.562420
v -0.778687 9.700640 16.036842
v -1.223233 9.065189 16.075422
v -1.034000 8.612580 16.078510
v -1.064921 9.783234 15.968308
v -1.223233 9.065189 16.075422
v -1.064921 9.783234 15.968308
v -1.168614 9.457021 15.562420
v -0.913813 8.311100 15.460904
v -1.168614 9.457021 15.562420
v -1.034000 8.612580 16.078510
v -1.882461 9.564649 14.241193
v -1.746030 9.633919 16.016415
v -2.220548 9.634714 14.846974
v -1.746030 9.633919 16.016415
v -2.592684 9.705050 15.290888
v -2.220548 9.634714 14.846974
v -1.223233 9.065189 16.075422
v -1.168614 9.457021 15.562420
v -1.262387 8.026921 15.584804
v -1.710309 8.501569 17.134056
v -1.747159 9.758635 16.893379
v -1.746030 9.633919 16.016415
v -1.482187 8.501569 17.134056
v -1.746030 9.633919 16.016415
v -1.482118 9.553206 16.100258
v -0.199055 10.193998 16.204161
v -0.822240 9.744634 10.228106
v -1.064921 9.783234 15.968308
v -1.884589 9.694053 13.186178
v -1.882461 9.564649 14.241193
v -2.220548 9.634714 14.846974
v -0.927163 9.646842 9.896016
v -1.064921 9.783234 15.968308
v -0.822240 9.744634 10.228106
v -0.778687 9.700640 16.036842
v -0.860663 9.448851 15.452703
v -0.927163 9.646842 9.896016
v -0.897432 9.441449 10.473822
v -0.860663 9.448851 15.452703
v -1.168614 9.457021 15.562420
v -1.228314 9.575975 9.853670
v -1.168614 9.457021 15.562420
v -1.064921 9.783234 15.968308
v -1.563303 6.713944 6.895998
v 1.898053 6.717569 -2.678679
v 1.566036 6.717658 -1.672901
v -1.563303 6.713944 6.895998
v -1.566036 6.717658 -1.672901
v 1.898053 6.717569 -2.678679
v -1.715316 6.606915 0.290222
v 1.701519 5.388488 0.984251
v 1.716860 6.661752 0.286172
v 1.701519 5.388488 0.984251
v -1.715316 6.606915 0.290222
v -1.634948 5.765475 0.742144
v -1.664207 6.726295 -0.624206
v -1.715316 6.606915 0.290222
v 1.716860 6.661752 0.286172
v 1.566036 6.717658 -1.672901
v 1.898053 6.717569 -2.678679
v 2.019405 6.795300 -1.963901
v -1.715316 6.606915 0.290222
v -1.770106 6.463255 -1.081899
v -1.705774 5.583426 -0.210099
v 0.044386 5.547588 -1.034765
v 1.340070 5.060116 -0.321584
v 0.021294 4.489339 -0.502471
v 0.021294 4.489339 -0.502471
v 1.340070 5.060116 -0.321584
v 0.037367 2.893838 -0.543580
v 0.044386 5.547588 -1.034765
v 0.021294 4.489339 -0.502471
v -1.342594 5.048442 -0.319625
v -1.342594 5.048442 -0.319625
v 0.021294 4.489339 -0.502471
v 0.037367 2.893838 -0.543580
v -1.664207 6.726295 -0.624206
v 1.716860 6.661752 0.286172
v 1.585048 6.687886 -0.795240
v 1.771330 6.462317 -1.072707
v 1.716860 6.661752 0.286172
v 1.703337 5.616502 -0.245049
v 1.670842 6.732664 -2.677783
v 1.716860 6.661752 0.286172
v 1.771330 6.462317 -1.072707
v 1.716860 6.661752 0.286172
v 1.670842 6.732664 -2.677783
v 1.585048 6.687886 -0.795240
v 1.571079 6.092150 -1.525096
v 1.744808 6.478194 -2.817734
v 1.771330 6.462317 -1.072707
v 1.585048 6.687886 -0.795240
v 1.670842 6.732664 -2.677783
v -1.664207 6.726295 -0.624206
v 1.703337 5.616502 -0.245049
v 1.571079 6.092150 -1.525096
v 1.771330 6.462317 -1.072707
v 1.571079 6.092150 -1.525096
v 1.703337 5.616502 -0.245049
v 1.340070 5.060116 -0.321584
v 1.752999 6.672085 -2.717855
v 1.771330 6.462317 -1.072707
v 1.744808 6.478194 -2.817734
v 2.019405 6.795300 -1.963901
v 1.898053 6.717569 -2.678679
v 2.032883 6.807693 -2.823464
v 2.097237 6.945233 -2.844305
v 2.019405 6.795300 -1.963901
v 2.032883 6.807693 -2.823464
v 1.670842 6.732664 -2.677783
v 1.771330 6.462317 -1.072707
v 1.752999 6.672085 -2.717855
v -1.721278 6.648895 -2.757165
v 0.029147 6.243957 -2.905941
v -1.506263 6.387867 -2.860325
v -1.987939 7.994248 -5.255180
v -1.870623 6.804810 -3.012373
v -2.099641 6.727901 -2.698715
v 1.752999 6.672085 -2.717855
v 0.029147 6.243957 -2.905941
v -1.721278 6.648895 -2.757165
v 1.843162 6.797611 -2.999882
v -1.987939 7.994248 -5.255180
v 1.984632 7.921550 -5.204357
v 1.843162 6.797611 -2.999882
v -1.870623 6.804810 -3.012373
v -1.987939 7.994248 -5.255180
v 1.843162 6.797611 -2.999882
v -2.099641 6.727901 -2.698715
v -1.870623 6.804810 -3.012373
v 0.029147 6.243957 -2.905941
v 1.752999 6.672085 -2.717855
v 1.744808 6.478194 -2.817734
v -2.099641 6.727901 -2.698715
v 1.843162 6.797611 -2.999882
v 1.898053 6.717569 -2.678679
v 2.108131 8.479229 -5.891061
v 2.032883 6.807693 -2.823464
v 1.984632 7.921550 -5.204357
v 1.843162 6.797611 -2.999882
v 1.984632 7.921550 -5.204357
v 2.032883 6.807693 -2.823464
v 2.032883 6.807693 -2.823464
v 2.108131 8.479229 -5.891061
v 2.097237 6.945233 -2.844305
v 2.108131 8.479229 -5.891061
v 2.103312 9.540236 -4.041953
v 2.097237 6.945233 -2.844305
v 2.097237 6.945233 -2.844305
v 2.093487 7.216497 -1.778812
v 2.019405 6.795300 -1.963901
v 2.093487 7.216497 -1.778812
v 1.566036 6.717658 -1.672901
v 2.019405 6.795300 -1.963901
v 2.097237 6.945233 -2.844305
v 2.103312 9.540236 -4.041953
v 2.093487 7.216497 -1.778812
v -1.567866 6.086546 -1.519922
v -1.721278 6.648895 -2.757165
v -1.506263 6.387867 -2.860325
v 1.866610 9.612110 -10.128624
v 2.103312 9.540236 -4.041953
v 2.097237 9.611614 -10.142171
v -2.099641 6.727901 -2.698715
v 1.898053 6.717569 -2.678679
v -2.014990 6.743420 -2.046193
v -1.721278 6.648895 -2.757165
v -1.770106 6.463255 -1.081899
v -1.709641 6.728197 -2.648888
v -1.705774 5.583426 -0.210099
v -1.567866 6.086546 -1.519922
v -1.342594 5.048442 -0.319625
v -1.567866 6.086546 -1.519922
v -1.705774 5.583426 -0.210099
v -1.770106 6.463255 -1.081899
v -1.721278 6.648895 -2.757165
v -1.567866 6.086546 -1.519922
v -1.770106 6.463255 -1.081899
v -1.770106 6.463255 -1.081899
v -1.715316 6.606915 0.290222
v -1.709641 6.728197 -2.648888
v -1.709641 6.728197 -2.648888
v -1.715316 6.606915 0.290222
v -1.664207 6.726295 -0.624206
v 0.044386 5.547588 -1.034765
v -1.342594 5.048442 -0.319625
v -1.567866 6.086546 -1.519922
v 0.029147 6.243957 -2.905941
v -1.567866 6.086546 -1.519922
v -1.506263 6.387867 -2.860325
v 0.044386 5.547588 -1.034765
v -1.567866 6.086546 -1.519922
v 0.029147 6.243957 -2.905941
v -1.709641 6.728197 -2.648888
v 1.752999 6.672085 -2.717855
v -1.721278 6.648895 -2.757165
v -1.566036 6.717658 -1.672901
v -2.014990 6.743420 -2.046193
v 1.898053 6.717569 -2.678679
v 1.571079 6.092150 -1.525096
v 0.044386 5.547588 -1.034765
v 0.029147 6.243957 -2.905941
v 1.670842 6.732664 -2.677783
v 1.752999 6.672085 -2.717855
v -1.709641 6.728197 -2.648888
v -1.709641 6.728197 -2.648888
v -1.664207 6.726295 -0.624206
v 1.670842 6.732664 -2.677783
v 2.032883 6.807693 -2.823464
v 1.898053 6.717569 -2.678679
v 1.843162 6.797611 -2.999882
v 0.044386 5.547588 -1.034765
v 1.571079 6.092150 -1.525096
v 1.340070 5.060116 -0.321584
v 0.029147 6.243957 -2.905941
v 1.744808 6.478194 -2.817734
v 1.571079 6.092150 -1.525096
v -1.524419 4.364143 2.969658
v 0.950437 3.410900 3.998205
v 1.530785 4.687666 2.719238
v -0.937164 3.399619 4.005304
v 0.933401 3.333772 4.317043
v 0.950437 3.410900 3.998205
v 1.624484 2.991789 3.436455
v 1.771890 3.071093 3.260112
v -1.789521 3.087712 3.263670
v 0.950437 3.410900 3.998205
v -1.524419 4.364143 2.969658
v -0.937164 3.399619 4.005304
v 2.286917 2.690762 1.730870
v 2.032775 3.321201 1.141069
v 1.771890 3.071093 3.260112
v 1.730012 4.074997 0.256785
v 1.870565 3.252457 0.077783
v 1.340070 5.060116 -0.321584
v 1.674056 3.913686 2.386529
v 2.032775 3.321201 1.141069
v 1.730012 4.074997 0.256785
v -1.709825 2.960284 3.449789
v 1.624484 2.991789 3.436455
v -1.789521 3.087712 3.263670
v -1.524419 4.364143 2.969658
v -1.542174 3.213738 4.184938
v -0.937164 3.399619 4.005304
v 1.870565 3.252457 0.077783
v 1.730012 4.074997 0.256785
v 2.032775 3.321201 1.141069
v 2.286917 2.690762 1.730870
v 1.870565 3.252457 0.077783
v 2.032775 3.321201 1.141069
v 1.539599 5.943624 2.712303
v 1.527520 6.710162 -0.338569
v 1.545641 6.144107 2.900937
v 1.870565 3.252457 0.077783
v 2.286917 2.690762 1.730870
v 1.946020 2.340273 0.383721
v 1.622647 2.779517 -0.161141
v 1.870565 3.252457 0.077783
v 1.946020 2.340273 0.383721
v 1.340070 5.060116 -0.321584
v 1.870565 3.252457 0.077783
v 1.622647 2.779517 -0.161141
v 1.622647 2.779517 -0.161141
v 0.037367 2.893838 -0.543580
v 1.340070 5.060116 -0.321584
v 1.530785 4.687666 2.719238
v 1.527520 6.710162 -0.338569
v 1.539599 5.943624 2.712303
v -1.589354 6.209082 2.897746
v 1.539599 5.943624 2.712303
v 1.545641 6.144107 2.900937
v 1.527520 6.710162 -0.338569
v 1.530785 4.687666 2.719238
v 1.538096 3.192341 1.554922
v 1.728495 5.035143 1.221092
v 1.703337 5.616502 -0.245049
v 1.716860 6.661752 0.286172
v 1.716860 6.661752 0.286172
v 1.701519 5.388488 0.984251
v 1.728495 5.035143 1.221092
v -1.525939 5.903340 2.715032
v 1.530785 4.687666 2.719238
v 1.539599 5.943624 2.712303
v 1.660493 4.955264 2.090043
v 1.629051 4.296916 2.402581
v 1.674056 3.913686 2.386529
v 1.674056 3.913686 2.386529
v 1.728495 5.035143 1.221092
v 1.660493 4.955264 2.090043
v 1.660493 4.955264 2.090043
v 1.728495 5.035143 1.221092
v 1.628401 4.954218 1.637557
v 1.530785 4.687666 2.719238
v 1.537869 3.216534 4.165609
v 1.538096 3.192341 1.554922
v 1.771890 3.071093 3.260112
v 1.674056 3.913686 2.386529
v 1.629051 4.296916 2.402581
v -1.692620 5.051925 1.113925
v -1.705774 5.583426 -0.210099
v -1.732270 3.998768 0.284740
v -2.039808 3.324378 1.139103
v -1.675465 3.833121 2.449307
v -1.732270 3.998768 0.284740
v -1.675465 3.833121 2.449307
v -2.039808 3.324378 1.139103
v -1.789521 3.087712 3.263670
v 1.730012 4.074997 0.256785
v 1.340070 5.060116 -0.321584
v 1.703337 5.616502 -0.245049
v -1.539503 3.181968 1.560127
v -1.542174 3.213738 4.184938
v -1.524419 4.364143 2.969658
v 1.539599 5.943624 2.712303
v -1.589354 6.209082 2.897746
v -1.525939 5.903340 2.715032
v -1.675465 3.833121 2.449307
v -1.789521 3.087712 3.263670
v -1.560921 4.262770 2.378715
v -1.718940 4.906745 1.467499
v -1.732270 3.998768 0.284740
v -1.675465 3.833121 2.449307
v 1.538096 3.192341 1.554922
v 1.581994 3.173870 7.326856
v 1.212221 2.471441 1.947664
v -1.732270 3.998768 0.284740
v -1.718940 4.906745 1.467499
v -1.692620 5.051925 1.113925
v -1.718940 4.906745 1.467499
v -1.675465 3.833121 2.449307
v -1.651044 4.946954 1.993633
v -1.560921 4.262770 2.378715
v -1.651044 4.946954 1.993633
v -1.675465 3.833121 2.449307
v 1.530785 4.687666 2.719238
v -1.525939 5.903340 2.715032
v -1.524419 4.364143 2.969658
v 1.629051 4.296916 2.402581
v -1.560921 4.262770 2.378715
v -1.789521 3.087712 3.263670
v 1.771890 3.071093 3.260112
v 1.629051 4.296916 2.402581
v -1.789521 3.087712 3.263670
v 1.660493 4.955264 2.090043
v -1.651044 4.946954 1.993633
v -1.560921 4.262770 2.378715
v 1.660493 4.955264 2.090043
v -1.560921 4.262770 2.378715
v 1.629051 4.296916 2.402581
v 1.730012 4.074997 0.256785
v 1.728495 5.035143 1.221092
v 1.674056 3.913686 2.386529
v 1.530785 4.687666 2.719238
v 0.950437 3.410900 3.998205
v 1.537869 3.216534 4.165609
v 0.933401 3.333772 4.317043
v 1.537869 3.216534 4.165609
v 0.950437 3.410900 3.998205
v 1.537869 3.216534 4.165609
v 1.581994 3.173870 7.326856
v 1.538096 3.192341 1.554922
v 0.933401 3.333772 4.317043
v 0.792773 3.212789 7.333829
v 1.537869 3.216534 4.165609
v 1.628401 4.954218 1.637557
v -1.651044 4.946954 1.993633
v 1.660493 4.955264 2.090043
v 1.537869 3.216534 4.165609
v 0.792773 3.212789 7.333829
v 1.581994 3.173870 7.326856
v -1.705774 5.583426 -0.210099
v -1.692620 5.051925 1.113925
v -1.715316 6.606915 0.290222
v -1.715316 6.606915 0.290222
v -1.692620 5.051925 1.113925
v -1.634948 5.765475 0.742144
v 1.701519 5.388488 0.984251
v -1.634948 5.765475 0.742144
v -1.692620 5.051925 1.113925
v -1.692620 5.051925 1.113925
v 1.728495 5.035143 1.221092
v 1.701519 5.388488 0.984251
v -1.524419 4.364143 2.969658
v -1.527854 6.710016 -0.338561
v -1.539503 3.181968 1.560127
v 1.703337 5.616502 -0.245049
v 1.728495 5.035143 1.221092
v 1.730012 4.074997 0.256785
v 2.032775 3.321201 1.141069
v 1.674056 3.913686 2.386529
v 1.771890 3.071093 3.260112
v -1.527854 6.710016 -0.338561
v -1.524419 4.364143 2.969658
v -1.525939 5.903340 2.715032
v -1.527854 6.710016 -0.338561
v -1.525939 5.903340 2.715032
v -1.589354 6.209082 2.897746
v 1.728495 5.035143 1.221092
v -1.692620 5.051925 1.113925
v -1.718940 4.906745 1.467499
v -1.718940 4.906745 1.467499
v 1.628401 4.954218 1.637557
v 1.728495 5.035143 1.221092
v 1.628401 4.954218 1.637557
v -1.718940 4.906745 1.467499
v -1.651044 4.946954 1.993633
v -1.801872 5.859274 -26.152416
v -0.594949 6.744511 -26.025175
v -0.556695 6.173872 -26.237682
v -0.602159 6.119996 -25.964766
v -1.693011 5.357667 -26.115116
v -0.556695 6.173872 -26.237682
v -0.594949 6.744511 -26.025175
v -1.801872 5.859274 -26.152416
v -1.806894 6.092062 -25.906780
v -1.693011 5.357667 -26.115116
v -0.602159 6.119996 -25.964766
v -0.520840 5.983030 -25.841389
v -1.806894 6.092062 -25.906780
v -1.837287 6.885980 -25.943438
v -1.679973 6.406102 -26.088314
v -0.520840 5.983030 -25.841389
v -1.764704 5.056204 -25.905260
v -1.693011 5.357667 -26.115116
v -1.764704 5.056204 -25.905260
v -1.806894 6.092062 -25.906780
v -1.801872 5.859274 -26.152416
v -0.704317 6.882303 -25.744694
v -1.806894 6.092062 -25.906780
v -1.679973 6.406102 -26.088314
v -1.764704 5.056204 -25.905260
v -1.801872 5.859274 -26.152416
v -1.693011 5.357667 -26.115116
v -1.806894 6.092062 -25.906780
v -0.704317 6.882303 -25.744694
v -0.594949 6.744511 -26.025175
v -0.556695 6.173872 -26.237682
v -1.693011 5.357667 -26.115116
v -1.801872 5.859274 -26.152416
v 1.885387 1.540237 -25.093166
v 1.787400 6.088631 -25.909119
v 1.933609 6.806993 -25.969423
v 1.678947 5.341692 -26.112701
v 0.549514 6.184941 -26.228420
v 1.799164 5.860084 -26.146051
v 1.787400 6.088631 -25.909119
v 1.885387 1.540237 -25.093166
v 1.822128 5.015156 -25.949768
v 0.593411 6.126138 -25.964676
v 1.678947 5.341692 -26.112701
v 0.561341 5.942740 -25.782618
v 1.822128 5.015156 -25.949768
v 0.561341 5.942740 -25.782618
v 1.678947 5.341692 -26.112701
v -0.556695 6.173872 -26.237682
v 0.593411 6.126138 -25.964676
v -0.602159 6.119996 -25.964766
v 0.593411 6.126138 -25.964676
v -0.556695 6.173872 -26.237682
v 0.549514 6.184941 -26.228420
v -0.594949 6.744511 -26.025175
v 0.549514 6.184941 -26.228420
v -0.556695 6.173872 -26.237682
v -0.594949 6.744511 -26.025175
v 0.554836 6.736534 -25.997608
v 0.549514 6.184941 -26.228420
v 1.678947 5.341692 -26.112701
v 0.593411 6.126138 -25.964676
v 0.549514 6.184941 -26.228420
v 0.554836 6.736534 -25.997608
v 1.799164 5.860084 -26.146051
v 0.549514 6.184941 -26.228420
v -0.602159 6.119996 -25.964766
v 0.593411 6.126138 -25.964676
v -0.520840 5.983030 -25.841389
v 0.561341 5.942740 -25.782618
v -0.520840 5.983030 -25.841389
v 0.593411 6.126138 -25.964676
v -0.704317 6.882303 -25.744694
v 0.554836 6.736534 -25.997608
v -0.594949 6.744511 -26.025175
v 0.529236 7.026878 -25.760622
v 1.787400 6.088631 -25.909119
v 0.554836 6.736534 -25.997608
v 1.787400 6.088631 -25.909119
v 0.529236 7.026878 -25.760622
v 1.684551 6.402988 -26.082970
v -0.554320 7.241733 -26.214680
v -1.679973 6.406102 -26.088314
v -1.837287 6.885980 -25.943438
v 0.048420 7.402412 -25.894972
v -1.679973 6.406102 -26.088314
v -0.554320 7.241733 -26.214680
v -1.837287 6.885980 -25.943438
v -0.536715 7.827515 -26.068848
v -0.554320 7.241733 -26.214680
v -1.764704 5.056204 -25.905260
v -1.880178 11.097501 -25.093763
v -1.806894 6.092062 -25.906780
v -1.884683 7.234713 -25.818018
v -1.803257 7.940748 -26.002937
v -1.707073 7.453477 -26.089130
v -1.884683 7.234713 -25.818018
v -0.647973 7.919081 -25.796286
v -1.837287 6.885980 -25.943438
v 1.805918 7.951287 -26.000572
v 0.551903 8.873380 -26.151859
v 0.533788 9.136448 -25.950092
v -1.707073 7.453477 -26.089130
v -0.647973 7.919081 -25.796286
v -1.884683 7.234713 -25.818018
v -0.660823 9.038318 -25.916847
v 0.533788 9.136448 -25.950092
v 0.551903 8.873380 -26.151859
v -1.679973 6.406102 -26.088314
v 0.048420 7.402412 -25.894972
v -0.704317 6.882303 -25.744694
v -1.837287 6.885980 -25.943438
v -0.647973 7.919081 -25.796286
v -0.536715 7.827515 -26.068848
v -0.568411 8.290077 -26.311441
v -1.707073 7.453477 -26.089130
v -1.803257 7.940748 -26.002937
v 0.012011 8.469754 -26.027277
v -1.707073 7.453477 -26.089130
v -0.568411 8.290077 -26.311441
v -1.803257 7.940748 -26.002937
v -0.550401 8.898701 -26.197971
v -0.568411 8.290077 -26.311441
v -1.880178 11.097501 -25.093763
v -1.837287 6.885980 -25.943438
v -1.806894 6.092062 -25.906780
v -0.550401 8.898701 -26.197971
v 0.551903 8.873380 -26.151859
v 0.560415 8.301991 -26.306982
v -0.660823 9.038318 -25.916847
v 0.551903 8.873380 -26.151859
v -0.550401 8.898701 -26.197971
v -0.660823 9.038318 -25.916847
v -1.803257 7.940748 -26.002937
v -1.884683 8.299261 -25.926861
v -1.880178 11.097501 -25.093763
v -1.884683 7.234713 -25.818018
v -1.837287 6.885980 -25.943438
v -0.647973 7.919081 -25.796286
v -1.707073 7.453477 -26.089130
v 0.012011 8.469754 -26.027277
v -0.550401 8.898701 -26.197971
v -1.803257 7.940748 -26.002937
v -0.660823 9.038318 -25.916847
v 0.048420 7.402412 -25.894972
v -0.554320 7.241733 -26.214680
v 0.546471 7.254451 -26.206276
v -0.536715 7.827515 -26.068848
v 0.546471 7.254451 -26.206276
v -0.554320 7.241733 -26.214680
v -0.536715 7.827515 -26.068848
v 0.556829 7.803473 -26.032019
v 0.546471 7.254451 -26.206276
v 1.684551 6.402988 -26.082970
v 0.048420 7.402412 -25.894972
v 0.546471 7.254451 -26.206276
v 1.684551 6.402988 -26.082970
v 0.546471 7.254451 -26.206276
v 1.933609 6.806993 -25.969423
v 0.556829 7.803473 -26.032019
v 1.933609 6.806993 -25.969423
v 0.546471 7.254451 -26.206276
v -1.880178 11.097501 -25.093763
v -1.884683 8.299261 -25.926861
v -1.803257 7.940748 -26.002937
v 0.048420 7.402412 -25.894972
v 0.529236 7.026878 -25.760622
v -0.704317 6.882303 -25.744694
v -1.884683 7.234713 -25.818018
v -1.880178 11.097501 -25.093763
v -1.803257 7.940748 -26.002937
v -0.704317 6.882303 -25.744694
v 0.529236 7.026878 -25.760622
v 0.554836 6.736534 -25.997608
v 0.048420 7.402412 -25.894972
v 1.684551 6.402988 -26.082970
v 0.529236 7.026878 -25.760622
v 0.533019 8.077352 -25.834124
v 1.884683 7.234713 -25.818018
v 1.933609 6.806993 -25.969423
v 0.533019 8.077352 -25.834124
v 1.933609 6.806993 -25.969423
v 0.556829 7.803473 -26.032019
v 0.533019 8.077352 -25.834124
v 1.709344 7.452839 -26.083664
v 1.884683 7.234713 -25.818018
v -0.550401 8.898701 -26.197971
v 0.560415 8.301991 -26.306982
v -0.568411 8.290077 -26.311441
v 0.012011 8.469754 -26.027277
v -0.568411 8.290077 -26.311441
v 0.560415 8.301991 -26.306982
v 1.709344 7.452839 -26.083664
v 0.012011 8.469754 -26.027277
v 0.560415 8.301991 -26.306982
v 1.709344 7.452839 -26.083664
v 0.560415 8.301991 -26.306982
v 1.805918 7.951287 -26.000572
v 0.551903 8.873380 -26.151859
v 1.805918 7.951287 -26.000572
v 0.560415 8.301991 -26.306982
v -0.647973 7.919081 -25.796286
v 0.556829 7.803473 -26.032019
v -0.536715 7.827515 -26.068848
v 0.012011 8.469754 -26.027277
v 0.533019 8.077352 -25.834124
v -0.647973 7.919081 -25.796286
v -0.647973 7.919081 -25.796286
v 0.533019 8.077352 -25.834124
v 0.556829 7.803473 -26.032019
v 1.709344 7.452839 -26.083664
v 0.533019 8.077352 -25.834124
v 0.012011 8.469754 -26.027277
v 1.799164 5.860084 -26.146051
v 1.822128 5.015156 -25.949768
v 1.678947 5.341692 -26.112701
v 1.885387 1.540237 -25.093166
v 1.933609 6.806993 -25.969423
v 1.884683 7.234713 -25.818018
v 1.787400 6.088631 -25.909119
v 1.822128 5.015156 -25.949768
v 1.799164 5.860084 -26.146051
v 1.799164 5.860084 -26.146051
v 0.554836 6.736534 -25.997608
v 1.787400 6.088631 -25.909119
v 1.933609 6.806993 -25.969423
v 1.787400 6.088631 -25.909119
v 1.684551 6.402988 -26.082970
v 1.883078 11.046494 -25.150372
v 1.885387 1.540237 -25.093166
v 1.884683 7.234713 -25.818018
v 1.805918 7.951287 -26.000572
v 1.884683 7.234713 -25.818018
v 1.709344 7.452839 -26.083664
v 1.805918 7.951287 -26.000572
v 1.883078 11.046494 -25.150372
v 1.884683 7.234713 -25.818018
v -1.492468 2.681090 5.146792
v 1.316968 2.078654 5.078388
v 1.473277 2.632327 5.073596
v 1.316968 2.078654 5.078388
v -1.492468 2.681090 5.146792
v 1.276757 1.985890 5.096066
v 1.603184 2.968495 4.418089
v 1.466130 2.903148 5.072261
v 1.473277 2.632327 5.073596
v 1.473277 2.632327 5.073596
v 1.398908 2.065195 4.164357
v 1.603184 2.968495 4.418089
v 1.398908 2.065195 4.164357
v 1.473277 2.632327 5.073596
v 1.316968 2.078654 5.078388
v 1.398908 2.065195 4.164357
v 1.316968 2.078654 5.078388
v 1.276757 1.985890 5.096066
v 1.398908 2.065195 4.164357
v 1.276757 1.985890 5.096066
v 1.237953 1.912944 4.240197
v -1.393775 2.064120 3.920119
v -1.238461 1.496766 3.246413
v -1.243975 1.913424 4.141141
v -1.393775 2.064120 3.920119
v -1.709825 2.960284 3.449789
v -1.870629 2.428449 2.704034
v -1.243975 1.913424 4.141141
v -1.254851 1.988030 5.130655
v -1.393775 2.064120 3.920119
v 1.238363 1.575502 3.283051
v 1.398908 2.065195 4.164357
v 1.237953 1.912944 4.240197
v 1.398908 2.065195 4.164357
v 1.238363 1.575502 3.283051
v 1.479337 0.618668 2.239810
v -1.316968 2.078654 5.078388
v -1.393775 2.064120 3.920119
v -1.254851 1.988030 5.130655
v -1.492468 2.681090 5.146792
v -1.393775 2.064120 3.920119
v -1.316968 2.078654 5.078388
v -1.393775 2.064120 3.920119
v -1.492468 2.681090 5.146792
v -1.709825 2.960284 3.449789
v 1.473277 2.632327 5.073596
v 1.466130 2.903148 5.072261
v -1.492468 2.681090 5.146792
v -1.709825 2.960284 3.449789
v -1.492468 2.681090 5.146792
v -1.499028 2.885452 5.050915
v -1.492468 2.681090 5.146792
v -1.254851 1.988030 5.130655
v 1.276757 1.985890 5.096066
v -1.492468 2.681090 5.146792
v 1.466130 2.903148 5.072261
v -1.499028 2.885452 5.050915
v 1.238363 1.575502 3.283051
v -1.243975 1.913424 4.141141
v -1.238461 1.496766 3.246413
v -1.492468 2.681090 5.146792
v -1.316968 2.078654 5.078388
v -1.254851 1.988030 5.130655
v 1.237953 1.912944 4.240197
v -1.243975 1.913424 4.141141
v 1.238363 1.575502 3.283051
v -1.924830 -0.977595 0.711974
v -1.726565 -0.280518 1.246209
v -2.023991 -0.381089 1.109684
v -1.726565 -0.280518 1.246209
v -1.924830 -0.977595 0.711974
v -1.520741 -0.646064 1.791053
v -1.520741 -0.646064 1.791053
v -1.411334 0.065258 2.096622
v -1.726565 -0.280518 1.246209
v -1.011117 -0.706544 2.806957
v -1.411334 0.065258 2.096622
v -1.520741 -0.646064 1.791053
v -1.411334 0.065258 2.096622
v -1.870629 2.428449 2.704034
v -1.726565 -0.280518 1.246209
v -2.023991 -0.381089 1.109684
v -1.726565 -0.280518 1.246209
v 1.760613 -0.447013 1.236214
v -2.023991 -0.381089 1.109684
v 1.760613 -0.447013 1.236214
v 1.879372 -0.359893 1.074286
v 1.863037 2.361619 2.664683
v 1.746219 0.280185 1.480602
v 1.845445 1.612640 2.047486
v -0.746902 -0.897996 2.030166
v -1.011117 -0.706544 2.806957
v -1.520741 -0.646064 1.791053
v -1.011117 -0.706544 2.806957
v -0.746902 -0.897996 2.030166
v -0.020444 -0.933586 3.050022
v -0.734030 -0.488221 2.814477
v -1.011117 -0.706544 2.806957
v -0.832614 -0.770006 3.032377
v -0.020444 -0.933586 3.050022
v -0.832614 -0.770006 3.032377
v -1.011117 -0.706544 2.806957
v -0.734030 -0.488221 2.814477
v -1.411334 0.065258 2.096622
v -1.011117 -0.706544 2.806957
v -0.734030 -0.488221 2.814477
v -0.502381 0.180617 2.479814
v -1.411334 0.065258 2.096622
v 0.541680 -0.912657 2.049072
v -0.020444 -0.933586 3.050022
v -0.746902 -0.897996 2.030166
v 0.541680 -0.912657 2.049072
v 0.984113 -0.720627 2.839830
v -0.020444 -0.933586 3.050022
v 0.753559 -0.796262 3.116043
v -0.832614 -0.770006 3.032377
v -0.020444 -0.933586 3.050022
v -0.734030 -0.488221 2.814477
v -0.832614 -0.770006 3.032377
v 0.753559 -0.796262 3.116043
v 1.238363 1.575502 3.283051
v 1.312688 0.066880 2.238301
v 1.479337 0.618668 2.239810
v 1.863037 2.361619 2.664683
v 1.479337 0.618668 2.239810
v 1.746219 0.280185 1.480602
v 1.312688 0.066880 2.238301
v 1.746219 0.280185 1.480602
v 1.479337 0.618668 2.239810
v 1.746219 0.280185 1.480602
v 1.312688 0.066880 2.238301
v 1.467512 -0.201687 2.125900
v 0.725807 -0.492651 2.819829
v 1.467512 -0.201687 2.125900
v 1.312688 0.066880 2.238301
v -0.502381 0.180617 2.479814
v 0.725807 -0.492651 2.819829
v 1.312688 0.066880 2.238301
v 1.467512 -0.201687 2.125900
v 0.725807 -0.492651 2.819829
v 0.984113 -0.720627 2.839830
v 0.984113 -0.720627 2.839830
v 0.725807 -0.492651 2.819829
v 0.753559 -0.796262 3.116043
v 1.467512 -0.201687 2.125900
v 0.984113 -0.720627 2.839830
v 1.439094 -0.660558 1.835304
v 0.984113 -0.720627 2.839830
v 0.541680 -0.912657 2.049072
v 1.439094 -0.660558 1.835304
v 1.760613 -0.447013 1.236214
v 1.746219 0.280185 1.480602
v 1.467512 -0.201687 2.125900
v 1.760613 -0.447013 1.236214
v 1.467512 -0.201687 2.125900
v 1.439094 -0.660558 1.835304
v 0.753559 -0.796262 3.116043
v -0.020444 -0.933586 3.050022
v 0.984113 -0.720627 2.839830
v 1.760613 -0.447013 1.236214
v 2.125342 -0.235821 -0.359443
v 1.879372 -0.359893 1.074286
v 0.725807 -0.492651 2.819829
v -0.734030 -0.488221 2.814477
v 0.753559 -0.796262 3.116043
v -0.502381 0.180617 2.479814
v -0.734030 -0.488221 2.814477
v 0.725807 -0.492651 2.819829
v -1.726565 -0.280518 1.246209
v 1.746219 0.280185 1.480602
v 1.760613 -0.447013 1.236214
v 1.845445 1.612640 2.047486
v 1.746219 0.280185 1.480602
v -1.726565 -0.280518 1.246209
v 1.845445 1.612640 2.047486
v -1.726565 -0.280518 1.246209
v -1.897283 1.735584 2.097260
v -1.789521 3.087712 3.263670
v -1.870629 2.428449 2.704034
v -1.709825 2.960284 3.449789
v -1.870629 2.428449 2.704034
v -1.789521 3.087712 3.263670
v -2.253141 2.338946 1.962010
v -1.411334 0.065258 2.096622
v -0.502381 0.180617 2.479814
v -1.238461 1.496766 3.246413
v 1.312688 0.066880 2.238301
v 1.238363 1.575502 3.283051
v -0.502381 0.180617 2.479814
v -0.502381 0.180617 2.479814
v 1.238363 1.575502 3.283051
v -1.238461 1.496766 3.246413
v 1.466130 2.903148 5.072261
v 1.603184 2.968495 4.418089
v -1.499028 2.885452 5.050915
v 1.237953 1.912944 4.240197
v -1.254851 1.988030 5.130655
v -1.243975 1.913424 4.141141
v -1.393775 2.064120 3.920119
v -1.411334 0.065258 2.096622
v -1.238461 1.496766 3.246413
v -1.411334 0.065258 2.096622
v -1.393775 2.064120 3.920119
v -1.870629 2.428449 2.704034
v 1.276757 1.985890 5.096066
v -1.254851 1.988030 5.130655
v 1.237953 1.912944 4.240197
v 1.624484 2.991789 3.436455
v -1.709825 2.960284 3.449789
v 1.603184 2.968495 4.418089
v -1.726565 -0.280518 1.246209
v -1.870629 2.428449 2.704034
v -1.897283 1.735584 2.097260
v 1.603184 2.968495 4.418089
v -1.709825 2.960284 3.449789
v -1.499028 2.885452 5.050915
v -0.509558 2.167372 7.333821
v -0.552680 2.184660 2.077564
v 0.510590 2.159502 2.092083
v -2.401311 3.250343 8.827831
v -2.401311 3.267799 7.333838
v -1.850914 2.283446 8.586021
v -1.850914 2.283446 8.586021
v -1.757951 3.832458 8.966726
v -2.401311 3.250343 8.827831
v -1.222511 2.449034 7.332365
v -1.215054 2.475092 1.946814
v -0.552680 2.184660 2.077564
v 2.685073 3.250343 8.874197
v 1.746738 1.404208 14.861616
v 1.746352 1.403450 8.433682
v 0.976458 2.291216 7.333831
v 0.716142 4.896429 7.333830
v 1.863299 2.445683 7.333831
v 1.995097 2.455371 7.333831
v 1.863299 2.445683 7.333831
v 1.915197 5.270951 7.334893
v 1.995097 2.455371 7.333831
v 1.915197 5.270951 7.334893
v 2.401311 3.267799 7.333838
v 1.842471 2.266832 8.580839
v 2.401311 3.267799 7.333838
v 2.401311 3.250343 8.827831
v 2.685073 3.250343 8.874197
v 1.714231 2.558033 8.711164
v 2.214906 3.621665 8.889122
v 1.757951 3.832458 8.966726
v 1.842471 2.266832 8.580839
v 2.401311 3.250343 8.827831
v 2.401311 3.250343 8.827831
v 2.401311 3.267799 7.333838
v 2.401311 3.832458 8.966726
v 2.401311 3.832458 8.966726
v 1.757951 3.832458 8.966726
v 2.401311 3.250343 8.827831
v 1.863299 2.445683 7.333831
v 0.716142 4.896429 7.333830
v 1.915197 5.270951 7.334893
v 2.395748 5.768364 7.290648
v 2.401311 3.832458 8.966726
v 2.401311 3.267799 7.333838
v 2.395748 5.768364 7.290648
v 2.401311 3.267799 7.333838
v 1.915197 5.270951 7.334893
v 2.403378 5.765785 9.256017
v 2.401311 3.832458 8.966726
v 2.395748 5.768364 7.290648
v 2.401311 3.970885 9.191916
v 1.757951 3.832458 8.966726
v 2.401311 3.832458 8.966726
v 2.401311 3.970885 9.191916
v 1.757951 3.970885 9.191916
v 1.757951 3.832458 8.966726
v 2.214906 3.621665 8.889122
v 2.103575 3.941861 9.222968
v 2.690436 3.939977 9.223554
v 2.401311 3.832458 8.966726
v 2.403378 5.765785 9.256017
v 2.401311 3.970885 9.191916
v 2.401311 3.970885 12.630428
v 1.757951 3.970885 9.191916
v 2.401311 3.970885 9.191916
v 2.103575 3.941861 9.222968
v 2.690436 3.939978 14.075244
v 2.690436 3.939977 9.223554
v 1.746352 1.403450 8.433682
v 1.714231 2.558033 8.711164
v 2.685073 3.250343 8.874197
v 1.842471 2.266832 8.580839
v 1.400086 1.415289 8.401483
v 1.863299 2.445683 7.333831
v 2.401311 3.267799 7.333838
v 1.842471 2.266832 8.580839
v 1.995097 2.455371 7.333831
v 1.995097 2.455371 7.333831
v 1.842471 2.266832 8.580839
v 1.863299 2.445683 7.333831
v 1.863299 2.445683 7.333831
v 1.380352 1.403449 7.333831
v 0.976458 2.291216 7.333831
v 0.843478 1.964401 6.597384
v 0.976458 2.291216 7.333831
v 0.843477 1.964401 7.333831
v 1.863299 2.445683 7.333831
v 1.400086 1.415289 8.401483
v 1.380352 1.403449 7.333831
v 0.976458 2.291216 7.333831
v 1.380352 1.403449 7.333831
v 0.843477 1.964401 7.333831
v 0.843477 1.964401 7.333831
v 0.843478 1.403448 7.333831
v 0.843478 1.964401 6.597384
v 0.843478 1.403448 7.333831
v 0.843477 1.964401 7.333831
v 1.380352 1.403449 7.333831
v 1.400086 1.415289 8.401483
v 0.843478 1.403448 7.333831
v 1.380352 1.403449 7.333831
v 1.746738 1.404208 14.861616
v -1.746351 1.403450 8.433682
v 1.746352 1.403450 8.433682
v -1.746738 1.404208 14.861616
v -2.685073 3.250343 8.874197
v -1.746351 1.403450 8.433682
v 1.714231 2.558033 8.711164
v -1.746351 1.403450 8.433682
v -1.714231 2.558033 8.711164
v -0.843477 1.964401 7.333831
v -0.976458 2.291216 7.333831
v -0.843478 1.964401 6.597384
v -1.746351 1.403450 8.433682
v 1.714231 2.558033 8.711164
v 1.746352 1.403450 8.433682
v 1.400086 1.415289 8.401483
v -1.389508 1.409232 8.402356
v 0.843478 1.403448 7.333831
v -0.843478 1.403448 7.333831
v 0.843478 1.964401 6.597384
v 0.843478 1.403448 7.333831
v -1.380352 1.403449 7.333831
v -0.976458 2.291216 7.333831
v -0.843477 1.964401 7.333831
v -0.843477 1.964401 7.333831
v -0.843478 1.964401 6.597384
v -0.843478 1.403448 7.333831
v -0.843478 1.403448 7.333831
v -1.380352 1.403449 7.333831
v -0.843477 1.964401 7.333831
v 0.843478 1.403448 7.333831
v -1.389508 1.409232 8.402356
v -0.843478 1.403448 7.333831
v -1.389508 1.409232 8.402356
v -1.380352 1.403449 7.333831
v -0.843478 1.403448 7.333831
v -1.746351 1.403450 8.433682
v -2.685073 3.250343 8.874197
v -1.714231 2.558033 8.711164
v -1.863299 2.445683 7.333831
v -1.389508 1.409232 8.402356
v -1.850914 2.283446 8.586021
v -2.401311 3.267799 7.333838
v -1.995097 2.455371 7.333831
v -1.850914 2.283446 8.586021
v -1.850914 2.283446 8.586021
v -1.995097 2.455371 7.333831
v -1.863299 2.445683 7.333831
v -1.380352 1.403449 7.333831
v -1.863299 2.445683 7.333831
v -0.976458 2.291216 7.333831
v -1.389508 1.409232 8.402356
v -1.863299 2.445683 7.333831
v -1.380352 1.403449 7.333831
v 0.976458 2.291216 5.129632
v 0.976458 2.291216 7.333831
v 0.843478 1.964401 6.597384
v 1.212221 2.471441 1.947664
v 1.581994 3.173870 7.326856
v 1.316241 2.656112 7.333834
v -1.578820 3.162570 7.329027
v -1.215054 2.475092 1.946814
v -1.222511 2.449034 7.332365
v 1.771890 3.071093 3.260112
v 1.863037 2.361619 2.664683
v 2.286917 2.690762 1.730870
v 1.624484 2.991789 3.436455
v 1.863037 2.361619 2.664683
v 1.771890 3.071093 3.260112
v 0.843477 1.964401 5.129632
v -0.843478 1.964401 6.597384
v -0.843477 1.964401 5.129632
v 2.399993 4.721342 12.708906
v 2.401311 3.970885 9.191916
v 2.403378 5.765785 9.256017
v 2.690436 3.939977 9.223554
v 2.685073 3.250343 8.874197
v 2.214906 3.621665 8.889122
v 2.690436 3.939978 14.075244
v 2.685073 3.250343 8.874197
v 2.690436 3.939977 9.223554
v 0.716142 4.896429 7.333830
v 1.869847 6.674922 7.281952
v 1.915197 5.270951 7.334893
v 2.395748 5.768364 7.290648
v 1.915197 5.270951 7.334893
v 1.977156 6.276847 7.217892
v 0.843478 1.964401 6.597384
v -0.843478 1.403448 7.333831
v -0.843478 1.964401 6.597384
v -0.843478 1.964401 6.597384
v 0.843477 1.964401 5.129632
v 0.843478 1.964401 6.597384
v -0.843478 1.964401 6.597384
v -0.976458 2.291216 5.129632
v -0.843477 1.964401 5.129632
v 2.685073 3.250344 14.424601
v 2.690436 3.939978 14.075244
v 2.207923 3.953791 14.235531
v 1.915197 5.270951 7.334893
v 1.869847 6.674922 7.281952
v 1.977156 6.276847 7.217892
v 2.401311 4.721144 15.146243
v 2.401311 3.970886 14.106882
v 2.399993 4.721342 12.708906
v 2.401311 4.721144 15.146243
v 2.401311 3.267800 14.931236
v 2.401311 3.832459 14.332071
v 2.401311 3.970886 14.106882
v 2.401311 4.721144 15.146243
v 2.401311 3.832459 14.332071
v 2.401311 3.970885 12.630428
v 2.399993 4.721342 12.708906
v 2.401311 3.970886 14.106882
v 2.401311 3.970886 14.106882
v 1.760576 3.971294 14.087370
v 2.401311 3.970885 12.630428
v 1.757951 3.832459 14.332071
v 2.401311 3.970886 14.106882
v 2.401311 3.832459 14.332071
v 2.401311 3.970886 14.106882
v 1.757951 3.832459 14.332071
v 1.760576 3.971294 14.087370
v 2.685073 3.250344 14.424601
v 2.207923 3.953791 14.235531
v 2.105782 3.250344 14.424889
v 2.690436 3.939978 14.075244
v 2.103575 3.941861 9.222968
v 2.207923 3.953791 14.235531
v 2.401311 3.970885 9.191916
v 2.399993 4.721342 12.708906
v 2.401311 3.970885 12.630428
v 1.760576 3.971294 14.087370
v 1.757951 3.970885 9.191916
v 2.401311 3.970885 12.630428
v 2.685073 3.250344 14.424601
v 2.685073 3.250343 8.874197
v 2.690436 3.939978 14.075244
v -0.552680 2.184660 2.077564
v -0.509558 2.167372 7.333821
v -1.222511 2.449034 7.332365
v -0.509558 2.167372 7.333821
v 0.510590 2.159502 2.092083
v 0.754874 2.195211 7.334526
v 1.212221 2.471441 1.947664
v 1.316241 2.656112 7.333834
v 0.754874 2.195211 7.334526
v -0.976458 2.291216 7.333831
v -0.976458 2.291216 5.129632
v -0.843478 1.964401 6.597384
v 1.479337 0.618668 2.239810
v 1.863037 2.361619 2.664683
v 1.398908 2.065195 4.164357
v -1.578820 3.162570 7.329027
v -1.539503 3.181968 1.560127
v -1.215054 2.475092 1.946814
v 0.754874 2.195211 7.334526
v 0.510590 2.159502 2.092083
v 1.212221 2.471441 1.947664
v 1.624484 2.991789 3.436455
v 1.603184 2.968495 4.418089
v 1.863037 2.361619 2.664683
v 2.105782 3.250344 14.424889
v 1.746738 1.404208 14.861616
v 2.685073 3.250344 14.424601
v 1.746738 1.404208 14.861616
v 2.105782 3.250344 14.424889
v 1.304506 1.751917 14.778211
v 1.746738 1.404208 14.861616
v 2.685073 3.250343 8.874197
v 2.685073 3.250344 14.424601
v -1.304506 1.751917 14.778211
v 1.746738 1.404208 14.861616
v 1.304506 1.751917 14.778211
v 1.746738 1.404208 14.861616
v -1.304506 1.751917 14.778211
v -1.746738 1.404208 14.861616
v -1.746351 1.403450 8.433682
v 1.746738 1.404208 14.861616
v -1.746738 1.404208 14.861616
v 1.863037 2.361619 2.664683
v 1.603184 2.968495 4.418089
v 1.398908 2.065195 4.164357
v 0.976458 2.291216 5.129632
v 0.843478 1.964401 6.597384
v 0.843477 1.964401 5.129632
v 1.346954 1.406720 18.698984
v -1.346954 1.406720 18.698984
v 1.346954 1.406713 15.679740
v 2.401311 3.832459 14.332071
v 2.401311 3.250344 14.470966
v 1.757951 3.832459 14.332071
v 2.401311 3.832459 14.332071
v 2.401311 3.267800 14.931236
v 2.401311 3.250344 14.470966
v 1.346784 2.466967 16.047716
v 2.058590 6.365856 16.841219
v 1.346699 5.119617 17.237480
v -1.346954 3.832070 18.698286
v -1.346784 2.466967 16.047716
v -1.346954 1.406720 18.698984
v -0.985783 1.054382 10.655076
v 0.817261 1.042562 10.700428
v -0.989214 -2.273845 10.748410
v -1.089934 0.127313 10.462503
v 1.143738 0.060544 10.398095
v -1.153980 0.063542 10.417663
v 1.143738 0.060544 10.398095
v -0.926955 0.083803 10.550138
v -1.153980 0.063542 10.417663
v -1.089934 0.127313 10.462503
v 1.081184 0.163244 10.411592
v 1.143738 0.060544 10.398095
v -0.926955 0.083803 10.550138
v 1.143738 0.060544 10.398095
v 0.917825 0.085071 10.561870
v 1.081184 0.163244 10.411592
v -1.089934 0.127313 10.462503
v 1.096483 1.291682 10.432386
v -1.088789 1.290878 10.420530
v 1.096483 1.291682 10.432386
v -1.089934 0.127313 10.462503
v 1.247857 1.322395 9.976270
v -1.121642 1.331966 10.411302
v -1.260753 1.327222 9.983129
v -1.121642 1.331966 10.411302
v 1.117445 1.329245 10.417177
v -1.088789 1.290878 10.420530
v -1.121642 1.331966 10.411302
v 1.247857 1.322395 9.976270
v 1.117445 1.329245 10.417177
v 1.096483 1.291682 10.432386
v -1.088789 1.290878 10.420530
v 1.117445 1.329245 10.417177
v -1.153980 0.063542 10.417663
v -1.165002 0.066809 17.817562
v -1.089934 0.127313 10.462503
v -0.926955 0.083803 10.550138
v -1.165002 0.066809 17.817562
v -1.153980 0.063542 10.417663
v -1.080644 1.282790 14.863753
v -1.088789 1.290878 10.420530
v -1.089934 0.127313 10.462503
v -1.168385 1.342323 14.900735
v -1.260753 1.327222 9.983129
v -1.121642 1.331966 10.411302
v -1.168385 1.342323 14.900735
v -1.121642 1.331966 10.411302
v -1.088789 1.290878 10.420530
v -1.168385 1.342323 14.900735
v -1.088789 1.290878 10.420530
v -1.080644 1.282790 14.863753
v 1.081184 0.163244 10.411592
v 1.116335 0.043009 17.779354
v 1.143738 0.060544 10.398095
v 1.116335 0.043009 17.779354
v 0.917825 0.085071 10.561870
v 1.143738 0.060544 10.398095
v 1.096483 1.291682 10.432386
v 1.089378 1.288347 14.921152
v 1.081184 0.163244 10.411592
v 1.117445 1.329245 10.417177
v 1.184237 1.324759 14.832748
v 1.096483 1.291682 10.432386
v 1.083950 0.155832 17.791079
v -1.165002 0.066809 17.817562
v 1.116335 0.043009 17.779354
v 1.116335 0.043009 17.779354
v -0.940702 0.080533 17.712433
v 0.918840 0.084526 17.672333
v 1.089378 1.288347 14.921152
v 1.096483 1.291682 10.432386
v 1.184237 1.324759 14.832748
v 1.083950 0.155832 17.791079
v -1.075593 0.138642 17.835926
v -1.165002 0.066809 17.817562
v 1.116335 0.043009 17.779354
v -1.165002 0.066809 17.817562
v -0.940702 0.080533 17.712433
v 1.247857 1.322395 9.976270
v 1.184237 1.324759 14.832748
v 1.117445 1.329245 10.417177
v -1.089934 0.127313 10.462503
v -1.075593 0.138642 17.835926
v -1.080644 1.282790 14.863753
v -1.795748 1.405503 14.933637
v -1.346954 1.406713 15.679740
v -1.902115 1.725720 14.974984
v 1.081184 0.163244 10.411592
v 1.089378 1.288347 14.921152
v 1.083950 0.155832 17.791079
v -1.075593 0.138642 17.835926
v -1.089934 0.127313 10.462503
v -1.165002 0.066809 17.817562
v -1.165002 0.066809 17.817562
v -0.926955 0.083803 10.550138
v -0.940702 0.080533 17.712433
v 2.401311 3.267800 14.931236
v 2.058590 6.365856 16.841219
v 2.081199 2.372834 14.952626
v 2.058590 6.365856 16.841219
v 1.346784 2.466967 16.047716
v 2.081199 2.372834 14.952626
v 1.346954 1.406713 15.679740
v 1.346784 2.466967 16.047716
v 1.346954 1.406720 18.698984
v 1.346784 2.466967 16.047716
v 1.346954 1.406713 15.679740
v 1.346954 2.458280 15.679740
v 2.081199 2.372834 14.952626
v 1.346784 2.466967 16.047716
v 1.346954 2.458280 15.679740
v 1.902492 1.725327 14.974608
v 1.346954 2.458280 15.679740
v 1.346954 1.406713 15.679740
v 1.963917 2.439533 14.666958
v 2.401311 3.250344 14.470966
v 2.401311 3.267800 14.931236
v 2.401311 3.267800 14.931236
v 2.081199 2.372834 14.952626
v 1.963917 2.439533 14.666958
v 1.963917 2.439533 14.666958
v 1.757951 3.832459 14.332071
v 2.401311 3.250344 14.470966
v 1.757951 3.832459 14.332071
v 1.963917 2.439533 14.666958
v 1.791574 1.402447 14.935687
v 1.346954 2.458280 15.679740
v 1.902492 1.725327 14.974608
v 2.081199 2.372834 14.952626
v 2.081199 2.372834 14.952626
v 1.902492 1.725327 14.974608
v 1.963917 2.439533 14.666958
v 1.791574 1.402447 14.935687
v 1.963917 2.439533 14.666958
v 1.902492 1.725327 14.974608
v 1.791574 1.402447 14.935687
v 1.902492 1.725327 14.974608
v 1.346954 1.406713 15.679740
v -1.078197 1.352717 17.793892
v -1.080644 1.282790 14.863753
v -1.075593 0.138642 17.835926
v -1.346784 2.466967 16.047716
v -1.346954 1.406713 15.679740
v -1.346954 1.406720 18.698984
v -1.346954 1.406713 15.679740
v -1.346784 2.466967 16.047716
v -1.346954 2.458280 15.679740
v -1.346954 1.406713 15.679740
v -1.346954 2.458280 15.679740
v -1.902115 1.725720 14.974984
v 1.089378 1.288347 14.921152
v 1.083307 1.357993 17.759527
v 1.083950 0.155832 17.791079
v -1.346954 1.406720 18.698984
v -1.346954 1.406713 15.679740
v 1.346954 1.406713 15.679740
v -1.346954 1.406713 15.679740
v 1.791574 1.402447 14.935687
v 1.346954 1.406713 15.679740
v 1.791574 1.402447 14.935687
v -1.346954 1.406713 15.679740
v -1.795748 1.405503 14.933637
v 1.116335 0.043009 17.779354
v 1.081184 0.163244 10.411592
v 1.083950 0.155832 17.791079
v 0.917825 0.085071 10.561870
v 1.116335 0.043009 17.779354
v 0.918840 0.084526 17.672333
v -2.265324 4.879132 33.810394
v -2.109994 6.269357 38.441002
v -2.092828 6.306760 26.997169
v -2.092828 6.306760 26.997169
v -2.109994 6.269357 38.441002
v -1.556979 6.709268 38.497765
v -2.265324 4.879132 33.810394
v -2.092828 6.306760 26.997169
v -2.253072 4.789319 29.377274
v -1.722115 3.135656 32.339485
v 1.762679 3.135353 38.305935
v -1.806182 3.121276 38.323147
v 0.485783 2.862962 35.478622
v -0.492752 2.865327 35.470757
v 0.477075 2.860868 34.379883
v -0.492752 2.865327 35.470757
v -0.490118 2.864481 34.370132
v 0.477075 2.860868 34.379883
v -0.492752 2.865327 35.470757
v -0.811973 3.142964 34.624214
v -0.490118 2.864481 34.370132
v -2.173179 4.531552 35.143551
v -2.388633 4.268825 35.344284
v -2.167927 4.531523 35.723328
v -2.167927 4.531523 35.723328
v -2.388633 4.268825 35.344284
v -2.384375 4.259018 35.516388
v -2.388633 4.268825 35.344284
v -2.238744 3.154143 35.434139
v -2.384375 4.259018 35.516388
v -1.905530 3.188198 35.120678
v -2.388633 4.268825 35.344284
v -2.173179 4.531552 35.143551
v -2.265324 4.879132 33.810394
v -1.975981 3.260597 38.289379
v -2.275297 4.814121 38.388306
v -2.173179 4.531552 34.043270
v -2.388633 4.268825 34.244003
v -2.167927 4.531523 34.623047
v -2.167927 4.531523 34.623047
v -2.388633 4.268825 34.244003
v -2.384375 4.259018 34.416107
v -2.384375 4.259018 34.416107
v -1.908921 3.188561 34.646801
v -2.167927 4.531523 34.623047
v -2.388633 4.268825 34.244003
v -2.238744 3.154143 34.333858
v -2.384375 4.259018 34.416107
v -1.905531 3.188198 34.020397
v -2.388633 4.268825 34.244003
v -2.173179 4.531552 34.043270
v -0.811973 3.142964 35.724495
v -1.939039 2.911447 35.528084
v -0.492752 2.865327 35.470757
v -1.924999 2.916111 35.331635
v -0.811973 3.142964 35.144756
v -0.492752 2.865327 35.470757
v -0.492752 2.865327 35.470757
v -1.939039 2.911447 35.528084
v -1.924999 2.916111 35.331635
v -0.811973 3.142964 35.144756
v -1.924999 2.916111 35.331635
v -1.905530 3.188198 35.120678
v -0.811973 3.142964 34.624214
v -0.492752 2.865327 35.470757
v -0.811973 3.142964 35.144756
v -1.908921 3.188562 35.747086
v -2.384375 4.259018 35.516388
v -2.238744 3.154143 35.434139
v -2.388633 4.268825 35.344284
v -1.905530 3.188198 35.120678
v -2.238744 3.154143 35.434139
v -1.939039 2.911447 35.528084
v -1.908921 3.188562 35.747086
v -2.238744 3.154143 35.434139
v -1.939039 2.911447 35.528084
v -2.238744 3.154143 35.434139
v -1.924999 2.916111 35.331635
v -1.924999 2.916111 35.331635
v -2.238744 3.154143 35.434139
v -1.905530 3.188198 35.120678
v -1.722115 3.135656 32.339485
v -1.806182 3.121276 38.323147
v -1.908531 3.187121 32.862560
v -0.811973 3.142964 34.624214
v -1.939043 2.911447 34.427803
v -0.490118 2.864481 34.370132
v -1.939043 2.911447 34.427803
v -0.811973 3.142964 34.624214
v -1.908921 3.188561 34.646801
v -0.490118 2.864481 34.370132
v -1.939043 2.911447 34.427803
v -1.925002 2.916111 34.231354
v -1.925002 2.916111 34.231354
v -0.811973 3.142964 34.044476
v -0.490118 2.864481 34.370132
v -0.811973 3.142964 33.523933
v -0.490118 2.864481 34.370132
v -0.811973 3.142964 34.044476
v -0.811973 3.142964 34.044476
v -1.925002 2.916111 34.231354
v -1.905531 3.188198 34.020397
v -1.908921 3.188561 34.646801
v -2.384375 4.259018 34.416107
v -2.238744 3.154143 34.333858
v -1.975981 3.260597 38.289379
v -1.908531 3.187121 32.862560
v -1.806182 3.121276 38.323147
v -1.975981 3.260597 38.289379
v -2.265324 4.879132 33.810394
v -1.982658 3.260558 33.881084
v -1.982658 3.260558 33.881084
v -2.265324 4.879132 33.810394
v -1.975181 3.267361 33.739697
v -1.939039 2.911447 35.528084
v -0.811973 3.142964 35.724495
v -1.908921 3.188562 35.747086
v -2.388633 4.268825 34.244003
v -1.905531 3.188198 34.020397
v -2.238744 3.154143 34.333858
v -0.811973 3.142964 35.724495
v -0.487181 2.863835 36.579124
v -0.811973 3.142965 36.253990
v -1.939043 2.911447 34.427803
v -1.908921 3.188561 34.646801
v -2.238744 3.154143 34.333858
v -1.939043 2.911447 34.427803
v -2.238744 3.154143 34.333858
v -1.925002 2.916111 34.231354
v -1.975981 3.260597 38.289379
v -1.982658 3.260558 33.881084
v -1.908531 3.187121 32.862560
v -1.925002 2.916111 34.231354
v -2.238744 3.154143 34.333858
v -1.905531 3.188198 34.020397
v -2.384375 4.259018 35.516388
v -1.908921 3.188562 35.747086
v -2.167927 4.531523 35.723328
v 0.485563 2.862875 33.278011
v -0.490118 2.864481 34.370132
v -0.492440 2.864964 33.270863
v -0.490118 2.864481 34.370132
v -0.811973 3.142964 33.523933
v -0.492440 2.864964 33.270863
v -0.487181 2.863835 36.579124
v -0.811973 3.142964 35.724495
v -0.492752 2.865327 35.470757
v 0.485783 2.862962 35.478622
v -0.487181 2.863835 36.579124
v -0.492752 2.865327 35.470757
v -2.253072 4.789319 29.377274
v -1.975181 3.267361 33.739697
v -2.265324 4.879132 33.810394
v -2.167927 4.531522 33.522766
v -2.388633 4.268824 33.143723
v -2.384375 4.259017 33.315826
v -2.173179 4.531551 32.942989
v -2.388633 4.268824 33.143723
v -2.167927 4.531522 33.522766
v -2.384375 4.259017 33.315826
v -1.908921 3.188561 33.546520
v -2.167927 4.531522 33.522766
v -1.975181 3.267361 33.739697
v -2.253072 4.789319 29.377274
v -1.970328 3.266243 32.553234
v -2.388633 4.268824 33.143723
v -2.238744 3.154143 33.233578
v -2.384375 4.259017 33.315826
v -1.905530 3.188198 32.920116
v -2.388633 4.268824 33.143723
v -2.173179 4.531551 32.942989
v -2.109994 6.269357 38.441002
v -2.265324 4.879132 33.810394
v -2.275297 4.814121 38.388306
v -0.811973 3.142964 33.523933
v -1.939042 2.911447 33.327522
v -0.492440 2.864964 33.270863
v -1.939042 2.911447 33.327522
v -0.811973 3.142964 33.523933
v -1.908921 3.188561 33.546520
v -0.492440 2.864964 33.270863
v -1.939042 2.911447 33.327522
v -1.925001 2.916111 33.131073
v -1.925001 2.916111 33.131073
v -0.811973 3.142964 32.944195
v -0.492440 2.864964 33.270863
v -0.811973 3.142964 32.423653
v -0.492440 2.864964 33.270863
v -0.811973 3.142964 32.944195
v -0.811973 3.142964 32.944195
v -1.925001 2.916111 33.131073
v -1.905530 3.188198 32.920116
v -1.908921 3.188561 33.546520
v -2.384375 4.259017 33.315826
v -2.238744 3.154143 33.233578
v -2.388633 4.268824 33.143723
v -1.905530 3.188198 32.920116
v -2.238744 3.154143 33.233578
v -1.975181 3.267361 33.739697
v -1.908531 3.187121 32.862560
v -1.982658 3.260558 33.881084
v -1.939042 2.911447 33.327522
v -1.908921 3.188561 33.546520
v -2.238744 3.154143 33.233578
v -1.975181 3.267361 33.739697
v -1.970328 3.266243 32.553234
v -1.908531 3.187121 32.862560
v -1.925001 2.916111 33.131073
v -2.238744 3.154143 33.233578
v -1.905530 3.188198 32.920116
v -1.939042 2.911447 33.327522
v -2.238744 3.154143 33.233578
v -1.925001 2.916111 33.131073
v -1.908531 3.187121 32.862560
v -1.970328 3.266243 32.553234
v -1.722115 3.135656 32.339485
v 0.995155 10.447478 50.838612
v 1.448567 10.016275 50.755619
v 1.107581 10.891649 50.839939
v 1.169797 10.686199 49.200550
v 1.107581 10.891649 50.839939
v 1.448567 10.016275 50.755619
v 1.448567 10.016275 50.755619
v 1.185702 10.717000 46.861679
v 1.169797 10.686199 49.200550
v 1.185702 10.717000 46.861679
v 1.448567 10.016275 50.755619
v 1.464305 9.876601 43.167927
v 1.448567 10.016275 50.755619
v 1.181157 9.108189 46.874302
v 1.464305 9.876601 43.167927
v -0.769590 10.696816 46.647224
v -0.727626 10.297973 41.029736
v -0.474097 10.579762 41.029736
v 1.181157 9.108189 46.874302
v 1.448567 10.016275 50.755619
v 1.208786 9.170788 49.233540
v 0.003637 11.089993 49.112488
v -0.474097 10.579762 41.029736
v 0.289525 10.706893 41.018963
v 1.045800 9.481863 50.839020
v 1.448567 10.016275 50.755619
v 0.995155 10.447478 50.838612
v 0.769589 10.696816 46.647224
v 0.289525 10.706893 41.018963
v 0.727626 10.297971 41.029736
v 1.184933 10.765600 43.167435
v 1.010016 10.110430 43.164070
v 0.123034 11.052758 43.164726
v 1.184933 10.765600 43.167435
v 0.123034 11.052758 43.164726
v 0.336449 11.353560 43.166885
v 0.995155 10.447478 50.838612
v 1.133552 9.899026 47.913368
v 1.045800 9.481863 50.839020
v 1.133552 9.899026 47.913368
v 0.995155 10.447478 50.838612
v 0.974309 10.408817 49.210262
v 0.289525 10.706893 41.018963
v 0.769589 10.696816 46.647224
v 0.475002 10.896965 46.808876
v 0.003637 11.089993 49.112488
v 0.289525 10.706893 41.018963
v 0.475002 10.896965 46.808876
v 1.184933 10.765600 43.167435
v 0.336449 11.353560 43.166885
v 0.745852 11.131809 46.779942
v 0.977418 9.468872 49.180775
v 1.045800 9.481863 50.839020
v 1.133552 9.899026 47.913368
v -0.769590 10.696816 46.647224
v -1.226580 10.640160 46.893158
v -0.978213 10.390325 46.913712
v 1.448567 10.016275 50.755619
v 1.045800 9.481863 50.839020
v 0.982102 8.822451 50.834641
v 1.208786 9.170788 49.233540
v 1.448567 10.016275 50.755619
v 0.982102 8.822451 50.834641
v 1.169797 10.686199 49.200550
v 0.974022 10.412491 46.860626
v 0.974309 10.408817 49.210262
v 0.745852 11.131809 46.779942
v 1.185702 10.717000 46.861679
v 1.184933 10.765600 43.167435
v 0.974309 10.408817 49.210262
v 0.974022 10.412491 46.860626
v 1.133552 9.899026 47.913368
v 1.133552 9.899026 47.913368
v 0.970605 9.441734 46.854439
v 0.977418 9.468872 49.180775
v 0.769589 10.696816 46.647224
v 0.745852 11.131809 46.779942
v 0.475002 10.896965 46.808876
v 1.185702 10.717000 46.861679
v 0.769589 10.696816 46.647224
v 0.974022 10.412491 46.860626
v 0.769589 10.696816 46.647224
v 1.185702 10.717000 46.861679
v 0.745852 11.131809 46.779942
v 1.181157 9.108189 46.874302
v 1.208786 9.170788 49.233540
v 0.977418 9.468872 49.180775
v 1.464305 9.876601 43.167927
v 1.184933 10.765600 43.167435
v 1.185702 10.717000 46.861679
v -1.226580 10.640160 46.893158
v -1.241794 10.637357 49.064194
v -0.979707 10.404653 49.219994
v 0.977418 9.468872 49.180775
v 0.970605 9.441734 46.854439
v 1.181157 9.108189 46.874302
v -1.161017 9.871619 49.065548
v -0.978213 10.390325 46.913712
v -0.979707 10.404653 49.219994
v -1.226580 10.640160 46.893158
v -0.979707 10.404653 49.219994
v -0.978213 10.390325 46.913712
v 1.169797 10.686199 49.200550
v 1.185702 10.717000 46.861679
v 0.974022 10.412491 46.860626
v 0.839494 9.027533 49.228306
v 1.045800 9.481863 50.839020
v 0.977418 9.468872 49.180775
v 0.370744 9.199599 41.029736
v 0.766705 9.632504 41.018967
v -0.000208 9.120245 41.030109
v 1.208786 9.170788 49.233540
v 0.839494 9.027533 49.228306
v 0.977418 9.468872 49.180775
v 0.982102 8.822451 50.834641
v 0.839494 9.027533 49.228306
v 1.208786 9.170788 49.233540
v 1.166800 9.067686 43.166737
v 1.464305 9.876601 43.167927
v 1.181157 9.108189 46.874302
v 1.243595 10.060811 39.571545
v 0.993810 10.673288 40.821140
v 1.234074 10.093464 40.790169
v -0.727626 10.297973 41.029736
v -0.768240 9.638757 41.020355
v -0.000208 9.120245 41.030109
v -0.474097 10.579762 41.029736
v -0.727626 10.297973 41.029736
v -0.000208 9.120245 41.030109
v 0.289525 10.706893 41.018963
v -0.474097 10.579762 41.029736
v -0.000208 9.120245 41.030109
v 0.766705 9.632504 41.018967
v 0.727626 10.297971 41.029736
v -0.000208 9.120245 41.030109
v 0.727626 10.297971 41.029736
v 0.289525 10.706893 41.018963
v -0.000208 9.120245 41.030109
v 1.234074 10.093464 40.790169
v 0.993810 10.673288 40.821140
v 1.115476 10.072184 40.809158
v 0.685998 10.797701 49.308887
v 1.169797 10.686199 49.200550
v 0.974309 10.408817 49.210262
v 0.974309 10.408817 49.210262
v 0.995155 10.447478 50.838612
v 0.685998 10.797701 49.308887
v 1.181157 9.108189 46.874302
v 0.970605 9.441734 46.854439
v 0.769589 9.157638 46.647224
v 0.769589 9.157638 46.647224
v 0.741050 8.697956 46.759922
v 1.181157 9.108189 46.874302
v 0.741050 8.697956 46.759922
v 0.227949 8.447073 43.167210
v 1.181157 9.108189 46.874302
v -0.727626 10.297973 41.029736
v -1.161017 9.871619 49.065548
v -0.768240 9.638757 41.020355
v 0.727626 10.297971 41.029736
v 0.974022 10.412491 46.860626
v 0.769589 10.696816 46.647224
v 0.727626 10.297971 41.029736
v 1.133552 9.899026 47.913368
v 0.974022 10.412491 46.860626
v 0.766705 9.632504 41.018967
v 0.970605 9.441734 46.854439
v 1.133552 9.899026 47.913368
v 0.766705 9.632504 41.018967
v 0.769589 9.157638 46.647224
v 0.970605 9.441734 46.854439
v 1.181157 9.108189 46.874302
v 0.227949 8.447073 43.167210
v 1.166800 9.067686 43.166737
v 0.524335 8.943335 43.164795
v 1.166800 9.067686 43.166737
v 0.227949 8.447073 43.167210
v 0.769589 9.157638 46.647224
v 0.766705 9.632504 41.018967
v 0.370744 9.199599 41.029736
v 1.010016 10.110430 43.164070
v 1.166800 9.067686 43.166737
v 0.524335 8.943335 43.164795
v 1.166800 9.067686 43.166737
v 1.010016 10.110430 43.164070
v 1.464305 9.876601 43.167927
v 1.133552 9.899026 47.913368
v 0.727626 10.297971 41.029736
v 0.766705 9.632504 41.018967
v 1.464305 9.876601 43.167927
v 1.010016 10.110430 43.164070
v 1.184933 10.765600 43.167435
v -0.727626 10.297973 41.029736
v -0.769590 10.696816 46.647224
v -0.978213 10.390325 46.913712
v -0.727626 10.297973 41.029736
v -0.978213 10.390325 46.913712
v -1.161017 9.871619 49.065548
v -0.979707 10.404653 49.219994
v -0.841817 10.781603 50.836655
v -1.161017 9.871619 49.065548
v -1.925001 2.916110 24.258615
v -0.811973 3.142962 24.071741
v -0.485504 2.863920 24.394918
v -0.485504 2.863920 24.394918
v -1.938674 2.911451 24.455160
v -1.925001 2.916110 24.258615
v -1.938674 2.911451 24.455160
v -0.811973 3.142962 24.651476
v -1.908582 3.188277 24.674156
v -1.938674 2.911451 24.455160
v -1.908582 3.188277 24.674156
v -2.238765 3.154172 24.361151
v -1.925001 2.916110 24.258615
v -2.238765 3.154172 24.361151
v -1.905531 3.188196 24.047661
v -1.938674 2.911451 24.455160
v -2.238765 3.154172 24.361151
v -1.925001 2.916110 24.258615
v -0.811973 3.142962 24.651476
v -1.938674 2.911451 24.455160
v -0.485504 2.863920 24.394918
v -0.487592 2.863938 25.516153
v -0.811973 3.142962 24.651476
v -0.485504 2.863920 24.394918
v -0.811973 3.142962 24.651476
v -0.487592 2.863938 25.516153
v -0.811973 3.142962 25.190744
v -1.939009 2.911443 25.574066
v -2.238803 3.154223 25.480091
v -1.924504 2.916106 25.377527
v -1.924504 2.916106 25.377527
v -2.238803 3.154223 25.480091
v -1.905022 3.187749 25.166534
v -0.811973 3.142962 25.190744
v -1.924504 2.916106 25.377527
v -1.905022 3.187749 25.166534
v -1.745007 3.109817 23.628231
v -1.981447 3.149396 29.692812
v -2.021180 3.246569 23.645311
v -1.939009 2.911443 25.574066
v -1.908919 3.188559 25.793070
v -2.238803 3.154223 25.480091
v -1.939009 2.911443 25.574066
v -0.811973 3.142962 25.770479
v -1.908919 3.188559 25.793070
v -1.950094 3.271650 29.221754
v -2.021180 3.246569 23.645311
v -1.981447 3.149396 29.692812
v -0.487592 2.863938 25.516153
v -1.939009 2.911443 25.574066
v -1.924504 2.916106 25.377527
v -1.924504 2.916106 25.377527
v -0.811973 3.142962 25.190744
v -0.487592 2.863938 25.516153
v -0.811973 3.142962 25.770479
v -1.939009 2.911443 25.574066
v -0.487592 2.863938 25.516153
v -0.491937 2.864752 26.627285
v -0.811973 3.142962 25.770479
v -0.487592 2.863938 25.516153
v -0.487592 2.863938 25.516153
v -0.485504 2.863920 24.394918
v 0.475481 2.861151 24.405485
v 0.479037 2.861642 25.525471
v -0.487592 2.863938 25.516153
v 0.475481 2.861151 24.405485
v -0.491937 2.864752 26.627285
v -0.487592 2.863938 25.516153
v 0.479037 2.861642 25.525471
v -0.811973 3.142963 26.300388
v -1.924657 2.916094 26.487219
v -1.905224 3.187933 26.276228
v -1.939019 2.911444 26.683712
v -2.238782 3.154197 26.589743
v -1.924657 2.916094 26.487219
v -2.092828 6.306760 26.997169
v -2.277156 4.860779 23.785894
v -2.253072 4.789319 29.377274
v -2.167927 4.531521 26.878958
v -2.388633 4.268823 26.499916
v -2.384375 4.259017 26.672020
v -2.173179 4.531550 26.299185
v -2.388633 4.268823 26.499916
v -2.167927 4.531521 26.878958
v -2.384375 4.259017 26.672020
v -1.908920 3.188560 26.902714
v -2.167927 4.531521 26.878958
v -2.388633 4.268823 26.499916
v -2.238782 3.154197 26.589743
v -2.384375 4.259017 26.672020
v -1.905224 3.187933 26.276228
v -2.388633 4.268823 26.499916
v -2.173179 4.531550 26.299185
v -1.908920 3.188560 26.902714
v -2.384375 4.259017 26.672020
v -2.238782 3.154197 26.589743
v -2.388633 4.268823 26.499916
v -1.905224 3.187933 26.276228
v -2.238782 3.154197 26.589743
v -2.167927 4.531521 25.769314
v -2.388633 4.268823 25.390272
v -2.384375 4.259017 25.562376
v -2.173179 4.531550 25.189541
v -2.388633 4.268823 25.390272
v -2.167927 4.531521 25.769314
v -2.277156 4.860779 23.785894
v -1.950094 3.271650 29.221754
v -2.253072 4.789319 29.377274
v -2.167927 4.531520 24.650311
v -2.388633 4.268823 24.271269
v -2.384375 4.259016 24.443373
v -2.173179 4.531550 24.070538
v -2.388633 4.268823 24.271269
v -2.167927 4.531520 24.650311
v -2.384375 4.259017 25.562376
v -1.908919 3.188559 25.793070
v -2.167927 4.531521 25.769314
v -2.388633 4.268823 25.390272
v -2.238803 3.154223 25.480091
v -2.384375 4.259017 25.562376
v -1.905022 3.187749 25.166534
v -2.388633 4.268823 25.390272
v -2.173179 4.531550 25.189541
v -1.908919 3.188559 25.793070
v -2.384375 4.259017 25.562376
v -2.238803 3.154223 25.480091
v -2.388633 4.268823 25.390272
v -1.905022 3.187749 25.166534
v -2.238803 3.154223 25.480091
v -2.384375 4.259016 24.443373
v -1.908582 3.188277 24.674156
v -2.167927 4.531520 24.650311
v -2.388633 4.268823 24.271269
v -2.238765 3.154172 24.361151
v -2.384375 4.259016 24.443373
v -1.950094 3.271650 29.221754
v -2.277156 4.860779 23.785894
v -2.021180 3.246569 23.645311
v -1.908582 3.188277 24.674156
v -2.384375 4.259016 24.443373
v -2.238765 3.154172 24.361151
v -2.388633 4.268823 24.271269
v -1.905531 3.188196 24.047661
v -2.238765 3.154172 24.361151
v -1.924657 2.916094 26.487219
v -2.238782 3.154197 26.589743
v -1.905224 3.187933 26.276228
v -1.939019 2.911444 26.683712
v -1.908920 3.188560 26.902714
v -2.238782 3.154197 26.589743
v -2.094319 6.307252 20.992804
v -2.277156 4.860779 23.785894
v -2.092828 6.306760 26.997169
v -2.167927 4.531520 23.554710
v -2.388633 4.268823 23.175669
v -2.384375 4.259016 23.347773
v -2.173179 4.531550 22.974937
v -2.388633 4.268823 23.175669
v -2.167927 4.531520 23.554710
v -1.905531 3.188196 24.047661
v -2.388633 4.268823 24.271269
v -2.173179 4.531550 24.070538
v -2.384375 4.259016 23.347773
v -1.909085 3.187603 23.577993
v -2.167927 4.531520 23.554710
v -0.811973 3.142962 24.071741
v -1.925001 2.916110 24.258615
v -1.905531 3.188196 24.047661
v -1.909085 3.187603 23.577993
v -2.384375 4.259016 23.347773
v -2.236664 3.151975 23.265718
v -2.388633 4.268823 23.175669
v -2.236664 3.151975 23.265718
v -2.384375 4.259016 23.347773
v -2.021180 3.246569 23.645311
v -1.929966 3.133922 22.637928
v -1.745007 3.109817 23.628231
v -1.935157 2.914250 23.360966
v -0.811973 3.142962 23.555876
v -1.909085 3.187603 23.577993
v -1.935157 2.914250 23.360966
v -1.909085 3.187603 23.577993
v -2.236664 3.151975 23.265718
v -1.876150 3.154209 22.950563
v -2.388633 4.268823 23.175669
v -2.173179 4.531550 22.974937
v -1.935157 2.914250 23.360966
v -2.236664 3.151975 23.265718
v -1.940703 2.890761 23.170630
v -1.940703 2.890761 23.170630
v -2.236664 3.151975 23.265718
v -1.876150 3.154209 22.950563
v -2.388633 4.268823 23.175669
v -1.876150 3.154209 22.950563
v -2.236664 3.151975 23.265718
v -1.525267 7.195285 10.610505
v -1.474049 7.178422 14.517325
v -1.755285 6.966897 10.628635
v -1.995291 6.636084 14.938855
v -1.839972 6.453032 9.514380
v -1.994935 6.116541 13.359276
v -1.839972 6.453032 9.514380
v -2.246479 6.106149 15.712829
v -1.994935 6.116541 13.359276
v -2.246479 6.106149 15.712829
v -2.257589 6.115419 7.355554
v -2.404262 5.800932 13.090569
v -2.246479 6.106149 15.712829
v -2.412671 5.793190 15.322754
v -2.424806 5.589476 15.973639
v -2.246479 6.106149 15.712829
v -2.404262 5.800932 13.090569
v -2.412671 5.793190 15.322754
v -0.511473 6.717661 14.332072
v -1.937385 6.708342 14.893281
v -0.802323 6.717658 15.679736
v -1.908358 7.063728 17.792875
v -1.902627 7.351628 14.363956
v -1.875062 7.008138 14.443189
v -1.902627 7.351628 14.363956
v -1.798444 7.439837 16.836842
v -1.601424 7.416548 14.241650
v -1.902627 7.351628 14.363956
v -1.748348 6.941674 14.456280
v -1.875062 7.008138 14.443189
v -1.601424 7.416548 14.241650
v -1.459197 7.321122 16.794113
v -1.436335 7.136769 14.415308
v -1.436335 7.136769 14.415308
v -1.576997 6.977921 16.755301
v -1.748348 6.941674 14.456280
v -2.033561 6.316837 16.296118
v -2.246479 6.106149 15.712829
v -2.424806 5.589476 15.973639
v -1.875062 7.008138 14.443189
v -1.748348 6.941674 14.456280
v -1.874860 7.007851 17.898096
v -1.937385 6.708342 14.893281
v -0.511473 6.717660 9.235090
v -1.951812 6.696432 7.285830
v -0.830102 6.757966 18.706593
v -1.346650 6.633622 17.916538
v -1.346954 6.717658 18.759377
v -1.346699 5.119617 17.237480
v -1.346954 6.717658 18.759377
v -1.346650 6.633622 17.916538
v -1.775218 6.975025 16.836559
v -1.459197 7.321122 16.794113
v -1.798444 7.439837 16.836842
v -1.346954 6.637531 15.679736
v -1.995291 6.636084 14.938855
v -1.995097 6.635251 16.114697
v -1.995098 6.115882 7.333832
v -1.839972 6.453032 9.514380
v -1.951812 6.696432 7.285830
v -1.908358 7.063728 17.792875
v -1.976803 9.306437 17.063406
v -1.902627 7.351628 14.363956
v -1.601424 7.416548 14.241650
v -1.798444 7.439837 16.836842
v -1.459197 7.321122 16.794113
v -0.830102 6.757966 18.706593
v -1.346954 6.637531 15.679736
v -1.346650 6.633622 17.916538
v -1.775218 6.975025 16.836559
v -1.576997 6.977921 16.755301
v -1.459197 7.321122 16.794113
v -1.346954 6.637531 15.679736
v -1.995097 6.635251 17.041725
v -1.346650 6.633622 17.916538
v -1.995097 6.635251 17.041725
v -1.346699 5.119617 17.237480
v -1.346650 6.633622 17.916538
v -1.346699 5.119617 17.237480
v -1.995097 6.635251 17.041725
v -2.058195 6.365567 16.840740
v -0.830102 6.757966 18.706593
v -0.802323 6.717658 15.679736
v -1.937385 6.708342 14.893281
v -1.346954 6.637531 15.679736
v -0.830102 6.757966 18.706593
v -1.937385 6.708342 14.893281
v -1.576997 6.977921 16.755301
v -1.436335 7.136769 14.415308
v -1.459197 7.321122 16.794113
v -1.995097 6.635251 17.041725
v -1.346954 6.637531 15.679736
v -1.995097 6.635251 16.114697
v -1.874860 7.007851 17.898096
v -1.748348 6.941674 14.456280
v -1.775218 6.975025 16.836559
v -1.576997 6.977921 16.755301
v -1.775218 6.975025 16.836559
v -1.748348 6.941674 14.456280
v -1.908358 7.063728 17.792875
v -1.875062 7.008138 14.443189
v -1.874860 7.007851 17.898096
v -1.995291 6.636084 14.938855
v -1.346954 6.637531 15.679736
v -1.937385 6.708342 14.893281
v -1.951812 6.696432 7.285830
v -1.995291 6.636084 14.938855
v -1.937385 6.708342 14.893281
v -1.995097 6.635251 16.114697
v -2.058195 6.365567 16.840740
v -1.995097 6.635251 17.041725
v -2.058195 6.365567 16.840740
v -1.995097 6.635251 16.114697
v -2.033561 6.316837 16.296118
v -2.058195 6.365567 16.840740
v -2.033561 6.316837 16.296118
v -2.424806 5.589476 15.973639
v -1.908243 7.187299 14.470796
v -1.755285 6.966897 10.628635
v -1.792427 7.005896 14.354774
v -1.995291 6.636084 14.938855
v -2.033561 6.316837 16.296118
v -1.995097 6.635251 16.114697
v -1.792427 7.005896 14.354774
v -1.755285 6.966897 10.628635
v -1.474049 7.178422 14.517325
v -0.511473 6.717660 9.235090
v -1.937385 6.708342 14.893281
v -0.511473 6.717661 14.332072
v -1.736692 7.425291 10.588511
v -1.474049 7.178422 14.517325
v -1.525267 7.195285 10.610505
v -1.908243 7.187299 14.470796
v -1.916901 7.204347 10.709204
v -1.755285 6.966897 10.628635
v -1.775258 7.401222 14.446909
v -1.736692 7.425291 10.588511
v -1.916901 7.204347 10.709204
v -1.994935 6.116541 13.359276
v -2.246479 6.106149 15.712829
v -2.033561 6.316837 16.296118
v -1.908243 7.187299 14.470796
v -1.792427 7.005896 14.354774
v -1.474049 7.178422 14.517325
v -1.994935 6.116541 13.359276
v -2.033561 6.316837 16.296118
v -1.995291 6.636084 14.938855
v -1.902627 7.351628 14.363956
v -1.601424 7.416548 14.241650
v -1.748348 6.941674 14.456280
v -2.246479 6.106149 15.712829
v -1.839972 6.453032 9.514380
v -2.257589 6.115419 7.355554
v -1.839972 6.453032 9.514380
v -1.995291 6.636084 14.938855
v -1.951812 6.696432 7.285830
v -1.976803 9.306437 17.063406
v -1.928311 9.287497 7.420564
v -1.902627 7.351628 14.363956
v -1.797719 8.183223 7.212502
v -1.798444 7.439837 16.836842
v -1.902627 7.351628 14.363956
v -1.736692 7.425291 10.588511
v -1.775258 7.401222 14.446909
v -1.474049 7.178422 14.517325
v -1.775258 7.401222 14.446909
v -1.916901 7.204347 10.709204
v -1.908243 7.187299 14.470796
v -1.748348 6.941674 14.456280
v -1.601424 7.416548 14.241650
v -1.436335 7.136769 14.415308
v 1.577956 6.299574 38.035141
v 0.723194 7.241374 39.498123
v 1.677292 5.601376 39.540356
v 1.224263 6.153408 40.303352
v -1.256594 5.929368 40.282475
v 1.224263 5.955241 40.303352
v -0.979789 10.695353 40.701836
v -1.115470 10.072126 40.808796
v -0.859384 10.623346 40.779453
v -1.115470 10.072126 40.808796
v -0.979789 10.695353 40.701836
v -1.234118 10.093509 40.789688
v -0.979789 10.695353 40.701836
v -1.200031 10.277575 39.555195
v -1.234118 10.093509 40.789688
v 1.179507 6.210820 39.488613
v 0.869074 6.607035 40.708988
v 0.488452 6.810683 39.511642
v 1.179507 6.210820 39.488613
v 0.488452 6.810683 39.511642
v -1.184607 6.104218 39.511612
v 0.488452 6.810683 39.511642
v -0.532830 6.854746 39.506912
v -1.184607 6.104218 39.511612
v 1.224263 6.153408 40.303352
v -1.838533 6.125802 40.030136
v -1.230531 6.162332 40.289497
v 1.224263 5.955241 40.303352
v -1.256594 5.929368 40.282475
v -1.260200 5.977550 40.066608
v 1.224263 6.153408 40.303352
v -1.230531 6.162332 40.289497
v -1.256594 5.929368 40.282475
v -1.081751 10.284173 39.510353
v -0.859384 10.623346 40.779453
v -1.115470 10.072126 40.808796
v 0.869074 6.607035 40.708988
v 1.179507 6.210820 39.488613
v 1.145146 6.221704 40.399666
v 1.055914 6.979388 40.742264
v 1.608688 6.107786 40.036865
v 0.723194 7.241374 39.498123
v -0.898913 9.990802 40.091843
v -1.288091 10.512097 39.986885
v -0.931226 10.430652 40.257835
v 1.145146 6.221704 40.399666
v 1.561836 6.299164 40.694294
v 0.869074 6.607035 40.708988
v 1.055914 6.979388 40.742264
v 0.869074 6.607035 40.708988
v 1.561836 6.299164 40.694294
v -1.658868 10.213353 40.497486
v -0.931226 10.430652 40.257835
v -1.395174 10.558206 40.306377
v -0.931226 10.430652 40.257835
v -1.288091 10.512097 39.986885
v -1.395174 10.558206 40.306377
v -0.931226 10.430652 40.257835
v -1.658868 10.213353 40.497486
v -0.996888 10.112093 40.394997
v -1.658868 10.213353 40.497486
v -1.395174 10.558206 40.306377
v -1.288091 10.512097 39.986885
v -1.658868 10.213353 40.497486
v -1.288091 10.512097 39.986885
v -1.499250 10.167307 39.936584
v 1.561836 6.299164 40.694294
v 1.145146 6.221704 40.399666
v 1.608688 6.107786 40.036865
v 1.677292 5.601376 39.540356
v 0.723194 7.241374 39.498123
v 1.608688 6.107786 40.036865
v -0.996888 10.112093 40.394997
v -1.658868 10.213353 40.497486
v -0.898913 9.990802 40.091843
v -0.898913 9.990802 40.091843
v -1.499250 10.167307 39.936584
v -1.288091 10.512097 39.986885
v -0.898913 9.990802 40.091843
v -1.658868 10.213353 40.497486
v -1.499250 10.167307 39.936584
v 1.608688 6.107786 40.036865
v 1.055914 6.979388 40.742264
v 1.561836 6.299164 40.694294
v -1.234118 10.093509 40.789688
v -1.775127 6.210437 40.813126
v -1.115470 10.072126 40.808796
v -1.698755 5.040079 40.834339
v -1.838533 6.125802 40.030136
v -1.652594 5.261477 39.942272
v -1.611254 7.162695 39.583595
v -1.081751 10.284173 39.510353
v -1.115470 10.072126 40.808796
v -1.834793 6.977455 39.883476
v -1.234118 10.093509 40.789688
v -1.200031 10.277575 39.555195
v -1.081751 10.284173 39.510353
v -1.611254 7.162695 39.583595
v -1.200031 10.277575 39.555195
v 1.055914 6.979388 40.742264
v -0.331749 7.394207 39.940678
v -0.237771 7.401151 40.736568
v -0.237771 7.401151 40.736568
v 0.869074 6.607035 40.708988
v 1.055914 6.979388 40.742264
v 0.869074 6.607035 40.708988
v -0.237771 7.401151 40.736568
v -0.238508 6.944109 40.743183
v -0.331749 7.394207 39.940678
v 1.055914 6.979388 40.742264
v 0.723194 7.241374 39.498123
v -0.238508 6.944109 40.743183
v -1.448195 6.585744 40.752319
v -1.032165 6.385403 40.662243
v -1.032165 6.385403 40.662243
v -1.448195 6.585744 40.752319
v -1.482384 6.199720 40.191669
v -1.775127 6.210437 40.813126
v -1.322981 5.951974 40.603790
v -1.230531 6.162332 40.289497
v -1.775127 6.210437 40.813126
v -1.572369 5.067425 40.859737
v -1.322981 5.951974 40.603790
v -1.406535 5.400187 40.586723
v -1.539388 5.645982 40.121384
v -1.322981 5.951974 40.603790
v -1.572369 5.067425 40.859737
v -1.775127 6.210437 40.813126
v -1.873527 6.270536 40.841949
v -1.838533 6.125802 40.030136
v -1.698755 5.040079 40.834339
v -1.873527 6.270536 40.841949
v -1.482384 6.199720 40.191669
v -1.448195 6.585744 40.752319
v -0.331749 7.394207 39.940678
v -0.532830 6.854746 39.506912
v -1.032165 6.385403 40.662243
v -1.184607 6.104218 39.511612
v -1.230531 6.162332 40.289497
v -1.322981 5.951974 40.603790
v -1.256594 5.929368 40.282475
v -1.775127 6.210437 40.813126
v -1.230531 6.162332 40.289497
v -1.838533 6.125802 40.030136
v -1.322981 5.951974 40.603790
v -1.260200 5.977550 40.066608
v -1.256594 5.929368 40.282475
v -1.322981 5.951974 40.603790
v -1.539388 5.645982 40.121384
v -1.260200 5.977550 40.066608
v -0.331749 7.394207 39.940678
v 0.723194 7.241374 39.498123
v -0.970649 6.983599 39.336788
v -1.539388 5.645982 40.121384
v -1.838533 6.125802 40.030136
v -1.260200 5.977550 40.066608
v -0.238508 6.944109 40.743183
v 0.488452 6.810683 39.511642
v 0.869074 6.607035 40.708988
v -1.032165 6.385403 40.662243
v -1.482384 6.199720 40.191669
v -1.184607 6.104218 39.511612
v -0.532830 6.854746 39.506912
v -0.238508 6.944109 40.743183
v -1.032165 6.385403 40.662243
v 0.488452 6.810683 39.511642
v -0.238508 6.944109 40.743183
v -0.532830 6.854746 39.506912
v -1.834793 6.977455 39.883476
v -1.775127 6.210437 40.813126
v -1.838533 6.125802 40.030136
v -1.834793 6.977455 39.883476
v -1.838533 6.125802 40.030136
v -1.873527 6.270536 40.841949
v -1.838533 6.125802 40.030136
v -1.539388 5.645982 40.121384
v -1.652594 5.261477 39.942272
v -1.775127 6.210437 40.813126
v -1.234118 10.093509 40.789688
v -1.873527 6.270536 40.841949
v -1.834793 6.977455 39.883476
v -1.200031 10.277575 39.555195
v -1.611254 7.162695 39.583595
v -1.322981 5.951974 40.603790
v -1.572369 5.067425 40.859737
v -1.406535 5.400187 40.586723
v -1.115470 10.072126 40.808796
v -1.775127 6.210437 40.813126
v -1.611254 7.162695 39.583595
v 0.723194 7.241374 39.498123
v 1.577956 6.299574 38.035141
v 0.678106 7.260868 38.033512
v -1.234118 10.093509 40.789688
v -1.834793 6.977455 39.883476
v -1.873527 6.270536 40.841949
v -0.331749 7.394207 39.940678
v -1.448195 6.585744 40.752319
v -0.237771 7.401151 40.736568
v -1.448195 6.585744 40.752319
v -0.238508 6.944109 40.743183
v -0.237771 7.401151 40.736568
v -1.873527 6.270536 40.841949
v -1.698755 5.040079 40.834339
v -1.572369 5.067425 40.859737
v -0.331749 7.394207 39.940678
v -0.970649 6.983599 39.336788
v -1.482384 6.199720 40.191669
v -1.775127 6.210437 40.813126
v -1.834793 6.977455 39.883476
v -1.611254 7.162695 39.583595
v -2.075432 0.016973 -0.796382
v -1.729758 1.008447 -0.851874
v -1.744412 0.473537 -1.383979
v -1.328407 1.819941 -0.933178
v -1.744412 0.473537 -1.383979
v -1.729758 1.008447 -0.851874
v -1.544812 1.093805 -0.847630
v -1.328407 1.819941 -0.933178
v -1.729758 1.008447 -0.851874
v 0.062676 -0.249943 -2.845970
v -1.328407 1.819941 -0.933178
v -0.002362 2.100719 -0.966648
v -1.729758 1.008447 -0.851874
v 1.582061 1.093791 -0.878340
v -1.544812 1.093805 -0.847630
v -0.002362 2.100719 -0.966648
v 1.159054 1.839370 -0.982352
v 0.062676 -0.249943 -2.845970
v 1.582061 1.093791 -0.878340
v -1.729758 1.008447 -0.851874
v 1.736877 1.020578 -0.891867
v 1.736877 1.020578 -0.891867
v 1.159054 1.839370 -0.982352
v 1.582061 1.093791 -0.878340
v -2.023991 -0.381089 1.109684
v -2.075432 0.016973 -0.796382
v -1.924830 -0.977595 0.711974
v -1.729758 1.008447 -0.851874
v -2.075432 0.016973 -0.796382
v -2.023991 -0.381089 1.109684
v 1.879372 -0.359893 1.074286
v 2.058529 0.325118 0.154943
v -2.023991 -0.381089 1.109684
v 2.058529 0.325118 0.154943
v -1.729758 1.008447 -0.851874
v -2.023991 -0.381089 1.109684
v -1.544812 1.093805 -0.847630
v -1.853781 1.247417 -0.163907
v -1.328407 1.819941 -0.933178
v -1.328407 1.819941 -0.933178
v -1.853781 1.247417 -0.163907
v -1.616377 2.658336 -0.155798
v -1.648225 2.048594 -0.043521
v -1.853781 1.247417 -0.163907
v -1.814077 1.875235 0.116108
v -1.616377 2.658336 -0.155798
v -1.853781 1.247417 -0.163907
v -1.648225 2.048594 -0.043521
v -2.045612 2.215331 1.973402
v -1.814077 1.875235 0.116108
v -1.853781 1.247417 -0.163907
v -1.648225 2.048594 -0.043521
v -2.030142 2.421257 0.474502
v -1.616377 2.658336 -0.155798
v -1.853781 1.247417 -0.163907
v -1.544812 1.093805 -0.847630
v 1.582061 1.093791 -0.878340
v -1.814077 1.875235 0.116108
v 1.863718 1.925726 0.132241
v -1.648225 2.048594 -0.043521
v -1.853781 1.247417 -0.163907
v 1.582061 1.093791 -0.878340
v 1.844422 1.312698 0.022019
v 1.944112 1.744600 1.916091
v -1.853781 1.247417 -0.163907
v 1.844422 1.312698 0.022019
v -1.616377 2.658336 -0.155798
v -0.002362 2.100719 -0.966648
v -1.328407 1.819941 -0.933178
v 1.636639 1.993736 -0.011037
v -1.648225 2.048594 -0.043521
v 1.863718 1.925726 0.132241
v -1.616377 2.658336 -0.155798
v 0.037367 2.893838 -0.543580
v -0.002362 2.100719 -0.966648
v 0.037367 2.893838 -0.543580
v 1.159054 1.839370 -0.982352
v -0.002362 2.100719 -0.966648
v 1.946020 2.340273 0.383721
v -1.648225 2.048594 -0.043521
v 1.636639 1.993736 -0.011037
v -1.648225 2.048594 -0.043521
v 1.946020 2.340273 0.383721
v -2.030142 2.421257 0.474502
v 1.863718 1.925726 0.132241
v -1.814077 1.875235 0.116108
v 0.000000 2.265716 1.898684
v -2.030142 2.421257 0.474502
v 2.110244 2.363840 0.728302
v -2.253141 2.338946 1.962010
v 2.110244 2.363840 0.728302
v -2.030142 2.421257 0.474502
v 1.946020 2.340273 0.383721
v -1.853781 1.247417 -0.163907
v -1.897283 1.735584 2.097260
v -2.045612 2.215331 1.973402
v -1.870629 2.428449 2.704034
v -2.045612 2.215331 1.973402
v -1.897283 1.735584 2.097260
v -2.045612 2.215331 1.973402
v -1.870629 2.428449 2.704034
v -2.253141 2.338946 1.962010
v -2.045612 2.215331 1.973402
v 0.000000 2.265716 1.898684
v -1.814077 1.875235 0.116108
v 0.000000 2.327093 1.877480
v -2.045612 2.215331 1.973402
v -2.253141 2.338946 1.962010
v -1.853781 1.247417 -0.163907
v 1.944112 1.744600 1.916091
v -1.897283 1.735584 2.097260
v -2.045612 2.215331 1.973402
v 0.000000 2.327093 1.877480
v 0.000000 2.265716 1.898684
v 0.000000 2.327093 1.877480
v -2.253141 2.338946 1.962010
v 2.110244 2.363840 0.728302
v 0.000000 2.327093 1.877480
v 2.037545 2.238116 1.947540
v 0.000000 2.265716 1.898684
v 2.125342 -0.235821 -0.359443
v 2.058529 0.325118 0.154943
v 1.879372 -0.359893 1.074286
v 1.736877 1.020578 -0.891867
v -1.729758 1.008447 -0.851874
v 2.058529 0.325118 0.154943
v 2.125342 -0.235821 -0.359443
v 1.736877 1.020578 -0.891867
v 2.058529 0.325118 0.154943
v 1.159054 1.839370 -0.982352
v 1.844422 1.312698 0.022019
v 1.582061 1.093791 -0.878340
v 1.159054 1.839370 -0.982352
v 1.622647 2.779517 -0.161141
v 1.844422 1.312698 0.022019
v 1.844422 1.312698 0.022019
v 1.622647 2.779517 -0.161141
v 1.636639 1.993736 -0.011037
v 1.844422 1.312698 0.022019
v 1.636639 1.993736 -0.011037
v 1.863718 1.925726 0.132241
v 1.863718 1.925726 0.132241
v 1.944112 1.744600 1.916091
v 1.844422 1.312698 0.022019
v 1.159054 1.839370 -0.982352
v 0.037367 2.893838 -0.543580
v 1.622647 2.779517 -0.161141
v 1.946020 2.340273 0.383721
v 1.636639 1.993736 -0.011037
v 1.622647 2.779517 -0.161141
v 2.110244 2.363840 0.728302
v 1.946020 2.340273 0.383721
v 2.286917 2.690762 1.730870
v 1.845445 1.612640 2.047486
v -1.897283 1.735584 2.097260
v 1.944112 1.744600 1.916091
v 1.863718 1.925726 0.132241
v 1.863037 2.361619 2.664683
v 1.944112 1.744600 1.916091
v 1.863037 2.361619 2.664683
v 1.845445 1.612640 2.047486
v 1.944112 1.744600 1.916091
v 2.110244 2.363840 0.728302
v 2.037545 2.238116 1.947540
v 0.000000 2.327093 1.877480
v 1.863718 1.925726 0.132241
v 0.000000 2.265716 1.898684
v 2.037545 2.238116 1.947540
v 1.863037 2.361619 2.664683
v 1.863718 1.925726 0.132241
v 2.037545 2.238116 1.947540
v 2.286917 2.690762 1.730870
v 1.863037 2.361619 2.664683
v 2.037545 2.238116 1.947540
v 2.286917 2.690762 1.730870
v 2.037545 2.238116 1.947540
v 2.110244 2.363840 0.728302
v -1.342594 5.048442 -0.319625
v 0.037367 2.893838 -0.543580
v -1.616377 2.658336 -0.155798
v 0.248047 13.699961 3.825569
v 0.634502 13.082521 4.572364
v 0.364014 13.282271 3.757179
v 0.545074 13.177660 1.643808
v 0.634502 13.082521 4.572364
v 0.746159 13.002886 1.067213
v 0.364014 13.282271 3.757179
v 0.634502 13.082521 4.572364
v 0.337360 13.155872 3.679588
v 0.364014 13.282271 3.757179
v -0.283237 13.476835 3.841141
v 0.248047 13.699961 3.825569
v 0.364014 13.282271 3.757179
v -0.408463 13.198747 3.784924
v -0.283237 13.476835 3.841141
v -1.259436 12.912331 1.043463
v -1.256928 12.785285 38.086777
v -1.258988 12.912766 34.210724
v -1.258988 12.912766 34.210724
v -0.756347 12.996352 33.733845
v -1.259436 12.912331 1.043463
v -0.408463 13.198747 3.784924
v -0.662212 13.038025 4.602491
v -0.283237 13.476835 3.841141
v 1.373567 13.695565 2.878894
v 1.357473 13.439748 3.085998
v 1.568485 13.306752 2.850412
v 1.203546 14.043674 3.253894
v 1.219461 14.135902 1.324640
v 0.802606 13.998173 1.345103
v 1.886196 12.857866 2.944082
v 1.219461 14.135902 1.324640
v 1.203546 14.043674 3.253894
v 1.177992 13.728165 0.775395
v 1.104028 13.783902 2.928556
v 0.802606 13.998173 1.345103
v 1.886196 12.857866 2.944082
v 1.203546 14.043674 3.253894
v 1.485240 13.254142 2.944082
v 1.440807 12.894985 1.058959
v 1.104028 13.783902 2.928556
v 1.177992 13.728165 0.775395
v 1.886196 12.857866 2.944082
v 1.485240 13.254142 2.944082
v 1.788304 12.774423 2.932068
v 1.267254 12.857867 2.944082
v 1.788304 12.774423 2.932068
v 1.485240 13.254142 2.944082
v 1.290678 13.254142 2.944082
v 1.267254 12.857867 2.944082
v 1.485240 13.254142 2.944082
v 0.802606 13.998173 1.345103
v 1.104028 13.783902 2.928556
v 1.203546 14.043674 3.253894
v 1.389680 13.552023 2.712937
v 1.373567 13.695565 2.878894
v 1.568485 13.306752 2.850412
v 1.485240 13.254142 2.944082
v 1.203546 14.043674 3.253894
v 1.104028 13.783902 2.928556
v 1.308519 13.621362 3.067706
v 1.357473 13.439748 3.085998
v 1.373567 13.695565 2.878894
v 0.634502 13.082521 4.572364
v 0.545074 13.177660 1.643808
v 0.337360 13.155872 3.679588
v 1.267254 12.857867 2.944082
v 1.440807 12.894985 1.058959
v 1.805460 12.774502 1.139812
v -0.331374 13.383759 1.873305
v 0.337360 13.300501 2.139604
v 0.288537 13.412271 1.864176
v 0.337360 13.300501 2.139604
v -0.331374 13.383759 1.873305
v -0.337360 13.300501 2.139604
v 0.288537 13.412271 1.864176
v 0.337360 13.300501 2.139604
v 0.545074 13.177660 1.643808
v 1.104028 13.783902 2.928556
v 1.440807 12.894985 1.058959
v 1.485240 13.254142 2.944082
v 1.485240 13.254142 2.944082
v 1.440807 12.894985 1.058959
v 1.290678 13.254142 2.944082
v 1.290678 13.254142 2.944082
v 1.440807 12.894985 1.058959
v 1.267254 12.857867 2.944082
v 1.805460 12.774502 1.139812
v 1.788304 12.774423 2.932068
v 1.267254 12.857867 2.944082
v 0.337360 13.300501 2.139604
v 0.364014 13.282271 3.757179
v 0.337360 13.155872 3.679588
v 0.364014 13.282271 3.757179
v -0.337360 13.300501 2.139604
v -0.408463 13.198747 3.784924
v 1.308519 13.621362 3.067706
v -1.355583 13.407277 3.132077
v 1.357473 13.439748 3.085998
v 1.357473 13.439748 3.085998
v -1.355583 13.407277 3.132077
v 1.568485 13.306752 2.850412
v 1.568485 13.306752 2.850412
v -1.355583 13.407277 3.132077
v -1.372915 13.336137 2.809526
v 1.568485 13.306752 2.850412
v -1.372915 13.336137 2.809526
v 1.389680 13.552023 2.712937
v -0.337360 13.300501 2.139604
v 0.364014 13.282271 3.757179
v 0.337360 13.300501 2.139604
v 0.337360 13.155872 3.679588
v 0.545074 13.177660 1.643808
v 0.337360 13.300501 2.139604
v -1.259436 12.912331 1.043463
v -0.756347 12.996352 33.733845
v -0.662212 13.038025 4.602491
v -0.730233 13.144776 11.980922
v -0.662212 13.038025 4.602491
v -0.756347 12.996352 33.733845
v -0.730233 13.144776 11.980922
v -0.642177 13.088758 8.295251
v -0.662212 13.038025 4.602491
v -0.573074 15.886750 33.634483
v -1.022524 15.630788 33.634483
v -0.754020 16.048609 33.634483
v -1.167612 14.354664 33.729824
v -1.099986 15.516171 33.572674
v -0.855455 15.163108 33.634483
v 1.076435 17.464249 33.672298
v 0.754020 16.048609 33.634483
v 0.761083 17.646288 33.634068
v -1.022524 17.452822 33.634483
v -1.046868 17.251764 34.707684
v -0.753181 17.633202 33.577911
v -1.046868 17.251764 34.707684
v -0.751030 16.026758 35.083488
v -0.760893 17.393215 34.716682
v 0.754020 16.048609 33.634483
v 1.076435 17.464249 33.672298
v 1.022525 15.630788 33.634483
v -0.017640 15.973099 33.767143
v -0.088889 16.650028 33.840649
v 0.068767 16.631962 33.780972
v -0.754020 16.048609 33.634483
v -0.624899 15.892708 35.121868
v -0.573074 15.886750 33.634483
v -1.022524 17.452822 33.634483
v -1.022524 15.630788 33.634483
v -1.046868 17.251764 34.707684
v -0.751030 16.026758 35.083488
v -1.046868 17.251764 34.707684
v -1.044280 15.258194 35.098667
v -1.046868 17.251764 34.707684
v -1.022524 15.630788 33.634483
v -1.044280 15.258194 35.098667
v -1.143016 15.084718 34.944836
v -1.099986 15.516171 33.572674
v -1.167612 14.354664 33.729824
v -0.753181 17.633202 33.577911
v -1.046868 17.251764 34.707684
v -0.760893 17.393215 34.716682
v -0.624899 15.892708 35.121868
v -0.754020 16.048609 33.634483
v -0.751030 16.026758 35.083488
v -0.753181 17.633202 33.577911
v -0.751030 16.026758 35.083488
v -0.754020 16.048609 33.634483
v -0.031705 16.530287 34.503647
v -0.017640 15.973099 33.767143
v -0.008635 15.974086 34.865643
v -1.099986 15.516171 33.572674
v 0.960525 15.207315 33.592300
v -0.855455 15.163108 33.634483
v -0.031705 16.530287 34.503647
v -0.088889 16.650028 33.840649
v -0.017640 15.973099 33.767143
v -0.031705 16.530287 34.503647
v -0.017640 15.973099 33.767143
v 0.068767 16.631962 33.780972
v -0.017640 15.973099 33.767143
v -0.031705 16.530287 34.503647
v -0.008635 15.974086 34.865643
v -0.860481 14.900237 34.239388
v -0.855455 15.163108 33.634483
v 0.960525 15.207315 33.592300
v -1.099986 15.516171 33.572674
v 1.124653 15.545824 33.561134
v 0.960525 15.207315 33.592300
v -0.573074 15.886750 33.634483
v -0.099587 15.630788 33.634483
v -1.022524 15.630788 33.634483
v -0.099587 15.630788 33.634483
v -0.573074 15.886750 33.634483
v -0.017640 15.973099 33.767143
v -0.017640 15.973099 33.767143
v 0.573074 15.886750 33.634483
v -0.099587 15.630788 33.634483
v -1.044280 15.258194 35.098667
v -0.624899 15.892708 35.121868
v -0.751030 16.026758 35.083488
v -0.855455 15.163108 33.634483
v -0.855080 14.390927 33.653805
v -1.167612 14.354664 33.729824
v -0.860481 14.900237 34.239388
v -0.855080 14.390927 33.653805
v -0.855455 15.163108 33.634483
v -0.753181 17.633202 33.577911
v -0.754020 16.048609 33.634483
v -1.022524 17.452822 33.634483
v -1.022524 15.630788 33.634483
v -1.022524 17.452822 33.634483
v -0.754020 16.048609 33.634483
v -0.751030 16.026758 35.083488
v -0.753181 17.633202 33.577911
v -0.760893 17.393215 34.716682
v 0.001824 16.717348 34.363831
v 0.068767 16.631962 33.780972
v -0.088889 16.650028 33.840649
v -1.044280 15.258194 35.098667
v 0.919627 15.751465 35.110859
v -0.624899 15.892708 35.121868
v -0.088889 16.650028 33.840649
v -0.031705 16.530287 34.503647
v 0.001824 16.717348 34.363831
v -0.031705 16.530287 34.503647
v 0.068767 16.631962 33.780972
v 0.001824 16.717348 34.363831
v 1.022525 15.630788 33.634483
v -0.099587 15.630788 33.634483
v 0.573074 15.886750 33.634483
v 0.573074 15.886750 33.634483
v 0.754020 16.048609 33.634483
v 1.022525 15.630788 33.634483
v 0.573074 15.886750 33.634483
v 0.752270 16.027740 35.084045
v 0.754020 16.048609 33.634483
v 0.752270 16.027740 35.084045
v 0.573074 15.886750 33.634483
v 0.919627 15.751465 35.110859
v 0.752270 16.027740 35.084045
v 0.761083 17.646288 33.634068
v 0.754020 16.048609 33.634483
v 1.022525 15.630788 33.634483
v 1.033209 17.264555 34.719799
v 0.919627 15.751465 35.110859
v 1.033209 17.264555 34.719799
v 0.752270 16.027740 35.084045
v 0.919627 15.751465 35.110859
v 1.033209 17.264555 34.719799
v 1.022525 15.630788 33.634483
v 1.076435 17.464249 33.672298
v 0.761083 17.646288 33.634068
v 0.752270 16.027740 35.084045
v 0.768888 17.403637 34.722427
v 0.752270 16.027740 35.084045
v 1.033209 17.264555 34.719799
v 0.768888 17.403637 34.722427
v 0.919627 15.751465 35.110859
v -0.008635 15.974086 34.865643
v -0.624899 15.892708 35.121868
v 0.919627 15.751465 35.110859
v -0.017640 15.973099 33.767143
v -0.008635 15.974086 34.865643
v -0.017640 15.973099 33.767143
v 0.919627 15.751465 35.110859
v 0.573074 15.886750 33.634483
v -0.017640 15.973099 33.767143
v -0.624899 15.892708 35.121868
v -0.008635 15.974086 34.865643
v -0.017640 15.973099 33.767143
v -0.573074 15.886750 33.634483
v -0.624899 15.892708 35.121868
v -0.824507 14.339084 34.944317
v 1.141739 15.086147 34.947048
v -1.143016 15.084718 34.944836
v 0.761083 17.646288 33.634068
v 0.768888 17.403637 34.722427
v 1.076435 17.464249 33.672298
v 1.076435 17.464249 33.672298
v 0.768888 17.403637 34.722427
v 1.033209 17.264555 34.719799
v 1.141739 15.086147 34.947048
v -0.824507 14.339084 34.944317
v 0.827503 14.325379 34.944344
v 2.077924 7.871385 15.864245
v 2.091837 6.360759 15.937319
v 2.377734 7.839510 15.887105
v 2.077924 7.871385 15.864245
v 2.377734 7.839510 15.887105
v 2.377734 7.839510 15.684522
v 2.377734 7.839510 15.887105
v 2.376593 6.536827 15.686148
v 2.377734 7.839510 15.684522
v 2.377734 7.839510 15.684522
v 2.376593 6.536827 15.686148
v 2.401072 7.879596 13.392325
v 2.377734 7.839510 15.684522
v 2.000789 7.839510 13.275644
v 2.077924 7.871385 15.864245
v 2.376593 6.536827 15.686148
v 2.377734 7.839510 15.887105
v 2.091837 6.360759 15.937319
v 2.401072 7.879596 13.392325
v 2.000789 8.180293 12.745150
v 2.000789 7.839510 13.275644
v 2.000789 7.839510 13.275644
v 2.377734 7.839510 15.684522
v 2.401072 7.879596 13.392325
v 2.377734 6.461343 10.305048
v 2.401072 7.879596 13.392325
v 2.376593 6.536827 15.686148
v 2.401072 7.879596 13.392325
v 2.196375 8.187244 9.536277
v 2.000789 8.180293 12.745150
v 2.205073 7.381602 7.370908
v 2.192358 8.068255 3.216941
v 2.205073 8.180293 7.370802
v 1.884796 7.045587 7.175421
v 1.894860 9.721793 11.655533
v 1.895403 7.051477 16.071938
v 2.000787 7.381602 7.371253
v 2.018589 7.318573 3.234247
v 2.205073 7.381602 7.370908
v 2.205073 8.180293 7.370802
v 2.192358 8.068255 3.216941
v 2.036722 8.233894 3.052829
v 2.401072 7.879596 13.392325
v 2.377734 6.461343 10.305048
v 2.365264 7.380155 9.469809
v 2.205073 7.381602 7.370908
v 2.195097 7.506711 3.112185
v 2.192358 8.068255 3.216941
v 2.205073 7.381602 7.370908
v 2.018589 7.318573 3.234247
v 2.195097 7.506711 3.112185
v 2.482439 7.654246 3.293792
v 2.116617 8.132324 3.381707
v 2.092234 7.772967 3.375198
v 2.092234 7.772967 3.375198
v 2.116617 8.132324 3.381707
v 2.482439 7.654246 3.293792
v 1.882499 9.644404 7.112095
v 1.880918 10.442580 7.270289
v 1.894860 9.721793 11.655533
v 2.196375 8.187244 9.536277
v 2.401072 7.879596 13.392325
v 2.413283 8.133698 9.768809
v 2.413283 8.133698 9.768809
v 2.401072 7.879596 13.392325
v 2.365264 7.380155 9.469809
v 2.365264 7.380155 9.469809
v 2.377734 6.461343 10.305048
v 2.090899 6.322839 10.215788
v 1.567043 6.717659 7.181105
v 1.895403 7.051477 16.071938
v 1.567043 6.717661 17.471661
v 1.895403 7.051477 16.071938
v 1.567043 6.717659 7.181105
v 1.884796 7.045587 7.175421
v 2.365264 7.380155 9.469809
v 2.196375 8.187244 9.536277
v 2.413283 8.133698 9.768809
v 2.339970 8.008842 9.544502
v 2.310761 7.565635 9.523614
v 2.319108 7.507139 8.348678
v 2.319108 7.507139 8.348678
v 2.310761 7.565635 9.523614
v 2.129113 7.375070 8.722906
v 1.884796 7.045587 7.175421
v 1.882499 9.644404 7.112095
v 1.894860 9.721793 11.655533
v 2.274150 8.049074 8.583828
v 2.339970 8.008842 9.544502
v 2.319108 7.507139 8.348678
v 2.274150 8.049074 8.583828
v 2.127465 8.206623 8.590872
v 2.339970 8.008842 9.544502
v 2.305451 8.022189 7.411933
v 2.127465 8.206623 8.590872
v 2.274150 8.049074 8.583828
v 2.305451 8.022189 7.411933
v 2.274150 8.049074 8.583828
v 2.319108 7.507139 8.348678
v 2.127465 8.206623 8.590872
v 2.305451 8.180292 7.411933
v 2.000789 8.180292 7.411934
v 2.127465 8.206623 8.590872
v 2.305451 8.022189 7.411933
v 2.305451 8.180292 7.411933
v 2.000789 8.180292 7.411934
v 2.305451 8.180292 7.411933
v 2.305451 8.022189 7.411933
v 2.000789 8.180292 7.411934
v 2.305451 8.022189 7.411933
v 2.088113 7.405189 7.373012
v 2.000789 8.180292 7.371094
v 2.205073 7.381602 7.370908
v 2.205073 8.180293 7.370802
v 2.319108 7.507139 8.348678
v 2.129113 7.375070 8.722906
v 2.305451 7.381602 7.411933
v 2.129113 7.375070 8.722906
v 2.088113 7.405189 7.373012
v 2.305451 7.381602 7.411933
v 2.088113 7.405189 7.373012
v 2.305451 8.022189 7.411933
v 2.319108 7.507139 8.348678
v 2.088113 7.405189 7.373012
v 2.319108 7.507139 8.348678
v 2.305451 7.381602 7.411933
v 2.205073 7.381602 7.370908
v 2.000789 8.180292 7.371094
v 2.000787 7.381602 7.371253
v 2.182704 7.670280 2.793900
v 2.036722 8.233894 3.052829
v 2.192358 8.068255 3.216941
v 2.192358 8.068255 3.216941
v 2.195097 7.506711 3.112185
v 2.182704 7.670280 2.793900
v 1.420511 6.931026 7.181105
v 1.884796 7.045587 7.175421
v 1.567043 6.717659 7.181105
v -1.543825 6.931493 7.181105
v 1.420511 6.931026 7.181105
v 1.567043 6.717659 7.181105
v -0.493914 2.865537 31.052227
v -0.491705 2.864739 29.942041
v 0.479586 2.861294 29.951382
v -0.811973 3.142963 30.195007
v -0.493914 2.865537 31.052227
v -0.811973 3.142963 30.724915
v -0.493914 2.865537 31.052227
v -0.811973 3.142963 30.195007
v -0.491705 2.864739 29.942041
v -0.811973 3.142963 30.195007
v -1.939017 2.911445 29.998596
v -0.491705 2.864739 29.942041
v -1.924655 2.916094 29.802103
v -0.811973 3.142963 29.615273
v -0.491705 2.864739 29.942041
v -0.491705 2.864739 29.942041
v -1.939017 2.911445 29.998596
v -1.924655 2.916094 29.802103
v -1.939017 2.911445 29.998596
v -0.811973 3.142963 30.195007
v -1.908920 3.188560 30.217598
v -1.939017 2.911445 29.998596
v -1.908920 3.188560 30.217598
v -2.238782 3.154198 29.904627
v -0.811973 3.142963 29.615273
v -1.924655 2.916094 29.802103
v -1.905225 3.187934 29.591114
v -1.970328 3.266243 32.553234
v -1.989169 3.262689 29.455160
v -1.981447 3.149396 29.692812
v -1.939017 2.911445 29.998596
v -2.238782 3.154198 29.904627
v -1.924655 2.916094 29.802103
v -1.924655 2.916094 29.802103
v -2.238782 3.154198 29.904627
v -1.905225 3.187934 29.591114
v -2.388633 4.268823 27.600197
v -1.905531 3.188197 27.376587
v -2.238744 3.154142 27.690052
v -1.905531 3.188197 27.376587
v -2.388633 4.268823 27.600197
v -2.173179 4.531550 27.399466
v -2.388633 4.268823 27.600197
v -2.238744 3.154142 27.690052
v -2.384375 4.259017 27.772301
v 1.762679 3.135353 38.305935
v -1.722115 3.135656 32.339485
v 1.732183 3.129771 23.587221
v -0.491705 2.864739 29.942041
v 0.478119 2.861573 28.840178
v 0.479586 2.861294 29.951382
v 0.478119 2.861573 28.840178
v -0.491705 2.864739 29.942041
v -0.491432 2.864683 28.832481
v -2.173179 4.531550 27.399466
v -2.388633 4.268823 27.600197
v -2.167927 4.531521 27.979239
v 0.478119 2.861573 28.840178
v 0.811973 3.142963 27.980404
v 0.811973 3.142963 28.505630
v 0.478119 2.861573 28.840178
v 0.485696 2.862916 27.734394
v 0.811973 3.142963 27.980404
v 0.478119 2.861573 28.840178
v -0.491432 2.864683 28.832481
v 0.485696 2.862916 27.734394
v -0.491432 2.864683 28.832481
v -0.492262 2.864949 27.727182
v 0.485696 2.862916 27.734394
v -0.811973 3.142963 29.085365
v -0.491705 2.864739 29.942041
v -0.811973 3.142963 29.615273
v -0.491705 2.864739 29.942041
v -0.811973 3.142963 29.085365
v -0.491432 2.864683 28.832481
v -0.811973 3.142963 29.085365
v -1.939028 2.911445 28.888956
v -0.491432 2.864683 28.832481
v -0.491432 2.864683 28.832481
v -1.939028 2.911445 28.888956
v -1.924846 2.916116 28.692463
v -1.950094 3.271650 29.221754
v -1.981447 3.149396 29.692812
v -1.989169 3.262689 29.455160
v -1.939028 2.911445 28.888956
v -0.811973 3.142963 29.085365
v -1.908920 3.188560 29.107956
v -1.939028 2.911445 28.888956
v -1.908920 3.188560 29.107956
v -2.238755 3.154173 28.795010
v -1.939028 2.911445 28.888956
v -2.238755 3.154173 28.795010
v -1.924846 2.916116 28.692463
v -0.811973 3.142963 27.980404
v -0.491432 2.864683 28.832481
v -0.811973 3.142963 28.505630
v -1.924846 2.916116 28.692463
v -0.811973 3.142963 28.505630
v -0.491432 2.864683 28.832481
v -0.491432 2.864683 28.832481
v -0.811973 3.142963 27.980404
v -0.492262 2.864949 27.727182
v -0.811973 3.142963 27.980404
v -1.939042 2.911445 27.783993
v -0.492262 2.864949 27.727182
v -0.811973 3.142963 28.505630
v -1.924846 2.916116 28.692463
v -1.905530 3.188184 28.481556
v -1.924846 2.916116 28.692463
v -2.238755 3.154173 28.795010
v -1.905530 3.188184 28.481556
v -1.939042 2.911445 27.783993
v -0.811973 3.142963 27.980404
v -1.908920 3.188561 28.002995
v -1.939042 2.911445 27.783993
v -1.908920 3.188561 28.002995
v -2.238744 3.154142 27.690052
v -1.925001 2.916110 27.587543
v -0.811973 3.142963 27.400669
v -0.492262 2.864949 27.727182
v -0.811973 3.142963 26.880123
v -0.492262 2.864949 27.727182
v -0.811973 3.142963 27.400669
v -0.492262 2.864949 27.727182
v -1.939042 2.911445 27.783993
v -1.925001 2.916110 27.587543
v -0.811973 3.142963 27.400669
v -1.925001 2.916110 27.587543
v -1.905531 3.188197 27.376587
v -1.939042 2.911445 27.783993
v -2.238744 3.154142 27.690052
v -1.925001 2.916110 27.587543
v 1.732183 3.129771 23.587221
v -1.722115 3.135656 32.339485
v -1.745007 3.109817 23.628231
v -1.925001 2.916110 27.587543
v -2.238744 3.154142 27.690052
v -1.905531 3.188197 27.376587
v -1.981447 3.149396 29.692812
v -1.745007 3.109817 23.628231
v -1.722115 3.135656 32.339485
v -1.908920 3.188561 28.002995
v -2.384375 4.259017 27.772301
v -2.238744 3.154142 27.690052
v -2.388633 4.268824 28.705158
v -1.905530 3.188184 28.481556
v -2.238755 3.154173 28.795010
v -2.384375 4.259017 27.772301
v -1.908920 3.188561 28.002995
v -2.167927 4.531521 27.979239
v -1.905530 3.188184 28.481556
v -2.388633 4.268824 28.705158
v -2.173179 4.531551 28.504427
v -1.908920 3.188560 29.107956
v -2.384375 4.259017 28.877262
v -2.238755 3.154173 28.795010
v -1.534919 6.727939 21.080755
v -2.092828 6.306760 26.997169
v -1.556979 6.709268 38.497765
v -2.253072 4.789319 29.377274
v -1.950094 3.271650 29.221754
v -1.989169 3.262689 29.455160
v -2.388633 4.268824 28.705158
v -2.238755 3.154173 28.795010
v -2.384375 4.259017 28.877262
v -2.384375 4.259017 28.877262
v -1.908920 3.188560 29.107956
v -2.167927 4.531521 29.084200
v -2.167927 4.531521 27.979239
v -2.388633 4.268823 27.600197
v -2.384375 4.259017 27.772301
v -2.167927 4.531522 30.193842
v -2.388633 4.268824 29.814800
v -2.384375 4.259017 29.986904
v -2.173179 4.531551 29.614069
v -2.388633 4.268824 29.814800
v -2.167927 4.531522 30.193842
v -2.173179 4.531551 28.504427
v -2.388633 4.268824 28.705158
v -2.167927 4.531521 29.084200
v -2.167927 4.531521 29.084200
v -2.388633 4.268824 28.705158
v -2.384375 4.259017 28.877262
v -2.388633 4.268824 29.814800
v -1.905225 3.187934 29.591114
v -2.238782 3.154198 29.904627
v -2.384375 4.259017 29.986904
v -1.908920 3.188560 30.217598
v -2.167927 4.531522 30.193842
v -2.388633 4.268824 29.814800
v -2.238782 3.154198 29.904627
v -2.384375 4.259017 29.986904
v -1.905225 3.187934 29.591114
v -2.388633 4.268824 29.814800
v -2.173179 4.531551 29.614069
v -1.908920 3.188560 30.217598
v -2.384375 4.259017 29.986904
v -2.238782 3.154198 29.904627
v -1.970328 3.266243 32.553234
v -2.253072 4.789319 29.377274
v -1.989169 3.262689 29.455160
v 0.816305 2.730526 19.046383
v 0.607287 5.012917 20.169195
v 0.677496 2.659732 20.159977
v 0.386864 3.837162 20.416443
v 0.677496 2.659732 20.159977
v 0.607287 5.012917 20.169195
v 0.607287 5.012917 20.169195
v 0.816305 2.730526 19.046383
v 0.816507 4.999789 19.167356
v 2.298686 4.652819 17.290684
v 2.094319 6.307252 20.992804
v 2.268654 4.748797 24.564846
v -0.005804 2.814630 23.337914
v -1.935157 2.914250 23.360966
v -1.940703 2.890761 23.170630
v -1.745007 3.109817 23.628231
v 1.764153 3.055502 20.687767
v 1.732183 3.129771 23.587221
v -1.876150 3.154209 22.950563
v 1.828818 3.155348 22.969072
v -1.940703 2.890761 23.170630
v 0.677496 2.659732 20.159977
v 0.386864 3.837162 20.416443
v 0.380910 2.641205 20.408949
v 2.298686 4.652819 17.290684
v 2.268654 4.748797 24.564846
v 2.004464 3.256426 23.651482
v 1.950104 3.270386 22.969193
v 2.388633 4.268823 23.175669
v 2.235835 3.147061 23.265526
v 2.388633 4.268823 23.175669
v 1.950104 3.270386 22.969193
v 2.173179 4.531550 22.974937
v 2.384375 4.259016 23.347773
v 2.235835 3.147061 23.265526
v 2.388633 4.268823 23.175669
v 2.384375 4.259016 23.347773
v 1.908941 3.188620 23.578482
v 2.235835 3.147061 23.265526
v 1.908941 3.188620 23.578482
v 2.384375 4.259016 23.347773
v 2.167927 4.531521 23.554710
v 2.173179 4.531550 22.974937
v 2.167927 4.531521 23.554710
v 2.388633 4.268823 23.175669
v 2.388633 4.268823 23.175669
v 2.167927 4.531521 23.554710
v 2.384375 4.259016 23.347773
v 2.268654 4.748797 24.564846
v 2.094319 6.307252 20.992804
v 2.094786 6.303713 27.372318
v 1.526966 6.730621 21.098001
v 2.094786 6.303713 27.372318
v 2.094319 6.307252 20.992804
v 0.380910 2.641205 20.408949
v -0.044695 2.691091 19.314436
v 0.677496 2.659732 20.159977
v -0.811973 3.142962 23.555876
v -1.935157 2.914250 23.360966
v -0.005804 2.814630 23.337914
v -0.485504 2.863920 24.394918
v -0.811973 3.142962 23.555876
v -0.005804 2.814630 23.337914
v -0.811973 3.142962 23.555876
v -0.485504 2.863920 24.394918
v -0.811973 3.142962 24.071741
v -1.940703 2.890761 23.170630
v 1.929376 2.906553 23.173399
v -0.005804 2.814630 23.337914
v 0.677496 2.659732 20.159977
v -0.044695 2.691091 19.314436
v 0.816305 2.730526 19.046383
v 1.929376 2.906553 23.173399
v -1.940703 2.890761 23.170630
v 1.828818 3.155348 22.969072
v -0.979438 2.680812 19.169256
v 0.816305 2.730526 19.046383
v -0.044695 2.691091 19.314436
v -0.311225 2.379869 19.188881
v 0.396233 2.208734 19.060101
v 0.302930 2.608354 19.344860
v -0.485504 2.863920 24.394918
v -0.005804 2.814630 23.337914
v 0.475481 2.861151 24.405485
v 0.811973 3.142962 23.555876
v 0.475481 2.861151 24.405485
v -0.005804 2.814630 23.337914
v 1.939139 2.911575 23.359684
v 0.811973 3.142962 23.555876
v -0.005804 2.814630 23.337914
v 0.475481 2.861151 24.405485
v 0.811973 3.142962 23.555876
v 0.811973 3.142962 24.071741
v 1.931337 3.133979 22.655302
v 1.732183 3.129771 23.587221
v 1.764153 3.055502 20.687767
v 1.939139 2.911575 23.359684
v -0.005804 2.814630 23.337914
v 1.929376 2.906553 23.173399
v 1.950104 3.270386 22.969193
v 1.929376 2.906553 23.173399
v 1.828818 3.155348 22.969072
v 2.235835 3.147061 23.265526
v 1.939139 2.911575 23.359684
v 1.929376 2.906553 23.173399
v 1.929376 2.906553 23.173399
v 1.950104 3.270386 22.969193
v 2.235835 3.147061 23.265526
v 0.811973 3.142962 23.555876
v 1.939139 2.911575 23.359684
v 1.908941 3.188620 23.578482
v 1.939139 2.911575 23.359684
v 2.235835 3.147061 23.265526
v 1.908941 3.188620 23.578482
v 1.931337 3.133979 22.655302
v 2.004464 3.256426 23.651482
v 1.732183 3.129771 23.587221
v 1.925001 2.916110 24.258615
v 0.811973 3.142962 24.071741
v 1.905531 3.188196 24.047661
v 0.811973 3.142962 24.071741
v 1.925001 2.916110 24.258615
v 0.475481 2.861151 24.405485
v 0.055197 -10.202206 11.681554
v -1.057844 -10.340364 11.807287
v -0.980001 -10.202314 11.815477
v -1.184718 -9.821075 16.055309
v -1.050750 -10.786559 11.821636
v -1.184177 -10.813559 11.875857
v -1.184718 -9.821075 16.055309
v -1.184177 -10.813559 11.875857
v -1.050750 -10.786559 11.821636
v -1.154403 -9.936694 15.088258
v -1.057844 -10.340364 11.807287
v -1.050750 -10.786559 11.821636
v -1.041190 -9.636830 14.762796
v -0.980001 -10.202314 11.815477
v -1.057844 -10.340364 11.807287
v 1.035372 -10.794353 11.902787
v 0.055197 -10.202206 11.681554
v 0.899933 -7.220664 11.259010
v 0.984322 -7.474083 11.385453
v 1.035372 -10.794353 11.902787
v 0.899933 -7.220664 11.259010
v 0.055197 -10.202206 11.681554
v -0.980001 -10.202314 11.815477
v -0.950672 -6.272799 11.121128
v -1.057844 -10.340364 11.807287
v -1.154403 -9.936694 15.088258
v -1.041190 -9.636830 14.762796
v -0.989214 -2.273845 10.748410
v -0.984806 -6.151481 15.460281
v -0.984177 1.054492 16.062096
v -1.039994 -6.716764 15.738141
v -0.984806 -6.151481 15.460281
v -1.040286 -7.972308 15.718954
v -0.984177 1.054492 16.062096
v -0.985783 1.054382 10.655076
v -0.989214 -2.273845 10.748410
v -1.184718 -9.821075 16.055309
v -1.050750 -10.786559 11.821636
v -1.038119 -9.790615 16.211525
v 0.984077 -3.645651 10.907359
v 0.984322 -7.474083 11.385453
v 0.989515 -3.608532 10.723459
v 0.984077 -3.645651 10.907359
v 0.984885 -6.586486 15.432803
v 0.984322 -7.474083 11.385453
v -0.984806 -6.151481 15.460281
v -0.989214 -2.273845 10.748410
v -0.980001 -10.202314 11.815477
v 0.989515 -3.608532 10.723459
v 0.984322 -7.474083 11.385453
v 0.899933 -7.220664 11.259010
v 0.989515 -3.608532 10.723459
v 0.899933 -7.220664 11.259010
v 0.055197 -10.202206 11.681554
v -0.950672 -6.272799 11.121128
v 0.989515 -3.608532 10.723459
v 0.055197 -10.202206 11.681554
v -0.980001 -10.202314 11.815477
v -0.989214 -2.273845 10.748410
v -0.950672 -6.272799 11.121128
v 0.984527 1.052229 10.709857
v 0.984077 -3.645651 10.907359
v 0.817261 1.042562 10.700428
v -1.050750 -10.786559 11.821636
v -1.184718 -9.821075 16.055309
v -1.154403 -9.936694 15.088258
v -0.987645 -8.363103 14.359025
v -0.980001 -10.202314 11.815477
v -1.041190 -9.636830 14.762796
v 0.984527 1.052229 10.709857
v 0.984885 -6.586486 15.432803
v 0.984077 -3.645651 10.907359
v 0.817261 1.042562 10.700428
v 0.984077 -3.645651 10.907359
v 0.989515 -3.608532 10.723459
v -0.989214 -2.273845 10.748410
v 0.817261 1.042562 10.700428
v 0.989515 -3.608532 10.723459
v 0.989515 -3.608532 10.723459
v -0.950672 -6.272799 11.121128
v -0.989214 -2.273845 10.748410
v -1.040286 -7.972308 15.718954
v -1.086197 -9.357712 15.989797
v -1.039994 -6.716764 15.738141
v -1.116197 -9.623418 16.375870
v -1.050285 -9.055229 17.333754
v -1.039994 -6.716764 15.738141
v -1.086197 -9.357712 15.989797
v -1.116197 -9.623418 16.375870
v -1.039994 -6.716764 15.738141
v -1.028837 -8.362935 14.612267
v -1.086197 -9.357712 15.989797
v -1.040286 -7.972308 15.718954
v -1.184718 -9.821075 16.055309
v -1.116197 -9.623418 16.375870
v -1.154403 -9.936694 15.088258
v -1.086197 -9.357712 15.989797
v -1.154403 -9.936694 15.088258
v -1.116197 -9.623418 16.375870
v -1.038119 -9.790615 16.211525
v -1.116197 -9.623418 16.375870
v -1.184718 -9.821075 16.055309
v -0.987645 -8.363103 14.359025
v -1.040286 -7.972308 15.718954
v -0.984806 -6.151481 15.460281
v -1.040286 -7.972308 15.718954
v -0.987645 -8.363103 14.359025
v -1.028837 -8.362935 14.612267
v -0.980001 -10.202314 11.815477
v -0.987645 -8.363103 14.359025
v -0.984806 -6.151481 15.460281
v -1.028837 -8.362935 14.612267
v -0.987645 -8.363103 14.359025
v -1.041190 -9.636830 14.762796
v -1.041190 -9.636830 14.762796
v -1.154403 -9.936694 15.088258
v -1.028837 -8.362935 14.612267
v -1.154403 -9.936694 15.088258
v -1.086197 -9.357712 15.989797
v -1.028837 -8.362935 14.612267
v -0.036577 -9.923049 15.605711
v -0.094062 -9.534276 15.602077
v -0.252284 -9.968969 15.861746
v 0.317662 -9.977135 15.827188
v -0.094062 -9.534276 15.602077
v -0.036577 -9.923049 15.605711
v -0.057046 -10.081132 16.159990
v -0.207068 -10.112766 15.879512
v 0.199586 -10.060338 15.919200
v -0.362616 -9.531709 15.706949
v 0.227249 -9.607372 15.676171
v 0.117595 -10.090714 15.686545
v 0.227249 -9.607372 15.676171
v 0.199586 -10.060338 15.919200
v 0.117595 -10.090714 15.686545
v -0.094062 -9.534276 15.602077
v 0.317662 -9.977135 15.827188
v 0.259468 -9.439813 15.862960
v -0.362616 -9.531709 15.706949
v -0.207068 -10.112766 15.879512
v -0.057046 -10.081132 16.159990
v -0.252284 -9.968969 15.861746
v -0.094062 -9.534276 15.602077
v -0.090960 -9.416915 16.011730
v 0.117595 -10.090714 15.686545
v -0.207068 -10.112766 15.879512
v -0.362616 -9.531709 15.706949
v 0.040076 -9.953424 15.894118
v 0.259468 -9.439813 15.862960
v 0.317662 -9.977135 15.827188
v -0.090960 -9.416915 16.011730
v -0.094062 -9.534276 15.602077
v 0.259468 -9.439813 15.862960
v 0.259468 -9.439813 15.862960
v 0.040076 -9.953424 15.894118
v -0.090960 -9.416915 16.011730
v -0.090960 -9.416915 16.011730
v 0.040076 -9.953424 15.894118
v -0.252284 -9.968969 15.861746
v 0.140662 -9.523783 16.029438
v -0.362616 -9.531709 15.706949
v -0.057046 -10.081132 16.159990
v 0.140662 -9.523783 16.029438
v 0.199586 -10.060338 15.919200
v 0.227249 -9.607372 15.676171
v 0.199586 -10.060338 15.919200
v 0.140662 -9.523783 16.029438
v -0.057046 -10.081132 16.159990
v -1.385586 7.225670 12.682169
v -1.481449 7.279263 11.153577
v -1.137141 7.412899 11.221402
v -1.385586 7.225670 12.682169
v -1.395370 7.541203 11.100560
v -1.481449 7.279263 11.153577
v -0.932405 7.557014 11.088466
v -1.395370 7.541203 11.100560
v -0.891197 7.611223 12.896635
v -0.862706 7.279188 12.690477
v -0.865356 7.262366 11.119172
v -1.099833 7.297007 10.994865
v -1.270033 7.806003 15.193647
v -1.212493 7.833172 12.599920
v -1.275583 7.112724 12.773618
v 1.221750 7.519707 10.739430
v -1.289366 7.767332 10.780016
v -0.842312 7.757724 11.005059
v -0.842312 7.757724 11.005059
v -1.289366 7.767332 10.780016
v -1.099833 7.297007 10.994865
v -1.149917 7.382728 12.659460
v -1.137141 7.412899 11.221402
v -0.917693 7.278252 11.099480
v -1.250273 7.024193 9.773007
v -1.099833 7.297007 10.994865
v -1.289366 7.767332 10.780016
v -1.797719 8.183223 7.212502
v -1.902627 7.351628 14.363956
v -1.802364 7.337669 10.641932
v -1.902627 7.351628 14.363956
v -1.928311 9.287497 7.420564
v -1.875676 7.068147 10.634012
v -0.849957 7.760513 11.137685
v -0.842312 7.757724 11.005059
v -0.865356 7.262366 11.119172
v -0.932405 7.557014 11.088466
v -0.917693 7.278252 11.099480
v -1.137141 7.412899 11.221402
v -0.932405 7.557014 11.088466
v -0.891197 7.611223 12.896635
v -0.917693 7.278252 11.099480
v -0.862706 7.279188 12.690477
v -0.849957 7.760513 11.137685
v -0.865356 7.262366 11.119172
v -0.856348 7.751737 12.731165
v -0.842312 7.757724 11.005059
v -0.849957 7.760513 11.137685
v -1.395370 7.541203 11.100560
v -0.932405 7.557014 11.088466
v -1.137141 7.412899 11.221402
v 0.658743 8.248020 24.603416
v 0.175039 7.991861 1.838425
v 0.811085 8.392664 1.865709
v -1.149917 7.382728 12.659460
v -1.395370 7.541203 11.100560
v -1.385586 7.225670 12.682169
v -1.099833 7.297007 10.994865
v -1.275583 7.112724 12.773618
v -0.931694 7.178383 12.800583
v -1.137141 7.412899 11.221402
v -1.149917 7.382728 12.659460
v -1.385586 7.225670 12.682169
v -1.149917 7.382728 12.659460
v -1.388889 7.534185 12.751554
v -1.395370 7.541203 11.100560
v -1.388889 7.534185 12.751554
v -0.891197 7.611223 12.896635
v -1.395370 7.541203 11.100560
v -1.099833 7.297007 10.994865
v -0.931694 7.178383 12.800583
v -0.862706 7.279188 12.690477
v -0.917693 7.278252 11.099480
v -0.891197 7.611223 12.896635
v -1.149917 7.382728 12.659460
v 1.262884 7.021997 9.798968
v 0.618666 8.090357 9.821937
v 1.166683 9.030693 9.801003
v -1.289366 7.767332 10.780016
v 1.221750 7.519707 10.739430
v -1.222572 7.670299 10.399466
v -0.849957 7.760513 11.137685
v -0.862706 7.279188 12.690477
v -0.856348 7.751737 12.731165
v -0.721080 7.662711 15.180665
v 1.221750 7.519707 10.739430
v -0.842312 7.757724 11.005059
v -0.891197 7.611223 12.896635
v -1.388889 7.534185 12.751554
v -1.149917 7.382728 12.659460
v -1.212493 7.833172 12.599920
v -0.931694 7.178383 12.800583
v -1.275583 7.112724 12.773618
v -1.875676 7.068147 10.634012
v -1.928311 9.287497 7.420564
v -1.909504 7.034184 7.250540
v -0.931694 7.178383 12.800583
v -0.856348 7.751737 12.731165
v -0.862706 7.279188 12.690477
v -0.856348 7.751737 12.731165
v -0.931694 7.178383 12.800583
v -1.212493 7.833172 12.599920
v -0.721080 7.662711 15.180665
v -0.842312 7.757724 11.005059
v -0.856348 7.751737 12.731165
v 1.269389 7.553207 15.112828
v 1.262884 7.021997 9.798968
v 1.221750 7.519707 10.739430
v 1.259125 7.677371 10.387227
v -1.222572 7.670299 10.399466
v 1.221750 7.519707 10.739430
v -1.137141 7.412899 11.221402
v -1.481449 7.279263 11.153577
v -1.395370 7.541203 11.100560
v 0.638153 8.072375 10.215703
v 0.618666 8.090357 9.821937
v -0.357071 7.893420 10.290735
v -1.222572 7.670299 10.399466
v 1.259125 7.677371 10.387227
v -0.357071 7.893420 10.290735
v -0.357071 7.893420 10.290735
v 1.259125 7.677371 10.387227
v 0.638153 8.072375 10.215703
v 1.262884 7.021997 9.798968
v 1.259125 7.677371 10.387227
v 1.221750 7.519707 10.739430
v 1.262884 7.021997 9.798968
v 1.251249 8.121749 10.215990
v 1.259125 7.677371 10.387227
v 1.262884 7.021997 9.798968
v 1.166683 9.030693 9.801003
v 1.251249 8.121749 10.215990
v 0.638153 8.072375 10.215703
v 1.259125 7.677371 10.387227
v 1.251249 8.121749 10.215990
v -0.842312 7.757724 11.005059
v -1.099833 7.297007 10.994865
v -0.865356 7.262366 11.119172
v -1.902627 7.351628 14.363956
v -1.875676 7.068147 10.634012
v -1.802364 7.337669 10.641932
v -1.275583 7.112724 12.773618
v -1.250273 7.024193 9.773007
v -1.265475 7.020989 16.101255
v -1.250273 7.024193 9.773007
v -1.275583 7.112724 12.773618
v -1.099833 7.297007 10.994865
v -1.265475 7.020989 16.101255
v -1.262387 8.026921 15.584804
v -1.218145 7.631318 15.354825
v -1.262387 8.026921 15.584804
v -1.265475 7.020989 16.101255
v -1.261196 7.779150 16.097534
v -1.261196 7.779150 16.097534
v -1.265475 7.020989 16.101255
v -1.224204 7.185189 17.415230
v 0.073908 7.959883 24.604807
v 0.175039 7.991861 1.838425
v 0.658743 8.248020 24.603416
v 1.221750 7.519707 10.739430
v -0.721080 7.662711 15.180665
v 1.269389 7.553207 15.112828
v -1.218145 7.631318 15.354825
v -0.721080 7.662711 15.180665
v -1.270033 7.806003 15.193647
v -1.265475 7.020989 16.101255
v -1.218145 7.631318 15.354825
v -1.270033 7.806003 15.193647
v -1.275583 7.112724 12.773618
v -1.265475 7.020989 16.101255
v -1.270033 7.806003 15.193647
v -1.212493 7.833172 12.599920
v -1.270033 7.806003 15.193647
v -0.721080 7.662711 15.180665
v -1.212493 7.833172 12.599920
v -0.721080 7.662711 15.180665
v -0.856348 7.751737 12.731165
v 2.075736 12.315656 0.417843
v 1.182368 13.727890 -2.587033
v 1.182367 13.727890 0.417843
v -0.718609 14.041800 -2.179128
v 0.607753 13.230597 -2.709197
v -0.634790 13.230597 -2.709197
v -1.182368 13.727890 -2.587033
v -2.075736 12.315656 0.417843
v -1.091473 13.866451 0.386581
v -0.897666 13.912577 -2.363528
v -0.634790 13.230597 -2.709197
v -0.856739 13.078592 -2.893193
v 2.074542 12.359523 -3.466775
v 1.182368 13.727890 -2.587033
v 2.075736 12.315656 0.417843
v -1.929891 12.369036 -3.356965
v -0.846374 12.934713 -3.110795
v -1.785505 12.390739 -3.477035
v -2.080060 12.264962 -3.305866
v -1.182368 13.727890 -2.587033
v -1.929891 12.369036 -3.356965
v -0.846374 12.934713 -3.110795
v -1.929891 12.369036 -3.356965
v -1.182368 13.727890 -2.587033
v -1.182368 13.727890 -2.587033
v -0.856739 13.078592 -2.893193
v -0.846374 12.934713 -3.110795
v -1.182368 13.727890 -2.587033
v -2.080060 12.264962 -3.305866
v -2.075736 12.315656 0.417843
v -0.856739 13.078592 -2.893193
v -1.182368 13.727890 -2.587033
v -0.897666 13.912577 -2.363528
v -1.091473 13.866451 0.386581
v -0.897666 13.912577 -2.363528
v -1.182368 13.727890 -2.587033
v -1.091473 13.866451 0.386581
v -0.718609 14.041800 -2.179128
v -0.897666 13.912577 -2.363528
v -0.718609 14.041800 -2.179128
v -1.091473 13.866451 0.386581
v -0.718609 14.041800 0.417843
v -0.899893 14.827966 -1.623181
v -0.929775 14.272546 -1.948443
v -0.861755 14.538256 0.889666
v -0.899893 14.827966 -1.623181
v -0.861755 14.538256 0.889666
v -0.905525 14.943012 -0.198392
v -0.718609 14.041800 -2.179128
v -0.634790 13.230597 -2.709197
v -0.897666 13.912577 -2.363528
v 0.998106 12.973489 -3.079047
v -1.785505 12.390739 -3.477035
v -0.846374 12.934713 -3.110795
v -0.718609 14.041800 -2.179128
v 0.718609 14.041800 -2.179128
v 0.607753 13.230597 -2.709197
v -1.785505 12.390739 -3.477035
v 0.998106 12.973489 -3.079047
v 2.074542 12.359523 -3.466775
v 0.609491 13.066515 -2.950017
v -0.846374 12.934713 -3.110795
v -0.856739 13.078592 -2.893193
v -0.634790 13.230597 -2.709197
v 0.607753 13.230597 -2.709197
v -0.856739 13.078592 -2.893193
v -0.846374 12.934713 -3.110795
v 0.609491 13.066515 -2.950017
v 0.998106 12.973489 -3.079047
v -0.856739 13.078592 -2.893193
v 0.607753 13.230597 -2.709197
v 0.609491 13.066515 -2.950017
v 0.998106 12.973489 -3.079047
v 0.609491 13.066515 -2.950017
v 0.875916 13.850253 -2.493439
v 0.607753 13.230597 -2.709197
v 0.875916 13.850253 -2.493439
v 0.609491 13.066515 -2.950017
v 1.182368 13.727890 -2.587033
v 0.998106 12.973489 -3.079047
v 0.875916 13.850253 -2.493439
v 2.074542 12.359523 -3.466775
v 0.998106 12.973489 -3.079047
v 1.182368 13.727890 -2.587033
v 0.918061 14.266404 -1.996678
v -0.929775 14.272546 -1.948443
v -0.899893 14.827966 -1.623181
v -0.929775 14.272546 -1.948443
v 1.095232 14.209497 -1.988684
v -1.097532 14.212152 -1.963430
v 0.875916 13.850253 -2.493439
v 0.607753 13.230597 -2.709197
v 0.718609 14.041800 -2.179128
v 0.875916 13.850253 -2.493439
v 1.182367 13.727890 0.417843
v 1.182368 13.727890 -2.587033
v 1.095232 14.209497 -1.988684
v -0.929775 14.272546 -1.948443
v 0.918061 14.266404 -1.996678
v -0.899893 14.827966 -1.623181
v 0.888071 14.811164 -1.614267
v 0.918061 14.266404 -1.996678
v -0.718609 14.041800 -2.179128
v -0.718609 14.041800 0.417843
v 0.718609 14.041800 -2.179128
v 0.718609 14.041800 -2.179128
v -0.718609 14.041800 0.417843
v 0.718609 14.041800 0.417843
v 0.718609 14.041800 -2.179128
v 1.182367 13.727890 0.417843
v 0.875916 13.850253 -2.493439
v 1.182367 13.727890 0.417843
v 0.718609 14.041800 -2.179128
v 0.718609 14.041800 0.417843
v 0.918061 14.266404 -1.996678
v 0.947763 14.192019 1.317062
v 1.095232 14.209497 -1.988684
v 0.918061 14.266404 -1.996678
v 0.888071 14.811164 -1.614267
v 0.852416 14.565263 0.982486
v 0.888071 14.811164 -1.614267
v -0.899893 14.827966 -1.623181
v -0.905525 14.943012 -0.198392
v 0.009290 15.044715 0.055123
v 0.888336 15.150057 0.283330
v -0.905525 14.943012 -0.198392
v 0.888071 14.811164 -1.614267
v -0.905525 14.943012 -0.198392
v 0.888336 15.150057 0.283330
v 0.888071 14.811164 -1.614267
v 0.888336 15.150057 0.283330
v 0.852416 14.565263 0.982486
v 0.937888 8.938472 1.693747
v 0.891963 9.227213 24.603416
v 0.967760 8.894544 24.505404
v 0.658745 9.626478 24.603416
v 0.175007 9.882644 1.838424
v 0.089543 9.913737 24.603577
v 0.656282 9.678121 16.208813
v 0.726546 9.650394 16.020321
v 0.564742 10.058680 16.200218
v 1.285773 9.785229 15.878948
v 0.882082 9.789671 15.737575
v 0.726546 9.650394 16.020321
v 0.882082 9.789671 15.737575
v 0.564742 10.058680 16.200218
v 0.726546 9.650394 16.020321
v 1.285773 9.785229 15.878948
v 0.881858 9.789759 15.556379
v 0.882082 9.789671 15.737575
v 0.726546 9.650394 16.020321
v 1.069545 8.943521 16.040686
v 1.285773 9.785229 15.878948
v -0.199055 10.193998 16.204161
v 0.241440 9.915821 16.201406
v 0.564742 10.058680 16.200218
v 0.564742 10.058680 16.200218
v 0.241440 9.915821 16.201406
v 0.656282 9.678121 16.208813
v 0.726546 9.650394 16.020321
v 0.656282 9.678121 16.208813
v 0.717953 9.659827 15.955407
v -0.199055 10.193998 16.204161
v -0.778687 9.700640 16.036842
v 0.241440 9.915821 16.201406
v 0.810552 9.482351 1.865787
v 0.658745 9.626478 24.603416
v 0.891963 9.227213 24.603416
v 0.658743 8.248020 24.603416
v 0.811085 8.392664 1.865709
v 0.967760 8.894544 24.505404
v 0.536242 9.482527 1.838959
v 0.709009 9.167769 24.603416
v 0.389038 9.616047 24.603823
v 1.069545 8.943521 16.040686
v 1.274674 8.493587 16.062370
v 1.285773 9.785229 15.878948
v 1.274674 8.493587 16.062370
v 1.069545 8.943521 16.040686
v 0.639815 7.953116 16.103830
v 1.260227 8.242146 15.592300
v 1.285773 9.785229 15.878948
v 1.274674 8.493587 16.062370
v 1.069545 8.943521 16.040686
v 0.973818 8.667712 15.251795
v 0.639815 7.953116 16.103830
v 0.973818 8.667712 15.251795
v 0.642995 8.076106 15.607356
v 0.639815 7.953116 16.103830
v 1.274674 8.493587 16.062370
v 0.639815 7.953116 16.103830
v 1.264101 7.780138 16.099785
v 1.260227 8.242146 15.592300
v 1.274674 8.493587 16.062370
v 1.264101 7.780138 16.099785
v 0.703724 9.912984 10.317457
v 0.564742 10.058680 16.200218
v 0.882082 9.789671 15.737575
v 0.726546 9.650394 16.020321
v 1.166683 9.030693 9.801003
v 1.069545 8.943521 16.040686
v 1.277957 9.795641 9.904516
v 0.881858 9.789759 15.556379
v 1.285773 9.785229 15.878948
v 0.881858 9.789759 15.556379
v 0.703724 9.912984 10.317457
v 0.882082 9.789671 15.737575
v 0.033482 10.221691 10.245866
v -0.199055 10.193998 16.204161
v 0.564742 10.058680 16.200218
v 0.672096 9.760178 10.257030
v 0.656282 9.678121 16.208813
v 0.241440 9.915821 16.201406
v 0.656282 9.678121 16.208813
v 0.672096 9.760178 10.257030
v 0.717953 9.659827 15.955407
v 0.715470 9.661485 10.259748
v 0.726546 9.650394 16.020321
v 0.717953 9.659827 15.955407
v -0.778687 9.700640 16.036842
v -0.155919 9.926304 10.267986
v 0.241440 9.915821 16.201406
v 0.175007 9.882644 1.838424
v -0.474288 9.777512 15.377632
v 0.089543 9.913737 24.603577
v 0.971055 8.684463 10.668176
v 0.971599 8.669047 10.713170
v 0.973818 8.667712 15.251795
v 0.971055 8.684463 10.668176
v 1.069545 8.943521 16.040686
v 1.166683 9.030693 9.801003
v 1.277856 8.666177 15.141851
v 0.971599 8.669047 10.713170
v 1.279910 8.656118 10.708967
v 1.279910 8.656118 10.708967
v 1.166683 9.030693 9.801003
v 1.285773 9.785229 15.878948
v 0.696641 9.727814 9.880134
v 0.726546 9.650394 16.020321
v 0.715470 9.661485 10.259748
v 0.717953 9.659827 15.955407
v 0.672096 9.760178 10.257030
v 0.715470 9.661485 10.259748
v 1.166683 9.030693 9.801003
v 0.726546 9.650394 16.020321
v 0.696641 9.727814 9.880134
v 1.277957 9.795641 9.904516
v 1.285773 9.785229 15.878948
v 1.166683 9.030693 9.801003
v 0.703724 9.912984 10.317457
v 0.881858 9.789759 15.556379
v 1.277957 9.795641 9.904516
v -0.778687 9.700640 16.036842
v -0.822240 9.744634 10.228106
v -0.155919 9.926304 10.267986
v 0.241440 9.915821 16.201406
v -0.155919 9.926304 10.267986
v 0.672096 9.760178 10.257030
v 0.536242 9.482527 1.838959
v 0.389038 9.616047 24.603823
v 0.021887 9.710196 1.839329
v 0.033482 10.221691 10.245866
v 0.564742 10.058680 16.200218
v 0.703724 9.912984 10.317457
v 1.285773 9.785229 15.878948
v 1.260227 8.242146 15.592300
v 1.277856 8.666177 15.141851
v -0.433758 9.782166 1.838712
v -0.474288 9.777512 15.377632
v 0.175007 9.882644 1.838424
v 0.973818 8.667712 15.251795
v 1.277856 8.666177 15.141851
v 1.260227 8.242146 15.592300
v 0.642995 8.076106 15.607356
v 0.973818 8.667712 15.251795
v 1.260227 8.242146 15.592300
v 1.277856 8.666177 15.141851
v 1.279910 8.656118 10.708967
v 1.285773 9.785229 15.878948
v 0.810552 9.482351 1.865787
v 0.891963 9.227213 24.603416
v 0.937888 8.938472 1.693747
v 1.277957 9.795641 9.904516
v 0.672096 9.760178 10.257030
v 0.703724 9.912984 10.317457
v 0.672096 9.760178 10.257030
v 1.277957 9.795641 9.904516
v 0.696641 9.727814 9.880134
v 0.696641 9.727814 9.880134
v 1.277957 9.795641 9.904516
v 1.166683 9.030693 9.801003
v -0.003487 9.687286 14.662765
v 0.021887 9.710196 1.839329
v 0.389038 9.616047 24.603823
v 0.672096 9.760178 10.257030
v 0.033482 10.221691 10.245866
v 0.703724 9.912984 10.317457
v 0.672096 9.760178 10.257030
v 0.696641 9.727814 9.880134
v 0.715470 9.661485 10.259748
v -0.155919 9.926304 10.267986
v 0.033482 10.221691 10.245866
v 0.672096 9.760178 10.257030
v 0.033482 10.221691 10.245866
v -0.155919 9.926304 10.267986
v -0.822240 9.744634 10.228106
v 0.175007 9.882644 1.838424
v 0.658745 9.626478 24.603416
v 0.810552 9.482351 1.865787
v 0.971599 8.669047 10.713170
v 0.971055 8.684463 10.668176
v 1.279910 8.656118 10.708967
v 1.279910 8.656118 10.708967
v 0.971055 8.684463 10.668176
v 1.251249 8.121749 10.215990
v 1.166683 9.030693 9.801003
v 1.279910 8.656118 10.708967
v 1.251249 8.121749 10.215990
v 0.618666 8.090357 9.821937
v 0.971055 8.684463 10.668176
v 1.166683 9.030693 9.801003
v 0.618666 8.090357 9.821937
v 0.638153 8.072375 10.215703
v 0.971055 8.684463 10.668176
v 0.638153 8.072375 10.215703
v 1.251249 8.121749 10.215990
v 0.971055 8.684463 10.668176
v 1.069545 8.943521 16.040686
v 0.971055 8.684463 10.668176
v 0.973818 8.667712 15.251795
v 0.973818 8.667712 15.251795
v 0.971599 8.669047 10.713170
v 1.277856 8.666177 15.141851
v 0.967760 8.894544 24.505404
v 0.811085 8.392664 1.865709
v 0.937888 8.938472 1.693747
v 2.117949 9.610271 -11.208034
v -2.097237 9.611610 -11.208425
v 0.000000 9.612507 -11.453696
v 1.992428 8.259304 -9.274284
v -1.863177 8.258147 -9.268158
v -2.052516 8.268429 -10.490587
v 1.992428 8.259304 -9.274284
v -2.052516 8.268429 -10.490587
v 1.918432 8.261786 -10.519315
v 0.000000 9.612507 -11.453696
v -2.097237 9.611610 -11.208425
v 2.060805 9.613356 -10.174271
v -2.077453 11.492789 -6.186592
v -2.092248 11.260721 -10.148425
v -2.097237 9.651133 -10.148416
v -2.097237 9.611610 -10.170466
v 2.060805 9.613356 -10.174271
v -2.097237 9.611610 -11.208425
v 0.918236 7.017337 -12.112285
v 1.809626 7.566591 -12.675539
v 1.536627 7.461746 -12.288036
v 1.809626 7.566591 -12.675539
v 2.134254 8.301263 -12.726906
v 1.536627 7.461746 -12.288036
v 1.877893 7.757795 -11.990893
v 0.918236 7.017337 -12.112285
v 1.536627 7.461746 -12.288036
v 1.877893 7.757795 -11.990893
v 1.536627 7.461746 -12.288036
v 2.134254 8.301263 -12.726906
v 1.688073 8.163411 -10.693777
v 0.892820 7.490459 -11.445411
v 0.918236 7.017337 -12.112285
v 1.918432 8.261786 -10.519315
v 0.918236 7.017337 -12.112285
v 1.877893 7.757795 -11.990893
v 0.918236 7.017337 -12.112285
v 1.918432 8.261786 -10.519315
v 1.688073 8.163411 -10.693777
v 2.096747 8.499534 -11.095203
v 1.877893 7.757795 -11.990893
v 2.134254 8.301263 -12.726906
v 1.877893 7.757795 -11.990893
v 2.096747 8.499534 -11.095203
v 1.918432 8.261786 -10.519315
v 1.992428 8.259304 -9.274284
v 1.918432 8.261786 -10.519315
v 2.096747 8.499534 -11.095203
v 2.096747 8.499534 -11.095203
v 2.097173 9.391306 -10.028009
v 2.097237 8.521307 -9.443596
v 2.096747 8.499534 -11.095203
v 2.097237 8.521307 -9.443596
v 1.992428 8.259304 -9.274284
v 2.117949 9.610271 -11.208034
v 0.000000 9.612507 -11.453696
v 2.060805 9.613356 -10.174271
v 2.097173 9.391306 -10.028009
v 2.096747 8.499534 -11.095203
v 2.134254 8.301263 -12.726906
v 2.060805 9.613356 -10.174271
v 2.097173 9.391306 -10.028009
v 2.117949 9.610271 -11.208034
v 2.097237 9.611614 -10.142171
v 2.108131 8.479229 -5.891061
v 2.104272 8.477083 -9.378529
v 2.092248 11.260721 -10.148425
v 2.078024 11.490736 -6.181933
v 2.097237 9.651133 -10.148416
v -2.106110 8.503069 -5.881273
v -1.909238 8.260104 -9.243324
v -1.912154 8.271233 -7.158721
v -1.909238 8.260104 -9.243324
v -2.106110 8.503069 -5.881273
v -2.101306 8.484429 -9.385377
v -2.091208 9.672469 -4.507343
v -2.078419 9.651135 -0.693060
v -2.080060 12.264962 -3.305866
v -1.905287 9.655578 -10.145555
v -1.883189 9.651135 -0.702894
v -2.078419 9.651135 -0.693060
v -1.912154 8.271233 -7.158721
v -1.909238 8.260104 -9.243324
v 1.906166 8.280544 -7.143348
v 1.906166 8.280544 -7.143348
v -1.909238 8.260104 -9.243324
v 1.863177 8.258147 -9.239862
v -1.987939 7.994248 -5.255180
v -2.106110 8.503069 -5.881273
v -1.912154 8.271233 -7.158721
v 1.906166 8.280544 -7.143348
v -1.987939 7.994248 -5.255180
v -1.912154 8.271233 -7.158721
v 1.906166 8.280544 -7.143348
v 1.984632 7.921550 -5.204357
v -1.987939 7.994248 -5.255180
v -2.091208 9.672469 -4.507343
v -2.097237 9.651133 -10.148416
v -1.905287 9.655578 -10.145555
v -2.077453 11.492789 -6.186592
v -2.097237 9.651133 -10.148416
v -2.091208 9.672469 -4.507343
v 1.726606 11.859395 -6.751984
v 1.631390 12.232822 -4.842621
v 1.928853 12.284621 -3.450439
v 1.918432 8.261786 -10.519315
v -2.052516 8.268429 -10.490587
v 1.688073 8.163411 -10.693777
v -2.091208 9.672469 -4.507343
v -2.080060 12.264962 -3.305866
v -2.077453 11.492789 -6.186592
v -1.929891 12.369036 -3.356965
v -2.077453 11.492789 -6.186592
v -2.080060 12.264962 -3.305866
v -1.604091 12.173028 -4.803333
v -1.929891 12.369036 -3.356965
v -1.785505 12.390739 -3.477035
v -1.785505 12.390739 -3.477035
v 1.631390 12.232822 -4.842621
v -1.604091 12.173028 -4.803333
v 1.631390 12.232822 -4.842621
v -1.785505 12.390739 -3.477035
v 2.074542 12.359523 -3.466775
v 1.631390 12.232822 -4.842621
v 1.726606 11.859395 -6.751984
v 1.200585 12.098751 -6.614928
v 1.928853 12.284621 -3.450439
v 1.631390 12.232822 -4.842621
v 2.074542 12.359523 -3.466775
v 1.797892 11.316935 -6.411458
v 1.928853 12.284621 -3.450439
v 2.078024 11.490736 -6.181933
v 1.928853 12.284621 -3.450439
v 1.797892 11.316935 -6.411458
v 1.726606 11.859395 -6.751984
v 1.746124 11.731904 -10.148480
v 1.200585 12.098751 -6.614928
v 1.726606 11.859395 -6.751984
v 2.092248 11.260721 -10.148425
v 1.797892 11.316935 -6.411458
v 2.078024 11.490736 -6.181933
v 1.746124 11.731904 -10.148480
v 1.726606 11.859395 -6.751984
v 1.797892 11.316935 -6.411458
v 1.200585 12.098751 -6.614928
v -1.604091 12.173028 -4.803333
v 1.631390 12.232822 -4.842621
v -1.604091 12.173028 -4.803333
v 1.200585 12.098751 -6.614928
v -1.198935 12.098598 -6.765809
v -1.604091 12.173028 -4.803333
v -1.726606 11.859395 -6.751984
v -1.929891 12.369036 -3.356965
v -1.726606 11.859395 -6.751984
v -1.604091 12.173028 -4.803333
v -1.198935 12.098598 -6.765809
v -1.797892 11.316935 -6.411458
v -2.077453 11.492789 -6.186592
v -1.929891 12.369036 -3.356965
v -1.797892 11.316935 -6.411458
v -1.929891 12.369036 -3.356965
v -1.726606 11.859395 -6.751984
v 1.147014 12.101252 -10.147898
v -1.198935 12.098598 -6.765809
v 1.200585 12.098751 -6.614928
v -1.746014 11.728954 -10.148546
v -1.726606 11.859395 -6.751984
v -1.198935 12.098598 -6.765809
v -2.092248 11.260721 -10.148425
v -2.077453 11.492789 -6.186592
v -1.797892 11.316935 -6.411458
v -1.746014 11.728954 -10.148546
v -1.797892 11.316935 -6.411458
v -1.726606 11.859395 -6.751984
v 1.147014 12.101252 -10.147898
v 1.200585 12.098751 -6.614928
v 1.746124 11.731904 -10.148480
v 1.746124 11.731904 -10.148480
v 1.797892 11.316935 -6.411458
v 2.092248 11.260721 -10.148425
v -1.198935 12.098598 -6.765809
v 1.147014 12.101252 -10.147898
v -1.163462 12.093715 -10.148388
v -1.198935 12.098598 -6.765809
v -1.163462 12.093715 -10.148388
v -1.746014 11.728954 -10.148546
v -1.797892 11.316935 -6.411458
v -1.746014 11.728954 -10.148546
v -2.092248 11.260721 -10.148425
v 2.089944 9.664108 -4.502386
v 2.097237 9.651133 -10.148416
v 2.078024 11.490736 -6.181933
v 2.108131 8.479229 -5.891061
v 2.097237 9.611614 -10.142171
v 2.103312 9.540236 -4.041953
v 1.905761 9.651117 -10.146605
v 2.097237 9.651133 -10.148416
v 2.089944 9.664108 -4.502386
v 1.984632 7.921550 -5.204357
v 1.906166 8.280544 -7.143348
v 2.108131 8.479229 -5.891061
v 1.906166 8.280544 -7.143348
v 1.863177 8.258147 -9.239862
v 2.108131 8.479229 -5.891061
v 2.108131 8.479229 -5.891061
v 1.863177 8.258147 -9.239862
v 2.104272 8.477083 -9.378529
v -2.078419 9.651135 -0.693060
v -2.091208 9.672469 -4.507343
v -1.905287 9.655578 -10.145555
v -2.094319 6.307252 18.018072
v -2.094319 6.307252 20.992804
v -1.528533 6.741569 18.116791
v -1.528533 6.741569 18.116791
v -2.094319 6.307252 20.992804
v -1.534919 6.727939 21.080755
v -1.514417 4.679973 20.216459
v -1.528533 6.741569 18.116791
v -1.534919 6.727939 21.080755
v 1.525832 6.738554 18.129215
v 1.514417 4.679973 20.216459
v 1.526966 6.730621 21.098001
v 0.830136 6.758014 18.706818
v 0.802323 6.717661 22.074711
v 1.346954 6.717658 18.759377
v 1.525832 6.738554 18.129215
v 1.526966 6.730621 21.098001
v 2.094319 6.307252 20.992804
v -0.267372 9.662193 20.968416
v -0.406018 9.557644 15.477626
v -0.003487 9.687286 14.662765
v -0.267372 9.662193 20.968416
v -0.003487 9.687286 14.662765
v 0.389038 9.616047 24.603823
v -0.485384 9.739766 20.422834
v -0.406018 9.557644 15.477626
v -0.404432 9.556877 20.240690
v -0.406018 9.557644 15.477626
v -0.267372 9.662193 20.968416
v -0.404432 9.556877 20.240690
v 0.089543 9.913737 24.603577
v -0.474288 9.777512 15.377632
v -0.485384 9.739766 20.422834
v 2.094319 6.307252 20.992804
v 2.094319 6.307252 18.018072
v 1.525832 6.738554 18.129215
v -2.591519 9.083130 20.404593
v -2.581359 11.819761 20.401411
v -2.592684 11.809159 18.365484
v -2.592684 11.809159 18.365484
v -2.581359 11.819761 20.401411
v -1.565350 12.771001 20.083004
v -0.393830 13.275848 20.238901
v -0.337360 13.589781 20.032003
v -0.728723 13.138791 19.374420
v -0.728723 13.138791 19.374420
v -0.285058 13.204748 22.175461
v -0.393830 13.275848 20.238901
v 0.290778 13.295274 20.259155
v 0.717394 13.137102 19.375437
v 0.337360 13.589781 20.032003
v 0.244678 13.149569 20.442528
v 0.717394 13.137102 19.375437
v 0.290778 13.295274 20.259155
v 0.290778 13.295274 20.259155
v -0.337360 13.589781 20.032003
v -0.393830 13.275848 20.238901
v -0.337360 13.589781 20.032003
v 0.290778 13.295274 20.259155
v 0.337360 13.589781 20.032003
v 1.346954 3.832071 21.956438
v 1.346954 6.717658 18.759377
v 1.346954 6.717659 22.074711
v -0.404226 8.317509 20.223558
v -0.490268 8.139479 20.382601
v -0.804410 8.351451 20.566816
v -0.490268 8.139479 20.382601
v -0.816893 8.356702 24.602070
v -0.804410 8.351451 20.566816
v 1.346954 6.717658 18.759377
v 0.802323 6.717661 22.074711
v 1.346954 6.717659 22.074711
v -2.092828 6.306760 26.997169
v -1.534919 6.727939 21.080755
v -2.094319 6.307252 20.992804
v -0.816893 8.356702 24.602070
v -0.490268 8.139479 20.382601
v 0.073908 7.959883 24.604807
v 0.230112 8.227827 24.603416
v -0.222094 8.206113 21.016403
v -0.222487 8.198961 24.602968
v -0.804410 8.351451 20.566816
v -0.804780 8.727025 20.990374
v -0.222094 8.206113 21.016403
v -0.935286 9.379266 20.696365
v -0.804780 8.727025 20.990374
v -0.804410 8.351451 20.566816
v -0.935286 9.379266 20.696365
v -0.267372 9.662193 20.968416
v -0.804780 8.727025 20.990374
v -0.959544 9.438932 24.603317
v -0.935286 9.379266 20.696365
v -0.804410 8.351451 20.566816
v -0.485384 9.739766 20.422834
v -0.404432 9.556877 20.240690
v -0.935286 9.379266 20.696365
v -0.959544 9.438932 24.603317
v -0.485384 9.739766 20.422834
v -0.935286 9.379266 20.696365
v -0.222094 8.206113 21.016403
v -0.404226 8.317509 20.223558
v -0.804410 8.351451 20.566816
v -0.935286 9.379266 20.696365
v -0.404432 9.556877 20.240690
v -0.267372 9.662193 20.968416
v -0.804410 8.351451 20.566816
v -0.816893 8.356702 24.602070
v -0.959544 9.438932 24.603317
v -0.230967 9.646707 24.603416
v -0.267372 9.662193 20.968416
v 0.389038 9.616047 24.603823
v -0.485384 9.739766 20.422834
v -0.959544 9.438932 24.603317
v 0.089543 9.913737 24.603577
v 2.514681 7.578853 16.079235
v 2.592684 7.805123 38.508926
v 1.567043 6.717661 17.471661
v 2.595152 8.964822 15.936874
v 2.592684 7.805123 38.508926
v 2.514681 7.578853 16.079235
v 2.579869 11.821157 18.783947
v 2.481202 10.785165 38.451252
v 2.595152 8.964822 15.936874
v 1.566895 6.717665 38.508926
v 1.567043 6.717661 17.471661
v 2.592684 7.805123 38.508926
v 2.592684 7.805123 38.508926
v 2.595152 8.964822 15.936874
v 2.592684 9.065156 38.508926
v 2.592684 9.065156 38.508926
v 2.595152 8.964822 15.936874
v 2.481202 10.785165 38.451252
v -0.725353 13.137870 23.072964
v -0.728723 13.138791 19.374420
v -0.756347 12.996352 33.733845
v -0.725353 13.137870 23.072964
v -0.285058 13.204748 22.175461
v -0.728723 13.138791 19.374420
v 0.717394 13.137102 19.375437
v 0.719055 13.138083 23.072786
v 0.757241 12.994558 33.729450
v -0.393830 13.275848 20.238901
v 0.369529 13.284781 22.232424
v 0.290778 13.295274 20.259155
v 0.244678 13.149569 20.442528
v 0.719055 13.138083 23.072786
v 0.717394 13.137102 19.375437
v 0.369529 13.284781 22.232424
v -0.393830 13.275848 20.238901
v -0.285058 13.204748 22.175461
v 0.290778 13.295274 20.259155
v 0.369529 13.284781 22.232424
v 0.244678 13.149569 20.442528
v 0.369529 13.284781 22.232424
v -0.285058 13.204748 22.175461
v -0.337360 13.385232 22.382946
v -0.285058 13.204748 22.175461
v -0.725353 13.137870 23.072964
v -0.337360 13.385232 22.382946
v 0.369529 13.284781 22.232424
v 0.719055 13.138083 23.072786
v 0.244678 13.149569 20.442528
v 1.565348 12.771005 19.101887
v 2.482172 11.912630 38.233170
v 2.579869 11.821157 18.783947
v 2.579869 11.821157 18.783947
v 2.482172 11.912630 38.233170
v 2.481202 10.785165 38.451252
v 2.094319 6.307252 20.992804
v 2.298686 4.652819 17.290684
v 2.094319 6.307252 18.018072
v 2.094319 6.307252 18.018072
v 2.298686 4.652819 17.290684
v 1.514417 4.679972 17.302641
v 1.514417 4.679973 20.216459
v 1.525832 6.738554 18.129215
v 1.514417 4.679972 17.302641
v -1.528533 6.741569 18.116791
v -1.514417 4.679973 20.216459
v -1.514417 4.679972 17.302641
v 1.514417 4.679972 17.302641
v 1.525832 6.738554 18.129215
v 2.094319 6.307252 18.018072
v -1.528533 6.741569 18.116791
v -1.514417 4.679972 17.302641
v -2.094319 6.307252 18.018072
v 0.649544 15.453346 1.748788
v -0.734604 15.301167 1.616469
v -0.877700 15.399245 1.837353
v -0.971371 15.383639 1.292019
v -0.830757 15.336112 1.322272
v 0.852673 15.330984 1.317403
v 1.187220 14.913856 1.880885
v 0.021406 14.657480 1.877781
v 0.271028 14.507443 2.291809
v 0.462581 15.403144 1.868638
v -0.593815 15.346602 1.816272
v 0.649544 15.453346 1.748788
v 0.021406 14.657480 1.877781
v 1.187220 14.913856 1.880885
v 0.939438 14.913856 1.841472
v -0.861755 14.538256 0.889666
v -0.900601 14.288694 1.344306
v -0.900601 14.447003 1.344306
v -1.159030 14.426451 0.903647
v -1.136206 14.505542 1.645588
v -1.072104 14.927835 0.927149
v -1.136206 14.505542 1.645588
v -1.175644 14.542011 2.248508
v -1.187220 14.913856 1.880885
v 0.852416 14.565263 0.982486
v -0.861755 14.538256 0.889666
v -0.900601 14.447003 1.344306
v -0.900601 14.447003 1.344306
v 0.992486 14.313175 1.287389
v 0.852416 14.565263 0.982486
v 0.992486 14.313175 1.287389
v -0.900601 14.447003 1.344306
v -0.900601 14.288694 1.344306
v -1.136206 14.505542 1.645588
v -0.350014 14.756218 2.359832
v -1.175644 14.542011 2.248508
v -1.187220 14.913856 1.880885
v -1.175644 14.542011 2.248508
v -0.350014 14.756218 2.359832
v -1.201350 15.038013 1.310632
v -1.545550 15.209718 1.302337
v -1.258631 15.206478 1.290093
v 0.884842 14.840970 0.870183
v -0.890901 14.836807 0.864547
v 0.852416 14.565263 0.982486
v -1.475529 15.216798 1.961410
v -1.545550 15.209718 1.302337
v -1.201350 15.038013 1.310632
v -1.545550 15.209718 1.302337
v -1.475529 15.216798 1.961410
v -1.842225 15.576654 2.040187
v -1.187220 14.913856 1.880885
v -1.072104 14.927835 0.927149
v -1.136206 14.505542 1.645588
v -0.753848 14.895100 1.898353
v -1.072104 14.927835 0.927149
v -1.187220 14.913856 1.880885
v -0.825754 14.571445 1.566241
v -0.797906 14.568409 2.269007
v -0.877700 15.399245 1.837353
v -1.475529 15.216798 1.961410
v -1.201350 15.038013 1.310632
v -1.114733 15.038592 1.982359
v -0.734604 15.301167 1.616469
v -0.825754 14.571445 1.566241
v -0.877700 15.399245 1.837353
v -1.842225 15.576654 2.040187
v -1.537824 15.598498 1.287068
v -1.545550 15.209718 1.302337
v -1.545550 15.209718 1.302337
v -1.537824 15.598498 1.287068
v -1.258631 15.206478 1.290093
v -1.537824 15.598498 1.287068
v -1.475529 15.216798 1.961410
v -1.258631 15.206478 1.290093
v -1.740286 16.363056 1.302337
v -1.537824 15.598498 1.287068
v -1.842225 15.576654 2.040187
v 0.852416 14.565263 0.982486
v -0.890901 14.836807 0.864547
v -0.861755 14.538256 0.889666
v -1.537824 15.598498 1.287068
v -1.591884 15.622221 2.062699
v -1.475529 15.216798 1.961410
v -0.734604 15.301167 1.616469
v -0.576500 14.568715 1.413525
v -0.825754 14.571445 1.566241
v -1.475529 15.216798 1.961410
v -1.591884 15.622221 2.062699
v -1.842225 15.576654 2.040187
v -0.890901 14.836807 0.864547
v 0.852673 15.330984 1.317403
v -0.830757 15.336112 1.322272
v -0.576500 14.568715 1.413525
v -0.734604 15.301167 1.616469
v -0.593815 15.346602 1.816272
v 0.884842 14.840970 0.870183
v 0.852673 15.330984 1.317403
v -0.890901 14.836807 0.864547
v 0.939438 14.913856 1.841472
v -0.753848 14.895100 1.898353
v 0.021406 14.657480 1.877781
v -0.350014 14.756218 2.359832
v 0.021406 14.657480 1.877781
v -1.187220 14.913856 1.880885
v -1.187220 14.913856 1.880885
v 0.021406 14.657480 1.877781
v -0.753848 14.895100 1.898353
v -0.593815 15.346602 1.816272
v -0.797906 14.568409 2.269007
v -0.576500 14.568715 2.269419
v -0.797906 14.568409 2.269007
v -0.593815 15.346602 1.816272
v -0.877700 15.399245 1.837353
v -0.734604 15.301167 1.616469
v 0.649544 15.453346 1.748788
v -0.593815 15.346602 1.816272
v -1.276739 14.554894 35.791393
v -1.266565 13.881159 35.195374
v -1.185257 14.182006 35.935169
v -1.237535 14.512609 34.967838
v -1.276739 14.554894 35.791393
v -0.992052 14.733716 35.006721
v -1.266565 13.881159 35.195374
v -1.276739 14.554894 35.791393
v -1.237535 14.512609 34.967838
v -1.266565 13.881159 35.195374
v -1.237535 14.512609 34.967838
v -1.288586 13.149395 34.948738
v -0.992052 14.733716 35.006721
v -1.276739 14.554894 35.791393
v -1.045771 14.656817 36.016529
v -1.125011 14.289552 36.414299
v -1.276739 14.554894 35.791393
v -1.185257 14.182006 35.935169
v -1.125011 14.289552 36.414299
v -0.830471 14.410745 36.158085
v -1.045771 14.656817 36.016529
v -1.276739 14.554894 35.791393
v -1.125011 14.289552 36.414299
v -1.045771 14.656817 36.016529
v 0.828270 14.102003 34.283852
v 0.656443 14.263936 36.798222
v 0.765694 14.067289 36.862442
v 0.828270 14.102003 34.283852
v 0.765694 14.067289 36.862442
v 0.748629 14.029497 34.323013
v 0.656443 14.263936 36.798222
v -0.770807 14.068510 36.816303
v 0.765694 14.067289 36.862442
v 0.656443 14.263936 36.798222
v -0.692551 14.250075 36.798832
v -0.770807 14.068510 36.816303
v -0.824692 14.138406 36.970062
v -1.029332 14.673906 36.856224
v -1.180707 14.466932 37.119175
v -1.180707 14.466932 37.119175
v -1.326053 13.877845 36.884960
v -0.824692 14.138406 36.970062
v -1.326053 13.877845 36.884960
v -1.180707 14.466932 37.119175
v -1.029332 14.673906 36.856224
v -0.824692 14.138406 36.970062
v -0.835620 14.245376 36.305492
v -1.029332 14.673906 36.856224
v -0.531973 14.261076 34.283852
v 0.656443 14.263936 36.798222
v 0.531973 14.261076 34.283852
v -0.992052 14.733716 35.006721
v 1.232909 14.548573 34.971428
v -1.237535 14.512609 34.967838
v -1.125011 14.289552 36.414299
v -1.326053 13.877845 36.884960
v -1.029332 14.673906 36.856224
v -1.100031 12.978926 34.929859
v -1.143016 15.084718 34.944836
v -1.167612 14.354664 33.729824
v -1.125011 14.289552 36.414299
v -1.029332 14.673906 36.856224
v -0.835620 14.245376 36.305492
v -0.830471 14.410745 36.158085
v -1.125011 14.289552 36.414299
v -0.835620 14.245376 36.305492
v -1.326053 13.877845 36.884960
v -1.125011 14.289552 36.414299
v -1.185257 14.182006 35.935169
v -0.770807 14.068510 36.816303
v -0.828270 14.102003 34.283852
v -0.749944 14.030108 34.322311
v -0.828270 14.102003 34.283852
v -0.770807 14.068510 36.816303
v -0.692551 14.250075 36.798832
v 0.828270 14.102003 34.283852
v 0.531973 14.261076 34.283852
v 0.656443 14.263936 36.798222
v -0.531973 14.261076 34.283852
v -0.828270 14.102003 34.283852
v -0.692551 14.250075 36.798832
v 0.656443 14.263936 36.798222
v -0.531973 14.261076 34.283852
v -0.692551 14.250075 36.798832
v 2.238744 3.154142 27.690052
v 1.939041 2.911445 27.783995
v 1.925000 2.916111 27.587543
v 1.925000 2.916111 27.587543
v 1.905531 3.188197 27.376589
v 2.238744 3.154142 27.690052
v 1.925000 2.916111 27.587543
v 0.811973 3.142963 27.400669
v 1.905531 3.188197 27.376589
v 2.388633 4.268823 27.600197
v 1.905531 3.188197 27.376589
v 2.173179 4.531550 27.399466
v 1.939041 2.911445 27.783995
v 0.485696 2.862916 27.734394
v 1.925000 2.916111 27.587543
v 1.926422 3.192286 25.323530
v 2.004464 3.256426 23.651482
v 1.914291 3.185097 32.204704
v 1.939017 2.911444 26.683712
v 2.238782 3.154197 26.589745
v 1.908920 3.188559 26.902714
v 1.924656 2.916094 26.487217
v 1.905225 3.187933 26.276230
v 2.238782 3.154197 26.589745
v 2.238782 3.154197 26.589745
v 1.939017 2.911444 26.683712
v 1.924656 2.916094 26.487217
v 0.811973 3.142963 26.880123
v 1.939017 2.911444 26.683712
v 1.908920 3.188559 26.902714
v 1.924656 2.916094 26.487217
v 0.811973 3.142962 26.300388
v 1.905225 3.187933 26.276230
v 1.939017 2.911444 26.683712
v 0.479523 2.861225 26.636635
v 1.924656 2.916094 26.487217
v 1.914291 3.185097 32.204704
v 1.732183 3.129771 23.587221
v 1.926422 3.192286 25.323530
v 1.939011 2.911443 25.574066
v 2.238803 3.154223 25.480091
v 1.908919 3.188558 25.793070
v 0.811973 3.142962 25.770479
v 1.939011 2.911443 25.574066
v 1.908919 3.188558 25.793070
v 1.924506 2.916106 25.377527
v 1.905022 3.187749 25.166534
v 2.238803 3.154223 25.480091
v 2.238803 3.154223 25.480091
v 1.939011 2.911443 25.574066
v 1.924506 2.916106 25.377527
v 1.924506 2.916106 25.377527
v 0.811973 3.142962 25.190744
v 1.905022 3.187749 25.166534
v 1.939011 2.911443 25.574066
v 0.479037 2.861642 25.525471
v 1.924506 2.916106 25.377527
v 1.926422 3.192286 25.323530
v 1.732183 3.129771 23.587221
v 2.004464 3.256426 23.651482
v 1.938674 2.911451 24.455160
v 2.238765 3.154172 24.361151
v 1.908582 3.188277 24.674156
v 1.925001 2.916110 24.258615
v 1.905531 3.188196 24.047661
v 2.238765 3.154172 24.361151
v 2.238765 3.154172 24.361151
v 1.938674 2.911451 24.455160
v 1.925001 2.916110 24.258615
v 0.811973 3.142962 24.651476
v 1.938674 2.911451 24.455160
v 1.908582 3.188277 24.674156
v 1.938674 2.911451 24.455160
v 0.475481 2.861151 24.405485
v 1.925001 2.916110 24.258615
v 0.811973 3.142963 27.400669
v 1.925000 2.916111 27.587543
v 0.485696 2.862916 27.734394
v 0.485696 2.862916 27.734394
v 0.811973 3.142963 26.880123
v 0.811973 3.142963 27.400669
v 0.485696 2.862916 27.734394
v 0.479523 2.861225 26.636635
v 0.811973 3.142963 26.880123
v 2.384375 4.259017 27.772301
v 2.238744 3.154142 27.690052
v 2.388633 4.268823 27.600197
v 0.485696 2.862916 27.734394
v -0.492262 2.864949 27.727182
v 0.479523 2.861225 26.636635
v -0.492262 2.864949 27.727182
v -0.491937 2.864752 26.627285
v 0.479523 2.861225 26.636635
v 1.939017 2.911444 26.683712
v 0.811973 3.142963 26.880123
v 0.479523 2.861225 26.636635
v 0.811973 3.142962 26.300388
v 1.924656 2.916094 26.487217
v 0.479523 2.861225 26.636635
v 0.479523 2.861225 26.636635
v 0.811973 3.142962 25.770479
v 0.811973 3.142962 26.300388
v 0.479523 2.861225 26.636635
v -0.491937 2.864752 26.627285
v 0.479037 2.861642 25.525471
v 2.173179 4.531550 26.299185
v 2.167927 4.531521 26.878958
v 2.388633 4.268823 26.499916
v -0.492262 2.864949 27.727182
v -0.811973 3.142963 26.880123
v -0.491937 2.864752 26.627285
v 2.388633 4.268823 26.499916
v 2.167927 4.531521 26.878958
v 2.384375 4.259017 26.672020
v 2.173179 4.531550 27.399466
v 2.167927 4.531521 27.979239
v 2.388633 4.268823 27.600197
v 2.384375 4.259017 27.772301
v 1.908921 3.188560 28.002995
v 2.238744 3.154142 27.690052
v -0.811973 3.142963 26.880123
v -1.939019 2.911444 26.683712
v -0.491937 2.864752 26.627285
v -1.924657 2.916094 26.487219
v -0.811973 3.142963 26.300388
v -0.491937 2.864752 26.627285
v -0.811973 3.142962 25.770479
v -0.491937 2.864752 26.627285
v -0.811973 3.142963 26.300388
v -0.491937 2.864752 26.627285
v -1.939019 2.911444 26.683712
v -1.924657 2.916094 26.487219
v 1.908921 3.188560 28.002995
v 2.384375 4.259017 27.772301
v 2.167927 4.531521 27.979239
v -1.939019 2.911444 26.683712
v -0.811973 3.142963 26.880123
v -1.908920 3.188560 26.902714
v 1.939041 2.911445 27.783995
v 2.238744 3.154142 27.690052
v 1.908921 3.188560 28.002995
v 0.811973 3.142963 27.980404
v 1.939041 2.911445 27.783995
v 1.908921 3.188560 28.002995
v 2.388633 4.268823 24.271269
v 1.905531 3.188196 24.047661
v 2.173179 4.531550 24.070538
v 1.939041 2.911445 27.783995
v 0.811973 3.142963 27.980404
v 0.485696 2.862916 27.734394
v 1.905531 3.188196 24.047661
v 2.388633 4.268823 24.271269
v 2.238765 3.154172 24.361151
v 2.384375 4.259016 24.443373
v 1.908582 3.188277 24.674156
v 2.238765 3.154172 24.361151
v 1.939011 2.911443 25.574066
v 0.811973 3.142962 25.770479
v 0.479037 2.861642 25.525471
v 0.479523 2.861225 26.636635
v 0.479037 2.861642 25.525471
v 0.811973 3.142962 25.770479
v 0.811973 3.142962 25.190744
v 1.924506 2.916106 25.377527
v 0.479037 2.861642 25.525471
v 2.388633 4.268823 27.600197
v 2.167927 4.531521 27.979239
v 2.384375 4.259017 27.772301
v 2.384375 4.259016 24.443373
v 2.238765 3.154172 24.361151
v 2.388633 4.268823 24.271269
v 0.479037 2.861642 25.525471
v 0.811973 3.142962 24.651476
v 0.811973 3.142962 25.190744
v 0.479037 2.861642 25.525471
v 0.475481 2.861151 24.405485
v 0.811973 3.142962 24.651476
v 1.938674 2.911451 24.455160
v 0.811973 3.142962 24.651476
v 0.475481 2.861151 24.405485
v 1.905531 3.188197 27.376589
v 2.388633 4.268823 27.600197
v 2.238744 3.154142 27.690052
v 1.908582 3.188277 24.674156
v 2.384375 4.259016 24.443373
v 2.167927 4.531520 24.650311
v 1.905022 3.187749 25.166534
v 2.388633 4.268823 25.390272
v 2.238803 3.154223 25.480091
v 1.908920 3.188559 26.902714
v 2.384375 4.259017 26.672020
v 2.167927 4.531521 26.878958
v 2.384375 4.259017 25.562376
v 1.908919 3.188558 25.793070
v 2.238803 3.154223 25.480091
v 2.388633 4.268823 25.390272
v 1.905022 3.187749 25.166534
v 2.173179 4.531550 25.189541
v 2.384375 4.259017 25.562376
v 2.238803 3.154223 25.480091
v 2.388633 4.268823 25.390272
v 1.908919 3.188558 25.793070
v 2.384375 4.259017 25.562376
v 2.167927 4.531521 25.769314
v 2.173179 4.531550 24.070538
v 2.167927 4.531520 24.650311
v 2.388633 4.268823 24.271269
v 2.388633 4.268823 24.271269
v 2.167927 4.531520 24.650311
v 2.384375 4.259016 24.443373
v 2.173179 4.531550 25.189541
v 2.167927 4.531521 25.769314
v 2.388633 4.268823 25.390272
v 2.388633 4.268823 25.390272
v 2.167927 4.531521 25.769314
v 2.384375 4.259017 25.562376
v 1.905225 3.187933 26.276230
v 2.388633 4.268823 26.499916
v 2.238782 3.154197 26.589745
v 2.384375 4.259017 26.672020
v 1.908920 3.188559 26.902714
v 2.238782 3.154197 26.589745
v 2.388633 4.268823 26.499916
v 1.905225 3.187933 26.276230
v 2.173179 4.531550 26.299185
v 2.384375 4.259017 26.672020
v 2.238782 3.154197 26.589745
v 2.388633 4.268823 26.499916
v -2.388633 4.268824 30.924442
v -1.905225 3.187934 30.700756
v -2.238803 3.154229 31.014297
v -1.908582 3.188277 31.327328
v -2.384375 4.259017 31.096546
v -2.238803 3.154229 31.014297
v -1.905225 3.187934 30.700756
v -2.388633 4.268824 30.924442
v -2.173179 4.531551 30.723711
v -2.388633 4.268824 30.924442
v -2.238803 3.154229 31.014297
v -2.384375 4.259017 31.096546
v -2.384375 4.259017 31.096546
v -1.908582 3.188277 31.327328
v -2.167927 4.531522 31.303484
v -2.173179 4.531551 30.723711
v -2.388633 4.268824 30.924442
v -2.167927 4.531522 31.303484
v -2.167927 4.531522 31.303484
v -2.388633 4.268824 30.924442
v -2.384375 4.259017 31.096546
v -1.924503 2.916107 32.030701
v -2.238803 3.154224 32.133263
v -1.905021 3.187751 31.819708
v -1.939007 2.911444 32.227238
v -2.238803 3.154224 32.133263
v -1.924503 2.916107 32.030701
v -0.811973 3.142964 31.843918
v -1.924503 2.916107 32.030701
v -1.905021 3.187751 31.819708
v -1.970328 3.266243 32.553234
v -1.981447 3.149396 29.692812
v -1.722115 3.135656 32.339485
v -0.487531 2.863913 32.169445
v -1.939007 2.911444 32.227238
v -1.924503 2.916107 32.030701
v -0.487531 2.863913 32.169445
v -0.811973 3.142963 31.304649
v -0.493914 2.865537 31.052227
v -0.811973 3.142963 31.304649
v -0.487531 2.863913 32.169445
v -0.811973 3.142964 31.843918
v -1.924503 2.916107 32.030701
v -0.811973 3.142964 31.843918
v -0.487531 2.863913 32.169445
v -1.939007 2.911444 32.227238
v -1.908919 3.188559 32.446239
v -2.238803 3.154224 32.133263
v -1.939007 2.911444 32.227238
v -0.811973 3.142964 32.423653
v -1.908919 3.188559 32.446239
v -0.811973 3.142964 32.423653
v -1.939007 2.911444 32.227238
v -0.487531 2.863913 32.169445
v -0.492440 2.864964 33.270863
v -0.811973 3.142964 32.423653
v -0.487531 2.863913 32.169445
v 0.487486 2.863273 31.059782
v -0.487531 2.863913 32.169445
v -0.493914 2.865537 31.052227
v -0.487531 2.863913 32.169445
v 0.487486 2.863273 31.059782
v 0.480112 2.861244 32.180367
v 0.811973 3.142963 31.304649
v 0.480112 2.861244 32.180367
v 0.487486 2.863273 31.059782
v 0.480112 2.861244 32.180367
v 0.811973 3.142963 31.304649
v 0.811973 3.142964 31.843918
v 0.811973 3.142964 31.843918
v 1.924506 2.916107 32.030701
v 0.480112 2.861244 32.180367
v -0.492440 2.864964 33.270863
v -0.487531 2.863913 32.169445
v 0.480112 2.861244 32.180367
v 0.485563 2.862875 33.278011
v -0.492440 2.864964 33.270863
v 0.480112 2.861244 32.180367
v 0.485563 2.862875 33.278011
v 0.480112 2.861244 32.180367
v 0.811973 3.142964 32.423653
v 1.939010 2.911445 32.227238
v 0.811973 3.142964 32.423653
v 0.480112 2.861244 32.180367
v 0.485563 2.862875 33.278011
v 0.811973 3.142964 32.423653
v 0.811973 3.142964 32.944195
v 0.811973 3.142964 32.944195
v 1.925000 2.916111 33.131073
v 0.485563 2.862875 33.278011
v 1.939041 2.911447 33.327522
v 0.811973 3.142964 33.523933
v 0.485563 2.862875 33.278011
v 1.939010 2.911445 32.227238
v 0.480112 2.861244 32.180367
v 1.924506 2.916107 32.030701
v 1.924506 2.916107 32.030701
v 0.811973 3.142964 31.843918
v 1.905022 3.187750 31.819708
v 1.924506 2.916107 32.030701
v 1.905022 3.187750 31.819708
v 2.238803 3.154225 32.133263
v 2.238803 3.154225 32.133263
v 1.939010 2.911445 32.227238
v 1.924506 2.916107 32.030701
v 0.811973 3.142964 32.423653
v 1.939010 2.911445 32.227238
v 1.908920 3.188558 32.446239
v 1.939010 2.911445 32.227238
v 2.238803 3.154225 32.133263
v 1.908920 3.188558 32.446239
v -2.388633 4.268824 32.043442
v -1.905021 3.187751 31.819708
v -2.238803 3.154224 32.133263
v -1.905021 3.187751 31.819708
v -2.388633 4.268824 32.043442
v -2.173179 4.531552 31.842714
v -2.388633 4.268824 32.043442
v -2.238803 3.154224 32.133263
v -2.384375 4.259017 32.215546
v -1.908919 3.188559 32.446239
v -2.384375 4.259017 32.215546
v -2.238803 3.154224 32.133263
v -2.384375 4.259017 32.215546
v -1.908919 3.188559 32.446239
v -2.167927 4.531522 32.422485
v -2.173179 4.531552 31.842714
v -2.388633 4.268824 32.043442
v -2.167927 4.531522 32.422485
v -2.167927 4.531522 32.422485
v -2.388633 4.268824 32.043442
v -2.384375 4.259017 32.215546
v 1.925000 2.916111 33.131073
v 0.811973 3.142964 32.944195
v 1.905531 3.188197 32.920116
v 1.925000 2.916111 33.131073
v 1.905531 3.188197 32.920116
v 2.238744 3.154143 33.233578
v 1.960823 3.264924 33.708004
v 1.914291 3.185097 32.204704
v 2.004464 3.256426 23.651482
v 1.939041 2.911447 33.327522
v 0.485563 2.862875 33.278011
v 1.925000 2.916111 33.131073
v 1.905531 3.188197 32.920116
v 2.388633 4.268824 33.143723
v 2.238744 3.154143 33.233578
v 2.268654 4.748797 24.564846
v 1.960823 3.264924 33.708004
v 2.004464 3.256426 23.651482
v 0.811973 3.142964 33.523933
v 1.939041 2.911447 33.327522
v 1.908921 3.188561 33.546520
v 2.388633 4.268824 33.143723
v 1.905531 3.188197 32.920116
v 2.173179 4.531551 32.942989
v 2.238744 3.154143 33.233578
v 1.939041 2.911447 33.327522
v 1.925000 2.916111 33.131073
v 1.939041 2.911447 33.327522
v 2.238744 3.154143 33.233578
v 1.908921 3.188561 33.546520
v 2.384375 4.259017 33.315826
v 1.908921 3.188561 33.546520
v 2.238744 3.154143 33.233578
v 2.384375 4.259017 33.315826
v 2.238744 3.154143 33.233578
v 2.388633 4.268824 33.143723
v 1.908921 3.188561 33.546520
v 2.384375 4.259017 33.315826
v 2.167927 4.531522 33.522766
v 2.173179 4.531551 32.942989
v 2.167927 4.531522 33.522766
v 2.388633 4.268824 33.143723
v -1.924657 2.916095 30.911743
v -2.238803 3.154229 31.014297
v -1.905225 3.187934 30.700756
v -0.811973 3.142963 30.724915
v -1.924657 2.916095 30.911743
v -1.905225 3.187934 30.700756
v -1.938647 2.911451 31.108332
v -2.238803 3.154229 31.014297
v -1.924657 2.916095 30.911743
v -1.938647 2.911451 31.108332
v -1.908582 3.188277 31.327328
v -2.238803 3.154229 31.014297
v -1.938647 2.911451 31.108332
v -0.811973 3.142963 31.304649
v -1.908582 3.188277 31.327328
v -0.493914 2.865537 31.052227
v -1.938647 2.911451 31.108332
v -1.924657 2.916095 30.911743
v -1.924657 2.916095 30.911743
v -0.811973 3.142963 30.724915
v -0.493914 2.865537 31.052227
v 2.388633 4.268824 33.143723
v 2.167927 4.531522 33.522766
v 2.384375 4.259017 33.315826
v -0.811973 3.142963 31.304649
v -1.938647 2.911451 31.108332
v -0.493914 2.865537 31.052227
v -1.114733 15.038592 1.982359
v 0.983330 15.215127 1.983240
v -1.475529 15.216798 1.961410
v -0.856447 15.363061 1.356998
v 0.939438 15.336112 1.351736
v 0.996425 14.951691 0.973474
v 1.109936 15.038143 1.285763
v -1.258631 15.206478 1.290093
v 1.148489 15.213803 1.301740
v 0.939438 15.336112 1.351736
v -0.873767 15.339314 1.847933
v 0.939438 15.336112 1.841472
v -1.201350 15.038013 1.310632
v 1.109936 15.038143 1.285763
v -1.114733 15.038592 1.982359
v 1.148489 15.213803 1.301740
v -1.258631 15.206478 1.290093
v -1.475529 15.216798 1.961410
v 1.109936 15.038143 1.285763
v -1.201350 15.038013 1.310632
v -1.258631 15.206478 1.290093
v -1.072104 14.927835 0.927149
v -0.856447 15.363061 1.356998
v 0.996425 14.951691 0.973474
v 0.946614 15.402548 1.291217
v 0.884842 14.840970 0.870183
v 0.900601 15.511113 0.797342
v -1.072104 14.927835 0.927149
v 1.131799 14.560970 0.854028
v -1.159030 14.426451 0.903647
v 0.900601 15.511113 0.797342
v 0.174245 15.319160 0.959758
v 0.946614 15.402548 1.291217
v 0.437759 15.209318 0.454506
v 0.900601 15.511113 0.797342
v 0.888336 15.150057 0.283330
v 0.900601 15.511113 0.797342
v 0.437759 15.209318 0.454506
v 0.174245 15.319160 0.959758
v 0.884842 14.840970 0.870183
v 0.888336 15.150057 0.283330
v 0.900601 15.511113 0.797342
v 0.852416 14.565263 0.982486
v 0.888336 15.150057 0.283330
v 0.884842 14.840970 0.870183
v 0.888336 15.150057 0.283330
v 0.009290 15.044715 0.055123
v 0.437759 15.209318 0.454506
v -0.873767 15.339314 1.847933
v -0.856447 15.363061 1.356998
v -0.753848 14.895100 1.898353
v 1.148489 15.213803 1.301740
v -1.475529 15.216798 1.961410
v 0.983330 15.215127 1.983240
v -0.971371 15.383639 1.292019
v -0.441988 15.321909 0.954261
v -0.913034 15.353120 0.621961
v -0.387242 15.198747 0.456551
v -0.913034 15.353120 0.621961
v -0.441988 15.321909 0.954261
v -0.856447 15.363061 1.356998
v -1.072104 14.927835 0.927149
v -0.753848 14.895100 1.898353
v -0.971371 15.383639 1.292019
v -0.890901 14.836807 0.864547
v -0.830757 15.336112 1.322272
v 0.009290 15.044715 0.055123
v 0.174245 15.319160 0.959758
v 0.437759 15.209318 0.454506
v -0.971371 15.383639 1.292019
v -0.913034 15.353120 0.621961
v -0.890901 14.836807 0.864547
v -0.890901 14.836807 0.864547
v -0.913034 15.353120 0.621961
v -0.861755 14.538256 0.889666
v -0.905525 14.943012 -0.198392
v -0.861755 14.538256 0.889666
v -0.913034 15.353120 0.621961
v 0.946614 15.402548 1.291217
v -0.971371 15.383639 1.292019
v 0.852673 15.330984 1.317403
v 0.174245 15.319160 0.959758
v 0.009290 15.044715 0.055123
v -0.441988 15.321909 0.954261
v -0.441988 15.321909 0.954261
v 0.009290 15.044715 0.055123
v -0.387242 15.198747 0.456551
v 1.131799 14.560970 0.854028
v -1.072104 14.927835 0.927149
v 0.996425 14.951691 0.973474
v 0.009290 15.044715 0.055123
v -0.913034 15.353120 0.621961
v -0.387242 15.198747 0.456551
v 1.058226 15.038592 1.982359
v 1.654451 15.324507 2.028881
v 1.481125 15.348003 2.082538
v -0.913034 15.353120 0.621961
v 0.009290 15.044715 0.055123
v -0.905525 14.943012 -0.198392
v 0.983330 15.215127 1.983240
v 1.058226 15.038592 1.982359
v 1.481125 15.348003 2.082538
v 1.058226 15.038592 1.982359
v 1.109936 15.038143 1.285763
v 1.654451 15.324507 2.028881
v 1.148489 15.213803 1.301740
v 0.983330 15.215127 1.983240
v 1.481125 15.348003 2.082538
v 0.939438 14.913856 1.841472
v 0.939438 15.336112 1.351736
v 0.939438 15.336112 1.841472
v 0.939438 15.336112 1.841472
v -0.753848 14.895100 1.898353
v 0.939438 14.913856 1.841472
v 1.058226 15.038592 1.982359
v -1.114733 15.038592 1.982359
v 1.109936 15.038143 1.285763
v 0.939438 15.336112 1.841472
v -0.873767 15.339314 1.847933
v -0.753848 14.895100 1.898353
v 1.131799 14.560970 0.854028
v 0.939438 14.913856 1.841472
v 1.187220 14.913856 1.880885
v 1.156720 14.493881 1.882790
v 1.131799 14.560970 0.854028
v 1.187220 14.913856 1.880885
v 0.939438 15.336112 1.351736
v 0.939438 14.913856 1.841472
v 0.996425 14.951691 0.973474
v 0.884842 14.840970 0.870183
v 0.946614 15.402548 1.291217
v 0.852673 15.330984 1.317403
v -1.114733 15.038592 1.982359
v 1.058226 15.038592 1.982359
v 0.983330 15.215127 1.983240
v 0.939438 14.913856 1.841472
v 1.131799 14.560970 0.854028
v 0.996425 14.951691 0.973474
v -0.971371 15.383639 1.292019
v 0.174245 15.319160 0.959758
v -0.441988 15.321909 0.954261
v -0.971371 15.383639 1.292019
v 0.946614 15.402548 1.291217
v 0.174245 15.319160 0.959758
v 0.939438 15.336112 1.351736
v -0.856447 15.363061 1.356998
v -0.873767 15.339314 1.847933
v 0.884064 6.651300 5.636720
v 0.806354 6.720672 7.339546
v 0.775827 6.250106 7.007979
v 0.775827 6.250106 7.007979
v 1.041087 6.275663 5.427597
v 0.884064 6.651300 5.636720
v 0.884064 6.651300 5.636720
v 1.041087 6.275663 5.427597
v 1.518689 6.712563 4.752055
v -1.518689 6.712563 4.752055
v -1.527854 6.710016 -0.338561
v -1.589354 6.209082 2.897746
v 1.659741 6.684828 6.924869
v 1.020510 3.258752 6.976563
v 1.020510 6.717659 6.976563
v 1.518689 6.712563 4.752055
v 1.041087 6.275663 5.427597
v 1.521489 6.258909 4.541018
v 1.041087 6.275663 5.427597
v 0.615968 6.140570 3.716021
v 1.521489 6.258909 4.541018
v 1.518689 6.712563 4.752055
v 1.521489 6.258909 4.541018
v 1.545641 6.144107 2.900937
v 1.545641 6.144107 2.900937
v 1.521489 6.258909 4.541018
v 0.615968 6.140570 3.716021
v 1.020510 3.258752 6.976563
v 1.659741 6.684828 6.924869
v 1.688267 3.595739 6.933906
v -0.775827 6.250106 7.007979
v 1.041087 6.275663 5.427597
v 0.775827 6.250106 7.007979
v 1.041087 6.275663 5.427597
v -0.673575 6.240745 4.885229
v 0.488450 6.294222 4.865031
v -0.775827 6.250106 7.007979
v -0.825319 6.702802 5.644703
v -0.673575 6.240745 4.885229
v -0.825319 6.702802 5.644703
v -1.214024 6.493217 5.668124
v -0.673575 6.240745 4.885229
v 1.041087 6.275663 5.427597
v -0.775827 6.250106 7.007979
v -0.673575 6.240745 4.885229
v 0.615968 6.140570 3.716021
v 1.041087 6.275663 5.427597
v 0.488450 6.294222 4.865031
v 0.176057 6.522256 4.897625
v -0.426797 6.529001 4.583047
v 0.146900 5.061064 4.338878
v 0.176057 6.522256 4.897625
v 0.146900 5.061064 4.338878
v 0.424834 6.525558 4.340462
v -0.673575 6.240745 4.885229
v -1.214024 6.493217 5.668124
v -1.521489 6.258909 4.541018
v -1.342594 5.048442 -0.319625
v -1.732270 3.998768 0.284740
v -1.705774 5.583426 -0.210099
v -0.429191 6.520348 3.866124
v -0.398849 4.822857 4.173730
v -0.426797 6.529001 4.583047
v -1.899925 3.214586 0.080480
v -1.732270 3.998768 0.284740
v -1.342594 5.048442 -0.319625
v 1.020510 3.258752 6.976563
v 1.476834 3.258752 7.333831
v 1.020510 3.258752 7.333831
v 1.476834 3.258752 7.333831
v 1.020510 3.258752 6.976563
v 1.688267 3.595739 6.933906
v 1.476834 3.258752 7.333831
v 1.688267 3.595739 6.933906
v 1.895348 3.792052 7.295143
v -0.673575 6.240745 4.885229
v -1.521489 6.258909 4.541018
v -0.571472 6.099811 3.772719
v 1.020510 3.258752 7.333831
v 1.020510 6.717659 6.976563
v 1.020510 3.258752 6.976563
v -0.571472 6.099811 3.772719
v 1.545641 6.144107 2.900937
v 0.615968 6.140570 3.716021
v 1.545641 6.144107 2.900937
v -0.571472 6.099811 3.772719
v -1.589354 6.209082 2.897746
v 1.659741 6.684828 6.924869
v 1.895348 3.792052 7.295143
v 1.688267 3.595739 6.933906
v 1.020510 6.717659 6.976563
v 1.020510 3.258752 7.333831
v 1.020510 6.717659 7.333830
v 0.146900 5.061064 4.338878
v -0.426797 6.529001 4.583047
v -0.398849 4.822857 4.173730
v 1.895348 3.792052 7.295143
v 1.659741 6.684828 6.924869
v 1.873453 6.722544 7.235365
v -1.214024 6.493217 5.668124
v -1.518689 6.712563 4.752055
v -1.521489 6.258909 4.541018
v -1.518689 6.712563 4.752055
v -1.589354 6.209082 2.897746
v -1.521489 6.258909 4.541018
v 1.869847 6.674922 7.281952
v 0.716142 4.896429 7.333830
v 0.511473 6.717660 7.333830
v 1.659741 6.684828 6.924869
v 1.020510 6.717659 6.976563
v 1.020510 6.717659 7.333830
v -1.521489 6.258909 4.541018
v -1.589354 6.209082 2.897746
v -0.571472 6.099811 3.772719
v 1.020510 6.717659 7.333830
v 1.873453 6.722544 7.235365
v 1.659741 6.684828 6.924869
v 0.511473 6.717660 9.235090
v 1.869847 6.674922 7.281952
v 0.511473 6.717660 7.333830
v 1.527520 6.710162 -0.338569
v 1.518689 6.712563 4.752055
v 1.545641 6.144107 2.900937
v -1.899925 3.214586 0.080480
v -2.253141 2.338946 1.962010
v -2.039808 3.324378 1.139103
v 1.936547 6.701117 8.905646
v 1.977156 6.276847 7.217892
v 1.869847 6.674922 7.281952
v 1.869847 6.674922 7.281952
v 0.511473 6.717660 9.235090
v 1.936547 6.701117 8.905646
v -1.899925 3.214586 0.080480
v -2.039808 3.324378 1.139103
v -1.732270 3.998768 0.284740
v 1.977156 6.276847 7.217892
v 1.936547 6.701117 8.905646
v 1.964622 6.239846 9.432958
v -2.030142 2.421257 0.474502
v -1.899925 3.214586 0.080480
v -1.616377 2.658336 -0.155798
v -1.899925 3.214586 0.080480
v -1.342594 5.048442 -0.319625
v -1.616377 2.658336 -0.155798
v -1.789521 3.087712 3.263670
v -2.039808 3.324378 1.139103
v -2.253141 2.338946 1.962010
v -2.253141 2.338946 1.962010
v -1.899925 3.214586 0.080480
v -2.030142 2.421257 0.474502
v -1.537824 15.598498 1.287068
v -1.541859 16.466469 2.033303
v -1.591884 15.622221 2.062699
v 1.478737 15.587948 1.294623
v 1.668852 15.364803 1.226328
v 1.148489 15.213803 1.301740
v 1.481125 15.348003 2.082538
v 1.478737 15.587948 1.294623
v 1.148489 15.213803 1.301740
v 1.669137 16.696650 1.276944
v 1.668852 15.364803 1.226328
v 1.478737 15.587948 1.294623
v 1.477500 16.432184 1.307366
v 1.478737 15.587948 1.294623
v 1.481125 15.348003 2.082538
v 1.654451 15.324507 2.028881
v 1.109936 15.038143 1.285763
v 1.668852 15.364803 1.226328
v -1.681544 16.845156 2.005483
v -1.842225 15.576654 2.040187
v -1.591884 15.622221 2.062699
v 1.109936 15.038143 1.285763
v 1.148489 15.213803 1.301740
v 1.668852 15.364803 1.226328
v 1.119721 16.982874 1.291965
v 1.115719 16.925560 1.951673
v 1.662113 16.662254 2.089593
v 1.115719 16.925560 1.951673
v 1.327419 16.814856 1.986728
v 1.662113 16.662254 2.089593
v 1.668852 15.364803 1.226328
v 1.662113 16.662254 2.089593
v 1.654451 15.324507 2.028881
v 1.662113 16.662254 2.089593
v 1.668852 15.364803 1.226328
v 1.669137 16.696650 1.276944
v 0.649544 15.453346 1.748788
v 0.462581 15.403144 1.868638
v 0.859585 15.416755 1.924479
v 1.662113 16.662254 2.089593
v 1.481125 15.348003 2.082538
v 1.654451 15.324507 2.028881
v -1.537824 15.598498 1.287068
v -1.740286 16.363056 1.302337
v -1.503985 16.586884 1.287353
v -1.541859 16.466469 2.033303
v -1.537824 15.598498 1.287068
v -1.503985 16.586884 1.287353
v -1.503985 16.586884 1.287353
v -1.740286 16.363056 1.302337
v -1.681544 16.845156 2.005483
v -1.740286 16.363056 1.302337
v -1.842225 15.576654 2.040187
v -1.681544 16.845156 2.005483
v -1.591884 15.622221 2.062699
v -1.541859 16.466469 2.033303
v -1.681544 16.845156 2.005483
v -1.230100 16.979309 1.310587
v -1.503985 16.586884 1.287353
v -1.681544 16.845156 2.005483
v -1.503985 16.586884 1.287353
v -1.230100 16.979309 1.310587
v -1.117549 16.805363 1.297375
v -1.208367 16.813446 2.020388
v -1.503985 16.586884 1.287353
v -1.117549 16.805363 1.297375
v -1.503985 16.586884 1.287353
v -1.208367 16.813446 2.020388
v -1.541859 16.466469 2.033303
v -1.681544 16.845156 2.005483
v -1.541859 16.466469 2.033303
v -1.208367 16.813446 2.020388
v -1.230100 16.979309 1.310587
v -1.681544 16.845156 2.005483
v -1.114721 16.981503 1.982359
v -1.208367 16.813446 2.020388
v -1.114721 16.981503 1.982359
v -1.681544 16.845156 2.005483
v 1.115719 16.925560 1.951673
v -1.208367 16.813446 2.020388
v -1.117549 16.805363 1.297375
v 1.119721 16.982874 1.291965
v -1.117549 16.805363 1.297375
v -1.230100 16.979309 1.310587
v -1.114721 16.981503 1.982359
v 1.119721 16.982874 1.291965
v -1.230100 16.979309 1.310587
v -1.117549 16.805363 1.297375
v 1.119721 16.982874 1.291965
v 1.115719 16.925560 1.951673
v 1.115719 16.925560 1.951673
v -1.114721 16.981503 1.982359
v -1.208367 16.813446 2.020388
v 1.119721 16.982874 1.291965
v -1.114721 16.981503 1.982359
v 1.115719 16.925560 1.951673
v 1.478737 15.587948 1.294623
v 1.477500 16.432184 1.307366
v 1.669137 16.696650 1.276944
v 1.481125 15.348003 2.082538
v 1.495202 16.500956 2.048194
v 1.477500 16.432184 1.307366
v 1.481125 15.348003 2.082538
v 1.662113 16.662254 2.089593
v 1.495202 16.500956 2.048194
v 1.327419 16.814856 1.986728
v 1.119721 16.982874 1.291965
v 1.669137 16.696650 1.276944
v 1.669137 16.696650 1.276944
v 1.477500 16.432184 1.307366
v 1.327419 16.814856 1.986728
v 1.119721 16.982874 1.291965
v 1.327419 16.814856 1.986728
v 1.115719 16.925560 1.951673
v 1.119721 16.982874 1.291965
v 1.662113 16.662254 2.089593
v 1.669137 16.696650 1.276944
v 1.327419 16.814856 1.986728
v 1.477500 16.432184 1.307366
v 1.495202 16.500956 2.048194
v 1.495202 16.500956 2.048194
v 1.662113 16.662254 2.089593
v 1.327419 16.814856 1.986728
v -0.984177 1.054492 16.062096
v -0.984184 -1.338032 17.556784
v -0.984176 1.054517 17.521322
v -0.982875 -5.041102 17.872658
v -0.896247 -1.280115 17.634830
v -0.984184 -1.338032 17.556784
v -0.984184 -1.338032 17.556784
v -0.984177 1.054492 16.062096
v -0.982875 -5.041102 17.872658
v -0.984176 1.054517 17.521322
v -0.984184 -1.338032 17.556784
v -0.896247 -1.280115 17.634830
v -0.896247 -1.280115 17.634830
v -0.895351 1.054517 17.609898
v -0.984176 1.054517 17.521322
v -0.326517 1.272076 17.767067
v -1.078197 1.352717 17.793892
v -1.075593 0.138642 17.835926
v 0.028357 1.194568 18.256096
v -1.078197 1.352717 17.793892
v -0.326517 1.272076 17.767067
v -1.078197 1.352717 17.793892
v 0.028357 1.194568 18.256096
v -1.204723 1.326069 18.602259
v -0.371130 0.244940 18.008669
v 0.526845 1.245312 17.687597
v 0.269841 0.108248 18.178276
v -1.075593 0.138642 17.835926
v 1.083950 0.155832 17.791079
v 0.345306 1.223456 17.769379
v -0.371130 0.244940 18.008669
v 0.269841 0.108248 18.178276
v -0.429101 0.092770 18.322956
v -0.371130 0.244940 18.008669
v -0.429101 0.092770 18.322956
v -0.354167 0.725168 17.971449
v -0.429101 0.092770 18.322956
v 0.400283 0.917656 17.994934
v -0.354167 0.725168 17.971449
v 0.400283 0.917656 17.994934
v -0.429101 0.092770 18.322956
v 0.269841 0.108248 18.178276
v -0.552858 1.299229 17.751617
v -0.371130 0.244940 18.008669
v -0.354167 0.725168 17.971449
v -0.326517 1.272076 17.767067
v -1.075593 0.138642 17.835926
v 0.345306 1.223456 17.769379
v -0.552858 1.299229 17.751617
v 0.526845 1.245312 17.687597
v -0.371130 0.244940 18.008669
v 0.526845 1.245312 17.687597
v -0.354167 0.725168 17.971449
v 0.400283 0.917656 17.994934
v 0.526845 1.245312 17.687597
v -0.552858 1.299229 17.751617
v -0.354167 0.725168 17.971449
v 0.028357 1.194568 18.256096
v -0.326517 1.272076 17.767067
v 0.345306 1.223456 17.769379
v 0.269841 0.108248 18.178276
v 0.526845 1.245312 17.687597
v 0.400283 0.917656 17.994934
v 1.083307 1.357993 17.759527
v 0.345306 1.223456 17.769379
v 1.083950 0.155832 17.791079
v 0.028357 1.194568 18.256096
v 1.083307 1.357993 17.759527
v 1.193911 1.323823 18.531088
v 1.083307 1.357993 17.759527
v 0.028357 1.194568 18.256096
v 0.345306 1.223456 17.769379
v 1.193911 1.323823 18.531088
v -1.204723 1.326069 18.602259
v 0.028357 1.194568 18.256096
v 0.159761 1.279632 18.281282
v -0.339015 1.034986 18.161781
v 0.456424 0.931805 18.202627
v 0.456424 0.931805 18.202627
v -0.339015 1.034986 18.161781
v 0.159761 1.279632 18.281282
v 0.400283 0.917656 17.994934
v -0.386035 0.981836 18.029793
v 0.456424 0.931805 18.202627
v -0.339015 1.034986 18.161781
v 0.456424 0.931805 18.202627
v -0.386035 0.981836 18.029793
v 0.400283 0.917656 17.994934
v -0.354167 0.725168 17.971449
v -0.386035 0.981836 18.029793
v -0.386035 0.981836 18.029793
v 0.456424 0.931805 18.202627
v -0.339015 1.034986 18.161781
v 0.456424 0.931805 18.202627
v -0.354167 0.725168 17.971449
v 0.400283 0.917656 17.994934
v 0.456424 0.931805 18.202627
v -0.386035 0.981836 18.029793
v -0.354167 0.725168 17.971449
v 0.971911 14.810139 10.392237
v -1.213653 14.616850 10.465257
v -1.268340 14.680661 10.920259
v 0.971911 14.810139 10.392237
v -1.268340 14.680661 10.920259
v 0.971911 14.810139 11.009909
v 0.971911 14.810139 11.627707
v -1.216190 14.616362 11.700359
v -0.971911 14.810139 12.245377
v 0.750559 13.973481 15.676426
v 0.750559 13.973480 11.978638
v 0.748629 14.029497 34.323013
v -1.277044 14.263052 13.326457
v -0.885717 14.036599 18.768625
v -1.277235 14.263874 16.526224
v 0.971911 14.810139 13.480844
v -1.311986 14.686049 12.947226
v -1.249740 14.609050 13.416142
v -1.311986 14.686049 12.947226
v 0.971911 14.810139 13.480844
v 0.971911 14.810139 12.863171
v 0.971911 14.810139 11.627707
v -0.971911 14.810139 12.245377
v 1.243378 14.612108 12.203054
v 1.135441 14.533789 12.863172
v 1.131297 14.449359 13.736127
v 1.277044 14.263052 13.326457
v 0.971911 14.810139 12.863171
v 0.971911 14.810139 13.480844
v 1.131297 14.449359 13.736127
v 0.750559 13.973480 11.978638
v 0.750559 13.973481 15.676426
v 0.253119 13.957245 13.893883
v 1.131297 14.449359 13.736127
v -1.249740 14.609050 13.416142
v -1.135441 14.533789 14.098641
v -1.249740 14.609050 13.416142
v 1.131297 14.449359 13.736127
v 0.971911 14.810139 13.480844
v 0.971911 14.810139 9.156769
v -1.243258 14.681705 9.701888
v 0.971911 14.810139 9.774441
v 0.971911 14.810139 12.863171
v 1.131297 14.449359 13.736127
v 1.135441 14.533789 12.863172
v 1.277044 14.263052 13.326457
v 1.243378 14.612108 12.203054
v 1.135441 14.533789 12.863172
v 1.243378 14.612108 12.203054
v 1.277044 14.263052 13.326457
v 1.277044 14.263053 11.473226
v 0.971911 14.810139 11.627707
v 1.243378 14.612108 12.203054
v 1.135441 14.533790 11.627707
v 0.750559 13.973480 11.978638
v 0.253119 13.957245 13.893883
v 0.370820 14.004073 12.004337
v 1.135441 14.533789 12.863172
v -1.311986 14.686049 12.947226
v 0.971911 14.810139 12.863171
v 1.135441 14.533790 11.627707
v 1.243378 14.612108 12.203054
v 1.277044 14.263053 11.473226
v 1.277044 14.263053 11.473226
v 1.135441 14.533790 11.009910
v 1.135441 14.533790 11.627707
v 0.882959 14.036678 11.087165
v 1.277044 14.263053 11.473226
v 1.277044 14.263052 13.326457
v 1.135441 14.533789 12.863172
v -1.135441 14.533790 12.245378
v -1.311986 14.686049 12.947226
v -1.135441 14.533790 12.245378
v 1.135441 14.533789 12.863172
v 1.243378 14.612108 12.203054
v -1.135441 14.533790 12.245378
v 1.243378 14.612108 12.203054
v -0.971911 14.810139 12.245377
v -0.301954 13.889453 12.682518
v 0.337360 13.589780 12.636428
v 0.367686 13.884303 12.828254
v 0.337360 13.589780 12.636428
v -0.301954 13.889453 12.682518
v -0.337360 13.589780 12.636428
v 0.882959 14.036678 11.087165
v -0.885717 14.036599 18.768625
v -0.882959 14.036678 11.087165
v 0.370820 14.004073 12.004337
v 0.253119 13.957245 13.893883
v 0.367686 13.884303 12.828254
v 0.337360 13.589780 12.636428
v 0.370820 14.004073 12.004337
v 0.367686 13.884303 12.828254
v 0.337360 13.589780 11.374310
v 0.370820 14.004073 12.004337
v 0.337360 13.589780 12.636428
v -0.724778 13.969400 11.447877
v -0.301954 13.889453 12.682518
v -0.337360 13.973482 12.919803
v -0.301954 13.889453 12.682518
v -0.253653 13.758230 11.293242
v -0.337360 13.589780 12.636428
v -1.277044 14.263052 13.326457
v -1.277235 14.263874 16.526224
v -1.135441 14.533789 14.098641
v -1.277044 14.263052 13.326457
v -1.135441 14.533789 14.098641
v -1.249740 14.609050 13.416142
v -1.311986 14.686049 12.947226
v -1.277044 14.263052 13.326457
v -1.249740 14.609050 13.416142
v -0.885717 14.036599 18.768625
v -1.277044 14.263052 13.326457
v -0.882959 14.036678 11.087165
v -1.135441 14.533790 12.245378
v -1.277044 14.263052 13.326457
v -1.311986 14.686049 12.947226
v 1.277044 14.263053 11.473226
v 1.111001 14.437254 10.046345
v 1.135441 14.533790 11.009910
v 0.971911 14.810139 10.392237
v 0.971911 14.810139 11.009909
v 1.135441 14.533790 11.009910
v -1.216190 14.616362 11.700359
v -1.135441 14.533790 12.245378
v -0.971911 14.810139 12.245377
v -1.277044 14.263052 13.326457
v -1.135441 14.533790 12.245378
v -1.277397 14.264569 10.567887
v 0.337360 13.973482 9.222014
v 0.750559 13.973480 11.978638
v 0.370820 14.004073 12.004337
v 1.135441 14.533790 11.627707
v -1.216190 14.616362 11.700359
v 0.971911 14.810139 11.627707
v 1.135441 14.533790 11.009910
v -1.216190 14.616362 11.700359
v 1.135441 14.533790 11.627707
v 0.971911 14.810139 11.009909
v -1.268340 14.680661 10.920259
v 1.135441 14.533790 11.009910
v -1.216190 14.616362 11.700359
v 1.135441 14.533790 11.009910
v -1.268340 14.680661 10.920259
v 0.370820 14.004073 12.004337
v 0.337360 13.589780 11.374310
v 0.372482 13.900213 11.130944
v -0.724778 13.969400 11.447877
v -0.253653 13.758230 11.293242
v -0.301954 13.889453 12.682518
v 0.372482 13.900213 11.130944
v -0.253653 13.758230 11.293242
v -0.337360 13.879057 11.085034
v 0.337360 13.589780 11.374310
v -0.253653 13.758230 11.293242
v 0.372482 13.900213 11.130944
v 0.337360 13.589780 8.938640
v -0.513075 13.948291 8.835190
v -0.337360 13.589780 8.938640
v -0.513075 13.948291 8.835190
v 0.337360 13.589780 8.938640
v 0.367658 13.884366 9.131232
v 1.216927 14.594805 8.467836
v -1.214745 14.614844 9.222871
v 1.135441 14.533790 9.156770
v 1.135441 14.533790 9.156770
v -1.214745 14.614844 9.222871
v 0.971911 14.810139 9.156769
v 1.216927 14.594805 8.467836
v 1.277044 14.263053 9.620055
v 1.281512 14.270422 7.551267
v 0.882959 14.036678 11.087165
v 1.281512 14.270422 7.551267
v 1.277044 14.263053 9.620055
v 1.277044 14.263053 9.620055
v 1.216927 14.594805 8.467836
v 1.135441 14.533790 9.156770
v 1.135441 14.533790 9.156770
v 1.111001 14.437254 10.046345
v 1.277044 14.263053 9.620055
v 0.971911 14.810139 9.156769
v 1.111001 14.437254 10.046345
v 1.135441 14.533790 9.156770
v 0.971911 14.810139 9.156769
v -1.214745 14.614844 9.222871
v -1.243258 14.681705 9.701888
v -1.277397 14.264569 10.567887
v -1.213653 14.616850 10.465257
v -1.243258 14.681705 9.701888
v -1.213653 14.616850 10.465257
v -1.277397 14.264569 10.567887
v -1.268340 14.680661 10.920259
v -0.882959 14.036678 11.087165
v -1.277044 14.263052 13.326457
v -1.277397 14.264569 10.567887
v -1.277397 14.264569 10.567887
v -1.216190 14.616362 11.700359
v -1.268340 14.680661 10.920259
v -1.216190 14.616362 11.700359
v -1.277397 14.264569 10.567887
v -1.135441 14.533790 12.245378
v 0.367658 13.884366 9.131232
v -0.337360 13.879057 11.085034
v -0.513075 13.948291 8.835190
v 0.337360 13.973482 9.222014
v 0.372482 13.900213 11.130944
v 0.367658 13.884366 9.131232
v -0.513075 13.948291 8.835190
v -0.337360 13.879057 11.085034
v -0.724778 13.969400 11.447877
v -0.337360 13.879057 11.085034
v 0.367658 13.884366 9.131232
v 0.372482 13.900213 11.130944
v 0.372482 13.900213 11.130944
v 0.337360 13.973482 9.222014
v 0.370820 14.004073 12.004337
v 1.111001 14.437254 10.046345
v -1.243258 14.681705 9.701888
v -1.213653 14.616850 10.465257
v 0.971911 14.810139 9.774441
v -1.243258 14.681705 9.701888
v 1.111001 14.437254 10.046345
v 1.111001 14.437254 10.046345
v -1.213653 14.616850 10.465257
v 0.971911 14.810139 10.392237
v 0.750559 13.973479 8.280849
v 0.750559 13.973480 11.978638
v 0.337360 13.973482 9.222014
v 0.750559 13.973480 11.978638
v 0.750559 13.973479 8.280849
v 0.748629 14.029497 34.323013
v 0.971911 14.810139 9.156769
v 0.971911 14.810139 9.774441
v 1.111001 14.437254 10.046345
v 0.882959 14.036678 11.087165
v 1.277044 14.263053 9.620055
v 1.277044 14.263053 11.473226
v 1.277044 14.263053 11.473226
v 1.277044 14.263053 9.620055
v 1.111001 14.437254 10.046345
v 0.971911 14.810139 10.392237
v 1.135441 14.533790 11.009910
v 1.111001 14.437254 10.046345
v -0.253653 13.758230 11.293242
v -0.724778 13.969400 11.447877
v -0.337360 13.879057 11.085034
v 0.765236 8.901312 24.516954
v 0.765499 8.969430 1.714930
v 0.635295 8.478374 1.862300
v 0.709009 9.167769 24.603416
v 0.536242 9.482527 1.838959
v 0.765499 8.969430 1.714930
v -1.304506 1.751917 14.778211
v -2.105782 3.250344 14.424889
v -1.746738 1.404208 14.861616
v -1.902115 1.725720 14.974984
v -1.967934 2.446246 14.666012
v -1.795748 1.405503 14.933637
v -1.967934 2.446246 14.666012
v -1.902115 1.725720 14.974984
v -2.080282 2.378746 14.957295
v -0.963534 9.635163 3.398988
v -0.946518 9.692319 9.859558
v 0.048928 10.113691 3.400851
v 1.048508 8.596420 3.399337
v 1.048508 8.596421 9.861034
v 0.824271 8.171517 3.399295
v 1.111077 9.126441 3.399267
v 1.120116 9.102897 9.860245
v 1.048508 8.596420 3.399337
v -2.080282 2.378746 14.957295
v -1.902115 1.725720 14.974984
v -1.346954 2.458280 15.679740
v 0.048928 10.113691 3.400851
v 0.110465 10.083410 9.861228
v 0.794144 9.738901 3.399585
v -2.206450 3.954575 14.232677
v -2.685073 3.250344 14.424601
v -2.105782 3.250344 14.424889
v 0.794144 9.738901 3.399585
v 0.110465 10.083410 9.861228
v 0.807176 9.714910 9.861033
v 0.794144 9.738901 3.399585
v 0.807176 9.714910 9.861033
v 1.111077 9.126441 3.399267
v 0.048928 10.113691 3.400851
v -0.946518 9.692319 9.859558
v 0.110465 10.083410 9.861228
v 1.120116 9.102897 9.860245
v 1.111077 9.126441 3.399267
v 0.807176 9.714910 9.861033
v 1.048508 8.596421 9.861034
v 1.048508 8.596420 3.399337
v 1.120116 9.102897 9.860245
v -2.401311 3.832459 14.332071
v -1.757951 3.832459 14.332071
v -2.401311 3.250344 14.470966
v -2.685073 3.250344 14.424601
v -1.746738 1.404208 14.861616
v -2.105782 3.250344 14.424889
v -2.401311 3.267800 14.931236
v -1.967934 2.446246 14.666012
v -2.080282 2.378746 14.957295
v -2.401311 3.250344 14.470966
v -1.967934 2.446246 14.666012
v -2.401311 3.267800 14.931236
v -1.795748 1.405503 14.933637
v -1.967934 2.446246 14.666012
v -1.757951 3.832459 14.332071
v -2.401311 3.832459 14.332071
v -2.401311 3.250344 14.470966
v -2.401311 3.267800 14.931236
v -1.757951 3.832459 14.332071
v -1.967934 2.446246 14.666012
v -2.401311 3.250344 14.470966
v -2.058195 6.365567 16.840740
v -2.401311 3.267800 14.931236
v -2.080282 2.378746 14.957295
v -1.760576 3.971294 14.087370
v -2.401311 3.970886 14.106882
v -2.401311 3.970885 12.630428
v -2.404262 5.800932 13.090569
v -2.332616 5.284399 13.044792
v -2.401311 5.698396 13.368016
v -2.398530 4.720016 12.707139
v -2.401311 3.970885 12.630428
v -2.401311 3.970886 14.106882
v -1.757951 3.832459 14.332071
v -2.401311 3.832459 14.332071
v -2.401311 3.970886 14.106882
v -1.757951 3.832459 14.332071
v -2.401311 3.970886 14.106882
v -1.760576 3.971294 14.087370
v -2.401311 3.970886 14.106882
v -2.401311 4.721144 15.146243
v -2.398530 4.720016 12.707139
v -2.401311 3.267800 14.931236
v -2.401311 4.721144 15.146243
v -2.401311 3.832459 14.332071
v -2.401311 4.721144 15.146243
v -2.401311 3.970886 14.106882
v -2.401311 3.832459 14.332071
v -2.278865 5.124211 15.409176
v -2.398530 4.720016 12.707139
v -2.401311 4.721144 15.146243
v -2.401311 4.721144 15.146243
v -2.401311 3.267800 14.931236
v -2.424806 5.589476 15.973639
v -2.278865 5.124211 15.409176
v -2.332616 5.284399 13.044792
v -2.398530 4.720016 12.707139
v 0.100864 8.182535 1.838446
v -0.219189 8.203863 14.677110
v 0.230112 8.227827 24.603416
v 0.230112 8.227827 24.603416
v -0.219189 8.203863 14.677110
v -0.222094 8.206113 21.016403
v -2.360935 5.718498 14.227006
v -2.222409 5.127696 14.146656
v -2.633657 5.148303 14.132309
v -2.264233 5.732591 15.138416
v -2.401311 5.698396 13.368016
v -2.332616 5.284399 13.044792
v 0.635295 8.478374 1.862300
v 0.230112 8.227827 24.603416
v 0.547910 8.413692 24.603416
v 0.635295 8.478374 1.862300
v 0.547910 8.413692 24.603416
v 0.765236 8.901312 24.516954
v 0.230112 8.227827 24.603416
v 0.635295 8.478374 1.862300
v 0.100864 8.182535 1.838446
v -2.360935 5.718498 14.227006
v -2.633657 5.148303 14.132309
v -2.695979 5.329143 14.270636
v -2.412671 5.793190 15.322754
v -2.404262 5.800932 13.090569
v -2.401311 5.698396 13.368016
v -2.347425 5.093856 15.467605
v -2.633657 5.148303 14.132309
v -2.222409 5.127696 14.146656
v -2.673371 5.260983 15.423015
v -2.695979 5.329143 14.270636
v -2.633657 5.148303 14.132309
v -2.633657 5.148303 14.132309
v -2.347425 5.093856 15.467605
v -2.673371 5.260983 15.423015
v -2.601499 5.635830 15.147814
v -2.695979 5.329143 14.270636
v -2.673371 5.260983 15.423015
v -2.401311 4.721144 15.146243
v -2.424806 5.589476 15.973639
v -2.278865 5.124211 15.409176
v -2.216769 5.665595 15.207307
v -2.673371 5.260983 15.423015
v -2.347425 5.093856 15.467605
v -2.695979 5.329143 14.270636
v -2.601499 5.635830 15.147814
v -2.360935 5.718498 14.227006
v -2.264233 5.732591 15.138416
v -2.332616 5.284399 13.044792
v -2.278865 5.124211 15.409176
v 0.709009 9.167769 24.603416
v 0.765499 8.969430 1.714930
v 0.765236 8.901312 24.516954
v -1.346954 6.717658 18.759377
v -1.346699 5.119617 17.237480
v -1.346954 3.832070 18.698286
v -1.346784 2.466967 16.047716
v -1.346954 3.832070 18.698286
v -1.346699 5.119617 17.237480
v -2.401311 3.267800 14.931236
v -2.058195 6.365567 16.840740
v -2.424806 5.589476 15.973639
v -2.058195 6.365567 16.840740
v -1.346784 2.466967 16.047716
v -1.346699 5.119617 17.237480
v -1.346784 2.466967 16.047716
v -2.058195 6.365567 16.840740
v -2.080282 2.378746 14.957295
v -1.346784 2.466967 16.047716
v -2.080282 2.378746 14.957295
v -1.346954 2.458280 15.679740
v -2.424806 5.589476 15.973639
v -2.412671 5.793190 15.322754
v -2.278865 5.124211 15.409176
v -2.278865 5.124211 15.409176
v -2.412671 5.793190 15.322754
v -2.264233 5.732591 15.138416
v -2.216769 5.665595 15.207307
v -2.601499 5.635830 15.147814
v -2.673371 5.260983 15.423015
v -2.412671 5.793190 15.322754
v -2.401311 5.698396 13.368016
v -2.264233 5.732591 15.138416
v -2.216769 5.665595 15.207307
v -2.360935 5.718498 14.227006
v -2.601499 5.635830 15.147814
v 2.412920 5.793475 15.321101
v 2.403054 5.801330 13.060022
v 2.246422 6.106164 15.712877
v 2.058590 6.365856 16.841219
v 2.401311 3.267800 14.931236
v 2.422971 5.586936 15.974015
v 2.401311 3.267800 14.931236
v 2.401311 4.721144 15.146243
v 2.422971 5.586936 15.974015
v 2.345098 5.092865 15.469562
v 2.634202 5.149473 14.131456
v 2.672156 5.265032 15.425992
v 2.672156 5.265032 15.425992
v 2.696256 5.328828 14.269782
v 2.601506 5.636050 15.146878
v 2.401311 4.721144 15.146243
v 2.273944 5.122484 15.414192
v 2.422971 5.586936 15.974015
v 2.412920 5.793475 15.321101
v 2.422971 5.586936 15.974015
v 2.273944 5.122484 15.414192
v 2.672156 5.265032 15.425992
v 2.216748 5.665253 15.207161
v 2.345098 5.092865 15.469562
v 2.273944 5.122484 15.414192
v 2.264211 5.732603 15.138351
v 2.412920 5.793475 15.321101
v 2.601506 5.636050 15.146878
v 2.216748 5.665253 15.207161
v 2.672156 5.265032 15.425992
v 2.360190 5.718372 14.226217
v 2.216748 5.665253 15.207161
v 2.601506 5.636050 15.146878
v 1.994935 6.116541 13.359275
v 1.960612 6.712673 15.047338
v 2.031696 6.317093 16.297464
v 1.994935 6.116541 13.359275
v 2.031696 6.317093 16.297464
v 2.246422 6.106164 15.712877
v 2.376026 6.291645 10.224489
v 2.376593 6.536827 15.686148
v 2.377734 6.293712 15.451992
v 2.000789 6.293712 15.451989
v 2.376026 6.291645 10.224489
v 2.377734 6.293712 15.451992
v 2.401311 5.698396 13.368016
v 2.412920 5.793475 15.321101
v 2.264211 5.732603 15.138351
v 2.360190 5.718372 14.226217
v 2.601506 5.636050 15.146878
v 2.696256 5.328828 14.269782
v 2.273944 5.122484 15.414192
v 2.320798 5.292088 13.055913
v 2.264211 5.732603 15.138351
v 1.960612 6.712673 15.047338
v 0.511473 6.717661 14.332065
v 0.802323 6.717658 15.679736
v 2.412920 5.793475 15.321101
v 2.401311 5.698396 13.368016
v 2.403054 5.801330 13.060022
v 2.264211 5.732603 15.138351
v 2.320798 5.292088 13.055913
v 2.401311 5.698396 13.368016
v 2.634202 5.149473 14.131456
v 2.360190 5.718372 14.226217
v 2.696256 5.328828 14.269782
v 2.091837 6.360759 15.937319
v 2.000789 6.293712 15.451989
v 2.377734 6.293712 15.451992
v 2.422971 5.586936 15.974015
v 2.412920 5.793475 15.321101
v 2.246422 6.106164 15.712877
v 2.377734 6.293712 15.451992
v 2.376593 6.536827 15.686148
v 2.091837 6.360759 15.937319
v 1.960612 6.712673 15.047338
v 1.995097 6.635251 16.114697
v 2.031696 6.317093 16.297464
v 1.960612 6.712673 15.047338
v 1.346954 6.637531 15.679736
v 1.995097 6.635251 16.114697
v 0.802323 6.717658 15.679736
v 0.830136 6.758014 18.706818
v 1.960612 6.712673 15.047338
v 0.830136 6.758014 18.706818
v 1.346954 6.637531 15.679736
v 1.960612 6.712673 15.047338
v 2.031696 6.317093 16.297464
v 2.422971 5.586936 15.974015
v 2.246422 6.106164 15.712877
v 2.031696 6.317093 16.297464
v 2.058590 6.365856 16.841219
v 2.422971 5.586936 15.974015
v 1.346954 6.637531 15.679736
v 1.995097 6.635251 17.041725
v 1.995097 6.635251 16.114697
v 1.995097 6.635251 16.114697
v 2.058590 6.365856 16.841219
v 2.031696 6.317093 16.297464
v 2.058590 6.365856 16.841219
v 1.995097 6.635251 16.114697
v 1.995097 6.635251 17.041725
v 1.346650 6.633622 17.916538
v 1.346699 5.119617 17.237480
v 1.995097 6.635251 17.041725
v 1.995097 6.635251 17.041725
v 1.346954 6.637531 15.679736
v 1.346650 6.633622 17.916538
v 1.346954 6.637531 15.679736
v 0.830136 6.758014 18.706818
v 1.346650 6.633622 17.916538
v 1.995097 6.635251 17.041725
v 1.346699 5.119617 17.237480
v 2.058590 6.365856 16.841219
v 1.346954 6.717658 18.759377
v 1.346699 5.119617 17.237480
v 1.346650 6.633622 17.916538
v 2.672156 5.265032 15.425992
v 2.634202 5.149473 14.131456
v 2.696256 5.328828 14.269782
v 1.346650 6.633622 17.916538
v 0.830136 6.758014 18.706818
v 1.346954 6.717658 18.759377
v 2.345098 5.092865 15.469562
v 2.222317 5.127969 14.145931
v 2.634202 5.149473 14.131456
v 2.360190 5.718372 14.226217
v 2.634202 5.149473 14.131456
v 2.222317 5.127969 14.145931
v 2.403054 5.801330 13.060022
v 2.401311 5.698396 13.368016
v 2.320798 5.292088 13.055913
v 2.273944 5.122484 15.414192
v 2.399993 4.721342 12.708906
v 2.320798 5.292088 13.055913
v 2.376593 6.536827 15.686148
v 2.376026 6.291645 10.224489
v 2.377734 6.461343 10.305048
v 2.000789 6.293712 15.451989
v 2.090899 6.322839 10.215788
v 2.376026 6.291645 10.224489
v 2.246422 6.106164 15.712877
v 1.964622 6.239846 9.432958
v 1.994935 6.116541 13.359275
v 1.960612 6.712673 15.047338
v 0.511473 6.717660 9.235090
v 0.511473 6.717661 14.332065
v 1.994935 6.116541 13.359275
v 1.964622 6.239846 9.432958
v 1.960612 6.712673 15.047338
v 2.403054 5.801330 13.060022
v 2.257571 6.115445 7.355955
v 2.246422 6.106164 15.712877
v 0.511473 6.717660 9.235090
v 1.960612 6.712673 15.047338
v 1.936547 6.701117 8.905646
v 2.320798 5.292088 13.055913
v 2.403378 5.765785 9.256017
v 2.403054 5.801330 13.060022
v 2.403378 5.765785 9.256017
v 2.320798 5.292088 13.055913
v 2.399993 4.721342 12.708906
v 2.399993 4.721342 12.708906
v 2.273944 5.122484 15.414192
v 2.401311 4.721144 15.146243
v 2.377734 6.461343 10.305048
v 2.376026 6.291645 10.224489
v 2.090899 6.322839 10.215788
v 2.257571 6.115445 7.355955
v 2.395748 5.768364 7.290648
v 1.977156 6.276847 7.217892
v 1.964622 6.239846 9.432958
v 2.257571 6.115445 7.355955
v 1.977156 6.276847 7.217892
v 1.936547 6.701117 8.905646
v 1.960612 6.712673 15.047338
v 1.964622 6.239846 9.432958
v 1.964622 6.239846 9.432958
v 2.246422 6.106164 15.712877
v 2.257571 6.115445 7.355955
v 2.257571 6.115445 7.355955
v 2.403054 5.801330 13.060022
v 2.403378 5.765785 9.256017
v 2.395748 5.768364 7.290648
v 2.257571 6.115445 7.355955
v 2.403378 5.765785 9.256017
v -1.805502 12.774494 1.139843
v -1.788325 12.774216 2.931204
v -1.956250 12.717449 2.944082
v -2.075736 12.315657 6.384124
v -1.565354 12.770995 0.417843
v -2.075736 12.315656 0.417843
v -1.886196 12.857866 2.944082
v -1.956250 12.717449 2.944082
v -1.788325 12.774216 2.931204
v 0.473045 13.857590 1.497722
v 0.735549 14.025248 1.028745
v 0.517436 13.969928 1.788679
v 0.594934 13.263910 1.454969
v 0.735549 14.025248 1.028745
v 0.473045 13.857590 1.497722
v -0.903082 14.172774 1.363378
v -1.097532 14.212152 -1.963430
v -1.218825 14.138339 1.317195
v -1.886196 12.857866 2.944082
v -1.788325 12.774216 2.931204
v -1.485240 13.254142 2.944082
v -1.224821 14.054092 3.136331
v -1.886196 12.857866 2.944082
v -1.485240 13.254142 2.944082
v -1.956250 12.717449 2.944082
v -1.955232 12.724161 -1.956308
v -1.805502 12.774494 1.139843
v -1.091473 13.866451 0.386581
v -2.075736 12.315656 0.417843
v -1.565354 12.770995 0.417843
v -1.218825 14.138339 1.317195
v -1.955232 12.724161 -1.956308
v -1.886196 12.857866 2.944082
v -1.886196 12.857866 2.944082
v -1.955232 12.724161 -1.956308
v -1.956250 12.717449 2.944082
v -1.355571 14.069448 0.907073
v -1.346631 14.384839 1.065079
v -1.302145 14.249063 0.806980
v 1.565354 12.770995 0.417843
v -1.091473 13.866451 0.386581
v -1.565354 12.770995 0.417843
v -1.091473 13.866451 0.386581
v 1.565354 12.770995 0.417843
v 0.668844 13.878273 0.417843
v -1.302145 14.249063 0.806980
v -0.178341 14.091846 0.887746
v -1.355571 14.069448 0.907073
v 0.668844 13.878273 0.417843
v 1.565354 12.770995 0.417843
v 1.182367 13.727890 0.417843
v -0.188371 14.298801 0.809563
v -1.302145 14.249063 0.806980
v -1.346631 14.384839 1.065079
v -0.900601 14.288694 1.344306
v -0.861755 14.538256 0.889666
v -0.929775 14.272546 -1.948443
v -1.565354 12.770995 0.417843
v -2.075736 12.315657 6.384124
v -1.565354 12.770996 6.755373
v -1.886196 12.857866 2.944082
v -1.224821 14.054092 3.136331
v -1.218825 14.138339 1.317195
v -1.097532 14.212152 -1.963430
v -0.903082 14.172774 1.363378
v -0.929775 14.272546 -1.948443
v -1.955232 12.724161 -1.956308
v -1.218825 14.138339 1.317195
v -1.097532 14.212152 -1.963430
v -0.170860 14.091497 1.067652
v -1.346631 14.384839 1.065079
v -1.355571 14.069448 0.907073
v -0.900601 14.288694 1.344306
v -0.929775 14.272546 -1.948443
v -0.903082 14.172774 1.363378
v 1.565354 12.770996 6.755373
v 1.565354 12.770995 0.417843
v -1.565354 12.770995 0.417843
v 0.947763 14.192019 1.317062
v 0.802606 13.998173 1.345103
v 1.219461 14.135902 1.324640
v 0.992486 14.313175 1.287389
v -0.903082 14.172774 1.363378
v 0.802606 13.998173 1.345103
v -0.903082 14.172774 1.363378
v 0.992486 14.313175 1.287389
v -0.900601 14.288694 1.344306
v -0.178341 14.325983 1.022931
v -1.346631 14.384839 1.065079
v -0.170860 14.091497 1.067652
v 1.367949 14.157538 0.820917
v 1.291294 14.359150 0.912985
v 1.312540 14.206771 1.155519
v 1.312540 14.206771 1.155519
v 0.178341 14.208915 1.090514
v 0.171082 14.052505 0.911549
v 1.312540 14.206771 1.155519
v 0.187397 14.380469 0.962744
v 0.178341 14.208915 1.090514
v 0.187397 14.380469 0.962744
v 1.312540 14.206771 1.155519
v 1.291294 14.359150 0.912985
v 0.918061 14.266404 -1.996678
v 0.992486 14.313175 1.287389
v 0.947763 14.192019 1.317062
v 0.992486 14.313175 1.287389
v 0.802606 13.998173 1.345103
v 0.947763 14.192019 1.317062
v 0.992486 14.313175 1.287389
v 0.918061 14.266404 -1.996678
v 0.852416 14.565263 0.982486
v -1.565354 12.770995 0.417843
v -1.565354 12.770996 6.755373
v 1.565354 12.770996 6.755373
v 1.367949 14.157538 0.820917
v 0.178341 14.208915 0.820161
v 1.291294 14.359150 0.912985
v 0.187397 14.380469 0.962744
v 1.291294 14.359150 0.912985
v 0.178341 14.208915 0.820161
v 0.178341 14.208915 0.820161
v 1.367949 14.157538 0.820917
v 0.171082 14.052505 0.911549
v 0.171082 14.052505 0.911549
v 1.367949 14.157538 0.820917
v 1.312540 14.206771 1.155519
v 1.182367 13.727890 0.417843
v 0.718609 14.041800 0.417843
v 0.668844 13.878273 0.417843
v -0.188371 14.298801 0.809563
v -1.346631 14.384839 1.065079
v -0.178341 14.325983 1.022931
v -0.178341 14.091846 0.887746
v -1.302145 14.249063 0.806980
v -0.188371 14.298801 0.809563
v 0.718609 14.041800 0.417843
v -0.718609 14.041800 0.417843
v 0.668844 13.878273 0.417843
v -0.170860 14.091497 1.067652
v -1.355571 14.069448 0.907073
v -0.178341 14.091846 0.887746
v -1.091473 13.866451 0.386581
v 0.668844 13.878273 0.417843
v -0.718609 14.041800 0.417843
v -2.592634 8.497228 18.254515
v -2.586943 7.750175 18.262356
v -2.591519 9.083130 20.404593
v -1.566895 6.717665 38.508926
v -2.586943 7.750175 18.262356
v -1.567035 6.717662 19.549686
v -2.586943 7.750175 18.262356
v -2.592684 7.805123 38.508926
v -2.591519 9.083130 20.404593
v 1.566895 6.717665 38.508926
v -1.567035 6.717662 19.549686
v 1.567043 6.717661 17.471661
v -1.567035 6.717662 19.549686
v 1.566895 6.717665 38.508926
v -1.566895 6.717665 38.508926
v -2.586943 7.750175 18.262356
v -1.566895 6.717665 38.508926
v -2.592684 7.805123 38.508926
v -1.978193 8.835839 17.830219
v -1.884918 9.457429 17.080135
v -1.976803 9.306437 17.063406
v -1.976803 9.306437 17.063406
v -1.908358 7.063728 17.792875
v -1.978193 8.835839 17.830219
v -0.698243 7.781291 17.905790
v -1.262183 7.753127 18.909452
v -0.694281 7.755364 18.909618
v -1.272160 7.766047 17.902534
v -1.262183 7.753127 18.909452
v -0.698243 7.781291 17.905790
v -0.694281 7.755364 18.909618
v -1.262183 7.753127 18.909452
v -0.705412 7.408930 18.911905
v -0.705412 7.408930 18.911905
v -0.698243 7.781291 17.905790
v -0.694281 7.755364 18.909618
v -1.257339 7.417603 18.911905
v -0.755685 7.267465 17.421228
v -0.705412 7.408930 18.911905
v -1.262183 7.753127 18.909452
v -1.257339 7.417603 18.911905
v -0.705412 7.408930 18.911905
v -1.262183 7.753127 18.909452
v -1.272160 7.766047 17.902534
v -1.257339 7.417603 18.911905
v -0.698243 7.781291 17.905790
v -0.705412 7.408930 18.911905
v -0.755685 7.267465 17.421228
v -1.224204 7.185189 17.415230
v -1.257339 7.417603 18.911905
v -1.272160 7.766047 17.902534
v -0.755685 7.267465 17.421228
v -1.257339 7.417603 18.911905
v -1.224204 7.185189 17.415230
v -1.845209 7.000110 17.991220
v -1.775772 9.062968 17.834461
v -1.978193 8.835839 17.830219
v -2.592634 8.497228 18.254515
v -1.775615 8.941936 18.225931
v -2.586943 7.750175 18.262356
v -1.775615 8.941936 18.225931
v -1.756299 6.982364 18.217352
v -2.586943 7.750175 18.262356
v -1.567035 6.717662 19.549686
v -2.586943 7.750175 18.262356
v -1.756299 6.982364 18.217352
v -1.756299 6.982364 18.217352
v -1.700044 6.852872 18.101534
v -1.567035 6.717662 19.549686
v -1.874860 7.007851 17.898096
v -1.845209 7.000110 17.991220
v -1.908358 7.063728 17.792875
v -0.505701 7.845277 16.083445
v 1.253420 7.771485 16.737114
v 1.264101 7.780138 16.099785
v 0.642995 8.076106 15.607356
v 1.230295 7.737637 15.488008
v -0.252592 7.859498 15.541062
v 1.264101 7.780138 16.099785
v 1.230295 7.737637 15.488008
v 1.260227 8.242146 15.592300
v 1.265030 7.024278 16.741451
v 1.264101 7.780138 16.099785
v 1.253420 7.771485 16.737114
v 1.230295 7.737637 15.488008
v 1.264101 7.780138 16.099785
v 1.265030 7.024278 16.741451
v 1.253420 7.771485 16.737114
v -0.505701 7.845277 16.083445
v -0.766676 7.793350 16.845228
v -0.505701 7.845277 16.083445
v 1.264101 7.780138 16.099785
v 0.639815 7.953116 16.103830
v 0.642995 8.076106 15.607356
v -0.505701 7.845277 16.083445
v 0.639815 7.953116 16.103830
v 0.642995 8.076106 15.607356
v -0.252592 7.859498 15.541062
v -0.505701 7.845277 16.083445
v -0.766676 7.793350 16.845228
v -0.688011 7.034832 16.763510
v 1.253420 7.771485 16.737114
v 1.253420 7.771485 16.737114
v -0.688011 7.034832 16.763510
v 1.265030 7.024278 16.741451
v -1.269486 8.107491 17.729118
v -0.707064 8.304245 17.788498
v -0.692909 7.864810 17.774378
v -1.301680 7.883522 17.775883
v -0.692909 7.864810 17.774378
v -0.707064 8.304245 17.788498
v -1.301680 7.883522 17.775883
v -0.698243 7.781291 17.905790
v -0.692909 7.864810 17.774378
v -0.766676 7.793350 16.845228
v -1.301680 7.883522 17.775883
v -0.692909 7.864810 17.774378
v -0.707064 8.304245 17.788498
v -1.269486 8.107491 17.729118
v -1.301680 7.883522 17.775883
v -1.269486 8.107491 17.729118
v -0.692909 7.864810 17.774378
v -1.301680 7.883522 17.775883
v -0.698243 7.781291 17.905790
v -1.301680 7.883522 17.775883
v -1.272160 7.766047 17.902534
v -1.264116 7.873114 16.913057
v -1.301680 7.883522 17.775883
v -0.766676 7.793350 16.845228
v -1.301680 7.883522 17.775883
v -1.264116 7.873114 16.913057
v -1.272160 7.766047 17.902534
v -0.707025 8.304243 16.945122
v -0.766676 7.793350 16.845228
v -0.878286 8.468082 16.847780
v -1.264116 7.873114 16.913057
v -0.766676 7.793350 16.845228
v -0.707025 8.304243 16.945122
v 0.642995 8.076106 15.607356
v 1.260227 8.242146 15.592300
v 1.230295 7.737637 15.488008
v -0.707025 8.304243 16.945122
v -0.878286 8.468082 16.847780
v -1.264116 7.873114 16.913057
v -0.878286 8.468082 16.847780
v -0.766676 7.793350 16.845228
v -1.264116 7.873114 16.913057
v -0.755685 7.267465 17.421228
v -0.692909 7.864810 17.774378
v -0.698243 7.781291 17.905790
v -0.755685 7.267465 17.421228
v -0.766676 7.793350 16.845228
v -0.692909 7.864810 17.774378
v -1.224204 7.185189 17.415230
v -1.272160 7.766047 17.902534
v -1.264116 7.873114 16.913057
v -0.766676 7.793350 16.845228
v -0.755685 7.267465 17.421228
v -0.688011 7.034832 16.763510
v -1.798444 7.439837 16.836842
v -1.845209 7.000110 17.991220
v -1.775218 6.975025 16.836559
v -1.775218 6.975025 16.836559
v -1.845209 7.000110 17.991220
v -1.874860 7.007851 17.898096
v -1.710309 7.002534 17.134058
v -1.700044 6.852872 18.101534
v -1.756299 6.982364 18.217352
v -1.710309 7.002534 17.134058
v -1.775615 8.941936 18.225931
v -1.710309 8.501569 17.134056
v -1.845209 7.000110 17.991220
v -1.798444 7.439837 16.836842
v -1.775772 9.062968 17.834461
v -1.482187 8.501569 17.134056
v -1.710309 7.002534 17.134058
v -1.710309 8.501569 17.134056
v -1.775615 8.941936 18.225931
v -1.710309 7.002534 17.134058
v -1.756299 6.982364 18.217352
v -1.845209 7.000110 17.991220
v -1.978193 8.835839 17.830219
v -1.908358 7.063728 17.792875
v -1.710309 7.002534 17.134058
v -1.482187 8.501569 17.134056
v -1.482187 7.002534 17.134058
v -1.261196 7.779150 16.097534
v -0.766676 7.793350 16.845228
v -0.505701 7.845277 16.083445
v -1.264116 7.873114 16.913057
v -1.261196 7.779150 16.097534
v -1.224204 7.185189 17.415230
v -0.766676 7.793350 16.845228
v -1.261196 7.779150 16.097534
v -1.264116 7.873114 16.913057
v 1.265030 7.024278 16.741451
v 1.262884 7.021997 9.798968
v 1.269389 7.553207 15.112828
v -1.746030 9.633919 16.016415
v -1.882461 9.564649 14.241193
v -1.706684 9.554737 13.154154
v -0.252592 7.859498 15.541062
v 1.230295 7.737637 15.488008
v -1.218145 7.631318 15.354825
v -1.218145 7.631318 15.354825
v 1.269389 7.553207 15.112828
v -0.721080 7.662711 15.180665
v -0.404226 8.317509 20.223558
v -0.466512 8.093167 15.241117
v -0.490268 8.139479 20.382601
v 0.175039 7.991861 1.838425
v 0.073908 7.959883 24.604807
v -0.466512 8.093167 15.241117
v 1.382635 6.997454 7.330785
v -1.482187 7.002534 17.134058
v 1.382635 7.002535 19.781609
v -0.405390 8.321526 15.190870
v -0.688449 8.274712 15.156388
v -0.466512 8.093167 15.241117
v -0.404226 8.317509 20.223558
v -0.222094 8.206113 21.016403
v -0.405390 8.321526 15.190870
v -0.466512 8.093167 15.241117
v 0.073908 7.959883 24.604807
v -0.490268 8.139479 20.382601
v -0.913813 8.311100 15.460904
v -0.252592 7.859498 15.541062
v -1.262387 8.026921 15.584804
v 1.382635 7.002535 19.781609
v -1.482187 7.002534 17.134058
v -1.482187 7.002535 19.781609
v -1.706684 9.554737 13.154154
v -1.699655 9.557763 7.330785
v -1.471533 9.557763 7.330785
v -1.699655 9.557763 7.330785
v -1.882461 9.564649 14.241193
v -1.889744 9.584996 7.102434
v -1.706684 9.554737 13.154154
v -1.482118 9.553206 16.100258
v -1.746030 9.633919 16.016415
v -0.913813 8.311100 15.460904
v -1.034000 8.612580 16.078510
v -0.505701 7.845277 16.083445
v 1.269389 7.553207 15.112828
v -1.218145 7.631318 15.354825
v 1.230295 7.737637 15.488008
v -0.682174 9.610958 15.147358
v -0.865909 9.348707 1.838356
v -0.980087 8.952457 14.969423
v -0.222094 8.206113 21.016403
v -0.219189 8.203863 14.677110
v -0.405390 8.321526 15.190870
v -0.682174 9.610958 15.147358
v -0.734795 9.275920 14.701417
v -0.003487 9.687286 14.662765
v 1.265030 7.024278 16.741451
v 1.269389 7.553207 15.112828
v 1.230295 7.737637 15.488008
v -0.913813 8.311100 15.460904
v -1.262387 8.026921 15.584804
v -1.168614 9.457021 15.562420
v -0.684012 8.644632 14.866961
v -0.405390 8.321526 15.190870
v -0.219189 8.203863 14.677110
v -0.688449 8.274712 15.156388
v -0.684012 8.644632 14.866961
v -0.980087 8.952457 14.969423
v -0.466512 8.093167 15.241117
v -0.605260 8.159693 1.838851
v 0.175039 7.991861 1.838425
v -0.688449 8.274712 15.156388
v -0.937596 8.757812 1.838796
v -0.605260 8.159693 1.838851
v -1.471533 9.557763 7.330785
v -1.482118 9.553206 16.100258
v -1.706684 9.554737 13.154154
v 1.393288 9.557763 7.330785
v 1.382704 9.553206 19.781597
v -1.482118 9.553206 16.100258
v -0.404226 8.317509 20.223558
v -0.405390 8.321526 15.190870
v -0.466512 8.093167 15.241117
v -1.882461 9.564649 14.241193
v -1.699655 9.557763 7.330785
v -1.706684 9.554737 13.154154
v -0.682174 9.610958 15.147358
v -0.003487 9.687286 14.662765
v -0.406018 9.557644 15.477626
v -0.980087 8.952457 14.969423
v -0.865909 9.348707 1.838356
v -0.937596 8.757812 1.838796
v -0.865909 9.348707 1.838356
v -0.682174 9.610958 15.147358
v -0.433758 9.782166 1.838712
v -0.605260 8.159693 1.838851
v -0.466512 8.093167 15.241117
v -0.688449 8.274712 15.156388
v 1.393288 9.557763 7.330785
v -1.471533 9.557763 7.330785
v 1.382635 6.997454 7.330785
v -0.927163 9.646842 9.896016
v -0.921355 8.381843 9.779887
v -1.228314 9.575975 9.853670
v -1.166554 9.459976 10.261031
v -1.228314 9.575975 9.853670
v -1.222572 7.670299 10.399466
v -0.927163 9.646842 9.896016
v -1.054702 8.317200 10.359338
v -0.921355 8.381843 9.779887
v -1.166554 9.459976 10.261031
v -1.222572 7.670299 10.399466
v -1.054702 8.317200 10.359338
v -0.937596 8.757812 1.838796
v -0.688449 8.274712 15.156388
v -0.980087 8.952457 14.969423
v -1.262387 8.026921 15.584804
v -0.252592 7.859498 15.541062
v -1.218145 7.631318 15.354825
v 1.393288 9.557763 7.330785
v 1.382635 7.002535 19.781609
v 1.382704 9.553206 19.781597
v -1.482118 9.553206 16.100258
v -1.471533 9.557763 7.330785
v 1.393288 9.557763 7.330785
v -0.897432 9.441449 10.473822
v -1.054702 8.317200 10.359338
v -0.927163 9.646842 9.896016
v -1.166554 9.459976 10.261031
v -1.054702 8.317200 10.359338
v -0.897432 9.441449 10.473822
v -0.474288 9.777512 15.377632
v -0.433758 9.782166 1.838712
v -0.682174 9.610958 15.147358
v -0.980087 8.952457 14.969423
v -0.684012 8.644632 14.866961
v -0.682174 9.610958 15.147358
v -0.684012 8.644632 14.866961
v -0.734795 9.275920 14.701417
v -0.682174 9.610958 15.147358
v -0.684012 8.644632 14.866961
v -0.688449 8.274712 15.156388
v -0.405390 8.321526 15.190870
v 1.382635 7.002535 19.781609
v 1.393288 9.557763 7.330785
v 1.382635 6.997454 7.330785
v -1.482118 9.553206 16.100258
v 1.382704 9.553206 19.781597
v -1.482118 9.553206 19.781597
v -1.034000 8.612580 16.078510
v -1.261196 7.779150 16.097534
v -0.505701 7.845277 16.083445
v -0.913813 8.311100 15.460904
v -0.505701 7.845277 16.083445
v -0.252592 7.859498 15.541062
v 1.031062 -9.880314 15.856781
v 0.317662 -9.977135 15.827188
v -0.036577 -9.923049 15.605711
v 1.153409 -9.937102 15.085831
v 1.075664 -9.346702 16.002661
v 1.196368 -9.654325 16.330366
v -0.684562 -9.363490 18.225842
v -0.252284 -9.968969 15.861746
v 0.040076 -9.953424 15.894118
v 1.196368 -9.654325 16.330366
v 1.031062 -9.880314 15.856781
v 1.184718 -9.821076 16.055307
v 0.040076 -9.953424 15.894118
v 0.317662 -9.977135 15.827188
v 0.702052 -9.352532 18.273733
v 1.031062 -9.880314 15.856781
v 0.702052 -9.352532 18.273733
v 0.317662 -9.977135 15.827188
v -1.003366 -9.150813 18.681227
v -0.795128 -9.132615 18.578718
v -0.877041 -8.813717 18.667089
v 0.199586 -10.060338 15.919200
v -0.207068 -10.112766 15.879512
v 0.117595 -10.090714 15.686545
v 0.989236 -9.094524 18.712748
v -0.877041 -8.813717 18.667089
v -0.795128 -9.132615 18.578718
v -0.684562 -9.363490 18.225842
v -1.038119 -9.790615 16.211525
v -0.252284 -9.968969 15.861746
v -0.018109 -9.223190 18.323778
v 0.989236 -9.094524 18.712748
v -0.795128 -9.132615 18.578718
v 1.029570 -8.363052 14.612377
v 1.075664 -9.346702 16.002661
v 1.153409 -9.937102 15.085831
v -1.038119 -9.790615 16.211525
v -0.036577 -9.923049 15.605711
v -0.252284 -9.968969 15.861746
v 1.059697 -7.913783 15.759147
v 1.029570 -8.363052 14.612377
v 0.987432 -8.363085 14.357991
v 0.989236 -9.094524 18.712748
v 0.997506 -9.034820 18.618141
v 0.885891 -8.854020 18.673094
v 0.978596 -10.208684 11.944978
v 0.987432 -8.363085 14.357991
v 1.055217 -9.633351 14.764766
v 1.031062 -9.880314 15.856781
v 1.035372 -10.794353 11.902787
v 1.184718 -9.821076 16.055307
v -0.036577 -9.923049 15.605711
v 1.035372 -10.794353 11.902787
v 1.031062 -9.880314 15.856781
v 1.153409 -9.937102 15.085831
v 1.064177 -10.334002 11.887589
v 1.055217 -9.633351 14.764766
v 1.029570 -8.363052 14.612377
v 1.059697 -7.913783 15.759147
v 1.075664 -9.346702 16.002661
v 1.184718 -9.821076 16.055307
v 1.184177 -10.698031 11.848579
v 1.153409 -9.937102 15.085831
v 1.196368 -9.654325 16.330366
v 1.184718 -9.821076 16.055307
v 1.153409 -9.937102 15.085831
v 1.029570 -8.363052 14.612377
v 1.153409 -9.937102 15.085831
v 1.055217 -9.633351 14.764766
v -1.038119 -9.790615 16.211525
v -1.050750 -10.786559 11.821636
v -0.036577 -9.923049 15.605711
v 1.029570 -8.363052 14.612377
v 1.055217 -9.633351 14.764766
v 0.987432 -8.363085 14.357991
v 0.987432 -8.363085 14.357991
v 0.984322 -7.474083 11.385453
v 0.984885 -6.586486 15.432803
v 1.184177 -10.698031 11.848579
v 1.184718 -9.821076 16.055307
v 1.184177 -10.813559 11.875857
v 1.035372 -10.794353 11.902787
v 1.184177 -10.698031 11.848579
v 1.184177 -10.813559 11.875857
v 0.987432 -8.363085 14.357991
v 0.978596 -10.208684 11.944978
v 0.984322 -7.474083 11.385453
v 0.989236 -9.094524 18.712748
v -0.018109 -9.223190 18.323778
v 0.702052 -9.352532 18.273733
v 0.978596 -10.208684 11.944978
v 1.055217 -9.633351 14.764766
v 1.064177 -10.334002 11.887589
v 1.064177 -10.334002 11.887589
v 1.153409 -9.937102 15.085831
v 1.184177 -10.698031 11.848579
v 1.184718 -9.821076 16.055307
v 1.035372 -10.794353 11.902787
v 1.184177 -10.813559 11.875857
v 0.002829 -10.842981 11.780790
v 1.035372 -10.794353 11.902787
v -0.036577 -9.923049 15.605711
v -1.050750 -10.786559 11.821636
v 0.002829 -10.842981 11.780790
v -0.036577 -9.923049 15.605711
v 1.035372 -10.794353 11.902787
v 0.978596 -10.208684 11.944978
v 1.064177 -10.334002 11.887589
v 1.035372 -10.794353 11.902787
v 1.064177 -10.334002 11.887589
v 1.184177 -10.698031 11.848579
v 1.035372 -10.794353 11.902787
v 0.002829 -10.842981 11.780790
v 0.055197 -10.202206 11.681554
v 0.002829 -10.842981 11.780790
v -1.057844 -10.340364 11.807287
v 0.055197 -10.202206 11.681554
v 0.702052 -9.352532 18.273733
v -0.018109 -9.223190 18.323778
v -0.001979 -9.409447 18.284462
v -0.018109 -9.223190 18.323778
v -0.795128 -9.132615 18.578718
v -0.684562 -9.363490 18.225842
v -0.018109 -9.223190 18.323778
v -0.684562 -9.363490 18.225842
v -0.001979 -9.409447 18.284462
v -0.001979 -9.409447 18.284462
v 0.040076 -9.953424 15.894118
v 0.702052 -9.352532 18.273733
v 0.040076 -9.953424 15.894118
v -0.001979 -9.409447 18.284462
v -0.684562 -9.363490 18.225842
v -1.057844 -10.340364 11.807287
v 0.002829 -10.842981 11.780790
v -1.050750 -10.786559 11.821636
v 1.035372 -10.794353 11.902787
v 0.984322 -7.474083 11.385453
v 0.978596 -10.208684 11.944978
v -1.003366 -9.150813 18.681227
v -0.684562 -9.363490 18.225842
v -0.795128 -9.132615 18.578718
v -1.038119 -9.790615 16.211525
v -0.684562 -9.363490 18.225842
v -1.003366 -9.150813 18.681227
v 1.211060 13.937418 36.845909
v 1.037470 14.718970 36.838528
v 1.123359 14.459925 37.143147
v 0.841958 14.118893 36.945442
v 1.123359 14.459925 37.143147
v 1.037470 14.718970 36.838528
v 1.211060 13.937418 36.845909
v 1.123359 14.459925 37.143147
v 0.841958 14.118893 36.945442
v 1.037470 14.718970 36.838528
v 1.125011 14.289552 36.414299
v 0.837940 14.246131 36.305771
v 1.125011 14.289552 36.414299
v 0.806964 14.437280 36.161449
v 0.837940 14.246131 36.305771
v 1.125011 14.289552 36.414299
v 1.037470 14.718970 36.838528
v 1.211060 13.937418 36.845909
v 1.037470 14.718970 36.838528
v 0.837940 14.246131 36.305771
v 0.841958 14.118893 36.945442
v 1.085587 13.871199 36.058090
v 0.773540 13.723123 37.156998
v 1.099769 13.789800 37.051666
v 1.099769 13.789800 37.051666
v 0.773540 13.723123 37.156998
v 1.206622 13.151868 37.158947
v 0.832781 13.260063 36.128365
v 1.099769 13.789800 37.051666
v 1.206622 13.151868 37.158947
v 1.098741 14.200548 35.598606
v 0.773540 13.723123 37.156998
v 1.085587 13.871199 36.058090
v 1.085587 13.871199 36.058090
v 1.099769 13.789800 37.051666
v 0.832781 13.260063 36.128365
v 1.206622 13.151868 37.158947
v 0.773540 13.723123 37.156998
v 0.797960 13.132922 37.063454
v 1.125011 14.289552 36.414299
v 1.269560 14.550078 35.806271
v 1.040101 14.678441 36.047333
v 0.806964 14.437280 36.161449
v 1.125011 14.289552 36.414299
v 1.040101 14.678441 36.047333
v 1.211060 13.937418 36.845909
v 1.269560 14.550078 35.806271
v 1.125011 14.289552 36.414299
v 1.249565 14.127376 35.837505
v 1.269560 14.550078 35.806271
v 1.211060 13.937418 36.845909
v 0.786330 14.163688 35.847382
v 0.773540 13.723123 37.156998
v 1.098741 14.200548 35.598606
v 1.267350 13.883589 35.195534
v 1.269560 14.550078 35.806271
v 1.249565 14.127376 35.837505
v -1.045771 14.656817 36.016529
v 0.806964 14.437280 36.161449
v 1.040101 14.678441 36.047333
v 0.806964 14.437280 36.161449
v -1.045771 14.656817 36.016529
v -0.830471 14.410745 36.158085
v 0.772738 13.640587 35.168247
v 0.786330 14.163688 35.847382
v 1.098741 14.200548 35.598606
v 0.772738 13.640587 35.168247
v 1.098741 14.200548 35.598606
v 1.146466 13.223459 35.206329
v 0.913314 13.432306 35.650185
v 1.098741 14.200548 35.598606
v 1.085587 13.871199 36.058090
v 1.098741 14.200548 35.598606
v 0.913314 13.432306 35.650185
v 1.146466 13.223459 35.206329
v 1.196627 12.965540 35.841137
v 0.832781 13.260063 36.128365
v 1.206622 13.151868 37.158947
v 0.797960 13.132922 37.063454
v 0.775351 12.935978 35.488235
v 1.206622 13.151868 37.158947
v 0.832781 13.260063 36.128365
v 1.196627 12.965540 35.841137
v 0.913314 13.432306 35.650185
v 0.772738 13.640587 35.168247
v 1.146466 13.223459 35.206329
v 0.775351 12.935978 35.488235
v 1.146466 13.223459 35.206329
v 0.913314 13.432306 35.650185
v 1.196627 12.965540 35.841137
v 1.291575 13.101883 35.762001
v -1.171947 13.418577 35.510723
v 1.175131 13.668059 35.594891
v -1.241727 13.066836 35.934643
v 1.291575 13.101883 35.762001
v 1.185046 13.132386 36.268265
v -1.075645 13.146300 37.032669
v -1.068928 13.662099 37.179100
v -1.087708 14.190708 35.588230
v -1.183734 13.768118 36.240040
v -1.164325 13.890591 35.856709
v -1.239487 13.812021 35.888493
v -1.183734 13.768118 36.240040
v -1.239487 13.812021 35.888493
v -1.212836 13.317124 36.390465
v -1.171947 13.418577 35.510723
v -1.239487 13.812021 35.888493
v -1.164325 13.890591 35.856709
v -0.777373 13.657377 35.167099
v -1.087708 14.190708 35.588230
v -0.781825 14.169543 35.897633
v -0.777373 13.657377 35.167099
v -1.151152 13.236290 35.232269
v -1.087708 14.190708 35.588230
v -1.075645 13.146300 37.032669
v -1.087708 14.190708 35.588230
v -1.151152 13.236290 35.232269
v -1.212836 13.317124 36.390465
v 1.185046 13.132386 36.268265
v 1.081983 13.721150 36.375324
v -1.183734 13.768118 36.240040
v 1.081983 13.721150 36.375324
v 1.177651 13.892506 36.054672
v -1.164325 13.890591 35.856709
v 1.175131 13.668059 35.594891
v -1.171947 13.418577 35.510723
v 1.177651 13.892506 36.054672
v -1.164325 13.890591 35.856709
v -1.183734 13.768118 36.240040
v -1.164325 13.890591 35.856709
v 1.177651 13.892506 36.054672
v 1.175131 13.668059 35.594891
v 1.291575 13.101883 35.762001
v -1.241727 13.066836 35.934643
v -1.171947 13.418577 35.510723
v 1.196627 12.965540 35.841137
v 0.775351 12.935978 35.488235
v 1.146466 13.223459 35.206329
v 1.206622 13.151868 37.158947
v 0.775351 12.935978 35.488235
v 1.196627 12.965540 35.841137
v 1.185046 13.132386 36.268265
v 1.291575 13.101883 35.762001
v 1.081983 13.721150 36.375324
v 1.291575 13.101883 35.762001
v 1.175131 13.668059 35.594891
v 1.081983 13.721150 36.375324
v -1.075645 13.146300 37.032669
v -1.204672 12.996491 35.838848
v -0.773567 12.936801 35.487129
v 1.081983 13.721150 36.375324
v 1.175131 13.668059 35.594891
v 1.177651 13.892506 36.054672
v -1.241727 13.066836 35.934643
v -1.239487 13.812021 35.888493
v -1.171947 13.418577 35.510723
v -1.212836 13.317124 36.390465
v -1.239487 13.812021 35.888493
v -1.241727 13.066836 35.934643
v -0.802913 13.131494 37.066856
v -1.075645 13.146300 37.032669
v -0.773567 12.936801 35.487129
v 1.185046 13.132386 36.268265
v -1.212836 13.317124 36.390465
v -1.241727 13.066836 35.934643
v -1.204672 12.996491 35.838848
v -1.151152 13.236290 35.232269
v -0.773567 12.936801 35.487129
v -1.075645 13.146300 37.032669
v -1.151152 13.236290 35.232269
v -1.204672 12.996491 35.838848
v 1.081983 13.721150 36.375324
v -1.183734 13.768118 36.240040
v -1.212836 13.317124 36.390465
v -1.151152 13.236290 35.232269
v -0.777373 13.657377 35.167099
v -0.773567 12.936801 35.487129
v -1.087708 14.190708 35.588230
v -1.068928 13.662099 37.179100
v -0.781825 14.169543 35.897633
v -1.075645 13.146300 37.032669
v -0.802913 13.131494 37.066856
v -1.068928 13.662099 37.179100
v -0.571289 5.394426 40.043503
v -1.355195 5.402888 40.679642
v -0.749157 5.584631 40.143936
v -0.688079 5.839264 40.146725
v -0.749157 5.584631 40.143936
v -1.355195 5.402888 40.679642
v -0.556932 10.874655 35.491680
v -1.172702 10.176154 43.103775
v -0.556932 10.874656 43.105324
v 2.592684 7.805123 38.508926
v 2.592684 9.065156 38.508926
v 1.566895 6.717665 38.508926
v 1.115370 9.569275 43.105324
v 0.556931 8.945387 35.491680
v 1.150880 9.611691 35.493610
v -1.364933 5.850695 40.695263
v -0.688079 5.839264 40.146725
v -1.355195 5.402888 40.679642
v -1.355195 5.402888 40.679642
v -1.296072 5.380768 41.805607
v -1.364933 5.850695 40.695263
v 2.194781 11.783947 38.508923
v 1.384108 12.559605 38.508923
v 2.481202 10.785165 38.451252
v 2.194781 11.783947 38.508923
v 2.481202 10.785165 38.451252
v 2.482172 11.912630 38.233170
v 2.194781 11.783947 38.508923
v 1.565348 12.771012 38.204823
v 1.384108 12.559605 38.508923
v 1.565348 12.771012 38.204823
v 2.194781 11.783947 38.508923
v 2.482172 11.912630 38.233170
v 1.384108 12.559605 38.508923
v 2.592684 9.065156 38.508926
v 2.481202 10.785165 38.451252
v 1.565348 12.771012 38.204823
v -1.565348 12.771012 38.204823
v 1.384108 12.559605 38.508923
v 1.384108 12.559605 38.508923
v -1.565348 12.771012 38.204823
v -1.384109 12.559605 38.508923
v 1.384108 12.559605 38.508923
v -1.384109 12.559605 38.508923
v 2.592684 9.065156 38.508926
v 2.592684 9.065156 38.508926
v -1.384109 12.559605 38.508923
v -2.488416 10.865948 38.457054
v -1.315955 5.861788 41.729370
v -1.364933 5.850695 40.695263
v -1.296072 5.380768 41.805607
v -1.296072 5.380768 41.805607
v -1.355195 5.402888 40.679642
v -0.571289 5.394426 40.043503
v -0.556932 10.874656 43.105324
v 0.299478 11.060733 35.493607
v -0.556932 10.874655 35.491680
v -2.488416 10.865948 38.457054
v -1.384109 12.559605 38.508923
v -2.194781 11.783947 38.508923
v -1.565348 12.771012 38.204823
v -2.194781 11.783947 38.508923
v -1.384109 12.559605 38.508923
v -2.194781 11.783947 38.508923
v -1.565348 12.771012 38.204823
v -2.482172 11.912630 38.233170
v -2.482172 11.912630 38.233170
v -2.488416 10.865948 38.457054
v -2.194781 11.783947 38.508923
v -1.157810 10.116479 35.491482
v -1.172702 10.176154 43.103775
v -0.556932 10.874655 35.491680
v 0.556931 8.945388 43.105324
v -0.000000 8.796158 35.491680
v 0.556931 8.945387 35.491680
v -0.000000 8.796159 43.105324
v -0.796160 9.057718 35.491680
v -0.000000 8.796158 35.491680
v 2.592684 9.065156 38.508926
v -2.488416 10.865948 38.457054
v -2.592684 9.065156 38.508926
v 0.577245 5.871007 40.039669
v -1.364933 5.850695 40.695263
v -1.315955 5.861788 41.729370
v -2.592684 9.065156 38.508926
v -2.592684 7.805123 38.508926
v 2.592684 9.065156 38.508926
v -0.796160 9.057718 35.491680
v -0.847754 9.076455 43.103378
v -1.157810 10.116479 35.491482
v -1.566895 6.717665 38.508926
v 2.592684 9.065156 38.508926
v -2.592684 7.805123 38.508926
v -1.566895 6.717665 38.508926
v 1.566895 6.717665 38.508926
v 2.592684 9.065156 38.508926
v -0.623562 7.221147 38.035133
v -0.970649 6.983599 39.336788
v 0.723194 7.241374 39.498123
v -2.592684 9.065156 38.508926
v -2.591519 9.083130 20.404593
v -2.592684 7.805123 38.508926
v -2.488416 10.865948 38.457054
v -2.591519 9.083130 20.404593
v -2.592684 9.065156 38.508926
v -2.488416 10.865948 38.457054
v -2.581359 11.819761 20.401411
v -2.591519 9.083130 20.404593
v -2.581359 11.819761 20.401411
v -2.488416 10.865948 38.457054
v -2.482172 11.912630 38.233170
v -1.565348 12.771012 38.204823
v -2.581359 11.819761 20.401411
v -2.482172 11.912630 38.233170
v 0.723194 7.241374 39.498123
v 0.678106 7.260868 38.033512
v -0.623562 7.221147 38.035133
v -0.749157 5.584631 40.143936
v -0.491928 6.233520 39.581722
v -0.565673 5.328756 39.536377
v -0.970649 6.983599 39.336788
v -0.623562 7.221147 38.035133
v -1.493237 6.523790 38.034061
v 1.790627 6.988121 40.792370
v 1.833000 6.132568 40.801994
v 1.824591 7.036155 39.879360
v 1.790627 6.988121 40.792370
v 1.683888 6.237251 40.872459
v 1.833000 6.132568 40.801994
v 1.824591 7.036155 39.879360
v 1.683888 6.237251 40.872459
v 1.634270 7.026700 40.804375
v 1.683888 6.237251 40.872459
v 1.687824 6.153408 40.103790
v 1.224263 6.153408 40.303352
v 1.824591 7.036155 39.879360
v 1.833000 6.132568 40.801994
v 1.833000 6.132568 40.103790
v 1.687824 6.153408 40.103790
v 1.824591 7.036155 39.879360
v 1.833000 6.132568 40.103790
v 1.683888 6.237251 40.872459
v 1.824591 7.036155 39.879360
v 1.687824 6.153408 40.103790
v 0.577245 5.871007 40.039669
v -0.796253 5.863440 42.095318
v 0.787822 5.866854 42.091972
v 0.787822 5.866854 42.091972
v -0.723374 5.398134 42.094563
v 0.796252 5.399472 42.095318
v 0.787822 5.866854 42.091972
v -0.796253 5.863440 42.095318
v -0.723374 5.398134 42.094563
v -0.571289 5.394426 40.043503
v 0.796252 5.399472 42.095318
v -0.723374 5.398134 42.094563
v -0.796253 5.863440 42.095318
v -1.296072 5.380768 41.805607
v -0.723374 5.398134 42.094563
v -1.315955 5.861788 41.729370
v -1.296072 5.380768 41.805607
v -0.796253 5.863440 42.095318
v -0.571289 5.394426 40.043503
v -0.723374 5.398134 42.094563
v -1.296072 5.380768 41.805607
v -0.796253 5.863440 42.095318
v 0.577245 5.871007 40.039669
v -1.315955 5.861788 41.729370
v -0.491928 6.233520 39.581722
v 0.577245 5.871007 40.039669
v 0.335059 6.284892 39.598511
v -0.749157 5.584631 40.143936
v -0.688079 5.839264 40.146725
v -0.491928 6.233520 39.581722
v 0.577245 5.871007 40.039669
v -0.491928 6.233520 39.581722
v -0.688079 5.839264 40.146725
v 0.577245 5.871007 40.039669
v -0.688079 5.839264 40.146725
v -1.364933 5.850695 40.695263
v -1.838533 6.125802 40.030136
v 1.224263 6.153408 40.303352
v 1.687824 6.153408 40.103790
v -1.172702 10.176154 43.103775
v -1.157810 10.116479 35.491482
v -0.847754 9.076455 43.103378
v -1.838533 6.125802 40.030136
v 1.687824 6.153408 40.103790
v 1.319714 5.955241 40.103790
v 1.224263 5.955241 40.303352
v -1.260200 5.977550 40.066608
v 1.319714 5.955241 40.103790
v -0.847754 9.076455 43.103378
v -0.796160 9.057718 35.491680
v -0.000000 8.796159 43.105324
v -0.000000 8.796159 43.105324
v -0.000000 8.796158 35.491680
v 0.556931 8.945388 43.105324
v 0.556931 8.945387 35.491680
v 1.115370 9.569275 43.105324
v 0.556931 8.945388 43.105324
v 1.350246 10.048704 40.439228
v 0.830419 10.099862 40.383850
v 0.793311 9.993060 40.041340
v 0.830419 10.099862 40.383850
v 1.350246 10.048704 40.439228
v 1.051664 10.530104 40.352993
v 1.403650 10.702230 39.968441
v 0.793311 9.993060 40.041340
v 1.051664 10.530104 40.352993
v 1.824591 7.036155 39.879360
v 1.634270 7.026700 40.804375
v 1.611254 7.162695 39.583595
v 1.634270 7.026700 40.804375
v 1.683888 6.237251 40.872459
v 1.790627 6.988121 40.792370
v 1.115476 10.072184 40.809158
v 1.611254 7.162695 39.583595
v 1.634270 7.026700 40.804375
v 1.824591 7.036155 39.879360
v 1.234074 10.093464 40.790169
v 1.790627 6.988121 40.792370
v 1.611254 7.162695 39.583595
v 1.243595 10.060811 39.571545
v 1.824591 7.036155 39.879360
v 1.790627 6.988121 40.792370
v 1.234074 10.093464 40.790169
v 1.634270 7.026700 40.804375
v 1.243595 10.060811 39.571545
v 1.611254 7.162695 39.583595
v 1.104024 10.209045 39.536285
v 1.104024 10.209045 39.536285
v 1.611254 7.162695 39.583595
v 1.115476 10.072184 40.809158
v 1.234074 10.093464 40.790169
v 1.824591 7.036155 39.879360
v 1.243595 10.060811 39.571545
v 1.115476 10.072184 40.809158
v 1.634270 7.026700 40.804375
v 1.234074 10.093464 40.790169
v 1.547907 10.068001 40.109505
v 1.350246 10.048704 40.439228
v 0.793311 9.993060 40.041340
v 0.793311 9.993060 40.041340
v 1.403650 10.702230 39.968441
v 1.547907 10.068001 40.109505
v 1.403650 10.702230 39.968441
v 1.350246 10.048704 40.439228
v 1.547907 10.068001 40.109505
v 1.403650 10.702230 39.968441
v 1.051664 10.530104 40.352993
v 1.350246 10.048704 40.439228
v -1.838533 6.125802 40.030136
v 1.319714 5.955241 40.103790
v -1.260200 5.977550 40.066608
v -1.182787 -9.252557 18.465096
v -1.116197 -9.623418 16.375870
v -1.038119 -9.790615 16.211525
v -1.050285 -9.055229 17.333754
v -1.116197 -9.623418 16.375870
v -1.056462 -9.296950 17.705212
v -0.891821 -5.331737 17.987820
v -1.003366 -9.150813 18.681227
v -0.877041 -8.813717 18.667089
v -0.982875 -5.041102 17.872658
v -1.056462 -9.296950 17.705212
v -1.003366 -9.150813 18.681227
v -1.050285 -9.055229 17.333754
v -1.056462 -9.296950 17.705212
v -0.999442 -5.981709 16.865841
v 1.196368 -9.654325 16.330366
v 1.183419 -9.252699 18.463221
v 1.031062 -9.880314 15.856781
v 0.885891 -8.854020 18.673094
v -0.877041 -8.813717 18.667089
v 0.989236 -9.094524 18.712748
v 1.071335 -9.039238 17.319279
v 1.196368 -9.654325 16.330366
v 1.049212 -9.214684 16.245232
v 1.196368 -9.654325 16.330366
v 1.071335 -9.039238 17.319279
v 1.057095 -9.298859 17.701994
v 0.987432 -8.363085 14.357991
v 0.984885 -6.586486 15.432803
v 1.059697 -7.913783 15.759147
v -0.891821 -5.331737 17.987820
v -0.877041 -8.813717 18.667089
v 0.885891 -8.854020 18.673094
v 1.057095 -9.298859 17.701994
v 0.982466 -5.104350 17.872519
v 0.997506 -9.034820 18.618141
v 0.997506 -9.034820 18.618141
v 0.898489 -5.365101 18.008896
v 0.885891 -8.854020 18.673094
v 1.183419 -9.252699 18.463221
v 1.196368 -9.654325 16.330366
v 1.057095 -9.298859 17.701994
v 1.183419 -9.252699 18.463221
v 1.057095 -9.298859 17.701994
v 0.997506 -9.034820 18.618141
v 1.071335 -9.039238 17.319279
v 1.001146 -5.978774 16.854858
v 1.057095 -9.298859 17.701994
v -1.056462 -9.296950 17.705212
v -0.982875 -5.041102 17.872658
v -0.999442 -5.981709 16.865841
v -1.003366 -9.150813 18.681227
v -0.891821 -5.331737 17.987820
v -0.982875 -5.041102 17.872658
v 0.982466 -5.104350 17.872519
v 1.057095 -9.298859 17.701994
v 1.001146 -5.978774 16.854858
v 0.898489 -5.365101 18.008896
v -0.891821 -5.331737 17.987820
v 0.885891 -8.854020 18.673094
v 0.898489 -5.365101 18.008896
v 0.997506 -9.034820 18.618141
v 0.982466 -5.104350 17.872519
v 1.001146 -5.978774 16.854858
v 0.984165 -1.321629 17.555885
v 0.982466 -5.104350 17.872519
v -1.032227 -6.525136 16.869261
v -1.039994 -6.716764 15.738141
v -1.050285 -9.055229 17.333754
v 0.989236 -9.094524 18.712748
v 1.183419 -9.252699 18.463221
v 0.997506 -9.034820 18.618141
v 1.049212 -9.214684 16.245232
v 1.029477 -6.545813 16.870798
v 1.071335 -9.039238 17.319279
v 1.196368 -9.654325 16.330366
v 1.075664 -9.346702 16.002661
v 1.049212 -9.214684 16.245232
v 1.049212 -9.214684 16.245232
v 1.075664 -9.346702 16.002661
v 1.059697 -7.913783 15.759147
v 1.037629 -6.679430 15.704734
v 1.049212 -9.214684 16.245232
v 1.059697 -7.913783 15.759147
v 0.984885 -6.586486 15.432803
v 0.984527 1.052229 10.709857
v 0.984201 1.054512 17.516926
v -0.984806 -6.151481 15.460281
v -0.999442 -5.981709 16.865841
v -0.984177 1.054492 16.062096
v -0.999442 -5.981709 16.865841
v -0.982875 -5.041102 17.872658
v -0.984177 1.054492 16.062096
v 0.984201 1.054512 17.516926
v 1.001146 -5.978774 16.854858
v 0.984885 -6.586486 15.432803
v -0.896247 -1.280115 17.634830
v -0.982875 -5.041102 17.872658
v -0.891821 -5.331737 17.987820
v 0.900338 -1.325876 17.641466
v -0.891821 -5.331737 17.987820
v 0.898489 -5.365101 18.008896
v 0.982466 -5.104350 17.872519
v 0.900338 -1.325876 17.641466
v 0.898489 -5.365101 18.008896
v -1.032227 -6.525136 16.869261
v -0.984806 -6.151481 15.460281
v -1.039994 -6.716764 15.738141
v -0.891821 -5.331737 17.987820
v 0.900338 -1.325876 17.641466
v -0.896247 -1.280115 17.634830
v 0.984201 1.054512 17.516926
v 0.984165 -1.321629 17.555885
v 1.001146 -5.978774 16.854858
v 0.900338 -1.325876 17.641466
v 0.982466 -5.104350 17.872519
v 0.984165 -1.321629 17.555885
v 0.895609 1.054517 17.609890
v -0.896247 -1.280115 17.634830
v 0.900338 -1.325876 17.641466
v 0.984201 1.054512 17.516926
v 0.900338 -1.325876 17.641466
v 0.984165 -1.321629 17.555885
v -1.032227 -6.525136 16.869261
v -1.050285 -9.055229 17.333754
v -0.999442 -5.981709 16.865841
v -1.032227 -6.525136 16.869261
v -0.999442 -5.981709 16.865841
v -0.984806 -6.151481 15.460281
v 0.984885 -6.586486 15.432803
v 1.037629 -6.679430 15.704734
v 1.059697 -7.913783 15.759147
v -0.895351 1.054517 17.609898
v -0.896247 -1.280115 17.634830
v 0.895609 1.054517 17.609890
v 0.895609 1.054517 17.609890
v 0.900338 -1.325876 17.641466
v 0.984201 1.054512 17.516926
v 0.989236 -9.094524 18.712748
v 1.031062 -9.880314 15.856781
v 1.183419 -9.252699 18.463221
v 0.702052 -9.352532 18.273733
v 1.031062 -9.880314 15.856781
v 0.989236 -9.094524 18.712748
v 1.029477 -6.545813 16.870798
v 1.049212 -9.214684 16.245232
v 1.037629 -6.679430 15.704734
v 1.037629 -6.679430 15.704734
v 0.984885 -6.586486 15.432803
v 1.001146 -5.978774 16.854858
v 1.001146 -5.978774 16.854858
v 1.029477 -6.545813 16.870798
v 1.037629 -6.679430 15.704734
v -1.056462 -9.296950 17.705212
v -1.182787 -9.252557 18.465096
v -1.003366 -9.150813 18.681227
v -1.038119 -9.790615 16.211525
v -1.003366 -9.150813 18.681227
v -1.182787 -9.252557 18.465096
v -1.116197 -9.623418 16.375870
v -1.182787 -9.252557 18.465096
v -1.056462 -9.296950 17.705212
v 1.001146 -5.978774 16.854858
v 1.071335 -9.039238 17.319279
v 1.029477 -6.545813 16.870798
v -0.593815 15.346602 1.816272
v -0.576500 14.568715 2.269419
v -0.576500 14.568715 1.413525
v -0.307704 14.675159 1.991503
v -0.350014 14.756218 2.359832
v 0.335480 14.712369 1.990473
v 0.271028 14.507443 2.291809
v 0.335480 14.712369 1.990473
v -0.350014 14.756218 2.359832
v 0.462581 15.403144 1.868638
v -0.877700 15.399245 1.837353
v -0.593815 15.346602 1.816272
v 0.271028 14.507443 2.291809
v 0.021406 14.657480 1.877781
v 0.335480 14.712369 1.990473
v -0.877700 15.399245 1.837353
v 0.462581 15.403144 1.868638
v 0.649544 15.453346 1.748788
v 0.649544 15.453346 1.748788
v 0.835089 14.558760 1.493033
v 0.576500 14.568715 1.413525
v 0.021406 14.657480 1.877781
v -0.307704 14.675159 1.991503
v 0.335480 14.712369 1.990473
v 0.649544 15.453346 1.748788
v 0.576500 14.568715 1.413525
v 0.462581 15.403144 1.868638
v 0.835089 14.558760 1.493033
v 0.649544 15.453346 1.748788
v 0.859585 15.416755 1.924479
v 0.462581 15.403144 1.868638
v 0.576500 14.568715 1.413525
v 0.576500 14.568715 2.269419
v 0.859585 15.416755 1.924479
v 0.576500 14.568715 2.269419
v 0.797483 14.568715 2.269419
v 0.835089 14.558760 1.493033
v 0.859585 15.416755 1.924479
v 0.797483 14.568715 2.269419
v 0.021406 14.657480 1.877781
v -0.350014 14.756218 2.359832
v -0.307704 14.675159 1.991503
v 0.576500 14.568715 2.269419
v 0.859585 15.416755 1.924479
v 0.462581 15.403144 1.868638
v -0.493026 7.916559 9.860794
v -1.101099 8.511554 3.400438
v -0.465666 7.913815 3.399297
v -1.797191 9.443496 17.219387
v -1.884181 9.460243 7.383147
v -1.884918 9.457429 17.080135
v 0.158148 7.827158 9.861034
v -0.465666 7.913815 3.399297
v 0.185405 7.824168 3.399570
v 0.810632 8.139757 9.860374
v 0.185405 7.824168 3.399570
v 0.824271 8.171517 3.399295
v -0.230964 8.227790 1.838787
v -0.219189 8.203863 14.677110
v 0.100864 8.182535 1.838446
v -1.884918 9.457429 17.080135
v -1.928311 9.287497 7.420564
v -1.976803 9.306437 17.063406
v -1.797719 8.183223 7.212502
v -1.797191 9.443496 17.219387
v -1.798444 7.439837 16.836842
v -1.710686 6.864075 7.181105
v -1.543825 6.931493 7.181105
v -1.567043 6.717659 7.181105
v -1.543825 6.931493 7.181105
v 1.567043 6.717659 7.181105
v -1.567043 6.717659 7.181105
v -1.567043 6.717659 7.181105
v -1.567035 6.717662 19.549686
v -1.700044 6.852872 18.101534
v -0.511473 6.717660 7.333830
v -1.951812 6.696432 7.285830
v -0.511473 6.717660 9.235090
v -1.567043 6.717659 7.181105
v 1.567043 6.717661 17.471661
v -1.567035 6.717662 19.549686
v -1.710686 6.864075 7.181105
v -1.700044 6.852872 18.101534
v -1.710309 7.002534 17.134058
v -1.710309 6.997454 7.330785
v -1.702641 9.572921 7.194786
v -1.710686 6.864075 7.181105
v -1.482187 7.002534 17.134058
v -1.710309 6.997454 7.330785
v -1.710309 7.002534 17.134058
v -1.702641 9.572921 7.194786
v -1.543825 6.931493 7.181105
v -1.710686 6.864075 7.181105
v -1.699655 9.557763 7.330785
v -1.710309 6.997454 7.330785
v -1.482187 6.997454 7.330785
v -1.994428 9.639609 7.057539
v -1.899525 7.415555 7.126624
v -1.691882 7.233670 7.126625
v -1.471533 9.557763 7.330785
v -1.482187 6.997454 7.330785
v 1.382635 6.997454 7.330785
v -1.797719 8.183223 7.212502
v -1.656330 6.992873 8.255526
v -1.909504 7.034184 7.250540
v -1.797339 7.426913 8.249387
v -1.656330 6.992873 8.255526
v -1.797719 8.183223 7.212502
v -1.435894 7.302029 8.277502
v -1.656330 6.992873 8.255526
v -1.797339 7.426913 8.249387
v -1.103433 8.565244 9.861022
v -1.101099 8.511554 3.400438
v -0.493026 7.916559 9.860794
v -0.493026 7.916559 9.860794
v -0.465666 7.913815 3.399297
v 0.158148 7.827158 9.861034
v 0.158148 7.827158 9.861034
v 0.185405 7.824168 3.399570
v 0.810632 8.139757 9.860374
v -1.656330 6.992873 8.255526
v -1.875676 7.068147 10.634012
v -1.909504 7.034184 7.250540
v -1.875676 7.068147 10.634012
v -1.656330 6.992873 8.255526
v -1.610064 6.952150 10.728103
v -1.656330 6.992873 8.255526
v -1.446409 7.192325 10.656162
v -1.610064 6.952150 10.728103
v -1.446409 7.192325 10.656162
v -1.656330 6.992873 8.255526
v -1.435894 7.302029 8.277502
v -1.700044 6.852872 18.101534
v -1.710686 6.864075 7.181105
v -1.567043 6.717659 7.181105
v -1.710686 6.864075 7.181105
v -1.710309 7.002534 17.134058
v -1.710309 6.997454 7.330785
v -1.875676 7.068147 10.634012
v -1.610064 6.952150 10.728103
v -1.802364 7.337669 10.641932
v -1.710309 6.997454 7.330785
v -1.482187 7.002534 17.134058
v -1.482187 6.997454 7.330785
v -1.446409 7.192325 10.656162
v -1.802364 7.337669 10.641932
v -1.610064 6.952150 10.728103
v -1.482187 7.002534 17.134058
v 1.382635 6.997454 7.330785
v -1.482187 6.997454 7.330785
v -1.797339 7.426913 8.249387
v -1.598142 7.423597 10.626395
v -1.435894 7.302029 8.277502
v -1.797719 8.183223 7.212502
v -1.802364 7.337669 10.641932
v -1.797339 7.426913 8.249387
v -1.446409 7.192325 10.656162
v -1.435894 7.302029 8.277502
v -1.598142 7.423597 10.626395
v -1.598142 7.423597 10.626395
v -1.797339 7.426913 8.249387
v -1.802364 7.337669 10.641932
v -0.397736 7.978104 9.776555
v 0.618666 8.090357 9.821937
v -1.250273 7.024193 9.773007
v -1.250273 7.024193 9.773007
v -1.228314 9.575975 9.853670
v -0.921355 8.381843 9.779887
v -0.397736 7.978104 9.776555
v -1.250273 7.024193 9.773007
v -0.921355 8.381843 9.779887
v -1.598142 7.423597 10.626395
v -1.802364 7.337669 10.641932
v -1.446409 7.192325 10.656162
v -1.250273 7.024193 9.773007
v -1.289366 7.767332 10.780016
v -1.222572 7.670299 10.399466
v -1.222572 7.670299 10.399466
v -1.228314 9.575975 9.853670
v -1.250273 7.024193 9.773007
v -0.921355 8.381843 9.779887
v -0.357071 7.893420 10.290735
v -0.397736 7.978104 9.776555
v -0.357071 7.893420 10.290735
v -0.921355 8.381843 9.779887
v -1.054702 8.317200 10.359338
v -1.054702 8.317200 10.359338
v -1.222572 7.670299 10.399466
v -0.357071 7.893420 10.290735
v 1.567043 6.717661 17.471661
v -1.567043 6.717659 7.181105
v 1.567043 6.717659 7.181105
v -1.250273 7.024193 9.773007
v 0.618666 8.090357 9.821937
v 1.262884 7.021997 9.798968
v -0.397736 7.978104 9.776555
v -0.357071 7.893420 10.290735
v 0.618666 8.090357 9.821937
v -1.972601 9.312104 7.181293
v -1.797719 8.183223 7.212502
v -1.909504 7.034184 7.250540
v -1.972601 9.312104 7.181293
v -1.909504 7.034184 7.250540
v -1.928311 9.287497 7.420564
v -1.702641 9.572921 7.194786
v -1.710309 6.997454 7.330785
v -1.699655 9.557763 7.330785
v -1.691882 7.233670 7.126625
v -1.691882 9.627969 7.126624
v -1.994428 9.639609 7.057539
v -1.482187 6.997454 7.330785
v -1.471533 9.557763 7.330785
v -1.699655 9.557763 7.330785
v -1.800334 9.504739 7.231941
v -1.797719 8.183223 7.212502
v -1.972601 9.312104 7.181293
v -1.800334 9.504739 7.231941
v -1.972601 9.312104 7.181293
v -1.884181 9.460243 7.383147
v -1.884181 9.460243 7.383147
v -1.972601 9.312104 7.181293
v -1.928311 9.287497 7.420564
v -1.699655 9.557763 7.330785
v -1.889744 9.584996 7.102434
v -1.702641 9.572921 7.194786
v 0.810632 8.139757 9.860374
v 0.824271 8.171517 3.399295
v 1.048508 8.596421 9.861034
v -1.797191 9.443496 17.219387
v -1.797719 8.183223 7.212502
v -1.800334 9.504739 7.231941
v -1.884918 9.457429 17.080135
v -1.884181 9.460243 7.383147
v -1.928311 9.287497 7.420564
v -1.884181 9.460243 7.383147
v -1.797191 9.443496 17.219387
v -1.800334 9.504739 7.231941
v -1.788325 12.774216 2.931204
v -1.805502 12.774494 1.139843
v -1.267254 12.857867 2.944082
v -1.440930 12.896607 1.057427
v -1.099350 13.793538 2.915576
v -1.485240 13.254142 2.944082
v -1.343520 13.675966 2.764139
v -1.372915 13.336137 2.809526
v -1.355583 13.407277 3.132077
v -1.267254 12.857867 2.944082
v -1.440930 12.896607 1.057427
v -1.290678 13.254142 2.944082
v -1.440930 12.896607 1.057427
v -1.485240 13.254142 2.944082
v -1.290678 13.254142 2.944082
v -1.267254 12.857867 2.944082
v -1.485240 13.254142 2.944082
v -1.788325 12.774216 2.931204
v -1.485240 13.254142 2.944082
v -1.267254 12.857867 2.944082
v -1.290678 13.254142 2.944082
v -1.099350 13.793538 2.915576
v -1.440930 12.896607 1.057427
v -1.177992 13.728165 0.775395
v -0.750559 12.998719 1.047369
v -0.662212 13.038025 4.602491
v -0.562955 13.202513 1.592280
v -0.562955 13.202513 1.592280
v -0.408463 13.198747 3.784924
v -0.337360 13.300501 2.139604
v -1.099350 13.793538 2.915576
v -1.177992 13.728165 0.775395
v -0.903082 14.172774 1.363378
v -1.343520 13.675966 2.764139
v 1.389680 13.552023 2.712937
v -1.372915 13.336137 2.809526
v -1.218825 14.138339 1.317195
v -1.224821 14.054092 3.136331
v -0.903082 14.172774 1.363378
v -0.562955 13.202513 1.592280
v -0.662212 13.038025 4.602491
v -0.408463 13.198747 3.784924
v -1.267254 12.857867 2.944082
v -1.805502 12.774494 1.139843
v -1.440930 12.896607 1.057427
v -1.256928 12.785285 38.086777
v -1.259436 12.912331 1.043463
v -1.257344 12.771012 1.047369
v -1.259436 12.912331 1.043463
v -0.662212 13.038025 4.602491
v -0.750559 12.998719 1.047369
v 1.257344 12.771012 1.047369
v -1.257344 12.771012 1.047369
v 1.260581 12.910917 1.042449
v -1.259436 12.912331 1.043463
v 0.746159 13.002886 1.067213
v -1.257344 12.771012 1.047369
v -0.562955 13.202513 1.592280
v -0.598868 13.252240 1.444163
v -0.750559 12.998719 1.047369
v -1.259436 12.912331 1.043463
v -0.750559 12.998719 1.047369
v 0.746159 13.002886 1.067213
v -0.598868 13.252240 1.444163
v -0.733421 14.039708 1.031557
v -0.750559 12.998719 1.047369
v -0.733421 14.039708 1.031557
v 0.746159 13.002886 1.067213
v -0.750559 12.998719 1.047369
v 1.260581 12.910917 1.042449
v -1.257344 12.771012 1.047369
v 0.746159 13.002886 1.067213
v -0.562955 13.202513 1.592280
v -0.331374 13.383759 1.873305
v -0.598868 13.252240 1.444163
v -0.562955 13.202513 1.592280
v -0.337360 13.300501 2.139604
v -0.331374 13.383759 1.873305
v 0.594934 13.263910 1.454969
v 0.288537 13.412271 1.864176
v 0.545074 13.177660 1.643808
v 1.260581 12.910917 1.042449
v 1.257245 12.793915 38.086796
v 1.257344 12.771012 1.047369
v 0.545074 13.177660 1.643808
v 0.746159 13.002886 1.067213
v 0.594934 13.263910 1.454969
v 0.735549 14.025248 1.028745
v 0.594934 13.263910 1.454969
v 0.746159 13.002886 1.067213
v -0.903082 14.172774 1.363378
v -1.224821 14.054092 3.136331
v -1.099350 13.793538 2.915576
v -0.733421 14.039708 1.031557
v 0.735549 14.025248 1.028745
v 0.746159 13.002886 1.067213
v -1.224821 14.054092 3.136331
v -1.485240 13.254142 2.944082
v -1.099350 13.793538 2.915576
v -1.343520 13.675966 2.764139
v -1.355583 13.407277 3.132077
v -1.308658 13.647293 3.048927
v -1.343520 13.675966 2.764139
v 1.373567 13.695565 2.878894
v 1.389680 13.552023 2.712937
v 1.373567 13.695565 2.878894
v -1.343520 13.675966 2.764139
v -1.308658 13.647293 3.048927
v 1.308519 13.621362 3.067706
v -1.308658 13.647293 3.048927
v -1.355583 13.407277 3.132077
v 1.373567 13.695565 2.878894
v -1.308658 13.647293 3.048927
v 1.308519 13.621362 3.067706
v -0.256046 13.757960 14.990522
v 0.337360 13.589781 15.072099
v -0.337360 13.385231 14.987370
v -2.593276 11.819327 15.349940
v -2.220548 9.634714 14.846974
v -2.592684 9.705050 15.290888
v -2.592679 9.713246 16.849491
v -2.593276 11.819327 15.349940
v -2.592684 9.705050 15.290888
v -0.337360 13.589781 16.334215
v 0.290787 13.295743 16.561724
v 0.337360 13.589781 16.334215
v -0.717413 13.137039 15.677630
v -0.730233 13.144776 11.980922
v -0.756347 12.996352 33.733845
v -0.717413 13.137039 15.677630
v -0.286295 13.203369 14.784074
v -0.730233 13.144776 11.980922
v 0.369410 13.285184 14.837941
v -0.394888 13.275427 12.843784
v -0.286295 13.203369 14.784074
v -1.884473 12.487396 13.669433
v -2.220548 9.634714 14.846974
v -2.411031 12.016525 15.003633
v -2.411031 12.016525 15.003633
v -2.220548 9.634714 14.846974
v -2.593276 11.819327 15.349940
v -2.593276 11.819327 15.349940
v -1.565350 12.771000 15.682696
v -2.411031 12.016525 15.003633
v -2.411031 12.016525 15.003633
v -1.565350 12.771000 15.682696
v -1.884473 12.487396 13.669433
v 0.369410 13.285184 14.837941
v -0.286295 13.203369 14.784074
v -0.337360 13.385231 14.987370
v -0.286295 13.203369 14.784074
v -0.717413 13.137039 15.677630
v -0.337360 13.385231 14.987370
v -0.717413 13.137039 15.677630
v -0.256046 13.757960 14.990522
v -0.337360 13.385231 14.987370
v 1.895403 7.051477 16.071938
v 1.911428 9.782511 14.459167
v 1.884589 8.494934 16.076508
v 1.895403 7.051477 16.071938
v 1.884589 8.494934 16.076508
v 2.514681 7.578853 16.079235
v 2.595152 8.964822 15.936874
v 2.514681 7.578853 16.079235
v 1.884589 8.494934 16.076508
v 0.369410 13.285184 14.837941
v -0.337360 13.385231 14.987370
v 0.337360 13.589781 15.072099
v 0.369410 13.285184 14.837941
v 0.695861 13.123813 15.677227
v 0.246080 13.151884 13.063394
v 0.337360 13.589781 15.072099
v 0.695861 13.123813 15.677227
v 0.369410 13.285184 14.837941
v -0.256046 13.757960 14.990522
v -0.717413 13.137039 15.677630
v -0.337360 13.589781 16.334215
v -0.395879 13.275335 16.540007
v -0.337360 13.589781 16.334215
v -0.717413 13.137039 15.677630
v 0.695861 13.123813 15.677227
v 0.337360 13.589781 15.072099
v 0.337360 13.589781 16.334215
v 0.290787 13.295743 16.561724
v 0.695861 13.123813 15.677227
v 0.337360 13.589781 16.334215
v -0.717413 13.137039 15.677630
v -0.293144 13.204618 18.484026
v -0.395879 13.275335 16.540007
v 1.565348 12.771002 14.142333
v 1.565348 12.771005 19.101887
v 2.592684 11.809159 16.232840
v 1.565348 12.771002 14.142333
v 2.592684 11.809159 16.232840
v 2.608895 11.809540 13.325102
v 1.565348 12.771002 14.142333
v 2.608895 11.809540 13.325102
v 2.255868 12.154953 12.568383
v 2.608895 11.809540 13.325102
v 2.253159 9.704735 12.564758
v 2.255868 12.154953 12.568383
v 2.592684 11.809159 16.232840
v 2.595152 8.964822 15.936874
v 2.568010 9.644126 14.888180
v 2.568010 9.644126 14.888180
v 2.608895 11.809540 13.325102
v 2.592684 11.809159 16.232840
v -1.565350 12.771000 15.682696
v -2.593276 11.819327 15.349940
v -2.592684 11.809159 18.365484
v -0.254064 13.758161 18.688187
v 0.337360 13.589781 18.769886
v -0.337360 13.385231 18.685158
v -1.565350 12.771001 20.083004
v -1.565350 12.771000 15.682696
v -2.592684 11.809159 18.365484
v 2.595152 8.964822 15.936874
v 1.705826 9.149272 15.836946
v 2.568010 9.644126 14.888180
v -0.728723 13.138791 19.374420
v -0.717413 13.137039 15.677630
v -0.756347 12.996352 33.733845
v -0.728723 13.138791 19.374420
v -0.293144 13.204618 18.484026
v -0.717413 13.137039 15.677630
v -0.395879 13.275335 16.540007
v 0.367934 13.285132 18.534472
v 0.290787 13.295743 16.561724
v 0.367934 13.285132 18.534472
v -0.395879 13.275335 16.540007
v -0.293144 13.204618 18.484026
v 0.290787 13.295743 16.561724
v 0.367934 13.285132 18.534472
v 0.246686 13.151131 16.749342
v 0.695861 13.123813 15.677227
v 0.717394 13.137102 19.375437
v 0.757241 12.994558 33.729450
v 0.246686 13.151131 16.749342
v 0.717394 13.137102 19.375437
v 0.695861 13.123813 15.677227
v 1.565348 12.771005 19.101887
v -1.565350 12.771000 15.682696
v -1.565350 12.771001 20.083004
v 2.595152 8.964822 15.936874
v 1.884589 8.494934 16.076508
v 1.705826 9.149272 15.836946
v 2.592684 11.809159 16.232840
v 1.565348 12.771005 19.101887
v 2.579869 11.821157 18.783947
v 2.595152 8.964822 15.936874
v 2.592684 11.809159 16.232840
v 2.579869 11.821157 18.783947
v 1.884589 8.494934 16.076508
v 1.911428 9.782511 14.459167
v 1.705826 9.149272 15.836946
v 1.705826 9.149272 15.836946
v 1.911428 9.782511 14.459167
v 2.568010 9.644126 14.888180
v 2.608895 11.809540 13.325102
v 2.568010 9.644126 14.888180
v 2.592573 9.702459 13.133343
v 1.894860 9.721793 11.655533
v 2.255868 12.154953 12.568383
v 2.253159 9.704735 12.564758
v 2.253159 9.704735 12.564758
v 2.608895 11.809540 13.325102
v 2.592573 9.702459 13.133343
v 2.568010 9.644126 14.888180
v 1.911428 9.782511 14.459167
v 2.592573 9.702459 13.133343
v 1.895403 7.051477 16.071938
v 1.894860 9.721793 11.655533
v 1.911428 9.782511 14.459167
v 1.911428 9.782511 14.459167
v 2.253159 9.704735 12.564758
v 2.592573 9.702459 13.133343
v 2.253159 9.704735 12.564758
v 1.911428 9.782511 14.459167
v 1.894860 9.721793 11.655533
v -1.565350 12.771000 15.682696
v 1.565348 12.771005 19.101887
v 1.565348 12.771002 14.142333
v 0.246686 13.151131 16.749342
v 0.695861 13.123813 15.677227
v 0.290787 13.295743 16.561724
v 0.717394 13.137102 19.375437
v 0.337360 13.589781 18.769886
v 0.337360 13.589781 20.032003
v -0.254064 13.758161 18.688187
v -0.728723 13.138791 19.374420
v -0.337360 13.589781 20.032003
v 1.567043 6.717661 17.471661
v 1.895403 7.051477 16.071938
v 2.514681 7.578853 16.079235
v 0.290787 13.295743 16.561724
v -0.337360 13.589781 16.334215
v -0.395879 13.275335 16.540007
v 0.337360 13.589781 18.769886
v 0.717394 13.137102 19.375437
v 0.367934 13.285132 18.534472
v 0.367934 13.285132 18.534472
v 0.717394 13.137102 19.375437
v 0.246686 13.151131 16.749342
v 0.367934 13.285132 18.534472
v -0.337360 13.385231 18.685158
v 0.337360 13.589781 18.769886
v -0.728723 13.138791 19.374420
v -0.254064 13.758161 18.688187
v -0.337360 13.385231 18.685158
v -0.293144 13.204618 18.484026
v -0.728723 13.138791 19.374420
v -0.337360 13.385231 18.685158
v 0.367934 13.285132 18.534472
v -0.293144 13.204618 18.484026
v -0.337360 13.385231 18.685158
v -1.280411 14.267779 26.459038
v -1.283323 14.273200 30.981668
v -1.135441 14.533792 28.924244
v 0.748629 14.029497 34.323013
v 0.504871 13.971545 33.309204
v 0.750559 13.973483 30.467579
v 0.825034 14.033070 31.285643
v -0.885717 14.036599 18.768625
v 0.882959 14.036680 22.129147
v 0.718421 13.137864 26.770498
v 0.337360 13.589782 26.165462
v 0.337360 13.589783 27.427580
v -0.717422 13.136889 26.770800
v -0.267950 13.207879 29.566610
v -0.396198 13.275498 27.632364
v -0.396198 13.275498 27.632364
v -0.337360 13.589783 27.427580
v -0.717422 13.136889 26.770800
v 0.293292 13.294819 27.656059
v -0.337360 13.589783 27.427580
v -0.396198 13.275498 27.632364
v 0.253578 13.154449 27.867435
v 0.718421 13.137864 26.770498
v 0.293292 13.294819 27.656059
v 0.293292 13.294819 27.656059
v 0.718421 13.137864 26.770498
v 0.337360 13.589783 27.427580
v -0.848854 14.039310 31.276922
v -1.283323 14.273200 30.981668
v -1.280411 14.267779 26.459038
v -1.208368 14.681841 27.745516
v 0.971911 14.810142 28.306448
v 0.971911 14.810142 27.688774
v 0.971911 14.810142 28.306448
v -1.208368 14.681841 27.745516
v -1.245171 14.610517 28.239164
v 0.750559 13.973483 26.769791
v 0.750559 13.973482 23.072002
v 0.748629 14.029497 34.323013
v 1.277044 14.263055 28.152060
v 1.135441 14.533792 28.306448
v 1.135441 14.533792 28.924244
v 0.971911 14.810142 27.688774
v 1.135441 14.533792 28.306448
v 1.135441 14.533792 27.688774
v -1.565350 12.771001 20.083004
v 1.565348 12.771012 38.204823
v 1.565348 12.771005 19.101887
v -0.749944 14.030108 34.322311
v -0.732922 14.014996 26.864962
v -0.729819 13.989804 30.585623
v -0.642130 13.095359 30.465807
v -0.267950 13.207879 29.566610
v -0.717422 13.136889 26.770800
v -0.396198 13.275498 27.632364
v 0.372754 13.285323 29.631891
v 0.293292 13.294819 27.656059
v 0.372754 13.285323 29.631891
v -0.396198 13.275498 27.632364
v -0.267950 13.207879 29.566610
v 0.293292 13.294819 27.656059
v 0.372754 13.285323 29.631891
v 0.253578 13.154449 27.867435
v 0.718421 13.137864 26.770498
v 0.642227 13.095648 30.465876
v 0.757241 12.994558 33.729450
v 0.253578 13.154449 27.867435
v 0.642227 13.095648 30.465876
v 0.718421 13.137864 26.770498
v 0.337360 13.589782 26.165462
v 0.718421 13.137864 26.770498
v 0.367729 13.285062 25.929258
v 0.367729 13.285062 25.929258
v 0.718421 13.137864 26.770498
v 0.243146 13.150270 24.147882
v -0.267950 13.207879 29.566610
v -0.642130 13.095359 30.465807
v -0.337360 13.385233 29.778522
v 0.372754 13.285323 29.631891
v -0.267950 13.207879 29.566610
v -0.337360 13.385233 29.778522
v 0.372754 13.285323 29.631891
v -0.337360 13.385233 29.778522
v 0.337360 13.589783 29.863251
v 0.337360 13.973485 27.710955
v 0.750559 13.973483 30.467579
v 0.372234 14.004910 30.493748
v 0.750559 13.973483 30.467579
v 0.750559 13.973483 26.769791
v 0.748629 14.029497 34.323013
v 0.372754 13.285323 29.631891
v 0.642227 13.095648 30.465876
v 0.253578 13.154449 27.867435
v 0.825034 14.033070 31.285643
v 1.277044 14.263055 28.152060
v 1.283599 14.273534 30.979710
v 1.283599 14.273534 30.979710
v 1.277044 14.263055 28.152060
v 1.135441 14.533792 28.924244
v 0.337360 13.589783 29.863251
v 0.642227 13.095648 30.465876
v 0.372754 13.285323 29.631891
v 0.642227 13.095648 30.465876
v 0.337360 13.589783 29.863251
v 0.337360 13.589783 31.088345
v -0.426479 13.238678 33.327991
v -0.380942 13.284313 31.309048
v -0.642130 13.095359 30.465807
v -0.380942 13.284313 31.309048
v -0.337360 13.589783 31.088345
v -0.642130 13.095359 30.465807
v -0.337360 13.589783 31.088345
v 0.366350 13.278419 31.276775
v 0.337360 13.589783 31.088345
v 0.366350 13.278419 31.276775
v 0.337360 13.155876 31.341753
v 0.642227 13.095648 30.465876
v 0.366350 13.278419 31.276775
v 0.642227 13.095648 30.465876
v 0.337360 13.589783 31.088345
v 0.366350 13.278419 31.276775
v -0.337360 13.589783 31.088345
v -0.380942 13.284313 31.309048
v 0.882959 14.036680 22.129147
v 1.277044 14.263055 26.298828
v 0.825034 14.033070 31.285643
v -1.259782 14.653500 26.982773
v -1.280411 14.267779 26.459038
v -1.208368 14.681841 27.745516
v -1.208368 14.681841 27.745516
v -1.280411 14.267779 26.459038
v -1.245171 14.610517 28.239164
v -1.280411 14.267779 26.459038
v -1.135441 14.533792 28.924244
v -1.245171 14.610517 28.239164
v -0.848854 14.039310 31.276922
v -0.885717 14.036599 18.768625
v 0.825034 14.033070 31.285643
v 0.337360 13.589782 26.165462
v 0.370937 14.004185 26.795219
v 0.337360 13.589783 27.427580
v -0.337360 13.589783 27.427580
v -0.355032 13.885321 27.584951
v -0.732922 14.014996 26.864962
v -0.337360 13.973485 27.710955
v -0.732922 14.014996 26.864962
v -0.355032 13.885321 27.584951
v 2.482172 11.912630 38.233170
v 1.565348 12.771005 19.101887
v 1.565348 12.771012 38.204823
v -0.337360 13.589783 27.427580
v 0.293292 13.294819 27.656059
v 0.337360 13.589783 27.427580
v 0.337360 13.589783 27.427580
v -0.355032 13.885321 27.584951
v -0.337360 13.589783 27.427580
v -0.355032 13.885321 27.584951
v 0.337360 13.589783 27.427580
v 0.367538 13.884310 27.619768
v 0.337360 13.589783 27.427580
v 0.370937 14.004185 26.795219
v 0.367538 13.884310 27.619768
v 0.370937 14.004185 26.795219
v 0.337360 13.973485 27.710955
v 0.367538 13.884310 27.619768
v 1.135441 14.533792 27.688774
v -1.259782 14.653500 26.982773
v -1.208368 14.681841 27.745516
v -1.259782 14.653500 26.982773
v 1.135441 14.533792 27.688774
v 1.255736 14.620795 27.005169
v 1.135441 14.533792 27.688774
v -1.208368 14.681841 27.745516
v 0.971911 14.810142 27.688774
v 0.750559 13.973483 26.769791
v 0.337360 13.973485 27.710955
v 0.370937 14.004185 26.795219
v 1.255736 14.620795 27.005169
v 1.277044 14.263055 28.152060
v 1.277044 14.263055 26.298828
v 0.243146 13.150270 24.147882
v 0.718421 13.137864 26.770498
v 0.719055 13.138083 23.072786
v 0.719055 13.138083 23.072786
v 0.718421 13.137864 26.770498
v 0.757241 12.994558 33.729450
v 0.825034 14.033070 31.285643
v 1.277044 14.263055 26.298828
v 1.277044 14.263055 28.152060
v 1.277044 14.263055 28.152060
v 1.255736 14.620795 27.005169
v 1.135441 14.533792 27.688774
v -0.729819 13.989804 30.585623
v -0.732922 14.014996 26.864962
v -0.337360 13.973485 27.710955
v -0.340569 13.899652 29.613464
v -0.337360 13.973485 27.710955
v -0.355032 13.885321 27.584951
v 1.565348 12.771012 38.204823
v -1.565350 12.771001 20.083004
v -1.565348 12.771012 38.204823
v 0.367538 13.884310 27.619768
v -0.340569 13.899652 29.613464
v -0.355032 13.885321 27.584951
v 0.337360 13.973485 27.710955
v 0.372211 13.900273 29.619616
v 0.367538 13.884310 27.619768
v -0.340569 13.899652 29.613464
v 0.367538 13.884310 27.619768
v 0.372211 13.900273 29.619616
v -2.581359 11.819761 20.401411
v -1.565348 12.771012 38.204823
v -1.565350 12.771001 20.083004
v -1.280411 14.267779 26.459038
v -0.885717 14.036599 18.768625
v -0.848854 14.039310 31.276922
v -0.885717 14.036599 18.768625
v -1.280411 14.267779 26.459038
v -1.276955 14.262630 22.772470
v 0.372211 13.900273 29.619616
v 0.337360 13.973485 27.710955
v 0.372234 14.004910 30.493748
v -1.245171 14.610517 28.239164
v 1.135441 14.533792 28.306448
v 0.971911 14.810142 28.306448
v 1.135441 14.533792 28.924244
v -1.245171 14.610517 28.239164
v -1.135441 14.533792 28.924244
v -1.245171 14.610517 28.239164
v 1.135441 14.533792 28.924244
v 1.135441 14.533792 28.306448
v 0.750559 13.973483 26.769791
v 0.750559 13.973483 30.467579
v 0.337360 13.973485 27.710955
v 0.971911 14.810142 27.688774
v 0.971911 14.810142 28.306448
v 1.135441 14.533792 28.306448
v 1.135441 14.533792 27.688774
v 1.135441 14.533792 28.306448
v 1.277044 14.263055 28.152060
v 0.719055 13.138083 23.072786
v 0.337360 13.589782 22.467674
v 0.337360 13.589782 23.729792
v -0.254377 13.758155 22.385231
v -0.725353 13.137870 23.072964
v -0.337360 13.589782 23.729792
v 0.337360 13.589782 22.467674
v 0.719055 13.138083 23.072786
v 0.369529 13.284781 22.232424
v 0.369529 13.284781 22.232424
v -0.337360 13.385232 22.382946
v 0.337360 13.589782 22.467674
v -0.725353 13.137870 23.072964
v -0.254377 13.758155 22.385231
v -0.337360 13.385232 22.382946
v 0.971911 14.810140 20.275970
v -1.101443 14.591246 20.893641
v 0.971911 14.810141 20.893641
v 0.971911 14.810140 20.275970
v -1.210288 14.612091 20.329245
v -1.101443 14.591246 20.893641
v 0.971911 14.810140 19.040503
v -0.971911 14.810140 19.658175
v 1.218281 14.596292 19.586653
v 1.277044 14.263055 22.592424
v 1.277044 14.263055 20.739254
v 1.116615 14.443106 21.152477
v 1.135441 14.533791 20.275970
v 1.116615 14.443106 21.152477
v 1.277044 14.263055 20.739254
v 0.882959 14.036680 22.129147
v 1.277044 14.263054 18.886023
v 1.277044 14.263055 20.739254
v 0.971911 14.810140 20.275970
v 0.971911 14.810141 20.893641
v 1.116615 14.443106 21.152477
v 0.750559 13.973481 19.374214
v 0.750559 13.973482 23.072002
v 0.247714 13.956576 21.279911
v 1.116615 14.443106 21.152477
v -1.214331 14.615211 21.573965
v 0.971911 14.810141 21.511436
v 1.116615 14.443106 21.152477
v -1.101443 14.591246 20.893641
v -1.214331 14.615211 21.573965
v 0.971911 14.810141 20.893641
v -1.101443 14.591246 20.893641
v 1.116615 14.443106 21.152477
v -0.337360 13.879059 22.178398
v 0.370951 13.884909 20.223770
v 0.369369 13.899354 22.221600
v -0.628663 13.998965 19.429064
v -0.337360 13.879059 22.178398
v -0.337360 13.973485 22.184692
v 0.247714 13.956576 21.279911
v 0.369369 13.899354 22.221600
v 0.370951 13.884909 20.223770
v 0.370951 13.884909 20.223770
v -0.337360 13.879059 22.178398
v -0.352124 13.884860 20.191347
v -0.337360 13.879059 22.178398
v -0.628663 13.998965 19.429064
v -0.352124 13.884860 20.191347
v 0.971911 14.810141 21.511436
v -1.214331 14.615211 21.573965
v -1.251774 14.681090 22.053379
v 0.971911 14.810140 20.275970
v 1.116615 14.443106 21.152477
v 1.135441 14.533791 20.275970
v 1.277044 14.263055 20.739254
v 1.218281 14.596292 19.586653
v 1.135441 14.533791 20.275970
v 1.218281 14.596292 19.586653
v 1.277044 14.263055 20.739254
v 1.277044 14.263054 18.886023
v 0.750559 13.973481 19.374214
v 0.247714 13.956576 21.279911
v 0.371815 14.004975 19.402914
v -1.210288 14.612091 20.329245
v 0.971911 14.810140 20.275970
v 1.135441 14.533791 20.275970
v 1.218281 14.596292 19.586653
v -1.210288 14.612091 20.329245
v 1.135441 14.533791 20.275970
v -1.135441 14.533791 19.658175
v 1.218281 14.596292 19.586653
v -0.971911 14.810140 19.658175
v 1.218281 14.596292 19.586653
v -1.135441 14.533791 19.658175
v -1.210288 14.612091 20.329245
v 0.371815 14.004975 19.402914
v 0.247714 13.956576 21.279911
v 0.370951 13.884909 20.223770
v -0.352124 13.884860 20.191347
v 0.337360 13.589781 20.032003
v 0.370951 13.884909 20.223770
v 0.337360 13.589781 20.032003
v -0.352124 13.884860 20.191347
v -0.337360 13.589781 20.032003
v 0.337360 13.589781 20.032003
v 0.371815 14.004975 19.402914
v 0.370951 13.884909 20.223770
v 0.337360 13.589781 18.769886
v 0.371815 14.004975 19.402914
v 0.337360 13.589781 20.032003
v -0.337360 13.589781 20.032003
v -0.352124 13.884860 20.191347
v -0.628663 13.998965 19.429064
v -0.628663 13.998965 19.429064
v -0.254064 13.758161 18.688187
v -0.337360 13.589781 20.032003
v -1.276955 14.262630 22.772470
v -1.214331 14.615211 21.573965
v -1.101443 14.591246 20.893641
v -1.210288 14.612091 20.329245
v -1.276955 14.262630 22.772470
v -1.101443 14.591246 20.893641
v -1.277044 14.263054 18.886023
v -0.885717 14.036599 18.768625
v -1.276955 14.262630 22.772470
v -1.135441 14.533791 19.658175
v -1.276955 14.262630 22.772470
v -1.210288 14.612091 20.329245
v -1.249143 14.609746 19.107471
v -1.135441 14.533791 19.658175
v -0.971911 14.810140 19.658175
v -1.276955 14.262630 22.772470
v -1.135441 14.533791 19.658175
v -1.277044 14.263054 18.886023
v 0.971911 14.810140 19.040503
v -1.249143 14.609746 19.107471
v -0.971911 14.810140 19.658175
v 0.971911 14.810141 21.511436
v -1.251774 14.681090 22.053379
v 0.971911 14.810141 22.129108
v -1.249143 14.609746 19.107471
v -1.277044 14.263054 18.886023
v -1.135441 14.533791 19.658175
v 0.971911 14.810140 19.040503
v 1.218281 14.596292 19.586653
v 1.135441 14.533791 19.040503
v 1.135441 14.533791 19.040503
v 1.218281 14.596292 19.586653
v 1.277044 14.263054 18.886023
v 1.277044 14.263054 18.886023
v 1.135441 14.533791 18.422707
v 1.135441 14.533791 19.040503
v 0.882959 14.036680 22.129147
v 0.882959 14.036679 16.801182
v 1.277044 14.263054 18.886023
v 0.372457 13.900244 18.526340
v -0.254064 13.758161 18.688187
v -0.402605 13.904601 18.538376
v -1.214331 14.615211 21.573965
v -1.276955 14.262630 22.772470
v -1.251774 14.681090 22.053379
v -1.276955 14.262630 22.772470
v -1.211851 14.616955 22.819386
v -1.251774 14.681090 22.053379
v -1.211851 14.616955 22.819386
v -1.276955 14.262630 22.772470
v -1.252991 14.682819 23.279791
v 1.135441 14.533791 19.040503
v -1.249143 14.609746 19.107471
v 0.971911 14.810140 19.040503
v 1.135441 14.533791 18.422707
v -1.249143 14.609746 19.107471
v 1.135441 14.533791 19.040503
v -0.749944 14.030108 34.322311
v -0.628663 13.998965 19.429064
v -0.661878 14.000552 23.186146
v -0.661878 14.000552 23.186146
v -0.628663 13.998965 19.429064
v -0.337360 13.973485 22.184692
v -0.254377 13.758155 22.385231
v -0.337360 13.973485 22.184692
v -0.337360 13.879059 22.178398
v 0.369369 13.899354 22.221600
v -0.254377 13.758155 22.385231
v -0.337360 13.879059 22.178398
v -0.337360 13.973485 22.184692
v -0.254377 13.758155 22.385231
v -0.661878 14.000552 23.186146
v -0.254377 13.758155 22.385231
v 0.337360 13.589782 22.467674
v -0.337360 13.385232 22.382946
v 0.337360 13.589782 22.467674
v -0.254377 13.758155 22.385231
v 0.369369 13.899354 22.221600
v 0.337360 13.973484 23.072001
v 0.337360 13.589782 22.467674
v 0.369369 13.899354 22.221600
v 0.369369 13.899354 22.221600
v 0.247714 13.956576 21.279911
v 0.337360 13.973484 23.072001
v 0.971911 14.810141 22.129108
v -1.251774 14.681090 22.053379
v 1.135441 14.533792 22.129108
v 1.135441 14.533792 22.129108
v -1.251774 14.681090 22.053379
v -1.211851 14.616955 22.819386
v 1.135441 14.533792 22.129108
v -1.211851 14.616955 22.819386
v 1.135441 14.533792 22.746904
v 0.750559 13.973482 23.072002
v 0.750559 13.973481 19.374214
v 0.748629 14.029497 34.323013
v 0.337360 13.973484 23.072001
v 0.247714 13.956576 21.279911
v 0.750559 13.973482 23.072002
v 0.971911 14.810141 21.511436
v 0.971911 14.810141 22.129108
v 1.135441 14.533792 22.129108
v 0.882959 14.036680 22.129147
v 1.277044 14.263055 20.739254
v 1.277044 14.263055 22.592424
v 0.971911 14.810141 21.511436
v 1.135441 14.533792 22.129108
v 1.116615 14.443106 21.152477
v 1.277044 14.263055 22.592424
v 1.116615 14.443106 21.152477
v 1.135441 14.533792 22.129108
v 1.277044 14.263055 22.592424
v 1.135441 14.533792 22.129108
v 1.135441 14.533792 22.746904
v 0.882959 14.036680 22.129147
v -0.885717 14.036599 18.768625
v 0.882959 14.036679 16.801182
v -0.661878 14.000552 23.186146
v -0.254377 13.758155 22.385231
v -0.337360 13.589782 23.729792
v 0.337360 13.589782 22.467674
v 0.337360 13.973484 23.072001
v 0.337360 13.589782 23.729792
v 0.371815 14.004975 19.402914
v 0.337360 13.589781 18.769886
v 0.372457 13.900244 18.526340
v 0.337360 13.589781 18.769886
v -0.254064 13.758161 18.688187
v 0.372457 13.900244 18.526340
v -0.402605 13.904601 18.538376
v -0.254064 13.758161 18.688187
v -0.628663 13.998965 19.429064
v -0.725353 13.137870 23.072964
v -0.288422 13.204641 25.874069
v -0.395813 13.275370 23.934710
v 1.135441 14.533792 23.982372
v -1.209799 14.615481 24.048117
v 0.971911 14.810141 23.982372
v -0.395813 13.275370 23.934710
v -0.337360 13.589782 23.729792
v -0.725353 13.137870 23.072964
v 0.750559 13.973482 23.072002
v 0.337360 13.973484 24.013166
v 0.337360 13.973484 23.072001
v 1.221403 14.600125 23.283882
v -1.209799 14.615481 24.048117
v 1.135441 14.533792 23.982372
v 0.288907 13.296081 23.957191
v -0.337360 13.589782 23.729792
v -0.395813 13.275370 23.934710
v 0.882959 14.036680 22.129147
v 1.277044 14.263055 22.592424
v 1.277044 14.263055 24.445658
v 1.221403 14.600125 23.283882
v 1.277044 14.263055 24.445658
v 1.277044 14.263055 22.592424
v 0.243146 13.150270 24.147882
v 0.719055 13.138083 23.072786
v 0.288907 13.296081 23.957191
v 0.288907 13.296081 23.957191
v 0.719055 13.138083 23.072786
v 0.337360 13.589782 23.729792
v 0.971911 14.810141 22.746904
v 1.221403 14.600125 23.283882
v 1.135441 14.533792 22.746904
v 1.277044 14.263055 24.445658
v 1.221403 14.600125 23.283882
v 1.135441 14.533792 23.982372
v 0.971911 14.810141 22.746904
v -1.211851 14.616955 22.819386
v -1.252991 14.682819 23.279791
v 0.971911 14.810141 22.746904
v -1.252991 14.682819 23.279791
v 1.221403 14.600125 23.283882
v -1.209799 14.615481 24.048117
v -1.276955 14.262630 22.772470
v -1.219744 14.700322 24.518150
v -1.276955 14.262630 22.772470
v -1.280411 14.267779 26.459038
v -1.135441 14.533792 25.217840
v -1.276955 14.262630 22.772470
v -1.135441 14.533792 25.217840
v -1.219744 14.700322 24.518150
v -0.717422 13.136889 26.770800
v -0.288422 13.204641 25.874069
v -0.725353 13.137870 23.072964
v -1.135441 14.533792 25.835512
v -0.971911 14.810141 25.217840
v -1.135441 14.533792 25.217840
v -0.395813 13.275370 23.934710
v 0.367729 13.285062 25.929258
v 0.288907 13.296081 23.957191
v 0.367729 13.285062 25.929258
v -0.395813 13.275370 23.934710
v -0.288422 13.204641 25.874069
v 0.288907 13.296081 23.957191
v 0.367729 13.285062 25.929258
v 0.243146 13.150270 24.147882
v 0.971911 14.810142 26.453310
v 1.255736 14.620795 27.005169
v 1.135441 14.533792 26.453310
v 1.135441 14.533792 26.453310
v 1.255736 14.620795 27.005169
v 1.277044 14.263055 26.298828
v 1.221403 14.600125 23.283882
v -1.252991 14.682819 23.279791
v -1.209799 14.615481 24.048117
v -0.288422 13.204641 25.874069
v -0.717422 13.136889 26.770800
v -0.337360 13.385232 26.080734
v -0.717422 13.136889 26.770800
v -0.256015 13.757836 26.083752
v -0.337360 13.385232 26.080734
v 0.367729 13.285062 25.929258
v -0.288422 13.204641 25.874069
v -0.337360 13.385232 26.080734
v 0.367729 13.285062 25.929258
v -0.337360 13.385232 26.080734
v 0.337360 13.589782 26.165462
v 0.337360 13.973484 23.072001
v 0.337360 13.973484 24.013166
v 0.367513 13.884353 23.922525
v 0.337360 13.589782 23.729792
v 0.337360 13.973484 23.072001
v 0.367513 13.884353 23.922525
v -0.354925 13.885376 23.887608
v 0.337360 13.589782 23.729792
v 0.367513 13.884353 23.922525
v 0.337360 13.589782 23.729792
v -0.354925 13.885376 23.887608
v -0.337360 13.589782 23.729792
v -0.337360 13.589782 23.729792
v 0.288907 13.296081 23.957191
v 0.337360 13.589782 23.729792
v -0.732922 14.014996 26.864962
v -0.256015 13.757836 26.083752
v -0.337360 13.589783 27.427580
v -0.337360 13.589782 23.729792
v -0.354925 13.885376 23.887608
v -0.661878 14.000552 23.186146
v 1.135441 14.533792 22.746904
v 1.221403 14.600125 23.283882
v 1.277044 14.263055 22.592424
v 1.135441 14.533792 22.746904
v -1.211851 14.616955 22.819386
v 0.971911 14.810141 22.746904
v -1.244890 14.610819 26.521568
v -1.280411 14.267779 26.459038
v -1.259782 14.653500 26.982773
v -1.252991 14.682819 23.279791
v -1.276955 14.262630 22.772470
v -1.209799 14.615481 24.048117
v 0.971911 14.810141 25.217840
v -0.971911 14.810141 25.835512
v 0.971911 14.810141 25.835512
v 0.971911 14.810141 25.217840
v -0.971911 14.810141 25.217840
v -0.971911 14.810141 25.835512
v 0.971911 14.810141 23.982372
v -1.219744 14.700322 24.518150
v 0.971911 14.810141 24.600044
v 0.971911 14.810141 23.982372
v -1.209799 14.615481 24.048117
v -1.219744 14.700322 24.518150
v 1.277044 14.263055 26.298828
v 1.135441 14.533792 25.835512
v 1.135441 14.533792 26.453310
v 1.277044 14.263055 26.298828
v 1.135441 14.533792 25.217840
v 1.135441 14.533792 25.835512
v 0.971911 14.810141 25.217840
v 1.135441 14.533792 25.835512
v 1.135441 14.533792 25.217840
v 0.971911 14.810141 25.217840
v 0.971911 14.810141 25.835512
v 1.135441 14.533792 25.835512
v 0.971911 14.810142 26.453310
v -1.244890 14.610819 26.521568
v -1.259782 14.653500 26.982773
v 0.337360 13.973484 24.013166
v 0.750559 13.973483 26.769791
v 0.370937 14.004185 26.795219
v 1.135441 14.533792 26.453310
v -1.244890 14.610819 26.521568
v 0.971911 14.810142 26.453310
v 1.135441 14.533792 25.835512
v -1.244890 14.610819 26.521568
v 1.135441 14.533792 26.453310
v 1.135441 14.533792 25.835512
v -1.135441 14.533792 25.835512
v -1.244890 14.610819 26.521568
v 0.971911 14.810141 25.835512
v -1.135441 14.533792 25.835512
v 1.135441 14.533792 25.835512
v -1.135441 14.533792 25.835512
v 0.971911 14.810141 25.835512
v -0.971911 14.810141 25.835512
v 0.370937 14.004185 26.795219
v 0.337360 13.589782 26.165462
v 0.372524 13.900272 25.922020
v 0.337360 13.589782 26.165462
v -0.256015 13.757836 26.083752
v 0.372524 13.900272 25.922020
v -0.256015 13.757836 26.083752
v 0.337360 13.589782 26.165462
v -0.337360 13.385232 26.080734
v -0.337360 13.973485 25.882481
v -0.256015 13.757836 26.083752
v -0.732922 14.014996 26.864962
v 0.372524 13.900272 25.922020
v -0.256015 13.757836 26.083752
v -0.337360 13.879059 25.876186
v -0.256015 13.757836 26.083752
v -0.337360 13.973485 25.882481
v -0.337360 13.879059 25.876186
v -0.732922 14.014996 26.864962
v -0.661878 14.000552 23.186146
v -0.337360 13.973485 25.882481
v -0.749944 14.030108 34.322311
v -0.661878 14.000552 23.186146
v -0.732922 14.014996 26.864962
v 1.277044 14.263055 24.445658
v 1.135441 14.533792 24.600044
v 1.135441 14.533792 25.217840
v 1.277044 14.263055 26.298828
v 1.277044 14.263055 24.445658
v 1.135441 14.533792 25.217840
v 0.971911 14.810141 23.982372
v 1.135441 14.533792 24.600044
v 1.135441 14.533792 23.982372
v 1.135441 14.533792 23.982372
v 1.135441 14.533792 24.600044
v 1.277044 14.263055 24.445658
v 1.277044 14.263055 26.298828
v 0.882959 14.036680 22.129147
v 1.277044 14.263055 24.445658
v 0.971911 14.810141 23.982372
v 0.971911 14.810141 24.600044
v 1.135441 14.533792 24.600044
v 0.750559 13.973482 23.072002
v 0.750559 13.973483 26.769791
v 0.337360 13.973484 24.013166
v 0.971911 14.810142 26.453310
v -1.259782 14.653500 26.982773
v 1.255736 14.620795 27.005169
v 1.135441 14.533792 25.217840
v -0.971911 14.810141 25.217840
v 0.971911 14.810141 25.217840
v 1.135441 14.533792 24.600044
v -1.135441 14.533792 25.217840
v 1.135441 14.533792 25.217840
v 1.135441 14.533792 25.217840
v -1.135441 14.533792 25.217840
v -0.971911 14.810141 25.217840
v 1.135441 14.533792 24.600044
v -1.219744 14.700322 24.518150
v -1.135441 14.533792 25.217840
v 0.971911 14.810141 24.600044
v -1.219744 14.700322 24.518150
v 1.135441 14.533792 24.600044
v 0.372524 13.900272 25.922020
v 0.337360 13.973484 24.013166
v 0.370937 14.004185 26.795219
v -0.337360 13.879059 25.876186
v 0.367513 13.884353 23.922525
v 0.372524 13.900272 25.922020
v -0.661878 14.000552 23.186146
v -0.337360 13.879059 25.876186
v -0.337360 13.973485 25.882481
v 0.337360 13.973484 24.013166
v 0.372524 13.900272 25.922020
v 0.367513 13.884353 23.922525
v 0.367513 13.884353 23.922525
v -0.337360 13.879059 25.876186
v -0.354925 13.885376 23.887608
v -0.256015 13.757836 26.083752
v -0.717422 13.136889 26.770800
v -0.337360 13.589783 27.427580
v -0.337360 13.879059 25.876186
v -0.661878 14.000552 23.186146
v -0.354925 13.885376 23.887608
v -1.280411 14.267779 26.459038
v -1.244890 14.610819 26.521568
v -1.135441 14.533792 25.835512
v -1.135441 14.533792 25.217840
v -1.280411 14.267779 26.459038
v -1.135441 14.533792 25.835512
v -0.971911 14.810141 25.217840
v -1.135441 14.533792 25.835512
v -0.971911 14.810141 25.835512
v -0.770807 14.068510 36.816303
v -0.749944 14.030108 34.322311
v -0.750559 12.998736 36.449703
v -1.100031 12.978926 34.929859
v -0.824507 14.339084 34.944317
v -1.143016 15.084718 34.944836
v -0.426479 13.238678 33.327991
v 0.541005 13.399471 33.470238
v 0.337360 13.300507 33.234737
v 0.541005 13.399471 33.470238
v -0.426479 13.238678 33.327991
v -0.575159 13.404128 33.438251
v 0.575128 13.172153 33.543915
v 0.337360 13.300507 33.234737
v 0.541005 13.399471 33.470238
v -0.855080 14.390927 33.653805
v -0.860481 14.900237 34.239388
v -0.872065 14.346502 34.197121
v -0.750559 12.998736 36.449703
v -1.244366 12.916574 38.097092
v -0.750559 12.998726 38.088825
v -0.750559 12.998726 38.088825
v -0.750559 13.184849 37.588226
v -0.750559 12.998736 36.449703
v -0.750559 12.998736 36.449703
v -0.750559 13.184849 37.588226
v -0.770807 14.068510 36.816303
v -0.756347 12.996352 33.733845
v -0.575159 13.404128 33.438251
v -0.426479 13.238678 33.327991
v -0.750559 13.184849 37.588226
v 0.750559 13.184849 37.588226
v -0.770807 14.068510 36.816303
v 0.765694 14.067289 36.862442
v -0.770807 14.068510 36.816303
v 0.750559 13.184849 37.588226
v 1.257344 12.913420 38.088825
v 1.257245 12.793915 38.086796
v 1.252173 12.914989 34.187138
v 1.257344 12.913420 38.088825
v 0.750559 12.998736 36.449703
v 0.750559 12.998726 38.088825
v -0.503980 13.971334 33.311928
v -0.460256 13.724319 33.450516
v -0.749944 14.030108 34.322311
v 0.575128 13.172153 33.543915
v 0.337360 13.155876 31.341753
v 0.337360 13.300507 33.234737
v 0.337360 13.155876 31.341753
v 0.575128 13.172153 33.543915
v 0.642227 13.095648 30.465876
v 0.337360 13.300507 33.234737
v -0.380942 13.284313 31.309048
v -0.426479 13.238678 33.327991
v 0.337360 13.300507 33.234737
v 0.337360 13.155876 31.341753
v 0.366350 13.278419 31.276775
v -0.380942 13.284313 31.309048
v 0.337360 13.300507 33.234737
v 0.366350 13.278419 31.276775
v -0.717422 13.136889 26.770800
v -0.725353 13.137870 23.072964
v -0.756347 12.996352 33.733845
v -0.426479 13.238678 33.327991
v -0.642130 13.095359 30.465807
v -0.756347 12.996352 33.733845
v 0.750559 13.184849 37.588226
v -0.750559 12.998726 38.088825
v 0.750559 12.998726 38.088825
v -0.460256 13.724319 33.450516
v 0.541005 13.399471 33.470238
v -0.575159 13.404128 33.438251
v -0.750559 12.998726 38.088825
v 1.257344 12.913420 38.088825
v 0.750559 12.998726 38.088825
v 0.541005 13.399471 33.470238
v -0.460256 13.724319 33.450516
v 0.494869 13.716903 33.434200
v -0.750559 12.998726 34.283848
v -0.750559 12.998736 36.449703
v -0.749944 14.030108 34.322311
v -0.749944 14.030108 34.322311
v -0.460256 13.724319 33.450516
v -0.575159 13.404128 33.438251
v -0.749944 14.030108 34.322311
v -0.575159 13.404128 33.438251
v -0.750559 12.998726 34.283848
v -0.756347 12.996352 33.733845
v -0.750559 12.998726 34.283848
v -0.575159 13.404128 33.438251
v 1.257344 12.913420 38.088825
v -0.750559 12.998726 38.088825
v -1.244366 12.916574 38.097092
v -0.750559 12.998726 34.283848
v -0.756347 12.996352 33.733845
v -1.258988 12.912766 34.210724
v -1.288586 13.149395 34.948738
v -1.269998 13.591269 34.271835
v -1.249782 12.952196 34.202263
v -0.642130 13.095359 30.465807
v -0.717422 13.136889 26.770800
v -0.756347 12.996352 33.733845
v 0.750559 13.184849 37.588226
v -0.750559 13.184849 37.588226
v -0.750559 12.998726 38.088825
v -1.258988 12.912766 34.210724
v -1.244366 12.916574 38.097092
v -0.750559 12.998726 34.283848
v -0.750559 12.998726 34.283848
v -1.244366 12.916574 38.097092
v -0.750559 12.998736 36.449703
v -1.244366 12.916574 38.097092
v 1.257245 12.793915 38.086796
v 1.257344 12.913420 38.088825
v 1.257245 12.793915 38.086796
v -1.244366 12.916574 38.097092
v -1.256928 12.785285 38.086777
v 0.750559 12.998726 38.088825
v 0.750559 12.998736 36.449703
v 0.750559 13.184849 37.588226
v -0.824507 14.339084 34.944317
v -1.100031 12.978926 34.929859
v -0.855455 12.998726 34.944283
v -1.258988 12.912766 34.210724
v -1.256928 12.785285 38.086777
v -1.244366 12.916574 38.097092
v 0.750559 12.998736 36.449703
v 0.765694 14.067289 36.862442
v 0.750559 13.184849 37.588226
v 0.750559 12.998736 36.449703
v 1.257344 12.913420 38.088825
v 1.252173 12.914989 34.187138
v 0.855455 14.381987 31.721651
v 1.168095 14.351650 33.746746
v 1.155317 14.381987 31.721649
v 0.795655 14.810142 31.395170
v 0.795655 14.810142 32.012848
v 0.795655 14.533792 32.012848
v 0.795655 14.810142 32.012848
v -0.024549 14.533792 32.012848
v 0.795655 14.533792 32.012848
v 0.795655 14.810142 31.395170
v 0.795655 14.533792 32.012848
v 0.795655 14.533792 31.395170
v 0.795655 14.533792 32.012848
v 0.825034 14.033070 31.285643
v 0.795655 14.533792 31.395170
v 1.100403 12.981362 34.923962
v 1.169367 12.968453 30.573580
v 1.155317 14.381987 31.721649
v 0.855455 14.381987 31.721651
v 0.856054 13.014570 30.523884
v 0.853170 14.378351 33.654819
v 0.504871 13.971545 33.309204
v 0.337360 13.973484 31.385838
v 0.750559 13.973483 30.467579
v -1.230122 14.613770 29.471329
v -0.971911 14.810142 28.924244
v -1.135441 14.533792 28.924244
v 0.795655 14.810142 32.012848
v -0.795655 14.810142 32.012848
v -0.024549 14.533792 32.012848
v -0.024549 14.533792 32.012848
v -0.795655 14.810142 32.012848
v -0.758291 14.547966 32.121056
v -1.135441 14.533792 28.924244
v -1.283323 14.273200 30.981668
v -1.230122 14.613770 29.471329
v 0.971911 14.810142 28.924244
v -1.135441 14.533792 28.924244
v -0.971911 14.810142 28.924244
v 1.135441 14.533792 28.924244
v -1.135441 14.533792 28.924244
v 0.971911 14.810142 28.924244
v -0.855455 12.998726 34.944283
v -0.855080 14.390927 33.653805
v -0.872065 14.346502 34.197121
v -0.856072 13.016821 30.525089
v -0.855080 14.390927 33.653805
v -0.855455 12.998726 34.944283
v -1.243719 14.689837 30.257893
v 0.971911 14.810142 30.777376
v 0.971911 14.810142 30.159708
v 0.971911 14.810142 30.777376
v -1.243719 14.689837 30.257893
v -1.237847 14.627883 30.784864
v -0.971911 14.810142 28.924244
v 0.971911 14.810142 29.541912
v 0.971911 14.810142 28.924244
v 0.971911 14.810142 29.541912
v -0.971911 14.810142 28.924244
v -1.230122 14.613770 29.471329
v 1.135441 14.533792 30.777376
v 0.999014 14.512584 31.293217
v 1.283599 14.273534 30.979710
v -1.283323 14.273200 30.981668
v -1.243719 14.689837 30.257893
v -1.230122 14.613770 29.471329
v -0.855455 14.381987 31.721651
v -0.856072 13.016821 30.525089
v -1.169342 12.968457 30.573505
v 0.999014 14.512584 31.293217
v 0.825034 14.033070 31.285643
v 1.283599 14.273534 30.979710
v 0.825034 14.033070 31.285643
v 0.999014 14.512584 31.293217
v 0.795655 14.533792 31.395170
v 0.971911 14.810142 30.159708
v 1.135441 14.533792 30.777376
v 1.070749 14.435342 29.817104
v -0.795655 14.810142 31.395170
v 0.795655 14.810142 32.012848
v 0.795655 14.810142 31.395170
v 0.795655 14.810142 32.012848
v -0.795655 14.810142 31.395170
v -0.795655 14.810142 32.012848
v 1.070749 14.435342 29.817104
v 1.135441 14.533792 30.777376
v 1.283599 14.273534 30.979710
v -0.855455 14.381987 31.721651
v -1.167612 14.354664 33.729824
v -0.855080 14.390927 33.653805
v 0.971911 14.810142 30.159708
v 0.971911 14.810142 30.777376
v 1.135441 14.533792 30.777376
v -1.155317 14.381987 31.721649
v -1.100031 12.978926 34.929859
v -1.167612 14.354664 33.729824
v -1.167612 14.354664 33.729824
v -0.855455 14.381987 31.721651
v -1.155317 14.381987 31.721649
v -0.795655 14.810142 32.012848
v -0.795655 14.533792 31.395170
v -0.758291 14.547966 32.121056
v -0.795655 14.810142 32.012848
v -0.795655 14.810142 31.395170
v -0.795655 14.533792 31.395170
v -0.848854 14.039310 31.276922
v -0.758291 14.547966 32.121056
v -0.795655 14.533792 31.395170
v -1.100031 12.978926 34.929859
v -1.155317 14.381987 31.721649
v -1.169342 12.968457 30.573505
v -0.855080 14.390927 33.653805
v -0.856072 13.016821 30.525089
v -0.855455 14.381987 31.721651
v 1.168095 14.351650 33.746746
v 0.855455 14.381987 31.721651
v 0.853170 14.378351 33.654819
v -1.169342 12.968457 30.573505
v -1.155317 14.381987 31.721649
v -0.855455 14.381987 31.721651
v -1.243719 14.689837 30.257893
v -1.283323 14.273200 30.981668
v -1.237847 14.627883 30.784864
v 1.100403 12.981362 34.923962
v 1.155317 14.381987 31.721649
v 1.168095 14.351650 33.746746
v -0.848854 14.039310 31.276922
v -0.994898 14.516459 31.281296
v -1.283323 14.273200 30.981668
v -0.994898 14.516459 31.281296
v -0.848854 14.039310 31.276922
v -0.795655 14.533792 31.395170
v -1.237847 14.627883 30.784864
v -1.283323 14.273200 30.981668
v -0.994898 14.516459 31.281296
v -0.729819 13.989804 30.585623
v -0.337360 13.973485 27.710955
v -0.340569 13.899652 29.613464
v 1.155317 14.381987 31.721649
v 1.169367 12.968453 30.573580
v 0.855455 14.381987 31.721651
v -0.340569 13.899652 29.613464
v -0.270022 13.755405 29.781298
v -0.729819 13.989804 30.585623
v -0.270022 13.755405 29.781298
v 0.337360 13.589783 29.863251
v -0.337360 13.385233 29.778522
v 0.337360 13.589783 29.863251
v -0.270022 13.755405 29.781298
v 0.372211 13.900273 29.619616
v 0.372234 14.004910 30.493748
v 0.337360 13.589783 29.863251
v 0.372211 13.900273 29.619616
v 0.372211 13.900273 29.619616
v -0.270022 13.755405 29.781298
v -0.340569 13.899652 29.613464
v -1.230122 14.613770 29.471329
v 1.070749 14.435342 29.817104
v 0.971911 14.810142 29.541912
v 1.070749 14.435342 29.817104
v -1.230122 14.613770 29.471329
v -1.243719 14.689837 30.257893
v -0.642130 13.095359 30.465807
v -0.270022 13.755405 29.781298
v -0.337360 13.385233 29.778522
v 1.070749 14.435342 29.817104
v -1.243719 14.689837 30.257893
v 0.971911 14.810142 30.159708
v 0.971911 14.810142 28.924244
v 0.971911 14.810142 29.541912
v 1.070749 14.435342 29.817104
v 0.971911 14.810142 28.924244
v 1.070749 14.435342 29.817104
v 1.135441 14.533792 28.924244
v 1.283599 14.273534 30.979710
v 1.135441 14.533792 28.924244
v 1.070749 14.435342 29.817104
v -0.729819 13.989804 30.585623
v -0.270022 13.755405 29.781298
v -0.337360 13.589783 31.088345
v -0.270022 13.755405 29.781298
v -0.642130 13.095359 30.465807
v -0.337360 13.589783 31.088345
v 0.337360 13.589783 29.863251
v 0.372234 14.004910 30.493748
v 0.337360 13.589783 31.088345
v -0.337360 13.589783 31.088345
v -0.351221 13.884539 31.247993
v -0.729819 13.989804 30.585623
v -0.337360 13.973484 31.385838
v -0.729819 13.989804 30.585623
v -0.351221 13.884539 31.247993
v 0.337360 13.589783 31.088345
v -0.351221 13.884539 31.247993
v -0.337360 13.589783 31.088345
v 0.337360 13.589783 31.088345
v 0.372234 14.004910 30.493748
v 0.369962 13.884596 31.280317
v -0.351221 13.884539 31.247993
v 0.337360 13.589783 31.088345
v 0.369962 13.884596 31.280317
v 0.372234 14.004910 30.493748
v 0.337360 13.973484 31.385838
v 0.369962 13.884596 31.280317
v -1.237847 14.627883 30.784864
v 1.135441 14.533792 30.777376
v 0.971911 14.810142 30.777376
v -0.994898 14.516459 31.281296
v 1.135441 14.533792 30.777376
v -1.237847 14.627883 30.784864
v 0.855455 14.381987 31.721651
v 1.169367 12.968453 30.573580
v 0.856054 13.014570 30.523884
v 0.750559 13.973483 30.467579
v 0.337360 13.973484 31.385838
v 0.372234 14.004910 30.493748
v 0.999014 14.512584 31.293217
v -0.994898 14.516459 31.281296
v -0.795655 14.533792 31.395170
v 0.795655 14.533792 31.395170
v -0.795655 14.533792 31.395170
v 0.795655 14.810142 31.395170
v 0.999014 14.512584 31.293217
v -0.795655 14.533792 31.395170
v 0.795655 14.533792 31.395170
v 1.135441 14.533792 30.777376
v -0.994898 14.516459 31.281296
v 0.999014 14.512584 31.293217
v -0.795655 14.810142 31.395170
v 0.795655 14.810142 31.395170
v -0.795655 14.533792 31.395170
v -0.139562 14.694145 32.662083
v -0.272277 14.580588 32.944962
v 0.116934 14.811245 32.954037
v 0.140034 14.455530 32.734554
v -0.758291 14.547966 32.121056
v -0.800082 14.525640 33.866856
v -0.139562 14.694145 32.662083
v 0.116934 14.811245 32.954037
v 0.262958 14.016163 32.775421
v -0.139562 14.694145 32.662083
v 0.262958 14.016163 32.775421
v -0.244125 14.009058 32.675251
v 0.116934 14.811245 32.954037
v 0.151348 14.181339 33.301960
v 0.262958 14.016163 32.775421
v 0.116934 14.811245 32.954037
v -0.192911 14.006776 33.132393
v 0.151348 14.181339 33.301960
v 0.140034 14.455530 32.734554
v -0.800082 14.525640 33.866856
v 0.795655 14.533792 33.839844
v -0.272277 14.580588 32.944962
v -0.139562 14.694145 32.662083
v -0.244125 14.009058 32.675251
v -0.272277 14.580588 32.944962
v -0.192911 14.006776 33.132393
v 0.116934 14.811245 32.954037
v -0.192911 14.006776 33.132393
v -0.272277 14.580588 32.944962
v -0.244125 14.009058 32.675251
v 0.337360 13.879061 33.234737
v 0.504871 13.971545 33.309204
v 0.494869 13.716903 33.434200
v -0.460256 13.724319 33.450516
v 0.337360 13.879061 33.234737
v 0.494869 13.716903 33.434200
v 0.337360 13.879061 33.234737
v -0.460256 13.724319 33.450516
v -0.337360 13.879061 33.234737
v -0.758291 14.547966 32.121056
v -0.848854 14.039310 31.276922
v -0.800082 14.525640 33.866856
v 0.819588 14.131426 34.266304
v 0.795655 14.533792 32.916309
v 0.795655 14.533792 33.839844
v 0.795655 14.533792 32.916309
v 0.140034 14.455530 32.734554
v 0.795655 14.533792 33.839844
v -0.337360 13.879061 33.234737
v -0.460256 13.724319 33.450516
v -0.503980 13.971334 33.311928
v 0.337360 13.973484 31.385838
v 0.504871 13.971545 33.309204
v 0.337360 13.879061 33.234737
v -0.503980 13.971334 33.311928
v -0.337360 13.973484 31.385838
v -0.337360 13.879061 33.234737
v 0.140034 14.455530 32.734554
v 0.795655 14.533792 32.916309
v 0.795655 14.533792 32.012848
v -0.503980 13.971334 33.311928
v -0.749944 14.030108 34.322311
v -0.729819 13.989804 30.585623
v -0.337360 13.973484 31.385838
v -0.503980 13.971334 33.311928
v -0.729819 13.989804 30.585623
v -0.337360 13.879061 33.234737
v -0.337360 13.973484 31.385838
v -0.351221 13.884539 31.247993
v 0.369962 13.884596 31.280317
v -0.337360 13.879061 33.234737
v -0.351221 13.884539 31.247993
v 0.337360 13.973484 31.385838
v 0.337360 13.879061 33.234737
v 0.369962 13.884596 31.280317
v -0.337360 13.879061 33.234737
v 0.369962 13.884596 31.280317
v 0.337360 13.879061 33.234737
v -0.848854 14.039310 31.276922
v -0.837775 14.088692 34.268063
v -0.800082 14.525640 33.866856
v -0.800082 14.525640 33.866856
v -0.837775 14.088692 34.268063
v 0.819588 14.131426 34.266304
v 0.140034 14.455530 32.734554
v -0.024549 14.533792 32.012848
v -0.758291 14.547966 32.121056
v -0.024549 14.533792 32.012848
v 0.140034 14.455530 32.734554
v 0.795655 14.533792 32.012848
v 0.795655 14.533792 33.839844
v -0.800082 14.525640 33.866856
v 0.819588 14.131426 34.266304
v 0.795655 14.533792 32.012848
v 0.819588 14.131426 34.266304
v 0.825034 14.033070 31.285643
v 0.819588 14.131426 34.266304
v 0.795655 14.533792 32.012848
v 0.795655 14.533792 32.916309
v 0.971911 14.810138 6.685834
v 0.971911 14.810138 7.303506
v 1.135441 14.533789 7.303506
v 0.750559 13.973479 8.280849
v 0.750559 13.973479 4.583060
v 0.735549 14.025248 1.028745
v 0.337360 13.973481 5.524226
v 0.750559 13.973479 8.280849
v 0.370306 14.003594 8.306867
v 0.750559 13.973479 4.583060
v 0.750559 13.973479 8.280849
v 0.337360 13.973481 5.524226
v 1.081057 14.434906 6.327331
v -1.247829 14.610405 6.754257
v 0.971911 14.810138 6.685834
v 0.971911 14.810138 6.068038
v -1.267912 14.678265 6.002752
v 1.081057 14.434906 6.327331
v 1.081057 14.434906 6.327331
v -1.267912 14.678265 6.002752
v -1.247829 14.610405 6.754257
v 0.372233 13.900236 7.433176
v 0.337360 13.973481 5.524226
v 0.370306 14.003594 8.306867
v -0.323823 13.893239 7.428319
v 0.367600 13.884352 5.433423
v 0.372233 13.900236 7.433176
v -0.513075 13.948291 8.835190
v -0.337360 13.973481 5.524226
v -0.323823 13.893239 7.428319
v -0.733421 14.039708 1.031557
v -0.793969 14.161042 4.591949
v -0.513075 13.948291 8.835190
v 0.337360 13.973481 5.524226
v 0.372233 13.900236 7.433176
v 0.367600 13.884352 5.433423
v -0.733421 14.039708 1.031557
v -0.513075 13.948291 8.835190
v -0.724778 13.969400 11.447877
v 0.367600 13.884352 5.433423
v -0.323823 13.893239 7.428319
v -0.354882 13.885351 5.398615
v -0.323823 13.893239 7.428319
v -0.337360 13.973481 5.524226
v -0.354882 13.885351 5.398615
v -0.513075 13.948291 8.835190
v -0.793969 14.161042 4.591949
v -0.337360 13.973481 5.524226
v 0.971911 14.810138 5.450368
v 1.081057 14.434906 6.327331
v 1.135441 14.533789 5.450368
v 1.135441 14.533789 5.450368
v 1.081057 14.434906 6.327331
v 1.281512 14.270422 7.551267
v 1.281512 14.270422 7.551267
v 1.135441 14.533789 4.832572
v 1.135441 14.533789 5.450368
v 0.971911 14.810138 5.450368
v 0.971911 14.810138 6.068038
v 1.081057 14.434906 6.327331
v 0.750559 13.973479 4.583060
v 0.337360 13.973481 5.524226
v 0.337360 13.973480 4.583060
v -1.249187 14.606868 5.506257
v 0.971911 14.810138 5.450368
v 1.135441 14.533789 5.450368
v 1.135441 14.533789 4.832572
v -1.249187 14.606868 5.506257
v 1.135441 14.533789 5.450368
v 0.971911 14.810138 4.832572
v -1.152458 14.694139 4.778730
v 1.135441 14.533789 4.832572
v 1.135441 14.533789 4.832572
v -1.152458 14.694139 4.778730
v -1.249187 14.606868 5.506257
v 0.971911 14.810138 7.921302
v -0.971911 14.810138 8.538975
v 1.216927 14.594805 8.467836
v -0.971911 14.810138 8.538975
v 0.971911 14.810138 7.921302
v -1.249742 14.610024 7.989397
v -0.354882 13.885351 5.398615
v 0.337360 13.589779 5.240851
v 0.367600 13.884352 5.433423
v 0.735549 14.025248 1.028745
v 0.748629 14.029497 34.323013
v 0.750559 13.973479 8.280849
v 0.750559 13.973479 8.280849
v 0.337360 13.973482 9.222014
v 0.370306 14.003594 8.306867
v 0.337360 13.973480 4.583060
v 0.337360 13.973481 5.524226
v 0.367600 13.884352 5.433423
v 1.216927 14.594805 8.467836
v -1.135441 14.533789 8.538976
v -1.214745 14.614844 9.222871
v -1.135441 14.533789 8.538976
v 1.216927 14.594805 8.467836
v -0.971911 14.810138 8.538975
v 0.337360 13.589779 5.240851
v 0.337360 13.973480 4.583060
v 0.367600 13.884352 5.433423
v 0.337360 13.589779 5.240851
v -0.354882 13.885351 5.398615
v -0.337360 13.589779 5.240851
v -0.337360 13.589779 5.240851
v 0.304010 13.293204 5.465477
v 0.337360 13.589779 5.240851
v -0.337360 13.973481 5.524226
v -0.793969 14.161042 4.591949
v -0.354882 13.885351 5.398615
v -0.337360 13.589779 5.240851
v -0.354882 13.885351 5.398615
v -0.793969 14.161042 4.591949
v -0.882959 14.036678 11.087165
v -0.867481 14.035151 1.730682
v 0.882959 14.036678 11.087165
v 0.370306 14.003594 8.306867
v 0.337360 13.973482 9.222014
v 0.367658 13.884366 9.131232
v 0.337360 13.589780 8.938640
v 0.370306 14.003594 8.306867
v 0.367658 13.884366 9.131232
v -1.278537 14.266339 6.779673
v -1.247829 14.610405 6.754257
v -1.267912 14.678265 6.002752
v 0.971911 14.810138 7.921302
v 1.216927 14.594805 8.467836
v 1.135441 14.533789 7.921302
v 1.135441 14.533789 7.921302
v 1.216927 14.594805 8.467836
v 1.281512 14.270422 7.551267
v 0.882959 14.036678 11.087165
v 0.868939 14.034336 1.729456
v 1.281512 14.270422 7.551267
v 1.281512 14.270422 7.551267
v 1.135441 14.533789 7.303506
v 1.135441 14.533789 7.921302
v 1.281512 14.270422 7.551267
v 1.081057 14.434906 6.327331
v 1.135441 14.533789 7.303506
v 1.135441 14.533789 7.921302
v -1.249742 14.610024 7.989397
v 0.971911 14.810138 7.921302
v 1.135441 14.533789 7.303506
v -1.249742 14.610024 7.989397
v 1.135441 14.533789 7.921302
v 0.971911 14.810138 7.303506
v -1.287115 14.679694 7.210346
v 1.135441 14.533789 7.303506
v 1.135441 14.533789 7.303506
v -1.287115 14.679694 7.210346
v -1.249742 14.610024 7.989397
v 0.337360 13.589779 7.676522
v 0.370306 14.003594 8.306867
v 0.337360 13.589780 8.938640
v 0.370306 14.003594 8.306867
v 0.337360 13.589779 7.676522
v 0.372233 13.900236 7.433176
v -0.323823 13.893239 7.428319
v -0.270057 13.754891 7.593948
v -0.513075 13.948291 8.835190
v -0.513075 13.948291 8.835190
v -0.270057 13.754891 7.593948
v -0.337360 13.589780 8.938640
v 0.372233 13.900236 7.433176
v -0.270057 13.754891 7.593948
v -0.323823 13.893239 7.428319
v 0.882959 14.036678 11.087165
v -0.867481 14.035151 1.730682
v 0.868939 14.034336 1.729456
v 0.337360 13.589779 7.676522
v -0.270057 13.754891 7.593948
v 0.372233 13.900236 7.433176
v -1.249187 14.606868 5.506257
v -1.278537 14.266339 6.779673
v -1.267912 14.678265 6.002752
v -1.152458 14.694139 4.778730
v -1.278537 14.266339 6.779673
v -1.249187 14.606868 5.506257
v 0.971911 14.810138 4.214900
v -1.152458 14.694139 4.778730
v 0.971911 14.810138 4.832572
v -1.214745 14.614844 9.222871
v -1.277397 14.264569 10.567887
v -1.243258 14.681705 9.701888
v 0.971911 14.810138 4.214900
v -1.249686 14.610081 4.283175
v -1.152458 14.694139 4.778730
v 0.971911 14.810138 4.214900
v 1.135441 14.533789 4.832572
v 1.138635 14.479090 3.859088
v 1.138635 14.479090 3.859088
v 1.135441 14.533789 4.832572
v 1.281512 14.270422 7.551267
v 0.971911 14.810138 4.214900
v 0.971911 14.810138 4.832572
v 1.135441 14.533789 4.832572
v 1.138635 14.479090 3.859088
v -1.249686 14.610081 4.283175
v 0.971911 14.810138 4.214900
v 0.248047 13.699961 3.825569
v 0.337360 13.973480 4.583060
v 0.337360 13.589779 5.240851
v -1.135441 14.533789 8.538976
v -1.277397 14.264569 10.567887
v -1.214745 14.614844 9.222871
v -1.278537 14.266339 6.779673
v -0.882959 14.036678 11.087165
v -1.277397 14.264569 10.567887
v -1.249742 14.610024 7.989397
v -1.135441 14.533789 8.538976
v -0.971911 14.810138 8.538975
v 0.304010 13.293204 5.465477
v 0.634502 13.082521 4.572364
v 0.337360 13.589779 5.240851
v 0.337360 13.589779 5.240851
v 0.634502 13.082521 4.572364
v 0.248047 13.699961 3.825569
v -1.277397 14.264569 10.567887
v -1.135441 14.533789 8.538976
v -1.278537 14.266339 6.779673
v 0.971911 14.810138 6.685834
v 1.135441 14.533789 7.303506
v 1.081057 14.434906 6.327331
v 0.971911 14.810138 5.450368
v -1.249187 14.606868 5.506257
v -1.267912 14.678265 6.002752
v 0.971911 14.810138 5.450368
v -1.267912 14.678265 6.002752
v 0.971911 14.810138 6.068038
v 0.971911 14.810138 6.685834
v -1.247829 14.610405 6.754257
v -1.287115 14.679694 7.210346
v -1.249742 14.610024 7.989397
v -1.278537 14.266339 6.779673
v -1.135441 14.533789 8.538976
v -0.867481 14.035151 1.730682
v -0.882959 14.036678 11.087165
v -1.278537 14.266339 6.779673
v -1.278537 14.266339 6.779673
v -1.249742 14.610024 7.989397
v -1.287115 14.679694 7.210346
v 0.971911 14.810138 6.685834
v -1.287115 14.679694 7.210346
v 0.971911 14.810138 7.303506
v -1.247829 14.610405 6.754257
v -1.278537 14.266339 6.779673
v -1.287115 14.679694 7.210346
v -0.749944 14.030108 34.322311
v -0.733421 14.039708 1.031557
v -0.724778 13.969400 11.447877
v -0.337360 13.973480 3.677815
v -0.375873 13.893545 1.983796
v -0.372702 13.888651 3.746265
v -0.337360 13.589779 5.240851
v -0.283237 13.476835 3.841141
v -0.662212 13.038025 4.602491
v -0.372702 13.888651 3.746265
v 0.412422 13.893974 2.007058
v 0.317611 13.922496 3.768065
v 0.317611 13.922496 3.768065
v 0.412422 13.893974 2.007058
v 0.517436 13.969928 1.788679
v 0.412422 13.893974 2.007058
v -0.372702 13.888651 3.746265
v -0.375873 13.893545 1.983796
v -0.337360 13.973480 3.677815
v -0.463846 14.089023 1.748540
v -0.375873 13.893545 1.983796
v 0.971911 14.810138 2.979435
v -0.971911 14.810138 2.979435
v -1.173257 14.699686 3.562724
v 0.271028 14.507443 2.291809
v -0.350014 14.756218 2.359832
v -1.136206 14.505542 1.645588
v -1.249686 14.610081 4.283175
v -1.278537 14.266339 6.779673
v -1.152458 14.694139 4.778730
v -1.278537 14.266339 6.779673
v -1.249686 14.610081 4.283175
v -1.173257 14.699686 3.562724
v 0.971911 14.810138 2.979435
v -1.173257 14.699686 3.562724
v 0.971911 14.810138 3.597105
v -1.173257 14.699686 3.562724
v -0.971911 14.810138 2.979435
v -1.135441 14.533789 2.979435
v -1.278537 14.266339 6.779673
v -1.173257 14.699686 3.562724
v -1.135441 14.533789 2.979435
v 0.271028 14.507443 2.291809
v -1.136206 14.505542 1.645588
v 1.156720 14.493881 1.882790
v 1.292755 14.656835 2.507905
v 0.271028 14.507443 2.291809
v 1.156720 14.493881 1.882790
v 1.187220 14.913856 1.880885
v 0.271028 14.507443 2.291809
v 1.156720 14.493881 1.882790
v -1.135441 14.533789 2.979435
v -1.277044 14.263051 1.727559
v -1.278537 14.266339 6.779673
v -0.733421 14.039708 1.031557
v -0.598868 13.252240 1.444163
v -0.473046 13.857590 1.497722
v -0.733421 14.039708 1.031557
v -0.473046 13.857590 1.497722
v -0.463846 14.089023 1.748540
v -0.473046 13.857590 1.497722
v -0.598868 13.252240 1.444163
v -0.331374 13.383759 1.873305
v -0.473046 13.857590 1.497722
v -0.331374 13.383759 1.873305
v -0.375873 13.893545 1.983796
v -0.375873 13.893545 1.983796
v -0.463846 14.089023 1.748540
v -0.473046 13.857590 1.497722
v 0.288537 13.412271 1.864176
v -0.375873 13.893545 1.983796
v -0.331374 13.383759 1.873305
v -0.375873 13.893545 1.983796
v 0.288537 13.412271 1.864176
v 0.412422 13.893974 2.007058
v 0.473045 13.857590 1.497722
v 0.288537 13.412271 1.864176
v 0.594934 13.263910 1.454969
v 0.288537 13.412271 1.864176
v 0.473045 13.857590 1.497722
v 0.412422 13.893974 2.007058
v 0.412422 13.893974 2.007058
v 0.473045 13.857590 1.497722
v 0.517436 13.969928 1.788679
v -1.135441 14.533789 2.979435
v -1.135441 14.533788 1.727559
v -1.277044 14.263051 1.727559
v -1.278537 14.266339 6.779673
v -1.277044 14.263051 1.727559
v -0.867481 14.035151 1.730682
v -1.277044 14.263051 1.727559
v 1.277044 14.263051 1.727559
v -0.867481 14.035151 1.730682
v 1.277044 14.263051 1.727559
v -1.277044 14.263051 1.727559
v -1.135441 14.533788 1.727559
v 1.135441 14.533788 1.727559
v -1.135441 14.533789 2.979435
v 1.135441 14.533789 2.979435
v 1.135441 14.533789 2.979435
v -1.135441 14.533789 2.979435
v -0.971911 14.810138 2.979435
v 1.135441 14.533789 2.979435
v -0.971911 14.810138 2.979435
v 0.971911 14.810138 2.979435
v 1.156720 14.493881 1.882790
v 0.271028 14.507443 2.291809
v 1.292755 14.656835 2.507905
v 1.281512 14.270422 7.551267
v 1.277044 14.263051 1.727559
v 1.135441 14.533789 2.979435
v 0.971911 14.810138 2.979435
v 0.971911 14.810138 3.597105
v 1.138635 14.479090 3.859088
v 1.138635 14.479090 3.859088
v 1.281512 14.270422 7.551267
v 1.135441 14.533789 2.979435
v 0.971911 14.810138 2.979435
v 1.138635 14.479090 3.859088
v 1.135441 14.533789 2.979435
v -0.463846 14.089023 1.748540
v -0.337360 13.973480 3.677815
v -0.793969 14.161042 4.591949
v -0.733421 14.039708 1.031557
v -0.463846 14.089023 1.748540
v -0.793969 14.161042 4.591949
v -0.337360 13.973480 3.677815
v -0.372702 13.888651 3.746265
v -0.793969 14.161042 4.591949
v -0.372702 13.888651 3.746265
v 0.248047 13.699961 3.825569
v -0.283237 13.476835 3.841141
v -0.372702 13.888651 3.746265
v 0.317611 13.922496 3.768065
v 0.248047 13.699961 3.825569
v 0.248047 13.699961 3.825569
v 0.317611 13.922496 3.768065
v 0.337360 13.973480 4.583060
v -0.283237 13.476835 3.841141
v -0.793969 14.161042 4.591949
v -0.372702 13.888651 3.746265
v -0.793969 14.161042 4.591949
v -0.283237 13.476835 3.841141
v -0.337360 13.589779 5.240851
v 1.138635 14.479090 3.859088
v -1.173257 14.699686 3.562724
v -1.249686 14.610081 4.283175
v 0.971911 14.810138 3.597105
v -1.173257 14.699686 3.562724
v 1.138635 14.479090 3.859088
v 1.135441 14.533788 1.727559
v -1.135441 14.533788 1.727559
v -1.135441 14.533789 2.979435
v -0.867481 14.035151 1.730682
v 1.277044 14.263051 1.727559
v 0.868939 14.034336 1.729456
v 1.277044 14.263051 1.727559
v -1.135441 14.533788 1.727559
v 1.135441 14.533788 1.727559
v 0.517436 13.969928 1.788679
v 0.750559 13.973479 4.583060
v 0.317611 13.922496 3.768065
v 1.281512 14.270422 7.551267
v 0.868939 14.034336 1.729456
v 1.277044 14.263051 1.727559
v 1.135441 14.533788 1.727559
v 1.135441 14.533789 2.979435
v 1.277044 14.263051 1.727559
v 0.750559 13.973479 4.583060
v 0.517436 13.969928 1.788679
v 0.735549 14.025248 1.028745
v 0.750559 13.973479 4.583060
v 0.337360 13.973480 4.583060
v 0.317611 13.922496 3.768065
v -1.884473 12.487396 13.669433
v -1.884589 9.694053 13.186178
v -2.220548 9.634714 14.846974
v 1.565354 12.770996 6.755373
v 1.565348 12.771002 14.142333
v 1.904895 12.475866 11.611254
v 1.565354 12.770996 6.755373
v 1.904895 12.475866 11.611254
v 1.884589 12.486189 7.132490
v 1.880918 10.442580 7.270289
v 1.884589 12.486189 7.132490
v 1.904895 12.475866 11.611254
v 1.904895 12.475866 11.611254
v 1.894860 9.721793 11.655533
v 1.880918 10.442580 7.270289
v 0.337360 13.589780 11.374310
v 0.717268 13.137162 11.979899
v 0.368114 13.285116 11.139067
v 0.368114 13.285116 11.139067
v 0.717268 13.137162 11.979899
v 0.253141 13.152273 9.345244
v -0.730233 13.144776 11.980922
v -0.253653 13.758230 11.293242
v -0.337360 13.385230 11.289582
v -0.341479 13.221519 11.129170
v -0.730233 13.144776 11.980922
v -0.337360 13.385230 11.289582
v 0.368114 13.285116 11.139067
v -0.337360 13.385230 11.289582
v 0.337360 13.589780 11.374310
v 0.368114 13.285116 11.139067
v -0.341479 13.221519 11.129170
v -0.337360 13.385230 11.289582
v -0.642177 13.088758 8.295251
v -0.730233 13.144776 11.980922
v -0.341479 13.221519 11.129170
v 1.260581 12.910917 1.042449
v 0.746159 13.002886 1.067213
v 1.252173 12.914989 34.187138
v 0.253141 13.152273 9.345244
v 0.717268 13.137162 11.979899
v 0.640619 13.097513 8.282522
v 1.257245 12.793915 38.086796
v 1.260581 12.910917 1.042449
v 1.252173 12.914989 34.187138
v -0.337360 13.589780 12.636428
v 0.289880 13.295709 12.864678
v 0.337360 13.589780 12.636428
v 0.295743 13.295067 9.164914
v 0.368114 13.285116 11.139067
v 0.253141 13.152273 9.345244
v 0.368114 13.285116 11.139067
v -0.400553 13.275004 9.137604
v -0.341479 13.221519 11.129170
v -0.400553 13.275004 9.137604
v 0.368114 13.285116 11.139067
v 0.295743 13.295067 9.164914
v -0.341479 13.221519 11.129170
v -0.400553 13.275004 9.137604
v -0.642177 13.088758 8.295251
v 2.255868 12.154953 12.568383
v 1.894860 9.721793 11.655533
v 1.904895 12.475866 11.611254
v -1.565350 12.771000 15.682696
v -1.565354 12.770996 6.755373
v -1.884473 12.487396 13.669433
v 0.640619 13.097513 8.282522
v 0.717268 13.137162 11.979899
v 0.746159 13.002886 1.067213
v 1.565348 12.771002 14.142333
v 2.255868 12.154953 12.568383
v 1.904895 12.475866 11.611254
v -1.565354 12.770996 6.755373
v 1.565348 12.771002 14.142333
v 1.565354 12.770996 6.755373
v 0.295743 13.295067 9.164914
v -0.337360 13.589780 8.938640
v -0.400553 13.275004 9.137604
v 0.295743 13.295067 9.164914
v 0.640619 13.097513 8.282522
v 0.337360 13.589780 8.938640
v 0.746159 13.002886 1.067213
v 0.757241 12.994558 33.729450
v 1.252173 12.914989 34.187138
v 0.757241 12.994558 33.729450
v 0.746159 13.002886 1.067213
v 0.695861 13.123813 15.677227
v 0.253141 13.152273 9.345244
v 0.640619 13.097513 8.282522
v 0.295743 13.295067 9.164914
v -0.400553 13.275004 9.137604
v -0.337360 13.589780 8.938640
v -0.642177 13.088758 8.295251
v 0.640619 13.097513 8.282522
v 0.337360 13.589779 7.676522
v 0.337360 13.589780 8.938640
v 0.337360 13.589779 7.676522
v 0.640619 13.097513 8.282522
v 0.372954 13.285336 7.445579
v -0.270057 13.754891 7.593948
v 0.337360 13.589779 7.676522
v -0.337360 13.385229 7.591794
v 0.372954 13.285336 7.445579
v 0.640619 13.097513 8.282522
v 0.265977 13.157222 5.666504
v -0.337360 13.589780 8.938640
v 0.295743 13.295067 9.164914
v 0.337360 13.589780 8.938640
v -0.253653 13.758230 11.293242
v 0.337360 13.589780 11.374310
v -0.337360 13.385230 11.289582
v -0.270057 13.754891 7.593948
v -0.642177 13.088758 8.295251
v -0.337360 13.589780 8.938640
v -0.642177 13.088758 8.295251
v -0.270057 13.754891 7.593948
v -0.337360 13.385229 7.591794
v -0.338634 13.226437 7.430736
v -0.642177 13.088758 8.295251
v -0.337360 13.385229 7.591794
v 0.372954 13.285336 7.445579
v -0.337360 13.385229 7.591794
v 0.337360 13.589779 7.676522
v 0.372954 13.285336 7.445579
v -0.338634 13.226437 7.430736
v -0.337360 13.385229 7.591794
v -1.884473 12.487396 13.669433
v -1.565354 12.770996 6.755373
v -1.884589 12.486189 7.132490
v -1.884473 12.487396 13.669433
v -1.884589 12.486189 7.132490
v -1.884578 10.434391 7.167165
v -1.884578 10.434391 7.167165
v -1.884589 9.694053 13.186178
v -1.884473 12.487396 13.669433
v 0.246080 13.151884 13.063394
v 0.695861 13.123813 15.677227
v 0.717268 13.137162 11.979899
v 0.717268 13.137162 11.979899
v 0.695861 13.123813 15.677227
v 0.746159 13.002886 1.067213
v 0.289880 13.295709 12.864678
v 0.369410 13.285184 14.837941
v 0.246080 13.151884 13.063394
v 0.265977 13.157222 5.666504
v 0.640619 13.097513 8.282522
v 0.634502 13.082521 4.572364
v -0.394888 13.275427 12.843784
v 0.369410 13.285184 14.837941
v 0.289880 13.295709 12.864678
v 0.304010 13.293204 5.465477
v 0.372954 13.285336 7.445579
v 0.265977 13.157222 5.666504
v 0.372954 13.285336 7.445579
v -0.404391 13.274895 5.428878
v -0.338634 13.226437 7.430736
v -0.662212 13.038025 4.602491
v -0.642177 13.088758 8.295251
v -0.338634 13.226437 7.430736
v 0.289880 13.295709 12.864678
v -0.337360 13.589780 12.636428
v -0.394888 13.275427 12.843784
v 0.289880 13.295709 12.864678
v 0.717268 13.137162 11.979899
v 0.337360 13.589780 12.636428
v 0.246080 13.151884 13.063394
v 0.717268 13.137162 11.979899
v 0.289880 13.295709 12.864678
v 0.717268 13.137162 11.979899
v 0.337360 13.589780 11.374310
v 0.337360 13.589780 12.636428
v -0.394888 13.275427 12.843784
v -0.337360 13.589780 12.636428
v -0.730233 13.144776 11.980922
v -0.730233 13.144776 11.980922
v -0.286295 13.203369 14.784074
v -0.394888 13.275427 12.843784
v -0.253653 13.758230 11.293242
v -0.730233 13.144776 11.980922
v -0.337360 13.589780 12.636428
v 1.565348 12.771002 14.142333
v -1.565354 12.770996 6.755373
v -1.565350 12.771000 15.682696
v -0.404391 13.274895 5.428878
v 0.372954 13.285336 7.445579
v 0.304010 13.293204 5.465477
v -0.338634 13.226437 7.430736
v -0.404391 13.274895 5.428878
v -0.662212 13.038025 4.602491
v -1.884578 10.434391 7.167165
v -1.884589 12.486189 7.132490
v -2.075736 12.315657 6.384124
v -1.565354 12.770996 6.755373
v -2.075736 12.315657 6.384124
v -1.884589 12.486189 7.132490
v -0.404391 13.274895 5.428878
v -0.337360 13.589779 5.240851
v -0.662212 13.038025 4.602491
v 0.265977 13.157222 5.666504
v 0.634502 13.082521 4.572364
v 0.304010 13.293204 5.465477
v 0.304010 13.293204 5.465477
v -0.337360 13.589779 5.240851
v -0.404391 13.274895 5.428878
v 0.634502 13.082521 4.572364
v 0.640619 13.097513 8.282522
v 0.746159 13.002886 1.067213
v 0.748629 14.029497 34.323013
v 0.765694 14.067289 36.862442
v 0.750559 12.998736 36.449703
v 1.100403 12.981362 34.923962
v 1.168095 14.351650 33.746746
v 1.141739 15.086147 34.947048
v 0.855455 14.923923 34.222824
v 0.853170 14.378351 33.654819
v 0.864695 14.370928 34.217354
v 0.541005 13.399471 33.470238
v 0.757241 12.994558 33.729450
v 0.575128 13.172153 33.543915
v 0.827503 14.325379 34.944344
v 1.100403 12.981362 34.923962
v 1.141739 15.086147 34.947048
v 0.853170 14.378351 33.654819
v 0.855455 12.998726 34.944283
v 0.864695 14.370928 34.217354
v 0.504871 13.971545 33.309204
v 0.748629 14.029497 34.323013
v 0.494869 13.716903 33.434200
v 1.274260 13.113159 34.984123
v 1.232909 14.548573 34.971428
v 1.267350 13.883589 35.195534
v -0.992052 14.733716 35.006721
v 0.993713 14.734299 35.002636
v 1.232909 14.548573 34.971428
v -0.872065 14.346502 34.197121
v -0.860481 14.900237 34.239388
v 0.864695 14.370928 34.217354
v 1.269560 14.550078 35.806271
v 1.267350 13.883589 35.195534
v 1.232909 14.548573 34.971428
v 0.993713 14.734299 35.002636
v 1.269560 14.550078 35.806271
v 1.232909 14.548573 34.971428
v 1.269560 14.550078 35.806271
v 0.993713 14.734299 35.002636
v 1.040101 14.678441 36.047333
v 1.252173 12.914989 34.187138
v 0.750559 12.998726 34.283848
v 0.750559 12.998736 36.449703
v -0.860481 14.900237 34.239388
v 0.960525 15.207315 33.592300
v 0.855455 14.923923 34.222824
v 0.864695 14.370928 34.217354
v -0.860481 14.900237 34.239388
v 0.855455 14.923923 34.222824
v 1.141739 15.086147 34.947048
v 1.168095 14.351650 33.746746
v 1.124653 15.545824 33.561134
v -1.044280 15.258194 35.098667
v 1.021931 15.192851 34.946381
v 0.919627 15.751465 35.110859
v 1.021931 15.192851 34.946381
v 1.022525 15.630788 33.634483
v 0.919627 15.751465 35.110859
v 1.040101 14.678441 36.047333
v -0.992052 14.733716 35.006721
v -1.045771 14.656817 36.016529
v -0.992052 14.733716 35.006721
v 1.040101 14.678441 36.047333
v 0.993713 14.734299 35.002636
v 1.124653 15.545824 33.561134
v 1.168095 14.351650 33.746746
v 0.960525 15.207315 33.592300
v 0.642227 13.095648 30.465876
v 0.575128 13.172153 33.543915
v 0.757241 12.994558 33.729450
v 0.853170 14.378351 33.654819
v 0.855455 14.923923 34.222824
v 0.960525 15.207315 33.592300
v 0.853170 14.378351 33.654819
v 0.856054 13.014570 30.523884
v 0.855455 12.998726 34.944283
v 0.960525 15.207315 33.592300
v 1.168095 14.351650 33.746746
v 0.853170 14.378351 33.654819
v 1.100403 12.981362 34.923962
v 0.827503 14.325379 34.944344
v 0.855455 12.998726 34.944283
v 0.750559 12.998726 34.283848
v 0.748629 14.029497 34.323013
v 0.750559 12.998736 36.449703
v 1.274260 13.113159 34.984123
v 1.249775 12.952203 34.202236
v 1.270117 13.591439 34.272022
v 0.748629 14.029497 34.323013
v 0.541005 13.399471 33.470238
v 0.494869 13.716903 33.434200
v 0.748629 14.029497 34.323013
v 0.750559 12.998726 34.283848
v 0.541005 13.399471 33.470238
v 0.750559 12.998726 34.283848
v 1.252173 12.914989 34.187138
v 0.757241 12.994558 33.729450
v 0.541005 13.399471 33.470238
v 0.750559 12.998726 34.283848
v 0.757241 12.994558 33.729450
v 1.135441 14.533791 18.422707
v -1.135441 14.533791 18.422707
v -1.249143 14.609746 19.107471
v -1.135441 14.533791 18.422707
v 0.971911 14.810140 18.422707
v -0.971911 14.810140 18.422707
v 0.971911 14.810140 18.422707
v -1.135441 14.533791 18.422707
v 1.135441 14.533791 18.422707
v 0.337360 13.973483 16.617590
v 0.750559 13.973481 19.374214
v 0.371815 14.004975 19.402914
v 0.750559 13.973481 19.374214
v 0.750559 13.973481 15.676426
v 0.748629 14.029497 34.323013
v 0.971911 14.810140 17.805037
v 0.971911 14.810140 18.422707
v 1.135441 14.533791 18.422707
v -0.628663 13.998965 19.429064
v -0.337360 13.973483 16.617590
v -0.402605 13.904601 18.538376
v -0.749944 14.030108 34.322311
v -0.732235 13.961936 15.142817
v -0.628663 13.998965 19.429064
v -0.732235 13.961936 15.142817
v -0.724778 13.969400 11.447877
v -0.337360 13.973482 12.919803
v -0.337360 13.879058 14.782823
v -0.337360 13.973482 12.919803
v -0.301954 13.889453 12.682518
v 0.367686 13.884303 12.828254
v -0.337360 13.879058 14.782823
v -0.301954 13.889453 12.682518
v 0.253119 13.957245 13.893883
v 0.372352 13.900234 14.828420
v 0.367686 13.884303 12.828254
v -0.337360 13.973482 12.919803
v -0.337360 13.879058 14.782823
v -0.732235 13.961936 15.142817
v -0.337360 13.879058 14.782823
v 0.367686 13.884303 12.828254
v 0.372352 13.900234 14.828420
v 0.971911 14.810140 17.805037
v 1.135441 14.533791 18.422707
v 1.097537 14.428173 17.442072
v 1.277044 14.263054 18.886023
v 1.277044 14.263053 17.341721
v 1.097537 14.428173 17.442072
v 0.882959 14.036679 16.801182
v 1.277044 14.263053 17.341721
v 1.277044 14.263054 18.886023
v 0.971911 14.810139 14.098640
v -1.135441 14.533789 14.098641
v -0.971911 14.810139 14.098640
v 1.131297 14.449359 13.736127
v -1.135441 14.533789 14.098641
v 0.971911 14.810139 14.098640
v 1.135441 14.533790 16.569572
v 1.097537 14.428173 17.442072
v 1.277044 14.263053 17.341721
v 0.971911 14.810140 16.569572
v 0.971911 14.810140 17.187241
v 1.097537 14.428173 17.442072
v 1.277044 14.263052 13.326457
v 0.882959 14.036679 16.801182
v 0.882959 14.036678 11.087165
v 0.750559 13.973481 15.676426
v 0.750559 13.973481 19.374214
v 0.337360 13.973483 16.617590
v -1.135441 14.533790 17.805037
v 0.971911 14.810140 17.805037
v 1.097537 14.428173 17.442072
v 1.277044 14.263053 15.179626
v 1.277044 14.263052 13.326457
v 1.131297 14.449359 13.736127
v 0.971911 14.810139 14.098640
v 1.135441 14.533790 14.716310
v 1.131297 14.449359 13.736127
v 0.971911 14.810140 17.805037
v -1.135441 14.533790 17.805037
v -0.971911 14.810140 17.805037
v -1.233026 14.643373 17.135120
v 1.097537 14.428173 17.442072
v 0.971911 14.810140 17.187241
v -0.971911 14.810139 14.098640
v 0.971911 14.810140 14.716309
v 0.971911 14.810139 14.098640
v -1.135441 14.533789 14.098641
v -1.277235 14.263874 16.526224
v -1.210504 14.616784 14.645321
v -1.277235 14.263874 16.526224
v -1.231845 14.683887 15.432522
v -1.210504 14.616784 14.645321
v -1.231845 14.683887 15.432522
v -1.277235 14.263874 16.526224
v -1.163090 14.611492 15.891444
v -1.163090 14.611492 15.891444
v -1.277235 14.263874 16.526224
v -1.283796 14.693241 16.656008
v -0.749944 14.030108 34.322311
v -0.724778 13.969400 11.447877
v -0.732235 13.961936 15.142817
v -0.256046 13.757960 14.990522
v -0.732235 13.961936 15.142817
v -0.337360 13.879058 14.782823
v 0.372352 13.900234 14.828420
v -0.256046 13.757960 14.990522
v -0.337360 13.879058 14.782823
v -0.885717 14.036599 18.768625
v 0.882959 14.036678 11.087165
v 0.882959 14.036679 16.801182
v -0.732235 13.961936 15.142817
v -0.256046 13.757960 14.990522
v -0.300228 13.889832 16.378603
v 0.337360 13.589781 15.072099
v -0.256046 13.757960 14.990522
v 0.372352 13.900234 14.828420
v 0.337360 13.973483 15.676425
v 0.337360 13.589781 15.072099
v 0.372352 13.900234 14.828420
v 0.372352 13.900234 14.828420
v 0.253119 13.957245 13.893883
v 0.337360 13.973483 15.676425
v -1.210504 14.616784 14.645321
v 1.135441 14.533790 15.334104
v 1.135441 14.533790 14.716310
v -1.210504 14.616784 14.645321
v 1.135441 14.533790 14.716310
v 0.971911 14.810140 14.716309
v 1.135441 14.533790 15.334104
v -1.210504 14.616784 14.645321
v -1.231845 14.683887 15.432522
v 1.135441 14.533790 15.334104
v -1.231845 14.683887 15.432522
v 0.971911 14.810140 15.334103
v 1.277044 14.263054 18.886023
v 1.097537 14.428173 17.442072
v 1.135441 14.533791 18.422707
v 0.337360 13.973483 15.676425
v 0.253119 13.957245 13.893883
v 0.750559 13.973481 15.676426
v 0.971911 14.810139 14.098640
v 0.971911 14.810140 14.716309
v 1.135441 14.533790 14.716310
v 1.277044 14.263053 15.179626
v 1.131297 14.449359 13.736127
v 1.135441 14.533790 14.716310
v 0.882959 14.036679 16.801182
v 1.277044 14.263052 13.326457
v 1.277044 14.263053 15.179626
v 1.277044 14.263053 15.179626
v 1.135441 14.533790 14.716310
v 1.135441 14.533790 15.334104
v 1.135441 14.533790 15.334104
v 1.135441 14.533790 15.951777
v 1.277044 14.263053 15.179626
v 0.971911 14.810140 15.334103
v 1.135441 14.533790 15.951777
v 1.135441 14.533790 15.334104
v -0.300228 13.889832 16.378603
v -0.256046 13.757960 14.990522
v -0.337360 13.589781 16.334215
v -0.732235 13.961936 15.142817
v -0.300228 13.889832 16.378603
v -0.337360 13.973483 16.617590
v 0.337360 13.589781 15.072099
v 0.337360 13.973483 15.676425
v 0.337360 13.589781 16.334215
v 0.337360 13.589781 16.334215
v 0.337360 13.973483 15.676425
v 0.367582 13.884321 16.526451
v 0.337360 13.589781 16.334215
v -0.300228 13.889832 16.378603
v -0.337360 13.589781 16.334215
v -0.300228 13.889832 16.378603
v 0.337360 13.589781 16.334215
v 0.367582 13.884321 16.526451
v 0.337360 13.973483 15.676425
v 0.337360 13.973483 16.617590
v 0.367582 13.884321 16.526451
v -1.163090 14.611492 15.891444
v 1.135441 14.533790 16.569572
v 1.135441 14.533790 15.951777
v -1.163090 14.611492 15.891444
v 1.135441 14.533790 15.951777
v 0.971911 14.810140 15.951777
v 1.135441 14.533790 16.569572
v -1.163090 14.611492 15.891444
v -1.283796 14.693241 16.656008
v 1.135441 14.533790 16.569572
v -1.283796 14.693241 16.656008
v 0.971911 14.810140 16.569572
v 0.750559 13.973481 15.676426
v 0.337360 13.973483 16.617590
v 0.337360 13.973483 15.676425
v 0.971911 14.810140 15.334103
v 0.971911 14.810140 15.951777
v 1.135441 14.533790 15.951777
v 1.135441 14.533790 15.951777
v 1.277044 14.263053 17.341721
v 1.277044 14.263053 15.179626
v 0.882959 14.036679 16.801182
v 1.277044 14.263053 15.179626
v 1.277044 14.263053 17.341721
v 1.097537 14.428173 17.442072
v -1.233026 14.643373 17.135120
v -1.135441 14.533790 17.805037
v 0.372457 13.900244 18.526340
v 0.337360 13.973483 16.617590
v 0.371815 14.004975 19.402914
v -0.402605 13.904601 18.538376
v 0.367582 13.884321 16.526451
v 0.372457 13.900244 18.526340
v 0.337360 13.973483 16.617590
v 0.372457 13.900244 18.526340
v 0.367582 13.884321 16.526451
v 0.367582 13.884321 16.526451
v -0.402605 13.904601 18.538376
v -0.300228 13.889832 16.378603
v -0.402605 13.904601 18.538376
v -0.337360 13.973483 16.617590
v -0.300228 13.889832 16.378603
v -0.628663 13.998965 19.429064
v -0.732235 13.961936 15.142817
v -0.337360 13.973483 16.617590
v -1.210504 14.616784 14.645321
v -0.971911 14.810139 14.098640
v -1.135441 14.533789 14.098641
v 0.971911 14.810140 17.187241
v -1.283796 14.693241 16.656008
v -1.233026 14.643373 17.135120
v -1.277044 14.263054 18.886023
v -1.249143 14.609746 19.107471
v -1.135441 14.533791 18.422707
v 0.971911 14.810140 17.805037
v -0.971911 14.810140 17.805037
v -0.971911 14.810140 18.422707
v 0.971911 14.810140 17.805037
v -0.971911 14.810140 18.422707
v 0.971911 14.810140 18.422707
v -1.135441 14.533790 17.805037
v -1.277044 14.263054 18.886023
v -1.135441 14.533791 18.422707
v -0.971911 14.810140 17.805037
v -1.135441 14.533791 18.422707
v -0.971911 14.810140 18.422707
v -1.135441 14.533791 18.422707
v -0.971911 14.810140 17.805037
v -1.135441 14.533790 17.805037
v -1.277235 14.263874 16.526224
v -1.277044 14.263054 18.886023
v -1.135441 14.533790 17.805037
v -0.885717 14.036599 18.768625
v -1.277044 14.263054 18.886023
v -1.277235 14.263874 16.526224
v -1.277235 14.263874 16.526224
v -1.135441 14.533790 17.805037
v -1.233026 14.643373 17.135120
v -1.283796 14.693241 16.656008
v -1.277235 14.263874 16.526224
v -1.233026 14.643373 17.135120
v -1.283796 14.693241 16.656008
v 0.971911 14.810140 17.187241
v 0.971911 14.810140 16.569572
v 0.971911 14.810140 15.951777
v -1.231845 14.683887 15.432522
v -1.163090 14.611492 15.891444
v -1.231845 14.683887 15.432522
v 0.971911 14.810140 15.951777
v 0.971911 14.810140 15.334103
v 0.971911 14.810140 14.716309
v -0.971911 14.810139 14.098640
v -1.210504 14.616784 14.645321
v 0.971911 14.810140 16.569572
v 1.097537 14.428173 17.442072
v 1.135441 14.533790 16.569572
v 1.277044 14.263053 17.341721
v 1.135441 14.533790 15.951777
v 1.135441 14.533790 16.569572

vt 0.478516 0.963898
vt 0.462891 0.960632
vt 0.477051 0.960419
vt 0.477051 0.960419
vt 0.462402 0.952911
vt 0.477295 0.952789
vt 0.463379 0.946228
vt 0.447510 0.944183
vt 0.446289 0.939453
vt 0.469482 0.950775
vt 0.463379 0.946228
vt 0.478516 0.945435
vt 0.445801 0.955444
vt 0.463379 0.965302
vt 0.446289 0.963257
vt 0.462891 0.960632
vt 0.447021 0.953094
vt 0.462402 0.952911
vt 0.447510 0.944183
vt 0.462402 0.952911
vt 0.447021 0.953094
vt 0.447510 0.944183
vt 0.463379 0.946228
vt 0.469482 0.950775
vt 0.447510 0.944183
vt 0.469482 0.950775
vt 0.462402 0.952911
vt 0.469482 0.950775
vt 0.477295 0.952789
vt 0.462402 0.952911
vt 0.477051 0.960419
vt 0.462891 0.960632
vt 0.462402 0.952911
vt 0.473389 0.646240
vt 0.486328 0.657715
vt 0.487549 0.664307
vt 0.484131 0.670166
vt 0.473389 0.646240
vt 0.487549 0.664307
vt 0.477783 0.969391
vt 0.493896 0.963348
vt 0.476318 0.975998
vt 0.476318 0.975998
vt 0.493896 0.963348
vt 0.495361 0.971848
vt 0.478516 0.963898
vt 0.493896 0.963348
vt 0.477783 0.969391
vt 0.477051 0.960419
vt 0.494385 0.955566
vt 0.478516 0.963898
vt 0.477783 0.981644
vt 0.495361 0.971848
vt 0.495117 0.975159
vt 0.488525 0.657959
vt 0.487549 0.664307
vt 0.486328 0.657715
vt 0.473389 0.646240
vt 0.484131 0.670166
vt 0.483154 0.679443
vt 0.492676 0.944305
vt 0.478516 0.945435
vt 0.494141 0.939575
vt 0.483154 0.679443
vt 0.484131 0.670166
vt 0.487061 0.676758
vt 0.492676 0.953125
vt 0.477051 0.960419
vt 0.477295 0.952789
vt 0.478516 0.945435
vt 0.492676 0.944305
vt 0.469482 0.950775
vt 0.469482 0.950775
vt 0.492676 0.944305
vt 0.477295 0.952789
vt 0.478516 0.963898
vt 0.494385 0.955566
vt 0.493896 0.963348
vt 0.494385 0.955566
vt 0.477051 0.960419
vt 0.492676 0.953125
vt 0.477295 0.952789
vt 0.492676 0.944305
vt 0.492676 0.953125
vt 0.487061 0.676758
vt 0.484131 0.670166
vt 0.487549 0.670166
vt 0.478516 0.963898
vt 0.463379 0.965302
vt 0.462891 0.960632
vt 0.461670 0.969345
vt 0.476318 0.975998
vt 0.462646 0.975876
vt 0.463379 0.965302
vt 0.478516 0.963898
vt 0.477783 0.969391
vt 0.476318 0.975998
vt 0.461670 0.969345
vt 0.477783 0.969391
vt 0.463379 0.965302
vt 0.477783 0.969391
vt 0.461670 0.969345
vt 0.445801 0.955444
vt 0.462891 0.960632
vt 0.463379 0.965302
vt 0.446777 0.933716
vt 0.463379 0.946228
vt 0.446289 0.939453
vt 0.446289 0.963257
vt 0.462646 0.975876
vt 0.445068 0.971756
vt 0.446289 0.963257
vt 0.461670 0.969345
vt 0.462646 0.975876
vt 0.446289 0.963257
vt 0.463379 0.965302
vt 0.461670 0.969345
vt 0.477783 0.984207
vt 0.495117 0.975159
vt 0.494629 0.982620
vt 0.478760 0.991142
vt 0.494629 0.982620
vt 0.495850 0.988350
vt 0.495361 0.971848
vt 0.477783 0.981644
vt 0.476318 0.975998
vt 0.495117 0.975159
vt 0.477783 0.984207
vt 0.477783 0.981644
vt 0.477783 0.984207
vt 0.494629 0.982620
vt 0.478760 0.991142
vt 0.488770 0.996969
vt 0.478760 0.991142
vt 0.495850 0.988350
vt 0.486328 0.657715
vt 0.473389 0.646240
vt 0.489746 0.651855
vt 0.489746 0.651855
vt 0.473389 0.646240
vt 0.491943 0.647949
vt 0.495361 0.636963
vt 0.491943 0.647949
vt 0.491455 0.638428
vt 0.492188 0.628906
vt 0.495361 0.636963
vt 0.491455 0.638428
vt 0.461426 0.981491
vt 0.476318 0.975998
vt 0.477783 0.981644
vt 0.476318 0.975998
vt 0.461426 0.981491
vt 0.462646 0.975876
vt 0.461426 0.991249
vt 0.477783 0.984207
vt 0.478760 0.991142
vt 0.477783 0.984207
vt 0.461426 0.981491
vt 0.477783 0.981644
vt 0.477783 0.984207
vt 0.461670 0.983734
vt 0.461426 0.981491
vt 0.461670 0.983734
vt 0.477783 0.984207
vt 0.461426 0.991249
vt 0.445068 0.971756
vt 0.462646 0.975876
vt 0.461426 0.981491
vt 0.461670 0.983734
vt 0.446289 0.976959
vt 0.461426 0.981491
vt 0.461426 0.991249
vt 0.443848 0.981934
vt 0.446289 0.976959
vt 0.499512 0.594727
vt 0.515625 0.589600
vt 0.501465 0.598145
vt 0.499512 0.594727
vt 0.496582 0.589844
vt 0.515625 0.589600
vt 0.515625 0.589600
vt 0.501465 0.606445
vt 0.501465 0.598145
vt 0.515625 0.589600
vt 0.505371 0.612793
vt 0.501465 0.606445
vt 0.445068 0.971756
vt 0.461426 0.981491
vt 0.446289 0.976959
vt 0.500488 0.600830
vt 0.501465 0.598145
vt 0.501465 0.606445
vt 0.515625 0.589600
vt 0.506348 0.621826
vt 0.505371 0.612793
vt 0.506348 0.621826
vt 0.515625 0.589600
vt 0.505371 0.625977
vt 0.505371 0.612793
vt 0.506348 0.621826
vt 0.502441 0.618896
vt 0.462891 0.960632
vt 0.445801 0.955444
vt 0.447021 0.953094
vt 0.505371 0.612793
vt 0.502441 0.618896
vt 0.501953 0.612549
vt 0.496094 0.580566
vt 0.493408 0.569824
vt 0.497314 0.571289
vt 0.447510 0.997892
vt 0.461426 0.991249
vt 0.460693 0.997192
vt 0.492188 0.628906
vt 0.492188 0.611816
vt 0.495850 0.613037
vt 0.488770 0.996969
vt 0.460693 0.997192
vt 0.461426 0.991249
vt 0.461426 0.991249
vt 0.443604 0.987946
vt 0.443848 0.981934
vt 0.447510 0.997892
vt 0.443604 0.987946
vt 0.461426 0.991249
vt 0.461426 0.991249
vt 0.446289 0.976959
vt 0.461670 0.983734
vt 0.488770 0.996969
vt 0.461426 0.991249
vt 0.478760 0.991142
vt 0.492188 0.628906
vt 0.495850 0.613037
vt 0.495361 0.636963
vt 0.524902 0.195312
vt 0.526367 0.309570
vt 0.524414 0.309570
vt 0.526855 0.188965
vt 0.528809 0.310059
vt 0.526367 0.309570
vt 0.607910 0.152344
vt 0.595215 0.236328
vt 0.595215 0.168945
vt 0.736328 0.188477
vt 0.722168 0.183105
vt 0.731445 0.180176
vt 0.575684 0.168945
vt 0.595215 0.158691
vt 0.595215 0.168945
vt 0.670898 0.199707
vt 0.648438 0.205566
vt 0.658691 0.202637
vt 0.648438 0.205566
vt 0.670898 0.199707
vt 0.656250 0.225098
vt 0.565430 0.149414
vt 0.545898 0.158691
vt 0.545898 0.149414
vt 0.731445 0.180176
vt 0.722168 0.183105
vt 0.730957 0.169922
vt 0.545898 0.158691
vt 0.565430 0.149414
vt 0.564941 0.158691
vt 0.632324 0.322754
vt 0.638672 0.326172
vt 0.633789 0.335449
vt 0.627441 0.331543
vt 0.632324 0.322754
vt 0.633789 0.335449
vt 0.545898 0.149414
vt 0.565430 0.141113
vt 0.565430 0.149414
vt 0.625977 0.340332
vt 0.627441 0.331543
vt 0.633789 0.335449
vt 0.627441 0.331543
vt 0.625977 0.340332
vt 0.625488 0.334473
vt 0.606445 0.340332
vt 0.610352 0.341309
vt 0.604004 0.342773
vt 0.604004 0.342773
vt 0.610352 0.341309
vt 0.609863 0.343750
vt 0.565430 0.141113
vt 0.545898 0.149414
vt 0.545898 0.139648
vt 0.595215 0.158691
vt 0.575684 0.158691
vt 0.575684 0.149414
vt 0.609863 0.323242
vt 0.607910 0.335449
vt 0.603027 0.326172
vt 0.616211 0.312988
vt 0.625488 0.316895
vt 0.616211 0.318359
vt 0.615723 0.307129
vt 0.625977 0.307129
vt 0.625488 0.314941
vt 0.611816 0.362793
vt 0.612305 0.371582
vt 0.607910 0.371582
vt 0.625977 0.364746
vt 0.616211 0.357910
vt 0.626953 0.354980
vt 0.612305 0.371582
vt 0.611816 0.362793
vt 0.613770 0.365723
vt 0.616211 0.312988
vt 0.625488 0.314941
vt 0.625488 0.316895
vt 0.613281 0.316406
vt 0.615723 0.307129
vt 0.616211 0.312988
vt 0.615723 0.307129
vt 0.625488 0.314941
vt 0.616211 0.312988
vt 0.605469 0.313965
vt 0.615723 0.307129
vt 0.613281 0.316406
vt 0.545898 0.236816
vt 0.533203 0.152832
vt 0.545898 0.169434
vt 0.610352 0.355469
vt 0.606445 0.353516
vt 0.611816 0.350586
vt 0.625488 0.314941
vt 0.625977 0.307129
vt 0.629883 0.314941
vt 0.625977 0.307129
vt 0.636230 0.313965
vt 0.629883 0.314941
vt 0.612793 0.330566
vt 0.607910 0.335449
vt 0.609863 0.323242
vt 0.612793 0.330566
vt 0.615723 0.340332
vt 0.607910 0.335449
vt 0.626465 0.343262
vt 0.616211 0.349609
vt 0.616211 0.341797
vt 0.626465 0.349121
vt 0.616211 0.349609
vt 0.626465 0.343262
vt 0.616211 0.331543
vt 0.625488 0.334473
vt 0.625977 0.340332
vt 0.616211 0.371582
vt 0.626953 0.373047
vt 0.616211 0.377441
vt 0.575684 0.141113
vt 0.545898 0.029785
vt 0.595215 0.029785
vt 0.616211 0.331543
vt 0.625488 0.330566
vt 0.625488 0.334473
vt 0.626465 0.378906
vt 0.616211 0.377441
vt 0.626953 0.373047
vt 0.615723 0.340332
vt 0.612793 0.330566
vt 0.616211 0.331543
vt 0.595215 0.149414
vt 0.575684 0.149414
vt 0.575684 0.141113
vt 0.616211 0.331543
vt 0.625977 0.340332
vt 0.615723 0.340332
vt 0.615234 0.348633
vt 0.611816 0.350586
vt 0.609863 0.343750
vt 0.615234 0.348633
vt 0.609863 0.343750
vt 0.610352 0.341309
vt 0.610352 0.355469
vt 0.611816 0.350586
vt 0.615234 0.348633
vt 0.625977 0.364746
vt 0.616211 0.364258
vt 0.616211 0.357910
vt 0.749023 0.390625
vt 0.762695 0.404297
vt 0.729980 0.416992
vt 0.616211 0.364258
vt 0.625977 0.364746
vt 0.616211 0.371582
vt 0.616211 0.325684
vt 0.625000 0.323242
vt 0.625488 0.330566
vt 0.616211 0.371582
vt 0.625977 0.364746
vt 0.626953 0.373047
vt 0.616211 0.325684
vt 0.625488 0.330566
vt 0.616211 0.331543
vt 0.528809 0.310059
vt 0.528320 0.318359
vt 0.525879 0.319824
vt 0.603516 0.374023
vt 0.600586 0.368652
vt 0.607910 0.371582
vt 0.525879 0.319824
vt 0.524414 0.309570
vt 0.526367 0.309570
vt 0.528809 0.310059
vt 0.525879 0.319824
vt 0.526367 0.309570
vt 0.616211 0.318359
vt 0.625488 0.316895
vt 0.625000 0.323242
vt 0.656250 0.225098
vt 0.670898 0.199707
vt 0.665527 0.229980
vt 0.616211 0.318359
vt 0.625000 0.323242
vt 0.616211 0.325684
vt 0.607910 0.371582
vt 0.612305 0.371582
vt 0.603516 0.374023
vt 0.670410 0.329590
vt 0.670898 0.416992
vt 0.651855 0.390625
vt 0.595215 0.158691
vt 0.575684 0.149414
vt 0.595215 0.149414
vt 0.670898 0.199707
vt 0.658691 0.202637
vt 0.663086 0.194336
vt 0.663086 0.194336
vt 0.666016 0.074219
vt 0.670898 0.199707
vt 0.528809 0.022949
vt 0.526855 0.144043
vt 0.526367 0.020508
vt 0.595215 0.029785
vt 0.595215 0.149414
vt 0.575684 0.141113
vt 0.595215 0.255371
vt 0.545898 0.236816
vt 0.595215 0.236328
vt 0.651855 0.390625
vt 0.670898 0.416992
vt 0.638184 0.404297
vt 0.595215 0.255371
vt 0.545898 0.255371
vt 0.545898 0.236816
vt 0.545898 0.236816
vt 0.545898 0.169434
vt 0.565430 0.180664
vt 0.730469 0.329590
vt 0.749023 0.390625
vt 0.729980 0.416992
vt 0.725586 0.416504
vt 0.723145 0.332031
vt 0.729980 0.416992
vt 0.565430 0.141113
vt 0.545898 0.029785
vt 0.575684 0.141113
vt 0.565430 0.141113
vt 0.545898 0.139648
vt 0.545898 0.029785
vt 0.717773 0.416992
vt 0.723145 0.332031
vt 0.725586 0.416504
vt 0.730469 0.329590
vt 0.729980 0.416992
vt 0.723145 0.332031
vt 0.545898 0.407227
vt 0.545898 0.255371
vt 0.595215 0.255371
vt 0.651855 0.390625
vt 0.650879 0.239258
vt 0.670410 0.329590
vt 0.595215 0.236328
vt 0.565430 0.180664
vt 0.575684 0.180664
vt 0.526855 0.144043
vt 0.528809 0.022949
vt 0.529297 0.140137
vt 0.595215 0.236328
vt 0.607910 0.152344
vt 0.608398 0.268555
vt 0.730469 0.329590
vt 0.750000 0.239258
vt 0.749023 0.390625
vt 0.528320 0.021973
vt 0.528809 0.022949
vt 0.526367 0.020508
vt 0.727539 0.330078
vt 0.730469 0.329590
vt 0.723145 0.332031
vt 0.717773 0.416992
vt 0.715820 0.239258
vt 0.723145 0.332031
vt 0.723145 0.332031
vt 0.715820 0.239258
vt 0.721191 0.239258
vt 0.727539 0.239258
vt 0.727539 0.330078
vt 0.721191 0.239258
vt 0.730469 0.329590
vt 0.727539 0.239258
vt 0.730957 0.239258
vt 0.750000 0.239258
vt 0.730469 0.329590
vt 0.730957 0.239258
vt 0.723145 0.332031
vt 0.721191 0.239258
vt 0.727539 0.330078
vt 0.727539 0.330078
vt 0.727539 0.239258
vt 0.730469 0.329590
vt 0.595215 0.255371
vt 0.595215 0.407227
vt 0.545898 0.407227
vt 0.595215 0.168945
vt 0.575684 0.180664
vt 0.575684 0.168945
vt 0.595215 0.158691
vt 0.575684 0.168945
vt 0.575684 0.158691
vt 0.626953 0.354980
vt 0.616211 0.349609
vt 0.626465 0.349121
vt 0.528809 0.310059
vt 0.526855 0.188965
vt 0.529297 0.192871
vt 0.526367 0.309570
vt 0.524902 0.195312
vt 0.526855 0.188965
vt 0.613281 0.316406
vt 0.609863 0.323242
vt 0.605469 0.313965
vt 0.626953 0.354980
vt 0.616211 0.357910
vt 0.616211 0.349609
vt 0.603027 0.326172
vt 0.605469 0.313965
vt 0.609863 0.323242
vt 0.602539 0.355469
vt 0.599609 0.349121
vt 0.606445 0.353516
vt 0.575684 0.180664
vt 0.595215 0.168945
vt 0.595215 0.236328
vt 0.629883 0.314941
vt 0.636230 0.313965
vt 0.632324 0.322754
vt 0.565430 0.169434
vt 0.565430 0.180664
vt 0.545898 0.169434
vt 0.632324 0.322754
vt 0.636230 0.313965
vt 0.638672 0.326172
vt 0.565430 0.169434
vt 0.545898 0.158691
vt 0.564941 0.158691
vt 0.565430 0.169434
vt 0.545898 0.169434
vt 0.545898 0.158691
vt 0.722168 0.183105
vt 0.736328 0.188477
vt 0.738770 0.210449
vt 0.746582 0.191406
vt 0.738770 0.210449
vt 0.736328 0.188477
vt 0.737793 0.212402
vt 0.722168 0.183105
vt 0.738770 0.210449
vt 0.669922 0.239258
vt 0.670410 0.329590
vt 0.650879 0.239258
vt 0.673340 0.239258
vt 0.670410 0.329590
vt 0.669922 0.239258
vt 0.565430 0.180664
vt 0.595215 0.236328
vt 0.545898 0.236816
vt 0.533203 0.152832
vt 0.545898 0.236816
vt 0.532715 0.268555
vt 0.917480 0.791748
vt 0.907715 0.783936
vt 0.909180 0.774780
vt 0.892090 0.774048
vt 0.909180 0.774780
vt 0.907715 0.783936
vt 0.874023 0.771973
vt 0.871582 0.782349
vt 0.862305 0.782593
vt 0.892090 0.774048
vt 0.871582 0.782349
vt 0.875000 0.772949
vt 0.871582 0.782349
vt 0.874023 0.771973
vt 0.875000 0.772949
vt 0.862305 0.782593
vt 0.874512 0.770996
vt 0.874023 0.771973
vt 0.869629 0.761353
vt 0.874512 0.770996
vt 0.862305 0.782593
vt 0.874512 0.770996
vt 0.869629 0.761353
vt 0.872559 0.762329
vt 0.889648 0.754517
vt 0.893066 0.761230
vt 0.874512 0.770996
vt 0.954590 0.967804
vt 0.934082 0.970596
vt 0.917969 0.965759
vt 0.874512 0.770996
vt 0.872559 0.762329
vt 0.889648 0.754517
vt 0.783203 0.893677
vt 0.820312 0.892212
vt 0.799805 0.897339
vt 0.979492 0.919495
vt 0.988281 0.966248
vt 0.973633 0.970016
vt 0.988281 0.966248
vt 0.979492 0.919495
vt 0.988281 0.922852
vt 0.956543 0.921875
vt 0.958008 0.968109
vt 0.956543 0.966431
vt 0.956543 0.966431
vt 0.954590 0.967804
vt 0.956543 0.921875
vt 0.958008 0.968109
vt 0.958008 0.921387
vt 0.979492 0.919495
vt 0.862305 0.782593
vt 0.850586 0.781006
vt 0.860840 0.733643
vt 0.888672 0.892334
vt 0.889648 0.849243
vt 0.891602 0.893677
vt 0.958008 0.968109
vt 0.956543 0.921875
vt 0.958008 0.921387
vt 0.956543 0.921875
vt 0.954590 0.967804
vt 0.954590 0.921448
vt 0.813477 0.773315
vt 0.814941 0.772705
vt 0.824707 0.782715
vt 0.813965 0.771484
vt 0.818359 0.762695
vt 0.824707 0.782715
vt 0.824707 0.782715
vt 0.814941 0.772705
vt 0.813965 0.771484
vt 0.824707 0.782715
vt 0.830566 0.734619
vt 0.834961 0.781250
vt 0.958008 0.968109
vt 0.979492 0.919495
vt 0.973633 0.970016
vt 0.917969 0.965759
vt 0.932129 0.918152
vt 0.954590 0.967804
vt 0.820312 0.892212
vt 0.783203 0.893677
vt 0.781738 0.849487
vt 0.954590 0.921448
vt 0.954590 0.967804
vt 0.932129 0.918152
vt 0.792969 0.760498
vt 0.818359 0.762695
vt 0.813965 0.771484
vt 0.803711 0.843994
vt 0.820312 0.892212
vt 0.781738 0.849487
vt 0.818359 0.762695
vt 0.792969 0.760498
vt 0.795898 0.752808
vt 0.917480 0.791748
vt 0.909180 0.774780
vt 0.912598 0.773682
vt 0.912598 0.754028
vt 0.917480 0.791748
vt 0.912598 0.773682
vt 0.909668 0.753784
vt 0.916504 0.744385
vt 0.912598 0.754028
vt 0.907715 0.744385
vt 0.893066 0.761230
vt 0.889648 0.754517
vt 0.909668 0.753784
vt 0.893066 0.761230
vt 0.907715 0.744385
vt 0.859863 0.895996
vt 0.822754 0.892883
vt 0.823242 0.847412
vt 0.916504 0.744385
vt 0.909668 0.753784
vt 0.907715 0.744385
vt 0.907715 0.743408
vt 0.916504 0.744385
vt 0.907715 0.744385
vt 0.916504 0.744385
vt 0.907715 0.743408
vt 0.911133 0.734375
vt 0.891602 0.966248
vt 0.891602 0.922852
vt 0.894043 0.964630
vt 0.894531 0.925293
vt 0.915039 0.963867
vt 0.894043 0.964630
vt 0.894043 0.964630
vt 0.891602 0.922852
vt 0.894531 0.925293
vt 0.898438 0.734375
vt 0.911133 0.734375
vt 0.907715 0.743408
vt 0.872070 0.737305
vt 0.898438 0.734375
vt 0.907715 0.743408
vt 0.778809 0.774780
vt 0.772461 0.791748
vt 0.775879 0.772827
vt 0.772461 0.791748
vt 0.771484 0.747559
vt 0.775879 0.772827
vt 0.917480 0.791748
vt 0.912598 0.754028
vt 0.916504 0.744385
vt 0.917969 0.965759
vt 0.915039 0.963867
vt 0.915039 0.925659
vt 0.822266 0.849976
vt 0.822754 0.892883
vt 0.820312 0.892212
vt 0.831543 0.727051
vt 0.817871 0.728271
vt 0.834473 0.724121
vt 0.823242 0.847412
vt 0.822754 0.892883
vt 0.822266 0.849976
vt 0.915039 0.963867
vt 0.894531 0.925293
vt 0.915039 0.925659
vt 0.932129 0.918152
vt 0.917969 0.965759
vt 0.917969 0.923035
vt 0.771484 0.747559
vt 0.774902 0.753906
vt 0.775879 0.772827
vt 0.778320 0.752930
vt 0.795898 0.752808
vt 0.792969 0.760498
vt 0.917969 0.923035
vt 0.917969 0.965759
vt 0.915039 0.925659
vt 0.771484 0.747559
vt 0.778320 0.752930
vt 0.774902 0.753906
vt 0.778320 0.752930
vt 0.771484 0.747559
vt 0.777832 0.745117
vt 0.830566 0.734619
vt 0.817871 0.728271
vt 0.831543 0.727051
vt 0.821777 0.849976
vt 0.820312 0.892212
vt 0.803711 0.843994
vt 0.818848 0.737793
vt 0.817871 0.728271
vt 0.830566 0.734619
vt 0.795898 0.752808
vt 0.778320 0.752930
vt 0.777832 0.745117
vt 0.822266 0.849976
vt 0.820312 0.892212
vt 0.821777 0.849976
vt 0.777832 0.745117
vt 0.780762 0.742920
vt 0.779297 0.743408
vt 0.849609 0.729248
vt 0.856934 0.726318
vt 0.860840 0.733643
vt 0.860840 0.733643
vt 0.869629 0.761353
vt 0.862305 0.782593
vt 0.860840 0.733643
vt 0.869141 0.737549
vt 0.869629 0.761353
vt 0.766602 0.692139
vt 0.757812 0.682617
vt 0.770020 0.692139
vt 0.870117 0.728516
vt 0.869141 0.737549
vt 0.860840 0.733643
vt 0.870117 0.728516
vt 0.860840 0.733643
vt 0.856934 0.726318
vt 0.757812 0.682617
vt 0.766602 0.692139
vt 0.755859 0.683350
vt 0.870117 0.728516
vt 0.856934 0.726318
vt 0.855469 0.724854
vt 0.850586 0.781006
vt 0.834961 0.781250
vt 0.851074 0.733643
vt 0.770996 0.668945
vt 0.757812 0.682617
vt 0.757324 0.668945
vt 0.757812 0.682617
vt 0.770996 0.668945
vt 0.770020 0.692139
vt 0.850586 0.781006
vt 0.851074 0.733643
vt 0.860840 0.733643
vt 0.830566 0.734619
vt 0.851074 0.733643
vt 0.834961 0.781250
vt 0.757324 0.668945
vt 0.768555 0.658203
vt 0.770996 0.658691
vt 0.818359 0.762695
vt 0.830566 0.734619
vt 0.824707 0.782715
vt 0.770996 0.658691
vt 0.770996 0.668945
vt 0.757324 0.668945
vt 0.863281 0.848633
vt 0.888672 0.892334
vt 0.862305 0.892456
vt 0.757812 0.682617
vt 0.756348 0.682861
vt 0.757324 0.668945
vt 0.863281 0.848633
vt 0.889648 0.849243
vt 0.888672 0.892334
vt 0.830566 0.734619
vt 0.818359 0.762695
vt 0.818848 0.737793
vt 0.831543 0.727051
vt 0.851074 0.733643
vt 0.830566 0.734619
vt 0.851074 0.733643
vt 0.831543 0.727051
vt 0.849609 0.729248
vt 0.860840 0.733643
vt 0.851074 0.733643
vt 0.849609 0.729248
vt 0.757324 0.026855
vt 0.752930 0.021973
vt 0.757324 0.024902
vt 0.770508 0.021484
vt 0.757324 0.024902
vt 0.754883 0.020996
vt 0.752930 0.029297
vt 0.752930 0.021973
vt 0.757324 0.026855
vt 0.757324 0.024902
vt 0.769531 0.025391
vt 0.757324 0.026855
vt 0.757324 0.026855
vt 0.770508 0.030762
vt 0.754883 0.030762
vt 0.770508 0.036133
vt 0.757812 0.040039
vt 0.754883 0.036133
vt 0.757324 0.024902
vt 0.770508 0.021484
vt 0.769531 0.025391
vt 0.771973 0.024902
vt 0.769531 0.025391
vt 0.770508 0.021484
vt 0.784180 0.020996
vt 0.771973 0.024902
vt 0.770508 0.021484
vt 0.770508 0.030762
vt 0.757324 0.026855
vt 0.769531 0.025391
vt 0.771973 0.026855
vt 0.770508 0.030762
vt 0.769531 0.025391
vt 0.769531 0.025391
vt 0.771973 0.024902
vt 0.771973 0.026855
vt 0.771973 0.024902
vt 0.789062 0.024902
vt 0.771973 0.026855
vt 0.771973 0.026855
vt 0.784180 0.030273
vt 0.770508 0.030762
vt 0.784180 0.036621
vt 0.771973 0.040039
vt 0.770508 0.036133
vt 0.771973 0.024902
vt 0.784180 0.020996
vt 0.789062 0.024902
vt 0.784180 0.030273
vt 0.771973 0.026855
vt 0.789062 0.024902
vt 0.789062 0.024902
vt 0.784180 0.036621
vt 0.784180 0.030273
vt 0.784180 0.036621
vt 0.789062 0.024902
vt 0.789062 0.040527
vt 0.802734 0.025391
vt 0.789062 0.040527
vt 0.789062 0.024902
vt 0.838867 0.021973
vt 0.833984 0.026855
vt 0.833984 0.024902
vt 0.833984 0.024902
vt 0.821289 0.021484
vt 0.836914 0.020996
vt 0.838867 0.029297
vt 0.833984 0.026855
vt 0.838867 0.021973
vt 0.833984 0.026855
vt 0.822266 0.025391
vt 0.833984 0.024902
vt 0.821289 0.030762
vt 0.833984 0.026855
vt 0.836914 0.030762
vt 0.784180 0.065918
vt 0.789062 0.055176
vt 0.789062 0.069824
vt 0.807617 0.020996
vt 0.819824 0.024902
vt 0.802734 0.025391
vt 0.819824 0.024902
vt 0.807617 0.020996
vt 0.821289 0.021484
vt 0.821289 0.021484
vt 0.833984 0.024902
vt 0.822266 0.025391
vt 0.819824 0.024902
vt 0.821289 0.021484
vt 0.822266 0.025391
vt 0.819824 0.026855
vt 0.807617 0.030273
vt 0.802734 0.025391
vt 0.802734 0.025391
vt 0.819824 0.024902
vt 0.819824 0.026855
vt 0.807617 0.030273
vt 0.819824 0.026855
vt 0.821289 0.030762
vt 0.833984 0.026855
vt 0.821289 0.030762
vt 0.822266 0.025391
vt 0.819824 0.026855
vt 0.822266 0.025391
vt 0.821289 0.030762
vt 0.819824 0.024902
vt 0.822266 0.025391
vt 0.819824 0.026855
vt 0.774902 0.261230
vt 0.790527 0.317383
vt 0.775879 0.395996
vt 0.790527 0.317383
vt 0.774902 0.261230
vt 0.792969 0.261719
vt 0.753418 0.044922
vt 0.752930 0.037598
vt 0.757812 0.041992
vt 0.757812 0.041992
vt 0.752930 0.037598
vt 0.757812 0.040039
vt 0.757812 0.040039
vt 0.769531 0.041016
vt 0.757812 0.041992
vt 0.757812 0.041992
vt 0.770508 0.045898
vt 0.754883 0.045898
vt 0.753418 0.059082
vt 0.753418 0.051758
vt 0.757812 0.056641
vt 0.757812 0.056641
vt 0.753418 0.051758
vt 0.757812 0.054688
vt 0.757812 0.054688
vt 0.769531 0.055664
vt 0.757812 0.056641
vt 0.790527 0.317383
vt 0.810547 0.315918
vt 0.810547 0.319336
vt 0.757812 0.056641
vt 0.770996 0.060547
vt 0.755371 0.060547
vt 0.810547 0.262695
vt 0.790527 0.317383
vt 0.792969 0.261719
vt 0.770996 0.050781
vt 0.757812 0.054688
vt 0.755371 0.050781
vt 0.757812 0.040039
vt 0.770508 0.036133
vt 0.769531 0.041016
vt 0.770508 0.045898
vt 0.757812 0.041992
vt 0.769531 0.041016
vt 0.811523 0.337402
vt 0.810547 0.262695
vt 0.812988 0.262207
vt 0.771973 0.040039
vt 0.769531 0.041016
vt 0.770508 0.036133
vt 0.769531 0.041016
vt 0.771973 0.040039
vt 0.771973 0.041992
vt 0.771973 0.041992
vt 0.770508 0.045898
vt 0.769531 0.041016
vt 0.771973 0.040039
vt 0.789062 0.040527
vt 0.771973 0.041992
vt 0.771973 0.041992
vt 0.784180 0.045410
vt 0.770508 0.045898
vt 0.757812 0.054688
vt 0.770996 0.050781
vt 0.769531 0.055664
vt 0.770996 0.060547
vt 0.757812 0.056641
vt 0.769531 0.055664
vt 0.790527 0.317383
vt 0.810547 0.262695
vt 0.810547 0.315918
vt 0.802246 0.055176
vt 0.789062 0.069824
vt 0.789062 0.055176
vt 0.789062 0.055176
vt 0.784180 0.065918
vt 0.784180 0.060059
vt 0.784180 0.060059
vt 0.771973 0.056641
vt 0.789062 0.055176
vt 0.771973 0.054688
vt 0.784180 0.051270
vt 0.789062 0.055176
vt 0.810547 0.262695
vt 0.811523 0.337402
vt 0.810547 0.315918
vt 0.771973 0.054688
vt 0.769531 0.055664
vt 0.770996 0.050781
vt 0.769531 0.055664
vt 0.771973 0.054688
vt 0.771973 0.056641
vt 0.784180 0.051270
vt 0.771973 0.054688
vt 0.770996 0.050781
vt 0.789062 0.040527
vt 0.789062 0.055176
vt 0.784180 0.051270
vt 0.789062 0.040527
vt 0.784180 0.051270
vt 0.784180 0.045410
vt 0.784180 0.045410
vt 0.771973 0.041992
vt 0.789062 0.040527
vt 0.771973 0.040039
vt 0.784180 0.036621
vt 0.789062 0.040527
vt 0.771973 0.054688
vt 0.789062 0.055176
vt 0.771973 0.056641
vt 0.811523 0.337402
vt 0.810547 0.319336
vt 0.810547 0.315918
vt 0.771973 0.056641
vt 0.784180 0.060059
vt 0.770996 0.060547
vt 0.771973 0.056641
vt 0.770996 0.060547
vt 0.769531 0.055664
vt 0.490479 0.775635
vt 0.487549 0.780273
vt 0.487305 0.770142
vt 0.482666 0.801636
vt 0.488281 0.806763
vt 0.477051 0.811523
vt 0.476807 0.816284
vt 0.488281 0.806763
vt 0.489746 0.811768
vt 0.476807 0.816284
vt 0.489746 0.811768
vt 0.489014 0.816162
vt 0.477051 0.811523
vt 0.488281 0.806763
vt 0.476807 0.816284
vt 0.476074 0.809448
vt 0.482666 0.801636
vt 0.477051 0.811523
vt 0.492188 0.628906
vt 0.474121 0.630615
vt 0.492188 0.611816
vt 0.474609 0.771362
vt 0.485840 0.766968
vt 0.487305 0.770142
vt 0.487305 0.770142
vt 0.473877 0.781006
vt 0.474609 0.771362
vt 0.474609 0.763428
vt 0.487549 0.760376
vt 0.489502 0.765625
vt 0.516113 0.572998
vt 0.496094 0.580566
vt 0.497314 0.571289
vt 0.492188 0.611816
vt 0.474121 0.630615
vt 0.473877 0.609863
vt 0.528809 0.155762
vt 0.528809 0.176758
vt 0.525879 0.154785
vt 0.503418 0.697510
vt 0.516113 0.701904
vt 0.502441 0.702881
vt 0.502441 0.702881
vt 0.499756 0.708008
vt 0.498047 0.704102
vt 0.525879 0.154785
vt 0.528809 0.176758
vt 0.525879 0.178223
vt 0.525879 0.178223
vt 0.528809 0.176758
vt 0.528809 0.184082
vt 0.485840 0.766968
vt 0.474609 0.763428
vt 0.489502 0.765625
vt 0.485840 0.766968
vt 0.474609 0.771362
vt 0.474609 0.763428
vt 0.473877 0.781006
vt 0.487305 0.770142
vt 0.487549 0.780273
vt 0.515625 0.723633
vt 0.501953 0.740723
vt 0.502441 0.721436
vt 0.515625 0.740479
vt 0.501953 0.740723
vt 0.515625 0.723633
vt 0.456787 0.802734
vt 0.482666 0.801636
vt 0.476074 0.809448
vt 0.497803 0.743896
vt 0.502441 0.721436
vt 0.501953 0.740723
vt 0.497803 0.743896
vt 0.498047 0.718506
vt 0.502441 0.721436
vt 0.462891 0.812134
vt 0.476074 0.809448
vt 0.477051 0.811523
vt 0.476074 0.809448
vt 0.462891 0.812134
vt 0.456787 0.802734
vt 0.500977 0.713379
vt 0.502441 0.721436
vt 0.498047 0.718506
vt 0.452881 0.807739
vt 0.456787 0.802734
vt 0.462891 0.812134
vt 0.452881 0.807739
vt 0.462891 0.812134
vt 0.462646 0.816040
vt 0.462646 0.816040
vt 0.450195 0.812256
vt 0.452881 0.807739
vt 0.462646 0.816040
vt 0.450684 0.816406
vt 0.450195 0.812256
vt 0.515625 0.589600
vt 0.496582 0.589844
vt 0.515137 0.584473
vt 0.496094 0.580566
vt 0.515137 0.584473
vt 0.496582 0.589844
vt 0.496094 0.580566
vt 0.516113 0.572998
vt 0.515137 0.584473
vt 0.528809 0.184082
vt 0.526855 0.188965
vt 0.525879 0.178223
vt 0.678223 0.332031
vt 0.675293 0.416504
vt 0.670898 0.416992
vt 0.678223 0.332031
vt 0.683105 0.416992
vt 0.675293 0.416504
vt 0.678223 0.332031
vt 0.670898 0.416992
vt 0.670410 0.329590
vt 0.502441 0.721436
vt 0.500977 0.713379
vt 0.515625 0.713623
vt 0.515625 0.723633
vt 0.502441 0.721436
vt 0.515625 0.713623
vt 0.502441 0.702881
vt 0.503418 0.709229
vt 0.499756 0.708008
vt 0.503418 0.709229
vt 0.515625 0.713623
vt 0.500977 0.713379
vt 0.502441 0.702881
vt 0.515625 0.713623
vt 0.503418 0.709229
vt 0.515625 0.713623
vt 0.502441 0.702881
vt 0.516113 0.701904
vt 0.489502 0.765625
vt 0.487549 0.760376
vt 0.491211 0.761963
vt 0.489746 0.819824
vt 0.492188 0.823242
vt 0.476562 0.829468
vt 0.476318 0.835083
vt 0.492188 0.823242
vt 0.492432 0.828613
vt 0.476318 0.822388
vt 0.489014 0.816162
vt 0.489746 0.819824
vt 0.476807 0.819458
vt 0.489014 0.816162
vt 0.476318 0.822388
vt 0.489014 0.816162
vt 0.476807 0.819458
vt 0.476807 0.816284
vt 0.528809 0.155762
vt 0.525879 0.154785
vt 0.528809 0.148438
vt 0.526855 0.144043
vt 0.528809 0.148438
vt 0.525879 0.154785
vt 0.474121 0.630615
vt 0.491455 0.638428
vt 0.474365 0.641846
vt 0.491455 0.638428
vt 0.474121 0.630615
vt 0.492188 0.628906
vt 0.489746 0.819824
vt 0.476562 0.829468
vt 0.476318 0.822388
vt 0.476562 0.829468
vt 0.492188 0.823242
vt 0.476318 0.835083
vt 0.473145 0.759888
vt 0.485840 0.755371
vt 0.487549 0.760376
vt 0.491943 0.647949
vt 0.474365 0.641846
vt 0.491455 0.638428
vt 0.473145 0.759888
vt 0.487549 0.760376
vt 0.474609 0.763428
vt 0.474365 0.641846
vt 0.491943 0.647949
vt 0.473389 0.646240
vt 0.685059 0.239258
vt 0.678223 0.332031
vt 0.679688 0.239258
vt 0.679688 0.239258
vt 0.673828 0.330078
vt 0.673340 0.239258
vt 0.476807 0.816284
vt 0.462891 0.812134
vt 0.477051 0.811523
vt 0.476807 0.816284
vt 0.462646 0.816040
vt 0.462891 0.812134
vt 0.462646 0.816040
vt 0.476807 0.816284
vt 0.463135 0.819580
vt 0.476318 0.822388
vt 0.463135 0.819580
vt 0.476807 0.819458
vt 0.476807 0.819458
vt 0.463135 0.819580
vt 0.476807 0.816284
vt 0.463135 0.819580
vt 0.476318 0.822388
vt 0.463135 0.822510
vt 0.476318 0.822388
vt 0.464111 0.829956
vt 0.463135 0.822510
vt 0.463135 0.822510
vt 0.449951 0.820312
vt 0.450684 0.816406
vt 0.450684 0.816406
vt 0.463135 0.819580
vt 0.463135 0.822510
vt 0.683105 0.416992
vt 0.690918 0.238770
vt 0.690918 0.416992
vt 0.709961 0.238770
vt 0.709961 0.416992
vt 0.690918 0.416992
vt 0.463135 0.819580
vt 0.450684 0.816406
vt 0.462646 0.816040
vt 0.449951 0.820312
vt 0.463135 0.822510
vt 0.464111 0.829956
vt 0.449951 0.820312
vt 0.464111 0.829956
vt 0.447266 0.823730
vt 0.447266 0.823730
vt 0.463379 0.834961
vt 0.447510 0.828979
vt 0.464111 0.829956
vt 0.476318 0.822388
vt 0.476562 0.829468
vt 0.476318 0.835083
vt 0.464111 0.829956
vt 0.476562 0.829468
vt 0.476318 0.835083
vt 0.463379 0.834961
vt 0.464111 0.829956
vt 0.717773 0.416992
vt 0.709961 0.238770
vt 0.715820 0.239258
vt 0.690918 0.416992
vt 0.690918 0.238770
vt 0.709961 0.238770
vt 0.690918 0.238770
vt 0.683105 0.416992
vt 0.685059 0.239258
vt 0.709961 0.416992
vt 0.709961 0.238770
vt 0.717773 0.416992
vt 0.673828 0.330078
vt 0.678223 0.332031
vt 0.670410 0.329590
vt 0.679688 0.239258
vt 0.678223 0.332031
vt 0.673828 0.330078
vt 0.447266 0.823730
vt 0.464111 0.829956
vt 0.463379 0.834961
vt 0.670410 0.329590
vt 0.673340 0.239258
vt 0.673828 0.330078
vt 0.678223 0.332031
vt 0.685059 0.239258
vt 0.683105 0.416992
vt 0.524414 0.138184
vt 0.526367 0.020508
vt 0.526855 0.144043
vt 0.774414 0.572021
vt 0.797852 0.608643
vt 0.773926 0.609375
vt 0.757324 0.668945
vt 0.756348 0.682861
vt 0.755371 0.668213
vt 0.863281 0.848633
vt 0.859863 0.895996
vt 0.860352 0.845825
vt 0.754395 0.683838
vt 0.750000 0.668945
vt 0.755371 0.668213
vt 0.797852 0.608643
vt 0.822266 0.581299
vt 0.821777 0.609375
vt 0.859863 0.895996
vt 0.863281 0.848633
vt 0.862305 0.892456
vt 0.756348 0.682861
vt 0.754395 0.683838
vt 0.755371 0.668213
vt 0.755371 0.667480
vt 0.768555 0.658203
vt 0.757324 0.668945
vt 0.770508 0.653320
vt 0.755371 0.667480
vt 0.756348 0.661865
vt 0.768555 0.658203
vt 0.755371 0.667480
vt 0.770508 0.653320
vt 0.750000 0.668945
vt 0.754395 0.683838
vt 0.749512 0.682861
vt 0.858887 0.722412
vt 0.878418 0.716553
vt 0.877441 0.721680
vt 0.858887 0.722412
vt 0.877441 0.721680
vt 0.855469 0.724854
vt 0.770508 0.971786
vt 0.783691 0.962891
vt 0.770020 0.985321
vt 0.877441 0.721680
vt 0.871582 0.727539
vt 0.870117 0.728516
vt 0.870117 0.728516
vt 0.855469 0.724854
vt 0.877441 0.721680
vt 0.872070 0.737305
vt 0.870117 0.728516
vt 0.872070 0.729736
vt 0.766602 0.692139
vt 0.755859 0.685059
vt 0.755859 0.683350
vt 0.755859 0.685059
vt 0.769043 0.698730
vt 0.756348 0.689697
vt 0.869141 0.737549
vt 0.870117 0.728516
vt 0.872070 0.737305
vt 0.755859 0.685059
vt 0.766602 0.692139
vt 0.769043 0.698730
vt 0.753418 0.759521
vt 0.760742 0.712646
vt 0.771484 0.747559
vt 0.915527 0.716797
vt 0.933105 0.759399
vt 0.916504 0.744385
vt 0.777832 0.745117
vt 0.775879 0.732910
vt 0.780273 0.735352
vt 0.771484 0.747559
vt 0.773438 0.716309
vt 0.777832 0.745117
vt 0.780273 0.735352
vt 0.780762 0.742920
vt 0.777832 0.745117
vt 0.820312 0.611572
vt 0.797852 0.608643
vt 0.821777 0.609375
vt 0.773926 0.614746
vt 0.820312 0.611572
vt 0.821777 0.613525
vt 0.797852 0.608643
vt 0.820312 0.611572
vt 0.797852 0.611572
vt 0.820312 0.611572
vt 0.773926 0.614746
vt 0.797852 0.611572
vt 0.770020 0.985321
vt 0.804688 0.997864
vt 0.783691 0.994907
vt 0.817871 0.728271
vt 0.818848 0.737793
vt 0.816406 0.736572
vt 0.797852 0.608643
vt 0.775879 0.611572
vt 0.773926 0.609375
vt 0.775879 0.611572
vt 0.797852 0.608643
vt 0.797852 0.611572
vt 0.773926 0.614746
vt 0.775879 0.611572
vt 0.797852 0.611572
vt 0.816406 0.736572
vt 0.815918 0.729248
vt 0.817871 0.728271
vt 0.814941 0.727783
vt 0.811035 0.721680
vt 0.817871 0.728271
vt 0.783691 0.962891
vt 0.801270 0.957458
vt 0.770020 0.985321
vt 0.834473 0.724121
vt 0.817871 0.728271
vt 0.811035 0.721680
vt 0.834473 0.724121
vt 0.811035 0.721680
vt 0.829590 0.721191
vt 0.772461 0.791748
vt 0.753418 0.759521
vt 0.771484 0.747559
vt 0.829590 0.721191
vt 0.811035 0.721680
vt 0.812500 0.718262
vt 0.898438 0.734375
vt 0.872070 0.737305
vt 0.872070 0.729736
vt 0.917480 0.791748
vt 0.916504 0.744385
vt 0.933105 0.759399
vt 0.915527 0.716797
vt 0.904297 0.720215
vt 0.901367 0.716309
vt 0.901367 0.716309
vt 0.871582 0.727539
vt 0.877441 0.721680
vt 0.878418 0.716553
vt 0.900879 0.712402
vt 0.877441 0.721680
vt 0.871582 0.727539
vt 0.901367 0.716309
vt 0.904297 0.720215
vt 0.877441 0.721680
vt 0.900879 0.712402
vt 0.901367 0.716309
vt 0.822266 0.581299
vt 0.797852 0.608643
vt 0.814941 0.571533
vt 0.797852 0.608643
vt 0.774414 0.572021
vt 0.814941 0.571533
vt 0.860352 0.845825
vt 0.859863 0.895996
vt 0.823242 0.847412
vt 0.780273 0.735352
vt 0.816406 0.736572
vt 0.780762 0.742920
vt 0.779785 0.666260
vt 0.815430 0.667725
vt 0.774902 0.669189
vt 0.816406 0.736572
vt 0.780273 0.735352
vt 0.815918 0.729248
vt 0.911133 0.734375
vt 0.915527 0.716797
vt 0.916504 0.744385
vt 0.815430 0.667725
vt 0.779785 0.666260
vt 0.814941 0.651611
vt 0.933105 0.759399
vt 0.915527 0.716797
vt 0.926758 0.712891
vt 0.909180 0.720703
vt 0.915527 0.716797
vt 0.911133 0.734375
vt 0.904297 0.720215
vt 0.915527 0.716797
vt 0.909180 0.720703
vt 0.901367 0.716309
vt 0.913574 0.708496
vt 0.915527 0.716797
vt 0.814941 0.651611
vt 0.776367 0.649170
vt 0.819336 0.647705
vt 0.913574 0.708496
vt 0.926758 0.712891
vt 0.915527 0.716797
vt 0.926758 0.712891
vt 0.913574 0.708496
vt 0.927734 0.703613
vt 0.771484 0.747559
vt 0.760742 0.712646
vt 0.773438 0.716309
vt 0.775879 0.732910
vt 0.777832 0.745117
vt 0.773438 0.716309
vt 0.780762 0.651367
vt 0.814941 0.651611
vt 0.779785 0.666260
vt 0.814941 0.651611
vt 0.780762 0.651367
vt 0.776367 0.649170
vt 0.778320 0.719971
vt 0.775879 0.732910
vt 0.773438 0.716309
vt 0.773438 0.716309
vt 0.781738 0.719238
vt 0.778320 0.719971
vt 0.781738 0.719238
vt 0.773438 0.716309
vt 0.786621 0.716064
vt 0.760742 0.712646
vt 0.767090 0.705566
vt 0.773438 0.716309
vt 0.819336 0.647705
vt 0.773926 0.614746
vt 0.821777 0.613525
vt 0.819336 0.647705
vt 0.776367 0.649170
vt 0.773926 0.614746
vt 0.804688 0.997864
vt 0.836426 0.974411
vt 0.826660 0.997831
vt 0.804688 0.997864
vt 0.770020 0.985321
vt 0.836426 0.974411
vt 0.814941 0.727783
vt 0.786621 0.716064
vt 0.811035 0.721680
vt 0.811035 0.721680
vt 0.786621 0.711914
vt 0.812500 0.718262
vt 0.786621 0.716064
vt 0.814941 0.727783
vt 0.781738 0.719238
vt 0.801270 0.957458
vt 0.826172 0.958679
vt 0.836426 0.974411
vt 0.786621 0.711914
vt 0.811035 0.721680
vt 0.786621 0.716064
vt 0.770020 0.985321
vt 0.801270 0.957458
vt 0.836426 0.974411
vt 0.913574 0.708496
vt 0.901367 0.716309
vt 0.900879 0.712402
vt 0.836426 0.974411
vt 0.835449 0.988518
vt 0.826660 0.997831
vt 0.767090 0.705566
vt 0.786621 0.716064
vt 0.773438 0.716309
vt 0.786621 0.716064
vt 0.767090 0.705566
vt 0.786621 0.711914
vt 0.448486 0.681152
vt 0.442139 0.687988
vt 0.445312 0.682861
vt 0.448486 0.681152
vt 0.448730 0.688477
vt 0.442139 0.687988
vt 0.417236 0.652588
vt 0.430664 0.672852
vt 0.412354 0.656006
vt 0.458252 0.673340
vt 0.448975 0.677490
vt 0.448730 0.673096
vt 0.412354 0.656006
vt 0.430664 0.672852
vt 0.411865 0.666260
vt 0.388672 0.665527
vt 0.383545 0.663330
vt 0.388916 0.659180
vt 0.458008 0.673096
vt 0.465332 0.656250
vt 0.466064 0.666748
vt 0.465332 0.656250
vt 0.458008 0.673096
vt 0.459961 0.652588
vt 0.448975 0.677490
vt 0.458252 0.673340
vt 0.459473 0.677734
vt 0.458496 0.675537
vt 0.459473 0.677734
vt 0.458252 0.673340
vt 0.411865 0.666260
vt 0.430664 0.672852
vt 0.418213 0.671875
vt 0.451172 0.682129
vt 0.457031 0.688965
vt 0.448486 0.681152
vt 0.457275 0.680908
vt 0.457031 0.688965
vt 0.451172 0.682129
vt 0.433350 0.677490
vt 0.433350 0.673096
vt 0.438965 0.677734
vt 0.438965 0.677734
vt 0.433350 0.673096
vt 0.438965 0.673096
vt 0.294922 0.600586
vt 0.302246 0.595947
vt 0.301270 0.605225
vt 0.442871 0.597900
vt 0.435059 0.595459
vt 0.438232 0.589844
vt 0.301270 0.605225
vt 0.302246 0.595947
vt 0.302979 0.596191
vt 0.293701 0.603760
vt 0.293945 0.594238
vt 0.294922 0.600586
vt 0.293945 0.594238
vt 0.302246 0.595947
vt 0.294922 0.600586
vt 0.381348 0.667480
vt 0.378906 0.666992
vt 0.383545 0.663330
vt 0.442871 0.597900
vt 0.433594 0.597656
vt 0.435059 0.595459
vt 0.433594 0.597656
vt 0.442871 0.597900
vt 0.429932 0.602783
vt 0.309082 0.603516
vt 0.302979 0.596191
vt 0.312256 0.594971
vt 0.373535 0.631348
vt 0.374512 0.626709
vt 0.384277 0.631592
vt 0.381836 0.625977
vt 0.384277 0.631592
vt 0.374512 0.626709
vt 0.320068 0.625488
vt 0.319824 0.628906
vt 0.316895 0.626953
vt 0.312500 0.591797
vt 0.317871 0.593506
vt 0.315186 0.595703
vt 0.312500 0.591797
vt 0.317383 0.589355
vt 0.317871 0.593506
vt 0.429932 0.602783
vt 0.425537 0.597168
vt 0.433594 0.597656
vt 0.295654 0.585938
vt 0.302246 0.595947
vt 0.293945 0.594238
vt 0.383545 0.663330
vt 0.388672 0.665527
vt 0.381348 0.667480
vt 0.328125 0.626465
vt 0.322998 0.631104
vt 0.320068 0.625488
vt 0.293701 0.635010
vt 0.292236 0.627686
vt 0.295654 0.630859
vt 0.312744 0.585938
vt 0.317383 0.589355
vt 0.312500 0.591797
vt 0.292236 0.627686
vt 0.301025 0.631348
vt 0.295654 0.630859
vt 0.302979 0.625488
vt 0.292236 0.627686
vt 0.291992 0.626465
vt 0.438965 0.677734
vt 0.448730 0.673096
vt 0.448975 0.677490
vt 0.384277 0.623291
vt 0.384277 0.631592
vt 0.381836 0.625977
vt 0.370117 0.668213
vt 0.371582 0.664551
vt 0.378906 0.666992
vt 0.316895 0.626953
vt 0.311768 0.625488
vt 0.320068 0.625488
vt 0.313721 0.628906
vt 0.311768 0.625488
vt 0.316895 0.626953
vt 0.317383 0.589355
vt 0.312744 0.585938
vt 0.317627 0.585938
vt 0.312744 0.585938
vt 0.315674 0.584961
vt 0.317627 0.585938
vt 0.366455 0.663330
vt 0.371582 0.664551
vt 0.370117 0.668213
vt 0.387451 0.656982
vt 0.364258 0.655518
vt 0.387207 0.645996
vt 0.448486 0.681152
vt 0.457031 0.688965
vt 0.448730 0.688477
vt 0.311768 0.624023
vt 0.320068 0.625488
vt 0.311768 0.625488
vt 0.456299 0.589844
vt 0.442871 0.597900
vt 0.438232 0.589844
vt 0.388916 0.659180
vt 0.396240 0.650391
vt 0.388672 0.665527
vt 0.367188 0.620117
vt 0.372314 0.623047
vt 0.364502 0.631592
vt 0.372314 0.623047
vt 0.374512 0.626709
vt 0.373535 0.631348
vt 0.373535 0.631348
vt 0.364502 0.631592
vt 0.372314 0.623047
vt 0.292236 0.627686
vt 0.303711 0.627686
vt 0.301025 0.631348
vt 0.302979 0.634766
vt 0.301025 0.634766
vt 0.301025 0.631348
vt 0.303711 0.627686
vt 0.302979 0.634766
vt 0.301025 0.631348
vt 0.295654 0.585938
vt 0.302002 0.585938
vt 0.302246 0.595947
vt 0.303711 0.627686
vt 0.292236 0.627686
vt 0.302979 0.625488
vt 0.319824 0.628906
vt 0.317627 0.653809
vt 0.317139 0.630859
vt 0.418213 0.671875
vt 0.430664 0.672852
vt 0.425293 0.671631
vt 0.293701 0.635010
vt 0.294678 0.658691
vt 0.293701 0.658691
vt 0.320068 0.625488
vt 0.319580 0.654785
vt 0.319824 0.628906
vt 0.320068 0.625488
vt 0.322754 0.653809
vt 0.319580 0.658203
vt 0.448730 0.673096
vt 0.438965 0.677734
vt 0.438965 0.673096
vt 0.387207 0.645996
vt 0.364258 0.655518
vt 0.381104 0.639160
vt 0.430420 0.681641
vt 0.427490 0.688232
vt 0.427490 0.682861
vt 0.319580 0.658203
vt 0.316650 0.656738
vt 0.319580 0.654785
vt 0.304443 0.587402
vt 0.307373 0.584961
vt 0.309326 0.585938
vt 0.309082 0.589844
vt 0.304443 0.587402
vt 0.309326 0.585938
vt 0.322998 0.631104
vt 0.322754 0.653809
vt 0.320068 0.625488
vt 0.421631 0.680908
vt 0.427490 0.682861
vt 0.419434 0.687744
vt 0.319580 0.654785
vt 0.320068 0.625488
vt 0.319580 0.658203
vt 0.317627 0.653809
vt 0.319824 0.628906
vt 0.319580 0.654785
vt 0.427490 0.682861
vt 0.427490 0.688232
vt 0.419434 0.687744
vt 0.328125 0.657227
vt 0.319580 0.658203
vt 0.322754 0.653809
vt 0.291992 0.665283
vt 0.293701 0.658691
vt 0.295166 0.661865
vt 0.294678 0.658691
vt 0.295166 0.661865
vt 0.293701 0.658691
vt 0.429932 0.602783
vt 0.442871 0.597900
vt 0.441406 0.605225
vt 0.385742 0.595703
vt 0.395020 0.604980
vt 0.381836 0.605469
vt 0.378662 0.636719
vt 0.368652 0.635010
vt 0.382812 0.633301
vt 0.385742 0.595703
vt 0.381836 0.605469
vt 0.373047 0.597412
vt 0.368652 0.605225
vt 0.373047 0.597412
vt 0.381836 0.605469
vt 0.820312 0.010254
vt 0.822754 0.010254
vt 0.821289 0.014648
vt 0.835938 0.010742
vt 0.821289 0.014648
vt 0.822754 0.010254
vt 0.807617 0.015137
vt 0.820312 0.010254
vt 0.821289 0.014648
vt 0.373047 0.597412
vt 0.368652 0.605225
vt 0.355225 0.602295
vt 0.807617 0.020996
vt 0.803711 0.011719
vt 0.807617 0.015137
vt 0.820312 0.010254
vt 0.807617 0.015137
vt 0.803711 0.011719
vt 0.429932 0.602783
vt 0.434570 0.617676
vt 0.423340 0.617676
vt 0.814941 0.218262
vt 0.811523 0.258789
vt 0.809082 0.222656
vt 0.434570 0.617676
vt 0.429932 0.602783
vt 0.441406 0.605225
vt 0.441406 0.605225
vt 0.442871 0.597900
vt 0.454834 0.602295
vt 0.809082 0.222656
vt 0.811523 0.258789
vt 0.807129 0.240234
vt 0.750977 0.012695
vt 0.751953 0.005371
vt 0.755859 0.010742
vt 0.755859 0.010742
vt 0.751953 0.005371
vt 0.755859 0.008789
vt 0.755859 0.008789
vt 0.769043 0.010254
vt 0.755859 0.010742
vt 0.769531 0.007324
vt 0.755859 0.008789
vt 0.753418 0.004395
vt 0.769043 0.010254
vt 0.755859 0.008789
vt 0.769531 0.007324
vt 0.810547 0.262695
vt 0.792969 0.261719
vt 0.811523 0.258789
vt 0.812988 0.262207
vt 0.810547 0.262695
vt 0.811523 0.258789
vt 0.770996 0.008789
vt 0.769531 0.007324
vt 0.771973 0.004883
vt 0.770996 0.008789
vt 0.769043 0.010254
vt 0.769531 0.007324
vt 0.769043 0.010254
vt 0.770996 0.008789
vt 0.771484 0.010254
vt 0.770996 0.008789
vt 0.788086 0.011719
vt 0.771484 0.010254
vt 0.755859 0.010742
vt 0.770508 0.014648
vt 0.753418 0.014648
vt 0.821289 0.014648
vt 0.835938 0.010742
vt 0.838379 0.014648
vt 0.803711 0.011719
vt 0.807617 0.020996
vt 0.802734 0.025391
vt 0.789062 0.024902
vt 0.803711 0.011719
vt 0.802734 0.025391
vt 0.803711 0.011719
vt 0.789062 0.024902
vt 0.788086 0.011719
vt 0.784180 0.020996
vt 0.788086 0.011719
vt 0.789062 0.024902
vt 0.770508 0.014648
vt 0.755859 0.010742
vt 0.769043 0.010254
vt 0.771484 0.010254
vt 0.770508 0.014648
vt 0.769043 0.010254
vt 0.771484 0.010254
vt 0.784180 0.015137
vt 0.770508 0.014648
vt 0.788086 0.011719
vt 0.784180 0.020996
vt 0.784180 0.015137
vt 0.784180 0.015137
vt 0.771484 0.010254
vt 0.788086 0.011719
vt 0.820801 0.009766
vt 0.822754 0.010254
vt 0.820312 0.010254
vt 0.822754 0.010254
vt 0.820801 0.009766
vt 0.822266 0.007324
vt 0.822266 0.007324
vt 0.820801 0.009766
vt 0.819824 0.004883
vt 0.854980 0.258301
vt 0.856445 0.262695
vt 0.854004 0.261719
vt 0.835449 0.008789
vt 0.822754 0.010254
vt 0.822266 0.007324
vt 0.875488 0.261230
vt 0.856445 0.262695
vt 0.854980 0.258301
vt 0.803711 0.011719
vt 0.820801 0.009766
vt 0.820312 0.010254
vt 0.835938 0.010742
vt 0.822754 0.010254
vt 0.835449 0.008789
vt 0.835449 0.008789
vt 0.822266 0.007324
vt 0.838379 0.004395
vt 0.839355 0.005371
vt 0.835938 0.010742
vt 0.835449 0.008789
vt 0.854980 0.258301
vt 0.814941 0.218262
vt 0.851074 0.217773
vt 0.395020 0.604980
vt 0.388428 0.617676
vt 0.381836 0.605469
vt 0.381836 0.605469
vt 0.388428 0.617676
vt 0.378174 0.617676
vt 0.381836 0.605469
vt 0.378174 0.617676
vt 0.368652 0.605225
vt 0.854980 0.258301
vt 0.851074 0.217773
vt 0.857422 0.222656
vt 0.367676 0.617676
vt 0.368652 0.605225
vt 0.378174 0.617676
vt 0.840820 0.012695
vt 0.835938 0.010742
vt 0.839355 0.005371
vt 0.857422 0.222656
vt 0.859375 0.239746
vt 0.854980 0.258301
vt 0.368652 0.605225
vt 0.367676 0.617676
vt 0.355225 0.602295
vt 0.820801 0.009766
vt 0.803711 0.011719
vt 0.788086 0.011719
vt 0.814941 0.218262
vt 0.854980 0.258301
vt 0.811523 0.258789
vt 0.454834 0.602295
vt 0.446777 0.617676
vt 0.441406 0.605225
vt 0.434570 0.617676
vt 0.441406 0.605225
vt 0.446777 0.617676
vt 0.454834 0.602295
vt 0.455566 0.617676
vt 0.446777 0.617676
vt 0.355225 0.602295
vt 0.367676 0.617676
vt 0.355713 0.617676
vt 0.854980 0.258301
vt 0.812988 0.262207
vt 0.811523 0.258789
vt 0.770996 0.008789
vt 0.771973 0.004883
vt 0.820801 0.009766
vt 0.812988 0.262207
vt 0.854980 0.258301
vt 0.854004 0.261719
vt 0.788086 0.011719
vt 0.770996 0.008789
vt 0.820801 0.009766
vt 0.820801 0.009766
vt 0.771973 0.004883
vt 0.819824 0.004883
vt 0.860352 0.537842
vt 0.862305 0.543457
vt 0.860352 0.540527
vt 0.806152 0.543457
vt 0.808105 0.538086
vt 0.808105 0.540771
vt 0.814453 0.480469
vt 0.854492 0.442383
vt 0.853516 0.480469
vt 0.755371 0.552734
vt 0.764160 0.572510
vt 0.750488 0.553223
vt 0.854492 0.442383
vt 0.856445 0.455078
vt 0.853516 0.480469
vt 0.858887 0.044922
vt 0.893066 0.006348
vt 0.894043 0.045898
vt 0.877930 0.063477
vt 0.858887 0.044922
vt 0.894043 0.045898
vt 0.876465 0.439453
vt 0.875977 0.522461
vt 0.857422 0.442383
vt 0.876953 0.653809
vt 0.878418 0.688965
vt 0.871582 0.688965
vt 0.814453 0.480469
vt 0.819336 0.483887
vt 0.817871 0.486816
vt 0.810547 0.531738
vt 0.810547 0.441895
vt 0.812012 0.455078
vt 0.898438 0.041504
vt 0.893066 0.006348
vt 0.899902 0.006348
vt 0.814453 0.480469
vt 0.812012 0.532227
vt 0.812012 0.455078
vt 0.817871 0.486816
vt 0.814941 0.532959
vt 0.814453 0.480469
vt 0.812012 0.455078
vt 0.812012 0.532227
vt 0.810547 0.531738
vt 0.812012 0.532227
vt 0.814453 0.480469
vt 0.814941 0.532959
vt 0.814941 0.532959
vt 0.817871 0.486816
vt 0.817871 0.533203
vt 0.909668 0.078125
vt 0.894043 0.045898
vt 0.923340 0.047363
vt 0.894043 0.045898
vt 0.918945 0.041992
vt 0.923340 0.047363
vt 0.814453 0.480469
vt 0.853516 0.480469
vt 0.819336 0.483887
vt 0.626465 0.968018
vt 0.636230 0.981628
vt 0.626953 0.981720
vt 0.837402 0.650146
vt 0.871582 0.688965
vt 0.836914 0.689941
vt 0.819336 0.483887
vt 0.853516 0.480469
vt 0.848633 0.483887
vt 0.636230 0.968750
vt 0.640137 0.981628
vt 0.636230 0.981628
vt 0.631836 0.994698
vt 0.626953 0.981720
vt 0.636230 0.981628
vt 0.830566 0.689941
vt 0.837402 0.650146
vt 0.836914 0.689941
vt 0.631836 0.994698
vt 0.636230 0.981628
vt 0.639160 0.984497
vt 0.721191 0.443359
vt 0.721191 0.422852
vt 0.723633 0.422852
vt 0.918945 0.041992
vt 0.894043 0.045898
vt 0.898438 0.041504
vt 0.723633 0.422852
vt 0.743164 0.422852
vt 0.745605 0.443359
vt 0.639160 0.984497
vt 0.639160 0.992043
vt 0.631836 0.994698
vt 0.639160 0.992043
vt 0.643066 0.996275
vt 0.631836 0.994698
vt 0.723633 0.422852
vt 0.745605 0.443359
vt 0.721191 0.443359
vt 0.749023 0.449219
vt 0.721191 0.443359
vt 0.745605 0.443359
vt 0.640137 0.954437
vt 0.647949 0.981583
vt 0.640137 0.981628
vt 0.591797 0.967804
vt 0.594238 0.974258
vt 0.586914 0.972397
vt 0.853516 0.480469
vt 0.850586 0.486328
vt 0.848633 0.483887
vt 0.857910 0.531494
vt 0.856445 0.455078
vt 0.857422 0.442383
vt 0.587402 0.988892
vt 0.584961 0.981094
vt 0.589844 0.984665
vt 0.743164 0.422852
vt 0.745605 0.422852
vt 0.745605 0.443359
vt 0.872559 0.649414
vt 0.897461 0.653320
vt 0.876953 0.653809
vt 0.764160 0.572510
vt 0.755371 0.552734
vt 0.767578 0.570312
vt 0.894043 0.045898
vt 0.893066 0.006348
vt 0.898438 0.041504
vt 0.791992 0.522949
vt 0.810547 0.441895
vt 0.810547 0.531738
vt 0.786621 0.531250
vt 0.767578 0.570312
vt 0.755371 0.552734
vt 0.767578 0.570312
vt 0.786621 0.531250
vt 0.806152 0.543457
vt 0.807617 0.536377
vt 0.786621 0.531250
vt 0.791992 0.522949
vt 0.856445 0.532227
vt 0.853516 0.480469
vt 0.856445 0.455078
vt 0.853516 0.532715
vt 0.850586 0.486328
vt 0.853516 0.480469
vt 0.894043 0.045898
vt 0.909668 0.078125
vt 0.877930 0.063477
vt 0.837402 0.650146
vt 0.830566 0.689941
vt 0.832031 0.649414
vt 0.856445 0.455078
vt 0.857910 0.531494
vt 0.856445 0.532227
vt 0.875977 0.522461
vt 0.876465 0.439453
vt 0.894043 0.473145
vt 0.850586 0.486328
vt 0.853516 0.532715
vt 0.850586 0.532959
vt 0.875977 0.522461
vt 0.894043 0.473145
vt 0.896973 0.512207
vt 0.896973 0.512207
vt 0.881836 0.531006
vt 0.875977 0.522461
vt 0.623047 0.954376
vt 0.631348 0.954193
vt 0.626465 0.968018
vt 0.750488 0.553223
vt 0.764160 0.572510
vt 0.722168 0.573975
vt 0.898438 0.041504
vt 0.899902 0.006348
vt 0.900879 0.041016
vt 0.626465 0.968018
vt 0.631348 0.954193
vt 0.636230 0.968750
vt 0.631348 0.954193
vt 0.640137 0.954437
vt 0.636230 0.968750
vt 0.636230 0.981628
vt 0.626465 0.968018
vt 0.636230 0.968750
vt 0.722168 0.573975
vt 0.764160 0.572510
vt 0.736328 0.592773
vt 0.640137 0.954437
vt 0.640137 0.981628
vt 0.636230 0.968750
vt 0.871582 0.688965
vt 0.837402 0.650146
vt 0.872559 0.649414
vt 0.651367 0.954132
vt 0.647949 0.981583
vt 0.640137 0.954437
vt 0.904297 0.572266
vt 0.913086 0.552490
vt 0.917969 0.552734
vt 0.913086 0.552490
vt 0.904297 0.572266
vt 0.900879 0.570068
vt 0.878418 0.688965
vt 0.876953 0.653809
vt 0.879395 0.653809
vt 0.584473 0.968750
vt 0.590820 0.966400
vt 0.586914 0.972397
vt 0.871582 0.688965
vt 0.872559 0.649414
vt 0.876953 0.653809
vt 0.651367 0.954132
vt 0.654785 0.982101
vt 0.647949 0.981583
vt 0.590820 0.966400
vt 0.584473 0.968750
vt 0.586914 0.963043
vt 0.900879 0.570068
vt 0.881836 0.531006
vt 0.913086 0.552490
vt 0.857910 0.531494
vt 0.857422 0.442383
vt 0.875977 0.522461
vt 0.881836 0.531006
vt 0.900879 0.570068
vt 0.862305 0.543457
vt 0.860840 0.536133
vt 0.875977 0.522461
vt 0.881836 0.531006
vt 0.853516 0.480469
vt 0.856445 0.532227
vt 0.853516 0.532715
vt 0.808105 0.538086
vt 0.786621 0.531250
vt 0.807617 0.536377
vt 0.808105 0.538086
vt 0.806152 0.543457
vt 0.786621 0.531250
vt 0.897461 0.653320
vt 0.872559 0.649414
vt 0.901855 0.647949
vt 0.749023 0.449219
vt 0.717773 0.449219
vt 0.721191 0.443359
vt 0.881836 0.531006
vt 0.860352 0.537842
vt 0.860840 0.536133
vt 0.862305 0.543457
vt 0.860352 0.537842
vt 0.881836 0.531006
vt 0.485840 0.755371
vt 0.488770 0.747314
vt 0.489502 0.752319
vt 0.485840 0.755371
vt 0.473145 0.759888
vt 0.488770 0.747314
vt 0.476318 0.835083
vt 0.492432 0.828613
vt 0.490234 0.833252
vt 0.476807 0.840454
vt 0.490234 0.833252
vt 0.492432 0.840332
vt 0.476074 0.848022
vt 0.492432 0.840332
vt 0.492676 0.847046
vt 0.469238 0.838501
vt 0.490234 0.833252
vt 0.476807 0.840454
vt 0.490234 0.833252
vt 0.469238 0.838501
vt 0.476318 0.835083
vt 0.492432 0.840332
vt 0.476074 0.848022
vt 0.476807 0.840454
vt 0.473145 0.759888
vt 0.485107 0.742920
vt 0.488770 0.747314
vt 0.447754 0.877502
vt 0.463379 0.884766
vt 0.448242 0.882568
vt 0.485107 0.742920
vt 0.473145 0.759888
vt 0.483643 0.731201
vt 0.463379 0.834961
vt 0.476318 0.835083
vt 0.469238 0.838501
vt 0.469238 0.838501
vt 0.476807 0.840454
vt 0.462891 0.840698
vt 0.469238 0.838501
vt 0.449219 0.833374
vt 0.463379 0.834961
vt 0.447510 0.828979
vt 0.463379 0.834961
vt 0.449219 0.833374
vt 0.449219 0.833374
vt 0.462891 0.840698
vt 0.447998 0.841064
vt 0.449219 0.833374
vt 0.469238 0.838501
vt 0.462891 0.840698
vt 0.463379 0.848145
vt 0.447998 0.841064
vt 0.462891 0.840698
vt 0.485107 0.742920
vt 0.487305 0.734375
vt 0.489014 0.739746
vt 0.485107 0.742920
vt 0.483643 0.731201
vt 0.487305 0.734375
vt 0.476318 0.853760
vt 0.492676 0.847046
vt 0.490723 0.851440
vt 0.476807 0.858643
vt 0.490723 0.851440
vt 0.492920 0.858765
vt 0.476562 0.866333
vt 0.492920 0.858765
vt 0.492676 0.864136
vt 0.490723 0.851440
vt 0.477051 0.855713
vt 0.476318 0.853760
vt 0.477051 0.855713
vt 0.490723 0.851440
vt 0.476807 0.858643
vt 0.492676 0.847046
vt 0.476318 0.853760
vt 0.476074 0.848022
vt 0.483643 0.731201
vt 0.485840 0.721436
vt 0.487305 0.726807
vt 0.478516 0.874634
vt 0.490967 0.869751
vt 0.492188 0.877197
vt 0.492920 0.858765
vt 0.476562 0.866333
vt 0.476807 0.858643
vt 0.476562 0.872070
vt 0.492676 0.864136
vt 0.490967 0.869751
vt 0.483643 0.731201
vt 0.482666 0.717773
vt 0.485840 0.721436
vt 0.492676 0.864136
vt 0.476562 0.872070
vt 0.476562 0.866333
vt 0.490967 0.869751
vt 0.478516 0.874634
vt 0.476562 0.872070
vt 0.476074 0.848022
vt 0.462891 0.840698
vt 0.476807 0.840454
vt 0.476074 0.848022
vt 0.463379 0.848145
vt 0.462891 0.840698
vt 0.462891 0.855713
vt 0.477051 0.855713
vt 0.476807 0.858643
vt 0.476074 0.848022
vt 0.463623 0.853516
vt 0.463379 0.848145
vt 0.462891 0.855713
vt 0.476807 0.858643
vt 0.462891 0.858887
vt 0.477051 0.855713
vt 0.462891 0.855713
vt 0.463623 0.853516
vt 0.463623 0.853516
vt 0.448242 0.845947
vt 0.463379 0.848145
vt 0.448242 0.845947
vt 0.463623 0.853516
vt 0.449219 0.851440
vt 0.462891 0.855713
vt 0.449219 0.851440
vt 0.463623 0.853516
vt 0.449219 0.851440
vt 0.462891 0.855713
vt 0.462891 0.858887
vt 0.449219 0.851440
vt 0.462891 0.858887
vt 0.447998 0.859253
vt 0.476318 0.853760
vt 0.463623 0.853516
vt 0.476074 0.848022
vt 0.477051 0.855713
vt 0.463623 0.853516
vt 0.476318 0.853760
vt 0.476562 0.866333
vt 0.462891 0.858887
vt 0.476807 0.858643
vt 0.476562 0.866333
vt 0.463379 0.866455
vt 0.462891 0.858887
vt 0.463379 0.866455
vt 0.447998 0.859253
vt 0.462891 0.858887
vt 0.448975 0.869751
vt 0.462646 0.874268
vt 0.462891 0.877441
vt 0.448975 0.869751
vt 0.462891 0.877441
vt 0.447754 0.877502
vt 0.476562 0.872070
vt 0.463379 0.871582
vt 0.476562 0.866333
vt 0.476562 0.866333
vt 0.463379 0.871582
vt 0.463379 0.866455
vt 0.463379 0.871582
vt 0.476562 0.872070
vt 0.462646 0.874268
vt 0.463379 0.871582
vt 0.448242 0.864258
vt 0.463379 0.866455
vt 0.448242 0.864258
vt 0.463379 0.871582
vt 0.448975 0.869751
vt 0.462646 0.874268
vt 0.448975 0.869751
vt 0.463379 0.871582
vt 0.500488 0.688721
vt 0.503418 0.697510
vt 0.499756 0.694580
vt 0.516113 0.701904
vt 0.503418 0.697510
vt 0.503418 0.686035
vt 0.503418 0.686035
vt 0.503418 0.697510
vt 0.500488 0.688721
vt 0.447998 0.841064
vt 0.463379 0.848145
vt 0.448242 0.845947
vt 0.516113 0.701904
vt 0.503418 0.686035
vt 0.504883 0.673340
vt 0.501465 0.676025
vt 0.503418 0.686035
vt 0.500488 0.681885
vt 0.504883 0.673340
vt 0.503418 0.686035
vt 0.501465 0.676025
vt 0.447998 0.859253
vt 0.463379 0.866455
vt 0.448242 0.864258
vt 0.516113 0.701904
vt 0.504883 0.673340
vt 0.506348 0.660645
vt 0.503418 0.663574
vt 0.504883 0.673340
vt 0.502441 0.669189
vt 0.463379 0.889893
vt 0.448242 0.882568
vt 0.463379 0.884766
vt 0.476562 0.884705
vt 0.463379 0.889893
vt 0.463379 0.884766
vt 0.476562 0.890564
vt 0.463379 0.889893
vt 0.476562 0.884705
vt 0.478516 0.874634
vt 0.462646 0.874268
vt 0.476562 0.872070
vt 0.506348 0.660645
vt 0.504883 0.673340
vt 0.503418 0.663574
vt 0.463379 0.884766
vt 0.447754 0.877502
vt 0.462891 0.877441
vt 0.476562 0.884705
vt 0.463379 0.884766
vt 0.462891 0.877441
vt 0.462646 0.874268
vt 0.478516 0.874634
vt 0.462891 0.877441
vt 0.476562 0.884705
vt 0.462891 0.877441
vt 0.478516 0.874634
vt 0.492188 0.877197
vt 0.476562 0.884705
vt 0.478516 0.874634
vt 0.476562 0.884705
vt 0.492188 0.877197
vt 0.491455 0.882507
vt 0.483643 0.731201
vt 0.473389 0.646240
vt 0.482666 0.717773
vt 0.473145 0.759888
vt 0.473389 0.646240
vt 0.483643 0.731201
vt 0.491455 0.882507
vt 0.476562 0.890564
vt 0.476562 0.884705
vt 0.643066 0.286133
vt 0.598145 0.289062
vt 0.600586 0.287109
vt 0.611816 0.264648
vt 0.633789 0.264648
vt 0.612305 0.274414
vt 0.633789 0.274414
vt 0.612305 0.274414
vt 0.633789 0.264648
vt 0.718750 0.021973
vt 0.716309 0.037598
vt 0.712891 0.017090
vt 0.711914 0.019531
vt 0.712891 0.017090
vt 0.716309 0.037598
vt 0.643066 0.286133
vt 0.600586 0.287109
vt 0.612305 0.274414
vt 0.643066 0.286133
vt 0.612305 0.274414
vt 0.633789 0.274414
vt 0.709961 0.004395
vt 0.718750 0.021973
vt 0.712891 0.017090
vt 0.648926 0.065430
vt 0.615723 0.014648
vt 0.662109 0.032715
vt 0.648926 0.065430
vt 0.603516 0.048828
vt 0.615723 0.014648
vt 0.731934 0.018555
vt 0.745117 0.052246
vt 0.724121 0.042480
vt 0.700684 0.044434
vt 0.711914 0.019531
vt 0.716309 0.037598
vt 0.716309 0.037598
vt 0.718750 0.021973
vt 0.724121 0.042480
vt 0.710449 0.042969
vt 0.716309 0.037598
vt 0.724121 0.042480
vt 0.711914 0.019531
vt 0.700684 0.044434
vt 0.699707 0.033691
vt 0.700684 0.044434
vt 0.715332 0.046387
vt 0.701172 0.047852
vt 0.710449 0.042969
vt 0.700684 0.044434
vt 0.716309 0.037598
vt 0.715332 0.046387
vt 0.700684 0.044434
vt 0.710449 0.042969
vt 0.679199 0.060547
vt 0.666016 0.074219
vt 0.669434 0.055664
vt 0.666016 0.074219
vt 0.650879 0.066406
vt 0.669434 0.055664
vt 0.648926 0.065430
vt 0.671387 0.020508
vt 0.650879 0.066406
vt 0.669434 0.055664
vt 0.650879 0.066406
vt 0.671387 0.020508
vt 0.545410 0.009277
vt 0.595215 0.007812
vt 0.595215 0.010742
vt 0.648926 0.065430
vt 0.662109 0.032715
vt 0.671387 0.020508
vt 0.545410 0.009277
vt 0.595215 0.010742
vt 0.595215 0.029785
vt 0.725586 0.006836
vt 0.731934 0.018555
vt 0.724121 0.042480
vt 0.724121 0.042480
vt 0.718750 0.021973
vt 0.725586 0.006836
vt 0.712891 0.017090
vt 0.705078 0.004395
vt 0.709961 0.004395
vt 0.698242 0.171387
vt 0.701172 0.063965
vt 0.709961 0.169922
vt 0.611816 0.264648
vt 0.613281 0.138184
vt 0.633789 0.138184
vt 0.687012 0.078613
vt 0.696289 0.185547
vt 0.687988 0.185059
vt 0.709961 0.169922
vt 0.720703 0.063477
vt 0.722168 0.183105
vt 0.720703 0.063477
vt 0.730957 0.169922
vt 0.722168 0.183105
vt 0.718750 0.021973
vt 0.709961 0.004395
vt 0.725586 0.006836
vt 0.720703 0.063477
vt 0.709961 0.169922
vt 0.709961 0.063965
vt 0.687988 0.185059
vt 0.693848 0.201172
vt 0.679199 0.196289
vt 0.693848 0.201172
vt 0.665527 0.229980
vt 0.679199 0.196289
vt 0.693848 0.201172
vt 0.687988 0.185059
vt 0.696289 0.185547
vt 0.613770 0.124512
vt 0.633789 0.138184
vt 0.613281 0.138184
vt 0.709961 0.169922
vt 0.699219 0.186035
vt 0.698242 0.171387
vt 0.633789 0.138184
vt 0.613770 0.124512
vt 0.634766 0.123535
vt 0.613770 0.124512
vt 0.613770 0.084961
vt 0.634766 0.123535
vt 0.699219 0.186035
vt 0.709961 0.169922
vt 0.709473 0.185547
vt 0.709473 0.185547
vt 0.709961 0.169922
vt 0.722168 0.183105
vt 0.718750 0.222168
vt 0.699219 0.186035
vt 0.709473 0.185547
vt 0.679199 0.196289
vt 0.665527 0.229980
vt 0.670898 0.199707
vt 0.679199 0.196289
vt 0.687012 0.078613
vt 0.687988 0.185059
vt 0.670898 0.199707
vt 0.680664 0.079102
vt 0.679199 0.196289
vt 0.687012 0.078613
vt 0.679199 0.196289
vt 0.680664 0.079102
vt 0.709961 0.063965
vt 0.709961 0.169922
vt 0.701172 0.063965
vt 0.698242 0.171387
vt 0.700684 0.044434
vt 0.701172 0.063965
vt 0.693848 0.201172
vt 0.675293 0.235840
vt 0.665527 0.229980
vt 0.634766 0.123535
vt 0.613770 0.084961
vt 0.634277 0.084473
vt 0.722168 0.183105
vt 0.737793 0.212402
vt 0.709473 0.185547
vt 0.709473 0.185547
vt 0.737793 0.212402
vt 0.728027 0.216797
vt 0.709473 0.185547
vt 0.728027 0.216797
vt 0.718750 0.222168
vt 0.633789 0.138184
vt 0.633789 0.264648
vt 0.611816 0.264648
vt 0.693359 0.078125
vt 0.696289 0.185547
vt 0.687012 0.078613
vt 0.693848 0.058105
vt 0.696289 0.185547
vt 0.693359 0.078125
vt 0.730957 0.169922
vt 0.720703 0.063477
vt 0.728516 0.060059
vt 0.674316 0.077637
vt 0.670898 0.199707
vt 0.666016 0.074219
vt 0.680664 0.079102
vt 0.670898 0.199707
vt 0.674316 0.077637
vt 0.701172 0.063965
vt 0.701172 0.047852
vt 0.709961 0.063965
vt 0.701172 0.063965
vt 0.700684 0.044434
vt 0.701172 0.047852
vt 0.680664 0.079102
vt 0.693359 0.078125
vt 0.687012 0.078613
vt 0.680664 0.079102
vt 0.693359 0.062012
vt 0.693359 0.078125
vt 0.693359 0.078125
vt 0.693359 0.062012
vt 0.693848 0.058105
vt 0.529297 0.328125
vt 0.525879 0.319824
vt 0.528320 0.318359
vt 0.525879 0.319824
vt 0.529297 0.328125
vt 0.526855 0.330566
vt 0.634277 0.084473
vt 0.613770 0.084961
vt 0.631836 0.082520
vt 0.631836 0.082520
vt 0.613770 0.084961
vt 0.614746 0.081543
vt 0.545410 0.009277
vt 0.595215 0.029785
vt 0.545898 0.029785
vt 0.715332 0.046387
vt 0.720703 0.063477
vt 0.709961 0.063965
vt 0.715332 0.046387
vt 0.728516 0.060059
vt 0.720703 0.063477
vt 0.527832 0.013672
vt 0.528320 0.021973
vt 0.526367 0.020508
vt 0.724121 0.042480
vt 0.715332 0.046387
vt 0.710449 0.042969
vt 0.701172 0.047852
vt 0.715332 0.046387
vt 0.709961 0.063965
vt 0.728516 0.060059
vt 0.715332 0.046387
vt 0.724121 0.042480
vt 0.724121 0.042480
vt 0.745117 0.052246
vt 0.728516 0.060059
vt 0.693359 0.062012
vt 0.680664 0.079102
vt 0.679199 0.060547
vt 0.693359 0.062012
vt 0.679199 0.060547
vt 0.693848 0.058105
vt 0.674316 0.077637
vt 0.679199 0.060547
vt 0.680664 0.079102
vt 0.666016 0.074219
vt 0.679199 0.060547
vt 0.674316 0.077637
vt 0.527832 0.013672
vt 0.526855 0.003418
vt 0.529297 0.004883
vt 0.363770 0.979614
vt 0.434082 0.955444
vt 0.428711 0.979675
vt 0.424805 0.987732
vt 0.363770 0.979614
vt 0.428711 0.979675
vt 0.898926 0.166016
vt 0.908203 0.125000
vt 0.907715 0.165039
vt 0.928223 0.414062
vt 0.935547 0.373535
vt 0.935547 0.430664
vt 0.367676 0.994629
vt 0.424805 0.987732
vt 0.426758 0.993420
vt 0.428711 0.979675
vt 0.431641 0.988411
vt 0.424805 0.987732
vt 0.886719 0.125488
vt 0.898926 0.166016
vt 0.891602 0.170410
vt 0.885254 0.169922
vt 0.886719 0.125488
vt 0.891602 0.170410
vt 0.713867 0.958069
vt 0.749512 0.954163
vt 0.755371 0.958008
vt 0.749512 0.954163
vt 0.713867 0.958069
vt 0.716797 0.954224
vt 0.886719 0.125488
vt 0.885254 0.169922
vt 0.882812 0.103027
vt 0.763184 0.983459
vt 0.768066 0.991394
vt 0.764160 0.991333
vt 0.948730 0.028320
vt 0.934082 0.007324
vt 0.951172 0.006836
vt 0.764160 0.995544
vt 0.723145 0.995544
vt 0.764160 0.991333
vt 0.713867 0.932129
vt 0.755371 0.932007
vt 0.749512 0.935913
vt 0.882812 0.103027
vt 0.887207 0.102539
vt 0.886719 0.125488
vt 0.768066 0.991394
vt 0.763184 0.983459
vt 0.767090 0.981201
vt 0.882812 0.103027
vt 0.875977 0.127930
vt 0.879883 0.102539
vt 0.934082 0.007324
vt 0.934570 0.024414
vt 0.933594 0.014160
vt 0.930664 0.014160
vt 0.933594 0.014160
vt 0.928711 0.018066
vt 0.934082 0.007324
vt 0.948730 0.028320
vt 0.934570 0.024414
vt 0.934570 0.024414
vt 0.928711 0.018066
vt 0.933594 0.014160
vt 0.763184 0.983459
vt 0.728027 0.979797
vt 0.763672 0.979919
vt 0.935547 0.373535
vt 0.928223 0.414062
vt 0.928223 0.373535
vt 0.908203 0.125000
vt 0.898926 0.166016
vt 0.886719 0.125488
vt 0.367676 0.987732
vt 0.424805 0.987732
vt 0.367676 0.994629
vt 0.886719 0.125488
vt 0.909668 0.122559
vt 0.908203 0.125000
vt 0.424805 0.987732
vt 0.367676 0.987732
vt 0.363770 0.979614
vt 0.935547 0.373535
vt 0.928223 0.373535
vt 0.935547 0.370117
vt 0.928223 0.370117
vt 0.935547 0.370117
vt 0.928223 0.373535
vt 0.359863 0.989929
vt 0.359131 0.984489
vt 0.367676 0.987732
vt 0.367676 0.987732
vt 0.359131 0.984489
vt 0.363770 0.979614
vt 0.713867 0.932129
vt 0.749512 0.935913
vt 0.716309 0.935974
vt 0.764160 0.991333
vt 0.723145 0.995544
vt 0.723145 0.991333
vt 0.948730 0.028320
vt 0.945801 0.059082
vt 0.935547 0.057129
vt 0.719238 0.991394
vt 0.719727 0.985901
vt 0.723145 0.991333
vt 0.909668 0.122559
vt 0.886719 0.125488
vt 0.887207 0.102539
vt 0.728027 0.979797
vt 0.763184 0.983459
vt 0.727539 0.983139
vt 0.934570 0.024414
vt 0.948730 0.028320
vt 0.935547 0.057129
vt 0.934570 0.024414
vt 0.928711 0.047363
vt 0.928711 0.018066
vt 0.909668 0.122559
vt 0.887207 0.102539
vt 0.916992 0.103027
vt 0.928223 0.370117
vt 0.928223 0.363281
vt 0.935547 0.370117
vt 0.354736 0.969299
vt 0.363770 0.979614
vt 0.359131 0.984489
vt 0.909668 0.122559
vt 0.916992 0.103027
vt 0.916992 0.121094
vt 0.727539 0.983139
vt 0.719727 0.985901
vt 0.728027 0.979797
vt 0.928711 0.047363
vt 0.934570 0.024414
vt 0.933594 0.057129
vt 0.719727 0.985901
vt 0.727539 0.983139
vt 0.723145 0.991333
vt 0.933594 0.057129
vt 0.934570 0.024414
vt 0.935547 0.057129
vt 0.849121 0.947357
vt 0.884766 0.944641
vt 0.888672 0.947449
vt 0.759277 0.919189
vt 0.780273 0.919922
vt 0.763184 0.925110
vt 0.723145 0.991333
vt 0.763184 0.983459
vt 0.764160 0.991333
vt 0.716309 0.935974
vt 0.749512 0.935913
vt 0.749512 0.954163
vt 0.777832 0.903992
vt 0.771484 0.904114
vt 0.774414 0.884155
vt 0.749023 0.896362
vt 0.739746 0.891296
vt 0.757812 0.879761
vt 0.750000 0.896729
vt 0.749023 0.896362
vt 0.757812 0.879761
vt 0.769531 0.884399
vt 0.774414 0.884155
vt 0.771484 0.904114
vt 0.777832 0.903992
vt 0.774414 0.884155
vt 0.778320 0.880310
vt 0.739746 0.891296
vt 0.752930 0.869995
vt 0.757812 0.879761
vt 0.763672 0.879700
vt 0.750000 0.896729
vt 0.760742 0.876892
vt 0.750000 0.896729
vt 0.757812 0.879761
vt 0.760742 0.876892
vt 0.749512 0.954163
vt 0.716797 0.954224
vt 0.716309 0.935974
vt 0.884766 0.944641
vt 0.849121 0.922424
vt 0.884277 0.924438
vt 0.849121 0.922424
vt 0.888672 0.921570
vt 0.884277 0.924438
vt 0.849121 0.922424
vt 0.884766 0.944641
vt 0.849121 0.947357
vt 0.888672 0.921570
vt 0.849121 0.922424
vt 0.847168 0.913269
vt 0.631348 0.884827
vt 0.669922 0.883728
vt 0.702637 0.882935
vt 0.763184 0.983459
vt 0.723145 0.991333
vt 0.727539 0.983139
vt 0.847168 0.913269
vt 0.888184 0.911316
vt 0.888672 0.921570
vt 0.776367 0.864746
vt 0.769531 0.884399
vt 0.772949 0.863037
vt 0.769531 0.884399
vt 0.776367 0.864746
vt 0.774414 0.884155
vt 0.778320 0.880310
vt 0.774414 0.884155
vt 0.776367 0.864746
vt 0.847168 0.913269
vt 0.849121 0.922424
vt 0.845215 0.922241
vt 0.849121 0.947357
vt 0.845215 0.922241
vt 0.849121 0.922424
vt 0.772949 0.863037
vt 0.769531 0.884399
vt 0.763672 0.879700
vt 0.752930 0.869995
vt 0.764648 0.858276
vt 0.767578 0.863281
vt 0.769531 0.858398
vt 0.767578 0.863281
vt 0.764648 0.858276
vt 0.769531 0.858398
vt 0.769043 0.862061
vt 0.767578 0.863281
vt 0.757812 0.879761
vt 0.767578 0.863281
vt 0.760742 0.876892
vt 0.757812 0.879761
vt 0.752930 0.869995
vt 0.767578 0.863281
vt 0.769043 0.863281
vt 0.760742 0.876892
vt 0.767578 0.863281
vt 0.760742 0.876892
vt 0.769043 0.863281
vt 0.763672 0.879700
vt 0.763672 0.879700
vt 0.769043 0.863281
vt 0.772949 0.863037
vt 0.067505 0.670166
vt 0.070740 0.684570
vt 0.063599 0.684570
vt 0.098877 0.693604
vt 0.097839 0.688721
vt 0.103577 0.687744
vt 0.097839 0.688721
vt 0.098877 0.693604
vt 0.095032 0.698486
vt 0.086853 0.656738
vt 0.093933 0.651367
vt 0.095154 0.666260
vt 0.106873 0.708008
vt 0.100708 0.708252
vt 0.098145 0.698730
vt 0.106140 0.665527
vt 0.095154 0.666260
vt 0.099915 0.651611
vt 0.028503 0.669189
vt 0.027908 0.684326
vt 0.022644 0.671387
vt 0.025131 0.667969
vt 0.028503 0.669189
vt 0.022644 0.671387
vt 0.081909 0.682861
vt 0.079834 0.679688
vt 0.084167 0.680420
vt 0.095154 0.666260
vt 0.093933 0.651367
vt 0.099915 0.651611
vt 0.088379 0.683105
vt 0.084167 0.680420
vt 0.088684 0.679932
vt 0.084167 0.680420
vt 0.088379 0.683105
vt 0.081909 0.682861
vt 0.116882 0.665527
vt 0.106140 0.665527
vt 0.116516 0.651611
vt 0.015259 0.685059
vt 0.022644 0.671387
vt 0.027908 0.684326
vt 0.098877 0.693604
vt 0.098145 0.698730
vt 0.095032 0.698486
vt 0.106140 0.665527
vt 0.113953 0.629150
vt 0.113647 0.649658
vt 0.108643 0.670166
vt 0.088745 0.666992
vt 0.109680 0.667236
vt 0.070251 0.648438
vt 0.076477 0.685059
vt 0.070251 0.670166
vt 0.015259 0.685059
vt 0.018539 0.648682
vt 0.018570 0.669922
vt 0.088684 0.679932
vt 0.109924 0.682617
vt 0.088379 0.683105
vt 0.088745 0.666992
vt 0.108643 0.670166
vt 0.088196 0.670166
vt 0.109924 0.682617
vt 0.088684 0.679932
vt 0.109314 0.679688
vt 0.074951 0.643066
vt 0.076477 0.685059
vt 0.070251 0.648438
vt 0.018539 0.648682
vt 0.015259 0.685059
vt 0.013901 0.643066
vt 0.108582 0.596191
vt 0.099915 0.651611
vt 0.099854 0.629639
vt 0.098145 0.698730
vt 0.100708 0.708252
vt 0.095032 0.698486
vt 0.024887 0.648682
vt 0.028503 0.669189
vt 0.025131 0.667969
vt 0.070251 0.670166
vt 0.076477 0.685059
vt 0.070740 0.684570
vt 0.099854 0.694092
vt 0.104248 0.689453
vt 0.108154 0.688721
vt 0.117188 0.679688
vt 0.135986 0.679688
vt 0.137695 0.682861
vt 0.137695 0.682861
vt 0.117004 0.682861
vt 0.117188 0.679688
vt 0.094360 0.630371
vt 0.093933 0.651367
vt 0.086853 0.656738
vt 0.099915 0.651611
vt 0.108582 0.596191
vt 0.106140 0.665527
vt 0.113953 0.629150
vt 0.106140 0.665527
vt 0.108582 0.596191
vt 0.070251 0.670166
vt 0.070740 0.684570
vt 0.067505 0.670166
vt 0.116516 0.651611
vt 0.106140 0.665527
vt 0.113647 0.649658
vt 0.109680 0.667236
vt 0.112549 0.668945
vt 0.108643 0.670166
vt 0.074402 0.706787
vt 0.073547 0.694580
vt 0.076538 0.703369
vt 0.073547 0.694580
vt 0.074402 0.706787
vt 0.070190 0.697754
vt 0.088196 0.670166
vt 0.085205 0.667480
vt 0.088745 0.666992
vt 0.099854 0.629639
vt 0.097778 0.596191
vt 0.108582 0.596191
vt 0.073364 0.687744
vt 0.073547 0.694580
vt 0.070190 0.697754
vt 0.086853 0.656738
vt 0.086792 0.596191
vt 0.094360 0.630371
vt 0.117004 0.682861
vt 0.113037 0.680176
vt 0.117188 0.679688
vt 0.109924 0.682617
vt 0.109314 0.679688
vt 0.113037 0.680176
vt 0.109924 0.682617
vt 0.113037 0.680176
vt 0.117004 0.682861
vt 0.099854 0.629639
vt 0.094360 0.630371
vt 0.097778 0.596191
vt 0.013901 0.643066
vt 0.013901 0.596191
vt 0.018295 0.596191
vt 0.074951 0.643066
vt 0.070068 0.596191
vt 0.074463 0.596191
vt 0.086487 0.705322
vt 0.074402 0.706787
vt 0.076538 0.703369
vt 0.074402 0.706787
vt 0.086487 0.705322
vt 0.084045 0.709473
vt 0.070068 0.596191
vt 0.070251 0.648438
vt 0.067139 0.646973
vt 0.021713 0.646973
vt 0.018295 0.596191
vt 0.025391 0.596191
vt 0.070068 0.596191
vt 0.074951 0.643066
vt 0.070251 0.648438
vt 0.018295 0.596191
vt 0.021713 0.646973
vt 0.018539 0.648682
vt 0.018295 0.596191
vt 0.018539 0.648682
vt 0.013901 0.643066
vt 0.022644 0.671387
vt 0.015259 0.685059
vt 0.018570 0.669922
vt 0.086792 0.596191
vt 0.086853 0.656738
vt 0.075684 0.595947
vt 0.025391 0.596191
vt 0.028503 0.669189
vt 0.024887 0.648682
vt 0.025391 0.596191
vt 0.024887 0.648682
vt 0.021713 0.646973
vt 0.097778 0.596191
vt 0.094360 0.630371
vt 0.086792 0.596191
vt 0.086853 0.656738
vt 0.095154 0.666260
vt 0.089355 0.665527
vt 0.027908 0.684326
vt 0.028503 0.669189
vt 0.036926 0.684570
vt 0.086853 0.656738
vt 0.089355 0.665527
vt 0.086121 0.664551
vt 0.106873 0.708008
vt 0.115723 0.705078
vt 0.108337 0.709473
vt 0.115723 0.705078
vt 0.116943 0.706543
vt 0.109802 0.710693
vt 0.115723 0.705078
vt 0.109802 0.710693
vt 0.108337 0.709473
vt 0.085205 0.666260
vt 0.086853 0.656738
vt 0.086121 0.664551
vt 0.086853 0.656738
vt 0.085205 0.666260
vt 0.077209 0.651367
vt 0.117126 0.687012
vt 0.121460 0.698486
vt 0.117920 0.694336
vt 0.140991 0.651123
vt 0.148804 0.665771
vt 0.136841 0.665771
vt 0.112793 0.688232
vt 0.117126 0.687012
vt 0.117920 0.694336
vt 0.047211 0.684570
vt 0.050873 0.670898
vt 0.054749 0.684570
vt 0.117920 0.694336
vt 0.121460 0.698486
vt 0.115723 0.705078
vt 0.115723 0.705078
vt 0.121460 0.698486
vt 0.116943 0.706543
vt 0.036926 0.684570
vt 0.044189 0.669434
vt 0.047211 0.684570
vt 0.079590 0.630371
vt 0.075684 0.595947
vt 0.086853 0.656738
vt 0.154541 0.650879
vt 0.157959 0.665283
vt 0.148804 0.665771
vt 0.136841 0.665771
vt 0.134644 0.651123
vt 0.140991 0.651123
vt 0.047211 0.684570
vt 0.044189 0.669434
vt 0.050873 0.670898
vt 0.111816 0.677979
vt 0.109863 0.675049
vt 0.116394 0.675293
vt 0.277100 0.631836
vt 0.276611 0.625488
vt 0.277832 0.631592
vt 0.107666 0.678711
vt 0.109863 0.675049
vt 0.111816 0.677979
vt 0.277100 0.631836
vt 0.263916 0.627197
vt 0.276611 0.625488
vt 0.235596 0.681396
vt 0.225464 0.592529
vt 0.236084 0.592529
vt 0.044189 0.669434
vt 0.048553 0.667969
vt 0.050873 0.670898
vt 0.044189 0.669434
vt 0.036926 0.684570
vt 0.037811 0.670898
vt 0.040253 0.667969
vt 0.044189 0.669434
vt 0.037811 0.670898
vt 0.106140 0.671387
vt 0.107666 0.674316
vt 0.103516 0.673584
vt 0.076843 0.666260
vt 0.077209 0.651367
vt 0.085205 0.666260
vt 0.277832 0.631592
vt 0.289795 0.625244
vt 0.290039 0.631592
vt 0.158203 0.651123
vt 0.157959 0.665283
vt 0.154541 0.650879
vt 0.037811 0.670898
vt 0.036926 0.684570
vt 0.033630 0.670166
vt 0.106140 0.671387
vt 0.103516 0.673584
vt 0.101990 0.670898
vt 0.101990 0.670898
vt 0.103516 0.673584
vt 0.098938 0.674316
vt 0.097656 0.671143
vt 0.101990 0.670898
vt 0.098938 0.674316
vt 0.088379 0.675049
vt 0.109863 0.675049
vt 0.107666 0.678711
vt 0.291016 0.626953
vt 0.290039 0.631592
vt 0.289795 0.625244
vt 0.044189 0.669434
vt 0.048767 0.648438
vt 0.048553 0.667969
vt 0.127075 0.674316
vt 0.107666 0.674316
vt 0.106140 0.671387
vt 0.040253 0.667969
vt 0.039978 0.648438
vt 0.044189 0.669434
vt 0.148804 0.665771
vt 0.140991 0.651123
vt 0.140259 0.628906
vt 0.088379 0.675049
vt 0.107666 0.678711
vt 0.088745 0.678467
vt 0.154419 0.628906
vt 0.154541 0.650879
vt 0.148804 0.665771
vt 0.106140 0.671387
vt 0.127197 0.671387
vt 0.127075 0.674316
vt 0.080261 0.650391
vt 0.079590 0.630371
vt 0.086853 0.656738
vt 0.140259 0.628906
vt 0.144531 0.595703
vt 0.148804 0.665771
vt 0.148804 0.665771
vt 0.157593 0.595459
vt 0.154419 0.628906
vt 0.086853 0.656738
vt 0.077209 0.651367
vt 0.080261 0.650391
vt 0.127197 0.671387
vt 0.130615 0.673828
vt 0.127075 0.674316
vt 0.130615 0.673828
vt 0.127197 0.671387
vt 0.130493 0.670898
vt 0.134399 0.671387
vt 0.130615 0.673828
vt 0.130493 0.670898
vt 0.157593 0.595459
vt 0.157837 0.627930
vt 0.154419 0.628906
vt 0.076355 0.628906
vt 0.075684 0.595947
vt 0.079590 0.630371
vt 0.157593 0.595459
vt 0.148804 0.665771
vt 0.144531 0.595703
vt 0.039978 0.648438
vt 0.038300 0.596191
vt 0.044189 0.669434
vt 0.038300 0.596191
vt 0.039978 0.648438
vt 0.036835 0.646973
vt 0.084900 0.685303
vt 0.083130 0.687744
vt 0.073364 0.687744
vt 0.073547 0.694580
vt 0.073364 0.687744
vt 0.083130 0.687744
vt 0.278809 0.640869
vt 0.277100 0.631836
vt 0.277832 0.631592
vt 0.225464 0.681396
vt 0.215820 0.592529
vt 0.225464 0.592529
vt 0.277100 0.631836
vt 0.278809 0.640869
vt 0.275635 0.640625
vt 0.275635 0.640625
vt 0.263916 0.639648
vt 0.277100 0.631836
vt 0.278809 0.640869
vt 0.276611 0.647949
vt 0.275635 0.640625
vt 0.276611 0.647949
vt 0.278809 0.640869
vt 0.278076 0.647949
vt 0.215332 0.681396
vt 0.205322 0.592529
vt 0.215820 0.592529
vt 0.278076 0.647949
vt 0.276367 0.654053
vt 0.276611 0.647949
vt 0.290039 0.631592
vt 0.278809 0.640869
vt 0.277832 0.631592
vt 0.263916 0.627197
vt 0.277100 0.631836
vt 0.263916 0.639648
vt 0.225464 0.592529
vt 0.235596 0.681396
vt 0.225464 0.681396
vt 0.278809 0.640869
vt 0.290039 0.631592
vt 0.290039 0.640869
vt 0.290039 0.631592
vt 0.291016 0.626953
vt 0.291016 0.639648
vt 0.291016 0.639648
vt 0.290039 0.640869
vt 0.290039 0.631592
vt 0.275635 0.640625
vt 0.264404 0.649414
vt 0.263916 0.639648
vt 0.215332 0.681396
vt 0.215820 0.592529
vt 0.225464 0.681396
vt 0.290039 0.649902
vt 0.291260 0.657959
vt 0.290039 0.658447
vt 0.291260 0.657959
vt 0.290039 0.649902
vt 0.291260 0.649414
vt 0.290039 0.658447
vt 0.279053 0.654541
vt 0.290039 0.649902
vt 0.276367 0.654053
vt 0.263672 0.657715
vt 0.264404 0.649414
vt 0.278076 0.647949
vt 0.290039 0.649902
vt 0.279053 0.654541
vt 0.276367 0.654053
vt 0.278076 0.647949
vt 0.279053 0.654541
vt 0.264404 0.649414
vt 0.276611 0.647949
vt 0.276367 0.654053
vt 0.264404 0.649414
vt 0.275635 0.640625
vt 0.276611 0.647949
vt 0.290039 0.640869
vt 0.291260 0.649414
vt 0.290039 0.649902
vt 0.291260 0.649414
vt 0.290039 0.640869
vt 0.291016 0.639648
vt 0.290039 0.649902
vt 0.278809 0.640869
vt 0.290039 0.640869
vt 0.278809 0.640869
vt 0.290039 0.649902
vt 0.278076 0.647949
vt 0.320312 0.595703
vt 0.320801 0.604980
vt 0.319336 0.596191
vt 0.421143 0.626221
vt 0.412842 0.631348
vt 0.412598 0.625000
vt 0.373047 0.597412
vt 0.355225 0.589844
vt 0.371338 0.589844
vt 0.387939 0.641113
vt 0.388916 0.636230
vt 0.396240 0.650391
vt 0.320068 0.623535
vt 0.323975 0.623779
vt 0.326904 0.623535
vt 0.371094 0.639648
vt 0.381104 0.639160
vt 0.364258 0.655518
vt 0.384033 0.636963
vt 0.388916 0.636230
vt 0.387939 0.641113
vt 0.327881 0.600586
vt 0.320801 0.604980
vt 0.320312 0.595703
vt 0.412842 0.631348
vt 0.421143 0.626221
vt 0.422607 0.631348
vt 0.373779 0.593750
vt 0.373047 0.597412
vt 0.371338 0.589844
vt 0.422852 0.623291
vt 0.426758 0.619873
vt 0.422607 0.631348
vt 0.310303 0.593994
vt 0.319336 0.596191
vt 0.312256 0.602295
vt 0.382812 0.633301
vt 0.384033 0.636963
vt 0.378662 0.636719
vt 0.312256 0.602295
vt 0.319336 0.596191
vt 0.320801 0.604980
vt 0.320312 0.595703
vt 0.328125 0.593750
vt 0.327881 0.600586
vt 0.328125 0.593750
vt 0.329346 0.602539
vt 0.327881 0.600586
vt 0.363525 0.645996
vt 0.371094 0.639648
vt 0.364258 0.655518
vt 0.422607 0.631348
vt 0.421143 0.626221
vt 0.422852 0.623291
vt 0.318604 0.611816
vt 0.312256 0.602295
vt 0.320801 0.604980
vt 0.301270 0.605225
vt 0.302979 0.596191
vt 0.309082 0.603516
vt 0.303955 0.611816
vt 0.301270 0.605225
vt 0.309082 0.603516
vt 0.302490 0.612305
vt 0.301270 0.605225
vt 0.303955 0.611816
vt 0.301270 0.605225
vt 0.302490 0.612305
vt 0.296631 0.612305
vt 0.310303 0.611816
vt 0.310059 0.615234
vt 0.303955 0.611816
vt 0.303955 0.611816
vt 0.302490 0.615234
vt 0.302490 0.612305
vt 0.296631 0.612305
vt 0.302490 0.612305
vt 0.302490 0.615234
vt 0.387939 0.641113
vt 0.396240 0.650391
vt 0.390869 0.647705
vt 0.396240 0.650391
vt 0.388916 0.659180
vt 0.390869 0.647705
vt 0.302490 0.615234
vt 0.303955 0.611816
vt 0.310059 0.615234
vt 0.302490 0.623535
vt 0.295166 0.623535
vt 0.298096 0.623779
vt 0.312256 0.615234
vt 0.318604 0.611816
vt 0.319580 0.615234
vt 0.320801 0.604980
vt 0.326660 0.611572
vt 0.318604 0.611816
vt 0.311035 0.613770
vt 0.318604 0.611816
vt 0.312256 0.615234
vt 0.318604 0.611816
vt 0.326660 0.611572
vt 0.319580 0.615234
vt 0.301270 0.605225
vt 0.296631 0.612305
vt 0.294922 0.600586
vt 0.296631 0.612305
vt 0.293701 0.603760
vt 0.294922 0.600586
vt 0.326660 0.611572
vt 0.327881 0.600586
vt 0.329346 0.602539
vt 0.320801 0.604980
vt 0.327881 0.600586
vt 0.326660 0.611572
vt 0.296631 0.612305
vt 0.294189 0.612305
vt 0.293701 0.603760
vt 0.303955 0.611816
vt 0.309082 0.603516
vt 0.310303 0.611816
vt 0.302490 0.615234
vt 0.295166 0.615234
vt 0.296631 0.612305
vt 0.422607 0.631348
vt 0.426758 0.619873
vt 0.432129 0.631348
vt 0.327637 0.614990
vt 0.326660 0.611572
vt 0.329346 0.602539
vt 0.295166 0.615234
vt 0.294189 0.612305
vt 0.296631 0.612305
vt 0.391113 0.704346
vt 0.411621 0.706787
vt 0.392578 0.711914
vt 0.329590 0.614502
vt 0.328369 0.622070
vt 0.327637 0.614990
vt 0.355957 0.619629
vt 0.367188 0.620117
vt 0.364502 0.631592
vt 0.432129 0.631348
vt 0.426758 0.619873
vt 0.434570 0.619629
vt 0.294189 0.622070
vt 0.292969 0.614502
vt 0.295166 0.615234
vt 0.354004 0.631348
vt 0.355957 0.619629
vt 0.364502 0.631592
vt 0.442871 0.597900
vt 0.456299 0.589844
vt 0.454834 0.602295
vt 0.292969 0.614502
vt 0.294189 0.612305
vt 0.295166 0.615234
vt 0.311035 0.613770
vt 0.312256 0.602295
vt 0.318604 0.611816
vt 0.355225 0.589844
vt 0.373047 0.597412
vt 0.355225 0.602295
vt 0.319580 0.615234
vt 0.326660 0.611572
vt 0.327637 0.614990
vt 0.327637 0.614990
vt 0.328369 0.622070
vt 0.323975 0.623779
vt 0.295166 0.615234
vt 0.298096 0.623779
vt 0.294189 0.622070
vt 0.319580 0.615234
vt 0.327637 0.614990
vt 0.323975 0.623779
vt 0.391113 0.704346
vt 0.410889 0.702881
vt 0.411621 0.706787
vt 0.302490 0.615234
vt 0.298096 0.623779
vt 0.295166 0.615234
vt 0.381836 0.702637
vt 0.390869 0.695801
vt 0.391113 0.704346
vt 0.312256 0.622559
vt 0.312256 0.615234
vt 0.318604 0.622070
vt 0.310059 0.615234
vt 0.310303 0.622559
vt 0.303955 0.622070
vt 0.392578 0.711914
vt 0.411621 0.706787
vt 0.412109 0.711426
vt 0.392578 0.690918
vt 0.412598 0.688721
vt 0.411377 0.693848
vt 0.392578 0.690918
vt 0.411377 0.693848
vt 0.392090 0.697266
vt 0.318604 0.622070
vt 0.319580 0.615234
vt 0.323975 0.623779
vt 0.302490 0.615234
vt 0.303955 0.622070
vt 0.298096 0.623779
vt 0.391113 0.704346
vt 0.411621 0.697754
vt 0.410889 0.702881
vt 0.392090 0.697266
vt 0.411621 0.697754
vt 0.391113 0.704346
vt 0.319580 0.615234
vt 0.318604 0.622070
vt 0.312256 0.615234
vt 0.392090 0.697266
vt 0.411377 0.693848
vt 0.411621 0.697754
vt 0.303955 0.622070
vt 0.302490 0.615234
vt 0.310059 0.615234
vt 0.415039 0.697266
vt 0.422119 0.705811
vt 0.414551 0.707764
vt 0.415039 0.697266
vt 0.420654 0.696533
vt 0.422119 0.705811
vt 0.415039 0.697266
vt 0.414551 0.707764
vt 0.410889 0.702881
vt 0.938477 0.224609
vt 0.944336 0.220215
vt 0.941895 0.223633
vt 0.960938 0.643555
vt 0.958496 0.519775
vt 0.988281 0.616455
vt 0.986328 0.519531
vt 0.996582 0.614990
vt 0.988281 0.616455
vt 0.161377 0.467285
vt 0.127197 0.498535
vt 0.153931 0.450195
vt 0.958008 0.715576
vt 0.958496 0.519775
vt 0.960938 0.643555
vt 0.127197 0.498535
vt 0.161377 0.467285
vt 0.157471 0.512451
vt 0.155518 0.579834
vt 0.161377 0.467285
vt 0.165527 0.466797
vt 0.161377 0.467285
vt 0.155518 0.579834
vt 0.157471 0.512451
vt 0.432129 0.797363
vt 0.419922 0.721436
vt 0.432373 0.721436
vt 0.988281 0.510254
vt 0.993652 0.506836
vt 0.994629 0.510498
vt 0.164551 0.451660
vt 0.165527 0.466797
vt 0.161377 0.467285
vt 0.164551 0.451660
vt 0.161377 0.467285
vt 0.157837 0.452148
vt 0.958496 0.519775
vt 0.958008 0.715576
vt 0.956055 0.519531
vt 0.161377 0.467285
vt 0.153931 0.450195
vt 0.157837 0.452148
vt 0.160156 0.450195
vt 0.164551 0.451660
vt 0.157837 0.452148
vt 0.165771 0.386230
vt 0.165527 0.466797
vt 0.164551 0.451660
vt 0.160156 0.450195
vt 0.165771 0.386230
vt 0.164551 0.451660
vt 0.158813 0.377441
vt 0.160156 0.450195
vt 0.157837 0.452148
vt 0.153931 0.450195
vt 0.158813 0.377441
vt 0.157837 0.452148
vt 0.157471 0.512451
vt 0.134277 0.531006
vt 0.127197 0.498535
vt 0.134277 0.531006
vt 0.126587 0.498047
vt 0.127197 0.498535
vt 0.127197 0.498535
vt 0.130005 0.452637
vt 0.153931 0.450195
vt 0.371582 0.474609
vt 0.409912 0.455566
vt 0.410156 0.475586
vt 0.409912 0.455566
vt 0.352539 0.456055
vt 0.373535 0.453613
vt 0.130005 0.452637
vt 0.130981 0.385742
vt 0.153931 0.450195
vt 0.122437 0.452637
vt 0.130981 0.385742
vt 0.130005 0.452637
vt 0.373535 0.453613
vt 0.352539 0.456055
vt 0.352783 0.453613
vt 0.362305 0.187500
vt 0.352539 0.203613
vt 0.356689 0.192383
vt 0.409912 0.455566
vt 0.371582 0.474609
vt 0.352539 0.458008
vt 0.410156 0.475586
vt 0.371826 0.477051
vt 0.371582 0.474609
vt 0.409912 0.455566
vt 0.352539 0.458008
vt 0.352539 0.456055
vt 0.352539 0.458008
vt 0.351074 0.457520
vt 0.352539 0.456055
vt 0.691895 0.595459
vt 0.655273 0.592529
vt 0.657227 0.590576
vt 0.151978 0.386230
vt 0.153687 0.375488
vt 0.153931 0.386230
vt 0.153687 0.375488
vt 0.155640 0.392090
vt 0.153931 0.386230
vt 0.161255 0.386719
vt 0.158813 0.377441
vt 0.165771 0.386230
vt 0.163452 0.377441
vt 0.165771 0.386230
vt 0.158813 0.377441
vt 0.419922 0.721436
vt 0.432129 0.797363
vt 0.419434 0.797363
vt 0.153687 0.375488
vt 0.163452 0.377441
vt 0.158813 0.377441
vt 0.153687 0.375488
vt 0.158813 0.377441
vt 0.155640 0.392090
vt 0.996582 0.614990
vt 0.986328 0.519531
vt 0.994629 0.510498
vt 0.657227 0.590576
vt 0.693848 0.592041
vt 0.691895 0.595459
vt 0.691895 0.595459
vt 0.654785 0.696777
vt 0.655273 0.592529
vt 0.151978 0.386230
vt 0.153931 0.450195
vt 0.130981 0.385742
vt 0.130981 0.385742
vt 0.122437 0.452637
vt 0.123535 0.381348
vt 0.130981 0.385742
vt 0.153687 0.375488
vt 0.151978 0.386230
vt 0.128784 0.376953
vt 0.153687 0.375488
vt 0.130981 0.385742
vt 0.123535 0.381348
vt 0.128784 0.376953
vt 0.130981 0.385742
vt 0.988281 0.616455
vt 0.958496 0.519775
vt 0.986328 0.519531
vt 0.994629 0.510498
vt 0.986328 0.519531
vt 0.988281 0.510254
vt 0.950195 0.273926
vt 0.951660 0.222656
vt 0.952637 0.273926
vt 0.986328 0.519531
vt 0.958496 0.510742
vt 0.988281 0.510254
vt 0.958496 0.510742
vt 0.986328 0.519531
vt 0.958496 0.519775
vt 0.165527 0.466797
vt 0.165771 0.386230
vt 0.167969 0.386230
vt 0.161255 0.386719
vt 0.160156 0.450195
vt 0.158813 0.377441
vt 0.165771 0.386230
vt 0.160156 0.450195
vt 0.161255 0.386719
vt 0.153931 0.450195
vt 0.155640 0.392090
vt 0.158813 0.377441
vt 0.153931 0.450195
vt 0.153931 0.386230
vt 0.155640 0.392090
vt 0.153931 0.386230
vt 0.153931 0.450195
vt 0.151978 0.386230
vt 0.163452 0.377441
vt 0.167969 0.386230
vt 0.165771 0.386230
vt 0.956055 0.519531
vt 0.958496 0.510742
vt 0.958496 0.519775
vt 0.079407 0.385742
vt 0.058502 0.385742
vt 0.057037 0.376465
vt 0.079407 0.385742
vt 0.056854 0.455078
vt 0.058502 0.385742
vt 0.048431 0.304688
vt 0.057037 0.376465
vt 0.052063 0.378418
vt 0.048431 0.304688
vt 0.052063 0.378418
vt 0.046600 0.376953
vt 0.697754 0.801025
vt 0.696289 0.827148
vt 0.690918 0.810303
vt 0.964355 0.719482
vt 0.957520 0.720215
vt 0.961914 0.716797
vt 0.058502 0.385742
vt 0.056458 0.389648
vt 0.057037 0.376465
vt 0.055084 0.391602
vt 0.057037 0.376465
vt 0.056458 0.389648
vt 0.052063 0.378418
vt 0.049194 0.386719
vt 0.044739 0.385742
vt 0.057037 0.376465
vt 0.055084 0.391602
vt 0.052063 0.378418
vt 0.052063 0.378418
vt 0.044739 0.385742
vt 0.046600 0.376953
vt 0.042572 0.385742
vt 0.045532 0.375000
vt 0.046600 0.376953
vt 0.994141 0.735840
vt 0.987305 0.726562
vt 0.988281 0.723633
vt 0.965820 0.735840
vt 0.963379 0.825317
vt 0.963867 0.735840
vt 0.963867 0.735840
vt 0.954590 0.823975
vt 0.955078 0.722168
vt 0.991699 0.735840
vt 0.963379 0.825317
vt 0.965820 0.735840
vt 0.964355 0.719482
vt 0.965820 0.735840
vt 0.963867 0.735840
vt 0.955078 0.722168
vt 0.957520 0.720215
vt 0.963867 0.735840
vt 0.964355 0.719482
vt 0.963867 0.735840
vt 0.957520 0.720215
vt 0.688477 0.805298
vt 0.676270 0.803345
vt 0.677734 0.794678
vt 0.677734 0.794678
vt 0.693848 0.795410
vt 0.688477 0.805298
vt 0.046600 0.376953
vt 0.044739 0.385742
vt 0.042572 0.385742
vt 0.987305 0.726562
vt 0.994141 0.735840
vt 0.991699 0.735840
vt 0.691895 0.838501
vt 0.676758 0.839600
vt 0.676270 0.837158
vt 0.676270 0.837158
vt 0.678711 0.826904
vt 0.691895 0.838501
vt 0.696289 0.827148
vt 0.678711 0.826904
vt 0.679688 0.813477
vt 0.675781 0.813843
vt 0.674805 0.812988
vt 0.679199 0.812988
vt 0.676270 0.803345
vt 0.679199 0.812988
vt 0.674805 0.812988
vt 0.679688 0.813477
vt 0.678711 0.826904
vt 0.675781 0.813843
vt 0.678711 0.826904
vt 0.676270 0.837158
vt 0.674805 0.826904
vt 0.665039 0.810059
vt 0.664551 0.827026
vt 0.662109 0.827026
vt 0.675781 0.813843
vt 0.678711 0.826904
vt 0.674805 0.826904
vt 0.079407 0.385742
vt 0.079712 0.452148
vt 0.056854 0.455078
vt 0.664551 0.827026
vt 0.665039 0.810059
vt 0.673828 0.813721
vt 0.662109 0.827026
vt 0.661621 0.801270
vt 0.665039 0.810059
vt 0.673828 0.813721
vt 0.674805 0.826904
vt 0.664551 0.827026
vt 0.674805 0.826904
vt 0.673828 0.813721
vt 0.675781 0.813843
vt 0.056854 0.455078
vt 0.056458 0.389648
vt 0.058502 0.385742
vt 0.056458 0.389648
vt 0.056427 0.452148
vt 0.055084 0.391602
vt 0.055084 0.391602
vt 0.053070 0.453613
vt 0.052063 0.378418
vt 0.049469 0.449707
vt 0.044739 0.385742
vt 0.049194 0.386719
vt 0.052063 0.378418
vt 0.049469 0.449707
vt 0.049194 0.386719
vt 0.043976 0.466309
vt 0.042572 0.385742
vt 0.044739 0.385742
vt 0.690918 0.810303
vt 0.696289 0.827148
vt 0.679688 0.813477
vt 0.079712 0.452148
vt 0.080811 0.496582
vt 0.056854 0.455078
vt 0.679199 0.812988
vt 0.676270 0.803345
vt 0.688477 0.805298
vt 0.958008 0.829224
vt 0.959961 0.838135
vt 0.958008 0.836182
vt 0.055084 0.391602
vt 0.056427 0.452148
vt 0.053070 0.453613
vt 0.056458 0.389648
vt 0.056854 0.455078
vt 0.056427 0.452148
vt 0.049469 0.449707
vt 0.052063 0.378418
vt 0.053070 0.453613
vt 0.979492 0.873901
vt 0.993164 0.922180
vt 0.979980 0.913879
vt 0.991699 0.836914
vt 0.991699 0.735840
vt 0.994141 0.735840
vt 0.044739 0.385742
vt 0.049469 0.449707
vt 0.045105 0.451172
vt 0.044739 0.385742
vt 0.045105 0.451172
vt 0.043976 0.466309
vt 0.056427 0.452148
vt 0.056854 0.455078
vt 0.053070 0.453613
vt 0.045105 0.451172
vt 0.049469 0.449707
vt 0.053070 0.453613
vt 0.056854 0.455078
vt 0.048157 0.466797
vt 0.053070 0.453613
vt 0.053070 0.453613
vt 0.048157 0.466797
vt 0.045105 0.451172
vt 0.045105 0.451172
vt 0.048157 0.466797
vt 0.043976 0.466309
vt 0.994141 0.735840
vt 0.995117 0.923035
vt 0.991699 0.836914
vt 0.991699 0.735840
vt 0.991699 0.836914
vt 0.963379 0.825317
vt 0.954590 0.823975
vt 0.963867 0.735840
vt 0.963379 0.825317
vt 0.080811 0.496582
vt 0.048157 0.466797
vt 0.056854 0.455078
vt 0.963379 0.825317
vt 0.991699 0.836914
vt 0.959961 0.838135
vt 0.963379 0.825317
vt 0.958008 0.829224
vt 0.954590 0.823975
vt 0.963379 0.825317
vt 0.959961 0.838135
vt 0.958008 0.829224
vt 0.991699 0.836914
vt 0.979492 0.873901
vt 0.959961 0.838135
vt 0.979492 0.873901
vt 0.958008 0.836182
vt 0.959961 0.838135
vt 0.993164 0.922180
vt 0.979492 0.873901
vt 0.991699 0.836914
vt 0.958008 0.836182
vt 0.979492 0.873901
vt 0.972656 0.866699
vt 0.993164 0.922180
vt 0.991699 0.836914
vt 0.995117 0.923035
vt 0.775879 0.395996
vt 0.790527 0.317383
vt 0.792969 0.430176
vt 0.784180 0.120605
vt 0.771973 0.117188
vt 0.789062 0.115234
vt 0.789062 0.100098
vt 0.789062 0.115234
vt 0.784180 0.111328
vt 0.771973 0.115234
vt 0.784180 0.111328
vt 0.789062 0.115234
vt 0.789062 0.100098
vt 0.803223 0.100586
vt 0.789062 0.115234
vt 0.810547 0.319336
vt 0.792969 0.430176
vt 0.790527 0.317383
vt 0.789062 0.100098
vt 0.784180 0.111328
vt 0.784180 0.105469
vt 0.784180 0.105469
vt 0.771973 0.101562
vt 0.789062 0.100098
vt 0.771973 0.099609
vt 0.784180 0.096191
vt 0.789062 0.100098
vt 0.771973 0.132324
vt 0.784180 0.135742
vt 0.770508 0.136230
vt 0.771973 0.132324
vt 0.770508 0.136230
vt 0.769531 0.131348
vt 0.771973 0.130859
vt 0.789062 0.130859
vt 0.771973 0.132324
vt 0.784180 0.126953
vt 0.771973 0.130859
vt 0.770508 0.126953
vt 0.769531 0.131348
vt 0.771973 0.130859
vt 0.771973 0.132324
vt 0.771973 0.130859
vt 0.769531 0.131348
vt 0.770508 0.126953
vt 0.771973 0.115234
vt 0.789062 0.115234
vt 0.771973 0.117188
vt 0.771973 0.117188
vt 0.784180 0.120605
vt 0.770508 0.121094
vt 0.812988 0.262207
vt 0.813965 0.442383
vt 0.811523 0.337402
vt 0.771973 0.117188
vt 0.770508 0.121094
vt 0.769531 0.116211
vt 0.769531 0.116211
vt 0.771973 0.115234
vt 0.771973 0.117188
vt 0.784180 0.111328
vt 0.771973 0.115234
vt 0.770508 0.111816
vt 0.771973 0.115234
vt 0.769531 0.116211
vt 0.770508 0.111816
vt 0.771973 0.099609
vt 0.789062 0.100098
vt 0.771973 0.101562
vt 0.771973 0.101562
vt 0.784180 0.105469
vt 0.770508 0.105469
vt 0.771973 0.101562
vt 0.770508 0.105469
vt 0.769531 0.100586
vt 0.757812 0.086426
vt 0.753418 0.081543
vt 0.757812 0.083984
vt 0.752930 0.088867
vt 0.753418 0.081543
vt 0.757812 0.086426
vt 0.789062 0.115234
vt 0.784180 0.126953
vt 0.784180 0.120605
vt 0.770508 0.080566
vt 0.757812 0.083984
vt 0.754883 0.080566
vt 0.757812 0.083984
vt 0.770508 0.080566
vt 0.769531 0.084961
vt 0.757812 0.083984
vt 0.769531 0.084961
vt 0.757812 0.086426
vt 0.757812 0.086426
vt 0.770508 0.089844
vt 0.754883 0.089844
vt 0.784180 0.126953
vt 0.789062 0.115234
vt 0.789062 0.130859
vt 0.771973 0.130859
vt 0.784180 0.126953
vt 0.789062 0.130859
vt 0.770508 0.089844
vt 0.757812 0.086426
vt 0.769531 0.084961
vt 0.784180 0.135742
vt 0.771973 0.132324
vt 0.789062 0.130859
vt 0.775879 0.395996
vt 0.766113 0.471191
vt 0.767090 0.260742
vt 0.757324 0.101562
vt 0.752930 0.096680
vt 0.757812 0.099609
vt 0.752930 0.104004
vt 0.752930 0.096680
vt 0.757324 0.101562
vt 0.757324 0.117188
vt 0.752930 0.112305
vt 0.757324 0.115234
vt 0.752930 0.119629
vt 0.752930 0.112305
vt 0.757324 0.117188
vt 0.770508 0.095703
vt 0.757812 0.099609
vt 0.754883 0.095703
vt 0.757812 0.099609
vt 0.769531 0.100586
vt 0.757324 0.101562
vt 0.757324 0.101562
vt 0.770508 0.105469
vt 0.754883 0.105469
vt 0.757812 0.099609
vt 0.770508 0.095703
vt 0.769531 0.100586
vt 0.770508 0.105469
vt 0.757324 0.101562
vt 0.769531 0.100586
vt 0.770508 0.111816
vt 0.757324 0.115234
vt 0.754883 0.111328
vt 0.757324 0.115234
vt 0.769531 0.116211
vt 0.757324 0.117188
vt 0.757324 0.117188
vt 0.770508 0.121094
vt 0.754883 0.121094
vt 0.757324 0.115234
vt 0.770508 0.111816
vt 0.769531 0.116211
vt 0.770508 0.121094
vt 0.757324 0.117188
vt 0.769531 0.116211
vt 0.775879 0.395996
vt 0.767090 0.260742
vt 0.774902 0.261230
vt 0.757324 0.132812
vt 0.752930 0.127930
vt 0.757324 0.130371
vt 0.752930 0.135254
vt 0.752930 0.127930
vt 0.757324 0.132812
vt 0.770508 0.126953
vt 0.757324 0.130371
vt 0.754883 0.126465
vt 0.757324 0.130371
vt 0.769531 0.131348
vt 0.757324 0.132812
vt 0.757324 0.130371
vt 0.770508 0.126953
vt 0.769531 0.131348
vt 0.757324 0.132812
vt 0.770508 0.136230
vt 0.754883 0.136230
vt 0.770508 0.136230
vt 0.757324 0.132812
vt 0.769531 0.131348
vt 0.771973 0.099609
vt 0.769531 0.100586
vt 0.770508 0.095703
vt 0.769531 0.100586
vt 0.771973 0.099609
vt 0.771973 0.101562
vt 0.784180 0.096191
vt 0.771973 0.099609
vt 0.770508 0.095703
vt 0.434570 0.863403
vt 0.432129 0.853638
vt 0.434326 0.848389
vt 0.302490 0.264160
vt 0.292480 0.259766
vt 0.302246 0.253906
vt 0.039062 0.219238
vt 0.041870 0.249023
vt 0.032104 0.244629
vt 0.333008 0.878113
vt 0.347900 0.878418
vt 0.335693 0.884094
vt 0.039062 0.219238
vt 0.070801 0.243164
vt 0.041870 0.249023
vt 0.071411 0.277832
vt 0.041870 0.249023
vt 0.070801 0.243164
vt 0.542480 0.791016
vt 0.541992 0.731689
vt 0.544922 0.732910
vt 0.041870 0.249023
vt 0.071411 0.277832
vt 0.046631 0.261230
vt 0.302490 0.264160
vt 0.302979 0.278320
vt 0.292725 0.277832
vt 0.273926 0.844727
vt 0.276611 0.840210
vt 0.284912 0.842041
vt 0.429199 0.840942
vt 0.432129 0.840088
vt 0.432129 0.853638
vt 0.267578 0.947845
vt 0.268799 0.948914
vt 0.261963 0.951904
vt 0.291016 0.396973
vt 0.292480 0.309570
vt 0.293457 0.322266
vt 0.302979 0.278320
vt 0.292480 0.288574
vt 0.292725 0.277832
vt 0.269287 0.849365
vt 0.271240 0.916016
vt 0.269531 0.911316
vt 0.357178 0.818848
vt 0.354004 0.878235
vt 0.354004 0.816162
vt 0.271240 0.916016
vt 0.273926 0.844727
vt 0.274902 0.915527
vt 0.302979 0.278320
vt 0.303223 0.297363
vt 0.292480 0.288574
vt 0.333984 0.950806
vt 0.268799 0.948914
vt 0.327148 0.948547
vt 0.261963 0.951904
vt 0.333984 0.950806
vt 0.329834 0.951721
vt 0.276367 0.911560
vt 0.284912 0.842041
vt 0.287598 0.911255
vt 0.501465 0.442383
vt 0.491211 0.451172
vt 0.488770 0.447754
vt 0.291260 0.276855
vt 0.275635 0.274902
vt 0.279785 0.262207
vt 0.292480 0.259766
vt 0.302490 0.264160
vt 0.292725 0.277832
vt 0.501465 0.442383
vt 0.488770 0.447754
vt 0.500000 0.441406
vt 0.491943 0.437500
vt 0.504883 0.416992
vt 0.500000 0.441406
vt 0.542969 0.728271
vt 0.544922 0.732910
vt 0.541992 0.731689
vt 0.292480 0.288574
vt 0.275879 0.276855
vt 0.275635 0.274902
vt 0.261230 0.939148
vt 0.267578 0.947845
vt 0.261963 0.951904
vt 0.434326 0.848389
vt 0.432129 0.853638
vt 0.432129 0.840088
vt 0.263916 0.842773
vt 0.273926 0.844727
vt 0.269287 0.849365
vt 0.268555 0.935242
vt 0.267578 0.947845
vt 0.261230 0.939148
vt 0.292480 0.309570
vt 0.292480 0.288574
vt 0.298340 0.303223
vt 0.292480 0.288574
vt 0.303223 0.297363
vt 0.298340 0.303223
vt 0.347900 0.878418
vt 0.352539 0.884277
vt 0.335693 0.884094
vt 0.275635 0.274902
vt 0.291260 0.276855
vt 0.292480 0.288574
vt 0.275879 0.276855
vt 0.292480 0.288574
vt 0.288574 0.286621
vt 0.284912 0.842041
vt 0.276367 0.911560
vt 0.273926 0.844727
vt 0.293457 0.322266
vt 0.292480 0.309570
vt 0.298340 0.303223
vt 0.274902 0.915527
vt 0.273926 0.844727
vt 0.276367 0.911560
vt 0.261963 0.951904
vt 0.268799 0.948914
vt 0.333984 0.950806
vt 0.357178 0.818848
vt 0.357422 0.877075
vt 0.354004 0.878235
vt 0.271240 0.916016
vt 0.269287 0.849365
vt 0.273926 0.844727
vt 0.691895 0.595459
vt 0.650879 0.708740
vt 0.654785 0.696777
vt 0.691895 0.595459
vt 0.692383 0.696777
vt 0.650879 0.708740
vt 0.700195 0.687012
vt 0.746094 0.667969
vt 0.746094 0.687988
vt 0.746094 0.667969
vt 0.700195 0.687012
vt 0.701660 0.673584
vt 0.702148 0.695312
vt 0.700195 0.687012
vt 0.746094 0.687988
vt 0.654785 0.696777
vt 0.650879 0.708740
vt 0.649414 0.700195
vt 0.770508 0.850830
vt 0.760254 0.852295
vt 0.765625 0.841797
vt 0.945801 0.836304
vt 0.925293 0.835205
vt 0.938477 0.822144
vt 0.938477 0.822144
vt 0.925293 0.835205
vt 0.931152 0.804565
vt 0.741211 0.835938
vt 0.749023 0.822144
vt 0.762695 0.835327
vt 0.762695 0.835327
vt 0.749023 0.822144
vt 0.755859 0.804688
vt 0.702148 0.695312
vt 0.746094 0.687988
vt 0.743652 0.696533
vt 0.928223 0.852051
vt 0.917480 0.851196
vt 0.922363 0.842163
vt 0.935547 0.863281
vt 0.917480 0.851196
vt 0.928223 0.852051
vt 0.917480 0.851196
vt 0.935547 0.863281
vt 0.924805 0.853516
vt 0.932617 0.851807
vt 0.937500 0.864502
vt 0.928223 0.852051
vt 0.743652 0.696533
vt 0.743652 0.709717
vt 0.702148 0.695312
vt 0.922363 0.842163
vt 0.932617 0.851807
vt 0.928223 0.852051
vt 0.932617 0.851807
vt 0.922363 0.842163
vt 0.925293 0.835205
vt 0.936035 0.864380
vt 0.928223 0.852051
vt 0.937500 0.864502
vt 0.992676 0.619385
vt 0.994629 0.627197
vt 0.992676 0.628906
vt 0.991211 0.628906
vt 0.992676 0.619385
vt 0.992676 0.628906
vt 0.935547 0.863281
vt 0.928223 0.852051
vt 0.936035 0.864380
vt 0.703613 0.710693
vt 0.724121 0.715820
vt 0.706055 0.714111
vt 0.972656 0.866699
vt 0.957520 0.840698
vt 0.958008 0.836182
vt 0.744141 0.710693
vt 0.724121 0.715820
vt 0.703613 0.710693
vt 0.652344 0.712646
vt 0.695801 0.741455
vt 0.650879 0.740479
vt 0.652344 0.712646
vt 0.694824 0.712646
vt 0.695801 0.741455
vt 0.652344 0.712646
vt 0.697754 0.708984
vt 0.694824 0.712646
vt 0.724121 0.715820
vt 0.744141 0.710693
vt 0.743652 0.713379
vt 0.697754 0.708984
vt 0.652344 0.712646
vt 0.650879 0.708740
vt 0.973633 0.665283
vt 0.992676 0.628906
vt 0.980469 0.656982
vt 0.994141 0.631592
vt 0.980469 0.656982
vt 0.992676 0.628906
vt 0.992676 0.628906
vt 0.973633 0.665283
vt 0.991211 0.628906
vt 0.973633 0.665283
vt 0.960938 0.643555
vt 0.991211 0.628906
vt 0.991211 0.628906
vt 0.988281 0.616455
vt 0.992676 0.619385
vt 0.988281 0.616455
vt 0.996582 0.614990
vt 0.992676 0.619385
vt 0.991211 0.628906
vt 0.960938 0.643555
vt 0.988281 0.616455
vt 0.755371 0.851685
vt 0.751465 0.864868
vt 0.748535 0.864014
vt 0.958008 0.715576
vt 0.960938 0.643555
vt 0.960938 0.714111
vt 0.697754 0.708984
vt 0.650879 0.708740
vt 0.696777 0.701172
vt 0.751465 0.864868
vt 0.760254 0.852295
vt 0.752930 0.863159
vt 0.765625 0.841797
vt 0.755371 0.851685
vt 0.762695 0.835327
vt 0.755371 0.851685
vt 0.765625 0.841797
vt 0.760254 0.852295
vt 0.751465 0.864868
vt 0.755371 0.851685
vt 0.760254 0.852295
vt 0.760254 0.852295
vt 0.770508 0.850830
vt 0.752930 0.863159
vt 0.752930 0.863159
vt 0.770508 0.850830
vt 0.764160 0.853271
vt 0.741211 0.835938
vt 0.762695 0.835327
vt 0.755371 0.851685
vt 0.732910 0.857910
vt 0.755371 0.851685
vt 0.748535 0.864014
vt 0.741211 0.835938
vt 0.755371 0.851685
vt 0.732910 0.857910
vt 0.703125 0.708984
vt 0.744141 0.710693
vt 0.703613 0.710693
vt 0.692383 0.696777
vt 0.696777 0.701172
vt 0.650879 0.708740
vt 0.932617 0.851807
vt 0.945801 0.836304
vt 0.954590 0.857910
vt 0.743652 0.709717
vt 0.744141 0.710693
vt 0.703125 0.708984
vt 0.703125 0.708984
vt 0.702148 0.695312
vt 0.743652 0.709717
vt 0.992676 0.628906
vt 0.994629 0.627197
vt 0.994141 0.631592
vt 0.945801 0.836304
vt 0.932617 0.851807
vt 0.925293 0.835205
vt 0.954590 0.857910
vt 0.937500 0.864502
vt 0.932617 0.851807
vt 0.827637 0.916199
vt 0.845703 0.947357
vt 0.823730 0.953369
vt 0.845215 0.922241
vt 0.849121 0.947357
vt 0.845703 0.947357
vt 0.745605 0.623535
vt 0.747559 0.625977
vt 0.700684 0.625732
vt 0.845703 0.947357
vt 0.827637 0.916199
vt 0.845215 0.922241
vt 0.888672 0.818359
vt 0.898926 0.822510
vt 0.877441 0.833008
vt 0.912598 0.826660
vt 0.909668 0.816406
vt 0.925293 0.835205
vt 0.890625 0.836548
vt 0.898926 0.822510
vt 0.912598 0.826660
vt 0.701172 0.622559
vt 0.745605 0.623535
vt 0.700684 0.625732
vt 0.827637 0.916199
vt 0.847168 0.913269
vt 0.845215 0.922241
vt 0.909668 0.816406
vt 0.912598 0.826660
vt 0.898926 0.822510
vt 0.888672 0.818359
vt 0.909668 0.816406
vt 0.898926 0.822510
vt 0.687500 0.964600
vt 0.719727 0.983871
vt 0.685547 0.965576
vt 0.909668 0.816406
vt 0.888672 0.818359
vt 0.901855 0.807129
vt 0.912109 0.808960
vt 0.909668 0.816406
vt 0.901855 0.807129
vt 0.925293 0.835205
vt 0.909668 0.816406
vt 0.912109 0.808960
vt 0.912109 0.808960
vt 0.931152 0.804565
vt 0.925293 0.835205
vt 0.687988 0.952393
vt 0.719727 0.983871
vt 0.687500 0.964600
vt 0.807129 0.917419
vt 0.810547 0.953003
vt 0.808105 0.952972
vt 0.719727 0.983871
vt 0.687988 0.952393
vt 0.702637 0.936096
vt 0.907227 0.839722
vt 0.922363 0.842163
vt 0.917480 0.851196
vt 0.917480 0.851196
vt 0.910156 0.841797
vt 0.907227 0.839722
vt 0.810059 0.917480
vt 0.823730 0.953369
vt 0.810547 0.953003
vt 0.899902 0.843872
vt 0.892578 0.840698
vt 0.890625 0.836548
vt 0.890625 0.836548
vt 0.907227 0.839722
vt 0.899902 0.843872
vt 0.899902 0.843872
vt 0.907227 0.839722
vt 0.903809 0.841553
vt 0.687988 0.952393
vt 0.670898 0.935791
vt 0.702637 0.936096
vt 0.877441 0.833008
vt 0.890625 0.836548
vt 0.892578 0.840698
vt 0.779785 0.839355
vt 0.765625 0.841797
vt 0.776367 0.826050
vt 0.788574 0.822510
vt 0.797852 0.836182
vt 0.776367 0.826050
vt 0.797852 0.836182
vt 0.788574 0.822510
vt 0.810547 0.832886
vt 0.912598 0.826660
vt 0.925293 0.835205
vt 0.922363 0.842163
vt 0.702637 0.882935
vt 0.669922 0.883728
vt 0.685547 0.870972
vt 0.810547 0.953003
vt 0.807129 0.917419
vt 0.810059 0.917480
vt 0.797852 0.836182
vt 0.810547 0.832886
vt 0.795410 0.840576
vt 0.782715 0.840088
vt 0.776367 0.826050
vt 0.797852 0.836182
vt 0.702637 0.936096
vt 0.631348 0.935181
vt 0.698242 0.925903
vt 0.776367 0.826050
vt 0.782715 0.840088
vt 0.779785 0.839355
vt 0.782715 0.840088
vt 0.797852 0.836182
vt 0.787109 0.843384
vt 0.795410 0.840576
vt 0.787109 0.843384
vt 0.797852 0.836182
vt 0.823730 0.953369
vt 0.810059 0.917480
vt 0.827637 0.916199
vt 0.745117 0.645020
vt 0.703125 0.644531
vt 0.700684 0.625732
vt 0.747559 0.625977
vt 0.745117 0.645020
vt 0.700684 0.625732
vt 0.745605 0.654053
vt 0.701172 0.653809
vt 0.703125 0.644531
vt 0.745605 0.654053
vt 0.703125 0.644531
vt 0.745117 0.645020
vt 0.912598 0.826660
vt 0.907227 0.839722
vt 0.890625 0.836548
vt 0.823730 0.953369
vt 0.845703 0.947357
vt 0.847656 0.956146
vt 0.849121 0.947357
vt 0.847656 0.956146
vt 0.845703 0.947357
vt 0.670898 0.935791
vt 0.631348 0.935181
vt 0.702637 0.936096
vt 0.849121 0.947357
vt 0.888672 0.947449
vt 0.847656 0.956146
vt 0.745605 0.658447
vt 0.701172 0.653809
vt 0.745605 0.654053
vt 0.847656 0.956146
vt 0.888672 0.947449
vt 0.888672 0.957764
vt 0.765625 0.841797
vt 0.779785 0.839355
vt 0.770508 0.850830
vt 0.770508 0.850830
vt 0.779785 0.839355
vt 0.775391 0.844971
vt 0.746094 0.667969
vt 0.701660 0.673584
vt 0.701172 0.663086
vt 0.701172 0.663086
vt 0.746094 0.662354
vt 0.746094 0.667969
vt 0.685547 0.870972
vt 0.716797 0.841064
vt 0.702637 0.882935
vt 0.922363 0.842163
vt 0.907227 0.839722
vt 0.912598 0.826660
vt 0.898926 0.822510
vt 0.890625 0.836548
vt 0.877441 0.833008
vt 0.716797 0.841064
vt 0.685547 0.870972
vt 0.686523 0.855103
vt 0.716797 0.841064
vt 0.686523 0.855103
vt 0.684082 0.852417
vt 0.746094 0.662354
vt 0.701172 0.663086
vt 0.700684 0.659424
vt 0.700684 0.659424
vt 0.745605 0.658447
vt 0.746094 0.662354
vt 0.745605 0.658447
vt 0.700684 0.659424
vt 0.701172 0.653809
vt 0.492432 0.895813
vt 0.477295 0.903198
vt 0.476807 0.895874
vt 0.477539 0.892578
vt 0.491211 0.888123
vt 0.476807 0.895874
vt 0.477295 0.903198
vt 0.492432 0.895813
vt 0.492432 0.901062
vt 0.491211 0.888123
vt 0.477539 0.892578
vt 0.476562 0.890564
vt 0.482422 0.705566
vt 0.483398 0.696289
vt 0.486084 0.701904
vt 0.476562 0.890564
vt 0.491455 0.882507
vt 0.491211 0.888123
vt 0.482666 0.717773
vt 0.482422 0.705566
vt 0.485352 0.708496
vt 0.478760 0.907471
vt 0.492432 0.901062
vt 0.491455 0.906738
vt 0.482666 0.717773
vt 0.485352 0.708496
vt 0.485840 0.714355
vt 0.492432 0.901062
vt 0.478760 0.907471
vt 0.477295 0.903198
vt 0.476807 0.895874
vt 0.491211 0.888123
vt 0.492432 0.895813
vt 0.516113 0.701904
vt 0.506836 0.647949
vt 0.505859 0.639404
vt 0.448975 0.888184
vt 0.463135 0.896057
vt 0.447754 0.896057
vt 0.506836 0.647949
vt 0.516113 0.701904
vt 0.506348 0.660645
vt 0.462891 0.892700
vt 0.448975 0.888184
vt 0.463379 0.889893
vt 0.448242 0.882568
vt 0.463379 0.889893
vt 0.448975 0.888184
vt 0.476807 0.895874
vt 0.462891 0.892700
vt 0.477539 0.892578
vt 0.462891 0.892700
vt 0.476807 0.895874
vt 0.463135 0.896057
vt 0.477295 0.903198
vt 0.463135 0.896057
vt 0.476807 0.895874
vt 0.477295 0.903198
vt 0.463135 0.903442
vt 0.463135 0.896057
vt 0.448975 0.888184
vt 0.462891 0.892700
vt 0.463135 0.896057
vt 0.463135 0.903442
vt 0.447754 0.896057
vt 0.463135 0.896057
vt 0.477539 0.892578
vt 0.462891 0.892700
vt 0.476562 0.890564
vt 0.463379 0.889893
vt 0.476562 0.890564
vt 0.462891 0.892700
vt 0.478760 0.907471
vt 0.463135 0.903442
vt 0.477295 0.903198
vt 0.463867 0.908691
vt 0.448242 0.901184
vt 0.463135 0.903442
vt 0.448242 0.901184
vt 0.463867 0.908691
vt 0.448486 0.906677
vt 0.476807 0.914551
vt 0.491455 0.906738
vt 0.493164 0.914856
vt 0.469482 0.912476
vt 0.491455 0.906738
vt 0.476807 0.914551
vt 0.493164 0.914856
vt 0.476562 0.921875
vt 0.476807 0.914551
vt 0.482666 0.717773
vt 0.473389 0.646240
vt 0.482422 0.705566
vt 0.481934 0.691895
vt 0.484131 0.683838
vt 0.485596 0.689209
vt 0.493652 0.920593
vt 0.478271 0.925842
vt 0.493164 0.914856
vt 0.446777 0.933716
vt 0.462891 0.941132
vt 0.463379 0.946228
vt 0.492188 0.925110
vt 0.478271 0.925842
vt 0.493652 0.920593
vt 0.478516 0.945435
vt 0.463379 0.946228
vt 0.462891 0.941132
vt 0.491455 0.906738
vt 0.469482 0.912476
vt 0.478760 0.907471
vt 0.493164 0.914856
vt 0.478271 0.925842
vt 0.476562 0.921875
vt 0.477295 0.933411
vt 0.492188 0.925110
vt 0.493164 0.933594
vt 0.469971 0.931458
vt 0.492188 0.925110
vt 0.477295 0.933411
vt 0.493164 0.933594
vt 0.476807 0.940948
vt 0.477295 0.933411
vt 0.473389 0.646240
vt 0.483398 0.696289
vt 0.482422 0.705566
vt 0.476807 0.940948
vt 0.462891 0.941132
vt 0.462646 0.933533
vt 0.478516 0.945435
vt 0.462891 0.941132
vt 0.476807 0.940948
vt 0.478516 0.945435
vt 0.493164 0.933594
vt 0.494141 0.939575
vt 0.473389 0.646240
vt 0.481934 0.691895
vt 0.483398 0.696289
vt 0.478271 0.925842
vt 0.492188 0.925110
vt 0.469971 0.931458
vt 0.476807 0.940948
vt 0.493164 0.933594
vt 0.478516 0.945435
vt 0.469482 0.912476
vt 0.476807 0.914551
vt 0.462891 0.914734
vt 0.476562 0.921875
vt 0.462891 0.914734
vt 0.476807 0.914551
vt 0.476562 0.921875
vt 0.463135 0.922058
vt 0.462891 0.914734
vt 0.448486 0.906677
vt 0.469482 0.912476
vt 0.462891 0.914734
vt 0.448486 0.906677
vt 0.462891 0.914734
vt 0.445801 0.914246
vt 0.463135 0.922058
vt 0.445801 0.914246
vt 0.462891 0.914734
vt 0.473389 0.646240
vt 0.483154 0.679443
vt 0.484131 0.683838
vt 0.469482 0.912476
vt 0.463867 0.908691
vt 0.478760 0.907471
vt 0.481934 0.691895
vt 0.473389 0.646240
vt 0.484131 0.683838
vt 0.478760 0.907471
vt 0.463867 0.908691
vt 0.463135 0.903442
vt 0.469482 0.912476
vt 0.448486 0.906677
vt 0.463867 0.908691
vt 0.463379 0.927063
vt 0.446777 0.920593
vt 0.445801 0.914246
vt 0.463379 0.927063
vt 0.445801 0.914246
vt 0.463135 0.922058
vt 0.463379 0.927063
vt 0.447998 0.924988
vt 0.446777 0.920593
vt 0.476807 0.940948
vt 0.462646 0.933533
vt 0.477295 0.933411
vt 0.469971 0.931458
vt 0.477295 0.933411
vt 0.462646 0.933533
vt 0.447998 0.924988
vt 0.469971 0.931458
vt 0.462646 0.933533
vt 0.447998 0.924988
vt 0.462646 0.933533
vt 0.446777 0.933716
vt 0.462891 0.941132
vt 0.446777 0.933716
vt 0.462646 0.933533
vt 0.478271 0.925842
vt 0.463135 0.922058
vt 0.476562 0.921875
vt 0.469971 0.931458
vt 0.463379 0.927063
vt 0.478271 0.925842
vt 0.478271 0.925842
vt 0.463379 0.927063
vt 0.463135 0.922058
vt 0.447998 0.924988
vt 0.463379 0.927063
vt 0.469971 0.931458
vt 0.503906 0.650635
vt 0.506348 0.660645
vt 0.502930 0.656494
vt 0.516113 0.701904
vt 0.505859 0.639404
vt 0.507812 0.634277
vt 0.506836 0.647949
vt 0.506348 0.660645
vt 0.503906 0.650635
vt 0.447754 0.896057
vt 0.463135 0.903442
vt 0.448242 0.901184
vt 0.505859 0.639404
vt 0.506836 0.647949
vt 0.503418 0.644043
vt 0.515625 0.589600
vt 0.516113 0.701904
vt 0.507812 0.634277
vt 0.505371 0.625977
vt 0.507812 0.634277
vt 0.503418 0.631592
vt 0.505371 0.625977
vt 0.515625 0.589600
vt 0.507812 0.634277
vt 0.702637 0.601562
vt 0.742676 0.598389
vt 0.745117 0.602539
vt 0.742676 0.598389
vt 0.702637 0.601562
vt 0.741211 0.597168
vt 0.868652 0.842041
vt 0.864746 0.847290
vt 0.862305 0.845825
vt 0.862305 0.845825
vt 0.861328 0.833862
vt 0.868652 0.842041
vt 0.861328 0.833862
vt 0.862305 0.845825
vt 0.856934 0.842896
vt 0.861328 0.833862
vt 0.856934 0.842896
vt 0.856445 0.842041
vt 0.861328 0.833862
vt 0.856445 0.842041
vt 0.857910 0.832642
vt 0.825684 0.831299
vt 0.827148 0.818970
vt 0.828613 0.831665
vt 0.825684 0.831299
vt 0.812988 0.833252
vt 0.811035 0.823242
vt 0.828613 0.831665
vt 0.831543 0.842163
vt 0.825684 0.831299
vt 0.860840 0.819946
vt 0.861328 0.833862
vt 0.857910 0.832642
vt 0.861328 0.833862
vt 0.860840 0.819946
vt 0.865234 0.801636
vt 0.831055 0.842773
vt 0.825684 0.831299
vt 0.831543 0.842163
vt 0.825684 0.846558
vt 0.825684 0.831299
vt 0.831055 0.842773
vt 0.825684 0.831299
vt 0.825684 0.846558
vt 0.812988 0.833252
vt 0.745117 0.602539
vt 0.744141 0.605225
vt 0.702637 0.601562
vt 0.812988 0.833252
vt 0.825684 0.846558
vt 0.823242 0.846680
vt 0.702637 0.601562
vt 0.707520 0.597412
vt 0.741211 0.597168
vt 0.702637 0.601562
vt 0.744141 0.605225
vt 0.703125 0.604492
vt 0.860840 0.819946
vt 0.828613 0.831665
vt 0.827148 0.818970
vt 0.702637 0.601562
vt 0.705566 0.597900
vt 0.707520 0.597412
vt 0.857910 0.832642
vt 0.828613 0.831665
vt 0.860840 0.819946
vt 0.813477 0.773315
vt 0.816895 0.783936
vt 0.814453 0.782959
vt 0.816895 0.783936
vt 0.813477 0.773315
vt 0.824707 0.782715
vt 0.824707 0.782715
vt 0.824707 0.793701
vt 0.816895 0.783936
vt 0.789551 0.689209
vt 0.780273 0.698975
vt 0.775879 0.690430
vt 0.824707 0.793701
vt 0.811035 0.823242
vt 0.816895 0.783936
vt 0.700684 0.749756
vt 0.704102 0.747314
vt 0.745605 0.749268
vt 0.700684 0.749756
vt 0.745605 0.749268
vt 0.747559 0.750488
vt 0.876465 0.822021
vt 0.873047 0.791748
vt 0.877441 0.810425
vt 0.791504 0.676758
vt 0.789062 0.687012
vt 0.781250 0.675781
vt 0.789062 0.687012
vt 0.791504 0.676758
vt 0.800781 0.687500
vt 0.792969 0.693115
vt 0.789551 0.689209
vt 0.792480 0.688721
vt 0.800781 0.687500
vt 0.792480 0.688721
vt 0.789062 0.687012
vt 0.792969 0.693115
vt 0.780273 0.698975
vt 0.789551 0.689209
vt 0.792969 0.693115
vt 0.794922 0.702881
vt 0.782715 0.702393
vt 0.808105 0.676270
vt 0.800781 0.687500
vt 0.791504 0.676758
vt 0.808105 0.676270
vt 0.812988 0.687256
vt 0.800781 0.687500
vt 0.808594 0.688721
vt 0.792480 0.688721
vt 0.800781 0.687500
vt 0.792969 0.693115
vt 0.792480 0.688721
vt 0.808594 0.688721
vt 0.860840 0.819946
vt 0.861816 0.795166
vt 0.865234 0.801636
vt 0.876465 0.822021
vt 0.865234 0.801636
vt 0.873047 0.791748
vt 0.861816 0.795166
vt 0.873047 0.791748
vt 0.865234 0.801636
vt 0.873047 0.791748
vt 0.861816 0.795166
vt 0.862305 0.790527
vt 0.809082 0.693115
vt 0.821777 0.695801
vt 0.819824 0.698975
vt 0.794922 0.702881
vt 0.809082 0.693115
vt 0.817871 0.701660
vt 0.821777 0.695801
vt 0.809082 0.693115
vt 0.812012 0.689209
vt 0.812012 0.689209
vt 0.809082 0.693115
vt 0.808594 0.688721
vt 0.821777 0.695801
vt 0.812012 0.689209
vt 0.825195 0.689941
vt 0.812988 0.687256
vt 0.808105 0.676270
vt 0.819824 0.676025
vt 0.871582 0.782349
vt 0.873047 0.791748
vt 0.862305 0.790527
vt 0.871582 0.782349
vt 0.862305 0.790527
vt 0.862305 0.782593
vt 0.808594 0.688721
vt 0.800781 0.687500
vt 0.812988 0.687256
vt 0.871582 0.782349
vt 0.892090 0.774048
vt 0.874512 0.782471
vt 0.809082 0.693115
vt 0.792969 0.693115
vt 0.808594 0.688721
vt 0.794922 0.702881
vt 0.792969 0.693115
vt 0.809082 0.693115
vt 0.704102 0.747314
vt 0.746094 0.740479
vt 0.745605 0.749268
vt 0.746582 0.722656
vt 0.746094 0.740479
vt 0.704102 0.747314
vt 0.746582 0.722656
vt 0.704102 0.747314
vt 0.702148 0.721191
vt 0.810547 0.832886
vt 0.811035 0.823242
vt 0.812988 0.833252
vt 0.811035 0.823242
vt 0.810547 0.832886
vt 0.803223 0.816284
vt 0.824707 0.793701
vt 0.837402 0.798218
vt 0.827148 0.818970
vt 0.861816 0.795166
vt 0.860840 0.819946
vt 0.837402 0.798218
vt 0.837402 0.798218
vt 0.860840 0.819946
vt 0.827148 0.818970
vt 0.744141 0.605225
vt 0.745605 0.613037
vt 0.703125 0.604492
vt 0.857910 0.832642
vt 0.831543 0.842163
vt 0.828613 0.831665
vt 0.825684 0.831299
vt 0.824707 0.793701
vt 0.827148 0.818970
vt 0.824707 0.793701
vt 0.825684 0.831299
vt 0.811035 0.823242
vt 0.856445 0.842041
vt 0.831543 0.842163
vt 0.857910 0.832642
vt 0.745605 0.623535
vt 0.701172 0.622559
vt 0.745605 0.613037
vt 0.816895 0.783936
vt 0.811035 0.823242
vt 0.809570 0.811401
vt 0.745605 0.613037
vt 0.701172 0.622559
vt 0.703125 0.604492
vt 0.631348 0.903564
vt 0.696289 0.902588
vt 0.696289 0.916077
vt 0.916992 0.121094
vt 0.916992 0.103027
vt 0.930664 0.118652
vt 0.934570 0.351562
vt 0.935547 0.370117
vt 0.928223 0.363281
vt 0.631348 0.894287
vt 0.697754 0.893372
vt 0.696289 0.902588
vt 0.363770 0.890137
vt 0.434082 0.914307
vt 0.358398 0.914307
vt 0.928711 0.178711
vt 0.925293 0.147949
vt 0.938965 0.176758
vt 0.940430 0.176758
vt 0.938965 0.176758
vt 0.939453 0.143555
vt 0.940430 0.176758
vt 0.939453 0.143555
vt 0.945312 0.166992
vt 0.885254 0.591064
vt 0.899414 0.576172
vt 0.899414 0.593994
vt 0.363770 0.890137
vt 0.354736 0.900513
vt 0.359131 0.885254
vt 0.915527 0.372559
vt 0.916016 0.353027
vt 0.922852 0.365234
vt 0.899414 0.593994
vt 0.899414 0.576172
vt 0.906250 0.595703
vt 0.922852 0.372559
vt 0.915527 0.372559
vt 0.922852 0.365234
vt 0.938965 0.176758
vt 0.925293 0.147949
vt 0.939453 0.143555
vt 0.929199 0.575928
vt 0.906250 0.595703
vt 0.899414 0.576172
vt 0.945312 0.137695
vt 0.945312 0.166992
vt 0.939453 0.143555
vt 0.929199 0.599121
vt 0.906250 0.595703
vt 0.929199 0.575928
vt 0.922852 0.375488
vt 0.915527 0.372559
vt 0.922852 0.372559
vt 0.922852 0.375488
vt 0.915527 0.375488
vt 0.915527 0.372559
vt 0.359131 0.885254
vt 0.359863 0.879822
vt 0.367676 0.882019
vt 0.906250 0.595703
vt 0.929199 0.599121
vt 0.907715 0.598145
vt 0.922852 0.416016
vt 0.915527 0.375488
vt 0.922852 0.375488
vt 0.367676 0.875122
vt 0.424805 0.882019
vt 0.367676 0.882019
vt 0.358398 0.914307
vt 0.354736 0.900513
vt 0.363770 0.890137
vt 0.885254 0.591064
vt 0.872070 0.588867
vt 0.886719 0.575684
vt 0.899414 0.576172
vt 0.885254 0.591064
vt 0.888672 0.575684
vt 0.888672 0.575684
vt 0.885254 0.591064
vt 0.886719 0.575684
vt 0.938965 0.176758
vt 0.933594 0.188965
vt 0.928711 0.178711
vt 0.918945 0.012207
vt 0.915039 0.003418
vt 0.918945 0.003418
vt 0.886719 0.575684
vt 0.872070 0.588867
vt 0.872559 0.575439
vt 0.928711 0.178711
vt 0.933594 0.188965
vt 0.927246 0.182617
vt 0.918945 0.003418
vt 0.925781 0.003418
vt 0.918945 0.012207
vt 0.927246 0.188965
vt 0.927246 0.182617
vt 0.933594 0.188965
vt 0.949219 0.512451
vt 0.942871 0.499512
vt 0.949219 0.499512
vt 0.434082 0.914307
vt 0.358398 0.955444
vt 0.358398 0.914307
vt 0.434082 0.955444
vt 0.363770 0.979614
vt 0.358398 0.955444
vt 0.344238 0.914673
vt 0.358398 0.955444
vt 0.344482 0.955078
vt 0.909180 0.003418
vt 0.913086 0.003418
vt 0.909180 0.011719
vt 0.358398 0.955444
vt 0.344238 0.914673
vt 0.358398 0.914307
vt 0.949219 0.512451
vt 0.916016 0.511963
vt 0.942871 0.499512
vt 0.922852 0.499512
vt 0.942871 0.488770
vt 0.942871 0.499512
vt 0.940918 0.069336
vt 0.945801 0.059082
vt 0.947266 0.062988
vt 0.909180 0.003418
vt 0.909180 0.011719
vt 0.902344 0.003418
vt 0.947266 0.069336
vt 0.940918 0.069336
vt 0.947266 0.062988
vt 0.942871 0.499512
vt 0.916016 0.511963
vt 0.922852 0.499512
vt 0.916016 0.511963
vt 0.916504 0.499023
vt 0.922852 0.499512
vt 0.358398 0.955444
vt 0.363770 0.979614
vt 0.354736 0.969299
vt 0.929688 0.103027
vt 0.943848 0.116211
vt 0.930664 0.118652
vt 0.916992 0.103027
vt 0.927734 0.103027
vt 0.930664 0.118652
vt 0.930664 0.118652
vt 0.927734 0.103027
vt 0.929688 0.103027
vt 0.940918 0.069336
vt 0.935547 0.057129
vt 0.945801 0.059082
vt 0.943848 0.116211
vt 0.929688 0.103027
vt 0.944336 0.103027
vt 0.915039 0.029297
vt 0.915039 0.003418
vt 0.918945 0.012207
vt 0.698242 0.925903
vt 0.631348 0.935181
vt 0.631348 0.928040
vt 0.631348 0.884827
vt 0.697754 0.893372
vt 0.631348 0.894287
vt 0.877441 0.833008
vt 0.876465 0.822021
vt 0.888672 0.818359
vt 0.875000 0.833740
vt 0.876465 0.822021
vt 0.877441 0.833008
vt 0.943359 0.471680
vt 0.923340 0.488281
vt 0.923340 0.471680
vt 0.916016 0.639648
vt 0.907715 0.598145
vt 0.929199 0.599121
vt 0.367676 0.882019
vt 0.363770 0.890137
vt 0.359131 0.885254
vt 0.424805 0.882019
vt 0.363770 0.890137
vt 0.367676 0.882019
vt 0.925293 0.147949
vt 0.938965 0.126953
vt 0.939453 0.143555
vt 0.945312 0.137695
vt 0.939453 0.143555
vt 0.940430 0.131836
vt 0.942871 0.488770
vt 0.922852 0.499512
vt 0.923340 0.488281
vt 0.923340 0.488281
vt 0.943359 0.471680
vt 0.942871 0.488770
vt 0.909180 0.011719
vt 0.913086 0.029297
vt 0.909180 0.029297
vt 0.428711 0.890076
vt 0.424805 0.882019
vt 0.431641 0.881348
vt 0.939453 0.143555
vt 0.938965 0.126953
vt 0.940430 0.131836
vt 0.916016 0.667480
vt 0.906738 0.655762
vt 0.916016 0.639648
vt 0.916016 0.667480
vt 0.898438 0.666260
vt 0.904785 0.658447
vt 0.906738 0.655762
vt 0.916016 0.667480
vt 0.904785 0.658447
vt 0.907227 0.638428
vt 0.916016 0.639648
vt 0.906738 0.655762
vt 0.922852 0.433594
vt 0.915527 0.433594
vt 0.922852 0.416016
vt 0.915527 0.436523
vt 0.922852 0.433594
vt 0.922852 0.436523
vt 0.922852 0.433594
vt 0.915527 0.436523
vt 0.915527 0.433594
vt 0.428711 0.890076
vt 0.431641 0.881348
vt 0.435059 0.890808
vt 0.424805 0.882019
vt 0.367676 0.875122
vt 0.426758 0.876343
vt 0.907715 0.598145
vt 0.916016 0.639648
vt 0.907227 0.638428
vt 0.915527 0.433594
vt 0.915527 0.375488
vt 0.922852 0.416016
vt 0.428711 0.890076
vt 0.363770 0.890137
vt 0.424805 0.882019
vt 0.696289 0.902588
vt 0.631348 0.903564
vt 0.631348 0.894287
vt 0.631348 0.903564
vt 0.696289 0.916077
vt 0.631348 0.919067
vt 0.698242 0.925903
vt 0.631348 0.928040
vt 0.631348 0.919067
vt 0.913086 0.003418
vt 0.913086 0.029297
vt 0.909180 0.011719
vt 0.865234 0.801636
vt 0.876465 0.822021
vt 0.861328 0.833862
vt 0.631348 0.884827
vt 0.702637 0.882935
vt 0.697754 0.893372
vt 0.631348 0.919067
vt 0.696289 0.916077
vt 0.698242 0.925903
vt 0.875000 0.833740
vt 0.868652 0.842041
vt 0.876465 0.822021
vt 0.435059 0.890808
vt 0.434082 0.914307
vt 0.428711 0.890076
vt 0.434082 0.914307
vt 0.435059 0.890808
vt 0.439941 0.911316
vt 0.434082 0.914307
vt 0.363770 0.890137
vt 0.428711 0.890076
vt 0.438232 0.950195
vt 0.434082 0.914307
vt 0.438232 0.919556
vt 0.434082 0.914307
vt 0.438232 0.950195
vt 0.434082 0.955444
vt 0.358398 0.955444
vt 0.434082 0.914307
vt 0.434082 0.955444
vt 0.876465 0.822021
vt 0.868652 0.842041
vt 0.861328 0.833862
vt 0.915039 0.029297
vt 0.918945 0.012207
vt 0.918945 0.029297
vt 0.717773 0.449219
vt 0.749023 0.449219
vt 0.717285 0.484863
vt 0.922852 0.436523
vt 0.922852 0.443359
vt 0.915527 0.436523
vt 0.904785 0.658447
vt 0.898438 0.666260
vt 0.897949 0.660645
vt 0.887695 0.684814
vt 0.937500 0.687744
vt 0.921387 0.697021
vt 0.872559 0.649414
vt 0.888184 0.616943
vt 0.901855 0.647949
vt 0.215210 0.996302
vt 0.193359 0.994987
vt 0.215698 0.955261
vt 0.666016 0.511963
vt 0.692383 0.513428
vt 0.665039 0.513184
vt 0.692383 0.513428
vt 0.667969 0.514893
vt 0.665039 0.513184
vt 0.666016 0.511963
vt 0.691406 0.511719
vt 0.692383 0.513428
vt 0.667969 0.514893
vt 0.692383 0.513428
vt 0.689453 0.515381
vt 0.691406 0.511719
vt 0.666016 0.511963
vt 0.691895 0.498535
vt 0.666504 0.498047
vt 0.691895 0.498535
vt 0.666016 0.511963
vt 0.694824 0.518066
vt 0.666992 0.523193
vt 0.665527 0.518066
vt 0.666992 0.523193
vt 0.693359 0.523193
vt 0.667480 0.523438
vt 0.666992 0.523193
vt 0.694824 0.518066
vt 0.693359 0.523193
vt 0.693359 0.523438
vt 0.667480 0.523438
vt 0.693359 0.523193
vt 0.713867 0.559570
vt 0.626953 0.559814
vt 0.713379 0.558350
vt 0.712402 0.562256
vt 0.626953 0.559814
vt 0.713867 0.559570
vt 0.661621 0.544922
vt 0.713867 0.544922
vt 0.713379 0.558350
vt 0.661621 0.543701
vt 0.719238 0.542725
vt 0.713867 0.544434
vt 0.661621 0.543701
vt 0.713867 0.544434
vt 0.713867 0.544922
vt 0.661621 0.543701
vt 0.713867 0.544922
vt 0.661621 0.544922
vt 0.631348 0.580322
vt 0.717285 0.581787
vt 0.630859 0.581787
vt 0.717285 0.581787
vt 0.632812 0.584229
vt 0.630859 0.581787
vt 0.631348 0.566895
vt 0.684082 0.566650
vt 0.631348 0.580322
vt 0.631348 0.566406
vt 0.682617 0.565430
vt 0.631348 0.566895
vt 0.694336 0.513184
vt 0.721191 0.514893
vt 0.693848 0.515381
vt 0.693848 0.515381
vt 0.718750 0.516602
vt 0.696289 0.516846
vt 0.684082 0.566650
vt 0.631348 0.566895
vt 0.682617 0.565430
vt 0.694336 0.513184
vt 0.720703 0.513184
vt 0.721191 0.514893
vt 0.693848 0.515381
vt 0.721191 0.514893
vt 0.718750 0.516602
vt 0.625977 0.564697
vt 0.682617 0.565430
vt 0.631348 0.566406
vt 0.713379 0.558350
vt 0.626465 0.558594
vt 0.661621 0.544922
vt 0.900391 0.601807
vt 0.900879 0.612305
vt 0.896484 0.601807
vt 0.631348 0.580322
vt 0.684082 0.566650
vt 0.717773 0.580078
vt 0.626465 0.558594
vt 0.713379 0.558350
vt 0.626953 0.559814
vt 0.626953 0.559814
vt 0.712402 0.562256
vt 0.628418 0.562256
vt 0.898438 0.666260
vt 0.937500 0.687744
vt 0.887695 0.668701
vt 0.937500 0.687744
vt 0.887695 0.684814
vt 0.887695 0.668701
vt 0.921875 0.083008
vt 0.909668 0.078125
vt 0.923340 0.047363
vt 0.909668 0.078125
vt 0.921875 0.083008
vt 0.909668 0.082520
vt 0.887695 0.668701
vt 0.887695 0.684814
vt 0.885254 0.680664
vt 0.917969 0.093750
vt 0.909668 0.082520
vt 0.921875 0.083008
vt 0.886230 0.665283
vt 0.897949 0.660645
vt 0.898438 0.666260
vt 0.898438 0.666260
vt 0.887695 0.668701
vt 0.886230 0.665283
vt 0.917480 0.453613
vt 0.915527 0.436523
vt 0.922852 0.443359
vt 0.915527 0.436523
vt 0.917480 0.453613
vt 0.915527 0.466309
vt 0.909668 0.082520
vt 0.917969 0.093750
vt 0.910156 0.094238
vt 0.910156 0.094238
vt 0.917969 0.093750
vt 0.909668 0.097168
vt 0.915527 0.466309
vt 0.917480 0.453613
vt 0.916992 0.462402
vt 0.921875 0.093262
vt 0.917969 0.093750
vt 0.921875 0.083008
vt 0.626953 0.544434
vt 0.661621 0.544922
vt 0.626465 0.558594
vt 0.888184 0.616943
vt 0.900879 0.612305
vt 0.901855 0.647949
vt 0.900879 0.612305
vt 0.888184 0.616943
vt 0.888184 0.612549
vt 0.900879 0.612305
vt 0.888184 0.612549
vt 0.896484 0.601807
vt 0.684082 0.566650
vt 0.717285 0.565918
vt 0.717773 0.580078
vt 0.749023 0.449219
vt 0.749512 0.484863
vt 0.717285 0.484863
vt 0.749512 0.484863
vt 0.712402 0.493652
vt 0.717285 0.484863
vt 0.712402 0.493652
vt 0.749512 0.484863
vt 0.754395 0.493652
vt 0.717285 0.581787
vt 0.631348 0.580322
vt 0.717773 0.580078
vt 0.632812 0.584229
vt 0.717285 0.581787
vt 0.716309 0.584229
vt 0.876465 0.317383
vt 0.891602 0.261230
vt 0.892090 0.400391
vt 0.892090 0.400391
vt 0.891602 0.261230
vt 0.899902 0.260742
vt 0.876465 0.317383
vt 0.892090 0.400391
vt 0.875488 0.371582
vt 0.853516 0.335449
vt 0.812988 0.262207
vt 0.854004 0.261719
vt 0.789062 0.040527
vt 0.803223 0.040527
vt 0.789062 0.055176
vt 0.803223 0.040527
vt 0.802246 0.055176
vt 0.789062 0.055176
vt 0.803223 0.040527
vt 0.807129 0.051270
vt 0.802246 0.055176
vt 0.838379 0.044922
vt 0.833984 0.041992
vt 0.838379 0.037598
vt 0.838379 0.037598
vt 0.833984 0.041992
vt 0.833984 0.040039
vt 0.833984 0.041992
vt 0.822266 0.041016
vt 0.833984 0.040039
vt 0.820801 0.045898
vt 0.833984 0.041992
vt 0.836426 0.045898
vt 0.876465 0.317383
vt 0.856445 0.262695
vt 0.875488 0.261230
vt 0.838379 0.059082
vt 0.833984 0.056641
vt 0.838379 0.051758
vt 0.838379 0.051758
vt 0.833984 0.056641
vt 0.833984 0.054688
vt 0.833984 0.054688
vt 0.820801 0.050781
vt 0.836426 0.050781
vt 0.833984 0.056641
vt 0.821777 0.055664
vt 0.833984 0.054688
vt 0.820801 0.060547
vt 0.833984 0.056641
vt 0.836426 0.060547
vt 0.807617 0.036621
vt 0.819824 0.040039
vt 0.803223 0.040527
vt 0.819824 0.041992
vt 0.807129 0.045410
vt 0.803223 0.040527
vt 0.803223 0.040527
vt 0.819824 0.040039
vt 0.819824 0.041992
vt 0.807129 0.045410
vt 0.819824 0.041992
vt 0.820801 0.045898
vt 0.807129 0.051270
vt 0.803223 0.040527
vt 0.807129 0.045410
vt 0.820801 0.036133
vt 0.833984 0.040039
vt 0.822266 0.041016
vt 0.833984 0.041992
vt 0.820801 0.045898
vt 0.822266 0.041016
vt 0.819824 0.040039
vt 0.820801 0.036133
vt 0.822266 0.041016
vt 0.819824 0.040039
vt 0.822266 0.041016
vt 0.819824 0.041992
vt 0.819824 0.041992
vt 0.822266 0.041016
vt 0.820801 0.045898
vt 0.853516 0.335449
vt 0.854004 0.261719
vt 0.855469 0.329102
vt 0.807129 0.051270
vt 0.819336 0.054688
vt 0.802246 0.055176
vt 0.819336 0.054688
vt 0.807129 0.051270
vt 0.820801 0.050781
vt 0.802246 0.055176
vt 0.819336 0.054688
vt 0.819336 0.056641
vt 0.819336 0.056641
vt 0.807129 0.060059
vt 0.802246 0.055176
vt 0.807129 0.065918
vt 0.802246 0.055176
vt 0.807129 0.060059
vt 0.807129 0.060059
vt 0.819336 0.056641
vt 0.820801 0.060547
vt 0.820801 0.050781
vt 0.833984 0.054688
vt 0.821777 0.055664
vt 0.856445 0.262695
vt 0.855469 0.329102
vt 0.854004 0.261719
vt 0.856445 0.262695
vt 0.876465 0.317383
vt 0.856934 0.316406
vt 0.856934 0.316406
vt 0.876465 0.317383
vt 0.856934 0.318848
vt 0.819824 0.040039
vt 0.807617 0.036621
vt 0.820801 0.036133
vt 0.833984 0.056641
vt 0.820801 0.060547
vt 0.821777 0.055664
vt 0.807617 0.036621
vt 0.802734 0.025391
vt 0.807617 0.030273
vt 0.819336 0.054688
vt 0.820801 0.050781
vt 0.821777 0.055664
vt 0.819336 0.054688
vt 0.821777 0.055664
vt 0.819336 0.056641
vt 0.856445 0.262695
vt 0.856934 0.316406
vt 0.855469 0.329102
vt 0.819336 0.056641
vt 0.821777 0.055664
vt 0.820801 0.060547
vt 0.833984 0.040039
vt 0.820801 0.036133
vt 0.836426 0.036133
vt 0.789062 0.069824
vt 0.802246 0.055176
vt 0.802734 0.070312
vt 0.802246 0.055176
vt 0.807129 0.065918
vt 0.802734 0.070312
vt 0.802734 0.025391
vt 0.807617 0.036621
vt 0.803223 0.040527
vt 0.789062 0.040527
vt 0.802734 0.025391
vt 0.803223 0.040527
vt 0.875488 0.371582
vt 0.856934 0.318848
vt 0.876465 0.317383
vt 0.837891 0.066406
vt 0.833984 0.071289
vt 0.833984 0.069336
vt 0.838379 0.073730
vt 0.833984 0.071289
vt 0.837891 0.066406
vt 0.833984 0.069336
vt 0.820801 0.065430
vt 0.836426 0.065430
vt 0.856934 0.318848
vt 0.875488 0.371582
vt 0.856934 0.333008
vt 0.833984 0.071289
vt 0.821777 0.070312
vt 0.833984 0.069336
vt 0.820801 0.075195
vt 0.833984 0.071289
vt 0.836426 0.075195
vt 0.891602 0.261230
vt 0.876465 0.317383
vt 0.875488 0.261230
vt 0.807129 0.065918
vt 0.819336 0.069336
vt 0.802734 0.070312
vt 0.819336 0.069336
vt 0.807129 0.065918
vt 0.820801 0.065430
vt 0.802734 0.070312
vt 0.819336 0.069336
vt 0.819336 0.071289
vt 0.819336 0.071289
vt 0.807129 0.075195
vt 0.802734 0.070312
vt 0.807129 0.080566
vt 0.802734 0.070312
vt 0.807129 0.075195
vt 0.807129 0.075195
vt 0.819336 0.071289
vt 0.820801 0.075195
vt 0.820801 0.065430
vt 0.833984 0.069336
vt 0.821777 0.070312
vt 0.833984 0.071289
vt 0.820801 0.075195
vt 0.821777 0.070312
vt 0.856934 0.318848
vt 0.855469 0.329102
vt 0.856934 0.316406
vt 0.819336 0.069336
vt 0.820801 0.065430
vt 0.821777 0.070312
vt 0.856934 0.318848
vt 0.856934 0.333008
vt 0.855469 0.329102
vt 0.819336 0.071289
vt 0.821777 0.070312
vt 0.820801 0.075195
vt 0.819336 0.069336
vt 0.821777 0.070312
vt 0.819336 0.071289
vt 0.855469 0.329102
vt 0.856934 0.333008
vt 0.853516 0.335449
vt 0.112793 0.688232
vt 0.108643 0.684326
vt 0.117126 0.687012
vt 0.134644 0.651123
vt 0.136841 0.665771
vt 0.128174 0.665283
vt 0.128174 0.665283
vt 0.135132 0.629639
vt 0.134644 0.651123
vt 0.135132 0.629639
vt 0.128174 0.665283
vt 0.126465 0.595947
vt 0.128174 0.665283
vt 0.119507 0.630127
vt 0.126465 0.595947
vt 0.036835 0.646973
vt 0.033905 0.596191
vt 0.038300 0.596191
vt 0.119507 0.630127
vt 0.128174 0.665283
vt 0.120361 0.651855
vt 0.044189 0.669434
vt 0.038300 0.596191
vt 0.047974 0.596191
vt 0.103577 0.687744
vt 0.108643 0.684326
vt 0.112793 0.688232
vt 0.051971 0.646973
vt 0.047974 0.596191
vt 0.054901 0.596191
vt 0.091980 0.689941
vt 0.090454 0.695557
vt 0.083130 0.687744
vt 0.091980 0.689941
vt 0.083130 0.687744
vt 0.084900 0.685303
vt 0.054749 0.684570
vt 0.059570 0.658691
vt 0.063599 0.684570
vt 0.059570 0.658691
vt 0.054749 0.684570
vt 0.055115 0.670166
vt 0.047974 0.596191
vt 0.051971 0.646973
vt 0.048767 0.648438
vt 0.044189 0.669434
vt 0.047974 0.596191
vt 0.048767 0.648438
vt 0.135132 0.595703
vt 0.144531 0.595703
vt 0.140259 0.628906
vt 0.063782 0.669922
vt 0.063599 0.684570
vt 0.059570 0.658691
vt 0.130615 0.673828
vt 0.134399 0.671387
vt 0.135010 0.674561
vt 0.108643 0.684326
vt 0.103577 0.687744
vt 0.097839 0.688721
vt 0.120361 0.651855
vt 0.128174 0.665283
vt 0.116882 0.665527
vt 0.116394 0.675293
vt 0.137451 0.677979
vt 0.116821 0.678467
vt 0.140259 0.628906
vt 0.135132 0.629639
vt 0.135132 0.595703
vt 0.055115 0.670166
vt 0.055084 0.648926
vt 0.059570 0.658691
vt 0.059570 0.658691
vt 0.064026 0.648926
vt 0.063782 0.669922
vt 0.085205 0.678223
vt 0.088379 0.675049
vt 0.088745 0.678467
vt 0.082397 0.674805
vt 0.085205 0.678223
vt 0.081116 0.678223
vt 0.085205 0.678223
vt 0.082397 0.674805
vt 0.088379 0.675049
vt 0.137329 0.670410
vt 0.116211 0.670166
vt 0.117065 0.666992
vt 0.126465 0.595947
vt 0.135132 0.595703
vt 0.135132 0.629639
vt 0.078674 0.670654
vt 0.097656 0.671143
vt 0.098938 0.674316
vt 0.117065 0.666992
vt 0.137451 0.667236
vt 0.137329 0.670410
vt 0.028503 0.669189
vt 0.033508 0.649414
vt 0.033630 0.670166
vt 0.078674 0.670654
vt 0.098938 0.674316
vt 0.078857 0.674316
vt 0.116394 0.675293
vt 0.137451 0.675049
vt 0.137451 0.677979
vt 0.067505 0.670166
vt 0.063599 0.684570
vt 0.063782 0.669922
vt 0.112061 0.689453
vt 0.116455 0.693604
vt 0.108154 0.688721
vt 0.116211 0.670166
vt 0.112549 0.668945
vt 0.117065 0.666992
vt 0.116882 0.665527
vt 0.116516 0.651611
vt 0.120361 0.651855
vt 0.118896 0.595703
vt 0.126465 0.595947
vt 0.119507 0.630127
vt 0.289795 0.625244
vt 0.277832 0.631592
vt 0.278076 0.625732
vt 0.100342 0.701172
vt 0.099854 0.694092
vt 0.108154 0.688721
vt 0.103271 0.704102
vt 0.100342 0.701172
vt 0.108154 0.688721
vt 0.111084 0.705322
vt 0.103271 0.704102
vt 0.108154 0.688721
vt 0.116455 0.693604
vt 0.115967 0.700684
vt 0.108154 0.688721
vt 0.115967 0.700684
vt 0.111084 0.705322
vt 0.108154 0.688721
vt 0.278076 0.625732
vt 0.277832 0.631592
vt 0.276611 0.625488
vt 0.111816 0.677979
vt 0.116394 0.675293
vt 0.116821 0.678467
vt 0.055115 0.670166
vt 0.054749 0.684570
vt 0.050873 0.670898
vt 0.082458 0.670410
vt 0.081116 0.666992
vt 0.085205 0.667480
vt 0.085205 0.667480
vt 0.088196 0.670166
vt 0.082458 0.670410
vt 0.113953 0.629150
vt 0.108582 0.596191
vt 0.119507 0.630127
vt 0.033905 0.596191
vt 0.028503 0.669189
vt 0.025391 0.596191
vt 0.054901 0.596191
vt 0.055084 0.648926
vt 0.051971 0.646973
vt 0.054901 0.596191
vt 0.059570 0.658691
vt 0.055084 0.648926
vt 0.063293 0.596191
vt 0.064026 0.648926
vt 0.059570 0.658691
vt 0.063293 0.596191
vt 0.067139 0.646973
vt 0.064026 0.648926
vt 0.119507 0.630127
vt 0.108582 0.596191
vt 0.118896 0.595703
vt 0.086487 0.705322
vt 0.091797 0.704102
vt 0.084045 0.709473
vt 0.067139 0.646973
vt 0.063293 0.596191
vt 0.070068 0.596191
vt 0.090454 0.695557
vt 0.091797 0.704102
vt 0.086487 0.705322
vt 0.091797 0.704102
vt 0.090454 0.695557
vt 0.094299 0.697510
vt 0.059570 0.658691
vt 0.054901 0.596191
vt 0.063293 0.596191
vt 0.094299 0.697510
vt 0.090454 0.695557
vt 0.091980 0.689941
vt 0.033905 0.596191
vt 0.036835 0.646973
vt 0.033508 0.649414
vt 0.033905 0.596191
vt 0.033508 0.649414
vt 0.028503 0.669189
vt 0.033630 0.670166
vt 0.036926 0.684570
vt 0.028503 0.669189
vt 0.819824 0.192383
vt 0.807617 0.195801
vt 0.802734 0.190918
vt 0.802734 0.190918
vt 0.819824 0.190430
vt 0.819824 0.192383
vt 0.819824 0.190430
vt 0.807617 0.186523
vt 0.821289 0.187012
vt 0.819824 0.190430
vt 0.821289 0.187012
vt 0.822266 0.191406
vt 0.819824 0.192383
vt 0.822266 0.191406
vt 0.821289 0.196289
vt 0.819824 0.190430
vt 0.822266 0.191406
vt 0.819824 0.192383
vt 0.807617 0.186523
vt 0.819824 0.190430
vt 0.802734 0.190918
vt 0.802734 0.175781
vt 0.807617 0.186523
vt 0.802734 0.190918
vt 0.807617 0.186523
vt 0.802734 0.175781
vt 0.807617 0.180664
vt 0.819824 0.175293
vt 0.821777 0.175781
vt 0.819824 0.176758
vt 0.819824 0.176758
vt 0.821777 0.175781
vt 0.820801 0.180664
vt 0.807617 0.180664
vt 0.819824 0.176758
vt 0.820801 0.180664
vt 0.854492 0.442383
vt 0.856445 0.367676
vt 0.857422 0.442383
vt 0.819824 0.175293
vt 0.820801 0.171387
vt 0.821777 0.175781
vt 0.819824 0.175293
vt 0.807129 0.171387
vt 0.820801 0.171387
vt 0.856934 0.373535
vt 0.857422 0.442383
vt 0.856445 0.367676
vt 0.802734 0.175781
vt 0.819824 0.175293
vt 0.819824 0.176758
vt 0.819824 0.176758
vt 0.807617 0.180664
vt 0.802734 0.175781
vt 0.807129 0.171387
vt 0.819824 0.175293
vt 0.802734 0.175781
vt 0.802734 0.160645
vt 0.807129 0.171387
vt 0.802734 0.175781
vt 0.802734 0.175781
vt 0.802734 0.190918
vt 0.789062 0.190918
vt 0.789062 0.175293
vt 0.802734 0.175781
vt 0.789062 0.190918
vt 0.802734 0.160645
vt 0.802734 0.175781
vt 0.789062 0.175293
vt 0.807129 0.165527
vt 0.819336 0.162109
vt 0.820801 0.166016
vt 0.819336 0.160156
vt 0.821777 0.161133
vt 0.819336 0.162109
vt 0.892090 0.400391
vt 0.876465 0.439453
vt 0.875488 0.371582
vt 0.838379 0.157227
vt 0.833984 0.162109
vt 0.833984 0.160156
vt 0.838379 0.164551
vt 0.833984 0.162109
vt 0.838379 0.157227
vt 0.833984 0.160156
vt 0.820801 0.156250
vt 0.836426 0.156250
vt 0.833984 0.162109
vt 0.821777 0.161133
vt 0.833984 0.160156
vt 0.820801 0.166016
vt 0.833984 0.162109
vt 0.836426 0.166016
vt 0.820801 0.156250
vt 0.833984 0.160156
vt 0.821777 0.161133
vt 0.833984 0.162109
vt 0.820801 0.166016
vt 0.821777 0.161133
vt 0.838379 0.172363
vt 0.833984 0.176758
vt 0.833984 0.174805
vt 0.838379 0.179688
vt 0.833984 0.176758
vt 0.838379 0.172363
vt 0.876465 0.439453
vt 0.856934 0.373535
vt 0.875488 0.371582
vt 0.838867 0.187500
vt 0.833984 0.192383
vt 0.833984 0.190430
vt 0.838379 0.194824
vt 0.833984 0.192383
vt 0.838867 0.187500
vt 0.833984 0.174805
vt 0.820801 0.171387
vt 0.836426 0.170898
vt 0.833984 0.176758
vt 0.821777 0.175781
vt 0.833984 0.174805
vt 0.820801 0.180664
vt 0.833984 0.176758
vt 0.836426 0.180664
vt 0.820801 0.171387
vt 0.833984 0.174805
vt 0.821777 0.175781
vt 0.833984 0.176758
vt 0.820801 0.180664
vt 0.821777 0.175781
vt 0.833984 0.190430
vt 0.821289 0.187012
vt 0.836914 0.186523
vt 0.833984 0.192383
vt 0.822266 0.191406
vt 0.833984 0.190430
vt 0.856934 0.373535
vt 0.876465 0.439453
vt 0.857422 0.442383
vt 0.821289 0.187012
vt 0.833984 0.190430
vt 0.822266 0.191406
vt 0.833984 0.192383
vt 0.821289 0.196289
vt 0.822266 0.191406
vt 0.819336 0.162109
vt 0.821777 0.161133
vt 0.820801 0.166016
vt 0.819336 0.160156
vt 0.820801 0.156250
vt 0.821777 0.161133
vt 0.894043 0.473145
vt 0.876465 0.439453
vt 0.892090 0.400391
vt 0.840820 0.204590
vt 0.835449 0.208496
vt 0.835449 0.206543
vt 0.838867 0.211914
vt 0.835449 0.208496
vt 0.840820 0.204590
vt 0.821289 0.196289
vt 0.833984 0.192383
vt 0.836914 0.196289
vt 0.835449 0.206543
vt 0.821777 0.202637
vt 0.837891 0.202148
vt 0.807617 0.195801
vt 0.819824 0.192383
vt 0.821289 0.196289
vt 0.821777 0.202637
vt 0.835449 0.206543
vt 0.822754 0.207520
vt 0.835449 0.208496
vt 0.822754 0.207520
vt 0.835449 0.206543
vt 0.857422 0.442383
vt 0.856445 0.455078
vt 0.854492 0.442383
vt 0.819824 0.206543
vt 0.807617 0.202148
vt 0.821777 0.202637
vt 0.819824 0.206543
vt 0.821777 0.202637
vt 0.822754 0.207520
vt 0.820312 0.212402
vt 0.835449 0.208496
vt 0.837891 0.212402
vt 0.819824 0.206543
vt 0.822754 0.207520
vt 0.820312 0.207520
vt 0.820312 0.207520
vt 0.822754 0.207520
vt 0.820312 0.212402
vt 0.835449 0.208496
vt 0.820312 0.212402
vt 0.822754 0.207520
vt 0.533203 0.411133
vt 0.488770 0.411133
vt 0.532715 0.407227
vt 0.871094 0.190918
vt 0.875977 0.127930
vt 0.877930 0.172363
vt 0.875977 0.127930
vt 0.879395 0.199707
vt 0.877930 0.172363
vt 0.879395 0.199707
vt 0.882812 0.103027
vt 0.885254 0.169922
vt 0.879395 0.199707
vt 0.883789 0.195312
vt 0.886230 0.202637
vt 0.879395 0.199707
vt 0.885254 0.169922
vt 0.883789 0.195312
vt 0.827148 0.598145
vt 0.843750 0.604004
vt 0.831543 0.613281
vt 0.492188 0.472656
vt 0.533203 0.469727
vt 0.532227 0.473633
vt 0.519531 0.387207
vt 0.490723 0.385742
vt 0.520996 0.383301
vt 0.523438 0.382324
vt 0.521973 0.377441
vt 0.523438 0.378418
vt 0.520996 0.383301
vt 0.491211 0.381348
vt 0.519043 0.379883
vt 0.519043 0.379883
vt 0.491455 0.377441
vt 0.518555 0.375000
vt 0.875000 0.206543
vt 0.879395 0.199707
vt 0.886230 0.202637
vt 0.532227 0.473633
vt 0.531738 0.475098
vt 0.490967 0.473145
vt 0.843750 0.604004
vt 0.824707 0.541016
vt 0.840332 0.518311
vt 0.832031 0.649414
vt 0.838379 0.640137
vt 0.837402 0.650146
vt 0.856445 0.631592
vt 0.837402 0.650146
vt 0.838379 0.640137
vt 0.487549 0.377441
vt 0.490723 0.381348
vt 0.487305 0.382812
vt 0.863770 0.199707
vt 0.871094 0.190918
vt 0.872070 0.204590
vt 0.879883 0.102539
vt 0.875977 0.127930
vt 0.873047 0.102051
vt 0.492188 0.472656
vt 0.501953 0.445312
vt 0.533203 0.469727
vt 0.520996 0.383301
vt 0.490723 0.385742
vt 0.491211 0.381348
vt 0.832031 0.649414
vt 0.838867 0.613281
vt 0.838379 0.640137
vt 0.487549 0.377441
vt 0.491455 0.377441
vt 0.490723 0.381348
vt 0.863770 0.199707
vt 0.872559 0.216309
vt 0.865234 0.227539
vt 0.872559 0.216309
vt 0.891602 0.223633
vt 0.872559 0.229980
vt 0.891602 0.223633
vt 0.872559 0.216309
vt 0.875977 0.213867
vt 0.832031 0.649414
vt 0.831543 0.613281
vt 0.843750 0.604004
vt 0.838867 0.613281
vt 0.832031 0.649414
vt 0.843750 0.604004
vt 0.491455 0.377441
vt 0.519043 0.379883
vt 0.491211 0.381348
vt 0.872559 0.216309
vt 0.863770 0.199707
vt 0.872070 0.204590
vt 0.490967 0.473145
vt 0.531738 0.475098
vt 0.503906 0.474609
vt 0.491455 0.377441
vt 0.490723 0.375000
vt 0.518555 0.375000
vt 0.492188 0.472656
vt 0.532227 0.473633
vt 0.490967 0.473145
vt 0.871094 0.190918
vt 0.863770 0.199707
vt 0.870605 0.190430
vt 0.873047 0.102051
vt 0.871094 0.190918
vt 0.870605 0.190430
vt 0.872070 0.204590
vt 0.875977 0.213867
vt 0.872559 0.216309
vt 0.875977 0.213867
vt 0.872070 0.204590
vt 0.875000 0.206543
vt 0.875977 0.213867
vt 0.875000 0.206543
vt 0.886230 0.202637
vt 0.489258 0.404297
vt 0.532715 0.407227
vt 0.490723 0.406738
vt 0.871094 0.190918
vt 0.875000 0.206543
vt 0.872070 0.204590
vt 0.490723 0.406738
vt 0.532715 0.407227
vt 0.488770 0.411133
vt 0.824707 0.541016
vt 0.843750 0.604004
vt 0.827148 0.598145
vt 0.533203 0.401367
vt 0.488770 0.397461
vt 0.533203 0.397949
vt 0.489258 0.404297
vt 0.531738 0.404297
vt 0.532715 0.407227
vt 0.489502 0.401855
vt 0.533203 0.401367
vt 0.531738 0.404297
vt 0.877930 0.172363
vt 0.879395 0.199707
vt 0.875000 0.206543
vt 0.489258 0.404297
vt 0.490723 0.406738
vt 0.488770 0.411133
vt 0.877930 0.172363
vt 0.875000 0.206543
vt 0.871094 0.190918
vt 0.523438 0.382324
vt 0.520020 0.382324
vt 0.521973 0.377441
vt 0.879395 0.199707
vt 0.875977 0.127930
vt 0.882812 0.103027
vt 0.875977 0.127930
vt 0.871094 0.190918
vt 0.873047 0.102051
vt 0.501953 0.445312
vt 0.614746 0.446777
vt 0.533203 0.469727
vt 0.617188 0.428223
vt 0.504883 0.416992
vt 0.534180 0.417480
vt 0.533203 0.401367
vt 0.489502 0.401855
vt 0.488770 0.397461
vt 0.489502 0.401855
vt 0.531738 0.404297
vt 0.489258 0.404297
vt 0.521973 0.377441
vt 0.520020 0.382324
vt 0.519043 0.379883
vt 0.423340 0.617676
vt 0.411621 0.603271
vt 0.429932 0.602783
vt 0.302979 0.634766
vt 0.300537 0.658691
vt 0.301025 0.634766
vt 0.279053 0.654541
vt 0.276611 0.660156
vt 0.276367 0.654053
vt 0.276611 0.660156
vt 0.279053 0.654541
vt 0.278076 0.660156
vt 0.279053 0.654541
vt 0.290039 0.658447
vt 0.278076 0.660156
vt 0.384277 0.631592
vt 0.389160 0.619873
vt 0.393066 0.631348
vt 0.387451 0.656982
vt 0.380371 0.662598
vt 0.364258 0.655518
vt 0.380371 0.662598
vt 0.370605 0.662598
vt 0.364258 0.655518
vt 0.309814 0.629883
vt 0.312256 0.659424
vt 0.310059 0.653809
vt 0.315674 0.629883
vt 0.315430 0.654053
vt 0.313477 0.654053
vt 0.302979 0.634766
vt 0.302734 0.658691
vt 0.300537 0.658691
vt 0.263672 0.657715
vt 0.276367 0.654053
vt 0.276611 0.660156
vt 0.389160 0.619873
vt 0.384277 0.631592
vt 0.384277 0.623291
vt 0.415771 0.589844
vt 0.425537 0.597168
vt 0.411621 0.603271
vt 0.358643 0.676025
vt 0.354980 0.686035
vt 0.351807 0.679199
vt 0.366455 0.663330
vt 0.363037 0.666748
vt 0.361572 0.659668
vt 0.357422 0.661133
vt 0.361572 0.659668
vt 0.363037 0.666748
vt 0.345703 0.690918
vt 0.351807 0.679199
vt 0.351074 0.688232
vt 0.351807 0.679199
vt 0.354980 0.686035
vt 0.351074 0.688232
vt 0.351807 0.679199
vt 0.345703 0.690918
vt 0.346924 0.678711
vt 0.345947 0.692627
vt 0.351074 0.688232
vt 0.356445 0.689941
vt 0.345947 0.692627
vt 0.356445 0.689941
vt 0.354736 0.696045
vt 0.363037 0.666748
vt 0.366455 0.663330
vt 0.370117 0.668213
vt 0.429932 0.602783
vt 0.411621 0.603271
vt 0.425537 0.597168
vt 0.346924 0.678711
vt 0.345703 0.690918
vt 0.342773 0.676025
vt 0.358643 0.676025
vt 0.359863 0.687988
vt 0.354980 0.686035
vt 0.342773 0.676025
vt 0.345703 0.690918
vt 0.337646 0.687744
vt 0.425537 0.597168
vt 0.415771 0.589844
vt 0.423828 0.590332
vt 0.278076 0.660156
vt 0.276611 0.700928
vt 0.276611 0.660156
vt 0.320312 0.595703
vt 0.327637 0.585938
vt 0.328125 0.593750
vt 0.264404 0.690918
vt 0.263672 0.657715
vt 0.276611 0.660156
vt 0.286865 0.693604
vt 0.278076 0.660156
vt 0.290039 0.658447
vt 0.291260 0.657959
vt 0.291260 0.691895
vt 0.290039 0.658447
vt 0.415771 0.589844
vt 0.402100 0.597656
vt 0.402832 0.589844
vt 0.354492 0.648682
vt 0.361572 0.659668
vt 0.357422 0.661133
vt 0.361572 0.659668
vt 0.354492 0.648682
vt 0.358887 0.648438
vt 0.402100 0.597656
vt 0.415771 0.589844
vt 0.411621 0.603271
vt 0.358887 0.648438
vt 0.360840 0.636475
vt 0.363281 0.640137
vt 0.363281 0.640137
vt 0.360840 0.636475
vt 0.368652 0.635010
vt 0.302979 0.666260
vt 0.300537 0.661621
vt 0.302734 0.658691
vt 0.302979 0.666260
vt 0.291992 0.665283
vt 0.300537 0.661621
vt 0.304443 0.587402
vt 0.309082 0.589844
vt 0.304443 0.593262
vt 0.291992 0.665283
vt 0.302979 0.666260
vt 0.303955 0.668213
vt 0.327637 0.585938
vt 0.320312 0.595703
vt 0.320312 0.584717
vt 0.385742 0.595703
vt 0.388672 0.589844
vt 0.402100 0.597656
vt 0.403076 0.631348
vt 0.409668 0.620605
vt 0.412842 0.631348
vt 0.302734 0.658691
vt 0.300537 0.661621
vt 0.300537 0.658691
vt 0.304932 0.658936
vt 0.310059 0.653809
vt 0.312256 0.659424
vt 0.304443 0.593262
vt 0.309570 0.593750
vt 0.307617 0.593994
vt 0.304443 0.593262
vt 0.309082 0.589844
vt 0.309570 0.593750
vt 0.402100 0.597656
vt 0.411621 0.603271
vt 0.395020 0.604980
vt 0.316650 0.656738
vt 0.312256 0.659424
vt 0.313477 0.654053
vt 0.400146 0.619629
vt 0.393066 0.631348
vt 0.389160 0.619873
vt 0.409668 0.620605
vt 0.412598 0.625000
vt 0.412842 0.631348
vt 0.403076 0.631348
vt 0.400146 0.619629
vt 0.409668 0.620605
vt 0.393066 0.631348
vt 0.400146 0.619629
vt 0.403076 0.631348
vt 0.267090 0.693115
vt 0.276611 0.700928
vt 0.268555 0.701660
vt 0.286865 0.693604
vt 0.284424 0.701172
vt 0.277832 0.700684
vt 0.312256 0.659424
vt 0.316650 0.656738
vt 0.319580 0.658203
vt 0.276611 0.700928
vt 0.278076 0.660156
vt 0.277832 0.700684
vt 0.286865 0.693604
vt 0.290039 0.658447
vt 0.291260 0.691895
vt 0.300537 0.661621
vt 0.291992 0.665283
vt 0.295166 0.661865
vt 0.276611 0.660156
vt 0.276611 0.700928
vt 0.264404 0.690918
vt 0.411621 0.603271
vt 0.423340 0.617676
vt 0.411133 0.617676
vt 0.278076 0.660156
vt 0.286865 0.693604
vt 0.277832 0.700684
vt 0.402100 0.597656
vt 0.388672 0.589844
vt 0.402832 0.589844
vt 0.360840 0.636475
vt 0.358887 0.648438
vt 0.354492 0.648682
vt 0.303955 0.668213
vt 0.291504 0.666260
vt 0.291992 0.665283
vt 0.402100 0.597656
vt 0.395020 0.604980
vt 0.385742 0.595703
vt 0.276611 0.700928
vt 0.267090 0.693115
vt 0.264404 0.690918
vt 0.789551 0.774170
vt 0.780762 0.784668
vt 0.778809 0.774780
vt 0.772461 0.791748
vt 0.778809 0.774780
vt 0.780762 0.784668
vt 0.778320 0.785400
vt 0.772461 0.791748
vt 0.780762 0.784668
vt 0.753418 0.759521
vt 0.772461 0.791748
vt 0.756836 0.794800
vt 0.704102 0.779297
vt 0.744141 0.781616
vt 0.705566 0.781860
vt 0.931152 0.794556
vt 0.917480 0.791748
vt 0.933105 0.759399
vt 0.744141 0.781616
vt 0.704102 0.779297
vt 0.746094 0.779907
vt 0.907715 0.783936
vt 0.917480 0.791748
vt 0.909668 0.784912
vt 0.814453 0.782959
vt 0.789551 0.774170
vt 0.813477 0.773315
vt 0.780762 0.784668
vt 0.789551 0.774170
vt 0.814453 0.782959
vt 0.747559 0.750488
vt 0.749512 0.764160
vt 0.700684 0.749756
vt 0.749512 0.764160
vt 0.704102 0.779297
vt 0.700684 0.749756
vt 0.778320 0.785400
vt 0.786133 0.791138
vt 0.772461 0.791748
vt 0.772461 0.791748
vt 0.786133 0.791138
vt 0.776367 0.807373
vt 0.781250 0.801147
vt 0.786133 0.791138
vt 0.785156 0.800293
vt 0.776367 0.807373
vt 0.786133 0.791138
vt 0.781250 0.801147
vt 0.805664 0.816162
vt 0.785156 0.800293
vt 0.786133 0.791138
vt 0.781250 0.801147
vt 0.786621 0.808594
vt 0.776367 0.807373
vt 0.702148 0.790161
vt 0.705566 0.781860
vt 0.744141 0.781616
vt 0.937012 0.868530
vt 0.937500 0.913025
vt 0.934082 0.870361
vt 0.702148 0.790161
vt 0.744141 0.781616
vt 0.746582 0.792603
vt 0.748047 0.815796
vt 0.702148 0.790161
vt 0.746582 0.792603
vt 0.776367 0.807373
vt 0.756836 0.794800
vt 0.772461 0.791748
vt 0.934570 0.910339
vt 0.934082 0.870361
vt 0.937500 0.913025
vt 0.776367 0.807373
vt 0.755859 0.804688
vt 0.756836 0.794800
vt 0.931152 0.804565
vt 0.917480 0.791748
vt 0.931152 0.794556
vt 0.927246 0.913818
vt 0.934082 0.870361
vt 0.934570 0.910339
vt 0.934082 0.870361
vt 0.927246 0.913818
vt 0.926270 0.866211
vt 0.937500 0.913025
vt 0.937012 0.868530
vt 0.959961 0.890442
vt 0.926270 0.866211
vt 0.922852 0.915588
vt 0.907227 0.863647
vt 0.922852 0.915588
vt 0.926270 0.866211
vt 0.927246 0.913818
vt 0.786133 0.791138
vt 0.809570 0.811401
vt 0.805664 0.816162
vt 0.811035 0.823242
vt 0.805664 0.816162
vt 0.809570 0.811401
vt 0.805664 0.816162
vt 0.811035 0.823242
vt 0.803223 0.816284
vt 0.959961 0.865967
vt 0.959961 0.890442
vt 0.937012 0.868530
vt 0.961914 0.890442
vt 0.959961 0.865967
vt 0.961426 0.863525
vt 0.702148 0.790161
vt 0.748047 0.815796
vt 0.702148 0.817993
vt 0.959961 0.865967
vt 0.961914 0.890442
vt 0.959961 0.890442
vt 0.908203 0.890442
vt 0.907227 0.863647
vt 0.922852 0.915588
vt 0.961914 0.890442
vt 0.959961 0.914795
vt 0.959961 0.890442
vt 0.892090 0.774048
vt 0.890137 0.784058
vt 0.874512 0.782471
vt 0.746094 0.779907
vt 0.704102 0.779297
vt 0.749512 0.764160
vt 0.892090 0.774048
vt 0.907715 0.783936
vt 0.890137 0.784058
vt 0.917480 0.791748
vt 0.899902 0.792969
vt 0.909668 0.784912
vt 0.917480 0.791748
vt 0.912109 0.808960
vt 0.899902 0.792969
vt 0.899902 0.792969
vt 0.912109 0.808960
vt 0.906250 0.800415
vt 0.899902 0.792969
vt 0.906250 0.800415
vt 0.901855 0.800781
vt 0.901855 0.800781
vt 0.880371 0.810669
vt 0.899902 0.792969
vt 0.917480 0.791748
vt 0.931152 0.804565
vt 0.912109 0.808960
vt 0.901855 0.807129
vt 0.906250 0.800415
vt 0.912109 0.808960
vt 0.897949 0.808960
vt 0.901855 0.807129
vt 0.888672 0.818359
vt 0.746582 0.722656
vt 0.702148 0.721191
vt 0.748047 0.719727
vt 0.901855 0.800781
vt 0.876465 0.822021
vt 0.880371 0.810669
vt 0.876465 0.822021
vt 0.877441 0.810425
vt 0.880371 0.810669
vt 0.922852 0.915588
vt 0.907715 0.914612
vt 0.908203 0.890442
vt 0.937500 0.913025
vt 0.959961 0.890442
vt 0.959961 0.914795
vt 0.876465 0.822021
vt 0.901855 0.800781
vt 0.883301 0.816040
vt 0.888672 0.818359
vt 0.876465 0.822021
vt 0.883301 0.816040
vt 0.888672 0.818359
vt 0.883301 0.816040
vt 0.897949 0.808960
vt 0.762695 0.835327
vt 0.755859 0.804688
vt 0.776367 0.807373
vt 0.389404 0.406250
vt 0.399414 0.397461
vt 0.394287 0.406738
vt 0.396973 0.432129
vt 0.399414 0.397461
vt 0.402588 0.437500
vt 0.394287 0.406738
vt 0.399414 0.397461
vt 0.395752 0.407715
vt 0.469482 0.359375
vt 0.461914 0.356445
vt 0.468018 0.354004
vt 0.469482 0.359375
vt 0.460449 0.359375
vt 0.461914 0.356445
vt 0.416016 0.438477
vt 0.415039 0.013672
vt 0.416504 0.060547
vt 0.416504 0.060547
vt 0.422363 0.066895
vt 0.416016 0.438477
vt 0.427979 0.407227
vt 0.423340 0.397461
vt 0.432373 0.406250
vt 0.962402 0.043945
vt 0.965820 0.043457
vt 0.964844 0.046875
vt 0.264893 0.428223
vt 0.287354 0.427734
vt 0.287109 0.430176
vt 0.352539 0.458008
vt 0.371582 0.474609
vt 0.350098 0.473633
vt 0.293701 0.434570
vt 0.268555 0.433105
vt 0.287109 0.430176
vt 0.352539 0.458008
vt 0.350098 0.473633
vt 0.350586 0.464355
vt 0.290283 0.444824
vt 0.268555 0.433105
vt 0.293701 0.434570
vt 0.352539 0.458008
vt 0.350586 0.464355
vt 0.351074 0.457520
vt 0.346191 0.461426
vt 0.351074 0.457520
vt 0.350586 0.464355
vt 0.348633 0.465332
vt 0.346191 0.461426
vt 0.350586 0.464355
vt 0.287109 0.430176
vt 0.268555 0.433105
vt 0.264893 0.428223
vt 0.961914 0.045898
vt 0.962402 0.043945
vt 0.964844 0.046875
vt 0.350586 0.464355
vt 0.350098 0.473633
vt 0.350098 0.472656
vt 0.963867 0.042480
vt 0.965820 0.043457
vt 0.962402 0.043945
vt 0.399414 0.397461
vt 0.396973 0.432129
vt 0.395752 0.407715
vt 0.352295 0.447754
vt 0.374512 0.449219
vt 0.373535 0.453613
vt 0.461182 0.381348
vt 0.469238 0.378418
vt 0.468750 0.381836
vt 0.469238 0.378418
vt 0.461182 0.381348
vt 0.461182 0.378418
vt 0.392334 0.428711
vt 0.393555 0.425781
vt 0.396973 0.432129
vt 0.268555 0.433105
vt 0.290283 0.444824
vt 0.268311 0.440918
vt 0.268311 0.440918
vt 0.290283 0.444824
vt 0.268311 0.442871
vt 0.268311 0.442871
vt 0.290283 0.444824
vt 0.268311 0.447754
vt 0.373535 0.453613
vt 0.352783 0.453613
vt 0.352295 0.447754
vt 0.393555 0.425781
vt 0.394287 0.406738
vt 0.395752 0.407715
vt 0.469482 0.359375
vt 0.461182 0.378418
vt 0.460449 0.359375
vt 0.963867 0.042480
vt 0.966309 0.007812
vt 0.966309 0.042969
vt 0.966309 0.042969
vt 0.966309 0.007812
vt 0.969238 0.045898
vt 0.969238 0.045898
vt 0.966309 0.007812
vt 0.969727 0.007324
vt 0.956055 0.045898
vt 0.956543 0.007324
vt 0.959473 0.043457
vt 0.461182 0.378418
vt 0.469482 0.359375
vt 0.469238 0.378418
vt 0.395752 0.407715
vt 0.396973 0.432129
vt 0.393555 0.425781
vt 0.416016 0.438477
vt 0.422363 0.066895
vt 0.423340 0.397461
vt 0.424072 0.313965
vt 0.423340 0.397461
vt 0.422363 0.066895
vt 0.424072 0.313965
vt 0.425049 0.355957
vt 0.423340 0.397461
vt 0.325439 0.431641
vt 0.328369 0.437012
vt 0.323486 0.433594
vt 0.964844 0.347168
vt 0.979004 0.348633
vt 0.975098 0.351562
vt 0.306885 0.412598
vt 0.323486 0.416016
vt 0.305176 0.416016
vt 0.307129 0.437012
vt 0.309326 0.449707
vt 0.302490 0.437012
vt 0.353027 0.425293
vt 0.356445 0.410156
vt 0.356445 0.426758
vt 0.323486 0.416016
vt 0.306885 0.412598
vt 0.328369 0.413086
vt 0.372314 0.415527
vt 0.373535 0.423340
vt 0.371826 0.423340
vt 0.349365 0.435059
vt 0.332275 0.433105
vt 0.349365 0.432129
vt 0.307129 0.437012
vt 0.328369 0.437012
vt 0.309326 0.449707
vt 0.356445 0.410156
vt 0.353027 0.425293
vt 0.353027 0.401367
vt 0.309326 0.449707
vt 0.328369 0.437012
vt 0.332764 0.454102
vt 0.973633 0.332520
vt 0.979004 0.348633
vt 0.964844 0.347168
vt 0.302490 0.437012
vt 0.309326 0.449707
vt 0.305176 0.450684
vt 0.332275 0.433105
vt 0.349365 0.435059
vt 0.332520 0.435059
vt 0.350342 0.453613
vt 0.332520 0.435059
vt 0.349365 0.435059
vt 0.363525 0.427246
vt 0.372070 0.434082
vt 0.359131 0.434082
vt 0.975098 0.379395
vt 0.979004 0.354980
vt 0.979492 0.376465
vt 0.363525 0.427246
vt 0.371338 0.425781
vt 0.372070 0.434082
vt 0.363281 0.421875
vt 0.372314 0.415527
vt 0.371826 0.423340
vt 0.372314 0.415527
vt 0.363281 0.421875
vt 0.358887 0.415039
vt 0.987305 0.376465
vt 0.979492 0.376465
vt 0.979004 0.354980
vt 0.975098 0.379395
vt 0.975098 0.353027
vt 0.979004 0.354980
vt 0.325439 0.431641
vt 0.328369 0.426270
vt 0.328369 0.437012
vt 0.328369 0.426270
vt 0.325439 0.431641
vt 0.324463 0.425293
vt 0.324463 0.425293
vt 0.325439 0.417969
vt 0.328369 0.426270
vt 0.353027 0.401367
vt 0.358154 0.408691
vt 0.356445 0.410156
vt 0.975098 0.351562
vt 0.966309 0.351562
vt 0.964844 0.347168
vt 0.974609 0.298828
vt 0.980469 0.305664
vt 0.971680 0.305664
vt 0.305420 0.433594
vt 0.323486 0.433594
vt 0.307129 0.437012
vt 0.328369 0.437012
vt 0.307129 0.437012
vt 0.323486 0.433594
vt 0.332520 0.435059
vt 0.350342 0.453613
vt 0.336670 0.451172
vt 0.365234 0.424805
vt 0.371826 0.423340
vt 0.371338 0.425781
vt 0.353027 0.401367
vt 0.375977 0.407227
vt 0.358154 0.408691
vt 0.371338 0.425781
vt 0.363525 0.427246
vt 0.365234 0.424805
vt 0.363281 0.421875
vt 0.371826 0.423340
vt 0.365234 0.424805
vt 0.328369 0.413086
vt 0.328369 0.426270
vt 0.325439 0.417969
vt 0.325439 0.417969
vt 0.323486 0.416016
vt 0.328369 0.413086
vt 0.349365 0.418945
vt 0.332520 0.416016
vt 0.349365 0.416016
vt 0.332520 0.416016
vt 0.349365 0.418945
vt 0.332031 0.415039
vt 0.332520 0.416016
vt 0.349609 0.397461
vt 0.349365 0.416016
vt 0.328369 0.413086
vt 0.309082 0.399902
vt 0.326904 0.395508
vt 0.377441 0.425293
vt 0.374023 0.410645
vt 0.375977 0.407227
vt 0.309082 0.399902
vt 0.328369 0.413086
vt 0.306885 0.412598
vt 0.349609 0.397461
vt 0.332520 0.416016
vt 0.336670 0.400391
vt 0.374023 0.410645
vt 0.377441 0.425293
vt 0.374268 0.426758
vt 0.332031 0.415039
vt 0.335205 0.425781
vt 0.332275 0.433105
vt 0.332031 0.415039
vt 0.347900 0.425781
vt 0.335205 0.425781
vt 0.347900 0.425781
vt 0.332031 0.415039
vt 0.349365 0.418945
vt 0.347900 0.425781
vt 0.332275 0.433105
vt 0.335205 0.425781
vt 0.347900 0.425781
vt 0.349365 0.432129
vt 0.332275 0.433105
vt 0.944336 0.394531
vt 0.967285 0.403320
vt 0.940918 0.403320
vt 0.302002 0.412109
vt 0.305176 0.399414
vt 0.306885 0.412598
vt 0.306885 0.412598
vt 0.305176 0.399414
vt 0.309082 0.399902
vt 0.967285 0.403320
vt 0.944336 0.394531
vt 0.963867 0.394531
vt 0.912598 0.221680
vt 0.930664 0.224121
vt 0.913086 0.225098
vt 0.909180 0.225586
vt 0.913086 0.225098
vt 0.912598 0.227539
vt 0.913086 0.225098
vt 0.927246 0.228516
vt 0.912598 0.227539
vt 0.912598 0.227539
vt 0.927246 0.228516
vt 0.911133 0.255371
vt 0.912598 0.227539
vt 0.907227 0.255859
vt 0.909180 0.225586
vt 0.927246 0.228516
vt 0.913086 0.225098
vt 0.930664 0.224121
vt 0.911133 0.255371
vt 0.903809 0.262695
vt 0.907227 0.255859
vt 0.907227 0.255859
vt 0.912598 0.227539
vt 0.911133 0.255371
vt 0.928223 0.291992
vt 0.911133 0.255371
vt 0.927246 0.228516
vt 0.911133 0.255371
vt 0.906250 0.301270
vt 0.903809 0.262695
vt 0.940918 0.273926
vt 0.948730 0.224609
vt 0.950195 0.273926
vt 0.210693 0.394531
vt 0.178589 0.344238
vt 0.210205 0.291992
vt 0.938477 0.273926
vt 0.938477 0.224609
vt 0.940918 0.273926
vt 0.950195 0.273926
vt 0.948730 0.224609
vt 0.951660 0.222656
vt 0.911133 0.255371
vt 0.928223 0.291992
vt 0.917480 0.301758
vt 0.940918 0.273926
vt 0.941895 0.223633
vt 0.948730 0.224609
vt 0.940918 0.273926
vt 0.938477 0.224609
vt 0.941895 0.223633
vt 0.939941 0.304688
vt 0.942871 0.300781
vt 0.942871 0.303711
vt 0.937988 0.300781
vt 0.942871 0.300781
vt 0.937012 0.305176
vt 0.163452 0.377441
vt 0.153687 0.375488
vt 0.162231 0.324707
vt 0.906250 0.301270
vt 0.911133 0.255371
vt 0.908691 0.298340
vt 0.908691 0.298340
vt 0.911133 0.255371
vt 0.917480 0.301758
vt 0.917480 0.301758
vt 0.928223 0.291992
vt 0.931152 0.294922
vt 0.215820 0.394531
vt 0.210205 0.291992
vt 0.215820 0.275391
vt 0.210205 0.291992
vt 0.215820 0.394531
vt 0.210693 0.394531
vt 0.937500 0.317871
vt 0.939941 0.326172
vt 0.936523 0.326172
vt 0.928711 0.321777
vt 0.928223 0.326660
vt 0.915527 0.327637
vt 0.929199 0.343750
vt 0.930664 0.327148
vt 0.932617 0.339355
vt 0.210693 0.394531
vt 0.182251 0.396973
vt 0.178589 0.344238
vt 0.918457 0.321289
vt 0.928711 0.321777
vt 0.915527 0.327637
vt 0.930176 0.307617
vt 0.932617 0.307617
vt 0.930664 0.321289
vt 0.905273 0.321777
vt 0.918457 0.318359
vt 0.918457 0.321289
vt 0.905273 0.321777
vt 0.918457 0.321289
vt 0.915527 0.327637
vt 0.918457 0.318359
vt 0.905273 0.319824
vt 0.905273 0.316406
vt 0.918457 0.318359
vt 0.905273 0.321777
vt 0.905273 0.319824
vt 0.901855 0.319824
vt 0.905273 0.319824
vt 0.905273 0.321777
vt 0.901855 0.319824
vt 0.905273 0.321777
vt 0.902832 0.328613
vt 0.950195 0.276367
vt 0.940918 0.273926
vt 0.950195 0.273926
vt 0.915527 0.327637
vt 0.919922 0.329590
vt 0.905273 0.328613
vt 0.919922 0.329590
vt 0.904785 0.331055
vt 0.905273 0.328613
vt 0.902832 0.328613
vt 0.905273 0.321777
vt 0.915527 0.327637
vt 0.902832 0.328613
vt 0.915527 0.327637
vt 0.905273 0.328613
vt 0.940918 0.273926
vt 0.950195 0.276367
vt 0.940918 0.276367
vt 0.944336 0.220215
vt 0.951660 0.222656
vt 0.948730 0.224609
vt 0.948730 0.224609
vt 0.941895 0.223633
vt 0.944336 0.220215
vt 0.217041 0.396973
vt 0.210693 0.394531
vt 0.215820 0.394531
vt 0.253418 0.395508
vt 0.217041 0.396973
vt 0.215820 0.394531
vt 0.803223 0.100586
vt 0.803223 0.115723
vt 0.789062 0.115234
vt 0.807617 0.111328
vt 0.803223 0.100586
vt 0.807617 0.105469
vt 0.803223 0.100586
vt 0.807617 0.111328
vt 0.803223 0.115723
vt 0.807617 0.111328
vt 0.819824 0.115234
vt 0.803223 0.115723
vt 0.819824 0.117188
vt 0.807617 0.120605
vt 0.803223 0.115723
vt 0.803223 0.115723
vt 0.819824 0.115234
vt 0.819824 0.117188
vt 0.819824 0.115234
vt 0.807617 0.111328
vt 0.821289 0.111816
vt 0.819824 0.115234
vt 0.821289 0.111816
vt 0.822266 0.116211
vt 0.807617 0.120605
vt 0.819824 0.117188
vt 0.821289 0.121094
vt 0.856934 0.333008
vt 0.856934 0.369629
vt 0.856445 0.367676
vt 0.819824 0.115234
vt 0.822266 0.116211
vt 0.819824 0.117188
vt 0.819824 0.117188
vt 0.822266 0.116211
vt 0.821289 0.121094
vt 0.833984 0.147461
vt 0.820801 0.151367
vt 0.821777 0.146484
vt 0.820801 0.151367
vt 0.833984 0.147461
vt 0.836426 0.151367
vt 0.833984 0.147461
vt 0.821777 0.146484
vt 0.833984 0.145508
vt 0.812988 0.262207
vt 0.853516 0.335449
vt 0.813965 0.442383
vt 0.803223 0.115723
vt 0.789062 0.130859
vt 0.789062 0.115234
vt 0.789062 0.130859
vt 0.803223 0.115723
vt 0.803223 0.130859
vt 0.838379 0.150391
vt 0.833984 0.147461
vt 0.838379 0.143066
vt 0.789062 0.130859
vt 0.784180 0.141602
vt 0.784180 0.135742
vt 0.789062 0.130859
vt 0.789062 0.145996
vt 0.784180 0.141602
vt 0.789062 0.130859
vt 0.803223 0.130859
vt 0.789062 0.145996
vt 0.803223 0.130859
vt 0.802734 0.145996
vt 0.789062 0.145996
vt 0.807617 0.126953
vt 0.803223 0.115723
vt 0.807617 0.120605
vt 0.803223 0.115723
vt 0.807617 0.126953
vt 0.803223 0.130859
vt 0.807617 0.126953
vt 0.819824 0.130859
vt 0.803223 0.130859
vt 0.803223 0.130859
vt 0.819824 0.130859
vt 0.819824 0.132324
vt 0.856934 0.373535
vt 0.856445 0.367676
vt 0.856934 0.369629
vt 0.819824 0.130859
vt 0.807617 0.126953
vt 0.821289 0.126953
vt 0.819824 0.130859
vt 0.821289 0.126953
vt 0.822266 0.131348
vt 0.819824 0.130859
vt 0.822266 0.131348
vt 0.819824 0.132324
vt 0.807129 0.141602
vt 0.803223 0.130859
vt 0.807129 0.135742
vt 0.819824 0.132324
vt 0.807129 0.135742
vt 0.803223 0.130859
vt 0.803223 0.130859
vt 0.807129 0.141602
vt 0.802734 0.145996
vt 0.807129 0.141602
vt 0.819336 0.145508
vt 0.802734 0.145996
vt 0.807129 0.135742
vt 0.819824 0.132324
vt 0.821289 0.136230
vt 0.819824 0.132324
vt 0.822266 0.131348
vt 0.821289 0.136230
vt 0.819336 0.145508
vt 0.807129 0.141602
vt 0.820801 0.142090
vt 0.819336 0.145508
vt 0.820801 0.142090
vt 0.821777 0.146484
vt 0.819336 0.147461
vt 0.807129 0.150879
vt 0.802734 0.145996
vt 0.807129 0.156738
vt 0.802734 0.145996
vt 0.807129 0.150879
vt 0.802734 0.145996
vt 0.819336 0.145508
vt 0.819336 0.147461
vt 0.807129 0.150879
vt 0.819336 0.147461
vt 0.820801 0.151367
vt 0.819336 0.145508
vt 0.821777 0.146484
vt 0.819336 0.147461
vt 0.813965 0.442383
vt 0.853516 0.335449
vt 0.854492 0.442383
vt 0.819336 0.147461
vt 0.821777 0.146484
vt 0.820801 0.151367
vt 0.856445 0.367676
vt 0.854492 0.442383
vt 0.853516 0.335449
vt 0.820801 0.142090
vt 0.833984 0.145508
vt 0.821777 0.146484
vt 0.833984 0.132812
vt 0.821289 0.136230
vt 0.822266 0.131348
vt 0.833984 0.145508
vt 0.820801 0.142090
vt 0.836426 0.141602
vt 0.821289 0.136230
vt 0.833984 0.132812
vt 0.836914 0.136230
vt 0.821289 0.126953
vt 0.833984 0.130371
vt 0.822266 0.131348
vt 0.900879 0.471680
vt 0.892090 0.400391
vt 0.899902 0.260742
vt 0.875488 0.371582
vt 0.856934 0.373535
vt 0.856934 0.369629
vt 0.833984 0.132812
vt 0.822266 0.131348
vt 0.833984 0.130371
vt 0.833984 0.130371
vt 0.821289 0.126953
vt 0.836914 0.126465
vt 0.838379 0.143066
vt 0.833984 0.147461
vt 0.833984 0.145508
vt 0.838867 0.112305
vt 0.833984 0.117188
vt 0.833984 0.115234
vt 0.838379 0.119629
vt 0.833984 0.117188
vt 0.838867 0.112305
vt 0.838379 0.135254
vt 0.833984 0.132812
vt 0.838867 0.127930
vt 0.838867 0.127930
vt 0.833984 0.132812
vt 0.833984 0.130371
vt 0.833984 0.117188
vt 0.821289 0.121094
vt 0.822266 0.116211
vt 0.833984 0.115234
vt 0.821289 0.111816
vt 0.836426 0.111328
vt 0.833984 0.117188
vt 0.822266 0.116211
vt 0.833984 0.115234
vt 0.821289 0.121094
vt 0.833984 0.117188
vt 0.836914 0.121094
vt 0.821289 0.111816
vt 0.833984 0.115234
vt 0.822266 0.116211
vt 0.856934 0.333008
vt 0.875488 0.371582
vt 0.856934 0.369629
vt 0.608398 0.981003
vt 0.623047 0.954376
vt 0.622070 0.981628
vt 0.626465 0.968018
vt 0.622070 0.981628
vt 0.623047 0.954376
vt 0.623047 0.954376
vt 0.608398 0.981003
vt 0.611328 0.953766
vt 0.791992 0.522949
vt 0.773926 0.473145
vt 0.792969 0.430176
vt 0.795898 0.205078
vt 0.819824 0.206543
vt 0.820312 0.207520
vt 0.854492 0.442383
vt 0.814453 0.480469
vt 0.813965 0.442383
vt 0.820312 0.212402
vt 0.772461 0.212402
vt 0.820312 0.207520
vt 0.622070 0.981628
vt 0.626465 0.968018
vt 0.626953 0.981720
vt 0.791992 0.522949
vt 0.792969 0.430176
vt 0.810547 0.441895
vt 0.769043 0.211914
vt 0.756348 0.208496
vt 0.769043 0.207520
vt 0.756348 0.208496
vt 0.769043 0.211914
vt 0.753418 0.212402
vt 0.756348 0.206543
vt 0.769043 0.207520
vt 0.756348 0.208496
vt 0.756348 0.206543
vt 0.770020 0.202637
vt 0.769043 0.207520
vt 0.770020 0.202637
vt 0.756348 0.206543
vt 0.753906 0.202148
vt 0.752441 0.211914
vt 0.750977 0.204590
vt 0.756348 0.208496
vt 0.756348 0.208496
vt 0.750977 0.204590
vt 0.756348 0.206543
vt 0.792969 0.430176
vt 0.773926 0.473145
vt 0.775879 0.395996
vt 0.766113 0.471191
vt 0.775879 0.395996
vt 0.773926 0.473145
vt 0.626953 0.981720
vt 0.631836 0.994698
vt 0.623535 0.984497
vt 0.807617 0.202148
vt 0.819824 0.206543
vt 0.795898 0.205078
vt 0.802734 0.190918
vt 0.807617 0.202148
vt 0.795898 0.205078
vt 0.807617 0.202148
vt 0.802734 0.190918
vt 0.807617 0.195801
vt 0.820312 0.207520
vt 0.771484 0.208496
vt 0.795898 0.205078
vt 0.623535 0.984497
vt 0.631836 0.994698
vt 0.621094 0.997507
vt 0.771484 0.208496
vt 0.820312 0.207520
vt 0.772461 0.212402
vt 0.643066 0.996275
vt 0.621094 0.997507
vt 0.631836 0.994698
vt 0.608398 0.987778
vt 0.617188 0.985260
vt 0.615723 0.990982
vt 0.802734 0.190918
vt 0.795898 0.205078
vt 0.789062 0.190918
vt 0.784180 0.202148
vt 0.789062 0.190918
vt 0.795898 0.205078
vt 0.771484 0.206543
vt 0.784180 0.202148
vt 0.795898 0.205078
vt 0.789062 0.190918
vt 0.784180 0.202148
vt 0.784180 0.195801
vt 0.812012 0.455078
vt 0.813965 0.442383
vt 0.814453 0.480469
vt 0.771484 0.206543
vt 0.795898 0.205078
vt 0.771484 0.208496
vt 0.769043 0.211914
vt 0.771484 0.208496
vt 0.772461 0.212402
vt 0.769043 0.207520
vt 0.771484 0.206543
vt 0.771484 0.208496
vt 0.771484 0.208496
vt 0.769043 0.211914
vt 0.769043 0.207520
vt 0.784180 0.202148
vt 0.771484 0.206543
vt 0.770020 0.202637
vt 0.771484 0.206543
vt 0.769043 0.207520
vt 0.770020 0.202637
vt 0.812012 0.455078
vt 0.810547 0.441895
vt 0.813965 0.442383
vt 0.771973 0.192383
vt 0.784180 0.195801
vt 0.770508 0.196289
vt 0.784180 0.195801
vt 0.771973 0.192383
vt 0.789062 0.190918
vt 0.203735 0.861938
vt 0.217041 0.858032
vt 0.216309 0.860840
vt 0.055328 0.860718
vt 0.003725 0.852661
vt 0.004436 0.851807
vt 0.055328 0.860718
vt 0.004436 0.851807
vt 0.004166 0.850098
vt 0.043793 0.860352
vt 0.003906 0.857788
vt 0.003725 0.852661
vt 0.039368 0.864380
vt 0.003815 0.861328
vt 0.003906 0.857788
vt 0.191528 0.852905
vt 0.203735 0.861938
vt 0.193848 0.897766
vt 0.192505 0.894531
vt 0.191528 0.852905
vt 0.193848 0.897766
vt 0.203735 0.861938
vt 0.216309 0.860840
vt 0.215454 0.909241
vt 0.003906 0.857788
vt 0.043793 0.860352
vt 0.039368 0.864380
vt 0.002911 0.956146
vt 0.053375 0.903381
vt 0.069824 0.989639
vt 0.056763 0.895691
vt 0.053375 0.903381
vt 0.053253 0.882019
vt 0.069824 0.989639
vt 0.005348 0.995060
vt 0.002911 0.956146
vt 0.055328 0.860718
vt 0.004166 0.850098
vt 0.057587 0.859375
vt 0.192139 0.939362
vt 0.192505 0.894531
vt 0.192627 0.939972
vt 0.192139 0.939362
vt 0.142700 0.898621
vt 0.192505 0.894531
vt 0.053375 0.903381
vt 0.002911 0.956146
vt 0.003815 0.861328
vt 0.192627 0.939972
vt 0.192505 0.894531
vt 0.193848 0.897766
vt 0.192627 0.939972
vt 0.193848 0.897766
vt 0.203735 0.861938
vt 0.215454 0.909241
vt 0.192627 0.939972
vt 0.203735 0.861938
vt 0.003815 0.861328
vt 0.002911 0.956146
vt 0.001749 0.908691
vt 0.189941 0.994957
vt 0.192139 0.939362
vt 0.193359 0.994987
vt 0.003725 0.852661
vt 0.055328 0.860718
vt 0.043793 0.860352
vt 0.036530 0.879028
vt 0.003815 0.861328
vt 0.039368 0.864380
vt 0.189941 0.994957
vt 0.142700 0.898621
vt 0.192139 0.939362
vt 0.193359 0.994987
vt 0.192139 0.939362
vt 0.192627 0.939972
vt 0.215698 0.955261
vt 0.193359 0.994987
vt 0.192627 0.939972
vt 0.192627 0.939972
vt 0.215454 0.909241
vt 0.215698 0.955261
vt 0.053253 0.882019
vt 0.054901 0.866455
vt 0.056763 0.895691
vt 0.060028 0.863037
vt 0.071350 0.868164
vt 0.056763 0.895691
vt 0.054901 0.866455
vt 0.060028 0.863037
vt 0.056763 0.895691
vt 0.040192 0.878540
vt 0.054901 0.866455
vt 0.053253 0.882019
vt 0.055328 0.860718
vt 0.060028 0.863037
vt 0.043793 0.860352
vt 0.054901 0.866455
vt 0.043793 0.860352
vt 0.060028 0.863037
vt 0.057587 0.859375
vt 0.060028 0.863037
vt 0.055328 0.860718
vt 0.036530 0.879028
vt 0.053253 0.882019
vt 0.053375 0.903381
vt 0.053253 0.882019
vt 0.036530 0.879028
vt 0.040192 0.878540
vt 0.003815 0.861328
vt 0.036530 0.879028
vt 0.053375 0.903381
vt 0.040192 0.878540
vt 0.036530 0.879028
vt 0.039368 0.864380
vt 0.039368 0.864380
vt 0.043793 0.860352
vt 0.040192 0.878540
vt 0.043793 0.860352
vt 0.054901 0.866455
vt 0.040192 0.878540
vt 0.209351 0.836304
vt 0.208374 0.840454
vt 0.205566 0.835327
vt 0.195557 0.835571
vt 0.191040 0.841187
vt 0.191406 0.836792
vt 0.097778 0.845459
vt 0.101013 0.848633
vt 0.096375 0.849854
vt 0.103271 0.858643
vt 0.097290 0.857910
vt 0.098511 0.852539
vt 0.097290 0.857910
vt 0.095947 0.852173
vt 0.098511 0.852539
vt 0.191040 0.841187
vt 0.195557 0.835571
vt 0.196655 0.841675
vt 0.103271 0.858643
vt 0.102966 0.851685
vt 0.106750 0.851196
vt 0.205566 0.835327
vt 0.208374 0.840454
vt 0.201782 0.841553
vt 0.098511 0.852539
vt 0.102966 0.851685
vt 0.103271 0.858643
vt 0.199707 0.835815
vt 0.196655 0.841675
vt 0.195557 0.835571
vt 0.200073 0.846802
vt 0.195923 0.849121
vt 0.196655 0.844116
vt 0.196655 0.841675
vt 0.199707 0.835815
vt 0.201782 0.841553
vt 0.201782 0.841553
vt 0.199707 0.835815
vt 0.205566 0.835327
vt 0.093384 0.857910
vt 0.086975 0.858887
vt 0.091553 0.851196
vt 0.093384 0.857910
vt 0.095947 0.852173
vt 0.097290 0.857910
vt 0.095947 0.852173
vt 0.093384 0.857910
vt 0.091553 0.851196
vt 0.343506 0.824951
vt 0.344238 0.843018
vt 0.339844 0.842041
vt 0.343506 0.824951
vt 0.346924 0.843750
vt 0.344238 0.843018
vt 0.352539 0.843750
vt 0.346924 0.843750
vt 0.353027 0.822632
vt 0.344727 0.853394
vt 0.344482 0.871826
vt 0.341553 0.873291
vt 0.320068 0.854126
vt 0.320312 0.884766
vt 0.311768 0.882751
vt 0.598145 0.937317
vt 0.568359 0.938568
vt 0.573242 0.934509
vt 0.350098 0.872314
vt 0.349854 0.877625
vt 0.344482 0.875061
vt 0.340088 0.825195
vt 0.339844 0.842041
vt 0.337646 0.843628
vt 0.310547 0.918274
vt 0.313965 0.903809
vt 0.319336 0.906311
vt 0.617188 0.428223
vt 0.534180 0.417480
vt 0.577637 0.417969
vt 0.533203 0.469727
vt 0.614746 0.446777
vt 0.577148 0.472656
vt 0.350098 0.871582
vt 0.350098 0.872314
vt 0.344482 0.871826
vt 0.352295 0.843628
vt 0.352295 0.846924
vt 0.349854 0.845581
vt 0.334473 0.843750
vt 0.335449 0.822266
vt 0.337646 0.843628
vt 0.344727 0.853394
vt 0.350098 0.871582
vt 0.344482 0.871826
vt 0.573242 0.914001
vt 0.573242 0.934509
vt 0.573242 0.932861
vt 0.346924 0.843750
vt 0.352539 0.843750
vt 0.349854 0.845581
vt 0.587402 0.587646
vt 0.593750 0.855225
vt 0.584961 0.854858
vt 0.345215 0.825317
vt 0.346924 0.843750
vt 0.343506 0.824951
vt 0.341553 0.873291
vt 0.339111 0.852417
vt 0.343262 0.852173
vt 0.339844 0.842041
vt 0.340088 0.825195
vt 0.343506 0.824951
vt 0.345215 0.825317
vt 0.347168 0.824219
vt 0.346924 0.843750
vt 0.347168 0.824219
vt 0.353027 0.822632
vt 0.346924 0.843750
vt 0.341553 0.873291
vt 0.343262 0.852173
vt 0.344727 0.853394
vt 0.337646 0.843628
vt 0.335449 0.822266
vt 0.340088 0.825195
vt 0.414551 0.835938
vt 0.407227 0.823364
vt 0.413574 0.812378
vt 0.568359 0.938568
vt 0.598145 0.937317
vt 0.569824 0.943451
vt 0.350098 0.871582
vt 0.344727 0.853394
vt 0.350098 0.853027
vt 0.574707 0.885010
vt 0.598145 0.937317
vt 0.573242 0.934509
vt 0.353027 0.822632
vt 0.347168 0.824219
vt 0.349609 0.822021
vt 0.350830 0.848511
vt 0.343262 0.852051
vt 0.342041 0.848389
vt 0.577148 0.472656
vt 0.614746 0.446777
vt 0.616211 0.473145
vt 0.343262 0.852051
vt 0.350098 0.853027
vt 0.344727 0.853394
vt 0.350098 0.853027
vt 0.343262 0.852051
vt 0.350830 0.848511
vt 0.574707 0.885010
vt 0.573242 0.934509
vt 0.573242 0.914001
vt 0.245850 0.882568
vt 0.252197 0.944702
vt 0.246338 0.933655
vt 0.598633 0.941498
vt 0.569824 0.943451
vt 0.598145 0.937317
vt 0.349854 0.845581
vt 0.345703 0.846680
vt 0.346924 0.843750
vt 0.236816 0.880371
vt 0.241577 0.880798
vt 0.236084 0.891907
vt 0.569824 0.943451
vt 0.598633 0.941498
vt 0.580566 0.944977
vt 0.580566 0.944977
vt 0.598633 0.941498
vt 0.591797 0.946442
vt 0.252197 0.944702
vt 0.244385 0.937836
vt 0.246338 0.933655
vt 0.252197 0.944702
vt 0.239258 0.939850
vt 0.244385 0.937836
vt 0.252197 0.944702
vt 0.228638 0.944702
vt 0.239258 0.939850
vt 0.591797 0.946442
vt 0.598633 0.941498
vt 0.598633 0.946716
vt 0.350098 0.872314
vt 0.344482 0.875061
vt 0.343994 0.871948
vt 0.533203 0.469727
vt 0.577148 0.472656
vt 0.577148 0.470215
vt 0.311768 0.882751
vt 0.310547 0.918274
vt 0.310547 0.843262
vt 0.310547 0.918274
vt 0.311768 0.882751
vt 0.313965 0.903809
vt 0.323975 0.877991
vt 0.335693 0.884094
vt 0.331299 0.886780
vt 0.335693 0.884094
vt 0.323975 0.877991
vt 0.333008 0.878113
vt 0.333008 0.878113
vt 0.323975 0.877991
vt 0.325928 0.862671
vt 0.594727 0.587646
vt 0.593750 0.855225
vt 0.587402 0.587646
vt 0.598145 0.937317
vt 0.574707 0.885010
vt 0.598145 0.885742
vt 0.569336 0.881287
vt 0.574707 0.885010
vt 0.567871 0.884949
vt 0.323975 0.877991
vt 0.331299 0.886780
vt 0.333008 0.888977
vt 0.311768 0.882751
vt 0.310547 0.843262
vt 0.320068 0.854126
vt 0.568848 0.915588
vt 0.567871 0.884949
vt 0.574707 0.885010
vt 0.568848 0.915588
vt 0.574707 0.885010
vt 0.573242 0.914001
vt 0.373047 0.206543
vt 0.354492 0.241699
vt 0.353760 0.207031
vt 0.331299 0.237305
vt 0.346680 0.248047
vt 0.332520 0.248047
vt 0.324707 0.241699
vt 0.305420 0.207031
vt 0.326660 0.207520
vt 0.328125 0.239746
vt 0.332520 0.248047
vt 0.329346 0.251465
vt 0.373779 0.251465
vt 0.354492 0.241699
vt 0.373047 0.206543
vt 0.315186 0.263184
vt 0.328857 0.255371
vt 0.316650 0.263672
vt 0.304932 0.250000
vt 0.324707 0.241699
vt 0.307129 0.250977
vt 0.328857 0.255371
vt 0.315186 0.263184
vt 0.323730 0.243164
vt 0.323730 0.243164
vt 0.329346 0.251465
vt 0.328857 0.255371
vt 0.324707 0.241699
vt 0.304932 0.250000
vt 0.305420 0.207031
vt 0.329346 0.251465
vt 0.323730 0.243164
vt 0.328125 0.239746
vt 0.326660 0.207520
vt 0.328857 0.239258
vt 0.324707 0.241699
vt 0.326660 0.207520
vt 0.331299 0.237305
vt 0.328857 0.239258
vt 0.331299 0.237305
vt 0.326660 0.207520
vt 0.331055 0.207031
vt 0.476074 0.453613
vt 0.479736 0.459961
vt 0.446533 0.457031
vt 0.476074 0.453613
vt 0.446533 0.457031
vt 0.459229 0.452148
vt 0.331299 0.237305
vt 0.332520 0.248047
vt 0.328125 0.239746
vt 0.352539 0.254883
vt 0.316650 0.263672
vt 0.328857 0.255371
vt 0.331299 0.237305
vt 0.347900 0.236816
vt 0.346680 0.248047
vt 0.316650 0.263672
vt 0.352539 0.254883
vt 0.366455 0.264160
vt 0.347412 0.251953
vt 0.328857 0.255371
vt 0.329346 0.251465
vt 0.332520 0.248047
vt 0.346680 0.248047
vt 0.329346 0.251465
vt 0.328857 0.255371
vt 0.347412 0.251953
vt 0.352539 0.254883
vt 0.329346 0.251465
vt 0.346680 0.248047
vt 0.347412 0.251953
vt 0.352539 0.254883
vt 0.347412 0.251953
vt 0.350830 0.240723
vt 0.346680 0.248047
vt 0.350830 0.240723
vt 0.347412 0.251953
vt 0.355469 0.242676
vt 0.352539 0.254883
vt 0.350830 0.240723
vt 0.366455 0.264160
vt 0.352539 0.254883
vt 0.355469 0.242676
vt 0.315430 0.462891
vt 0.338135 0.462891
vt 0.337646 0.469727
vt 0.338135 0.462891
vt 0.313232 0.461914
vt 0.340088 0.461914
vt 0.350830 0.240723
vt 0.346680 0.248047
vt 0.347900 0.236816
vt 0.351074 0.240234
vt 0.353760 0.207031
vt 0.354492 0.241699
vt 0.313232 0.461914
vt 0.338135 0.462891
vt 0.315430 0.462891
vt 0.337646 0.469727
vt 0.315918 0.469727
vt 0.315430 0.462891
vt 0.331299 0.237305
vt 0.331055 0.207031
vt 0.347900 0.236816
vt 0.347900 0.236816
vt 0.331055 0.207031
vt 0.347412 0.207031
vt 0.347900 0.236816
vt 0.353760 0.207031
vt 0.351074 0.240234
vt 0.353760 0.207031
vt 0.347900 0.236816
vt 0.347412 0.207031
vt 0.410645 0.478027
vt 0.371826 0.477051
vt 0.410156 0.475586
vt 0.410645 0.478027
vt 0.406494 0.484375
vt 0.375732 0.481934
vt 0.305908 0.455566
vt 0.305908 0.477539
vt 0.288574 0.477539
vt 0.285156 0.466797
vt 0.282471 0.455566
vt 0.288574 0.477539
vt 0.305908 0.455566
vt 0.288574 0.477539
vt 0.282471 0.455566
vt 0.406494 0.484375
vt 0.384033 0.488281
vt 0.375732 0.481934
vt 0.647461 0.856934
vt 0.644043 0.587646
vt 0.647949 0.588867
vt 0.638672 0.587646
vt 0.632324 0.855225
vt 0.630859 0.587646
vt 0.297119 0.839111
vt 0.298340 0.842773
vt 0.293945 0.842163
vt 0.303467 0.845947
vt 0.298828 0.847534
vt 0.298340 0.842773
vt 0.298828 0.847534
vt 0.293945 0.842163
vt 0.298340 0.842773
vt 0.303467 0.845947
vt 0.298828 0.849609
vt 0.298828 0.847534
vt 0.411377 0.841431
vt 0.407227 0.849731
vt 0.404541 0.839966
vt 0.284912 0.842041
vt 0.290771 0.839355
vt 0.293945 0.842163
vt 0.293945 0.842163
vt 0.290771 0.839355
vt 0.297119 0.839111
vt 0.262207 0.970718
vt 0.260010 0.969681
vt 0.262939 0.970520
vt 0.284912 0.842041
vt 0.276611 0.840210
vt 0.290771 0.839355
vt 0.640625 0.854858
vt 0.638672 0.587646
vt 0.644043 0.587646
vt 0.587402 0.587646
vt 0.584961 0.854858
vt 0.579102 0.588867
vt 0.526855 0.853760
vt 0.522461 0.586426
vt 0.529297 0.586426
vt 0.407227 0.849731
vt 0.405029 0.854980
vt 0.404541 0.839966
vt 0.405029 0.854980
vt 0.407227 0.849731
vt 0.412354 0.861328
vt 0.237793 0.876953
vt 0.219849 0.873535
vt 0.234863 0.871460
vt 0.261963 0.979919
vt 0.270996 0.983307
vt 0.260986 0.992149
vt 0.270996 0.983307
vt 0.266846 0.991150
vt 0.260986 0.992149
vt 0.405029 0.854980
vt 0.412354 0.861328
vt 0.405029 0.863403
vt 0.237793 0.876953
vt 0.234863 0.871460
vt 0.243164 0.870972
vt 0.296387 0.910461
vt 0.293945 0.842163
vt 0.298828 0.847534
vt 0.262207 0.970718
vt 0.334961 0.979599
vt 0.261963 0.979919
vt 0.303467 0.915222
vt 0.298828 0.849609
vt 0.303467 0.845947
vt 0.298828 0.849609
vt 0.296387 0.910461
vt 0.298828 0.847534
vt 0.287598 0.911255
vt 0.284912 0.842041
vt 0.293945 0.842163
vt 0.329590 0.969284
vt 0.260010 0.969681
vt 0.260010 0.964081
vt 0.260010 0.969681
vt 0.329590 0.969284
vt 0.262939 0.970520
vt 0.329590 0.970581
vt 0.262207 0.970718
vt 0.262939 0.970520
vt 0.261963 0.951904
vt 0.329590 0.959381
vt 0.260010 0.964081
vt 0.632324 0.855225
vt 0.624512 0.696045
vt 0.630859 0.587646
vt 0.324707 0.983368
vt 0.324463 0.983521
vt 0.270996 0.983307
vt 0.324707 0.983368
vt 0.261963 0.979919
vt 0.334961 0.979599
vt 0.272461 0.986877
vt 0.324463 0.983521
vt 0.324463 0.987114
vt 0.233032 0.934082
vt 0.228638 0.944702
vt 0.219849 0.873535
vt 0.333984 0.970062
vt 0.262207 0.970718
vt 0.329590 0.970581
vt 0.262939 0.970520
vt 0.329590 0.969284
vt 0.329590 0.970581
vt 0.334961 0.979599
vt 0.262207 0.970718
vt 0.333984 0.970062
vt 0.219604 0.943512
vt 0.219849 0.873535
vt 0.228638 0.944702
vt 0.296387 0.910461
vt 0.298828 0.849609
vt 0.303467 0.915222
vt 0.261963 0.951904
vt 0.329834 0.951721
vt 0.329590 0.959381
vt 0.260010 0.964081
vt 0.329590 0.959381
vt 0.329590 0.969284
vt 0.526855 0.853760
vt 0.529297 0.586426
vt 0.533203 0.853760
vt 0.287598 0.911255
vt 0.293945 0.842163
vt 0.296387 0.910461
vt 0.219849 0.873535
vt 0.237793 0.876953
vt 0.232910 0.882202
vt 0.625000 0.855225
vt 0.624512 0.696045
vt 0.632324 0.855225
vt 0.595703 0.869141
vt 0.598633 0.868652
vt 0.598145 0.875122
vt 0.591309 0.876770
vt 0.595703 0.869141
vt 0.598145 0.875122
vt 0.232910 0.882202
vt 0.233032 0.934082
vt 0.219849 0.873535
vt 0.640625 0.854858
vt 0.644043 0.587646
vt 0.647461 0.856934
vt 0.303467 0.915222
vt 0.296143 0.911438
vt 0.296387 0.910461
vt 0.296143 0.911438
vt 0.303467 0.915222
vt 0.296387 0.915771
vt 0.407959 0.804199
vt 0.414795 0.803345
vt 0.413574 0.812378
vt 0.533691 0.703125
vt 0.533203 0.853760
vt 0.529297 0.586426
vt 0.421875 0.802490
vt 0.416504 0.809937
vt 0.420166 0.802002
vt 0.329590 0.969284
vt 0.333984 0.970062
vt 0.329590 0.970581
vt 0.419922 0.812012
vt 0.416504 0.809937
vt 0.421875 0.802490
vt 0.416504 0.809937
vt 0.419922 0.812012
vt 0.422119 0.819702
vt 0.632324 0.855225
vt 0.638672 0.587646
vt 0.640625 0.854858
vt 0.324463 0.983521
vt 0.324707 0.983368
vt 0.324219 0.987091
vt 0.599121 0.954437
vt 0.595703 0.954651
vt 0.598633 0.946716
vt 0.228638 0.944702
vt 0.233032 0.934082
vt 0.239258 0.939850
vt 0.334717 0.991348
vt 0.324707 0.983368
vt 0.334961 0.979599
vt 0.334717 0.991348
vt 0.330078 0.991570
vt 0.324707 0.983368
vt 0.591797 0.946442
vt 0.598633 0.946716
vt 0.595703 0.954651
vt 0.261963 0.979919
vt 0.324707 0.983368
vt 0.270996 0.983307
vt 0.270996 0.983307
vt 0.324463 0.983521
vt 0.272461 0.986877
vt 0.579102 0.588867
vt 0.584961 0.854858
vt 0.578125 0.856934
vt 0.662109 0.032715
vt 0.615723 0.014648
vt 0.639648 0.021484
vt 0.646484 0.303711
vt 0.600586 0.303711
vt 0.598145 0.289062
vt 0.646484 0.303711
vt 0.598145 0.289062
vt 0.645508 0.288574
vt 0.639648 0.021484
vt 0.615723 0.014648
vt 0.668457 0.017090
vt 0.074707 0.531006
vt 0.072937 0.579102
vt 0.053650 0.579590
vt 0.619141 0.001953
vt 0.668457 0.017090
vt 0.615723 0.014648
vt 0.693848 0.058105
vt 0.679199 0.060547
vt 0.684082 0.057129
vt 0.679199 0.060547
vt 0.669434 0.055664
vt 0.684082 0.057129
vt 0.680176 0.050781
vt 0.693848 0.058105
vt 0.684082 0.057129
vt 0.680176 0.050781
vt 0.684082 0.057129
vt 0.669434 0.055664
vt 0.684570 0.034668
vt 0.694336 0.047852
vt 0.693848 0.058105
vt 0.682129 0.031738
vt 0.693848 0.058105
vt 0.680176 0.050781
vt 0.693848 0.058105
vt 0.682129 0.031738
vt 0.684570 0.034668
vt 0.675781 0.037109
vt 0.680176 0.050781
vt 0.669434 0.055664
vt 0.680176 0.050781
vt 0.675781 0.037109
vt 0.682129 0.031738
vt 0.687988 0.017578
vt 0.682129 0.031738
vt 0.675781 0.037109
vt 0.675781 0.037109
vt 0.671387 0.020508
vt 0.684082 0.018555
vt 0.675781 0.037109
vt 0.684082 0.018555
vt 0.687988 0.017578
vt 0.662109 0.032715
vt 0.639648 0.021484
vt 0.668457 0.017090
vt 0.671387 0.020508
vt 0.675781 0.037109
vt 0.669434 0.055664
vt 0.668457 0.017090
vt 0.671387 0.020508
vt 0.662109 0.032715
vt 0.960938 0.714111
vt 0.973633 0.665283
vt 0.974121 0.705078
vt 0.135742 0.579346
vt 0.134277 0.531006
vt 0.155029 0.579590
vt 0.979492 0.873901
vt 0.976562 0.912292
vt 0.976074 0.888611
vt 0.976562 0.912292
vt 0.979492 0.873901
vt 0.979980 0.913879
vt 0.051544 0.512207
vt 0.048157 0.466797
vt 0.080811 0.496582
vt 0.052826 0.579834
vt 0.043976 0.466309
vt 0.048157 0.466797
vt 0.696289 0.763916
vt 0.696289 0.789062
vt 0.650879 0.763794
vt 0.650879 0.763794
vt 0.696289 0.789062
vt 0.650879 0.788818
vt 0.972656 0.866699
vt 0.979492 0.873901
vt 0.976074 0.888611
vt 0.650879 0.763794
vt 0.695801 0.741455
vt 0.696289 0.763916
vt 0.650879 0.763794
vt 0.650879 0.740479
vt 0.695801 0.741455
vt 0.051544 0.512207
vt 0.053650 0.579590
vt 0.052826 0.579834
vt 0.074707 0.531006
vt 0.053650 0.579590
vt 0.051544 0.512207
vt 0.126221 0.538086
vt 0.123718 0.514404
vt 0.126587 0.498047
vt 0.645508 0.288574
vt 0.598145 0.289062
vt 0.643066 0.286133
vt 0.051544 0.512207
vt 0.080811 0.496582
vt 0.074707 0.531006
vt 0.083008 0.496582
vt 0.074707 0.531006
vt 0.080811 0.496582
vt 0.085388 0.513916
vt 0.083008 0.496582
vt 0.083862 0.498535
vt 0.083862 0.498535
vt 0.123718 0.514404
vt 0.085388 0.513916
vt 0.123718 0.514404
vt 0.083862 0.498535
vt 0.128540 0.498535
vt 0.123718 0.514404
vt 0.126221 0.538086
vt 0.119141 0.536377
vt 0.126587 0.498047
vt 0.123718 0.514404
vt 0.128540 0.498535
vt 0.133057 0.534180
vt 0.126587 0.498047
vt 0.134277 0.531006
vt 0.126587 0.498047
vt 0.133057 0.534180
vt 0.126221 0.538086
vt 0.127319 0.579102
vt 0.119141 0.536377
vt 0.126221 0.538086
vt 0.135742 0.579346
vt 0.133057 0.534180
vt 0.134277 0.531006
vt 0.127319 0.579102
vt 0.126221 0.538086
vt 0.133057 0.534180
vt 0.119141 0.536377
vt 0.085388 0.513916
vt 0.123718 0.514404
vt 0.085388 0.513916
vt 0.119141 0.536377
vt 0.089783 0.538086
vt 0.085388 0.513916
vt 0.082642 0.538086
vt 0.083008 0.496582
vt 0.082642 0.538086
vt 0.085388 0.513916
vt 0.089783 0.538086
vt 0.075806 0.534180
vt 0.074707 0.531006
vt 0.083008 0.496582
vt 0.075806 0.534180
vt 0.083008 0.496582
vt 0.082642 0.538086
vt 0.118225 0.579102
vt 0.089783 0.538086
vt 0.119141 0.536377
vt 0.081421 0.579102
vt 0.082642 0.538086
vt 0.089783 0.538086
vt 0.072937 0.579102
vt 0.074707 0.531006
vt 0.075806 0.534180
vt 0.081421 0.579102
vt 0.075806 0.534180
vt 0.082642 0.538086
vt 0.118225 0.579102
vt 0.119141 0.536377
vt 0.127319 0.579102
vt 0.127319 0.579102
vt 0.133057 0.534180
vt 0.135742 0.579346
vt 0.089783 0.538086
vt 0.118225 0.579102
vt 0.090393 0.579102
vt 0.089783 0.538086
vt 0.090393 0.579102
vt 0.081421 0.579102
vt 0.075806 0.534180
vt 0.081421 0.579102
vt 0.072937 0.579102
vt 0.157471 0.512451
vt 0.155029 0.579590
vt 0.134277 0.531006
vt 0.973633 0.665283
vt 0.960938 0.714111
vt 0.960938 0.643555
vt 0.155518 0.579834
vt 0.155029 0.579590
vt 0.157471 0.512451
vt 0.980469 0.656982
vt 0.977051 0.679688
vt 0.973633 0.665283
vt 0.977051 0.679688
vt 0.977539 0.703613
vt 0.973633 0.665283
vt 0.973633 0.665283
vt 0.977539 0.703613
vt 0.974121 0.705078
vt 0.048157 0.466797
vt 0.051544 0.512207
vt 0.052826 0.579834
vt 0.896973 0.512207
vt 0.894043 0.473145
vt 0.906250 0.510498
vt 0.906250 0.510498
vt 0.894043 0.473145
vt 0.900879 0.471680
vt 0.913086 0.552490
vt 0.905762 0.514893
vt 0.937500 0.536865
vt 0.762695 0.515137
vt 0.755371 0.552734
vt 0.730469 0.537109
vt 0.853516 0.045898
vt 0.852051 0.005371
vt 0.858887 0.044922
vt 0.762207 0.510742
vt 0.766113 0.471191
vt 0.773926 0.473145
vt 0.537109 0.628906
vt 0.538574 0.693604
vt 0.533691 0.703125
vt 0.537109 0.628906
vt 0.533691 0.703125
vt 0.529297 0.586426
vt 0.542480 0.791016
vt 0.544922 0.732910
vt 0.544922 0.788940
vt 0.538574 0.693604
vt 0.537109 0.628906
vt 0.538574 0.637695
vt 0.630859 0.587646
vt 0.624512 0.696045
vt 0.624512 0.636719
vt 0.773926 0.473145
vt 0.771484 0.512451
vt 0.762207 0.510742
vt 0.039062 0.219238
vt 0.071045 0.219727
vt 0.070801 0.243164
vt 0.070801 0.243164
vt 0.071045 0.219727
vt 0.087219 0.223145
vt 0.429443 0.220703
vt 0.433350 0.222656
vt 0.424561 0.230469
vt 0.424561 0.230469
vt 0.429199 0.198730
vt 0.429443 0.220703
vt 0.394043 0.219238
vt 0.399658 0.229492
vt 0.391113 0.222168
vt 0.395020 0.217285
vt 0.399658 0.229492
vt 0.394043 0.219238
vt 0.455811 0.185059
vt 0.448486 0.188965
vt 0.447754 0.185059
vt 0.448486 0.188965
vt 0.455811 0.185059
vt 0.456299 0.188965
vt 0.893066 0.006348
vt 0.858887 0.044922
vt 0.858398 0.005371
vt 0.551758 0.732178
vt 0.549805 0.730469
vt 0.549805 0.726318
vt 0.601562 0.637207
vt 0.605957 0.587646
vt 0.605957 0.635010
vt 0.858887 0.044922
vt 0.852051 0.005371
vt 0.858398 0.005371
vt 0.892090 0.400391
vt 0.900879 0.471680
vt 0.894043 0.473145
vt 0.605957 0.587646
vt 0.601562 0.637207
vt 0.594727 0.587646
vt 0.563965 0.586182
vt 0.558594 0.628418
vt 0.558594 0.586426
vt 0.552246 0.633789
vt 0.549805 0.628662
vt 0.558594 0.628418
vt 0.543945 0.633057
vt 0.549805 0.628662
vt 0.552246 0.633789
vt 0.543945 0.633057
vt 0.537109 0.628906
vt 0.549805 0.628662
vt 0.618164 0.587646
vt 0.617676 0.633545
vt 0.605957 0.635010
vt 0.542480 0.791016
vt 0.544922 0.788940
vt 0.543457 0.796387
vt 0.618164 0.587646
vt 0.624512 0.636719
vt 0.617676 0.633545
vt 0.558594 0.628418
vt 0.556152 0.637695
vt 0.552246 0.633789
vt 0.543945 0.633057
vt 0.538574 0.637695
vt 0.537109 0.628906
vt 0.605957 0.635010
vt 0.605957 0.587646
vt 0.618164 0.587646
vt 0.536621 0.586426
vt 0.537109 0.628906
vt 0.529297 0.586426
vt 0.624512 0.636719
vt 0.618164 0.587646
vt 0.630859 0.587646
vt 0.189941 0.270508
vt 0.187012 0.007812
vt 0.204956 0.253906
vt 0.173706 0.271973
vt 0.187012 0.007812
vt 0.189941 0.270508
vt 0.140259 0.238770
vt 0.152100 0.008789
vt 0.173706 0.271973
vt 0.204468 0.007812
vt 0.204956 0.253906
vt 0.187012 0.007812
vt 0.187012 0.007812
vt 0.173706 0.271973
vt 0.172241 0.007812
vt 0.172241 0.007812
vt 0.173706 0.271973
vt 0.152100 0.008789
vt 0.424805 0.188477
vt 0.424561 0.230469
vt 0.422363 0.066895
vt 0.424805 0.188477
vt 0.429199 0.198730
vt 0.424561 0.230469
vt 0.399658 0.229492
vt 0.399658 0.187500
vt 0.401855 0.065430
vt 0.447754 0.185059
vt 0.456787 0.161621
vt 0.455811 0.185059
vt 0.395020 0.217285
vt 0.399658 0.187500
vt 0.399658 0.229492
vt 0.456787 0.161621
vt 0.447754 0.185059
vt 0.449219 0.162109
vt 0.394043 0.219238
vt 0.394531 0.196777
vt 0.395020 0.217285
vt 0.456787 0.161621
vt 0.449219 0.162109
vt 0.448486 0.159668
vt 0.429199 0.198730
vt 0.424805 0.188477
vt 0.431152 0.196289
vt 0.394531 0.196777
vt 0.399658 0.187500
vt 0.395020 0.217285
vt 0.123962 0.234863
vt 0.138916 0.011230
vt 0.140259 0.238770
vt 0.140259 0.238770
vt 0.138916 0.011230
vt 0.152100 0.008789
vt 0.773926 0.473145
vt 0.791992 0.522949
vt 0.771484 0.512451
vt 0.771484 0.512451
vt 0.791992 0.522949
vt 0.786621 0.531250
vt 0.755371 0.552734
vt 0.762695 0.515137
vt 0.786621 0.531250
vt 0.905762 0.514893
vt 0.913086 0.552490
vt 0.881836 0.531006
vt 0.786621 0.531250
vt 0.762695 0.515137
vt 0.771484 0.512451
vt 0.905762 0.514893
vt 0.881836 0.531006
vt 0.896973 0.512207
vt 0.689941 0.418457
vt 0.689941 0.435059
vt 0.688965 0.436523
vt 0.269531 0.478516
vt 0.268555 0.476562
vt 0.268555 0.455566
vt 0.668457 0.420898
vt 0.665527 0.435059
vt 0.660645 0.431641
vt 0.690430 0.420898
vt 0.690918 0.433105
vt 0.689941 0.418457
vt 0.665527 0.435059
vt 0.668457 0.420898
vt 0.668945 0.423828
vt 0.446533 0.457031
vt 0.441162 0.459473
vt 0.441162 0.457520
vt 0.643066 0.471191
vt 0.634277 0.470215
vt 0.642578 0.463379
vt 0.634277 0.470215
vt 0.626465 0.469727
vt 0.631348 0.464844
vt 0.255371 0.456055
vt 0.256104 0.477051
vt 0.250488 0.477539
vt 0.250488 0.477539
vt 0.248657 0.454102
vt 0.255371 0.456055
vt 0.248657 0.454102
vt 0.250488 0.477539
vt 0.248413 0.477539
vt 0.655762 0.479980
vt 0.665039 0.470703
vt 0.663086 0.480469
vt 0.668457 0.449707
vt 0.661621 0.449707
vt 0.660156 0.439941
vt 0.994141 0.984612
vt 0.997559 0.984680
vt 0.995605 0.986664
vt 0.260498 0.455566
vt 0.260498 0.477539
vt 0.255371 0.456055
vt 0.997070 0.976562
vt 0.997559 0.984680
vt 0.994141 0.984612
vt 0.836914 0.984680
vt 0.835938 0.976288
vt 0.840332 0.976898
vt 0.631348 0.464844
vt 0.642578 0.463379
vt 0.634277 0.470215
vt 0.630859 0.460938
vt 0.642578 0.463379
vt 0.631348 0.464844
vt 0.679688 0.446777
vt 0.671875 0.444336
vt 0.679688 0.437012
vt 0.997070 0.976562
vt 0.994141 0.984612
vt 0.992676 0.976440
vt 0.682129 0.438477
vt 0.679688 0.446777
vt 0.679688 0.437012
vt 0.840332 0.976898
vt 0.839844 0.986702
vt 0.836914 0.984680
vt 0.836914 0.984680
vt 0.839844 0.986702
vt 0.836426 0.986832
vt 0.839844 0.986702
vt 0.837891 0.994148
vt 0.836426 0.986832
vt 0.864258 0.984680
vt 0.839844 0.986702
vt 0.840332 0.976898
vt 0.255371 0.456055
vt 0.260498 0.477539
vt 0.256104 0.477051
vt 0.839844 0.986702
vt 0.840820 0.995186
vt 0.837891 0.994148
vt 0.682129 0.438477
vt 0.683594 0.447754
vt 0.679688 0.446777
vt 0.835938 0.976288
vt 0.840820 0.974380
vt 0.840332 0.976898
vt 0.260498 0.477539
vt 0.268555 0.455566
vt 0.268555 0.476562
vt 0.683594 0.447754
vt 0.682129 0.438477
vt 0.685547 0.437500
vt 0.260498 0.455566
vt 0.268555 0.455566
vt 0.260498 0.477539
vt 0.668945 0.423828
vt 0.668457 0.444824
vt 0.665527 0.435059
vt 0.660156 0.439941
vt 0.665527 0.435059
vt 0.668457 0.449707
vt 0.668457 0.449707
vt 0.665527 0.435059
vt 0.668457 0.444824
vt 0.683594 0.433105
vt 0.681152 0.422852
vt 0.683594 0.422852
vt 0.681152 0.422852
vt 0.683594 0.433105
vt 0.680664 0.433594
vt 0.689941 0.435059
vt 0.689941 0.418457
vt 0.690918 0.433105
vt 0.977051 0.127930
vt 0.983887 0.136230
vt 0.974609 0.130859
vt 0.986328 0.128418
vt 0.977051 0.127930
vt 0.986328 0.124512
vt 0.983887 0.136230
vt 0.977051 0.127930
vt 0.986328 0.128418
vt 0.983887 0.136230
vt 0.986328 0.128418
vt 0.986816 0.144531
vt 0.986328 0.124512
vt 0.977051 0.127930
vt 0.973633 0.125488
vt 0.968750 0.129883
vt 0.977051 0.127930
vt 0.974609 0.130859
vt 0.968750 0.129883
vt 0.969727 0.123047
vt 0.973633 0.125488
vt 0.977051 0.127930
vt 0.968750 0.129883
vt 0.973633 0.125488
vt 0.379395 0.052734
vt 0.384521 0.017090
vt 0.388184 0.017090
vt 0.379395 0.052734
vt 0.388184 0.017090
vt 0.381836 0.055176
vt 0.467529 0.028320
vt 0.450684 0.024902
vt 0.468750 0.024902
vt 0.467529 0.028320
vt 0.451660 0.028320
vt 0.450684 0.024902
vt 0.958984 0.127930
vt 0.962891 0.131836
vt 0.962402 0.133301
vt 0.962402 0.133301
vt 0.958008 0.139160
vt 0.957031 0.132324
vt 0.967285 0.137207
vt 0.962402 0.133301
vt 0.962891 0.131836
vt 0.958984 0.127930
vt 0.967773 0.125488
vt 0.962891 0.131836
vt 0.453613 0.058105
vt 0.467529 0.028320
vt 0.466064 0.058105
vt 0.986328 0.124512
vt 0.988281 0.097656
vt 0.988770 0.127441
vt 0.968750 0.129883
vt 0.967285 0.137207
vt 0.962891 0.131836
vt 0.947754 0.332520
vt 0.973633 0.332520
vt 0.964844 0.347168
vt 0.968750 0.129883
vt 0.962891 0.131836
vt 0.967773 0.125488
vt 0.969727 0.123047
vt 0.968750 0.129883
vt 0.967773 0.125488
vt 0.967285 0.137207
vt 0.968750 0.129883
vt 0.974609 0.130859
vt 0.436035 0.018066
vt 0.446045 0.053711
vt 0.443359 0.056152
vt 0.446045 0.053711
vt 0.436035 0.018066
vt 0.439209 0.017578
vt 0.379395 0.052734
vt 0.375488 0.051758
vt 0.384521 0.017090
vt 0.449951 0.052734
vt 0.446045 0.053711
vt 0.439209 0.017578
vt 0.467529 0.028320
vt 0.453613 0.058105
vt 0.451660 0.028320
vt 0.769531 0.146484
vt 0.771973 0.145508
vt 0.771973 0.147461
vt 0.771973 0.147461
vt 0.770508 0.151367
vt 0.769531 0.146484
vt 0.771973 0.147461
vt 0.784180 0.150879
vt 0.770508 0.151367
vt 0.757812 0.147461
vt 0.770508 0.151367
vt 0.755371 0.151367
vt 0.771973 0.145508
vt 0.789062 0.145996
vt 0.771973 0.147461
vt 0.811523 0.421387
vt 0.810547 0.441895
vt 0.811523 0.337402
vt 0.771973 0.160156
vt 0.769531 0.161133
vt 0.770508 0.156250
vt 0.771973 0.162109
vt 0.770508 0.166016
vt 0.769531 0.161133
vt 0.769531 0.161133
vt 0.771973 0.160156
vt 0.771973 0.162109
vt 0.784180 0.156738
vt 0.771973 0.160156
vt 0.770508 0.156250
vt 0.771973 0.162109
vt 0.784180 0.165527
vt 0.770508 0.166016
vt 0.771973 0.160156
vt 0.789062 0.160645
vt 0.771973 0.162109
vt 0.811523 0.337402
vt 0.813965 0.442383
vt 0.811523 0.421387
vt 0.771973 0.175293
vt 0.769531 0.175781
vt 0.770508 0.171387
vt 0.784180 0.171387
vt 0.771973 0.175293
vt 0.770508 0.171387
vt 0.771973 0.176758
vt 0.770508 0.180664
vt 0.769531 0.175781
vt 0.769531 0.175781
vt 0.771973 0.175293
vt 0.771973 0.176758
vt 0.771973 0.176758
vt 0.784180 0.180664
vt 0.770508 0.180664
vt 0.771973 0.175293
vt 0.789062 0.175293
vt 0.771973 0.176758
vt 0.811523 0.421387
vt 0.813965 0.442383
vt 0.810547 0.441895
vt 0.771973 0.190430
vt 0.769531 0.191406
vt 0.770508 0.187012
vt 0.771973 0.192383
vt 0.770508 0.196289
vt 0.769531 0.191406
vt 0.769531 0.191406
vt 0.771973 0.190430
vt 0.771973 0.192383
vt 0.784180 0.186523
vt 0.771973 0.190430
vt 0.770508 0.187012
vt 0.771973 0.190430
vt 0.789062 0.190918
vt 0.771973 0.192383
vt 0.784180 0.150879
vt 0.771973 0.147461
vt 0.789062 0.145996
vt 0.789062 0.145996
vt 0.784180 0.156738
vt 0.784180 0.150879
vt 0.789062 0.145996
vt 0.789062 0.160645
vt 0.784180 0.156738
vt 0.757812 0.145508
vt 0.769531 0.146484
vt 0.757812 0.147461
vt 0.789062 0.145996
vt 0.802734 0.145996
vt 0.789062 0.160645
vt 0.802734 0.145996
vt 0.802734 0.160645
vt 0.789062 0.160645
vt 0.771973 0.160156
vt 0.784180 0.156738
vt 0.789062 0.160645
vt 0.784180 0.165527
vt 0.771973 0.162109
vt 0.789062 0.160645
vt 0.789062 0.160645
vt 0.784180 0.171387
vt 0.784180 0.165527
vt 0.789062 0.160645
vt 0.802734 0.160645
vt 0.789062 0.175293
vt 0.753418 0.164551
vt 0.753418 0.157227
vt 0.757812 0.162109
vt 0.802734 0.145996
vt 0.807129 0.156738
vt 0.802734 0.160645
vt 0.757812 0.162109
vt 0.753418 0.157227
vt 0.757812 0.160156
vt 0.753418 0.150391
vt 0.753418 0.143066
vt 0.757812 0.147461
vt 0.757812 0.145508
vt 0.770508 0.142090
vt 0.769531 0.146484
vt 0.807129 0.156738
vt 0.819336 0.160156
vt 0.802734 0.160645
vt 0.819336 0.162109
vt 0.807129 0.165527
vt 0.802734 0.160645
vt 0.807129 0.171387
vt 0.802734 0.160645
vt 0.807129 0.165527
vt 0.802734 0.160645
vt 0.819336 0.160156
vt 0.819336 0.162109
vt 0.770508 0.142090
vt 0.757812 0.145508
vt 0.755371 0.141602
vt 0.819336 0.160156
vt 0.807129 0.156738
vt 0.820801 0.156250
vt 0.771973 0.145508
vt 0.769531 0.146484
vt 0.770508 0.142090
vt 0.784180 0.141602
vt 0.771973 0.145508
vt 0.770508 0.142090
vt 0.757324 0.192383
vt 0.770508 0.196289
vt 0.754883 0.196289
vt 0.771973 0.145508
vt 0.784180 0.141602
vt 0.789062 0.145996
vt 0.770508 0.196289
vt 0.757324 0.192383
vt 0.769531 0.191406
vt 0.757324 0.190430
vt 0.770508 0.187012
vt 0.769531 0.191406
vt 0.771973 0.175293
vt 0.784180 0.171387
vt 0.789062 0.175293
vt 0.789062 0.160645
vt 0.789062 0.175293
vt 0.784180 0.171387
vt 0.784180 0.180664
vt 0.771973 0.176758
vt 0.789062 0.175293
vt 0.757812 0.147461
vt 0.753418 0.143066
vt 0.757812 0.145508
vt 0.757324 0.190430
vt 0.769531 0.191406
vt 0.757324 0.192383
vt 0.789062 0.175293
vt 0.784180 0.186523
vt 0.784180 0.180664
vt 0.789062 0.175293
vt 0.789062 0.190918
vt 0.784180 0.186523
vt 0.771973 0.190430
vt 0.784180 0.186523
vt 0.789062 0.190918
vt 0.770508 0.151367
vt 0.757812 0.147461
vt 0.769531 0.146484
vt 0.770508 0.187012
vt 0.757324 0.190430
vt 0.754883 0.186523
vt 0.770508 0.180664
vt 0.757812 0.176758
vt 0.769531 0.175781
vt 0.770508 0.156250
vt 0.757812 0.160156
vt 0.755371 0.156250
vt 0.757812 0.174805
vt 0.770508 0.171387
vt 0.769531 0.175781
vt 0.757812 0.176758
vt 0.770508 0.180664
vt 0.754883 0.180664
vt 0.757812 0.174805
vt 0.769531 0.175781
vt 0.757812 0.176758
vt 0.770508 0.171387
vt 0.757812 0.174805
vt 0.754883 0.170898
vt 0.752930 0.194824
vt 0.752930 0.187500
vt 0.757324 0.192383
vt 0.757324 0.192383
vt 0.752930 0.187500
vt 0.757324 0.190430
vt 0.752930 0.179688
vt 0.753418 0.172363
vt 0.757812 0.176758
vt 0.757812 0.176758
vt 0.753418 0.172363
vt 0.757812 0.174805
vt 0.770508 0.166016
vt 0.757812 0.162109
vt 0.769531 0.161133
vt 0.757812 0.160156
vt 0.770508 0.156250
vt 0.769531 0.161133
vt 0.757812 0.162109
vt 0.770508 0.166016
vt 0.755371 0.166016
vt 0.757812 0.160156
vt 0.769531 0.161133
vt 0.757812 0.162109
vt 0.833984 0.101562
vt 0.821289 0.105469
vt 0.822266 0.100586
vt 0.821289 0.095703
vt 0.833984 0.099609
vt 0.822266 0.100586
vt 0.821289 0.105469
vt 0.833984 0.101562
vt 0.836914 0.105469
vt 0.833984 0.101562
vt 0.822266 0.100586
vt 0.833984 0.099609
vt 0.833984 0.099609
vt 0.821289 0.095703
vt 0.836914 0.095703
vt 0.838867 0.104004
vt 0.833984 0.101562
vt 0.838379 0.096680
vt 0.838379 0.096680
vt 0.833984 0.101562
vt 0.833984 0.099609
vt 0.819824 0.085938
vt 0.822266 0.084961
vt 0.820801 0.089844
vt 0.819824 0.084473
vt 0.822266 0.084961
vt 0.819824 0.085938
vt 0.807617 0.089844
vt 0.819824 0.085938
vt 0.820801 0.089844
vt 0.856934 0.333008
vt 0.856445 0.367676
vt 0.853516 0.335449
vt 0.802734 0.084961
vt 0.819824 0.084473
vt 0.819824 0.085938
vt 0.802734 0.084961
vt 0.807617 0.096191
vt 0.803223 0.100586
vt 0.807617 0.096191
vt 0.802734 0.084961
vt 0.807617 0.089844
vt 0.819824 0.085938
vt 0.807617 0.089844
vt 0.802734 0.084961
vt 0.819824 0.084473
vt 0.820801 0.080566
vt 0.822266 0.084961
vt 0.819824 0.084473
vt 0.807129 0.080566
vt 0.820801 0.080566
vt 0.807129 0.080566
vt 0.819824 0.084473
vt 0.802734 0.084961
vt 0.802734 0.070312
vt 0.807129 0.080566
vt 0.802734 0.084961
vt 0.789062 0.100098
vt 0.802734 0.084961
vt 0.803223 0.100586
vt 0.802734 0.084961
vt 0.789062 0.100098
vt 0.789062 0.084961
vt 0.784180 0.096191
vt 0.789062 0.084961
vt 0.789062 0.100098
vt 0.789062 0.084961
vt 0.784180 0.096191
vt 0.784180 0.089844
vt 0.784180 0.089844
vt 0.771973 0.085938
vt 0.789062 0.084961
vt 0.802734 0.070312
vt 0.802734 0.084961
vt 0.789062 0.084961
vt 0.789062 0.069824
vt 0.802734 0.070312
vt 0.789062 0.084961
vt 0.789062 0.069824
vt 0.789062 0.084961
vt 0.784180 0.080566
vt 0.771973 0.084473
vt 0.784180 0.080566
vt 0.789062 0.084961
vt 0.789062 0.069824
vt 0.784180 0.080566
vt 0.784180 0.075195
vt 0.784180 0.075195
vt 0.771973 0.071289
vt 0.789062 0.069824
vt 0.771973 0.069336
vt 0.784180 0.065918
vt 0.789062 0.069824
vt 0.771973 0.084473
vt 0.789062 0.084961
vt 0.771973 0.085938
vt 0.771973 0.085938
vt 0.784180 0.089844
vt 0.770508 0.089844
vt 0.771973 0.085938
vt 0.770508 0.089844
vt 0.769531 0.084961
vt 0.769531 0.084961
vt 0.771973 0.084473
vt 0.771973 0.085938
vt 0.784180 0.080566
vt 0.771973 0.084473
vt 0.770508 0.080566
vt 0.771973 0.084473
vt 0.769531 0.084961
vt 0.770508 0.080566
vt 0.833984 0.086426
vt 0.820801 0.089844
vt 0.822266 0.084961
vt 0.820801 0.089844
vt 0.833984 0.086426
vt 0.836426 0.089844
vt 0.833984 0.086426
vt 0.822266 0.084961
vt 0.833984 0.083984
vt 0.820801 0.080566
vt 0.833984 0.083984
vt 0.822266 0.084961
vt 0.833984 0.083984
vt 0.820801 0.080566
vt 0.836426 0.080566
vt 0.838379 0.088867
vt 0.833984 0.086426
vt 0.838379 0.081543
vt 0.838379 0.081543
vt 0.833984 0.086426
vt 0.833984 0.083984
vt 0.771973 0.071289
vt 0.784180 0.075195
vt 0.770508 0.075195
vt 0.771973 0.071289
vt 0.770508 0.075195
vt 0.769531 0.070312
vt 0.810547 0.319336
vt 0.811523 0.337402
vt 0.810547 0.441895
vt 0.771973 0.069336
vt 0.789062 0.069824
vt 0.771973 0.071289
vt 0.770508 0.075195
vt 0.757812 0.071289
vt 0.769531 0.070312
vt 0.792969 0.430176
vt 0.810547 0.319336
vt 0.810547 0.441895
vt 0.784180 0.065918
vt 0.771973 0.069336
vt 0.770508 0.065430
vt 0.757812 0.071289
vt 0.770508 0.075195
vt 0.755371 0.075195
vt 0.769531 0.070312
vt 0.771973 0.069336
vt 0.771973 0.071289
vt 0.771973 0.069336
vt 0.769531 0.070312
vt 0.770508 0.065430
vt 0.757812 0.069336
vt 0.770508 0.065430
vt 0.769531 0.070312
vt 0.757812 0.069336
vt 0.769531 0.070312
vt 0.757812 0.071289
vt 0.770508 0.065430
vt 0.757812 0.069336
vt 0.755371 0.065430
vt 0.753418 0.073730
vt 0.753418 0.066406
vt 0.757812 0.071289
vt 0.819824 0.101562
vt 0.822266 0.100586
vt 0.821289 0.105469
vt 0.807617 0.105469
vt 0.819824 0.101562
vt 0.821289 0.105469
vt 0.819824 0.099609
vt 0.822266 0.100586
vt 0.819824 0.101562
vt 0.819824 0.099609
vt 0.821289 0.095703
vt 0.822266 0.100586
vt 0.819824 0.099609
vt 0.807617 0.096191
vt 0.821289 0.095703
vt 0.803223 0.100586
vt 0.819824 0.099609
vt 0.819824 0.101562
vt 0.819824 0.101562
vt 0.807617 0.105469
vt 0.803223 0.100586
vt 0.757812 0.071289
vt 0.753418 0.066406
vt 0.757812 0.069336
vt 0.807617 0.096191
vt 0.819824 0.099609
vt 0.803223 0.100586
vt 0.992676 0.976440
vt 0.954102 0.973755
vt 0.990234 0.973724
vt 0.637207 0.456055
vt 0.637207 0.435547
vt 0.643555 0.435059
vt 0.952148 0.984848
vt 0.995605 0.986664
vt 0.951172 0.986809
vt 0.637207 0.435547
vt 0.631836 0.456543
vt 0.631836 0.435547
vt 0.994141 0.984612
vt 0.952148 0.984848
vt 0.992676 0.976440
vt 0.951172 0.986809
vt 0.995605 0.986664
vt 0.990234 0.994083
vt 0.952148 0.984848
vt 0.994141 0.984612
vt 0.995605 0.986664
vt 0.644043 0.458008
vt 0.637207 0.456055
vt 0.643555 0.435059
vt 0.372314 0.492188
vt 0.376953 0.485352
vt 0.378174 0.492676
vt 0.644043 0.458008
vt 0.648438 0.433594
vt 0.649902 0.458984
vt 0.275635 0.455566
vt 0.274902 0.464355
vt 0.269775 0.455078
vt 0.280273 0.460449
vt 0.275635 0.455566
vt 0.282471 0.455566
vt 0.275635 0.455566
vt 0.280273 0.460449
vt 0.274902 0.464355
vt 0.376953 0.485352
vt 0.384033 0.488281
vt 0.378174 0.492676
vt 0.375732 0.481934
vt 0.384033 0.488281
vt 0.376953 0.485352
vt 0.282471 0.455566
vt 0.285156 0.466797
vt 0.280273 0.460449
vt 0.631836 0.456543
vt 0.637207 0.456055
vt 0.630859 0.460938
vt 0.951172 0.986809
vt 0.990234 0.994083
vt 0.954102 0.994324
vt 0.269531 0.478516
vt 0.275146 0.471680
vt 0.278076 0.477539
vt 0.280273 0.472168
vt 0.278076 0.477539
vt 0.275146 0.471680
vt 0.637207 0.456055
vt 0.642578 0.463379
vt 0.630859 0.460938
vt 0.442139 0.446289
vt 0.446533 0.453125
vt 0.441406 0.447266
vt 0.285156 0.466797
vt 0.274902 0.464355
vt 0.280273 0.460449
vt 0.442139 0.446289
vt 0.449463 0.447266
vt 0.446533 0.453125
vt 0.446533 0.453125
vt 0.449463 0.447266
vt 0.446533 0.457031
vt 0.459229 0.452148
vt 0.446533 0.457031
vt 0.449463 0.447266
vt 0.269775 0.455078
vt 0.269531 0.478516
vt 0.268555 0.455566
vt 0.274902 0.464355
vt 0.285156 0.466797
vt 0.275146 0.471680
vt 0.275146 0.471680
vt 0.285156 0.466797
vt 0.280273 0.472168
vt 0.648438 0.433594
vt 0.644043 0.458008
vt 0.643555 0.435059
vt 0.285156 0.466797
vt 0.278076 0.477539
vt 0.280273 0.472168
vt 0.953125 0.976440
vt 0.949219 0.975967
vt 0.950684 0.974182
vt 0.278076 0.477539
vt 0.285156 0.466797
vt 0.288574 0.477539
vt 0.954102 0.973755
vt 0.953125 0.976440
vt 0.950684 0.974182
vt 0.953125 0.976440
vt 0.952148 0.984848
vt 0.949219 0.975967
vt 0.951172 0.986809
vt 0.954102 0.994324
vt 0.952148 0.995422
vt 0.631836 0.430176
vt 0.637207 0.435547
vt 0.631836 0.435547
vt 0.631836 0.435547
vt 0.626953 0.455078
vt 0.626953 0.435547
vt 0.953125 0.976440
vt 0.992676 0.976440
vt 0.952148 0.984848
vt 0.631836 0.435547
vt 0.631836 0.456543
vt 0.626953 0.455078
vt 0.643555 0.424316
vt 0.631836 0.430176
vt 0.631348 0.427246
vt 0.631348 0.422363
vt 0.643555 0.424316
vt 0.631348 0.427246
vt 0.637207 0.435547
vt 0.631836 0.430176
vt 0.642090 0.430664
vt 0.376953 0.485352
vt 0.372314 0.492188
vt 0.372070 0.491211
vt 0.992676 0.976440
vt 0.953125 0.976440
vt 0.954102 0.973755
vt 0.631836 0.430176
vt 0.643555 0.424316
vt 0.642090 0.430664
vt 0.269531 0.478516
vt 0.274902 0.464355
vt 0.275146 0.471680
vt 0.269531 0.478516
vt 0.269775 0.455078
vt 0.274902 0.464355
vt 0.637207 0.435547
vt 0.637207 0.456055
vt 0.631836 0.456543
vt 0.779785 0.949860
vt 0.758789 0.950073
vt 0.762695 0.944336
vt 0.762695 0.944336
vt 0.782715 0.947876
vt 0.779785 0.949860
vt 0.656250 0.960510
vt 0.659668 0.957001
vt 0.665527 0.963684
vt 0.664062 0.850830
vt 0.716797 0.841064
vt 0.684082 0.852417
vt 0.723633 0.964233
vt 0.763672 0.972107
vt 0.723145 0.972107
vt 0.665527 0.963684
vt 0.659668 0.957001
vt 0.669434 0.958130
vt 0.782715 0.947876
vt 0.800293 0.942932
vt 0.792480 0.951843
vt 0.665527 0.963684
vt 0.669434 0.958130
vt 0.685547 0.965576
vt 0.808105 0.952972
vt 0.792480 0.951843
vt 0.800293 0.942932
vt 0.763672 0.972107
vt 0.723633 0.964233
vt 0.759277 0.963867
vt 0.763184 0.925110
vt 0.782715 0.947876
vt 0.762695 0.944336
vt 0.782715 0.947876
vt 0.789551 0.926758
vt 0.789551 0.941650
vt 0.763184 0.925110
vt 0.780273 0.919922
vt 0.789551 0.926758
vt 0.780273 0.919922
vt 0.782715 0.920227
vt 0.789551 0.926758
vt 0.782715 0.947876
vt 0.763184 0.925110
vt 0.789551 0.926758
vt 0.800293 0.942932
vt 0.782715 0.947876
vt 0.789551 0.941650
vt 0.764648 0.904663
vt 0.757324 0.901245
vt 0.769531 0.884399
vt 0.764648 0.904663
vt 0.769531 0.884399
vt 0.771484 0.904114
vt 0.789551 0.926758
vt 0.782715 0.920227
vt 0.792969 0.919678
vt 0.762695 0.835327
vt 0.776367 0.826050
vt 0.765625 0.841797
vt 0.750000 0.896729
vt 0.763672 0.879700
vt 0.757324 0.901245
vt 0.778809 0.816040
vt 0.776367 0.826050
vt 0.762695 0.835327
vt 0.763672 0.972107
vt 0.767578 0.966675
vt 0.768066 0.972107
vt 0.767578 0.966675
vt 0.763672 0.972107
vt 0.759277 0.963867
vt 0.767578 0.966675
vt 0.759277 0.963867
vt 0.757812 0.960510
vt 0.789551 0.926758
vt 0.792969 0.919678
vt 0.799316 0.928467
vt 0.763672 0.976318
vt 0.723145 0.972107
vt 0.763672 0.972107
vt 0.799316 0.928467
vt 0.808105 0.952972
vt 0.800293 0.942932
vt 0.808105 0.952972
vt 0.799316 0.928467
vt 0.807129 0.917419
vt 0.723633 0.964233
vt 0.757812 0.960510
vt 0.759277 0.963867
vt 0.723145 0.972107
vt 0.763672 0.976318
vt 0.723145 0.976318
vt 0.769531 0.884399
vt 0.757324 0.901245
vt 0.763672 0.879700
vt 0.757812 0.960510
vt 0.723633 0.964233
vt 0.723145 0.960693
vt 0.782715 0.920227
vt 0.790527 0.916199
vt 0.792969 0.919678
vt 0.790527 0.916199
vt 0.807129 0.917419
vt 0.792969 0.919678
vt 0.938965 0.126953
vt 0.925293 0.147949
vt 0.923340 0.126465
vt 0.723633 0.964233
vt 0.723145 0.972107
vt 0.718750 0.972107
vt 0.792969 0.919678
vt 0.807129 0.917419
vt 0.799316 0.928467
vt 0.718750 0.972107
vt 0.720215 0.961945
vt 0.723633 0.964233
vt 0.845703 0.154297
vt 0.859863 0.176758
vt 0.844727 0.175781
vt 0.719727 0.983871
vt 0.665527 0.963684
vt 0.685547 0.965576
vt 0.778809 0.816040
vt 0.803223 0.816284
vt 0.788574 0.822510
vt 0.944824 0.594971
vt 0.938477 0.575195
vt 0.944336 0.575928
vt 0.859863 0.176758
vt 0.845703 0.154297
vt 0.861816 0.158691
vt 0.778809 0.816040
vt 0.788574 0.822510
vt 0.776367 0.826050
vt 0.938477 0.575195
vt 0.944824 0.594971
vt 0.937988 0.601074
vt 0.786621 0.808594
vt 0.778809 0.816040
vt 0.776367 0.807373
vt 0.778809 0.816040
vt 0.762695 0.835327
vt 0.776367 0.807373
vt 0.810547 0.832886
vt 0.788574 0.822510
vt 0.803223 0.816284
vt 0.803223 0.816284
vt 0.778809 0.816040
vt 0.786621 0.808594
vt 0.839844 0.986702
vt 0.868164 0.994873
vt 0.840820 0.995186
vt 0.946777 0.986748
vt 0.949707 0.985428
vt 0.951172 0.986809
vt 0.952148 0.995422
vt 0.946777 0.986748
vt 0.951172 0.986809
vt 0.916504 0.984856
vt 0.949707 0.985428
vt 0.946777 0.986748
vt 0.919434 0.986862
vt 0.946777 0.986748
vt 0.952148 0.995422
vt 0.949219 0.975967
vt 0.952148 0.984848
vt 0.949707 0.985428
vt 0.871582 0.976624
vt 0.840332 0.976898
vt 0.840820 0.974380
vt 0.952148 0.984848
vt 0.951172 0.986809
vt 0.949707 0.985428
vt 0.914062 0.984787
vt 0.913574 0.976471
vt 0.916504 0.975342
vt 0.913574 0.976471
vt 0.916016 0.975128
vt 0.916504 0.975342
vt 0.949707 0.985428
vt 0.916504 0.975342
vt 0.949219 0.975967
vt 0.916504 0.975342
vt 0.949707 0.985428
vt 0.916504 0.984856
vt 0.683105 0.458984
vt 0.685059 0.461914
vt 0.680664 0.462402
vt 0.916504 0.975342
vt 0.950684 0.974182
vt 0.949219 0.975967
vt 0.839844 0.986702
vt 0.864258 0.984680
vt 0.869629 0.986717
vt 0.868164 0.994873
vt 0.839844 0.986702
vt 0.869629 0.986717
vt 0.869629 0.986717
vt 0.864258 0.984680
vt 0.871582 0.976624
vt 0.864258 0.984680
vt 0.840332 0.976898
vt 0.871582 0.976624
vt 0.840820 0.974380
vt 0.866699 0.973969
vt 0.871582 0.976624
vt 0.871582 0.984612
vt 0.869629 0.986717
vt 0.871582 0.976624
vt 0.869629 0.986717
vt 0.871582 0.984612
vt 0.872559 0.986786
vt 0.871094 0.994732
vt 0.869629 0.986717
vt 0.872559 0.986786
vt 0.869629 0.986717
vt 0.871094 0.994732
vt 0.868164 0.994873
vt 0.871582 0.976624
vt 0.866699 0.973969
vt 0.871582 0.974030
vt 0.871582 0.984612
vt 0.871582 0.976624
vt 0.873535 0.976440
vt 0.871582 0.974030
vt 0.873535 0.976440
vt 0.871582 0.976624
vt 0.914551 0.993149
vt 0.871094 0.994732
vt 0.872559 0.986786
vt 0.914062 0.984787
vt 0.872559 0.986786
vt 0.871582 0.984612
vt 0.873535 0.976440
vt 0.914062 0.984787
vt 0.871582 0.984612
vt 0.872559 0.986786
vt 0.914062 0.984787
vt 0.914551 0.993149
vt 0.913574 0.976471
vt 0.873535 0.976440
vt 0.871582 0.974030
vt 0.914062 0.984787
vt 0.873535 0.976440
vt 0.913574 0.976471
vt 0.946777 0.986748
vt 0.919434 0.986862
vt 0.916504 0.984856
vt 0.952148 0.995422
vt 0.917969 0.995041
vt 0.919434 0.986862
vt 0.950684 0.974182
vt 0.916504 0.975342
vt 0.918945 0.974197
vt 0.916016 0.992920
vt 0.914062 0.984787
vt 0.916504 0.984856
vt 0.916504 0.984856
vt 0.919434 0.986862
vt 0.916016 0.992920
vt 0.914062 0.984787
vt 0.916016 0.992920
vt 0.914551 0.993149
vt 0.914062 0.984787
vt 0.916504 0.975342
vt 0.916504 0.984856
vt 0.916016 0.992920
vt 0.919434 0.986862
vt 0.917969 0.995041
vt 0.918945 0.974197
vt 0.916504 0.975342
vt 0.916016 0.975128
vt 0.069824 0.989639
vt 0.085266 0.959778
vt 0.086304 0.988281
vt 0.085083 0.913330
vt 0.087036 0.960419
vt 0.085266 0.959778
vt 0.085266 0.959778
vt 0.069824 0.989639
vt 0.085083 0.913330
vt 0.086304 0.988281
vt 0.085266 0.959778
vt 0.087036 0.960419
vt 0.087036 0.960419
vt 0.087585 0.987923
vt 0.086304 0.988281
vt 0.711914 0.500000
vt 0.720703 0.499512
vt 0.720703 0.513184
vt 0.681152 0.532715
vt 0.666992 0.527588
vt 0.675781 0.527588
vt 0.666992 0.527588
vt 0.681152 0.532715
vt 0.666016 0.537109
vt 0.616211 0.939301
vt 0.605957 0.951630
vt 0.608398 0.937073
vt 0.720703 0.513184
vt 0.694336 0.513184
vt 0.703125 0.500244
vt 0.616211 0.939301
vt 0.608398 0.937073
vt 0.616699 0.935547
vt 0.616211 0.939301
vt 0.618652 0.936646
vt 0.617188 0.944885
vt 0.612793 0.922546
vt 0.603027 0.911865
vt 0.612305 0.913757
vt 0.603027 0.911865
vt 0.612793 0.922546
vt 0.604980 0.921265
vt 0.618164 0.952026
vt 0.616211 0.939301
vt 0.617188 0.944885
vt 0.711914 0.500000
vt 0.720703 0.513184
vt 0.703125 0.500244
vt 0.618164 0.952026
vt 0.605957 0.951630
vt 0.616211 0.939301
vt 0.602051 0.895386
vt 0.612305 0.901611
vt 0.603027 0.899780
vt 0.602051 0.895386
vt 0.614258 0.895142
vt 0.612305 0.901611
vt 0.714844 0.534180
vt 0.710938 0.528320
vt 0.718750 0.528809
vt 0.608398 0.937073
vt 0.605957 0.951630
vt 0.605957 0.947021
vt 0.694336 0.499023
vt 0.703125 0.500244
vt 0.694336 0.513184
vt 0.681152 0.532715
vt 0.694336 0.527100
vt 0.695312 0.536621
vt 0.694336 0.527100
vt 0.681152 0.532715
vt 0.685547 0.527344
vt 0.695312 0.536621
vt 0.666016 0.537109
vt 0.681152 0.532715
vt 0.605957 0.905029
vt 0.611816 0.908936
vt 0.602539 0.910217
vt 0.602539 0.901428
vt 0.611816 0.901917
vt 0.605957 0.905029
vt 0.603027 0.899780
vt 0.612305 0.900330
vt 0.602539 0.901428
vt 0.611816 0.901917
vt 0.602539 0.901428
vt 0.612305 0.900330
vt 0.603027 0.899780
vt 0.612305 0.901611
vt 0.612305 0.900330
vt 0.612305 0.911255
vt 0.602539 0.910217
vt 0.611816 0.908936
vt 0.602539 0.910217
vt 0.612305 0.913757
vt 0.603027 0.911865
vt 0.602539 0.910217
vt 0.612305 0.911255
vt 0.612305 0.913757
vt 0.305664 0.514404
vt 0.304688 0.494629
vt 0.312012 0.493652
vt 0.305664 0.514404
vt 0.312012 0.493652
vt 0.311768 0.514404
vt 0.322266 0.514404
vt 0.321289 0.494141
vt 0.328125 0.496582
vt 0.382080 0.271484
vt 0.382080 0.313477
vt 0.381836 0.055176
vt 0.343750 0.557861
vt 0.416260 0.551758
vt 0.386230 0.557861
vt 0.344727 0.514404
vt 0.338867 0.493652
vt 0.345947 0.494141
vt 0.338867 0.493652
vt 0.344727 0.514404
vt 0.338623 0.514404
vt 0.322266 0.514404
vt 0.328125 0.496582
vt 0.329346 0.517090
vt 0.337891 0.518066
vt 0.349121 0.519043
vt 0.343750 0.522217
vt 0.338623 0.514404
vt 0.344727 0.514404
vt 0.349121 0.519043
vt 0.382080 0.313477
vt 0.382080 0.271484
vt 0.387451 0.291504
vt 0.349365 0.515869
vt 0.345947 0.494141
vt 0.352783 0.495117
vt 0.345947 0.494141
vt 0.349365 0.515869
vt 0.344727 0.514404
vt 0.289307 0.514404
vt 0.295654 0.494141
vt 0.295410 0.514404
vt 0.338623 0.514404
vt 0.349121 0.519043
vt 0.337891 0.518066
vt 0.343750 0.522217
vt 0.329346 0.517090
vt 0.337891 0.518066
vt 0.329346 0.517090
vt 0.343750 0.522217
vt 0.319092 0.522217
vt 0.322266 0.514404
vt 0.329346 0.517090
vt 0.321533 0.518066
vt 0.382080 0.313477
vt 0.387451 0.291504
vt 0.386475 0.312988
vt 0.336182 0.515869
vt 0.338867 0.493652
vt 0.338623 0.514404
vt 0.321533 0.518066
vt 0.329346 0.517090
vt 0.319092 0.522217
vt 0.319092 0.522217
vt 0.312744 0.518066
vt 0.321533 0.518066
vt 0.313965 0.528320
vt 0.319092 0.522217
vt 0.343750 0.522217
vt 0.336182 0.515869
vt 0.330566 0.495117
vt 0.338867 0.493652
vt 0.330566 0.495117
vt 0.336182 0.515869
vt 0.329346 0.517090
vt 0.330566 0.495117
vt 0.329346 0.517090
vt 0.328125 0.496582
vt 0.448975 0.259766
vt 0.456299 0.256836
vt 0.456543 0.260742
vt 0.456299 0.256836
vt 0.448975 0.259766
vt 0.448486 0.256836
vt 0.313965 0.528320
vt 0.416260 0.551758
vt 0.313965 0.551758
vt 0.386475 0.312988
vt 0.387451 0.291504
vt 0.387695 0.303711
vt 0.391113 0.305664
vt 0.386475 0.312988
vt 0.387695 0.303711
vt 0.391113 0.320312
vt 0.386475 0.312988
vt 0.391113 0.305664
vt 0.441650 0.319824
vt 0.436768 0.306152
vt 0.437500 0.303223
vt 0.436768 0.306152
vt 0.435547 0.321777
vt 0.433105 0.306641
vt 0.343750 0.557861
vt 0.386230 0.557861
vt 0.354004 0.562012
vt 0.343750 0.557861
vt 0.354004 0.562012
vt 0.344727 0.562256
vt 0.338867 0.562988
vt 0.343750 0.557861
vt 0.344727 0.562256
vt 0.416260 0.551758
vt 0.343750 0.557861
vt 0.313965 0.551758
vt 0.329346 0.562012
vt 0.343750 0.557861
vt 0.338867 0.562988
vt 0.319092 0.522217
vt 0.299805 0.519043
vt 0.312744 0.518066
vt 0.305664 0.514404
vt 0.311768 0.514404
vt 0.312744 0.518066
vt 0.322021 0.562500
vt 0.329346 0.562012
vt 0.329346 0.566162
vt 0.343750 0.557861
vt 0.329346 0.562012
vt 0.307129 0.557861
vt 0.386719 0.344727
vt 0.382080 0.313477
vt 0.386475 0.312988
vt 0.319824 0.515869
vt 0.321289 0.494141
vt 0.322266 0.514404
vt 0.314209 0.515869
vt 0.321289 0.494141
vt 0.319824 0.515869
vt 0.311768 0.514404
vt 0.312012 0.493652
vt 0.314209 0.515869
vt 0.321289 0.494141
vt 0.314209 0.515869
vt 0.312012 0.493652
vt 0.386475 0.312988
vt 0.391113 0.320312
vt 0.387451 0.322754
vt 0.441650 0.319824
vt 0.435547 0.321777
vt 0.436768 0.306152
vt 0.456787 0.287109
vt 0.449463 0.289551
vt 0.448486 0.286621
vt 0.456299 0.291992
vt 0.449463 0.289551
vt 0.456787 0.287109
vt 0.456299 0.324219
vt 0.446289 0.327148
vt 0.448486 0.324219
vt 0.446289 0.327148
vt 0.456299 0.324219
vt 0.456543 0.328125
vt 0.280029 0.516846
vt 0.288330 0.494141
vt 0.286865 0.515869
vt 0.286865 0.515869
vt 0.288330 0.494141
vt 0.289307 0.514404
vt 0.280029 0.516846
vt 0.294434 0.521973
vt 0.266846 0.521729
vt 0.313965 0.528320
vt 0.266846 0.521729
vt 0.294434 0.521973
vt 0.294434 0.521973
vt 0.280029 0.516846
vt 0.288330 0.518066
vt 0.288330 0.518066
vt 0.299805 0.519043
vt 0.294434 0.521973
vt 0.289307 0.514404
vt 0.299805 0.519043
vt 0.288330 0.518066
vt 0.289307 0.514404
vt 0.288330 0.494141
vt 0.295654 0.494141
vt 0.307129 0.557861
vt 0.305664 0.562500
vt 0.295166 0.562988
vt 0.305664 0.562500
vt 0.307129 0.557861
vt 0.311523 0.562744
vt 0.313965 0.551758
vt 0.343750 0.557861
vt 0.307129 0.557861
vt 0.307129 0.557861
vt 0.322021 0.562500
vt 0.311523 0.562744
vt 0.322021 0.562500
vt 0.307129 0.557861
vt 0.329346 0.562012
vt 0.456543 0.263672
vt 0.448486 0.286621
vt 0.446533 0.259766
vt 0.386719 0.344727
vt 0.387451 0.322754
vt 0.387695 0.345703
vt 0.439209 0.349609
vt 0.436523 0.324219
vt 0.441650 0.319824
vt 0.448486 0.286621
vt 0.456543 0.263672
vt 0.456787 0.287109
vt 0.387451 0.322754
vt 0.386719 0.344727
vt 0.386475 0.312988
vt 0.300781 0.515625
vt 0.295654 0.494141
vt 0.304688 0.494629
vt 0.295410 0.514404
vt 0.295654 0.494141
vt 0.300781 0.515625
vt 0.300781 0.515625
vt 0.304688 0.494629
vt 0.305664 0.514404
vt 0.382080 0.355469
vt 0.382080 0.313477
vt 0.386719 0.344727
vt 0.382080 0.313477
vt 0.382080 0.355469
vt 0.381836 0.055176
vt 0.289307 0.514404
vt 0.295410 0.514404
vt 0.299805 0.519043
vt 0.313965 0.528320
vt 0.294434 0.521973
vt 0.319092 0.522217
vt 0.319092 0.522217
vt 0.294434 0.521973
vt 0.299805 0.519043
vt 0.305664 0.514404
vt 0.312744 0.518066
vt 0.299805 0.519043
vt 0.435547 0.321777
vt 0.441650 0.319824
vt 0.436523 0.324219
vt 0.574219 0.587402
vt 0.575195 0.855225
vt 0.569336 0.853516
vt 0.522461 0.586426
vt 0.526855 0.853760
vt 0.520020 0.855225
vt 0.439941 0.958435
vt 0.435059 0.978943
vt 0.434082 0.955444
vt 0.934082 0.460449
vt 0.933594 0.451172
vt 0.935059 0.463867
vt 0.887695 0.598145
vt 0.896484 0.601807
vt 0.888672 0.600586
vt 0.432129 0.797363
vt 0.432373 0.721436
vt 0.444824 0.797363
vt 0.387451 0.797363
vt 0.387451 0.721436
vt 0.393066 0.797363
vt 0.462402 0.797363
vt 0.462646 0.721436
vt 0.468506 0.797363
vt 0.888672 0.600586
vt 0.896484 0.601807
vt 0.888184 0.612549
vt 0.444824 0.797363
vt 0.445312 0.721436
vt 0.454346 0.797363
vt 0.431641 0.988411
vt 0.428711 0.979675
vt 0.435059 0.978943
vt 0.454346 0.797363
vt 0.445312 0.721436
vt 0.454834 0.721436
vt 0.454346 0.797363
vt 0.454834 0.721436
vt 0.462402 0.797363
vt 0.444824 0.797363
vt 0.432373 0.721436
vt 0.445312 0.721436
vt 0.462646 0.721436
vt 0.462402 0.797363
vt 0.454834 0.721436
vt 0.468506 0.721436
vt 0.468506 0.797363
vt 0.462646 0.721436
vt 0.928223 0.434570
vt 0.935547 0.434570
vt 0.928223 0.441406
vt 0.428711 0.979675
vt 0.434082 0.955444
vt 0.435059 0.978943
vt 0.915527 0.193359
vt 0.927734 0.192383
vt 0.926758 0.196289
vt 0.916504 0.187500
vt 0.927734 0.192383
vt 0.915527 0.193359
vt 0.935059 0.463867
vt 0.933594 0.451172
vt 0.935547 0.434570
vt 0.909180 0.185547
vt 0.916504 0.187500
vt 0.915527 0.193359
vt 0.935547 0.434570
vt 0.933594 0.451172
vt 0.928223 0.441406
vt 0.875977 0.213867
vt 0.915527 0.193359
vt 0.926758 0.196289
vt 0.935547 0.430664
vt 0.928223 0.431152
vt 0.928223 0.414062
vt 0.885254 0.169922
vt 0.891602 0.170410
vt 0.885742 0.173340
vt 0.898926 0.166016
vt 0.907715 0.165039
vt 0.907715 0.182617
vt 0.935547 0.434570
vt 0.928223 0.434570
vt 0.928223 0.431152
vt 0.935547 0.434570
vt 0.928223 0.431152
vt 0.935547 0.430664
vt 0.907715 0.182617
vt 0.897949 0.194336
vt 0.898926 0.166016
vt 0.915527 0.193359
vt 0.897949 0.194336
vt 0.909180 0.185547
vt 0.897949 0.194336
vt 0.907715 0.182617
vt 0.909180 0.185547
vt 0.892090 0.196289
vt 0.898926 0.166016
vt 0.897949 0.194336
vt 0.897949 0.194336
vt 0.915527 0.193359
vt 0.886230 0.202637
vt 0.892090 0.196289
vt 0.891602 0.170410
vt 0.898926 0.166016
vt 0.562012 0.853760
vt 0.558594 0.702881
vt 0.563965 0.586182
vt 0.563965 0.586182
vt 0.558594 0.702881
vt 0.558594 0.628418
vt 0.967285 0.052246
vt 0.974121 0.051270
vt 0.971680 0.056641
vt 0.886230 0.192871
vt 0.885742 0.173340
vt 0.891602 0.170410
vt 0.569336 0.853516
vt 0.563965 0.586182
vt 0.568359 0.586426
vt 0.569336 0.853516
vt 0.568359 0.586426
vt 0.574219 0.587402
vt 0.563965 0.586182
vt 0.569336 0.853516
vt 0.562012 0.853760
vt 0.967285 0.052246
vt 0.971680 0.056641
vt 0.967285 0.058594
vt 0.883789 0.195312
vt 0.885254 0.169922
vt 0.885742 0.173340
vt 0.953613 0.063965
vt 0.968750 0.060547
vt 0.968750 0.065430
vt 0.953613 0.059570
vt 0.967285 0.058594
vt 0.968750 0.060547
vt 0.968750 0.060547
vt 0.953613 0.063965
vt 0.953613 0.059570
vt 0.957031 0.054688
vt 0.967285 0.058594
vt 0.953613 0.059570
vt 0.897949 0.194336
vt 0.886230 0.202637
vt 0.892090 0.196289
vt 0.956055 0.050781
vt 0.951172 0.056152
vt 0.949219 0.052246
vt 0.967285 0.058594
vt 0.957031 0.054688
vt 0.967285 0.052246
vt 0.886230 0.192871
vt 0.891602 0.170410
vt 0.892090 0.196289
vt 0.522461 0.586426
vt 0.520020 0.855225
vt 0.519531 0.587402
vt 0.837402 0.650146
vt 0.856445 0.631592
vt 0.872559 0.649414
vt 0.888184 0.616943
vt 0.872559 0.649414
vt 0.856445 0.631592
vt 0.915527 0.193359
vt 0.875977 0.213867
vt 0.886230 0.202637
vt 0.875977 0.213867
vt 0.925781 0.211914
vt 0.891602 0.223633
vt 0.925781 0.211914
vt 0.875977 0.213867
vt 0.926758 0.196289
vt 0.925781 0.211914
vt 0.926758 0.196289
vt 0.928711 0.208008
vt 0.886230 0.202637
vt 0.883789 0.195312
vt 0.892090 0.196289
vt 0.892090 0.196289
vt 0.883789 0.195312
vt 0.886230 0.192871
vt 0.956055 0.050781
vt 0.957031 0.054688
vt 0.951172 0.056152
vt 0.883789 0.195312
vt 0.885742 0.173340
vt 0.886230 0.192871
vt 0.956055 0.050781
vt 0.967285 0.052246
vt 0.957031 0.054688
vt 0.930176 0.669189
vt 0.929688 0.643311
vt 0.934082 0.673828
vt 0.937500 0.687744
vt 0.898438 0.666260
vt 0.927734 0.676758
vt 0.898438 0.666260
vt 0.916016 0.667480
vt 0.927734 0.676758
vt 0.952637 0.069336
vt 0.968262 0.072754
vt 0.953125 0.073730
vt 0.953125 0.073730
vt 0.966797 0.074707
vt 0.956543 0.078613
vt 0.916016 0.667480
vt 0.921875 0.669922
vt 0.927734 0.676758
vt 0.930176 0.669189
vt 0.927734 0.676758
vt 0.921875 0.669922
vt 0.950684 0.077148
vt 0.955566 0.082520
vt 0.949219 0.081055
vt 0.921875 0.669922
vt 0.927734 0.666748
vt 0.930176 0.669189
vt 0.956543 0.078613
vt 0.955566 0.082520
vt 0.950684 0.077148
vt 0.966797 0.080566
vt 0.955566 0.082520
vt 0.956543 0.078613
vt 0.936523 0.646484
vt 0.943848 0.666260
vt 0.938477 0.680420
vt 0.936523 0.646484
vt 0.938477 0.680420
vt 0.934082 0.673828
vt 0.930176 0.292969
vt 0.927246 0.228516
vt 0.930176 0.231445
vt 0.934570 0.230957
vt 0.930176 0.292969
vt 0.930176 0.231445
vt 0.928711 0.647217
vt 0.930176 0.669189
vt 0.927734 0.666748
vt 0.966797 0.080566
vt 0.956543 0.078613
vt 0.966797 0.074707
vt 0.921875 0.669922
vt 0.922852 0.644043
vt 0.927734 0.666748
vt 0.865234 0.089355
vt 0.848633 0.096680
vt 0.852539 0.082031
vt 0.930176 0.669189
vt 0.928711 0.647217
vt 0.929688 0.643311
vt 0.927734 0.666748
vt 0.922852 0.644043
vt 0.928711 0.647217
vt 0.971191 0.076660
vt 0.966797 0.080566
vt 0.966797 0.074707
vt 0.930664 0.224121
vt 0.934570 0.230957
vt 0.930176 0.231445
vt 0.927734 0.676758
vt 0.930176 0.669189
vt 0.934082 0.673828
vt 0.930176 0.231445
vt 0.927246 0.228516
vt 0.930664 0.224121
vt 0.943848 0.666260
vt 0.941895 0.678711
vt 0.938477 0.680420
vt 0.943848 0.666260
vt 0.950195 0.674316
vt 0.941895 0.678711
vt 0.852539 0.082031
vt 0.853516 0.045898
vt 0.865234 0.089355
vt 0.853516 0.045898
vt 0.860352 0.082031
vt 0.865234 0.089355
vt 0.938477 0.680420
vt 0.927734 0.676758
vt 0.934082 0.673828
vt 0.938477 0.680420
vt 0.937500 0.687744
vt 0.927734 0.676758
vt 0.950195 0.674316
vt 0.940918 0.690430
vt 0.941895 0.678711
vt 0.941895 0.678711
vt 0.937500 0.687744
vt 0.938477 0.680420
vt 0.937500 0.687744
vt 0.941895 0.678711
vt 0.940918 0.690430
vt 0.940430 0.703857
vt 0.921387 0.697021
vt 0.940918 0.690430
vt 0.940918 0.690430
vt 0.950195 0.674316
vt 0.948242 0.701660
vt 0.860352 0.082031
vt 0.853516 0.045898
vt 0.859863 0.055176
vt 0.940918 0.690430
vt 0.921387 0.697021
vt 0.937500 0.687744
vt 0.858887 0.044922
vt 0.877930 0.063477
vt 0.859863 0.055176
vt 0.953125 0.073730
vt 0.968262 0.072754
vt 0.966797 0.074707
vt 0.859863 0.055176
vt 0.853516 0.045898
vt 0.858887 0.044922
vt 0.952637 0.069336
vt 0.968262 0.067871
vt 0.968262 0.072754
vt 0.966797 0.080566
vt 0.971191 0.076660
vt 0.973633 0.082031
vt 0.929688 0.643311
vt 0.928711 0.647217
vt 0.922852 0.644043
vt 0.921875 0.669922
vt 0.916016 0.639648
vt 0.922852 0.644043
vt 0.927246 0.228516
vt 0.930176 0.292969
vt 0.928223 0.291992
vt 0.934570 0.230957
vt 0.933594 0.292480
vt 0.930176 0.292969
vt 0.934082 0.673828
vt 0.937988 0.601074
vt 0.936523 0.646484
vt 0.865234 0.089355
vt 0.845703 0.154297
vt 0.848633 0.096680
vt 0.936523 0.646484
vt 0.937988 0.601074
vt 0.943848 0.666260
vt 0.929688 0.643311
vt 0.933594 0.576904
vt 0.934082 0.673828
vt 0.845703 0.154297
vt 0.865234 0.089355
vt 0.861816 0.158691
vt 0.922852 0.644043
vt 0.929199 0.599121
vt 0.929688 0.643311
vt 0.929199 0.599121
vt 0.922852 0.644043
vt 0.916016 0.639648
vt 0.916016 0.639648
vt 0.921875 0.669922
vt 0.916016 0.667480
vt 0.928223 0.291992
vt 0.930176 0.292969
vt 0.931152 0.294922
vt 0.943848 0.133789
vt 0.945312 0.137695
vt 0.940430 0.131836
vt 0.937988 0.601074
vt 0.933594 0.576904
vt 0.938477 0.575195
vt 0.944824 0.594971
vt 0.943848 0.666260
vt 0.937988 0.601074
vt 0.937988 0.601074
vt 0.934082 0.673828
vt 0.933594 0.576904
vt 0.933594 0.576904
vt 0.929688 0.643311
vt 0.929199 0.599121
vt 0.929199 0.575928
vt 0.933594 0.576904
vt 0.929199 0.599121
vt 0.443115 0.484375
vt 0.422119 0.483887
vt 0.422119 0.481934
vt 0.079407 0.385742
vt 0.087341 0.452148
vt 0.079712 0.452148
vt 0.422119 0.479980
vt 0.422119 0.481934
vt 0.420654 0.480469
vt 0.386963 0.433105
vt 0.381592 0.438965
vt 0.384521 0.429199
vt 0.395996 0.434082
vt 0.381592 0.438965
vt 0.386963 0.433105
vt 0.440918 0.460449
vt 0.479492 0.462402
vt 0.441162 0.463867
vt 0.422119 0.479980
vt 0.420654 0.480469
vt 0.420166 0.473633
vt 0.420410 0.464355
vt 0.422119 0.479980
vt 0.420166 0.473633
vt 0.422119 0.481934
vt 0.479492 0.482910
vt 0.443115 0.484375
vt 0.326904 0.205078
vt 0.315674 0.187988
vt 0.321533 0.192871
vt 0.441162 0.463867
vt 0.479492 0.482910
vt 0.422119 0.479980
vt 0.422119 0.479980
vt 0.479492 0.482910
vt 0.422119 0.481934
vt 0.257812 0.421875
vt 0.257568 0.426270
vt 0.256592 0.423340
vt 0.356689 0.192383
vt 0.326904 0.205078
vt 0.321533 0.192871
vt 0.326904 0.205078
vt 0.356689 0.192383
vt 0.346924 0.205078
vt 0.256592 0.423340
vt 0.243286 0.421387
vt 0.257080 0.420898
vt 0.346924 0.205078
vt 0.356689 0.192383
vt 0.352539 0.203613
vt 0.243652 0.423828
vt 0.256592 0.423340
vt 0.257080 0.426758
vt 0.441162 0.459473
vt 0.446533 0.457031
vt 0.479736 0.459961
vt 0.087341 0.452148
vt 0.079407 0.385742
vt 0.086914 0.381348
vt 0.422119 0.479980
vt 0.420410 0.464355
vt 0.441162 0.463867
vt 0.479492 0.462402
vt 0.440918 0.460449
vt 0.479736 0.459961
vt 0.479492 0.482910
vt 0.441162 0.463867
vt 0.479492 0.462402
vt 0.243286 0.428711
vt 0.257080 0.426758
vt 0.256592 0.430176
vt 0.441162 0.459473
vt 0.479736 0.459961
vt 0.440918 0.460449
vt 0.123535 0.381348
vt 0.122437 0.452637
vt 0.087341 0.452148
vt 0.247314 0.454590
vt 0.244873 0.456543
vt 0.246704 0.451172
vt 0.248657 0.454102
vt 0.246948 0.477539
vt 0.244873 0.456543
vt 0.246948 0.477539
vt 0.248657 0.454102
vt 0.248413 0.477539
vt 0.243408 0.426270
vt 0.257080 0.426758
vt 0.243286 0.428711
vt 0.259277 0.413086
vt 0.257568 0.411621
vt 0.258545 0.409668
vt 0.257812 0.408691
vt 0.244385 0.409180
vt 0.244263 0.406738
vt 0.257812 0.408691
vt 0.244507 0.411621
vt 0.244385 0.409180
vt 0.244507 0.411621
vt 0.257812 0.408691
vt 0.257568 0.411621
vt 0.410645 0.478027
vt 0.372314 0.478516
vt 0.371826 0.477051
vt 0.248657 0.454102
vt 0.244873 0.456543
vt 0.247314 0.454590
vt 0.372314 0.478516
vt 0.410645 0.478027
vt 0.375732 0.481934
vt 0.087341 0.452148
vt 0.086914 0.381348
vt 0.123535 0.381348
vt 0.258057 0.414551
vt 0.244263 0.413574
vt 0.257568 0.411621
vt 0.244507 0.411621
vt 0.257568 0.411621
vt 0.244263 0.413574
vt 0.244263 0.413574
vt 0.258057 0.414551
vt 0.244141 0.416016
vt 0.244263 0.406738
vt 0.257812 0.404785
vt 0.257812 0.408691
vt 0.352539 0.203613
vt 0.347412 0.207031
vt 0.346924 0.205078
vt 0.243652 0.423828
vt 0.257080 0.426758
vt 0.243408 0.426270
vt 0.243286 0.421387
vt 0.256592 0.423340
vt 0.243652 0.423828
vt 0.347412 0.207031
vt 0.331055 0.207031
vt 0.346924 0.205078
vt 0.243164 0.419434
vt 0.257080 0.420898
vt 0.243286 0.421387
vt 0.326904 0.205078
vt 0.346924 0.205078
vt 0.331055 0.207031
vt 0.032104 0.244629
vt 0.023331 0.244141
vt 0.039062 0.219238
vt 0.007587 0.007324
vt 0.023331 0.244141
vt 0.006409 0.229492
vt 0.023331 0.244141
vt 0.025085 0.007324
vt 0.039062 0.219238
vt 0.215820 0.027832
vt 0.253662 0.250977
vt 0.215820 0.275391
vt 0.253662 0.250977
vt 0.215820 0.027832
vt 0.252686 0.027832
vt 0.023331 0.244141
vt 0.007587 0.007324
vt 0.025085 0.007324
vt 0.491211 0.451172
vt 0.501465 0.442383
vt 0.501953 0.445312
vt 0.501953 0.445312
vt 0.492188 0.472656
vt 0.491211 0.451172
vt 0.412842 0.843628
vt 0.415771 0.856934
vt 0.409424 0.854980
vt 0.419434 0.845459
vt 0.415771 0.856934
vt 0.412842 0.843628
vt 0.332520 0.838623
vt 0.332520 0.845215
vt 0.328613 0.838623
vt 0.389893 0.847168
vt 0.385498 0.858887
vt 0.385742 0.847168
vt 0.366943 0.867188
vt 0.373047 0.849121
vt 0.373535 0.867188
vt 0.332520 0.845215
vt 0.328613 0.845215
vt 0.328613 0.838623
vt 0.332520 0.845215
vt 0.332764 0.856934
vt 0.328613 0.845215
vt 0.385498 0.858887
vt 0.389893 0.847168
vt 0.391602 0.864624
vt 0.325928 0.862671
vt 0.328613 0.845215
vt 0.332764 0.856934
vt 0.373047 0.849121
vt 0.366943 0.867188
vt 0.367432 0.849121
vt 0.489014 0.473145
vt 0.488770 0.447754
vt 0.491211 0.451172
vt 0.302246 0.253906
vt 0.292480 0.259766
vt 0.301758 0.245117
vt 0.292480 0.259766
vt 0.291504 0.235840
vt 0.301758 0.245117
vt 0.006409 0.229492
vt 0.023331 0.244141
vt 0.010117 0.245117
vt 0.010117 0.245117
vt 0.008568 0.246094
vt 0.006409 0.229492
vt 0.490967 0.473145
vt 0.489014 0.473145
vt 0.492188 0.472656
vt 0.425781 0.863037
vt 0.405273 0.870850
vt 0.405029 0.863403
vt 0.591309 0.876770
vt 0.597656 0.881042
vt 0.581055 0.878845
vt 0.243164 0.870972
vt 0.243774 0.878174
vt 0.237793 0.876953
vt 0.252197 0.863403
vt 0.243164 0.870972
vt 0.243286 0.863525
vt 0.243774 0.878174
vt 0.243164 0.870972
vt 0.252197 0.863403
vt 0.405273 0.870850
vt 0.425781 0.863037
vt 0.428955 0.872070
vt 0.425781 0.863037
vt 0.405029 0.863403
vt 0.412354 0.861328
vt 0.267090 0.916809
vt 0.261719 0.929199
vt 0.261475 0.917175
vt 0.267090 0.916809
vt 0.267578 0.926880
vt 0.261719 0.929199
vt 0.404053 0.870728
vt 0.395264 0.869873
vt 0.403809 0.847168
vt 0.403809 0.847168
vt 0.395264 0.869873
vt 0.395264 0.847046
vt 0.420654 0.841064
vt 0.414551 0.837646
vt 0.418701 0.834229
vt 0.419922 0.843994
vt 0.413086 0.842529
vt 0.414551 0.837646
vt 0.419922 0.843994
vt 0.412842 0.843628
vt 0.413086 0.842529
vt 0.427490 0.828613
vt 0.422852 0.839966
vt 0.418701 0.834229
vt 0.414551 0.837646
vt 0.420654 0.841064
vt 0.419922 0.843994
vt 0.420654 0.841064
vt 0.418701 0.834229
vt 0.422852 0.839966
vt 0.412842 0.843628
vt 0.419922 0.843994
vt 0.419434 0.845459
vt 0.430664 0.833496
vt 0.422852 0.839966
vt 0.427490 0.828613
vt 0.334229 0.858521
vt 0.333984 0.868530
vt 0.332764 0.856934
vt 0.379395 0.870117
vt 0.385498 0.871460
vt 0.377686 0.870972
vt 0.430664 0.833496
vt 0.427490 0.828613
vt 0.430420 0.825562
vt 0.591309 0.876770
vt 0.598145 0.875122
vt 0.597656 0.881042
vt 0.430420 0.825562
vt 0.430664 0.827026
vt 0.430664 0.833496
vt 0.430664 0.827026
vt 0.437256 0.826172
vt 0.436035 0.831909
vt 0.391602 0.864624
vt 0.384521 0.860474
vt 0.385498 0.858887
vt 0.391602 0.864624
vt 0.385498 0.871460
vt 0.384521 0.860474
vt 0.325928 0.862671
vt 0.332764 0.856934
vt 0.333984 0.868530
vt 0.385498 0.871460
vt 0.391602 0.864624
vt 0.394287 0.872314
vt 0.504883 0.416992
vt 0.489990 0.411133
vt 0.504883 0.411133
vt 0.503906 0.474609
vt 0.489014 0.473145
vt 0.490967 0.473145
vt 0.257568 0.278809
vt 0.255859 0.268066
vt 0.257324 0.266602
vt 0.257568 0.278809
vt 0.279785 0.262207
vt 0.275635 0.274902
vt 0.489990 0.411133
vt 0.504883 0.416992
vt 0.491943 0.437500
vt 0.275879 0.276855
vt 0.257568 0.278809
vt 0.275635 0.274902
vt 0.279785 0.262207
vt 0.257568 0.278809
vt 0.257324 0.266602
vt 0.489014 0.473145
vt 0.491211 0.451172
vt 0.492188 0.472656
vt 0.257568 0.278809
vt 0.275879 0.276855
vt 0.260254 0.278809
vt 0.434570 0.863403
vt 0.428955 0.872070
vt 0.425781 0.863037
vt 0.333984 0.868530
vt 0.333008 0.878113
vt 0.325928 0.862671
vt 0.428955 0.872070
vt 0.434570 0.863403
vt 0.434814 0.872925
vt 0.252197 0.863403
vt 0.252197 0.944702
vt 0.245850 0.882568
vt 0.292480 0.288574
vt 0.292480 0.309570
vt 0.289795 0.323242
vt 0.581055 0.878845
vt 0.597656 0.881042
vt 0.569336 0.881287
vt 0.569336 0.881287
vt 0.598145 0.885742
vt 0.574707 0.885010
vt 0.551758 0.732178
vt 0.549316 0.790894
vt 0.549805 0.730469
vt 0.593750 0.855225
vt 0.594727 0.587646
vt 0.601074 0.697510
vt 0.298340 0.151855
vt 0.264893 0.037109
vt 0.298584 0.006348
vt 0.551758 0.791382
vt 0.549805 0.792847
vt 0.549316 0.790894
vt 0.556152 0.637695
vt 0.558594 0.628418
vt 0.556152 0.696777
vt 0.601074 0.697510
vt 0.594727 0.587646
vt 0.601562 0.637207
vt 0.574219 0.871948
vt 0.581055 0.878845
vt 0.569824 0.875122
vt 0.298584 0.006348
vt 0.264893 0.037109
vt 0.265137 0.006348
vt 0.364502 0.083984
vt 0.364502 0.151855
vt 0.361816 0.151855
vt 0.288574 0.394531
vt 0.292480 0.309570
vt 0.291016 0.396973
vt 0.289795 0.323242
vt 0.289307 0.289551
vt 0.292480 0.288574
vt 0.268555 0.935242
vt 0.261230 0.939148
vt 0.261719 0.929199
vt 0.598145 0.885742
vt 0.569336 0.881287
vt 0.597656 0.881042
vt 0.621094 0.698730
vt 0.617676 0.855225
vt 0.612793 0.700684
vt 0.558594 0.628418
vt 0.558594 0.702881
vt 0.556152 0.696777
vt 0.540527 0.697510
vt 0.543457 0.702637
vt 0.533691 0.703125
vt 0.252197 0.863403
vt 0.245850 0.882568
vt 0.243774 0.878174
vt 0.574219 0.871948
vt 0.569824 0.875122
vt 0.572754 0.858154
vt 0.550781 0.700684
vt 0.556152 0.696777
vt 0.558594 0.702881
vt 0.549805 0.792847
vt 0.551758 0.797485
vt 0.550293 0.801392
vt 0.601074 0.697510
vt 0.603027 0.855225
vt 0.593750 0.855225
vt 0.604492 0.698730
vt 0.610840 0.855225
vt 0.603027 0.855225
vt 0.361816 0.151855
vt 0.361816 0.049316
vt 0.364502 0.083984
vt 0.328369 0.151855
vt 0.328369 0.006348
vt 0.361816 0.049316
vt 0.551758 0.732178
vt 0.551758 0.791382
vt 0.549316 0.790894
vt 0.292480 0.309570
vt 0.288574 0.394531
vt 0.289795 0.323242
vt 0.540527 0.697510
vt 0.533691 0.703125
vt 0.538574 0.693604
vt 0.612793 0.700684
vt 0.617676 0.855225
vt 0.610840 0.855225
vt 0.617676 0.855225
vt 0.621094 0.698730
vt 0.625000 0.855225
vt 0.603027 0.855225
vt 0.601074 0.697510
vt 0.604492 0.698730
vt 0.328369 0.151855
vt 0.328125 0.185547
vt 0.298340 0.151855
vt 0.388916 0.805054
vt 0.389160 0.819946
vt 0.385498 0.806030
vt 0.339600 0.912598
vt 0.341064 0.917297
vt 0.318359 0.910828
vt 0.333984 0.950806
vt 0.328369 0.935608
vt 0.335449 0.935913
vt 0.573242 0.965302
vt 0.569824 0.943451
vt 0.573242 0.951599
vt 0.610840 0.855225
vt 0.604492 0.698730
vt 0.612793 0.700684
vt 0.569824 0.875122
vt 0.581055 0.878845
vt 0.569336 0.881287
vt 0.328369 0.151855
vt 0.298584 0.006348
vt 0.328369 0.006348
vt 0.361816 0.049316
vt 0.361816 0.151855
vt 0.328369 0.151855
vt 0.327148 0.948547
vt 0.328369 0.935608
vt 0.333984 0.950806
vt 0.573242 0.964996
vt 0.573242 0.951599
vt 0.576172 0.964813
vt 0.624512 0.696045
vt 0.625000 0.855225
vt 0.621094 0.698730
vt 0.542480 0.719727
vt 0.546387 0.717041
vt 0.542969 0.728271
vt 0.550781 0.700684
vt 0.543457 0.702637
vt 0.540527 0.697510
vt 0.551758 0.797485
vt 0.549805 0.792847
vt 0.551758 0.791382
vt 0.298584 0.006348
vt 0.328369 0.151855
vt 0.298340 0.151855
vt 0.361816 0.049316
vt 0.328369 0.006348
vt 0.361816 0.006348
vt 0.432129 0.853638
vt 0.434570 0.863403
vt 0.425781 0.863037
vt 0.268555 0.935242
vt 0.261719 0.929199
vt 0.267578 0.926880
vt 0.142700 0.858643
vt 0.141602 0.849365
vt 0.143677 0.845337
vt 0.152100 0.860474
vt 0.140869 0.866577
vt 0.136719 0.862549
vt 0.082397 0.857056
vt 0.054657 0.848389
vt 0.055511 0.845215
vt 0.136719 0.862549
vt 0.142700 0.858643
vt 0.140503 0.860718
vt 0.140259 0.845947
vt 0.141602 0.849365
vt 0.112854 0.857300
vt 0.142700 0.858643
vt 0.112854 0.857300
vt 0.141602 0.849365
vt 0.087708 0.864746
vt 0.090271 0.865845
vt 0.088623 0.868896
vt 0.096375 0.849854
vt 0.101013 0.848633
vt 0.098511 0.852539
vt 0.107666 0.866333
vt 0.088623 0.868896
vt 0.090271 0.865845
vt 0.082397 0.857056
vt 0.057587 0.859375
vt 0.054657 0.848389
vt 0.097595 0.864502
vt 0.107666 0.866333
vt 0.090271 0.865845
vt 0.155640 0.878601
vt 0.140869 0.866577
vt 0.152100 0.860474
vt 0.057587 0.859375
vt 0.052094 0.845947
vt 0.054657 0.848389
vt 0.141846 0.882629
vt 0.155640 0.878601
vt 0.159302 0.879150
vt 0.107666 0.866333
vt 0.108521 0.866211
vt 0.107666 0.868652
vt 0.190918 0.860718
vt 0.159302 0.879150
vt 0.156372 0.864380
vt 0.142700 0.858643
vt 0.190552 0.850220
vt 0.140503 0.860718
vt 0.143677 0.845337
vt 0.190552 0.850220
vt 0.142700 0.858643
vt 0.152100 0.860474
vt 0.191162 0.857910
vt 0.156372 0.864380
vt 0.155640 0.878601
vt 0.141846 0.882629
vt 0.140869 0.866577
vt 0.140503 0.860718
vt 0.191528 0.853271
vt 0.152100 0.860474
vt 0.136719 0.862549
vt 0.140503 0.860718
vt 0.152100 0.860474
vt 0.155640 0.878601
vt 0.152100 0.860474
vt 0.156372 0.864380
vt 0.057587 0.859375
vt 0.004166 0.850098
vt 0.052094 0.845947
vt 0.155640 0.878601
vt 0.156372 0.864380
vt 0.159302 0.879150
vt 0.159302 0.879150
vt 0.192505 0.894531
vt 0.142700 0.898621
vt 0.191528 0.853271
vt 0.140503 0.860718
vt 0.191284 0.851929
vt 0.191528 0.852905
vt 0.191528 0.853271
vt 0.191284 0.851929
vt 0.159302 0.879150
vt 0.190918 0.860718
vt 0.192505 0.894531
vt 0.108276 0.861938
vt 0.109863 0.848755
vt 0.112854 0.857300
vt 0.190918 0.860718
vt 0.156372 0.864380
vt 0.191162 0.857910
vt 0.191162 0.857910
vt 0.152100 0.860474
vt 0.191528 0.853271
vt 0.140503 0.860718
vt 0.190552 0.850220
vt 0.191284 0.851929
vt 0.190063 0.837769
vt 0.190552 0.850220
vt 0.143677 0.845337
vt 0.004166 0.850098
vt 0.005722 0.837646
vt 0.052094 0.845947
vt 0.191528 0.852905
vt 0.190918 0.860718
vt 0.191162 0.857910
vt 0.191528 0.852905
vt 0.191162 0.857910
vt 0.191528 0.853271
vt 0.191528 0.852905
vt 0.204224 0.853271
vt 0.203735 0.861938
vt 0.204224 0.853271
vt 0.217041 0.858032
vt 0.203735 0.861938
vt 0.112854 0.857300
vt 0.109863 0.848755
vt 0.112000 0.848755
vt 0.085815 0.849243
vt 0.086609 0.859253
vt 0.082397 0.857056
vt 0.085815 0.849243
vt 0.082397 0.857056
vt 0.083618 0.848633
vt 0.112000 0.848755
vt 0.140259 0.845947
vt 0.112854 0.857300
vt 0.055511 0.845215
vt 0.083618 0.848633
vt 0.082397 0.857056
vt 0.217041 0.858032
vt 0.204224 0.853271
vt 0.216553 0.852905
vt 0.191528 0.852905
vt 0.192505 0.894531
vt 0.190918 0.860718
vt 0.087891 0.862061
vt 0.082397 0.857056
vt 0.087097 0.859131
vt 0.057587 0.859375
vt 0.082397 0.857056
vt 0.087891 0.862061
vt 0.966797 0.089844
vt 0.963379 0.092285
vt 0.962402 0.090820
vt 0.959473 0.097168
vt 0.962402 0.090820
vt 0.963379 0.092285
vt 0.958008 0.086426
vt 0.962402 0.090820
vt 0.957031 0.091309
vt 0.963379 0.092285
vt 0.968750 0.094727
vt 0.967773 0.099121
vt 0.968750 0.094727
vt 0.970215 0.101562
vt 0.967773 0.099121
vt 0.968750 0.094727
vt 0.963379 0.092285
vt 0.966797 0.089844
vt 0.963379 0.092285
vt 0.967773 0.099121
vt 0.959473 0.097168
vt 0.997070 0.053711
vt 0.992676 0.040039
vt 0.997070 0.041504
vt 0.997070 0.041504
vt 0.992676 0.040039
vt 0.998535 0.033691
vt 0.985840 0.014648
vt 0.997070 0.008301
vt 0.998535 0.016602
vt 0.997070 0.059570
vt 0.992676 0.040039
vt 0.997070 0.053711
vt 0.984863 0.007324
vt 0.997070 0.008301
vt 0.985840 0.014648
vt 0.998535 0.033691
vt 0.992676 0.040039
vt 0.993164 0.032715
vt 0.968750 0.094727
vt 0.976562 0.096680
vt 0.973633 0.099121
vt 0.970215 0.101562
vt 0.968750 0.094727
vt 0.973633 0.099121
vt 0.966797 0.089844
vt 0.976562 0.096680
vt 0.968750 0.094727
vt 0.976074 0.092285
vt 0.976562 0.096680
vt 0.966797 0.089844
vt 0.993164 0.057129
vt 0.992676 0.040039
vt 0.997070 0.059570
vt 0.983887 0.088379
vt 0.976562 0.096680
vt 0.976074 0.092285
vt 0.973633 0.125488
vt 0.970215 0.101562
vt 0.973633 0.099121
vt 0.970215 0.101562
vt 0.973633 0.125488
vt 0.969727 0.123047
vt 0.992676 0.066895
vt 0.993164 0.057129
vt 0.997070 0.059570
vt 0.992676 0.066895
vt 0.997070 0.059570
vt 0.998047 0.071289
vt 0.980957 0.012695
vt 0.979980 0.003906
vt 0.984863 0.007324
vt 0.979980 0.003906
vt 0.980957 0.012695
vt 0.975586 0.015137
vt 0.982910 0.018066
vt 0.985840 0.014648
vt 0.998535 0.016602
vt 0.993164 0.204590
vt 0.993164 0.185059
vt 0.998047 0.205566
vt 0.993164 0.131836
vt 0.998047 0.134766
vt 0.994141 0.139160
vt 0.993164 0.176270
vt 0.997559 0.181152
vt 0.993164 0.185059
vt 0.975586 0.015137
vt 0.980957 0.012695
vt 0.982910 0.018066
vt 0.746582 0.927429
vt 0.717285 0.923584
vt 0.744629 0.920593
vt 0.716309 0.901245
vt 0.746094 0.898987
vt 0.744629 0.904663
vt 0.996582 0.023438
vt 0.999023 0.029297
vt 0.980469 0.035156
vt 0.717285 0.912720
vt 0.717285 0.917236
vt 0.716309 0.917114
vt 0.715820 0.912781
vt 0.716309 0.917114
vt 0.710938 0.911194
vt 0.717285 0.923584
vt 0.716309 0.917114
vt 0.717285 0.917236
vt 0.997070 0.105469
vt 0.993164 0.098633
vt 0.997070 0.095703
vt 0.997070 0.105469
vt 0.992188 0.109863
vt 0.993164 0.098633
vt 0.996582 0.023438
vt 0.980469 0.035156
vt 0.976074 0.023926
vt 0.716797 0.907227
vt 0.744629 0.904663
vt 0.743652 0.911133
vt 0.717285 0.912720
vt 0.743652 0.911133
vt 0.744629 0.914856
vt 0.717285 0.917236
vt 0.744629 0.920593
vt 0.717285 0.923584
vt 0.744629 0.914856
vt 0.717285 0.917236
vt 0.717285 0.912720
vt 0.717285 0.917236
vt 0.744629 0.914856
vt 0.744629 0.920593
vt 0.746582 0.927429
vt 0.716797 0.929749
vt 0.717285 0.923584
vt 0.998047 0.189453
vt 0.993164 0.185059
vt 0.997559 0.181152
vt 0.998047 0.205566
vt 0.993164 0.185059
vt 0.998047 0.189453
vt 0.753906 0.912170
vt 0.753906 0.918091
vt 0.746582 0.910950
vt 0.753906 0.918091
vt 0.747559 0.920227
vt 0.746582 0.910950
vt 0.993652 0.233398
vt 0.991699 0.218750
vt 0.997070 0.214355
vt 0.746582 0.910950
vt 0.744629 0.920593
vt 0.744629 0.914856
vt 0.707520 0.916565
vt 0.716309 0.917114
vt 0.712402 0.921570
vt 0.710938 0.911194
vt 0.716309 0.917114
vt 0.707520 0.916565
vt 0.996582 0.234375
vt 0.993652 0.233398
vt 0.997070 0.214355
vt 0.744629 0.904663
vt 0.716797 0.907227
vt 0.716309 0.901245
vt 0.991699 0.218750
vt 0.992188 0.210449
vt 0.997070 0.214355
vt 0.996582 0.023438
vt 0.976074 0.023926
vt 0.983398 0.020996
vt 0.743652 0.911133
vt 0.717285 0.912720
vt 0.716797 0.907227
vt 0.992188 0.210449
vt 0.997070 0.205078
vt 0.997070 0.214355
vt 0.993164 0.098633
vt 0.993652 0.078125
vt 0.997070 0.095703
vt 0.993652 0.071777
vt 0.997070 0.071777
vt 0.993652 0.078125
vt 0.430664 0.672852
vt 0.437988 0.666504
vt 0.432129 0.670898
vt 0.394287 0.677490
vt 0.394775 0.674805
vt 0.403320 0.673096
vt 0.205322 0.681396
vt 0.194580 0.592529
vt 0.205322 0.592529
vt 0.171265 0.457031
vt 0.173462 0.442871
vt 0.179932 0.469238
vt 0.236084 0.592529
vt 0.245728 0.681396
vt 0.235596 0.681396
vt 0.403564 0.677490
vt 0.394287 0.677490
vt 0.403320 0.673096
vt 0.403320 0.673096
vt 0.414062 0.672852
vt 0.403564 0.677490
vt 0.179321 0.412598
vt 0.188721 0.403809
vt 0.175903 0.423828
vt 0.138550 0.006348
vt 0.152100 0.008789
vt 0.138916 0.011230
vt 0.138550 0.006348
vt 0.124268 0.011719
vt 0.122803 0.006836
vt 0.124268 0.011719
vt 0.138550 0.006348
vt 0.138916 0.011230
vt 0.188721 0.403809
vt 0.173462 0.442871
vt 0.175903 0.423828
vt 0.124268 0.011719
vt 0.087708 0.011719
vt 0.122803 0.006836
vt 0.122803 0.006836
vt 0.087708 0.011719
vt 0.089233 0.006836
vt 0.188721 0.403809
vt 0.220459 0.403809
vt 0.173462 0.442871
vt 0.173462 0.442871
vt 0.220459 0.403809
vt 0.233276 0.422852
vt 0.413330 0.677490
vt 0.403564 0.677490
vt 0.414062 0.672852
vt 0.437988 0.655273
vt 0.437988 0.666504
vt 0.430664 0.672852
vt 0.205322 0.592529
vt 0.215332 0.681396
vt 0.205322 0.681396
vt 0.233276 0.422852
vt 0.220459 0.403809
vt 0.229736 0.412598
vt 0.087708 0.011719
vt 0.073486 0.006348
vt 0.089233 0.006836
vt 0.073486 0.006348
vt 0.087708 0.011719
vt 0.073120 0.011230
vt 0.073120 0.011230
vt 0.060944 0.008301
vt 0.073486 0.006348
vt 0.194092 0.681396
vt 0.194580 0.592529
vt 0.205322 0.681396
vt 0.245728 0.592529
vt 0.252441 0.681396
vt 0.245728 0.681396
vt 0.171631 0.592529
vt 0.181274 0.681396
vt 0.171631 0.681396
vt 0.173462 0.442871
vt 0.233276 0.422852
vt 0.235718 0.442871
vt 0.458008 0.673096
vt 0.439209 0.666260
vt 0.439697 0.656494
vt 0.235718 0.442871
vt 0.237915 0.457031
vt 0.173462 0.442871
vt 0.181274 0.681396
vt 0.181763 0.592529
vt 0.194092 0.681396
vt 0.229126 0.469238
vt 0.173462 0.442871
vt 0.237915 0.457031
vt 0.229126 0.469238
vt 0.179932 0.469238
vt 0.173462 0.442871
vt 0.398926 0.617676
vt 0.395020 0.604980
vt 0.411621 0.603271
vt 0.039825 0.007812
vt 0.039062 0.219238
vt 0.025085 0.007324
vt 0.060944 0.008301
vt 0.039062 0.219238
vt 0.039825 0.007812
vt 0.060944 0.008301
vt 0.071045 0.219727
vt 0.039062 0.219238
vt 0.071045 0.219727
vt 0.060944 0.008301
vt 0.073120 0.011230
vt 0.087708 0.011719
vt 0.071045 0.219727
vt 0.073120 0.011230
vt 0.411621 0.603271
vt 0.411133 0.617676
vt 0.398926 0.617676
vt 0.430420 0.681641
vt 0.436035 0.687744
vt 0.427490 0.688232
vt 0.395020 0.604980
vt 0.398926 0.617676
vt 0.388428 0.617676
vt 0.278076 0.592773
vt 0.278076 0.584961
vt 0.286865 0.593018
vt 0.278076 0.592773
vt 0.277100 0.586182
vt 0.278076 0.584961
vt 0.267822 0.592773
vt 0.277100 0.586182
vt 0.276611 0.593262
vt 0.304199 0.625488
vt 0.311768 0.625488
vt 0.309814 0.629883
vt 0.286865 0.593018
vt 0.278076 0.584961
vt 0.284424 0.584961
vt 0.285889 0.584961
vt 0.286865 0.593018
vt 0.284424 0.584961
vt 0.277100 0.586182
vt 0.267822 0.592773
vt 0.270264 0.584961
vt 0.458008 0.673096
vt 0.445068 0.652588
vt 0.459961 0.652588
vt 0.433350 0.677490
vt 0.419434 0.673096
vt 0.433350 0.673096
vt 0.433350 0.677490
vt 0.418701 0.677490
vt 0.419434 0.673096
vt 0.430664 0.672852
vt 0.417236 0.652588
vt 0.432129 0.652588
vt 0.418701 0.677490
vt 0.414062 0.672852
vt 0.419434 0.673096
vt 0.413330 0.677490
vt 0.414062 0.672852
vt 0.418701 0.677490
vt 0.430664 0.672852
vt 0.432129 0.652588
vt 0.437988 0.655273
vt 0.445068 0.652588
vt 0.458008 0.673096
vt 0.439697 0.656494
vt 0.436035 0.687744
vt 0.445312 0.682861
vt 0.442139 0.687988
vt 0.430420 0.681641
vt 0.432861 0.681885
vt 0.436035 0.687744
vt 0.445312 0.682861
vt 0.436035 0.687744
vt 0.432861 0.681885
vt 0.458008 0.673096
vt 0.445801 0.672119
vt 0.439209 0.666260
vt 0.312256 0.659424
vt 0.309814 0.629883
vt 0.311768 0.625488
vt 0.194580 0.592529
vt 0.194092 0.681396
vt 0.181763 0.592529
vt 0.312256 0.659424
vt 0.311768 0.625488
vt 0.313721 0.628906
vt 0.315674 0.629883
vt 0.313477 0.654053
vt 0.313721 0.628906
vt 0.181763 0.592529
vt 0.181274 0.681396
vt 0.171631 0.592529
vt 0.252441 0.592529
vt 0.252441 0.681396
vt 0.245728 0.592529
vt 0.245728 0.681396
vt 0.236084 0.592529
vt 0.245728 0.592529
vt 0.379639 0.685303
vt 0.377686 0.675537
vt 0.383545 0.674316
vt 0.377686 0.675537
vt 0.379639 0.685303
vt 0.374023 0.681885
vt 0.371338 0.688721
vt 0.367676 0.674316
vt 0.374023 0.681885
vt 0.267822 0.592773
vt 0.276611 0.593262
vt 0.264404 0.594238
vt 0.276611 0.593262
vt 0.277100 0.586182
vt 0.278076 0.592773
vt 0.276611 0.625488
vt 0.264404 0.594238
vt 0.276611 0.593262
vt 0.286865 0.593018
vt 0.278076 0.625732
vt 0.278076 0.592773
vt 0.291260 0.594727
vt 0.289795 0.625244
vt 0.286865 0.593018
vt 0.278076 0.592773
vt 0.278076 0.625732
vt 0.276611 0.593262
vt 0.289795 0.625244
vt 0.291260 0.594727
vt 0.291016 0.626953
vt 0.263916 0.627197
vt 0.264404 0.594238
vt 0.276611 0.625488
vt 0.278076 0.625732
vt 0.286865 0.593018
vt 0.289795 0.625244
vt 0.276611 0.625488
vt 0.276611 0.593262
vt 0.278076 0.625732
vt 0.383789 0.687988
vt 0.379639 0.685303
vt 0.383545 0.674316
vt 0.367676 0.674316
vt 0.371338 0.688721
vt 0.362793 0.687744
vt 0.370117 0.692871
vt 0.379639 0.685303
vt 0.379395 0.693848
vt 0.370117 0.692871
vt 0.374023 0.681885
vt 0.379639 0.685303
vt 0.312256 0.659424
vt 0.313721 0.628906
vt 0.313477 0.654053
vt 0.085022 0.863770
vt 0.060028 0.863037
vt 0.057587 0.859375
vt 0.071350 0.868164
vt 0.060028 0.863037
vt 0.076904 0.864868
vt 0.086914 0.909363
vt 0.087708 0.864746
vt 0.088623 0.868896
vt 0.085083 0.913330
vt 0.076904 0.864868
vt 0.087708 0.864746
vt 0.071350 0.868164
vt 0.076904 0.864868
vt 0.071289 0.903015
vt 0.136719 0.862549
vt 0.110718 0.863892
vt 0.142700 0.858643
vt 0.107666 0.868652
vt 0.088623 0.868896
vt 0.107666 0.866333
vt 0.124451 0.868408
vt 0.136719 0.862549
vt 0.136597 0.867920
vt 0.136719 0.862549
vt 0.124451 0.868408
vt 0.118896 0.864868
vt 0.159302 0.879150
vt 0.142700 0.898621
vt 0.141846 0.882629
vt 0.086914 0.909363
vt 0.088623 0.868896
vt 0.107666 0.868652
vt 0.118896 0.864868
vt 0.110718 0.912292
vt 0.108521 0.866211
vt 0.108521 0.866211
vt 0.108948 0.908997
vt 0.107666 0.868652
vt 0.110718 0.863892
vt 0.136719 0.862549
vt 0.118896 0.864868
vt 0.110718 0.863892
vt 0.118896 0.864868
vt 0.108521 0.866211
vt 0.124451 0.868408
vt 0.124084 0.903259
vt 0.118896 0.864868
vt 0.076904 0.864868
vt 0.085083 0.913330
vt 0.071289 0.903015
vt 0.087708 0.864746
vt 0.086914 0.909363
vt 0.085083 0.913330
vt 0.110718 0.912292
vt 0.118896 0.864868
vt 0.124084 0.903259
vt 0.108948 0.908997
vt 0.086914 0.909363
vt 0.107666 0.868652
vt 0.108948 0.908997
vt 0.108521 0.866211
vt 0.110718 0.912292
vt 0.124084 0.903259
vt 0.110657 0.959991
vt 0.110718 0.912292
vt 0.070129 0.896423
vt 0.056763 0.895691
vt 0.071350 0.868164
vt 0.107666 0.866333
vt 0.110718 0.863892
vt 0.108521 0.866211
vt 0.136597 0.867920
vt 0.125610 0.896240
vt 0.124451 0.868408
vt 0.136719 0.862549
vt 0.140869 0.866577
vt 0.136597 0.867920
vt 0.136597 0.867920
vt 0.140869 0.866577
vt 0.141846 0.882629
vt 0.139648 0.896179
vt 0.136597 0.867920
vt 0.141846 0.882629
vt 0.142700 0.898621
vt 0.189941 0.994957
vt 0.108948 0.988037
vt 0.053375 0.903381
vt 0.071289 0.903015
vt 0.069824 0.989639
vt 0.071289 0.903015
vt 0.085083 0.913330
vt 0.069824 0.989639
vt 0.108948 0.988037
vt 0.124084 0.903259
vt 0.142700 0.898621
vt 0.087036 0.960419
vt 0.085083 0.913330
vt 0.086914 0.909363
vt 0.109009 0.959778
vt 0.086914 0.909363
vt 0.108948 0.908997
vt 0.110718 0.912292
vt 0.109009 0.959778
vt 0.108948 0.908997
vt 0.070129 0.896423
vt 0.053375 0.903381
vt 0.056763 0.895691
vt 0.086914 0.909363
vt 0.109009 0.959778
vt 0.087036 0.960419
vt 0.108948 0.988037
vt 0.110657 0.959991
vt 0.124084 0.903259
vt 0.109009 0.959778
vt 0.110718 0.912292
vt 0.110657 0.959991
vt 0.108032 0.988159
vt 0.087036 0.960419
vt 0.109009 0.959778
vt 0.108948 0.988037
vt 0.109009 0.959778
vt 0.110657 0.959991
vt 0.070129 0.896423
vt 0.071350 0.868164
vt 0.071289 0.903015
vt 0.070129 0.896423
vt 0.071289 0.903015
vt 0.053375 0.903381
vt 0.142700 0.898621
vt 0.139648 0.896179
vt 0.141846 0.882629
vt 0.087585 0.987923
vt 0.087036 0.960419
vt 0.108032 0.988159
vt 0.108032 0.988159
vt 0.109009 0.959778
vt 0.108948 0.988037
vt 0.107239 0.861938
vt 0.142700 0.858643
vt 0.110718 0.863892
vt 0.112854 0.857300
vt 0.142700 0.858643
vt 0.107239 0.861938
vt 0.125610 0.896240
vt 0.136597 0.867920
vt 0.139648 0.896179
vt 0.139648 0.896179
vt 0.142700 0.898621
vt 0.124084 0.903259
vt 0.124084 0.903259
vt 0.125610 0.896240
vt 0.139648 0.896179
vt 0.076904 0.864868
vt 0.085022 0.863770
vt 0.087708 0.864746
vt 0.057587 0.859375
vt 0.087891 0.862061
vt 0.085022 0.863770
vt 0.060028 0.863037
vt 0.085022 0.863770
vt 0.076904 0.864868
vt 0.124084 0.903259
vt 0.124451 0.868408
vt 0.125610 0.896240
vt 0.685547 0.437500
vt 0.693359 0.444336
vt 0.683594 0.447754
vt 0.663574 0.438477
vt 0.660156 0.439941
vt 0.663574 0.431641
vt 0.660645 0.431641
vt 0.663574 0.431641
vt 0.660156 0.439941
vt 0.688477 0.420898
vt 0.688965 0.436523
vt 0.688477 0.433105
vt 0.660645 0.431641
vt 0.665527 0.435059
vt 0.663574 0.431641
vt 0.688965 0.436523
vt 0.688477 0.420898
vt 0.689941 0.418457
vt 0.683105 0.458984
vt 0.680176 0.448242
vt 0.683594 0.448242
vt 0.665527 0.435059
vt 0.663574 0.438477
vt 0.663574 0.431641
vt 0.683105 0.458984
vt 0.683594 0.448242
vt 0.685547 0.458984
vt 0.680176 0.448242
vt 0.683105 0.458984
vt 0.679199 0.459473
vt 0.685547 0.458984
vt 0.683594 0.448242
vt 0.692871 0.451172
vt 0.680664 0.462402
vt 0.683594 0.472656
vt 0.681152 0.472656
vt 0.680176 0.448242
vt 0.679199 0.459473
vt 0.671875 0.451172
vt 0.665527 0.435059
vt 0.660156 0.439941
vt 0.663574 0.438477
vt 0.683594 0.472656
vt 0.680664 0.462402
vt 0.685059 0.461914
vt 0.409424 0.721436
vt 0.419434 0.797363
vt 0.409180 0.797363
vt 0.500000 0.441406
vt 0.614746 0.443848
vt 0.501465 0.442383
vt 0.401855 0.721436
vt 0.409180 0.797363
vt 0.401611 0.797363
vt 0.393311 0.721436
vt 0.401611 0.797363
vt 0.393066 0.797363
vt 0.558105 0.853760
vt 0.558594 0.702881
vt 0.562012 0.853760
vt 0.501465 0.442383
vt 0.614746 0.446777
vt 0.501953 0.445312
vt 0.617188 0.428223
vt 0.500000 0.441406
vt 0.504883 0.416992
vt 0.253906 0.393066
vt 0.253418 0.395508
vt 0.251465 0.393066
vt 0.253418 0.395508
vt 0.215820 0.394531
vt 0.251465 0.393066
vt 0.251465 0.393066
vt 0.253662 0.250977
vt 0.255859 0.268066
vt 0.823730 0.519531
vt 0.840332 0.518311
vt 0.824707 0.541016
vt 0.251465 0.393066
vt 0.215820 0.275391
vt 0.253662 0.250977
vt 0.253906 0.393066
vt 0.255859 0.268066
vt 0.257568 0.278809
vt 0.255615 0.391602
vt 0.289062 0.396484
vt 0.253906 0.393066
vt 0.259277 0.280762
vt 0.255615 0.391602
vt 0.257568 0.278809
vt 0.289062 0.396484
vt 0.253418 0.395508
vt 0.253906 0.393066
vt 0.288574 0.394531
vt 0.255615 0.391602
vt 0.257812 0.390137
vt 0.987305 0.726562
vt 0.964355 0.719482
vt 0.961914 0.716797
vt 0.328125 0.185547
vt 0.298340 0.185547
vt 0.298340 0.151855
vt 0.617188 0.428223
vt 0.604980 0.414062
vt 0.617188 0.414551
vt 0.605469 0.418945
vt 0.604980 0.414062
vt 0.617188 0.428223
vt 0.519531 0.392578
vt 0.521973 0.389160
vt 0.523438 0.394043
vt 0.419922 0.721436
vt 0.419434 0.797363
vt 0.409424 0.721436
vt 0.409424 0.721436
vt 0.409180 0.797363
vt 0.401855 0.721436
vt 0.401855 0.721436
vt 0.401611 0.797363
vt 0.393311 0.721436
vt 0.604980 0.475586
vt 0.577148 0.472656
vt 0.616211 0.473145
vt 0.493164 0.385254
vt 0.520020 0.388184
vt 0.491943 0.388184
vt 0.520020 0.388184
vt 0.492920 0.391602
vt 0.491943 0.388184
vt 0.492920 0.391602
vt 0.520020 0.388184
vt 0.519531 0.392578
vt 0.255859 0.268066
vt 0.253906 0.393066
vt 0.251465 0.393066
vt 0.253906 0.393066
vt 0.257568 0.278809
vt 0.255615 0.391602
vt 0.487549 0.389160
vt 0.491455 0.387695
vt 0.488770 0.393555
vt 0.255615 0.391602
vt 0.259277 0.280762
vt 0.257812 0.390137
vt 0.492920 0.391602
vt 0.488770 0.393555
vt 0.491455 0.387695
vt 0.264893 0.037109
vt 0.298340 0.151855
vt 0.264893 0.151855
vt 0.520020 0.396484
vt 0.493164 0.394531
vt 0.519531 0.392578
vt 0.617188 0.428223
vt 0.577637 0.417969
vt 0.605469 0.418945
vt 0.492920 0.391602
vt 0.519531 0.392578
vt 0.493164 0.394531
vt 0.493164 0.394531
vt 0.520020 0.396484
vt 0.492920 0.396973
vt 0.395264 0.824707
vt 0.407227 0.823364
vt 0.385254 0.835815
vt 0.385254 0.835815
vt 0.385498 0.806030
vt 0.389160 0.819946
vt 0.395264 0.824707
vt 0.385254 0.835815
vt 0.389160 0.819946
vt 0.491943 0.395020
vt 0.488770 0.393555
vt 0.492920 0.391602
vt 0.310547 0.918274
vt 0.319336 0.906311
vt 0.318359 0.910828
vt 0.318359 0.910828
vt 0.341064 0.917297
vt 0.310547 0.918274
vt 0.335449 0.935913
vt 0.329102 0.927307
vt 0.335205 0.928223
vt 0.329102 0.927307
vt 0.335449 0.935913
vt 0.328369 0.935608
vt 0.573242 0.951599
vt 0.569824 0.943451
vt 0.580566 0.944977
vt 0.215820 0.275391
vt 0.251465 0.393066
vt 0.215820 0.394531
vt 0.385254 0.835815
vt 0.407227 0.823364
vt 0.414551 0.835938
vt 0.242065 0.892639
vt 0.236084 0.891907
vt 0.241577 0.880798
vt 0.617188 0.446289
vt 0.617676 0.458984
vt 0.616211 0.473145
vt 0.617188 0.446289
vt 0.616211 0.473145
vt 0.614746 0.446777
vt 0.289062 0.396484
vt 0.255615 0.391602
vt 0.288574 0.394531
vt 0.961914 0.716797
vt 0.988281 0.723633
vt 0.987305 0.726562
vt 0.257812 0.390137
vt 0.286865 0.392578
vt 0.288574 0.394531
vt 0.616699 0.443359
vt 0.617676 0.458984
vt 0.617188 0.446289
vt 0.616699 0.443359
vt 0.617188 0.446289
vt 0.614746 0.443848
vt 0.614746 0.443848
vt 0.617188 0.446289
vt 0.614746 0.446777
vt 0.288574 0.394531
vt 0.291016 0.396973
vt 0.289062 0.396484
vt 0.393311 0.721436
vt 0.393066 0.797363
vt 0.387451 0.721436
vt 0.500000 0.441406
vt 0.617188 0.428223
vt 0.616699 0.443359
vt 0.501465 0.442383
vt 0.614746 0.443848
vt 0.614746 0.446777
vt 0.614746 0.443848
vt 0.500000 0.441406
vt 0.616699 0.443359
vt 0.422119 0.483887
vt 0.443115 0.484375
vt 0.421875 0.490723
vt 0.289307 0.408203
vt 0.267334 0.420410
vt 0.267090 0.412598
vt 0.961426 0.005859
vt 0.964355 0.002930
vt 0.966309 0.006836
vt 0.267090 0.405762
vt 0.289307 0.408203
vt 0.267090 0.410156
vt 0.289307 0.408203
vt 0.267090 0.412598
vt 0.267090 0.410156
vt 0.415771 0.476562
vt 0.420166 0.473633
vt 0.420654 0.480469
vt 0.420166 0.473633
vt 0.415771 0.476562
vt 0.418213 0.472656
vt 0.267334 0.420410
vt 0.289307 0.408203
vt 0.292480 0.418945
vt 0.423340 0.440918
vt 0.423340 0.397461
vt 0.427490 0.433105
vt 0.427490 0.433105
vt 0.427979 0.407227
vt 0.430664 0.426270
vt 0.267334 0.420410
vt 0.292480 0.418945
vt 0.285645 0.424805
vt 0.960938 0.007812
vt 0.959473 0.043457
vt 0.956543 0.007324
vt 0.286133 0.425781
vt 0.264893 0.425781
vt 0.285645 0.424805
vt 0.427490 0.433105
vt 0.423340 0.397461
vt 0.427979 0.407227
vt 0.421875 0.490723
vt 0.443115 0.484375
vt 0.444092 0.488770
vt 0.415039 0.013672
vt 0.416016 0.438477
vt 0.414307 0.440918
vt 0.416016 0.438477
vt 0.423340 0.397461
vt 0.423340 0.440918
vt 0.341064 0.486328
vt 0.311523 0.486328
vt 0.341064 0.484375
vt 0.311523 0.484375
vt 0.335205 0.483398
vt 0.311523 0.486328
vt 0.427490 0.433105
vt 0.428223 0.434570
vt 0.423340 0.440918
vt 0.311523 0.484375
vt 0.317383 0.483398
vt 0.335205 0.483398
vt 0.428223 0.434570
vt 0.442871 0.438965
vt 0.423340 0.440918
vt 0.317627 0.471680
vt 0.335205 0.483398
vt 0.317383 0.483398
vt 0.341064 0.484375
vt 0.311523 0.486328
vt 0.335205 0.483398
vt 0.427490 0.433105
vt 0.431396 0.428711
vt 0.428223 0.434570
vt 0.427490 0.433105
vt 0.430664 0.426270
vt 0.431396 0.428711
vt 0.395996 0.434082
vt 0.392334 0.428711
vt 0.396973 0.432129
vt 0.408447 0.438965
vt 0.409424 0.011230
vt 0.410156 0.440918
vt 0.396973 0.432129
vt 0.402588 0.437500
vt 0.395996 0.434082
vt 0.381592 0.438965
vt 0.395996 0.434082
vt 0.402588 0.437500
vt 0.285645 0.424805
vt 0.264893 0.425781
vt 0.267334 0.420410
vt 0.317627 0.471680
vt 0.334717 0.471680
vt 0.335205 0.483398
vt 0.420410 0.464355
vt 0.420166 0.473633
vt 0.419678 0.465332
vt 0.961426 0.005859
vt 0.966309 0.006836
vt 0.963379 0.008301
vt 0.960938 0.007812
vt 0.961914 0.043457
vt 0.959473 0.043457
vt 0.961914 0.043457
vt 0.960938 0.007812
vt 0.963379 0.008301
vt 0.963867 0.042480
vt 0.963379 0.008301
vt 0.966309 0.007812
vt 0.961914 0.043457
vt 0.963379 0.008301
vt 0.963867 0.042480
vt 0.449463 0.222168
vt 0.456299 0.224121
vt 0.448486 0.227051
vt 0.071411 0.277832
vt 0.046997 0.285645
vt 0.047546 0.279297
vt 0.046631 0.261230
vt 0.071411 0.277832
vt 0.047546 0.279297
vt 0.461182 0.255859
vt 0.468750 0.251465
vt 0.469238 0.255859
vt 0.424561 0.271973
vt 0.424072 0.313965
vt 0.422363 0.066895
vt 0.424561 0.271973
vt 0.429199 0.282227
vt 0.424072 0.313965
vt 0.456787 0.229004
vt 0.447754 0.252441
vt 0.449219 0.229492
vt 0.081787 0.298340
vt 0.046997 0.285645
vt 0.074219 0.282227
vt 0.074219 0.282227
vt 0.046997 0.285645
vt 0.071411 0.277832
vt 0.071411 0.277832
vt 0.087158 0.274414
vt 0.074219 0.282227
vt 0.074219 0.282227
vt 0.087158 0.274414
vt 0.081787 0.298340
vt 0.456787 0.229004
vt 0.449219 0.229492
vt 0.448486 0.227051
vt 0.429199 0.282227
vt 0.424561 0.271973
vt 0.430908 0.279785
vt 0.424561 0.271973
vt 0.435303 0.279785
vt 0.430908 0.279785
vt 0.210205 0.291992
vt 0.178955 0.311523
vt 0.192871 0.292969
vt 0.210205 0.291992
vt 0.192871 0.292969
vt 0.202271 0.284668
vt 0.183594 0.288086
vt 0.202271 0.284668
vt 0.192871 0.292969
vt 0.456787 0.229004
vt 0.448486 0.227051
vt 0.456299 0.224121
vt 0.394531 0.280762
vt 0.400146 0.271484
vt 0.395020 0.301270
vt 0.391113 0.278320
vt 0.400146 0.271484
vt 0.394531 0.280762
vt 0.435303 0.279785
vt 0.424561 0.271973
vt 0.433105 0.264648
vt 0.429688 0.262207
vt 0.433105 0.264648
vt 0.424561 0.271973
vt 0.400146 0.271484
vt 0.391113 0.278320
vt 0.391113 0.263672
vt 0.394043 0.261230
vt 0.400146 0.271484
vt 0.391113 0.263672
vt 0.424561 0.271973
vt 0.428955 0.240723
vt 0.429688 0.262207
vt 0.123901 0.292969
vt 0.123962 0.234863
vt 0.140381 0.268555
vt 0.123901 0.292969
vt 0.140381 0.268555
vt 0.140015 0.302734
vt 0.123901 0.292969
vt 0.140015 0.302734
vt 0.134644 0.311523
vt 0.140015 0.302734
vt 0.163452 0.313477
vt 0.134644 0.311523
vt 0.140381 0.268555
vt 0.173706 0.271973
vt 0.165649 0.284668
vt 0.165649 0.284668
vt 0.140015 0.302734
vt 0.140381 0.268555
vt 0.087158 0.274414
vt 0.071411 0.277832
vt 0.070801 0.243164
vt 0.462158 0.221191
vt 0.469238 0.223633
vt 0.461182 0.226074
vt 0.087219 0.223145
vt 0.087158 0.274414
vt 0.070801 0.243164
vt 0.183594 0.288086
vt 0.186523 0.296875
vt 0.172241 0.303711
vt 0.424561 0.230469
vt 0.424561 0.271973
vt 0.422363 0.066895
vt 0.424561 0.230469
vt 0.428955 0.240723
vt 0.424561 0.271973
vt 0.460449 0.251465
vt 0.469482 0.228027
vt 0.468750 0.251465
vt 0.469482 0.228027
vt 0.460449 0.251465
vt 0.461670 0.228516
vt 0.394043 0.261230
vt 0.394531 0.238770
vt 0.395020 0.259277
vt 0.400146 0.271484
vt 0.399658 0.229492
vt 0.401855 0.065430
vt 0.395020 0.259277
vt 0.399658 0.229492
vt 0.400146 0.271484
vt 0.123962 0.234863
vt 0.087158 0.274414
vt 0.087219 0.223145
vt 0.183594 0.288086
vt 0.192871 0.292969
vt 0.186523 0.296875
vt 0.140381 0.268555
vt 0.123962 0.234863
vt 0.140259 0.238770
vt 0.173706 0.271973
vt 0.140381 0.268555
vt 0.140259 0.238770
vt 0.192871 0.292969
vt 0.178955 0.311523
vt 0.186523 0.296875
vt 0.186523 0.296875
vt 0.178955 0.311523
vt 0.172241 0.303711
vt 0.140015 0.302734
vt 0.165649 0.284668
vt 0.164062 0.305664
vt 0.162231 0.324707
vt 0.134644 0.311523
vt 0.163452 0.313477
vt 0.163452 0.313477
vt 0.140015 0.302734
vt 0.164062 0.305664
vt 0.172241 0.303711
vt 0.178955 0.311523
vt 0.173096 0.319336
vt 0.210205 0.291992
vt 0.178589 0.344238
vt 0.178955 0.311523
vt 0.178955 0.311523
vt 0.174438 0.333984
vt 0.173096 0.319336
vt 0.174438 0.333984
vt 0.178955 0.311523
vt 0.178589 0.344238
vt 0.087158 0.274414
vt 0.123962 0.234863
vt 0.123901 0.292969
vt 0.395020 0.259277
vt 0.400146 0.271484
vt 0.394043 0.261230
vt 0.399658 0.229492
vt 0.391113 0.236328
vt 0.391113 0.222168
vt 0.435303 0.238281
vt 0.424561 0.230469
vt 0.433350 0.222656
vt 0.204956 0.253906
vt 0.199585 0.270508
vt 0.189941 0.270508
vt 0.468750 0.251465
vt 0.461182 0.255859
vt 0.460449 0.251465
vt 0.391113 0.236328
vt 0.399658 0.229492
vt 0.394531 0.238770
vt 0.394531 0.238770
vt 0.399658 0.229492
vt 0.395020 0.259277
vt 0.469482 0.228027
vt 0.461182 0.226074
vt 0.469238 0.223633
vt 0.424561 0.230469
vt 0.435303 0.238281
vt 0.430908 0.238281
vt 0.428955 0.240723
vt 0.424561 0.230469
vt 0.430908 0.238281
vt 0.469482 0.228027
vt 0.461670 0.228516
vt 0.461182 0.226074
vt 0.518555 0.557861
vt 0.577637 0.557129
vt 0.550781 0.561523
vt 0.381836 0.055176
vt 0.385986 0.066895
vt 0.381836 0.104004
vt 0.582031 0.529297
vt 0.416260 0.551758
vt 0.460938 0.528320
vt 0.399414 0.145020
vt 0.390869 0.151855
vt 0.390869 0.137695
vt 0.424805 0.146484
vt 0.429443 0.114258
vt 0.429688 0.136230
vt 0.429688 0.136230
vt 0.433594 0.138672
vt 0.424805 0.146484
vt 0.468750 0.183594
vt 0.461182 0.188477
vt 0.460449 0.184082
vt 0.395020 0.132324
vt 0.399414 0.145020
vt 0.393799 0.134766
vt 0.393799 0.134766
vt 0.399414 0.145020
vt 0.390869 0.137695
vt 0.581543 0.551025
vt 0.577637 0.557129
vt 0.518555 0.557861
vt 0.535156 0.494629
vt 0.541504 0.514648
vt 0.535645 0.514648
vt 0.541504 0.514648
vt 0.535156 0.494629
vt 0.542969 0.494141
vt 0.381592 0.145020
vt 0.381836 0.187500
vt 0.381836 0.055176
vt 0.541016 0.522217
vt 0.542480 0.518311
vt 0.551270 0.518311
vt 0.535645 0.514648
vt 0.542480 0.518311
vt 0.534668 0.518066
vt 0.087219 0.223145
vt 0.124268 0.011719
vt 0.123962 0.234863
vt 0.443359 0.056152
vt 0.441895 0.145508
vt 0.442627 0.102539
vt 0.425293 0.103516
vt 0.429443 0.114258
vt 0.424805 0.146484
vt 0.460449 0.184082
vt 0.469727 0.160645
vt 0.468750 0.183594
vt 0.469727 0.160645
vt 0.460449 0.184082
vt 0.462158 0.161133
vt 0.393799 0.134766
vt 0.394287 0.112305
vt 0.395020 0.132324
vt 0.399414 0.145020
vt 0.398926 0.103027
vt 0.401855 0.065430
vt 0.395020 0.132324
vt 0.398926 0.103027
vt 0.399414 0.145020
vt 0.390869 0.151855
vt 0.399414 0.145020
vt 0.394287 0.154297
vt 0.394287 0.154297
vt 0.399414 0.145020
vt 0.394775 0.175293
vt 0.429443 0.114258
vt 0.425293 0.103516
vt 0.431152 0.111328
vt 0.469727 0.160645
vt 0.462158 0.161133
vt 0.461182 0.158691
vt 0.469727 0.160645
vt 0.461182 0.158691
vt 0.469238 0.155762
vt 0.386475 0.134766
vt 0.381836 0.104004
vt 0.386230 0.103516
vt 0.381836 0.104004
vt 0.381592 0.145020
vt 0.381836 0.055176
vt 0.394287 0.112305
vt 0.398926 0.103027
vt 0.395020 0.132324
vt 0.582031 0.529297
vt 0.541016 0.522217
vt 0.578125 0.523193
vt 0.578125 0.523193
vt 0.541016 0.522217
vt 0.551270 0.518311
vt 0.390869 0.110352
vt 0.398926 0.103027
vt 0.394287 0.112305
vt 0.398926 0.103027
vt 0.390869 0.110352
vt 0.391113 0.096191
vt 0.431396 0.068359
vt 0.430664 0.093750
vt 0.425293 0.103516
vt 0.430664 0.093750
vt 0.434326 0.096191
vt 0.425293 0.103516
vt 0.448486 0.121582
vt 0.456543 0.117188
vt 0.456299 0.121582
vt 0.394043 0.093262
vt 0.395264 0.092285
vt 0.398926 0.103027
vt 0.394043 0.093262
vt 0.398926 0.103027
vt 0.391113 0.096191
vt 0.456543 0.117188
vt 0.448486 0.121582
vt 0.447998 0.117188
vt 0.460938 0.528320
vt 0.516113 0.522217
vt 0.582031 0.529297
vt 0.524902 0.562500
vt 0.518555 0.557861
vt 0.535645 0.562744
vt 0.535645 0.562744
vt 0.518555 0.557861
vt 0.541992 0.561768
vt 0.518555 0.557861
vt 0.550781 0.561523
vt 0.541992 0.561768
vt 0.581543 0.551025
vt 0.416260 0.551758
vt 0.582031 0.529297
vt 0.390869 0.151855
vt 0.386230 0.144531
vt 0.390869 0.137695
vt 0.433594 0.138672
vt 0.436768 0.137207
vt 0.441895 0.145508
vt 0.437744 0.135742
vt 0.441895 0.145508
vt 0.436768 0.137207
vt 0.138916 0.011230
vt 0.123962 0.234863
vt 0.124268 0.011719
vt 0.461182 0.188477
vt 0.468750 0.183594
vt 0.469238 0.188477
vt 0.469238 0.188477
vt 0.460938 0.192383
vt 0.461182 0.188477
vt 0.460938 0.192383
vt 0.469238 0.188477
vt 0.469482 0.192383
vt 0.390869 0.137695
vt 0.386230 0.144531
vt 0.387451 0.135742
vt 0.386230 0.144531
vt 0.386475 0.134766
vt 0.387451 0.135742
vt 0.533203 0.516113
vt 0.525879 0.494141
vt 0.535156 0.494629
vt 0.525879 0.494141
vt 0.533203 0.516113
vt 0.525879 0.517334
vt 0.533203 0.516113
vt 0.535156 0.494629
vt 0.535645 0.514648
vt 0.381592 0.145020
vt 0.386475 0.134766
vt 0.386230 0.144531
vt 0.525879 0.517334
vt 0.541016 0.522217
vt 0.516113 0.522217
vt 0.394775 0.175293
vt 0.399414 0.145020
vt 0.399658 0.187500
vt 0.399658 0.187500
vt 0.399414 0.145020
vt 0.401855 0.065430
vt 0.582031 0.529297
vt 0.516113 0.522217
vt 0.541016 0.522217
vt 0.541016 0.522217
vt 0.525879 0.517334
vt 0.534668 0.518066
vt 0.442627 0.102539
vt 0.441895 0.145508
vt 0.437744 0.135742
vt 0.437500 0.113770
vt 0.437744 0.135742
vt 0.436768 0.137207
vt 0.124268 0.011719
vt 0.087219 0.223145
vt 0.087708 0.011719
vt 0.469482 0.127930
vt 0.461182 0.151367
vt 0.460938 0.127441
vt 0.386475 0.134766
vt 0.387451 0.113281
vt 0.387451 0.135742
vt 0.461182 0.151367
vt 0.469482 0.127930
vt 0.469727 0.151367
vt 0.071045 0.219727
vt 0.087708 0.011719
vt 0.087219 0.223145
vt 0.518555 0.557861
vt 0.416260 0.551758
vt 0.581543 0.551025
vt 0.416260 0.551758
vt 0.518555 0.557861
vt 0.469727 0.557861
vt 0.387451 0.113281
vt 0.386475 0.134766
vt 0.386230 0.103516
vt 0.542969 0.494141
vt 0.543945 0.516113
vt 0.541504 0.514648
vt 0.549805 0.516113
vt 0.542969 0.494141
vt 0.549805 0.494629
vt 0.542969 0.494141
vt 0.549805 0.516113
vt 0.543945 0.516113
vt 0.381592 0.145020
vt 0.381836 0.104004
vt 0.386475 0.134766
vt 0.535645 0.514648
vt 0.541504 0.514648
vt 0.542480 0.518311
vt 0.534668 0.518066
vt 0.542480 0.518311
vt 0.541016 0.522217
vt 0.399658 0.187500
vt 0.390869 0.194336
vt 0.390869 0.179688
vt 0.435547 0.196289
vt 0.424805 0.188477
vt 0.433350 0.181152
vt 0.390869 0.194336
vt 0.399658 0.187500
vt 0.394531 0.196777
vt 0.456787 0.161621
vt 0.448486 0.159668
vt 0.456299 0.156738
vt 0.424805 0.188477
vt 0.435547 0.196289
vt 0.431152 0.196289
vt 0.437256 0.514648
vt 0.444336 0.495605
vt 0.443359 0.514648
vt 0.437256 0.514648
vt 0.436279 0.494629
vt 0.444336 0.495605
vt 0.420898 0.514648
vt 0.426758 0.496582
vt 0.427979 0.517090
vt 0.467041 0.522217
vt 0.442383 0.522217
vt 0.447754 0.519043
vt 0.436523 0.518066
vt 0.447754 0.519043
vt 0.442383 0.522217
vt 0.460938 0.528320
vt 0.417725 0.522217
vt 0.442383 0.522217
vt 0.437256 0.514648
vt 0.443359 0.514648
vt 0.447754 0.519043
vt 0.381836 0.229492
vt 0.381836 0.187500
vt 0.387451 0.207520
vt 0.448486 0.515869
vt 0.452637 0.494141
vt 0.453857 0.514648
vt 0.448486 0.515869
vt 0.444336 0.495605
vt 0.452637 0.494141
vt 0.443359 0.514648
vt 0.444336 0.495605
vt 0.448486 0.515869
vt 0.448486 0.151367
vt 0.456787 0.128906
vt 0.456787 0.151855
vt 0.440430 0.229980
vt 0.436523 0.198730
vt 0.437744 0.198242
vt 0.387451 0.207520
vt 0.387451 0.197266
vt 0.387695 0.219727
vt 0.456787 0.128906
vt 0.448486 0.151367
vt 0.448242 0.128418
vt 0.436523 0.198730
vt 0.440430 0.229980
vt 0.436523 0.221191
vt 0.453857 0.514648
vt 0.452637 0.494141
vt 0.459961 0.494141
vt 0.437256 0.514648
vt 0.447754 0.519043
vt 0.436523 0.518066
vt 0.442383 0.522217
vt 0.427979 0.517090
vt 0.436523 0.518066
vt 0.427979 0.517090
vt 0.442383 0.522217
vt 0.417725 0.522217
vt 0.381836 0.229492
vt 0.387451 0.207520
vt 0.386230 0.229004
vt 0.436279 0.494629
vt 0.437256 0.514648
vt 0.434814 0.516113
vt 0.427979 0.517090
vt 0.436279 0.494629
vt 0.434814 0.516113
vt 0.429443 0.495117
vt 0.427979 0.517090
vt 0.426758 0.496582
vt 0.427979 0.517090
vt 0.429443 0.495117
vt 0.436279 0.494629
vt 0.386230 0.229004
vt 0.387451 0.207520
vt 0.387695 0.219727
vt 0.448242 0.193359
vt 0.456299 0.188965
vt 0.456787 0.193359
vt 0.456299 0.188965
vt 0.448242 0.193359
vt 0.448486 0.188965
vt 0.391113 0.222168
vt 0.386230 0.229004
vt 0.387695 0.219727
vt 0.391113 0.236328
vt 0.386230 0.229004
vt 0.391113 0.222168
vt 0.433350 0.222656
vt 0.436523 0.221191
vt 0.440430 0.229980
vt 0.440430 0.229980
vt 0.435303 0.238281
vt 0.433350 0.222656
vt 0.469727 0.557861
vt 0.453369 0.562500
vt 0.444580 0.562744
vt 0.437012 0.562500
vt 0.469727 0.557861
vt 0.444580 0.562744
vt 0.417725 0.557861
vt 0.416260 0.551758
vt 0.469727 0.557861
vt 0.427979 0.562012
vt 0.469727 0.557861
vt 0.437012 0.562500
vt 0.420654 0.562256
vt 0.427979 0.562012
vt 0.427979 0.566406
vt 0.469727 0.557861
vt 0.427979 0.562012
vt 0.417725 0.557861
vt 0.420898 0.514648
vt 0.419678 0.494141
vt 0.426758 0.496582
vt 0.453857 0.514648
vt 0.459961 0.494141
vt 0.459961 0.514648
vt 0.420654 0.562256
vt 0.417725 0.557861
vt 0.427979 0.562012
vt 0.420898 0.514648
vt 0.427979 0.517090
vt 0.420166 0.518066
vt 0.420166 0.518066
vt 0.427979 0.517090
vt 0.417725 0.522217
vt 0.417725 0.522217
vt 0.411377 0.518066
vt 0.420166 0.518066
vt 0.460938 0.528320
vt 0.389893 0.528320
vt 0.417725 0.522217
vt 0.469727 0.218750
vt 0.462158 0.221191
vt 0.460449 0.218750
vt 0.453369 0.562500
vt 0.469727 0.557861
vt 0.459717 0.562988
vt 0.469727 0.557861
vt 0.470215 0.562500
vt 0.459717 0.562988
vt 0.470215 0.562500
vt 0.469727 0.557861
vt 0.476318 0.562988
vt 0.418457 0.516113
vt 0.419678 0.494141
vt 0.420898 0.514648
vt 0.413086 0.516113
vt 0.419678 0.494141
vt 0.418457 0.516113
vt 0.443359 0.056152
vt 0.440430 0.229980
vt 0.440918 0.187012
vt 0.440918 0.187012
vt 0.440430 0.229980
vt 0.437744 0.198242
vt 0.435547 0.196289
vt 0.437744 0.198242
vt 0.436523 0.198730
vt 0.456787 0.151855
vt 0.449463 0.154785
vt 0.448486 0.151367
vt 0.437744 0.198242
vt 0.435547 0.196289
vt 0.440918 0.187012
vt 0.449463 0.154785
vt 0.456299 0.156738
vt 0.448486 0.159668
vt 0.456299 0.156738
vt 0.449463 0.154785
vt 0.456787 0.151855
vt 0.386475 0.187500
vt 0.390869 0.194336
vt 0.387451 0.197266
vt 0.387451 0.197266
vt 0.387451 0.207520
vt 0.386475 0.187500
vt 0.459961 0.514648
vt 0.459961 0.494141
vt 0.462402 0.516113
vt 0.462402 0.516113
vt 0.459961 0.494141
vt 0.468994 0.494629
vt 0.462402 0.516113
vt 0.468994 0.494629
vt 0.467773 0.516113
vt 0.381836 0.187500
vt 0.381836 0.229492
vt 0.381836 0.055176
vt 0.386475 0.187500
vt 0.387451 0.207520
vt 0.381836 0.187500
vt 0.453857 0.514648
vt 0.459961 0.514648
vt 0.460693 0.518066
vt 0.460938 0.528320
vt 0.442383 0.522217
vt 0.467041 0.522217
vt 0.453857 0.514648
vt 0.460693 0.518066
vt 0.447754 0.519043
vt 0.467041 0.522217
vt 0.447754 0.519043
vt 0.460693 0.518066
vt 0.467041 0.522217
vt 0.460693 0.518066
vt 0.469482 0.518066
vt 0.460938 0.528320
vt 0.416260 0.551758
vt 0.389893 0.528320
vt 0.440918 0.187012
vt 0.435547 0.196289
vt 0.433350 0.181152
vt 0.390869 0.194336
vt 0.386475 0.187500
vt 0.390869 0.179688
vt 0.386230 0.229004
vt 0.391113 0.236328
vt 0.387451 0.239258
vt 0.469238 0.223633
vt 0.462158 0.221191
vt 0.469727 0.218750
vt 0.437500 0.239746
vt 0.435303 0.238281
vt 0.440430 0.229980
vt 0.424805 0.188477
vt 0.429199 0.156738
vt 0.429932 0.178711
vt 0.484131 0.516113
vt 0.485352 0.494629
vt 0.486572 0.514648
vt 0.429932 0.178711
vt 0.433350 0.181152
vt 0.424805 0.188477
vt 0.381836 0.187500
vt 0.386475 0.176758
vt 0.386475 0.187500
vt 0.477051 0.517090
vt 0.485352 0.494629
vt 0.484131 0.516113
vt 0.468750 0.116699
vt 0.461182 0.120605
vt 0.460449 0.116699
vt 0.460938 0.528320
vt 0.467041 0.522217
vt 0.491699 0.522217
vt 0.477051 0.517090
vt 0.491699 0.522217
vt 0.467041 0.522217
vt 0.394775 0.175293
vt 0.399658 0.187500
vt 0.394043 0.177246
vt 0.394043 0.177246
vt 0.399658 0.187500
vt 0.390869 0.179688
vt 0.470215 0.514648
vt 0.477051 0.517090
vt 0.469482 0.518066
vt 0.491699 0.522217
vt 0.477051 0.517090
vt 0.485840 0.518311
vt 0.470215 0.514648
vt 0.468994 0.494629
vt 0.476318 0.494141
vt 0.470215 0.514648
vt 0.476318 0.494141
vt 0.477051 0.517090
vt 0.486328 0.562500
vt 0.469727 0.557861
vt 0.492432 0.563721
vt 0.469727 0.557861
vt 0.518555 0.557861
vt 0.501953 0.561768
vt 0.469727 0.557861
vt 0.501953 0.561768
vt 0.492432 0.563721
vt 0.424805 0.146484
vt 0.429199 0.156738
vt 0.424805 0.188477
vt 0.510254 0.561768
vt 0.501953 0.566162
vt 0.501953 0.561768
vt 0.460449 0.116699
vt 0.469482 0.093262
vt 0.468750 0.116699
vt 0.469482 0.093262
vt 0.460449 0.116699
vt 0.461914 0.093750
vt 0.394043 0.177246
vt 0.394287 0.154297
vt 0.394775 0.175293
vt 0.519531 0.514648
vt 0.525879 0.517334
vt 0.518555 0.518066
vt 0.518555 0.518066
vt 0.525879 0.517334
vt 0.516113 0.522217
vt 0.477051 0.517090
vt 0.476318 0.494141
vt 0.485352 0.494629
vt 0.429199 0.156738
vt 0.424805 0.146484
vt 0.431152 0.154297
vt 0.424805 0.146484
vt 0.435791 0.154297
vt 0.431152 0.154297
vt 0.469482 0.093262
vt 0.461914 0.093750
vt 0.461182 0.091309
vt 0.469482 0.093262
vt 0.461182 0.091309
vt 0.469238 0.088379
vt 0.386475 0.187500
vt 0.386475 0.176758
vt 0.387695 0.177734
vt 0.390869 0.179688
vt 0.386475 0.187500
vt 0.387695 0.177734
vt 0.460938 0.125000
vt 0.469238 0.120605
vt 0.469482 0.125000
vt 0.469238 0.120605
vt 0.460938 0.125000
vt 0.461182 0.120605
vt 0.461182 0.120605
vt 0.468750 0.116699
vt 0.469238 0.120605
vt 0.441895 0.145508
vt 0.435791 0.154297
vt 0.433594 0.138672
vt 0.433350 0.181152
vt 0.436768 0.179199
vt 0.440918 0.187012
vt 0.469482 0.518066
vt 0.477051 0.517090
vt 0.467041 0.522217
vt 0.467773 0.516113
vt 0.468994 0.494629
vt 0.470215 0.514648
vt 0.519531 0.562012
vt 0.518555 0.557861
vt 0.524902 0.562500
vt 0.476318 0.562988
vt 0.469727 0.557861
vt 0.486328 0.562500
vt 0.502930 0.514648
vt 0.508789 0.496582
vt 0.508789 0.514648
vt 0.502930 0.514648
vt 0.502930 0.496582
vt 0.508789 0.496582
vt 0.486572 0.514648
vt 0.492676 0.494141
vt 0.492676 0.514648
vt 0.486572 0.514648
vt 0.485352 0.494629
vt 0.492676 0.494141
vt 0.516113 0.522217
vt 0.509766 0.518066
vt 0.518555 0.518066
vt 0.516113 0.522217
vt 0.501953 0.518066
vt 0.509766 0.518066
vt 0.502930 0.514648
vt 0.509766 0.518066
vt 0.501953 0.518066
vt 0.502930 0.514648
vt 0.508789 0.514648
vt 0.509766 0.518066
vt 0.519531 0.514648
vt 0.518066 0.494141
vt 0.525879 0.494141
vt 0.386475 0.176758
vt 0.381592 0.145020
vt 0.386230 0.144531
vt 0.517090 0.516113
vt 0.518066 0.494141
vt 0.519531 0.514648
vt 0.511230 0.516113
vt 0.518066 0.494141
vt 0.517090 0.516113
vt 0.511230 0.516113
vt 0.511230 0.495117
vt 0.518066 0.494141
vt 0.508789 0.514648
vt 0.511230 0.495117
vt 0.511230 0.516113
vt 0.511230 0.495117
vt 0.508789 0.514648
vt 0.508789 0.496582
vt 0.386230 0.144531
vt 0.390869 0.151855
vt 0.387207 0.154785
vt 0.469238 0.088379
vt 0.462158 0.086426
vt 0.469727 0.083984
vt 0.462158 0.086426
vt 0.469238 0.088379
vt 0.461182 0.091309
vt 0.437988 0.156738
vt 0.435791 0.154297
vt 0.441895 0.145508
vt 0.469727 0.083984
vt 0.462158 0.086426
vt 0.461182 0.083496
vt 0.435791 0.154297
vt 0.437988 0.156738
vt 0.436768 0.156738
vt 0.441895 0.145508
vt 0.440918 0.187012
vt 0.437988 0.156738
vt 0.443359 0.056152
vt 0.440918 0.187012
vt 0.441895 0.145508
vt 0.491699 0.522217
vt 0.493408 0.518066
vt 0.501953 0.518066
vt 0.516113 0.522217
vt 0.491699 0.522217
vt 0.501953 0.518066
vt 0.486572 0.514648
vt 0.493408 0.518066
vt 0.485840 0.518311
vt 0.485840 0.518311
vt 0.493408 0.518066
vt 0.491699 0.522217
vt 0.516113 0.522217
vt 0.460938 0.528320
vt 0.491699 0.522217
vt 0.486572 0.514648
vt 0.492676 0.514648
vt 0.493408 0.518066
vt 0.381836 0.187500
vt 0.381592 0.145020
vt 0.386475 0.176758
vt 0.519531 0.514648
vt 0.525879 0.494141
vt 0.525879 0.517334
vt 0.500488 0.516113
vt 0.502930 0.496582
vt 0.502930 0.514648
vt 0.495117 0.516113
vt 0.500488 0.495117
vt 0.500488 0.516113
vt 0.500488 0.516113
vt 0.500488 0.495117
vt 0.502930 0.496582
vt 0.495117 0.516113
vt 0.492676 0.494141
vt 0.500488 0.495117
vt 0.492676 0.514648
vt 0.492676 0.494141
vt 0.495117 0.516113
vt 0.387207 0.154785
vt 0.386475 0.176758
vt 0.386230 0.144531
vt 0.461182 0.083496
vt 0.469482 0.060547
vt 0.469727 0.083984
vt 0.440918 0.187012
vt 0.436768 0.156738
vt 0.437988 0.156738
vt 0.386475 0.176758
vt 0.387207 0.154785
vt 0.387695 0.177734
vt 0.469482 0.060547
vt 0.461182 0.083496
vt 0.460938 0.060059
vt 0.435791 0.154297
vt 0.424805 0.146484
vt 0.433594 0.138672
vt 0.436768 0.156738
vt 0.440918 0.187012
vt 0.436768 0.179199
vt 0.518555 0.557861
vt 0.519531 0.562012
vt 0.510254 0.561768
vt 0.501953 0.561768
vt 0.518555 0.557861
vt 0.510254 0.561768
vt 0.501953 0.566162
vt 0.510254 0.561768
vt 0.510254 0.566162
vt 0.436035 0.018066
vt 0.443359 0.056152
vt 0.423584 0.024414
vt 0.940918 0.378906
vt 0.944336 0.394531
vt 0.940918 0.403320
vt 0.447510 0.093750
vt 0.458496 0.090820
vt 0.456299 0.094727
vt 0.458496 0.090820
vt 0.447510 0.093750
vt 0.445801 0.091797
vt 0.397217 0.064453
vt 0.394287 0.068848
vt 0.394531 0.064453
vt 0.980469 0.305664
vt 0.974609 0.298828
vt 0.980957 0.299316
vt 0.423584 0.024414
vt 0.416260 0.003418
vt 0.422119 0.004883
vt 0.422119 0.004883
vt 0.424561 0.010742
vt 0.423584 0.024414
vt 0.423584 0.024414
vt 0.424561 0.010742
vt 0.436035 0.018066
vt 0.422363 0.066895
vt 0.431641 0.066406
vt 0.431396 0.068359
vt 0.450928 0.011230
vt 0.468506 0.011230
vt 0.450684 0.024902
vt 0.468750 0.024902
vt 0.450684 0.024902
vt 0.468506 0.011230
vt 0.407959 0.004395
vt 0.409424 0.011230
vt 0.407959 0.060059
vt 0.407959 0.004395
vt 0.400879 0.023926
vt 0.402344 0.004395
vt 0.440918 0.067383
vt 0.438232 0.065918
vt 0.443359 0.056152
vt 0.397217 0.064453
vt 0.395264 0.092285
vt 0.394287 0.068848
vt 0.395264 0.092285
vt 0.397217 0.064453
vt 0.398926 0.103027
vt 0.456299 0.094727
vt 0.447998 0.117188
vt 0.447510 0.093750
vt 0.394287 0.068848
vt 0.395264 0.092285
vt 0.394043 0.093262
vt 0.447998 0.117188
vt 0.456299 0.094727
vt 0.456543 0.117188
vt 0.424805 0.146484
vt 0.424805 0.188477
vt 0.422363 0.066895
vt 0.431396 0.068359
vt 0.425293 0.103516
vt 0.422363 0.066895
vt 0.468506 0.011230
vt 0.450928 0.004883
vt 0.468506 0.004883
vt 0.447021 0.087891
vt 0.458496 0.090820
vt 0.445801 0.091797
vt 0.450928 0.004883
vt 0.474609 0.003906
vt 0.468506 0.004883
vt 0.458496 0.090820
vt 0.447021 0.087891
vt 0.458008 0.087402
vt 0.425781 0.055176
vt 0.423584 0.024414
vt 0.443359 0.056152
vt 0.443359 0.056152
vt 0.438232 0.065918
vt 0.431641 0.066406
vt 0.443359 0.056152
vt 0.431641 0.066406
vt 0.425781 0.055176
vt 0.422363 0.066895
vt 0.425781 0.055176
vt 0.431641 0.066406
vt 0.474609 0.003906
vt 0.450928 0.004883
vt 0.445068 0.003906
vt 0.425781 0.055176
vt 0.422363 0.066895
vt 0.416504 0.060547
vt 0.985352 0.047363
vt 0.980469 0.039062
vt 0.987793 0.038086
vt 0.425293 0.103516
vt 0.424805 0.146484
vt 0.422363 0.066895
vt 0.468506 0.011230
vt 0.450928 0.011230
vt 0.450928 0.004883
vt 0.416504 0.060547
vt 0.416260 0.003418
vt 0.425781 0.055176
vt 0.425781 0.055176
vt 0.416260 0.003418
vt 0.423584 0.024414
vt 0.445068 0.003906
vt 0.474609 0.002441
vt 0.474609 0.003906
vt 0.474609 0.002441
vt 0.445068 0.003906
vt 0.444824 0.002441
vt 0.402344 0.004395
vt 0.400879 0.023926
vt 0.399658 0.010254
vt 0.944336 0.394531
vt 0.940918 0.378906
vt 0.944336 0.378906
vt 0.416504 0.060547
vt 0.415039 0.013672
vt 0.416260 0.003418
vt 0.400879 0.023926
vt 0.388184 0.017090
vt 0.399658 0.010254
vt 0.400879 0.023926
vt 0.407959 0.004395
vt 0.407959 0.060059
vt 0.969238 0.274902
vt 0.972656 0.249512
vt 0.972168 0.273438
vt 0.588379 0.514404
vt 0.596191 0.514404
vt 0.597168 0.518555
vt 0.596191 0.514404
vt 0.599121 0.505127
vt 0.599121 0.514160
vt 0.588379 0.514404
vt 0.597168 0.518555
vt 0.587402 0.518311
vt 0.597168 0.518555
vt 0.583984 0.527100
vt 0.587402 0.518311
vt 0.989258 0.235352
vt 0.988770 0.287598
vt 0.972168 0.273438
vt 0.966309 0.316406
vt 0.949707 0.330566
vt 0.966309 0.293945
vt 0.385986 0.066895
vt 0.387695 0.092285
vt 0.381836 0.104004
vt 0.558105 0.561523
vt 0.550781 0.565430
vt 0.550781 0.561523
vt 0.596191 0.514404
vt 0.596191 0.496582
vt 0.599121 0.505127
vt 0.599121 0.505127
vt 0.596191 0.496582
vt 0.601074 0.497070
vt 0.550781 0.561523
vt 0.577637 0.557129
vt 0.558105 0.561523
vt 0.552246 0.514648
vt 0.549805 0.494629
vt 0.552246 0.496094
vt 0.549805 0.516113
vt 0.549805 0.494629
vt 0.552246 0.514648
vt 0.997070 0.290527
vt 0.980469 0.305664
vt 0.980957 0.299316
vt 0.997070 0.342285
vt 0.980469 0.305664
vt 0.997070 0.290527
vt 0.569336 0.493164
vt 0.575684 0.515869
vt 0.568848 0.515137
vt 0.575684 0.515869
vt 0.569336 0.493164
vt 0.577148 0.492676
vt 0.552246 0.496094
vt 0.558105 0.514893
vt 0.552246 0.514648
vt 0.558105 0.514893
vt 0.552246 0.496094
vt 0.559082 0.493652
vt 0.575195 0.519531
vt 0.581543 0.519043
vt 0.578125 0.523193
vt 0.577637 0.557129
vt 0.568359 0.561768
vt 0.558105 0.561523
vt 0.969238 0.371582
vt 0.953125 0.387695
vt 0.950195 0.384766
vt 0.628418 0.507812
vt 0.634766 0.505615
vt 0.631836 0.511719
vt 0.583984 0.527100
vt 0.584961 0.518799
vt 0.587402 0.518311
vt 0.568848 0.515137
vt 0.575195 0.519531
vt 0.562988 0.519287
vt 0.587891 0.496582
vt 0.596191 0.514404
vt 0.588379 0.514404
vt 0.596191 0.514404
vt 0.587891 0.496582
vt 0.596191 0.496582
vt 0.562988 0.519287
vt 0.575195 0.519531
vt 0.578125 0.523193
vt 0.969238 0.371582
vt 0.964844 0.347168
vt 0.966309 0.351562
vt 0.568848 0.515137
vt 0.575684 0.515869
vt 0.575195 0.519531
vt 0.965820 0.370605
vt 0.947754 0.332520
vt 0.964844 0.347168
vt 0.964844 0.347168
vt 0.969238 0.371582
vt 0.965820 0.370605
vt 0.596191 0.496582
vt 0.586914 0.492676
vt 0.599121 0.492676
vt 0.596191 0.496582
vt 0.587891 0.496582
vt 0.586914 0.492676
vt 0.583496 0.483398
vt 0.599121 0.492676
vt 0.586914 0.492676
vt 0.947754 0.332520
vt 0.965820 0.370605
vt 0.950195 0.384766
vt 0.980469 0.305664
vt 0.997070 0.342285
vt 0.980469 0.328125
vt 0.972656 0.249512
vt 0.969238 0.274902
vt 0.971191 0.253906
vt 0.950195 0.384766
vt 0.965820 0.370605
vt 0.969238 0.371582
vt 0.568359 0.561768
vt 0.577637 0.557129
vt 0.574707 0.561035
vt 0.989258 0.235352
vt 0.972168 0.273438
vt 0.972656 0.249512
vt 0.627441 0.510254
vt 0.621094 0.509033
vt 0.624023 0.504639
vt 0.584961 0.492676
vt 0.583496 0.483398
vt 0.586914 0.492676
vt 0.574707 0.561035
vt 0.577637 0.557129
vt 0.581055 0.561035
vt 0.442627 0.102539
vt 0.437744 0.135742
vt 0.437500 0.113770
vt 0.972168 0.273438
vt 0.988770 0.287598
vt 0.969238 0.274902
vt 0.437500 0.113770
vt 0.435791 0.111816
vt 0.442627 0.102539
vt 0.461914 0.153809
vt 0.469238 0.155762
vt 0.461182 0.158691
vt 0.469238 0.155762
vt 0.461914 0.153809
vt 0.469727 0.151367
vt 0.386230 0.103516
vt 0.390869 0.110352
vt 0.387451 0.113281
vt 0.469727 0.151367
vt 0.461914 0.153809
vt 0.461182 0.151367
vt 0.559082 0.493652
vt 0.562988 0.516113
vt 0.558105 0.514893
vt 0.562988 0.516113
vt 0.559082 0.493652
vt 0.569336 0.493164
vt 0.425293 0.103516
vt 0.435791 0.111816
vt 0.431152 0.111328
vt 0.562988 0.516113
vt 0.569336 0.493164
vt 0.568848 0.515137
vt 0.552246 0.514648
vt 0.558105 0.514893
vt 0.562988 0.519287
vt 0.552246 0.514648
vt 0.562988 0.519287
vt 0.551270 0.518311
vt 0.578125 0.523193
vt 0.551270 0.518311
vt 0.562988 0.519287
vt 0.442627 0.102539
vt 0.435791 0.111816
vt 0.434326 0.096191
vt 0.435791 0.111816
vt 0.425293 0.103516
vt 0.434326 0.096191
vt 0.390869 0.110352
vt 0.386230 0.103516
vt 0.391113 0.096191
vt 0.434326 0.096191
vt 0.437744 0.093750
vt 0.442627 0.102539
vt 0.438965 0.092285
vt 0.442627 0.102539
vt 0.437744 0.093750
vt 0.456299 0.121582
vt 0.448242 0.125488
vt 0.448486 0.121582
vt 0.391113 0.096191
vt 0.386230 0.103516
vt 0.388428 0.093750
vt 0.448242 0.125488
vt 0.456299 0.121582
vt 0.456787 0.125488
vt 0.386230 0.103516
vt 0.387695 0.092285
vt 0.388428 0.093750
vt 0.577148 0.492676
vt 0.578613 0.517578
vt 0.575684 0.515869
vt 0.583984 0.495117
vt 0.578613 0.517578
vt 0.577148 0.492676
vt 0.969238 0.274902
vt 0.988770 0.287598
vt 0.985352 0.290527
vt 0.381836 0.104004
vt 0.387695 0.092285
vt 0.386230 0.103516
vt 0.583984 0.516357
vt 0.583984 0.495117
vt 0.584961 0.497070
vt 0.584961 0.514160
vt 0.584961 0.497070
vt 0.588379 0.514404
vt 0.583984 0.516357
vt 0.584961 0.497070
vt 0.584961 0.514160
vt 0.578613 0.517578
vt 0.583984 0.495117
vt 0.583984 0.516357
vt 0.587891 0.496582
vt 0.588379 0.514404
vt 0.584961 0.497070
vt 0.641113 0.511719
vt 0.637695 0.507812
vt 0.642578 0.506836
vt 0.606934 0.506592
vt 0.601074 0.497070
vt 0.619141 0.496582
vt 0.630371 0.502197
vt 0.626953 0.503906
vt 0.625977 0.494141
vt 0.630371 0.502197
vt 0.625977 0.494141
vt 0.631348 0.494141
vt 0.642578 0.503418
vt 0.639648 0.496094
vt 0.645508 0.494141
vt 0.637695 0.503662
vt 0.636230 0.494141
vt 0.639648 0.496094
vt 0.606934 0.506592
vt 0.619141 0.496582
vt 0.618652 0.513428
vt 0.633789 0.500977
vt 0.630371 0.502197
vt 0.631348 0.494141
vt 0.633789 0.500977
vt 0.636230 0.494141
vt 0.637695 0.503662
vt 0.636230 0.494141
vt 0.633789 0.500977
vt 0.631348 0.494141
vt 0.389893 0.068848
vt 0.385986 0.066895
vt 0.388672 0.064453
vt 0.447021 0.087891
vt 0.456299 0.083984
vt 0.458008 0.087402
vt 0.456299 0.083984
vt 0.447021 0.087891
vt 0.448486 0.083984
vt 0.599121 0.492676
vt 0.583496 0.483398
vt 0.631348 0.491211
vt 0.638672 0.526611
vt 0.613770 0.518799
vt 0.630859 0.519043
vt 0.608887 0.513916
vt 0.606934 0.506592
vt 0.618652 0.513428
vt 0.438232 0.069336
vt 0.438232 0.065918
vt 0.440918 0.067383
vt 0.387695 0.092285
vt 0.385986 0.066895
vt 0.389893 0.068848
vt 0.440918 0.067383
vt 0.438965 0.092285
vt 0.438232 0.069336
vt 0.606934 0.506592
vt 0.608887 0.513916
vt 0.599121 0.514160
vt 0.440918 0.067383
vt 0.443359 0.056152
vt 0.442627 0.102539
vt 0.438965 0.092285
vt 0.440918 0.067383
vt 0.442627 0.102539
vt 0.438232 0.069336
vt 0.438965 0.092285
vt 0.437744 0.093750
vt 0.456787 0.061035
vt 0.448486 0.083984
vt 0.448242 0.060547
vt 0.387695 0.092285
vt 0.389893 0.068848
vt 0.388428 0.093750
vt 0.448486 0.083984
vt 0.456787 0.061035
vt 0.456299 0.083984
vt 0.583496 0.483398
vt 0.638184 0.482422
vt 0.631348 0.491211
vt 0.623535 0.549561
vt 0.616699 0.550049
vt 0.617188 0.530518
vt 0.606934 0.506592
vt 0.599121 0.505127
vt 0.601074 0.497070
vt 0.599121 0.505127
vt 0.606934 0.506592
vt 0.599121 0.514160
vt 0.624023 0.530762
vt 0.623535 0.549561
vt 0.617188 0.530518
vt 0.597168 0.518555
vt 0.638672 0.526611
vt 0.583984 0.527100
vt 0.638672 0.526611
vt 0.597168 0.518555
vt 0.613770 0.518799
vt 0.256348 0.514160
vt 0.262451 0.514160
vt 0.263184 0.518066
vt 0.382080 0.355469
vt 0.382080 0.397461
vt 0.381592 0.438965
vt 0.386719 0.386719
vt 0.382080 0.355469
vt 0.386475 0.354980
vt 0.382080 0.397461
vt 0.382080 0.355469
vt 0.386719 0.386719
vt 0.251221 0.515137
vt 0.255371 0.493652
vt 0.256348 0.514160
vt 0.245850 0.514160
vt 0.246216 0.493164
vt 0.251221 0.515137
vt 0.251221 0.515137
vt 0.246216 0.493164
vt 0.255371 0.493652
vt 0.387695 0.364746
vt 0.386719 0.386719
vt 0.386475 0.354980
vt 0.461426 0.286133
vt 0.469482 0.262695
vt 0.469727 0.286133
vt 0.439209 0.349609
vt 0.437500 0.387207
vt 0.436768 0.365234
vt 0.442871 0.438965
vt 0.441895 0.397949
vt 0.439209 0.349609
vt 0.386719 0.386719
vt 0.387695 0.364746
vt 0.387695 0.387695
vt 0.442871 0.438965
vt 0.439209 0.349609
vt 0.441650 0.319824
vt 0.469482 0.262695
vt 0.461426 0.286133
vt 0.460938 0.262207
vt 0.436768 0.365234
vt 0.437500 0.387207
vt 0.436523 0.388672
vt 0.439209 0.349609
vt 0.441895 0.397949
vt 0.437500 0.387207
vt 0.239746 0.514160
vt 0.250244 0.518555
vt 0.238892 0.518066
vt 0.238892 0.518066
vt 0.250244 0.518555
vt 0.266846 0.521729
vt 0.266846 0.521729
vt 0.230225 0.518066
vt 0.238892 0.518066
vt 0.239746 0.514160
vt 0.245850 0.514160
vt 0.250244 0.518555
vt 0.382080 0.397461
vt 0.386719 0.386719
vt 0.386719 0.397461
vt 0.238525 0.493164
vt 0.239746 0.514160
vt 0.237305 0.515625
vt 0.231812 0.515625
vt 0.238525 0.493164
vt 0.237305 0.515625
vt 0.229248 0.514160
vt 0.229492 0.494141
vt 0.231812 0.515625
vt 0.231812 0.515625
vt 0.229492 0.494141
vt 0.238525 0.493164
vt 0.272949 0.514160
vt 0.278809 0.496582
vt 0.280029 0.516846
vt 0.278809 0.496582
vt 0.272949 0.514160
vt 0.271973 0.493652
vt 0.460938 0.327637
vt 0.469238 0.323242
vt 0.469482 0.327637
vt 0.381592 0.438965
vt 0.381836 0.055176
vt 0.382080 0.355469
vt 0.382080 0.355469
vt 0.386719 0.344727
vt 0.386475 0.354980
vt 0.386719 0.397461
vt 0.386719 0.386719
vt 0.387695 0.387695
vt 0.280029 0.516846
vt 0.281494 0.495117
vt 0.288330 0.494141
vt 0.281494 0.495117
vt 0.280029 0.516846
vt 0.278809 0.496582
vt 0.391113 0.389648
vt 0.386719 0.397461
vt 0.387695 0.387695
vt 0.469238 0.323242
vt 0.460938 0.327637
vt 0.461182 0.323242
vt 0.461182 0.323242
vt 0.468750 0.318848
vt 0.469238 0.323242
vt 0.437500 0.387207
vt 0.441895 0.397949
vt 0.436523 0.388672
vt 0.433105 0.390137
vt 0.436523 0.388672
vt 0.441895 0.397949
vt 0.313965 0.551758
vt 0.189331 0.551514
vt 0.313965 0.528320
vt 0.386475 0.354980
vt 0.386719 0.344727
vt 0.387695 0.345703
vt 0.391113 0.347656
vt 0.386475 0.354980
vt 0.387695 0.345703
vt 0.256592 0.557861
vt 0.256348 0.562256
vt 0.246094 0.562744
vt 0.272949 0.514160
vt 0.280029 0.516846
vt 0.271973 0.518066
vt 0.271973 0.518066
vt 0.280029 0.516846
vt 0.266846 0.521729
vt 0.313965 0.528320
vt 0.189209 0.528320
vt 0.266846 0.521729
vt 0.266846 0.521729
vt 0.263184 0.518066
vt 0.271973 0.518066
vt 0.266846 0.521729
vt 0.250244 0.518555
vt 0.263184 0.518066
vt 0.270508 0.515625
vt 0.271973 0.493652
vt 0.272949 0.514160
vt 0.264893 0.515625
vt 0.271973 0.493652
vt 0.270508 0.515625
vt 0.262451 0.514160
vt 0.262695 0.493164
vt 0.264893 0.515625
vt 0.264893 0.515625
vt 0.262695 0.493164
vt 0.271973 0.493652
vt 0.391113 0.362305
vt 0.386475 0.354980
vt 0.391113 0.347656
vt 0.386475 0.354980
vt 0.391113 0.362305
vt 0.387695 0.364746
vt 0.436768 0.365234
vt 0.435303 0.363770
vt 0.439209 0.349609
vt 0.439209 0.349609
vt 0.435303 0.363770
vt 0.433105 0.348145
vt 0.469727 0.286133
vt 0.461914 0.289062
vt 0.461426 0.286133
vt 0.313965 0.528320
vt 0.189331 0.551514
vt 0.189209 0.528320
vt 0.469238 0.291016
vt 0.461914 0.289062
vt 0.469727 0.286133
vt 0.239624 0.562012
vt 0.256592 0.557861
vt 0.246094 0.562744
vt 0.229858 0.562988
vt 0.256592 0.557861
vt 0.239624 0.562012
vt 0.223145 0.514404
vt 0.229492 0.494141
vt 0.229248 0.514160
vt 0.289062 0.562500
vt 0.307129 0.557861
vt 0.295166 0.562988
vt 0.223145 0.514404
vt 0.221802 0.493164
vt 0.229492 0.494141
vt 0.223145 0.514404
vt 0.230225 0.518066
vt 0.217163 0.518555
vt 0.217163 0.518555
vt 0.230225 0.518066
vt 0.266846 0.521729
vt 0.223145 0.514404
vt 0.229248 0.514160
vt 0.230225 0.518066
vt 0.217773 0.516113
vt 0.221802 0.493164
vt 0.223145 0.514404
vt 0.389404 0.406250
vt 0.386719 0.397461
vt 0.391113 0.389648
vt 0.280029 0.562012
vt 0.307129 0.557861
vt 0.289062 0.562500
vt 0.256592 0.557861
vt 0.313965 0.551758
vt 0.307129 0.557861
vt 0.272705 0.562256
vt 0.280029 0.562012
vt 0.280029 0.566162
vt 0.394531 0.387207
vt 0.399414 0.397461
vt 0.391113 0.389648
vt 0.391113 0.389648
vt 0.399414 0.397461
vt 0.389404 0.406250
vt 0.307129 0.557861
vt 0.280029 0.562012
vt 0.256592 0.557861
vt 0.256348 0.514160
vt 0.263184 0.518066
vt 0.250244 0.518555
vt 0.239746 0.514160
vt 0.238525 0.493164
vt 0.246216 0.493164
vt 0.239746 0.514160
vt 0.246216 0.493164
vt 0.245850 0.514160
vt 0.256348 0.514160
vt 0.255371 0.493652
vt 0.262695 0.493164
vt 0.272705 0.562256
vt 0.256592 0.557861
vt 0.280029 0.562012
vt 0.189331 0.551514
vt 0.313965 0.551758
vt 0.256592 0.557861
vt 0.256592 0.557861
vt 0.272705 0.562256
vt 0.262207 0.562500
vt 0.256348 0.514160
vt 0.262695 0.493164
vt 0.262451 0.514160
vt 0.256348 0.562256
vt 0.256592 0.557861
vt 0.262207 0.562500
vt 0.443359 0.056152
vt 0.442871 0.438965
vt 0.441650 0.319824
vt 0.437744 0.408203
vt 0.437256 0.427246
vt 0.436523 0.407227
vt 0.433105 0.390137
vt 0.432373 0.406250
vt 0.423340 0.397461
vt 0.460693 0.350098
vt 0.470215 0.330078
vt 0.468994 0.350586
vt 0.386963 0.406738
vt 0.386719 0.426758
vt 0.384521 0.429199
vt 0.470215 0.330078
vt 0.460693 0.350098
vt 0.460693 0.329590
vt 0.437744 0.408203
vt 0.439453 0.430176
vt 0.437256 0.427246
vt 0.205811 0.514893
vt 0.205444 0.495117
vt 0.212524 0.493652
vt 0.663574 0.463379
vt 0.665039 0.470703
vt 0.655762 0.479980
vt 0.223389 0.562256
vt 0.256592 0.557861
vt 0.229858 0.562988
vt 0.256592 0.557861
vt 0.223389 0.562256
vt 0.213745 0.563477
vt 0.205811 0.514893
vt 0.212524 0.493652
vt 0.212158 0.514648
vt 0.213745 0.563477
vt 0.206055 0.566162
vt 0.206055 0.562012
vt 0.256592 0.557861
vt 0.213745 0.563477
vt 0.206055 0.562012
vt 0.663574 0.463379
vt 0.655762 0.479980
vt 0.658203 0.453125
vt 0.666016 0.451172
vt 0.663574 0.463379
vt 0.658203 0.453125
vt 0.668457 0.420898
vt 0.660645 0.431641
vt 0.665039 0.421387
vt 0.206055 0.562012
vt 0.189453 0.557861
vt 0.256592 0.557861
vt 0.442871 0.438965
vt 0.428223 0.434570
vt 0.437500 0.433105
vt 0.442871 0.438965
vt 0.437500 0.433105
vt 0.439453 0.430176
vt 0.437500 0.433105
vt 0.428223 0.434570
vt 0.431396 0.428711
vt 0.437500 0.433105
vt 0.431396 0.428711
vt 0.437256 0.427246
vt 0.437256 0.427246
vt 0.439453 0.430176
vt 0.437500 0.433105
vt 0.468750 0.381836
vt 0.460693 0.387207
vt 0.461182 0.381348
vt 0.460693 0.387207
vt 0.468750 0.381836
vt 0.470215 0.387207
vt 0.386963 0.433105
vt 0.392334 0.428711
vt 0.395996 0.434082
vt 0.392334 0.428711
vt 0.386963 0.433105
vt 0.386719 0.426758
vt 0.386719 0.426758
vt 0.386963 0.433105
vt 0.384521 0.429199
vt 0.206055 0.562012
vt 0.189453 0.562012
vt 0.189453 0.557861
vt 0.256592 0.557861
vt 0.189453 0.557861
vt 0.189331 0.551514
vt 0.187012 0.492188
vt 0.187378 0.518555
vt 0.184692 0.496582
vt 0.187378 0.518555
vt 0.187012 0.492188
vt 0.189819 0.493652
vt 0.190186 0.517090
vt 0.202637 0.493652
vt 0.203003 0.516602
vt 0.203003 0.516602
vt 0.202637 0.493652
vt 0.205444 0.495117
vt 0.203003 0.516602
vt 0.205444 0.495117
vt 0.205811 0.514893
vt 0.665039 0.421387
vt 0.660645 0.431641
vt 0.659180 0.418945
vt 0.266846 0.521729
vt 0.189209 0.522461
vt 0.205811 0.518555
vt 0.205811 0.514893
vt 0.212158 0.514648
vt 0.217163 0.518555
vt 0.217163 0.518555
vt 0.266846 0.521729
vt 0.205811 0.518555
vt 0.205811 0.514893
vt 0.217163 0.518555
vt 0.205811 0.518555
vt 0.439453 0.430176
vt 0.437744 0.408203
vt 0.441895 0.397949
vt 0.442871 0.438965
vt 0.439453 0.430176
vt 0.441895 0.397949
vt 0.437744 0.408203
vt 0.436523 0.407227
vt 0.441895 0.397949
vt 0.460693 0.350098
vt 0.468018 0.354004
vt 0.461914 0.356445
vt 0.460693 0.350098
vt 0.468994 0.350586
vt 0.468018 0.354004
vt 0.389404 0.406250
vt 0.386963 0.406738
vt 0.386719 0.397461
vt 0.432373 0.406250
vt 0.441895 0.397949
vt 0.436523 0.407227
vt 0.441895 0.397949
vt 0.432373 0.406250
vt 0.433105 0.390137
vt 0.217773 0.516113
vt 0.212524 0.493652
vt 0.221802 0.493164
vt 0.212158 0.514648
vt 0.212524 0.493652
vt 0.217773 0.516113
vt 0.190186 0.517090
vt 0.189819 0.493652
vt 0.202637 0.493652
vt 0.184692 0.496582
vt 0.187378 0.518555
vt 0.184937 0.514160
vt 0.187378 0.518555
vt 0.189819 0.493652
vt 0.190186 0.517090
vt 0.384521 0.429199
vt 0.382080 0.397461
vt 0.386963 0.406738
vt 0.266846 0.521729
vt 0.189209 0.528320
vt 0.189209 0.522461
vt 0.189209 0.518555
vt 0.205811 0.518555
vt 0.189209 0.522461
vt 0.382080 0.397461
vt 0.384521 0.429199
vt 0.381592 0.438965
vt 0.382080 0.397461
vt 0.386719 0.397461
vt 0.386963 0.406738
vt 0.081787 0.298340
vt 0.048431 0.304688
vt 0.046997 0.285645
vt 0.123535 0.381348
vt 0.123901 0.292969
vt 0.129150 0.323242
vt 0.123535 0.381348
vt 0.129150 0.323242
vt 0.128784 0.376953
vt 0.153687 0.375488
vt 0.128784 0.376953
vt 0.129150 0.323242
vt 0.129150 0.323242
vt 0.162231 0.324707
vt 0.153687 0.375488
vt 0.391113 0.320312
vt 0.399902 0.313477
vt 0.394775 0.322754
vt 0.394775 0.322754
vt 0.399902 0.313477
vt 0.395020 0.343262
vt 0.424072 0.313965
vt 0.435547 0.321777
vt 0.430908 0.321777
vt 0.428467 0.323730
vt 0.424072 0.313965
vt 0.430908 0.321777
vt 0.456543 0.296387
vt 0.448486 0.294434
vt 0.456299 0.291992
vt 0.456543 0.296387
vt 0.448486 0.296387
vt 0.448486 0.294434
vt 0.425049 0.355957
vt 0.424072 0.313965
vt 0.428467 0.323730
vt 0.408447 0.438965
vt 0.402588 0.437500
vt 0.407959 0.060059
vt 0.395020 0.343262
vt 0.399902 0.313477
vt 0.399414 0.355469
vt 0.409424 0.011230
vt 0.408447 0.438965
vt 0.407959 0.060059
vt 0.448486 0.256836
vt 0.455811 0.251953
vt 0.456299 0.256836
vt 0.394287 0.345215
vt 0.394775 0.322754
vt 0.395020 0.343262
vt 0.456543 0.296387
vt 0.447754 0.319824
vt 0.448486 0.296387
vt 0.447754 0.319824
vt 0.456543 0.296387
vt 0.455811 0.319824
vt 0.428467 0.323730
vt 0.429688 0.346191
vt 0.425049 0.355957
vt 0.134644 0.311523
vt 0.162231 0.324707
vt 0.129150 0.323242
vt 0.087158 0.274414
vt 0.086914 0.381348
vt 0.081787 0.298340
vt 0.399414 0.355469
vt 0.399902 0.313477
vt 0.402588 0.437500
vt 0.123901 0.292969
vt 0.134644 0.311523
vt 0.129150 0.323242
vt 0.086914 0.381348
vt 0.123901 0.292969
vt 0.123535 0.381348
vt 0.455811 0.319824
vt 0.448486 0.324219
vt 0.447754 0.319824
vt 0.394287 0.345215
vt 0.399414 0.355469
vt 0.391113 0.347656
vt 0.402588 0.437500
vt 0.401855 0.065430
vt 0.407959 0.060059
vt 0.401855 0.065430
vt 0.402588 0.437500
vt 0.400146 0.271484
vt 0.395020 0.343262
vt 0.399414 0.355469
vt 0.394287 0.345215
vt 0.429688 0.346191
vt 0.433105 0.348145
vt 0.425049 0.355957
vt 0.399414 0.355469
vt 0.391113 0.362305
vt 0.391113 0.347656
vt 0.391113 0.362305
vt 0.399414 0.355469
vt 0.394775 0.364746
vt 0.461914 0.289062
vt 0.469238 0.291016
vt 0.461182 0.293457
vt 0.394775 0.364746
vt 0.399414 0.355469
vt 0.395264 0.385254
vt 0.448486 0.324219
vt 0.455811 0.319824
vt 0.456299 0.324219
vt 0.449463 0.289551
vt 0.456299 0.291992
vt 0.448486 0.294434
vt 0.435303 0.363770
vt 0.425049 0.355957
vt 0.433105 0.348145
vt 0.425049 0.355957
vt 0.435303 0.363770
vt 0.430908 0.363770
vt 0.428711 0.365723
vt 0.425049 0.355957
vt 0.430908 0.363770
vt 0.469727 0.295898
vt 0.461182 0.293457
vt 0.469238 0.291016
vt 0.469727 0.295898
vt 0.461182 0.295898
vt 0.461182 0.293457
vt 0.081787 0.298340
vt 0.086914 0.381348
vt 0.081726 0.376953
vt 0.081787 0.298340
vt 0.081726 0.376953
vt 0.057037 0.376465
vt 0.057037 0.376465
vt 0.048431 0.304688
vt 0.081787 0.298340
vt 0.395020 0.301270
vt 0.400146 0.271484
vt 0.399902 0.313477
vt 0.399902 0.313477
vt 0.400146 0.271484
vt 0.402588 0.437500
vt 0.394287 0.303223
vt 0.394531 0.280762
vt 0.395020 0.301270
vt 0.395264 0.385254
vt 0.399414 0.355469
vt 0.399414 0.397461
vt 0.447754 0.252441
vt 0.456787 0.229004
vt 0.455811 0.251953
vt 0.394531 0.387207
vt 0.394775 0.364746
vt 0.395264 0.385254
vt 0.469727 0.295898
vt 0.460449 0.318848
vt 0.461182 0.295898
vt 0.423340 0.397461
vt 0.425049 0.355957
vt 0.428711 0.365723
vt 0.455811 0.251953
vt 0.448486 0.256836
vt 0.447754 0.252441
vt 0.394287 0.303223
vt 0.399902 0.313477
vt 0.391113 0.305664
vt 0.395020 0.301270
vt 0.399902 0.313477
vt 0.394287 0.303223
vt 0.399902 0.313477
vt 0.391113 0.320312
vt 0.391113 0.305664
vt 0.429688 0.304199
vt 0.433105 0.306641
vt 0.424072 0.313965
vt 0.424072 0.313965
vt 0.429199 0.282227
vt 0.429688 0.304199
vt 0.435547 0.321777
vt 0.424072 0.313965
vt 0.433105 0.306641
vt 0.123901 0.292969
vt 0.086914 0.381348
vt 0.087158 0.274414
vt 0.460449 0.318848
vt 0.469727 0.295898
vt 0.468750 0.318848
vt 0.428711 0.365723
vt 0.429688 0.388184
vt 0.423340 0.397461
vt 0.057037 0.376465
vt 0.081726 0.376953
vt 0.079407 0.385742
vt 0.086914 0.381348
vt 0.079407 0.385742
vt 0.081726 0.376953
vt 0.429688 0.388184
vt 0.433105 0.390137
vt 0.423340 0.397461
vt 0.395264 0.385254
vt 0.399414 0.397461
vt 0.394531 0.387207
vt 0.468750 0.318848
vt 0.461182 0.323242
vt 0.460449 0.318848
vt 0.399414 0.397461
vt 0.399414 0.355469
vt 0.402588 0.437500
vt 0.381836 0.055176
vt 0.388184 0.017090
vt 0.400879 0.023926
vt 0.989258 0.235352
vt 0.972656 0.249512
vt 0.963867 0.235352
vt 0.972656 0.287109
vt 0.966309 0.293945
vt 0.966309 0.287109
vt 0.394531 0.064453
vt 0.401855 0.065430
vt 0.397217 0.064453
vt 0.963867 0.394531
vt 0.966797 0.378906
vt 0.967285 0.403320
vt 0.966309 0.293945
vt 0.949707 0.278320
vt 0.966309 0.287109
vt 0.385986 0.066895
vt 0.381836 0.055176
vt 0.388672 0.064453
vt 0.985352 0.080078
vt 0.986328 0.096680
vt 0.983887 0.088379
vt 0.986328 0.124512
vt 0.986328 0.100098
vt 0.988281 0.097656
vt 0.993652 0.376953
vt 0.987305 0.376465
vt 0.993652 0.355957
vt 0.976562 0.096680
vt 0.983887 0.088379
vt 0.986328 0.096680
vt 0.986328 0.100098
vt 0.976562 0.096680
vt 0.986328 0.096680
vt 0.976562 0.096680
vt 0.986328 0.100098
vt 0.973633 0.099121
vt 0.407959 0.060059
vt 0.399170 0.054199
vt 0.400879 0.023926
vt 0.987305 0.376465
vt 0.979004 0.354980
vt 0.986816 0.356445
vt 0.993652 0.355957
vt 0.987305 0.376465
vt 0.986816 0.356445
vt 0.963867 0.235352
vt 0.972656 0.249512
vt 0.958496 0.251465
vt 0.353027 0.401367
vt 0.377197 0.399902
vt 0.375977 0.407227
vt 0.333496 0.397461
vt 0.328369 0.413086
vt 0.326904 0.395508
vt 0.973633 0.099121
vt 0.986328 0.124512
vt 0.973633 0.125488
vt 0.986328 0.124512
vt 0.973633 0.099121
vt 0.986328 0.100098
vt 0.958496 0.251465
vt 0.972656 0.249512
vt 0.961914 0.252930
vt 0.398926 0.103027
vt 0.397217 0.064453
vt 0.401855 0.065430
vt 0.966309 0.293945
vt 0.972656 0.287109
vt 0.976074 0.294434
vt 0.966309 0.293945
vt 0.949707 0.330566
vt 0.949707 0.278320
vt 0.961914 0.252930
vt 0.972656 0.249512
vt 0.971191 0.253906
vt 0.966797 0.378906
vt 0.963867 0.394531
vt 0.964355 0.378906
vt 0.399170 0.054199
vt 0.381836 0.055176
vt 0.400879 0.023926
vt 0.979980 0.060059
vt 0.978027 0.049805
vt 0.985352 0.051270
vt 0.381836 0.055176
vt 0.394531 0.064453
vt 0.388672 0.064453
vt 0.381836 0.055176
vt 0.399170 0.054199
vt 0.394531 0.064453
vt 0.399170 0.054199
vt 0.407959 0.060059
vt 0.401855 0.065430
vt 0.394531 0.064453
vt 0.399170 0.054199
vt 0.401855 0.065430
vt 0.413086 0.516113
vt 0.412842 0.495117
vt 0.419678 0.494141
vt 0.412842 0.495117
vt 0.410645 0.514648
vt 0.410400 0.496582
vt 0.410645 0.514648
vt 0.412842 0.495117
vt 0.413086 0.516113
vt 0.386719 0.260742
vt 0.381836 0.229492
vt 0.386230 0.229004
vt 0.381836 0.229492
vt 0.382080 0.271484
vt 0.381836 0.055176
vt 0.404297 0.514648
vt 0.410645 0.514648
vt 0.411377 0.518066
vt 0.440430 0.229980
vt 0.437500 0.261230
vt 0.437500 0.239746
vt 0.443359 0.056152
vt 0.441895 0.278320
vt 0.440430 0.229980
vt 0.441895 0.278320
vt 0.441650 0.319824
vt 0.437500 0.303223
vt 0.436523 0.282227
vt 0.437500 0.303223
vt 0.436768 0.306152
vt 0.456543 0.196289
vt 0.448486 0.219238
vt 0.448975 0.194336
vt 0.387451 0.291504
vt 0.387451 0.280762
vt 0.387695 0.303711
vt 0.437500 0.303223
vt 0.436523 0.282227
vt 0.441895 0.278320
vt 0.448486 0.219238
vt 0.456543 0.196289
vt 0.456787 0.219727
vt 0.404297 0.514648
vt 0.411377 0.518066
vt 0.398438 0.519043
vt 0.417725 0.522217
vt 0.397217 0.522217
vt 0.398438 0.519043
vt 0.389893 0.528320
vt 0.397217 0.522217
vt 0.417725 0.522217
vt 0.354980 0.514404
vt 0.352783 0.495117
vt 0.355225 0.496582
vt 0.349365 0.515869
vt 0.352783 0.495117
vt 0.354980 0.514404
vt 0.386963 0.518066
vt 0.398438 0.519043
vt 0.397217 0.522217
vt 0.387939 0.514648
vt 0.394043 0.514648
vt 0.398438 0.519043
vt 0.343750 0.522217
vt 0.389893 0.528320
vt 0.313965 0.528320
vt 0.382080 0.271484
vt 0.381836 0.229492
vt 0.386719 0.260742
vt 0.402100 0.495117
vt 0.404297 0.514648
vt 0.399170 0.515869
vt 0.368408 0.522217
vt 0.343750 0.522217
vt 0.349121 0.519043
vt 0.354980 0.514404
vt 0.362061 0.518066
vt 0.349121 0.519043
vt 0.404297 0.514648
vt 0.402100 0.495117
vt 0.404541 0.496582
vt 0.395020 0.494141
vt 0.399170 0.515869
vt 0.394043 0.514648
vt 0.355225 0.496582
vt 0.361084 0.514648
vt 0.354980 0.514404
vt 0.354004 0.562012
vt 0.386230 0.557861
vt 0.361084 0.562500
vt 0.386230 0.557861
vt 0.371582 0.562744
vt 0.361084 0.562500
vt 0.371582 0.562744
vt 0.386230 0.557861
vt 0.377930 0.562744
vt 0.377930 0.562744
vt 0.386230 0.557861
vt 0.388184 0.562988
vt 0.443359 0.056152
vt 0.441650 0.319824
vt 0.441895 0.278320
vt 0.435303 0.279785
vt 0.441895 0.278320
vt 0.436523 0.282227
vt 0.456787 0.219727
vt 0.449463 0.222168
vt 0.448486 0.219238
vt 0.416260 0.551758
vt 0.313965 0.528320
vt 0.389893 0.528320
vt 0.441895 0.278320
vt 0.435303 0.279785
vt 0.436768 0.264160
vt 0.456299 0.224121
vt 0.449463 0.222168
vt 0.456787 0.219727
vt 0.386719 0.271484
vt 0.391113 0.278320
vt 0.387451 0.280762
vt 0.387451 0.280762
vt 0.387451 0.291504
vt 0.386719 0.271484
vt 0.362305 0.494629
vt 0.369141 0.516113
vt 0.363525 0.516113
vt 0.362305 0.494629
vt 0.363525 0.516113
vt 0.361084 0.514648
vt 0.369141 0.516113
vt 0.362305 0.494629
vt 0.371582 0.494141
vt 0.369141 0.516113
vt 0.371582 0.494141
vt 0.371582 0.514648
vt 0.417725 0.522217
vt 0.398438 0.519043
vt 0.411377 0.518066
vt 0.386719 0.271484
vt 0.387451 0.291504
vt 0.382080 0.271484
vt 0.354980 0.514404
vt 0.361084 0.514648
vt 0.362061 0.518066
vt 0.368408 0.522217
vt 0.349121 0.519043
vt 0.362061 0.518066
vt 0.389893 0.528320
vt 0.343750 0.522217
vt 0.368408 0.522217
vt 0.368408 0.522217
vt 0.362061 0.518066
vt 0.370850 0.518066
vt 0.370850 0.518066
vt 0.378662 0.518066
vt 0.368408 0.522217
vt 0.371582 0.514648
vt 0.378662 0.518066
vt 0.370850 0.518066
vt 0.436768 0.264160
vt 0.435303 0.279785
vt 0.433105 0.264648
vt 0.441895 0.278320
vt 0.436768 0.264160
vt 0.437500 0.261230
vt 0.391113 0.278320
vt 0.386719 0.271484
vt 0.391113 0.263672
vt 0.391113 0.263672
vt 0.386719 0.271484
vt 0.387695 0.261719
vt 0.469238 0.255859
vt 0.461670 0.258789
vt 0.461182 0.255859
vt 0.461670 0.258789
vt 0.469238 0.255859
vt 0.469482 0.259766
vt 0.386719 0.271484
vt 0.386719 0.260742
vt 0.387695 0.261719
vt 0.378906 0.494629
vt 0.385498 0.516113
vt 0.380127 0.516113
vt 0.378906 0.494629
vt 0.380127 0.516113
vt 0.377686 0.514648
vt 0.385498 0.516113
vt 0.378906 0.494629
vt 0.388184 0.493652
vt 0.385498 0.516113
vt 0.388184 0.493652
vt 0.387939 0.514648
vt 0.382080 0.271484
vt 0.386719 0.260742
vt 0.386719 0.271484
vt 0.371582 0.514648
vt 0.377686 0.514648
vt 0.378662 0.518066
vt 0.378662 0.518066
vt 0.397217 0.522217
vt 0.368408 0.522217
vt 0.389893 0.528320
vt 0.368408 0.522217
vt 0.397217 0.522217
vt 0.399170 0.515869
vt 0.395020 0.494141
vt 0.402100 0.495117
vt 0.387451 0.239258
vt 0.386719 0.260742
vt 0.386230 0.229004
vt 0.460449 0.218750
vt 0.469482 0.195312
vt 0.469727 0.218750
vt 0.386719 0.260742
vt 0.387451 0.239258
vt 0.387695 0.261719
vt 0.469482 0.195312
vt 0.460449 0.218750
vt 0.461670 0.193359
vt 0.437500 0.239746
vt 0.437500 0.261230
vt 0.436768 0.264160
vt 0.440430 0.229980
vt 0.441895 0.278320
vt 0.437500 0.261230
vt 0.361084 0.562500
vt 0.354004 0.566162
vt 0.354004 0.562012
vt 0.394043 0.514648
vt 0.388184 0.493652
vt 0.395020 0.494141
vt 0.417725 0.557861
vt 0.420654 0.562256
vt 0.411621 0.562012
vt 0.404297 0.514648
vt 0.404541 0.496582
vt 0.410400 0.496582
vt 0.404297 0.514648
vt 0.410400 0.496582
vt 0.410645 0.514648
vt 0.403320 0.562012
vt 0.417725 0.557861
vt 0.411621 0.562012
vt 0.403320 0.566406
vt 0.411621 0.562012
vt 0.411621 0.566406
vt 0.411621 0.562012
vt 0.403320 0.566406
vt 0.403320 0.562012
vt 0.386230 0.557861
vt 0.417725 0.557861
vt 0.403320 0.562012
vt 0.416260 0.551758
vt 0.417725 0.557861
vt 0.386230 0.557861
vt 0.386230 0.557861
vt 0.403320 0.562012
vt 0.394287 0.562744
vt 0.388184 0.562988
vt 0.386230 0.557861
vt 0.394287 0.562744
vt 0.388184 0.493652
vt 0.394043 0.514648
vt 0.387939 0.514648
vt 0.377686 0.514648
vt 0.371582 0.494141
vt 0.378906 0.494629
vt 0.371582 0.494141
vt 0.377686 0.514648
vt 0.371582 0.514648
vt 0.361084 0.514648
vt 0.355225 0.496582
vt 0.362305 0.494629
vt 0.387939 0.514648
vt 0.398438 0.519043
vt 0.386963 0.518066
vt 0.397217 0.522217
vt 0.378662 0.518066
vt 0.386963 0.518066

g UnrealEdObject

s 0
f 1/1 2/2 3/3
f 4/4 5/5 6/6
f 7/7 8/8 9/9
f 10/10 11/11 12/12
f 13/13 14/14 15/15
f 16/16 17/17 18/18
f 19/19 20/20 21/21
f 22/22 23/23 24/24
f 25/25 26/26 27/27
f 28/28 29/29 30/30
f 31/31 32/32 33/33
f 34/34 35/35 36/36
f 37/37 38/38 39/39
f 40/40 41/41 42/42
f 43/43 44/44 45/45
f 46/46 47/47 48/48
f 49/49 50/50 51/51
f 52/52 53/53 54/54
f 55/55 56/56 57/57
f 58/58 59/59 60/60
f 61/61 62/62 63/63
f 64/64 65/65 66/66
f 67/67 68/68 69/69
f 70/70 71/71 72/72
f 73/73 74/74 75/75
f 76/76 77/77 78/78
f 79/79 80/80 81/81
f 82/82 83/83 84/84
f 85/85 86/86 87/87
f 88/88 89/89 90/90
f 91/91 92/92 93/93
f 94/94 95/95 96/96
f 97/97 98/98 99/99
f 100/100 101/101 102/102
f 103/103 104/104 105/105
f 106/106 107/107 108/108
f 109/109 110/110 111/111
f 112/112 113/113 114/114
f 115/115 116/116 117/117
f 118/118 119/119 120/120
f 121/121 122/122 123/123
f 124/124 125/125 126/126
f 127/127 128/128 129/129
f 130/130 131/131 132/132
f 133/133 134/134 135/135
f 136/136 137/137 138/138
f 139/139 140/140 141/141
f 142/142 143/143 144/144
f 145/145 146/146 147/147
f 148/148 149/149 150/150
f 151/151 152/152 153/153
f 154/154 155/155 156/156
f 157/157 158/158 159/159
f 160/160 161/161 162/162
f 163/163 164/164 165/165
f 166/166 167/167 168/168
f 169/169 170/170 171/171
f 172/172 173/173 174/174
f 175/175 176/176 177/177
f 178/178 179/179 180/180
f 181/181 182/182 183/183
f 184/184 185/185 186/186
f 187/187 188/188 189/189
f 190/190 191/191 192/192
f 193/193 194/194 195/195
f 196/196 197/197 198/198
f 199/199 200/200 201/201
f 202/202 203/203 204/204
f 205/205 206/206 207/207
f 208/208 209/209 210/210
f 211/211 212/212 213/213
f 214/214 215/215 216/216
f 217/217 218/218 219/219
f 220/220 221/221 222/222
f 223/223 224/224 225/225
f 226/226 227/227 228/228
f 229/229 230/230 231/231
f 232/232 233/233 234/234
f 235/235 236/236 237/237
f 238/238 239/239 240/240
f 241/241 242/242 243/243
f 244/244 245/245 246/246
f 247/247 248/248 249/249
f 250/250 251/251 252/252
f 253/253 254/254 255/255
f 256/256 257/257 258/258
f 259/259 260/260 261/261
f 262/262 263/263 264/264
f 265/265 266/266 267/267
f 268/268 269/269 270/270
f 271/271 272/272 273/273
f 274/274 275/275 276/276
f 277/277 278/278 279/279
f 280/280 281/281 282/282
f 283/283 284/284 285/285
f 286/286 287/287 288/288
f 289/289 290/290 291/291
f 292/292 293/293 294/294
f 295/295 296/296 297/297
f 298/298 299/299 300/300
f 301/301 302/302 303/303
f 304/304 305/305 306/306
f 307/307 308/308 309/309
f 310/310 311/311 312/312
f 313/313 314/314 315/315
f 316/316 317/317 318/318
f 319/319 320/320 321/321
f 322/322 323/323 324/324
f 325/325 326/326 327/327
f 328/328 329/329 330/330
f 331/331 332/332 333/333
f 334/334 335/335 336/336
f 337/337 338/338 339/339
f 340/340 341/341 342/342
f 343/343 344/344 345/345
f 346/346 347/347 348/348
f 349/349 350/350 351/351
f 352/352 353/353 354/354
f 355/355 356/356 357/357
f 358/358 359/359 360/360
f 361/361 362/362 363/363
f 364/364 365/365 366/366
f 367/367 368/368 369/369
f 370/370 371/371 372/372
f 373/373 374/374 375/375
f 376/376 377/377 378/378
f 379/379 380/380 381/381
f 382/382 383/383 384/384
f 385/385 386/386 387/387
f 388/388 389/389 390/390
f 391/391 392/392 393/393
f 394/394 395/395 396/396
f 397/397 398/398 399/399
f 400/400 401/401 402/402
f 403/403 404/404 405/405
f 406/406 407/407 408/408
f 409/409 410/410 411/411
f 412/412 413/413 414/414
f 415/415 416/416 417/417
f 418/418 419/419 420/420
f 421/421 422/422 423/423
f 424/424 425/425 426/426
f 427/427 428/428 429/429
f 430/430 431/431 432/432
f 433/433 434/434 435/435
f 436/436 437/437 438/438
f 439/439 440/440 441/441
f 442/442 443/443 444/444
f 445/445 446/446 447/447
f 448/448 449/449 450/450
f 451/451 452/452 453/453
f 454/454 455/455 456/456
f 457/457 458/458 459/459
f 460/460 461/461 462/462
f 463/463 464/464 465/465
f 466/466 467/467 468/468
f 469/469 470/470 471/471
f 472/472 473/473 474/474
f 475/475 476/476 477/477
f 478/478 479/479 480/480
f 481/481 482/482 483/483
f 484/484 485/485 486/486
f 487/487 488/488 489/489
f 490/490 491/491 492/492
f 493/493 494/494 495/495
f 496/496 497/497 498/498
f 499/499 500/500 501/501
f 502/502 503/503 504/504
f 505/505 506/506 507/507
f 508/508 509/509 510/510
f 511/511 512/512 513/513
f 514/514 515/515 516/516
f 517/517 518/518 519/519
f 520/520 521/521 522/522
f 523/523 524/524 525/525
f 526/526 527/527 528/528
f 529/529 530/530 531/531
f 532/532 533/533 534/534
f 535/535 536/536 537/537
f 538/538 539/539 540/540
f 541/541 542/542 543/543
f 544/544 545/545 546/546
f 547/547 548/548 549/549
f 550/550 551/551 552/552
f 553/553 554/554 555/555
f 556/556 557/557 558/558
f 559/559 560/560 561/561
f 562/562 563/563 564/564
f 565/565 566/566 567/567
f 568/568 569/569 570/570
f 571/571 572/572 573/573
f 574/574 575/575 576/576
f 577/577 578/578 579/579
f 580/580 581/581 582/582
f 583/583 584/584 585/585
f 586/586 587/587 588/588
f 589/589 590/590 591/591
f 592/592 593/593 594/594
f 595/595 596/596 597/597
f 598/598 599/599 600/600
f 601/601 602/602 603/603
f 604/604 605/605 606/606
f 607/607 608/608 609/609
f 610/610 611/611 612/612
f 613/613 614/614 615/615
f 616/616 617/617 618/618
f 619/619 620/620 621/621
f 622/622 623/623 624/624
f 625/625 626/626 627/627
f 628/628 629/629 630/630
f 631/631 632/632 633/633
f 634/634 635/635 636/636
f 637/637 638/638 639/639
f 640/640 641/641 642/642
f 643/643 644/644 645/645
f 646/646 647/647 648/648
f 649/649 650/650 651/651
f 652/652 653/653 654/654
f 655/655 656/656 657/657
f 658/658 659/659 660/660
f 661/661 662/662 663/663
f 664/664 665/665 666/666
f 667/667 668/668 669/669
f 670/670 671/671 672/672
f 673/673 674/674 675/675
f 676/676 677/677 678/678
f 679/679 680/680 681/681
f 682/682 683/683 684/684
f 685/685 686/686 687/687
f 688/688 689/689 690/690
f 691/691 692/692 693/693
f 694/694 695/695 696/696
f 697/697 698/698 699/699
f 700/700 701/701 702/702
f 703/703 704/704 705/705
f 706/706 707/707 708/708
f 709/709 710/710 711/711
f 712/712 713/713 714/714
f 715/715 716/716 717/717
f 718/718 719/719 720/720
f 721/721 722/722 723/723
f 724/724 725/725 726/726
f 727/727 728/728 729/729
f 730/730 731/731 732/732
f 733/733 734/734 735/735
f 736/736 737/737 738/738
f 739/739 740/740 741/741
f 742/742 743/743 744/744
f 745/745 746/746 747/747
f 748/748 749/749 750/750
f 751/751 752/752 753/753
f 754/754 755/755 756/756
f 757/757 758/758 759/759
f 760/760 761/761 762/762
f 763/763 764/764 765/765
f 766/766 767/767 768/768
f 769/769 770/770 771/771
f 772/772 773/773 774/774
f 775/775 776/776 777/777
f 778/778 779/779 780/780
f 781/781 782/782 783/783
f 784/784 785/785 786/786
f 787/787 788/788 789/789
f 790/790 791/791 792/792
f 793/793 794/794 795/795
f 796/796 797/797 798/798
f 799/799 800/800 801/801
f 802/802 803/803 804/804
f 805/805 806/806 807/807
f 808/808 809/809 810/810
f 811/811 812/812 813/813
f 814/814 815/815 816/816
f 817/817 818/818 819/819
f 820/820 821/821 822/822
f 823/823 824/824 825/825
f 826/826 827/827 828/828
f 829/829 830/830 831/831
f 832/832 833/833 834/834
f 835/835 836/836 837/837
f 838/838 839/839 840/840
f 841/841 842/842 843/843
f 844/844 845/845 846/846
f 847/847 848/848 849/849
f 850/850 851/851 852/852
f 853/853 854/854 855/855
f 856/856 857/857 858/858
f 859/859 860/860 861/861
f 862/862 863/863 864/864
f 865/865 866/866 867/867
f 868/868 869/869 870/870
f 871/871 872/872 873/873
f 874/874 875/875 876/876
f 877/877 878/878 879/879
f 880/880 881/881 882/882
f 883/883 884/884 885/885
f 886/886 887/887 888/888
f 889/889 890/890 891/891
f 892/892 893/893 894/894
f 895/895 896/896 897/897
f 898/898 899/899 900/900
f 901/901 902/902 903/903
f 904/904 905/905 906/906
f 907/907 908/908 909/909
f 910/910 911/911 912/912
f 913/913 914/914 915/915
f 916/916 917/917 918/918
f 919/919 920/920 921/921
f 922/922 923/923 924/924
f 925/925 926/926 927/927
f 928/928 929/929 930/930
f 931/931 932/932 933/933
f 934/934 935/935 936/936
f 937/937 938/938 939/939
f 940/940 941/941 942/942
f 943/943 944/944 945/945
f 946/946 947/947 948/948
f 949/949 950/950 951/951
f 952/952 953/953 954/954
f 955/955 956/956 957/957
f 958/958 959/959 960/960
f 961/961 962/962 963/963
f 964/964 965/965 966/966
f 967/967 968/968 969/969
f 970/970 971/971 972/972
f 973/973 974/974 975/975
f 976/976 977/977 978/978
f 979/979 980/980 981/981
f 982/982 983/983 984/984
f 985/985 986/986 987/987
f 988/988 989/989 990/990
f 991/991 992/992 993/993
f 994/994 995/995 996/996
f 997/997 998/998 999/999
f 1000/1000 1001/1001 1002/1002
f 1003/1003 1004/1004 1005/1005
f 1006/1006 1007/1007 1008/1008
f 1009/1009 1010/1010 1011/1011
f 1012/1012 1013/1013 1014/1014
f 1015/1015 1016/1016 1017/1017
f 1018/1018 1019/1019 1020/1020
f 1021/1021 1022/1022 1023/1023
f 1024/1024 1025/1025 1026/1026
f 1027/1027 1028/1028 1029/1029
f 1030/1030 1031/1031 1032/1032
f 1033/1033 1034/1034 1035/1035
f 1036/1036 1037/1037 1038/1038
f 1039/1039 1040/1040 1041/1041
f 1042/1042 1043/1043 1044/1044
f 1045/1045 1046/1046 1047/1047
f 1048/1048 1049/1049 1050/1050
f 1051/1051 1052/1052 1053/1053
f 1054/1054 1055/1055 1056/1056
f 1057/1057 1058/1058 1059/1059
f 1060/1060 1061/1061 1062/1062
f 1063/1063 1064/1064 1065/1065
f 1066/1066 1067/1067 1068/1068
f 1069/1069 1070/1070 1071/1071
f 1072/1072 1073/1073 1074/1074
f 1075/1075 1076/1076 1077/1077
f 1078/1078 1079/1079 1080/1080
f 1081/1081 1082/1082 1083/1083
f 1084/1084 1085/1085 1086/1086
f 1087/1087 1088/1088 1089/1089
f 1090/1090 1091/1091 1092/1092
f 1093/1093 1094/1094 1095/1095
f 1096/1096 1097/1097 1098/1098
f 1099/1099 1100/1100 1101/1101
f 1102/1102 1103/1103 1104/1104
f 1105/1105 1106/1106 1107/1107
f 1108/1108 1109/1109 1110/1110
f 1111/1111 1112/1112 1113/1113
f 1114/1114 1115/1115 1116/1116
f 1117/1117 1118/1118 1119/1119
f 1120/1120 1121/1121 1122/1122
f 1123/1123 1124/1124 1125/1125
f 1126/1126 1127/1127 1128/1128
f 1129/1129 1130/1130 1131/1131
f 1132/1132 1133/1133 1134/1134
f 1135/1135 1136/1136 1137/1137
f 1138/1138 1139/1139 1140/1140
f 1141/1141 1142/1142 1143/1143
f 1144/1144 1145/1145 1146/1146
f 1147/1147 1148/1148 1149/1149
f 1150/1150 1151/1151 1152/1152
f 1153/1153 1154/1154 1155/1155
f 1156/1156 1157/1157 1158/1158
f 1159/1159 1160/1160 1161/1161
f 1162/1162 1163/1163 1164/1164
f 1165/1165 1166/1166 1167/1167
f 1168/1168 1169/1169 1170/1170
f 1171/1171 1172/1172 1173/1173
f 1174/1174 1175/1175 1176/1176
f 1177/1177 1178/1178 1179/1179
f 1180/1180 1181/1181 1182/1182
f 1183/1183 1184/1184 1185/1185
f 1186/1186 1187/1187 1188/1188
f 1189/1189 1190/1190 1191/1191
f 1192/1192 1193/1193 1194/1194
f 1195/1195 1196/1196 1197/1197
f 1198/1198 1199/1199 1200/1200
f 1201/1201 1202/1202 1203/1203
f 1204/1204 1205/1205 1206/1206
f 1207/1207 1208/1208 1209/1209
f 1210/1210 1211/1211 1212/1212
f 1213/1213 1214/1214 1215/1215
f 1216/1216 1217/1217 1218/1218
f 1219/1219 1220/1220 1221/1221
f 1222/1222 1223/1223 1224/1224
f 1225/1225 1226/1226 1227/1227
f 1228/1228 1229/1229 1230/1230
f 1231/1231 1232/1232 1233/1233
f 1234/1234 1235/1235 1236/1236
f 1237/1237 1238/1238 1239/1239
f 1240/1240 1241/1241 1242/1242
f 1243/1243 1244/1244 1245/1245
f 1246/1246 1247/1247 1248/1248
f 1249/1249 1250/1250 1251/1251
f 1252/1252 1253/1253 1254/1254
f 1255/1255 1256/1256 1257/1257
f 1258/1258 1259/1259 1260/1260
f 1261/1261 1262/1262 1263/1263
f 1264/1264 1265/1265 1266/1266
f 1267/1267 1268/1268 1269/1269
f 1270/1270 1271/1271 1272/1272
f 1273/1273 1274/1274 1275/1275
f 1276/1276 1277/1277 1278/1278
f 1279/1279 1280/1280 1281/1281
f 1282/1282 1283/1283 1284/1284
f 1285/1285 1286/1286 1287/1287
f 1288/1288 1289/1289 1290/1290
f 1291/1291 1292/1292 1293/1293
f 1294/1294 1295/1295 1296/1296
f 1297/1297 1298/1298 1299/1299
f 1300/1300 1301/1301 1302/1302
f 1303/1303 1304/1304 1305/1305
f 1306/1306 1307/1307 1308/1308
f 1309/1309 1310/1310 1311/1311
f 1312/1312 1313/1313 1314/1314
f 1315/1315 1316/1316 1317/1317
f 1318/1318 1319/1319 1320/1320
f 1321/1321 1322/1322 1323/1323
f 1324/1324 1325/1325 1326/1326
f 1327/1327 1328/1328 1329/1329
f 1330/1330 1331/1331 1332/1332
f 1333/1333 1334/1334 1335/1335
f 1336/1336 1337/1337 1338/1338
f 1339/1339 1340/1340 1341/1341
f 1342/1342 1343/1343 1344/1344
f 1345/1345 1346/1346 1347/1347
f 1348/1348 1349/1349 1350/1350
f 1351/1351 1352/1352 1353/1353
f 1354/1354 1355/1355 1356/1356
f 1357/1357 1358/1358 1359/1359
f 1360/1360 1361/1361 1362/1362
f 1363/1363 1364/1364 1365/1365
f 1366/1366 1367/1367 1368/1368
f 1369/1369 1370/1370 1371/1371
f 1372/1372 1373/1373 1374/1374
f 1375/1375 1376/1376 1377/1377
f 1378/1378 1379/1379 1380/1380
f 1381/1381 1382/1382 1383/1383
f 1384/1384 1385/1385 1386/1386
f 1387/1387 1388/1388 1389/1389
f 1390/1390 1391/1391 1392/1392
f 1393/1393 1394/1394 1395/1395
f 1396/1396 1397/1397 1398/1398
f 1399/1399 1400/1400 1401/1401
f 1402/1402 1403/1403 1404/1404
f 1405/1405 1406/1406 1407/1407
f 1408/1408 1409/1409 1410/1410
f 1411/1411 1412/1412 1413/1413
f 1414/1414 1415/1415 1416/1416
f 1417/1417 1418/1418 1419/1419
f 1420/1420 1421/1421 1422/1422
f 1423/1423 1424/1424 1425/1425
f 1426/1426 1427/1427 1428/1428
f 1429/1429 1430/1430 1431/1431
f 1432/1432 1433/1433 1434/1434
f 1435/1435 1436/1436 1437/1437
f 1438/1438 1439/1439 1440/1440
f 1441/1441 1442/1442 1443/1443
f 1444/1444 1445/1445 1446/1446
f 1447/1447 1448/1448 1449/1449
f 1450/1450 1451/1451 1452/1452
f 1453/1453 1454/1454 1455/1455
f 1456/1456 1457/1457 1458/1458
f 1459/1459 1460/1460 1461/1461
f 1462/1462 1463/1463 1464/1464
f 1465/1465 1466/1466 1467/1467
f 1468/1468 1469/1469 1470/1470
f 1471/1471 1472/1472 1473/1473
f 1474/1474 1475/1475 1476/1476
f 1477/1477 1478/1478 1479/1479
f 1480/1480 1481/1481 1482/1482
f 1483/1483 1484/1484 1485/1485
f 1486/1486 1487/1487 1488/1488
f 1489/1489 1490/1490 1491/1491
f 1492/1492 1493/1493 1494/1494
f 1495/1495 1496/1496 1497/1497
f 1498/1498 1499/1499 1500/1500
f 1501/1501 1502/1502 1503/1503
f 1504/1504 1505/1505 1506/1506
f 1507/1507 1508/1508 1509/1509
f 1510/1510 1511/1511 1512/1512
f 1513/1513 1514/1514 1515/1515
f 1516/1516 1517/1517 1518/1518
f 1519/1519 1520/1520 1521/1521
f 1522/1522 1523/1523 1524/1524
f 1525/1525 1526/1526 1527/1527
f 1528/1528 1529/1529 1530/1530
f 1531/1531 1532/1532 1533/1533
f 1534/1534 1535/1535 1536/1536
f 1537/1537 1538/1538 1539/1539
f 1540/1540 1541/1541 1542/1542
f 1543/1543 1544/1544 1545/1545
f 1546/1546 1547/1547 1548/1548
f 1549/1549 1550/1550 1551/1551
f 1552/1552 1553/1553 1554/1554
f 1555/1555 1556/1556 1557/1557
f 1558/1558 1559/1559 1560/1560
f 1561/1561 1562/1562 1563/1563
f 1564/1564 1565/1565 1566/1566
f 1567/1567 1568/1568 1569/1569
f 1570/1570 1571/1571 1572/1572
f 1573/1573 1574/1574 1575/1575
f 1576/1576 1577/1577 1578/1578
f 1579/1579 1580/1580 1581/1581
f 1582/1582 1583/1583 1584/1584
f 1585/1585 1586/1586 1587/1587
f 1588/1588 1589/1589 1590/1590
f 1591/1591 1592/1592 1593/1593
f 1594/1594 1595/1595 1596/1596
f 1597/1597 1598/1598 1599/1599
f 1600/1600 1601/1601 1602/1602
f 1603/1603 1604/1604 1605/1605
f 1606/1606 1607/1607 1608/1608
f 1609/1609 1610/1610 1611/1611
f 1612/1612 1613/1613 1614/1614
f 1615/1615 1616/1616 1617/1617
f 1618/1618 1619/1619 1620/1620
f 1621/1621 1622/1622 1623/1623
f 1624/1624 1625/1625 1626/1626
f 1627/1627 1628/1628 1629/1629
f 1630/1630 1631/1631 1632/1632
f 1633/1633 1634/1634 1635/1635
f 1636/1636 1637/1637 1638/1638
f 1639/1639 1640/1640 1641/1641
f 1642/1642 1643/1643 1644/1644
f 1645/1645 1646/1646 1647/1647
f 1648/1648 1649/1649 1650/1650
f 1651/1651 1652/1652 1653/1653
f 1654/1654 1655/1655 1656/1656
f 1657/1657 1658/1658 1659/1659
f 1660/1660 1661/1661 1662/1662
f 1663/1663 1664/1664 1665/1665
f 1666/1666 1667/1667 1668/1668
f 1669/1669 1670/1670 1671/1671
f 1672/1672 1673/1673 1674/1674
f 1675/1675 1676/1676 1677/1677
f 1678/1678 1679/1679 1680/1680
f 1681/1681 1682/1682 1683/1683
f 1684/1684 1685/1685 1686/1686
f 1687/1687 1688/1688 1689/1689
f 1690/1690 1691/1691 1692/1692
f 1693/1693 1694/1694 1695/1695
f 1696/1696 1697/1697 1698/1698
f 1699/1699 1700/1700 1701/1701
f 1702/1702 1703/1703 1704/1704
f 1705/1705 1706/1706 1707/1707
f 1708/1708 1709/1709 1710/1710
f 1711/1711 1712/1712 1713/1713
f 1714/1714 1715/1715 1716/1716
f 1717/1717 1718/1718 1719/1719
f 1720/1720 1721/1721 1722/1722
f 1723/1723 1724/1724 1725/1725
f 1726/1726 1727/1727 1728/1728
f 1729/1729 1730/1730 1731/1731
f 1732/1732 1733/1733 1734/1734
f 1735/1735 1736/1736 1737/1737
f 1738/1738 1739/1739 1740/1740
f 1741/1741 1742/1742 1743/1743
f 1744/1744 1745/1745 1746/1746
f 1747/1747 1748/1748 1749/1749
f 1750/1750 1751/1751 1752/1752
f 1753/1753 1754/1754 1755/1755
f 1756/1756 1757/1757 1758/1758
f 1759/1759 1760/1760 1761/1761
f 1762/1762 1763/1763 1764/1764
f 1765/1765 1766/1766 1767/1767
f 1768/1768 1769/1769 1770/1770
f 1771/1771 1772/1772 1773/1773
f 1774/1774 1775/1775 1776/1776
f 1777/1777 1778/1778 1779/1779
f 1780/1780 1781/1781 1782/1782
f 1783/1783 1784/1784 1785/1785
f 1786/1786 1787/1787 1788/1788
f 1789/1789 1790/1790 1791/1791
f 1792/1792 1793/1793 1794/1794
f 1795/1795 1796/1796 1797/1797
f 1798/1798 1799/1799 1800/1800
f 1801/1801 1802/1802 1803/1803
f 1804/1804 1805/1805 1806/1806
f 1807/1807 1808/1808 1809/1809
f 1810/1810 1811/1811 1812/1812
f 1813/1813 1814/1814 1815/1815
f 1816/1816 1817/1817 1818/1818
f 1819/1819 1820/1820 1821/1821
f 1822/1822 1823/1823 1824/1824
f 1825/1825 1826/1826 1827/1827
f 1828/1828 1829/1829 1830/1830
f 1831/1831 1832/1832 1833/1833
f 1834/1834 1835/1835 1836/1836
f 1837/1837 1838/1838 1839/1839
f 1840/1840 1841/1841 1842/1842
f 1843/1843 1844/1844 1845/1845
f 1846/1846 1847/1847 1848/1848
f 1849/1849 1850/1850 1851/1851
f 1852/1852 1853/1853 1854/1854
f 1855/1855 1856/1856 1857/1857
f 1858/1858 1859/1859 1860/1860
f 1861/1861 1862/1862 1863/1863
f 1864/1864 1865/1865 1866/1866
f 1867/1867 1868/1868 1869/1869
f 1870/1870 1871/1871 1872/1872
f 1873/1873 1874/1874 1875/1875
f 1876/1876 1877/1877 1878/1878
f 1879/1879 1880/1880 1881/1881
f 1882/1882 1883/1883 1884/1884
f 1885/1885 1886/1886 1887/1887
f 1888/1888 1889/1889 1890/1890
f 1891/1891 1892/1892 1893/1893
f 1894/1894 1895/1895 1896/1896
f 1897/1897 1898/1898 1899/1899
f 1900/1900 1901/1901 1902/1902
f 1903/1903 1904/1904 1905/1905
f 1906/1906 1907/1907 1908/1908
f 1909/1909 1910/1910 1911/1911
f 1912/1912 1913/1913 1914/1914
f 1915/1915 1916/1916 1917/1917
f 1918/1918 1919/1919 1920/1920
f 1921/1921 1922/1922 1923/1923
f 1924/1924 1925/1925 1926/1926
f 1927/1927 1928/1928 1929/1929
f 1930/1930 1931/1931 1932/1932
f 1933/1933 1934/1934 1935/1935
f 1936/1936 1937/1937 1938/1938
f 1939/1939 1940/1940 1941/1941
f 1942/1942 1943/1943 1944/1944
f 1945/1945 1946/1946 1947/1947
f 1948/1948 1949/1949 1950/1950
f 1951/1951 1952/1952 1953/1953
f 1954/1954 1955/1955 1956/1956
f 1957/1957 1958/1958 1959/1959
f 1960/1960 1961/1961 1962/1962
f 1963/1963 1964/1964 1965/1965
f 1966/1966 1967/1967 1968/1968
f 1969/1969 1970/1970 1971/1971
f 1972/1972 1973/1973 1974/1974
f 1975/1975 1976/1976 1977/1977
f 1978/1978 1979/1979 1980/1980
f 1981/1981 1982/1982 1983/1983
f 1984/1984 1985/1985 1986/1986
f 1987/1987 1988/1988 1989/1989
f 1990/1990 1991/1991 1992/1992
f 1993/1993 1994/1994 1995/1995
f 1996/1996 1997/1997 1998/1998
f 1999/1999 2000/2000 2001/2001
f 2002/2002 2003/2003 2004/2004
f 2005/2005 2006/2006 2007/2007
f 2008/2008 2009/2009 2010/2010
f 2011/2011 2012/2012 2013/2013
f 2014/2014 2015/2015 2016/2016
f 2017/2017 2018/2018 2019/2019
f 2020/2020 2021/2021 2022/2022
f 2023/2023 2024/2024 2025/2025
f 2026/2026 2027/2027 2028/2028
f 2029/2029 2030/2030 2031/2031
f 2032/2032 2033/2033 2034/2034
f 2035/2035 2036/2036 2037/2037
f 2038/2038 2039/2039 2040/2040
f 2041/2041 2042/2042 2043/2043
f 2044/2044 2045/2045 2046/2046
f 2047/2047 2048/2048 2049/2049
f 2050/2050 2051/2051 2052/2052
f 2053/2053 2054/2054 2055/2055
f 2056/2056 2057/2057 2058/2058
f 2059/2059 2060/2060 2061/2061
f 2062/2062 2063/2063 2064/2064
f 2065/2065 2066/2066 2067/2067
f 2068/2068 2069/2069 2070/2070
f 2071/2071 2072/2072 2073/2073
f 2074/2074 2075/2075 2076/2076
f 2077/2077 2078/2078 2079/2079
f 2080/2080 2081/2081 2082/2082
f 2083/2083 2084/2084 2085/2085
f 2086/2086 2087/2087 2088/2088
f 2089/2089 2090/2090 2091/2091
f 2092/2092 2093/2093 2094/2094
f 2095/2095 2096/2096 2097/2097
f 2098/2098 2099/2099 2100/2100
f 2101/2101 2102/2102 2103/2103
f 2104/2104 2105/2105 2106/2106
f 2107/2107 2108/2108 2109/2109
f 2110/2110 2111/2111 2112/2112
f 2113/2113 2114/2114 2115/2115
f 2116/2116 2117/2117 2118/2118
f 2119/2119 2120/2120 2121/2121
f 2122/2122 2123/2123 2124/2124
f 2125/2125 2126/2126 2127/2127
f 2128/2128 2129/2129 2130/2130
f 2131/2131 2132/2132 2133/2133
f 2134/2134 2135/2135 2136/2136
f 2137/2137 2138/2138 2139/2139
f 2140/2140 2141/2141 2142/2142
f 2143/2143 2144/2144 2145/2145
f 2146/2146 2147/2147 2148/2148
f 2149/2149 2150/2150 2151/2151
f 2152/2152 2153/2153 2154/2154
f 2155/2155 2156/2156 2157/2157
f 2158/2158 2159/2159 2160/2160
f 2161/2161 2162/2162 2163/2163
f 2164/2164 2165/2165 2166/2166
f 2167/2167 2168/2168 2169/2169
f 2170/2170 2171/2171 2172/2172
f 2173/2173 2174/2174 2175/2175
f 2176/2176 2177/2177 2178/2178
f 2179/2179 2180/2180 2181/2181
f 2182/2182 2183/2183 2184/2184
f 2185/2185 2186/2186 2187/2187
f 2188/2188 2189/2189 2190/2190
f 2191/2191 2192/2192 2193/2193
f 2194/2194 2195/2195 2196/2196
f 2197/2197 2198/2198 2199/2199
f 2200/2200 2201/2201 2202/2202
f 2203/2203 2204/2204 2205/2205
f 2206/2206 2207/2207 2208/2208
f 2209/2209 2210/2210 2211/2211
f 2212/2212 2213/2213 2214/2214
f 2215/2215 2216/2216 2217/2217
f 2218/2218 2219/2219 2220/2220
f 2221/2221 2222/2222 2223/2223
f 2224/2224 2225/2225 2226/2226
f 2227/2227 2228/2228 2229/2229
f 2230/2230 2231/2231 2232/2232
f 2233/2233 2234/2234 2235/2235
f 2236/2236 2237/2237 2238/2238
f 2239/2239 2240/2240 2241/2241
f 2242/2242 2243/2243 2244/2244
f 2245/2245 2246/2246 2247/2247
f 2248/2248 2249/2249 2250/2250
f 2251/2251 2252/2252 2253/2253
f 2254/2254 2255/2255 2256/2256
f 2257/2257 2258/2258 2259/2259
f 2260/2260 2261/2261 2262/2262
f 2263/2263 2264/2264 2265/2265
f 2266/2266 2267/2267 2268/2268
f 2269/2269 2270/2270 2271/2271
f 2272/2272 2273/2273 2274/2274
f 2275/2275 2276/2276 2277/2277
f 2278/2278 2279/2279 2280/2280
f 2281/2281 2282/2282 2283/2283
f 2284/2284 2285/2285 2286/2286
f 2287/2287 2288/2288 2289/2289
f 2290/2290 2291/2291 2292/2292
f 2293/2293 2294/2294 2295/2295
f 2296/2296 2297/2297 2298/2298
f 2299/2299 2300/2300 2301/2301
f 2302/2302 2303/2303 2304/2304
f 2305/2305 2306/2306 2307/2307
f 2308/2308 2309/2309 2310/2310
f 2311/2311 2312/2312 2313/2313
f 2314/2314 2315/2315 2316/2316
f 2317/2317 2318/2318 2319/2319
f 2320/2320 2321/2321 2322/2322
f 2323/2323 2324/2324 2325/2325
f 2326/2326 2327/2327 2328/2328
f 2329/2329 2330/2330 2331/2331
f 2332/2332 2333/2333 2334/2334
f 2335/2335 2336/2336 2337/2337
f 2338/2338 2339/2339 2340/2340
f 2341/2341 2342/2342 2343/2343
f 2344/2344 2345/2345 2346/2346
f 2347/2347 2348/2348 2349/2349
f 2350/2350 2351/2351 2352/2352
f 2353/2353 2354/2354 2355/2355
f 2356/2356 2357/2357 2358/2358
f 2359/2359 2360/2360 2361/2361
f 2362/2362 2363/2363 2364/2364
f 2365/2365 2366/2366 2367/2367
f 2368/2368 2369/2369 2370/2370
f 2371/2371 2372/2372 2373/2373
f 2374/2374 2375/2375 2376/2376
f 2377/2377 2378/2378 2379/2379
f 2380/2380 2381/2381 2382/2382
f 2383/2383 2384/2384 2385/2385
f 2386/2386 2387/2387 2388/2388
f 2389/2389 2390/2390 2391/2391
f 2392/2392 2393/2393 2394/2394
f 2395/2395 2396/2396 2397/2397
f 2398/2398 2399/2399 2400/2400
f 2401/2401 2402/2402 2403/2403
f 2404/2404 2405/2405 2406/2406
f 2407/2407 2408/2408 2409/2409
f 2410/2410 2411/2411 2412/2412
f 2413/2413 2414/2414 2415/2415
f 2416/2416 2417/2417 2418/2418
f 2419/2419 2420/2420 2421/2421
f 2422/2422 2423/2423 2424/2424
f 2425/2425 2426/2426 2427/2427
f 2428/2428 2429/2429 2430/2430
f 2431/2431 2432/2432 2433/2433
f 2434/2434 2435/2435 2436/2436
f 2437/2437 2438/2438 2439/2439
f 2440/2440 2441/2441 2442/2442
f 2443/2443 2444/2444 2445/2445
f 2446/2446 2447/2447 2448/2448
f 2449/2449 2450/2450 2451/2451
f 2452/2452 2453/2453 2454/2454
f 2455/2455 2456/2456 2457/2457
f 2458/2458 2459/2459 2460/2460
f 2461/2461 2462/2462 2463/2463
f 2464/2464 2465/2465 2466/2466
f 2467/2467 2468/2468 2469/2469
f 2470/2470 2471/2471 2472/2472
f 2473/2473 2474/2474 2475/2475
f 2476/2476 2477/2477 2478/2478
f 2479/2479 2480/2480 2481/2481
f 2482/2482 2483/2483 2484/2484
f 2485/2485 2486/2486 2487/2487
f 2488/2488 2489/2489 2490/2490
f 2491/2491 2492/2492 2493/2493
f 2494/2494 2495/2495 2496/2496
f 2497/2497 2498/2498 2499/2499
f 2500/2500 2501/2501 2502/2502
f 2503/2503 2504/2504 2505/2505
f 2506/2506 2507/2507 2508/2508
f 2509/2509 2510/2510 2511/2511
f 2512/2512 2513/2513 2514/2514
f 2515/2515 2516/2516 2517/2517
f 2518/2518 2519/2519 2520/2520
f 2521/2521 2522/2522 2523/2523
f 2524/2524 2525/2525 2526/2526
f 2527/2527 2528/2528 2529/2529
f 2530/2530 2531/2531 2532/2532
f 2533/2533 2534/2534 2535/2535
f 2536/2536 2537/2537 2538/2538
f 2539/2539 2540/2540 2541/2541
f 2542/2542 2543/2543 2544/2544
f 2545/2545 2546/2546 2547/2547
f 2548/2548 2549/2549 2550/2550
f 2551/2551 2552/2552 2553/2553
f 2554/2554 2555/2555 2556/2556
f 2557/2557 2558/2558 2559/2559
f 2560/2560 2561/2561 2562/2562
f 2563/2563 2564/2564 2565/2565
f 2566/2566 2567/2567 2568/2568
f 2569/2569 2570/2570 2571/2571
f 2572/2572 2573/2573 2574/2574
f 2575/2575 2576/2576 2577/2577
f 2578/2578 2579/2579 2580/2580
f 2581/2581 2582/2582 2583/2583
f 2584/2584 2585/2585 2586/2586
f 2587/2587 2588/2588 2589/2589
f 2590/2590 2591/2591 2592/2592
f 2593/2593 2594/2594 2595/2595
f 2596/2596 2597/2597 2598/2598
f 2599/2599 2600/2600 2601/2601
f 2602/2602 2603/2603 2604/2604
f 2605/2605 2606/2606 2607/2607
f 2608/2608 2609/2609 2610/2610
f 2611/2611 2612/2612 2613/2613
f 2614/2614 2615/2615 2616/2616
f 2617/2617 2618/2618 2619/2619
f 2620/2620 2621/2621 2622/2622
f 2623/2623 2624/2624 2625/2625
f 2626/2626 2627/2627 2628/2628
f 2629/2629 2630/2630 2631/2631
f 2632/2632 2633/2633 2634/2634
f 2635/2635 2636/2636 2637/2637
f 2638/2638 2639/2639 2640/2640
f 2641/2641 2642/2642 2643/2643
f 2644/2644 2645/2645 2646/2646
f 2647/2647 2648/2648 2649/2649
f 2650/2650 2651/2651 2652/2652
f 2653/2653 2654/2654 2655/2655
f 2656/2656 2657/2657 2658/2658
f 2659/2659 2660/2660 2661/2661
f 2662/2662 2663/2663 2664/2664
f 2665/2665 2666/2666 2667/2667
f 2668/2668 2669/2669 2670/2670
f 2671/2671 2672/2672 2673/2673
f 2674/2674 2675/2675 2676/2676
f 2677/2677 2678/2678 2679/2679
f 2680/2680 2681/2681 2682/2682
f 2683/2683 2684/2684 2685/2685
f 2686/2686 2687/2687 2688/2688
f 2689/2689 2690/2690 2691/2691
f 2692/2692 2693/2693 2694/2694
f 2695/2695 2696/2696 2697/2697
f 2698/2698 2699/2699 2700/2700
f 2701/2701 2702/2702 2703/2703
f 2704/2704 2705/2705 2706/2706
f 2707/2707 2708/2708 2709/2709
f 2710/2710 2711/2711 2712/2712
f 2713/2713 2714/2714 2715/2715
f 2716/2716 2717/2717 2718/2718
f 2719/2719 2720/2720 2721/2721
f 2722/2722 2723/2723 2724/2724
f 2725/2725 2726/2726 2727/2727
f 2728/2728 2729/2729 2730/2730
f 2731/2731 2732/2732 2733/2733
f 2734/2734 2735/2735 2736/2736
f 2737/2737 2738/2738 2739/2739
f 2740/2740 2741/2741 2742/2742
f 2743/2743 2744/2744 2745/2745
f 2746/2746 2747/2747 2748/2748
f 2749/2749 2750/2750 2751/2751
f 2752/2752 2753/2753 2754/2754
f 2755/2755 2756/2756 2757/2757
f 2758/2758 2759/2759 2760/2760
f 2761/2761 2762/2762 2763/2763
f 2764/2764 2765/2765 2766/2766
f 2767/2767 2768/2768 2769/2769
f 2770/2770 2771/2771 2772/2772
f 2773/2773 2774/2774 2775/2775
f 2776/2776 2777/2777 2778/2778
f 2779/2779 2780/2780 2781/2781
f 2782/2782 2783/2783 2784/2784
f 2785/2785 2786/2786 2787/2787
f 2788/2788 2789/2789 2790/2790
f 2791/2791 2792/2792 2793/2793
f 2794/2794 2795/2795 2796/2796
f 2797/2797 2798/2798 2799/2799
f 2800/2800 2801/2801 2802/2802
f 2803/2803 2804/2804 2805/2805
f 2806/2806 2807/2807 2808/2808
f 2809/2809 2810/2810 2811/2811
f 2812/2812 2813/2813 2814/2814
f 2815/2815 2816/2816 2817/2817
f 2818/2818 2819/2819 2820/2820
f 2821/2821 2822/2822 2823/2823
f 2824/2824 2825/2825 2826/2826
f 2827/2827 2828/2828 2829/2829
f 2830/2830 2831/2831 2832/2832
f 2833/2833 2834/2834 2835/2835
f 2836/2836 2837/2837 2838/2838
f 2839/2839 2840/2840 2841/2841
f 2842/2842 2843/2843 2844/2844
f 2845/2845 2846/2846 2847/2847
f 2848/2848 2849/2849 2850/2850
f 2851/2851 2852/2852 2853/2853
f 2854/2854 2855/2855 2856/2856
f 2857/2857 2858/2858 2859/2859
f 2860/2860 2861/2861 2862/2862
f 2863/2863 2864/2864 2865/2865
f 2866/2866 2867/2867 2868/2868
f 2869/2869 2870/2870 2871/2871
f 2872/2872 2873/2873 2874/2874
f 2875/2875 2876/2876 2877/2877
f 2878/2878 2879/2879 2880/2880
f 2881/2881 2882/2882 2883/2883
f 2884/2884 2885/2885 2886/2886
f 2887/2887 2888/2888 2889/2889
f 2890/2890 2891/2891 2892/2892
f 2893/2893 2894/2894 2895/2895
f 2896/2896 2897/2897 2898/2898
f 2899/2899 2900/2900 2901/2901
f 2902/2902 2903/2903 2904/2904
f 2905/2905 2906/2906 2907/2907
f 2908/2908 2909/2909 2910/2910
f 2911/2911 2912/2912 2913/2913
f 2914/2914 2915/2915 2916/2916
f 2917/2917 2918/2918 2919/2919
f 2920/2920 2921/2921 2922/2922
f 2923/2923 2924/2924 2925/2925
f 2926/2926 2927/2927 2928/2928
f 2929/2929 2930/2930 2931/2931
f 2932/2932 2933/2933 2934/2934
f 2935/2935 2936/2936 2937/2937
f 2938/2938 2939/2939 2940/2940
f 2941/2941 2942/2942 2943/2943
f 2944/2944 2945/2945 2946/2946
f 2947/2947 2948/2948 2949/2949
f 2950/2950 2951/2951 2952/2952
f 2953/2953 2954/2954 2955/2955
f 2956/2956 2957/2957 2958/2958
f 2959/2959 2960/2960 2961/2961
f 2962/2962 2963/2963 2964/2964
f 2965/2965 2966/2966 2967/2967
f 2968/2968 2969/2969 2970/2970
f 2971/2971 2972/2972 2973/2973
f 2974/2974 2975/2975 2976/2976
f 2977/2977 2978/2978 2979/2979
f 2980/2980 2981/2981 2982/2982
f 2983/2983 2984/2984 2985/2985
f 2986/2986 2987/2987 2988/2988
f 2989/2989 2990/2990 2991/2991
f 2992/2992 2993/2993 2994/2994
f 2995/2995 2996/2996 2997/2997
f 2998/2998 2999/2999 3000/3000
f 3001/3001 3002/3002 3003/3003
f 3004/3004 3005/3005 3006/3006
f 3007/3007 3008/3008 3009/3009
f 3010/3010 3011/3011 3012/3012
f 3013/3013 3014/3014 3015/3015
f 3016/3016 3017/3017 3018/3018
f 3019/3019 3020/3020 3021/3021
f 3022/3022 3023/3023 3024/3024
f 3025/3025 3026/3026 3027/3027
f 3028/3028 3029/3029 3030/3030
f 3031/3031 3032/3032 3033/3033
f 3034/3034 3035/3035 3036/3036
f 3037/3037 3038/3038 3039/3039
f 3040/3040 3041/3041 3042/3042
f 3043/3043 3044/3044 3045/3045
f 3046/3046 3047/3047 3048/3048
f 3049/3049 3050/3050 3051/3051
f 3052/3052 3053/3053 3054/3054
f 3055/3055 3056/3056 3057/3057
f 3058/3058 3059/3059 3060/3060
f 3061/3061 3062/3062 3063/3063
f 3064/3064 3065/3065 3066/3066
f 3067/3067 3068/3068 3069/3069
f 3070/3070 3071/3071 3072/3072
f 3073/3073 3074/3074 3075/3075
f 3076/3076 3077/3077 3078/3078
f 3079/3079 3080/3080 3081/3081
f 3082/3082 3083/3083 3084/3084
f 3085/3085 3086/3086 3087/3087
f 3088/3088 3089/3089 3090/3090
f 3091/3091 3092/3092 3093/3093
f 3094/3094 3095/3095 3096/3096
f 3097/3097 3098/3098 3099/3099
f 3100/3100 3101/3101 3102/3102
f 3103/3103 3104/3104 3105/3105
f 3106/3106 3107/3107 3108/3108
f 3109/3109 3110/3110 3111/3111
f 3112/3112 3113/3113 3114/3114
f 3115/3115 3116/3116 3117/3117
f 3118/3118 3119/3119 3120/3120
f 3121/3121 3122/3122 3123/3123
f 3124/3124 3125/3125 3126/3126
f 3127/3127 3128/3128 3129/3129
f 3130/3130 3131/3131 3132/3132
f 3133/3133 3134/3134 3135/3135
f 3136/3136 3137/3137 3138/3138
f 3139/3139 3140/3140 3141/3141
f 3142/3142 3143/3143 3144/3144
f 3145/3145 3146/3146 3147/3147
f 3148/3148 3149/3149 3150/3150
f 3151/3151 3152/3152 3153/3153
f 3154/3154 3155/3155 3156/3156
f 3157/3157 3158/3158 3159/3159
f 3160/3160 3161/3161 3162/3162
f 3163/3163 3164/3164 3165/3165
f 3166/3166 3167/3167 3168/3168
f 3169/3169 3170/3170 3171/3171
f 3172/3172 3173/3173 3174/3174
f 3175/3175 3176/3176 3177/3177
f 3178/3178 3179/3179 3180/3180
f 3181/3181 3182/3182 3183/3183
f 3184/3184 3185/3185 3186/3186
f 3187/3187 3188/3188 3189/3189
f 3190/3190 3191/3191 3192/3192
f 3193/3193 3194/3194 3195/3195
f 3196/3196 3197/3197 3198/3198
f 3199/3199 3200/3200 3201/3201
f 3202/3202 3203/3203 3204/3204
f 3205/3205 3206/3206 3207/3207
f 3208/3208 3209/3209 3210/3210
f 3211/3211 3212/3212 3213/3213
f 3214/3214 3215/3215 3216/3216
f 3217/3217 3218/3218 3219/3219
f 3220/3220 3221/3221 3222/3222
f 3223/3223 3224/3224 3225/3225
f 3226/3226 3227/3227 3228/3228
f 3229/3229 3230/3230 3231/3231
f 3232/3232 3233/3233 3234/3234
f 3235/3235 3236/3236 3237/3237
f 3238/3238 3239/3239 3240/3240
f 3241/3241 3242/3242 3243/3243
f 3244/3244 3245/3245 3246/3246
f 3247/3247 3248/3248 3249/3249
f 3250/3250 3251/3251 3252/3252
f 3253/3253 3254/3254 3255/3255
f 3256/3256 3257/3257 3258/3258
f 3259/3259 3260/3260 3261/3261
f 3262/3262 3263/3263 3264/3264
f 3265/3265 3266/3266 3267/3267
f 3268/3268 3269/3269 3270/3270
f 3271/3271 3272/3272 3273/3273
f 3274/3274 3275/3275 3276/3276
f 3277/3277 3278/3278 3279/3279
f 3280/3280 3281/3281 3282/3282
f 3283/3283 3284/3284 3285/3285
f 3286/3286 3287/3287 3288/3288
f 3289/3289 3290/3290 3291/3291
f 3292/3292 3293/3293 3294/3294
f 3295/3295 3296/3296 3297/3297
f 3298/3298 3299/3299 3300/3300
f 3301/3301 3302/3302 3303/3303
f 3304/3304 3305/3305 3306/3306
f 3307/3307 3308/3308 3309/3309
f 3310/3310 3311/3311 3312/3312
f 3313/3313 3314/3314 3315/3315
f 3316/3316 3317/3317 3318/3318
f 3319/3319 3320/3320 3321/3321
f 3322/3322 3323/3323 3324/3324
f 3325/3325 3326/3326 3327/3327
f 3328/3328 3329/3329 3330/3330
f 3331/3331 3332/3332 3333/3333
f 3334/3334 3335/3335 3336/3336
f 3337/3337 3338/3338 3339/3339
f 3340/3340 3341/3341 3342/3342
f 3343/3343 3344/3344 3345/3345
f 3346/3346 3347/3347 3348/3348
f 3349/3349 3350/3350 3351/3351
f 3352/3352 3353/3353 3354/3354
f 3355/3355 3356/3356 3357/3357
f 3358/3358 3359/3359 3360/3360
f 3361/3361 3362/3362 3363/3363
f 3364/3364 3365/3365 3366/3366
f 3367/3367 3368/3368 3369/3369
f 3370/3370 3371/3371 3372/3372
f 3373/3373 3374/3374 3375/3375
f 3376/3376 3377/3377 3378/3378
f 3379/3379 3380/3380 3381/3381
f 3382/3382 3383/3383 3384/3384
f 3385/3385 3386/3386 3387/3387
f 3388/3388 3389/3389 3390/3390
f 3391/3391 3392/3392 3393/3393
f 3394/3394 3395/3395 3396/3396
f 3397/3397 3398/3398 3399/3399
f 3400/3400 3401/3401 3402/3402
f 3403/3403 3404/3404 3405/3405
f 3406/3406 3407/3407 3408/3408
f 3409/3409 3410/3410 3411/3411
f 3412/3412 3413/3413 3414/3414
f 3415/3415 3416/3416 3417/3417
f 3418/3418 3419/3419 3420/3420
f 3421/3421 3422/3422 3423/3423
f 3424/3424 3425/3425 3426/3426
f 3427/3427 3428/3428 3429/3429
f 3430/3430 3431/3431 3432/3432
f 3433/3433 3434/3434 3435/3435
f 3436/3436 3437/3437 3438/3438
f 3439/3439 3440/3440 3441/3441
f 3442/3442 3443/3443 3444/3444
f 3445/3445 3446/3446 3447/3447
f 3448/3448 3449/3449 3450/3450
f 3451/3451 3452/3452 3453/3453
f 3454/3454 3455/3455 3456/3456
f 3457/3457 3458/3458 3459/3459
f 3460/3460 3461/3461 3462/3462
f 3463/3463 3464/3464 3465/3465
f 3466/3466 3467/3467 3468/3468
f 3469/3469 3470/3470 3471/3471
f 3472/3472 3473/3473 3474/3474
f 3475/3475 3476/3476 3477/3477
f 3478/3478 3479/3479 3480/3480
f 3481/3481 3482/3482 3483/3483
f 3484/3484 3485/3485 3486/3486
f 3487/3487 3488/3488 3489/3489
f 3490/3490 3491/3491 3492/3492
f 3493/3493 3494/3494 3495/3495
f 3496/3496 3497/3497 3498/3498
f 3499/3499 3500/3500 3501/3501
f 3502/3502 3503/3503 3504/3504
f 3505/3505 3506/3506 3507/3507
f 3508/3508 3509/3509 3510/3510
f 3511/3511 3512/3512 3513/3513
f 3514/3514 3515/3515 3516/3516
f 3517/3517 3518/3518 3519/3519
f 3520/3520 3521/3521 3522/3522
f 3523/3523 3524/3524 3525/3525
f 3526/3526 3527/3527 3528/3528
f 3529/3529 3530/3530 3531/3531
f 3532/3532 3533/3533 3534/3534
f 3535/3535 3536/3536 3537/3537
f 3538/3538 3539/3539 3540/3540
f 3541/3541 3542/3542 3543/3543
f 3544/3544 3545/3545 3546/3546
f 3547/3547 3548/3548 3549/3549
f 3550/3550 3551/3551 3552/3552
f 3553/3553 3554/3554 3555/3555
f 3556/3556 3557/3557 3558/3558
f 3559/3559 3560/3560 3561/3561
f 3562/3562 3563/3563 3564/3564
f 3565/3565 3566/3566 3567/3567
f 3568/3568 3569/3569 3570/3570
f 3571/3571 3572/3572 3573/3573
f 3574/3574 3575/3575 3576/3576
f 3577/3577 3578/3578 3579/3579
f 3580/3580 3581/3581 3582/3582
f 3583/3583 3584/3584 3585/3585
f 3586/3586 3587/3587 3588/3588
f 3589/3589 3590/3590 3591/3591
f 3592/3592 3593/3593 3594/3594
f 3595/3595 3596/3596 3597/3597
f 3598/3598 3599/3599 3600/3600
f 3601/3601 3602/3602 3603/3603
f 3604/3604 3605/3605 3606/3606
f 3607/3607 3608/3608 3609/3609
f 3610/3610 3611/3611 3612/3612
f 3613/3613 3614/3614 3615/3615
f 3616/3616 3617/3617 3618/3618
f 3619/3619 3620/3620 3621/3621
f 3622/3622 3623/3623 3624/3624
f 3625/3625 3626/3626 3627/3627
f 3628/3628 3629/3629 3630/3630
f 3631/3631 3632/3632 3633/3633
f 3634/3634 3635/3635 3636/3636
f 3637/3637 3638/3638 3639/3639
f 3640/3640 3641/3641 3642/3642
f 3643/3643 3644/3644 3645/3645
f 3646/3646 3647/3647 3648/3648
f 3649/3649 3650/3650 3651/3651
f 3652/3652 3653/3653 3654/3654
f 3655/3655 3656/3656 3657/3657
f 3658/3658 3659/3659 3660/3660
f 3661/3661 3662/3662 3663/3663
f 3664/3664 3665/3665 3666/3666
f 3667/3667 3668/3668 3669/3669
f 3670/3670 3671/3671 3672/3672
f 3673/3673 3674/3674 3675/3675
f 3676/3676 3677/3677 3678/3678
f 3679/3679 3680/3680 3681/3681
f 3682/3682 3683/3683 3684/3684
f 3685/3685 3686/3686 3687/3687
f 3688/3688 3689/3689 3690/3690
f 3691/3691 3692/3692 3693/3693
f 3694/3694 3695/3695 3696/3696
f 3697/3697 3698/3698 3699/3699
f 3700/3700 3701/3701 3702/3702
f 3703/3703 3704/3704 3705/3705
f 3706/3706 3707/3707 3708/3708
f 3709/3709 3710/3710 3711/3711
f 3712/3712 3713/3713 3714/3714
f 3715/3715 3716/3716 3717/3717
f 3718/3718 3719/3719 3720/3720
f 3721/3721 3722/3722 3723/3723
f 3724/3724 3725/3725 3726/3726
f 3727/3727 3728/3728 3729/3729
f 3730/3730 3731/3731 3732/3732
f 3733/3733 3734/3734 3735/3735
f 3736/3736 3737/3737 3738/3738
f 3739/3739 3740/3740 3741/3741
f 3742/3742 3743/3743 3744/3744
f 3745/3745 3746/3746 3747/3747
f 3748/3748 3749/3749 3750/3750
f 3751/3751 3752/3752 3753/3753
f 3754/3754 3755/3755 3756/3756
f 3757/3757 3758/3758 3759/3759
f 3760/3760 3761/3761 3762/3762
f 3763/3763 3764/3764 3765/3765
f 3766/3766 3767/3767 3768/3768
f 3769/3769 3770/3770 3771/3771
f 3772/3772 3773/3773 3774/3774
f 3775/3775 3776/3776 3777/3777
f 3778/3778 3779/3779 3780/3780
f 3781/3781 3782/3782 3783/3783
f 3784/3784 3785/3785 3786/3786
f 3787/3787 3788/3788 3789/3789
f 3790/3790 3791/3791 3792/3792
f 3793/3793 3794/3794 3795/3795
f 3796/3796 3797/3797 3798/3798
f 3799/3799 3800/3800 3801/3801
f 3802/3802 3803/3803 3804/3804
f 3805/3805 3806/3806 3807/3807
f 3808/3808 3809/3809 3810/3810
f 3811/3811 3812/3812 3813/3813
f 3814/3814 3815/3815 3816/3816
f 3817/3817 3818/3818 3819/3819
f 3820/3820 3821/3821 3822/3822
f 3823/3823 3824/3824 3825/3825
f 3826/3826 3827/3827 3828/3828
f 3829/3829 3830/3830 3831/3831
f 3832/3832 3833/3833 3834/3834
f 3835/3835 3836/3836 3837/3837
f 3838/3838 3839/3839 3840/3840
f 3841/3841 3842/3842 3843/3843
f 3844/3844 3845/3845 3846/3846
f 3847/3847 3848/3848 3849/3849
f 3850/3850 3851/3851 3852/3852
f 3853/3853 3854/3854 3855/3855
f 3856/3856 3857/3857 3858/3858
f 3859/3859 3860/3860 3861/3861
f 3862/3862 3863/3863 3864/3864
f 3865/3865 3866/3866 3867/3867
f 3868/3868 3869/3869 3870/3870
f 3871/3871 3872/3872 3873/3873
f 3874/3874 3875/3875 3876/3876
f 3877/3877 3878/3878 3879/3879
f 3880/3880 3881/3881 3882/3882
f 3883/3883 3884/3884 3885/3885
f 3886/3886 3887/3887 3888/3888
f 3889/3889 3890/3890 3891/3891
f 3892/3892 3893/3893 3894/3894
f 3895/3895 3896/3896 3897/3897
f 3898/3898 3899/3899 3900/3900
f 3901/3901 3902/3902 3903/3903
f 3904/3904 3905/3905 3906/3906
f 3907/3907 3908/3908 3909/3909
f 3910/3910 3911/3911 3912/3912
f 3913/3913 3914/3914 3915/3915
f 3916/3916 3917/3917 3918/3918
f 3919/3919 3920/3920 3921/3921
f 3922/3922 3923/3923 3924/3924
f 3925/3925 3926/3926 3927/3927
f 3928/3928 3929/3929 3930/3930
f 3931/3931 3932/3932 3933/3933
f 3934/3934 3935/3935 3936/3936
f 3937/3937 3938/3938 3939/3939
f 3940/3940 3941/3941 3942/3942
f 3943/3943 3944/3944 3945/3945
f 3946/3946 3947/3947 3948/3948
f 3949/3949 3950/3950 3951/3951
f 3952/3952 3953/3953 3954/3954
f 3955/3955 3956/3956 3957/3957
f 3958/3958 3959/3959 3960/3960
f 3961/3961 3962/3962 3963/3963
f 3964/3964 3965/3965 3966/3966
f 3967/3967 3968/3968 3969/3969
f 3970/3970 3971/3971 3972/3972
f 3973/3973 3974/3974 3975/3975
f 3976/3976 3977/3977 3978/3978
f 3979/3979 3980/3980 3981/3981
f 3982/3982 3983/3983 3984/3984
f 3985/3985 3986/3986 3987/3987
f 3988/3988 3989/3989 3990/3990
f 3991/3991 3992/3992 3993/3993
f 3994/3994 3995/3995 3996/3996
f 3997/3997 3998/3998 3999/3999
f 4000/4000 4001/4001 4002/4002
f 4003/4003 4004/4004 4005/4005
f 4006/4006 4007/4007 4008/4008
f 4009/4009 4010/4010 4011/4011
f 4012/4012 4013/4013 4014/4014
f 4015/4015 4016/4016 4017/4017
f 4018/4018 4019/4019 4020/4020
f 4021/4021 4022/4022 4023/4023
f 4024/4024 4025/4025 4026/4026
f 4027/4027 4028/4028 4029/4029
f 4030/4030 4031/4031 4032/4032
f 4033/4033 4034/4034 4035/4035
f 4036/4036 4037/4037 4038/4038
f 4039/4039 4040/4040 4041/4041
f 4042/4042 4043/4043 4044/4044
f 4045/4045 4046/4046 4047/4047
f 4048/4048 4049/4049 4050/4050
f 4051/4051 4052/4052 4053/4053
f 4054/4054 4055/4055 4056/4056
f 4057/4057 4058/4058 4059/4059
f 4060/4060 4061/4061 4062/4062
f 4063/4063 4064/4064 4065/4065
f 4066/4066 4067/4067 4068/4068
f 4069/4069 4070/4070 4071/4071
f 4072/4072 4073/4073 4074/4074
f 4075/4075 4076/4076 4077/4077
f 4078/4078 4079/4079 4080/4080
f 4081/4081 4082/4082 4083/4083
f 4084/4084 4085/4085 4086/4086
f 4087/4087 4088/4088 4089/4089
f 4090/4090 4091/4091 4092/4092
f 4093/4093 4094/4094 4095/4095
f 4096/4096 4097/4097 4098/4098
f 4099/4099 4100/4100 4101/4101
f 4102/4102 4103/4103 4104/4104
f 4105/4105 4106/4106 4107/4107
f 4108/4108 4109/4109 4110/4110
f 4111/4111 4112/4112 4113/4113
f 4114/4114 4115/4115 4116/4116
f 4117/4117 4118/4118 4119/4119
f 4120/4120 4121/4121 4122/4122
f 4123/4123 4124/4124 4125/4125
f 4126/4126 4127/4127 4128/4128
f 4129/4129 4130/4130 4131/4131
f 4132/4132 4133/4133 4134/4134
f 4135/4135 4136/4136 4137/4137
f 4138/4138 4139/4139 4140/4140
f 4141/4141 4142/4142 4143/4143
f 4144/4144 4145/4145 4146/4146
f 4147/4147 4148/4148 4149/4149
f 4150/4150 4151/4151 4152/4152
f 4153/4153 4154/4154 4155/4155
f 4156/4156 4157/4157 4158/4158
f 4159/4159 4160/4160 4161/4161
f 4162/4162 4163/4163 4164/4164
f 4165/4165 4166/4166 4167/4167
f 4168/4168 4169/4169 4170/4170
f 4171/4171 4172/4172 4173/4173
f 4174/4174 4175/4175 4176/4176
f 4177/4177 4178/4178 4179/4179
f 4180/4180 4181/4181 4182/4182
f 4183/4183 4184/4184 4185/4185
f 4186/4186 4187/4187 4188/4188
f 4189/4189 4190/4190 4191/4191
f 4192/4192 4193/4193 4194/4194
f 4195/4195 4196/4196 4197/4197
f 4198/4198 4199/4199 4200/4200
f 4201/4201 4202/4202 4203/4203
f 4204/4204 4205/4205 4206/4206
f 4207/4207 4208/4208 4209/4209
f 4210/4210 4211/4211 4212/4212
f 4213/4213 4214/4214 4215/4215
f 4216/4216 4217/4217 4218/4218
f 4219/4219 4220/4220 4221/4221
f 4222/4222 4223/4223 4224/4224
f 4225/4225 4226/4226 4227/4227
f 4228/4228 4229/4229 4230/4230
f 4231/4231 4232/4232 4233/4233
f 4234/4234 4235/4235 4236/4236
f 4237/4237 4238/4238 4239/4239
f 4240/4240 4241/4241 4242/4242
f 4243/4243 4244/4244 4245/4245
f 4246/4246 4247/4247 4248/4248
f 4249/4249 4250/4250 4251/4251
f 4252/4252 4253/4253 4254/4254
f 4255/4255 4256/4256 4257/4257
f 4258/4258 4259/4259 4260/4260
f 4261/4261 4262/4262 4263/4263
f 4264/4264 4265/4265 4266/4266
f 4267/4267 4268/4268 4269/4269
f 4270/4270 4271/4271 4272/4272
f 4273/4273 4274/4274 4275/4275
f 4276/4276 4277/4277 4278/4278
f 4279/4279 4280/4280 4281/4281
f 4282/4282 4283/4283 4284/4284
f 4285/4285 4286/4286 4287/4287
f 4288/4288 4289/4289 4290/4290
f 4291/4291 4292/4292 4293/4293
f 4294/4294 4295/4295 4296/4296
f 4297/4297 4298/4298 4299/4299
f 4300/4300 4301/4301 4302/4302
f 4303/4303 4304/4304 4305/4305
f 4306/4306 4307/4307 4308/4308
f 4309/4309 4310/4310 4311/4311
f 4312/4312 4313/4313 4314/4314
f 4315/4315 4316/4316 4317/4317
f 4318/4318 4319/4319 4320/4320
f 4321/4321 4322/4322 4323/4323
f 4324/4324 4325/4325 4326/4326
f 4327/4327 4328/4328 4329/4329
f 4330/4330 4331/4331 4332/4332
f 4333/4333 4334/4334 4335/4335
f 4336/4336 4337/4337 4338/4338
f 4339/4339 4340/4340 4341/4341
f 4342/4342 4343/4343 4344/4344
f 4345/4345 4346/4346 4347/4347
f 4348/4348 4349/4349 4350/4350
f 4351/4351 4352/4352 4353/4353
f 4354/4354 4355/4355 4356/4356
f 4357/4357 4358/4358 4359/4359
f 4360/4360 4361/4361 4362/4362
f 4363/4363 4364/4364 4365/4365
f 4366/4366 4367/4367 4368/4368
f 4369/4369 4370/4370 4371/4371
f 4372/4372 4373/4373 4374/4374
f 4375/4375 4376/4376 4377/4377
f 4378/4378 4379/4379 4380/4380
f 4381/4381 4382/4382 4383/4383
f 4384/4384 4385/4385 4386/4386
f 4387/4387 4388/4388 4389/4389
f 4390/4390 4391/4391 4392/4392
f 4393/4393 4394/4394 4395/4395
f 4396/4396 4397/4397 4398/4398
f 4399/4399 4400/4400 4401/4401
f 4402/4402 4403/4403 4404/4404
f 4405/4405 4406/4406 4407/4407
f 4408/4408 4409/4409 4410/4410
f 4411/4411 4412/4412 4413/4413
f 4414/4414 4415/4415 4416/4416
f 4417/4417 4418/4418 4419/4419
f 4420/4420 4421/4421 4422/4422
f 4423/4423 4424/4424 4425/4425
f 4426/4426 4427/4427 4428/4428
f 4429/4429 4430/4430 4431/4431
f 4432/4432 4433/4433 4434/4434
f 4435/4435 4436/4436 4437/4437
f 4438/4438 4439/4439 4440/4440
f 4441/4441 4442/4442 4443/4443
f 4444/4444 4445/4445 4446/4446
f 4447/4447 4448/4448 4449/4449
f 4450/4450 4451/4451 4452/4452
f 4453/4453 4454/4454 4455/4455
f 4456/4456 4457/4457 4458/4458
f 4459/4459 4460/4460 4461/4461
f 4462/4462 4463/4463 4464/4464
f 4465/4465 4466/4466 4467/4467
f 4468/4468 4469/4469 4470/4470
f 4471/4471 4472/4472 4473/4473
f 4474/4474 4475/4475 4476/4476
f 4477/4477 4478/4478 4479/4479
f 4480/4480 4481/4481 4482/4482
f 4483/4483 4484/4484 4485/4485
f 4486/4486 4487/4487 4488/4488
f 4489/4489 4490/4490 4491/4491
f 4492/4492 4493/4493 4494/4494
f 4495/4495 4496/4496 4497/4497
f 4498/4498 4499/4499 4500/4500
f 4501/4501 4502/4502 4503/4503
f 4504/4504 4505/4505 4506/4506
f 4507/4507 4508/4508 4509/4509
f 4510/4510 4511/4511 4512/4512
f 4513/4513 4514/4514 4515/4515
f 4516/4516 4517/4517 4518/4518
f 4519/4519 4520/4520 4521/4521
f 4522/4522 4523/4523 4524/4524
f 4525/4525 4526/4526 4527/4527
f 4528/4528 4529/4529 4530/4530
f 4531/4531 4532/4532 4533/4533
f 4534/4534 4535/4535 4536/4536
f 4537/4537 4538/4538 4539/4539
f 4540/4540 4541/4541 4542/4542
f 4543/4543 4544/4544 4545/4545
f 4546/4546 4547/4547 4548/4548
f 4549/4549 4550/4550 4551/4551
f 4552/4552 4553/4553 4554/4554
f 4555/4555 4556/4556 4557/4557
f 4558/4558 4559/4559 4560/4560
f 4561/4561 4562/4562 4563/4563
f 4564/4564 4565/4565 4566/4566
f 4567/4567 4568/4568 4569/4569
f 4570/4570 4571/4571 4572/4572
f 4573/4573 4574/4574 4575/4575
f 4576/4576 4577/4577 4578/4578
f 4579/4579 4580/4580 4581/4581
f 4582/4582 4583/4583 4584/4584
f 4585/4585 4586/4586 4587/4587
f 4588/4588 4589/4589 4590/4590
f 4591/4591 4592/4592 4593/4593
f 4594/4594 4595/4595 4596/4596
f 4597/4597 4598/4598 4599/4599
f 4600/4600 4601/4601 4602/4602
f 4603/4603 4604/4604 4605/4605
f 4606/4606 4607/4607 4608/4608
f 4609/4609 4610/4610 4611/4611
f 4612/4612 4613/4613 4614/4614
f 4615/4615 4616/4616 4617/4617
f 4618/4618 4619/4619 4620/4620
f 4621/4621 4622/4622 4623/4623
f 4624/4624 4625/4625 4626/4626
f 4627/4627 4628/4628 4629/4629
f 4630/4630 4631/4631 4632/4632
f 4633/4633 4634/4634 4635/4635
f 4636/4636 4637/4637 4638/4638
f 4639/4639 4640/4640 4641/4641
f 4642/4642 4643/4643 4644/4644
f 4645/4645 4646/4646 4647/4647
f 4648/4648 4649/4649 4650/4650
f 4651/4651 4652/4652 4653/4653
f 4654/4654 4655/4655 4656/4656
f 4657/4657 4658/4658 4659/4659
f 4660/4660 4661/4661 4662/4662
f 4663/4663 4664/4664 4665/4665
f 4666/4666 4667/4667 4668/4668
f 4669/4669 4670/4670 4671/4671
f 4672/4672 4673/4673 4674/4674
f 4675/4675 4676/4676 4677/4677
f 4678/4678 4679/4679 4680/4680
f 4681/4681 4682/4682 4683/4683
f 4684/4684 4685/4685 4686/4686
f 4687/4687 4688/4688 4689/4689
f 4690/4690 4691/4691 4692/4692
f 4693/4693 4694/4694 4695/4695
f 4696/4696 4697/4697 4698/4698
f 4699/4699 4700/4700 4701/4701
f 4702/4702 4703/4703 4704/4704
f 4705/4705 4706/4706 4707/4707
f 4708/4708 4709/4709 4710/4710
f 4711/4711 4712/4712 4713/4713
f 4714/4714 4715/4715 4716/4716
f 4717/4717 4718/4718 4719/4719
f 4720/4720 4721/4721 4722/4722
f 4723/4723 4724/4724 4725/4725
f 4726/4726 4727/4727 4728/4728
f 4729/4729 4730/4730 4731/4731
f 4732/4732 4733/4733 4734/4734
f 4735/4735 4736/4736 4737/4737
f 4738/4738 4739/4739 4740/4740
f 4741/4741 4742/4742 4743/4743
f 4744/4744 4745/4745 4746/4746
f 4747/4747 4748/4748 4749/4749
f 4750/4750 4751/4751 4752/4752
f 4753/4753 4754/4754 4755/4755
f 4756/4756 4757/4757 4758/4758
f 4759/4759 4760/4760 4761/4761
f 4762/4762 4763/4763 4764/4764
f 4765/4765 4766/4766 4767/4767
f 4768/4768 4769/4769 4770/4770
f 4771/4771 4772/4772 4773/4773
f 4774/4774 4775/4775 4776/4776
f 4777/4777 4778/4778 4779/4779
f 4780/4780 4781/4781 4782/4782
f 4783/4783 4784/4784 4785/4785
f 4786/4786 4787/4787 4788/4788
f 4789/4789 4790/4790 4791/4791
f 4792/4792 4793/4793 4794/4794
f 4795/4795 4796/4796 4797/4797
f 4798/4798 4799/4799 4800/4800
f 4801/4801 4802/4802 4803/4803
f 4804/4804 4805/4805 4806/4806
f 4807/4807 4808/4808 4809/4809
f 4810/4810 4811/4811 4812/4812
f 4813/4813 4814/4814 4815/4815
f 4816/4816 4817/4817 4818/4818
f 4819/4819 4820/4820 4821/4821
f 4822/4822 4823/4823 4824/4824
f 4825/4825 4826/4826 4827/4827
f 4828/4828 4829/4829 4830/4830
f 4831/4831 4832/4832 4833/4833
f 4834/4834 4835/4835 4836/4836
f 4837/4837 4838/4838 4839/4839
f 4840/4840 4841/4841 4842/4842
f 4843/4843 4844/4844 4845/4845
f 4846/4846 4847/4847 4848/4848
f 4849/4849 4850/4850 4851/4851
f 4852/4852 4853/4853 4854/4854
f 4855/4855 4856/4856 4857/4857
f 4858/4858 4859/4859 4860/4860
f 4861/4861 4862/4862 4863/4863
f 4864/4864 4865/4865 4866/4866
f 4867/4867 4868/4868 4869/4869
f 4870/4870 4871/4871 4872/4872
f 4873/4873 4874/4874 4875/4875
f 4876/4876 4877/4877 4878/4878
f 4879/4879 4880/4880 4881/4881
f 4882/4882 4883/4883 4884/4884
f 4885/4885 4886/4886 4887/4887
f 4888/4888 4889/4889 4890/4890
f 4891/4891 4892/4892 4893/4893
f 4894/4894 4895/4895 4896/4896
f 4897/4897 4898/4898 4899/4899
f 4900/4900 4901/4901 4902/4902
f 4903/4903 4904/4904 4905/4905
f 4906/4906 4907/4907 4908/4908
f 4909/4909 4910/4910 4911/4911
f 4912/4912 4913/4913 4914/4914
f 4915/4915 4916/4916 4917/4917
f 4918/4918 4919/4919 4920/4920
f 4921/4921 4922/4922 4923/4923
f 4924/4924 4925/4925 4926/4926
f 4927/4927 4928/4928 4929/4929
f 4930/4930 4931/4931 4932/4932
f 4933/4933 4934/4934 4935/4935
f 4936/4936 4937/4937 4938/4938
f 4939/4939 4940/4940 4941/4941
f 4942/4942 4943/4943 4944/4944
f 4945/4945 4946/4946 4947/4947
f 4948/4948 4949/4949 4950/4950
f 4951/4951 4952/4952 4953/4953
f 4954/4954 4955/4955 4956/4956
f 4957/4957 4958/4958 4959/4959
f 4960/4960 4961/4961 4962/4962
f 4963/4963 4964/4964 4965/4965
f 4966/4966 4967/4967 4968/4968
f 4969/4969 4970/4970 4971/4971
f 4972/4972 4973/4973 4974/4974
f 4975/4975 4976/4976 4977/4977
f 4978/4978 4979/4979 4980/4980
f 4981/4981 4982/4982 4983/4983
f 4984/4984 4985/4985 4986/4986
f 4987/4987 4988/4988 4989/4989
f 4990/4990 4991/4991 4992/4992
f 4993/4993 4994/4994 4995/4995
f 4996/4996 4997/4997 4998/4998
f 4999/4999 5000/5000 5001/5001
f 5002/5002 5003/5003 5004/5004
f 5005/5005 5006/5006 5007/5007
f 5008/5008 5009/5009 5010/5010
f 5011/5011 5012/5012 5013/5013
f 5014/5014 5015/5015 5016/5016
f 5017/5017 5018/5018 5019/5019
f 5020/5020 5021/5021 5022/5022
f 5023/5023 5024/5024 5025/5025
f 5026/5026 5027/5027 5028/5028
f 5029/5029 5030/5030 5031/5031
f 5032/5032 5033/5033 5034/5034
f 5035/5035 5036/5036 5037/5037
f 5038/5038 5039/5039 5040/5040
f 5041/5041 5042/5042 5043/5043
f 5044/5044 5045/5045 5046/5046
f 5047/5047 5048/5048 5049/5049
f 5050/5050 5051/5051 5052/5052
f 5053/5053 5054/5054 5055/5055
f 5056/5056 5057/5057 5058/5058
f 5059/5059 5060/5060 5061/5061
f 5062/5062 5063/5063 5064/5064
f 5065/5065 5066/5066 5067/5067
f 5068/5068 5069/5069 5070/5070
f 5071/5071 5072/5072 5073/5073
f 5074/5074 5075/5075 5076/5076
f 5077/5077 5078/5078 5079/5079
f 5080/5080 5081/5081 5082/5082
f 5083/5083 5084/5084 5085/5085
f 5086/5086 5087/5087 5088/5088
f 5089/5089 5090/5090 5091/5091
f 5092/5092 5093/5093 5094/5094
f 5095/5095 5096/5096 5097/5097
f 5098/5098 5099/5099 5100/5100
f 5101/5101 5102/5102 5103/5103
f 5104/5104 5105/5105 5106/5106
f 5107/5107 5108/5108 5109/5109
f 5110/5110 5111/5111 5112/5112
f 5113/5113 5114/5114 5115/5115
f 5116/5116 5117/5117 5118/5118
f 5119/5119 5120/5120 5121/5121
f 5122/5122 5123/5123 5124/5124
f 5125/5125 5126/5126 5127/5127
f 5128/5128 5129/5129 5130/5130
f 5131/5131 5132/5132 5133/5133
f 5134/5134 5135/5135 5136/5136
f 5137/5137 5138/5138 5139/5139
f 5140/5140 5141/5141 5142/5142
f 5143/5143 5144/5144 5145/5145
f 5146/5146 5147/5147 5148/5148
f 5149/5149 5150/5150 5151/5151
f 5152/5152 5153/5153 5154/5154
f 5155/5155 5156/5156 5157/5157
f 5158/5158 5159/5159 5160/5160
f 5161/5161 5162/5162 5163/5163
f 5164/5164 5165/5165 5166/5166
f 5167/5167 5168/5168 5169/5169
f 5170/5170 5171/5171 5172/5172
f 5173/5173 5174/5174 5175/5175
f 5176/5176 5177/5177 5178/5178
f 5179/5179 5180/5180 5181/5181
f 5182/5182 5183/5183 5184/5184
f 5185/5185 5186/5186 5187/5187
f 5188/5188 5189/5189 5190/5190
f 5191/5191 5192/5192 5193/5193
f 5194/5194 5195/5195 5196/5196
f 5197/5197 5198/5198 5199/5199
f 5200/5200 5201/5201 5202/5202
f 5203/5203 5204/5204 5205/5205
f 5206/5206 5207/5207 5208/5208
f 5209/5209 5210/5210 5211/5211
f 5212/5212 5213/5213 5214/5214
f 5215/5215 5216/5216 5217/5217
f 5218/5218 5219/5219 5220/5220
f 5221/5221 5222/5222 5223/5223
f 5224/5224 5225/5225 5226/5226
f 5227/5227 5228/5228 5229/5229
f 5230/5230 5231/5231 5232/5232
f 5233/5233 5234/5234 5235/5235
f 5236/5236 5237/5237 5238/5238
f 5239/5239 5240/5240 5241/5241
f 5242/5242 5243/5243 5244/5244
f 5245/5245 5246/5246 5247/5247
f 5248/5248 5249/5249 5250/5250
f 5251/5251 5252/5252 5253/5253
f 5254/5254 5255/5255 5256/5256
f 5257/5257 5258/5258 5259/5259
f 5260/5260 5261/5261 5262/5262
f 5263/5263 5264/5264 5265/5265
f 5266/5266 5267/5267 5268/5268
f 5269/5269 5270/5270 5271/5271
f 5272/5272 5273/5273 5274/5274
f 5275/5275 5276/5276 5277/5277
f 5278/5278 5279/5279 5280/5280
f 5281/5281 5282/5282 5283/5283
f 5284/5284 5285/5285 5286/5286
f 5287/5287 5288/5288 5289/5289
f 5290/5290 5291/5291 5292/5292
f 5293/5293 5294/5294 5295/5295
f 5296/5296 5297/5297 5298/5298
f 5299/5299 5300/5300 5301/5301
f 5302/5302 5303/5303 5304/5304
f 5305/5305 5306/5306 5307/5307
f 5308/5308 5309/5309 5310/5310
f 5311/5311 5312/5312 5313/5313
f 5314/5314 5315/5315 5316/5316
f 5317/5317 5318/5318 5319/5319
f 5320/5320 5321/5321 5322/5322
f 5323/5323 5324/5324 5325/5325
f 5326/5326 5327/5327 5328/5328
f 5329/5329 5330/5330 5331/5331
f 5332/5332 5333/5333 5334/5334
f 5335/5335 5336/5336 5337/5337
f 5338/5338 5339/5339 5340/5340
f 5341/5341 5342/5342 5343/5343
f 5344/5344 5345/5345 5346/5346
f 5347/5347 5348/5348 5349/5349
f 5350/5350 5351/5351 5352/5352
f 5353/5353 5354/5354 5355/5355
f 5356/5356 5357/5357 5358/5358
f 5359/5359 5360/5360 5361/5361
f 5362/5362 5363/5363 5364/5364
f 5365/5365 5366/5366 5367/5367
f 5368/5368 5369/5369 5370/5370
f 5371/5371 5372/5372 5373/5373
f 5374/5374 5375/5375 5376/5376
f 5377/5377 5378/5378 5379/5379
f 5380/5380 5381/5381 5382/5382
f 5383/5383 5384/5384 5385/5385
f 5386/5386 5387/5387 5388/5388
f 5389/5389 5390/5390 5391/5391
f 5392/5392 5393/5393 5394/5394
f 5395/5395 5396/5396 5397/5397
f 5398/5398 5399/5399 5400/5400
f 5401/5401 5402/5402 5403/5403
f 5404/5404 5405/5405 5406/5406
f 5407/5407 5408/5408 5409/5409
f 5410/5410 5411/5411 5412/5412
f 5413/5413 5414/5414 5415/5415
f 5416/5416 5417/5417 5418/5418
f 5419/5419 5420/5420 5421/5421
f 5422/5422 5423/5423 5424/5424
f 5425/5425 5426/5426 5427/5427
f 5428/5428 5429/5429 5430/5430
f 5431/5431 5432/5432 5433/5433
f 5434/5434 5435/5435 5436/5436
f 5437/5437 5438/5438 5439/5439
f 5440/5440 5441/5441 5442/5442
f 5443/5443 5444/5444 5445/5445
f 5446/5446 5447/5447 5448/5448
f 5449/5449 5450/5450 5451/5451
f 5452/5452 5453/5453 5454/5454
f 5455/5455 5456/5456 5457/5457
f 5458/5458 5459/5459 5460/5460
f 5461/5461 5462/5462 5463/5463
f 5464/5464 5465/5465 5466/5466
f 5467/5467 5468/5468 5469/5469
f 5470/5470 5471/5471 5472/5472
f 5473/5473 5474/5474 5475/5475
f 5476/5476 5477/5477 5478/5478
f 5479/5479 5480/5480 5481/5481
f 5482/5482 5483/5483 5484/5484
f 5485/5485 5486/5486 5487/5487
f 5488/5488 5489/5489 5490/5490
f 5491/5491 5492/5492 5493/5493
f 5494/5494 5495/5495 5496/5496
f 5497/5497 5498/5498 5499/5499
f 5500/5500 5501/5501 5502/5502
f 5503/5503 5504/5504 5505/5505
f 5506/5506 5507/5507 5508/5508
f 5509/5509 5510/5510 5511/5511
f 5512/5512 5513/5513 5514/5514
f 5515/5515 5516/5516 5517/5517
f 5518/5518 5519/5519 5520/5520
f 5521/5521 5522/5522 5523/5523
f 5524/5524 5525/5525 5526/5526
f 5527/5527 5528/5528 5529/5529
f 5530/5530 5531/5531 5532/5532
f 5533/5533 5534/5534 5535/5535
f 5536/5536 5537/5537 5538/5538
f 5539/5539 5540/5540 5541/5541
f 5542/5542 5543/5543 5544/5544
f 5545/5545 5546/5546 5547/5547
f 5548/5548 5549/5549 5550/5550
f 5551/5551 5552/5552 5553/5553
f 5554/5554 5555/5555 5556/5556
f 5557/5557 5558/5558 5559/5559
f 5560/5560 5561/5561 5562/5562
f 5563/5563 5564/5564 5565/5565
f 5566/5566 5567/5567 5568/5568
f 5569/5569 5570/5570 5571/5571
f 5572/5572 5573/5573 5574/5574
f 5575/5575 5576/5576 5577/5577
f 5578/5578 5579/5579 5580/5580
f 5581/5581 5582/5582 5583/5583
f 5584/5584 5585/5585 5586/5586
f 5587/5587 5588/5588 5589/5589
f 5590/5590 5591/5591 5592/5592
f 5593/5593 5594/5594 5595/5595
f 5596/5596 5597/5597 5598/5598
f 5599/5599 5600/5600 5601/5601
f 5602/5602 5603/5603 5604/5604
f 5605/5605 5606/5606 5607/5607
f 5608/5608 5609/5609 5610/5610
f 5611/5611 5612/5612 5613/5613
f 5614/5614 5615/5615 5616/5616
f 5617/5617 5618/5618 5619/5619
f 5620/5620 5621/5621 5622/5622
f 5623/5623 5624/5624 5625/5625
f 5626/5626 5627/5627 5628/5628
f 5629/5629 5630/5630 5631/5631
f 5632/5632 5633/5633 5634/5634
f 5635/5635 5636/5636 5637/5637
f 5638/5638 5639/5639 5640/5640
f 5641/5641 5642/5642 5643/5643
f 5644/5644 5645/5645 5646/5646
f 5647/5647 5648/5648 5649/5649
f 5650/5650 5651/5651 5652/5652
f 5653/5653 5654/5654 5655/5655
f 5656/5656 5657/5657 5658/5658
f 5659/5659 5660/5660 5661/5661
f 5662/5662 5663/5663 5664/5664
f 5665/5665 5666/5666 5667/5667
f 5668/5668 5669/5669 5670/5670
f 5671/5671 5672/5672 5673/5673
f 5674/5674 5675/5675 5676/5676
f 5677/5677 5678/5678 5679/5679
f 5680/5680 5681/5681 5682/5682
f 5683/5683 5684/5684 5685/5685
f 5686/5686 5687/5687 5688/5688
f 5689/5689 5690/5690 5691/5691
f 5692/5692 5693/5693 5694/5694
f 5695/5695 5696/5696 5697/5697
f 5698/5698 5699/5699 5700/5700
f 5701/5701 5702/5702 5703/5703
f 5704/5704 5705/5705 5706/5706
f 5707/5707 5708/5708 5709/5709
f 5710/5710 5711/5711 5712/5712
f 5713/5713 5714/5714 5715/5715
f 5716/5716 5717/5717 5718/5718
f 5719/5719 5720/5720 5721/5721
f 5722/5722 5723/5723 5724/5724
f 5725/5725 5726/5726 5727/5727
f 5728/5728 5729/5729 5730/5730
f 5731/5731 5732/5732 5733/5733
f 5734/5734 5735/5735 5736/5736
f 5737/5737 5738/5738 5739/5739
f 5740/5740 5741/5741 5742/5742
f 5743/5743 5744/5744 5745/5745
f 5746/5746 5747/5747 5748/5748
f 5749/5749 5750/5750 5751/5751
f 5752/5752 5753/5753 5754/5754
f 5755/5755 5756/5756 5757/5757
f 5758/5758 5759/5759 5760/5760
f 5761/5761 5762/5762 5763/5763
f 5764/5764 5765/5765 5766/5766
f 5767/5767 5768/5768 5769/5769
f 5770/5770 5771/5771 5772/5772
f 5773/5773 5774/5774 5775/5775
f 5776/5776 5777/5777 5778/5778
f 5779/5779 5780/5780 5781/5781
f 5782/5782 5783/5783 5784/5784
f 5785/5785 5786/5786 5787/5787
f 5788/5788 5789/5789 5790/5790
f 5791/5791 5792/5792 5793/5793
f 5794/5794 5795/5795 5796/5796
f 5797/5797 5798/5798 5799/5799
f 5800/5800 5801/5801 5802/5802
f 5803/5803 5804/5804 5805/5805
f 5806/5806 5807/5807 5808/5808
f 5809/5809 5810/5810 5811/5811
f 5812/5812 5813/5813 5814/5814
f 5815/5815 5816/5816 5817/5817
f 5818/5818 5819/5819 5820/5820
f 5821/5821 5822/5822 5823/5823
f 5824/5824 5825/5825 5826/5826
f 5827/5827 5828/5828 5829/5829
f 5830/5830 5831/5831 5832/5832
f 5833/5833 5834/5834 5835/5835
f 5836/5836 5837/5837 5838/5838
f 5839/5839 5840/5840 5841/5841
f 5842/5842 5843/5843 5844/5844
f 5845/5845 5846/5846 5847/5847
f 5848/5848 5849/5849 5850/5850
f 5851/5851 5852/5852 5853/5853
f 5854/5854 5855/5855 5856/5856
f 5857/5857 5858/5858 5859/5859
f 5860/5860 5861/5861 5862/5862
f 5863/5863 5864/5864 5865/5865
f 5866/5866 5867/5867 5868/5868
f 5869/5869 5870/5870 5871/5871
f 5872/5872 5873/5873 5874/5874
f 5875/5875 5876/5876 5877/5877
f 5878/5878 5879/5879 5880/5880
f 5881/5881 5882/5882 5883/5883
f 5884/5884 5885/5885 5886/5886
f 5887/5887 5888/5888 5889/5889
f 5890/5890 5891/5891 5892/5892
f 5893/5893 5894/5894 5895/5895
f 5896/5896 5897/5897 5898/5898
f 5899/5899 5900/5900 5901/5901
f 5902/5902 5903/5903 5904/5904
f 5905/5905 5906/5906 5907/5907
f 5908/5908 5909/5909 5910/5910
f 5911/5911 5912/5912 5913/5913
f 5914/5914 5915/5915 5916/5916
f 5917/5917 5918/5918 5919/5919
f 5920/5920 5921/5921 5922/5922
f 5923/5923 5924/5924 5925/5925
f 5926/5926 5927/5927 5928/5928
f 5929/5929 5930/5930 5931/5931
f 5932/5932 5933/5933 5934/5934
f 5935/5935 5936/5936 5937/5937
f 5938/5938 5939/5939 5940/5940
f 5941/5941 5942/5942 5943/5943
f 5944/5944 5945/5945 5946/5946
f 5947/5947 5948/5948 5949/5949
f 5950/5950 5951/5951 5952/5952
f 5953/5953 5954/5954 5955/5955
f 5956/5956 5957/5957 5958/5958
f 5959/5959 5960/5960 5961/5961
f 5962/5962 5963/5963 5964/5964
f 5965/5965 5966/5966 5967/5967
f 5968/5968 5969/5969 5970/5970
f 5971/5971 5972/5972 5973/5973
f 5974/5974 5975/5975 5976/5976
f 5977/5977 5978/5978 5979/5979
f 5980/5980 5981/5981 5982/5982
f 5983/5983 5984/5984 5985/5985
f 5986/5986 5987/5987 5988/5988
f 5989/5989 5990/5990 5991/5991
f 5992/5992 5993/5993 5994/5994
f 5995/5995 5996/5996 5997/5997
f 5998/5998 5999/5999 6000/6000
f 6001/6001 6002/6002 6003/6003
f 6004/6004 6005/6005 6006/6006
f 6007/6007 6008/6008 6009/6009
f 6010/6010 6011/6011 6012/6012
f 6013/6013 6014/6014 6015/6015
f 6016/6016 6017/6017 6018/6018
f 6019/6019 6020/6020 6021/6021
f 6022/6022 6023/6023 6024/6024
f 6025/6025 6026/6026 6027/6027
f 6028/6028 6029/6029 6030/6030
f 6031/6031 6032/6032 6033/6033
f 6034/6034 6035/6035 6036/6036
f 6037/6037 6038/6038 6039/6039
f 6040/6040 6041/6041 6042/6042
f 6043/6043 6044/6044 6045/6045
f 6046/6046 6047/6047 6048/6048
f 6049/6049 6050/6050 6051/6051
f 6052/6052 6053/6053 6054/6054
f 6055/6055 6056/6056 6057/6057
f 6058/6058 6059/6059 6060/6060
f 6061/6061 6062/6062 6063/6063
f 6064/6064 6065/6065 6066/6066
f 6067/6067 6068/6068 6069/6069
f 6070/6070 6071/6071 6072/6072
f 6073/6073 6074/6074 6075/6075
f 6076/6076 6077/6077 6078/6078
f 6079/6079 6080/6080 6081/6081
f 6082/6082 6083/6083 6084/6084
f 6085/6085 6086/6086 6087/6087
f 6088/6088 6089/6089 6090/6090
f 6091/6091 6092/6092 6093/6093
f 6094/6094 6095/6095 6096/6096
f 6097/6097 6098/6098 6099/6099
f 6100/6100 6101/6101 6102/6102
f 6103/6103 6104/6104 6105/6105
f 6106/6106 6107/6107 6108/6108
f 6109/6109 6110/6110 6111/6111
f 6112/6112 6113/6113 6114/6114
f 6115/6115 6116/6116 6117/6117
f 6118/6118 6119/6119 6120/6120
f 6121/6121 6122/6122 6123/6123
f 6124/6124 6125/6125 6126/6126
f 6127/6127 6128/6128 6129/6129
f 6130/6130 6131/6131 6132/6132
f 6133/6133 6134/6134 6135/6135
f 6136/6136 6137/6137 6138/6138
f 6139/6139 6140/6140 6141/6141
f 6142/6142 6143/6143 6144/6144
f 6145/6145 6146/6146 6147/6147
f 6148/6148 6149/6149 6150/6150
f 6151/6151 6152/6152 6153/6153
f 6154/6154 6155/6155 6156/6156
f 6157/6157 6158/6158 6159/6159
f 6160/6160 6161/6161 6162/6162
f 6163/6163 6164/6164 6165/6165
f 6166/6166 6167/6167 6168/6168
f 6169/6169 6170/6170 6171/6171
f 6172/6172 6173/6173 6174/6174
f 6175/6175 6176/6176 6177/6177
f 6178/6178 6179/6179 6180/6180
f 6181/6181 6182/6182 6183/6183
f 6184/6184 6185/6185 6186/6186
f 6187/6187 6188/6188 6189/6189
f 6190/6190 6191/6191 6192/6192
f 6193/6193 6194/6194 6195/6195
f 6196/6196 6197/6197 6198/6198
f 6199/6199 6200/6200 6201/6201
f 6202/6202 6203/6203 6204/6204
f 6205/6205 6206/6206 6207/6207
f 6208/6208 6209/6209 6210/6210
f 6211/6211 6212/6212 6213/6213
f 6214/6214 6215/6215 6216/6216
f 6217/6217 6218/6218 6219/6219
f 6220/6220 6221/6221 6222/6222
f 6223/6223 6224/6224 6225/6225
f 6226/6226 6227/6227 6228/6228
f 6229/6229 6230/6230 6231/6231
f 6232/6232 6233/6233 6234/6234
f 6235/6235 6236/6236 6237/6237
f 6238/6238 6239/6239 6240/6240
f 6241/6241 6242/6242 6243/6243
f 6244/6244 6245/6245 6246/6246
f 6247/6247 6248/6248 6249/6249
f 6250/6250 6251/6251 6252/6252
f 6253/6253 6254/6254 6255/6255
f 6256/6256 6257/6257 6258/6258
f 6259/6259 6260/6260 6261/6261
f 6262/6262 6263/6263 6264/6264
f 6265/6265 6266/6266 6267/6267
f 6268/6268 6269/6269 6270/6270
f 6271/6271 6272/6272 6273/6273
f 6274/6274 6275/6275 6276/6276
f 6277/6277 6278/6278 6279/6279
f 6280/6280 6281/6281 6282/6282
f 6283/6283 6284/6284 6285/6285
f 6286/6286 6287/6287 6288/6288
f 6289/6289 6290/6290 6291/6291
f 6292/6292 6293/6293 6294/6294
f 6295/6295 6296/6296 6297/6297
f 6298/6298 6299/6299 6300/6300
f 6301/6301 6302/6302 6303/6303
f 6304/6304 6305/6305 6306/6306
f 6307/6307 6308/6308 6309/6309
f 6310/6310 6311/6311 6312/6312
f 6313/6313 6314/6314 6315/6315
f 6316/6316 6317/6317 6318/6318
f 6319/6319 6320/6320 6321/6321
f 6322/6322 6323/6323 6324/6324
f 6325/6325 6326/6326 6327/6327
f 6328/6328 6329/6329 6330/6330
f 6331/6331 6332/6332 6333/6333
f 6334/6334 6335/6335 6336/6336
f 6337/6337 6338/6338 6339/6339
f 6340/6340 6341/6341 6342/6342
f 6343/6343 6344/6344 6345/6345
f 6346/6346 6347/6347 6348/6348
f 6349/6349 6350/6350 6351/6351
f 6352/6352 6353/6353 6354/6354
f 6355/6355 6356/6356 6357/6357
f 6358/6358 6359/6359 6360/6360
f 6361/6361 6362/6362 6363/6363
f 6364/6364 6365/6365 6366/6366
f 6367/6367 6368/6368 6369/6369
f 6370/6370 6371/6371 6372/6372
f 6373/6373 6374/6374 6375/6375
f 6376/6376 6377/6377 6378/6378
f 6379/6379 6380/6380 6381/6381
f 6382/6382 6383/6383 6384/6384
f 6385/6385 6386/6386 6387/6387
f 6388/6388 6389/6389 6390/6390
f 6391/6391 6392/6392 6393/6393
f 6394/6394 6395/6395 6396/6396
f 6397/6397 6398/6398 6399/6399
f 6400/6400 6401/6401 6402/6402
f 6403/6403 6404/6404 6405/6405
f 6406/6406 6407/6407 6408/6408
f 6409/6409 6410/6410 6411/6411
f 6412/6412 6413/6413 6414/6414
f 6415/6415 6416/6416 6417/6417
f 6418/6418 6419/6419 6420/6420
f 6421/6421 6422/6422 6423/6423
f 6424/6424 6425/6425 6426/6426
f 6427/6427 6428/6428 6429/6429
f 6430/6430 6431/6431 6432/6432
f 6433/6433 6434/6434 6435/6435
f 6436/6436 6437/6437 6438/6438
f 6439/6439 6440/6440 6441/6441
f 6442/6442 6443/6443 6444/6444
f 6445/6445 6446/6446 6447/6447
f 6448/6448 6449/6449 6450/6450
f 6451/6451 6452/6452 6453/6453
f 6454/6454 6455/6455 6456/6456
f 6457/6457 6458/6458 6459/6459
f 6460/6460 6461/6461 6462/6462
f 6463/6463 6464/6464 6465/6465
f 6466/6466 6467/6467 6468/6468
f 6469/6469 6470/6470 6471/6471
f 6472/6472 6473/6473 6474/6474
f 6475/6475 6476/6476 6477/6477
f 6478/6478 6479/6479 6480/6480
f 6481/6481 6482/6482 6483/6483
f 6484/6484 6485/6485 6486/6486
f 6487/6487 6488/6488 6489/6489
f 6490/6490 6491/6491 6492/6492
f 6493/6493 6494/6494 6495/6495
f 6496/6496 6497/6497 6498/6498
f 6499/6499 6500/6500 6501/6501
f 6502/6502 6503/6503 6504/6504
f 6505/6505 6506/6506 6507/6507
f 6508/6508 6509/6509 6510/6510
f 6511/6511 6512/6512 6513/6513
f 6514/6514 6515/6515 6516/6516
f 6517/6517 6518/6518 6519/6519
f 6520/6520 6521/6521 6522/6522
f 6523/6523 6524/6524 6525/6525
f 6526/6526 6527/6527 6528/6528
f 6529/6529 6530/6530 6531/6531
f 6532/6532 6533/6533 6534/6534
f 6535/6535 6536/6536 6537/6537
f 6538/6538 6539/6539 6540/6540
f 6541/6541 6542/6542 6543/6543
f 6544/6544 6545/6545 6546/6546
f 6547/6547 6548/6548 6549/6549
f 6550/6550 6551/6551 6552/6552
f 6553/6553 6554/6554 6555/6555
f 6556/6556 6557/6557 6558/6558
f 6559/6559 6560/6560 6561/6561
f 6562/6562 6563/6563 6564/6564
f 6565/6565 6566/6566 6567/6567
f 6568/6568 6569/6569 6570/6570
f 6571/6571 6572/6572 6573/6573
f 6574/6574 6575/6575 6576/6576
f 6577/6577 6578/6578 6579/6579
f 6580/6580 6581/6581 6582/6582
f 6583/6583 6584/6584 6585/6585
f 6586/6586 6587/6587 6588/6588
f 6589/6589 6590/6590 6591/6591
f 6592/6592 6593/6593 6594/6594
f 6595/6595 6596/6596 6597/6597
f 6598/6598 6599/6599 6600/6600
f 6601/6601 6602/6602 6603/6603
f 6604/6604 6605/6605 6606/6606
f 6607/6607 6608/6608 6609/6609
f 6610/6610 6611/6611 6612/6612
f 6613/6613 6614/6614 6615/6615
f 6616/6616 6617/6617 6618/6618
f 6619/6619 6620/6620 6621/6621
f 6622/6622 6623/6623 6624/6624
f 6625/6625 6626/6626 6627/6627
f 6628/6628 6629/6629 6630/6630
f 6631/6631 6632/6632 6633/6633
f 6634/6634 6635/6635 6636/6636
f 6637/6637 6638/6638 6639/6639
f 6640/6640 6641/6641 6642/6642
f 6643/6643 6644/6644 6645/6645
f 6646/6646 6647/6647 6648/6648
f 6649/6649 6650/6650 6651/6651
f 6652/6652 6653/6653 6654/6654
f 6655/6655 6656/6656 6657/6657
f 6658/6658 6659/6659 6660/6660
f 6661/6661 6662/6662 6663/6663
f 6664/6664 6665/6665 6666/6666
f 6667/6667 6668/6668 6669/6669
f 6670/6670 6671/6671 6672/6672
f 6673/6673 6674/6674 6675/6675
f 6676/6676 6677/6677 6678/6678
f 6679/6679 6680/6680 6681/6681
f 6682/6682 6683/6683 6684/6684
f 6685/6685 6686/6686 6687/6687
f 6688/6688 6689/6689 6690/6690
f 6691/6691 6692/6692 6693/6693
f 6694/6694 6695/6695 6696/6696
f 6697/6697 6698/6698 6699/6699
f 6700/6700 6701/6701 6702/6702
f 6703/6703 6704/6704 6705/6705
f 6706/6706 6707/6707 6708/6708
f 6709/6709 6710/6710 6711/6711
f 6712/6712 6713/6713 6714/6714
f 6715/6715 6716/6716 6717/6717
f 6718/6718 6719/6719 6720/6720
f 6721/6721 6722/6722 6723/6723
f 6724/6724 6725/6725 6726/6726
f 6727/6727 6728/6728 6729/6729
f 6730/6730 6731/6731 6732/6732
f 6733/6733 6734/6734 6735/6735
f 6736/6736 6737/6737 6738/6738
f 6739/6739 6740/6740 6741/6741
f 6742/6742 6743/6743 6744/6744
f 6745/6745 6746/6746 6747/6747
f 6748/6748 6749/6749 6750/6750
f 6751/6751 6752/6752 6753/6753
f 6754/6754 6755/6755 6756/6756
f 6757/6757 6758/6758 6759/6759
f 6760/6760 6761/6761 6762/6762
f 6763/6763 6764/6764 6765/6765
f 6766/6766 6767/6767 6768/6768
f 6769/6769 6770/6770 6771/6771
f 6772/6772 6773/6773 6774/6774
f 6775/6775 6776/6776 6777/6777
f 6778/6778 6779/6779 6780/6780
f 6781/6781 6782/6782 6783/6783
f 6784/6784 6785/6785 6786/6786
f 6787/6787 6788/6788 6789/6789
f 6790/6790 6791/6791 6792/6792
f 6793/6793 6794/6794 6795/6795
f 6796/6796 6797/6797 6798/6798
f 6799/6799 6800/6800 6801/6801
f 6802/6802 6803/6803 6804/6804
f 6805/6805 6806/6806 6807/6807
f 6808/6808 6809/6809 6810/6810
f 6811/6811 6812/6812 6813/6813
f 6814/6814 6815/6815 6816/6816
f 6817/6817 6818/6818 6819/6819
f 6820/6820 6821/6821 6822/6822
f 6823/6823 6824/6824 6825/6825
f 6826/6826 6827/6827 6828/6828
f 6829/6829 6830/6830 6831/6831
f 6832/6832 6833/6833 6834/6834
f 6835/6835 6836/6836 6837/6837
f 6838/6838 6839/6839 6840/6840
f 6841/6841 6842/6842 6843/6843
f 6844/6844 6845/6845 6846/6846
f 6847/6847 6848/6848 6849/6849
f 6850/6850 6851/6851 6852/6852
f 6853/6853 6854/6854 6855/6855
f 6856/6856 6857/6857 6858/6858
f 6859/6859 6860/6860 6861/6861
f 6862/6862 6863/6863 6864/6864
f 6865/6865 6866/6866 6867/6867
f 6868/6868 6869/6869 6870/6870
f 6871/6871 6872/6872 6873/6873
f 6874/6874 6875/6875 6876/6876
f 6877/6877 6878/6878 6879/6879
f 6880/6880 6881/6881 6882/6882
f 6883/6883 6884/6884 6885/6885
f 6886/6886 6887/6887 6888/6888
f 6889/6889 6890/6890 6891/6891
f 6892/6892 6893/6893 6894/6894
f 6895/6895 6896/6896 6897/6897
f 6898/6898 6899/6899 6900/6900
f 6901/6901 6902/6902 6903/6903
f 6904/6904 6905/6905 6906/6906
f 6907/6907 6908/6908 6909/6909
f 6910/6910 6911/6911 6912/6912
f 6913/6913 6914/6914 6915/6915
f 6916/6916 6917/6917 6918/6918
f 6919/6919 6920/6920 6921/6921
f 6922/6922 6923/6923 6924/6924
f 6925/6925 6926/6926 6927/6927
f 6928/6928 6929/6929 6930/6930
f 6931/6931 6932/6932 6933/6933
f 6934/6934 6935/6935 6936/6936
f 6937/6937 6938/6938 6939/6939
f 6940/6940 6941/6941 6942/6942
f 6943/6943 6944/6944 6945/6945
f 6946/6946 6947/6947 6948/6948
f 6949/6949 6950/6950 6951/6951
f 6952/6952 6953/6953 6954/6954
f 6955/6955 6956/6956 6957/6957
f 6958/6958 6959/6959 6960/6960
f 6961/6961 6962/6962 6963/6963
f 6964/6964 6965/6965 6966/6966
f 6967/6967 6968/6968 6969/6969
f 6970/6970 6971/6971 6972/6972
f 6973/6973 6974/6974 6975/6975
f 6976/6976 6977/6977 6978/6978
f 6979/6979 6980/6980 6981/6981
f 6982/6982 6983/6983 6984/6984
f 6985/6985 6986/6986 6987/6987
f 6988/6988 6989/6989 6990/6990
f 6991/6991 6992/6992 6993/6993
f 6994/6994 6995/6995 6996/6996
f 6997/6997 6998/6998 6999/6999
f 7000/7000 7001/7001 7002/7002
f 7003/7003 7004/7004 7005/7005
f 7006/7006 7007/7007 7008/7008
f 7009/7009 7010/7010 7011/7011
f 7012/7012 7013/7013 7014/7014
f 7015/7015 7016/7016 7017/7017
f 7018/7018 7019/7019 7020/7020
f 7021/7021 7022/7022 7023/7023
f 7024/7024 7025/7025 7026/7026
f 7027/7027 7028/7028 7029/7029
f 7030/7030 7031/7031 7032/7032
f 7033/7033 7034/7034 7035/7035
f 7036/7036 7037/7037 7038/7038
f 7039/7039 7040/7040 7041/7041
f 7042/7042 7043/7043 7044/7044
f 7045/7045 7046/7046 7047/7047
f 7048/7048 7049/7049 7050/7050
f 7051/7051 7052/7052 7053/7053
f 7054/7054 7055/7055 7056/7056
f 7057/7057 7058/7058 7059/7059
f 7060/7060 7061/7061 7062/7062
f 7063/7063 7064/7064 7065/7065
f 7066/7066 7067/7067 7068/7068
f 7069/7069 7070/7070 7071/7071
f 7072/7072 7073/7073 7074/7074
f 7075/7075 7076/7076 7077/7077
f 7078/7078 7079/7079 7080/7080
f 7081/7081 7082/7082 7083/7083
f 7084/7084 7085/7085 7086/7086
f 7087/7087 7088/7088 7089/7089
f 7090/7090 7091/7091 7092/7092
f 7093/7093 7094/7094 7095/7095
f 7096/7096 7097/7097 7098/7098
f 7099/7099 7100/7100 7101/7101
f 7102/7102 7103/7103 7104/7104
f 7105/7105 7106/7106 7107/7107
f 7108/7108 7109/7109 7110/7110
f 7111/7111 7112/7112 7113/7113
f 7114/7114 7115/7115 7116/7116
f 7117/7117 7118/7118 7119/7119
f 7120/7120 7121/7121 7122/7122
f 7123/7123 7124/7124 7125/7125
f 7126/7126 7127/7127 7128/7128
f 7129/7129 7130/7130 7131/7131
f 7132/7132 7133/7133 7134/7134
f 7135/7135 7136/7136 7137/7137
f 7138/7138 7139/7139 7140/7140
f 7141/7141 7142/7142 7143/7143
f 7144/7144 7145/7145 7146/7146
f 7147/7147 7148/7148 7149/7149
f 7150/7150 7151/7151 7152/7152
f 7153/7153 7154/7154 7155/7155
f 7156/7156 7157/7157 7158/7158
f 7159/7159 7160/7160 7161/7161
f 7162/7162 7163/7163 7164/7164
f 7165/7165 7166/7166 7167/7167
f 7168/7168 7169/7169 7170/7170
f 7171/7171 7172/7172 7173/7173
f 7174/7174 7175/7175 7176/7176
f 7177/7177 7178/7178 7179/7179
f 7180/7180 7181/7181 7182/7182
f 7183/7183 7184/7184 7185/7185
f 7186/7186 7187/7187 7188/7188
f 7189/7189 7190/7190 7191/7191
f 7192/7192 7193/7193 7194/7194
f 7195/7195 7196/7196 7197/7197
f 7198/7198 7199/7199 7200/7200
f 7201/7201 7202/7202 7203/7203
f 7204/7204 7205/7205 7206/7206
f 7207/7207 7208/7208 7209/7209
f 7210/7210 7211/7211 7212/7212
f 7213/7213 7214/7214 7215/7215
f 7216/7216 7217/7217 7218/7218
f 7219/7219 7220/7220 7221/7221
f 7222/7222 7223/7223 7224/7224
f 7225/7225 7226/7226 7227/7227
f 7228/7228 7229/7229 7230/7230
f 7231/7231 7232/7232 7233/7233
f 7234/7234 7235/7235 7236/7236
f 7237/7237 7238/7238 7239/7239
f 7240/7240 7241/7241 7242/7242
f 7243/7243 7244/7244 7245/7245
f 7246/7246 7247/7247 7248/7248
f 7249/7249 7250/7250 7251/7251
f 7252/7252 7253/7253 7254/7254
f 7255/7255 7256/7256 7257/7257
f 7258/7258 7259/7259 7260/7260
f 7261/7261 7262/7262 7263/7263
f 7264/7264 7265/7265 7266/7266
f 7267/7267 7268/7268 7269/7269
f 7270/7270 7271/7271 7272/7272
f 7273/7273 7274/7274 7275/7275
f 7276/7276 7277/7277 7278/7278
f 7279/7279 7280/7280 7281/7281
f 7282/7282 7283/7283 7284/7284
f 7285/7285 7286/7286 7287/7287
f 7288/7288 7289/7289 7290/7290
f 7291/7291 7292/7292 7293/7293
f 7294/7294 7295/7295 7296/7296
f 7297/7297 7298/7298 7299/7299
f 7300/7300 7301/7301 7302/7302
f 7303/7303 7304/7304 7305/7305
f 7306/7306 7307/7307 7308/7308
f 7309/7309 7310/7310 7311/7311
f 7312/7312 7313/7313 7314/7314
f 7315/7315 7316/7316 7317/7317
f 7318/7318 7319/7319 7320/7320
f 7321/7321 7322/7322 7323/7323
f 7324/7324 7325/7325 7326/7326
f 7327/7327 7328/7328 7329/7329
f 7330/7330 7331/7331 7332/7332
f 7333/7333 7334/7334 7335/7335
f 7336/7336 7337/7337 7338/7338
f 7339/7339 7340/7340 7341/7341
f 7342/7342 7343/7343 7344/7344
f 7345/7345 7346/7346 7347/7347
f 7348/7348 7349/7349 7350/7350
f 7351/7351 7352/7352 7353/7353
f 7354/7354 7355/7355 7356/7356
f 7357/7357 7358/7358 7359/7359
f 7360/7360 7361/7361 7362/7362
f 7363/7363 7364/7364 7365/7365
f 7366/7366 7367/7367 7368/7368
f 7369/7369 7370/7370 7371/7371
f 7372/7372 7373/7373 7374/7374
f 7375/7375 7376/7376 7377/7377
f 7378/7378 7379/7379 7380/7380
f 7381/7381 7382/7382 7383/7383
f 7384/7384 7385/7385 7386/7386
f 7387/7387 7388/7388 7389/7389
f 7390/7390 7391/7391 7392/7392
f 7393/7393 7394/7394 7395/7395
f 7396/7396 7397/7397 7398/7398
f 7399/7399 7400/7400 7401/7401
f 7402/7402 7403/7403 7404/7404
f 7405/7405 7406/7406 7407/7407
f 7408/7408 7409/7409 7410/7410
f 7411/7411 7412/7412 7413/7413
f 7414/7414 7415/7415 7416/7416
f 7417/7417 7418/7418 7419/7419
f 7420/7420 7421/7421 7422/7422
f 7423/7423 7424/7424 7425/7425
f 7426/7426 7427/7427 7428/7428
f 7429/7429 7430/7430 7431/7431
f 7432/7432 7433/7433 7434/7434
f 7435/7435 7436/7436 7437/7437
f 7438/7438 7439/7439 7440/7440
f 7441/7441 7442/7442 7443/7443
f 7444/7444 7445/7445 7446/7446
f 7447/7447 7448/7448 7449/7449
f 7450/7450 7451/7451 7452/7452
f 7453/7453 7454/7454 7455/7455
f 7456/7456 7457/7457 7458/7458
f 7459/7459 7460/7460 7461/7461
f 7462/7462 7463/7463 7464/7464
f 7465/7465 7466/7466 7467/7467
f 7468/7468 7469/7469 7470/7470
f 7471/7471 7472/7472 7473/7473
f 7474/7474 7475/7475 7476/7476
f 7477/7477 7478/7478 7479/7479
f 7480/7480 7481/7481 7482/7482
f 7483/7483 7484/7484 7485/7485
f 7486/7486 7487/7487 7488/7488
f 7489/7489 7490/7490 7491/7491
f 7492/7492 7493/7493 7494/7494
f 7495/7495 7496/7496 7497/7497
f 7498/7498 7499/7499 7500/7500
f 7501/7501 7502/7502 7503/7503
f 7504/7504 7505/7505 7506/7506
f 7507/7507 7508/7508 7509/7509
f 7510/7510 7511/7511 7512/7512
f 7513/7513 7514/7514 7515/7515
f 7516/7516 7517/7517 7518/7518
f 7519/7519 7520/7520 7521/7521
f 7522/7522 7523/7523 7524/7524
f 7525/7525 7526/7526 7527/7527
f 7528/7528 7529/7529 7530/7530
f 7531/7531 7532/7532 7533/7533
f 7534/7534 7535/7535 7536/7536
f 7537/7537 7538/7538 7539/7539
f 7540/7540 7541/7541 7542/7542
f 7543/7543 7544/7544 7545/7545
f 7546/7546 7547/7547 7548/7548
f 7549/7549 7550/7550 7551/7551
f 7552/7552 7553/7553 7554/7554
f 7555/7555 7556/7556 7557/7557
f 7558/7558 7559/7559 7560/7560
f 7561/7561 7562/7562 7563/7563
f 7564/7564 7565/7565 7566/7566
f 7567/7567 7568/7568 7569/7569
f 7570/7570 7571/7571 7572/7572
f 7573/7573 7574/7574 7575/7575
f 7576/7576 7577/7577 7578/7578
f 7579/7579 7580/7580 7581/7581
f 7582/7582 7583/7583 7584/7584
f 7585/7585 7586/7586 7587/7587
f 7588/7588 7589/7589 7590/7590
f 7591/7591 7592/7592 7593/7593
f 7594/7594 7595/7595 7596/7596
f 7597/7597 7598/7598 7599/7599
f 7600/7600 7601/7601 7602/7602
f 7603/7603 7604/7604 7605/7605
f 7606/7606 7607/7607 7608/7608
f 7609/7609 7610/7610 7611/7611
f 7612/7612 7613/7613 7614/7614
f 7615/7615 7616/7616 7617/7617
f 7618/7618 7619/7619 7620/7620
f 7621/7621 7622/7622 7623/7623
f 7624/7624 7625/7625 7626/7626
f 7627/7627 7628/7628 7629/7629
f 7630/7630 7631/7631 7632/7632
f 7633/7633 7634/7634 7635/7635
f 7636/7636 7637/7637 7638/7638
f 7639/7639 7640/7640 7641/7641
f 7642/7642 7643/7643 7644/7644
f 7645/7645 7646/7646 7647/7647
f 7648/7648 7649/7649 7650/7650
f 7651/7651 7652/7652 7653/7653
f 7654/7654 7655/7655 7656/7656
f 7657/7657 7658/7658 7659/7659
f 7660/7660 7661/7661 7662/7662
f 7663/7663 7664/7664 7665/7665
f 7666/7666 7667/7667 7668/7668
f 7669/7669 7670/7670 7671/7671
f 7672/7672 7673/7673 7674/7674
f 7675/7675 7676/7676 7677/7677
f 7678/7678 7679/7679 7680/7680
f 7681/7681 7682/7682 7683/7683
f 7684/7684 7685/7685 7686/7686
f 7687/7687 7688/7688 7689/7689
f 7690/7690 7691/7691 7692/7692
f 7693/7693 7694/7694 7695/7695
f 7696/7696 7697/7697 7698/7698
f 7699/7699 7700/7700 7701/7701
f 7702/7702 7703/7703 7704/7704
f 7705/7705 7706/7706 7707/7707
f 7708/7708 7709/7709 7710/7710
f 7711/7711 7712/7712 7713/7713
f 7714/7714 7715/7715 7716/7716
f 7717/7717 7718/7718 7719/7719
f 7720/7720 7721/7721 7722/7722
f 7723/7723 7724/7724 7725/7725
f 7726/7726 7727/7727 7728/7728
f 7729/7729 7730/7730 7731/7731
f 7732/7732 7733/7733 7734/7734
f 7735/7735 7736/7736 7737/7737
f 7738/7738 7739/7739 7740/7740
f 7741/7741 7742/7742 7743/7743
f 7744/7744 7745/7745 7746/7746
f 7747/7747 7748/7748 7749/7749
f 7750/7750 7751/7751 7752/7752
f 7753/7753 7754/7754 7755/7755
f 7756/7756 7757/7757 7758/7758
f 7759/7759 7760/7760 7761/7761
f 7762/7762 7763/7763 7764/7764
f 7765/7765 7766/7766 7767/7767
f 7768/7768 7769/7769 7770/7770
f 7771/7771 7772/7772 7773/7773
f 7774/7774 7775/7775 7776/7776
f 7777/7777 7778/7778 7779/7779
f 7780/7780 7781/7781 7782/7782
f 7783/7783 7784/7784 7785/7785
f 7786/7786 7787/7787 7788/7788
f 7789/7789 7790/7790 7791/7791
f 7792/7792 7793/7793 7794/7794
f 7795/7795 7796/7796 7797/7797
f 7798/7798 7799/7799 7800/7800
f 7801/7801 7802/7802 7803/7803
f 7804/7804 7805/7805 7806/7806
f 7807/7807 7808/7808 7809/7809
f 7810/7810 7811/7811 7812/7812
f 7813/7813 7814/7814 7815/7815
f 7816/7816 7817/7817 7818/7818
f 7819/7819 7820/7820 7821/7821
f 7822/7822 7823/7823 7824/7824
f 7825/7825 7826/7826 7827/7827
f 7828/7828 7829/7829 7830/7830
f 7831/7831 7832/7832 7833/7833
f 7834/7834 7835/7835 7836/7836
f 7837/7837 7838/7838 7839/7839
f 7840/7840 7841/7841 7842/7842
f 7843/7843 7844/7844 7845/7845
f 7846/7846 7847/7847 7848/7848
f 7849/7849 7850/7850 7851/7851
f 7852/7852 7853/7853 7854/7854
f 7855/7855 7856/7856 7857/7857
f 7858/7858 7859/7859 7860/7860
f 7861/7861 7862/7862 7863/7863
f 7864/7864 7865/7865 7866/7866
f 7867/7867 7868/7868 7869/7869
f 7870/7870 7871/7871 7872/7872
f 7873/7873 7874/7874 7875/7875
f 7876/7876 7877/7877 7878/7878
f 7879/7879 7880/7880 7881/7881
f 7882/7882 7883/7883 7884/7884
f 7885/7885 7886/7886 7887/7887
f 7888/7888 7889/7889 7890/7890
f 7891/7891 7892/7892 7893/7893
f 7894/7894 7895/7895 7896/7896
f 7897/7897 7898/7898 7899/7899
f 7900/7900 7901/7901 7902/7902
f 7903/7903 7904/7904 7905/7905
f 7906/7906 7907/7907 7908/7908
f 7909/7909 7910/7910 7911/7911
f 7912/7912 7913/7913 7914/7914
f 7915/7915 7916/7916 7917/7917
f 7918/7918 7919/7919 7920/7920
f 7921/7921 7922/7922 7923/7923
f 7924/7924 7925/7925 7926/7926
f 7927/7927 7928/7928 7929/7929
f 7930/7930 7931/7931 7932/7932
f 7933/7933 7934/7934 7935/7935
f 7936/7936 7937/7937 7938/7938
f 7939/7939 7940/7940 7941/7941
f 7942/7942 7943/7943 7944/7944
f 7945/7945 7946/7946 7947/7947
f 7948/7948 7949/7949 7950/7950
f 7951/7951 7952/7952 7953/7953
f 7954/7954 7955/7955 7956/7956
f 7957/7957 7958/7958 7959/7959
f 7960/7960 7961/7961 7962/7962
f 7963/7963 7964/7964 7965/7965
f 7966/7966 7967/7967 7968/7968
f 7969/7969 7970/7970 7971/7971
f 7972/7972 7973/7973 7974/7974
f 7975/7975 7976/7976 7977/7977
f 7978/7978 7979/7979 7980/7980
f 7981/7981 7982/7982 7983/7983
f 7984/7984 7985/7985 7986/7986
f 7987/7987 7988/7988 7989/7989
f 7990/7990 7991/7991 7992/7992
f 7993/7993 7994/7994 7995/7995
f 7996/7996 7997/7997 7998/7998
f 7999/7999 8000/8000 8001/8001
f 8002/8002 8003/8003 8004/8004
f 8005/8005 8006/8006 8007/8007
f 8008/8008 8009/8009 8010/8010
f 8011/8011 8012/8012 8013/8013
f 8014/8014 8015/8015 8016/8016
f 8017/8017 8018/8018 8019/8019
f 8020/8020 8021/8021 8022/8022
f 8023/8023 8024/8024 8025/8025
f 8026/8026 8027/8027 8028/8028
f 8029/8029 8030/8030 8031/8031
f 8032/8032 8033/8033 8034/8034
f 8035/8035 8036/8036 8037/8037
f 8038/8038 8039/8039 8040/8040
f 8041/8041 8042/8042 8043/8043
f 8044/8044 8045/8045 8046/8046
f 8047/8047 8048/8048 8049/8049
f 8050/8050 8051/8051 8052/8052
f 8053/8053 8054/8054 8055/8055
f 8056/8056 8057/8057 8058/8058
f 8059/8059 8060/8060 8061/8061
f 8062/8062 8063/8063 8064/8064
f 8065/8065 8066/8066 8067/8067
f 8068/8068 8069/8069 8070/8070
f 8071/8071 8072/8072 8073/8073
f 8074/8074 8075/8075 8076/8076
f 8077/8077 8078/8078 8079/8079
f 8080/8080 8081/8081 8082/8082
f 8083/8083 8084/8084 8085/8085
f 8086/8086 8087/8087 8088/8088
f 8089/8089 8090/8090 8091/8091
f 8092/8092 8093/8093 8094/8094
f 8095/8095 8096/8096 8097/8097
f 8098/8098 8099/8099 8100/8100
f 8101/8101 8102/8102 8103/8103
f 8104/8104 8105/8105 8106/8106
f 8107/8107 8108/8108 8109/8109
f 8110/8110 8111/8111 8112/8112
f 8113/8113 8114/8114 8115/8115
f 8116/8116 8117/8117 8118/8118
f 8119/8119 8120/8120 8121/8121
f 8122/8122 8123/8123 8124/8124
f 8125/8125 8126/8126 8127/8127
f 8128/8128 8129/8129 8130/8130
f 8131/8131 8132/8132 8133/8133
f 8134/8134 8135/8135 8136/8136
f 8137/8137 8138/8138 8139/8139
f 8140/8140 8141/8141 8142/8142
f 8143/8143 8144/8144 8145/8145
f 8146/8146 8147/8147 8148/8148
f 8149/8149 8150/8150 8151/8151
f 8152/8152 8153/8153 8154/8154
f 8155/8155 8156/8156 8157/8157
f 8158/8158 8159/8159 8160/8160
f 8161/8161 8162/8162 8163/8163
f 8164/8164 8165/8165 8166/8166
f 8167/8167 8168/8168 8169/8169
f 8170/8170 8171/8171 8172/8172
f 8173/8173 8174/8174 8175/8175
f 8176/8176 8177/8177 8178/8178
f 8179/8179 8180/8180 8181/8181
f 8182/8182 8183/8183 8184/8184
f 8185/8185 8186/8186 8187/8187
f 8188/8188 8189/8189 8190/8190
f 8191/8191 8192/8192 8193/8193
f 8194/8194 8195/8195 8196/8196
f 8197/8197 8198/8198 8199/8199
f 8200/8200 8201/8201 8202/8202
f 8203/8203 8204/8204 8205/8205
f 8206/8206 8207/8207 8208/8208
f 8209/8209 8210/8210 8211/8211
f 8212/8212 8213/8213 8214/8214
f 8215/8215 8216/8216 8217/8217
f 8218/8218 8219/8219 8220/8220
f 8221/8221 8222/8222 8223/8223
f 8224/8224 8225/8225 8226/8226
f 8227/8227 8228/8228 8229/8229
f 8230/8230 8231/8231 8232/8232
f 8233/8233 8234/8234 8235/8235
f 8236/8236 8237/8237 8238/8238
f 8239/8239 8240/8240 8241/8241
f 8242/8242 8243/8243 8244/8244
f 8245/8245 8246/8246 8247/8247
f 8248/8248 8249/8249 8250/8250
f 8251/8251 8252/8252 8253/8253
f 8254/8254 8255/8255 8256/8256
f 8257/8257 8258/8258 8259/8259
f 8260/8260 8261/8261 8262/8262
f 8263/8263 8264/8264 8265/8265
f 8266/8266 8267/8267 8268/8268
f 8269/8269 8270/8270 8271/8271
f 8272/8272 8273/8273 8274/8274
f 8275/8275 8276/8276 8277/8277
f 8278/8278 8279/8279 8280/8280
f 8281/8281 8282/8282 8283/8283
f 8284/8284 8285/8285 8286/8286
f 8287/8287 8288/8288 8289/8289
f 8290/8290 8291/8291 8292/8292
f 8293/8293 8294/8294 8295/8295
f 8296/8296 8297/8297 8298/8298
f 8299/8299 8300/8300 8301/8301
f 8302/8302 8303/8303 8304/8304
f 8305/8305 8306/8306 8307/8307
f 8308/8308 8309/8309 8310/8310
f 8311/8311 8312/8312 8313/8313
f 8314/8314 8315/8315 8316/8316
f 8317/8317 8318/8318 8319/8319
f 8320/8320 8321/8321 8322/8322
f 8323/8323 8324/8324 8325/8325
f 8326/8326 8327/8327 8328/8328
f 8329/8329 8330/8330 8331/8331
f 8332/8332 8333/8333 8334/8334
f 8335/8335 8336/8336 8337/8337
f 8338/8338 8339/8339 8340/8340
f 8341/8341 8342/8342 8343/8343
f 8344/8344 8345/8345 8346/8346
f 8347/8347 8348/8348 8349/8349
f 8350/8350 8351/8351 8352/8352
f 8353/8353 8354/8354 8355/8355
f 8356/8356 8357/8357 8358/8358
f 8359/8359 8360/8360 8361/8361
f 8362/8362 8363/8363 8364/8364
f 8365/8365 8366/8366 8367/8367
f 8368/8368 8369/8369 8370/8370
f 8371/8371 8372/8372 8373/8373
f 8374/8374 8375/8375 8376/8376
f 8377/8377 8378/8378 8379/8379
f 8380/8380 8381/8381 8382/8382
f 8383/8383 8384/8384 8385/8385
f 8386/8386 8387/8387 8388/8388
f 8389/8389 8390/8390 8391/8391
f 8392/8392 8393/8393 8394/8394
f 8395/8395 8396/8396 8397/8397
f 8398/8398 8399/8399 8400/8400
f 8401/8401 8402/8402 8403/8403
f 8404/8404 8405/8405 8406/8406
f 8407/8407 8408/8408 8409/8409
f 8410/8410 8411/8411 8412/8412
f 8413/8413 8414/8414 8415/8415
f 8416/8416 8417/8417 8418/8418
f 8419/8419 8420/8420 8421/8421
f 8422/8422 8423/8423 8424/8424
f 8425/8425 8426/8426 8427/8427
f 8428/8428 8429/8429 8430/8430
f 8431/8431 8432/8432 8433/8433
f 8434/8434 8435/8435 8436/8436
f 8437/8437 8438/8438 8439/8439
f 8440/8440 8441/8441 8442/8442
f 8443/8443 8444/8444 8445/8445
f 8446/8446 8447/8447 8448/8448
f 8449/8449 8450/8450 8451/8451
f 8452/8452 8453/8453 8454/8454
f 8455/8455 8456/8456 8457/8457
f 8458/8458 8459/8459 8460/8460
f 8461/8461 8462/8462 8463/8463
f 8464/8464 8465/8465 8466/8466
f 8467/8467 8468/8468 8469/8469
f 8470/8470 8471/8471 8472/8472
f 8473/8473 8474/8474 8475/8475
f 8476/8476 8477/8477 8478/8478
f 8479/8479 8480/8480 8481/8481
f 8482/8482 8483/8483 8484/8484
f 8485/8485 8486/8486 8487/8487
f 8488/8488 8489/8489 8490/8490
f 8491/8491 8492/8492 8493/8493
f 8494/8494 8495/8495 8496/8496
f 8497/8497 8498/8498 8499/8499
f 8500/8500 8501/8501 8502/8502
f 8503/8503 8504/8504 8505/8505
f 8506/8506 8507/8507 8508/8508
f 8509/8509 8510/8510 8511/8511
f 8512/8512 8513/8513 8514/8514
f 8515/8515 8516/8516 8517/8517
f 8518/8518 8519/8519 8520/8520
f 8521/8521 8522/8522 8523/8523
f 8524/8524 8525/8525 8526/8526
f 8527/8527 8528/8528 8529/8529
f 8530/8530 8531/8531 8532/8532
f 8533/8533 8534/8534 8535/8535
f 8536/8536 8537/8537 8538/8538
f 8539/8539 8540/8540 8541/8541
f 8542/8542 8543/8543 8544/8544
f 8545/8545 8546/8546 8547/8547
f 8548/8548 8549/8549 8550/8550
f 8551/8551 8552/8552 8553/8553
f 8554/8554 8555/8555 8556/8556
f 8557/8557 8558/8558 8559/8559
f 8560/8560 8561/8561 8562/8562
f 8563/8563 8564/8564 8565/8565
f 8566/8566 8567/8567 8568/8568
f 8569/8569 8570/8570 8571/8571
f 8572/8572 8573/8573 8574/8574
f 8575/8575 8576/8576 8577/8577
f 8578/8578 8579/8579 8580/8580
f 8581/8581 8582/8582 8583/8583
f 8584/8584 8585/8585 8586/8586
f 8587/8587 8588/8588 8589/8589
f 8590/8590 8591/8591 8592/8592
f 8593/8593 8594/8594 8595/8595
f 8596/8596 8597/8597 8598/8598
f 8599/8599 8600/8600 8601/8601
f 8602/8602 8603/8603 8604/8604
f 8605/8605 8606/8606 8607/8607
f 8608/8608 8609/8609 8610/8610
f 8611/8611 8612/8612 8613/8613
f 8614/8614 8615/8615 8616/8616
f 8617/8617 8618/8618 8619/8619
f 8620/8620 8621/8621 8622/8622
f 8623/8623 8624/8624 8625/8625
f 8626/8626 8627/8627 8628/8628
f 8629/8629 8630/8630 8631/8631
f 8632/8632 8633/8633 8634/8634
f 8635/8635 8636/8636 8637/8637
f 8638/8638 8639/8639 8640/8640
f 8641/8641 8642/8642 8643/8643
f 8644/8644 8645/8645 8646/8646
f 8647/8647 8648/8648 8649/8649
f 8650/8650 8651/8651 8652/8652
f 8653/8653 8654/8654 8655/8655
f 8656/8656 8657/8657 8658/8658
f 8659/8659 8660/8660 8661/8661
f 8662/8662 8663/8663 8664/8664
f 8665/8665 8666/8666 8667/8667
f 8668/8668 8669/8669 8670/8670
f 8671/8671 8672/8672 8673/8673
f 8674/8674 8675/8675 8676/8676
f 8677/8677 8678/8678 8679/8679
f 8680/8680 8681/8681 8682/8682
f 8683/8683 8684/8684 8685/8685
f 8686/8686 8687/8687 8688/8688
f 8689/8689 8690/8690 8691/8691
f 8692/8692 8693/8693 8694/8694
f 8695/8695 8696/8696 8697/8697
f 8698/8698 8699/8699 8700/8700
f 8701/8701 8702/8702 8703/8703
f 8704/8704 8705/8705 8706/8706
f 8707/8707 8708/8708 8709/8709
f 8710/8710 8711/8711 8712/8712
f 8713/8713 8714/8714 8715/8715
f 8716/8716 8717/8717 8718/8718
f 8719/8719 8720/8720 8721/8721
f 8722/8722 8723/8723 8724/8724
f 8725/8725 8726/8726 8727/8727
f 8728/8728 8729/8729 8730/8730
f 8731/8731 8732/8732 8733/8733
f 8734/8734 8735/8735 8736/8736
f 8737/8737 8738/8738 8739/8739
f 8740/8740 8741/8741 8742/8742
f 8743/8743 8744/8744 8745/8745
f 8746/8746 8747/8747 8748/8748
f 8749/8749 8750/8750 8751/8751
f 8752/8752 8753/8753 8754/8754
f 8755/8755 8756/8756 8757/8757
f 8758/8758 8759/8759 8760/8760
f 8761/8761 8762/8762 8763/8763
f 8764/8764 8765/8765 8766/8766
f 8767/8767 8768/8768 8769/8769
f 8770/8770 8771/8771 8772/8772
f 8773/8773 8774/8774 8775/8775
f 8776/8776 8777/8777 8778/8778
f 8779/8779 8780/8780 8781/8781
f 8782/8782 8783/8783 8784/8784
f 8785/8785 8786/8786 8787/8787
f 8788/8788 8789/8789 8790/8790
f 8791/8791 8792/8792 8793/8793
f 8794/8794 8795/8795 8796/8796
f 8797/8797 8798/8798 8799/8799
f 8800/8800 8801/8801 8802/8802
f 8803/8803 8804/8804 8805/8805
f 8806/8806 8807/8807 8808/8808
f 8809/8809 8810/8810 8811/8811
f 8812/8812 8813/8813 8814/8814
f 8815/8815 8816/8816 8817/8817
f 8818/8818 8819/8819 8820/8820
f 8821/8821 8822/8822 8823/8823
f 8824/8824 8825/8825 8826/8826
f 8827/8827 8828/8828 8829/8829
f 8830/8830 8831/8831 8832/8832
f 8833/8833 8834/8834 8835/8835
f 8836/8836 8837/8837 8838/8838
f 8839/8839 8840/8840 8841/8841
f 8842/8842 8843/8843 8844/8844
f 8845/8845 8846/8846 8847/8847
f 8848/8848 8849/8849 8850/8850
f 8851/8851 8852/8852 8853/8853
f 8854/8854 8855/8855 8856/8856
f 8857/8857 8858/8858 8859/8859
f 8860/8860 8861/8861 8862/8862
f 8863/8863 8864/8864 8865/8865
f 8866/8866 8867/8867 8868/8868
f 8869/8869 8870/8870 8871/8871
f 8872/8872 8873/8873 8874/8874
f 8875/8875 8876/8876 8877/8877
f 8878/8878 8879/8879 8880/8880
f 8881/8881 8882/8882 8883/8883
f 8884/8884 8885/8885 8886/8886
f 8887/8887 8888/8888 8889/8889
f 8890/8890 8891/8891 8892/8892
f 8893/8893 8894/8894 8895/8895
f 8896/8896 8897/8897 8898/8898
f 8899/8899 8900/8900 8901/8901
f 8902/8902 8903/8903 8904/8904
f 8905/8905 8906/8906 8907/8907
f 8908/8908 8909/8909 8910/8910
f 8911/8911 8912/8912 8913/8913
f 8914/8914 8915/8915 8916/8916
f 8917/8917 8918/8918 8919/8919
f 8920/8920 8921/8921 8922/8922
f 8923/8923 8924/8924 8925/8925
f 8926/8926 8927/8927 8928/8928
f 8929/8929 8930/8930 8931/8931
f 8932/8932 8933/8933 8934/8934
f 8935/8935 8936/8936 8937/8937
f 8938/8938 8939/8939 8940/8940
f 8941/8941 8942/8942 8943/8943
f 8944/8944 8945/8945 8946/8946
f 8947/8947 8948/8948 8949/8949
f 8950/8950 8951/8951 8952/8952
f 8953/8953 8954/8954 8955/8955
f 8956/8956 8957/8957 8958/8958
f 8959/8959 8960/8960 8961/8961
f 8962/8962 8963/8963 8964/8964
f 8965/8965 8966/8966 8967/8967
f 8968/8968 8969/8969 8970/8970
f 8971/8971 8972/8972 8973/8973
f 8974/8974 8975/8975 8976/8976
f 8977/8977 8978/8978 8979/8979
f 8980/8980 8981/8981 8982/8982
f 8983/8983 8984/8984 8985/8985
f 8986/8986 8987/8987 8988/8988
f 8989/8989 8990/8990 8991/8991
f 8992/8992 8993/8993 8994/8994
f 8995/8995 8996/8996 8997/8997
f 8998/8998 8999/8999 9000/9000
f 9001/9001 9002/9002 9003/9003
f 9004/9004 9005/9005 9006/9006
f 9007/9007 9008/9008 9009/9009
f 9010/9010 9011/9011 9012/9012
f 9013/9013 9014/9014 9015/9015
f 9016/9016 9017/9017 9018/9018
f 9019/9019 9020/9020 9021/9021
f 9022/9022 9023/9023 9024/9024
f 9025/9025 9026/9026 9027/9027
f 9028/9028 9029/9029 9030/9030
f 9031/9031 9032/9032 9033/9033
f 9034/9034 9035/9035 9036/9036
f 9037/9037 9038/9038 9039/9039
f 9040/9040 9041/9041 9042/9042
f 9043/9043 9044/9044 9045/9045
f 9046/9046 9047/9047 9048/9048
f 9049/9049 9050/9050 9051/9051
f 9052/9052 9053/9053 9054/9054
f 9055/9055 9056/9056 9057/9057
f 9058/9058 9059/9059 9060/9060
f 9061/9061 9062/9062 9063/9063
f 9064/9064 9065/9065 9066/9066
f 9067/9067 9068/9068 9069/9069
f 9070/9070 9071/9071 9072/9072
f 9073/9073 9074/9074 9075/9075
f 9076/9076 9077/9077 9078/9078
f 9079/9079 9080/9080 9081/9081
f 9082/9082 9083/9083 9084/9084
f 9085/9085 9086/9086 9087/9087
f 9088/9088 9089/9089 9090/9090
f 9091/9091 9092/9092 9093/9093
f 9094/9094 9095/9095 9096/9096
f 9097/9097 9098/9098 9099/9099
f 9100/9100 9101/9101 9102/9102
f 9103/9103 9104/9104 9105/9105
f 9106/9106 9107/9107 9108/9108
f 9109/9109 9110/9110 9111/9111
f 9112/9112 9113/9113 9114/9114
f 9115/9115 9116/9116 9117/9117
f 9118/9118 9119/9119 9120/9120
f 9121/9121 9122/9122 9123/9123
f 9124/9124 9125/9125 9126/9126
f 9127/9127 9128/9128 9129/9129
f 9130/9130 9131/9131 9132/9132
f 9133/9133 9134/9134 9135/9135
f 9136/9136 9137/9137 9138/9138
f 9139/9139 9140/9140 9141/9141
f 9142/9142 9143/9143 9144/9144
f 9145/9145 9146/9146 9147/9147
f 9148/9148 9149/9149 9150/9150
f 9151/9151 9152/9152 9153/9153
f 9154/9154 9155/9155 9156/9156
f 9157/9157 9158/9158 9159/9159
f 9160/9160 9161/9161 9162/9162
f 9163/9163 9164/9164 9165/9165
f 9166/9166 9167/9167 9168/9168
f 9169/9169 9170/9170 9171/9171
f 9172/9172 9173/9173 9174/9174
f 9175/9175 9176/9176 9177/9177
f 9178/9178 9179/9179 9180/9180
f 9181/9181 9182/9182 9183/9183
f 9184/9184 9185/9185 9186/9186
f 9187/9187 9188/9188 9189/9189
f 9190/9190 9191/9191 9192/9192
f 9193/9193 9194/9194 9195/9195
f 9196/9196 9197/9197 9198/9198
f 9199/9199 9200/9200 9201/9201
f 9202/9202 9203/9203 9204/9204
f 9205/9205 9206/9206 9207/9207
f 9208/9208 9209/9209 9210/9210
f 9211/9211 9212/9212 9213/9213
f 9214/9214 9215/9215 9216/9216
f 9217/9217 9218/9218 9219/9219
f 9220/9220 9221/9221 9222/9222
f 9223/9223 9224/9224 9225/9225
f 9226/9226 9227/9227 9228/9228
f 9229/9229 9230/9230 9231/9231
f 9232/9232 9233/9233 9234/9234
f 9235/9235 9236/9236 9237/9237
f 9238/9238 9239/9239 9240/9240
f 9241/9241 9242/9242 9243/9243
f 9244/9244 9245/9245 9246/9246
f 9247/9247 9248/9248 9249/9249
f 9250/9250 9251/9251 9252/9252
f 9253/9253 9254/9254 9255/9255
f 9256/9256 9257/9257 9258/9258
f 9259/9259 9260/9260 9261/9261
f 9262/9262 9263/9263 9264/9264
f 9265/9265 9266/9266 9267/9267
f 9268/9268 9269/9269 9270/9270
f 9271/9271 9272/9272 9273/9273
f 9274/9274 9275/9275 9276/9276
f 9277/9277 9278/9278 9279/9279
f 9280/9280 9281/9281 9282/9282
f 9283/9283 9284/9284 9285/9285
f 9286/9286 9287/9287 9288/9288
f 9289/9289 9290/9290 9291/9291
f 9292/9292 9293/9293 9294/9294
f 9295/9295 9296/9296 9297/9297
f 9298/9298 9299/9299 9300/9300
f 9301/9301 9302/9302 9303/9303
f 9304/9304 9305/9305 9306/9306
f 9307/9307 9308/9308 9309/9309
f 9310/9310 9311/9311 9312/9312
f 9313/9313 9314/9314 9315/9315
f 9316/9316 9317/9317 9318/9318
f 9319/9319 9320/9320 9321/9321
f 9322/9322 9323/9323 9324/9324
f 9325/9325 9326/9326 9327/9327
f 9328/9328 9329/9329 9330/9330
f 9331/9331 9332/9332 9333/9333
f 9334/9334 9335/9335 9336/9336
f 9337/9337 9338/9338 9339/9339
f 9340/9340 9341/9341 9342/9342
f 9343/9343 9344/9344 9345/9345
f 9346/9346 9347/9347 9348/9348
f 9349/9349 9350/9350 9351/9351
f 9352/9352 9353/9353 9354/9354
f 9355/9355 9356/9356 9357/9357
f 9358/9358 9359/9359 9360/9360
f 9361/9361 9362/9362 9363/9363
f 9364/9364 9365/9365 9366/9366
f 9367/9367 9368/9368 9369/9369
f 9370/9370 9371/9371 9372/9372
f 9373/9373 9374/9374 9375/9375
f 9376/9376 9377/9377 9378/9378
f 9379/9379 9380/9380 9381/9381
f 9382/9382 9383/9383 9384/9384
f 9385/9385 9386/9386 9387/9387
f 9388/9388 9389/9389 9390/9390
f 9391/9391 9392/9392 9393/9393
f 9394/9394 9395/9395 9396/9396
f 9397/9397 9398/9398 9399/9399
f 9400/9400 9401/9401 9402/9402
f 9403/9403 9404/9404 9405/9405
f 9406/9406 9407/9407 9408/9408
f 9409/9409 9410/9410 9411/9411
f 9412/9412 9413/9413 9414/9414
f 9415/9415 9416/9416 9417/9417
f 9418/9418 9419/9419 9420/9420
f 9421/9421 9422/9422 9423/9423
f 9424/9424 9425/9425 9426/9426
f 9427/9427 9428/9428 9429/9429
f 9430/9430 9431/9431 9432/9432
f 9433/9433 9434/9434 9435/9435
f 9436/9436 9437/9437 9438/9438
f 9439/9439 9440/9440 9441/9441
f 9442/9442 9443/9443 9444/9444
f 9445/9445 9446/9446 9447/9447
f 9448/9448 9449/9449 9450/9450
f 9451/9451 9452/9452 9453/9453
f 9454/9454 9455/9455 9456/9456
f 9457/9457 9458/9458 9459/9459
f 9460/9460 9461/9461 9462/9462
f 9463/9463 9464/9464 9465/9465
f 9466/9466 9467/9467 9468/9468
f 9469/9469 9470/9470 9471/9471
f 9472/9472 9473/9473 9474/9474
f 9475/9475 9476/9476 9477/9477
f 9478/9478 9479/9479 9480/9480
f 9481/9481 9482/9482 9483/9483
f 9484/9484 9485/9485 9486/9486
f 9487/9487 9488/9488 9489/9489
f 9490/9490 9491/9491 9492/9492
f 9493/9493 9494/9494 9495/9495
f 9496/9496 9497/9497 9498/9498
f 9499/9499 9500/9500 9501/9501
f 9502/9502 9503/9503 9504/9504
f 9505/9505 9506/9506 9507/9507
f 9508/9508 9509/9509 9510/9510
f 9511/9511 9512/9512 9513/9513
f 9514/9514 9515/9515 9516/9516
f 9517/9517 9518/9518 9519/9519
f 9520/9520 9521/9521 9522/9522
f 9523/9523 9524/9524 9525/9525
f 9526/9526 9527/9527 9528/9528
f 9529/9529 9530/9530 9531/9531
f 9532/9532 9533/9533 9534/9534
f 9535/9535 9536/9536 9537/9537
f 9538/9538 9539/9539 9540/9540
f 9541/9541 9542/9542 9543/9543
f 9544/9544 9545/9545 9546/9546
f 9547/9547 9548/9548 9549/9549
f 9550/9550 9551/9551 9552/9552
f 9553/9553 9554/9554 9555/9555
f 9556/9556 9557/9557 9558/9558
f 9559/9559 9560/9560 9561/9561
f 9562/9562 9563/9563 9564/9564
f 9565/9565 9566/9566 9567/9567
f 9568/9568 9569/9569 9570/9570
f 9571/9571 9572/9572 9573/9573
f 9574/9574 9575/9575 9576/9576
f 9577/9577 9578/9578 9579/9579
f 9580/9580 9581/9581 9582/9582
f 9583/9583 9584/9584 9585/9585
f 9586/9586 9587/9587 9588/9588
f 9589/9589 9590/9590 9591/9591
f 9592/9592 9593/9593 9594/9594
f 9595/9595 9596/9596 9597/9597
f 9598/9598 9599/9599 9600/9600
f 9601/9601 9602/9602 9603/9603
f 9604/9604 9605/9605 9606/9606
f 9607/9607 9608/9608 9609/9609
f 9610/9610 9611/9611 9612/9612
f 9613/9613 9614/9614 9615/9615
f 9616/9616 9617/9617 9618/9618
f 9619/9619 9620/9620 9621/9621
f 9622/9622 9623/9623 9624/9624
f 9625/9625 9626/9626 9627/9627
f 9628/9628 9629/9629 9630/9630
f 9631/9631 9632/9632 9633/9633
f 9634/9634 9635/9635 9636/9636
f 9637/9637 9638/9638 9639/9639
f 9640/9640 9641/9641 9642/9642
f 9643/9643 9644/9644 9645/9645
f 9646/9646 9647/9647 9648/9648
f 9649/9649 9650/9650 9651/9651
f 9652/9652 9653/9653 9654/9654
f 9655/9655 9656/9656 9657/9657
f 9658/9658 9659/9659 9660/9660
f 9661/9661 9662/9662 9663/9663
f 9664/9664 9665/9665 9666/9666
f 9667/9667 9668/9668 9669/9669
f 9670/9670 9671/9671 9672/9672
f 9673/9673 9674/9674 9675/9675
f 9676/9676 9677/9677 9678/9678
f 9679/9679 9680/9680 9681/9681
f 9682/9682 9683/9683 9684/9684
f 9685/9685 9686/9686 9687/9687
f 9688/9688 9689/9689 9690/9690
f 9691/9691 9692/9692 9693/9693
f 9694/9694 9695/9695 9696/9696
f 9697/9697 9698/9698 9699/9699
f 9700/9700 9701/9701 9702/9702
f 9703/9703 9704/9704 9705/9705
f 9706/9706 9707/9707 9708/9708
f 9709/9709 9710/9710 9711/9711
f 9712/9712 9713/9713 9714/9714
f 9715/9715 9716/9716 9717/9717
f 9718/9718 9719/9719 9720/9720
f 9721/9721 9722/9722 9723/9723
f 9724/9724 9725/9725 9726/9726
f 9727/9727 9728/9728 9729/9729
f 9730/9730 9731/9731 9732/9732
f 9733/9733 9734/9734 9735/9735
f 9736/9736 9737/9737 9738/9738
f 9739/9739 9740/9740 9741/9741
f 9742/9742 9743/9743 9744/9744
f 9745/9745 9746/9746 9747/9747
f 9748/9748 9749/9749 9750/9750
f 9751/9751 9752/9752 9753/9753
f 9754/9754 9755/9755 9756/9756
f 9757/9757 9758/9758 9759/9759
f 9760/9760 9761/9761 9762/9762
f 9763/9763 9764/9764 9765/9765
f 9766/9766 9767/9767 9768/9768
f 9769/9769 9770/9770 9771/9771
f 9772/9772 9773/9773 9774/9774
f 9775/9775 9776/9776 9777/9777
f 9778/9778 9779/9779 9780/9780
f 9781/9781 9782/9782 9783/9783
f 9784/9784 9785/9785 9786/9786
f 9787/9787 9788/9788 9789/9789
f 9790/9790 9791/9791 9792/9792
f 9793/9793 9794/9794 9795/9795
f 9796/9796 9797/9797 9798/9798
f 9799/9799 9800/9800 9801/9801
f 9802/9802 9803/9803 9804/9804
f 9805/9805 9806/9806 9807/9807
f 9808/9808 9809/9809 9810/9810
f 9811/9811 9812/9812 9813/9813
f 9814/9814 9815/9815 9816/9816
f 9817/9817 9818/9818 9819/9819
f 9820/9820 9821/9821 9822/9822
f 9823/9823 9824/9824 9825/9825
f 9826/9826 9827/9827 9828/9828
f 9829/9829 9830/9830 9831/9831
f 9832/9832 9833/9833 9834/9834
f 9835/9835 9836/9836 9837/9837
f 9838/9838 9839/9839 9840/9840
f 9841/9841 9842/9842 9843/9843
f 9844/9844 9845/9845 9846/9846
f 9847/9847 9848/9848 9849/9849
f 9850/9850 9851/9851 9852/9852
f 9853/9853 9854/9854 9855/9855
f 9856/9856 9857/9857 9858/9858
f 9859/9859 9860/9860 9861/9861
f 9862/9862 9863/9863 9864/9864
f 9865/9865 9866/9866 9867/9867
f 9868/9868 9869/9869 9870/9870
f 9871/9871 9872/9872 9873/9873
f 9874/9874 9875/9875 9876/9876
f 9877/9877 9878/9878 9879/9879
f 9880/9880 9881/9881 9882/9882
f 9883/9883 9884/9884 9885/9885
f 9886/9886 9887/9887 9888/9888
f 9889/9889 9890/9890 9891/9891
f 9892/9892 9893/9893 9894/9894
f 9895/9895 9896/9896 9897/9897
f 9898/9898 9899/9899 9900/9900
f 9901/9901 9902/9902 9903/9903
f 9904/9904 9905/9905 9906/9906
f 9907/9907 9908/9908 9909/9909
f 9910/9910 9911/9911 9912/9912
f 9913/9913 9914/9914 9915/9915
f 9916/9916 9917/9917 9918/9918
f 9919/9919 9920/9920 9921/9921
f 9922/9922 9923/9923 9924/9924
f 9925/9925 9926/9926 9927/9927
f 9928/9928 9929/9929 9930/9930
f 9931/9931 9932/9932 9933/9933
f 9934/9934 9935/9935 9936/9936
f 9937/9937 9938/9938 9939/9939
f 9940/9940 9941/9941 9942/9942
f 9943/9943 9944/9944 9945/9945
f 9946/9946 9947/9947 9948/9948
f 9949/9949 9950/9950 9951/9951
f 9952/9952 9953/9953 9954/9954
f 9955/9955 9956/9956 9957/9957
f 9958/9958 9959/9959 9960/9960
f 9961/9961 9962/9962 9963/9963
f 9964/9964 9965/9965 9966/9966
f 9967/9967 9968/9968 9969/9969
f 9970/9970 9971/9971 9972/9972
f 9973/9973 9974/9974 9975/9975
f 9976/9976 9977/9977 9978/9978
f 9979/9979 9980/9980 9981/9981
f 9982/9982 9983/9983 9984/9984
f 9985/9985 9986/9986 9987/9987
f 9988/9988 9989/9989 9990/9990
f 9991/9991 9992/9992 9993/9993
f 9994/9994 9995/9995 9996/9996
f 9997/9997 9998/9998 9999/9999
f 10000/10000 10001/10001 10002/10002
f 10003/10003 10004/10004 10005/10005
f 10006/10006 10007/10007 10008/10008
f 10009/10009 10010/10010 10011/10011
f 10012/10012 10013/10013 10014/10014
f 10015/10015 10016/10016 10017/10017
f 10018/10018 10019/10019 10020/10020
f 10021/10021 10022/10022 10023/10023
f 10024/10024 10025/10025 10026/10026
f 10027/10027 10028/10028 10029/10029
f 10030/10030 10031/10031 10032/10032
f 10033/10033 10034/10034 10035/10035
f 10036/10036 10037/10037 10038/10038
f 10039/10039 10040/10040 10041/10041
f 10042/10042 10043/10043 10044/10044
f 10045/10045 10046/10046 10047/10047
f 10048/10048 10049/10049 10050/10050
f 10051/10051 10052/10052 10053/10053
f 10054/10054 10055/10055 10056/10056
f 10057/10057 10058/10058 10059/10059
f 10060/10060 10061/10061 10062/10062
f 10063/10063 10064/10064 10065/10065
f 10066/10066 10067/10067 10068/10068
f 10069/10069 10070/10070 10071/10071
f 10072/10072 10073/10073 10074/10074
f 10075/10075 10076/10076 10077/10077
f 10078/10078 10079/10079 10080/10080
f 10081/10081 10082/10082 10083/10083
f 10084/10084 10085/10085 10086/10086
f 10087/10087 10088/10088 10089/10089
f 10090/10090 10091/10091 10092/10092
f 10093/10093 10094/10094 10095/10095
f 10096/10096 10097/10097 10098/10098
f 10099/10099 10100/10100 10101/10101
f 10102/10102 10103/10103 10104/10104
f 10105/10105 10106/10106 10107/10107
f 10108/10108 10109/10109 10110/10110
f 10111/10111 10112/10112 10113/10113
f 10114/10114 10115/10115 10116/10116
f 10117/10117 10118/10118 10119/10119
f 10120/10120 10121/10121 10122/10122
f 10123/10123 10124/10124 10125/10125
f 10126/10126 10127/10127 10128/10128
f 10129/10129 10130/10130 10131/10131
f 10132/10132 10133/10133 10134/10134
f 10135/10135 10136/10136 10137/10137
f 10138/10138 10139/10139 10140/10140
f 10141/10141 10142/10142 10143/10143
f 10144/10144 10145/10145 10146/10146
f 10147/10147 10148/10148 10149/10149
f 10150/10150 10151/10151 10152/10152
f 10153/10153 10154/10154 10155/10155
f 10156/10156 10157/10157 10158/10158
f 10159/10159 10160/10160 10161/10161
f 10162/10162 10163/10163 10164/10164
f 10165/10165 10166/10166 10167/10167
f 10168/10168 10169/10169 10170/10170
f 10171/10171 10172/10172 10173/10173
f 10174/10174 10175/10175 10176/10176
f 10177/10177 10178/10178 10179/10179
f 10180/10180 10181/10181 10182/10182
f 10183/10183 10184/10184 10185/10185
f 10186/10186 10187/10187 10188/10188
f 10189/10189 10190/10190 10191/10191
f 10192/10192 10193/10193 10194/10194
f 10195/10195 10196/10196 10197/10197
f 10198/10198 10199/10199 10200/10200
f 10201/10201 10202/10202 10203/10203
f 10204/10204 10205/10205 10206/10206
f 10207/10207 10208/10208 10209/10209
f 10210/10210 10211/10211 10212/10212
f 10213/10213 10214/10214 10215/10215
f 10216/10216 10217/10217 10218/10218
f 10219/10219 10220/10220 10221/10221
f 10222/10222 10223/10223 10224/10224
f 10225/10225 10226/10226 10227/10227
f 10228/10228 10229/10229 10230/10230
f 10231/10231 10232/10232 10233/10233
f 10234/10234 10235/10235 10236/10236
f 10237/10237 10238/10238 10239/10239
f 10240/10240 10241/10241 10242/10242
f 10243/10243 10244/10244 10245/10245
f 10246/10246 10247/10247 10248/10248
f 10249/10249 10250/10250 10251/10251
f 10252/10252 10253/10253 10254/10254
f 10255/10255 10256/10256 10257/10257
f 10258/10258 10259/10259 10260/10260
f 10261/10261 10262/10262 10263/10263
f 10264/10264 10265/10265 10266/10266
f 10267/10267 10268/10268 10269/10269
f 10270/10270 10271/10271 10272/10272
f 10273/10273 10274/10274 10275/10275
f 10276/10276 10277/10277 10278/10278
f 10279/10279 10280/10280 10281/10281
f 10282/10282 10283/10283 10284/10284
f 10285/10285 10286/10286 10287/10287
f 10288/10288 10289/10289 10290/10290
f 10291/10291 10292/10292 10293/10293
f 10294/10294 10295/10295 10296/10296
f 10297/10297 10298/10298 10299/10299
f 10300/10300 10301/10301 10302/10302
f 10303/10303 10304/10304 10305/10305
f 10306/10306 10307/10307 10308/10308
f 10309/10309 10310/10310 10311/10311
f 10312/10312 10313/10313 10314/10314
f 10315/10315 10316/10316 10317/10317
f 10318/10318 10319/10319 10320/10320
f 10321/10321 10322/10322 10323/10323
f 10324/10324 10325/10325 10326/10326
f 10327/10327 10328/10328 10329/10329
f 10330/10330 10331/10331 10332/10332
f 10333/10333 10334/10334 10335/10335
f 10336/10336 10337/10337 10338/10338
f 10339/10339 10340/10340 10341/10341
f 10342/10342 10343/10343 10344/10344
f 10345/10345 10346/10346 10347/10347
f 10348/10348 10349/10349 10350/10350
f 10351/10351 10352/10352 10353/10353
f 10354/10354 10355/10355 10356/10356
f 10357/10357 10358/10358 10359/10359
f 10360/10360 10361/10361 10362/10362
f 10363/10363 10364/10364 10365/10365
f 10366/10366 10367/10367 10368/10368
f 10369/10369 10370/10370 10371/10371
f 10372/10372 10373/10373 10374/10374
f 10375/10375 10376/10376 10377/10377
f 10378/10378 10379/10379 10380/10380
f 10381/10381 10382/10382 10383/10383
f 10384/10384 10385/10385 10386/10386
f 10387/10387 10388/10388 10389/10389
f 10390/10390 10391/10391 10392/10392
f 10393/10393 10394/10394 10395/10395
f 10396/10396 10397/10397 10398/10398
f 10399/10399 10400/10400 10401/10401
f 10402/10402 10403/10403 10404/10404
f 10405/10405 10406/10406 10407/10407
f 10408/10408 10409/10409 10410/10410
f 10411/10411 10412/10412 10413/10413
f 10414/10414 10415/10415 10416/10416
f 10417/10417 10418/10418 10419/10419
f 10420/10420 10421/10421 10422/10422
f 10423/10423 10424/10424 10425/10425
f 10426/10426 10427/10427 10428/10428
f 10429/10429 10430/10430 10431/10431
f 10432/10432 10433/10433 10434/10434
f 10435/10435 10436/10436 10437/10437
f 10438/10438 10439/10439 10440/10440
f 10441/10441 10442/10442 10443/10443
f 10444/10444 10445/10445 10446/10446
f 10447/10447 10448/10448 10449/10449
f 10450/10450 10451/10451 10452/10452
f 10453/10453 10454/10454 10455/10455
f 10456/10456 10457/10457 10458/10458
f 10459/10459 10460/10460 10461/10461
f 10462/10462 10463/10463 10464/10464
f 10465/10465 10466/10466 10467/10467
f 10468/10468 10469/10469 10470/10470
f 10471/10471 10472/10472 10473/10473
f 10474/10474 10475/10475 10476/10476
f 10477/10477 10478/10478 10479/10479
f 10480/10480 10481/10481 10482/10482
f 10483/10483 10484/10484 10485/10485
f 10486/10486 10487/10487 10488/10488
f 10489/10489 10490/10490 10491/10491
f 10492/10492 10493/10493 10494/10494
f 10495/10495 10496/10496 10497/10497
f 10498/10498 10499/10499 10500/10500
f 10501/10501 10502/10502 10503/10503
f 10504/10504 10505/10505 10506/10506
f 10507/10507 10508/10508 10509/10509
f 10510/10510 10511/10511 10512/10512
f 10513/10513 10514/10514 10515/10515
f 10516/10516 10517/10517 10518/10518
f 10519/10519 10520/10520 10521/10521
f 10522/10522 10523/10523 10524/10524
f 10525/10525 10526/10526 10527/10527
f 10528/10528 10529/10529 10530/10530
f 10531/10531 10532/10532 10533/10533
f 10534/10534 10535/10535 10536/10536
f 10537/10537 10538/10538 10539/10539
f 10540/10540 10541/10541 10542/10542
f 10543/10543 10544/10544 10545/10545
f 10546/10546 10547/10547 10548/10548
f 10549/10549 10550/10550 10551/10551
f 10552/10552 10553/10553 10554/10554
f 10555/10555 10556/10556 10557/10557
f 10558/10558 10559/10559 10560/10560
f 10561/10561 10562/10562 10563/10563
f 10564/10564 10565/10565 10566/10566
f 10567/10567 10568/10568 10569/10569
f 10570/10570 10571/10571 10572/10572
f 10573/10573 10574/10574 10575/10575
f 10576/10576 10577/10577 10578/10578
f 10579/10579 10580/10580 10581/10581
f 10582/10582 10583/10583 10584/10584
f 10585/10585 10586/10586 10587/10587
f 10588/10588 10589/10589 10590/10590
f 10591/10591 10592/10592 10593/10593
f 10594/10594 10595/10595 10596/10596
f 10597/10597 10598/10598 10599/10599
f 10600/10600 10601/10601 10602/10602
f 10603/10603 10604/10604 10605/10605
f 10606/10606 10607/10607 10608/10608
f 10609/10609 10610/10610 10611/10611
f 10612/10612 10613/10613 10614/10614
f 10615/10615 10616/10616 10617/10617
f 10618/10618 10619/10619 10620/10620
f 10621/10621 10622/10622 10623/10623
f 10624/10624 10625/10625 10626/10626
f 10627/10627 10628/10628 10629/10629
f 10630/10630 10631/10631 10632/10632
f 10633/10633 10634/10634 10635/10635
f 10636/10636 10637/10637 10638/10638
f 10639/10639 10640/10640 10641/10641
f 10642/10642 10643/10643 10644/10644
f 10645/10645 10646/10646 10647/10647
f 10648/10648 10649/10649 10650/10650
f 10651/10651 10652/10652 10653/10653
f 10654/10654 10655/10655 10656/10656
f 10657/10657 10658/10658 10659/10659
f 10660/10660 10661/10661 10662/10662
f 10663/10663 10664/10664 10665/10665
f 10666/10666 10667/10667 10668/10668
f 10669/10669 10670/10670 10671/10671
f 10672/10672 10673/10673 10674/10674
f 10675/10675 10676/10676 10677/10677
f 10678/10678 10679/10679 10680/10680
f 10681/10681 10682/10682 10683/10683
f 10684/10684 10685/10685 10686/10686
f 10687/10687 10688/10688 10689/10689
f 10690/10690 10691/10691 10692/10692
f 10693/10693 10694/10694 10695/10695
f 10696/10696 10697/10697 10698/10698
f 10699/10699 10700/10700 10701/10701
f 10702/10702 10703/10703 10704/10704
f 10705/10705 10706/10706 10707/10707
f 10708/10708 10709/10709 10710/10710
f 10711/10711 10712/10712 10713/10713
f 10714/10714 10715/10715 10716/10716
f 10717/10717 10718/10718 10719/10719
f 10720/10720 10721/10721 10722/10722
f 10723/10723 10724/10724 10725/10725
f 10726/10726 10727/10727 10728/10728
f 10729/10729 10730/10730 10731/10731
f 10732/10732 10733/10733 10734/10734
f 10735/10735 10736/10736 10737/10737
f 10738/10738 10739/10739 10740/10740
f 10741/10741 10742/10742 10743/10743
f 10744/10744 10745/10745 10746/10746
f 10747/10747 10748/10748 10749/10749
f 10750/10750 10751/10751 10752/10752
f 10753/10753 10754/10754 10755/10755
f 10756/10756 10757/10757 10758/10758
f 10759/10759 10760/10760 10761/10761
f 10762/10762 10763/10763 10764/10764
f 10765/10765 10766/10766 10767/10767
f 10768/10768 10769/10769 10770/10770
f 10771/10771 10772/10772 10773/10773
f 10774/10774 10775/10775 10776/10776
f 10777/10777 10778/10778 10779/10779
f 10780/10780 10781/10781 10782/10782
f 10783/10783 10784/10784 10785/10785
f 10786/10786 10787/10787 10788/10788
f 10789/10789 10790/10790 10791/10791
f 10792/10792 10793/10793 10794/10794
f 10795/10795 10796/10796 10797/10797
f 10798/10798 10799/10799 10800/10800
f 10801/10801 10802/10802 10803/10803
f 10804/10804 10805/10805 10806/10806
f 10807/10807 10808/10808 10809/10809
f 10810/10810 10811/10811 10812/10812
f 10813/10813 10814/10814 10815/10815
f 10816/10816 10817/10817 10818/10818
f 10819/10819 10820/10820 10821/10821
f 10822/10822 10823/10823 10824/10824
f 10825/10825 10826/10826 10827/10827
f 10828/10828 10829/10829 10830/10830
f 10831/10831 10832/10832 10833/10833
f 10834/10834 10835/10835 10836/10836
f 10837/10837 10838/10838 10839/10839
f 10840/10840 10841/10841 10842/10842
f 10843/10843 10844/10844 10845/10845
f 10846/10846 10847/10847 10848/10848
f 10849/10849 10850/10850 10851/10851
f 10852/10852 10853/10853 10854/10854
f 10855/10855 10856/10856 10857/10857
f 10858/10858 10859/10859 10860/10860
f 10861/10861 10862/10862 10863/10863
f 10864/10864 10865/10865 10866/10866
f 10867/10867 10868/10868 10869/10869
f 10870/10870 10871/10871 10872/10872
f 10873/10873 10874/10874 10875/10875
f 10876/10876 10877/10877 10878/10878
f 10879/10879 10880/10880 10881/10881
f 10882/10882 10883/10883 10884/10884
f 10885/10885 10886/10886 10887/10887
f 10888/10888 10889/10889 10890/10890
f 10891/10891 10892/10892 10893/10893
f 10894/10894 10895/10895 10896/10896
f 10897/10897 10898/10898 10899/10899
f 10900/10900 10901/10901 10902/10902
f 10903/10903 10904/10904 10905/10905
f 10906/10906 10907/10907 10908/10908
f 10909/10909 10910/10910 10911/10911
f 10912/10912 10913/10913 10914/10914
f 10915/10915 10916/10916 10917/10917
f 10918/10918 10919/10919 10920/10920
f 10921/10921 10922/10922 10923/10923
f 10924/10924 10925/10925 10926/10926
f 10927/10927 10928/10928 10929/10929
f 10930/10930 10931/10931 10932/10932
f 10933/10933 10934/10934 10935/10935
f 10936/10936 10937/10937 10938/10938
f 10939/10939 10940/10940 10941/10941
f 10942/10942 10943/10943 10944/10944
f 10945/10945 10946/10946 10947/10947
f 10948/10948 10949/10949 10950/10950
f 10951/10951 10952/10952 10953/10953
f 10954/10954 10955/10955 10956/10956
f 10957/10957 10958/10958 10959/10959
f 10960/10960 10961/10961 10962/10962
f 10963/10963 10964/10964 10965/10965
f 10966/10966 10967/10967 10968/10968
f 10969/10969 10970/10970 10971/10971
f 10972/10972 10973/10973 10974/10974
f 10975/10975 10976/10976 10977/10977
f 10978/10978 10979/10979 10980/10980
f 10981/10981 10982/10982 10983/10983
f 10984/10984 10985/10985 10986/10986
f 10987/10987 10988/10988 10989/10989
f 10990/10990 10991/10991 10992/10992
f 10993/10993 10994/10994 10995/10995
f 10996/10996 10997/10997 10998/10998
f 10999/10999 11000/11000 11001/11001
f 11002/11002 11003/11003 11004/11004
f 11005/11005 11006/11006 11007/11007
f 11008/11008 11009/11009 11010/11010
f 11011/11011 11012/11012 11013/11013
f 11014/11014 11015/11015 11016/11016
f 11017/11017 11018/11018 11019/11019
f 11020/11020 11021/11021 11022/11022
f 11023/11023 11024/11024 11025/11025
f 11026/11026 11027/11027 11028/11028
f 11029/11029 11030/11030 11031/11031
f 11032/11032 11033/11033 11034/11034
f 11035/11035 11036/11036 11037/11037
f 11038/11038 11039/11039 11040/11040
f 11041/11041 11042/11042 11043/11043
f 11044/11044 11045/11045 11046/11046
f 11047/11047 11048/11048 11049/11049
f 11050/11050 11051/11051 11052/11052
f 11053/11053 11054/11054 11055/11055
f 11056/11056 11057/11057 11058/11058
f 11059/11059 11060/11060 11061/11061
f 11062/11062 11063/11063 11064/11064
f 11065/11065 11066/11066 11067/11067
f 11068/11068 11069/11069 11070/11070
f 11071/11071 11072/11072 11073/11073
f 11074/11074 11075/11075 11076/11076
f 11077/11077 11078/11078 11079/11079
f 11080/11080 11081/11081 11082/11082
f 11083/11083 11084/11084 11085/11085
f 11086/11086 11087/11087 11088/11088
f 11089/11089 11090/11090 11091/11091
f 11092/11092 11093/11093 11094/11094
f 11095/11095 11096/11096 11097/11097
f 11098/11098 11099/11099 11100/11100
f 11101/11101 11102/11102 11103/11103
f 11104/11104 11105/11105 11106/11106
f 11107/11107 11108/11108 11109/11109
f 11110/11110 11111/11111 11112/11112
f 11113/11113 11114/11114 11115/11115
f 11116/11116 11117/11117 11118/11118
f 11119/11119 11120/11120 11121/11121
f 11122/11122 11123/11123 11124/11124
f 11125/11125 11126/11126 11127/11127
f 11128/11128 11129/11129 11130/11130
f 11131/11131 11132/11132 11133/11133
f 11134/11134 11135/11135 11136/11136
f 11137/11137 11138/11138 11139/11139
f 11140/11140 11141/11141 11142/11142
f 11143/11143 11144/11144 11145/11145
f 11146/11146 11147/11147 11148/11148
f 11149/11149 11150/11150 11151/11151
f 11152/11152 11153/11153 11154/11154
f 11155/11155 11156/11156 11157/11157
f 11158/11158 11159/11159 11160/11160
f 11161/11161 11162/11162 11163/11163
f 11164/11164 11165/11165 11166/11166
f 11167/11167 11168/11168 11169/11169
f 11170/11170 11171/11171 11172/11172
f 11173/11173 11174/11174 11175/11175
f 11176/11176 11177/11177 11178/11178
f 11179/11179 11180/11180 11181/11181
f 11182/11182 11183/11183 11184/11184
f 11185/11185 11186/11186 11187/11187
f 11188/11188 11189/11189 11190/11190
f 11191/11191 11192/11192 11193/11193
f 11194/11194 11195/11195 11196/11196
f 11197/11197 11198/11198 11199/11199
f 11200/11200 11201/11201 11202/11202
f 11203/11203 11204/11204 11205/11205
f 11206/11206 11207/11207 11208/11208
f 11209/11209 11210/11210 11211/11211
f 11212/11212 11213/11213 11214/11214
f 11215/11215 11216/11216 11217/11217
f 11218/11218 11219/11219 11220/11220
f 11221/11221 11222/11222 11223/11223
f 11224/11224 11225/11225 11226/11226
f 11227/11227 11228/11228 11229/11229
f 11230/11230 11231/11231 11232/11232
f 11233/11233 11234/11234 11235/11235
f 11236/11236 11237/11237 11238/11238
f 11239/11239 11240/11240 11241/11241
f 11242/11242 11243/11243 11244/11244
f 11245/11245 11246/11246 11247/11247
f 11248/11248 11249/11249 11250/11250
f 11251/11251 11252/11252 11253/11253
f 11254/11254 11255/11255 11256/11256
f 11257/11257 11258/11258 11259/11259
f 11260/11260 11261/11261 11262/11262
f 11263/11263 11264/11264 11265/11265
f 11266/11266 11267/11267 11268/11268
f 11269/11269 11270/11270 11271/11271
f 11272/11272 11273/11273 11274/11274
f 11275/11275 11276/11276 11277/11277
f 11278/11278 11279/11279 11280/11280
f 11281/11281 11282/11282 11283/11283
f 11284/11284 11285/11285 11286/11286
f 11287/11287 11288/11288 11289/11289
f 11290/11290 11291/11291 11292/11292
f 11293/11293 11294/11294 11295/11295
f 11296/11296 11297/11297 11298/11298
f 11299/11299 11300/11300 11301/11301
f 11302/11302 11303/11303 11304/11304
f 11305/11305 11306/11306 11307/11307
f 11308/11308 11309/11309 11310/11310
f 11311/11311 11312/11312 11313/11313
f 11314/11314 11315/11315 11316/11316
f 11317/11317 11318/11318 11319/11319
f 11320/11320 11321/11321 11322/11322
f 11323/11323 11324/11324 11325/11325
f 11326/11326 11327/11327 11328/11328
f 11329/11329 11330/11330 11331/11331
f 11332/11332 11333/11333 11334/11334
f 11335/11335 11336/11336 11337/11337
f 11338/11338 11339/11339 11340/11340
f 11341/11341 11342/11342 11343/11343
f 11344/11344 11345/11345 11346/11346
f 11347/11347 11348/11348 11349/11349
f 11350/11350 11351/11351 11352/11352
f 11353/11353 11354/11354 11355/11355
f 11356/11356 11357/11357 11358/11358
f 11359/11359 11360/11360 11361/11361
f 11362/11362 11363/11363 11364/11364
f 11365/11365 11366/11366 11367/11367
f 11368/11368 11369/11369 11370/11370
f 11371/11371 11372/11372 11373/11373
f 11374/11374 11375/11375 11376/11376
f 11377/11377 11378/11378 11379/11379
f 11380/11380 11381/11381 11382/11382
f 11383/11383 11384/11384 11385/11385
f 11386/11386 11387/11387 11388/11388
f 11389/11389 11390/11390 11391/11391
f 11392/11392 11393/11393 11394/11394
f 11395/11395 11396/11396 11397/11397
f 11398/11398 11399/11399 11400/11400
f 11401/11401 11402/11402 11403/11403
f 11404/11404 11405/11405 11406/11406
f 11407/11407 11408/11408 11409/11409
f 11410/11410 11411/11411 11412/11412
f 11413/11413 11414/11414 11415/11415
f 11416/11416 11417/11417 11418/11418
f 11419/11419 11420/11420 11421/11421
f 11422/11422 11423/11423 11424/11424
f 11425/11425 11426/11426 11427/11427
f 11428/11428 11429/11429 11430/11430
f 11431/11431 11432/11432 11433/11433
f 11434/11434 11435/11435 11436/11436
f 11437/11437 11438/11438 11439/11439
f 11440/11440 11441/11441 11442/11442
f 11443/11443 11444/11444 11445/11445
f 11446/11446 11447/11447 11448/11448
f 11449/11449 11450/11450 11451/11451
f 11452/11452 11453/11453 11454/11454
f 11455/11455 11456/11456 11457/11457
f 11458/11458 11459/11459 11460/11460
f 11461/11461 11462/11462 11463/11463
f 11464/11464 11465/11465 11466/11466
f 11467/11467 11468/11468 11469/11469
f 11470/11470 11471/11471 11472/11472
f 11473/11473 11474/11474 11475/11475
f 11476/11476 11477/11477 11478/11478
f 11479/11479 11480/11480 11481/11481
f 11482/11482 11483/11483 11484/11484
f 11485/11485 11486/11486 11487/11487
f 11488/11488 11489/11489 11490/11490
f 11491/11491 11492/11492 11493/11493
f 11494/11494 11495/11495 11496/11496
f 11497/11497 11498/11498 11499/11499
f 11500/11500 11501/11501 11502/11502
f 11503/11503 11504/11504 11505/11505
f 11506/11506 11507/11507 11508/11508
f 11509/11509 11510/11510 11511/11511
f 11512/11512 11513/11513 11514/11514
f 11515/11515 11516/11516 11517/11517
f 11518/11518 11519/11519 11520/11520
f 11521/11521 11522/11522 11523/11523
f 11524/11524 11525/11525 11526/11526
f 11527/11527 11528/11528 11529/11529
f 11530/11530 11531/11531 11532/11532
f 11533/11533 11534/11534 11535/11535
f 11536/11536 11537/11537 11538/11538
f 11539/11539 11540/11540 11541/11541
f 11542/11542 11543/11543 11544/11544
f 11545/11545 11546/11546 11547/11547
f 11548/11548 11549/11549 11550/11550
f 11551/11551 11552/11552 11553/11553
f 11554/11554 11555/11555 11556/11556
f 11557/11557 11558/11558 11559/11559
f 11560/11560 11561/11561 11562/11562
f 11563/11563 11564/11564 11565/11565
f 11566/11566 11567/11567 11568/11568
f 11569/11569 11570/11570 11571/11571
f 11572/11572 11573/11573 11574/11574
f 11575/11575 11576/11576 11577/11577
f 11578/11578 11579/11579 11580/11580
f 11581/11581 11582/11582 11583/11583
f 11584/11584 11585/11585 11586/11586
f 11587/11587 11588/11588 11589/11589
f 11590/11590 11591/11591 11592/11592
f 11593/11593 11594/11594 11595/11595
f 11596/11596 11597/11597 11598/11598
f 11599/11599 11600/11600 11601/11601
f 11602/11602 11603/11603 11604/11604
f 11605/11605 11606/11606 11607/11607
f 11608/11608 11609/11609 11610/11610
f 11611/11611 11612/11612 11613/11613
f 11614/11614 11615/11615 11616/11616
f 11617/11617 11618/11618 11619/11619
f 11620/11620 11621/11621 11622/11622
f 11623/11623 11624/11624 11625/11625
f 11626/11626 11627/11627 11628/11628
f 11629/11629 11630/11630 11631/11631
f 11632/11632 11633/11633 11634/11634
f 11635/11635 11636/11636 11637/11637
f 11638/11638 11639/11639 11640/11640
f 11641/11641 11642/11642 11643/11643
f 11644/11644 11645/11645 11646/11646
f 11647/11647 11648/11648 11649/11649
f 11650/11650 11651/11651 11652/11652
f 11653/11653 11654/11654 11655/11655
f 11656/11656 11657/11657 11658/11658
f 11659/11659 11660/11660 11661/11661
f 11662/11662 11663/11663 11664/11664
f 11665/11665 11666/11666 11667/11667
f 11668/11668 11669/11669 11670/11670
f 11671/11671 11672/11672 11673/11673
f 11674/11674 11675/11675 11676/11676
f 11677/11677 11678/11678 11679/11679
f 11680/11680 11681/11681 11682/11682
f 11683/11683 11684/11684 11685/11685
f 11686/11686 11687/11687 11688/11688
f 11689/11689 11690/11690 11691/11691
f 11692/11692 11693/11693 11694/11694
f 11695/11695 11696/11696 11697/11697
f 11698/11698 11699/11699 11700/11700
f 11701/11701 11702/11702 11703/11703
f 11704/11704 11705/11705 11706/11706
f 11707/11707 11708/11708 11709/11709
f 11710/11710 11711/11711 11712/11712
f 11713/11713 11714/11714 11715/11715
f 11716/11716 11717/11717 11718/11718
f 11719/11719 11720/11720 11721/11721
f 11722/11722 11723/11723 11724/11724
f 11725/11725 11726/11726 11727/11727
f 11728/11728 11729/11729 11730/11730
f 11731/11731 11732/11732 11733/11733
f 11734/11734 11735/11735 11736/11736
f 11737/11737 11738/11738 11739/11739
f 11740/11740 11741/11741 11742/11742
f 11743/11743 11744/11744 11745/11745
f 11746/11746 11747/11747 11748/11748
f 11749/11749 11750/11750 11751/11751
f 11752/11752 11753/11753 11754/11754
f 11755/11755 11756/11756 11757/11757
f 11758/11758 11759/11759 11760/11760
f 11761/11761 11762/11762 11763/11763
f 11764/11764 11765/11765 11766/11766
f 11767/11767 11768/11768 11769/11769
f 11770/11770 11771/11771 11772/11772
f 11773/11773 11774/11774 11775/11775
f 11776/11776 11777/11777 11778/11778
f 11779/11779 11780/11780 11781/11781
f 11782/11782 11783/11783 11784/11784
f 11785/11785 11786/11786 11787/11787
f 11788/11788 11789/11789 11790/11790
f 11791/11791 11792/11792 11793/11793
f 11794/11794 11795/11795 11796/11796
f 11797/11797 11798/11798 11799/11799
f 11800/11800 11801/11801 11802/11802
f 11803/11803 11804/11804 11805/11805
f 11806/11806 11807/11807 11808/11808
f 11809/11809 11810/11810 11811/11811
f 11812/11812 11813/11813 11814/11814
f 11815/11815 11816/11816 11817/11817
f 11818/11818 11819/11819 11820/11820
f 11821/11821 11822/11822 11823/11823
f 11824/11824 11825/11825 11826/11826
f 11827/11827 11828/11828 11829/11829
f 11830/11830 11831/11831 11832/11832
f 11833/11833 11834/11834 11835/11835
f 11836/11836 11837/11837 11838/11838
f 11839/11839 11840/11840 11841/11841
f 11842/11842 11843/11843 11844/11844
f 11845/11845 11846/11846 11847/11847
f 11848/11848 11849/11849 11850/11850
f 11851/11851 11852/11852 11853/11853
f 11854/11854 11855/11855 11856/11856
f 11857/11857 11858/11858 11859/11859
f 11860/11860 11861/11861 11862/11862
f 11863/11863 11864/11864 11865/11865
f 11866/11866 11867/11867 11868/11868
f 11869/11869 11870/11870 11871/11871
f 11872/11872 11873/11873 11874/11874
f 11875/11875 11876/11876 11877/11877
f 11878/11878 11879/11879 11880/11880
f 11881/11881 11882/11882 11883/11883
f 11884/11884 11885/11885 11886/11886
f 11887/11887 11888/11888 11889/11889
f 11890/11890 11891/11891 11892/11892
f 11893/11893 11894/11894 11895/11895
f 11896/11896 11897/11897 11898/11898
f 11899/11899 11900/11900 11901/11901
f 11902/11902 11903/11903 11904/11904
f 11905/11905 11906/11906 11907/11907
f 11908/11908 11909/11909 11910/11910
f 11911/11911 11912/11912 11913/11913
f 11914/11914 11915/11915 11916/11916
f 11917/11917 11918/11918 11919/11919
f 11920/11920 11921/11921 11922/11922
f 11923/11923 11924/11924 11925/11925
f 11926/11926 11927/11927 11928/11928
f 11929/11929 11930/11930 11931/11931
f 11932/11932 11933/11933 11934/11934
f 11935/11935 11936/11936 11937/11937
f 11938/11938 11939/11939 11940/11940
f 11941/11941 11942/11942 11943/11943
f 11944/11944 11945/11945 11946/11946
f 11947/11947 11948/11948 11949/11949
f 11950/11950 11951/11951 11952/11952
f 11953/11953 11954/11954 11955/11955
f 11956/11956 11957/11957 11958/11958
f 11959/11959 11960/11960 11961/11961
f 11962/11962 11963/11963 11964/11964
f 11965/11965 11966/11966 11967/11967
f 11968/11968 11969/11969 11970/11970
f 11971/11971 11972/11972 11973/11973
f 11974/11974 11975/11975 11976/11976
f 11977/11977 11978/11978 11979/11979
f 11980/11980 11981/11981 11982/11982
f 11983/11983 11984/11984 11985/11985
f 11986/11986 11987/11987 11988/11988
f 11989/11989 11990/11990 11991/11991
f 11992/11992 11993/11993 11994/11994
f 11995/11995 11996/11996 11997/11997
f 11998/11998 11999/11999 12000/12000
f 12001/12001 12002/12002 12003/12003
f 12004/12004 12005/12005 12006/12006
f 12007/12007 12008/12008 12009/12009
f 12010/12010 12011/12011 12012/12012
f 12013/12013 12014/12014 12015/12015
f 12016/12016 12017/12017 12018/12018
f 12019/12019 12020/12020 12021/12021
f 12022/12022 12023/12023 12024/12024
f 12025/12025 12026/12026 12027/12027
f 12028/12028 12029/12029 12030/12030
f 12031/12031 12032/12032 12033/12033
f 12034/12034 12035/12035 12036/12036
f 12037/12037 12038/12038 12039/12039
f 12040/12040 12041/12041 12042/12042
f 12043/12043 12044/12044 12045/12045
f 12046/12046 12047/12047 12048/12048
f 12049/12049 12050/12050 12051/12051
f 12052/12052 12053/12053 12054/12054
f 12055/12055 12056/12056 12057/12057
f 12058/12058 12059/12059 12060/12060
f 12061/12061 12062/12062 12063/12063
f 12064/12064 12065/12065 12066/12066
f 12067/12067 12068/12068 12069/12069
f 12070/12070 12071/12071 12072/12072
f 12073/12073 12074/12074 12075/12075
f 12076/12076 12077/12077 12078/12078
f 12079/12079 12080/12080 12081/12081
f 12082/12082 12083/12083 12084/12084
f 12085/12085 12086/12086 12087/12087
f 12088/12088 12089/12089 12090/12090
f 12091/12091 12092/12092 12093/12093
f 12094/12094 12095/12095 12096/12096
f 12097/12097 12098/12098 12099/12099
f 12100/12100 12101/12101 12102/12102
f 12103/12103 12104/12104 12105/12105
f 12106/12106 12107/12107 12108/12108
f 12109/12109 12110/12110 12111/12111
f 12112/12112 12113/12113 12114/12114
f 12115/12115 12116/12116 12117/12117
f 12118/12118 12119/12119 12120/12120
f 12121/12121 12122/12122 12123/12123
f 12124/12124 12125/12125 12126/12126
f 12127/12127 12128/12128 12129/12129
f 12130/12130 12131/12131 12132/12132
f 12133/12133 12134/12134 12135/12135
f 12136/12136 12137/12137 12138/12138
f 12139/12139 12140/12140 12141/12141
f 12142/12142 12143/12143 12144/12144
f 12145/12145 12146/12146 12147/12147
f 12148/12148 12149/12149 12150/12150
f 12151/12151 12152/12152 12153/12153
f 12154/12154 12155/12155 12156/12156
f 12157/12157 12158/12158 12159/12159
f 12160/12160 12161/12161 12162/12162
f 12163/12163 12164/12164 12165/12165
f 12166/12166 12167/12167 12168/12168
f 12169/12169 12170/12170 12171/12171
f 12172/12172 12173/12173 12174/12174
f 12175/12175 12176/12176 12177/12177
f 12178/12178 12179/12179 12180/12180
f 12181/12181 12182/12182 12183/12183
f 12184/12184 12185/12185 12186/12186
f 12187/12187 12188/12188 12189/12189
f 12190/12190 12191/12191 12192/12192
f 12193/12193 12194/12194 12195/12195
f 12196/12196 12197/12197 12198/12198
f 12199/12199 12200/12200 12201/12201
f 12202/12202 12203/12203 12204/12204
f 12205/12205 12206/12206 12207/12207
f 12208/12208 12209/12209 12210/12210
f 12211/12211 12212/12212 12213/12213
f 12214/12214 12215/12215 12216/12216
f 12217/12217 12218/12218 12219/12219
f 12220/12220 12221/12221 12222/12222
f 12223/12223 12224/12224 12225/12225
f 12226/12226 12227/12227 12228/12228
f 12229/12229 12230/12230 12231/12231
f 12232/12232 12233/12233 12234/12234
f 12235/12235 12236/12236 12237/12237
f 12238/12238 12239/12239 12240/12240
f 12241/12241 12242/12242 12243/12243
f 12244/12244 12245/12245 12246/12246
f 12247/12247 12248/12248 12249/12249
f 12250/12250 12251/12251 12252/12252
f 12253/12253 12254/12254 12255/12255
f 12256/12256 12257/12257 12258/12258
f 12259/12259 12260/12260 12261/12261
f 12262/12262 12263/12263 12264/12264
f 12265/12265 12266/12266 12267/12267
f 12268/12268 12269/12269 12270/12270
f 12271/12271 12272/12272 12273/12273
f 12274/12274 12275/12275 12276/12276
f 12277/12277 12278/12278 12279/12279
f 12280/12280 12281/12281 12282/12282
f 12283/12283 12284/12284 12285/12285
f 12286/12286 12287/12287 12288/12288
f 12289/12289 12290/12290 12291/12291
f 12292/12292 12293/12293 12294/12294
f 12295/12295 12296/12296 12297/12297
f 12298/12298 12299/12299 12300/12300
f 12301/12301 12302/12302 12303/12303
f 12304/12304 12305/12305 12306/12306
f 12307/12307 12308/12308 12309/12309
f 12310/12310 12311/12311 12312/12312
f 12313/12313 12314/12314 12315/12315
f 12316/12316 12317/12317 12318/12318
f 12319/12319 12320/12320 12321/12321
f 12322/12322 12323/12323 12324/12324
f 12325/12325 12326/12326 12327/12327
f 12328/12328 12329/12329 12330/12330
f 12331/12331 12332/12332 12333/12333
f 12334/12334 12335/12335 12336/12336
f 12337/12337 12338/12338 12339/12339
f 12340/12340 12341/12341 12342/12342
f 12343/12343 12344/12344 12345/12345
f 12346/12346 12347/12347 12348/12348
f 12349/12349 12350/12350 12351/12351
f 12352/12352 12353/12353 12354/12354
f 12355/12355 12356/12356 12357/12357
f 12358/12358 12359/12359 12360/12360
f 12361/12361 12362/12362 12363/12363
f 12364/12364 12365/12365 12366/12366
f 12367/12367 12368/12368 12369/12369
f 12370/12370 12371/12371 12372/12372
f 12373/12373 12374/12374 12375/12375
f 12376/12376 12377/12377 12378/12378
f 12379/12379 12380/12380 12381/12381
f 12382/12382 12383/12383 12384/12384
f 12385/12385 12386/12386 12387/12387
f 12388/12388 12389/12389 12390/12390
f 12391/12391 12392/12392 12393/12393
f 12394/12394 12395/12395 12396/12396
f 12397/12397 12398/12398 12399/12399
f 12400/12400 12401/12401 12402/12402
f 12403/12403 12404/12404 12405/12405
f 12406/12406 12407/12407 12408/12408
f 12409/12409 12410/12410 12411/12411
f 12412/12412 12413/12413 12414/12414
f 12415/12415 12416/12416 12417/12417
f 12418/12418 12419/12419 12420/12420
f 12421/12421 12422/12422 12423/12423
f 12424/12424 12425/12425 12426/12426
f 12427/12427 12428/12428 12429/12429
f 12430/12430 12431/12431 12432/12432
f 12433/12433 12434/12434 12435/12435
f 12436/12436 12437/12437 12438/12438
f 12439/12439 12440/12440 12441/12441
f 12442/12442 12443/12443 12444/12444
f 12445/12445 12446/12446 12447/12447
f 12448/12448 12449/12449 12450/12450
f 12451/12451 12452/12452 12453/12453
f 12454/12454 12455/12455 12456/12456
f 12457/12457 12458/12458 12459/12459
f 12460/12460 12461/12461 12462/12462
f 12463/12463 12464/12464 12465/12465
f 12466/12466 12467/12467 12468/12468
f 12469/12469 12470/12470 12471/12471
f 12472/12472 12473/12473 12474/12474
f 12475/12475 12476/12476 12477/12477
f 12478/12478 12479/12479 12480/12480
f 12481/12481 12482/12482 12483/12483
f 12484/12484 12485/12485 12486/12486
f 12487/12487 12488/12488 12489/12489
f 12490/12490 12491/12491 12492/12492
f 12493/12493 12494/12494 12495/12495
f 12496/12496 12497/12497 12498/12498
f 12499/12499 12500/12500 12501/12501
f 12502/12502 12503/12503 12504/12504
f 12505/12505 12506/12506 12507/12507
f 12508/12508 12509/12509 12510/12510
f 12511/12511 12512/12512 12513/12513
f 12514/12514 12515/12515 12516/12516
f 12517/12517 12518/12518 12519/12519
f 12520/12520 12521/12521 12522/12522
f 12523/12523 12524/12524 12525/12525
f 12526/12526 12527/12527 12528/12528
f 12529/12529 12530/12530 12531/12531
f 12532/12532 12533/12533 12534/12534
f 12535/12535 12536/12536 12537/12537
f 12538/12538 12539/12539 12540/12540
f 12541/12541 12542/12542 12543/12543
f 12544/12544 12545/12545 12546/12546
f 12547/12547 12548/12548 12549/12549
f 12550/12550 12551/12551 12552/12552
f 12553/12553 12554/12554 12555/12555
f 12556/12556 12557/12557 12558/12558
f 12559/12559 12560/12560 12561/12561
f 12562/12562 12563/12563 12564/12564
f 12565/12565 12566/12566 12567/12567
f 12568/12568 12569/12569 12570/12570
f 12571/12571 12572/12572 12573/12573
f 12574/12574 12575/12575 12576/12576
f 12577/12577 12578/12578 12579/12579
f 12580/12580 12581/12581 12582/12582
f 12583/12583 12584/12584 12585/12585
f 12586/12586 12587/12587 12588/12588
f 12589/12589 12590/12590 12591/12591
f 12592/12592 12593/12593 12594/12594
f 12595/12595 12596/12596 12597/12597
f 12598/12598 12599/12599 12600/12600
f 12601/12601 12602/12602 12603/12603
f 12604/12604 12605/12605 12606/12606
f 12607/12607 12608/12608 12609/12609
f 12610/12610 12611/12611 12612/12612
f 12613/12613 12614/12614 12615/12615
f 12616/12616 12617/12617 12618/12618
f 12619/12619 12620/12620 12621/12621
f 12622/12622 12623/12623 12624/12624
f 12625/12625 12626/12626 12627/12627
f 12628/12628 12629/12629 12630/12630
f 12631/12631 12632/12632 12633/12633
f 12634/12634 12635/12635 12636/12636
f 12637/12637 12638/12638 12639/12639
f 12640/12640 12641/12641 12642/12642
f 12643/12643 12644/12644 12645/12645
f 12646/12646 12647/12647 12648/12648
f 12649/12649 12650/12650 12651/12651
f 12652/12652 12653/12653 12654/12654
f 12655/12655 12656/12656 12657/12657
f 12658/12658 12659/12659 12660/12660
f 12661/12661 12662/12662 12663/12663
f 12664/12664 12665/12665 12666/12666
f 12667/12667 12668/12668 12669/12669
f 12670/12670 12671/12671 12672/12672
f 12673/12673 12674/12674 12675/12675
f 12676/12676 12677/12677 12678/12678
f 12679/12679 12680/12680 12681/12681
f 12682/12682 12683/12683 12684/12684
f 12685/12685 12686/12686 12687/12687
f 12688/12688 12689/12689 12690/12690
f 12691/12691 12692/12692 12693/12693
f 12694/12694 12695/12695 12696/12696
f 12697/12697 12698/12698 12699/12699
f 12700/12700 12701/12701 12702/12702
f 12703/12703 12704/12704 12705/12705
f 12706/12706 12707/12707 12708/12708
f 12709/12709 12710/12710 12711/12711
f 12712/12712 12713/12713 12714/12714
f 12715/12715 12716/12716 12717/12717
f 12718/12718 12719/12719 12720/12720
f 12721/12721 12722/12722 12723/12723
f 12724/12724 12725/12725 12726/12726
f 12727/12727 12728/12728 12729/12729
f 12730/12730 12731/12731 12732/12732
f 12733/12733 12734/12734 12735/12735
f 12736/12736 12737/12737 12738/12738
f 12739/12739 12740/12740 12741/12741
f 12742/12742 12743/12743 12744/12744
f 12745/12745 12746/12746 12747/12747
f 12748/12748 12749/12749 12750/12750
f 12751/12751 12752/12752 12753/12753
f 12754/12754 12755/12755 12756/12756
f 12757/12757 12758/12758 12759/12759
f 12760/12760 12761/12761 12762/12762
f 12763/12763 12764/12764 12765/12765
f 12766/12766 12767/12767 12768/12768
f 12769/12769 12770/12770 12771/12771
f 12772/12772 12773/12773 12774/12774
f 12775/12775 12776/12776 12777/12777
f 12778/12778 12779/12779 12780/12780
f 12781/12781 12782/12782 12783/12783
f 12784/12784 12785/12785 12786/12786
f 12787/12787 12788/12788 12789/12789
f 12790/12790 12791/12791 12792/12792
f 12793/12793 12794/12794 12795/12795
f 12796/12796 12797/12797 12798/12798
f 12799/12799 12800/12800 12801/12801
f 12802/12802 12803/12803 12804/12804
f 12805/12805 12806/12806 12807/12807
f 12808/12808 12809/12809 12810/12810
f 12811/12811 12812/12812 12813/12813
f 12814/12814 12815/12815 12816/12816
f 12817/12817 12818/12818 12819/12819
f 12820/12820 12821/12821 12822/12822
f 12823/12823 12824/12824 12825/12825
f 12826/12826 12827/12827 12828/12828
f 12829/12829 12830/12830 12831/12831
f 12832/12832 12833/12833 12834/12834
f 12835/12835 12836/12836 12837/12837
f 12838/12838 12839/12839 12840/12840
f 12841/12841 12842/12842 12843/12843
f 12844/12844 12845/12845 12846/12846
f 12847/12847 12848/12848 12849/12849
f 12850/12850 12851/12851 12852/12852
f 12853/12853 12854/12854 12855/12855
f 12856/12856 12857/12857 12858/12858
f 12859/12859 12860/12860 12861/12861
f 12862/12862 12863/12863 12864/12864
f 12865/12865 12866/12866 12867/12867
f 12868/12868 12869/12869 12870/12870
f 12871/12871 12872/12872 12873/12873
f 12874/12874 12875/12875 12876/12876
f 12877/12877 12878/12878 12879/12879
f 12880/12880 12881/12881 12882/12882
f 12883/12883 12884/12884 12885/12885
f 12886/12886 12887/12887 12888/12888
f 12889/12889 12890/12890 12891/12891
f 12892/12892 12893/12893 12894/12894
f 12895/12895 12896/12896 12897/12897
f 12898/12898 12899/12899 12900/12900
f 12901/12901 12902/12902 12903/12903
f 12904/12904 12905/12905 12906/12906
f 12907/12907 12908/12908 12909/12909
f 12910/12910 12911/12911 12912/12912
f 12913/12913 12914/12914 12915/12915
f 12916/12916 12917/12917 12918/12918
f 12919/12919 12920/12920 12921/12921
f 12922/12922 12923/12923 12924/12924
f 12925/12925 12926/12926 12927/12927
f 12928/12928 12929/12929 12930/12930
f 12931/12931 12932/12932 12933/12933
f 12934/12934 12935/12935 12936/12936
f 12937/12937 12938/12938 12939/12939
f 12940/12940 12941/12941 12942/12942
f 12943/12943 12944/12944 12945/12945
f 12946/12946 12947/12947 12948/12948
f 12949/12949 12950/12950 12951/12951
f 12952/12952 12953/12953 12954/12954
f 12955/12955 12956/12956 12957/12957
f 12958/12958 12959/12959 12960/12960
f 12961/12961 12962/12962 12963/12963
f 12964/12964 12965/12965 12966/12966
f 12967/12967 12968/12968 12969/12969
f 12970/12970 12971/12971 12972/12972
f 12973/12973 12974/12974 12975/12975
f 12976/12976 12977/12977 12978/12978
f 12979/12979 12980/12980 12981/12981
f 12982/12982 12983/12983 12984/12984
f 12985/12985 12986/12986 12987/12987
f 12988/12988 12989/12989 12990/12990
f 12991/12991 12992/12992 12993/12993
f 12994/12994 12995/12995 12996/12996
f 12997/12997 12998/12998 12999/12999
f 13000/13000 13001/13001 13002/13002
f 13003/13003 13004/13004 13005/13005
f 13006/13006 13007/13007 13008/13008
f 13009/13009 13010/13010 13011/13011
f 13012/13012 13013/13013 13014/13014
f 13015/13015 13016/13016 13017/13017
f 13018/13018 13019/13019 13020/13020
f 13021/13021 13022/13022 13023/13023
f 13024/13024 13025/13025 13026/13026
f 13027/13027 13028/13028 13029/13029
f 13030/13030 13031/13031 13032/13032
f 13033/13033 13034/13034 13035/13035
f 13036/13036 13037/13037 13038/13038
f 13039/13039 13040/13040 13041/13041
f 13042/13042 13043/13043 13044/13044
f 13045/13045 13046/13046 13047/13047
f 13048/13048 13049/13049 13050/13050
f 13051/13051 13052/13052 13053/13053
f 13054/13054 13055/13055 13056/13056
f 13057/13057 13058/13058 13059/13059
f 13060/13060 13061/13061 13062/13062
f 13063/13063 13064/13064 13065/13065
f 13066/13066 13067/13067 13068/13068
f 13069/13069 13070/13070 13071/13071
f 13072/13072 13073/13073 13074/13074
f 13075/13075 13076/13076 13077/13077
f 13078/13078 13079/13079 13080/13080
f 13081/13081 13082/13082 13083/13083
f 13084/13084 13085/13085 13086/13086
f 13087/13087 13088/13088 13089/13089
f 13090/13090 13091/13091 13092/13092
f 13093/13093 13094/13094 13095/13095
f 13096/13096 13097/13097 13098/13098
f 13099/13099 13100/13100 13101/13101
f 13102/13102 13103/13103 13104/13104
f 13105/13105 13106/13106 13107/13107
f 13108/13108 13109/13109 13110/13110
f 13111/13111 13112/13112 13113/13113
f 13114/13114 13115/13115 13116/13116
f 13117/13117 13118/13118 13119/13119
f 13120/13120 13121/13121 13122/13122
f 13123/13123 13124/13124 13125/13125
f 13126/13126 13127/13127 13128/13128
f 13129/13129 13130/13130 13131/13131
f 13132/13132 13133/13133 13134/13134
f 13135/13135 13136/13136 13137/13137
f 13138/13138 13139/13139 13140/13140
f 13141/13141 13142/13142 13143/13143
f 13144/13144 13145/13145 13146/13146
f 13147/13147 13148/13148 13149/13149
f 13150/13150 13151/13151 13152/13152
f 13153/13153 13154/13154 13155/13155
f 13156/13156 13157/13157 13158/13158
f 13159/13159 13160/13160 13161/13161
f 13162/13162 13163/13163 13164/13164
f 13165/13165 13166/13166 13167/13167
f 13168/13168 13169/13169 13170/13170
f 13171/13171 13172/13172 13173/13173
f 13174/13174 13175/13175 13176/13176
f 13177/13177 13178/13178 13179/13179
f 13180/13180 13181/13181 13182/13182
f 13183/13183 13184/13184 13185/13185
f 13186/13186 13187/13187 13188/13188
f 13189/13189 13190/13190 13191/13191
f 13192/13192 13193/13193 13194/13194
f 13195/13195 13196/13196 13197/13197
f 13198/13198 13199/13199 13200/13200
f 13201/13201 13202/13202 13203/13203
f 13204/13204 13205/13205 13206/13206
f 13207/13207 13208/13208 13209/13209
f 13210/13210 13211/13211 13212/13212
f 13213/13213 13214/13214 13215/13215
f 13216/13216 13217/13217 13218/13218
f 13219/13219 13220/13220 13221/13221
f 13222/13222 13223/13223 13224/13224
f 13225/13225 13226/13226 13227/13227
f 13228/13228 13229/13229 13230/13230
f 13231/13231 13232/13232 13233/13233
f 13234/13234 13235/13235 13236/13236
f 13237/13237 13238/13238 13239/13239
f 13240/13240 13241/13241 13242/13242
f 13243/13243 13244/13244 13245/13245
f 13246/13246 13247/13247 13248/13248
f 13249/13249 13250/13250 13251/13251
f 13252/13252 13253/13253 13254/13254
f 13255/13255 13256/13256 13257/13257
f 13258/13258 13259/13259 13260/13260
f 13261/13261 13262/13262 13263/13263
f 13264/13264 13265/13265 13266/13266
f 13267/13267 13268/13268 13269/13269
f 13270/13270 13271/13271 13272/13272
f 13273/13273 13274/13274 13275/13275
f 13276/13276 13277/13277 13278/13278
f 13279/13279 13280/13280 13281/13281
f 13282/13282 13283/13283 13284/13284
f 13285/13285 13286/13286 13287/13287
f 13288/13288 13289/13289 13290/13290
f 13291/13291 13292/13292 13293/13293
f 13294/13294 13295/13295 13296/13296
f 13297/13297 13298/13298 13299/13299
f 13300/13300 13301/13301 13302/13302
f 13303/13303 13304/13304 13305/13305
f 13306/13306 13307/13307 13308/13308
f 13309/13309 13310/13310 13311/13311
f 13312/13312 13313/13313 13314/13314
f 13315/13315 13316/13316 13317/13317
f 13318/13318 13319/13319 13320/13320
f 13321/13321 13322/13322 13323/13323
f 13324/13324 13325/13325 13326/13326
f 13327/13327 13328/13328 13329/13329
f 13330/13330 13331/13331 13332/13332
f 13333/13333 13334/13334 13335/13335
f 13336/13336 13337/13337 13338/13338
f 13339/13339 13340/13340 13341/13341
f 13342/13342 13343/13343 13344/13344
f 13345/13345 13346/13346 13347/13347
f 13348/13348 13349/13349 13350/13350
f 13351/13351 13352/13352 13353/13353
f 13354/13354 13355/13355 13356/13356
f 13357/13357 13358/13358 13359/13359
f 13360/13360 13361/13361 13362/13362
f 13363/13363 13364/13364 13365/13365
f 13366/13366 13367/13367 13368/13368
f 13369/13369 13370/13370 13371/13371
f 13372/13372 13373/13373 13374/13374
f 13375/13375 13376/13376 13377/13377
f 13378/13378 13379/13379 13380/13380
f 13381/13381 13382/13382 13383/13383
f 13384/13384 13385/13385 13386/13386
f 13387/13387 13388/13388 13389/13389
f 13390/13390 13391/13391 13392/13392
f 13393/13393 13394/13394 13395/13395
f 13396/13396 13397/13397 13398/13398
f 13399/13399 13400/13400 13401/13401
f 13402/13402 13403/13403 13404/13404
f 13405/13405 13406/13406 13407/13407
f 13408/13408 13409/13409 13410/13410
f 13411/13411 13412/13412 13413/13413
f 13414/13414 13415/13415 13416/13416
f 13417/13417 13418/13418 13419/13419
f 13420/13420 13421/13421 13422/13422
f 13423/13423 13424/13424 13425/13425
f 13426/13426 13427/13427 13428/13428
f 13429/13429 13430/13430 13431/13431
f 13432/13432 13433/13433 13434/13434
f 13435/13435 13436/13436 13437/13437
f 13438/13438 13439/13439 13440/13440
f 13441/13441 13442/13442 13443/13443
f 13444/13444 13445/13445 13446/13446
f 13447/13447 13448/13448 13449/13449
f 13450/13450 13451/13451 13452/13452
f 13453/13453 13454/13454 13455/13455
f 13456/13456 13457/13457 13458/13458
f 13459/13459 13460/13460 13461/13461
f 13462/13462 13463/13463 13464/13464
f 13465/13465 13466/13466 13467/13467
f 13468/13468 13469/13469 13470/13470
f 13471/13471 13472/13472 13473/13473
f 13474/13474 13475/13475 13476/13476
f 13477/13477 13478/13478 13479/13479
f 13480/13480 13481/13481 13482/13482
f 13483/13483 13484/13484 13485/13485
f 13486/13486 13487/13487 13488/13488
f 13489/13489 13490/13490 13491/13491
f 13492/13492 13493/13493 13494/13494
f 13495/13495 13496/13496 13497/13497
f 13498/13498 13499/13499 13500/13500
f 13501/13501 13502/13502 13503/13503
f 13504/13504 13505/13505 13506/13506
f 13507/13507 13508/13508 13509/13509
f 13510/13510 13511/13511 13512/13512
f 13513/13513 13514/13514 13515/13515
f 13516/13516 13517/13517 13518/13518
f 13519/13519 13520/13520 13521/13521
f 13522/13522 13523/13523 13524/13524
f 13525/13525 13526/13526 13527/13527
f 13528/13528 13529/13529 13530/13530
f 13531/13531 13532/13532 13533/13533
f 13534/13534 13535/13535 13536/13536
f 13537/13537 13538/13538 13539/13539
f 13540/13540 13541/13541 13542/13542
f 13543/13543 13544/13544 13545/13545
f 13546/13546 13547/13547 13548/13548
f 13549/13549 13550/13550 13551/13551
f 13552/13552 13553/13553 13554/13554
f 13555/13555 13556/13556 13557/13557
f 13558/13558 13559/13559 13560/13560
f 13561/13561 13562/13562 13563/13563
f 13564/13564 13565/13565 13566/13566
f 13567/13567 13568/13568 13569/13569
f 13570/13570 13571/13571 13572/13572
f 13573/13573 13574/13574 13575/13575
f 13576/13576 13577/13577 13578/13578
f 13579/13579 13580/13580 13581/13581
f 13582/13582 13583/13583 13584/13584
f 13585/13585 13586/13586 13587/13587
f 13588/13588 13589/13589 13590/13590
f 13591/13591 13592/13592 13593/13593
f 13594/13594 13595/13595 13596/13596
f 13597/13597 13598/13598 13599/13599
f 13600/13600 13601/13601 13602/13602
f 13603/13603 13604/13604 13605/13605
f 13606/13606 13607/13607 13608/13608
f 13609/13609 13610/13610 13611/13611
f 13612/13612 13613/13613 13614/13614
f 13615/13615 13616/13616 13617/13617
f 13618/13618 13619/13619 13620/13620
f 13621/13621 13622/13622 13623/13623
f 13624/13624 13625/13625 13626/13626
f 13627/13627 13628/13628 13629/13629
f 13630/13630 13631/13631 13632/13632
f 13633/13633 13634/13634 13635/13635
f 13636/13636 13637/13637 13638/13638
f 13639/13639 13640/13640 13641/13641
f 13642/13642 13643/13643 13644/13644
f 13645/13645 13646/13646 13647/13647
f 13648/13648 13649/13649 13650/13650
f 13651/13651 13652/13652 13653/13653
f 13654/13654 13655/13655 13656/13656
f 13657/13657 13658/13658 13659/13659
f 13660/13660 13661/13661 13662/13662
f 13663/13663 13664/13664 13665/13665
f 13666/13666 13667/13667 13668/13668
f 13669/13669 13670/13670 13671/13671
f 13672/13672 13673/13673 13674/13674
f 13675/13675 13676/13676 13677/13677
f 13678/13678 13679/13679 13680/13680
f 13681/13681 13682/13682 13683/13683
f 13684/13684 13685/13685 13686/13686
f 13687/13687 13688/13688 13689/13689
f 13690/13690 13691/13691 13692/13692
f 13693/13693 13694/13694 13695/13695
f 13696/13696 13697/13697 13698/13698
f 13699/13699 13700/13700 13701/13701
f 13702/13702 13703/13703 13704/13704
f 13705/13705 13706/13706 13707/13707
f 13708/13708 13709/13709 13710/13710
f 13711/13711 13712/13712 13713/13713
f 13714/13714 13715/13715 13716/13716
f 13717/13717 13718/13718 13719/13719
f 13720/13720 13721/13721 13722/13722
f 13723/13723 13724/13724 13725/13725
f 13726/13726 13727/13727 13728/13728
f 13729/13729 13730/13730 13731/13731
f 13732/13732 13733/13733 13734/13734
f 13735/13735 13736/13736 13737/13737
f 13738/13738 13739/13739 13740/13740
f 13741/13741 13742/13742 13743/13743
f 13744/13744 13745/13745 13746/13746
f 13747/13747 13748/13748 13749/13749
f 13750/13750 13751/13751 13752/13752
f 13753/13753 13754/13754 13755/13755
f 13756/13756 13757/13757 13758/13758
f 13759/13759 13760/13760 13761/13761
f 13762/13762 13763/13763 13764/13764
f 13765/13765 13766/13766 13767/13767
f 13768/13768 13769/13769 13770/13770
f 13771/13771 13772/13772 13773/13773
f 13774/13774 13775/13775 13776/13776
f 13777/13777 13778/13778 13779/13779
f 13780/13780 13781/13781 13782/13782
f 13783/13783 13784/13784 13785/13785
f 13786/13786 13787/13787 13788/13788
f 13789/13789 13790/13790 13791/13791
f 13792/13792 13793/13793 13794/13794
f 13795/13795 13796/13796 13797/13797
f 13798/13798 13799/13799 13800/13800
f 13801/13801 13802/13802 13803/13803
f 13804/13804 13805/13805 13806/13806
f 13807/13807 13808/13808 13809/13809
f 13810/13810 13811/13811 13812/13812
f 13813/13813 13814/13814 13815/13815
f 13816/13816 13817/13817 13818/13818
f 13819/13819 13820/13820 13821/13821
f 13822/13822 13823/13823 13824/13824
f 13825/13825 13826/13826 13827/13827
f 13828/13828 13829/13829 13830/13830
f 13831/13831 13832/13832 13833/13833
f 13834/13834 13835/13835 13836/13836
f 13837/13837 13838/13838 13839/13839
f 13840/13840 13841/13841 13842/13842
f 13843/13843 13844/13844 13845/13845
f 13846/13846 13847/13847 13848/13848
f 13849/13849 13850/13850 13851/13851
f 13852/13852 13853/13853 13854/13854
f 13855/13855 13856/13856 13857/13857
f 13858/13858 13859/13859 13860/13860
f 13861/13861 13862/13862 13863/13863
f 13864/13864 13865/13865 13866/13866
f 13867/13867 13868/13868 13869/13869
f 13870/13870 13871/13871 13872/13872
f 13873/13873 13874/13874 13875/13875
f 13876/13876 13877/13877 13878/13878
f 13879/13879 13880/13880 13881/13881
f 13882/13882 13883/13883 13884/13884
f 13885/13885 13886/13886 13887/13887
f 13888/13888 13889/13889 13890/13890
f 13891/13891 13892/13892 13893/13893
f 13894/13894 13895/13895 13896/13896
f 13897/13897 13898/13898 13899/13899
f 13900/13900 13901/13901 13902/13902
f 13903/13903 13904/13904 13905/13905
f 13906/13906 13907/13907 13908/13908
f 13909/13909 13910/13910 13911/13911
f 13912/13912 13913/13913 13914/13914
f 13915/13915 13916/13916 13917/13917
f 13918/13918 13919/13919 13920/13920
f 13921/13921 13922/13922 13923/13923
f 13924/13924 13925/13925 13926/13926
f 13927/13927 13928/13928 13929/13929
f 13930/13930 13931/13931 13932/13932
f 13933/13933 13934/13934 13935/13935
f 13936/13936 13937/13937 13938/13938
f 13939/13939 13940/13940 13941/13941
f 13942/13942 13943/13943 13944/13944
f 13945/13945 13946/13946 13947/13947
f 13948/13948 13949/13949 13950/13950
f 13951/13951 13952/13952 13953/13953
f 13954/13954 13955/13955 13956/13956
f 13957/13957 13958/13958 13959/13959
f 13960/13960 13961/13961 13962/13962
f 13963/13963 13964/13964 13965/13965
f 13966/13966 13967/13967 13968/13968
f 13969/13969 13970/13970 13971/13971
f 13972/13972 13973/13973 13974/13974
f 13975/13975 13976/13976 13977/13977
f 13978/13978 13979/13979 13980/13980
f 13981/13981 13982/13982 13983/13983
f 13984/13984 13985/13985 13986/13986
f 13987/13987 13988/13988 13989/13989
f 13990/13990 13991/13991 13992/13992
f 13993/13993 13994/13994 13995/13995
f 13996/13996 13997/13997 13998/13998
f 13999/13999 14000/14000 14001/14001
f 14002/14002 14003/14003 14004/14004
f 14005/14005 14006/14006 14007/14007
f 14008/14008 14009/14009 14010/14010
f 14011/14011 14012/14012 14013/14013
f 14014/14014 14015/14015 14016/14016
f 14017/14017 14018/14018 14019/14019
f 14020/14020 14021/14021 14022/14022
f 14023/14023 14024/14024 14025/14025
f 14026/14026 14027/14027 14028/14028
f 14029/14029 14030/14030 14031/14031
f 14032/14032 14033/14033 14034/14034
f 14035/14035 14036/14036 14037/14037
f 14038/14038 14039/14039 14040/14040
f 14041/14041 14042/14042 14043/14043
f 14044/14044 14045/14045 14046/14046
f 14047/14047 14048/14048 14049/14049
f 14050/14050 14051/14051 14052/14052
f 14053/14053 14054/14054 14055/14055
f 14056/14056 14057/14057 14058/14058
f 14059/14059 14060/14060 14061/14061
f 14062/14062 14063/14063 14064/14064
f 14065/14065 14066/14066 14067/14067
f 14068/14068 14069/14069 14070/14070
f 14071/14071 14072/14072 14073/14073
f 14074/14074 14075/14075 14076/14076
f 14077/14077 14078/14078 14079/14079
f 14080/14080 14081/14081 14082/14082
f 14083/14083 14084/14084 14085/14085
f 14086/14086 14087/14087 14088/14088
f 14089/14089 14090/14090 14091/14091
f 14092/14092 14093/14093 14094/14094
f 14095/14095 14096/14096 14097/14097
f 14098/14098 14099/14099 14100/14100
f 14101/14101 14102/14102 14103/14103
f 14104/14104 14105/14105 14106/14106
f 14107/14107 14108/14108 14109/14109
f 14110/14110 14111/14111 14112/14112
f 14113/14113 14114/14114 14115/14115
f 14116/14116 14117/14117 14118/14118
f 14119/14119 14120/14120 14121/14121
f 14122/14122 14123/14123 14124/14124
f 14125/14125 14126/14126 14127/14127
f 14128/14128 14129/14129 14130/14130
f 14131/14131 14132/14132 14133/14133
f 14134/14134 14135/14135 14136/14136
f 14137/14137 14138/14138 14139/14139
f 14140/14140 14141/14141 14142/14142
f 14143/14143 14144/14144 14145/14145
f 14146/14146 14147/14147 14148/14148
f 14149/14149 14150/14150 14151/14151
f 14152/14152 14153/14153 14154/14154
f 14155/14155 14156/14156 14157/14157
f 14158/14158 14159/14159 14160/14160
f 14161/14161 14162/14162 14163/14163
f 14164/14164 14165/14165 14166/14166
f 14167/14167 14168/14168 14169/14169
f 14170/14170 14171/14171 14172/14172
f 14173/14173 14174/14174 14175/14175
f 14176/14176 14177/14177 14178/14178
f 14179/14179 14180/14180 14181/14181
f 14182/14182 14183/14183 14184/14184
f 14185/14185 14186/14186 14187/14187
f 14188/14188 14189/14189 14190/14190
f 14191/14191 14192/14192 14193/14193
f 14194/14194 14195/14195 14196/14196
f 14197/14197 14198/14198 14199/14199
f 14200/14200 14201/14201 14202/14202
f 14203/14203 14204/14204 14205/14205
f 14206/14206 14207/14207 14208/14208
f 14209/14209 14210/14210 14211/14211
f 14212/14212 14213/14213 14214/14214
f 14215/14215 14216/14216 14217/14217
f 14218/14218 14219/14219 14220/14220
f 14221/14221 14222/14222 14223/14223
f 14224/14224 14225/14225 14226/14226
f 14227/14227 14228/14228 14229/14229
f 14230/14230 14231/14231 14232/14232
f 14233/14233 14234/14234 14235/14235
f 14236/14236 14237/14237 14238/14238
f 14239/14239 14240/14240 14241/14241
f 14242/14242 14243/14243 14244/14244
f 14245/14245 14246/14246 14247/14247
f 14248/14248 14249/14249 14250/14250
f 14251/14251 14252/14252 14253/14253
f 14254/14254 14255/14255 14256/14256
f 14257/14257 14258/14258 14259/14259
f 14260/14260 14261/14261 14262/14262
f 14263/14263 14264/14264 14265/14265
f 14266/14266 14267/14267 14268/14268
f 14269/14269 14270/14270 14271/14271
f 14272/14272 14273/14273 14274/14274
f 14275/14275 14276/14276 14277/14277
f 14278/14278 14279/14279 14280/14280
f 14281/14281 14282/14282 14283/14283
f 14284/14284 14285/14285 14286/14286
f 14287/14287 14288/14288 14289/14289
f 14290/14290 14291/14291 14292/14292
f 14293/14293 14294/14294 14295/14295
f 14296/14296 14297/14297 14298/14298
f 14299/14299 14300/14300 14301/14301
f 14302/14302 14303/14303 14304/14304
f 14305/14305 14306/14306 14307/14307
f 14308/14308 14309/14309 14310/14310
f 14311/14311 14312/14312 14313/14313
f 14314/14314 14315/14315 14316/14316
f 14317/14317 14318/14318 14319/14319
f 14320/14320 14321/14321 14322/14322
f 14323/14323 14324/14324 14325/14325
f 14326/14326 14327/14327 14328/14328
f 14329/14329 14330/14330 14331/14331
f 14332/14332 14333/14333 14334/14334
f 14335/14335 14336/14336 14337/14337
f 14338/14338 14339/14339 14340/14340
f 14341/14341 14342/14342 14343/14343
f 14344/14344 14345/14345 14346/14346
f 14347/14347 14348/14348 14349/14349
f 14350/14350 14351/14351 14352/14352
f 14353/14353 14354/14354 14355/14355
f 14356/14356 14357/14357 14358/14358
f 14359/14359 14360/14360 14361/14361
f 14362/14362 14363/14363 14364/14364
f 14365/14365 14366/14366 14367/14367
f 14368/14368 14369/14369 14370/14370
f 14371/14371 14372/14372 14373/14373
f 14374/14374 14375/14375 14376/14376
f 14377/14377 14378/14378 14379/14379
f 14380/14380 14381/14381 14382/14382
f 14383/14383 14384/14384 14385/14385
f 14386/14386 14387/14387 14388/14388
f 14389/14389 14390/14390 14391/14391
f 14392/14392 14393/14393 14394/14394
f 14395/14395 14396/14396 14397/14397
f 14398/14398 14399/14399 14400/14400
f 14401/14401 14402/14402 14403/14403
f 14404/14404 14405/14405 14406/14406
f 14407/14407 14408/14408 14409/14409
f 14410/14410 14411/14411 14412/14412
f 14413/14413 14414/14414 14415/14415
f 14416/14416 14417/14417 14418/14418
f 14419/14419 14420/14420 14421/14421
f 14422/14422 14423/14423 14424/14424
f 14425/14425 14426/14426 14427/14427
f 14428/14428 14429/14429 14430/14430
f 14431/14431 14432/14432 14433/14433
f 14434/14434 14435/14435 14436/14436
f 14437/14437 14438/14438 14439/14439
f 14440/14440 14441/14441 14442/14442
f 14443/14443 14444/14444 14445/14445
f 14446/14446 14447/14447 14448/14448
f 14449/14449 14450/14450 14451/14451
f 14452/14452 14453/14453 14454/14454
f 14455/14455 14456/14456 14457/14457
f 14458/14458 14459/14459 14460/14460
f 14461/14461 14462/14462 14463/14463
f 14464/14464 14465/14465 14466/14466
f 14467/14467 14468/14468 14469/14469
f 14470/14470 14471/14471 14472/14472
f 14473/14473 14474/14474 14475/14475
f 14476/14476 14477/14477 14478/14478
f 14479/14479 14480/14480 14481/14481
f 14482/14482 14483/14483 14484/14484

g
