# Original factory PMC equipment, centimetres
s 1
v 2.55000 0.50000 22.00000
v 2.53772 0.50000 22.24994
v 2.50100 0.50000 22.49748
v 2.44020 0.50000 22.74023
v 2.35589 0.50000 22.97584
v 2.24890 0.50000 23.20206
v 2.12025 0.50000 23.41670
v 1.97118 0.50000 23.61770
v 1.80312 0.50000 23.80312
v 1.61770 0.50000 23.97118
v 1.41670 0.50000 24.12025
v 1.20206 0.50000 24.24890
v 0.97584 0.50000 24.35589
v 0.74023 0.50000 24.44020
v 0.49748 0.50000 24.50100
v 0.24994 0.50000 24.53772
v 0.00000 0.50000 24.55000
v -0.24994 0.50000 24.53772
v -0.49748 0.50000 24.50100
v -0.74023 0.50000 24.44020
v -0.97584 0.50000 24.35589
v -1.20206 0.50000 24.24890
v -1.41670 0.50000 24.12025
v -1.61770 0.50000 23.97118
v -1.80312 0.50000 23.80312
v -1.97118 0.50000 23.61770
v -2.12025 0.50000 23.41670
v -2.24890 0.50000 23.20206
v -2.35589 0.50000 22.97584
v -2.44020 0.50000 22.74023
v -2.50100 0.50000 22.49748
v -2.53772 0.50000 22.24994
v -2.55000 0.50000 22.00000
v -2.53772 0.50000 21.75006
v -2.50100 0.50000 21.50252
v -2.44020 0.50000 21.25977
v -2.35589 0.50000 21.02416
v -2.24890 0.50000 20.79794
v -2.12025 0.50000 20.58330
v -1.97118 0.50000 20.38230
v -1.80312 0.50000 20.19688
v -1.61770 0.50000 20.02882
v -1.41670 0.50000 19.87975
v -1.20206 0.50000 19.75110
v -0.97584 0.50000 19.64411
v -0.74023 0.50000 19.55980
v -0.49748 0.50000 19.49900
v -0.24994 0.50000 19.46228
v -0.00000 0.50000 19.45000
v 0.24994 0.50000 19.46228
v 0.49748 0.50000 19.49900
v 0.74023 0.50000 19.55980
v 0.97584 0.50000 19.64411
v 1.20206 0.50000 19.75110
v 1.41670 0.50000 19.87975
v 1.61770 0.50000 20.02882
v 1.80312 0.50000 20.19688
v 1.97118 0.50000 20.38230
v 2.12025 0.50000 20.58330
v 2.24890 0.50000 20.79794
v 2.35589 0.50000 21.02416
v 2.44020 0.50000 21.25977
v 2.50100 0.50000 21.50252
v 2.53772 0.50000 21.75006
v 2.55000 -1.00000 22.00000
v 2.53772 -1.00000 22.24994
v 2.50100 -1.00000 22.49748
v 2.44020 -1.00000 22.74023
v 2.35589 -1.00000 22.97584
v 2.24890 -1.00000 23.20206
v 2.12025 -1.00000 23.41670
v 1.97118 -1.00000 23.61770
v 1.80312 -1.00000 23.80312
v 1.61770 -1.00000 23.97118
v 1.41670 -1.00000 24.12025
v 1.20206 -1.00000 24.24890
v 0.97584 -1.00000 24.35589
v 0.74023 -1.00000 24.44020
v 0.49748 -1.00000 24.50100
v 0.24994 -1.00000 24.53772
v 0.00000 -1.00000 24.55000
v -0.24994 -1.00000 24.53772
v -0.49748 -1.00000 24.50100
v -0.74023 -1.00000 24.44020
v -0.97584 -1.00000 24.35589
v -1.20206 -1.00000 24.24890
v -1.41670 -1.00000 24.12025
v -1.61770 -1.00000 23.97118
v -1.80312 -1.00000 23.80312
v -1.97118 -1.00000 23.61770
v -2.12025 -1.00000 23.41670
v -2.24890 -1.00000 23.20206
v -2.35589 -1.00000 22.97584
v -2.44020 -1.00000 22.74023
v -2.50100 -1.00000 22.49748
v -2.53772 -1.00000 22.24994
v -2.55000 -1.00000 22.00000
v -2.53772 -1.00000 21.75006
v -2.50100 -1.00000 21.50252
v -2.44020 -1.00000 21.25977
v -2.35589 -1.00000 21.02416
v -2.24890 -1.00000 20.79794
v -2.12025 -1.00000 20.58330
v -1.97118 -1.00000 20.38230
v -1.80312 -1.00000 20.19688
v -1.61770 -1.00000 20.02882
v -1.41670 -1.00000 19.87975
v -1.20206 -1.00000 19.75110
v -0.97584 -1.00000 19.64411
v -0.74023 -1.00000 19.55980
v -0.49748 -1.00000 19.49900
v -0.24994 -1.00000 19.46228
v -0.00000 -1.00000 19.45000
v 0.24994 -1.00000 19.46228
v 0.49748 -1.00000 19.49900
v 0.74023 -1.00000 19.55980
v 0.97584 -1.00000 19.64411
v 1.20206 -1.00000 19.75110
v 1.41670 -1.00000 19.87975
v 1.61770 -1.00000 20.02882
v 1.80312 -1.00000 20.19688
v 1.97118 -1.00000 20.38230
v 2.12025 -1.00000 20.58330
v 2.24890 -1.00000 20.79794
v 2.35589 -1.00000 21.02416
v 2.44020 -1.00000 21.25977
v 2.50100 -1.00000 21.50252
v 2.53772 -1.00000 21.75006
v 2.05000 -1.00000 22.00000
v 2.04013 -1.00000 22.20094
v 2.01061 -1.00000 22.39994
v 1.96173 -1.00000 22.59508
v 1.89395 -1.00000 22.78450
v 1.80794 -1.00000 22.96636
v 1.70451 -1.00000 23.13892
v 1.58467 -1.00000 23.30051
v 1.44957 -1.00000 23.44957
v 1.30051 -1.00000 23.58467
v 1.13892 -1.00000 23.70451
v 0.96636 -1.00000 23.80794
v 0.78450 -1.00000 23.89395
v 0.59508 -1.00000 23.96173
v 0.39994 -1.00000 24.01061
v 0.20094 -1.00000 24.04013
v 0.00000 -1.00000 24.05000
v -0.20094 -1.00000 24.04013
v -0.39994 -1.00000 24.01061
v -0.59508 -1.00000 23.96173
v -0.78450 -1.00000 23.89395
v -0.96636 -1.00000 23.80794
v -1.13892 -1.00000 23.70451
v -1.30051 -1.00000 23.58467
v -1.44957 -1.00000 23.44957
v -1.58467 -1.00000 23.30051
v -1.70451 -1.00000 23.13892
v -1.80794 -1.00000 22.96636
v -1.89395 -1.00000 22.78450
v -1.96173 -1.00000 22.59508
v -2.01061 -1.00000 22.39994
v -2.04013 -1.00000 22.20094
v -2.05000 -1.00000 22.00000
v -2.04013 -1.00000 21.79906
v -2.01061 -1.00000 21.60006
v -1.96173 -1.00000 21.40492
v -1.89395 -1.00000 21.21550
v -1.80794 -1.00000 21.03364
v -1.70451 -1.00000 20.86108
v -1.58467 -1.00000 20.69949
v -1.44957 -1.00000 20.55043
v -1.30051 -1.00000 20.41533
v -1.13892 -1.00000 20.29549
v -0.96636 -1.00000 20.19206
v -0.78450 -1.00000 20.10605
v -0.59508 -1.00000 20.03827
v -0.39994 -1.00000 19.98939
v -0.20094 -1.00000 19.95987
v -0.00000 -1.00000 19.95000
v 0.20094 -1.00000 19.95987
v 0.39994 -1.00000 19.98939
v 0.59508 -1.00000 20.03827
v 0.78450 -1.00000 20.10605
v 0.96636 -1.00000 20.19206
v 1.13892 -1.00000 20.29549
v 1.30051 -1.00000 20.41533
v 1.44957 -1.00000 20.55043
v 1.58467 -1.00000 20.69949
v 1.70451 -1.00000 20.86108
v 1.80794 -1.00000 21.03364
v 1.89395 -1.00000 21.21550
v 1.96173 -1.00000 21.40492
v 2.01061 -1.00000 21.60006
v 2.04013 -1.00000 21.79906
v 2.05000 0.50000 22.00000
v 2.04013 0.50000 22.20094
v 2.01061 0.50000 22.39994
v 1.96173 0.50000 22.59508
v 1.89395 0.50000 22.78450
v 1.80794 0.50000 22.96636
v 1.70451 0.50000 23.13892
v 1.58467 0.50000 23.30051
v 1.44957 0.50000 23.44957
v 1.30051 0.50000 23.58467
v 1.13892 0.50000 23.70451
v 0.96636 0.50000 23.80794
v 0.78450 0.50000 23.89395
v 0.59508 0.50000 23.96173
v 0.39994 0.50000 24.01061
v 0.20094 0.50000 24.04013
v 0.00000 0.50000 24.05000
v -0.20094 0.50000 24.04013
v -0.39994 0.50000 24.01061
v -0.59508 0.50000 23.96173
v -0.78450 0.50000 23.89395
v -0.96636 0.50000 23.80794
v -1.13892 0.50000 23.70451
v -1.30051 0.50000 23.58467
v -1.44957 0.50000 23.44957
v -1.58467 0.50000 23.30051
v -1.70451 0.50000 23.13892
v -1.80794 0.50000 22.96636
v -1.89395 0.50000 22.78450
v -1.96173 0.50000 22.59508
v -2.01061 0.50000 22.39994
v -2.04013 0.50000 22.20094
v -2.05000 0.50000 22.00000
v -2.04013 0.50000 21.79906
v -2.01061 0.50000 21.60006
v -1.96173 0.50000 21.40492
v -1.89395 0.50000 21.21550
v -1.80794 0.50000 21.03364
v -1.70451 0.50000 20.86108
v -1.58467 0.50000 20.69949
v -1.44957 0.50000 20.55043
v -1.30051 0.50000 20.41533
v -1.13892 0.50000 20.29549
v -0.96636 0.50000 20.19206
v -0.78450 0.50000 20.10605
v -0.59508 0.50000 20.03827
v -0.39994 0.50000 19.98939
v -0.20094 0.50000 19.95987
v -0.00000 0.50000 19.95000
v 0.20094 0.50000 19.95987
v 0.39994 0.50000 19.98939
v 0.59508 0.50000 20.03827
v 0.78450 0.50000 20.10605
v 0.96636 0.50000 20.19206
v 1.13892 0.50000 20.29549
v 1.30051 0.50000 20.41533
v 1.44957 0.50000 20.55043
v 1.58467 0.50000 20.69949
v 1.70451 0.50000 20.86108
v 1.80794 0.50000 21.03364
v 1.89395 0.50000 21.21550
v 1.96173 0.50000 21.40492
v 2.01061 0.50000 21.60006
v 2.04013 0.50000 21.79906
v 2.35000 -1.00000 22.00000
v 2.33868 -1.00000 22.23034
v 2.30485 -1.00000 22.45846
v 2.24881 -1.00000 22.68217
v 2.17112 -1.00000 22.89931
v 2.07251 -1.00000 23.10778
v 1.95395 -1.00000 23.30559
v 1.81657 -1.00000 23.49082
v 1.66170 -1.00000 23.66170
v 1.49082 -1.00000 23.81657
v 1.30559 -1.00000 23.95395
v 1.10778 -1.00000 24.07251
v 0.89931 -1.00000 24.17112
v 0.68217 -1.00000 24.24881
v 0.45846 -1.00000 24.30485
v 0.23034 -1.00000 24.33868
v 0.00000 -1.00000 24.35000
v -0.23034 -1.00000 24.33868
v -0.45846 -1.00000 24.30485
v -0.68217 -1.00000 24.24881
v -0.89931 -1.00000 24.17112
v -1.10778 -1.00000 24.07251
v -1.30559 -1.00000 23.95395
v -1.49082 -1.00000 23.81657
v -1.66170 -1.00000 23.66170
v -1.81657 -1.00000 23.49082
v -1.95395 -1.00000 23.30559
v -2.07251 -1.00000 23.10778
v -2.17112 -1.00000 22.89931
v -2.24881 -1.00000 22.68217
v -2.30485 -1.00000 22.45846
v -2.33868 -1.00000 22.23034
v -2.35000 -1.00000 22.00000
v -2.33868 -1.00000 21.76966
v -2.30485 -1.00000 21.54154
v -2.24881 -1.00000 21.31783
v -2.17112 -1.00000 21.10069
v -2.07251 -1.00000 20.89222
v -1.95395 -1.00000 20.69441
v -1.81657 -1.00000 20.50918
v -1.66170 -1.00000 20.33830
v -1.49082 -1.00000 20.18343
v -1.30559 -1.00000 20.04605
v -1.10778 -1.00000 19.92749
v -0.89931 -1.00000 19.82888
v -0.68217 -1.00000 19.75119
v -0.45846 -1.00000 19.69515
v -0.23034 -1.00000 19.66132
v -0.00000 -1.00000 19.65000
v 0.23034 -1.00000 19.66132
v 0.45846 -1.00000 19.69515
v 0.68217 -1.00000 19.75119
v 0.89931 -1.00000 19.82888
v 1.10778 -1.00000 19.92749
v 1.30559 -1.00000 20.04605
v 1.49082 -1.00000 20.18343
v 1.66170 -1.00000 20.33830
v 1.81657 -1.00000 20.50918
v 1.95395 -1.00000 20.69441
v 2.07251 -1.00000 20.89222
v 2.17112 -1.00000 21.10069
v 2.24881 -1.00000 21.31783
v 2.30485 -1.00000 21.54154
v 2.33868 -1.00000 21.76966
v 2.35000 -13.80000 22.00000
v 2.33868 -13.80000 22.23034
v 2.30485 -13.80000 22.45846
v 2.24881 -13.80000 22.68217
v 2.17112 -13.80000 22.89931
v 2.07251 -13.80000 23.10778
v 1.95395 -13.80000 23.30559
v 1.81657 -13.80000 23.49082
v 1.66170 -13.80000 23.66170
v 1.49082 -13.80000 23.81657
v 1.30559 -13.80000 23.95395
v 1.10778 -13.80000 24.07251
v 0.89931 -13.80000 24.17112
v 0.68217 -13.80000 24.24881
v 0.45846 -13.80000 24.30485
v 0.23034 -13.80000 24.33868
v 0.00000 -13.80000 24.35000
v -0.23034 -13.80000 24.33868
v -0.45846 -13.80000 24.30485
v -0.68217 -13.80000 24.24881
v -0.89931 -13.80000 24.17112
v -1.10778 -13.80000 24.07251
v -1.30559 -13.80000 23.95395
v -1.49082 -13.80000 23.81657
v -1.66170 -13.80000 23.66170
v -1.81657 -13.80000 23.49082
v -1.95395 -13.80000 23.30559
v -2.07251 -13.80000 23.10778
v -2.17112 -13.80000 22.89931
v -2.24881 -13.80000 22.68217
v -2.30485 -13.80000 22.45846
v -2.33868 -13.80000 22.23034
v -2.35000 -13.80000 22.00000
v -2.33868 -13.80000 21.76966
v -2.30485 -13.80000 21.54154
v -2.24881 -13.80000 21.31783
v -2.17112 -13.80000 21.10069
v -2.07251 -13.80000 20.89222
v -1.95395 -13.80000 20.69441
v -1.81657 -13.80000 20.50918
v -1.66170 -13.80000 20.33830
v -1.49082 -13.80000 20.18343
v -1.30559 -13.80000 20.04605
v -1.10778 -13.80000 19.92749
v -0.89931 -13.80000 19.82888
v -0.68217 -13.80000 19.75119
v -0.45846 -13.80000 19.69515
v -0.23034 -13.80000 19.66132
v -0.00000 -13.80000 19.65000
v 0.23034 -13.80000 19.66132
v 0.45846 -13.80000 19.69515
v 0.68217 -13.80000 19.75119
v 0.89931 -13.80000 19.82888
v 1.10778 -13.80000 19.92749
v 1.30559 -13.80000 20.04605
v 1.49082 -13.80000 20.18343
v 1.66170 -13.80000 20.33830
v 1.81657 -13.80000 20.50918
v 1.95395 -13.80000 20.69441
v 2.07251 -13.80000 20.89222
v 2.17112 -13.80000 21.10069
v 2.24881 -13.80000 21.31783
v 2.30485 -13.80000 21.54154
v 2.33868 -13.80000 21.76966
v 2.05000 -13.80000 22.00000
v 2.04013 -13.80000 22.20094
v 2.01061 -13.80000 22.39994
v 1.96173 -13.80000 22.59508
v 1.89395 -13.80000 22.78450
v 1.80794 -13.80000 22.96636
v 1.70451 -13.80000 23.13892
v 1.58467 -13.80000 23.30051
v 1.44957 -13.80000 23.44957
v 1.30051 -13.80000 23.58467
v 1.13892 -13.80000 23.70451
v 0.96636 -13.80000 23.80794
v 0.78450 -13.80000 23.89395
v 0.59508 -13.80000 23.96173
v 0.39994 -13.80000 24.01061
v 0.20094 -13.80000 24.04013
v 0.00000 -13.80000 24.05000
v -0.20094 -13.80000 24.04013
v -0.39994 -13.80000 24.01061
v -0.59508 -13.80000 23.96173
v -0.78450 -13.80000 23.89395
v -0.96636 -13.80000 23.80794
v -1.13892 -13.80000 23.70451
v -1.30051 -13.80000 23.58467
v -1.44957 -13.80000 23.44957
v -1.58467 -13.80000 23.30051
v -1.70451 -13.80000 23.13892
v -1.80794 -13.80000 22.96636
v -1.89395 -13.80000 22.78450
v -1.96173 -13.80000 22.59508
v -2.01061 -13.80000 22.39994
v -2.04013 -13.80000 22.20094
v -2.05000 -13.80000 22.00000
v -2.04013 -13.80000 21.79906
v -2.01061 -13.80000 21.60006
v -1.96173 -13.80000 21.40492
v -1.89395 -13.80000 21.21550
v -1.80794 -13.80000 21.03364
v -1.70451 -13.80000 20.86108
v -1.58467 -13.80000 20.69949
v -1.44957 -13.80000 20.55043
v -1.30051 -13.80000 20.41533
v -1.13892 -13.80000 20.29549
v -0.96636 -13.80000 20.19206
v -0.78450 -13.80000 20.10605
v -0.59508 -13.80000 20.03827
v -0.39994 -13.80000 19.98939
v -0.20094 -13.80000 19.95987
v -0.00000 -13.80000 19.95000
v 0.20094 -13.80000 19.95987
v 0.39994 -13.80000 19.98939
v 0.59508 -13.80000 20.03827
v 0.78450 -13.80000 20.10605
v 0.96636 -13.80000 20.19206
v 1.13892 -13.80000 20.29549
v 1.30051 -13.80000 20.41533
v 1.44957 -13.80000 20.55043
v 1.58467 -13.80000 20.69949
v 1.70451 -13.80000 20.86108
v 1.80794 -13.80000 21.03364
v 1.89395 -13.80000 21.21550
v 1.96173 -13.80000 21.40492
v 2.01061 -13.80000 21.60006
v 2.04013 -13.80000 21.79906
v 2.05000 -1.00000 22.00000
v 2.04013 -1.00000 22.20094
v 2.01061 -1.00000 22.39994
v 1.96173 -1.00000 22.59508
v 1.89395 -1.00000 22.78450
v 1.80794 -1.00000 22.96636
v 1.70451 -1.00000 23.13892
v 1.58467 -1.00000 23.30051
v 1.44957 -1.00000 23.44957
v 1.30051 -1.00000 23.58467
v 1.13892 -1.00000 23.70451
v 0.96636 -1.00000 23.80794
v 0.78450 -1.00000 23.89395
v 0.59508 -1.00000 23.96173
v 0.39994 -1.00000 24.01061
v 0.20094 -1.00000 24.04013
v 0.00000 -1.00000 24.05000
v -0.20094 -1.00000 24.04013
v -0.39994 -1.00000 24.01061
v -0.59508 -1.00000 23.96173
v -0.78450 -1.00000 23.89395
v -0.96636 -1.00000 23.80794
v -1.13892 -1.00000 23.70451
v -1.30051 -1.00000 23.58467
v -1.44957 -1.00000 23.44957
v -1.58467 -1.00000 23.30051
v -1.70451 -1.00000 23.13892
v -1.80794 -1.00000 22.96636
v -1.89395 -1.00000 22.78450
v -1.96173 -1.00000 22.59508
v -2.01061 -1.00000 22.39994
v -2.04013 -1.00000 22.20094
v -2.05000 -1.00000 22.00000
v -2.04013 -1.00000 21.79906
v -2.01061 -1.00000 21.60006
v -1.96173 -1.00000 21.40492
v -1.89395 -1.00000 21.21550
v -1.80794 -1.00000 21.03364
v -1.70451 -1.00000 20.86108
v -1.58467 -1.00000 20.69949
v -1.44957 -1.00000 20.55043
v -1.30051 -1.00000 20.41533
v -1.13892 -1.00000 20.29549
v -0.96636 -1.00000 20.19206
v -0.78450 -1.00000 20.10605
v -0.59508 -1.00000 20.03827
v -0.39994 -1.00000 19.98939
v -0.20094 -1.00000 19.95987
v -0.00000 -1.00000 19.95000
v 0.20094 -1.00000 19.95987
v 0.39994 -1.00000 19.98939
v 0.59508 -1.00000 20.03827
v 0.78450 -1.00000 20.10605
v 0.96636 -1.00000 20.19206
v 1.13892 -1.00000 20.29549
v 1.30051 -1.00000 20.41533
v 1.44957 -1.00000 20.55043
v 1.58467 -1.00000 20.69949
v 1.70451 -1.00000 20.86108
v 1.80794 -1.00000 21.03364
v 1.89395 -1.00000 21.21550
v 1.96173 -1.00000 21.40492
v 2.01061 -1.00000 21.60006
v 2.04013 -1.00000 21.79906
v 2.65000 -13.80000 22.00000
v 2.63724 -13.80000 22.25975
v 2.59908 -13.80000 22.51699
v 2.53589 -13.80000 22.76925
v 2.44828 -13.80000 23.01411
v 2.33709 -13.80000 23.24920
v 2.20339 -13.80000 23.47226
v 2.04848 -13.80000 23.68114
v 1.87383 -13.80000 23.87383
v 1.68114 -13.80000 24.04848
v 1.47226 -13.80000 24.20339
v 1.24920 -13.80000 24.33709
v 1.01411 -13.80000 24.44828
v 0.76925 -13.80000 24.53589
v 0.51699 -13.80000 24.59908
v 0.25975 -13.80000 24.63724
v 0.00000 -13.80000 24.65000
v -0.25975 -13.80000 24.63724
v -0.51699 -13.80000 24.59908
v -0.76925 -13.80000 24.53589
v -1.01411 -13.80000 24.44828
v -1.24920 -13.80000 24.33709
v -1.47226 -13.80000 24.20339
v -1.68114 -13.80000 24.04848
v -1.87383 -13.80000 23.87383
v -2.04848 -13.80000 23.68114
v -2.20339 -13.80000 23.47226
v -2.33709 -13.80000 23.24920
v -2.44828 -13.80000 23.01411
v -2.53589 -13.80000 22.76925
v -2.59908 -13.80000 22.51699
v -2.63724 -13.80000 22.25975
v -2.65000 -13.80000 22.00000
v -2.63724 -13.80000 21.74025
v -2.59908 -13.80000 21.48301
v -2.53589 -13.80000 21.23075
v -2.44828 -13.80000 20.98589
v -2.33709 -13.80000 20.75080
v -2.20339 -13.80000 20.52774
v -2.04848 -13.80000 20.31886
v -1.87383 -13.80000 20.12617
v -1.68114 -13.80000 19.95152
v -1.47226 -13.80000 19.79661
v -1.24920 -13.80000 19.66291
v -1.01411 -13.80000 19.55172
v -0.76925 -13.80000 19.46411
v -0.51699 -13.80000 19.40092
v -0.25975 -13.80000 19.36276
v -0.00000 -13.80000 19.35000
v 0.25975 -13.80000 19.36276
v 0.51699 -13.80000 19.40092
v 0.76925 -13.80000 19.46411
v 1.01411 -13.80000 19.55172
v 1.24920 -13.80000 19.66291
v 1.47226 -13.80000 19.79661
v 1.68114 -13.80000 19.95152
v 1.87383 -13.80000 20.12617
v 2.04848 -13.80000 20.31886
v 2.20339 -13.80000 20.52774
v 2.33709 -13.80000 20.75080
v 2.44828 -13.80000 20.98589
v 2.53589 -13.80000 21.23075
v 2.59908 -13.80000 21.48301
v 2.63724 -13.80000 21.74025
v 2.65000 -15.30000 22.00000
v 2.63724 -15.30000 22.25975
v 2.59908 -15.30000 22.51699
v 2.53589 -15.30000 22.76925
v 2.44828 -15.30000 23.01411
v 2.33709 -15.30000 23.24920
v 2.20339 -15.30000 23.47226
v 2.04848 -15.30000 23.68114
v 1.87383 -15.30000 23.87383
v 1.68114 -15.30000 24.04848
v 1.47226 -15.30000 24.20339
v 1.24920 -15.30000 24.33709
v 1.01411 -15.30000 24.44828
v 0.76925 -15.30000 24.53589
v 0.51699 -15.30000 24.59908
v 0.25975 -15.30000 24.63724
v 0.00000 -15.30000 24.65000
v -0.25975 -15.30000 24.63724
v -0.51699 -15.30000 24.59908
v -0.76925 -15.30000 24.53589
v -1.01411 -15.30000 24.44828
v -1.24920 -15.30000 24.33709
v -1.47226 -15.30000 24.20339
v -1.68114 -15.30000 24.04848
v -1.87383 -15.30000 23.87383
v -2.04848 -15.30000 23.68114
v -2.20339 -15.30000 23.47226
v -2.33709 -15.30000 23.24920
v -2.44828 -15.30000 23.01411
v -2.53589 -15.30000 22.76925
v -2.59908 -15.30000 22.51699
v -2.63724 -15.30000 22.25975
v -2.65000 -15.30000 22.00000
v -2.63724 -15.30000 21.74025
v -2.59908 -15.30000 21.48301
v -2.53589 -15.30000 21.23075
v -2.44828 -15.30000 20.98589
v -2.33709 -15.30000 20.75080
v -2.20339 -15.30000 20.52774
v -2.04848 -15.30000 20.31886
v -1.87383 -15.30000 20.12617
v -1.68114 -15.30000 19.95152
v -1.47226 -15.30000 19.79661
v -1.24920 -15.30000 19.66291
v -1.01411 -15.30000 19.55172
v -0.76925 -15.30000 19.46411
v -0.51699 -15.30000 19.40092
v -0.25975 -15.30000 19.36276
v -0.00000 -15.30000 19.35000
v 0.25975 -15.30000 19.36276
v 0.51699 -15.30000 19.40092
v 0.76925 -15.30000 19.46411
v 1.01411 -15.30000 19.55172
v 1.24920 -15.30000 19.66291
v 1.47226 -15.30000 19.79661
v 1.68114 -15.30000 19.95152
v 1.87383 -15.30000 20.12617
v 2.04848 -15.30000 20.31886
v 2.20339 -15.30000 20.52774
v 2.33709 -15.30000 20.75080
v 2.44828 -15.30000 20.98589
v 2.53589 -15.30000 21.23075
v 2.59908 -15.30000 21.48301
v 2.63724 -15.30000 21.74025
v 2.05000 -15.30000 22.00000
v 2.04013 -15.30000 22.20094
v 2.01061 -15.30000 22.39994
v 1.96173 -15.30000 22.59508
v 1.89395 -15.30000 22.78450
v 1.80794 -15.30000 22.96636
v 1.70451 -15.30000 23.13892
v 1.58467 -15.30000 23.30051
v 1.44957 -15.30000 23.44957
v 1.30051 -15.30000 23.58467
v 1.13892 -15.30000 23.70451
v 0.96636 -15.30000 23.80794
v 0.78450 -15.30000 23.89395
v 0.59508 -15.30000 23.96173
v 0.39994 -15.30000 24.01061
v 0.20094 -15.30000 24.04013
v 0.00000 -15.30000 24.05000
v -0.20094 -15.30000 24.04013
v -0.39994 -15.30000 24.01061
v -0.59508 -15.30000 23.96173
v -0.78450 -15.30000 23.89395
v -0.96636 -15.30000 23.80794
v -1.13892 -15.30000 23.70451
v -1.30051 -15.30000 23.58467
v -1.44957 -15.30000 23.44957
v -1.58467 -15.30000 23.30051
v -1.70451 -15.30000 23.13892
v -1.80794 -15.30000 22.96636
v -1.89395 -15.30000 22.78450
v -1.96173 -15.30000 22.59508
v -2.01061 -15.30000 22.39994
v -2.04013 -15.30000 22.20094
v -2.05000 -15.30000 22.00000
v -2.04013 -15.30000 21.79906
v -2.01061 -15.30000 21.60006
v -1.96173 -15.30000 21.40492
v -1.89395 -15.30000 21.21550
v -1.80794 -15.30000 21.03364
v -1.70451 -15.30000 20.86108
v -1.58467 -15.30000 20.69949
v -1.44957 -15.30000 20.55043
v -1.30051 -15.30000 20.41533
v -1.13892 -15.30000 20.29549
v -0.96636 -15.30000 20.19206
v -0.78450 -15.30000 20.10605
v -0.59508 -15.30000 20.03827
v -0.39994 -15.30000 19.98939
v -0.20094 -15.30000 19.95987
v -0.00000 -15.30000 19.95000
v 0.20094 -15.30000 19.95987
v 0.39994 -15.30000 19.98939
v 0.59508 -15.30000 20.03827
v 0.78450 -15.30000 20.10605
v 0.96636 -15.30000 20.19206
v 1.13892 -15.30000 20.29549
v 1.30051 -15.30000 20.41533
v 1.44957 -15.30000 20.55043
v 1.58467 -15.30000 20.69949
v 1.70451 -15.30000 20.86108
v 1.80794 -15.30000 21.03364
v 1.89395 -15.30000 21.21550
v 1.96173 -15.30000 21.40492
v 2.01061 -15.30000 21.60006
v 2.04013 -15.30000 21.79906
v 2.05000 -13.80000 22.00000
v 2.04013 -13.80000 22.20094
v 2.01061 -13.80000 22.39994
v 1.96173 -13.80000 22.59508
v 1.89395 -13.80000 22.78450
v 1.80794 -13.80000 22.96636
v 1.70451 -13.80000 23.13892
v 1.58467 -13.80000 23.30051
v 1.44957 -13.80000 23.44957
v 1.30051 -13.80000 23.58467
v 1.13892 -13.80000 23.70451
v 0.96636 -13.80000 23.80794
v 0.78450 -13.80000 23.89395
v 0.59508 -13.80000 23.96173
v 0.39994 -13.80000 24.01061
v 0.20094 -13.80000 24.04013
v 0.00000 -13.80000 24.05000
v -0.20094 -13.80000 24.04013
v -0.39994 -13.80000 24.01061
v -0.59508 -13.80000 23.96173
v -0.78450 -13.80000 23.89395
v -0.96636 -13.80000 23.80794
v -1.13892 -13.80000 23.70451
v -1.30051 -13.80000 23.58467
v -1.44957 -13.80000 23.44957
v -1.58467 -13.80000 23.30051
v -1.70451 -13.80000 23.13892
v -1.80794 -13.80000 22.96636
v -1.89395 -13.80000 22.78450
v -1.96173 -13.80000 22.59508
v -2.01061 -13.80000 22.39994
v -2.04013 -13.80000 22.20094
v -2.05000 -13.80000 22.00000
v -2.04013 -13.80000 21.79906
v -2.01061 -13.80000 21.60006
v -1.96173 -13.80000 21.40492
v -1.89395 -13.80000 21.21550
v -1.80794 -13.80000 21.03364
v -1.70451 -13.80000 20.86108
v -1.58467 -13.80000 20.69949
v -1.44957 -13.80000 20.55043
v -1.30051 -13.80000 20.41533
v -1.13892 -13.80000 20.29549
v -0.96636 -13.80000 20.19206
v -0.78450 -13.80000 20.10605
v -0.59508 -13.80000 20.03827
v -0.39994 -13.80000 19.98939
v -0.20094 -13.80000 19.95987
v -0.00000 -13.80000 19.95000
v 0.20094 -13.80000 19.95987
v 0.39994 -13.80000 19.98939
v 0.59508 -13.80000 20.03827
v 0.78450 -13.80000 20.10605
v 0.96636 -13.80000 20.19206
v 1.13892 -13.80000 20.29549
v 1.30051 -13.80000 20.41533
v 1.44957 -13.80000 20.55043
v 1.58467 -13.80000 20.69949
v 1.70451 -13.80000 20.86108
v 1.80794 -13.80000 21.03364
v 1.89395 -13.80000 21.21550
v 1.96173 -13.80000 21.40492
v 2.01061 -13.80000 21.60006
v 2.04013 -13.80000 21.79906
v 0.00006 -7.20000 17.60000
v 0.00006 -7.20011 17.60000
v 0.00006 -7.20014 17.60000
v 0.00006 -7.20015 17.60000
v 0.00005 -7.20016 17.60000
v 0.00004 -7.20016 17.60000
v 0.00000 -7.20017 17.60000
v -0.00004 -7.20016 17.60000
v -0.00005 -7.20016 17.60000
v -0.00006 -7.20015 17.60000
v -0.00006 -7.20014 17.60000
v -0.00006 -7.20011 17.60000
v -0.00006 -7.20000 17.60000
v -0.00006 -7.19989 17.60000
v -0.00006 -7.19986 17.60000
v -0.00006 -7.19985 17.60000
v -0.00005 -7.19984 17.60000
v -0.00004 -7.19984 17.60000
v -0.00000 -7.19983 17.60000
v 0.00004 -7.19984 17.60000
v 0.00005 -7.19984 17.60000
v 0.00006 -7.19985 17.60000
v 0.00006 -7.19986 17.60000
v 0.00006 -7.19989 17.60000
v 1.54107 -7.20000 17.61159
v 1.52618 -9.89740 17.61159
v 1.48023 -10.44353 17.61159
v 1.39855 -10.77407 17.61159
v 1.26921 -10.98282 17.61159
v 1.05551 -11.10024 17.61159
v 0.00004 -11.13828 17.61159
v -1.05551 -11.10024 17.61159
v -1.26921 -10.98282 17.61159
v -1.39855 -10.77407 17.61159
v -1.48023 -10.44353 17.61159
v -1.52618 -9.89740 17.61159
v -1.54107 -7.20014 17.61159
v -1.52618 -4.50260 17.61159
v -1.48023 -3.95647 17.61159
v -1.39855 -3.62593 17.61159
v -1.26921 -3.41718 17.61159
v -1.05551 -3.29976 17.61159
v -0.00006 -3.26172 17.61159
v 1.05551 -3.29976 17.61159
v 1.26921 -3.41718 17.61159
v 1.39855 -3.62593 17.61159
v 1.48023 -3.95647 17.61159
v 1.52618 -4.50260 17.61159
v 1.85308 -7.20000 17.64737
v 1.83518 -10.44353 17.64737
v 1.77993 -11.10024 17.64737
v 1.68171 -11.49769 17.64737
v 1.52618 -11.74871 17.64737
v 1.26921 -11.88990 17.64737
v 0.00005 -11.93565 17.64737
v -1.26921 -11.88990 17.64737
v -1.52618 -11.74871 17.64737
v -1.68171 -11.49769 17.64737
v -1.77993 -11.10024 17.64737
v -1.83518 -10.44353 17.64737
v -1.85308 -7.20017 17.64737
v -1.83518 -3.95647 17.64737
v -1.77993 -3.29976 17.64737
v -1.68171 -2.90231 17.64737
v -1.52618 -2.65129 17.64737
v -1.26921 -2.51010 17.64737
v -0.00007 -2.46435 17.64737
v 1.26921 -2.51010 17.64737
v 1.52618 -2.65129 17.64737
v 1.68171 -2.90231 17.64737
v 1.77993 -3.29976 17.64737
v 1.83518 -3.95647 17.64737
v 2.04192 -7.20000 17.71098
v 2.02219 -10.77407 17.71098
v 1.96131 -11.49769 17.71098
v 1.85308 -11.93565 17.71098
v 1.68171 -12.21224 17.71098
v 1.39855 -12.36783 17.71098
v 0.00006 -12.41824 17.71098
v -1.39855 -12.36783 17.71098
v -1.68171 -12.21224 17.71098
v -1.85308 -11.93565 17.71098
v -1.96131 -11.49769 17.71098
v -2.02219 -10.77407 17.71098
v -2.04192 -7.20018 17.71098
v -2.02219 -3.62593 17.71098
v -1.96131 -2.90231 17.71098
v -1.85308 -2.46435 17.71098
v -1.68171 -2.18776 17.71098
v -1.39855 -2.03217 17.71098
v -0.00008 -1.98176 17.71098
v 1.39855 -2.03217 17.71098
v 1.68171 -2.18776 17.71098
v 1.85308 -2.46435 17.71098
v 1.96131 -2.90231 17.71098
v 2.02219 -3.62593 17.71098
v 2.16118 -7.20000 17.81169
v 2.14030 -10.98282 17.81169
v 2.07587 -11.74871 17.81169
v 1.96131 -12.21224 17.81169
v 1.77993 -12.50500 17.81169
v 1.48023 -12.66966 17.81169
v 0.00006 -12.72302 17.81169
v -1.48023 -12.66966 17.81169
v -1.77993 -12.50500 17.81169
v -1.96131 -12.21224 17.81169
v -2.07587 -11.74871 17.81169
v -2.14030 -10.98282 17.81169
v -2.16118 -7.20019 17.81169
v -2.14030 -3.41718 17.81169
v -2.07587 -2.65129 17.81169
v -1.96131 -2.18776 17.81169
v -1.77993 -1.89500 17.81169
v -1.48023 -1.73034 17.81169
v -0.00008 -1.67698 17.81169
v 1.48023 -1.73034 17.81169
v 1.77993 -1.89500 17.81169
v 1.96131 -2.18776 17.81169
v 2.07587 -2.65129 17.81169
v 2.14030 -3.41718 17.81169
v 2.22826 -7.20000 17.97810
v 2.20674 -11.10024 17.97810
v 2.14030 -11.88990 17.97810
v 2.02219 -12.36783 17.97810
v 1.83518 -12.66966 17.97810
v 1.52618 -12.83944 17.97810
v 0.00006 -12.89445 17.97810
v -1.52618 -12.83944 17.97810
v -1.83518 -12.66966 17.97810
v -2.02219 -12.36783 17.97810
v -2.14030 -11.88990 17.97810
v -2.20674 -11.10024 17.97810
v -2.22826 -7.20020 17.97810
v -2.20674 -3.29976 17.97810
v -2.14030 -2.51010 17.97810
v -2.02219 -2.03217 17.97810
v -1.83518 -1.73034 17.97810
v -1.52618 -1.56056 17.97810
v -0.00009 -1.50555 17.97810
v 1.52618 -1.56056 17.97810
v 1.83518 -1.73034 17.97810
v 2.02219 -2.03217 17.97810
v 2.14030 -2.51010 17.97810
v 2.20674 -3.29976 17.97810
v 2.25000 -7.20000 18.80000
v 2.22826 -11.13828 18.80000
v 2.16118 -11.93565 18.80000
v 2.04192 -12.41824 18.80000
v 1.85308 -12.72302 18.80000
v 1.54107 -12.89445 18.80000
v 0.00006 -12.95000 18.80000
v -1.54107 -12.89445 18.80000
v -1.85308 -12.72302 18.80000
v -2.04192 -12.41824 18.80000
v -2.16118 -11.93565 18.80000
v -2.22826 -11.13828 18.80000
v -2.25000 -7.20020 18.80000
v -2.22826 -3.26172 18.80000
v -2.16118 -2.46435 18.80000
v -2.04192 -1.98176 18.80000
v -1.85308 -1.67698 18.80000
v -1.54107 -1.50555 18.80000
v -0.00009 -1.45000 18.80000
v 1.54107 -1.50555 18.80000
v 1.85308 -1.67698 18.80000
v 2.04192 -1.98176 18.80000
v 2.16118 -2.46435 18.80000
v 2.22826 -3.26172 18.80000
v 2.22826 -7.20000 19.62190
v 2.20674 -11.10024 19.62190
v 2.14030 -11.88990 19.62190
v 2.02219 -12.36783 19.62190
v 1.83518 -12.66966 19.62190
v 1.52618 -12.83944 19.62190
v 0.00006 -12.89445 19.62190
v -1.52618 -12.83944 19.62190
v -1.83518 -12.66966 19.62190
v -2.02219 -12.36783 19.62190
v -2.14030 -11.88990 19.62190
v -2.20674 -11.10024 19.62190
v -2.22826 -7.20020 19.62190
v -2.20674 -3.29976 19.62190
v -2.14030 -2.51010 19.62190
v -2.02219 -2.03217 19.62190
v -1.83518 -1.73034 19.62190
v -1.52618 -1.56056 19.62190
v -0.00009 -1.50555 19.62190
v 1.52618 -1.56056 19.62190
v 1.83518 -1.73034 19.62190
v 2.02219 -2.03217 19.62190
v 2.14030 -2.51010 19.62190
v 2.20674 -3.29976 19.62190
v 2.16118 -7.20000 19.78831
v 2.14030 -10.98282 19.78831
v 2.07587 -11.74871 19.78831
v 1.96131 -12.21224 19.78831
v 1.77993 -12.50500 19.78831
v 1.48023 -12.66966 19.78831
v 0.00006 -12.72302 19.78831
v -1.48023 -12.66966 19.78831
v -1.77993 -12.50500 19.78831
v -1.96131 -12.21224 19.78831
v -2.07587 -11.74871 19.78831
v -2.14030 -10.98282 19.78831
v -2.16118 -7.20019 19.78831
v -2.14030 -3.41718 19.78831
v -2.07587 -2.65129 19.78831
v -1.96131 -2.18776 19.78831
v -1.77993 -1.89500 19.78831
v -1.48023 -1.73034 19.78831
v -0.00008 -1.67698 19.78831
v 1.48023 -1.73034 19.78831
v 1.77993 -1.89500 19.78831
v 1.96131 -2.18776 19.78831
v 2.07587 -2.65129 19.78831
v 2.14030 -3.41718 19.78831
v 2.04192 -7.20000 19.88902
v 2.02219 -10.77407 19.88902
v 1.96131 -11.49769 19.88902
v 1.85308 -11.93565 19.88902
v 1.68171 -12.21224 19.88902
v 1.39855 -12.36783 19.88902
v 0.00006 -12.41824 19.88902
v -1.39855 -12.36783 19.88902
v -1.68171 -12.21224 19.88902
v -1.85308 -11.93565 19.88902
v -1.96131 -11.49769 19.88902
v -2.02219 -10.77407 19.88902
v -2.04192 -7.20018 19.88902
v -2.02219 -3.62593 19.88902
v -1.96131 -2.90231 19.88902
v -1.85308 -2.46435 19.88902
v -1.68171 -2.18776 19.88902
v -1.39855 -2.03217 19.88902
v -0.00008 -1.98176 19.88902
v 1.39855 -2.03217 19.88902
v 1.68171 -2.18776 19.88902
v 1.85308 -2.46435 19.88902
v 1.96131 -2.90231 19.88902
v 2.02219 -3.62593 19.88902
v 1.85308 -7.20000 19.95263
v 1.83518 -10.44353 19.95263
v 1.77993 -11.10024 19.95263
v 1.68171 -11.49769 19.95263
v 1.52618 -11.74871 19.95263
v 1.26921 -11.88990 19.95263
v 0.00005 -11.93565 19.95263
v -1.26921 -11.88990 19.95263
v -1.52618 -11.74871 19.95263
v -1.68171 -11.49769 19.95263
v -1.77993 -11.10024 19.95263
v -1.83518 -10.44353 19.95263
v -1.85308 -7.20017 19.95263
v -1.83518 -3.95647 19.95263
v -1.77993 -3.29976 19.95263
v -1.68171 -2.90231 19.95263
v -1.52618 -2.65129 19.95263
v -1.26921 -2.51010 19.95263
v -0.00007 -2.46435 19.95263
v 1.26921 -2.51010 19.95263
v 1.52618 -2.65129 19.95263
v 1.68171 -2.90231 19.95263
v 1.77993 -3.29976 19.95263
v 1.83518 -3.95647 19.95263
v 1.54107 -7.20000 19.98841
v 1.52618 -9.89740 19.98841
v 1.48023 -10.44353 19.98841
v 1.39855 -10.77407 19.98841
v 1.26921 -10.98282 19.98841
v 1.05551 -11.10024 19.98841
v 0.00004 -11.13828 19.98841
v -1.05551 -11.10024 19.98841
v -1.26921 -10.98282 19.98841
v -1.39855 -10.77407 19.98841
v -1.48023 -10.44353 19.98841
v -1.52618 -9.89740 19.98841
v -1.54107 -7.20014 19.98841
v -1.52618 -4.50260 19.98841
v -1.48023 -3.95647 19.98841
v -1.39855 -3.62593 19.98841
v -1.26921 -3.41718 19.98841
v -1.05551 -3.29976 19.98841
v -0.00006 -3.26172 19.98841
v 1.05551 -3.29976 19.98841
v 1.26921 -3.41718 19.98841
v 1.39855 -3.62593 19.98841
v 1.48023 -3.95647 19.98841
v 1.52618 -4.50260 19.98841
v 0.00006 -7.20000 20.00000
v 0.00006 -7.20011 20.00000
v 0.00006 -7.20014 20.00000
v 0.00006 -7.20015 20.00000
v 0.00005 -7.20016 20.00000
v 0.00004 -7.20016 20.00000
v 0.00000 -7.20017 20.00000
v -0.00004 -7.20016 20.00000
v -0.00005 -7.20016 20.00000
v -0.00006 -7.20015 20.00000
v -0.00006 -7.20014 20.00000
v -0.00006 -7.20011 20.00000
v -0.00006 -7.20000 20.00000
v -0.00006 -7.19989 20.00000
v -0.00006 -7.19986 20.00000
v -0.00006 -7.19985 20.00000
v -0.00005 -7.19984 20.00000
v -0.00004 -7.19984 20.00000
v -0.00000 -7.19983 20.00000
v 0.00004 -7.19984 20.00000
v 0.00005 -7.19984 20.00000
v 0.00006 -7.19985 20.00000
v 0.00006 -7.19986 20.00000
v 0.00006 -7.19989 20.00000
v 0.00023 -3.00000 16.70000
v 0.00022 -3.00005 16.70000
v 0.00022 -3.00006 16.70000
v 0.00021 -3.00006 16.70000
v 0.00019 -3.00007 16.70000
v 0.00016 -3.00007 16.70000
v 0.00000 -3.00007 16.70000
v -0.00016 -3.00007 16.70000
v -0.00019 -3.00007 16.70000
v -0.00021 -3.00006 16.70000
v -0.00022 -3.00006 16.70000
v -0.00022 -3.00005 16.70000
v -0.00023 -3.00000 16.70000
v -0.00022 -2.99995 16.70000
v -0.00022 -2.99994 16.70000
v -0.00021 -2.99994 16.70000
v -0.00019 -2.99993 16.70000
v -0.00016 -2.99993 16.70000
v -0.00000 -2.99993 16.70000
v 0.00016 -2.99993 16.70000
v 0.00019 -2.99993 16.70000
v 0.00021 -2.99994 16.70000
v 0.00022 -2.99994 16.70000
v 0.00022 -2.99995 16.70000
v 1.81882 -3.00000 16.70431
v 1.80312 -3.40699 16.70431
v 1.75457 -3.47982 16.70431
v 1.66786 -3.52325 16.70431
v 1.52944 -3.55045 16.70431
v 1.29729 -3.56569 16.70431
v 0.00016 -3.57061 16.70431
v -1.29729 -3.56569 16.70431
v -1.52944 -3.55045 16.70431
v -1.66786 -3.52325 16.70431
v -1.75457 -3.47982 16.70431
v -1.80312 -3.40699 16.70431
v -1.81882 -3.00006 16.70431
v -1.80312 -2.59301 16.70431
v -1.75457 -2.52018 16.70431
v -1.66786 -2.47675 16.70431
v -1.52944 -2.44955 16.70431
v -1.29729 -2.43431 16.70431
v -0.00021 -2.42939 16.70431
v 1.29729 -2.43431 16.70431
v 1.52944 -2.44955 16.70431
v 1.66786 -2.47675 16.70431
v 1.75457 -2.52018 16.70431
v 1.80312 -2.59301 16.70431
v 2.14429 -3.00000 16.71766
v 2.12578 -3.47982 16.71766
v 2.06855 -3.56569 16.71766
v 1.96632 -3.61688 16.71766
v 1.80312 -3.64896 16.71766
v 1.52944 -3.66691 16.71766
v 0.00019 -3.67272 16.71766
v -1.52944 -3.66691 16.71766
v -1.80312 -3.64896 16.71766
v -1.96632 -3.61688 16.71766
v -2.06855 -3.56569 16.71766
v -2.12578 -3.47982 16.71766
v -2.14429 -3.00007 16.71766
v -2.12578 -2.52018 16.71766
v -2.06855 -2.43431 16.71766
v -1.96632 -2.38312 16.71766
v -1.80312 -2.35104 16.71766
v -1.52944 -2.33309 16.71766
v -0.00025 -2.32728 16.71766
v 1.52944 -2.33309 16.71766
v 1.80312 -2.35104 16.71766
v 1.96632 -2.38312 16.71766
v 2.06855 -2.43431 16.71766
v 2.12578 -2.52018 16.71766
v 2.33836 -3.00000 16.74150
v 2.31818 -3.52325 16.74150
v 2.25577 -3.61688 16.74150
v 2.14429 -3.67272 16.74150
v 1.96632 -3.70769 16.74150
v 1.66786 -3.72727 16.74150
v 0.00021 -3.73360 16.74150
v -1.66786 -3.72727 16.74150
v -1.96632 -3.70769 16.74150
v -2.14429 -3.67272 16.74150
v -2.25577 -3.61688 16.74150
v -2.31818 -3.52325 16.74150
v -2.33836 -3.00008 16.74150
v -2.31818 -2.47675 16.74150
v -2.25577 -2.38312 16.74150
v -2.14429 -2.32728 16.74150
v -1.96632 -2.29231 16.74150
v -1.66786 -2.27273 16.74150
v -0.00027 -2.26640 16.74150
v 1.66786 -2.27273 16.74150
v 1.96632 -2.29231 16.74150
v 2.14429 -2.32728 16.74150
v 2.25577 -2.38312 16.74150
v 2.31818 -2.47675 16.74150
v 2.45993 -3.00000 16.77955
v 2.43870 -3.55045 16.77955
v 2.37304 -3.64896 16.77955
v 2.25577 -3.70769 16.77955
v 2.06855 -3.74448 16.77955
v 1.75457 -3.76508 16.77955
v 0.00022 -3.77174 16.77955
v -1.75457 -3.76508 16.77955
v -2.06855 -3.74448 16.77955
v -2.25577 -3.70769 16.77955
v -2.37304 -3.64896 16.77955
v -2.43870 -3.55045 16.77955
v -2.45993 -3.00008 16.77955
v -2.43870 -2.44955 16.77955
v -2.37304 -2.35104 16.77955
v -2.25577 -2.29231 16.77955
v -2.06855 -2.25552 16.77955
v -1.75457 -2.23492 16.77955
v -0.00029 -2.22826 16.77955
v 1.75457 -2.23492 16.77955
v 2.06855 -2.25552 16.77955
v 2.25577 -2.29231 16.77955
v 2.37304 -2.35104 16.77955
v 2.43870 -2.44955 16.77955
v 2.52799 -3.00000 16.84337
v 2.50618 -3.56569 16.84337
v 2.43870 -3.66691 16.84337
v 2.31818 -3.72727 16.84337
v 2.12578 -3.76508 16.84337
v 1.80312 -3.78625 16.84337
v 0.00022 -3.79310 16.84337
v -1.80312 -3.78625 16.84337
v -2.12578 -3.76508 16.84337
v -2.31818 -3.72727 16.84337
v -2.43870 -3.66691 16.84337
v -2.50618 -3.56569 16.84337
v -2.52799 -3.00008 16.84337
v -2.50618 -2.43431 16.84337
v -2.43870 -2.33309 16.84337
v -2.31818 -2.27273 16.84337
v -2.12578 -2.23492 16.84337
v -1.80312 -2.21375 16.84337
v -0.00029 -2.20690 16.84337
v 1.80312 -2.21375 16.84337
v 2.12578 -2.23492 16.84337
v 2.31818 -2.27273 16.84337
v 2.43870 -2.33309 16.84337
v 2.50618 -2.43431 16.84337
v 2.55000 -3.00000 17.20000
v 2.52799 -3.57061 17.20000
v 2.45993 -3.67272 17.20000
v 2.33836 -3.73360 17.20000
v 2.14429 -3.77174 17.20000
v 1.81882 -3.79310 17.20000
v 0.00023 -3.80000 17.20000
v -1.81882 -3.79310 17.20000
v -2.14429 -3.77174 17.20000
v -2.33836 -3.73360 17.20000
v -2.45993 -3.67272 17.20000
v -2.52799 -3.57061 17.20000
v -2.55000 -3.00008 17.20000
v -2.52799 -2.42939 17.20000
v -2.45993 -2.32728 17.20000
v -2.33836 -2.26640 17.20000
v -2.14429 -2.22826 17.20000
v -1.81882 -2.20690 17.20000
v -0.00030 -2.20000 17.20000
v 1.81882 -2.20690 17.20000
v 2.14429 -2.22826 17.20000
v 2.33836 -2.26640 17.20000
v 2.45993 -2.32728 17.20000
v 2.52799 -2.42939 17.20000
v 2.52799 -3.00000 17.55663
v 2.50618 -3.56569 17.55663
v 2.43870 -3.66691 17.55663
v 2.31818 -3.72727 17.55663
v 2.12578 -3.76508 17.55663
v 1.80312 -3.78625 17.55663
v 0.00022 -3.79310 17.55663
v -1.80312 -3.78625 17.55663
v -2.12578 -3.76508 17.55663
v -2.31818 -3.72727 17.55663
v -2.43870 -3.66691 17.55663
v -2.50618 -3.56569 17.55663
v -2.52799 -3.00008 17.55663
v -2.50618 -2.43431 17.55663
v -2.43870 -2.33309 17.55663
v -2.31818 -2.27273 17.55663
v -2.12578 -2.23492 17.55663
v -1.80312 -2.21375 17.55663
v -0.00029 -2.20690 17.55663
v 1.80312 -2.21375 17.55663
v 2.12578 -2.23492 17.55663
v 2.31818 -2.27273 17.55663
v 2.43870 -2.33309 17.55663
v 2.50618 -2.43431 17.55663
v 2.45993 -3.00000 17.62045
v 2.43870 -3.55045 17.62045
v 2.37304 -3.64896 17.62045
v 2.25577 -3.70769 17.62045
v 2.06855 -3.74448 17.62045
v 1.75457 -3.76508 17.62045
v 0.00022 -3.77174 17.62045
v -1.75457 -3.76508 17.62045
v -2.06855 -3.74448 17.62045
v -2.25577 -3.70769 17.62045
v -2.37304 -3.64896 17.62045
v -2.43870 -3.55045 17.62045
v -2.45993 -3.00008 17.62045
v -2.43870 -2.44955 17.62045
v -2.37304 -2.35104 17.62045
v -2.25577 -2.29231 17.62045
v -2.06855 -2.25552 17.62045
v -1.75457 -2.23492 17.62045
v -0.00029 -2.22826 17.62045
v 1.75457 -2.23492 17.62045
v 2.06855 -2.25552 17.62045
v 2.25577 -2.29231 17.62045
v 2.37304 -2.35104 17.62045
v 2.43870 -2.44955 17.62045
v 2.33836 -3.00000 17.65850
v 2.31818 -3.52325 17.65850
v 2.25577 -3.61688 17.65850
v 2.14429 -3.67272 17.65850
v 1.96632 -3.70769 17.65850
v 1.66786 -3.72727 17.65850
v 0.00021 -3.73360 17.65850
v -1.66786 -3.72727 17.65850
v -1.96632 -3.70769 17.65850
v -2.14429 -3.67272 17.65850
v -2.25577 -3.61688 17.65850
v -2.31818 -3.52325 17.65850
v -2.33836 -3.00008 17.65850
v -2.31818 -2.47675 17.65850
v -2.25577 -2.38312 17.65850
v -2.14429 -2.32728 17.65850
v -1.96632 -2.29231 17.65850
v -1.66786 -2.27273 17.65850
v -0.00027 -2.26640 17.65850
v 1.66786 -2.27273 17.65850
v 1.96632 -2.29231 17.65850
v 2.14429 -2.32728 17.65850
v 2.25577 -2.38312 17.65850
v 2.31818 -2.47675 17.65850
v 2.14429 -3.00000 17.68234
v 2.12578 -3.47982 17.68234
v 2.06855 -3.56569 17.68234
v 1.96632 -3.61688 17.68234
v 1.80312 -3.64896 17.68234
v 1.52944 -3.66691 17.68234
v 0.00019 -3.67272 17.68234
v -1.52944 -3.66691 17.68234
v -1.80312 -3.64896 17.68234
v -1.96632 -3.61688 17.68234
v -2.06855 -3.56569 17.68234
v -2.12578 -3.47982 17.68234
v -2.14429 -3.00007 17.68234
v -2.12578 -2.52018 17.68234
v -2.06855 -2.43431 17.68234
v -1.96632 -2.38312 17.68234
v -1.80312 -2.35104 17.68234
v -1.52944 -2.33309 17.68234
v -0.00025 -2.32728 17.68234
v 1.52944 -2.33309 17.68234
v 1.80312 -2.35104 17.68234
v 1.96632 -2.38312 17.68234
v 2.06855 -2.43431 17.68234
v 2.12578 -2.52018 17.68234
v 1.81882 -3.00000 17.69569
v 1.80312 -3.40699 17.69569
v 1.75457 -3.47982 17.69569
v 1.66786 -3.52325 17.69569
v 1.52944 -3.55045 17.69569
v 1.29729 -3.56569 17.69569
v 0.00016 -3.57061 17.69569
v -1.29729 -3.56569 17.69569
v -1.52944 -3.55045 17.69569
v -1.66786 -3.52325 17.69569
v -1.75457 -3.47982 17.69569
v -1.80312 -3.40699 17.69569
v -1.81882 -3.00006 17.69569
v -1.80312 -2.59301 17.69569
v -1.75457 -2.52018 17.69569
v -1.66786 -2.47675 17.69569
v -1.52944 -2.44955 17.69569
v -1.29729 -2.43431 17.69569
v -0.00021 -2.42939 17.69569
v 1.29729 -2.43431 17.69569
v 1.52944 -2.44955 17.69569
v 1.66786 -2.47675 17.69569
v 1.75457 -2.52018 17.69569
v 1.80312 -2.59301 17.69569
v 0.00023 -3.00000 17.70000
v 0.00022 -3.00005 17.70000
v 0.00022 -3.00006 17.70000
v 0.00021 -3.00006 17.70000
v 0.00019 -3.00007 17.70000
v 0.00016 -3.00007 17.70000
v 0.00000 -3.00007 17.70000
v -0.00016 -3.00007 17.70000
v -0.00019 -3.00007 17.70000
v -0.00021 -3.00006 17.70000
v -0.00022 -3.00006 17.70000
v -0.00022 -3.00005 17.70000
v -0.00023 -3.00000 17.70000
v -0.00022 -2.99995 17.70000
v -0.00022 -2.99994 17.70000
v -0.00021 -2.99994 17.70000
v -0.00019 -2.99993 17.70000
v -0.00016 -2.99993 17.70000
v -0.00000 -2.99993 17.70000
v 0.00016 -2.99993 17.70000
v 0.00019 -2.99993 17.70000
v 0.00021 -2.99994 17.70000
v 0.00022 -2.99994 17.70000
v 0.00022 -2.99995 17.70000
v 0.00023 -10.50000 16.70000
v 0.00022 -10.50005 16.70000
v 0.00022 -10.50006 16.70000
v 0.00021 -10.50006 16.70000
v 0.00019 -10.50007 16.70000
v 0.00016 -10.50007 16.70000
v 0.00000 -10.50007 16.70000
v -0.00016 -10.50007 16.70000
v -0.00019 -10.50007 16.70000
v -0.00021 -10.50006 16.70000
v -0.00022 -10.50006 16.70000
v -0.00022 -10.50005 16.70000
v -0.00023 -10.50000 16.70000
v -0.00022 -10.49995 16.70000
v -0.00022 -10.49994 16.70000
v -0.00021 -10.49994 16.70000
v -0.00019 -10.49993 16.70000
v -0.00016 -10.49993 16.70000
v -0.00000 -10.49993 16.70000
v 0.00016 -10.49993 16.70000
v 0.00019 -10.49993 16.70000
v 0.00021 -10.49994 16.70000
v 0.00022 -10.49994 16.70000
v 0.00022 -10.49995 16.70000
v 1.81882 -10.50000 16.70431
v 1.80312 -10.90699 16.70431
v 1.75457 -10.97982 16.70431
v 1.66786 -11.02325 16.70431
v 1.52944 -11.05045 16.70431
v 1.29729 -11.06569 16.70431
v 0.00016 -11.07061 16.70431
v -1.29729 -11.06569 16.70431
v -1.52944 -11.05045 16.70431
v -1.66786 -11.02325 16.70431
v -1.75457 -10.97982 16.70431
v -1.80312 -10.90699 16.70431
v -1.81882 -10.50006 16.70431
v -1.80312 -10.09301 16.70431
v -1.75457 -10.02018 16.70431
v -1.66786 -9.97675 16.70431
v -1.52944 -9.94955 16.70431
v -1.29729 -9.93431 16.70431
v -0.00021 -9.92939 16.70431
v 1.29729 -9.93431 16.70431
v 1.52944 -9.94955 16.70431
v 1.66786 -9.97675 16.70431
v 1.75457 -10.02018 16.70431
v 1.80312 -10.09301 16.70431
v 2.14429 -10.50000 16.71766
v 2.12578 -10.97982 16.71766
v 2.06855 -11.06569 16.71766
v 1.96632 -11.11688 16.71766
v 1.80312 -11.14896 16.71766
v 1.52944 -11.16691 16.71766
v 0.00019 -11.17272 16.71766
v -1.52944 -11.16691 16.71766
v -1.80312 -11.14896 16.71766
v -1.96632 -11.11688 16.71766
v -2.06855 -11.06569 16.71766
v -2.12578 -10.97982 16.71766
v -2.14429 -10.50007 16.71766
v -2.12578 -10.02018 16.71766
v -2.06855 -9.93431 16.71766
v -1.96632 -9.88312 16.71766
v -1.80312 -9.85104 16.71766
v -1.52944 -9.83309 16.71766
v -0.00025 -9.82728 16.71766
v 1.52944 -9.83309 16.71766
v 1.80312 -9.85104 16.71766
v 1.96632 -9.88312 16.71766
v 2.06855 -9.93431 16.71766
v 2.12578 -10.02018 16.71766
v 2.33836 -10.50000 16.74150
v 2.31818 -11.02325 16.74150
v 2.25577 -11.11688 16.74150
v 2.14429 -11.17272 16.74150
v 1.96632 -11.20769 16.74150
v 1.66786 -11.22727 16.74150
v 0.00021 -11.23360 16.74150
v -1.66786 -11.22727 16.74150
v -1.96632 -11.20769 16.74150
v -2.14429 -11.17272 16.74150
v -2.25577 -11.11688 16.74150
v -2.31818 -11.02325 16.74150
v -2.33836 -10.50008 16.74150
v -2.31818 -9.97675 16.74150
v -2.25577 -9.88312 16.74150
v -2.14429 -9.82728 16.74150
v -1.96632 -9.79231 16.74150
v -1.66786 -9.77273 16.74150
v -0.00027 -9.76640 16.74150
v 1.66786 -9.77273 16.74150
v 1.96632 -9.79231 16.74150
v 2.14429 -9.82728 16.74150
v 2.25577 -9.88312 16.74150
v 2.31818 -9.97675 16.74150
v 2.45993 -10.50000 16.77955
v 2.43870 -11.05045 16.77955
v 2.37304 -11.14896 16.77955
v 2.25577 -11.20769 16.77955
v 2.06855 -11.24448 16.77955
v 1.75457 -11.26508 16.77955
v 0.00022 -11.27174 16.77955
v -1.75457 -11.26508 16.77955
v -2.06855 -11.24448 16.77955
v -2.25577 -11.20769 16.77955
v -2.37304 -11.14896 16.77955
v -2.43870 -11.05045 16.77955
v -2.45993 -10.50008 16.77955
v -2.43870 -9.94955 16.77955
v -2.37304 -9.85104 16.77955
v -2.25577 -9.79231 16.77955
v -2.06855 -9.75552 16.77955
v -1.75457 -9.73492 16.77955
v -0.00029 -9.72826 16.77955
v 1.75457 -9.73492 16.77955
v 2.06855 -9.75552 16.77955
v 2.25577 -9.79231 16.77955
v 2.37304 -9.85104 16.77955
v 2.43870 -9.94955 16.77955
v 2.52799 -10.50000 16.84337
v 2.50618 -11.06569 16.84337
v 2.43870 -11.16691 16.84337
v 2.31818 -11.22727 16.84337
v 2.12578 -11.26508 16.84337
v 1.80312 -11.28625 16.84337
v 0.00022 -11.29310 16.84337
v -1.80312 -11.28625 16.84337
v -2.12578 -11.26508 16.84337
v -2.31818 -11.22727 16.84337
v -2.43870 -11.16691 16.84337
v -2.50618 -11.06569 16.84337
v -2.52799 -10.50008 16.84337
v -2.50618 -9.93431 16.84337
v -2.43870 -9.83309 16.84337
v -2.31818 -9.77273 16.84337
v -2.12578 -9.73492 16.84337
v -1.80312 -9.71375 16.84337
v -0.00029 -9.70690 16.84337
v 1.80312 -9.71375 16.84337
v 2.12578 -9.73492 16.84337
v 2.31818 -9.77273 16.84337
v 2.43870 -9.83309 16.84337
v 2.50618 -9.93431 16.84337
v 2.55000 -10.50000 17.20000
v 2.52799 -11.07061 17.20000
v 2.45993 -11.17272 17.20000
v 2.33836 -11.23360 17.20000
v 2.14429 -11.27174 17.20000
v 1.81882 -11.29310 17.20000
v 0.00023 -11.30000 17.20000
v -1.81882 -11.29310 17.20000
v -2.14429 -11.27174 17.20000
v -2.33836 -11.23360 17.20000
v -2.45993 -11.17272 17.20000
v -2.52799 -11.07061 17.20000
v -2.55000 -10.50008 17.20000
v -2.52799 -9.92939 17.20000
v -2.45993 -9.82728 17.20000
v -2.33836 -9.76640 17.20000
v -2.14429 -9.72826 17.20000
v -1.81882 -9.70690 17.20000
v -0.00030 -9.70000 17.20000
v 1.81882 -9.70690 17.20000
v 2.14429 -9.72826 17.20000
v 2.33836 -9.76640 17.20000
v 2.45993 -9.82728 17.20000
v 2.52799 -9.92939 17.20000
v 2.52799 -10.50000 17.55663
v 2.50618 -11.06569 17.55663
v 2.43870 -11.16691 17.55663
v 2.31818 -11.22727 17.55663
v 2.12578 -11.26508 17.55663
v 1.80312 -11.28625 17.55663
v 0.00022 -11.29310 17.55663
v -1.80312 -11.28625 17.55663
v -2.12578 -11.26508 17.55663
v -2.31818 -11.22727 17.55663
v -2.43870 -11.16691 17.55663
v -2.50618 -11.06569 17.55663
v -2.52799 -10.50008 17.55663
v -2.50618 -9.93431 17.55663
v -2.43870 -9.83309 17.55663
v -2.31818 -9.77273 17.55663
v -2.12578 -9.73492 17.55663
v -1.80312 -9.71375 17.55663
v -0.00029 -9.70690 17.55663
v 1.80312 -9.71375 17.55663
v 2.12578 -9.73492 17.55663
v 2.31818 -9.77273 17.55663
v 2.43870 -9.83309 17.55663
v 2.50618 -9.93431 17.55663
v 2.45993 -10.50000 17.62045
v 2.43870 -11.05045 17.62045
v 2.37304 -11.14896 17.62045
v 2.25577 -11.20769 17.62045
v 2.06855 -11.24448 17.62045
v 1.75457 -11.26508 17.62045
v 0.00022 -11.27174 17.62045
v -1.75457 -11.26508 17.62045
v -2.06855 -11.24448 17.62045
v -2.25577 -11.20769 17.62045
v -2.37304 -11.14896 17.62045
v -2.43870 -11.05045 17.62045
v -2.45993 -10.50008 17.62045
v -2.43870 -9.94955 17.62045
v -2.37304 -9.85104 17.62045
v -2.25577 -9.79231 17.62045
v -2.06855 -9.75552 17.62045
v -1.75457 -9.73492 17.62045
v -0.00029 -9.72826 17.62045
v 1.75457 -9.73492 17.62045
v 2.06855 -9.75552 17.62045
v 2.25577 -9.79231 17.62045
v 2.37304 -9.85104 17.62045
v 2.43870 -9.94955 17.62045
v 2.33836 -10.50000 17.65850
v 2.31818 -11.02325 17.65850
v 2.25577 -11.11688 17.65850
v 2.14429 -11.17272 17.65850
v 1.96632 -11.20769 17.65850
v 1.66786 -11.22727 17.65850
v 0.00021 -11.23360 17.65850
v -1.66786 -11.22727 17.65850
v -1.96632 -11.20769 17.65850
v -2.14429 -11.17272 17.65850
v -2.25577 -11.11688 17.65850
v -2.31818 -11.02325 17.65850
v -2.33836 -10.50008 17.65850
v -2.31818 -9.97675 17.65850
v -2.25577 -9.88312 17.65850
v -2.14429 -9.82728 17.65850
v -1.96632 -9.79231 17.65850
v -1.66786 -9.77273 17.65850
v -0.00027 -9.76640 17.65850
v 1.66786 -9.77273 17.65850
v 1.96632 -9.79231 17.65850
v 2.14429 -9.82728 17.65850
v 2.25577 -9.88312 17.65850
v 2.31818 -9.97675 17.65850
v 2.14429 -10.50000 17.68234
v 2.12578 -10.97982 17.68234
v 2.06855 -11.06569 17.68234
v 1.96632 -11.11688 17.68234
v 1.80312 -11.14896 17.68234
v 1.52944 -11.16691 17.68234
v 0.00019 -11.17272 17.68234
v -1.52944 -11.16691 17.68234
v -1.80312 -11.14896 17.68234
v -1.96632 -11.11688 17.68234
v -2.06855 -11.06569 17.68234
v -2.12578 -10.97982 17.68234
v -2.14429 -10.50007 17.68234
v -2.12578 -10.02018 17.68234
v -2.06855 -9.93431 17.68234
v -1.96632 -9.88312 17.68234
v -1.80312 -9.85104 17.68234
v -1.52944 -9.83309 17.68234
v -0.00025 -9.82728 17.68234
v 1.52944 -9.83309 17.68234
v 1.80312 -9.85104 17.68234
v 1.96632 -9.88312 17.68234
v 2.06855 -9.93431 17.68234
v 2.12578 -10.02018 17.68234
v 1.81882 -10.50000 17.69569
v 1.80312 -10.90699 17.69569
v 1.75457 -10.97982 17.69569
v 1.66786 -11.02325 17.69569
v 1.52944 -11.05045 17.69569
v 1.29729 -11.06569 17.69569
v 0.00016 -11.07061 17.69569
v -1.29729 -11.06569 17.69569
v -1.52944 -11.05045 17.69569
v -1.66786 -11.02325 17.69569
v -1.75457 -10.97982 17.69569
v -1.80312 -10.90699 17.69569
v -1.81882 -10.50006 17.69569
v -1.80312 -10.09301 17.69569
v -1.75457 -10.02018 17.69569
v -1.66786 -9.97675 17.69569
v -1.52944 -9.94955 17.69569
v -1.29729 -9.93431 17.69569
v -0.00021 -9.92939 17.69569
v 1.29729 -9.93431 17.69569
v 1.52944 -9.94955 17.69569
v 1.66786 -9.97675 17.69569
v 1.75457 -10.02018 17.69569
v 1.80312 -10.09301 17.69569
v 0.00023 -10.50000 17.70000
v 0.00022 -10.50005 17.70000
v 0.00022 -10.50006 17.70000
v 0.00021 -10.50006 17.70000
v 0.00019 -10.50007 17.70000
v 0.00016 -10.50007 17.70000
v 0.00000 -10.50007 17.70000
v -0.00016 -10.50007 17.70000
v -0.00019 -10.50007 17.70000
v -0.00021 -10.50006 17.70000
v -0.00022 -10.50006 17.70000
v -0.00022 -10.50005 17.70000
v -0.00023 -10.50000 17.70000
v -0.00022 -10.49995 17.70000
v -0.00022 -10.49994 17.70000
v -0.00021 -10.49994 17.70000
v -0.00019 -10.49993 17.70000
v -0.00016 -10.49993 17.70000
v -0.00000 -10.49993 17.70000
v 0.00016 -10.49993 17.70000
v 0.00019 -10.49993 17.70000
v 0.00021 -10.49994 17.70000
v 0.00022 -10.49994 17.70000
v 0.00022 -10.49995 17.70000
v -3.00000 -5.00000 19.60000
v -3.00000 -5.00000 19.60000
v -3.00000 -5.00000 19.60000
v -3.00000 -5.00000 19.60000
v -3.00000 -5.00000 19.60000
v -3.00000 -5.00000 19.60000
v -3.00000 -5.00000 19.60000
v -3.00000 -5.00000 19.60000
v -3.00000 -5.00000 19.60000
v -3.00000 -5.00000 19.60000
v -3.00000 -5.00000 19.60000
v -3.00000 -5.00000 19.60000
v -3.00000 -5.00000 19.60000
v -3.00000 -5.00000 19.60000
v -3.00000 -5.00000 19.60000
v -3.00000 -5.00000 19.60000
v -3.00000 -5.00000 19.60000
v -3.00000 -5.00000 19.60000
v -3.00000 -5.00000 19.60000
v -3.00000 -5.00000 19.60000
v -3.00000 -5.00000 19.60000
v -3.00000 -5.00000 19.60000
v -3.00000 -5.00000 19.60000
v -3.00000 -5.00000 19.60000
v -2.41763 -5.00000 19.62203
v -2.42565 -5.54265 19.62203
v -2.45019 -5.70617 19.62203
v -2.49302 -5.81117 19.62203
v -2.55865 -5.87969 19.62203
v -2.66085 -5.91896 19.62203
v -3.00000 -5.93179 19.62203
v -3.33915 -5.91896 19.62203
v -3.44135 -5.87969 19.62203
v -3.50698 -5.81117 19.62203
v -3.54981 -5.70617 19.62203
v -3.57435 -5.54265 19.62203
v -3.58237 -5.00000 19.62203
v -3.57435 -4.45735 19.62203
v -3.54981 -4.29383 19.62203
v -3.50698 -4.18883 19.62203
v -3.44135 -4.12031 19.62203
v -3.33915 -4.08104 19.62203
v -3.00000 -4.06821 19.62203
v -2.66085 -4.08104 19.62203
v -2.55865 -4.12031 19.62203
v -2.49302 -4.18883 19.62203
v -2.45019 -4.29383 19.62203
v -2.42565 -4.45735 19.62203
v -2.24214 -5.00000 19.68946
v -2.25258 -5.70617 19.68946
v -2.28452 -5.91896 19.68946
v -2.34025 -6.05561 19.68946
v -2.42565 -6.14478 19.68946
v -2.55865 -6.19587 19.68946
v -3.00000 -6.21257 19.68946
v -3.44135 -6.19587 19.68946
v -3.57435 -6.14478 19.68946
v -3.65975 -6.05561 19.68946
v -3.71548 -5.91896 19.68946
v -3.74742 -5.70617 19.68946
v -3.75786 -5.00000 19.68946
v -3.74742 -4.29383 19.68946
v -3.71548 -4.08104 19.68946
v -3.65975 -3.94439 19.68946
v -3.57435 -3.85522 19.68946
v -3.44135 -3.80413 19.68946
v -3.00000 -3.78743 19.68946
v -2.55865 -3.80413 19.68946
v -2.42565 -3.85522 19.68946
v -2.34025 -3.94439 19.68946
v -2.28452 -4.08104 19.68946
v -2.25258 -4.29383 19.68946
v -2.12945 -5.00000 19.80712
v -2.14144 -5.81117 19.80712
v -2.17812 -6.05561 19.80712
v -2.24214 -6.21257 19.80712
v -2.34025 -6.31500 19.80712
v -2.49302 -6.37370 19.80712
v -3.00000 -6.39288 19.80712
v -3.50698 -6.37370 19.80712
v -3.65975 -6.31500 19.80712
v -3.75786 -6.21257 19.80712
v -3.82188 -6.05561 19.80712
v -3.85856 -5.81117 19.80712
v -3.87055 -5.00000 19.80712
v -3.85856 -4.18883 19.80712
v -3.82188 -3.94439 19.80712
v -3.75786 -3.78743 19.80712
v -3.65975 -3.68500 19.80712
v -3.50698 -3.62630 19.80712
v -3.00000 -3.60712 19.80712
v -2.49302 -3.62630 19.80712
v -2.34025 -3.68500 19.80712
v -2.24214 -3.78743 19.80712
v -2.17812 -3.94439 19.80712
v -2.14144 -4.18883 19.80712
v -2.05591 -5.00000 19.98743
v -2.06891 -5.87969 19.98743
v -2.10870 -6.14478 19.98743
v -2.17812 -6.31500 19.98743
v -2.28452 -6.42608 19.98743
v -2.45019 -6.48974 19.98743
v -3.00000 -6.51054 19.98743
v -3.54981 -6.48974 19.98743
v -3.71548 -6.42608 19.98743
v -3.82188 -6.31500 19.98743
v -3.89130 -6.14478 19.98743
v -3.93109 -5.87969 19.98743
v -3.94409 -5.00000 19.98743
v -3.93109 -4.12031 19.98743
v -3.89130 -3.85522 19.98743
v -3.82188 -3.68500 19.98743
v -3.71548 -3.57392 19.98743
v -3.54981 -3.51026 19.98743
v -3.00000 -3.48946 19.98743
v -2.45019 -3.51026 19.98743
v -2.28452 -3.57392 19.98743
v -2.17812 -3.68500 19.98743
v -2.10870 -3.85522 19.98743
v -2.06891 -4.12031 19.98743
v -2.01377 -5.00000 20.26821
v -2.02735 -5.91896 20.26821
v -2.06891 -6.19587 20.26821
v -2.14144 -6.37370 20.26821
v -2.25258 -6.48974 20.26821
v -2.42565 -6.55623 20.26821
v -3.00000 -6.57797 20.26821
v -3.57435 -6.55623 20.26821
v -3.74742 -6.48974 20.26821
v -3.85856 -6.37370 20.26821
v -3.93109 -6.19587 20.26821
v -3.97265 -5.91896 20.26821
v -3.98623 -5.00000 20.26821
v -3.97265 -4.08104 20.26821
v -3.93109 -3.80413 20.26821
v -3.85856 -3.62630 20.26821
v -3.74742 -3.51026 20.26821
v -3.57435 -3.44377 20.26821
v -3.00000 -3.42203 20.26821
v -2.42565 -3.44377 20.26821
v -2.25258 -3.51026 20.26821
v -2.14144 -3.62630 20.26821
v -2.06891 -3.80413 20.26821
v -2.02735 -4.08104 20.26821
v -2.00000 -5.00000 21.20000
v -2.01377 -5.93179 21.20000
v -2.05591 -6.21257 21.20000
v -2.12945 -6.39288 21.20000
v -2.24214 -6.51054 21.20000
v -2.41763 -6.57797 21.20000
v -3.00000 -6.60000 21.20000
v -3.58237 -6.57797 21.20000
v -3.75786 -6.51054 21.20000
v -3.87055 -6.39288 21.20000
v -3.94409 -6.21257 21.20000
v -3.98623 -5.93179 21.20000
v -4.00000 -5.00000 21.20000
v -3.98623 -4.06821 21.20000
v -3.94409 -3.78743 21.20000
v -3.87055 -3.60712 21.20000
v -3.75786 -3.48946 21.20000
v -3.58237 -3.42203 21.20000
v -3.00000 -3.40000 21.20000
v -2.41763 -3.42203 21.20000
v -2.24214 -3.48946 21.20000
v -2.12945 -3.60712 21.20000
v -2.05591 -3.78743 21.20000
v -2.01377 -4.06821 21.20000
v -2.01377 -5.00000 22.13179
v -2.02735 -5.91896 22.13179
v -2.06891 -6.19587 22.13179
v -2.14144 -6.37370 22.13179
v -2.25258 -6.48974 22.13179
v -2.42565 -6.55623 22.13179
v -3.00000 -6.57797 22.13179
v -3.57435 -6.55623 22.13179
v -3.74742 -6.48974 22.13179
v -3.85856 -6.37370 22.13179
v -3.93109 -6.19587 22.13179
v -3.97265 -5.91896 22.13179
v -3.98623 -5.00000 22.13179
v -3.97265 -4.08104 22.13179
v -3.93109 -3.80413 22.13179
v -3.85856 -3.62630 22.13179
v -3.74742 -3.51026 22.13179
v -3.57435 -3.44377 22.13179
v -3.00000 -3.42203 22.13179
v -2.42565 -3.44377 22.13179
v -2.25258 -3.51026 22.13179
v -2.14144 -3.62630 22.13179
v -2.06891 -3.80413 22.13179
v -2.02735 -4.08104 22.13179
v -2.05591 -5.00000 22.41257
v -2.06891 -5.87969 22.41257
v -2.10870 -6.14478 22.41257
v -2.17812 -6.31500 22.41257
v -2.28452 -6.42608 22.41257
v -2.45019 -6.48974 22.41257
v -3.00000 -6.51054 22.41257
v -3.54981 -6.48974 22.41257
v -3.71548 -6.42608 22.41257
v -3.82188 -6.31500 22.41257
v -3.89130 -6.14478 22.41257
v -3.93109 -5.87969 22.41257
v -3.94409 -5.00000 22.41257
v -3.93109 -4.12031 22.41257
v -3.89130 -3.85522 22.41257
v -3.82188 -3.68500 22.41257
v -3.71548 -3.57392 22.41257
v -3.54981 -3.51026 22.41257
v -3.00000 -3.48946 22.41257
v -2.45019 -3.51026 22.41257
v -2.28452 -3.57392 22.41257
v -2.17812 -3.68500 22.41257
v -2.10870 -3.85522 22.41257
v -2.06891 -4.12031 22.41257
v -2.12945 -5.00000 22.59288
v -2.14144 -5.81117 22.59288
v -2.17812 -6.05561 22.59288
v -2.24214 -6.21257 22.59288
v -2.34025 -6.31500 22.59288
v -2.49302 -6.37370 22.59288
v -3.00000 -6.39288 22.59288
v -3.50698 -6.37370 22.59288
v -3.65975 -6.31500 22.59288
v -3.75786 -6.21257 22.59288
v -3.82188 -6.05561 22.59288
v -3.85856 -5.81117 22.59288
v -3.87055 -5.00000 22.59288
v -3.85856 -4.18883 22.59288
v -3.82188 -3.94439 22.59288
v -3.75786 -3.78743 22.59288
v -3.65975 -3.68500 22.59288
v -3.50698 -3.62630 22.59288
v -3.00000 -3.60712 22.59288
v -2.49302 -3.62630 22.59288
v -2.34025 -3.68500 22.59288
v -2.24214 -3.78743 22.59288
v -2.17812 -3.94439 22.59288
v -2.14144 -4.18883 22.59288
v -2.24214 -5.00000 22.71054
v -2.25258 -5.70617 22.71054
v -2.28452 -5.91896 22.71054
v -2.34025 -6.05561 22.71054
v -2.42565 -6.14478 22.71054
v -2.55865 -6.19587 22.71054
v -3.00000 -6.21257 22.71054
v -3.44135 -6.19587 22.71054
v -3.57435 -6.14478 22.71054
v -3.65975 -6.05561 22.71054
v -3.71548 -5.91896 22.71054
v -3.74742 -5.70617 22.71054
v -3.75786 -5.00000 22.71054
v -3.74742 -4.29383 22.71054
v -3.71548 -4.08104 22.71054
v -3.65975 -3.94439 22.71054
v -3.57435 -3.85522 22.71054
v -3.44135 -3.80413 22.71054
v -3.00000 -3.78743 22.71054
v -2.55865 -3.80413 22.71054
v -2.42565 -3.85522 22.71054
v -2.34025 -3.94439 22.71054
v -2.28452 -4.08104 22.71054
v -2.25258 -4.29383 22.71054
v -2.41763 -5.00000 22.77797
v -2.42565 -5.54265 22.77797
v -2.45019 -5.70617 22.77797
v -2.49302 -5.81117 22.77797
v -2.55865 -5.87969 22.77797
v -2.66085 -5.91896 22.77797
v -3.00000 -5.93179 22.77797
v -3.33915 -5.91896 22.77797
v -3.44135 -5.87969 22.77797
v -3.50698 -5.81117 22.77797
v -3.54981 -5.70617 22.77797
v -3.57435 -5.54265 22.77797
v -3.58237 -5.00000 22.77797
v -3.57435 -4.45735 22.77797
v -3.54981 -4.29383 22.77797
v -3.50698 -4.18883 22.77797
v -3.44135 -4.12031 22.77797
v -3.33915 -4.08104 22.77797
v -3.00000 -4.06821 22.77797
v -2.66085 -4.08104 22.77797
v -2.55865 -4.12031 22.77797
v -2.49302 -4.18883 22.77797
v -2.45019 -4.29383 22.77797
v -2.42565 -4.45735 22.77797
v -3.00000 -5.00000 22.80000
v -3.00000 -5.00000 22.80000
v -3.00000 -5.00000 22.80000
v -3.00000 -5.00000 22.80000
v -3.00000 -5.00000 22.80000
v -3.00000 -5.00000 22.80000
v -3.00000 -5.00000 22.80000
v -3.00000 -5.00000 22.80000
v -3.00000 -5.00000 22.80000
v -3.00000 -5.00000 22.80000
v -3.00000 -5.00000 22.80000
v -3.00000 -5.00000 22.80000
v -3.00000 -5.00000 22.80000
v -3.00000 -5.00000 22.80000
v -3.00000 -5.00000 22.80000
v -3.00000 -5.00000 22.80000
v -3.00000 -5.00000 22.80000
v -3.00000 -5.00000 22.80000
v -3.00000 -5.00000 22.80000
v -3.00000 -5.00000 22.80000
v -3.00000 -5.00000 22.80000
v -3.00000 -5.00000 22.80000
v -3.00000 -5.00000 22.80000
v -3.00000 -5.00000 22.80000
v 2.80005 -9.00000 18.30000
v 2.80005 -9.00009 18.30000
v 2.80005 -9.00011 18.30000
v 2.80005 -9.00012 18.30000
v 2.80004 -9.00013 18.30000
v 2.80004 -9.00013 18.30000
v 2.80000 -9.00013 18.30000
v 2.79996 -9.00013 18.30000
v 2.79996 -9.00013 18.30000
v 2.79995 -9.00012 18.30000
v 2.79995 -9.00011 18.30000
v 2.79995 -9.00009 18.30000
v 2.79995 -9.00000 18.30000
v 2.79995 -8.99991 18.30000
v 2.79995 -8.99989 18.30000
v 2.79995 -8.99988 18.30000
v 2.79996 -8.99987 18.30000
v 2.79996 -8.99987 18.30000
v 2.80000 -8.99987 18.30000
v 2.80004 -8.99987 18.30000
v 2.80004 -8.99987 18.30000
v 2.80005 -8.99988 18.30000
v 2.80005 -8.99989 18.30000
v 2.80005 -8.99991 18.30000
v 3.22796 -9.00000 18.30949
v 3.22426 -9.76311 18.30949
v 3.21284 -9.89967 18.30949
v 3.19244 -9.98110 18.30949
v 3.15987 -10.03210 18.30949
v 3.10525 -10.06066 18.30949
v 2.80004 -10.06989 18.30949
v 2.49475 -10.06066 18.30949
v 2.44013 -10.03210 18.30949
v 2.40756 -9.98110 18.30949
v 2.38716 -9.89967 18.30949
v 2.37574 -9.76311 18.30949
v 2.37204 -9.00011 18.30949
v 2.37574 -8.23689 18.30949
v 2.38716 -8.10033 18.30949
v 2.40756 -8.01890 18.30949
v 2.44013 -7.96790 18.30949
v 2.49475 -7.93934 18.30949
v 2.79995 -7.93011 18.30949
v 3.10525 -7.93934 18.30949
v 3.15987 -7.96790 18.30949
v 3.19244 -8.01890 18.30949
v 3.21284 -8.10033 18.30949
v 3.22426 -8.23689 18.30949
v 3.30454 -9.00000 18.33885
v 3.30018 -9.89967 18.33885
v 3.28672 -10.06066 18.33885
v 3.26266 -10.15666 18.33885
v 3.22426 -10.21679 18.33885
v 3.15987 -10.25046 18.33885
v 2.80004 -10.26134 18.33885
v 2.44013 -10.25046 18.33885
v 2.37574 -10.21679 18.33885
v 2.33734 -10.15666 18.33885
v 2.31328 -10.06066 18.33885
v 2.29982 -9.89967 18.33885
v 2.29546 -9.00013 18.33885
v 2.29982 -8.10033 18.33885
v 2.31328 -7.93934 18.33885
v 2.33734 -7.84334 18.33885
v 2.37574 -7.78321 18.33885
v 2.44013 -7.74954 18.33885
v 2.79994 -7.73866 18.33885
v 3.15987 -7.74954 18.33885
v 3.22426 -7.78321 18.33885
v 3.26266 -7.84334 18.33885
v 3.28672 -7.93934 18.33885
v 3.30018 -8.10033 18.33885
v 3.35020 -9.00000 18.39130
v 3.34545 -9.98110 18.39130
v 3.33077 -10.15666 18.39130
v 3.30454 -10.26134 18.39130
v 3.26266 -10.32692 18.39130
v 3.19244 -10.36364 18.39130
v 2.80005 -10.37551 18.39130
v 2.40756 -10.36364 18.39130
v 2.33734 -10.32692 18.39130
v 2.29546 -10.26134 18.39130
v 2.26923 -10.15666 18.39130
v 2.25455 -9.98110 18.39130
v 2.24980 -9.00014 18.39130
v 2.25455 -8.01890 18.39130
v 2.26923 -7.84334 18.39130
v 2.29546 -7.73866 18.39130
v 2.33734 -7.67308 18.39130
v 2.40756 -7.63636 18.39130
v 2.79994 -7.62449 18.39130
v 3.19244 -7.63636 18.39130
v 3.26266 -7.67308 18.39130
v 3.30454 -7.73866 18.39130
v 3.33077 -7.84334 18.39130
v 3.34545 -8.01890 18.39130
v 3.37881 -9.00000 18.47501
v 3.37381 -10.03210 18.47501
v 3.35836 -10.21679 18.47501
v 3.33077 -10.32692 18.47501
v 3.28672 -10.39591 18.47501
v 3.21284 -10.43453 18.47501
v 2.80005 -10.44702 18.47501
v 2.38716 -10.43453 18.47501
v 2.31328 -10.39591 18.47501
v 2.26923 -10.32692 18.47501
v 2.24164 -10.21679 18.47501
v 2.22619 -10.03210 18.47501
v 2.22119 -9.00015 18.47501
v 2.22619 -7.96790 18.47501
v 2.24164 -7.78321 18.47501
v 2.26923 -7.67308 18.47501
v 2.31328 -7.60409 18.47501
v 2.38716 -7.56547 18.47501
v 2.79993 -7.55298 18.47501
v 3.21284 -7.56547 18.47501
v 3.28672 -7.60409 18.47501
v 3.33077 -7.67308 18.47501
v 3.35836 -7.78321 18.47501
v 3.37381 -7.96790 18.47501
v 3.39482 -9.00000 18.61541
v 3.38969 -10.06066 18.61541
v 3.37381 -10.25046 18.61541
v 3.34545 -10.36364 18.61541
v 3.30018 -10.43453 18.61541
v 3.22426 -10.47422 18.61541
v 2.80005 -10.48706 18.61541
v 2.37574 -10.47422 18.61541
v 2.29982 -10.43453 18.61541
v 2.25455 -10.36364 18.61541
v 2.22619 -10.25046 18.61541
v 2.21031 -10.06066 18.61541
v 2.20518 -9.00016 18.61541
v 2.21031 -7.93934 18.61541
v 2.22619 -7.74954 18.61541
v 2.25455 -7.63636 18.61541
v 2.29982 -7.56547 18.61541
v 2.37574 -7.52578 18.61541
v 2.79993 -7.51294 18.61541
v 3.22426 -7.52578 18.61541
v 3.30018 -7.56547 18.61541
v 3.34545 -7.63636 18.61541
v 3.37381 -7.74954 18.61541
v 3.38969 -7.93934 18.61541
v 3.40000 -9.00000 19.40000
v 3.39482 -10.06989 19.40000
v 3.37881 -10.26134 19.40000
v 3.35020 -10.37551 19.40000
v 3.30454 -10.44702 19.40000
v 3.22796 -10.48706 19.40000
v 2.80005 -10.50000 19.40000
v 2.37204 -10.48706 19.40000
v 2.29546 -10.44702 19.40000
v 2.24980 -10.37551 19.40000
v 2.22119 -10.26134 19.40000
v 2.20518 -10.06989 19.40000
v 2.20000 -9.00016 19.40000
v 2.20518 -7.93011 19.40000
v 2.22119 -7.73866 19.40000
v 2.24980 -7.62449 19.40000
v 2.29546 -7.55298 19.40000
v 2.37204 -7.51294 19.40000
v 2.79993 -7.50000 19.40000
v 3.22796 -7.51294 19.40000
v 3.30454 -7.55298 19.40000
v 3.35020 -7.62449 19.40000
v 3.37881 -7.73866 19.40000
v 3.39482 -7.93011 19.40000
v 3.39482 -9.00000 20.18459
v 3.38969 -10.06066 20.18459
v 3.37381 -10.25046 20.18459
v 3.34545 -10.36364 20.18459
v 3.30018 -10.43453 20.18459
v 3.22426 -10.47422 20.18459
v 2.80005 -10.48706 20.18459
v 2.37574 -10.47422 20.18459
v 2.29982 -10.43453 20.18459
v 2.25455 -10.36364 20.18459
v 2.22619 -10.25046 20.18459
v 2.21031 -10.06066 20.18459
v 2.20518 -9.00016 20.18459
v 2.21031 -7.93934 20.18459
v 2.22619 -7.74954 20.18459
v 2.25455 -7.63636 20.18459
v 2.29982 -7.56547 20.18459
v 2.37574 -7.52578 20.18459
v 2.79993 -7.51294 20.18459
v 3.22426 -7.52578 20.18459
v 3.30018 -7.56547 20.18459
v 3.34545 -7.63636 20.18459
v 3.37381 -7.74954 20.18459
v 3.38969 -7.93934 20.18459
v 3.37881 -9.00000 20.32499
v 3.37381 -10.03210 20.32499
v 3.35836 -10.21679 20.32499
v 3.33077 -10.32692 20.32499
v 3.28672 -10.39591 20.32499
v 3.21284 -10.43453 20.32499
v 2.80005 -10.44702 20.32499
v 2.38716 -10.43453 20.32499
v 2.31328 -10.39591 20.32499
v 2.26923 -10.32692 20.32499
v 2.24164 -10.21679 20.32499
v 2.22619 -10.03210 20.32499
v 2.22119 -9.00015 20.32499
v 2.22619 -7.96790 20.32499
v 2.24164 -7.78321 20.32499
v 2.26923 -7.67308 20.32499
v 2.31328 -7.60409 20.32499
v 2.38716 -7.56547 20.32499
v 2.79993 -7.55298 20.32499
v 3.21284 -7.56547 20.32499
v 3.28672 -7.60409 20.32499
v 3.33077 -7.67308 20.32499
v 3.35836 -7.78321 20.32499
v 3.37381 -7.96790 20.32499
v 3.35020 -9.00000 20.40870
v 3.34545 -9.98110 20.40870
v 3.33077 -10.15666 20.40870
v 3.30454 -10.26134 20.40870
v 3.26266 -10.32692 20.40870
v 3.19244 -10.36364 20.40870
v 2.80005 -10.37551 20.40870
v 2.40756 -10.36364 20.40870
v 2.33734 -10.32692 20.40870
v 2.29546 -10.26134 20.40870
v 2.26923 -10.15666 20.40870
v 2.25455 -9.98110 20.40870
v 2.24980 -9.00014 20.40870
v 2.25455 -8.01890 20.40870
v 2.26923 -7.84334 20.40870
v 2.29546 -7.73866 20.40870
v 2.33734 -7.67308 20.40870
v 2.40756 -7.63636 20.40870
v 2.79994 -7.62449 20.40870
v 3.19244 -7.63636 20.40870
v 3.26266 -7.67308 20.40870
v 3.30454 -7.73866 20.40870
v 3.33077 -7.84334 20.40870
v 3.34545 -8.01890 20.40870
v 3.30454 -9.00000 20.46115
v 3.30018 -9.89967 20.46115
v 3.28672 -10.06066 20.46115
v 3.26266 -10.15666 20.46115
v 3.22426 -10.21679 20.46115
v 3.15987 -10.25046 20.46115
v 2.80004 -10.26134 20.46115
v 2.44013 -10.25046 20.46115
v 2.37574 -10.21679 20.46115
v 2.33734 -10.15666 20.46115
v 2.31328 -10.06066 20.46115
v 2.29982 -9.89967 20.46115
v 2.29546 -9.00013 20.46115
v 2.29982 -8.10033 20.46115
v 2.31328 -7.93934 20.46115
v 2.33734 -7.84334 20.46115
v 2.37574 -7.78321 20.46115
v 2.44013 -7.74954 20.46115
v 2.79994 -7.73866 20.46115
v 3.15987 -7.74954 20.46115
v 3.22426 -7.78321 20.46115
v 3.26266 -7.84334 20.46115
v 3.28672 -7.93934 20.46115
v 3.30018 -8.10033 20.46115
v 3.22796 -9.00000 20.49051
v 3.22426 -9.76311 20.49051
v 3.21284 -9.89967 20.49051
v 3.19244 -9.98110 20.49051
v 3.15987 -10.03210 20.49051
v 3.10525 -10.06066 20.49051
v 2.80004 -10.06989 20.49051
v 2.49475 -10.06066 20.49051
v 2.44013 -10.03210 20.49051
v 2.40756 -9.98110 20.49051
v 2.38716 -9.89967 20.49051
v 2.37574 -9.76311 20.49051
v 2.37204 -9.00011 20.49051
v 2.37574 -8.23689 20.49051
v 2.38716 -8.10033 20.49051
v 2.40756 -8.01890 20.49051
v 2.44013 -7.96790 20.49051
v 2.49475 -7.93934 20.49051
v 2.79995 -7.93011 20.49051
v 3.10525 -7.93934 20.49051
v 3.15987 -7.96790 20.49051
v 3.19244 -8.01890 20.49051
v 3.21284 -8.10033 20.49051
v 3.22426 -8.23689 20.49051
v 2.80005 -9.00000 20.50000
v 2.80005 -9.00009 20.50000
v 2.80005 -9.00011 20.50000
v 2.80005 -9.00012 20.50000
v 2.80004 -9.00013 20.50000
v 2.80004 -9.00013 20.50000
v 2.80000 -9.00013 20.50000
v 2.79996 -9.00013 20.50000
v 2.79996 -9.00013 20.50000
v 2.79995 -9.00012 20.50000
v 2.79995 -9.00011 20.50000
v 2.79995 -9.00009 20.50000
v 2.79995 -9.00000 20.50000
v 2.79995 -8.99991 20.50000
v 2.79995 -8.99989 20.50000
v 2.79995 -8.99988 20.50000
v 2.79996 -8.99987 20.50000
v 2.79996 -8.99987 20.50000
v 2.80000 -8.99987 20.50000
v 2.80004 -8.99987 20.50000
v 2.80004 -8.99987 20.50000
v 2.80005 -8.99988 20.50000
v 2.80005 -8.99989 20.50000
v 2.80005 -8.99991 20.50000
vt -0.01750 0.77000
vt -0.01750 0.77875
vt -0.01750 0.78741
vt -0.01750 0.79591
vt -0.01750 0.80415
vt -0.01750 0.81207
vt -0.01750 0.81958
vt -0.01750 0.82662
vt -0.01750 0.83311
vt -0.01750 0.83899
vt -0.01750 0.84421
vt -0.01750 0.84871
vt -0.01750 0.85246
vt -0.01750 0.85541
vt -0.01750 0.85754
vt -0.01750 0.85882
vt -0.01750 0.85925
vt -0.01750 0.85882
vt -0.01750 0.85754
vt -0.01750 0.85541
vt -0.01750 0.85246
vt -0.01750 0.84871
vt -0.01750 0.84421
vt -0.01750 0.83899
vt -0.01750 0.83311
vt -0.01750 0.82662
vt -0.01750 0.81958
vt -0.01750 0.81207
vt -0.01750 0.80415
vt -0.01750 0.79591
vt -0.01750 0.78741
vt -0.01750 0.77875
vt -0.01750 0.77000
vt -0.01750 0.76125
vt -0.01750 0.75259
vt -0.01750 0.74409
vt -0.01750 0.73585
vt -0.01750 0.72793
vt -0.01750 0.72042
vt -0.01750 0.71338
vt -0.01750 0.70689
vt -0.01750 0.70101
vt -0.01750 0.69579
vt -0.01750 0.69129
vt -0.01750 0.68754
vt -0.01750 0.68459
vt -0.01750 0.68246
vt -0.01750 0.68118
vt -0.01750 0.68075
vt -0.01750 0.68118
vt -0.01750 0.68246
vt -0.01750 0.68459
vt -0.01750 0.68754
vt -0.01750 0.69129
vt -0.01750 0.69579
vt -0.01750 0.70101
vt -0.01750 0.70689
vt -0.01750 0.71338
vt -0.01750 0.72042
vt -0.01750 0.72793
vt -0.01750 0.73585
vt -0.01750 0.74409
vt -0.01750 0.75259
vt -0.01750 0.76125
vt 0.03500 0.77000
vt 0.03500 0.77875
vt 0.03500 0.78741
vt 0.03500 0.79591
vt 0.03500 0.80415
vt 0.03500 0.81207
vt 0.03500 0.81958
vt 0.03500 0.82662
vt 0.03500 0.83311
vt 0.03500 0.83899
vt 0.03500 0.84421
vt 0.03500 0.84871
vt 0.03500 0.85246
vt 0.03500 0.85541
vt 0.03500 0.85754
vt 0.03500 0.85882
vt 0.03500 0.85925
vt 0.03500 0.85882
vt 0.03500 0.85754
vt 0.03500 0.85541
vt 0.03500 0.85246
vt 0.03500 0.84871
vt 0.03500 0.84421
vt 0.03500 0.83899
vt 0.03500 0.83311
vt 0.03500 0.82662
vt 0.03500 0.81958
vt 0.03500 0.81207
vt 0.03500 0.80415
vt 0.03500 0.79591
vt 0.03500 0.78741
vt 0.03500 0.77875
vt 0.03500 0.77000
vt 0.03500 0.76125
vt 0.03500 0.75259
vt 0.03500 0.74409
vt 0.03500 0.73585
vt 0.03500 0.72793
vt 0.03500 0.72042
vt 0.03500 0.71338
vt 0.03500 0.70689
vt 0.03500 0.70101
vt 0.03500 0.69579
vt 0.03500 0.69129
vt 0.03500 0.68754
vt 0.03500 0.68459
vt 0.03500 0.68246
vt 0.03500 0.68118
vt 0.03500 0.68075
vt 0.03500 0.68118
vt 0.03500 0.68246
vt 0.03500 0.68459
vt 0.03500 0.68754
vt 0.03500 0.69129
vt 0.03500 0.69579
vt 0.03500 0.70101
vt 0.03500 0.70689
vt 0.03500 0.71338
vt 0.03500 0.72042
vt 0.03500 0.72793
vt 0.03500 0.73585
vt 0.03500 0.74409
vt 0.03500 0.75259
vt 0.03500 0.76125
vt 0.03500 0.77000
vt 0.03500 0.77703
vt 0.03500 0.78400
vt 0.03500 0.79083
vt 0.03500 0.79746
vt 0.03500 0.80382
vt 0.03500 0.80986
vt 0.03500 0.81552
vt 0.03500 0.82073
vt 0.03500 0.82546
vt 0.03500 0.82966
vt 0.03500 0.83328
vt 0.03500 0.83629
vt 0.03500 0.83866
vt 0.03500 0.84037
vt 0.03500 0.84140
vt 0.03500 0.84175
vt 0.03500 0.84140
vt 0.03500 0.84037
vt 0.03500 0.83866
vt 0.03500 0.83629
vt 0.03500 0.83328
vt 0.03500 0.82966
vt 0.03500 0.82546
vt 0.03500 0.82073
vt 0.03500 0.81552
vt 0.03500 0.80986
vt 0.03500 0.80382
vt 0.03500 0.79746
vt 0.03500 0.79083
vt 0.03500 0.78400
vt 0.03500 0.77703
vt 0.03500 0.77000
vt 0.03500 0.76297
vt 0.03500 0.75600
vt 0.03500 0.74917
vt 0.03500 0.74254
vt 0.03500 0.73618
vt 0.03500 0.73014
vt 0.03500 0.72448
vt 0.03500 0.71927
vt 0.03500 0.71454
vt 0.03500 0.71034
vt 0.03500 0.70672
vt 0.03500 0.70371
vt 0.03500 0.70134
vt 0.03500 0.69963
vt 0.03500 0.69860
vt 0.03500 0.69825
vt 0.03500 0.69860
vt 0.03500 0.69963
vt 0.03500 0.70134
vt 0.03500 0.70371
vt 0.03500 0.70672
vt 0.03500 0.71034
vt 0.03500 0.71454
vt 0.03500 0.71927
vt 0.03500 0.72448
vt 0.03500 0.73014
vt 0.03500 0.73618
vt 0.03500 0.74254
vt 0.03500 0.74917
vt 0.03500 0.75600
vt 0.03500 0.76297
vt -0.01750 0.77000
vt -0.01750 0.77703
vt -0.01750 0.78400
vt -0.01750 0.79083
vt -0.01750 0.79746
vt -0.01750 0.80382
vt -0.01750 0.80986
vt -0.01750 0.81552
vt -0.01750 0.82073
vt -0.01750 0.82546
vt -0.01750 0.82966
vt -0.01750 0.83328
vt -0.01750 0.83629
vt -0.01750 0.83866
vt -0.01750 0.84037
vt -0.01750 0.84140
vt -0.01750 0.84175
vt -0.01750 0.84140
vt -0.01750 0.84037
vt -0.01750 0.83866
vt -0.01750 0.83629
vt -0.01750 0.83328
vt -0.01750 0.82966
vt -0.01750 0.82546
vt -0.01750 0.82073
vt -0.01750 0.81552
vt -0.01750 0.80986
vt -0.01750 0.80382
vt -0.01750 0.79746
vt -0.01750 0.79083
vt -0.01750 0.78400
vt -0.01750 0.77703
vt -0.01750 0.77000
vt -0.01750 0.76297
vt -0.01750 0.75600
vt -0.01750 0.74917
vt -0.01750 0.74254
vt -0.01750 0.73618
vt -0.01750 0.73014
vt -0.01750 0.72448
vt -0.01750 0.71927
vt -0.01750 0.71454
vt -0.01750 0.71034
vt -0.01750 0.70672
vt -0.01750 0.70371
vt -0.01750 0.70134
vt -0.01750 0.69963
vt -0.01750 0.69860
vt -0.01750 0.69825
vt -0.01750 0.69860
vt -0.01750 0.69963
vt -0.01750 0.70134
vt -0.01750 0.70371
vt -0.01750 0.70672
vt -0.01750 0.71034
vt -0.01750 0.71454
vt -0.01750 0.71927
vt -0.01750 0.72448
vt -0.01750 0.73014
vt -0.01750 0.73618
vt -0.01750 0.74254
vt -0.01750 0.74917
vt -0.01750 0.75600
vt -0.01750 0.76297
vt 0.03500 0.77000
vt 0.03500 0.77806
vt 0.03500 0.78605
vt 0.03500 0.79388
vt 0.03500 0.80148
vt 0.03500 0.80877
vt 0.03500 0.81570
vt 0.03500 0.82218
vt 0.03500 0.82816
vt 0.03500 0.83358
vt 0.03500 0.83839
vt 0.03500 0.84254
vt 0.03500 0.84599
vt 0.03500 0.84871
vt 0.03500 0.85067
vt 0.03500 0.85185
vt 0.03500 0.85225
vt 0.03500 0.85185
vt 0.03500 0.85067
vt 0.03500 0.84871
vt 0.03500 0.84599
vt 0.03500 0.84254
vt 0.03500 0.83839
vt 0.03500 0.83358
vt 0.03500 0.82816
vt 0.03500 0.82218
vt 0.03500 0.81570
vt 0.03500 0.80877
vt 0.03500 0.80148
vt 0.03500 0.79388
vt 0.03500 0.78605
vt 0.03500 0.77806
vt 0.03500 0.77000
vt 0.03500 0.76194
vt 0.03500 0.75395
vt 0.03500 0.74612
vt 0.03500 0.73852
vt 0.03500 0.73123
vt 0.03500 0.72430
vt 0.03500 0.71782
vt 0.03500 0.71184
vt 0.03500 0.70642
vt 0.03500 0.70161
vt 0.03500 0.69746
vt 0.03500 0.69401
vt 0.03500 0.69129
vt 0.03500 0.68933
vt 0.03500 0.68815
vt 0.03500 0.68775
vt 0.03500 0.68815
vt 0.03500 0.68933
vt 0.03500 0.69129
vt 0.03500 0.69401
vt 0.03500 0.69746
vt 0.03500 0.70161
vt 0.03500 0.70642
vt 0.03500 0.71184
vt 0.03500 0.71782
vt 0.03500 0.72430
vt 0.03500 0.73123
vt 0.03500 0.73852
vt 0.03500 0.74612
vt 0.03500 0.75395
vt 0.03500 0.76194
vt 0.48300 0.77000
vt 0.48300 0.77806
vt 0.48300 0.78605
vt 0.48300 0.79388
vt 0.48300 0.80148
vt 0.48300 0.80877
vt 0.48300 0.81570
vt 0.48300 0.82218
vt 0.48300 0.82816
vt 0.48300 0.83358
vt 0.48300 0.83839
vt 0.48300 0.84254
vt 0.48300 0.84599
vt 0.48300 0.84871
vt 0.48300 0.85067
vt 0.48300 0.85185
vt 0.48300 0.85225
vt 0.48300 0.85185
vt 0.48300 0.85067
vt 0.48300 0.84871
vt 0.48300 0.84599
vt 0.48300 0.84254
vt 0.48300 0.83839
vt 0.48300 0.83358
vt 0.48300 0.82816
vt 0.48300 0.82218
vt 0.48300 0.81570
vt 0.48300 0.80877
vt 0.48300 0.80148
vt 0.48300 0.79388
vt 0.48300 0.78605
vt 0.48300 0.77806
vt 0.48300 0.77000
vt 0.48300 0.76194
vt 0.48300 0.75395
vt 0.48300 0.74612
vt 0.48300 0.73852
vt 0.48300 0.73123
vt 0.48300 0.72430
vt 0.48300 0.71782
vt 0.48300 0.71184
vt 0.48300 0.70642
vt 0.48300 0.70161
vt 0.48300 0.69746
vt 0.48300 0.69401
vt 0.48300 0.69129
vt 0.48300 0.68933
vt 0.48300 0.68815
vt 0.48300 0.68775
vt 0.48300 0.68815
vt 0.48300 0.68933
vt 0.48300 0.69129
vt 0.48300 0.69401
vt 0.48300 0.69746
vt 0.48300 0.70161
vt 0.48300 0.70642
vt 0.48300 0.71184
vt 0.48300 0.71782
vt 0.48300 0.72430
vt 0.48300 0.73123
vt 0.48300 0.73852
vt 0.48300 0.74612
vt 0.48300 0.75395
vt 0.48300 0.76194
vt 0.48300 0.77000
vt 0.48300 0.77703
vt 0.48300 0.78400
vt 0.48300 0.79083
vt 0.48300 0.79746
vt 0.48300 0.80382
vt 0.48300 0.80986
vt 0.48300 0.81552
vt 0.48300 0.82073
vt 0.48300 0.82546
vt 0.48300 0.82966
vt 0.48300 0.83328
vt 0.48300 0.83629
vt 0.48300 0.83866
vt 0.48300 0.84037
vt 0.48300 0.84140
vt 0.48300 0.84175
vt 0.48300 0.84140
vt 0.48300 0.84037
vt 0.48300 0.83866
vt 0.48300 0.83629
vt 0.48300 0.83328
vt 0.48300 0.82966
vt 0.48300 0.82546
vt 0.48300 0.82073
vt 0.48300 0.81552
vt 0.48300 0.80986
vt 0.48300 0.80382
vt 0.48300 0.79746
vt 0.48300 0.79083
vt 0.48300 0.78400
vt 0.48300 0.77703
vt 0.48300 0.77000
vt 0.48300 0.76297
vt 0.48300 0.75600
vt 0.48300 0.74917
vt 0.48300 0.74254
vt 0.48300 0.73618
vt 0.48300 0.73014
vt 0.48300 0.72448
vt 0.48300 0.71927
vt 0.48300 0.71454
vt 0.48300 0.71034
vt 0.48300 0.70672
vt 0.48300 0.70371
vt 0.48300 0.70134
vt 0.48300 0.69963
vt 0.48300 0.69860
vt 0.48300 0.69825
vt 0.48300 0.69860
vt 0.48300 0.69963
vt 0.48300 0.70134
vt 0.48300 0.70371
vt 0.48300 0.70672
vt 0.48300 0.71034
vt 0.48300 0.71454
vt 0.48300 0.71927
vt 0.48300 0.72448
vt 0.48300 0.73014
vt 0.48300 0.73618
vt 0.48300 0.74254
vt 0.48300 0.74917
vt 0.48300 0.75600
vt 0.48300 0.76297
vt 0.03500 0.77000
vt 0.03500 0.77703
vt 0.03500 0.78400
vt 0.03500 0.79083
vt 0.03500 0.79746
vt 0.03500 0.80382
vt 0.03500 0.80986
vt 0.03500 0.81552
vt 0.03500 0.82073
vt 0.03500 0.82546
vt 0.03500 0.82966
vt 0.03500 0.83328
vt 0.03500 0.83629
vt 0.03500 0.83866
vt 0.03500 0.84037
vt 0.03500 0.84140
vt 0.03500 0.84175
vt 0.03500 0.84140
vt 0.03500 0.84037
vt 0.03500 0.83866
vt 0.03500 0.83629
vt 0.03500 0.83328
vt 0.03500 0.82966
vt 0.03500 0.82546
vt 0.03500 0.82073
vt 0.03500 0.81552
vt 0.03500 0.80986
vt 0.03500 0.80382
vt 0.03500 0.79746
vt 0.03500 0.79083
vt 0.03500 0.78400
vt 0.03500 0.77703
vt 0.03500 0.77000
vt 0.03500 0.76297
vt 0.03500 0.75600
vt 0.03500 0.74917
vt 0.03500 0.74254
vt 0.03500 0.73618
vt 0.03500 0.73014
vt 0.03500 0.72448
vt 0.03500 0.71927
vt 0.03500 0.71454
vt 0.03500 0.71034
vt 0.03500 0.70672
vt 0.03500 0.70371
vt 0.03500 0.70134
vt 0.03500 0.69963
vt 0.03500 0.69860
vt 0.03500 0.69825
vt 0.03500 0.69860
vt 0.03500 0.69963
vt 0.03500 0.70134
vt 0.03500 0.70371
vt 0.03500 0.70672
vt 0.03500 0.71034
vt 0.03500 0.71454
vt 0.03500 0.71927
vt 0.03500 0.72448
vt 0.03500 0.73014
vt 0.03500 0.73618
vt 0.03500 0.74254
vt 0.03500 0.74917
vt 0.03500 0.75600
vt 0.03500 0.76297
vt 0.48300 0.77000
vt 0.48300 0.77909
vt 0.48300 0.78809
vt 0.48300 0.79692
vt 0.48300 0.80549
vt 0.48300 0.81372
vt 0.48300 0.82153
vt 0.48300 0.82884
vt 0.48300 0.83558
vt 0.48300 0.84170
vt 0.48300 0.84712
vt 0.48300 0.85180
vt 0.48300 0.85569
vt 0.48300 0.85876
vt 0.48300 0.86097
vt 0.48300 0.86230
vt 0.48300 0.86275
vt 0.48300 0.86230
vt 0.48300 0.86097
vt 0.48300 0.85876
vt 0.48300 0.85569
vt 0.48300 0.85180
vt 0.48300 0.84712
vt 0.48300 0.84170
vt 0.48300 0.83558
vt 0.48300 0.82884
vt 0.48300 0.82153
vt 0.48300 0.81372
vt 0.48300 0.80549
vt 0.48300 0.79692
vt 0.48300 0.78809
vt 0.48300 0.77909
vt 0.48300 0.77000
vt 0.48300 0.76091
vt 0.48300 0.75191
vt 0.48300 0.74308
vt 0.48300 0.73451
vt 0.48300 0.72628
vt 0.48300 0.71847
vt 0.48300 0.71116
vt 0.48300 0.70442
vt 0.48300 0.69830
vt 0.48300 0.69288
vt 0.48300 0.68820
vt 0.48300 0.68431
vt 0.48300 0.68124
vt 0.48300 0.67903
vt 0.48300 0.67770
vt 0.48300 0.67725
vt 0.48300 0.67770
vt 0.48300 0.67903
vt 0.48300 0.68124
vt 0.48300 0.68431
vt 0.48300 0.68820
vt 0.48300 0.69288
vt 0.48300 0.69830
vt 0.48300 0.70442
vt 0.48300 0.71116
vt 0.48300 0.71847
vt 0.48300 0.72628
vt 0.48300 0.73451
vt 0.48300 0.74308
vt 0.48300 0.75191
vt 0.48300 0.76091
vt 0.53550 0.77000
vt 0.53550 0.77909
vt 0.53550 0.78809
vt 0.53550 0.79692
vt 0.53550 0.80549
vt 0.53550 0.81372
vt 0.53550 0.82153
vt 0.53550 0.82884
vt 0.53550 0.83558
vt 0.53550 0.84170
vt 0.53550 0.84712
vt 0.53550 0.85180
vt 0.53550 0.85569
vt 0.53550 0.85876
vt 0.53550 0.86097
vt 0.53550 0.86230
vt 0.53550 0.86275
vt 0.53550 0.86230
vt 0.53550 0.86097
vt 0.53550 0.85876
vt 0.53550 0.85569
vt 0.53550 0.85180
vt 0.53550 0.84712
vt 0.53550 0.84170
vt 0.53550 0.83558
vt 0.53550 0.82884
vt 0.53550 0.82153
vt 0.53550 0.81372
vt 0.53550 0.80549
vt 0.53550 0.79692
vt 0.53550 0.78809
vt 0.53550 0.77909
vt 0.53550 0.77000
vt 0.53550 0.76091
vt 0.53550 0.75191
vt 0.53550 0.74308
vt 0.53550 0.73451
vt 0.53550 0.72628
vt 0.53550 0.71847
vt 0.53550 0.71116
vt 0.53550 0.70442
vt 0.53550 0.69830
vt 0.53550 0.69288
vt 0.53550 0.68820
vt 0.53550 0.68431
vt 0.53550 0.68124
vt 0.53550 0.67903
vt 0.53550 0.67770
vt 0.53550 0.67725
vt 0.53550 0.67770
vt 0.53550 0.67903
vt 0.53550 0.68124
vt 0.53550 0.68431
vt 0.53550 0.68820
vt 0.53550 0.69288
vt 0.53550 0.69830
vt 0.53550 0.70442
vt 0.53550 0.71116
vt 0.53550 0.71847
vt 0.53550 0.72628
vt 0.53550 0.73451
vt 0.53550 0.74308
vt 0.53550 0.75191
vt 0.53550 0.76091
vt 0.53550 0.77000
vt 0.53550 0.77703
vt 0.53550 0.78400
vt 0.53550 0.79083
vt 0.53550 0.79746
vt 0.53550 0.80382
vt 0.53550 0.80986
vt 0.53550 0.81552
vt 0.53550 0.82073
vt 0.53550 0.82546
vt 0.53550 0.82966
vt 0.53550 0.83328
vt 0.53550 0.83629
vt 0.53550 0.83866
vt 0.53550 0.84037
vt 0.53550 0.84140
vt 0.53550 0.84175
vt 0.53550 0.84140
vt 0.53550 0.84037
vt 0.53550 0.83866
vt 0.53550 0.83629
vt 0.53550 0.83328
vt 0.53550 0.82966
vt 0.53550 0.82546
vt 0.53550 0.82073
vt 0.53550 0.81552
vt 0.53550 0.80986
vt 0.53550 0.80382
vt 0.53550 0.79746
vt 0.53550 0.79083
vt 0.53550 0.78400
vt 0.53550 0.77703
vt 0.53550 0.77000
vt 0.53550 0.76297
vt 0.53550 0.75600
vt 0.53550 0.74917
vt 0.53550 0.74254
vt 0.53550 0.73618
vt 0.53550 0.73014
vt 0.53550 0.72448
vt 0.53550 0.71927
vt 0.53550 0.71454
vt 0.53550 0.71034
vt 0.53550 0.70672
vt 0.53550 0.70371
vt 0.53550 0.70134
vt 0.53550 0.69963
vt 0.53550 0.69860
vt 0.53550 0.69825
vt 0.53550 0.69860
vt 0.53550 0.69963
vt 0.53550 0.70134
vt 0.53550 0.70371
vt 0.53550 0.70672
vt 0.53550 0.71034
vt 0.53550 0.71454
vt 0.53550 0.71927
vt 0.53550 0.72448
vt 0.53550 0.73014
vt 0.53550 0.73618
vt 0.53550 0.74254
vt 0.53550 0.74917
vt 0.53550 0.75600
vt 0.53550 0.76297
vt 0.48300 0.77000
vt 0.48300 0.77703
vt 0.48300 0.78400
vt 0.48300 0.79083
vt 0.48300 0.79746
vt 0.48300 0.80382
vt 0.48300 0.80986
vt 0.48300 0.81552
vt 0.48300 0.82073
vt 0.48300 0.82546
vt 0.48300 0.82966
vt 0.48300 0.83328
vt 0.48300 0.83629
vt 0.48300 0.83866
vt 0.48300 0.84037
vt 0.48300 0.84140
vt 0.48300 0.84175
vt 0.48300 0.84140
vt 0.48300 0.84037
vt 0.48300 0.83866
vt 0.48300 0.83629
vt 0.48300 0.83328
vt 0.48300 0.82966
vt 0.48300 0.82546
vt 0.48300 0.82073
vt 0.48300 0.81552
vt 0.48300 0.80986
vt 0.48300 0.80382
vt 0.48300 0.79746
vt 0.48300 0.79083
vt 0.48300 0.78400
vt 0.48300 0.77703
vt 0.48300 0.77000
vt 0.48300 0.76297
vt 0.48300 0.75600
vt 0.48300 0.74917
vt 0.48300 0.74254
vt 0.48300 0.73618
vt 0.48300 0.73014
vt 0.48300 0.72448
vt 0.48300 0.71927
vt 0.48300 0.71454
vt 0.48300 0.71034
vt 0.48300 0.70672
vt 0.48300 0.70371
vt 0.48300 0.70134
vt 0.48300 0.69963
vt 0.48300 0.69860
vt 0.48300 0.69825
vt 0.48300 0.69860
vt 0.48300 0.69963
vt 0.48300 0.70134
vt 0.48300 0.70371
vt 0.48300 0.70672
vt 0.48300 0.71034
vt 0.48300 0.71454
vt 0.48300 0.71927
vt 0.48300 0.72448
vt 0.48300 0.73014
vt 0.48300 0.73618
vt 0.48300 0.74254
vt 0.48300 0.74917
vt 0.48300 0.75600
vt 0.48300 0.76297
vt 0.25200 0.61600
vt 0.25200 0.61600
vt 0.25200 0.61600
vt 0.25201 0.61600
vt 0.25201 0.61600
vt 0.25201 0.61600
vt 0.25201 0.61600
vt 0.25201 0.61600
vt 0.25201 0.61600
vt 0.25201 0.61600
vt 0.25200 0.61600
vt 0.25200 0.61600
vt 0.25200 0.61600
vt 0.25200 0.61600
vt 0.25200 0.61600
vt 0.25199 0.61600
vt 0.25199 0.61600
vt 0.25199 0.61600
vt 0.25199 0.61600
vt 0.25199 0.61600
vt 0.25199 0.61600
vt 0.25199 0.61600
vt 0.25200 0.61600
vt 0.25200 0.61600
vt 0.25200 0.61641
vt 0.34641 0.61641
vt 0.36552 0.61641
vt 0.37709 0.61641
vt 0.38440 0.61641
vt 0.38851 0.61641
vt 0.38984 0.61641
vt 0.38851 0.61641
vt 0.38440 0.61641
vt 0.37709 0.61641
vt 0.36552 0.61641
vt 0.34641 0.61641
vt 0.25200 0.61641
vt 0.15759 0.61641
vt 0.13848 0.61641
vt 0.12691 0.61641
vt 0.11960 0.61641
vt 0.11549 0.61641
vt 0.11416 0.61641
vt 0.11549 0.61641
vt 0.11960 0.61641
vt 0.12691 0.61641
vt 0.13848 0.61641
vt 0.15759 0.61641
vt 0.25200 0.61766
vt 0.36552 0.61766
vt 0.38851 0.61766
vt 0.40242 0.61766
vt 0.41120 0.61766
vt 0.41615 0.61766
vt 0.41775 0.61766
vt 0.41615 0.61766
vt 0.41120 0.61766
vt 0.40242 0.61766
vt 0.38851 0.61766
vt 0.36552 0.61766
vt 0.25201 0.61766
vt 0.13848 0.61766
vt 0.11549 0.61766
vt 0.10158 0.61766
vt 0.09280 0.61766
vt 0.08785 0.61766
vt 0.08625 0.61766
vt 0.08785 0.61766
vt 0.09280 0.61766
vt 0.10158 0.61766
vt 0.11549 0.61766
vt 0.13848 0.61766
vt 0.25200 0.61988
vt 0.37709 0.61988
vt 0.40242 0.61988
vt 0.41775 0.61988
vt 0.42743 0.61988
vt 0.43287 0.61988
vt 0.43464 0.61988
vt 0.43287 0.61988
vt 0.42743 0.61988
vt 0.41775 0.61988
vt 0.40242 0.61988
vt 0.37709 0.61988
vt 0.25201 0.61988
vt 0.12691 0.61988
vt 0.10158 0.61988
vt 0.08625 0.61988
vt 0.07657 0.61988
vt 0.07113 0.61988
vt 0.06936 0.61988
vt 0.07113 0.61988
vt 0.07657 0.61988
vt 0.08625 0.61988
vt 0.10158 0.61988
vt 0.12691 0.61988
vt 0.25200 0.62341
vt 0.38440 0.62341
vt 0.41120 0.62341
vt 0.42743 0.62341
vt 0.43767 0.62341
vt 0.44344 0.62341
vt 0.44531 0.62341
vt 0.44344 0.62341
vt 0.43767 0.62341
vt 0.42743 0.62341
vt 0.41120 0.62341
vt 0.38440 0.62341
vt 0.25201 0.62341
vt 0.11960 0.62341
vt 0.09280 0.62341
vt 0.07657 0.62341
vt 0.06633 0.62341
vt 0.06056 0.62341
vt 0.05869 0.62341
vt 0.06056 0.62341
vt 0.06633 0.62341
vt 0.07657 0.62341
vt 0.09280 0.62341
vt 0.11960 0.62341
vt 0.25200 0.62923
vt 0.38851 0.62923
vt 0.41615 0.62923
vt 0.43287 0.62923
vt 0.44344 0.62923
vt 0.44938 0.62923
vt 0.45131 0.62923
vt 0.44938 0.62923
vt 0.44344 0.62923
vt 0.43287 0.62923
vt 0.41615 0.62923
vt 0.38851 0.62923
vt 0.25201 0.62923
vt 0.11549 0.62923
vt 0.08785 0.62923
vt 0.07113 0.62923
vt 0.06056 0.62923
vt 0.05462 0.62923
vt 0.05269 0.62923
vt 0.05462 0.62923
vt 0.06056 0.62923
vt 0.07113 0.62923
vt 0.08785 0.62923
vt 0.11549 0.62923
vt 0.25200 0.65800
vt 0.38984 0.65800
vt 0.41775 0.65800
vt 0.43464 0.65800
vt 0.44531 0.65800
vt 0.45131 0.65800
vt 0.45325 0.65800
vt 0.45131 0.65800
vt 0.44531 0.65800
vt 0.43464 0.65800
vt 0.41775 0.65800
vt 0.38984 0.65800
vt 0.25201 0.65800
vt 0.11416 0.65800
vt 0.08625 0.65800
vt 0.06936 0.65800
vt 0.05869 0.65800
vt 0.05269 0.65800
vt 0.05075 0.65800
vt 0.05269 0.65800
vt 0.05869 0.65800
vt 0.06936 0.65800
vt 0.08625 0.65800
vt 0.11416 0.65800
vt 0.25200 0.68677
vt 0.38851 0.68677
vt 0.41615 0.68677
vt 0.43287 0.68677
vt 0.44344 0.68677
vt 0.44938 0.68677
vt 0.45131 0.68677
vt 0.44938 0.68677
vt 0.44344 0.68677
vt 0.43287 0.68677
vt 0.41615 0.68677
vt 0.38851 0.68677
vt 0.25201 0.68677
vt 0.11549 0.68677
vt 0.08785 0.68677
vt 0.07113 0.68677
vt 0.06056 0.68677
vt 0.05462 0.68677
vt 0.05269 0.68677
vt 0.05462 0.68677
vt 0.06056 0.68677
vt 0.07113 0.68677
vt 0.08785 0.68677
vt 0.11549 0.68677
vt 0.25200 0.69259
vt 0.38440 0.69259
vt 0.41120 0.69259
vt 0.42743 0.69259
vt 0.43767 0.69259
vt 0.44344 0.69259
vt 0.44531 0.69259
vt 0.44344 0.69259
vt 0.43767 0.69259
vt 0.42743 0.69259
vt 0.41120 0.69259
vt 0.38440 0.69259
vt 0.25201 0.69259
vt 0.11960 0.69259
vt 0.09280 0.69259
vt 0.07657 0.69259
vt 0.06633 0.69259
vt 0.06056 0.69259
vt 0.05869 0.69259
vt 0.06056 0.69259
vt 0.06633 0.69259
vt 0.07657 0.69259
vt 0.09280 0.69259
vt 0.11960 0.69259
vt 0.25200 0.69612
vt 0.37709 0.69612
vt 0.40242 0.69612
vt 0.41775 0.69612
vt 0.42743 0.69612
vt 0.43287 0.69612
vt 0.43464 0.69612
vt 0.43287 0.69612
vt 0.42743 0.69612
vt 0.41775 0.69612
vt 0.40242 0.69612
vt 0.37709 0.69612
vt 0.25201 0.69612
vt 0.12691 0.69612
vt 0.10158 0.69612
vt 0.08625 0.69612
vt 0.07657 0.69612
vt 0.07113 0.69612
vt 0.06936 0.69612
vt 0.07113 0.69612
vt 0.07657 0.69612
vt 0.08625 0.69612
vt 0.10158 0.69612
vt 0.12691 0.69612
vt 0.25200 0.69834
vt 0.36552 0.69834
vt 0.38851 0.69834
vt 0.40242 0.69834
vt 0.41120 0.69834
vt 0.41615 0.69834
vt 0.41775 0.69834
vt 0.41615 0.69834
vt 0.41120 0.69834
vt 0.40242 0.69834
vt 0.38851 0.69834
vt 0.36552 0.69834
vt 0.25201 0.69834
vt 0.13848 0.69834
vt 0.11549 0.69834
vt 0.10158 0.69834
vt 0.09280 0.69834
vt 0.08785 0.69834
vt 0.08625 0.69834
vt 0.08785 0.69834
vt 0.09280 0.69834
vt 0.10158 0.69834
vt 0.11549 0.69834
vt 0.13848 0.69834
vt 0.25200 0.69959
vt 0.34641 0.69959
vt 0.36552 0.69959
vt 0.37709 0.69959
vt 0.38440 0.69959
vt 0.38851 0.69959
vt 0.38984 0.69959
vt 0.38851 0.69959
vt 0.38440 0.69959
vt 0.37709 0.69959
vt 0.36552 0.69959
vt 0.34641 0.69959
vt 0.25200 0.69959
vt 0.15759 0.69959
vt 0.13848 0.69959
vt 0.12691 0.69959
vt 0.11960 0.69959
vt 0.11549 0.69959
vt 0.11416 0.69959
vt 0.11549 0.69959
vt 0.11960 0.69959
vt 0.12691 0.69959
vt 0.13848 0.69959
vt 0.15759 0.69959
vt 0.25200 0.70000
vt 0.25200 0.70000
vt 0.25200 0.70000
vt 0.25201 0.70000
vt 0.25201 0.70000
vt 0.25201 0.70000
vt 0.25201 0.70000
vt 0.25201 0.70000
vt 0.25201 0.70000
vt 0.25201 0.70000
vt 0.25200 0.70000
vt 0.25200 0.70000
vt 0.25200 0.70000
vt 0.25200 0.70000
vt 0.25200 0.70000
vt 0.25199 0.70000
vt 0.25199 0.70000
vt 0.25199 0.70000
vt 0.25199 0.70000
vt 0.25199 0.70000
vt 0.25199 0.70000
vt 0.25199 0.70000
vt 0.25200 0.70000
vt 0.25200 0.70000
vt 0.10500 0.58450
vt 0.10500 0.58450
vt 0.10500 0.58450
vt 0.10500 0.58450
vt 0.10500 0.58450
vt 0.10500 0.58450
vt 0.10500 0.58450
vt 0.10500 0.58450
vt 0.10500 0.58450
vt 0.10500 0.58450
vt 0.10500 0.58450
vt 0.10500 0.58450
vt 0.10500 0.58450
vt 0.10500 0.58450
vt 0.10500 0.58450
vt 0.10500 0.58450
vt 0.10500 0.58450
vt 0.10500 0.58450
vt 0.10500 0.58450
vt 0.10500 0.58450
vt 0.10500 0.58450
vt 0.10500 0.58450
vt 0.10500 0.58450
vt 0.10500 0.58450
vt 0.10500 0.58465
vt 0.11924 0.58465
vt 0.12179 0.58465
vt 0.12331 0.58465
vt 0.12427 0.58465
vt 0.12480 0.58465
vt 0.12497 0.58465
vt 0.12480 0.58465
vt 0.12427 0.58465
vt 0.12331 0.58465
vt 0.12179 0.58465
vt 0.11924 0.58465
vt 0.10500 0.58465
vt 0.09076 0.58465
vt 0.08821 0.58465
vt 0.08669 0.58465
vt 0.08573 0.58465
vt 0.08520 0.58465
vt 0.08503 0.58465
vt 0.08520 0.58465
vt 0.08573 0.58465
vt 0.08669 0.58465
vt 0.08821 0.58465
vt 0.09076 0.58465
vt 0.10500 0.58512
vt 0.12179 0.58512
vt 0.12480 0.58512
vt 0.12659 0.58512
vt 0.12771 0.58512
vt 0.12834 0.58512
vt 0.12855 0.58512
vt 0.12834 0.58512
vt 0.12771 0.58512
vt 0.12659 0.58512
vt 0.12480 0.58512
vt 0.12179 0.58512
vt 0.10500 0.58512
vt 0.08821 0.58512
vt 0.08520 0.58512
vt 0.08341 0.58512
vt 0.08229 0.58512
vt 0.08166 0.58512
vt 0.08145 0.58512
vt 0.08166 0.58512
vt 0.08229 0.58512
vt 0.08341 0.58512
vt 0.08520 0.58512
vt 0.08821 0.58512
vt 0.10500 0.58595
vt 0.12331 0.58595
vt 0.12659 0.58595
vt 0.12855 0.58595
vt 0.12977 0.58595
vt 0.13045 0.58595
vt 0.13068 0.58595
vt 0.13045 0.58595
vt 0.12977 0.58595
vt 0.12855 0.58595
vt 0.12659 0.58595
vt 0.12331 0.58595
vt 0.10500 0.58595
vt 0.08669 0.58595
vt 0.08341 0.58595
vt 0.08145 0.58595
vt 0.08023 0.58595
vt 0.07955 0.58595
vt 0.07932 0.58595
vt 0.07955 0.58595
vt 0.08023 0.58595
vt 0.08145 0.58595
vt 0.08341 0.58595
vt 0.08669 0.58595
vt 0.10500 0.58728
vt 0.12427 0.58728
vt 0.12771 0.58728
vt 0.12977 0.58728
vt 0.13106 0.58728
vt 0.13178 0.58728
vt 0.13201 0.58728
vt 0.13178 0.58728
vt 0.13106 0.58728
vt 0.12977 0.58728
vt 0.12771 0.58728
vt 0.12427 0.58728
vt 0.10500 0.58728
vt 0.08573 0.58728
vt 0.08229 0.58728
vt 0.08023 0.58728
vt 0.07894 0.58728
vt 0.07822 0.58728
vt 0.07799 0.58728
vt 0.07822 0.58728
vt 0.07894 0.58728
vt 0.08023 0.58728
vt 0.08229 0.58728
vt 0.08573 0.58728
vt 0.10500 0.58952
vt 0.12480 0.58952
vt 0.12834 0.58952
vt 0.13045 0.58952
vt 0.13178 0.58952
vt 0.13252 0.58952
vt 0.13276 0.58952
vt 0.13252 0.58952
vt 0.13178 0.58952
vt 0.13045 0.58952
vt 0.12834 0.58952
vt 0.12480 0.58952
vt 0.10500 0.58952
vt 0.08520 0.58952
vt 0.08166 0.58952
vt 0.07955 0.58952
vt 0.07822 0.58952
vt 0.07748 0.58952
vt 0.07724 0.58952
vt 0.07748 0.58952
vt 0.07822 0.58952
vt 0.07955 0.58952
vt 0.08166 0.58952
vt 0.08520 0.58952
vt 0.10500 0.60200
vt 0.12497 0.60200
vt 0.12855 0.60200
vt 0.13068 0.60200
vt 0.13201 0.60200
vt 0.13276 0.60200
vt 0.13300 0.60200
vt 0.13276 0.60200
vt 0.13201 0.60200
vt 0.13068 0.60200
vt 0.12855 0.60200
vt 0.12497 0.60200
vt 0.10500 0.60200
vt 0.08503 0.60200
vt 0.08145 0.60200
vt 0.07932 0.60200
vt 0.07799 0.60200
vt 0.07724 0.60200
vt 0.07700 0.60200
vt 0.07724 0.60200
vt 0.07799 0.60200
vt 0.07932 0.60200
vt 0.08145 0.60200
vt 0.08503 0.60200
vt 0.10500 0.61448
vt 0.12480 0.61448
vt 0.12834 0.61448
vt 0.13045 0.61448
vt 0.13178 0.61448
vt 0.13252 0.61448
vt 0.13276 0.61448
vt 0.13252 0.61448
vt 0.13178 0.61448
vt 0.13045 0.61448
vt 0.12834 0.61448
vt 0.12480 0.61448
vt 0.10500 0.61448
vt 0.08520 0.61448
vt 0.08166 0.61448
vt 0.07955 0.61448
vt 0.07822 0.61448
vt 0.07748 0.61448
vt 0.07724 0.61448
vt 0.07748 0.61448
vt 0.07822 0.61448
vt 0.07955 0.61448
vt 0.08166 0.61448
vt 0.08520 0.61448
vt 0.10500 0.61672
vt 0.12427 0.61672
vt 0.12771 0.61672
vt 0.12977 0.61672
vt 0.13106 0.61672
vt 0.13178 0.61672
vt 0.13201 0.61672
vt 0.13178 0.61672
vt 0.13106 0.61672
vt 0.12977 0.61672
vt 0.12771 0.61672
vt 0.12427 0.61672
vt 0.10500 0.61672
vt 0.08573 0.61672
vt 0.08229 0.61672
vt 0.08023 0.61672
vt 0.07894 0.61672
vt 0.07822 0.61672
vt 0.07799 0.61672
vt 0.07822 0.61672
vt 0.07894 0.61672
vt 0.08023 0.61672
vt 0.08229 0.61672
vt 0.08573 0.61672
vt 0.10500 0.61805
vt 0.12331 0.61805
vt 0.12659 0.61805
vt 0.12855 0.61805
vt 0.12977 0.61805
vt 0.13045 0.61805
vt 0.13068 0.61805
vt 0.13045 0.61805
vt 0.12977 0.61805
vt 0.12855 0.61805
vt 0.12659 0.61805
vt 0.12331 0.61805
vt 0.10500 0.61805
vt 0.08669 0.61805
vt 0.08341 0.61805
vt 0.08145 0.61805
vt 0.08023 0.61805
vt 0.07955 0.61805
vt 0.07932 0.61805
vt 0.07955 0.61805
vt 0.08023 0.61805
vt 0.08145 0.61805
vt 0.08341 0.61805
vt 0.08669 0.61805
vt 0.10500 0.61888
vt 0.12179 0.61888
vt 0.12480 0.61888
vt 0.12659 0.61888
vt 0.12771 0.61888
vt 0.12834 0.61888
vt 0.12855 0.61888
vt 0.12834 0.61888
vt 0.12771 0.61888
vt 0.12659 0.61888
vt 0.12480 0.61888
vt 0.12179 0.61888
vt 0.10500 0.61888
vt 0.08821 0.61888
vt 0.08520 0.61888
vt 0.08341 0.61888
vt 0.08229 0.61888
vt 0.08166 0.61888
vt 0.08145 0.61888
vt 0.08166 0.61888
vt 0.08229 0.61888
vt 0.08341 0.61888
vt 0.08520 0.61888
vt 0.08821 0.61888
vt 0.10500 0.61935
vt 0.11924 0.61935
vt 0.12179 0.61935
vt 0.12331 0.61935
vt 0.12427 0.61935
vt 0.12480 0.61935
vt 0.12497 0.61935
vt 0.12480 0.61935
vt 0.12427 0.61935
vt 0.12331 0.61935
vt 0.12179 0.61935
vt 0.11924 0.61935
vt 0.10500 0.61935
vt 0.09076 0.61935
vt 0.08821 0.61935
vt 0.08669 0.61935
vt 0.08573 0.61935
vt 0.08520 0.61935
vt 0.08503 0.61935
vt 0.08520 0.61935
vt 0.08573 0.61935
vt 0.08669 0.61935
vt 0.08821 0.61935
vt 0.09076 0.61935
vt 0.10500 0.61950
vt 0.10500 0.61950
vt 0.10500 0.61950
vt 0.10500 0.61950
vt 0.10500 0.61950
vt 0.10500 0.61950
vt 0.10500 0.61950
vt 0.10500 0.61950
vt 0.10500 0.61950
vt 0.10500 0.61950
vt 0.10500 0.61950
vt 0.10500 0.61950
vt 0.10500 0.61950
vt 0.10500 0.61950
vt 0.10500 0.61950
vt 0.10500 0.61950
vt 0.10500 0.61950
vt 0.10500 0.61950
vt 0.10500 0.61950
vt 0.10500 0.61950
vt 0.10500 0.61950
vt 0.10500 0.61950
vt 0.10500 0.61950
vt 0.10500 0.61950
vt 0.36750 0.58450
vt 0.36750 0.58450
vt 0.36750 0.58450
vt 0.36750 0.58450
vt 0.36750 0.58450
vt 0.36750 0.58450
vt 0.36750 0.58450
vt 0.36750 0.58450
vt 0.36750 0.58450
vt 0.36750 0.58450
vt 0.36750 0.58450
vt 0.36750 0.58450
vt 0.36750 0.58450
vt 0.36750 0.58450
vt 0.36750 0.58450
vt 0.36750 0.58450
vt 0.36750 0.58450
vt 0.36750 0.58450
vt 0.36750 0.58450
vt 0.36750 0.58450
vt 0.36750 0.58450
vt 0.36750 0.58450
vt 0.36750 0.58450
vt 0.36750 0.58450
vt 0.36750 0.58465
vt 0.38174 0.58465
vt 0.38429 0.58465
vt 0.38581 0.58465
vt 0.38677 0.58465
vt 0.38730 0.58465
vt 0.38747 0.58465
vt 0.38730 0.58465
vt 0.38677 0.58465
vt 0.38581 0.58465
vt 0.38429 0.58465
vt 0.38174 0.58465
vt 0.36750 0.58465
vt 0.35326 0.58465
vt 0.35071 0.58465
vt 0.34919 0.58465
vt 0.34823 0.58465
vt 0.34770 0.58465
vt 0.34753 0.58465
vt 0.34770 0.58465
vt 0.34823 0.58465
vt 0.34919 0.58465
vt 0.35071 0.58465
vt 0.35326 0.58465
vt 0.36750 0.58512
vt 0.38429 0.58512
vt 0.38730 0.58512
vt 0.38909 0.58512
vt 0.39021 0.58512
vt 0.39084 0.58512
vt 0.39105 0.58512
vt 0.39084 0.58512
vt 0.39021 0.58512
vt 0.38909 0.58512
vt 0.38730 0.58512
vt 0.38429 0.58512
vt 0.36750 0.58512
vt 0.35071 0.58512
vt 0.34770 0.58512
vt 0.34591 0.58512
vt 0.34479 0.58512
vt 0.34416 0.58512
vt 0.34395 0.58512
vt 0.34416 0.58512
vt 0.34479 0.58512
vt 0.34591 0.58512
vt 0.34770 0.58512
vt 0.35071 0.58512
vt 0.36750 0.58595
vt 0.38581 0.58595
vt 0.38909 0.58595
vt 0.39105 0.58595
vt 0.39227 0.58595
vt 0.39295 0.58595
vt 0.39318 0.58595
vt 0.39295 0.58595
vt 0.39227 0.58595
vt 0.39105 0.58595
vt 0.38909 0.58595
vt 0.38581 0.58595
vt 0.36750 0.58595
vt 0.34919 0.58595
vt 0.34591 0.58595
vt 0.34395 0.58595
vt 0.34273 0.58595
vt 0.34205 0.58595
vt 0.34182 0.58595
vt 0.34205 0.58595
vt 0.34273 0.58595
vt 0.34395 0.58595
vt 0.34591 0.58595
vt 0.34919 0.58595
vt 0.36750 0.58728
vt 0.38677 0.58728
vt 0.39021 0.58728
vt 0.39227 0.58728
vt 0.39356 0.58728
vt 0.39428 0.58728
vt 0.39451 0.58728
vt 0.39428 0.58728
vt 0.39356 0.58728
vt 0.39227 0.58728
vt 0.39021 0.58728
vt 0.38677 0.58728
vt 0.36750 0.58728
vt 0.34823 0.58728
vt 0.34479 0.58728
vt 0.34273 0.58728
vt 0.34144 0.58728
vt 0.34072 0.58728
vt 0.34049 0.58728
vt 0.34072 0.58728
vt 0.34144 0.58728
vt 0.34273 0.58728
vt 0.34479 0.58728
vt 0.34823 0.58728
vt 0.36750 0.58952
vt 0.38730 0.58952
vt 0.39084 0.58952
vt 0.39295 0.58952
vt 0.39428 0.58952
vt 0.39502 0.58952
vt 0.39526 0.58952
vt 0.39502 0.58952
vt 0.39428 0.58952
vt 0.39295 0.58952
vt 0.39084 0.58952
vt 0.38730 0.58952
vt 0.36750 0.58952
vt 0.34770 0.58952
vt 0.34416 0.58952
vt 0.34205 0.58952
vt 0.34072 0.58952
vt 0.33998 0.58952
vt 0.33974 0.58952
vt 0.33998 0.58952
vt 0.34072 0.58952
vt 0.34205 0.58952
vt 0.34416 0.58952
vt 0.34770 0.58952
vt 0.36750 0.60200
vt 0.38747 0.60200
vt 0.39105 0.60200
vt 0.39318 0.60200
vt 0.39451 0.60200
vt 0.39526 0.60200
vt 0.39550 0.60200
vt 0.39526 0.60200
vt 0.39451 0.60200
vt 0.39318 0.60200
vt 0.39105 0.60200
vt 0.38747 0.60200
vt 0.36750 0.60200
vt 0.34753 0.60200
vt 0.34395 0.60200
vt 0.34182 0.60200
vt 0.34049 0.60200
vt 0.33974 0.60200
vt 0.33950 0.60200
vt 0.33974 0.60200
vt 0.34049 0.60200
vt 0.34182 0.60200
vt 0.34395 0.60200
vt 0.34753 0.60200
vt 0.36750 0.61448
vt 0.38730 0.61448
vt 0.39084 0.61448
vt 0.39295 0.61448
vt 0.39428 0.61448
vt 0.39502 0.61448
vt 0.39526 0.61448
vt 0.39502 0.61448
vt 0.39428 0.61448
vt 0.39295 0.61448
vt 0.39084 0.61448
vt 0.38730 0.61448
vt 0.36750 0.61448
vt 0.34770 0.61448
vt 0.34416 0.61448
vt 0.34205 0.61448
vt 0.34072 0.61448
vt 0.33998 0.61448
vt 0.33974 0.61448
vt 0.33998 0.61448
vt 0.34072 0.61448
vt 0.34205 0.61448
vt 0.34416 0.61448
vt 0.34770 0.61448
vt 0.36750 0.61672
vt 0.38677 0.61672
vt 0.39021 0.61672
vt 0.39227 0.61672
vt 0.39356 0.61672
vt 0.39428 0.61672
vt 0.39451 0.61672
vt 0.39428 0.61672
vt 0.39356 0.61672
vt 0.39227 0.61672
vt 0.39021 0.61672
vt 0.38677 0.61672
vt 0.36750 0.61672
vt 0.34823 0.61672
vt 0.34479 0.61672
vt 0.34273 0.61672
vt 0.34144 0.61672
vt 0.34072 0.61672
vt 0.34049 0.61672
vt 0.34072 0.61672
vt 0.34144 0.61672
vt 0.34273 0.61672
vt 0.34479 0.61672
vt 0.34823 0.61672
vt 0.36750 0.61805
vt 0.38581 0.61805
vt 0.38909 0.61805
vt 0.39105 0.61805
vt 0.39227 0.61805
vt 0.39295 0.61805
vt 0.39318 0.61805
vt 0.39295 0.61805
vt 0.39227 0.61805
vt 0.39105 0.61805
vt 0.38909 0.61805
vt 0.38581 0.61805
vt 0.36750 0.61805
vt 0.34919 0.61805
vt 0.34591 0.61805
vt 0.34395 0.61805
vt 0.34273 0.61805
vt 0.34205 0.61805
vt 0.34182 0.61805
vt 0.34205 0.61805
vt 0.34273 0.61805
vt 0.34395 0.61805
vt 0.34591 0.61805
vt 0.34919 0.61805
vt 0.36750 0.61888
vt 0.38429 0.61888
vt 0.38730 0.61888
vt 0.38909 0.61888
vt 0.39021 0.61888
vt 0.39084 0.61888
vt 0.39105 0.61888
vt 0.39084 0.61888
vt 0.39021 0.61888
vt 0.38909 0.61888
vt 0.38730 0.61888
vt 0.38429 0.61888
vt 0.36750 0.61888
vt 0.35071 0.61888
vt 0.34770 0.61888
vt 0.34591 0.61888
vt 0.34479 0.61888
vt 0.34416 0.61888
vt 0.34395 0.61888
vt 0.34416 0.61888
vt 0.34479 0.61888
vt 0.34591 0.61888
vt 0.34770 0.61888
vt 0.35071 0.61888
vt 0.36750 0.61935
vt 0.38174 0.61935
vt 0.38429 0.61935
vt 0.38581 0.61935
vt 0.38677 0.61935
vt 0.38730 0.61935
vt 0.38747 0.61935
vt 0.38730 0.61935
vt 0.38677 0.61935
vt 0.38581 0.61935
vt 0.38429 0.61935
vt 0.38174 0.61935
vt 0.36750 0.61935
vt 0.35326 0.61935
vt 0.35071 0.61935
vt 0.34919 0.61935
vt 0.34823 0.61935
vt 0.34770 0.61935
vt 0.34753 0.61935
vt 0.34770 0.61935
vt 0.34823 0.61935
vt 0.34919 0.61935
vt 0.35071 0.61935
vt 0.35326 0.61935
vt 0.36750 0.61950
vt 0.36750 0.61950
vt 0.36750 0.61950
vt 0.36750 0.61950
vt 0.36750 0.61950
vt 0.36750 0.61950
vt 0.36750 0.61950
vt 0.36750 0.61950
vt 0.36750 0.61950
vt 0.36750 0.61950
vt 0.36750 0.61950
vt 0.36750 0.61950
vt 0.36750 0.61950
vt 0.36750 0.61950
vt 0.36750 0.61950
vt 0.36750 0.61950
vt 0.36750 0.61950
vt 0.36750 0.61950
vt 0.36750 0.61950
vt 0.36750 0.61950
vt 0.36750 0.61950
vt 0.36750 0.61950
vt 0.36750 0.61950
vt 0.36750 0.61950
vt 0.17500 0.68600
vt 0.17500 0.68600
vt 0.17500 0.68600
vt 0.17500 0.68600
vt 0.17500 0.68600
vt 0.17500 0.68600
vt 0.17500 0.68600
vt 0.17500 0.68600
vt 0.17500 0.68600
vt 0.17500 0.68600
vt 0.17500 0.68600
vt 0.17500 0.68600
vt 0.17500 0.68600
vt 0.17500 0.68600
vt 0.17500 0.68600
vt 0.17500 0.68600
vt 0.17500 0.68600
vt 0.17500 0.68600
vt 0.17500 0.68600
vt 0.17500 0.68600
vt 0.17500 0.68600
vt 0.17500 0.68600
vt 0.17500 0.68600
vt 0.17500 0.68600
vt 0.17500 0.68677
vt 0.19399 0.68677
vt 0.19972 0.68677
vt 0.20339 0.68677
vt 0.20579 0.68677
vt 0.20716 0.68677
vt 0.20761 0.68677
vt 0.20716 0.68677
vt 0.20579 0.68677
vt 0.20339 0.68677
vt 0.19972 0.68677
vt 0.19399 0.68677
vt 0.17500 0.68677
vt 0.15601 0.68677
vt 0.15028 0.68677
vt 0.14661 0.68677
vt 0.14421 0.68677
vt 0.14284 0.68677
vt 0.14239 0.68677
vt 0.14284 0.68677
vt 0.14421 0.68677
vt 0.14661 0.68677
vt 0.15028 0.68677
vt 0.15601 0.68677
vt 0.17500 0.68913
vt 0.19972 0.68913
vt 0.20716 0.68913
vt 0.21195 0.68913
vt 0.21507 0.68913
vt 0.21686 0.68913
vt 0.21744 0.68913
vt 0.21686 0.68913
vt 0.21507 0.68913
vt 0.21195 0.68913
vt 0.20716 0.68913
vt 0.19972 0.68913
vt 0.17500 0.68913
vt 0.15028 0.68913
vt 0.14284 0.68913
vt 0.13805 0.68913
vt 0.13493 0.68913
vt 0.13314 0.68913
vt 0.13256 0.68913
vt 0.13314 0.68913
vt 0.13493 0.68913
vt 0.13805 0.68913
vt 0.14284 0.68913
vt 0.15028 0.68913
vt 0.17500 0.69325
vt 0.20339 0.69325
vt 0.21195 0.69325
vt 0.21744 0.69325
vt 0.22103 0.69325
vt 0.22308 0.69325
vt 0.22375 0.69325
vt 0.22308 0.69325
vt 0.22103 0.69325
vt 0.21744 0.69325
vt 0.21195 0.69325
vt 0.20339 0.69325
vt 0.17500 0.69325
vt 0.14661 0.69325
vt 0.13805 0.69325
vt 0.13256 0.69325
vt 0.12897 0.69325
vt 0.12692 0.69325
vt 0.12625 0.69325
vt 0.12692 0.69325
vt 0.12897 0.69325
vt 0.13256 0.69325
vt 0.13805 0.69325
vt 0.14661 0.69325
vt 0.17500 0.69956
vt 0.20579 0.69956
vt 0.21507 0.69956
vt 0.22103 0.69956
vt 0.22491 0.69956
vt 0.22714 0.69956
vt 0.22787 0.69956
vt 0.22714 0.69956
vt 0.22491 0.69956
vt 0.22103 0.69956
vt 0.21507 0.69956
vt 0.20579 0.69956
vt 0.17500 0.69956
vt 0.14421 0.69956
vt 0.13493 0.69956
vt 0.12897 0.69956
vt 0.12509 0.69956
vt 0.12286 0.69956
vt 0.12213 0.69956
vt 0.12286 0.69956
vt 0.12509 0.69956
vt 0.12897 0.69956
vt 0.13493 0.69956
vt 0.14421 0.69956
vt 0.17500 0.70939
vt 0.20716 0.70939
vt 0.21686 0.70939
vt 0.22308 0.70939
vt 0.22714 0.70939
vt 0.22947 0.70939
vt 0.23023 0.70939
vt 0.22947 0.70939
vt 0.22714 0.70939
vt 0.22308 0.70939
vt 0.21686 0.70939
vt 0.20716 0.70939
vt 0.17500 0.70939
vt 0.14284 0.70939
vt 0.13314 0.70939
vt 0.12692 0.70939
vt 0.12286 0.70939
vt 0.12053 0.70939
vt 0.11977 0.70939
vt 0.12053 0.70939
vt 0.12286 0.70939
vt 0.12692 0.70939
vt 0.13314 0.70939
vt 0.14284 0.70939
vt 0.17500 0.74200
vt 0.20761 0.74200
vt 0.21744 0.74200
vt 0.22375 0.74200
vt 0.22787 0.74200
vt 0.23023 0.74200
vt 0.23100 0.74200
vt 0.23023 0.74200
vt 0.22787 0.74200
vt 0.22375 0.74200
vt 0.21744 0.74200
vt 0.20761 0.74200
vt 0.17500 0.74200
vt 0.14239 0.74200
vt 0.13256 0.74200
vt 0.12625 0.74200
vt 0.12213 0.74200
vt 0.11977 0.74200
vt 0.11900 0.74200
vt 0.11977 0.74200
vt 0.12213 0.74200
vt 0.12625 0.74200
vt 0.13256 0.74200
vt 0.14239 0.74200
vt 0.17500 0.77461
vt 0.20716 0.77461
vt 0.21686 0.77461
vt 0.22308 0.77461
vt 0.22714 0.77461
vt 0.22947 0.77461
vt 0.23023 0.77461
vt 0.22947 0.77461
vt 0.22714 0.77461
vt 0.22308 0.77461
vt 0.21686 0.77461
vt 0.20716 0.77461
vt 0.17500 0.77461
vt 0.14284 0.77461
vt 0.13314 0.77461
vt 0.12692 0.77461
vt 0.12286 0.77461
vt 0.12053 0.77461
vt 0.11977 0.77461
vt 0.12053 0.77461
vt 0.12286 0.77461
vt 0.12692 0.77461
vt 0.13314 0.77461
vt 0.14284 0.77461
vt 0.17500 0.78444
vt 0.20579 0.78444
vt 0.21507 0.78444
vt 0.22103 0.78444
vt 0.22491 0.78444
vt 0.22714 0.78444
vt 0.22787 0.78444
vt 0.22714 0.78444
vt 0.22491 0.78444
vt 0.22103 0.78444
vt 0.21507 0.78444
vt 0.20579 0.78444
vt 0.17500 0.78444
vt 0.14421 0.78444
vt 0.13493 0.78444
vt 0.12897 0.78444
vt 0.12509 0.78444
vt 0.12286 0.78444
vt 0.12213 0.78444
vt 0.12286 0.78444
vt 0.12509 0.78444
vt 0.12897 0.78444
vt 0.13493 0.78444
vt 0.14421 0.78444
vt 0.17500 0.79075
vt 0.20339 0.79075
vt 0.21195 0.79075
vt 0.21744 0.79075
vt 0.22103 0.79075
vt 0.22308 0.79075
vt 0.22375 0.79075
vt 0.22308 0.79075
vt 0.22103 0.79075
vt 0.21744 0.79075
vt 0.21195 0.79075
vt 0.20339 0.79075
vt 0.17500 0.79075
vt 0.14661 0.79075
vt 0.13805 0.79075
vt 0.13256 0.79075
vt 0.12897 0.79075
vt 0.12692 0.79075
vt 0.12625 0.79075
vt 0.12692 0.79075
vt 0.12897 0.79075
vt 0.13256 0.79075
vt 0.13805 0.79075
vt 0.14661 0.79075
vt 0.17500 0.79487
vt 0.19972 0.79487
vt 0.20716 0.79487
vt 0.21195 0.79487
vt 0.21507 0.79487
vt 0.21686 0.79487
vt 0.21744 0.79487
vt 0.21686 0.79487
vt 0.21507 0.79487
vt 0.21195 0.79487
vt 0.20716 0.79487
vt 0.19972 0.79487
vt 0.17500 0.79487
vt 0.15028 0.79487
vt 0.14284 0.79487
vt 0.13805 0.79487
vt 0.13493 0.79487
vt 0.13314 0.79487
vt 0.13256 0.79487
vt 0.13314 0.79487
vt 0.13493 0.79487
vt 0.13805 0.79487
vt 0.14284 0.79487
vt 0.15028 0.79487
vt 0.17500 0.79723
vt 0.19399 0.79723
vt 0.19972 0.79723
vt 0.20339 0.79723
vt 0.20579 0.79723
vt 0.20716 0.79723
vt 0.20761 0.79723
vt 0.20716 0.79723
vt 0.20579 0.79723
vt 0.20339 0.79723
vt 0.19972 0.79723
vt 0.19399 0.79723
vt 0.17500 0.79723
vt 0.15601 0.79723
vt 0.15028 0.79723
vt 0.14661 0.79723
vt 0.14421 0.79723
vt 0.14284 0.79723
vt 0.14239 0.79723
vt 0.14284 0.79723
vt 0.14421 0.79723
vt 0.14661 0.79723
vt 0.15028 0.79723
vt 0.15601 0.79723
vt 0.17500 0.79800
vt 0.17500 0.79800
vt 0.17500 0.79800
vt 0.17500 0.79800
vt 0.17500 0.79800
vt 0.17500 0.79800
vt 0.17500 0.79800
vt 0.17500 0.79800
vt 0.17500 0.79800
vt 0.17500 0.79800
vt 0.17500 0.79800
vt 0.17500 0.79800
vt 0.17500 0.79800
vt 0.17500 0.79800
vt 0.17500 0.79800
vt 0.17500 0.79800
vt 0.17500 0.79800
vt 0.17500 0.79800
vt 0.17500 0.79800
vt 0.17500 0.79800
vt 0.17500 0.79800
vt 0.17500 0.79800
vt 0.17500 0.79800
vt 0.17500 0.79800
vt 0.31500 0.64050
vt 0.31500 0.64050
vt 0.31500 0.64050
vt 0.31500 0.64050
vt 0.31500 0.64050
vt 0.31500 0.64050
vt 0.31500 0.64050
vt 0.31500 0.64050
vt 0.31500 0.64050
vt 0.31500 0.64050
vt 0.31500 0.64050
vt 0.31500 0.64050
vt 0.31500 0.64050
vt 0.31500 0.64050
vt 0.31500 0.64050
vt 0.31500 0.64050
vt 0.31500 0.64050
vt 0.31500 0.64050
vt 0.31500 0.64050
vt 0.31500 0.64050
vt 0.31500 0.64050
vt 0.31500 0.64050
vt 0.31500 0.64050
vt 0.31500 0.64050
vt 0.31500 0.64083
vt 0.34171 0.64083
vt 0.34649 0.64083
vt 0.34934 0.64083
vt 0.35112 0.64083
vt 0.35212 0.64083
vt 0.35245 0.64083
vt 0.35212 0.64083
vt 0.35112 0.64083
vt 0.34934 0.64083
vt 0.34649 0.64083
vt 0.34171 0.64083
vt 0.31500 0.64083
vt 0.28829 0.64083
vt 0.28351 0.64083
vt 0.28066 0.64083
vt 0.27888 0.64083
vt 0.27788 0.64083
vt 0.27755 0.64083
vt 0.27788 0.64083
vt 0.27888 0.64083
vt 0.28066 0.64083
vt 0.28351 0.64083
vt 0.28829 0.64083
vt 0.31500 0.64186
vt 0.34649 0.64186
vt 0.35212 0.64186
vt 0.35548 0.64186
vt 0.35759 0.64186
vt 0.35877 0.64186
vt 0.35915 0.64186
vt 0.35877 0.64186
vt 0.35759 0.64186
vt 0.35548 0.64186
vt 0.35212 0.64186
vt 0.34649 0.64186
vt 0.31500 0.64186
vt 0.28351 0.64186
vt 0.27788 0.64186
vt 0.27452 0.64186
vt 0.27241 0.64186
vt 0.27123 0.64186
vt 0.27085 0.64186
vt 0.27123 0.64186
vt 0.27241 0.64186
vt 0.27452 0.64186
vt 0.27788 0.64186
vt 0.28351 0.64186
vt 0.31500 0.64370
vt 0.34934 0.64370
vt 0.35548 0.64370
vt 0.35915 0.64370
vt 0.36144 0.64370
vt 0.36273 0.64370
vt 0.36314 0.64370
vt 0.36273 0.64370
vt 0.36144 0.64370
vt 0.35915 0.64370
vt 0.35548 0.64370
vt 0.34934 0.64370
vt 0.31501 0.64370
vt 0.28066 0.64370
vt 0.27452 0.64370
vt 0.27085 0.64370
vt 0.26856 0.64370
vt 0.26727 0.64370
vt 0.26686 0.64370
vt 0.26727 0.64370
vt 0.26856 0.64370
vt 0.27085 0.64370
vt 0.27452 0.64370
vt 0.28066 0.64370
vt 0.31500 0.64663
vt 0.35112 0.64663
vt 0.35759 0.64663
vt 0.36144 0.64663
vt 0.36386 0.64663
vt 0.36521 0.64663
vt 0.36565 0.64663
vt 0.36521 0.64663
vt 0.36386 0.64663
vt 0.36144 0.64663
vt 0.35759 0.64663
vt 0.35112 0.64663
vt 0.31501 0.64663
vt 0.27888 0.64663
vt 0.27241 0.64663
vt 0.26856 0.64663
vt 0.26614 0.64663
vt 0.26479 0.64663
vt 0.26435 0.64663
vt 0.26479 0.64663
vt 0.26614 0.64663
vt 0.26856 0.64663
vt 0.27241 0.64663
vt 0.27888 0.64663
vt 0.31500 0.65154
vt 0.35212 0.65154
vt 0.35877 0.65154
vt 0.36273 0.65154
vt 0.36521 0.65154
vt 0.36660 0.65154
vt 0.36705 0.65154
vt 0.36660 0.65154
vt 0.36521 0.65154
vt 0.36273 0.65154
vt 0.35877 0.65154
vt 0.35212 0.65154
vt 0.31501 0.65154
vt 0.27788 0.65154
vt 0.27123 0.65154
vt 0.26727 0.65154
vt 0.26479 0.65154
vt 0.26340 0.65154
vt 0.26295 0.65154
vt 0.26340 0.65154
vt 0.26479 0.65154
vt 0.26727 0.65154
vt 0.27123 0.65154
vt 0.27788 0.65154
vt 0.31500 0.67900
vt 0.35245 0.67900
vt 0.35915 0.67900
vt 0.36314 0.67900
vt 0.36565 0.67900
vt 0.36705 0.67900
vt 0.36750 0.67900
vt 0.36705 0.67900
vt 0.36565 0.67900
vt 0.36314 0.67900
vt 0.35915 0.67900
vt 0.35245 0.67900
vt 0.31501 0.67900
vt 0.27755 0.67900
vt 0.27085 0.67900
vt 0.26686 0.67900
vt 0.26435 0.67900
vt 0.26295 0.67900
vt 0.26250 0.67900
vt 0.26295 0.67900
vt 0.26435 0.67900
vt 0.26686 0.67900
vt 0.27085 0.67900
vt 0.27755 0.67900
vt 0.31500 0.70646
vt 0.35212 0.70646
vt 0.35877 0.70646
vt 0.36273 0.70646
vt 0.36521 0.70646
vt 0.36660 0.70646
vt 0.36705 0.70646
vt 0.36660 0.70646
vt 0.36521 0.70646
vt 0.36273 0.70646
vt 0.35877 0.70646
vt 0.35212 0.70646
vt 0.31501 0.70646
vt 0.27788 0.70646
vt 0.27123 0.70646
vt 0.26727 0.70646
vt 0.26479 0.70646
vt 0.26340 0.70646
vt 0.26295 0.70646
vt 0.26340 0.70646
vt 0.26479 0.70646
vt 0.26727 0.70646
vt 0.27123 0.70646
vt 0.27788 0.70646
vt 0.31500 0.71137
vt 0.35112 0.71137
vt 0.35759 0.71137
vt 0.36144 0.71137
vt 0.36386 0.71137
vt 0.36521 0.71137
vt 0.36565 0.71137
vt 0.36521 0.71137
vt 0.36386 0.71137
vt 0.36144 0.71137
vt 0.35759 0.71137
vt 0.35112 0.71137
vt 0.31501 0.71137
vt 0.27888 0.71137
vt 0.27241 0.71137
vt 0.26856 0.71137
vt 0.26614 0.71137
vt 0.26479 0.71137
vt 0.26435 0.71137
vt 0.26479 0.71137
vt 0.26614 0.71137
vt 0.26856 0.71137
vt 0.27241 0.71137
vt 0.27888 0.71137
vt 0.31500 0.71430
vt 0.34934 0.71430
vt 0.35548 0.71430
vt 0.35915 0.71430
vt 0.36144 0.71430
vt 0.36273 0.71430
vt 0.36314 0.71430
vt 0.36273 0.71430
vt 0.36144 0.71430
vt 0.35915 0.71430
vt 0.35548 0.71430
vt 0.34934 0.71430
vt 0.31501 0.71430
vt 0.28066 0.71430
vt 0.27452 0.71430
vt 0.27085 0.71430
vt 0.26856 0.71430
vt 0.26727 0.71430
vt 0.26686 0.71430
vt 0.26727 0.71430
vt 0.26856 0.71430
vt 0.27085 0.71430
vt 0.27452 0.71430
vt 0.28066 0.71430
vt 0.31500 0.71614
vt 0.34649 0.71614
vt 0.35212 0.71614
vt 0.35548 0.71614
vt 0.35759 0.71614
vt 0.35877 0.71614
vt 0.35915 0.71614
vt 0.35877 0.71614
vt 0.35759 0.71614
vt 0.35548 0.71614
vt 0.35212 0.71614
vt 0.34649 0.71614
vt 0.31500 0.71614
vt 0.28351 0.71614
vt 0.27788 0.71614
vt 0.27452 0.71614
vt 0.27241 0.71614
vt 0.27123 0.71614
vt 0.27085 0.71614
vt 0.27123 0.71614
vt 0.27241 0.71614
vt 0.27452 0.71614
vt 0.27788 0.71614
vt 0.28351 0.71614
vt 0.31500 0.71717
vt 0.34171 0.71717
vt 0.34649 0.71717
vt 0.34934 0.71717
vt 0.35112 0.71717
vt 0.35212 0.71717
vt 0.35245 0.71717
vt 0.35212 0.71717
vt 0.35112 0.71717
vt 0.34934 0.71717
vt 0.34649 0.71717
vt 0.34171 0.71717
vt 0.31500 0.71717
vt 0.28829 0.71717
vt 0.28351 0.71717
vt 0.28066 0.71717
vt 0.27888 0.71717
vt 0.27788 0.71717
vt 0.27755 0.71717
vt 0.27788 0.71717
vt 0.27888 0.71717
vt 0.28066 0.71717
vt 0.28351 0.71717
vt 0.28829 0.71717
vt 0.31500 0.71750
vt 0.31500 0.71750
vt 0.31500 0.71750
vt 0.31500 0.71750
vt 0.31500 0.71750
vt 0.31500 0.71750
vt 0.31500 0.71750
vt 0.31500 0.71750
vt 0.31500 0.71750
vt 0.31500 0.71750
vt 0.31500 0.71750
vt 0.31500 0.71750
vt 0.31500 0.71750
vt 0.31500 0.71750
vt 0.31500 0.71750
vt 0.31500 0.71750
vt 0.31500 0.71750
vt 0.31500 0.71750
vt 0.31500 0.71750
vt 0.31500 0.71750
vt 0.31500 0.71750
vt 0.31500 0.71750
vt 0.31500 0.71750
vt 0.31500 0.71750
f 65/65 66/66 2/2 1/1
f 66/66 67/67 3/3 2/2
f 67/67 68/68 4/4 3/3
f 68/68 69/69 5/5 4/4
f 69/69 70/70 6/6 5/5
f 70/70 71/71 7/7 6/6
f 71/71 72/72 8/8 7/7
f 72/72 73/73 9/9 8/8
f 73/73 74/74 10/10 9/9
f 74/74 75/75 11/11 10/10
f 75/75 76/76 12/12 11/11
f 76/76 77/77 13/13 12/12
f 77/77 78/78 14/14 13/13
f 78/78 79/79 15/15 14/14
f 79/79 80/80 16/16 15/15
f 80/80 81/81 17/17 16/16
f 81/81 82/82 18/18 17/17
f 82/82 83/83 19/19 18/18
f 83/83 84/84 20/20 19/19
f 84/84 85/85 21/21 20/20
f 85/85 86/86 22/22 21/21
f 86/86 87/87 23/23 22/22
f 87/87 88/88 24/24 23/23
f 88/88 89/89 25/25 24/24
f 89/89 90/90 26/26 25/25
f 90/90 91/91 27/27 26/26
f 91/91 92/92 28/28 27/27
f 92/92 93/93 29/29 28/28
f 93/93 94/94 30/30 29/29
f 94/94 95/95 31/31 30/30
f 95/95 96/96 32/32 31/31
f 96/96 97/97 33/33 32/32
f 97/97 98/98 34/34 33/33
f 98/98 99/99 35/35 34/34
f 99/99 100/100 36/36 35/35
f 100/100 101/101 37/37 36/36
f 101/101 102/102 38/38 37/37
f 102/102 103/103 39/39 38/38
f 103/103 104/104 40/40 39/39
f 104/104 105/105 41/41 40/40
f 105/105 106/106 42/42 41/41
f 106/106 107/107 43/43 42/42
f 107/107 108/108 44/44 43/43
f 108/108 109/109 45/45 44/44
f 109/109 110/110 46/46 45/45
f 110/110 111/111 47/47 46/46
f 111/111 112/112 48/48 47/47
f 112/112 113/113 49/49 48/48
f 113/113 114/114 50/50 49/49
f 114/114 115/115 51/51 50/50
f 115/115 116/116 52/52 51/51
f 116/116 117/117 53/53 52/52
f 117/117 118/118 54/54 53/53
f 118/118 119/119 55/55 54/54
f 119/119 120/120 56/56 55/55
f 120/120 121/121 57/57 56/56
f 121/121 122/122 58/58 57/57
f 122/122 123/123 59/59 58/58
f 123/123 124/124 60/60 59/59
f 124/124 125/125 61/61 60/60
f 125/125 126/126 62/62 61/61
f 126/126 127/127 63/63 62/62
f 127/127 128/128 64/64 63/63
f 128/128 65/65 1/1 64/64
f 129/129 130/130 66/66 65/65
f 130/130 131/131 67/67 66/66
f 131/131 132/132 68/68 67/67
f 132/132 133/133 69/69 68/68
f 133/133 134/134 70/70 69/69
f 134/134 135/135 71/71 70/70
f 135/135 136/136 72/72 71/71
f 136/136 137/137 73/73 72/72
f 137/137 138/138 74/74 73/73
f 138/138 139/139 75/75 74/74
f 139/139 140/140 76/76 75/75
f 140/140 141/141 77/77 76/76
f 141/141 142/142 78/78 77/77
f 142/142 143/143 79/79 78/78
f 143/143 144/144 80/80 79/79
f 144/144 145/145 81/81 80/80
f 145/145 146/146 82/82 81/81
f 146/146 147/147 83/83 82/82
f 147/147 148/148 84/84 83/83
f 148/148 149/149 85/85 84/84
f 149/149 150/150 86/86 85/85
f 150/150 151/151 87/87 86/86
f 151/151 152/152 88/88 87/87
f 152/152 153/153 89/89 88/88
f 153/153 154/154 90/90 89/89
f 154/154 155/155 91/91 90/90
f 155/155 156/156 92/92 91/91
f 156/156 157/157 93/93 92/92
f 157/157 158/158 94/94 93/93
f 158/158 159/159 95/95 94/94
f 159/159 160/160 96/96 95/95
f 160/160 161/161 97/97 96/96
f 161/161 162/162 98/98 97/97
f 162/162 163/163 99/99 98/98
f 163/163 164/164 100/100 99/99
f 164/164 165/165 101/101 100/100
f 165/165 166/166 102/102 101/101
f 166/166 167/167 103/103 102/102
f 167/167 168/168 104/104 103/103
f 168/168 169/169 105/105 104/104
f 169/169 170/170 106/106 105/105
f 170/170 171/171 107/107 106/106
f 171/171 172/172 108/108 107/107
f 172/172 173/173 109/109 108/108
f 173/173 174/174 110/110 109/109
f 174/174 175/175 111/111 110/110
f 175/175 176/176 112/112 111/111
f 176/176 177/177 113/113 112/112
f 177/177 178/178 114/114 113/113
f 178/178 179/179 115/115 114/114
f 179/179 180/180 116/116 115/115
f 180/180 181/181 117/117 116/116
f 181/181 182/182 118/118 117/117
f 182/182 183/183 119/119 118/118
f 183/183 184/184 120/120 119/119
f 184/184 185/185 121/121 120/120
f 185/185 186/186 122/122 121/121
f 186/186 187/187 123/123 122/122
f 187/187 188/188 124/124 123/123
f 188/188 189/189 125/125 124/124
f 189/189 190/190 126/126 125/125
f 190/190 191/191 127/127 126/126
f 191/191 192/192 128/128 127/127
f 192/192 129/129 65/65 128/128
f 193/193 194/194 130/130 129/129
f 194/194 195/195 131/131 130/130
f 195/195 196/196 132/132 131/131
f 196/196 197/197 133/133 132/132
f 197/197 198/198 134/134 133/133
f 198/198 199/199 135/135 134/134
f 199/199 200/200 136/136 135/135
f 200/200 201/201 137/137 136/136
f 201/201 202/202 138/138 137/137
f 202/202 203/203 139/139 138/138
f 203/203 204/204 140/140 139/139
f 204/204 205/205 141/141 140/140
f 205/205 206/206 142/142 141/141
f 206/206 207/207 143/143 142/142
f 207/207 208/208 144/144 143/143
f 208/208 209/209 145/145 144/144
f 209/209 210/210 146/146 145/145
f 210/210 211/211 147/147 146/146
f 211/211 212/212 148/148 147/147
f 212/212 213/213 149/149 148/148
f 213/213 214/214 150/150 149/149
f 214/214 215/215 151/151 150/150
f 215/215 216/216 152/152 151/151
f 216/216 217/217 153/153 152/152
f 217/217 218/218 154/154 153/153
f 218/218 219/219 155/155 154/154
f 219/219 220/220 156/156 155/155
f 220/220 221/221 157/157 156/156
f 221/221 222/222 158/158 157/157
f 222/222 223/223 159/159 158/158
f 223/223 224/224 160/160 159/159
f 224/224 225/225 161/161 160/160
f 225/225 226/226 162/162 161/161
f 226/226 227/227 163/163 162/162
f 227/227 228/228 164/164 163/163
f 228/228 229/229 165/165 164/164
f 229/229 230/230 166/166 165/165
f 230/230 231/231 167/167 166/166
f 231/231 232/232 168/168 167/167
f 232/232 233/233 169/169 168/168
f 233/233 234/234 170/170 169/169
f 234/234 235/235 171/171 170/170
f 235/235 236/236 172/172 171/171
f 236/236 237/237 173/173 172/172
f 237/237 238/238 174/174 173/173
f 238/238 239/239 175/175 174/174
f 239/239 240/240 176/176 175/175
f 240/240 241/241 177/177 176/176
f 241/241 242/242 178/178 177/177
f 242/242 243/243 179/179 178/178
f 243/243 244/244 180/180 179/179
f 244/244 245/245 181/181 180/180
f 245/245 246/246 182/182 181/181
f 246/246 247/247 183/183 182/182
f 247/247 248/248 184/184 183/183
f 248/248 249/249 185/185 184/184
f 249/249 250/250 186/186 185/185
f 250/250 251/251 187/187 186/186
f 251/251 252/252 188/188 187/187
f 252/252 253/253 189/189 188/188
f 253/253 254/254 190/190 189/189
f 254/254 255/255 191/191 190/190
f 255/255 256/256 192/192 191/191
f 256/256 193/193 129/129 192/192
f 1/1 2/2 194/194 193/193
f 2/2 3/3 195/195 194/194
f 3/3 4/4 196/196 195/195
f 4/4 5/5 197/197 196/196
f 5/5 6/6 198/198 197/197
f 6/6 7/7 199/199 198/198
f 7/7 8/8 200/200 199/199
f 8/8 9/9 201/201 200/200
f 9/9 10/10 202/202 201/201
f 10/10 11/11 203/203 202/202
f 11/11 12/12 204/204 203/203
f 12/12 13/13 205/205 204/204
f 13/13 14/14 206/206 205/205
f 14/14 15/15 207/207 206/206
f 15/15 16/16 208/208 207/207
f 16/16 17/17 209/209 208/208
f 17/17 18/18 210/210 209/209
f 18/18 19/19 211/211 210/210
f 19/19 20/20 212/212 211/211
f 20/20 21/21 213/213 212/212
f 21/21 22/22 214/214 213/213
f 22/22 23/23 215/215 214/214
f 23/23 24/24 216/216 215/215
f 24/24 25/25 217/217 216/216
f 25/25 26/26 218/218 217/217
f 26/26 27/27 219/219 218/218
f 27/27 28/28 220/220 219/219
f 28/28 29/29 221/221 220/220
f 29/29 30/30 222/222 221/221
f 30/30 31/31 223/223 222/222
f 31/31 32/32 224/224 223/223
f 32/32 33/33 225/225 224/224
f 33/33 34/34 226/226 225/225
f 34/34 35/35 227/227 226/226
f 35/35 36/36 228/228 227/227
f 36/36 37/37 229/229 228/228
f 37/37 38/38 230/230 229/229
f 38/38 39/39 231/231 230/230
f 39/39 40/40 232/232 231/231
f 40/40 41/41 233/233 232/232
f 41/41 42/42 234/234 233/233
f 42/42 43/43 235/235 234/234
f 43/43 44/44 236/236 235/235
f 44/44 45/45 237/237 236/236
f 45/45 46/46 238/238 237/237
f 46/46 47/47 239/239 238/238
f 47/47 48/48 240/240 239/239
f 48/48 49/49 241/241 240/240
f 49/49 50/50 242/242 241/241
f 50/50 51/51 243/243 242/242
f 51/51 52/52 244/244 243/243
f 52/52 53/53 245/245 244/244
f 53/53 54/54 246/246 245/245
f 54/54 55/55 247/247 246/246
f 55/55 56/56 248/248 247/247
f 56/56 57/57 249/249 248/248
f 57/57 58/58 250/250 249/249
f 58/58 59/59 251/251 250/250
f 59/59 60/60 252/252 251/251
f 60/60 61/61 253/253 252/252
f 61/61 62/62 254/254 253/253
f 62/62 63/63 255/255 254/254
f 63/63 64/64 256/256 255/255
f 64/64 1/1 193/193 256/256
f 321/321 322/322 258/258 257/257
f 322/322 323/323 259/259 258/258
f 323/323 324/324 260/260 259/259
f 324/324 325/325 261/261 260/260
f 325/325 326/326 262/262 261/261
f 326/326 327/327 263/263 262/262
f 327/327 328/328 264/264 263/263
f 328/328 329/329 265/265 264/264
f 329/329 330/330 266/266 265/265
f 330/330 331/331 267/267 266/266
f 331/331 332/332 268/268 267/267
f 332/332 333/333 269/269 268/268
f 333/333 334/334 270/270 269/269
f 334/334 335/335 271/271 270/270
f 335/335 336/336 272/272 271/271
f 336/336 337/337 273/273 272/272
f 337/337 338/338 274/274 273/273
f 338/338 339/339 275/275 274/274
f 339/339 340/340 276/276 275/275
f 340/340 341/341 277/277 276/276
f 341/341 342/342 278/278 277/277
f 342/342 343/343 279/279 278/278
f 343/343 344/344 280/280 279/279
f 344/344 345/345 281/281 280/280
f 345/345 346/346 282/282 281/281
f 346/346 347/347 283/283 282/282
f 347/347 348/348 284/284 283/283
f 348/348 349/349 285/285 284/284
f 349/349 350/350 286/286 285/285
f 350/350 351/351 287/287 286/286
f 351/351 352/352 288/288 287/287
f 352/352 353/353 289/289 288/288
f 353/353 354/354 290/290 289/289
f 354/354 355/355 291/291 290/290
f 355/355 356/356 292/292 291/291
f 356/356 357/357 293/293 292/292
f 357/357 358/358 294/294 293/293
f 358/358 359/359 295/295 294/294
f 359/359 360/360 296/296 295/295
f 360/360 361/361 297/297 296/296
f 361/361 362/362 298/298 297/297
f 362/362 363/363 299/299 298/298
f 363/363 364/364 300/300 299/299
f 364/364 365/365 301/301 300/300
f 365/365 366/366 302/302 301/301
f 366/366 367/367 303/303 302/302
f 367/367 368/368 304/304 303/303
f 368/368 369/369 305/305 304/304
f 369/369 370/370 306/306 305/305
f 370/370 371/371 307/307 306/306
f 371/371 372/372 308/308 307/307
f 372/372 373/373 309/309 308/308
f 373/373 374/374 310/310 309/309
f 374/374 375/375 311/311 310/310
f 375/375 376/376 312/312 311/311
f 376/376 377/377 313/313 312/312
f 377/377 378/378 314/314 313/313
f 378/378 379/379 315/315 314/314
f 379/379 380/380 316/316 315/315
f 380/380 381/381 317/317 316/316
f 381/381 382/382 318/318 317/317
f 382/382 383/383 319/319 318/318
f 383/383 384/384 320/320 319/319
f 384/384 321/321 257/257 320/320
f 385/385 386/386 322/322 321/321
f 386/386 387/387 323/323 322/322
f 387/387 388/388 324/324 323/323
f 388/388 389/389 325/325 324/324
f 389/389 390/390 326/326 325/325
f 390/390 391/391 327/327 326/326
f 391/391 392/392 328/328 327/327
f 392/392 393/393 329/329 328/328
f 393/393 394/394 330/330 329/329
f 394/394 395/395 331/331 330/330
f 395/395 396/396 332/332 331/331
f 396/396 397/397 333/333 332/332
f 397/397 398/398 334/334 333/333
f 398/398 399/399 335/335 334/334
f 399/399 400/400 336/336 335/335
f 400/400 401/401 337/337 336/336
f 401/401 402/402 338/338 337/337
f 402/402 403/403 339/339 338/338
f 403/403 404/404 340/340 339/339
f 404/404 405/405 341/341 340/340
f 405/405 406/406 342/342 341/341
f 406/406 407/407 343/343 342/342
f 407/407 408/408 344/344 343/343
f 408/408 409/409 345/345 344/344
f 409/409 410/410 346/346 345/345
f 410/410 411/411 347/347 346/346
f 411/411 412/412 348/348 347/347
f 412/412 413/413 349/349 348/348
f 413/413 414/414 350/350 349/349
f 414/414 415/415 351/351 350/350
f 415/415 416/416 352/352 351/351
f 416/416 417/417 353/353 352/352
f 417/417 418/418 354/354 353/353
f 418/418 419/419 355/355 354/354
f 419/419 420/420 356/356 355/355
f 420/420 421/421 357/357 356/356
f 421/421 422/422 358/358 357/357
f 422/422 423/423 359/359 358/358
f 423/423 424/424 360/360 359/359
f 424/424 425/425 361/361 360/360
f 425/425 426/426 362/362 361/361
f 426/426 427/427 363/363 362/362
f 427/427 428/428 364/364 363/363
f 428/428 429/429 365/365 364/364
f 429/429 430/430 366/366 365/365
f 430/430 431/431 367/367 366/366
f 431/431 432/432 368/368 367/367
f 432/432 433/433 369/369 368/368
f 433/433 434/434 370/370 369/369
f 434/434 435/435 371/371 370/370
f 435/435 436/436 372/372 371/371
f 436/436 437/437 373/373 372/372
f 437/437 438/438 374/374 373/373
f 438/438 439/439 375/375 374/374
f 439/439 440/440 376/376 375/375
f 440/440 441/441 377/377 376/376
f 441/441 442/442 378/378 377/377
f 442/442 443/443 379/379 378/378
f 443/443 444/444 380/380 379/379
f 444/444 445/445 381/381 380/380
f 445/445 446/446 382/382 381/381
f 446/446 447/447 383/383 382/382
f 447/447 448/448 384/384 383/383
f 448/448 385/385 321/321 384/384
f 449/449 450/450 386/386 385/385
f 450/450 451/451 387/387 386/386
f 451/451 452/452 388/388 387/387
f 452/452 453/453 389/389 388/388
f 453/453 454/454 390/390 389/389
f 454/454 455/455 391/391 390/390
f 455/455 456/456 392/392 391/391
f 456/456 457/457 393/393 392/392
f 457/457 458/458 394/394 393/393
f 458/458 459/459 395/395 394/394
f 459/459 460/460 396/396 395/395
f 460/460 461/461 397/397 396/396
f 461/461 462/462 398/398 397/397
f 462/462 463/463 399/399 398/398
f 463/463 464/464 400/400 399/399
f 464/464 465/465 401/401 400/400
f 465/465 466/466 402/402 401/401
f 466/466 467/467 403/403 402/402
f 467/467 468/468 404/404 403/403
f 468/468 469/469 405/405 404/404
f 469/469 470/470 406/406 405/405
f 470/470 471/471 407/407 406/406
f 471/471 472/472 408/408 407/407
f 472/472 473/473 409/409 408/408
f 473/473 474/474 410/410 409/409
f 474/474 475/475 411/411 410/410
f 475/475 476/476 412/412 411/411
f 476/476 477/477 413/413 412/412
f 477/477 478/478 414/414 413/413
f 478/478 479/479 415/415 414/414
f 479/479 480/480 416/416 415/415
f 480/480 481/481 417/417 416/416
f 481/481 482/482 418/418 417/417
f 482/482 483/483 419/419 418/418
f 483/483 484/484 420/420 419/419
f 484/484 485/485 421/421 420/420
f 485/485 486/486 422/422 421/421
f 486/486 487/487 423/423 422/422
f 487/487 488/488 424/424 423/423
f 488/488 489/489 425/425 424/424
f 489/489 490/490 426/426 425/425
f 490/490 491/491 427/427 426/426
f 491/491 492/492 428/428 427/427
f 492/492 493/493 429/429 428/428
f 493/493 494/494 430/430 429/429
f 494/494 495/495 431/431 430/430
f 495/495 496/496 432/432 431/431
f 496/496 497/497 433/433 432/432
f 497/497 498/498 434/434 433/433
f 498/498 499/499 435/435 434/434
f 499/499 500/500 436/436 435/435
f 500/500 501/501 437/437 436/436
f 501/501 502/502 438/438 437/437
f 502/502 503/503 439/439 438/438
f 503/503 504/504 440/440 439/439
f 504/504 505/505 441/441 440/440
f 505/505 506/506 442/442 441/441
f 506/506 507/507 443/443 442/442
f 507/507 508/508 444/444 443/443
f 508/508 509/509 445/445 444/444
f 509/509 510/510 446/446 445/445
f 510/510 511/511 447/447 446/446
f 511/511 512/512 448/448 447/447
f 512/512 449/449 385/385 448/448
f 257/257 258/258 450/450 449/449
f 258/258 259/259 451/451 450/450
f 259/259 260/260 452/452 451/451
f 260/260 261/261 453/453 452/452
f 261/261 262/262 454/454 453/453
f 262/262 263/263 455/455 454/454
f 263/263 264/264 456/456 455/455
f 264/264 265/265 457/457 456/456
f 265/265 266/266 458/458 457/457
f 266/266 267/267 459/459 458/458
f 267/267 268/268 460/460 459/459
f 268/268 269/269 461/461 460/460
f 269/269 270/270 462/462 461/461
f 270/270 271/271 463/463 462/462
f 271/271 272/272 464/464 463/463
f 272/272 273/273 465/465 464/464
f 273/273 274/274 466/466 465/465
f 274/274 275/275 467/467 466/466
f 275/275 276/276 468/468 467/467
f 276/276 277/277 469/469 468/468
f 277/277 278/278 470/470 469/469
f 278/278 279/279 471/471 470/470
f 279/279 280/280 472/472 471/471
f 280/280 281/281 473/473 472/472
f 281/281 282/282 474/474 473/473
f 282/282 283/283 475/475 474/474
f 283/283 284/284 476/476 475/475
f 284/284 285/285 477/477 476/476
f 285/285 286/286 478/478 477/477
f 286/286 287/287 479/479 478/478
f 287/287 288/288 480/480 479/479
f 288/288 289/289 481/481 480/480
f 289/289 290/290 482/482 481/481
f 290/290 291/291 483/483 482/482
f 291/291 292/292 484/484 483/483
f 292/292 293/293 485/485 484/484
f 293/293 294/294 486/486 485/485
f 294/294 295/295 487/487 486/486
f 295/295 296/296 488/488 487/487
f 296/296 297/297 489/489 488/488
f 297/297 298/298 490/490 489/489
f 298/298 299/299 491/491 490/490
f 299/299 300/300 492/492 491/491
f 300/300 301/301 493/493 492/492
f 301/301 302/302 494/494 493/493
f 302/302 303/303 495/495 494/494
f 303/303 304/304 496/496 495/495
f 304/304 305/305 497/497 496/496
f 305/305 306/306 498/498 497/497
f 306/306 307/307 499/499 498/498
f 307/307 308/308 500/500 499/499
f 308/308 309/309 501/501 500/500
f 309/309 310/310 502/502 501/501
f 310/310 311/311 503/503 502/502
f 311/311 312/312 504/504 503/503
f 312/312 313/313 505/505 504/504
f 313/313 314/314 506/506 505/505
f 314/314 315/315 507/507 506/506
f 315/315 316/316 508/508 507/507
f 316/316 317/317 509/509 508/508
f 317/317 318/318 510/510 509/509
f 318/318 319/319 511/511 510/510
f 319/319 320/320 512/512 511/511
f 320/320 257/257 449/449 512/512
f 577/577 578/578 514/514 513/513
f 578/578 579/579 515/515 514/514
f 579/579 580/580 516/516 515/515
f 580/580 581/581 517/517 516/516
f 581/581 582/582 518/518 517/517
f 582/582 583/583 519/519 518/518
f 583/583 584/584 520/520 519/519
f 584/584 585/585 521/521 520/520
f 585/585 586/586 522/522 521/521
f 586/586 587/587 523/523 522/522
f 587/587 588/588 524/524 523/523
f 588/588 589/589 525/525 524/524
f 589/589 590/590 526/526 525/525
f 590/590 591/591 527/527 526/526
f 591/591 592/592 528/528 527/527
f 592/592 593/593 529/529 528/528
f 593/593 594/594 530/530 529/529
f 594/594 595/595 531/531 530/530
f 595/595 596/596 532/532 531/531
f 596/596 597/597 533/533 532/532
f 597/597 598/598 534/534 533/533
f 598/598 599/599 535/535 534/534
f 599/599 600/600 536/536 535/535
f 600/600 601/601 537/537 536/536
f 601/601 602/602 538/538 537/537
f 602/602 603/603 539/539 538/538
f 603/603 604/604 540/540 539/539
f 604/604 605/605 541/541 540/540
f 605/605 606/606 542/542 541/541
f 606/606 607/607 543/543 542/542
f 607/607 608/608 544/544 543/543
f 608/608 609/609 545/545 544/544
f 609/609 610/610 546/546 545/545
f 610/610 611/611 547/547 546/546
f 611/611 612/612 548/548 547/547
f 612/612 613/613 549/549 548/548
f 613/613 614/614 550/550 549/549
f 614/614 615/615 551/551 550/550
f 615/615 616/616 552/552 551/551
f 616/616 617/617 553/553 552/552
f 617/617 618/618 554/554 553/553
f 618/618 619/619 555/555 554/554
f 619/619 620/620 556/556 555/555
f 620/620 621/621 557/557 556/556
f 621/621 622/622 558/558 557/557
f 622/622 623/623 559/559 558/558
f 623/623 624/624 560/560 559/559
f 624/624 625/625 561/561 560/560
f 625/625 626/626 562/562 561/561
f 626/626 627/627 563/563 562/562
f 627/627 628/628 564/564 563/563
f 628/628 629/629 565/565 564/564
f 629/629 630/630 566/566 565/565
f 630/630 631/631 567/567 566/566
f 631/631 632/632 568/568 567/567
f 632/632 633/633 569/569 568/568
f 633/633 634/634 570/570 569/569
f 634/634 635/635 571/571 570/570
f 635/635 636/636 572/572 571/571
f 636/636 637/637 573/573 572/572
f 637/637 638/638 574/574 573/573
f 638/638 639/639 575/575 574/574
f 639/639 640/640 576/576 575/575
f 640/640 577/577 513/513 576/576
f 641/641 642/642 578/578 577/577
f 642/642 643/643 579/579 578/578
f 643/643 644/644 580/580 579/579
f 644/644 645/645 581/581 580/580
f 645/645 646/646 582/582 581/581
f 646/646 647/647 583/583 582/582
f 647/647 648/648 584/584 583/583
f 648/648 649/649 585/585 584/584
f 649/649 650/650 586/586 585/585
f 650/650 651/651 587/587 586/586
f 651/651 652/652 588/588 587/587
f 652/652 653/653 589/589 588/588
f 653/653 654/654 590/590 589/589
f 654/654 655/655 591/591 590/590
f 655/655 656/656 592/592 591/591
f 656/656 657/657 593/593 592/592
f 657/657 658/658 594/594 593/593
f 658/658 659/659 595/595 594/594
f 659/659 660/660 596/596 595/595
f 660/660 661/661 597/597 596/596
f 661/661 662/662 598/598 597/597
f 662/662 663/663 599/599 598/598
f 663/663 664/664 600/600 599/599
f 664/664 665/665 601/601 600/600
f 665/665 666/666 602/602 601/601
f 666/666 667/667 603/603 602/602
f 667/667 668/668 604/604 603/603
f 668/668 669/669 605/605 604/604
f 669/669 670/670 606/606 605/605
f 670/670 671/671 607/607 606/606
f 671/671 672/672 608/608 607/607
f 672/672 673/673 609/609 608/608
f 673/673 674/674 610/610 609/609
f 674/674 675/675 611/611 610/610
f 675/675 676/676 612/612 611/611
f 676/676 677/677 613/613 612/612
f 677/677 678/678 614/614 613/613
f 678/678 679/679 615/615 614/614
f 679/679 680/680 616/616 615/615
f 680/680 681/681 617/617 616/616
f 681/681 682/682 618/618 617/617
f 682/682 683/683 619/619 618/618
f 683/683 684/684 620/620 619/619
f 684/684 685/685 621/621 620/620
f 685/685 686/686 622/622 621/621
f 686/686 687/687 623/623 622/622
f 687/687 688/688 624/624 623/623
f 688/688 689/689 625/625 624/624
f 689/689 690/690 626/626 625/625
f 690/690 691/691 627/627 626/626
f 691/691 692/692 628/628 627/627
f 692/692 693/693 629/629 628/628
f 693/693 694/694 630/630 629/629
f 694/694 695/695 631/631 630/630
f 695/695 696/696 632/632 631/631
f 696/696 697/697 633/633 632/632
f 697/697 698/698 634/634 633/633
f 698/698 699/699 635/635 634/634
f 699/699 700/700 636/636 635/635
f 700/700 701/701 637/637 636/636
f 701/701 702/702 638/638 637/637
f 702/702 703/703 639/639 638/638
f 703/703 704/704 640/640 639/639
f 704/704 641/641 577/577 640/640
f 705/705 706/706 642/642 641/641
f 706/706 707/707 643/643 642/642
f 707/707 708/708 644/644 643/643
f 708/708 709/709 645/645 644/644
f 709/709 710/710 646/646 645/645
f 710/710 711/711 647/647 646/646
f 711/711 712/712 648/648 647/647
f 712/712 713/713 649/649 648/648
f 713/713 714/714 650/650 649/649
f 714/714 715/715 651/651 650/650
f 715/715 716/716 652/652 651/651
f 716/716 717/717 653/653 652/652
f 717/717 718/718 654/654 653/653
f 718/718 719/719 655/655 654/654
f 719/719 720/720 656/656 655/655
f 720/720 721/721 657/657 656/656
f 721/721 722/722 658/658 657/657
f 722/722 723/723 659/659 658/658
f 723/723 724/724 660/660 659/659
f 724/724 725/725 661/661 660/660
f 725/725 726/726 662/662 661/661
f 726/726 727/727 663/663 662/662
f 727/727 728/728 664/664 663/663
f 728/728 729/729 665/665 664/664
f 729/729 730/730 666/666 665/665
f 730/730 731/731 667/667 666/666
f 731/731 732/732 668/668 667/667
f 732/732 733/733 669/669 668/668
f 733/733 734/734 670/670 669/669
f 734/734 735/735 671/671 670/670
f 735/735 736/736 672/672 671/671
f 736/736 737/737 673/673 672/672
f 737/737 738/738 674/674 673/673
f 738/738 739/739 675/675 674/674
f 739/739 740/740 676/676 675/675
f 740/740 741/741 677/677 676/676
f 741/741 742/742 678/678 677/677
f 742/742 743/743 679/679 678/678
f 743/743 744/744 680/680 679/679
f 744/744 745/745 681/681 680/680
f 745/745 746/746 682/682 681/681
f 746/746 747/747 683/683 682/682
f 747/747 748/748 684/684 683/683
f 748/748 749/749 685/685 684/684
f 749/749 750/750 686/686 685/685
f 750/750 751/751 687/687 686/686
f 751/751 752/752 688/688 687/687
f 752/752 753/753 689/689 688/688
f 753/753 754/754 690/690 689/689
f 754/754 755/755 691/691 690/690
f 755/755 756/756 692/692 691/691
f 756/756 757/757 693/693 692/692
f 757/757 758/758 694/694 693/693
f 758/758 759/759 695/695 694/694
f 759/759 760/760 696/696 695/695
f 760/760 761/761 697/697 696/696
f 761/761 762/762 698/698 697/697
f 762/762 763/763 699/699 698/698
f 763/763 764/764 700/700 699/699
f 764/764 765/765 701/701 700/700
f 765/765 766/766 702/702 701/701
f 766/766 767/767 703/703 702/702
f 767/767 768/768 704/704 703/703
f 768/768 705/705 641/641 704/704
f 513/513 514/514 706/706 705/705
f 514/514 515/515 707/707 706/706
f 515/515 516/516 708/708 707/707
f 516/516 517/517 709/709 708/708
f 517/517 518/518 710/710 709/709
f 518/518 519/519 711/711 710/710
f 519/519 520/520 712/712 711/711
f 520/520 521/521 713/713 712/712
f 521/521 522/522 714/714 713/713
f 522/522 523/523 715/715 714/714
f 523/523 524/524 716/716 715/715
f 524/524 525/525 717/717 716/716
f 525/525 526/526 718/718 717/717
f 526/526 527/527 719/719 718/718
f 527/527 528/528 720/720 719/719
f 528/528 529/529 721/721 720/720
f 529/529 530/530 722/722 721/721
f 530/530 531/531 723/723 722/722
f 531/531 532/532 724/724 723/723
f 532/532 533/533 725/725 724/724
f 533/533 534/534 726/726 725/725
f 534/534 535/535 727/727 726/726
f 535/535 536/536 728/728 727/727
f 536/536 537/537 729/729 728/728
f 537/537 538/538 730/730 729/729
f 538/538 539/539 731/731 730/730
f 539/539 540/540 732/732 731/731
f 540/540 541/541 733/733 732/732
f 541/541 542/542 734/734 733/733
f 542/542 543/543 735/735 734/734
f 543/543 544/544 736/736 735/735
f 544/544 545/545 737/737 736/736
f 545/545 546/546 738/738 737/737
f 546/546 547/547 739/739 738/738
f 547/547 548/548 740/740 739/739
f 548/548 549/549 741/741 740/740
f 549/549 550/550 742/742 741/741
f 550/550 551/551 743/743 742/742
f 551/551 552/552 744/744 743/743
f 552/552 553/553 745/745 744/744
f 553/553 554/554 746/746 745/745
f 554/554 555/555 747/747 746/746
f 555/555 556/556 748/748 747/747
f 556/556 557/557 749/749 748/748
f 557/557 558/558 750/750 749/749
f 558/558 559/559 751/751 750/750
f 559/559 560/560 752/752 751/751
f 560/560 561/561 753/753 752/752
f 561/561 562/562 754/754 753/753
f 562/562 563/563 755/755 754/754
f 563/563 564/564 756/756 755/755
f 564/564 565/565 757/757 756/756
f 565/565 566/566 758/758 757/757
f 566/566 567/567 759/759 758/758
f 567/567 568/568 760/760 759/759
f 568/568 569/569 761/761 760/760
f 569/569 570/570 762/762 761/761
f 570/570 571/571 763/763 762/762
f 571/571 572/572 764/764 763/763
f 572/572 573/573 765/765 764/764
f 573/573 574/574 766/766 765/765
f 574/574 575/575 767/767 766/766
f 575/575 576/576 768/768 767/767
f 576/576 513/513 705/705 768/768
f 793/793 794/794 770/770 769/769
f 794/794 795/795 771/771 770/770
f 795/795 796/796 772/772 771/771
f 796/796 797/797 773/773 772/772
f 797/797 798/798 774/774 773/773
f 798/798 799/799 775/775 774/774
f 799/799 800/800 776/776 775/775
f 800/800 801/801 777/777 776/776
f 801/801 802/802 778/778 777/777
f 802/802 803/803 779/779 778/778
f 803/803 804/804 780/780 779/779
f 804/804 805/805 781/781 780/780
f 805/805 806/806 782/782 781/781
f 806/806 807/807 783/783 782/782
f 807/807 808/808 784/784 783/783
f 808/808 809/809 785/785 784/784
f 809/809 810/810 786/786 785/785
f 810/810 811/811 787/787 786/786
f 811/811 812/812 788/788 787/787
f 812/812 813/813 789/789 788/788
f 813/813 814/814 790/790 789/789
f 814/814 815/815 791/791 790/790
f 815/815 816/816 792/792 791/791
f 816/816 793/793 769/769 792/792
f 817/817 818/818 794/794 793/793
f 818/818 819/819 795/795 794/794
f 819/819 820/820 796/796 795/795
f 820/820 821/821 797/797 796/796
f 821/821 822/822 798/798 797/797
f 822/822 823/823 799/799 798/798
f 823/823 824/824 800/800 799/799
f 824/824 825/825 801/801 800/800
f 825/825 826/826 802/802 801/801
f 826/826 827/827 803/803 802/802
f 827/827 828/828 804/804 803/803
f 828/828 829/829 805/805 804/804
f 829/829 830/830 806/806 805/805
f 830/830 831/831 807/807 806/806
f 831/831 832/832 808/808 807/807
f 832/832 833/833 809/809 808/808
f 833/833 834/834 810/810 809/809
f 834/834 835/835 811/811 810/810
f 835/835 836/836 812/812 811/811
f 836/836 837/837 813/813 812/812
f 837/837 838/838 814/814 813/813
f 838/838 839/839 815/815 814/814
f 839/839 840/840 816/816 815/815
f 840/840 817/817 793/793 816/816
f 841/841 842/842 818/818 817/817
f 842/842 843/843 819/819 818/818
f 843/843 844/844 820/820 819/819
f 844/844 845/845 821/821 820/820
f 845/845 846/846 822/822 821/821
f 846/846 847/847 823/823 822/822
f 847/847 848/848 824/824 823/823
f 848/848 849/849 825/825 824/824
f 849/849 850/850 826/826 825/825
f 850/850 851/851 827/827 826/826
f 851/851 852/852 828/828 827/827
f 852/852 853/853 829/829 828/828
f 853/853 854/854 830/830 829/829
f 854/854 855/855 831/831 830/830
f 855/855 856/856 832/832 831/831
f 856/856 857/857 833/833 832/832
f 857/857 858/858 834/834 833/833
f 858/858 859/859 835/835 834/834
f 859/859 860/860 836/836 835/835
f 860/860 861/861 837/837 836/836
f 861/861 862/862 838/838 837/837
f 862/862 863/863 839/839 838/838
f 863/863 864/864 840/840 839/839
f 864/864 841/841 817/817 840/840
f 865/865 866/866 842/842 841/841
f 866/866 867/867 843/843 842/842
f 867/867 868/868 844/844 843/843
f 868/868 869/869 845/845 844/844
f 869/869 870/870 846/846 845/845
f 870/870 871/871 847/847 846/846
f 871/871 872/872 848/848 847/847
f 872/872 873/873 849/849 848/848
f 873/873 874/874 850/850 849/849
f 874/874 875/875 851/851 850/850
f 875/875 876/876 852/852 851/851
f 876/876 877/877 853/853 852/852
f 877/877 878/878 854/854 853/853
f 878/878 879/879 855/855 854/854
f 879/879 880/880 856/856 855/855
f 880/880 881/881 857/857 856/856
f 881/881 882/882 858/858 857/857
f 882/882 883/883 859/859 858/858
f 883/883 884/884 860/860 859/859
f 884/884 885/885 861/861 860/860
f 885/885 886/886 862/862 861/861
f 886/886 887/887 863/863 862/862
f 887/887 888/888 864/864 863/863
f 888/888 865/865 841/841 864/864
f 889/889 890/890 866/866 865/865
f 890/890 891/891 867/867 866/866
f 891/891 892/892 868/868 867/867
f 892/892 893/893 869/869 868/868
f 893/893 894/894 870/870 869/869
f 894/894 895/895 871/871 870/870
f 895/895 896/896 872/872 871/871
f 896/896 897/897 873/873 872/872
f 897/897 898/898 874/874 873/873
f 898/898 899/899 875/875 874/874
f 899/899 900/900 876/876 875/875
f 900/900 901/901 877/877 876/876
f 901/901 902/902 878/878 877/877
f 902/902 903/903 879/879 878/878
f 903/903 904/904 880/880 879/879
f 904/904 905/905 881/881 880/880
f 905/905 906/906 882/882 881/881
f 906/906 907/907 883/883 882/882
f 907/907 908/908 884/884 883/883
f 908/908 909/909 885/885 884/884
f 909/909 910/910 886/886 885/885
f 910/910 911/911 887/887 886/886
f 911/911 912/912 888/888 887/887
f 912/912 889/889 865/865 888/888
f 913/913 914/914 890/890 889/889
f 914/914 915/915 891/891 890/890
f 915/915 916/916 892/892 891/891
f 916/916 917/917 893/893 892/892
f 917/917 918/918 894/894 893/893
f 918/918 919/919 895/895 894/894
f 919/919 920/920 896/896 895/895
f 920/920 921/921 897/897 896/896
f 921/921 922/922 898/898 897/897
f 922/922 923/923 899/899 898/898
f 923/923 924/924 900/900 899/899
f 924/924 925/925 901/901 900/900
f 925/925 926/926 902/902 901/901
f 926/926 927/927 903/903 902/902
f 927/927 928/928 904/904 903/903
f 928/928 929/929 905/905 904/904
f 929/929 930/930 906/906 905/905
f 930/930 931/931 907/907 906/906
f 931/931 932/932 908/908 907/907
f 932/932 933/933 909/909 908/908
f 933/933 934/934 910/910 909/909
f 934/934 935/935 911/911 910/910
f 935/935 936/936 912/912 911/911
f 936/936 913/913 889/889 912/912
f 937/937 938/938 914/914 913/913
f 938/938 939/939 915/915 914/914
f 939/939 940/940 916/916 915/915
f 940/940 941/941 917/917 916/916
f 941/941 942/942 918/918 917/917
f 942/942 943/943 919/919 918/918
f 943/943 944/944 920/920 919/919
f 944/944 945/945 921/921 920/920
f 945/945 946/946 922/922 921/921
f 946/946 947/947 923/923 922/922
f 947/947 948/948 924/924 923/923
f 948/948 949/949 925/925 924/924
f 949/949 950/950 926/926 925/925
f 950/950 951/951 927/927 926/926
f 951/951 952/952 928/928 927/927
f 952/952 953/953 929/929 928/928
f 953/953 954/954 930/930 929/929
f 954/954 955/955 931/931 930/930
f 955/955 956/956 932/932 931/931
f 956/956 957/957 933/933 932/932
f 957/957 958/958 934/934 933/933
f 958/958 959/959 935/935 934/934
f 959/959 960/960 936/936 935/935
f 960/960 937/937 913/913 936/936
f 961/961 962/962 938/938 937/937
f 962/962 963/963 939/939 938/938
f 963/963 964/964 940/940 939/939
f 964/964 965/965 941/941 940/940
f 965/965 966/966 942/942 941/941
f 966/966 967/967 943/943 942/942
f 967/967 968/968 944/944 943/943
f 968/968 969/969 945/945 944/944
f 969/969 970/970 946/946 945/945
f 970/970 971/971 947/947 946/946
f 971/971 972/972 948/948 947/947
f 972/972 973/973 949/949 948/948
f 973/973 974/974 950/950 949/949
f 974/974 975/975 951/951 950/950
f 975/975 976/976 952/952 951/951
f 976/976 977/977 953/953 952/952
f 977/977 978/978 954/954 953/953
f 978/978 979/979 955/955 954/954
f 979/979 980/980 956/956 955/955
f 980/980 981/981 957/957 956/956
f 981/981 982/982 958/958 957/957
f 982/982 983/983 959/959 958/958
f 983/983 984/984 960/960 959/959
f 984/984 961/961 937/937 960/960
f 985/985 986/986 962/962 961/961
f 986/986 987/987 963/963 962/962
f 987/987 988/988 964/964 963/963
f 988/988 989/989 965/965 964/964
f 989/989 990/990 966/966 965/965
f 990/990 991/991 967/967 966/966
f 991/991 992/992 968/968 967/967
f 992/992 993/993 969/969 968/968
f 993/993 994/994 970/970 969/969
f 994/994 995/995 971/971 970/970
f 995/995 996/996 972/972 971/971
f 996/996 997/997 973/973 972/972
f 997/997 998/998 974/974 973/973
f 998/998 999/999 975/975 974/974
f 999/999 1000/1000 976/976 975/975
f 1000/1000 1001/1001 977/977 976/976
f 1001/1001 1002/1002 978/978 977/977
f 1002/1002 1003/1003 979/979 978/978
f 1003/1003 1004/1004 980/980 979/979
f 1004/1004 1005/1005 981/981 980/980
f 1005/1005 1006/1006 982/982 981/981
f 1006/1006 1007/1007 983/983 982/982
f 1007/1007 1008/1008 984/984 983/983
f 1008/1008 985/985 961/961 984/984
f 1009/1009 1010/1010 986/986 985/985
f 1010/1010 1011/1011 987/987 986/986
f 1011/1011 1012/1012 988/988 987/987
f 1012/1012 1013/1013 989/989 988/988
f 1013/1013 1014/1014 990/990 989/989
f 1014/1014 1015/1015 991/991 990/990
f 1015/1015 1016/1016 992/992 991/991
f 1016/1016 1017/1017 993/993 992/992
f 1017/1017 1018/1018 994/994 993/993
f 1018/1018 1019/1019 995/995 994/994
f 1019/1019 1020/1020 996/996 995/995
f 1020/1020 1021/1021 997/997 996/996
f 1021/1021 1022/1022 998/998 997/997
f 1022/1022 1023/1023 999/999 998/998
f 1023/1023 1024/1024 1000/1000 999/999
f 1024/1024 1025/1025 1001/1001 1000/1000
f 1025/1025 1026/1026 1002/1002 1001/1001
f 1026/1026 1027/1027 1003/1003 1002/1002
f 1027/1027 1028/1028 1004/1004 1003/1003
f 1028/1028 1029/1029 1005/1005 1004/1004
f 1029/1029 1030/1030 1006/1006 1005/1005
f 1030/1030 1031/1031 1007/1007 1006/1006
f 1031/1031 1032/1032 1008/1008 1007/1007
f 1032/1032 1009/1009 985/985 1008/1008
f 1033/1033 1034/1034 1010/1010 1009/1009
f 1034/1034 1035/1035 1011/1011 1010/1010
f 1035/1035 1036/1036 1012/1012 1011/1011
f 1036/1036 1037/1037 1013/1013 1012/1012
f 1037/1037 1038/1038 1014/1014 1013/1013
f 1038/1038 1039/1039 1015/1015 1014/1014
f 1039/1039 1040/1040 1016/1016 1015/1015
f 1040/1040 1041/1041 1017/1017 1016/1016
f 1041/1041 1042/1042 1018/1018 1017/1017
f 1042/1042 1043/1043 1019/1019 1018/1018
f 1043/1043 1044/1044 1020/1020 1019/1019
f 1044/1044 1045/1045 1021/1021 1020/1020
f 1045/1045 1046/1046 1022/1022 1021/1021
f 1046/1046 1047/1047 1023/1023 1022/1022
f 1047/1047 1048/1048 1024/1024 1023/1023
f 1048/1048 1049/1049 1025/1025 1024/1024
f 1049/1049 1050/1050 1026/1026 1025/1025
f 1050/1050 1051/1051 1027/1027 1026/1026
f 1051/1051 1052/1052 1028/1028 1027/1027
f 1052/1052 1053/1053 1029/1029 1028/1028
f 1053/1053 1054/1054 1030/1030 1029/1029
f 1054/1054 1055/1055 1031/1031 1030/1030
f 1055/1055 1056/1056 1032/1032 1031/1031
f 1056/1056 1033/1033 1009/1009 1032/1032
f 1057/1057 1058/1058 1034/1034 1033/1033
f 1058/1058 1059/1059 1035/1035 1034/1034
f 1059/1059 1060/1060 1036/1036 1035/1035
f 1060/1060 1061/1061 1037/1037 1036/1036
f 1061/1061 1062/1062 1038/1038 1037/1037
f 1062/1062 1063/1063 1039/1039 1038/1038
f 1063/1063 1064/1064 1040/1040 1039/1039
f 1064/1064 1065/1065 1041/1041 1040/1040
f 1065/1065 1066/1066 1042/1042 1041/1041
f 1066/1066 1067/1067 1043/1043 1042/1042
f 1067/1067 1068/1068 1044/1044 1043/1043
f 1068/1068 1069/1069 1045/1045 1044/1044
f 1069/1069 1070/1070 1046/1046 1045/1045
f 1070/1070 1071/1071 1047/1047 1046/1046
f 1071/1071 1072/1072 1048/1048 1047/1047
f 1072/1072 1073/1073 1049/1049 1048/1048
f 1073/1073 1074/1074 1050/1050 1049/1049
f 1074/1074 1075/1075 1051/1051 1050/1050
f 1075/1075 1076/1076 1052/1052 1051/1051
f 1076/1076 1077/1077 1053/1053 1052/1052
f 1077/1077 1078/1078 1054/1054 1053/1053
f 1078/1078 1079/1079 1055/1055 1054/1054
f 1079/1079 1080/1080 1056/1056 1055/1055
f 1080/1080 1057/1057 1033/1033 1056/1056
f 1105/1105 1106/1106 1082/1082 1081/1081
f 1106/1106 1107/1107 1083/1083 1082/1082
f 1107/1107 1108/1108 1084/1084 1083/1083
f 1108/1108 1109/1109 1085/1085 1084/1084
f 1109/1109 1110/1110 1086/1086 1085/1085
f 1110/1110 1111/1111 1087/1087 1086/1086
f 1111/1111 1112/1112 1088/1088 1087/1087
f 1112/1112 1113/1113 1089/1089 1088/1088
f 1113/1113 1114/1114 1090/1090 1089/1089
f 1114/1114 1115/1115 1091/1091 1090/1090
f 1115/1115 1116/1116 1092/1092 1091/1091
f 1116/1116 1117/1117 1093/1093 1092/1092
f 1117/1117 1118/1118 1094/1094 1093/1093
f 1118/1118 1119/1119 1095/1095 1094/1094
f 1119/1119 1120/1120 1096/1096 1095/1095
f 1120/1120 1121/1121 1097/1097 1096/1096
f 1121/1121 1122/1122 1098/1098 1097/1097
f 1122/1122 1123/1123 1099/1099 1098/1098
f 1123/1123 1124/1124 1100/1100 1099/1099
f 1124/1124 1125/1125 1101/1101 1100/1100
f 1125/1125 1126/1126 1102/1102 1101/1101
f 1126/1126 1127/1127 1103/1103 1102/1102
f 1127/1127 1128/1128 1104/1104 1103/1103
f 1128/1128 1105/1105 1081/1081 1104/1104
f 1129/1129 1130/1130 1106/1106 1105/1105
f 1130/1130 1131/1131 1107/1107 1106/1106
f 1131/1131 1132/1132 1108/1108 1107/1107
f 1132/1132 1133/1133 1109/1109 1108/1108
f 1133/1133 1134/1134 1110/1110 1109/1109
f 1134/1134 1135/1135 1111/1111 1110/1110
f 1135/1135 1136/1136 1112/1112 1111/1111
f 1136/1136 1137/1137 1113/1113 1112/1112
f 1137/1137 1138/1138 1114/1114 1113/1113
f 1138/1138 1139/1139 1115/1115 1114/1114
f 1139/1139 1140/1140 1116/1116 1115/1115
f 1140/1140 1141/1141 1117/1117 1116/1116
f 1141/1141 1142/1142 1118/1118 1117/1117
f 1142/1142 1143/1143 1119/1119 1118/1118
f 1143/1143 1144/1144 1120/1120 1119/1119
f 1144/1144 1145/1145 1121/1121 1120/1120
f 1145/1145 1146/1146 1122/1122 1121/1121
f 1146/1146 1147/1147 1123/1123 1122/1122
f 1147/1147 1148/1148 1124/1124 1123/1123
f 1148/1148 1149/1149 1125/1125 1124/1124
f 1149/1149 1150/1150 1126/1126 1125/1125
f 1150/1150 1151/1151 1127/1127 1126/1126
f 1151/1151 1152/1152 1128/1128 1127/1127
f 1152/1152 1129/1129 1105/1105 1128/1128
f 1153/1153 1154/1154 1130/1130 1129/1129
f 1154/1154 1155/1155 1131/1131 1130/1130
f 1155/1155 1156/1156 1132/1132 1131/1131
f 1156/1156 1157/1157 1133/1133 1132/1132
f 1157/1157 1158/1158 1134/1134 1133/1133
f 1158/1158 1159/1159 1135/1135 1134/1134
f 1159/1159 1160/1160 1136/1136 1135/1135
f 1160/1160 1161/1161 1137/1137 1136/1136
f 1161/1161 1162/1162 1138/1138 1137/1137
f 1162/1162 1163/1163 1139/1139 1138/1138
f 1163/1163 1164/1164 1140/1140 1139/1139
f 1164/1164 1165/1165 1141/1141 1140/1140
f 1165/1165 1166/1166 1142/1142 1141/1141
f 1166/1166 1167/1167 1143/1143 1142/1142
f 1167/1167 1168/1168 1144/1144 1143/1143
f 1168/1168 1169/1169 1145/1145 1144/1144
f 1169/1169 1170/1170 1146/1146 1145/1145
f 1170/1170 1171/1171 1147/1147 1146/1146
f 1171/1171 1172/1172 1148/1148 1147/1147
f 1172/1172 1173/1173 1149/1149 1148/1148
f 1173/1173 1174/1174 1150/1150 1149/1149
f 1174/1174 1175/1175 1151/1151 1150/1150
f 1175/1175 1176/1176 1152/1152 1151/1151
f 1176/1176 1153/1153 1129/1129 1152/1152
f 1177/1177 1178/1178 1154/1154 1153/1153
f 1178/1178 1179/1179 1155/1155 1154/1154
f 1179/1179 1180/1180 1156/1156 1155/1155
f 1180/1180 1181/1181 1157/1157 1156/1156
f 1181/1181 1182/1182 1158/1158 1157/1157
f 1182/1182 1183/1183 1159/1159 1158/1158
f 1183/1183 1184/1184 1160/1160 1159/1159
f 1184/1184 1185/1185 1161/1161 1160/1160
f 1185/1185 1186/1186 1162/1162 1161/1161
f 1186/1186 1187/1187 1163/1163 1162/1162
f 1187/1187 1188/1188 1164/1164 1163/1163
f 1188/1188 1189/1189 1165/1165 1164/1164
f 1189/1189 1190/1190 1166/1166 1165/1165
f 1190/1190 1191/1191 1167/1167 1166/1166
f 1191/1191 1192/1192 1168/1168 1167/1167
f 1192/1192 1193/1193 1169/1169 1168/1168
f 1193/1193 1194/1194 1170/1170 1169/1169
f 1194/1194 1195/1195 1171/1171 1170/1170
f 1195/1195 1196/1196 1172/1172 1171/1171
f 1196/1196 1197/1197 1173/1173 1172/1172
f 1197/1197 1198/1198 1174/1174 1173/1173
f 1198/1198 1199/1199 1175/1175 1174/1174
f 1199/1199 1200/1200 1176/1176 1175/1175
f 1200/1200 1177/1177 1153/1153 1176/1176
f 1201/1201 1202/1202 1178/1178 1177/1177
f 1202/1202 1203/1203 1179/1179 1178/1178
f 1203/1203 1204/1204 1180/1180 1179/1179
f 1204/1204 1205/1205 1181/1181 1180/1180
f 1205/1205 1206/1206 1182/1182 1181/1181
f 1206/1206 1207/1207 1183/1183 1182/1182
f 1207/1207 1208/1208 1184/1184 1183/1183
f 1208/1208 1209/1209 1185/1185 1184/1184
f 1209/1209 1210/1210 1186/1186 1185/1185
f 1210/1210 1211/1211 1187/1187 1186/1186
f 1211/1211 1212/1212 1188/1188 1187/1187
f 1212/1212 1213/1213 1189/1189 1188/1188
f 1213/1213 1214/1214 1190/1190 1189/1189
f 1214/1214 1215/1215 1191/1191 1190/1190
f 1215/1215 1216/1216 1192/1192 1191/1191
f 1216/1216 1217/1217 1193/1193 1192/1192
f 1217/1217 1218/1218 1194/1194 1193/1193
f 1218/1218 1219/1219 1195/1195 1194/1194
f 1219/1219 1220/1220 1196/1196 1195/1195
f 1220/1220 1221/1221 1197/1197 1196/1196
f 1221/1221 1222/1222 1198/1198 1197/1197
f 1222/1222 1223/1223 1199/1199 1198/1198
f 1223/1223 1224/1224 1200/1200 1199/1199
f 1224/1224 1201/1201 1177/1177 1200/1200
f 1225/1225 1226/1226 1202/1202 1201/1201
f 1226/1226 1227/1227 1203/1203 1202/1202
f 1227/1227 1228/1228 1204/1204 1203/1203
f 1228/1228 1229/1229 1205/1205 1204/1204
f 1229/1229 1230/1230 1206/1206 1205/1205
f 1230/1230 1231/1231 1207/1207 1206/1206
f 1231/1231 1232/1232 1208/1208 1207/1207
f 1232/1232 1233/1233 1209/1209 1208/1208
f 1233/1233 1234/1234 1210/1210 1209/1209
f 1234/1234 1235/1235 1211/1211 1210/1210
f 1235/1235 1236/1236 1212/1212 1211/1211
f 1236/1236 1237/1237 1213/1213 1212/1212
f 1237/1237 1238/1238 1214/1214 1213/1213
f 1238/1238 1239/1239 1215/1215 1214/1214
f 1239/1239 1240/1240 1216/1216 1215/1215
f 1240/1240 1241/1241 1217/1217 1216/1216
f 1241/1241 1242/1242 1218/1218 1217/1217
f 1242/1242 1243/1243 1219/1219 1218/1218
f 1243/1243 1244/1244 1220/1220 1219/1219
f 1244/1244 1245/1245 1221/1221 1220/1220
f 1245/1245 1246/1246 1222/1222 1221/1221
f 1246/1246 1247/1247 1223/1223 1222/1222
f 1247/1247 1248/1248 1224/1224 1223/1223
f 1248/1248 1225/1225 1201/1201 1224/1224
f 1249/1249 1250/1250 1226/1226 1225/1225
f 1250/1250 1251/1251 1227/1227 1226/1226
f 1251/1251 1252/1252 1228/1228 1227/1227
f 1252/1252 1253/1253 1229/1229 1228/1228
f 1253/1253 1254/1254 1230/1230 1229/1229
f 1254/1254 1255/1255 1231/1231 1230/1230
f 1255/1255 1256/1256 1232/1232 1231/1231
f 1256/1256 1257/1257 1233/1233 1232/1232
f 1257/1257 1258/1258 1234/1234 1233/1233
f 1258/1258 1259/1259 1235/1235 1234/1234
f 1259/1259 1260/1260 1236/1236 1235/1235
f 1260/1260 1261/1261 1237/1237 1236/1236
f 1261/1261 1262/1262 1238/1238 1237/1237
f 1262/1262 1263/1263 1239/1239 1238/1238
f 1263/1263 1264/1264 1240/1240 1239/1239
f 1264/1264 1265/1265 1241/1241 1240/1240
f 1265/1265 1266/1266 1242/1242 1241/1241
f 1266/1266 1267/1267 1243/1243 1242/1242
f 1267/1267 1268/1268 1244/1244 1243/1243
f 1268/1268 1269/1269 1245/1245 1244/1244
f 1269/1269 1270/1270 1246/1246 1245/1245
f 1270/1270 1271/1271 1247/1247 1246/1246
f 1271/1271 1272/1272 1248/1248 1247/1247
f 1272/1272 1249/1249 1225/1225 1248/1248
f 1273/1273 1274/1274 1250/1250 1249/1249
f 1274/1274 1275/1275 1251/1251 1250/1250
f 1275/1275 1276/1276 1252/1252 1251/1251
f 1276/1276 1277/1277 1253/1253 1252/1252
f 1277/1277 1278/1278 1254/1254 1253/1253
f 1278/1278 1279/1279 1255/1255 1254/1254
f 1279/1279 1280/1280 1256/1256 1255/1255
f 1280/1280 1281/1281 1257/1257 1256/1256
f 1281/1281 1282/1282 1258/1258 1257/1257
f 1282/1282 1283/1283 1259/1259 1258/1258
f 1283/1283 1284/1284 1260/1260 1259/1259
f 1284/1284 1285/1285 1261/1261 1260/1260
f 1285/1285 1286/1286 1262/1262 1261/1261
f 1286/1286 1287/1287 1263/1263 1262/1262
f 1287/1287 1288/1288 1264/1264 1263/1263
f 1288/1288 1289/1289 1265/1265 1264/1264
f 1289/1289 1290/1290 1266/1266 1265/1265
f 1290/1290 1291/1291 1267/1267 1266/1266
f 1291/1291 1292/1292 1268/1268 1267/1267
f 1292/1292 1293/1293 1269/1269 1268/1268
f 1293/1293 1294/1294 1270/1270 1269/1269
f 1294/1294 1295/1295 1271/1271 1270/1270
f 1295/1295 1296/1296 1272/1272 1271/1271
f 1296/1296 1273/1273 1249/1249 1272/1272
f 1297/1297 1298/1298 1274/1274 1273/1273
f 1298/1298 1299/1299 1275/1275 1274/1274
f 1299/1299 1300/1300 1276/1276 1275/1275
f 1300/1300 1301/1301 1277/1277 1276/1276
f 1301/1301 1302/1302 1278/1278 1277/1277
f 1302/1302 1303/1303 1279/1279 1278/1278
f 1303/1303 1304/1304 1280/1280 1279/1279
f 1304/1304 1305/1305 1281/1281 1280/1280
f 1305/1305 1306/1306 1282/1282 1281/1281
f 1306/1306 1307/1307 1283/1283 1282/1282
f 1307/1307 1308/1308 1284/1284 1283/1283
f 1308/1308 1309/1309 1285/1285 1284/1284
f 1309/1309 1310/1310 1286/1286 1285/1285
f 1310/1310 1311/1311 1287/1287 1286/1286
f 1311/1311 1312/1312 1288/1288 1287/1287
f 1312/1312 1313/1313 1289/1289 1288/1288
f 1313/1313 1314/1314 1290/1290 1289/1289
f 1314/1314 1315/1315 1291/1291 1290/1290
f 1315/1315 1316/1316 1292/1292 1291/1291
f 1316/1316 1317/1317 1293/1293 1292/1292
f 1317/1317 1318/1318 1294/1294 1293/1293
f 1318/1318 1319/1319 1295/1295 1294/1294
f 1319/1319 1320/1320 1296/1296 1295/1295
f 1320/1320 1297/1297 1273/1273 1296/1296
f 1321/1321 1322/1322 1298/1298 1297/1297
f 1322/1322 1323/1323 1299/1299 1298/1298
f 1323/1323 1324/1324 1300/1300 1299/1299
f 1324/1324 1325/1325 1301/1301 1300/1300
f 1325/1325 1326/1326 1302/1302 1301/1301
f 1326/1326 1327/1327 1303/1303 1302/1302
f 1327/1327 1328/1328 1304/1304 1303/1303
f 1328/1328 1329/1329 1305/1305 1304/1304
f 1329/1329 1330/1330 1306/1306 1305/1305
f 1330/1330 1331/1331 1307/1307 1306/1306
f 1331/1331 1332/1332 1308/1308 1307/1307
f 1332/1332 1333/1333 1309/1309 1308/1308
f 1333/1333 1334/1334 1310/1310 1309/1309
f 1334/1334 1335/1335 1311/1311 1310/1310
f 1335/1335 1336/1336 1312/1312 1311/1311
f 1336/1336 1337/1337 1313/1313 1312/1312
f 1337/1337 1338/1338 1314/1314 1313/1313
f 1338/1338 1339/1339 1315/1315 1314/1314
f 1339/1339 1340/1340 1316/1316 1315/1315
f 1340/1340 1341/1341 1317/1317 1316/1316
f 1341/1341 1342/1342 1318/1318 1317/1317
f 1342/1342 1343/1343 1319/1319 1318/1318
f 1343/1343 1344/1344 1320/1320 1319/1319
f 1344/1344 1321/1321 1297/1297 1320/1320
f 1345/1345 1346/1346 1322/1322 1321/1321
f 1346/1346 1347/1347 1323/1323 1322/1322
f 1347/1347 1348/1348 1324/1324 1323/1323
f 1348/1348 1349/1349 1325/1325 1324/1324
f 1349/1349 1350/1350 1326/1326 1325/1325
f 1350/1350 1351/1351 1327/1327 1326/1326
f 1351/1351 1352/1352 1328/1328 1327/1327
f 1352/1352 1353/1353 1329/1329 1328/1328
f 1353/1353 1354/1354 1330/1330 1329/1329
f 1354/1354 1355/1355 1331/1331 1330/1330
f 1355/1355 1356/1356 1332/1332 1331/1331
f 1356/1356 1357/1357 1333/1333 1332/1332
f 1357/1357 1358/1358 1334/1334 1333/1333
f 1358/1358 1359/1359 1335/1335 1334/1334
f 1359/1359 1360/1360 1336/1336 1335/1335
f 1360/1360 1361/1361 1337/1337 1336/1336
f 1361/1361 1362/1362 1338/1338 1337/1337
f 1362/1362 1363/1363 1339/1339 1338/1338
f 1363/1363 1364/1364 1340/1340 1339/1339
f 1364/1364 1365/1365 1341/1341 1340/1340
f 1365/1365 1366/1366 1342/1342 1341/1341
f 1366/1366 1367/1367 1343/1343 1342/1342
f 1367/1367 1368/1368 1344/1344 1343/1343
f 1368/1368 1345/1345 1321/1321 1344/1344
f 1369/1369 1370/1370 1346/1346 1345/1345
f 1370/1370 1371/1371 1347/1347 1346/1346
f 1371/1371 1372/1372 1348/1348 1347/1347
f 1372/1372 1373/1373 1349/1349 1348/1348
f 1373/1373 1374/1374 1350/1350 1349/1349
f 1374/1374 1375/1375 1351/1351 1350/1350
f 1375/1375 1376/1376 1352/1352 1351/1351
f 1376/1376 1377/1377 1353/1353 1352/1352
f 1377/1377 1378/1378 1354/1354 1353/1353
f 1378/1378 1379/1379 1355/1355 1354/1354
f 1379/1379 1380/1380 1356/1356 1355/1355
f 1380/1380 1381/1381 1357/1357 1356/1356
f 1381/1381 1382/1382 1358/1358 1357/1357
f 1382/1382 1383/1383 1359/1359 1358/1358
f 1383/1383 1384/1384 1360/1360 1359/1359
f 1384/1384 1385/1385 1361/1361 1360/1360
f 1385/1385 1386/1386 1362/1362 1361/1361
f 1386/1386 1387/1387 1363/1363 1362/1362
f 1387/1387 1388/1388 1364/1364 1363/1363
f 1388/1388 1389/1389 1365/1365 1364/1364
f 1389/1389 1390/1390 1366/1366 1365/1365
f 1390/1390 1391/1391 1367/1367 1366/1366
f 1391/1391 1392/1392 1368/1368 1367/1367
f 1392/1392 1369/1369 1345/1345 1368/1368
f 1417/1417 1418/1418 1394/1394 1393/1393
f 1418/1418 1419/1419 1395/1395 1394/1394
f 1419/1419 1420/1420 1396/1396 1395/1395
f 1420/1420 1421/1421 1397/1397 1396/1396
f 1421/1421 1422/1422 1398/1398 1397/1397
f 1422/1422 1423/1423 1399/1399 1398/1398
f 1423/1423 1424/1424 1400/1400 1399/1399
f 1424/1424 1425/1425 1401/1401 1400/1400
f 1425/1425 1426/1426 1402/1402 1401/1401
f 1426/1426 1427/1427 1403/1403 1402/1402
f 1427/1427 1428/1428 1404/1404 1403/1403
f 1428/1428 1429/1429 1405/1405 1404/1404
f 1429/1429 1430/1430 1406/1406 1405/1405
f 1430/1430 1431/1431 1407/1407 1406/1406
f 1431/1431 1432/1432 1408/1408 1407/1407
f 1432/1432 1433/1433 1409/1409 1408/1408
f 1433/1433 1434/1434 1410/1410 1409/1409
f 1434/1434 1435/1435 1411/1411 1410/1410
f 1435/1435 1436/1436 1412/1412 1411/1411
f 1436/1436 1437/1437 1413/1413 1412/1412
f 1437/1437 1438/1438 1414/1414 1413/1413
f 1438/1438 1439/1439 1415/1415 1414/1414
f 1439/1439 1440/1440 1416/1416 1415/1415
f 1440/1440 1417/1417 1393/1393 1416/1416
f 1441/1441 1442/1442 1418/1418 1417/1417
f 1442/1442 1443/1443 1419/1419 1418/1418
f 1443/1443 1444/1444 1420/1420 1419/1419
f 1444/1444 1445/1445 1421/1421 1420/1420
f 1445/1445 1446/1446 1422/1422 1421/1421
f 1446/1446 1447/1447 1423/1423 1422/1422
f 1447/1447 1448/1448 1424/1424 1423/1423
f 1448/1448 1449/1449 1425/1425 1424/1424
f 1449/1449 1450/1450 1426/1426 1425/1425
f 1450/1450 1451/1451 1427/1427 1426/1426
f 1451/1451 1452/1452 1428/1428 1427/1427
f 1452/1452 1453/1453 1429/1429 1428/1428
f 1453/1453 1454/1454 1430/1430 1429/1429
f 1454/1454 1455/1455 1431/1431 1430/1430
f 1455/1455 1456/1456 1432/1432 1431/1431
f 1456/1456 1457/1457 1433/1433 1432/1432
f 1457/1457 1458/1458 1434/1434 1433/1433
f 1458/1458 1459/1459 1435/1435 1434/1434
f 1459/1459 1460/1460 1436/1436 1435/1435
f 1460/1460 1461/1461 1437/1437 1436/1436
f 1461/1461 1462/1462 1438/1438 1437/1437
f 1462/1462 1463/1463 1439/1439 1438/1438
f 1463/1463 1464/1464 1440/1440 1439/1439
f 1464/1464 1441/1441 1417/1417 1440/1440
f 1465/1465 1466/1466 1442/1442 1441/1441
f 1466/1466 1467/1467 1443/1443 1442/1442
f 1467/1467 1468/1468 1444/1444 1443/1443
f 1468/1468 1469/1469 1445/1445 1444/1444
f 1469/1469 1470/1470 1446/1446 1445/1445
f 1470/1470 1471/1471 1447/1447 1446/1446
f 1471/1471 1472/1472 1448/1448 1447/1447
f 1472/1472 1473/1473 1449/1449 1448/1448
f 1473/1473 1474/1474 1450/1450 1449/1449
f 1474/1474 1475/1475 1451/1451 1450/1450
f 1475/1475 1476/1476 1452/1452 1451/1451
f 1476/1476 1477/1477 1453/1453 1452/1452
f 1477/1477 1478/1478 1454/1454 1453/1453
f 1478/1478 1479/1479 1455/1455 1454/1454
f 1479/1479 1480/1480 1456/1456 1455/1455
f 1480/1480 1481/1481 1457/1457 1456/1456
f 1481/1481 1482/1482 1458/1458 1457/1457
f 1482/1482 1483/1483 1459/1459 1458/1458
f 1483/1483 1484/1484 1460/1460 1459/1459
f 1484/1484 1485/1485 1461/1461 1460/1460
f 1485/1485 1486/1486 1462/1462 1461/1461
f 1486/1486 1487/1487 1463/1463 1462/1462
f 1487/1487 1488/1488 1464/1464 1463/1463
f 1488/1488 1465/1465 1441/1441 1464/1464
f 1489/1489 1490/1490 1466/1466 1465/1465
f 1490/1490 1491/1491 1467/1467 1466/1466
f 1491/1491 1492/1492 1468/1468 1467/1467
f 1492/1492 1493/1493 1469/1469 1468/1468
f 1493/1493 1494/1494 1470/1470 1469/1469
f 1494/1494 1495/1495 1471/1471 1470/1470
f 1495/1495 1496/1496 1472/1472 1471/1471
f 1496/1496 1497/1497 1473/1473 1472/1472
f 1497/1497 1498/1498 1474/1474 1473/1473
f 1498/1498 1499/1499 1475/1475 1474/1474
f 1499/1499 1500/1500 1476/1476 1475/1475
f 1500/1500 1501/1501 1477/1477 1476/1476
f 1501/1501 1502/1502 1478/1478 1477/1477
f 1502/1502 1503/1503 1479/1479 1478/1478
f 1503/1503 1504/1504 1480/1480 1479/1479
f 1504/1504 1505/1505 1481/1481 1480/1480
f 1505/1505 1506/1506 1482/1482 1481/1481
f 1506/1506 1507/1507 1483/1483 1482/1482
f 1507/1507 1508/1508 1484/1484 1483/1483
f 1508/1508 1509/1509 1485/1485 1484/1484
f 1509/1509 1510/1510 1486/1486 1485/1485
f 1510/1510 1511/1511 1487/1487 1486/1486
f 1511/1511 1512/1512 1488/1488 1487/1487
f 1512/1512 1489/1489 1465/1465 1488/1488
f 1513/1513 1514/1514 1490/1490 1489/1489
f 1514/1514 1515/1515 1491/1491 1490/1490
f 1515/1515 1516/1516 1492/1492 1491/1491
f 1516/1516 1517/1517 1493/1493 1492/1492
f 1517/1517 1518/1518 1494/1494 1493/1493
f 1518/1518 1519/1519 1495/1495 1494/1494
f 1519/1519 1520/1520 1496/1496 1495/1495
f 1520/1520 1521/1521 1497/1497 1496/1496
f 1521/1521 1522/1522 1498/1498 1497/1497
f 1522/1522 1523/1523 1499/1499 1498/1498
f 1523/1523 1524/1524 1500/1500 1499/1499
f 1524/1524 1525/1525 1501/1501 1500/1500
f 1525/1525 1526/1526 1502/1502 1501/1501
f 1526/1526 1527/1527 1503/1503 1502/1502
f 1527/1527 1528/1528 1504/1504 1503/1503
f 1528/1528 1529/1529 1505/1505 1504/1504
f 1529/1529 1530/1530 1506/1506 1505/1505
f 1530/1530 1531/1531 1507/1507 1506/1506
f 1531/1531 1532/1532 1508/1508 1507/1507
f 1532/1532 1533/1533 1509/1509 1508/1508
f 1533/1533 1534/1534 1510/1510 1509/1509
f 1534/1534 1535/1535 1511/1511 1510/1510
f 1535/1535 1536/1536 1512/1512 1511/1511
f 1536/1536 1513/1513 1489/1489 1512/1512
f 1537/1537 1538/1538 1514/1514 1513/1513
f 1538/1538 1539/1539 1515/1515 1514/1514
f 1539/1539 1540/1540 1516/1516 1515/1515
f 1540/1540 1541/1541 1517/1517 1516/1516
f 1541/1541 1542/1542 1518/1518 1517/1517
f 1542/1542 1543/1543 1519/1519 1518/1518
f 1543/1543 1544/1544 1520/1520 1519/1519
f 1544/1544 1545/1545 1521/1521 1520/1520
f 1545/1545 1546/1546 1522/1522 1521/1521
f 1546/1546 1547/1547 1523/1523 1522/1522
f 1547/1547 1548/1548 1524/1524 1523/1523
f 1548/1548 1549/1549 1525/1525 1524/1524
f 1549/1549 1550/1550 1526/1526 1525/1525
f 1550/1550 1551/1551 1527/1527 1526/1526
f 1551/1551 1552/1552 1528/1528 1527/1527
f 1552/1552 1553/1553 1529/1529 1528/1528
f 1553/1553 1554/1554 1530/1530 1529/1529
f 1554/1554 1555/1555 1531/1531 1530/1530
f 1555/1555 1556/1556 1532/1532 1531/1531
f 1556/1556 1557/1557 1533/1533 1532/1532
f 1557/1557 1558/1558 1534/1534 1533/1533
f 1558/1558 1559/1559 1535/1535 1534/1534
f 1559/1559 1560/1560 1536/1536 1535/1535
f 1560/1560 1537/1537 1513/1513 1536/1536
f 1561/1561 1562/1562 1538/1538 1537/1537
f 1562/1562 1563/1563 1539/1539 1538/1538
f 1563/1563 1564/1564 1540/1540 1539/1539
f 1564/1564 1565/1565 1541/1541 1540/1540
f 1565/1565 1566/1566 1542/1542 1541/1541
f 1566/1566 1567/1567 1543/1543 1542/1542
f 1567/1567 1568/1568 1544/1544 1543/1543
f 1568/1568 1569/1569 1545/1545 1544/1544
f 1569/1569 1570/1570 1546/1546 1545/1545
f 1570/1570 1571/1571 1547/1547 1546/1546
f 1571/1571 1572/1572 1548/1548 1547/1547
f 1572/1572 1573/1573 1549/1549 1548/1548
f 1573/1573 1574/1574 1550/1550 1549/1549
f 1574/1574 1575/1575 1551/1551 1550/1550
f 1575/1575 1576/1576 1552/1552 1551/1551
f 1576/1576 1577/1577 1553/1553 1552/1552
f 1577/1577 1578/1578 1554/1554 1553/1553
f 1578/1578 1579/1579 1555/1555 1554/1554
f 1579/1579 1580/1580 1556/1556 1555/1555
f 1580/1580 1581/1581 1557/1557 1556/1556
f 1581/1581 1582/1582 1558/1558 1557/1557
f 1582/1582 1583/1583 1559/1559 1558/1558
f 1583/1583 1584/1584 1560/1560 1559/1559
f 1584/1584 1561/1561 1537/1537 1560/1560
f 1585/1585 1586/1586 1562/1562 1561/1561
f 1586/1586 1587/1587 1563/1563 1562/1562
f 1587/1587 1588/1588 1564/1564 1563/1563
f 1588/1588 1589/1589 1565/1565 1564/1564
f 1589/1589 1590/1590 1566/1566 1565/1565
f 1590/1590 1591/1591 1567/1567 1566/1566
f 1591/1591 1592/1592 1568/1568 1567/1567
f 1592/1592 1593/1593 1569/1569 1568/1568
f 1593/1593 1594/1594 1570/1570 1569/1569
f 1594/1594 1595/1595 1571/1571 1570/1570
f 1595/1595 1596/1596 1572/1572 1571/1571
f 1596/1596 1597/1597 1573/1573 1572/1572
f 1597/1597 1598/1598 1574/1574 1573/1573
f 1598/1598 1599/1599 1575/1575 1574/1574
f 1599/1599 1600/1600 1576/1576 1575/1575
f 1600/1600 1601/1601 1577/1577 1576/1576
f 1601/1601 1602/1602 1578/1578 1577/1577
f 1602/1602 1603/1603 1579/1579 1578/1578
f 1603/1603 1604/1604 1580/1580 1579/1579
f 1604/1604 1605/1605 1581/1581 1580/1580
f 1605/1605 1606/1606 1582/1582 1581/1581
f 1606/1606 1607/1607 1583/1583 1582/1582
f 1607/1607 1608/1608 1584/1584 1583/1583
f 1608/1608 1585/1585 1561/1561 1584/1584
f 1609/1609 1610/1610 1586/1586 1585/1585
f 1610/1610 1611/1611 1587/1587 1586/1586
f 1611/1611 1612/1612 1588/1588 1587/1587
f 1612/1612 1613/1613 1589/1589 1588/1588
f 1613/1613 1614/1614 1590/1590 1589/1589
f 1614/1614 1615/1615 1591/1591 1590/1590
f 1615/1615 1616/1616 1592/1592 1591/1591
f 1616/1616 1617/1617 1593/1593 1592/1592
f 1617/1617 1618/1618 1594/1594 1593/1593
f 1618/1618 1619/1619 1595/1595 1594/1594
f 1619/1619 1620/1620 1596/1596 1595/1595
f 1620/1620 1621/1621 1597/1597 1596/1596
f 1621/1621 1622/1622 1598/1598 1597/1597
f 1622/1622 1623/1623 1599/1599 1598/1598
f 1623/1623 1624/1624 1600/1600 1599/1599
f 1624/1624 1625/1625 1601/1601 1600/1600
f 1625/1625 1626/1626 1602/1602 1601/1601
f 1626/1626 1627/1627 1603/1603 1602/1602
f 1627/1627 1628/1628 1604/1604 1603/1603
f 1628/1628 1629/1629 1605/1605 1604/1604
f 1629/1629 1630/1630 1606/1606 1605/1605
f 1630/1630 1631/1631 1607/1607 1606/1606
f 1631/1631 1632/1632 1608/1608 1607/1607
f 1632/1632 1609/1609 1585/1585 1608/1608
f 1633/1633 1634/1634 1610/1610 1609/1609
f 1634/1634 1635/1635 1611/1611 1610/1610
f 1635/1635 1636/1636 1612/1612 1611/1611
f 1636/1636 1637/1637 1613/1613 1612/1612
f 1637/1637 1638/1638 1614/1614 1613/1613
f 1638/1638 1639/1639 1615/1615 1614/1614
f 1639/1639 1640/1640 1616/1616 1615/1615
f 1640/1640 1641/1641 1617/1617 1616/1616
f 1641/1641 1642/1642 1618/1618 1617/1617
f 1642/1642 1643/1643 1619/1619 1618/1618
f 1643/1643 1644/1644 1620/1620 1619/1619
f 1644/1644 1645/1645 1621/1621 1620/1620
f 1645/1645 1646/1646 1622/1622 1621/1621
f 1646/1646 1647/1647 1623/1623 1622/1622
f 1647/1647 1648/1648 1624/1624 1623/1623
f 1648/1648 1649/1649 1625/1625 1624/1624
f 1649/1649 1650/1650 1626/1626 1625/1625
f 1650/1650 1651/1651 1627/1627 1626/1626
f 1651/1651 1652/1652 1628/1628 1627/1627
f 1652/1652 1653/1653 1629/1629 1628/1628
f 1653/1653 1654/1654 1630/1630 1629/1629
f 1654/1654 1655/1655 1631/1631 1630/1630
f 1655/1655 1656/1656 1632/1632 1631/1631
f 1656/1656 1633/1633 1609/1609 1632/1632
f 1657/1657 1658/1658 1634/1634 1633/1633
f 1658/1658 1659/1659 1635/1635 1634/1634
f 1659/1659 1660/1660 1636/1636 1635/1635
f 1660/1660 1661/1661 1637/1637 1636/1636
f 1661/1661 1662/1662 1638/1638 1637/1637
f 1662/1662 1663/1663 1639/1639 1638/1638
f 1663/1663 1664/1664 1640/1640 1639/1639
f 1664/1664 1665/1665 1641/1641 1640/1640
f 1665/1665 1666/1666 1642/1642 1641/1641
f 1666/1666 1667/1667 1643/1643 1642/1642
f 1667/1667 1668/1668 1644/1644 1643/1643
f 1668/1668 1669/1669 1645/1645 1644/1644
f 1669/1669 1670/1670 1646/1646 1645/1645
f 1670/1670 1671/1671 1647/1647 1646/1646
f 1671/1671 1672/1672 1648/1648 1647/1647
f 1672/1672 1673/1673 1649/1649 1648/1648
f 1673/1673 1674/1674 1650/1650 1649/1649
f 1674/1674 1675/1675 1651/1651 1650/1650
f 1675/1675 1676/1676 1652/1652 1651/1651
f 1676/1676 1677/1677 1653/1653 1652/1652
f 1677/1677 1678/1678 1654/1654 1653/1653
f 1678/1678 1679/1679 1655/1655 1654/1654
f 1679/1679 1680/1680 1656/1656 1655/1655
f 1680/1680 1657/1657 1633/1633 1656/1656
f 1681/1681 1682/1682 1658/1658 1657/1657
f 1682/1682 1683/1683 1659/1659 1658/1658
f 1683/1683 1684/1684 1660/1660 1659/1659
f 1684/1684 1685/1685 1661/1661 1660/1660
f 1685/1685 1686/1686 1662/1662 1661/1661
f 1686/1686 1687/1687 1663/1663 1662/1662
f 1687/1687 1688/1688 1664/1664 1663/1663
f 1688/1688 1689/1689 1665/1665 1664/1664
f 1689/1689 1690/1690 1666/1666 1665/1665
f 1690/1690 1691/1691 1667/1667 1666/1666
f 1691/1691 1692/1692 1668/1668 1667/1667
f 1692/1692 1693/1693 1669/1669 1668/1668
f 1693/1693 1694/1694 1670/1670 1669/1669
f 1694/1694 1695/1695 1671/1671 1670/1670
f 1695/1695 1696/1696 1672/1672 1671/1671
f 1696/1696 1697/1697 1673/1673 1672/1672
f 1697/1697 1698/1698 1674/1674 1673/1673
f 1698/1698 1699/1699 1675/1675 1674/1674
f 1699/1699 1700/1700 1676/1676 1675/1675
f 1700/1700 1701/1701 1677/1677 1676/1676
f 1701/1701 1702/1702 1678/1678 1677/1677
f 1702/1702 1703/1703 1679/1679 1678/1678
f 1703/1703 1704/1704 1680/1680 1679/1679
f 1704/1704 1681/1681 1657/1657 1680/1680
f 1729/1729 1730/1730 1706/1706 1705/1705
f 1730/1730 1731/1731 1707/1707 1706/1706
f 1731/1731 1732/1732 1708/1708 1707/1707
f 1732/1732 1733/1733 1709/1709 1708/1708
f 1733/1733 1734/1734 1710/1710 1709/1709
f 1734/1734 1735/1735 1711/1711 1710/1710
f 1735/1735 1736/1736 1712/1712 1711/1711
f 1736/1736 1737/1737 1713/1713 1712/1712
f 1737/1737 1738/1738 1714/1714 1713/1713
f 1738/1738 1739/1739 1715/1715 1714/1714
f 1739/1739 1740/1740 1716/1716 1715/1715
f 1740/1740 1741/1741 1717/1717 1716/1716
f 1741/1741 1742/1742 1718/1718 1717/1717
f 1742/1742 1743/1743 1719/1719 1718/1718
f 1743/1743 1744/1744 1720/1720 1719/1719
f 1744/1744 1745/1745 1721/1721 1720/1720
f 1745/1745 1746/1746 1722/1722 1721/1721
f 1746/1746 1747/1747 1723/1723 1722/1722
f 1747/1747 1748/1748 1724/1724 1723/1723
f 1748/1748 1749/1749 1725/1725 1724/1724
f 1749/1749 1750/1750 1726/1726 1725/1725
f 1750/1750 1751/1751 1727/1727 1726/1726
f 1751/1751 1752/1752 1728/1728 1727/1727
f 1752/1752 1729/1729 1705/1705 1728/1728
f 1753/1753 1754/1754 1730/1730 1729/1729
f 1754/1754 1755/1755 1731/1731 1730/1730
f 1755/1755 1756/1756 1732/1732 1731/1731
f 1756/1756 1757/1757 1733/1733 1732/1732
f 1757/1757 1758/1758 1734/1734 1733/1733
f 1758/1758 1759/1759 1735/1735 1734/1734
f 1759/1759 1760/1760 1736/1736 1735/1735
f 1760/1760 1761/1761 1737/1737 1736/1736
f 1761/1761 1762/1762 1738/1738 1737/1737
f 1762/1762 1763/1763 1739/1739 1738/1738
f 1763/1763 1764/1764 1740/1740 1739/1739
f 1764/1764 1765/1765 1741/1741 1740/1740
f 1765/1765 1766/1766 1742/1742 1741/1741
f 1766/1766 1767/1767 1743/1743 1742/1742
f 1767/1767 1768/1768 1744/1744 1743/1743
f 1768/1768 1769/1769 1745/1745 1744/1744
f 1769/1769 1770/1770 1746/1746 1745/1745
f 1770/1770 1771/1771 1747/1747 1746/1746
f 1771/1771 1772/1772 1748/1748 1747/1747
f 1772/1772 1773/1773 1749/1749 1748/1748
f 1773/1773 1774/1774 1750/1750 1749/1749
f 1774/1774 1775/1775 1751/1751 1750/1750
f 1775/1775 1776/1776 1752/1752 1751/1751
f 1776/1776 1753/1753 1729/1729 1752/1752
f 1777/1777 1778/1778 1754/1754 1753/1753
f 1778/1778 1779/1779 1755/1755 1754/1754
f 1779/1779 1780/1780 1756/1756 1755/1755
f 1780/1780 1781/1781 1757/1757 1756/1756
f 1781/1781 1782/1782 1758/1758 1757/1757
f 1782/1782 1783/1783 1759/1759 1758/1758
f 1783/1783 1784/1784 1760/1760 1759/1759
f 1784/1784 1785/1785 1761/1761 1760/1760
f 1785/1785 1786/1786 1762/1762 1761/1761
f 1786/1786 1787/1787 1763/1763 1762/1762
f 1787/1787 1788/1788 1764/1764 1763/1763
f 1788/1788 1789/1789 1765/1765 1764/1764
f 1789/1789 1790/1790 1766/1766 1765/1765
f 1790/1790 1791/1791 1767/1767 1766/1766
f 1791/1791 1792/1792 1768/1768 1767/1767
f 1792/1792 1793/1793 1769/1769 1768/1768
f 1793/1793 1794/1794 1770/1770 1769/1769
f 1794/1794 1795/1795 1771/1771 1770/1770
f 1795/1795 1796/1796 1772/1772 1771/1771
f 1796/1796 1797/1797 1773/1773 1772/1772
f 1797/1797 1798/1798 1774/1774 1773/1773
f 1798/1798 1799/1799 1775/1775 1774/1774
f 1799/1799 1800/1800 1776/1776 1775/1775
f 1800/1800 1777/1777 1753/1753 1776/1776
f 1801/1801 1802/1802 1778/1778 1777/1777
f 1802/1802 1803/1803 1779/1779 1778/1778
f 1803/1803 1804/1804 1780/1780 1779/1779
f 1804/1804 1805/1805 1781/1781 1780/1780
f 1805/1805 1806/1806 1782/1782 1781/1781
f 1806/1806 1807/1807 1783/1783 1782/1782
f 1807/1807 1808/1808 1784/1784 1783/1783
f 1808/1808 1809/1809 1785/1785 1784/1784
f 1809/1809 1810/1810 1786/1786 1785/1785
f 1810/1810 1811/1811 1787/1787 1786/1786
f 1811/1811 1812/1812 1788/1788 1787/1787
f 1812/1812 1813/1813 1789/1789 1788/1788
f 1813/1813 1814/1814 1790/1790 1789/1789
f 1814/1814 1815/1815 1791/1791 1790/1790
f 1815/1815 1816/1816 1792/1792 1791/1791
f 1816/1816 1817/1817 1793/1793 1792/1792
f 1817/1817 1818/1818 1794/1794 1793/1793
f 1818/1818 1819/1819 1795/1795 1794/1794
f 1819/1819 1820/1820 1796/1796 1795/1795
f 1820/1820 1821/1821 1797/1797 1796/1796
f 1821/1821 1822/1822 1798/1798 1797/1797
f 1822/1822 1823/1823 1799/1799 1798/1798
f 1823/1823 1824/1824 1800/1800 1799/1799
f 1824/1824 1801/1801 1777/1777 1800/1800
f 1825/1825 1826/1826 1802/1802 1801/1801
f 1826/1826 1827/1827 1803/1803 1802/1802
f 1827/1827 1828/1828 1804/1804 1803/1803
f 1828/1828 1829/1829 1805/1805 1804/1804
f 1829/1829 1830/1830 1806/1806 1805/1805
f 1830/1830 1831/1831 1807/1807 1806/1806
f 1831/1831 1832/1832 1808/1808 1807/1807
f 1832/1832 1833/1833 1809/1809 1808/1808
f 1833/1833 1834/1834 1810/1810 1809/1809
f 1834/1834 1835/1835 1811/1811 1810/1810
f 1835/1835 1836/1836 1812/1812 1811/1811
f 1836/1836 1837/1837 1813/1813 1812/1812
f 1837/1837 1838/1838 1814/1814 1813/1813
f 1838/1838 1839/1839 1815/1815 1814/1814
f 1839/1839 1840/1840 1816/1816 1815/1815
f 1840/1840 1841/1841 1817/1817 1816/1816
f 1841/1841 1842/1842 1818/1818 1817/1817
f 1842/1842 1843/1843 1819/1819 1818/1818
f 1843/1843 1844/1844 1820/1820 1819/1819
f 1844/1844 1845/1845 1821/1821 1820/1820
f 1845/1845 1846/1846 1822/1822 1821/1821
f 1846/1846 1847/1847 1823/1823 1822/1822
f 1847/1847 1848/1848 1824/1824 1823/1823
f 1848/1848 1825/1825 1801/1801 1824/1824
f 1849/1849 1850/1850 1826/1826 1825/1825
f 1850/1850 1851/1851 1827/1827 1826/1826
f 1851/1851 1852/1852 1828/1828 1827/1827
f 1852/1852 1853/1853 1829/1829 1828/1828
f 1853/1853 1854/1854 1830/1830 1829/1829
f 1854/1854 1855/1855 1831/1831 1830/1830
f 1855/1855 1856/1856 1832/1832 1831/1831
f 1856/1856 1857/1857 1833/1833 1832/1832
f 1857/1857 1858/1858 1834/1834 1833/1833
f 1858/1858 1859/1859 1835/1835 1834/1834
f 1859/1859 1860/1860 1836/1836 1835/1835
f 1860/1860 1861/1861 1837/1837 1836/1836
f 1861/1861 1862/1862 1838/1838 1837/1837
f 1862/1862 1863/1863 1839/1839 1838/1838
f 1863/1863 1864/1864 1840/1840 1839/1839
f 1864/1864 1865/1865 1841/1841 1840/1840
f 1865/1865 1866/1866 1842/1842 1841/1841
f 1866/1866 1867/1867 1843/1843 1842/1842
f 1867/1867 1868/1868 1844/1844 1843/1843
f 1868/1868 1869/1869 1845/1845 1844/1844
f 1869/1869 1870/1870 1846/1846 1845/1845
f 1870/1870 1871/1871 1847/1847 1846/1846
f 1871/1871 1872/1872 1848/1848 1847/1847
f 1872/1872 1849/1849 1825/1825 1848/1848
f 1873/1873 1874/1874 1850/1850 1849/1849
f 1874/1874 1875/1875 1851/1851 1850/1850
f 1875/1875 1876/1876 1852/1852 1851/1851
f 1876/1876 1877/1877 1853/1853 1852/1852
f 1877/1877 1878/1878 1854/1854 1853/1853
f 1878/1878 1879/1879 1855/1855 1854/1854
f 1879/1879 1880/1880 1856/1856 1855/1855
f 1880/1880 1881/1881 1857/1857 1856/1856
f 1881/1881 1882/1882 1858/1858 1857/1857
f 1882/1882 1883/1883 1859/1859 1858/1858
f 1883/1883 1884/1884 1860/1860 1859/1859
f 1884/1884 1885/1885 1861/1861 1860/1860
f 1885/1885 1886/1886 1862/1862 1861/1861
f 1886/1886 1887/1887 1863/1863 1862/1862
f 1887/1887 1888/1888 1864/1864 1863/1863
f 1888/1888 1889/1889 1865/1865 1864/1864
f 1889/1889 1890/1890 1866/1866 1865/1865
f 1890/1890 1891/1891 1867/1867 1866/1866
f 1891/1891 1892/1892 1868/1868 1867/1867
f 1892/1892 1893/1893 1869/1869 1868/1868
f 1893/1893 1894/1894 1870/1870 1869/1869
f 1894/1894 1895/1895 1871/1871 1870/1870
f 1895/1895 1896/1896 1872/1872 1871/1871
f 1896/1896 1873/1873 1849/1849 1872/1872
f 1897/1897 1898/1898 1874/1874 1873/1873
f 1898/1898 1899/1899 1875/1875 1874/1874
f 1899/1899 1900/1900 1876/1876 1875/1875
f 1900/1900 1901/1901 1877/1877 1876/1876
f 1901/1901 1902/1902 1878/1878 1877/1877
f 1902/1902 1903/1903 1879/1879 1878/1878
f 1903/1903 1904/1904 1880/1880 1879/1879
f 1904/1904 1905/1905 1881/1881 1880/1880
f 1905/1905 1906/1906 1882/1882 1881/1881
f 1906/1906 1907/1907 1883/1883 1882/1882
f 1907/1907 1908/1908 1884/1884 1883/1883
f 1908/1908 1909/1909 1885/1885 1884/1884
f 1909/1909 1910/1910 1886/1886 1885/1885
f 1910/1910 1911/1911 1887/1887 1886/1886
f 1911/1911 1912/1912 1888/1888 1887/1887
f 1912/1912 1913/1913 1889/1889 1888/1888
f 1913/1913 1914/1914 1890/1890 1889/1889
f 1914/1914 1915/1915 1891/1891 1890/1890
f 1915/1915 1916/1916 1892/1892 1891/1891
f 1916/1916 1917/1917 1893/1893 1892/1892
f 1917/1917 1918/1918 1894/1894 1893/1893
f 1918/1918 1919/1919 1895/1895 1894/1894
f 1919/1919 1920/1920 1896/1896 1895/1895
f 1920/1920 1897/1897 1873/1873 1896/1896
f 1921/1921 1922/1922 1898/1898 1897/1897
f 1922/1922 1923/1923 1899/1899 1898/1898
f 1923/1923 1924/1924 1900/1900 1899/1899
f 1924/1924 1925/1925 1901/1901 1900/1900
f 1925/1925 1926/1926 1902/1902 1901/1901
f 1926/1926 1927/1927 1903/1903 1902/1902
f 1927/1927 1928/1928 1904/1904 1903/1903
f 1928/1928 1929/1929 1905/1905 1904/1904
f 1929/1929 1930/1930 1906/1906 1905/1905
f 1930/1930 1931/1931 1907/1907 1906/1906
f 1931/1931 1932/1932 1908/1908 1907/1907
f 1932/1932 1933/1933 1909/1909 1908/1908
f 1933/1933 1934/1934 1910/1910 1909/1909
f 1934/1934 1935/1935 1911/1911 1910/1910
f 1935/1935 1936/1936 1912/1912 1911/1911
f 1936/1936 1937/1937 1913/1913 1912/1912
f 1937/1937 1938/1938 1914/1914 1913/1913
f 1938/1938 1939/1939 1915/1915 1914/1914
f 1939/1939 1940/1940 1916/1916 1915/1915
f 1940/1940 1941/1941 1917/1917 1916/1916
f 1941/1941 1942/1942 1918/1918 1917/1917
f 1942/1942 1943/1943 1919/1919 1918/1918
f 1943/1943 1944/1944 1920/1920 1919/1919
f 1944/1944 1921/1921 1897/1897 1920/1920
f 1945/1945 1946/1946 1922/1922 1921/1921
f 1946/1946 1947/1947 1923/1923 1922/1922
f 1947/1947 1948/1948 1924/1924 1923/1923
f 1948/1948 1949/1949 1925/1925 1924/1924
f 1949/1949 1950/1950 1926/1926 1925/1925
f 1950/1950 1951/1951 1927/1927 1926/1926
f 1951/1951 1952/1952 1928/1928 1927/1927
f 1952/1952 1953/1953 1929/1929 1928/1928
f 1953/1953 1954/1954 1930/1930 1929/1929
f 1954/1954 1955/1955 1931/1931 1930/1930
f 1955/1955 1956/1956 1932/1932 1931/1931
f 1956/1956 1957/1957 1933/1933 1932/1932
f 1957/1957 1958/1958 1934/1934 1933/1933
f 1958/1958 1959/1959 1935/1935 1934/1934
f 1959/1959 1960/1960 1936/1936 1935/1935
f 1960/1960 1961/1961 1937/1937 1936/1936
f 1961/1961 1962/1962 1938/1938 1937/1937
f 1962/1962 1963/1963 1939/1939 1938/1938
f 1963/1963 1964/1964 1940/1940 1939/1939
f 1964/1964 1965/1965 1941/1941 1940/1940
f 1965/1965 1966/1966 1942/1942 1941/1941
f 1966/1966 1967/1967 1943/1943 1942/1942
f 1967/1967 1968/1968 1944/1944 1943/1943
f 1968/1968 1945/1945 1921/1921 1944/1944
f 1969/1969 1970/1970 1946/1946 1945/1945
f 1970/1970 1971/1971 1947/1947 1946/1946
f 1971/1971 1972/1972 1948/1948 1947/1947
f 1972/1972 1973/1973 1949/1949 1948/1948
f 1973/1973 1974/1974 1950/1950 1949/1949
f 1974/1974 1975/1975 1951/1951 1950/1950
f 1975/1975 1976/1976 1952/1952 1951/1951
f 1976/1976 1977/1977 1953/1953 1952/1952
f 1977/1977 1978/1978 1954/1954 1953/1953
f 1978/1978 1979/1979 1955/1955 1954/1954
f 1979/1979 1980/1980 1956/1956 1955/1955
f 1980/1980 1981/1981 1957/1957 1956/1956
f 1981/1981 1982/1982 1958/1958 1957/1957
f 1982/1982 1983/1983 1959/1959 1958/1958
f 1983/1983 1984/1984 1960/1960 1959/1959
f 1984/1984 1985/1985 1961/1961 1960/1960
f 1985/1985 1986/1986 1962/1962 1961/1961
f 1986/1986 1987/1987 1963/1963 1962/1962
f 1987/1987 1988/1988 1964/1964 1963/1963
f 1988/1988 1989/1989 1965/1965 1964/1964
f 1989/1989 1990/1990 1966/1966 1965/1965
f 1990/1990 1991/1991 1967/1967 1966/1966
f 1991/1991 1992/1992 1968/1968 1967/1967
f 1992/1992 1969/1969 1945/1945 1968/1968
f 1993/1993 1994/1994 1970/1970 1969/1969
f 1994/1994 1995/1995 1971/1971 1970/1970
f 1995/1995 1996/1996 1972/1972 1971/1971
f 1996/1996 1997/1997 1973/1973 1972/1972
f 1997/1997 1998/1998 1974/1974 1973/1973
f 1998/1998 1999/1999 1975/1975 1974/1974
f 1999/1999 2000/2000 1976/1976 1975/1975
f 2000/2000 2001/2001 1977/1977 1976/1976
f 2001/2001 2002/2002 1978/1978 1977/1977
f 2002/2002 2003/2003 1979/1979 1978/1978
f 2003/2003 2004/2004 1980/1980 1979/1979
f 2004/2004 2005/2005 1981/1981 1980/1980
f 2005/2005 2006/2006 1982/1982 1981/1981
f 2006/2006 2007/2007 1983/1983 1982/1982
f 2007/2007 2008/2008 1984/1984 1983/1983
f 2008/2008 2009/2009 1985/1985 1984/1984
f 2009/2009 2010/2010 1986/1986 1985/1985
f 2010/2010 2011/2011 1987/1987 1986/1986
f 2011/2011 2012/2012 1988/1988 1987/1987
f 2012/2012 2013/2013 1989/1989 1988/1988
f 2013/2013 2014/2014 1990/1990 1989/1989
f 2014/2014 2015/2015 1991/1991 1990/1990
f 2015/2015 2016/2016 1992/1992 1991/1991
f 2016/2016 1993/1993 1969/1969 1992/1992
f 2041/2041 2042/2042 2018/2018 2017/2017
f 2042/2042 2043/2043 2019/2019 2018/2018
f 2043/2043 2044/2044 2020/2020 2019/2019
f 2044/2044 2045/2045 2021/2021 2020/2020
f 2045/2045 2046/2046 2022/2022 2021/2021
f 2046/2046 2047/2047 2023/2023 2022/2022
f 2047/2047 2048/2048 2024/2024 2023/2023
f 2048/2048 2049/2049 2025/2025 2024/2024
f 2049/2049 2050/2050 2026/2026 2025/2025
f 2050/2050 2051/2051 2027/2027 2026/2026
f 2051/2051 2052/2052 2028/2028 2027/2027
f 2052/2052 2053/2053 2029/2029 2028/2028
f 2053/2053 2054/2054 2030/2030 2029/2029
f 2054/2054 2055/2055 2031/2031 2030/2030
f 2055/2055 2056/2056 2032/2032 2031/2031
f 2056/2056 2057/2057 2033/2033 2032/2032
f 2057/2057 2058/2058 2034/2034 2033/2033
f 2058/2058 2059/2059 2035/2035 2034/2034
f 2059/2059 2060/2060 2036/2036 2035/2035
f 2060/2060 2061/2061 2037/2037 2036/2036
f 2061/2061 2062/2062 2038/2038 2037/2037
f 2062/2062 2063/2063 2039/2039 2038/2038
f 2063/2063 2064/2064 2040/2040 2039/2039
f 2064/2064 2041/2041 2017/2017 2040/2040
f 2065/2065 2066/2066 2042/2042 2041/2041
f 2066/2066 2067/2067 2043/2043 2042/2042
f 2067/2067 2068/2068 2044/2044 2043/2043
f 2068/2068 2069/2069 2045/2045 2044/2044
f 2069/2069 2070/2070 2046/2046 2045/2045
f 2070/2070 2071/2071 2047/2047 2046/2046
f 2071/2071 2072/2072 2048/2048 2047/2047
f 2072/2072 2073/2073 2049/2049 2048/2048
f 2073/2073 2074/2074 2050/2050 2049/2049
f 2074/2074 2075/2075 2051/2051 2050/2050
f 2075/2075 2076/2076 2052/2052 2051/2051
f 2076/2076 2077/2077 2053/2053 2052/2052
f 2077/2077 2078/2078 2054/2054 2053/2053
f 2078/2078 2079/2079 2055/2055 2054/2054
f 2079/2079 2080/2080 2056/2056 2055/2055
f 2080/2080 2081/2081 2057/2057 2056/2056
f 2081/2081 2082/2082 2058/2058 2057/2057
f 2082/2082 2083/2083 2059/2059 2058/2058
f 2083/2083 2084/2084 2060/2060 2059/2059
f 2084/2084 2085/2085 2061/2061 2060/2060
f 2085/2085 2086/2086 2062/2062 2061/2061
f 2086/2086 2087/2087 2063/2063 2062/2062
f 2087/2087 2088/2088 2064/2064 2063/2063
f 2088/2088 2065/2065 2041/2041 2064/2064
f 2089/2089 2090/2090 2066/2066 2065/2065
f 2090/2090 2091/2091 2067/2067 2066/2066
f 2091/2091 2092/2092 2068/2068 2067/2067
f 2092/2092 2093/2093 2069/2069 2068/2068
f 2093/2093 2094/2094 2070/2070 2069/2069
f 2094/2094 2095/2095 2071/2071 2070/2070
f 2095/2095 2096/2096 2072/2072 2071/2071
f 2096/2096 2097/2097 2073/2073 2072/2072
f 2097/2097 2098/2098 2074/2074 2073/2073
f 2098/2098 2099/2099 2075/2075 2074/2074
f 2099/2099 2100/2100 2076/2076 2075/2075
f 2100/2100 2101/2101 2077/2077 2076/2076
f 2101/2101 2102/2102 2078/2078 2077/2077
f 2102/2102 2103/2103 2079/2079 2078/2078
f 2103/2103 2104/2104 2080/2080 2079/2079
f 2104/2104 2105/2105 2081/2081 2080/2080
f 2105/2105 2106/2106 2082/2082 2081/2081
f 2106/2106 2107/2107 2083/2083 2082/2082
f 2107/2107 2108/2108 2084/2084 2083/2083
f 2108/2108 2109/2109 2085/2085 2084/2084
f 2109/2109 2110/2110 2086/2086 2085/2085
f 2110/2110 2111/2111 2087/2087 2086/2086
f 2111/2111 2112/2112 2088/2088 2087/2087
f 2112/2112 2089/2089 2065/2065 2088/2088
f 2113/2113 2114/2114 2090/2090 2089/2089
f 2114/2114 2115/2115 2091/2091 2090/2090
f 2115/2115 2116/2116 2092/2092 2091/2091
f 2116/2116 2117/2117 2093/2093 2092/2092
f 2117/2117 2118/2118 2094/2094 2093/2093
f 2118/2118 2119/2119 2095/2095 2094/2094
f 2119/2119 2120/2120 2096/2096 2095/2095
f 2120/2120 2121/2121 2097/2097 2096/2096
f 2121/2121 2122/2122 2098/2098 2097/2097
f 2122/2122 2123/2123 2099/2099 2098/2098
f 2123/2123 2124/2124 2100/2100 2099/2099
f 2124/2124 2125/2125 2101/2101 2100/2100
f 2125/2125 2126/2126 2102/2102 2101/2101
f 2126/2126 2127/2127 2103/2103 2102/2102
f 2127/2127 2128/2128 2104/2104 2103/2103
f 2128/2128 2129/2129 2105/2105 2104/2104
f 2129/2129 2130/2130 2106/2106 2105/2105
f 2130/2130 2131/2131 2107/2107 2106/2106
f 2131/2131 2132/2132 2108/2108 2107/2107
f 2132/2132 2133/2133 2109/2109 2108/2108
f 2133/2133 2134/2134 2110/2110 2109/2109
f 2134/2134 2135/2135 2111/2111 2110/2110
f 2135/2135 2136/2136 2112/2112 2111/2111
f 2136/2136 2113/2113 2089/2089 2112/2112
f 2137/2137 2138/2138 2114/2114 2113/2113
f 2138/2138 2139/2139 2115/2115 2114/2114
f 2139/2139 2140/2140 2116/2116 2115/2115
f 2140/2140 2141/2141 2117/2117 2116/2116
f 2141/2141 2142/2142 2118/2118 2117/2117
f 2142/2142 2143/2143 2119/2119 2118/2118
f 2143/2143 2144/2144 2120/2120 2119/2119
f 2144/2144 2145/2145 2121/2121 2120/2120
f 2145/2145 2146/2146 2122/2122 2121/2121
f 2146/2146 2147/2147 2123/2123 2122/2122
f 2147/2147 2148/2148 2124/2124 2123/2123
f 2148/2148 2149/2149 2125/2125 2124/2124
f 2149/2149 2150/2150 2126/2126 2125/2125
f 2150/2150 2151/2151 2127/2127 2126/2126
f 2151/2151 2152/2152 2128/2128 2127/2127
f 2152/2152 2153/2153 2129/2129 2128/2128
f 2153/2153 2154/2154 2130/2130 2129/2129
f 2154/2154 2155/2155 2131/2131 2130/2130
f 2155/2155 2156/2156 2132/2132 2131/2131
f 2156/2156 2157/2157 2133/2133 2132/2132
f 2157/2157 2158/2158 2134/2134 2133/2133
f 2158/2158 2159/2159 2135/2135 2134/2134
f 2159/2159 2160/2160 2136/2136 2135/2135
f 2160/2160 2137/2137 2113/2113 2136/2136
f 2161/2161 2162/2162 2138/2138 2137/2137
f 2162/2162 2163/2163 2139/2139 2138/2138
f 2163/2163 2164/2164 2140/2140 2139/2139
f 2164/2164 2165/2165 2141/2141 2140/2140
f 2165/2165 2166/2166 2142/2142 2141/2141
f 2166/2166 2167/2167 2143/2143 2142/2142
f 2167/2167 2168/2168 2144/2144 2143/2143
f 2168/2168 2169/2169 2145/2145 2144/2144
f 2169/2169 2170/2170 2146/2146 2145/2145
f 2170/2170 2171/2171 2147/2147 2146/2146
f 2171/2171 2172/2172 2148/2148 2147/2147
f 2172/2172 2173/2173 2149/2149 2148/2148
f 2173/2173 2174/2174 2150/2150 2149/2149
f 2174/2174 2175/2175 2151/2151 2150/2150
f 2175/2175 2176/2176 2152/2152 2151/2151
f 2176/2176 2177/2177 2153/2153 2152/2152
f 2177/2177 2178/2178 2154/2154 2153/2153
f 2178/2178 2179/2179 2155/2155 2154/2154
f 2179/2179 2180/2180 2156/2156 2155/2155
f 2180/2180 2181/2181 2157/2157 2156/2156
f 2181/2181 2182/2182 2158/2158 2157/2157
f 2182/2182 2183/2183 2159/2159 2158/2158
f 2183/2183 2184/2184 2160/2160 2159/2159
f 2184/2184 2161/2161 2137/2137 2160/2160
f 2185/2185 2186/2186 2162/2162 2161/2161
f 2186/2186 2187/2187 2163/2163 2162/2162
f 2187/2187 2188/2188 2164/2164 2163/2163
f 2188/2188 2189/2189 2165/2165 2164/2164
f 2189/2189 2190/2190 2166/2166 2165/2165
f 2190/2190 2191/2191 2167/2167 2166/2166
f 2191/2191 2192/2192 2168/2168 2167/2167
f 2192/2192 2193/2193 2169/2169 2168/2168
f 2193/2193 2194/2194 2170/2170 2169/2169
f 2194/2194 2195/2195 2171/2171 2170/2170
f 2195/2195 2196/2196 2172/2172 2171/2171
f 2196/2196 2197/2197 2173/2173 2172/2172
f 2197/2197 2198/2198 2174/2174 2173/2173
f 2198/2198 2199/2199 2175/2175 2174/2174
f 2199/2199 2200/2200 2176/2176 2175/2175
f 2200/2200 2201/2201 2177/2177 2176/2176
f 2201/2201 2202/2202 2178/2178 2177/2177
f 2202/2202 2203/2203 2179/2179 2178/2178
f 2203/2203 2204/2204 2180/2180 2179/2179
f 2204/2204 2205/2205 2181/2181 2180/2180
f 2205/2205 2206/2206 2182/2182 2181/2181
f 2206/2206 2207/2207 2183/2183 2182/2182
f 2207/2207 2208/2208 2184/2184 2183/2183
f 2208/2208 2185/2185 2161/2161 2184/2184
f 2209/2209 2210/2210 2186/2186 2185/2185
f 2210/2210 2211/2211 2187/2187 2186/2186
f 2211/2211 2212/2212 2188/2188 2187/2187
f 2212/2212 2213/2213 2189/2189 2188/2188
f 2213/2213 2214/2214 2190/2190 2189/2189
f 2214/2214 2215/2215 2191/2191 2190/2190
f 2215/2215 2216/2216 2192/2192 2191/2191
f 2216/2216 2217/2217 2193/2193 2192/2192
f 2217/2217 2218/2218 2194/2194 2193/2193
f 2218/2218 2219/2219 2195/2195 2194/2194
f 2219/2219 2220/2220 2196/2196 2195/2195
f 2220/2220 2221/2221 2197/2197 2196/2196
f 2221/2221 2222/2222 2198/2198 2197/2197
f 2222/2222 2223/2223 2199/2199 2198/2198
f 2223/2223 2224/2224 2200/2200 2199/2199
f 2224/2224 2225/2225 2201/2201 2200/2200
f 2225/2225 2226/2226 2202/2202 2201/2201
f 2226/2226 2227/2227 2203/2203 2202/2202
f 2227/2227 2228/2228 2204/2204 2203/2203
f 2228/2228 2229/2229 2205/2205 2204/2204
f 2229/2229 2230/2230 2206/2206 2205/2205
f 2230/2230 2231/2231 2207/2207 2206/2206
f 2231/2231 2232/2232 2208/2208 2207/2207
f 2232/2232 2209/2209 2185/2185 2208/2208
f 2233/2233 2234/2234 2210/2210 2209/2209
f 2234/2234 2235/2235 2211/2211 2210/2210
f 2235/2235 2236/2236 2212/2212 2211/2211
f 2236/2236 2237/2237 2213/2213 2212/2212
f 2237/2237 2238/2238 2214/2214 2213/2213
f 2238/2238 2239/2239 2215/2215 2214/2214
f 2239/2239 2240/2240 2216/2216 2215/2215
f 2240/2240 2241/2241 2217/2217 2216/2216
f 2241/2241 2242/2242 2218/2218 2217/2217
f 2242/2242 2243/2243 2219/2219 2218/2218
f 2243/2243 2244/2244 2220/2220 2219/2219
f 2244/2244 2245/2245 2221/2221 2220/2220
f 2245/2245 2246/2246 2222/2222 2221/2221
f 2246/2246 2247/2247 2223/2223 2222/2222
f 2247/2247 2248/2248 2224/2224 2223/2223
f 2248/2248 2249/2249 2225/2225 2224/2224
f 2249/2249 2250/2250 2226/2226 2225/2225
f 2250/2250 2251/2251 2227/2227 2226/2226
f 2251/2251 2252/2252 2228/2228 2227/2227
f 2252/2252 2253/2253 2229/2229 2228/2228
f 2253/2253 2254/2254 2230/2230 2229/2229
f 2254/2254 2255/2255 2231/2231 2230/2230
f 2255/2255 2256/2256 2232/2232 2231/2231
f 2256/2256 2233/2233 2209/2209 2232/2232
f 2257/2257 2258/2258 2234/2234 2233/2233
f 2258/2258 2259/2259 2235/2235 2234/2234
f 2259/2259 2260/2260 2236/2236 2235/2235
f 2260/2260 2261/2261 2237/2237 2236/2236
f 2261/2261 2262/2262 2238/2238 2237/2237
f 2262/2262 2263/2263 2239/2239 2238/2238
f 2263/2263 2264/2264 2240/2240 2239/2239
f 2264/2264 2265/2265 2241/2241 2240/2240
f 2265/2265 2266/2266 2242/2242 2241/2241
f 2266/2266 2267/2267 2243/2243 2242/2242
f 2267/2267 2268/2268 2244/2244 2243/2243
f 2268/2268 2269/2269 2245/2245 2244/2244
f 2269/2269 2270/2270 2246/2246 2245/2245
f 2270/2270 2271/2271 2247/2247 2246/2246
f 2271/2271 2272/2272 2248/2248 2247/2247
f 2272/2272 2273/2273 2249/2249 2248/2248
f 2273/2273 2274/2274 2250/2250 2249/2249
f 2274/2274 2275/2275 2251/2251 2250/2250
f 2275/2275 2276/2276 2252/2252 2251/2251
f 2276/2276 2277/2277 2253/2253 2252/2252
f 2277/2277 2278/2278 2254/2254 2253/2253
f 2278/2278 2279/2279 2255/2255 2254/2254
f 2279/2279 2280/2280 2256/2256 2255/2255
f 2280/2280 2257/2257 2233/2233 2256/2256
f 2281/2281 2282/2282 2258/2258 2257/2257
f 2282/2282 2283/2283 2259/2259 2258/2258
f 2283/2283 2284/2284 2260/2260 2259/2259
f 2284/2284 2285/2285 2261/2261 2260/2260
f 2285/2285 2286/2286 2262/2262 2261/2261
f 2286/2286 2287/2287 2263/2263 2262/2262
f 2287/2287 2288/2288 2264/2264 2263/2263
f 2288/2288 2289/2289 2265/2265 2264/2264
f 2289/2289 2290/2290 2266/2266 2265/2265
f 2290/2290 2291/2291 2267/2267 2266/2266
f 2291/2291 2292/2292 2268/2268 2267/2267
f 2292/2292 2293/2293 2269/2269 2268/2268
f 2293/2293 2294/2294 2270/2270 2269/2269
f 2294/2294 2295/2295 2271/2271 2270/2270
f 2295/2295 2296/2296 2272/2272 2271/2271
f 2296/2296 2297/2297 2273/2273 2272/2272
f 2297/2297 2298/2298 2274/2274 2273/2273
f 2298/2298 2299/2299 2275/2275 2274/2274
f 2299/2299 2300/2300 2276/2276 2275/2275
f 2300/2300 2301/2301 2277/2277 2276/2276
f 2301/2301 2302/2302 2278/2278 2277/2277
f 2302/2302 2303/2303 2279/2279 2278/2278
f 2303/2303 2304/2304 2280/2280 2279/2279
f 2304/2304 2281/2281 2257/2257 2280/2280
f 2305/2305 2306/2306 2282/2282 2281/2281
f 2306/2306 2307/2307 2283/2283 2282/2282
f 2307/2307 2308/2308 2284/2284 2283/2283
f 2308/2308 2309/2309 2285/2285 2284/2284
f 2309/2309 2310/2310 2286/2286 2285/2285
f 2310/2310 2311/2311 2287/2287 2286/2286
f 2311/2311 2312/2312 2288/2288 2287/2287
f 2312/2312 2313/2313 2289/2289 2288/2288
f 2313/2313 2314/2314 2290/2290 2289/2289
f 2314/2314 2315/2315 2291/2291 2290/2290
f 2315/2315 2316/2316 2292/2292 2291/2291
f 2316/2316 2317/2317 2293/2293 2292/2292
f 2317/2317 2318/2318 2294/2294 2293/2293
f 2318/2318 2319/2319 2295/2295 2294/2294
f 2319/2319 2320/2320 2296/2296 2295/2295
f 2320/2320 2321/2321 2297/2297 2296/2296
f 2321/2321 2322/2322 2298/2298 2297/2297
f 2322/2322 2323/2323 2299/2299 2298/2298
f 2323/2323 2324/2324 2300/2300 2299/2299
f 2324/2324 2325/2325 2301/2301 2300/2300
f 2325/2325 2326/2326 2302/2302 2301/2301
f 2326/2326 2327/2327 2303/2303 2302/2302
f 2327/2327 2328/2328 2304/2304 2303/2303
f 2328/2328 2305/2305 2281/2281 2304/2304
