# Original factory PMC equipment, centimetres
s 1
v 2.60000 0.20000 22.00000
v 2.58748 0.20000 22.25484
v 2.55004 0.20000 22.50723
v 2.48804 0.20000 22.75474
v 2.40209 0.20000 22.99498
v 2.29300 0.20000 23.22563
v 2.16182 0.20000 23.44448
v 2.00983 0.20000 23.64942
v 1.83848 0.20000 23.83848
v 1.64942 0.20000 24.00983
v 1.44448 0.20000 24.16182
v 1.22563 0.20000 24.29300
v 0.99498 0.20000 24.40209
v 0.75474 0.20000 24.48804
v 0.50723 0.20000 24.55004
v 0.25484 0.20000 24.58748
v 0.00000 0.20000 24.60000
v -0.25484 0.20000 24.58748
v -0.50723 0.20000 24.55004
v -0.75474 0.20000 24.48804
v -0.99498 0.20000 24.40209
v -1.22563 0.20000 24.29300
v -1.44448 0.20000 24.16182
v -1.64942 0.20000 24.00983
v -1.83848 0.20000 23.83848
v -2.00983 0.20000 23.64942
v -2.16182 0.20000 23.44448
v -2.29300 0.20000 23.22563
v -2.40209 0.20000 22.99498
v -2.48804 0.20000 22.75474
v -2.55004 0.20000 22.50723
v -2.58748 0.20000 22.25484
v -2.60000 0.20000 22.00000
v -2.58748 0.20000 21.74516
v -2.55004 0.20000 21.49277
v -2.48804 0.20000 21.24526
v -2.40209 0.20000 21.00502
v -2.29300 0.20000 20.77437
v -2.16182 0.20000 20.55552
v -2.00983 0.20000 20.35058
v -1.83848 0.20000 20.16152
v -1.64942 0.20000 19.99017
v -1.44448 0.20000 19.83818
v -1.22563 0.20000 19.70700
v -0.99498 0.20000 19.59791
v -0.75474 0.20000 19.51196
v -0.50723 0.20000 19.44996
v -0.25484 0.20000 19.41252
v -0.00000 0.20000 19.40000
v 0.25484 0.20000 19.41252
v 0.50723 0.20000 19.44996
v 0.75474 0.20000 19.51196
v 0.99498 0.20000 19.59791
v 1.22563 0.20000 19.70700
v 1.44448 0.20000 19.83818
v 1.64942 0.20000 19.99017
v 1.83848 0.20000 20.16152
v 2.00983 0.20000 20.35058
v 2.16182 0.20000 20.55552
v 2.29300 0.20000 20.77437
v 2.40209 0.20000 21.00502
v 2.48804 0.20000 21.24526
v 2.55004 0.20000 21.49277
v 2.58748 0.20000 21.74516
v 2.60000 0.08000 22.00000
v 2.58748 0.08000 22.25484
v 2.55004 0.08000 22.50723
v 2.48804 0.08000 22.75474
v 2.40209 0.08000 22.99498
v 2.29300 0.08000 23.22563
v 2.16182 0.08000 23.44448
v 2.00983 0.08000 23.64942
v 1.83848 0.08000 23.83848
v 1.64942 0.08000 24.00983
v 1.44448 0.08000 24.16182
v 1.22563 0.08000 24.29300
v 0.99498 0.08000 24.40209
v 0.75474 0.08000 24.48804
v 0.50723 0.08000 24.55004
v 0.25484 0.08000 24.58748
v 0.00000 0.08000 24.60000
v -0.25484 0.08000 24.58748
v -0.50723 0.08000 24.55004
v -0.75474 0.08000 24.48804
v -0.99498 0.08000 24.40209
v -1.22563 0.08000 24.29300
v -1.44448 0.08000 24.16182
v -1.64942 0.08000 24.00983
v -1.83848 0.08000 23.83848
v -2.00983 0.08000 23.64942
v -2.16182 0.08000 23.44448
v -2.29300 0.08000 23.22563
v -2.40209 0.08000 22.99498
v -2.48804 0.08000 22.75474
v -2.55004 0.08000 22.50723
v -2.58748 0.08000 22.25484
v -2.60000 0.08000 22.00000
v -2.58748 0.08000 21.74516
v -2.55004 0.08000 21.49277
v -2.48804 0.08000 21.24526
v -2.40209 0.08000 21.00502
v -2.29300 0.08000 20.77437
v -2.16182 0.08000 20.55552
v -2.00983 0.08000 20.35058
v -1.83848 0.08000 20.16152
v -1.64942 0.08000 19.99017
v -1.44448 0.08000 19.83818
v -1.22563 0.08000 19.70700
v -0.99498 0.08000 19.59791
v -0.75474 0.08000 19.51196
v -0.50723 0.08000 19.44996
v -0.25484 0.08000 19.41252
v -0.00000 0.08000 19.40000
v 0.25484 0.08000 19.41252
v 0.50723 0.08000 19.44996
v 0.75474 0.08000 19.51196
v 0.99498 0.08000 19.59791
v 1.22563 0.08000 19.70700
v 1.44448 0.08000 19.83818
v 1.64942 0.08000 19.99017
v 1.83848 0.08000 20.16152
v 2.00983 0.08000 20.35058
v 2.16182 0.08000 20.55552
v 2.29300 0.08000 20.77437
v 2.40209 0.08000 21.00502
v 2.48804 0.08000 21.24526
v 2.55004 0.08000 21.49277
v 2.58748 0.08000 21.74516
v 2.52000 0.08000 22.00000
v 2.50787 0.08000 22.24700
v 2.47158 0.08000 22.49163
v 2.41149 0.08000 22.73152
v 2.32818 0.08000 22.96436
v 2.22244 0.08000 23.18792
v 2.09530 0.08000 23.40004
v 1.94799 0.08000 23.59867
v 1.78191 0.08000 23.78191
v 1.59867 0.08000 23.94799
v 1.40004 0.08000 24.09530
v 1.18792 0.08000 24.22244
v 0.96436 0.08000 24.32818
v 0.73152 0.08000 24.41149
v 0.49163 0.08000 24.47158
v 0.24700 0.08000 24.50787
v 0.00000 0.08000 24.52000
v -0.24700 0.08000 24.50787
v -0.49163 0.08000 24.47158
v -0.73152 0.08000 24.41149
v -0.96436 0.08000 24.32818
v -1.18792 0.08000 24.22244
v -1.40004 0.08000 24.09530
v -1.59867 0.08000 23.94799
v -1.78191 0.08000 23.78191
v -1.94799 0.08000 23.59867
v -2.09530 0.08000 23.40004
v -2.22244 0.08000 23.18792
v -2.32818 0.08000 22.96436
v -2.41149 0.08000 22.73152
v -2.47158 0.08000 22.49163
v -2.50787 0.08000 22.24700
v -2.52000 0.08000 22.00000
v -2.50787 0.08000 21.75300
v -2.47158 0.08000 21.50837
v -2.41149 0.08000 21.26848
v -2.32818 0.08000 21.03564
v -2.22244 0.08000 20.81208
v -2.09530 0.08000 20.59996
v -1.94799 0.08000 20.40133
v -1.78191 0.08000 20.21809
v -1.59867 0.08000 20.05201
v -1.40004 0.08000 19.90470
v -1.18792 0.08000 19.77756
v -0.96436 0.08000 19.67182
v -0.73152 0.08000 19.58851
v -0.49163 0.08000 19.52842
v -0.24700 0.08000 19.49213
v -0.00000 0.08000 19.48000
v 0.24700 0.08000 19.49213
v 0.49163 0.08000 19.52842
v 0.73152 0.08000 19.58851
v 0.96436 0.08000 19.67182
v 1.18792 0.08000 19.77756
v 1.40004 0.08000 19.90470
v 1.59867 0.08000 20.05201
v 1.78191 0.08000 20.21809
v 1.94799 0.08000 20.40133
v 2.09530 0.08000 20.59996
v 2.22244 0.08000 20.81208
v 2.32818 0.08000 21.03564
v 2.41149 0.08000 21.26848
v 2.47158 0.08000 21.50837
v 2.50787 0.08000 21.75300
v 2.52000 0.20000 22.00000
v 2.50787 0.20000 22.24700
v 2.47158 0.20000 22.49163
v 2.41149 0.20000 22.73152
v 2.32818 0.20000 22.96436
v 2.22244 0.20000 23.18792
v 2.09530 0.20000 23.40004
v 1.94799 0.20000 23.59867
v 1.78191 0.20000 23.78191
v 1.59867 0.20000 23.94799
v 1.40004 0.20000 24.09530
v 1.18792 0.20000 24.22244
v 0.96436 0.20000 24.32818
v 0.73152 0.20000 24.41149
v 0.49163 0.20000 24.47158
v 0.24700 0.20000 24.50787
v 0.00000 0.20000 24.52000
v -0.24700 0.20000 24.50787
v -0.49163 0.20000 24.47158
v -0.73152 0.20000 24.41149
v -0.96436 0.20000 24.32818
v -1.18792 0.20000 24.22244
v -1.40004 0.20000 24.09530
v -1.59867 0.20000 23.94799
v -1.78191 0.20000 23.78191
v -1.94799 0.20000 23.59867
v -2.09530 0.20000 23.40004
v -2.22244 0.20000 23.18792
v -2.32818 0.20000 22.96436
v -2.41149 0.20000 22.73152
v -2.47158 0.20000 22.49163
v -2.50787 0.20000 22.24700
v -2.52000 0.20000 22.00000
v -2.50787 0.20000 21.75300
v -2.47158 0.20000 21.50837
v -2.41149 0.20000 21.26848
v -2.32818 0.20000 21.03564
v -2.22244 0.20000 20.81208
v -2.09530 0.20000 20.59996
v -1.94799 0.20000 20.40133
v -1.78191 0.20000 20.21809
v -1.59867 0.20000 20.05201
v -1.40004 0.20000 19.90470
v -1.18792 0.20000 19.77756
v -0.96436 0.20000 19.67182
v -0.73152 0.20000 19.58851
v -0.49163 0.20000 19.52842
v -0.24700 0.20000 19.49213
v -0.00000 0.20000 19.48000
v 0.24700 0.20000 19.49213
v 0.49163 0.20000 19.52842
v 0.73152 0.20000 19.58851
v 0.96436 0.20000 19.67182
v 1.18792 0.20000 19.77756
v 1.40004 0.20000 19.90470
v 1.59867 0.20000 20.05201
v 1.78191 0.20000 20.21809
v 1.94799 0.20000 20.40133
v 2.09530 0.20000 20.59996
v 2.22244 0.20000 20.81208
v 2.32818 0.20000 21.03564
v 2.41149 0.20000 21.26848
v 2.47158 0.20000 21.50837
v 2.50787 0.20000 21.75300
v 2.60000 -0.20000 22.00000
v 2.58748 -0.20000 22.25484
v 2.55004 -0.20000 22.50723
v 2.48804 -0.20000 22.75474
v 2.40209 -0.20000 22.99498
v 2.29300 -0.20000 23.22563
v 2.16182 -0.20000 23.44448
v 2.00983 -0.20000 23.64942
v 1.83848 -0.20000 23.83848
v 1.64942 -0.20000 24.00983
v 1.44448 -0.20000 24.16182
v 1.22563 -0.20000 24.29300
v 0.99498 -0.20000 24.40209
v 0.75474 -0.20000 24.48804
v 0.50723 -0.20000 24.55004
v 0.25484 -0.20000 24.58748
v 0.00000 -0.20000 24.60000
v -0.25484 -0.20000 24.58748
v -0.50723 -0.20000 24.55004
v -0.75474 -0.20000 24.48804
v -0.99498 -0.20000 24.40209
v -1.22563 -0.20000 24.29300
v -1.44448 -0.20000 24.16182
v -1.64942 -0.20000 24.00983
v -1.83848 -0.20000 23.83848
v -2.00983 -0.20000 23.64942
v -2.16182 -0.20000 23.44448
v -2.29300 -0.20000 23.22563
v -2.40209 -0.20000 22.99498
v -2.48804 -0.20000 22.75474
v -2.55004 -0.20000 22.50723
v -2.58748 -0.20000 22.25484
v -2.60000 -0.20000 22.00000
v -2.58748 -0.20000 21.74516
v -2.55004 -0.20000 21.49277
v -2.48804 -0.20000 21.24526
v -2.40209 -0.20000 21.00502
v -2.29300 -0.20000 20.77437
v -2.16182 -0.20000 20.55552
v -2.00983 -0.20000 20.35058
v -1.83848 -0.20000 20.16152
v -1.64942 -0.20000 19.99017
v -1.44448 -0.20000 19.83818
v -1.22563 -0.20000 19.70700
v -0.99498 -0.20000 19.59791
v -0.75474 -0.20000 19.51196
v -0.50723 -0.20000 19.44996
v -0.25484 -0.20000 19.41252
v -0.00000 -0.20000 19.40000
v 0.25484 -0.20000 19.41252
v 0.50723 -0.20000 19.44996
v 0.75474 -0.20000 19.51196
v 0.99498 -0.20000 19.59791
v 1.22563 -0.20000 19.70700
v 1.44448 -0.20000 19.83818
v 1.64942 -0.20000 19.99017
v 1.83848 -0.20000 20.16152
v 2.00983 -0.20000 20.35058
v 2.16182 -0.20000 20.55552
v 2.29300 -0.20000 20.77437
v 2.40209 -0.20000 21.00502
v 2.48804 -0.20000 21.24526
v 2.55004 -0.20000 21.49277
v 2.58748 -0.20000 21.74516
v 2.60000 -0.32000 22.00000
v 2.58748 -0.32000 22.25484
v 2.55004 -0.32000 22.50723
v 2.48804 -0.32000 22.75474
v 2.40209 -0.32000 22.99498
v 2.29300 -0.32000 23.22563
v 2.16182 -0.32000 23.44448
v 2.00983 -0.32000 23.64942
v 1.83848 -0.32000 23.83848
v 1.64942 -0.32000 24.00983
v 1.44448 -0.32000 24.16182
v 1.22563 -0.32000 24.29300
v 0.99498 -0.32000 24.40209
v 0.75474 -0.32000 24.48804
v 0.50723 -0.32000 24.55004
v 0.25484 -0.32000 24.58748
v 0.00000 -0.32000 24.60000
v -0.25484 -0.32000 24.58748
v -0.50723 -0.32000 24.55004
v -0.75474 -0.32000 24.48804
v -0.99498 -0.32000 24.40209
v -1.22563 -0.32000 24.29300
v -1.44448 -0.32000 24.16182
v -1.64942 -0.32000 24.00983
v -1.83848 -0.32000 23.83848
v -2.00983 -0.32000 23.64942
v -2.16182 -0.32000 23.44448
v -2.29300 -0.32000 23.22563
v -2.40209 -0.32000 22.99498
v -2.48804 -0.32000 22.75474
v -2.55004 -0.32000 22.50723
v -2.58748 -0.32000 22.25484
v -2.60000 -0.32000 22.00000
v -2.58748 -0.32000 21.74516
v -2.55004 -0.32000 21.49277
v -2.48804 -0.32000 21.24526
v -2.40209 -0.32000 21.00502
v -2.29300 -0.32000 20.77437
v -2.16182 -0.32000 20.55552
v -2.00983 -0.32000 20.35058
v -1.83848 -0.32000 20.16152
v -1.64942 -0.32000 19.99017
v -1.44448 -0.32000 19.83818
v -1.22563 -0.32000 19.70700
v -0.99498 -0.32000 19.59791
v -0.75474 -0.32000 19.51196
v -0.50723 -0.32000 19.44996
v -0.25484 -0.32000 19.41252
v -0.00000 -0.32000 19.40000
v 0.25484 -0.32000 19.41252
v 0.50723 -0.32000 19.44996
v 0.75474 -0.32000 19.51196
v 0.99498 -0.32000 19.59791
v 1.22563 -0.32000 19.70700
v 1.44448 -0.32000 19.83818
v 1.64942 -0.32000 19.99017
v 1.83848 -0.32000 20.16152
v 2.00983 -0.32000 20.35058
v 2.16182 -0.32000 20.55552
v 2.29300 -0.32000 20.77437
v 2.40209 -0.32000 21.00502
v 2.48804 -0.32000 21.24526
v 2.55004 -0.32000 21.49277
v 2.58748 -0.32000 21.74516
v 2.52000 -0.32000 22.00000
v 2.50787 -0.32000 22.24700
v 2.47158 -0.32000 22.49163
v 2.41149 -0.32000 22.73152
v 2.32818 -0.32000 22.96436
v 2.22244 -0.32000 23.18792
v 2.09530 -0.32000 23.40004
v 1.94799 -0.32000 23.59867
v 1.78191 -0.32000 23.78191
v 1.59867 -0.32000 23.94799
v 1.40004 -0.32000 24.09530
v 1.18792 -0.32000 24.22244
v 0.96436 -0.32000 24.32818
v 0.73152 -0.32000 24.41149
v 0.49163 -0.32000 24.47158
v 0.24700 -0.32000 24.50787
v 0.00000 -0.32000 24.52000
v -0.24700 -0.32000 24.50787
v -0.49163 -0.32000 24.47158
v -0.73152 -0.32000 24.41149
v -0.96436 -0.32000 24.32818
v -1.18792 -0.32000 24.22244
v -1.40004 -0.32000 24.09530
v -1.59867 -0.32000 23.94799
v -1.78191 -0.32000 23.78191
v -1.94799 -0.32000 23.59867
v -2.09530 -0.32000 23.40004
v -2.22244 -0.32000 23.18792
v -2.32818 -0.32000 22.96436
v -2.41149 -0.32000 22.73152
v -2.47158 -0.32000 22.49163
v -2.50787 -0.32000 22.24700
v -2.52000 -0.32000 22.00000
v -2.50787 -0.32000 21.75300
v -2.47158 -0.32000 21.50837
v -2.41149 -0.32000 21.26848
v -2.32818 -0.32000 21.03564
v -2.22244 -0.32000 20.81208
v -2.09530 -0.32000 20.59996
v -1.94799 -0.32000 20.40133
v -1.78191 -0.32000 20.21809
v -1.59867 -0.32000 20.05201
v -1.40004 -0.32000 19.90470
v -1.18792 -0.32000 19.77756
v -0.96436 -0.32000 19.67182
v -0.73152 -0.32000 19.58851
v -0.49163 -0.32000 19.52842
v -0.24700 -0.32000 19.49213
v -0.00000 -0.32000 19.48000
v 0.24700 -0.32000 19.49213
v 0.49163 -0.32000 19.52842
v 0.73152 -0.32000 19.58851
v 0.96436 -0.32000 19.67182
v 1.18792 -0.32000 19.77756
v 1.40004 -0.32000 19.90470
v 1.59867 -0.32000 20.05201
v 1.78191 -0.32000 20.21809
v 1.94799 -0.32000 20.40133
v 2.09530 -0.32000 20.59996
v 2.22244 -0.32000 20.81208
v 2.32818 -0.32000 21.03564
v 2.41149 -0.32000 21.26848
v 2.47158 -0.32000 21.50837
v 2.50787 -0.32000 21.75300
v 2.52000 -0.20000 22.00000
v 2.50787 -0.20000 22.24700
v 2.47158 -0.20000 22.49163
v 2.41149 -0.20000 22.73152
v 2.32818 -0.20000 22.96436
v 2.22244 -0.20000 23.18792
v 2.09530 -0.20000 23.40004
v 1.94799 -0.20000 23.59867
v 1.78191 -0.20000 23.78191
v 1.59867 -0.20000 23.94799
v 1.40004 -0.20000 24.09530
v 1.18792 -0.20000 24.22244
v 0.96436 -0.20000 24.32818
v 0.73152 -0.20000 24.41149
v 0.49163 -0.20000 24.47158
v 0.24700 -0.20000 24.50787
v 0.00000 -0.20000 24.52000
v -0.24700 -0.20000 24.50787
v -0.49163 -0.20000 24.47158
v -0.73152 -0.20000 24.41149
v -0.96436 -0.20000 24.32818
v -1.18792 -0.20000 24.22244
v -1.40004 -0.20000 24.09530
v -1.59867 -0.20000 23.94799
v -1.78191 -0.20000 23.78191
v -1.94799 -0.20000 23.59867
v -2.09530 -0.20000 23.40004
v -2.22244 -0.20000 23.18792
v -2.32818 -0.20000 22.96436
v -2.41149 -0.20000 22.73152
v -2.47158 -0.20000 22.49163
v -2.50787 -0.20000 22.24700
v -2.52000 -0.20000 22.00000
v -2.50787 -0.20000 21.75300
v -2.47158 -0.20000 21.50837
v -2.41149 -0.20000 21.26848
v -2.32818 -0.20000 21.03564
v -2.22244 -0.20000 20.81208
v -2.09530 -0.20000 20.59996
v -1.94799 -0.20000 20.40133
v -1.78191 -0.20000 20.21809
v -1.59867 -0.20000 20.05201
v -1.40004 -0.20000 19.90470
v -1.18792 -0.20000 19.77756
v -0.96436 -0.20000 19.67182
v -0.73152 -0.20000 19.58851
v -0.49163 -0.20000 19.52842
v -0.24700 -0.20000 19.49213
v -0.00000 -0.20000 19.48000
v 0.24700 -0.20000 19.49213
v 0.49163 -0.20000 19.52842
v 0.73152 -0.20000 19.58851
v 0.96436 -0.20000 19.67182
v 1.18792 -0.20000 19.77756
v 1.40004 -0.20000 19.90470
v 1.59867 -0.20000 20.05201
v 1.78191 -0.20000 20.21809
v 1.94799 -0.20000 20.40133
v 2.09530 -0.20000 20.59996
v 2.22244 -0.20000 20.81208
v 2.32818 -0.20000 21.03564
v 2.41149 -0.20000 21.26848
v 2.47158 -0.20000 21.50837
v 2.50787 -0.20000 21.75300
v 2.60000 -0.60000 22.00000
v 2.58748 -0.60000 22.25484
v 2.55004 -0.60000 22.50723
v 2.48804 -0.60000 22.75474
v 2.40209 -0.60000 22.99498
v 2.29300 -0.60000 23.22563
v 2.16182 -0.60000 23.44448
v 2.00983 -0.60000 23.64942
v 1.83848 -0.60000 23.83848
v 1.64942 -0.60000 24.00983
v 1.44448 -0.60000 24.16182
v 1.22563 -0.60000 24.29300
v 0.99498 -0.60000 24.40209
v 0.75474 -0.60000 24.48804
v 0.50723 -0.60000 24.55004
v 0.25484 -0.60000 24.58748
v 0.00000 -0.60000 24.60000
v -0.25484 -0.60000 24.58748
v -0.50723 -0.60000 24.55004
v -0.75474 -0.60000 24.48804
v -0.99498 -0.60000 24.40209
v -1.22563 -0.60000 24.29300
v -1.44448 -0.60000 24.16182
v -1.64942 -0.60000 24.00983
v -1.83848 -0.60000 23.83848
v -2.00983 -0.60000 23.64942
v -2.16182 -0.60000 23.44448
v -2.29300 -0.60000 23.22563
v -2.40209 -0.60000 22.99498
v -2.48804 -0.60000 22.75474
v -2.55004 -0.60000 22.50723
v -2.58748 -0.60000 22.25484
v -2.60000 -0.60000 22.00000
v -2.58748 -0.60000 21.74516
v -2.55004 -0.60000 21.49277
v -2.48804 -0.60000 21.24526
v -2.40209 -0.60000 21.00502
v -2.29300 -0.60000 20.77437
v -2.16182 -0.60000 20.55552
v -2.00983 -0.60000 20.35058
v -1.83848 -0.60000 20.16152
v -1.64942 -0.60000 19.99017
v -1.44448 -0.60000 19.83818
v -1.22563 -0.60000 19.70700
v -0.99498 -0.60000 19.59791
v -0.75474 -0.60000 19.51196
v -0.50723 -0.60000 19.44996
v -0.25484 -0.60000 19.41252
v -0.00000 -0.60000 19.40000
v 0.25484 -0.60000 19.41252
v 0.50723 -0.60000 19.44996
v 0.75474 -0.60000 19.51196
v 0.99498 -0.60000 19.59791
v 1.22563 -0.60000 19.70700
v 1.44448 -0.60000 19.83818
v 1.64942 -0.60000 19.99017
v 1.83848 -0.60000 20.16152
v 2.00983 -0.60000 20.35058
v 2.16182 -0.60000 20.55552
v 2.29300 -0.60000 20.77437
v 2.40209 -0.60000 21.00502
v 2.48804 -0.60000 21.24526
v 2.55004 -0.60000 21.49277
v 2.58748 -0.60000 21.74516
v 2.60000 -0.72000 22.00000
v 2.58748 -0.72000 22.25484
v 2.55004 -0.72000 22.50723
v 2.48804 -0.72000 22.75474
v 2.40209 -0.72000 22.99498
v 2.29300 -0.72000 23.22563
v 2.16182 -0.72000 23.44448
v 2.00983 -0.72000 23.64942
v 1.83848 -0.72000 23.83848
v 1.64942 -0.72000 24.00983
v 1.44448 -0.72000 24.16182
v 1.22563 -0.72000 24.29300
v 0.99498 -0.72000 24.40209
v 0.75474 -0.72000 24.48804
v 0.50723 -0.72000 24.55004
v 0.25484 -0.72000 24.58748
v 0.00000 -0.72000 24.60000
v -0.25484 -0.72000 24.58748
v -0.50723 -0.72000 24.55004
v -0.75474 -0.72000 24.48804
v -0.99498 -0.72000 24.40209
v -1.22563 -0.72000 24.29300
v -1.44448 -0.72000 24.16182
v -1.64942 -0.72000 24.00983
v -1.83848 -0.72000 23.83848
v -2.00983 -0.72000 23.64942
v -2.16182 -0.72000 23.44448
v -2.29300 -0.72000 23.22563
v -2.40209 -0.72000 22.99498
v -2.48804 -0.72000 22.75474
v -2.55004 -0.72000 22.50723
v -2.58748 -0.72000 22.25484
v -2.60000 -0.72000 22.00000
v -2.58748 -0.72000 21.74516
v -2.55004 -0.72000 21.49277
v -2.48804 -0.72000 21.24526
v -2.40209 -0.72000 21.00502
v -2.29300 -0.72000 20.77437
v -2.16182 -0.72000 20.55552
v -2.00983 -0.72000 20.35058
v -1.83848 -0.72000 20.16152
v -1.64942 -0.72000 19.99017
v -1.44448 -0.72000 19.83818
v -1.22563 -0.72000 19.70700
v -0.99498 -0.72000 19.59791
v -0.75474 -0.72000 19.51196
v -0.50723 -0.72000 19.44996
v -0.25484 -0.72000 19.41252
v -0.00000 -0.72000 19.40000
v 0.25484 -0.72000 19.41252
v 0.50723 -0.72000 19.44996
v 0.75474 -0.72000 19.51196
v 0.99498 -0.72000 19.59791
v 1.22563 -0.72000 19.70700
v 1.44448 -0.72000 19.83818
v 1.64942 -0.72000 19.99017
v 1.83848 -0.72000 20.16152
v 2.00983 -0.72000 20.35058
v 2.16182 -0.72000 20.55552
v 2.29300 -0.72000 20.77437
v 2.40209 -0.72000 21.00502
v 2.48804 -0.72000 21.24526
v 2.55004 -0.72000 21.49277
v 2.58748 -0.72000 21.74516
v 2.52000 -0.72000 22.00000
v 2.50787 -0.72000 22.24700
v 2.47158 -0.72000 22.49163
v 2.41149 -0.72000 22.73152
v 2.32818 -0.72000 22.96436
v 2.22244 -0.72000 23.18792
v 2.09530 -0.72000 23.40004
v 1.94799 -0.72000 23.59867
v 1.78191 -0.72000 23.78191
v 1.59867 -0.72000 23.94799
v 1.40004 -0.72000 24.09530
v 1.18792 -0.72000 24.22244
v 0.96436 -0.72000 24.32818
v 0.73152 -0.72000 24.41149
v 0.49163 -0.72000 24.47158
v 0.24700 -0.72000 24.50787
v 0.00000 -0.72000 24.52000
v -0.24700 -0.72000 24.50787
v -0.49163 -0.72000 24.47158
v -0.73152 -0.72000 24.41149
v -0.96436 -0.72000 24.32818
v -1.18792 -0.72000 24.22244
v -1.40004 -0.72000 24.09530
v -1.59867 -0.72000 23.94799
v -1.78191 -0.72000 23.78191
v -1.94799 -0.72000 23.59867
v -2.09530 -0.72000 23.40004
v -2.22244 -0.72000 23.18792
v -2.32818 -0.72000 22.96436
v -2.41149 -0.72000 22.73152
v -2.47158 -0.72000 22.49163
v -2.50787 -0.72000 22.24700
v -2.52000 -0.72000 22.00000
v -2.50787 -0.72000 21.75300
v -2.47158 -0.72000 21.50837
v -2.41149 -0.72000 21.26848
v -2.32818 -0.72000 21.03564
v -2.22244 -0.72000 20.81208
v -2.09530 -0.72000 20.59996
v -1.94799 -0.72000 20.40133
v -1.78191 -0.72000 20.21809
v -1.59867 -0.72000 20.05201
v -1.40004 -0.72000 19.90470
v -1.18792 -0.72000 19.77756
v -0.96436 -0.72000 19.67182
v -0.73152 -0.72000 19.58851
v -0.49163 -0.72000 19.52842
v -0.24700 -0.72000 19.49213
v -0.00000 -0.72000 19.48000
v 0.24700 -0.72000 19.49213
v 0.49163 -0.72000 19.52842
v 0.73152 -0.72000 19.58851
v 0.96436 -0.72000 19.67182
v 1.18792 -0.72000 19.77756
v 1.40004 -0.72000 19.90470
v 1.59867 -0.72000 20.05201
v 1.78191 -0.72000 20.21809
v 1.94799 -0.72000 20.40133
v 2.09530 -0.72000 20.59996
v 2.22244 -0.72000 20.81208
v 2.32818 -0.72000 21.03564
v 2.41149 -0.72000 21.26848
v 2.47158 -0.72000 21.50837
v 2.50787 -0.72000 21.75300
v 2.52000 -0.60000 22.00000
v 2.50787 -0.60000 22.24700
v 2.47158 -0.60000 22.49163
v 2.41149 -0.60000 22.73152
v 2.32818 -0.60000 22.96436
v 2.22244 -0.60000 23.18792
v 2.09530 -0.60000 23.40004
v 1.94799 -0.60000 23.59867
v 1.78191 -0.60000 23.78191
v 1.59867 -0.60000 23.94799
v 1.40004 -0.60000 24.09530
v 1.18792 -0.60000 24.22244
v 0.96436 -0.60000 24.32818
v 0.73152 -0.60000 24.41149
v 0.49163 -0.60000 24.47158
v 0.24700 -0.60000 24.50787
v 0.00000 -0.60000 24.52000
v -0.24700 -0.60000 24.50787
v -0.49163 -0.60000 24.47158
v -0.73152 -0.60000 24.41149
v -0.96436 -0.60000 24.32818
v -1.18792 -0.60000 24.22244
v -1.40004 -0.60000 24.09530
v -1.59867 -0.60000 23.94799
v -1.78191 -0.60000 23.78191
v -1.94799 -0.60000 23.59867
v -2.09530 -0.60000 23.40004
v -2.22244 -0.60000 23.18792
v -2.32818 -0.60000 22.96436
v -2.41149 -0.60000 22.73152
v -2.47158 -0.60000 22.49163
v -2.50787 -0.60000 22.24700
v -2.52000 -0.60000 22.00000
v -2.50787 -0.60000 21.75300
v -2.47158 -0.60000 21.50837
v -2.41149 -0.60000 21.26848
v -2.32818 -0.60000 21.03564
v -2.22244 -0.60000 20.81208
v -2.09530 -0.60000 20.59996
v -1.94799 -0.60000 20.40133
v -1.78191 -0.60000 20.21809
v -1.59867 -0.60000 20.05201
v -1.40004 -0.60000 19.90470
v -1.18792 -0.60000 19.77756
v -0.96436 -0.60000 19.67182
v -0.73152 -0.60000 19.58851
v -0.49163 -0.60000 19.52842
v -0.24700 -0.60000 19.49213
v -0.00000 -0.60000 19.48000
v 0.24700 -0.60000 19.49213
v 0.49163 -0.60000 19.52842
v 0.73152 -0.60000 19.58851
v 0.96436 -0.60000 19.67182
v 1.18792 -0.60000 19.77756
v 1.40004 -0.60000 19.90470
v 1.59867 -0.60000 20.05201
v 1.78191 -0.60000 20.21809
v 1.94799 -0.60000 20.40133
v 2.09530 -0.60000 20.59996
v 2.22244 -0.60000 20.81208
v 2.32818 -0.60000 21.03564
v 2.41149 -0.60000 21.26848
v 2.47158 -0.60000 21.50837
v 2.50787 -0.60000 21.75300
v 2.70000 -14.00000 22.00000
v 2.68700 -14.00000 22.26465
v 2.64812 -14.00000 22.52674
v 2.58374 -14.00000 22.78377
v 2.49447 -14.00000 23.03325
v 2.38119 -14.00000 23.27277
v 2.24497 -14.00000 23.50004
v 2.08713 -14.00000 23.71286
v 1.90919 -14.00000 23.90919
v 1.71286 -14.00000 24.08713
v 1.50004 -14.00000 24.24497
v 1.27277 -14.00000 24.38119
v 1.03325 -14.00000 24.49447
v 0.78377 -14.00000 24.58374
v 0.52674 -14.00000 24.64812
v 0.26465 -14.00000 24.68700
v 0.00000 -14.00000 24.70000
v -0.26465 -14.00000 24.68700
v -0.52674 -14.00000 24.64812
v -0.78377 -14.00000 24.58374
v -1.03325 -14.00000 24.49447
v -1.27277 -14.00000 24.38119
v -1.50004 -14.00000 24.24497
v -1.71286 -14.00000 24.08713
v -1.90919 -14.00000 23.90919
v -2.08713 -14.00000 23.71286
v -2.24497 -14.00000 23.50004
v -2.38119 -14.00000 23.27277
v -2.49447 -14.00000 23.03325
v -2.58374 -14.00000 22.78377
v -2.64812 -14.00000 22.52674
v -2.68700 -14.00000 22.26465
v -2.70000 -14.00000 22.00000
v -2.68700 -14.00000 21.73535
v -2.64812 -14.00000 21.47326
v -2.58374 -14.00000 21.21623
v -2.49447 -14.00000 20.96675
v -2.38119 -14.00000 20.72723
v -2.24497 -14.00000 20.49996
v -2.08713 -14.00000 20.28714
v -1.90919 -14.00000 20.09081
v -1.71286 -14.00000 19.91287
v -1.50004 -14.00000 19.75503
v -1.27277 -14.00000 19.61881
v -1.03325 -14.00000 19.50553
v -0.78377 -14.00000 19.41626
v -0.52674 -14.00000 19.35188
v -0.26465 -14.00000 19.31300
v -0.00000 -14.00000 19.30000
v 0.26465 -14.00000 19.31300
v 0.52674 -14.00000 19.35188
v 0.78377 -14.00000 19.41626
v 1.03325 -14.00000 19.50553
v 1.27277 -14.00000 19.61881
v 1.50004 -14.00000 19.75503
v 1.71286 -14.00000 19.91287
v 1.90919 -14.00000 20.09081
v 2.08713 -14.00000 20.28714
v 2.24497 -14.00000 20.49996
v 2.38119 -14.00000 20.72723
v 2.49447 -14.00000 20.96675
v 2.58374 -14.00000 21.21623
v 2.64812 -14.00000 21.47326
v 2.68700 -14.00000 21.73535
v 2.70000 -14.12000 22.00000
v 2.68700 -14.12000 22.26465
v 2.64812 -14.12000 22.52674
v 2.58374 -14.12000 22.78377
v 2.49447 -14.12000 23.03325
v 2.38119 -14.12000 23.27277
v 2.24497 -14.12000 23.50004
v 2.08713 -14.12000 23.71286
v 1.90919 -14.12000 23.90919
v 1.71286 -14.12000 24.08713
v 1.50004 -14.12000 24.24497
v 1.27277 -14.12000 24.38119
v 1.03325 -14.12000 24.49447
v 0.78377 -14.12000 24.58374
v 0.52674 -14.12000 24.64812
v 0.26465 -14.12000 24.68700
v 0.00000 -14.12000 24.70000
v -0.26465 -14.12000 24.68700
v -0.52674 -14.12000 24.64812
v -0.78377 -14.12000 24.58374
v -1.03325 -14.12000 24.49447
v -1.27277 -14.12000 24.38119
v -1.50004 -14.12000 24.24497
v -1.71286 -14.12000 24.08713
v -1.90919 -14.12000 23.90919
v -2.08713 -14.12000 23.71286
v -2.24497 -14.12000 23.50004
v -2.38119 -14.12000 23.27277
v -2.49447 -14.12000 23.03325
v -2.58374 -14.12000 22.78377
v -2.64812 -14.12000 22.52674
v -2.68700 -14.12000 22.26465
v -2.70000 -14.12000 22.00000
v -2.68700 -14.12000 21.73535
v -2.64812 -14.12000 21.47326
v -2.58374 -14.12000 21.21623
v -2.49447 -14.12000 20.96675
v -2.38119 -14.12000 20.72723
v -2.24497 -14.12000 20.49996
v -2.08713 -14.12000 20.28714
v -1.90919 -14.12000 20.09081
v -1.71286 -14.12000 19.91287
v -1.50004 -14.12000 19.75503
v -1.27277 -14.12000 19.61881
v -1.03325 -14.12000 19.50553
v -0.78377 -14.12000 19.41626
v -0.52674 -14.12000 19.35188
v -0.26465 -14.12000 19.31300
v -0.00000 -14.12000 19.30000
v 0.26465 -14.12000 19.31300
v 0.52674 -14.12000 19.35188
v 0.78377 -14.12000 19.41626
v 1.03325 -14.12000 19.50553
v 1.27277 -14.12000 19.61881
v 1.50004 -14.12000 19.75503
v 1.71286 -14.12000 19.91287
v 1.90919 -14.12000 20.09081
v 2.08713 -14.12000 20.28714
v 2.24497 -14.12000 20.49996
v 2.38119 -14.12000 20.72723
v 2.49447 -14.12000 20.96675
v 2.58374 -14.12000 21.21623
v 2.64812 -14.12000 21.47326
v 2.68700 -14.12000 21.73535
v 2.62000 -14.12000 22.00000
v 2.60738 -14.12000 22.25680
v 2.56966 -14.12000 22.51114
v 2.50718 -14.12000 22.76055
v 2.42056 -14.12000 23.00263
v 2.31063 -14.12000 23.23506
v 2.17845 -14.12000 23.45559
v 2.02529 -14.12000 23.66211
v 1.85262 -14.12000 23.85262
v 1.66211 -14.12000 24.02529
v 1.45559 -14.12000 24.17845
v 1.23506 -14.12000 24.31063
v 1.00263 -14.12000 24.42056
v 0.76055 -14.12000 24.50718
v 0.51114 -14.12000 24.56966
v 0.25680 -14.12000 24.60738
v 0.00000 -14.12000 24.62000
v -0.25680 -14.12000 24.60738
v -0.51114 -14.12000 24.56966
v -0.76055 -14.12000 24.50718
v -1.00263 -14.12000 24.42056
v -1.23506 -14.12000 24.31063
v -1.45559 -14.12000 24.17845
v -1.66211 -14.12000 24.02529
v -1.85262 -14.12000 23.85262
v -2.02529 -14.12000 23.66211
v -2.17845 -14.12000 23.45559
v -2.31063 -14.12000 23.23506
v -2.42056 -14.12000 23.00263
v -2.50718 -14.12000 22.76055
v -2.56966 -14.12000 22.51114
v -2.60738 -14.12000 22.25680
v -2.62000 -14.12000 22.00000
v -2.60738 -14.12000 21.74320
v -2.56966 -14.12000 21.48886
v -2.50718 -14.12000 21.23945
v -2.42056 -14.12000 20.99737
v -2.31063 -14.12000 20.76494
v -2.17845 -14.12000 20.54441
v -2.02529 -14.12000 20.33789
v -1.85262 -14.12000 20.14738
v -1.66211 -14.12000 19.97471
v -1.45559 -14.12000 19.82155
v -1.23506 -14.12000 19.68937
v -1.00263 -14.12000 19.57944
v -0.76055 -14.12000 19.49282
v -0.51114 -14.12000 19.43034
v -0.25680 -14.12000 19.39262
v -0.00000 -14.12000 19.38000
v 0.25680 -14.12000 19.39262
v 0.51114 -14.12000 19.43034
v 0.76055 -14.12000 19.49282
v 1.00263 -14.12000 19.57944
v 1.23506 -14.12000 19.68937
v 1.45559 -14.12000 19.82155
v 1.66211 -14.12000 19.97471
v 1.85262 -14.12000 20.14738
v 2.02529 -14.12000 20.33789
v 2.17845 -14.12000 20.54441
v 2.31063 -14.12000 20.76494
v 2.42056 -14.12000 20.99737
v 2.50718 -14.12000 21.23945
v 2.56966 -14.12000 21.48886
v 2.60738 -14.12000 21.74320
v 2.62000 -14.00000 22.00000
v 2.60738 -14.00000 22.25680
v 2.56966 -14.00000 22.51114
v 2.50718 -14.00000 22.76055
v 2.42056 -14.00000 23.00263
v 2.31063 -14.00000 23.23506
v 2.17845 -14.00000 23.45559
v 2.02529 -14.00000 23.66211
v 1.85262 -14.00000 23.85262
v 1.66211 -14.00000 24.02529
v 1.45559 -14.00000 24.17845
v 1.23506 -14.00000 24.31063
v 1.00263 -14.00000 24.42056
v 0.76055 -14.00000 24.50718
v 0.51114 -14.00000 24.56966
v 0.25680 -14.00000 24.60738
v 0.00000 -14.00000 24.62000
v -0.25680 -14.00000 24.60738
v -0.51114 -14.00000 24.56966
v -0.76055 -14.00000 24.50718
v -1.00263 -14.00000 24.42056
v -1.23506 -14.00000 24.31063
v -1.45559 -14.00000 24.17845
v -1.66211 -14.00000 24.02529
v -1.85262 -14.00000 23.85262
v -2.02529 -14.00000 23.66211
v -2.17845 -14.00000 23.45559
v -2.31063 -14.00000 23.23506
v -2.42056 -14.00000 23.00263
v -2.50718 -14.00000 22.76055
v -2.56966 -14.00000 22.51114
v -2.60738 -14.00000 22.25680
v -2.62000 -14.00000 22.00000
v -2.60738 -14.00000 21.74320
v -2.56966 -14.00000 21.48886
v -2.50718 -14.00000 21.23945
v -2.42056 -14.00000 20.99737
v -2.31063 -14.00000 20.76494
v -2.17845 -14.00000 20.54441
v -2.02529 -14.00000 20.33789
v -1.85262 -14.00000 20.14738
v -1.66211 -14.00000 19.97471
v -1.45559 -14.00000 19.82155
v -1.23506 -14.00000 19.68937
v -1.00263 -14.00000 19.57944
v -0.76055 -14.00000 19.49282
v -0.51114 -14.00000 19.43034
v -0.25680 -14.00000 19.39262
v -0.00000 -14.00000 19.38000
v 0.25680 -14.00000 19.39262
v 0.51114 -14.00000 19.43034
v 0.76055 -14.00000 19.49282
v 1.00263 -14.00000 19.57944
v 1.23506 -14.00000 19.68937
v 1.45559 -14.00000 19.82155
v 1.66211 -14.00000 19.97471
v 1.85262 -14.00000 20.14738
v 2.02529 -14.00000 20.33789
v 2.17845 -14.00000 20.54441
v 2.31063 -14.00000 20.76494
v 2.42056 -14.00000 20.99737
v 2.50718 -14.00000 21.23945
v 2.56966 -14.00000 21.48886
v 2.60738 -14.00000 21.74320
v 2.70000 -14.40000 22.00000
v 2.68700 -14.40000 22.26465
v 2.64812 -14.40000 22.52674
v 2.58374 -14.40000 22.78377
v 2.49447 -14.40000 23.03325
v 2.38119 -14.40000 23.27277
v 2.24497 -14.40000 23.50004
v 2.08713 -14.40000 23.71286
v 1.90919 -14.40000 23.90919
v 1.71286 -14.40000 24.08713
v 1.50004 -14.40000 24.24497
v 1.27277 -14.40000 24.38119
v 1.03325 -14.40000 24.49447
v 0.78377 -14.40000 24.58374
v 0.52674 -14.40000 24.64812
v 0.26465 -14.40000 24.68700
v 0.00000 -14.40000 24.70000
v -0.26465 -14.40000 24.68700
v -0.52674 -14.40000 24.64812
v -0.78377 -14.40000 24.58374
v -1.03325 -14.40000 24.49447
v -1.27277 -14.40000 24.38119
v -1.50004 -14.40000 24.24497
v -1.71286 -14.40000 24.08713
v -1.90919 -14.40000 23.90919
v -2.08713 -14.40000 23.71286
v -2.24497 -14.40000 23.50004
v -2.38119 -14.40000 23.27277
v -2.49447 -14.40000 23.03325
v -2.58374 -14.40000 22.78377
v -2.64812 -14.40000 22.52674
v -2.68700 -14.40000 22.26465
v -2.70000 -14.40000 22.00000
v -2.68700 -14.40000 21.73535
v -2.64812 -14.40000 21.47326
v -2.58374 -14.40000 21.21623
v -2.49447 -14.40000 20.96675
v -2.38119 -14.40000 20.72723
v -2.24497 -14.40000 20.49996
v -2.08713 -14.40000 20.28714
v -1.90919 -14.40000 20.09081
v -1.71286 -14.40000 19.91287
v -1.50004 -14.40000 19.75503
v -1.27277 -14.40000 19.61881
v -1.03325 -14.40000 19.50553
v -0.78377 -14.40000 19.41626
v -0.52674 -14.40000 19.35188
v -0.26465 -14.40000 19.31300
v -0.00000 -14.40000 19.30000
v 0.26465 -14.40000 19.31300
v 0.52674 -14.40000 19.35188
v 0.78377 -14.40000 19.41626
v 1.03325 -14.40000 19.50553
v 1.27277 -14.40000 19.61881
v 1.50004 -14.40000 19.75503
v 1.71286 -14.40000 19.91287
v 1.90919 -14.40000 20.09081
v 2.08713 -14.40000 20.28714
v 2.24497 -14.40000 20.49996
v 2.38119 -14.40000 20.72723
v 2.49447 -14.40000 20.96675
v 2.58374 -14.40000 21.21623
v 2.64812 -14.40000 21.47326
v 2.68700 -14.40000 21.73535
v 2.70000 -14.52000 22.00000
v 2.68700 -14.52000 22.26465
v 2.64812 -14.52000 22.52674
v 2.58374 -14.52000 22.78377
v 2.49447 -14.52000 23.03325
v 2.38119 -14.52000 23.27277
v 2.24497 -14.52000 23.50004
v 2.08713 -14.52000 23.71286
v 1.90919 -14.52000 23.90919
v 1.71286 -14.52000 24.08713
v 1.50004 -14.52000 24.24497
v 1.27277 -14.52000 24.38119
v 1.03325 -14.52000 24.49447
v 0.78377 -14.52000 24.58374
v 0.52674 -14.52000 24.64812
v 0.26465 -14.52000 24.68700
v 0.00000 -14.52000 24.70000
v -0.26465 -14.52000 24.68700
v -0.52674 -14.52000 24.64812
v -0.78377 -14.52000 24.58374
v -1.03325 -14.52000 24.49447
v -1.27277 -14.52000 24.38119
v -1.50004 -14.52000 24.24497
v -1.71286 -14.52000 24.08713
v -1.90919 -14.52000 23.90919
v -2.08713 -14.52000 23.71286
v -2.24497 -14.52000 23.50004
v -2.38119 -14.52000 23.27277
v -2.49447 -14.52000 23.03325
v -2.58374 -14.52000 22.78377
v -2.64812 -14.52000 22.52674
v -2.68700 -14.52000 22.26465
v -2.70000 -14.52000 22.00000
v -2.68700 -14.52000 21.73535
v -2.64812 -14.52000 21.47326
v -2.58374 -14.52000 21.21623
v -2.49447 -14.52000 20.96675
v -2.38119 -14.52000 20.72723
v -2.24497 -14.52000 20.49996
v -2.08713 -14.52000 20.28714
v -1.90919 -14.52000 20.09081
v -1.71286 -14.52000 19.91287
v -1.50004 -14.52000 19.75503
v -1.27277 -14.52000 19.61881
v -1.03325 -14.52000 19.50553
v -0.78377 -14.52000 19.41626
v -0.52674 -14.52000 19.35188
v -0.26465 -14.52000 19.31300
v -0.00000 -14.52000 19.30000
v 0.26465 -14.52000 19.31300
v 0.52674 -14.52000 19.35188
v 0.78377 -14.52000 19.41626
v 1.03325 -14.52000 19.50553
v 1.27277 -14.52000 19.61881
v 1.50004 -14.52000 19.75503
v 1.71286 -14.52000 19.91287
v 1.90919 -14.52000 20.09081
v 2.08713 -14.52000 20.28714
v 2.24497 -14.52000 20.49996
v 2.38119 -14.52000 20.72723
v 2.49447 -14.52000 20.96675
v 2.58374 -14.52000 21.21623
v 2.64812 -14.52000 21.47326
v 2.68700 -14.52000 21.73535
v 2.62000 -14.52000 22.00000
v 2.60738 -14.52000 22.25680
v 2.56966 -14.52000 22.51114
v 2.50718 -14.52000 22.76055
v 2.42056 -14.52000 23.00263
v 2.31063 -14.52000 23.23506
v 2.17845 -14.52000 23.45559
v 2.02529 -14.52000 23.66211
v 1.85262 -14.52000 23.85262
v 1.66211 -14.52000 24.02529
v 1.45559 -14.52000 24.17845
v 1.23506 -14.52000 24.31063
v 1.00263 -14.52000 24.42056
v 0.76055 -14.52000 24.50718
v 0.51114 -14.52000 24.56966
v 0.25680 -14.52000 24.60738
v 0.00000 -14.52000 24.62000
v -0.25680 -14.52000 24.60738
v -0.51114 -14.52000 24.56966
v -0.76055 -14.52000 24.50718
v -1.00263 -14.52000 24.42056
v -1.23506 -14.52000 24.31063
v -1.45559 -14.52000 24.17845
v -1.66211 -14.52000 24.02529
v -1.85262 -14.52000 23.85262
v -2.02529 -14.52000 23.66211
v -2.17845 -14.52000 23.45559
v -2.31063 -14.52000 23.23506
v -2.42056 -14.52000 23.00263
v -2.50718 -14.52000 22.76055
v -2.56966 -14.52000 22.51114
v -2.60738 -14.52000 22.25680
v -2.62000 -14.52000 22.00000
v -2.60738 -14.52000 21.74320
v -2.56966 -14.52000 21.48886
v -2.50718 -14.52000 21.23945
v -2.42056 -14.52000 20.99737
v -2.31063 -14.52000 20.76494
v -2.17845 -14.52000 20.54441
v -2.02529 -14.52000 20.33789
v -1.85262 -14.52000 20.14738
v -1.66211 -14.52000 19.97471
v -1.45559 -14.52000 19.82155
v -1.23506 -14.52000 19.68937
v -1.00263 -14.52000 19.57944
v -0.76055 -14.52000 19.49282
v -0.51114 -14.52000 19.43034
v -0.25680 -14.52000 19.39262
v -0.00000 -14.52000 19.38000
v 0.25680 -14.52000 19.39262
v 0.51114 -14.52000 19.43034
v 0.76055 -14.52000 19.49282
v 1.00263 -14.52000 19.57944
v 1.23506 -14.52000 19.68937
v 1.45559 -14.52000 19.82155
v 1.66211 -14.52000 19.97471
v 1.85262 -14.52000 20.14738
v 2.02529 -14.52000 20.33789
v 2.17845 -14.52000 20.54441
v 2.31063 -14.52000 20.76494
v 2.42056 -14.52000 20.99737
v 2.50718 -14.52000 21.23945
v 2.56966 -14.52000 21.48886
v 2.60738 -14.52000 21.74320
v 2.62000 -14.40000 22.00000
v 2.60738 -14.40000 22.25680
v 2.56966 -14.40000 22.51114
v 2.50718 -14.40000 22.76055
v 2.42056 -14.40000 23.00263
v 2.31063 -14.40000 23.23506
v 2.17845 -14.40000 23.45559
v 2.02529 -14.40000 23.66211
v 1.85262 -14.40000 23.85262
v 1.66211 -14.40000 24.02529
v 1.45559 -14.40000 24.17845
v 1.23506 -14.40000 24.31063
v 1.00263 -14.40000 24.42056
v 0.76055 -14.40000 24.50718
v 0.51114 -14.40000 24.56966
v 0.25680 -14.40000 24.60738
v 0.00000 -14.40000 24.62000
v -0.25680 -14.40000 24.60738
v -0.51114 -14.40000 24.56966
v -0.76055 -14.40000 24.50718
v -1.00263 -14.40000 24.42056
v -1.23506 -14.40000 24.31063
v -1.45559 -14.40000 24.17845
v -1.66211 -14.40000 24.02529
v -1.85262 -14.40000 23.85262
v -2.02529 -14.40000 23.66211
v -2.17845 -14.40000 23.45559
v -2.31063 -14.40000 23.23506
v -2.42056 -14.40000 23.00263
v -2.50718 -14.40000 22.76055
v -2.56966 -14.40000 22.51114
v -2.60738 -14.40000 22.25680
v -2.62000 -14.40000 22.00000
v -2.60738 -14.40000 21.74320
v -2.56966 -14.40000 21.48886
v -2.50718 -14.40000 21.23945
v -2.42056 -14.40000 20.99737
v -2.31063 -14.40000 20.76494
v -2.17845 -14.40000 20.54441
v -2.02529 -14.40000 20.33789
v -1.85262 -14.40000 20.14738
v -1.66211 -14.40000 19.97471
v -1.45559 -14.40000 19.82155
v -1.23506 -14.40000 19.68937
v -1.00263 -14.40000 19.57944
v -0.76055 -14.40000 19.49282
v -0.51114 -14.40000 19.43034
v -0.25680 -14.40000 19.39262
v -0.00000 -14.40000 19.38000
v 0.25680 -14.40000 19.39262
v 0.51114 -14.40000 19.43034
v 0.76055 -14.40000 19.49282
v 1.00263 -14.40000 19.57944
v 1.23506 -14.40000 19.68937
v 1.45559 -14.40000 19.82155
v 1.66211 -14.40000 19.97471
v 1.85262 -14.40000 20.14738
v 2.02529 -14.40000 20.33789
v 2.17845 -14.40000 20.54441
v 2.31063 -14.40000 20.76494
v 2.42056 -14.40000 20.99737
v 2.50718 -14.40000 21.23945
v 2.56966 -14.40000 21.48886
v 2.60738 -14.40000 21.74320
v 2.70000 -14.80000 22.00000
v 2.68700 -14.80000 22.26465
v 2.64812 -14.80000 22.52674
v 2.58374 -14.80000 22.78377
v 2.49447 -14.80000 23.03325
v 2.38119 -14.80000 23.27277
v 2.24497 -14.80000 23.50004
v 2.08713 -14.80000 23.71286
v 1.90919 -14.80000 23.90919
v 1.71286 -14.80000 24.08713
v 1.50004 -14.80000 24.24497
v 1.27277 -14.80000 24.38119
v 1.03325 -14.80000 24.49447
v 0.78377 -14.80000 24.58374
v 0.52674 -14.80000 24.64812
v 0.26465 -14.80000 24.68700
v 0.00000 -14.80000 24.70000
v -0.26465 -14.80000 24.68700
v -0.52674 -14.80000 24.64812
v -0.78377 -14.80000 24.58374
v -1.03325 -14.80000 24.49447
v -1.27277 -14.80000 24.38119
v -1.50004 -14.80000 24.24497
v -1.71286 -14.80000 24.08713
v -1.90919 -14.80000 23.90919
v -2.08713 -14.80000 23.71286
v -2.24497 -14.80000 23.50004
v -2.38119 -14.80000 23.27277
v -2.49447 -14.80000 23.03325
v -2.58374 -14.80000 22.78377
v -2.64812 -14.80000 22.52674
v -2.68700 -14.80000 22.26465
v -2.70000 -14.80000 22.00000
v -2.68700 -14.80000 21.73535
v -2.64812 -14.80000 21.47326
v -2.58374 -14.80000 21.21623
v -2.49447 -14.80000 20.96675
v -2.38119 -14.80000 20.72723
v -2.24497 -14.80000 20.49996
v -2.08713 -14.80000 20.28714
v -1.90919 -14.80000 20.09081
v -1.71286 -14.80000 19.91287
v -1.50004 -14.80000 19.75503
v -1.27277 -14.80000 19.61881
v -1.03325 -14.80000 19.50553
v -0.78377 -14.80000 19.41626
v -0.52674 -14.80000 19.35188
v -0.26465 -14.80000 19.31300
v -0.00000 -14.80000 19.30000
v 0.26465 -14.80000 19.31300
v 0.52674 -14.80000 19.35188
v 0.78377 -14.80000 19.41626
v 1.03325 -14.80000 19.50553
v 1.27277 -14.80000 19.61881
v 1.50004 -14.80000 19.75503
v 1.71286 -14.80000 19.91287
v 1.90919 -14.80000 20.09081
v 2.08713 -14.80000 20.28714
v 2.24497 -14.80000 20.49996
v 2.38119 -14.80000 20.72723
v 2.49447 -14.80000 20.96675
v 2.58374 -14.80000 21.21623
v 2.64812 -14.80000 21.47326
v 2.68700 -14.80000 21.73535
v 2.70000 -14.92000 22.00000
v 2.68700 -14.92000 22.26465
v 2.64812 -14.92000 22.52674
v 2.58374 -14.92000 22.78377
v 2.49447 -14.92000 23.03325
v 2.38119 -14.92000 23.27277
v 2.24497 -14.92000 23.50004
v 2.08713 -14.92000 23.71286
v 1.90919 -14.92000 23.90919
v 1.71286 -14.92000 24.08713
v 1.50004 -14.92000 24.24497
v 1.27277 -14.92000 24.38119
v 1.03325 -14.92000 24.49447
v 0.78377 -14.92000 24.58374
v 0.52674 -14.92000 24.64812
v 0.26465 -14.92000 24.68700
v 0.00000 -14.92000 24.70000
v -0.26465 -14.92000 24.68700
v -0.52674 -14.92000 24.64812
v -0.78377 -14.92000 24.58374
v -1.03325 -14.92000 24.49447
v -1.27277 -14.92000 24.38119
v -1.50004 -14.92000 24.24497
v -1.71286 -14.92000 24.08713
v -1.90919 -14.92000 23.90919
v -2.08713 -14.92000 23.71286
v -2.24497 -14.92000 23.50004
v -2.38119 -14.92000 23.27277
v -2.49447 -14.92000 23.03325
v -2.58374 -14.92000 22.78377
v -2.64812 -14.92000 22.52674
v -2.68700 -14.92000 22.26465
v -2.70000 -14.92000 22.00000
v -2.68700 -14.92000 21.73535
v -2.64812 -14.92000 21.47326
v -2.58374 -14.92000 21.21623
v -2.49447 -14.92000 20.96675
v -2.38119 -14.92000 20.72723
v -2.24497 -14.92000 20.49996
v -2.08713 -14.92000 20.28714
v -1.90919 -14.92000 20.09081
v -1.71286 -14.92000 19.91287
v -1.50004 -14.92000 19.75503
v -1.27277 -14.92000 19.61881
v -1.03325 -14.92000 19.50553
v -0.78377 -14.92000 19.41626
v -0.52674 -14.92000 19.35188
v -0.26465 -14.92000 19.31300
v -0.00000 -14.92000 19.30000
v 0.26465 -14.92000 19.31300
v 0.52674 -14.92000 19.35188
v 0.78377 -14.92000 19.41626
v 1.03325 -14.92000 19.50553
v 1.27277 -14.92000 19.61881
v 1.50004 -14.92000 19.75503
v 1.71286 -14.92000 19.91287
v 1.90919 -14.92000 20.09081
v 2.08713 -14.92000 20.28714
v 2.24497 -14.92000 20.49996
v 2.38119 -14.92000 20.72723
v 2.49447 -14.92000 20.96675
v 2.58374 -14.92000 21.21623
v 2.64812 -14.92000 21.47326
v 2.68700 -14.92000 21.73535
v 2.62000 -14.92000 22.00000
v 2.60738 -14.92000 22.25680
v 2.56966 -14.92000 22.51114
v 2.50718 -14.92000 22.76055
v 2.42056 -14.92000 23.00263
v 2.31063 -14.92000 23.23506
v 2.17845 -14.92000 23.45559
v 2.02529 -14.92000 23.66211
v 1.85262 -14.92000 23.85262
v 1.66211 -14.92000 24.02529
v 1.45559 -14.92000 24.17845
v 1.23506 -14.92000 24.31063
v 1.00263 -14.92000 24.42056
v 0.76055 -14.92000 24.50718
v 0.51114 -14.92000 24.56966
v 0.25680 -14.92000 24.60738
v 0.00000 -14.92000 24.62000
v -0.25680 -14.92000 24.60738
v -0.51114 -14.92000 24.56966
v -0.76055 -14.92000 24.50718
v -1.00263 -14.92000 24.42056
v -1.23506 -14.92000 24.31063
v -1.45559 -14.92000 24.17845
v -1.66211 -14.92000 24.02529
v -1.85262 -14.92000 23.85262
v -2.02529 -14.92000 23.66211
v -2.17845 -14.92000 23.45559
v -2.31063 -14.92000 23.23506
v -2.42056 -14.92000 23.00263
v -2.50718 -14.92000 22.76055
v -2.56966 -14.92000 22.51114
v -2.60738 -14.92000 22.25680
v -2.62000 -14.92000 22.00000
v -2.60738 -14.92000 21.74320
v -2.56966 -14.92000 21.48886
v -2.50718 -14.92000 21.23945
v -2.42056 -14.92000 20.99737
v -2.31063 -14.92000 20.76494
v -2.17845 -14.92000 20.54441
v -2.02529 -14.92000 20.33789
v -1.85262 -14.92000 20.14738
v -1.66211 -14.92000 19.97471
v -1.45559 -14.92000 19.82155
v -1.23506 -14.92000 19.68937
v -1.00263 -14.92000 19.57944
v -0.76055 -14.92000 19.49282
v -0.51114 -14.92000 19.43034
v -0.25680 -14.92000 19.39262
v -0.00000 -14.92000 19.38000
v 0.25680 -14.92000 19.39262
v 0.51114 -14.92000 19.43034
v 0.76055 -14.92000 19.49282
v 1.00263 -14.92000 19.57944
v 1.23506 -14.92000 19.68937
v 1.45559 -14.92000 19.82155
v 1.66211 -14.92000 19.97471
v 1.85262 -14.92000 20.14738
v 2.02529 -14.92000 20.33789
v 2.17845 -14.92000 20.54441
v 2.31063 -14.92000 20.76494
v 2.42056 -14.92000 20.99737
v 2.50718 -14.92000 21.23945
v 2.56966 -14.92000 21.48886
v 2.60738 -14.92000 21.74320
v 2.62000 -14.80000 22.00000
v 2.60738 -14.80000 22.25680
v 2.56966 -14.80000 22.51114
v 2.50718 -14.80000 22.76055
v 2.42056 -14.80000 23.00263
v 2.31063 -14.80000 23.23506
v 2.17845 -14.80000 23.45559
v 2.02529 -14.80000 23.66211
v 1.85262 -14.80000 23.85262
v 1.66211 -14.80000 24.02529
v 1.45559 -14.80000 24.17845
v 1.23506 -14.80000 24.31063
v 1.00263 -14.80000 24.42056
v 0.76055 -14.80000 24.50718
v 0.51114 -14.80000 24.56966
v 0.25680 -14.80000 24.60738
v 0.00000 -14.80000 24.62000
v -0.25680 -14.80000 24.60738
v -0.51114 -14.80000 24.56966
v -0.76055 -14.80000 24.50718
v -1.00263 -14.80000 24.42056
v -1.23506 -14.80000 24.31063
v -1.45559 -14.80000 24.17845
v -1.66211 -14.80000 24.02529
v -1.85262 -14.80000 23.85262
v -2.02529 -14.80000 23.66211
v -2.17845 -14.80000 23.45559
v -2.31063 -14.80000 23.23506
v -2.42056 -14.80000 23.00263
v -2.50718 -14.80000 22.76055
v -2.56966 -14.80000 22.51114
v -2.60738 -14.80000 22.25680
v -2.62000 -14.80000 22.00000
v -2.60738 -14.80000 21.74320
v -2.56966 -14.80000 21.48886
v -2.50718 -14.80000 21.23945
v -2.42056 -14.80000 20.99737
v -2.31063 -14.80000 20.76494
v -2.17845 -14.80000 20.54441
v -2.02529 -14.80000 20.33789
v -1.85262 -14.80000 20.14738
v -1.66211 -14.80000 19.97471
v -1.45559 -14.80000 19.82155
v -1.23506 -14.80000 19.68937
v -1.00263 -14.80000 19.57944
v -0.76055 -14.80000 19.49282
v -0.51114 -14.80000 19.43034
v -0.25680 -14.80000 19.39262
v -0.00000 -14.80000 19.38000
v 0.25680 -14.80000 19.39262
v 0.51114 -14.80000 19.43034
v 0.76055 -14.80000 19.49282
v 1.00263 -14.80000 19.57944
v 1.23506 -14.80000 19.68937
v 1.45559 -14.80000 19.82155
v 1.66211 -14.80000 19.97471
v 1.85262 -14.80000 20.14738
v 2.02529 -14.80000 20.33789
v 2.17845 -14.80000 20.54441
v 2.31063 -14.80000 20.76494
v 2.42056 -14.80000 20.99737
v 2.50718 -14.80000 21.23945
v 2.56966 -14.80000 21.48886
v 2.60738 -14.80000 21.74320
v -2.20000 -3.00000 16.95000
v -2.20000 -3.00000 16.95000
v -2.20000 -3.00000 16.95000
v -2.20000 -3.00000 16.95000
v -2.20000 -3.00000 16.95000
v -2.20000 -3.00000 16.95000
v -2.20000 -3.00000 16.95000
v -2.20000 -3.00000 16.95000
v -2.20000 -3.00000 16.95000
v -2.20000 -3.00000 16.95000
v -2.20000 -3.00000 16.95000
v -2.20000 -3.00000 16.95000
v -2.20000 -3.00000 16.95000
v -2.20000 -3.00000 16.95000
v -2.20000 -3.00000 16.95000
v -2.20000 -3.00000 16.95000
v -2.20000 -3.00000 16.95000
v -2.20000 -3.00000 16.95000
v -2.20000 -3.00000 16.95000
v -2.20000 -3.00000 16.95000
v -2.20000 -3.00000 16.95000
v -2.20000 -3.00000 16.95000
v -2.20000 -3.00000 16.95000
v -2.20000 -3.00000 16.95000
v -2.10654 -3.00000 16.96003
v -2.10862 -3.07764 16.96003
v -2.11488 -3.11912 16.96003
v -2.12539 -3.14922 16.96003
v -2.14044 -3.17024 16.96003
v -2.16118 -3.18276 16.96003
v -2.20000 -3.18692 16.96003
v -2.23882 -3.18276 16.96003
v -2.25956 -3.17024 16.96003
v -2.27461 -3.14922 16.96003
v -2.28512 -3.11912 16.96003
v -2.29138 -3.07764 16.96003
v -2.29346 -3.00000 16.96003
v -2.29138 -2.92236 16.96003
v -2.28512 -2.88088 16.96003
v -2.27461 -2.85078 16.96003
v -2.25956 -2.82976 16.96003
v -2.23882 -2.81724 16.96003
v -2.20000 -2.81308 16.96003
v -2.16118 -2.81724 16.96003
v -2.14044 -2.82976 16.96003
v -2.12539 -2.85078 16.96003
v -2.11488 -2.88088 16.96003
v -2.10862 -2.92236 16.96003
v -2.05661 -3.00000 16.99017
v -2.05981 -3.11912 16.99017
v -2.06941 -3.18276 16.99017
v -2.08553 -3.22893 16.99017
v -2.10862 -3.26118 16.99017
v -2.14044 -3.28039 16.99017
v -2.20000 -3.28678 16.99017
v -2.25956 -3.28039 16.99017
v -2.29138 -3.26118 16.99017
v -2.31447 -3.22893 16.99017
v -2.33059 -3.18276 16.99017
v -2.34019 -3.11912 16.99017
v -2.34339 -3.00000 16.99017
v -2.34019 -2.88088 16.99017
v -2.33059 -2.81724 16.99017
v -2.31447 -2.77107 16.99017
v -2.29138 -2.73882 16.99017
v -2.25956 -2.71961 16.99017
v -2.20000 -2.71322 16.99017
v -2.14044 -2.71961 16.99017
v -2.10862 -2.73882 16.99017
v -2.08553 -2.77107 16.99017
v -2.06941 -2.81724 16.99017
v -2.05981 -2.88088 16.99017
v -2.02038 -3.00000 17.04077
v -2.02439 -3.14922 17.04077
v -2.03642 -3.22893 17.04077
v -2.05661 -3.28678 17.04077
v -2.08553 -3.32717 17.04077
v -2.12539 -3.35123 17.04077
v -2.20000 -3.35923 17.04077
v -2.27461 -3.35123 17.04077
v -2.31447 -3.32717 17.04077
v -2.34339 -3.28678 17.04077
v -2.36358 -3.22893 17.04077
v -2.37561 -3.14922 17.04077
v -2.37962 -3.00000 17.04077
v -2.37561 -2.85078 17.04077
v -2.36358 -2.77107 17.04077
v -2.34339 -2.71322 17.04077
v -2.31447 -2.67283 17.04077
v -2.27461 -2.64877 17.04077
v -2.20000 -2.64077 17.04077
v -2.12539 -2.64877 17.04077
v -2.08553 -2.67283 17.04077
v -2.05661 -2.71322 17.04077
v -2.03642 -2.77107 17.04077
v -2.02439 -2.85078 17.04077
v -1.99508 -3.00000 17.11322
v -1.99965 -3.17024 17.11322
v -2.01337 -3.26118 17.11322
v -2.03642 -3.32717 17.11322
v -2.06941 -3.37325 17.11322
v -2.11488 -3.40070 17.11322
v -2.20000 -3.40983 17.11322
v -2.28512 -3.40070 17.11322
v -2.33059 -3.37325 17.11322
v -2.36358 -3.32717 17.11322
v -2.38663 -3.26118 17.11322
v -2.40035 -3.17024 17.11322
v -2.40492 -3.00000 17.11322
v -2.40035 -2.82976 17.11322
v -2.38663 -2.73882 17.11322
v -2.36358 -2.67283 17.11322
v -2.33059 -2.62675 17.11322
v -2.28512 -2.59930 17.11322
v -2.20000 -2.59017 17.11322
v -2.11488 -2.59930 17.11322
v -2.06941 -2.62675 17.11322
v -2.03642 -2.67283 17.11322
v -2.01337 -2.73882 17.11322
v -1.99965 -2.82976 17.11322
v -1.98001 -3.00000 17.21308
v -1.98492 -3.18276 17.21308
v -1.99965 -3.28039 17.21308
v -2.02439 -3.35123 17.21308
v -2.05981 -3.40070 17.21308
v -2.10862 -3.43017 17.21308
v -2.20000 -3.43997 17.21308
v -2.29138 -3.43017 17.21308
v -2.34019 -3.40070 17.21308
v -2.37561 -3.35123 17.21308
v -2.40035 -3.28039 17.21308
v -2.41508 -3.18276 17.21308
v -2.41999 -3.00000 17.21308
v -2.41508 -2.81724 17.21308
v -2.40035 -2.71961 17.21308
v -2.37561 -2.64877 17.21308
v -2.34019 -2.59930 17.21308
v -2.29138 -2.56983 17.21308
v -2.20000 -2.56003 17.21308
v -2.10862 -2.56983 17.21308
v -2.05981 -2.59930 17.21308
v -2.02439 -2.64877 17.21308
v -1.99965 -2.71961 17.21308
v -1.98492 -2.81724 17.21308
v -1.97500 -3.00000 17.40000
v -1.98001 -3.18692 17.40000
v -1.99508 -3.28678 17.40000
v -2.02038 -3.35923 17.40000
v -2.05661 -3.40983 17.40000
v -2.10654 -3.43997 17.40000
v -2.20000 -3.45000 17.40000
v -2.29346 -3.43997 17.40000
v -2.34339 -3.40983 17.40000
v -2.37962 -3.35923 17.40000
v -2.40492 -3.28678 17.40000
v -2.41999 -3.18692 17.40000
v -2.42500 -3.00000 17.40000
v -2.41999 -2.81308 17.40000
v -2.40492 -2.71322 17.40000
v -2.37962 -2.64077 17.40000
v -2.34339 -2.59017 17.40000
v -2.29346 -2.56003 17.40000
v -2.20000 -2.55000 17.40000
v -2.10654 -2.56003 17.40000
v -2.05661 -2.59017 17.40000
v -2.02038 -2.64077 17.40000
v -1.99508 -2.71322 17.40000
v -1.98001 -2.81308 17.40000
v -1.98001 -3.00000 17.58692
v -1.98492 -3.18276 17.58692
v -1.99965 -3.28039 17.58692
v -2.02439 -3.35123 17.58692
v -2.05981 -3.40070 17.58692
v -2.10862 -3.43017 17.58692
v -2.20000 -3.43997 17.58692
v -2.29138 -3.43017 17.58692
v -2.34019 -3.40070 17.58692
v -2.37561 -3.35123 17.58692
v -2.40035 -3.28039 17.58692
v -2.41508 -3.18276 17.58692
v -2.41999 -3.00000 17.58692
v -2.41508 -2.81724 17.58692
v -2.40035 -2.71961 17.58692
v -2.37561 -2.64877 17.58692
v -2.34019 -2.59930 17.58692
v -2.29138 -2.56983 17.58692
v -2.20000 -2.56003 17.58692
v -2.10862 -2.56983 17.58692
v -2.05981 -2.59930 17.58692
v -2.02439 -2.64877 17.58692
v -1.99965 -2.71961 17.58692
v -1.98492 -2.81724 17.58692
v -1.99508 -3.00000 17.68678
v -1.99965 -3.17024 17.68678
v -2.01337 -3.26118 17.68678
v -2.03642 -3.32717 17.68678
v -2.06941 -3.37325 17.68678
v -2.11488 -3.40070 17.68678
v -2.20000 -3.40983 17.68678
v -2.28512 -3.40070 17.68678
v -2.33059 -3.37325 17.68678
v -2.36358 -3.32717 17.68678
v -2.38663 -3.26118 17.68678
v -2.40035 -3.17024 17.68678
v -2.40492 -3.00000 17.68678
v -2.40035 -2.82976 17.68678
v -2.38663 -2.73882 17.68678
v -2.36358 -2.67283 17.68678
v -2.33059 -2.62675 17.68678
v -2.28512 -2.59930 17.68678
v -2.20000 -2.59017 17.68678
v -2.11488 -2.59930 17.68678
v -2.06941 -2.62675 17.68678
v -2.03642 -2.67283 17.68678
v -2.01337 -2.73882 17.68678
v -1.99965 -2.82976 17.68678
v -2.02038 -3.00000 17.75923
v -2.02439 -3.14922 17.75923
v -2.03642 -3.22893 17.75923
v -2.05661 -3.28678 17.75923
v -2.08553 -3.32717 17.75923
v -2.12539 -3.35123 17.75923
v -2.20000 -3.35923 17.75923
v -2.27461 -3.35123 17.75923
v -2.31447 -3.32717 17.75923
v -2.34339 -3.28678 17.75923
v -2.36358 -3.22893 17.75923
v -2.37561 -3.14922 17.75923
v -2.37962 -3.00000 17.75923
v -2.37561 -2.85078 17.75923
v -2.36358 -2.77107 17.75923
v -2.34339 -2.71322 17.75923
v -2.31447 -2.67283 17.75923
v -2.27461 -2.64877 17.75923
v -2.20000 -2.64077 17.75923
v -2.12539 -2.64877 17.75923
v -2.08553 -2.67283 17.75923
v -2.05661 -2.71322 17.75923
v -2.03642 -2.77107 17.75923
v -2.02439 -2.85078 17.75923
v -2.05661 -3.00000 17.80983
v -2.05981 -3.11912 17.80983
v -2.06941 -3.18276 17.80983
v -2.08553 -3.22893 17.80983
v -2.10862 -3.26118 17.80983
v -2.14044 -3.28039 17.80983
v -2.20000 -3.28678 17.80983
v -2.25956 -3.28039 17.80983
v -2.29138 -3.26118 17.80983
v -2.31447 -3.22893 17.80983
v -2.33059 -3.18276 17.80983
v -2.34019 -3.11912 17.80983
v -2.34339 -3.00000 17.80983
v -2.34019 -2.88088 17.80983
v -2.33059 -2.81724 17.80983
v -2.31447 -2.77107 17.80983
v -2.29138 -2.73882 17.80983
v -2.25956 -2.71961 17.80983
v -2.20000 -2.71322 17.80983
v -2.14044 -2.71961 17.80983
v -2.10862 -2.73882 17.80983
v -2.08553 -2.77107 17.80983
v -2.06941 -2.81724 17.80983
v -2.05981 -2.88088 17.80983
v -2.10654 -3.00000 17.83997
v -2.10862 -3.07764 17.83997
v -2.11488 -3.11912 17.83997
v -2.12539 -3.14922 17.83997
v -2.14044 -3.17024 17.83997
v -2.16118 -3.18276 17.83997
v -2.20000 -3.18692 17.83997
v -2.23882 -3.18276 17.83997
v -2.25956 -3.17024 17.83997
v -2.27461 -3.14922 17.83997
v -2.28512 -3.11912 17.83997
v -2.29138 -3.07764 17.83997
v -2.29346 -3.00000 17.83997
v -2.29138 -2.92236 17.83997
v -2.28512 -2.88088 17.83997
v -2.27461 -2.85078 17.83997
v -2.25956 -2.82976 17.83997
v -2.23882 -2.81724 17.83997
v -2.20000 -2.81308 17.83997
v -2.16118 -2.81724 17.83997
v -2.14044 -2.82976 17.83997
v -2.12539 -2.85078 17.83997
v -2.11488 -2.88088 17.83997
v -2.10862 -2.92236 17.83997
v -2.20000 -3.00000 17.85000
v -2.20000 -3.00000 17.85000
v -2.20000 -3.00000 17.85000
v -2.20000 -3.00000 17.85000
v -2.20000 -3.00000 17.85000
v -2.20000 -3.00000 17.85000
v -2.20000 -3.00000 17.85000
v -2.20000 -3.00000 17.85000
v -2.20000 -3.00000 17.85000
v -2.20000 -3.00000 17.85000
v -2.20000 -3.00000 17.85000
v -2.20000 -3.00000 17.85000
v -2.20000 -3.00000 17.85000
v -2.20000 -3.00000 17.85000
v -2.20000 -3.00000 17.85000
v -2.20000 -3.00000 17.85000
v -2.20000 -3.00000 17.85000
v -2.20000 -3.00000 17.85000
v -2.20000 -3.00000 17.85000
v -2.20000 -3.00000 17.85000
v -2.20000 -3.00000 17.85000
v -2.20000 -3.00000 17.85000
v -2.20000 -3.00000 17.85000
v -2.20000 -3.00000 17.85000
v -2.20000 -10.50000 16.95000
v -2.20000 -10.50000 16.95000
v -2.20000 -10.50000 16.95000
v -2.20000 -10.50000 16.95000
v -2.20000 -10.50000 16.95000
v -2.20000 -10.50000 16.95000
v -2.20000 -10.50000 16.95000
v -2.20000 -10.50000 16.95000
v -2.20000 -10.50000 16.95000
v -2.20000 -10.50000 16.95000
v -2.20000 -10.50000 16.95000
v -2.20000 -10.50000 16.95000
v -2.20000 -10.50000 16.95000
v -2.20000 -10.50000 16.95000
v -2.20000 -10.50000 16.95000
v -2.20000 -10.50000 16.95000
v -2.20000 -10.50000 16.95000
v -2.20000 -10.50000 16.95000
v -2.20000 -10.50000 16.95000
v -2.20000 -10.50000 16.95000
v -2.20000 -10.50000 16.95000
v -2.20000 -10.50000 16.95000
v -2.20000 -10.50000 16.95000
v -2.20000 -10.50000 16.95000
v -2.10654 -10.50000 16.96003
v -2.10862 -10.57764 16.96003
v -2.11488 -10.61912 16.96003
v -2.12539 -10.64922 16.96003
v -2.14044 -10.67024 16.96003
v -2.16118 -10.68276 16.96003
v -2.20000 -10.68692 16.96003
v -2.23882 -10.68276 16.96003
v -2.25956 -10.67024 16.96003
v -2.27461 -10.64922 16.96003
v -2.28512 -10.61912 16.96003
v -2.29138 -10.57764 16.96003
v -2.29346 -10.50000 16.96003
v -2.29138 -10.42236 16.96003
v -2.28512 -10.38088 16.96003
v -2.27461 -10.35078 16.96003
v -2.25956 -10.32976 16.96003
v -2.23882 -10.31724 16.96003
v -2.20000 -10.31308 16.96003
v -2.16118 -10.31724 16.96003
v -2.14044 -10.32976 16.96003
v -2.12539 -10.35078 16.96003
v -2.11488 -10.38088 16.96003
v -2.10862 -10.42236 16.96003
v -2.05661 -10.50000 16.99017
v -2.05981 -10.61912 16.99017
v -2.06941 -10.68276 16.99017
v -2.08553 -10.72893 16.99017
v -2.10862 -10.76118 16.99017
v -2.14044 -10.78039 16.99017
v -2.20000 -10.78678 16.99017
v -2.25956 -10.78039 16.99017
v -2.29138 -10.76118 16.99017
v -2.31447 -10.72893 16.99017
v -2.33059 -10.68276 16.99017
v -2.34019 -10.61912 16.99017
v -2.34339 -10.50000 16.99017
v -2.34019 -10.38088 16.99017
v -2.33059 -10.31724 16.99017
v -2.31447 -10.27107 16.99017
v -2.29138 -10.23882 16.99017
v -2.25956 -10.21961 16.99017
v -2.20000 -10.21322 16.99017
v -2.14044 -10.21961 16.99017
v -2.10862 -10.23882 16.99017
v -2.08553 -10.27107 16.99017
v -2.06941 -10.31724 16.99017
v -2.05981 -10.38088 16.99017
v -2.02038 -10.50000 17.04077
v -2.02439 -10.64922 17.04077
v -2.03642 -10.72893 17.04077
v -2.05661 -10.78678 17.04077
v -2.08553 -10.82717 17.04077
v -2.12539 -10.85123 17.04077
v -2.20000 -10.85923 17.04077
v -2.27461 -10.85123 17.04077
v -2.31447 -10.82717 17.04077
v -2.34339 -10.78678 17.04077
v -2.36358 -10.72893 17.04077
v -2.37561 -10.64922 17.04077
v -2.37962 -10.50000 17.04077
v -2.37561 -10.35078 17.04077
v -2.36358 -10.27107 17.04077
v -2.34339 -10.21322 17.04077
v -2.31447 -10.17283 17.04077
v -2.27461 -10.14877 17.04077
v -2.20000 -10.14077 17.04077
v -2.12539 -10.14877 17.04077
v -2.08553 -10.17283 17.04077
v -2.05661 -10.21322 17.04077
v -2.03642 -10.27107 17.04077
v -2.02439 -10.35078 17.04077
v -1.99508 -10.50000 17.11322
v -1.99965 -10.67024 17.11322
v -2.01337 -10.76118 17.11322
v -2.03642 -10.82717 17.11322
v -2.06941 -10.87325 17.11322
v -2.11488 -10.90070 17.11322
v -2.20000 -10.90983 17.11322
v -2.28512 -10.90070 17.11322
v -2.33059 -10.87325 17.11322
v -2.36358 -10.82717 17.11322
v -2.38663 -10.76118 17.11322
v -2.40035 -10.67024 17.11322
v -2.40492 -10.50000 17.11322
v -2.40035 -10.32976 17.11322
v -2.38663 -10.23882 17.11322
v -2.36358 -10.17283 17.11322
v -2.33059 -10.12675 17.11322
v -2.28512 -10.09930 17.11322
v -2.20000 -10.09017 17.11322
v -2.11488 -10.09930 17.11322
v -2.06941 -10.12675 17.11322
v -2.03642 -10.17283 17.11322
v -2.01337 -10.23882 17.11322
v -1.99965 -10.32976 17.11322
v -1.98001 -10.50000 17.21308
v -1.98492 -10.68276 17.21308
v -1.99965 -10.78039 17.21308
v -2.02439 -10.85123 17.21308
v -2.05981 -10.90070 17.21308
v -2.10862 -10.93017 17.21308
v -2.20000 -10.93997 17.21308
v -2.29138 -10.93017 17.21308
v -2.34019 -10.90070 17.21308
v -2.37561 -10.85123 17.21308
v -2.40035 -10.78039 17.21308
v -2.41508 -10.68276 17.21308
v -2.41999 -10.50000 17.21308
v -2.41508 -10.31724 17.21308
v -2.40035 -10.21961 17.21308
v -2.37561 -10.14877 17.21308
v -2.34019 -10.09930 17.21308
v -2.29138 -10.06983 17.21308
v -2.20000 -10.06003 17.21308
v -2.10862 -10.06983 17.21308
v -2.05981 -10.09930 17.21308
v -2.02439 -10.14877 17.21308
v -1.99965 -10.21961 17.21308
v -1.98492 -10.31724 17.21308
v -1.97500 -10.50000 17.40000
v -1.98001 -10.68692 17.40000
v -1.99508 -10.78678 17.40000
v -2.02038 -10.85923 17.40000
v -2.05661 -10.90983 17.40000
v -2.10654 -10.93997 17.40000
v -2.20000 -10.95000 17.40000
v -2.29346 -10.93997 17.40000
v -2.34339 -10.90983 17.40000
v -2.37962 -10.85923 17.40000
v -2.40492 -10.78678 17.40000
v -2.41999 -10.68692 17.40000
v -2.42500 -10.50000 17.40000
v -2.41999 -10.31308 17.40000
v -2.40492 -10.21322 17.40000
v -2.37962 -10.14077 17.40000
v -2.34339 -10.09017 17.40000
v -2.29346 -10.06003 17.40000
v -2.20000 -10.05000 17.40000
v -2.10654 -10.06003 17.40000
v -2.05661 -10.09017 17.40000
v -2.02038 -10.14077 17.40000
v -1.99508 -10.21322 17.40000
v -1.98001 -10.31308 17.40000
v -1.98001 -10.50000 17.58692
v -1.98492 -10.68276 17.58692
v -1.99965 -10.78039 17.58692
v -2.02439 -10.85123 17.58692
v -2.05981 -10.90070 17.58692
v -2.10862 -10.93017 17.58692
v -2.20000 -10.93997 17.58692
v -2.29138 -10.93017 17.58692
v -2.34019 -10.90070 17.58692
v -2.37561 -10.85123 17.58692
v -2.40035 -10.78039 17.58692
v -2.41508 -10.68276 17.58692
v -2.41999 -10.50000 17.58692
v -2.41508 -10.31724 17.58692
v -2.40035 -10.21961 17.58692
v -2.37561 -10.14877 17.58692
v -2.34019 -10.09930 17.58692
v -2.29138 -10.06983 17.58692
v -2.20000 -10.06003 17.58692
v -2.10862 -10.06983 17.58692
v -2.05981 -10.09930 17.58692
v -2.02439 -10.14877 17.58692
v -1.99965 -10.21961 17.58692
v -1.98492 -10.31724 17.58692
v -1.99508 -10.50000 17.68678
v -1.99965 -10.67024 17.68678
v -2.01337 -10.76118 17.68678
v -2.03642 -10.82717 17.68678
v -2.06941 -10.87325 17.68678
v -2.11488 -10.90070 17.68678
v -2.20000 -10.90983 17.68678
v -2.28512 -10.90070 17.68678
v -2.33059 -10.87325 17.68678
v -2.36358 -10.82717 17.68678
v -2.38663 -10.76118 17.68678
v -2.40035 -10.67024 17.68678
v -2.40492 -10.50000 17.68678
v -2.40035 -10.32976 17.68678
v -2.38663 -10.23882 17.68678
v -2.36358 -10.17283 17.68678
v -2.33059 -10.12675 17.68678
v -2.28512 -10.09930 17.68678
v -2.20000 -10.09017 17.68678
v -2.11488 -10.09930 17.68678
v -2.06941 -10.12675 17.68678
v -2.03642 -10.17283 17.68678
v -2.01337 -10.23882 17.68678
v -1.99965 -10.32976 17.68678
v -2.02038 -10.50000 17.75923
v -2.02439 -10.64922 17.75923
v -2.03642 -10.72893 17.75923
v -2.05661 -10.78678 17.75923
v -2.08553 -10.82717 17.75923
v -2.12539 -10.85123 17.75923
v -2.20000 -10.85923 17.75923
v -2.27461 -10.85123 17.75923
v -2.31447 -10.82717 17.75923
v -2.34339 -10.78678 17.75923
v -2.36358 -10.72893 17.75923
v -2.37561 -10.64922 17.75923
v -2.37962 -10.50000 17.75923
v -2.37561 -10.35078 17.75923
v -2.36358 -10.27107 17.75923
v -2.34339 -10.21322 17.75923
v -2.31447 -10.17283 17.75923
v -2.27461 -10.14877 17.75923
v -2.20000 -10.14077 17.75923
v -2.12539 -10.14877 17.75923
v -2.08553 -10.17283 17.75923
v -2.05661 -10.21322 17.75923
v -2.03642 -10.27107 17.75923
v -2.02439 -10.35078 17.75923
v -2.05661 -10.50000 17.80983
v -2.05981 -10.61912 17.80983
v -2.06941 -10.68276 17.80983
v -2.08553 -10.72893 17.80983
v -2.10862 -10.76118 17.80983
v -2.14044 -10.78039 17.80983
v -2.20000 -10.78678 17.80983
v -2.25956 -10.78039 17.80983
v -2.29138 -10.76118 17.80983
v -2.31447 -10.72893 17.80983
v -2.33059 -10.68276 17.80983
v -2.34019 -10.61912 17.80983
v -2.34339 -10.50000 17.80983
v -2.34019 -10.38088 17.80983
v -2.33059 -10.31724 17.80983
v -2.31447 -10.27107 17.80983
v -2.29138 -10.23882 17.80983
v -2.25956 -10.21961 17.80983
v -2.20000 -10.21322 17.80983
v -2.14044 -10.21961 17.80983
v -2.10862 -10.23882 17.80983
v -2.08553 -10.27107 17.80983
v -2.06941 -10.31724 17.80983
v -2.05981 -10.38088 17.80983
v -2.10654 -10.50000 17.83997
v -2.10862 -10.57764 17.83997
v -2.11488 -10.61912 17.83997
v -2.12539 -10.64922 17.83997
v -2.14044 -10.67024 17.83997
v -2.16118 -10.68276 17.83997
v -2.20000 -10.68692 17.83997
v -2.23882 -10.68276 17.83997
v -2.25956 -10.67024 17.83997
v -2.27461 -10.64922 17.83997
v -2.28512 -10.61912 17.83997
v -2.29138 -10.57764 17.83997
v -2.29346 -10.50000 17.83997
v -2.29138 -10.42236 17.83997
v -2.28512 -10.38088 17.83997
v -2.27461 -10.35078 17.83997
v -2.25956 -10.32976 17.83997
v -2.23882 -10.31724 17.83997
v -2.20000 -10.31308 17.83997
v -2.16118 -10.31724 17.83997
v -2.14044 -10.32976 17.83997
v -2.12539 -10.35078 17.83997
v -2.11488 -10.38088 17.83997
v -2.10862 -10.42236 17.83997
v -2.20000 -10.50000 17.85000
v -2.20000 -10.50000 17.85000
v -2.20000 -10.50000 17.85000
v -2.20000 -10.50000 17.85000
v -2.20000 -10.50000 17.85000
v -2.20000 -10.50000 17.85000
v -2.20000 -10.50000 17.85000
v -2.20000 -10.50000 17.85000
v -2.20000 -10.50000 17.85000
v -2.20000 -10.50000 17.85000
v -2.20000 -10.50000 17.85000
v -2.20000 -10.50000 17.85000
v -2.20000 -10.50000 17.85000
v -2.20000 -10.50000 17.85000
v -2.20000 -10.50000 17.85000
v -2.20000 -10.50000 17.85000
v -2.20000 -10.50000 17.85000
v -2.20000 -10.50000 17.85000
v -2.20000 -10.50000 17.85000
v -2.20000 -10.50000 17.85000
v -2.20000 -10.50000 17.85000
v -2.20000 -10.50000 17.85000
v -2.20000 -10.50000 17.85000
v -2.20000 -10.50000 17.85000
v 2.20000 -3.00000 16.95000
v 2.20000 -3.00000 16.95000
v 2.20000 -3.00000 16.95000
v 2.20000 -3.00000 16.95000
v 2.20000 -3.00000 16.95000
v 2.20000 -3.00000 16.95000
v 2.20000 -3.00000 16.95000
v 2.20000 -3.00000 16.95000
v 2.20000 -3.00000 16.95000
v 2.20000 -3.00000 16.95000
v 2.20000 -3.00000 16.95000
v 2.20000 -3.00000 16.95000
v 2.20000 -3.00000 16.95000
v 2.20000 -3.00000 16.95000
v 2.20000 -3.00000 16.95000
v 2.20000 -3.00000 16.95000
v 2.20000 -3.00000 16.95000
v 2.20000 -3.00000 16.95000
v 2.20000 -3.00000 16.95000
v 2.20000 -3.00000 16.95000
v 2.20000 -3.00000 16.95000
v 2.20000 -3.00000 16.95000
v 2.20000 -3.00000 16.95000
v 2.20000 -3.00000 16.95000
v 2.29346 -3.00000 16.96003
v 2.29138 -3.07764 16.96003
v 2.28512 -3.11912 16.96003
v 2.27461 -3.14922 16.96003
v 2.25956 -3.17024 16.96003
v 2.23882 -3.18276 16.96003
v 2.20000 -3.18692 16.96003
v 2.16118 -3.18276 16.96003
v 2.14044 -3.17024 16.96003
v 2.12539 -3.14922 16.96003
v 2.11488 -3.11912 16.96003
v 2.10862 -3.07764 16.96003
v 2.10654 -3.00000 16.96003
v 2.10862 -2.92236 16.96003
v 2.11488 -2.88088 16.96003
v 2.12539 -2.85078 16.96003
v 2.14044 -2.82976 16.96003
v 2.16118 -2.81724 16.96003
v 2.20000 -2.81308 16.96003
v 2.23882 -2.81724 16.96003
v 2.25956 -2.82976 16.96003
v 2.27461 -2.85078 16.96003
v 2.28512 -2.88088 16.96003
v 2.29138 -2.92236 16.96003
v 2.34339 -3.00000 16.99017
v 2.34019 -3.11912 16.99017
v 2.33059 -3.18276 16.99017
v 2.31447 -3.22893 16.99017
v 2.29138 -3.26118 16.99017
v 2.25956 -3.28039 16.99017
v 2.20000 -3.28678 16.99017
v 2.14044 -3.28039 16.99017
v 2.10862 -3.26118 16.99017
v 2.08553 -3.22893 16.99017
v 2.06941 -3.18276 16.99017
v 2.05981 -3.11912 16.99017
v 2.05661 -3.00000 16.99017
v 2.05981 -2.88088 16.99017
v 2.06941 -2.81724 16.99017
v 2.08553 -2.77107 16.99017
v 2.10862 -2.73882 16.99017
v 2.14044 -2.71961 16.99017
v 2.20000 -2.71322 16.99017
v 2.25956 -2.71961 16.99017
v 2.29138 -2.73882 16.99017
v 2.31447 -2.77107 16.99017
v 2.33059 -2.81724 16.99017
v 2.34019 -2.88088 16.99017
v 2.37962 -3.00000 17.04077
v 2.37561 -3.14922 17.04077
v 2.36358 -3.22893 17.04077
v 2.34339 -3.28678 17.04077
v 2.31447 -3.32717 17.04077
v 2.27461 -3.35123 17.04077
v 2.20000 -3.35923 17.04077
v 2.12539 -3.35123 17.04077
v 2.08553 -3.32717 17.04077
v 2.05661 -3.28678 17.04077
v 2.03642 -3.22893 17.04077
v 2.02439 -3.14922 17.04077
v 2.02038 -3.00000 17.04077
v 2.02439 -2.85078 17.04077
v 2.03642 -2.77107 17.04077
v 2.05661 -2.71322 17.04077
v 2.08553 -2.67283 17.04077
v 2.12539 -2.64877 17.04077
v 2.20000 -2.64077 17.04077
v 2.27461 -2.64877 17.04077
v 2.31447 -2.67283 17.04077
v 2.34339 -2.71322 17.04077
v 2.36358 -2.77107 17.04077
v 2.37561 -2.85078 17.04077
v 2.40492 -3.00000 17.11322
v 2.40035 -3.17024 17.11322
v 2.38663 -3.26118 17.11322
v 2.36358 -3.32717 17.11322
v 2.33059 -3.37325 17.11322
v 2.28512 -3.40070 17.11322
v 2.20000 -3.40983 17.11322
v 2.11488 -3.40070 17.11322
v 2.06941 -3.37325 17.11322
v 2.03642 -3.32717 17.11322
v 2.01337 -3.26118 17.11322
v 1.99965 -3.17024 17.11322
v 1.99508 -3.00000 17.11322
v 1.99965 -2.82976 17.11322
v 2.01337 -2.73882 17.11322
v 2.03642 -2.67283 17.11322
v 2.06941 -2.62675 17.11322
v 2.11488 -2.59930 17.11322
v 2.20000 -2.59017 17.11322
v 2.28512 -2.59930 17.11322
v 2.33059 -2.62675 17.11322
v 2.36358 -2.67283 17.11322
v 2.38663 -2.73882 17.11322
v 2.40035 -2.82976 17.11322
v 2.41999 -3.00000 17.21308
v 2.41508 -3.18276 17.21308
v 2.40035 -3.28039 17.21308
v 2.37561 -3.35123 17.21308
v 2.34019 -3.40070 17.21308
v 2.29138 -3.43017 17.21308
v 2.20000 -3.43997 17.21308
v 2.10862 -3.43017 17.21308
v 2.05981 -3.40070 17.21308
v 2.02439 -3.35123 17.21308
v 1.99965 -3.28039 17.21308
v 1.98492 -3.18276 17.21308
v 1.98001 -3.00000 17.21308
v 1.98492 -2.81724 17.21308
v 1.99965 -2.71961 17.21308
v 2.02439 -2.64877 17.21308
v 2.05981 -2.59930 17.21308
v 2.10862 -2.56983 17.21308
v 2.20000 -2.56003 17.21308
v 2.29138 -2.56983 17.21308
v 2.34019 -2.59930 17.21308
v 2.37561 -2.64877 17.21308
v 2.40035 -2.71961 17.21308
v 2.41508 -2.81724 17.21308
v 2.42500 -3.00000 17.40000
v 2.41999 -3.18692 17.40000
v 2.40492 -3.28678 17.40000
v 2.37962 -3.35923 17.40000
v 2.34339 -3.40983 17.40000
v 2.29346 -3.43997 17.40000
v 2.20000 -3.45000 17.40000
v 2.10654 -3.43997 17.40000
v 2.05661 -3.40983 17.40000
v 2.02038 -3.35923 17.40000
v 1.99508 -3.28678 17.40000
v 1.98001 -3.18692 17.40000
v 1.97500 -3.00000 17.40000
v 1.98001 -2.81308 17.40000
v 1.99508 -2.71322 17.40000
v 2.02038 -2.64077 17.40000
v 2.05661 -2.59017 17.40000
v 2.10654 -2.56003 17.40000
v 2.20000 -2.55000 17.40000
v 2.29346 -2.56003 17.40000
v 2.34339 -2.59017 17.40000
v 2.37962 -2.64077 17.40000
v 2.40492 -2.71322 17.40000
v 2.41999 -2.81308 17.40000
v 2.41999 -3.00000 17.58692
v 2.41508 -3.18276 17.58692
v 2.40035 -3.28039 17.58692
v 2.37561 -3.35123 17.58692
v 2.34019 -3.40070 17.58692
v 2.29138 -3.43017 17.58692
v 2.20000 -3.43997 17.58692
v 2.10862 -3.43017 17.58692
v 2.05981 -3.40070 17.58692
v 2.02439 -3.35123 17.58692
v 1.99965 -3.28039 17.58692
v 1.98492 -3.18276 17.58692
v 1.98001 -3.00000 17.58692
v 1.98492 -2.81724 17.58692
v 1.99965 -2.71961 17.58692
v 2.02439 -2.64877 17.58692
v 2.05981 -2.59930 17.58692
v 2.10862 -2.56983 17.58692
v 2.20000 -2.56003 17.58692
v 2.29138 -2.56983 17.58692
v 2.34019 -2.59930 17.58692
v 2.37561 -2.64877 17.58692
v 2.40035 -2.71961 17.58692
v 2.41508 -2.81724 17.58692
v 2.40492 -3.00000 17.68678
v 2.40035 -3.17024 17.68678
v 2.38663 -3.26118 17.68678
v 2.36358 -3.32717 17.68678
v 2.33059 -3.37325 17.68678
v 2.28512 -3.40070 17.68678
v 2.20000 -3.40983 17.68678
v 2.11488 -3.40070 17.68678
v 2.06941 -3.37325 17.68678
v 2.03642 -3.32717 17.68678
v 2.01337 -3.26118 17.68678
v 1.99965 -3.17024 17.68678
v 1.99508 -3.00000 17.68678
v 1.99965 -2.82976 17.68678
v 2.01337 -2.73882 17.68678
v 2.03642 -2.67283 17.68678
v 2.06941 -2.62675 17.68678
v 2.11488 -2.59930 17.68678
v 2.20000 -2.59017 17.68678
v 2.28512 -2.59930 17.68678
v 2.33059 -2.62675 17.68678
v 2.36358 -2.67283 17.68678
v 2.38663 -2.73882 17.68678
v 2.40035 -2.82976 17.68678
v 2.37962 -3.00000 17.75923
v 2.37561 -3.14922 17.75923
v 2.36358 -3.22893 17.75923
v 2.34339 -3.28678 17.75923
v 2.31447 -3.32717 17.75923
v 2.27461 -3.35123 17.75923
v 2.20000 -3.35923 17.75923
v 2.12539 -3.35123 17.75923
v 2.08553 -3.32717 17.75923
v 2.05661 -3.28678 17.75923
v 2.03642 -3.22893 17.75923
v 2.02439 -3.14922 17.75923
v 2.02038 -3.00000 17.75923
v 2.02439 -2.85078 17.75923
v 2.03642 -2.77107 17.75923
v 2.05661 -2.71322 17.75923
v 2.08553 -2.67283 17.75923
v 2.12539 -2.64877 17.75923
v 2.20000 -2.64077 17.75923
v 2.27461 -2.64877 17.75923
v 2.31447 -2.67283 17.75923
v 2.34339 -2.71322 17.75923
v 2.36358 -2.77107 17.75923
v 2.37561 -2.85078 17.75923
v 2.34339 -3.00000 17.80983
v 2.34019 -3.11912 17.80983
v 2.33059 -3.18276 17.80983
v 2.31447 -3.22893 17.80983
v 2.29138 -3.26118 17.80983
v 2.25956 -3.28039 17.80983
v 2.20000 -3.28678 17.80983
v 2.14044 -3.28039 17.80983
v 2.10862 -3.26118 17.80983
v 2.08553 -3.22893 17.80983
v 2.06941 -3.18276 17.80983
v 2.05981 -3.11912 17.80983
v 2.05661 -3.00000 17.80983
v 2.05981 -2.88088 17.80983
v 2.06941 -2.81724 17.80983
v 2.08553 -2.77107 17.80983
v 2.10862 -2.73882 17.80983
v 2.14044 -2.71961 17.80983
v 2.20000 -2.71322 17.80983
v 2.25956 -2.71961 17.80983
v 2.29138 -2.73882 17.80983
v 2.31447 -2.77107 17.80983
v 2.33059 -2.81724 17.80983
v 2.34019 -2.88088 17.80983
v 2.29346 -3.00000 17.83997
v 2.29138 -3.07764 17.83997
v 2.28512 -3.11912 17.83997
v 2.27461 -3.14922 17.83997
v 2.25956 -3.17024 17.83997
v 2.23882 -3.18276 17.83997
v 2.20000 -3.18692 17.83997
v 2.16118 -3.18276 17.83997
v 2.14044 -3.17024 17.83997
v 2.12539 -3.14922 17.83997
v 2.11488 -3.11912 17.83997
v 2.10862 -3.07764 17.83997
v 2.10654 -3.00000 17.83997
v 2.10862 -2.92236 17.83997
v 2.11488 -2.88088 17.83997
v 2.12539 -2.85078 17.83997
v 2.14044 -2.82976 17.83997
v 2.16118 -2.81724 17.83997
v 2.20000 -2.81308 17.83997
v 2.23882 -2.81724 17.83997
v 2.25956 -2.82976 17.83997
v 2.27461 -2.85078 17.83997
v 2.28512 -2.88088 17.83997
v 2.29138 -2.92236 17.83997
v 2.20000 -3.00000 17.85000
v 2.20000 -3.00000 17.85000
v 2.20000 -3.00000 17.85000
v 2.20000 -3.00000 17.85000
v 2.20000 -3.00000 17.85000
v 2.20000 -3.00000 17.85000
v 2.20000 -3.00000 17.85000
v 2.20000 -3.00000 17.85000
v 2.20000 -3.00000 17.85000
v 2.20000 -3.00000 17.85000
v 2.20000 -3.00000 17.85000
v 2.20000 -3.00000 17.85000
v 2.20000 -3.00000 17.85000
v 2.20000 -3.00000 17.85000
v 2.20000 -3.00000 17.85000
v 2.20000 -3.00000 17.85000
v 2.20000 -3.00000 17.85000
v 2.20000 -3.00000 17.85000
v 2.20000 -3.00000 17.85000
v 2.20000 -3.00000 17.85000
v 2.20000 -3.00000 17.85000
v 2.20000 -3.00000 17.85000
v 2.20000 -3.00000 17.85000
v 2.20000 -3.00000 17.85000
v 2.20000 -10.50000 16.95000
v 2.20000 -10.50000 16.95000
v 2.20000 -10.50000 16.95000
v 2.20000 -10.50000 16.95000
v 2.20000 -10.50000 16.95000
v 2.20000 -10.50000 16.95000
v 2.20000 -10.50000 16.95000
v 2.20000 -10.50000 16.95000
v 2.20000 -10.50000 16.95000
v 2.20000 -10.50000 16.95000
v 2.20000 -10.50000 16.95000
v 2.20000 -10.50000 16.95000
v 2.20000 -10.50000 16.95000
v 2.20000 -10.50000 16.95000
v 2.20000 -10.50000 16.95000
v 2.20000 -10.50000 16.95000
v 2.20000 -10.50000 16.95000
v 2.20000 -10.50000 16.95000
v 2.20000 -10.50000 16.95000
v 2.20000 -10.50000 16.95000
v 2.20000 -10.50000 16.95000
v 2.20000 -10.50000 16.95000
v 2.20000 -10.50000 16.95000
v 2.20000 -10.50000 16.95000
v 2.29346 -10.50000 16.96003
v 2.29138 -10.57764 16.96003
v 2.28512 -10.61912 16.96003
v 2.27461 -10.64922 16.96003
v 2.25956 -10.67024 16.96003
v 2.23882 -10.68276 16.96003
v 2.20000 -10.68692 16.96003
v 2.16118 -10.68276 16.96003
v 2.14044 -10.67024 16.96003
v 2.12539 -10.64922 16.96003
v 2.11488 -10.61912 16.96003
v 2.10862 -10.57764 16.96003
v 2.10654 -10.50000 16.96003
v 2.10862 -10.42236 16.96003
v 2.11488 -10.38088 16.96003
v 2.12539 -10.35078 16.96003
v 2.14044 -10.32976 16.96003
v 2.16118 -10.31724 16.96003
v 2.20000 -10.31308 16.96003
v 2.23882 -10.31724 16.96003
v 2.25956 -10.32976 16.96003
v 2.27461 -10.35078 16.96003
v 2.28512 -10.38088 16.96003
v 2.29138 -10.42236 16.96003
v 2.34339 -10.50000 16.99017
v 2.34019 -10.61912 16.99017
v 2.33059 -10.68276 16.99017
v 2.31447 -10.72893 16.99017
v 2.29138 -10.76118 16.99017
v 2.25956 -10.78039 16.99017
v 2.20000 -10.78678 16.99017
v 2.14044 -10.78039 16.99017
v 2.10862 -10.76118 16.99017
v 2.08553 -10.72893 16.99017
v 2.06941 -10.68276 16.99017
v 2.05981 -10.61912 16.99017
v 2.05661 -10.50000 16.99017
v 2.05981 -10.38088 16.99017
v 2.06941 -10.31724 16.99017
v 2.08553 -10.27107 16.99017
v 2.10862 -10.23882 16.99017
v 2.14044 -10.21961 16.99017
v 2.20000 -10.21322 16.99017
v 2.25956 -10.21961 16.99017
v 2.29138 -10.23882 16.99017
v 2.31447 -10.27107 16.99017
v 2.33059 -10.31724 16.99017
v 2.34019 -10.38088 16.99017
v 2.37962 -10.50000 17.04077
v 2.37561 -10.64922 17.04077
v 2.36358 -10.72893 17.04077
v 2.34339 -10.78678 17.04077
v 2.31447 -10.82717 17.04077
v 2.27461 -10.85123 17.04077
v 2.20000 -10.85923 17.04077
v 2.12539 -10.85123 17.04077
v 2.08553 -10.82717 17.04077
v 2.05661 -10.78678 17.04077
v 2.03642 -10.72893 17.04077
v 2.02439 -10.64922 17.04077
v 2.02038 -10.50000 17.04077
v 2.02439 -10.35078 17.04077
v 2.03642 -10.27107 17.04077
v 2.05661 -10.21322 17.04077
v 2.08553 -10.17283 17.04077
v 2.12539 -10.14877 17.04077
v 2.20000 -10.14077 17.04077
v 2.27461 -10.14877 17.04077
v 2.31447 -10.17283 17.04077
v 2.34339 -10.21322 17.04077
v 2.36358 -10.27107 17.04077
v 2.37561 -10.35078 17.04077
v 2.40492 -10.50000 17.11322
v 2.40035 -10.67024 17.11322
v 2.38663 -10.76118 17.11322
v 2.36358 -10.82717 17.11322
v 2.33059 -10.87325 17.11322
v 2.28512 -10.90070 17.11322
v 2.20000 -10.90983 17.11322
v 2.11488 -10.90070 17.11322
v 2.06941 -10.87325 17.11322
v 2.03642 -10.82717 17.11322
v 2.01337 -10.76118 17.11322
v 1.99965 -10.67024 17.11322
v 1.99508 -10.50000 17.11322
v 1.99965 -10.32976 17.11322
v 2.01337 -10.23882 17.11322
v 2.03642 -10.17283 17.11322
v 2.06941 -10.12675 17.11322
v 2.11488 -10.09930 17.11322
v 2.20000 -10.09017 17.11322
v 2.28512 -10.09930 17.11322
v 2.33059 -10.12675 17.11322
v 2.36358 -10.17283 17.11322
v 2.38663 -10.23882 17.11322
v 2.40035 -10.32976 17.11322
v 2.41999 -10.50000 17.21308
v 2.41508 -10.68276 17.21308
v 2.40035 -10.78039 17.21308
v 2.37561 -10.85123 17.21308
v 2.34019 -10.90070 17.21308
v 2.29138 -10.93017 17.21308
v 2.20000 -10.93997 17.21308
v 2.10862 -10.93017 17.21308
v 2.05981 -10.90070 17.21308
v 2.02439 -10.85123 17.21308
v 1.99965 -10.78039 17.21308
v 1.98492 -10.68276 17.21308
v 1.98001 -10.50000 17.21308
v 1.98492 -10.31724 17.21308
v 1.99965 -10.21961 17.21308
v 2.02439 -10.14877 17.21308
v 2.05981 -10.09930 17.21308
v 2.10862 -10.06983 17.21308
v 2.20000 -10.06003 17.21308
v 2.29138 -10.06983 17.21308
v 2.34019 -10.09930 17.21308
v 2.37561 -10.14877 17.21308
v 2.40035 -10.21961 17.21308
v 2.41508 -10.31724 17.21308
v 2.42500 -10.50000 17.40000
v 2.41999 -10.68692 17.40000
v 2.40492 -10.78678 17.40000
v 2.37962 -10.85923 17.40000
v 2.34339 -10.90983 17.40000
v 2.29346 -10.93997 17.40000
v 2.20000 -10.95000 17.40000
v 2.10654 -10.93997 17.40000
v 2.05661 -10.90983 17.40000
v 2.02038 -10.85923 17.40000
v 1.99508 -10.78678 17.40000
v 1.98001 -10.68692 17.40000
v 1.97500 -10.50000 17.40000
v 1.98001 -10.31308 17.40000
v 1.99508 -10.21322 17.40000
v 2.02038 -10.14077 17.40000
v 2.05661 -10.09017 17.40000
v 2.10654 -10.06003 17.40000
v 2.20000 -10.05000 17.40000
v 2.29346 -10.06003 17.40000
v 2.34339 -10.09017 17.40000
v 2.37962 -10.14077 17.40000
v 2.40492 -10.21322 17.40000
v 2.41999 -10.31308 17.40000
v 2.41999 -10.50000 17.58692
v 2.41508 -10.68276 17.58692
v 2.40035 -10.78039 17.58692
v 2.37561 -10.85123 17.58692
v 2.34019 -10.90070 17.58692
v 2.29138 -10.93017 17.58692
v 2.20000 -10.93997 17.58692
v 2.10862 -10.93017 17.58692
v 2.05981 -10.90070 17.58692
v 2.02439 -10.85123 17.58692
v 1.99965 -10.78039 17.58692
v 1.98492 -10.68276 17.58692
v 1.98001 -10.50000 17.58692
v 1.98492 -10.31724 17.58692
v 1.99965 -10.21961 17.58692
v 2.02439 -10.14877 17.58692
v 2.05981 -10.09930 17.58692
v 2.10862 -10.06983 17.58692
v 2.20000 -10.06003 17.58692
v 2.29138 -10.06983 17.58692
v 2.34019 -10.09930 17.58692
v 2.37561 -10.14877 17.58692
v 2.40035 -10.21961 17.58692
v 2.41508 -10.31724 17.58692
v 2.40492 -10.50000 17.68678
v 2.40035 -10.67024 17.68678
v 2.38663 -10.76118 17.68678
v 2.36358 -10.82717 17.68678
v 2.33059 -10.87325 17.68678
v 2.28512 -10.90070 17.68678
v 2.20000 -10.90983 17.68678
v 2.11488 -10.90070 17.68678
v 2.06941 -10.87325 17.68678
v 2.03642 -10.82717 17.68678
v 2.01337 -10.76118 17.68678
v 1.99965 -10.67024 17.68678
v 1.99508 -10.50000 17.68678
v 1.99965 -10.32976 17.68678
v 2.01337 -10.23882 17.68678
v 2.03642 -10.17283 17.68678
v 2.06941 -10.12675 17.68678
v 2.11488 -10.09930 17.68678
v 2.20000 -10.09017 17.68678
v 2.28512 -10.09930 17.68678
v 2.33059 -10.12675 17.68678
v 2.36358 -10.17283 17.68678
v 2.38663 -10.23882 17.68678
v 2.40035 -10.32976 17.68678
v 2.37962 -10.50000 17.75923
v 2.37561 -10.64922 17.75923
v 2.36358 -10.72893 17.75923
v 2.34339 -10.78678 17.75923
v 2.31447 -10.82717 17.75923
v 2.27461 -10.85123 17.75923
v 2.20000 -10.85923 17.75923
v 2.12539 -10.85123 17.75923
v 2.08553 -10.82717 17.75923
v 2.05661 -10.78678 17.75923
v 2.03642 -10.72893 17.75923
v 2.02439 -10.64922 17.75923
v 2.02038 -10.50000 17.75923
v 2.02439 -10.35078 17.75923
v 2.03642 -10.27107 17.75923
v 2.05661 -10.21322 17.75923
v 2.08553 -10.17283 17.75923
v 2.12539 -10.14877 17.75923
v 2.20000 -10.14077 17.75923
v 2.27461 -10.14877 17.75923
v 2.31447 -10.17283 17.75923
v 2.34339 -10.21322 17.75923
v 2.36358 -10.27107 17.75923
v 2.37561 -10.35078 17.75923
v 2.34339 -10.50000 17.80983
v 2.34019 -10.61912 17.80983
v 2.33059 -10.68276 17.80983
v 2.31447 -10.72893 17.80983
v 2.29138 -10.76118 17.80983
v 2.25956 -10.78039 17.80983
v 2.20000 -10.78678 17.80983
v 2.14044 -10.78039 17.80983
v 2.10862 -10.76118 17.80983
v 2.08553 -10.72893 17.80983
v 2.06941 -10.68276 17.80983
v 2.05981 -10.61912 17.80983
v 2.05661 -10.50000 17.80983
v 2.05981 -10.38088 17.80983
v 2.06941 -10.31724 17.80983
v 2.08553 -10.27107 17.80983
v 2.10862 -10.23882 17.80983
v 2.14044 -10.21961 17.80983
v 2.20000 -10.21322 17.80983
v 2.25956 -10.21961 17.80983
v 2.29138 -10.23882 17.80983
v 2.31447 -10.27107 17.80983
v 2.33059 -10.31724 17.80983
v 2.34019 -10.38088 17.80983
v 2.29346 -10.50000 17.83997
v 2.29138 -10.57764 17.83997
v 2.28512 -10.61912 17.83997
v 2.27461 -10.64922 17.83997
v 2.25956 -10.67024 17.83997
v 2.23882 -10.68276 17.83997
v 2.20000 -10.68692 17.83997
v 2.16118 -10.68276 17.83997
v 2.14044 -10.67024 17.83997
v 2.12539 -10.64922 17.83997
v 2.11488 -10.61912 17.83997
v 2.10862 -10.57764 17.83997
v 2.10654 -10.50000 17.83997
v 2.10862 -10.42236 17.83997
v 2.11488 -10.38088 17.83997
v 2.12539 -10.35078 17.83997
v 2.14044 -10.32976 17.83997
v 2.16118 -10.31724 17.83997
v 2.20000 -10.31308 17.83997
v 2.23882 -10.31724 17.83997
v 2.25956 -10.32976 17.83997
v 2.27461 -10.35078 17.83997
v 2.28512 -10.38088 17.83997
v 2.29138 -10.42236 17.83997
v 2.20000 -10.50000 17.85000
v 2.20000 -10.50000 17.85000
v 2.20000 -10.50000 17.85000
v 2.20000 -10.50000 17.85000
v 2.20000 -10.50000 17.85000
v 2.20000 -10.50000 17.85000
v 2.20000 -10.50000 17.85000
v 2.20000 -10.50000 17.85000
v 2.20000 -10.50000 17.85000
v 2.20000 -10.50000 17.85000
v 2.20000 -10.50000 17.85000
v 2.20000 -10.50000 17.85000
v 2.20000 -10.50000 17.85000
v 2.20000 -10.50000 17.85000
v 2.20000 -10.50000 17.85000
v 2.20000 -10.50000 17.85000
v 2.20000 -10.50000 17.85000
v 2.20000 -10.50000 17.85000
v 2.20000 -10.50000 17.85000
v 2.20000 -10.50000 17.85000
v 2.20000 -10.50000 17.85000
v 2.20000 -10.50000 17.85000
v 2.20000 -10.50000 17.85000
v 2.20000 -10.50000 17.85000
v -3.90000 -5.00000 20.05000
v -3.90000 -5.00000 20.05000
v -3.90000 -5.00000 20.05000
v -3.90000 -5.00000 20.05000
v -3.90000 -5.00000 20.05000
v -3.90000 -5.00000 20.05000
v -3.90000 -5.00000 20.05000
v -3.90000 -5.00000 20.05000
v -3.90000 -5.00000 20.05000
v -3.90000 -5.00000 20.05000
v -3.90000 -5.00000 20.05000
v -3.90000 -5.00000 20.05000
v -3.90000 -5.00000 20.05000
v -3.90000 -5.00000 20.05000
v -3.90000 -5.00000 20.05000
v -3.90000 -5.00000 20.05000
v -3.90000 -5.00000 20.05000
v -3.90000 -5.00000 20.05000
v -3.90000 -5.00000 20.05000
v -3.90000 -5.00000 20.05000
v -3.90000 -5.00000 20.05000
v -3.90000 -5.00000 20.05000
v -3.90000 -5.00000 20.05000
v -3.90000 -5.00000 20.05000
v -3.85245 -5.00000 20.07172
v -3.85335 -5.26001 20.07172
v -3.85607 -5.37349 20.07172
v -3.86070 -5.45192 20.07172
v -3.86752 -5.50523 20.07172
v -3.87739 -5.53649 20.07172
v -3.90000 -5.54682 20.07172
v -3.92261 -5.53649 20.07172
v -3.93248 -5.50523 20.07172
v -3.93930 -5.45192 20.07172
v -3.94393 -5.37349 20.07172
v -3.94665 -5.26001 20.07172
v -3.94755 -5.00000 20.07172
v -3.94665 -4.73999 20.07172
v -3.94393 -4.62651 20.07172
v -3.93930 -4.54808 20.07172
v -3.93248 -4.49477 20.07172
v -3.92261 -4.46351 20.07172
v -3.90000 -4.45318 20.07172
v -3.87739 -4.46351 20.07172
v -3.86752 -4.49477 20.07172
v -3.86070 -4.54808 20.07172
v -3.85607 -4.62651 20.07172
v -3.85335 -4.73999 20.07172
v -3.83170 -5.00000 20.13747
v -3.83299 -5.37349 20.13747
v -3.83689 -5.53649 20.13747
v -3.84355 -5.64915 20.13747
v -3.85335 -5.72573 20.13747
v -3.86752 -5.77064 20.13747
v -3.90000 -5.78547 20.13747
v -3.93248 -5.77064 20.13747
v -3.94665 -5.72573 20.13747
v -3.95645 -5.64915 20.13747
v -3.96311 -5.53649 20.13747
v -3.96701 -5.37349 20.13747
v -3.96830 -5.00000 20.13747
v -3.96701 -4.62651 20.13747
v -3.96311 -4.46351 20.13747
v -3.95645 -4.35085 20.13747
v -3.94665 -4.27427 20.13747
v -3.93248 -4.22936 20.13747
v -3.90000 -4.21453 20.13747
v -3.86752 -4.22936 20.13747
v -3.85335 -4.27427 20.13747
v -3.84355 -4.35085 20.13747
v -3.83689 -4.46351 20.13747
v -3.83299 -4.62651 20.13747
v -3.81735 -5.00000 20.24958
v -3.81892 -5.45192 20.24958
v -3.82364 -5.64915 20.24958
v -3.83170 -5.78547 20.24958
v -3.84355 -5.87813 20.24958
v -3.86070 -5.93247 20.24958
v -3.90000 -5.95042 20.24958
v -3.93930 -5.93247 20.24958
v -3.95645 -5.87813 20.24958
v -3.96830 -5.78547 20.24958
v -3.97636 -5.64915 20.24958
v -3.98108 -5.45192 20.24958
v -3.98265 -5.00000 20.24958
v -3.98108 -4.54808 20.24958
v -3.97636 -4.35085 20.24958
v -3.96830 -4.21453 20.24958
v -3.95645 -4.12187 20.24958
v -3.93930 -4.06753 20.24958
v -3.90000 -4.04958 20.24958
v -3.86070 -4.06753 20.24958
v -3.84355 -4.12187 20.24958
v -3.83170 -4.21453 20.24958
v -3.82364 -4.35085 20.24958
v -3.81892 -4.54808 20.24958
v -3.80761 -5.00000 20.41453
v -3.80935 -5.50523 20.41453
v -3.81463 -5.72573 20.41453
v -3.82364 -5.87813 20.41453
v -3.83689 -5.98171 20.41453
v -3.85607 -6.04246 20.41453
v -3.90000 -6.06253 20.41453
v -3.94393 -6.04246 20.41453
v -3.96311 -5.98171 20.41453
v -3.97636 -5.87813 20.41453
v -3.98537 -5.72573 20.41453
v -3.99065 -5.50523 20.41453
v -3.99239 -5.00000 20.41453
v -3.99065 -4.49477 20.41453
v -3.98537 -4.27427 20.41453
v -3.97636 -4.12187 20.41453
v -3.96311 -4.01829 20.41453
v -3.94393 -3.95754 20.41453
v -3.90000 -3.93747 20.41453
v -3.85607 -3.95754 20.41453
v -3.83689 -4.01829 20.41453
v -3.82364 -4.12187 20.41453
v -3.81463 -4.27427 20.41453
v -3.80935 -4.49477 20.41453
v -3.80189 -5.00000 20.65318
v -3.80374 -5.53649 20.65318
v -3.80935 -5.77064 20.65318
v -3.81892 -5.93247 20.65318
v -3.83299 -6.04246 20.65318
v -3.85335 -6.10697 20.65318
v -3.90000 -6.12828 20.65318
v -3.94665 -6.10697 20.65318
v -3.96701 -6.04246 20.65318
v -3.98108 -5.93247 20.65318
v -3.99065 -5.77064 20.65318
v -3.99626 -5.53649 20.65318
v -3.99811 -5.00000 20.65318
v -3.99626 -4.46351 20.65318
v -3.99065 -4.22936 20.65318
v -3.98108 -4.06753 20.65318
v -3.96701 -3.95754 20.65318
v -3.94665 -3.89303 20.65318
v -3.90000 -3.87172 20.65318
v -3.85335 -3.89303 20.65318
v -3.83299 -3.95754 20.65318
v -3.81892 -4.06753 20.65318
v -3.80935 -4.22936 20.65318
v -3.80374 -4.46351 20.65318
v -3.80000 -5.00000 21.20000
v -3.80189 -5.54682 21.20000
v -3.80761 -5.78547 21.20000
v -3.81735 -5.95042 21.20000
v -3.83170 -6.06253 21.20000
v -3.85245 -6.12828 21.20000
v -3.90000 -6.15000 21.20000
v -3.94755 -6.12828 21.20000
v -3.96830 -6.06253 21.20000
v -3.98265 -5.95042 21.20000
v -3.99239 -5.78547 21.20000
v -3.99811 -5.54682 21.20000
v -4.00000 -5.00000 21.20000
v -3.99811 -4.45318 21.20000
v -3.99239 -4.21453 21.20000
v -3.98265 -4.04958 21.20000
v -3.96830 -3.93747 21.20000
v -3.94755 -3.87172 21.20000
v -3.90000 -3.85000 21.20000
v -3.85245 -3.87172 21.20000
v -3.83170 -3.93747 21.20000
v -3.81735 -4.04958 21.20000
v -3.80761 -4.21453 21.20000
v -3.80189 -4.45318 21.20000
v -3.80189 -5.00000 21.74682
v -3.80374 -5.53649 21.74682
v -3.80935 -5.77064 21.74682
v -3.81892 -5.93247 21.74682
v -3.83299 -6.04246 21.74682
v -3.85335 -6.10697 21.74682
v -3.90000 -6.12828 21.74682
v -3.94665 -6.10697 21.74682
v -3.96701 -6.04246 21.74682
v -3.98108 -5.93247 21.74682
v -3.99065 -5.77064 21.74682
v -3.99626 -5.53649 21.74682
v -3.99811 -5.00000 21.74682
v -3.99626 -4.46351 21.74682
v -3.99065 -4.22936 21.74682
v -3.98108 -4.06753 21.74682
v -3.96701 -3.95754 21.74682
v -3.94665 -3.89303 21.74682
v -3.90000 -3.87172 21.74682
v -3.85335 -3.89303 21.74682
v -3.83299 -3.95754 21.74682
v -3.81892 -4.06753 21.74682
v -3.80935 -4.22936 21.74682
v -3.80374 -4.46351 21.74682
v -3.80761 -5.00000 21.98547
v -3.80935 -5.50523 21.98547
v -3.81463 -5.72573 21.98547
v -3.82364 -5.87813 21.98547
v -3.83689 -5.98171 21.98547
v -3.85607 -6.04246 21.98547
v -3.90000 -6.06253 21.98547
v -3.94393 -6.04246 21.98547
v -3.96311 -5.98171 21.98547
v -3.97636 -5.87813 21.98547
v -3.98537 -5.72573 21.98547
v -3.99065 -5.50523 21.98547
v -3.99239 -5.00000 21.98547
v -3.99065 -4.49477 21.98547
v -3.98537 -4.27427 21.98547
v -3.97636 -4.12187 21.98547
v -3.96311 -4.01829 21.98547
v -3.94393 -3.95754 21.98547
v -3.90000 -3.93747 21.98547
v -3.85607 -3.95754 21.98547
v -3.83689 -4.01829 21.98547
v -3.82364 -4.12187 21.98547
v -3.81463 -4.27427 21.98547
v -3.80935 -4.49477 21.98547
v -3.81735 -5.00000 22.15042
v -3.81892 -5.45192 22.15042
v -3.82364 -5.64915 22.15042
v -3.83170 -5.78547 22.15042
v -3.84355 -5.87813 22.15042
v -3.86070 -5.93247 22.15042
v -3.90000 -5.95042 22.15042
v -3.93930 -5.93247 22.15042
v -3.95645 -5.87813 22.15042
v -3.96830 -5.78547 22.15042
v -3.97636 -5.64915 22.15042
v -3.98108 -5.45192 22.15042
v -3.98265 -5.00000 22.15042
v -3.98108 -4.54808 22.15042
v -3.97636 -4.35085 22.15042
v -3.96830 -4.21453 22.15042
v -3.95645 -4.12187 22.15042
v -3.93930 -4.06753 22.15042
v -3.90000 -4.04958 22.15042
v -3.86070 -4.06753 22.15042
v -3.84355 -4.12187 22.15042
v -3.83170 -4.21453 22.15042
v -3.82364 -4.35085 22.15042
v -3.81892 -4.54808 22.15042
v -3.83170 -5.00000 22.26253
v -3.83299 -5.37349 22.26253
v -3.83689 -5.53649 22.26253
v -3.84355 -5.64915 22.26253
v -3.85335 -5.72573 22.26253
v -3.86752 -5.77064 22.26253
v -3.90000 -5.78547 22.26253
v -3.93248 -5.77064 22.26253
v -3.94665 -5.72573 22.26253
v -3.95645 -5.64915 22.26253
v -3.96311 -5.53649 22.26253
v -3.96701 -5.37349 22.26253
v -3.96830 -5.00000 22.26253
v -3.96701 -4.62651 22.26253
v -3.96311 -4.46351 22.26253
v -3.95645 -4.35085 22.26253
v -3.94665 -4.27427 22.26253
v -3.93248 -4.22936 22.26253
v -3.90000 -4.21453 22.26253
v -3.86752 -4.22936 22.26253
v -3.85335 -4.27427 22.26253
v -3.84355 -4.35085 22.26253
v -3.83689 -4.46351 22.26253
v -3.83299 -4.62651 22.26253
v -3.85245 -5.00000 22.32828
v -3.85335 -5.26001 22.32828
v -3.85607 -5.37349 22.32828
v -3.86070 -5.45192 22.32828
v -3.86752 -5.50523 22.32828
v -3.87739 -5.53649 22.32828
v -3.90000 -5.54682 22.32828
v -3.92261 -5.53649 22.32828
v -3.93248 -5.50523 22.32828
v -3.93930 -5.45192 22.32828
v -3.94393 -5.37349 22.32828
v -3.94665 -5.26001 22.32828
v -3.94755 -5.00000 22.32828
v -3.94665 -4.73999 22.32828
v -3.94393 -4.62651 22.32828
v -3.93930 -4.54808 22.32828
v -3.93248 -4.49477 22.32828
v -3.92261 -4.46351 22.32828
v -3.90000 -4.45318 22.32828
v -3.87739 -4.46351 22.32828
v -3.86752 -4.49477 22.32828
v -3.86070 -4.54808 22.32828
v -3.85607 -4.62651 22.32828
v -3.85335 -4.73999 22.32828
v -3.90000 -5.00000 22.35000
v -3.90000 -5.00000 22.35000
v -3.90000 -5.00000 22.35000
v -3.90000 -5.00000 22.35000
v -3.90000 -5.00000 22.35000
v -3.90000 -5.00000 22.35000
v -3.90000 -5.00000 22.35000
v -3.90000 -5.00000 22.35000
v -3.90000 -5.00000 22.35000
v -3.90000 -5.00000 22.35000
v -3.90000 -5.00000 22.35000
v -3.90000 -5.00000 22.35000
v -3.90000 -5.00000 22.35000
v -3.90000 -5.00000 22.35000
v -3.90000 -5.00000 22.35000
v -3.90000 -5.00000 22.35000
v -3.90000 -5.00000 22.35000
v -3.90000 -5.00000 22.35000
v -3.90000 -5.00000 22.35000
v -3.90000 -5.00000 22.35000
v -3.90000 -5.00000 22.35000
v -3.90000 -5.00000 22.35000
v -3.90000 -5.00000 22.35000
v -3.90000 -5.00000 22.35000
v 3.10001 -6.50000 17.87500
v 3.10001 -6.50006 17.87500
v 3.10001 -6.50007 17.87500
v 3.10001 -6.50008 17.87500
v 3.10001 -6.50008 17.87500
v 3.10000 -6.50009 17.87500
v 3.10000 -6.50009 17.87500
v 3.10000 -6.50009 17.87500
v 3.09999 -6.50008 17.87500
v 3.09999 -6.50008 17.87500
v 3.09999 -6.50007 17.87500
v 3.09999 -6.50006 17.87500
v 3.09999 -6.50000 17.87500
v 3.09999 -6.49994 17.87500
v 3.09999 -6.49993 17.87500
v 3.09999 -6.49992 17.87500
v 3.09999 -6.49992 17.87500
v 3.10000 -6.49991 17.87500
v 3.10000 -6.49991 17.87500
v 3.10000 -6.49991 17.87500
v 3.10001 -6.49992 17.87500
v 3.10001 -6.49992 17.87500
v 3.10001 -6.49993 17.87500
v 3.10001 -6.49994 17.87500
v 3.25411 -6.50000 17.87814
v 3.25262 -7.90734 17.87814
v 3.24802 -8.19228 17.87814
v 3.23985 -8.36473 17.87814
v 3.22692 -8.47364 17.87814
v 3.20555 -8.53491 17.87814
v 3.10000 -8.55476 17.87814
v 2.99445 -8.53491 17.87814
v 2.97308 -8.47364 17.87814
v 2.96015 -8.36473 17.87814
v 2.95198 -8.19228 17.87814
v 2.94738 -7.90734 17.87814
v 2.94589 -6.50007 17.87814
v 2.94738 -5.09266 17.87814
v 2.95198 -4.80772 17.87814
v 2.96015 -4.63527 17.87814
v 2.97308 -4.52636 17.87814
v 2.99445 -4.46509 17.87814
v 3.09999 -4.44524 17.87814
v 3.20555 -4.46509 17.87814
v 3.22692 -4.52636 17.87814
v 3.23985 -4.63527 17.87814
v 3.24802 -4.80772 17.87814
v 3.25262 -5.09266 17.87814
v 3.28531 -6.50000 17.88783
v 3.28352 -8.19228 17.88783
v 3.27799 -8.53491 17.88783
v 3.26817 -8.74227 17.88783
v 3.25262 -8.87324 17.88783
v 3.22692 -8.94691 17.88783
v 3.10001 -8.97077 17.88783
v 2.97308 -8.94691 17.88783
v 2.94738 -8.87324 17.88783
v 2.93183 -8.74227 17.88783
v 2.92201 -8.53491 17.88783
v 2.91648 -8.19228 17.88783
v 2.91469 -6.50009 17.88783
v 2.91648 -4.80772 17.88783
v 2.92201 -4.46509 17.88783
v 2.93183 -4.25773 17.88783
v 2.94738 -4.12676 17.88783
v 2.97308 -4.05309 17.88783
v 3.09999 -4.02923 17.88783
v 3.22692 -4.05309 17.88783
v 3.25262 -4.12676 17.88783
v 3.26817 -4.25773 17.88783
v 3.27799 -4.46509 17.88783
v 3.28352 -4.80772 17.88783
v 3.30419 -6.50000 17.90506
v 3.30222 -8.36473 17.90506
v 3.29613 -8.74227 17.90506
v 3.28531 -8.97077 17.90506
v 3.26817 -9.11508 17.90506
v 3.23985 -9.19626 17.90506
v 3.10001 -9.22256 17.90506
v 2.96015 -9.19626 17.90506
v 2.93183 -9.11508 17.90506
v 2.91469 -8.97077 17.90506
v 2.90387 -8.74227 17.90506
v 2.89778 -8.36473 17.90506
v 2.89581 -6.50010 17.90506
v 2.89778 -4.63527 17.90506
v 2.90387 -4.25773 17.90506
v 2.91469 -4.02923 17.90506
v 2.93183 -3.88492 17.90506
v 2.96015 -3.80374 17.90506
v 3.09999 -3.77744 17.90506
v 3.23985 -3.80374 17.90506
v 3.26817 -3.88492 17.90506
v 3.28531 -4.02923 17.90506
v 3.29613 -4.25773 17.90506
v 3.30222 -4.63527 17.90506
v 3.31612 -6.50000 17.93233
v 3.31403 -8.47364 17.93233
v 3.30759 -8.87324 17.93233
v 3.29613 -9.11508 17.93233
v 3.27799 -9.26782 17.93233
v 3.24802 -9.35374 17.93233
v 3.10001 -9.38157 17.93233
v 2.95198 -9.35374 17.93233
v 2.92201 -9.26782 17.93233
v 2.90387 -9.11508 17.93233
v 2.89241 -8.87324 17.93233
v 2.88597 -8.47364 17.93233
v 2.88388 -6.50010 17.93233
v 2.88597 -4.52636 17.93233
v 2.89241 -4.12676 17.93233
v 2.90387 -3.88492 17.93233
v 2.92201 -3.73218 17.93233
v 2.95198 -3.64626 17.93233
v 3.09999 -3.61843 17.93233
v 3.24802 -3.64626 17.93233
v 3.27799 -3.73218 17.93233
v 3.29613 -3.88492 17.93233
v 3.30759 -4.12676 17.93233
v 3.31403 -4.52636 17.93233
v 3.32283 -6.50000 17.97740
v 3.32067 -8.53491 17.97740
v 3.31403 -8.94691 17.97740
v 3.30222 -9.19626 17.97740
v 3.28352 -9.35374 17.97740
v 3.25262 -9.44232 17.97740
v 3.10001 -9.47102 17.97740
v 2.94738 -9.44232 17.97740
v 2.91648 -9.35374 17.97740
v 2.89778 -9.19626 17.97740
v 2.88597 -8.94691 17.97740
v 2.87933 -8.53491 17.97740
v 2.87717 -6.50010 17.97740
v 2.87933 -4.46509 17.97740
v 2.88597 -4.05309 17.97740
v 2.89778 -3.80374 17.97740
v 2.91648 -3.64626 17.97740
v 2.94738 -3.55768 17.97740
v 3.09999 -3.52898 17.97740
v 3.25262 -3.55768 17.97740
v 3.28352 -3.64626 17.97740
v 3.30222 -3.80374 17.97740
v 3.31403 -4.05309 17.97740
v 3.32067 -4.46509 17.97740
v 3.32500 -6.50000 18.20000
v 3.32283 -8.55476 18.20000
v 3.31612 -8.97077 18.20000
v 3.30419 -9.22256 18.20000
v 3.28531 -9.38157 18.20000
v 3.25411 -9.47102 18.20000
v 3.10001 -9.50000 18.20000
v 2.94589 -9.47102 18.20000
v 2.91469 -9.38157 18.20000
v 2.89581 -9.22256 18.20000
v 2.88388 -8.97077 18.20000
v 2.87717 -8.55476 18.20000
v 2.87500 -6.50011 18.20000
v 2.87717 -4.44524 18.20000
v 2.88388 -4.02923 18.20000
v 2.89581 -3.77744 18.20000
v 2.91469 -3.61843 18.20000
v 2.94589 -3.52898 18.20000
v 3.09999 -3.50000 18.20000
v 3.25411 -3.52898 18.20000
v 3.28531 -3.61843 18.20000
v 3.30419 -3.77744 18.20000
v 3.31612 -4.02923 18.20000
v 3.32283 -4.44524 18.20000
v 3.32283 -6.50000 18.42260
v 3.32067 -8.53491 18.42260
v 3.31403 -8.94691 18.42260
v 3.30222 -9.19626 18.42260
v 3.28352 -9.35374 18.42260
v 3.25262 -9.44232 18.42260
v 3.10001 -9.47102 18.42260
v 2.94738 -9.44232 18.42260
v 2.91648 -9.35374 18.42260
v 2.89778 -9.19626 18.42260
v 2.88597 -8.94691 18.42260
v 2.87933 -8.53491 18.42260
v 2.87717 -6.50010 18.42260
v 2.87933 -4.46509 18.42260
v 2.88597 -4.05309 18.42260
v 2.89778 -3.80374 18.42260
v 2.91648 -3.64626 18.42260
v 2.94738 -3.55768 18.42260
v 3.09999 -3.52898 18.42260
v 3.25262 -3.55768 18.42260
v 3.28352 -3.64626 18.42260
v 3.30222 -3.80374 18.42260
v 3.31403 -4.05309 18.42260
v 3.32067 -4.46509 18.42260
v 3.31612 -6.50000 18.46767
v 3.31403 -8.47364 18.46767
v 3.30759 -8.87324 18.46767
v 3.29613 -9.11508 18.46767
v 3.27799 -9.26782 18.46767
v 3.24802 -9.35374 18.46767
v 3.10001 -9.38157 18.46767
v 2.95198 -9.35374 18.46767
v 2.92201 -9.26782 18.46767
v 2.90387 -9.11508 18.46767
v 2.89241 -8.87324 18.46767
v 2.88597 -8.47364 18.46767
v 2.88388 -6.50010 18.46767
v 2.88597 -4.52636 18.46767
v 2.89241 -4.12676 18.46767
v 2.90387 -3.88492 18.46767
v 2.92201 -3.73218 18.46767
v 2.95198 -3.64626 18.46767
v 3.09999 -3.61843 18.46767
v 3.24802 -3.64626 18.46767
v 3.27799 -3.73218 18.46767
v 3.29613 -3.88492 18.46767
v 3.30759 -4.12676 18.46767
v 3.31403 -4.52636 18.46767
v 3.30419 -6.50000 18.49494
v 3.30222 -8.36473 18.49494
v 3.29613 -8.74227 18.49494
v 3.28531 -8.97077 18.49494
v 3.26817 -9.11508 18.49494
v 3.23985 -9.19626 18.49494
v 3.10001 -9.22256 18.49494
v 2.96015 -9.19626 18.49494
v 2.93183 -9.11508 18.49494
v 2.91469 -8.97077 18.49494
v 2.90387 -8.74227 18.49494
v 2.89778 -8.36473 18.49494
v 2.89581 -6.50010 18.49494
v 2.89778 -4.63527 18.49494
v 2.90387 -4.25773 18.49494
v 2.91469 -4.02923 18.49494
v 2.93183 -3.88492 18.49494
v 2.96015 -3.80374 18.49494
v 3.09999 -3.77744 18.49494
v 3.23985 -3.80374 18.49494
v 3.26817 -3.88492 18.49494
v 3.28531 -4.02923 18.49494
v 3.29613 -4.25773 18.49494
v 3.30222 -4.63527 18.49494
v 3.28531 -6.50000 18.51217
v 3.28352 -8.19228 18.51217
v 3.27799 -8.53491 18.51217
v 3.26817 -8.74227 18.51217
v 3.25262 -8.87324 18.51217
v 3.22692 -8.94691 18.51217
v 3.10001 -8.97077 18.51217
v 2.97308 -8.94691 18.51217
v 2.94738 -8.87324 18.51217
v 2.93183 -8.74227 18.51217
v 2.92201 -8.53491 18.51217
v 2.91648 -8.19228 18.51217
v 2.91469 -6.50009 18.51217
v 2.91648 -4.80772 18.51217
v 2.92201 -4.46509 18.51217
v 2.93183 -4.25773 18.51217
v 2.94738 -4.12676 18.51217
v 2.97308 -4.05309 18.51217
v 3.09999 -4.02923 18.51217
v 3.22692 -4.05309 18.51217
v 3.25262 -4.12676 18.51217
v 3.26817 -4.25773 18.51217
v 3.27799 -4.46509 18.51217
v 3.28352 -4.80772 18.51217
v 3.25411 -6.50000 18.52186
v 3.25262 -7.90734 18.52186
v 3.24802 -8.19228 18.52186
v 3.23985 -8.36473 18.52186
v 3.22692 -8.47364 18.52186
v 3.20555 -8.53491 18.52186
v 3.10000 -8.55476 18.52186
v 2.99445 -8.53491 18.52186
v 2.97308 -8.47364 18.52186
v 2.96015 -8.36473 18.52186
v 2.95198 -8.19228 18.52186
v 2.94738 -7.90734 18.52186
v 2.94589 -6.50007 18.52186
v 2.94738 -5.09266 18.52186
v 2.95198 -4.80772 18.52186
v 2.96015 -4.63527 18.52186
v 2.97308 -4.52636 18.52186
v 2.99445 -4.46509 18.52186
v 3.09999 -4.44524 18.52186
v 3.20555 -4.46509 18.52186
v 3.22692 -4.52636 18.52186
v 3.23985 -4.63527 18.52186
v 3.24802 -4.80772 18.52186
v 3.25262 -5.09266 18.52186
v 3.10001 -6.50000 18.52500
v 3.10001 -6.50006 18.52500
v 3.10001 -6.50007 18.52500
v 3.10001 -6.50008 18.52500
v 3.10001 -6.50008 18.52500
v 3.10000 -6.50009 18.52500
v 3.10000 -6.50009 18.52500
v 3.10000 -6.50009 18.52500
v 3.09999 -6.50008 18.52500
v 3.09999 -6.50008 18.52500
v 3.09999 -6.50007 18.52500
v 3.09999 -6.50006 18.52500
v 3.09999 -6.50000 18.52500
v 3.09999 -6.49994 18.52500
v 3.09999 -6.49993 18.52500
v 3.09999 -6.49992 18.52500
v 3.09999 -6.49992 18.52500
v 3.10000 -6.49991 18.52500
v 3.10000 -6.49991 18.52500
v 3.10000 -6.49991 18.52500
v 3.10001 -6.49992 18.52500
v 3.10001 -6.49992 18.52500
v 3.10001 -6.49993 18.52500
v 3.10001 -6.49994 18.52500
vt -0.00700 0.77000
vt -0.00700 0.77892
vt -0.00700 0.78775
vt -0.00700 0.79642
vt -0.00700 0.80482
vt -0.00700 0.81290
vt -0.00700 0.82056
vt -0.00700 0.82773
vt -0.00700 0.83435
vt -0.00700 0.84034
vt -0.00700 0.84566
vt -0.00700 0.85025
vt -0.00700 0.85407
vt -0.00700 0.85708
vt -0.00700 0.85925
vt -0.00700 0.86056
vt -0.00700 0.86100
vt -0.00700 0.86056
vt -0.00700 0.85925
vt -0.00700 0.85708
vt -0.00700 0.85407
vt -0.00700 0.85025
vt -0.00700 0.84566
vt -0.00700 0.84034
vt -0.00700 0.83435
vt -0.00700 0.82773
vt -0.00700 0.82056
vt -0.00700 0.81290
vt -0.00700 0.80482
vt -0.00700 0.79642
vt -0.00700 0.78775
vt -0.00700 0.77892
vt -0.00700 0.77000
vt -0.00700 0.76108
vt -0.00700 0.75225
vt -0.00700 0.74358
vt -0.00700 0.73518
vt -0.00700 0.72710
vt -0.00700 0.71944
vt -0.00700 0.71227
vt -0.00700 0.70565
vt -0.00700 0.69966
vt -0.00700 0.69434
vt -0.00700 0.68975
vt -0.00700 0.68593
vt -0.00700 0.68292
vt -0.00700 0.68075
vt -0.00700 0.67944
vt -0.00700 0.67900
vt -0.00700 0.67944
vt -0.00700 0.68075
vt -0.00700 0.68292
vt -0.00700 0.68593
vt -0.00700 0.68975
vt -0.00700 0.69434
vt -0.00700 0.69966
vt -0.00700 0.70565
vt -0.00700 0.71227
vt -0.00700 0.71944
vt -0.00700 0.72710
vt -0.00700 0.73518
vt -0.00700 0.74358
vt -0.00700 0.75225
vt -0.00700 0.76108
vt -0.00280 0.77000
vt -0.00280 0.77892
vt -0.00280 0.78775
vt -0.00280 0.79642
vt -0.00280 0.80482
vt -0.00280 0.81290
vt -0.00280 0.82056
vt -0.00280 0.82773
vt -0.00280 0.83435
vt -0.00280 0.84034
vt -0.00280 0.84566
vt -0.00280 0.85025
vt -0.00280 0.85407
vt -0.00280 0.85708
vt -0.00280 0.85925
vt -0.00280 0.86056
vt -0.00280 0.86100
vt -0.00280 0.86056
vt -0.00280 0.85925
vt -0.00280 0.85708
vt -0.00280 0.85407
vt -0.00280 0.85025
vt -0.00280 0.84566
vt -0.00280 0.84034
vt -0.00280 0.83435
vt -0.00280 0.82773
vt -0.00280 0.82056
vt -0.00280 0.81290
vt -0.00280 0.80482
vt -0.00280 0.79642
vt -0.00280 0.78775
vt -0.00280 0.77892
vt -0.00280 0.77000
vt -0.00280 0.76108
vt -0.00280 0.75225
vt -0.00280 0.74358
vt -0.00280 0.73518
vt -0.00280 0.72710
vt -0.00280 0.71944
vt -0.00280 0.71227
vt -0.00280 0.70565
vt -0.00280 0.69966
vt -0.00280 0.69434
vt -0.00280 0.68975
vt -0.00280 0.68593
vt -0.00280 0.68292
vt -0.00280 0.68075
vt -0.00280 0.67944
vt -0.00280 0.67900
vt -0.00280 0.67944
vt -0.00280 0.68075
vt -0.00280 0.68292
vt -0.00280 0.68593
vt -0.00280 0.68975
vt -0.00280 0.69434
vt -0.00280 0.69966
vt -0.00280 0.70565
vt -0.00280 0.71227
vt -0.00280 0.71944
vt -0.00280 0.72710
vt -0.00280 0.73518
vt -0.00280 0.74358
vt -0.00280 0.75225
vt -0.00280 0.76108
vt -0.00280 0.77000
vt -0.00280 0.77865
vt -0.00280 0.78721
vt -0.00280 0.79560
vt -0.00280 0.80375
vt -0.00280 0.81158
vt -0.00280 0.81900
vt -0.00280 0.82595
vt -0.00280 0.83237
vt -0.00280 0.83818
vt -0.00280 0.84334
vt -0.00280 0.84779
vt -0.00280 0.85149
vt -0.00280 0.85440
vt -0.00280 0.85651
vt -0.00280 0.85778
vt -0.00280 0.85820
vt -0.00280 0.85778
vt -0.00280 0.85651
vt -0.00280 0.85440
vt -0.00280 0.85149
vt -0.00280 0.84779
vt -0.00280 0.84334
vt -0.00280 0.83818
vt -0.00280 0.83237
vt -0.00280 0.82595
vt -0.00280 0.81900
vt -0.00280 0.81158
vt -0.00280 0.80375
vt -0.00280 0.79560
vt -0.00280 0.78721
vt -0.00280 0.77865
vt -0.00280 0.77000
vt -0.00280 0.76135
vt -0.00280 0.75279
vt -0.00280 0.74440
vt -0.00280 0.73625
vt -0.00280 0.72842
vt -0.00280 0.72100
vt -0.00280 0.71405
vt -0.00280 0.70763
vt -0.00280 0.70182
vt -0.00280 0.69666
vt -0.00280 0.69221
vt -0.00280 0.68851
vt -0.00280 0.68560
vt -0.00280 0.68349
vt -0.00280 0.68222
vt -0.00280 0.68180
vt -0.00280 0.68222
vt -0.00280 0.68349
vt -0.00280 0.68560
vt -0.00280 0.68851
vt -0.00280 0.69221
vt -0.00280 0.69666
vt -0.00280 0.70182
vt -0.00280 0.70763
vt -0.00280 0.71405
vt -0.00280 0.72100
vt -0.00280 0.72842
vt -0.00280 0.73625
vt -0.00280 0.74440
vt -0.00280 0.75279
vt -0.00280 0.76135
vt -0.00700 0.77000
vt -0.00700 0.77865
vt -0.00700 0.78721
vt -0.00700 0.79560
vt -0.00700 0.80375
vt -0.00700 0.81158
vt -0.00700 0.81900
vt -0.00700 0.82595
vt -0.00700 0.83237
vt -0.00700 0.83818
vt -0.00700 0.84334
vt -0.00700 0.84779
vt -0.00700 0.85149
vt -0.00700 0.85440
vt -0.00700 0.85651
vt -0.00700 0.85778
vt -0.00700 0.85820
vt -0.00700 0.85778
vt -0.00700 0.85651
vt -0.00700 0.85440
vt -0.00700 0.85149
vt -0.00700 0.84779
vt -0.00700 0.84334
vt -0.00700 0.83818
vt -0.00700 0.83237
vt -0.00700 0.82595
vt -0.00700 0.81900
vt -0.00700 0.81158
vt -0.00700 0.80375
vt -0.00700 0.79560
vt -0.00700 0.78721
vt -0.00700 0.77865
vt -0.00700 0.77000
vt -0.00700 0.76135
vt -0.00700 0.75279
vt -0.00700 0.74440
vt -0.00700 0.73625
vt -0.00700 0.72842
vt -0.00700 0.72100
vt -0.00700 0.71405
vt -0.00700 0.70763
vt -0.00700 0.70182
vt -0.00700 0.69666
vt -0.00700 0.69221
vt -0.00700 0.68851
vt -0.00700 0.68560
vt -0.00700 0.68349
vt -0.00700 0.68222
vt -0.00700 0.68180
vt -0.00700 0.68222
vt -0.00700 0.68349
vt -0.00700 0.68560
vt -0.00700 0.68851
vt -0.00700 0.69221
vt -0.00700 0.69666
vt -0.00700 0.70182
vt -0.00700 0.70763
vt -0.00700 0.71405
vt -0.00700 0.72100
vt -0.00700 0.72842
vt -0.00700 0.73625
vt -0.00700 0.74440
vt -0.00700 0.75279
vt -0.00700 0.76135
vt 0.00700 0.77000
vt 0.00700 0.77892
vt 0.00700 0.78775
vt 0.00700 0.79642
vt 0.00700 0.80482
vt 0.00700 0.81290
vt 0.00700 0.82056
vt 0.00700 0.82773
vt 0.00700 0.83435
vt 0.00700 0.84034
vt 0.00700 0.84566
vt 0.00700 0.85025
vt 0.00700 0.85407
vt 0.00700 0.85708
vt 0.00700 0.85925
vt 0.00700 0.86056
vt 0.00700 0.86100
vt 0.00700 0.86056
vt 0.00700 0.85925
vt 0.00700 0.85708
vt 0.00700 0.85407
vt 0.00700 0.85025
vt 0.00700 0.84566
vt 0.00700 0.84034
vt 0.00700 0.83435
vt 0.00700 0.82773
vt 0.00700 0.82056
vt 0.00700 0.81290
vt 0.00700 0.80482
vt 0.00700 0.79642
vt 0.00700 0.78775
vt 0.00700 0.77892
vt 0.00700 0.77000
vt 0.00700 0.76108
vt 0.00700 0.75225
vt 0.00700 0.74358
vt 0.00700 0.73518
vt 0.00700 0.72710
vt 0.00700 0.71944
vt 0.00700 0.71227
vt 0.00700 0.70565
vt 0.00700 0.69966
vt 0.00700 0.69434
vt 0.00700 0.68975
vt 0.00700 0.68593
vt 0.00700 0.68292
vt 0.00700 0.68075
vt 0.00700 0.67944
vt 0.00700 0.67900
vt 0.00700 0.67944
vt 0.00700 0.68075
vt 0.00700 0.68292
vt 0.00700 0.68593
vt 0.00700 0.68975
vt 0.00700 0.69434
vt 0.00700 0.69966
vt 0.00700 0.70565
vt 0.00700 0.71227
vt 0.00700 0.71944
vt 0.00700 0.72710
vt 0.00700 0.73518
vt 0.00700 0.74358
vt 0.00700 0.75225
vt 0.00700 0.76108
vt 0.01120 0.77000
vt 0.01120 0.77892
vt 0.01120 0.78775
vt 0.01120 0.79642
vt 0.01120 0.80482
vt 0.01120 0.81290
vt 0.01120 0.82056
vt 0.01120 0.82773
vt 0.01120 0.83435
vt 0.01120 0.84034
vt 0.01120 0.84566
vt 0.01120 0.85025
vt 0.01120 0.85407
vt 0.01120 0.85708
vt 0.01120 0.85925
vt 0.01120 0.86056
vt 0.01120 0.86100
vt 0.01120 0.86056
vt 0.01120 0.85925
vt 0.01120 0.85708
vt 0.01120 0.85407
vt 0.01120 0.85025
vt 0.01120 0.84566
vt 0.01120 0.84034
vt 0.01120 0.83435
vt 0.01120 0.82773
vt 0.01120 0.82056
vt 0.01120 0.81290
vt 0.01120 0.80482
vt 0.01120 0.79642
vt 0.01120 0.78775
vt 0.01120 0.77892
vt 0.01120 0.77000
vt 0.01120 0.76108
vt 0.01120 0.75225
vt 0.01120 0.74358
vt 0.01120 0.73518
vt 0.01120 0.72710
vt 0.01120 0.71944
vt 0.01120 0.71227
vt 0.01120 0.70565
vt 0.01120 0.69966
vt 0.01120 0.69434
vt 0.01120 0.68975
vt 0.01120 0.68593
vt 0.01120 0.68292
vt 0.01120 0.68075
vt 0.01120 0.67944
vt 0.01120 0.67900
vt 0.01120 0.67944
vt 0.01120 0.68075
vt 0.01120 0.68292
vt 0.01120 0.68593
vt 0.01120 0.68975
vt 0.01120 0.69434
vt 0.01120 0.69966
vt 0.01120 0.70565
vt 0.01120 0.71227
vt 0.01120 0.71944
vt 0.01120 0.72710
vt 0.01120 0.73518
vt 0.01120 0.74358
vt 0.01120 0.75225
vt 0.01120 0.76108
vt 0.01120 0.77000
vt 0.01120 0.77865
vt 0.01120 0.78721
vt 0.01120 0.79560
vt 0.01120 0.80375
vt 0.01120 0.81158
vt 0.01120 0.81900
vt 0.01120 0.82595
vt 0.01120 0.83237
vt 0.01120 0.83818
vt 0.01120 0.84334
vt 0.01120 0.84779
vt 0.01120 0.85149
vt 0.01120 0.85440
vt 0.01120 0.85651
vt 0.01120 0.85778
vt 0.01120 0.85820
vt 0.01120 0.85778
vt 0.01120 0.85651
vt 0.01120 0.85440
vt 0.01120 0.85149
vt 0.01120 0.84779
vt 0.01120 0.84334
vt 0.01120 0.83818
vt 0.01120 0.83237
vt 0.01120 0.82595
vt 0.01120 0.81900
vt 0.01120 0.81158
vt 0.01120 0.80375
vt 0.01120 0.79560
vt 0.01120 0.78721
vt 0.01120 0.77865
vt 0.01120 0.77000
vt 0.01120 0.76135
vt 0.01120 0.75279
vt 0.01120 0.74440
vt 0.01120 0.73625
vt 0.01120 0.72842
vt 0.01120 0.72100
vt 0.01120 0.71405
vt 0.01120 0.70763
vt 0.01120 0.70182
vt 0.01120 0.69666
vt 0.01120 0.69221
vt 0.01120 0.68851
vt 0.01120 0.68560
vt 0.01120 0.68349
vt 0.01120 0.68222
vt 0.01120 0.68180
vt 0.01120 0.68222
vt 0.01120 0.68349
vt 0.01120 0.68560
vt 0.01120 0.68851
vt 0.01120 0.69221
vt 0.01120 0.69666
vt 0.01120 0.70182
vt 0.01120 0.70763
vt 0.01120 0.71405
vt 0.01120 0.72100
vt 0.01120 0.72842
vt 0.01120 0.73625
vt 0.01120 0.74440
vt 0.01120 0.75279
vt 0.01120 0.76135
vt 0.00700 0.77000
vt 0.00700 0.77865
vt 0.00700 0.78721
vt 0.00700 0.79560
vt 0.00700 0.80375
vt 0.00700 0.81158
vt 0.00700 0.81900
vt 0.00700 0.82595
vt 0.00700 0.83237
vt 0.00700 0.83818
vt 0.00700 0.84334
vt 0.00700 0.84779
vt 0.00700 0.85149
vt 0.00700 0.85440
vt 0.00700 0.85651
vt 0.00700 0.85778
vt 0.00700 0.85820
vt 0.00700 0.85778
vt 0.00700 0.85651
vt 0.00700 0.85440
vt 0.00700 0.85149
vt 0.00700 0.84779
vt 0.00700 0.84334
vt 0.00700 0.83818
vt 0.00700 0.83237
vt 0.00700 0.82595
vt 0.00700 0.81900
vt 0.00700 0.81158
vt 0.00700 0.80375
vt 0.00700 0.79560
vt 0.00700 0.78721
vt 0.00700 0.77865
vt 0.00700 0.77000
vt 0.00700 0.76135
vt 0.00700 0.75279
vt 0.00700 0.74440
vt 0.00700 0.73625
vt 0.00700 0.72842
vt 0.00700 0.72100
vt 0.00700 0.71405
vt 0.00700 0.70763
vt 0.00700 0.70182
vt 0.00700 0.69666
vt 0.00700 0.69221
vt 0.00700 0.68851
vt 0.00700 0.68560
vt 0.00700 0.68349
vt 0.00700 0.68222
vt 0.00700 0.68180
vt 0.00700 0.68222
vt 0.00700 0.68349
vt 0.00700 0.68560
vt 0.00700 0.68851
vt 0.00700 0.69221
vt 0.00700 0.69666
vt 0.00700 0.70182
vt 0.00700 0.70763
vt 0.00700 0.71405
vt 0.00700 0.72100
vt 0.00700 0.72842
vt 0.00700 0.73625
vt 0.00700 0.74440
vt 0.00700 0.75279
vt 0.00700 0.76135
vt 0.02100 0.77000
vt 0.02100 0.77892
vt 0.02100 0.78775
vt 0.02100 0.79642
vt 0.02100 0.80482
vt 0.02100 0.81290
vt 0.02100 0.82056
vt 0.02100 0.82773
vt 0.02100 0.83435
vt 0.02100 0.84034
vt 0.02100 0.84566
vt 0.02100 0.85025
vt 0.02100 0.85407
vt 0.02100 0.85708
vt 0.02100 0.85925
vt 0.02100 0.86056
vt 0.02100 0.86100
vt 0.02100 0.86056
vt 0.02100 0.85925
vt 0.02100 0.85708
vt 0.02100 0.85407
vt 0.02100 0.85025
vt 0.02100 0.84566
vt 0.02100 0.84034
vt 0.02100 0.83435
vt 0.02100 0.82773
vt 0.02100 0.82056
vt 0.02100 0.81290
vt 0.02100 0.80482
vt 0.02100 0.79642
vt 0.02100 0.78775
vt 0.02100 0.77892
vt 0.02100 0.77000
vt 0.02100 0.76108
vt 0.02100 0.75225
vt 0.02100 0.74358
vt 0.02100 0.73518
vt 0.02100 0.72710
vt 0.02100 0.71944
vt 0.02100 0.71227
vt 0.02100 0.70565
vt 0.02100 0.69966
vt 0.02100 0.69434
vt 0.02100 0.68975
vt 0.02100 0.68593
vt 0.02100 0.68292
vt 0.02100 0.68075
vt 0.02100 0.67944
vt 0.02100 0.67900
vt 0.02100 0.67944
vt 0.02100 0.68075
vt 0.02100 0.68292
vt 0.02100 0.68593
vt 0.02100 0.68975
vt 0.02100 0.69434
vt 0.02100 0.69966
vt 0.02100 0.70565
vt 0.02100 0.71227
vt 0.02100 0.71944
vt 0.02100 0.72710
vt 0.02100 0.73518
vt 0.02100 0.74358
vt 0.02100 0.75225
vt 0.02100 0.76108
vt 0.02520 0.77000
vt 0.02520 0.77892
vt 0.02520 0.78775
vt 0.02520 0.79642
vt 0.02520 0.80482
vt 0.02520 0.81290
vt 0.02520 0.82056
vt 0.02520 0.82773
vt 0.02520 0.83435
vt 0.02520 0.84034
vt 0.02520 0.84566
vt 0.02520 0.85025
vt 0.02520 0.85407
vt 0.02520 0.85708
vt 0.02520 0.85925
vt 0.02520 0.86056
vt 0.02520 0.86100
vt 0.02520 0.86056
vt 0.02520 0.85925
vt 0.02520 0.85708
vt 0.02520 0.85407
vt 0.02520 0.85025
vt 0.02520 0.84566
vt 0.02520 0.84034
vt 0.02520 0.83435
vt 0.02520 0.82773
vt 0.02520 0.82056
vt 0.02520 0.81290
vt 0.02520 0.80482
vt 0.02520 0.79642
vt 0.02520 0.78775
vt 0.02520 0.77892
vt 0.02520 0.77000
vt 0.02520 0.76108
vt 0.02520 0.75225
vt 0.02520 0.74358
vt 0.02520 0.73518
vt 0.02520 0.72710
vt 0.02520 0.71944
vt 0.02520 0.71227
vt 0.02520 0.70565
vt 0.02520 0.69966
vt 0.02520 0.69434
vt 0.02520 0.68975
vt 0.02520 0.68593
vt 0.02520 0.68292
vt 0.02520 0.68075
vt 0.02520 0.67944
vt 0.02520 0.67900
vt 0.02520 0.67944
vt 0.02520 0.68075
vt 0.02520 0.68292
vt 0.02520 0.68593
vt 0.02520 0.68975
vt 0.02520 0.69434
vt 0.02520 0.69966
vt 0.02520 0.70565
vt 0.02520 0.71227
vt 0.02520 0.71944
vt 0.02520 0.72710
vt 0.02520 0.73518
vt 0.02520 0.74358
vt 0.02520 0.75225
vt 0.02520 0.76108
vt 0.02520 0.77000
vt 0.02520 0.77865
vt 0.02520 0.78721
vt 0.02520 0.79560
vt 0.02520 0.80375
vt 0.02520 0.81158
vt 0.02520 0.81900
vt 0.02520 0.82595
vt 0.02520 0.83237
vt 0.02520 0.83818
vt 0.02520 0.84334
vt 0.02520 0.84779
vt 0.02520 0.85149
vt 0.02520 0.85440
vt 0.02520 0.85651
vt 0.02520 0.85778
vt 0.02520 0.85820
vt 0.02520 0.85778
vt 0.02520 0.85651
vt 0.02520 0.85440
vt 0.02520 0.85149
vt 0.02520 0.84779
vt 0.02520 0.84334
vt 0.02520 0.83818
vt 0.02520 0.83237
vt 0.02520 0.82595
vt 0.02520 0.81900
vt 0.02520 0.81158
vt 0.02520 0.80375
vt 0.02520 0.79560
vt 0.02520 0.78721
vt 0.02520 0.77865
vt 0.02520 0.77000
vt 0.02520 0.76135
vt 0.02520 0.75279
vt 0.02520 0.74440
vt 0.02520 0.73625
vt 0.02520 0.72842
vt 0.02520 0.72100
vt 0.02520 0.71405
vt 0.02520 0.70763
vt 0.02520 0.70182
vt 0.02520 0.69666
vt 0.02520 0.69221
vt 0.02520 0.68851
vt 0.02520 0.68560
vt 0.02520 0.68349
vt 0.02520 0.68222
vt 0.02520 0.68180
vt 0.02520 0.68222
vt 0.02520 0.68349
vt 0.02520 0.68560
vt 0.02520 0.68851
vt 0.02520 0.69221
vt 0.02520 0.69666
vt 0.02520 0.70182
vt 0.02520 0.70763
vt 0.02520 0.71405
vt 0.02520 0.72100
vt 0.02520 0.72842
vt 0.02520 0.73625
vt 0.02520 0.74440
vt 0.02520 0.75279
vt 0.02520 0.76135
vt 0.02100 0.77000
vt 0.02100 0.77865
vt 0.02100 0.78721
vt 0.02100 0.79560
vt 0.02100 0.80375
vt 0.02100 0.81158
vt 0.02100 0.81900
vt 0.02100 0.82595
vt 0.02100 0.83237
vt 0.02100 0.83818
vt 0.02100 0.84334
vt 0.02100 0.84779
vt 0.02100 0.85149
vt 0.02100 0.85440
vt 0.02100 0.85651
vt 0.02100 0.85778
vt 0.02100 0.85820
vt 0.02100 0.85778
vt 0.02100 0.85651
vt 0.02100 0.85440
vt 0.02100 0.85149
vt 0.02100 0.84779
vt 0.02100 0.84334
vt 0.02100 0.83818
vt 0.02100 0.83237
vt 0.02100 0.82595
vt 0.02100 0.81900
vt 0.02100 0.81158
vt 0.02100 0.80375
vt 0.02100 0.79560
vt 0.02100 0.78721
vt 0.02100 0.77865
vt 0.02100 0.77000
vt 0.02100 0.76135
vt 0.02100 0.75279
vt 0.02100 0.74440
vt 0.02100 0.73625
vt 0.02100 0.72842
vt 0.02100 0.72100
vt 0.02100 0.71405
vt 0.02100 0.70763
vt 0.02100 0.70182
vt 0.02100 0.69666
vt 0.02100 0.69221
vt 0.02100 0.68851
vt 0.02100 0.68560
vt 0.02100 0.68349
vt 0.02100 0.68222
vt 0.02100 0.68180
vt 0.02100 0.68222
vt 0.02100 0.68349
vt 0.02100 0.68560
vt 0.02100 0.68851
vt 0.02100 0.69221
vt 0.02100 0.69666
vt 0.02100 0.70182
vt 0.02100 0.70763
vt 0.02100 0.71405
vt 0.02100 0.72100
vt 0.02100 0.72842
vt 0.02100 0.73625
vt 0.02100 0.74440
vt 0.02100 0.75279
vt 0.02100 0.76135
vt 0.49000 0.77000
vt 0.49000 0.77926
vt 0.49000 0.78844
vt 0.49000 0.79743
vt 0.49000 0.80616
vt 0.49000 0.81455
vt 0.49000 0.82250
vt 0.49000 0.82995
vt 0.49000 0.83682
vt 0.49000 0.84305
vt 0.49000 0.84857
vt 0.49000 0.85334
vt 0.49000 0.85731
vt 0.49000 0.86043
vt 0.49000 0.86268
vt 0.49000 0.86404
vt 0.49000 0.86450
vt 0.49000 0.86404
vt 0.49000 0.86268
vt 0.49000 0.86043
vt 0.49000 0.85731
vt 0.49000 0.85334
vt 0.49000 0.84857
vt 0.49000 0.84305
vt 0.49000 0.83682
vt 0.49000 0.82995
vt 0.49000 0.82250
vt 0.49000 0.81455
vt 0.49000 0.80616
vt 0.49000 0.79743
vt 0.49000 0.78844
vt 0.49000 0.77926
vt 0.49000 0.77000
vt 0.49000 0.76074
vt 0.49000 0.75156
vt 0.49000 0.74257
vt 0.49000 0.73384
vt 0.49000 0.72545
vt 0.49000 0.71750
vt 0.49000 0.71005
vt 0.49000 0.70318
vt 0.49000 0.69695
vt 0.49000 0.69143
vt 0.49000 0.68666
vt 0.49000 0.68269
vt 0.49000 0.67957
vt 0.49000 0.67732
vt 0.49000 0.67596
vt 0.49000 0.67550
vt 0.49000 0.67596
vt 0.49000 0.67732
vt 0.49000 0.67957
vt 0.49000 0.68269
vt 0.49000 0.68666
vt 0.49000 0.69143
vt 0.49000 0.69695
vt 0.49000 0.70318
vt 0.49000 0.71005
vt 0.49000 0.71750
vt 0.49000 0.72545
vt 0.49000 0.73384
vt 0.49000 0.74257
vt 0.49000 0.75156
vt 0.49000 0.76074
vt 0.49420 0.77000
vt 0.49420 0.77926
vt 0.49420 0.78844
vt 0.49420 0.79743
vt 0.49420 0.80616
vt 0.49420 0.81455
vt 0.49420 0.82250
vt 0.49420 0.82995
vt 0.49420 0.83682
vt 0.49420 0.84305
vt 0.49420 0.84857
vt 0.49420 0.85334
vt 0.49420 0.85731
vt 0.49420 0.86043
vt 0.49420 0.86268
vt 0.49420 0.86404
vt 0.49420 0.86450
vt 0.49420 0.86404
vt 0.49420 0.86268
vt 0.49420 0.86043
vt 0.49420 0.85731
vt 0.49420 0.85334
vt 0.49420 0.84857
vt 0.49420 0.84305
vt 0.49420 0.83682
vt 0.49420 0.82995
vt 0.49420 0.82250
vt 0.49420 0.81455
vt 0.49420 0.80616
vt 0.49420 0.79743
vt 0.49420 0.78844
vt 0.49420 0.77926
vt 0.49420 0.77000
vt 0.49420 0.76074
vt 0.49420 0.75156
vt 0.49420 0.74257
vt 0.49420 0.73384
vt 0.49420 0.72545
vt 0.49420 0.71750
vt 0.49420 0.71005
vt 0.49420 0.70318
vt 0.49420 0.69695
vt 0.49420 0.69143
vt 0.49420 0.68666
vt 0.49420 0.68269
vt 0.49420 0.67957
vt 0.49420 0.67732
vt 0.49420 0.67596
vt 0.49420 0.67550
vt 0.49420 0.67596
vt 0.49420 0.67732
vt 0.49420 0.67957
vt 0.49420 0.68269
vt 0.49420 0.68666
vt 0.49420 0.69143
vt 0.49420 0.69695
vt 0.49420 0.70318
vt 0.49420 0.71005
vt 0.49420 0.71750
vt 0.49420 0.72545
vt 0.49420 0.73384
vt 0.49420 0.74257
vt 0.49420 0.75156
vt 0.49420 0.76074
vt 0.49420 0.77000
vt 0.49420 0.77899
vt 0.49420 0.78789
vt 0.49420 0.79662
vt 0.49420 0.80509
vt 0.49420 0.81323
vt 0.49420 0.82095
vt 0.49420 0.82817
vt 0.49420 0.83484
vt 0.49420 0.84089
vt 0.49420 0.84625
vt 0.49420 0.85087
vt 0.49420 0.85472
vt 0.49420 0.85775
vt 0.49420 0.85994
vt 0.49420 0.86126
vt 0.49420 0.86170
vt 0.49420 0.86126
vt 0.49420 0.85994
vt 0.49420 0.85775
vt 0.49420 0.85472
vt 0.49420 0.85087
vt 0.49420 0.84625
vt 0.49420 0.84089
vt 0.49420 0.83484
vt 0.49420 0.82817
vt 0.49420 0.82095
vt 0.49420 0.81323
vt 0.49420 0.80509
vt 0.49420 0.79662
vt 0.49420 0.78789
vt 0.49420 0.77899
vt 0.49420 0.77000
vt 0.49420 0.76101
vt 0.49420 0.75211
vt 0.49420 0.74338
vt 0.49420 0.73491
vt 0.49420 0.72677
vt 0.49420 0.71905
vt 0.49420 0.71183
vt 0.49420 0.70516
vt 0.49420 0.69911
vt 0.49420 0.69375
vt 0.49420 0.68913
vt 0.49420 0.68528
vt 0.49420 0.68225
vt 0.49420 0.68006
vt 0.49420 0.67874
vt 0.49420 0.67830
vt 0.49420 0.67874
vt 0.49420 0.68006
vt 0.49420 0.68225
vt 0.49420 0.68528
vt 0.49420 0.68913
vt 0.49420 0.69375
vt 0.49420 0.69911
vt 0.49420 0.70516
vt 0.49420 0.71183
vt 0.49420 0.71905
vt 0.49420 0.72677
vt 0.49420 0.73491
vt 0.49420 0.74338
vt 0.49420 0.75211
vt 0.49420 0.76101
vt 0.49000 0.77000
vt 0.49000 0.77899
vt 0.49000 0.78789
vt 0.49000 0.79662
vt 0.49000 0.80509
vt 0.49000 0.81323
vt 0.49000 0.82095
vt 0.49000 0.82817
vt 0.49000 0.83484
vt 0.49000 0.84089
vt 0.49000 0.84625
vt 0.49000 0.85087
vt 0.49000 0.85472
vt 0.49000 0.85775
vt 0.49000 0.85994
vt 0.49000 0.86126
vt 0.49000 0.86170
vt 0.49000 0.86126
vt 0.49000 0.85994
vt 0.49000 0.85775
vt 0.49000 0.85472
vt 0.49000 0.85087
vt 0.49000 0.84625
vt 0.49000 0.84089
vt 0.49000 0.83484
vt 0.49000 0.82817
vt 0.49000 0.82095
vt 0.49000 0.81323
vt 0.49000 0.80509
vt 0.49000 0.79662
vt 0.49000 0.78789
vt 0.49000 0.77899
vt 0.49000 0.77000
vt 0.49000 0.76101
vt 0.49000 0.75211
vt 0.49000 0.74338
vt 0.49000 0.73491
vt 0.49000 0.72677
vt 0.49000 0.71905
vt 0.49000 0.71183
vt 0.49000 0.70516
vt 0.49000 0.69911
vt 0.49000 0.69375
vt 0.49000 0.68913
vt 0.49000 0.68528
vt 0.49000 0.68225
vt 0.49000 0.68006
vt 0.49000 0.67874
vt 0.49000 0.67830
vt 0.49000 0.67874
vt 0.49000 0.68006
vt 0.49000 0.68225
vt 0.49000 0.68528
vt 0.49000 0.68913
vt 0.49000 0.69375
vt 0.49000 0.69911
vt 0.49000 0.70516
vt 0.49000 0.71183
vt 0.49000 0.71905
vt 0.49000 0.72677
vt 0.49000 0.73491
vt 0.49000 0.74338
vt 0.49000 0.75211
vt 0.49000 0.76101
vt 0.50400 0.77000
vt 0.50400 0.77926
vt 0.50400 0.78844
vt 0.50400 0.79743
vt 0.50400 0.80616
vt 0.50400 0.81455
vt 0.50400 0.82250
vt 0.50400 0.82995
vt 0.50400 0.83682
vt 0.50400 0.84305
vt 0.50400 0.84857
vt 0.50400 0.85334
vt 0.50400 0.85731
vt 0.50400 0.86043
vt 0.50400 0.86268
vt 0.50400 0.86404
vt 0.50400 0.86450
vt 0.50400 0.86404
vt 0.50400 0.86268
vt 0.50400 0.86043
vt 0.50400 0.85731
vt 0.50400 0.85334
vt 0.50400 0.84857
vt 0.50400 0.84305
vt 0.50400 0.83682
vt 0.50400 0.82995
vt 0.50400 0.82250
vt 0.50400 0.81455
vt 0.50400 0.80616
vt 0.50400 0.79743
vt 0.50400 0.78844
vt 0.50400 0.77926
vt 0.50400 0.77000
vt 0.50400 0.76074
vt 0.50400 0.75156
vt 0.50400 0.74257
vt 0.50400 0.73384
vt 0.50400 0.72545
vt 0.50400 0.71750
vt 0.50400 0.71005
vt 0.50400 0.70318
vt 0.50400 0.69695
vt 0.50400 0.69143
vt 0.50400 0.68666
vt 0.50400 0.68269
vt 0.50400 0.67957
vt 0.50400 0.67732
vt 0.50400 0.67596
vt 0.50400 0.67550
vt 0.50400 0.67596
vt 0.50400 0.67732
vt 0.50400 0.67957
vt 0.50400 0.68269
vt 0.50400 0.68666
vt 0.50400 0.69143
vt 0.50400 0.69695
vt 0.50400 0.70318
vt 0.50400 0.71005
vt 0.50400 0.71750
vt 0.50400 0.72545
vt 0.50400 0.73384
vt 0.50400 0.74257
vt 0.50400 0.75156
vt 0.50400 0.76074
vt 0.50820 0.77000
vt 0.50820 0.77926
vt 0.50820 0.78844
vt 0.50820 0.79743
vt 0.50820 0.80616
vt 0.50820 0.81455
vt 0.50820 0.82250
vt 0.50820 0.82995
vt 0.50820 0.83682
vt 0.50820 0.84305
vt 0.50820 0.84857
vt 0.50820 0.85334
vt 0.50820 0.85731
vt 0.50820 0.86043
vt 0.50820 0.86268
vt 0.50820 0.86404
vt 0.50820 0.86450
vt 0.50820 0.86404
vt 0.50820 0.86268
vt 0.50820 0.86043
vt 0.50820 0.85731
vt 0.50820 0.85334
vt 0.50820 0.84857
vt 0.50820 0.84305
vt 0.50820 0.83682
vt 0.50820 0.82995
vt 0.50820 0.82250
vt 0.50820 0.81455
vt 0.50820 0.80616
vt 0.50820 0.79743
vt 0.50820 0.78844
vt 0.50820 0.77926
vt 0.50820 0.77000
vt 0.50820 0.76074
vt 0.50820 0.75156
vt 0.50820 0.74257
vt 0.50820 0.73384
vt 0.50820 0.72545
vt 0.50820 0.71750
vt 0.50820 0.71005
vt 0.50820 0.70318
vt 0.50820 0.69695
vt 0.50820 0.69143
vt 0.50820 0.68666
vt 0.50820 0.68269
vt 0.50820 0.67957
vt 0.50820 0.67732
vt 0.50820 0.67596
vt 0.50820 0.67550
vt 0.50820 0.67596
vt 0.50820 0.67732
vt 0.50820 0.67957
vt 0.50820 0.68269
vt 0.50820 0.68666
vt 0.50820 0.69143
vt 0.50820 0.69695
vt 0.50820 0.70318
vt 0.50820 0.71005
vt 0.50820 0.71750
vt 0.50820 0.72545
vt 0.50820 0.73384
vt 0.50820 0.74257
vt 0.50820 0.75156
vt 0.50820 0.76074
vt 0.50820 0.77000
vt 0.50820 0.77899
vt 0.50820 0.78789
vt 0.50820 0.79662
vt 0.50820 0.80509
vt 0.50820 0.81323
vt 0.50820 0.82095
vt 0.50820 0.82817
vt 0.50820 0.83484
vt 0.50820 0.84089
vt 0.50820 0.84625
vt 0.50820 0.85087
vt 0.50820 0.85472
vt 0.50820 0.85775
vt 0.50820 0.85994
vt 0.50820 0.86126
vt 0.50820 0.86170
vt 0.50820 0.86126
vt 0.50820 0.85994
vt 0.50820 0.85775
vt 0.50820 0.85472
vt 0.50820 0.85087
vt 0.50820 0.84625
vt 0.50820 0.84089
vt 0.50820 0.83484
vt 0.50820 0.82817
vt 0.50820 0.82095
vt 0.50820 0.81323
vt 0.50820 0.80509
vt 0.50820 0.79662
vt 0.50820 0.78789
vt 0.50820 0.77899
vt 0.50820 0.77000
vt 0.50820 0.76101
vt 0.50820 0.75211
vt 0.50820 0.74338
vt 0.50820 0.73491
vt 0.50820 0.72677
vt 0.50820 0.71905
vt 0.50820 0.71183
vt 0.50820 0.70516
vt 0.50820 0.69911
vt 0.50820 0.69375
vt 0.50820 0.68913
vt 0.50820 0.68528
vt 0.50820 0.68225
vt 0.50820 0.68006
vt 0.50820 0.67874
vt 0.50820 0.67830
vt 0.50820 0.67874
vt 0.50820 0.68006
vt 0.50820 0.68225
vt 0.50820 0.68528
vt 0.50820 0.68913
vt 0.50820 0.69375
vt 0.50820 0.69911
vt 0.50820 0.70516
vt 0.50820 0.71183
vt 0.50820 0.71905
vt 0.50820 0.72677
vt 0.50820 0.73491
vt 0.50820 0.74338
vt 0.50820 0.75211
vt 0.50820 0.76101
vt 0.50400 0.77000
vt 0.50400 0.77899
vt 0.50400 0.78789
vt 0.50400 0.79662
vt 0.50400 0.80509
vt 0.50400 0.81323
vt 0.50400 0.82095
vt 0.50400 0.82817
vt 0.50400 0.83484
vt 0.50400 0.84089
vt 0.50400 0.84625
vt 0.50400 0.85087
vt 0.50400 0.85472
vt 0.50400 0.85775
vt 0.50400 0.85994
vt 0.50400 0.86126
vt 0.50400 0.86170
vt 0.50400 0.86126
vt 0.50400 0.85994
vt 0.50400 0.85775
vt 0.50400 0.85472
vt 0.50400 0.85087
vt 0.50400 0.84625
vt 0.50400 0.84089
vt 0.50400 0.83484
vt 0.50400 0.82817
vt 0.50400 0.82095
vt 0.50400 0.81323
vt 0.50400 0.80509
vt 0.50400 0.79662
vt 0.50400 0.78789
vt 0.50400 0.77899
vt 0.50400 0.77000
vt 0.50400 0.76101
vt 0.50400 0.75211
vt 0.50400 0.74338
vt 0.50400 0.73491
vt 0.50400 0.72677
vt 0.50400 0.71905
vt 0.50400 0.71183
vt 0.50400 0.70516
vt 0.50400 0.69911
vt 0.50400 0.69375
vt 0.50400 0.68913
vt 0.50400 0.68528
vt 0.50400 0.68225
vt 0.50400 0.68006
vt 0.50400 0.67874
vt 0.50400 0.67830
vt 0.50400 0.67874
vt 0.50400 0.68006
vt 0.50400 0.68225
vt 0.50400 0.68528
vt 0.50400 0.68913
vt 0.50400 0.69375
vt 0.50400 0.69911
vt 0.50400 0.70516
vt 0.50400 0.71183
vt 0.50400 0.71905
vt 0.50400 0.72677
vt 0.50400 0.73491
vt 0.50400 0.74338
vt 0.50400 0.75211
vt 0.50400 0.76101
vt 0.51800 0.77000
vt 0.51800 0.77926
vt 0.51800 0.78844
vt 0.51800 0.79743
vt 0.51800 0.80616
vt 0.51800 0.81455
vt 0.51800 0.82250
vt 0.51800 0.82995
vt 0.51800 0.83682
vt 0.51800 0.84305
vt 0.51800 0.84857
vt 0.51800 0.85334
vt 0.51800 0.85731
vt 0.51800 0.86043
vt 0.51800 0.86268
vt 0.51800 0.86404
vt 0.51800 0.86450
vt 0.51800 0.86404
vt 0.51800 0.86268
vt 0.51800 0.86043
vt 0.51800 0.85731
vt 0.51800 0.85334
vt 0.51800 0.84857
vt 0.51800 0.84305
vt 0.51800 0.83682
vt 0.51800 0.82995
vt 0.51800 0.82250
vt 0.51800 0.81455
vt 0.51800 0.80616
vt 0.51800 0.79743
vt 0.51800 0.78844
vt 0.51800 0.77926
vt 0.51800 0.77000
vt 0.51800 0.76074
vt 0.51800 0.75156
vt 0.51800 0.74257
vt 0.51800 0.73384
vt 0.51800 0.72545
vt 0.51800 0.71750
vt 0.51800 0.71005
vt 0.51800 0.70318
vt 0.51800 0.69695
vt 0.51800 0.69143
vt 0.51800 0.68666
vt 0.51800 0.68269
vt 0.51800 0.67957
vt 0.51800 0.67732
vt 0.51800 0.67596
vt 0.51800 0.67550
vt 0.51800 0.67596
vt 0.51800 0.67732
vt 0.51800 0.67957
vt 0.51800 0.68269
vt 0.51800 0.68666
vt 0.51800 0.69143
vt 0.51800 0.69695
vt 0.51800 0.70318
vt 0.51800 0.71005
vt 0.51800 0.71750
vt 0.51800 0.72545
vt 0.51800 0.73384
vt 0.51800 0.74257
vt 0.51800 0.75156
vt 0.51800 0.76074
vt 0.52220 0.77000
vt 0.52220 0.77926
vt 0.52220 0.78844
vt 0.52220 0.79743
vt 0.52220 0.80616
vt 0.52220 0.81455
vt 0.52220 0.82250
vt 0.52220 0.82995
vt 0.52220 0.83682
vt 0.52220 0.84305
vt 0.52220 0.84857
vt 0.52220 0.85334
vt 0.52220 0.85731
vt 0.52220 0.86043
vt 0.52220 0.86268
vt 0.52220 0.86404
vt 0.52220 0.86450
vt 0.52220 0.86404
vt 0.52220 0.86268
vt 0.52220 0.86043
vt 0.52220 0.85731
vt 0.52220 0.85334
vt 0.52220 0.84857
vt 0.52220 0.84305
vt 0.52220 0.83682
vt 0.52220 0.82995
vt 0.52220 0.82250
vt 0.52220 0.81455
vt 0.52220 0.80616
vt 0.52220 0.79743
vt 0.52220 0.78844
vt 0.52220 0.77926
vt 0.52220 0.77000
vt 0.52220 0.76074
vt 0.52220 0.75156
vt 0.52220 0.74257
vt 0.52220 0.73384
vt 0.52220 0.72545
vt 0.52220 0.71750
vt 0.52220 0.71005
vt 0.52220 0.70318
vt 0.52220 0.69695
vt 0.52220 0.69143
vt 0.52220 0.68666
vt 0.52220 0.68269
vt 0.52220 0.67957
vt 0.52220 0.67732
vt 0.52220 0.67596
vt 0.52220 0.67550
vt 0.52220 0.67596
vt 0.52220 0.67732
vt 0.52220 0.67957
vt 0.52220 0.68269
vt 0.52220 0.68666
vt 0.52220 0.69143
vt 0.52220 0.69695
vt 0.52220 0.70318
vt 0.52220 0.71005
vt 0.52220 0.71750
vt 0.52220 0.72545
vt 0.52220 0.73384
vt 0.52220 0.74257
vt 0.52220 0.75156
vt 0.52220 0.76074
vt 0.52220 0.77000
vt 0.52220 0.77899
vt 0.52220 0.78789
vt 0.52220 0.79662
vt 0.52220 0.80509
vt 0.52220 0.81323
vt 0.52220 0.82095
vt 0.52220 0.82817
vt 0.52220 0.83484
vt 0.52220 0.84089
vt 0.52220 0.84625
vt 0.52220 0.85087
vt 0.52220 0.85472
vt 0.52220 0.85775
vt 0.52220 0.85994
vt 0.52220 0.86126
vt 0.52220 0.86170
vt 0.52220 0.86126
vt 0.52220 0.85994
vt 0.52220 0.85775
vt 0.52220 0.85472
vt 0.52220 0.85087
vt 0.52220 0.84625
vt 0.52220 0.84089
vt 0.52220 0.83484
vt 0.52220 0.82817
vt 0.52220 0.82095
vt 0.52220 0.81323
vt 0.52220 0.80509
vt 0.52220 0.79662
vt 0.52220 0.78789
vt 0.52220 0.77899
vt 0.52220 0.77000
vt 0.52220 0.76101
vt 0.52220 0.75211
vt 0.52220 0.74338
vt 0.52220 0.73491
vt 0.52220 0.72677
vt 0.52220 0.71905
vt 0.52220 0.71183
vt 0.52220 0.70516
vt 0.52220 0.69911
vt 0.52220 0.69375
vt 0.52220 0.68913
vt 0.52220 0.68528
vt 0.52220 0.68225
vt 0.52220 0.68006
vt 0.52220 0.67874
vt 0.52220 0.67830
vt 0.52220 0.67874
vt 0.52220 0.68006
vt 0.52220 0.68225
vt 0.52220 0.68528
vt 0.52220 0.68913
vt 0.52220 0.69375
vt 0.52220 0.69911
vt 0.52220 0.70516
vt 0.52220 0.71183
vt 0.52220 0.71905
vt 0.52220 0.72677
vt 0.52220 0.73491
vt 0.52220 0.74338
vt 0.52220 0.75211
vt 0.52220 0.76101
vt 0.51800 0.77000
vt 0.51800 0.77899
vt 0.51800 0.78789
vt 0.51800 0.79662
vt 0.51800 0.80509
vt 0.51800 0.81323
vt 0.51800 0.82095
vt 0.51800 0.82817
vt 0.51800 0.83484
vt 0.51800 0.84089
vt 0.51800 0.84625
vt 0.51800 0.85087
vt 0.51800 0.85472
vt 0.51800 0.85775
vt 0.51800 0.85994
vt 0.51800 0.86126
vt 0.51800 0.86170
vt 0.51800 0.86126
vt 0.51800 0.85994
vt 0.51800 0.85775
vt 0.51800 0.85472
vt 0.51800 0.85087
vt 0.51800 0.84625
vt 0.51800 0.84089
vt 0.51800 0.83484
vt 0.51800 0.82817
vt 0.51800 0.82095
vt 0.51800 0.81323
vt 0.51800 0.80509
vt 0.51800 0.79662
vt 0.51800 0.78789
vt 0.51800 0.77899
vt 0.51800 0.77000
vt 0.51800 0.76101
vt 0.51800 0.75211
vt 0.51800 0.74338
vt 0.51800 0.73491
vt 0.51800 0.72677
vt 0.51800 0.71905
vt 0.51800 0.71183
vt 0.51800 0.70516
vt 0.51800 0.69911
vt 0.51800 0.69375
vt 0.51800 0.68913
vt 0.51800 0.68528
vt 0.51800 0.68225
vt 0.51800 0.68006
vt 0.51800 0.67874
vt 0.51800 0.67830
vt 0.51800 0.67874
vt 0.51800 0.68006
vt 0.51800 0.68225
vt 0.51800 0.68528
vt 0.51800 0.68913
vt 0.51800 0.69375
vt 0.51800 0.69911
vt 0.51800 0.70516
vt 0.51800 0.71183
vt 0.51800 0.71905
vt 0.51800 0.72677
vt 0.51800 0.73491
vt 0.51800 0.74338
vt 0.51800 0.75211
vt 0.51800 0.76101
vt 0.10500 0.59325
vt 0.10500 0.59325
vt 0.10500 0.59325
vt 0.10500 0.59325
vt 0.10500 0.59325
vt 0.10500 0.59325
vt 0.10500 0.59325
vt 0.10500 0.59325
vt 0.10500 0.59325
vt 0.10500 0.59325
vt 0.10500 0.59325
vt 0.10500 0.59325
vt 0.10500 0.59325
vt 0.10500 0.59325
vt 0.10500 0.59325
vt 0.10500 0.59325
vt 0.10500 0.59325
vt 0.10500 0.59325
vt 0.10500 0.59325
vt 0.10500 0.59325
vt 0.10500 0.59325
vt 0.10500 0.59325
vt 0.10500 0.59325
vt 0.10500 0.59325
vt 0.10500 0.59360
vt 0.10772 0.59360
vt 0.10917 0.59360
vt 0.11022 0.59360
vt 0.11096 0.59360
vt 0.11140 0.59360
vt 0.11154 0.59360
vt 0.11140 0.59360
vt 0.11096 0.59360
vt 0.11022 0.59360
vt 0.10917 0.59360
vt 0.10772 0.59360
vt 0.10500 0.59360
vt 0.10228 0.59360
vt 0.10083 0.59360
vt 0.09978 0.59360
vt 0.09904 0.59360
vt 0.09860 0.59360
vt 0.09846 0.59360
vt 0.09860 0.59360
vt 0.09904 0.59360
vt 0.09978 0.59360
vt 0.10083 0.59360
vt 0.10228 0.59360
vt 0.10500 0.59466
vt 0.10917 0.59466
vt 0.11140 0.59466
vt 0.11301 0.59466
vt 0.11414 0.59466
vt 0.11481 0.59466
vt 0.11504 0.59466
vt 0.11481 0.59466
vt 0.11414 0.59466
vt 0.11301 0.59466
vt 0.11140 0.59466
vt 0.10917 0.59466
vt 0.10500 0.59466
vt 0.10083 0.59466
vt 0.09860 0.59466
vt 0.09699 0.59466
vt 0.09586 0.59466
vt 0.09519 0.59466
vt 0.09496 0.59466
vt 0.09519 0.59466
vt 0.09586 0.59466
vt 0.09699 0.59466
vt 0.09860 0.59466
vt 0.10083 0.59466
vt 0.10500 0.59643
vt 0.11022 0.59643
vt 0.11301 0.59643
vt 0.11504 0.59643
vt 0.11645 0.59643
vt 0.11729 0.59643
vt 0.11757 0.59643
vt 0.11729 0.59643
vt 0.11645 0.59643
vt 0.11504 0.59643
vt 0.11301 0.59643
vt 0.11022 0.59643
vt 0.10500 0.59643
vt 0.09978 0.59643
vt 0.09699 0.59643
vt 0.09496 0.59643
vt 0.09355 0.59643
vt 0.09271 0.59643
vt 0.09243 0.59643
vt 0.09271 0.59643
vt 0.09355 0.59643
vt 0.09496 0.59643
vt 0.09699 0.59643
vt 0.09978 0.59643
vt 0.10500 0.59896
vt 0.11096 0.59896
vt 0.11414 0.59896
vt 0.11645 0.59896
vt 0.11806 0.59896
vt 0.11902 0.59896
vt 0.11934 0.59896
vt 0.11902 0.59896
vt 0.11806 0.59896
vt 0.11645 0.59896
vt 0.11414 0.59896
vt 0.11096 0.59896
vt 0.10500 0.59896
vt 0.09904 0.59896
vt 0.09586 0.59896
vt 0.09355 0.59896
vt 0.09194 0.59896
vt 0.09098 0.59896
vt 0.09066 0.59896
vt 0.09098 0.59896
vt 0.09194 0.59896
vt 0.09355 0.59896
vt 0.09586 0.59896
vt 0.09904 0.59896
vt 0.10500 0.60246
vt 0.11140 0.60246
vt 0.11481 0.60246
vt 0.11729 0.60246
vt 0.11902 0.60246
vt 0.12006 0.60246
vt 0.12040 0.60246
vt 0.12006 0.60246
vt 0.11902 0.60246
vt 0.11729 0.60246
vt 0.11481 0.60246
vt 0.11140 0.60246
vt 0.10500 0.60246
vt 0.09860 0.60246
vt 0.09519 0.60246
vt 0.09271 0.60246
vt 0.09098 0.60246
vt 0.08994 0.60246
vt 0.08960 0.60246
vt 0.08994 0.60246
vt 0.09098 0.60246
vt 0.09271 0.60246
vt 0.09519 0.60246
vt 0.09860 0.60246
vt 0.10500 0.60900
vt 0.11154 0.60900
vt 0.11504 0.60900
vt 0.11757 0.60900
vt 0.11934 0.60900
vt 0.12040 0.60900
vt 0.12075 0.60900
vt 0.12040 0.60900
vt 0.11934 0.60900
vt 0.11757 0.60900
vt 0.11504 0.60900
vt 0.11154 0.60900
vt 0.10500 0.60900
vt 0.09846 0.60900
vt 0.09496 0.60900
vt 0.09243 0.60900
vt 0.09066 0.60900
vt 0.08960 0.60900
vt 0.08925 0.60900
vt 0.08960 0.60900
vt 0.09066 0.60900
vt 0.09243 0.60900
vt 0.09496 0.60900
vt 0.09846 0.60900
vt 0.10500 0.61554
vt 0.11140 0.61554
vt 0.11481 0.61554
vt 0.11729 0.61554
vt 0.11902 0.61554
vt 0.12006 0.61554
vt 0.12040 0.61554
vt 0.12006 0.61554
vt 0.11902 0.61554
vt 0.11729 0.61554
vt 0.11481 0.61554
vt 0.11140 0.61554
vt 0.10500 0.61554
vt 0.09860 0.61554
vt 0.09519 0.61554
vt 0.09271 0.61554
vt 0.09098 0.61554
vt 0.08994 0.61554
vt 0.08960 0.61554
vt 0.08994 0.61554
vt 0.09098 0.61554
vt 0.09271 0.61554
vt 0.09519 0.61554
vt 0.09860 0.61554
vt 0.10500 0.61904
vt 0.11096 0.61904
vt 0.11414 0.61904
vt 0.11645 0.61904
vt 0.11806 0.61904
vt 0.11902 0.61904
vt 0.11934 0.61904
vt 0.11902 0.61904
vt 0.11806 0.61904
vt 0.11645 0.61904
vt 0.11414 0.61904
vt 0.11096 0.61904
vt 0.10500 0.61904
vt 0.09904 0.61904
vt 0.09586 0.61904
vt 0.09355 0.61904
vt 0.09194 0.61904
vt 0.09098 0.61904
vt 0.09066 0.61904
vt 0.09098 0.61904
vt 0.09194 0.61904
vt 0.09355 0.61904
vt 0.09586 0.61904
vt 0.09904 0.61904
vt 0.10500 0.62157
vt 0.11022 0.62157
vt 0.11301 0.62157
vt 0.11504 0.62157
vt 0.11645 0.62157
vt 0.11729 0.62157
vt 0.11757 0.62157
vt 0.11729 0.62157
vt 0.11645 0.62157
vt 0.11504 0.62157
vt 0.11301 0.62157
vt 0.11022 0.62157
vt 0.10500 0.62157
vt 0.09978 0.62157
vt 0.09699 0.62157
vt 0.09496 0.62157
vt 0.09355 0.62157
vt 0.09271 0.62157
vt 0.09243 0.62157
vt 0.09271 0.62157
vt 0.09355 0.62157
vt 0.09496 0.62157
vt 0.09699 0.62157
vt 0.09978 0.62157
vt 0.10500 0.62334
vt 0.10917 0.62334
vt 0.11140 0.62334
vt 0.11301 0.62334
vt 0.11414 0.62334
vt 0.11481 0.62334
vt 0.11504 0.62334
vt 0.11481 0.62334
vt 0.11414 0.62334
vt 0.11301 0.62334
vt 0.11140 0.62334
vt 0.10917 0.62334
vt 0.10500 0.62334
vt 0.10083 0.62334
vt 0.09860 0.62334
vt 0.09699 0.62334
vt 0.09586 0.62334
vt 0.09519 0.62334
vt 0.09496 0.62334
vt 0.09519 0.62334
vt 0.09586 0.62334
vt 0.09699 0.62334
vt 0.09860 0.62334
vt 0.10083 0.62334
vt 0.10500 0.62440
vt 0.10772 0.62440
vt 0.10917 0.62440
vt 0.11022 0.62440
vt 0.11096 0.62440
vt 0.11140 0.62440
vt 0.11154 0.62440
vt 0.11140 0.62440
vt 0.11096 0.62440
vt 0.11022 0.62440
vt 0.10917 0.62440
vt 0.10772 0.62440
vt 0.10500 0.62440
vt 0.10228 0.62440
vt 0.10083 0.62440
vt 0.09978 0.62440
vt 0.09904 0.62440
vt 0.09860 0.62440
vt 0.09846 0.62440
vt 0.09860 0.62440
vt 0.09904 0.62440
vt 0.09978 0.62440
vt 0.10083 0.62440
vt 0.10228 0.62440
vt 0.10500 0.62475
vt 0.10500 0.62475
vt 0.10500 0.62475
vt 0.10500 0.62475
vt 0.10500 0.62475
vt 0.10500 0.62475
vt 0.10500 0.62475
vt 0.10500 0.62475
vt 0.10500 0.62475
vt 0.10500 0.62475
vt 0.10500 0.62475
vt 0.10500 0.62475
vt 0.10500 0.62475
vt 0.10500 0.62475
vt 0.10500 0.62475
vt 0.10500 0.62475
vt 0.10500 0.62475
vt 0.10500 0.62475
vt 0.10500 0.62475
vt 0.10500 0.62475
vt 0.10500 0.62475
vt 0.10500 0.62475
vt 0.10500 0.62475
vt 0.10500 0.62475
vt 0.36750 0.59325
vt 0.36750 0.59325
vt 0.36750 0.59325
vt 0.36750 0.59325
vt 0.36750 0.59325
vt 0.36750 0.59325
vt 0.36750 0.59325
vt 0.36750 0.59325
vt 0.36750 0.59325
vt 0.36750 0.59325
vt 0.36750 0.59325
vt 0.36750 0.59325
vt 0.36750 0.59325
vt 0.36750 0.59325
vt 0.36750 0.59325
vt 0.36750 0.59325
vt 0.36750 0.59325
vt 0.36750 0.59325
vt 0.36750 0.59325
vt 0.36750 0.59325
vt 0.36750 0.59325
vt 0.36750 0.59325
vt 0.36750 0.59325
vt 0.36750 0.59325
vt 0.36750 0.59360
vt 0.37022 0.59360
vt 0.37167 0.59360
vt 0.37272 0.59360
vt 0.37346 0.59360
vt 0.37390 0.59360
vt 0.37404 0.59360
vt 0.37390 0.59360
vt 0.37346 0.59360
vt 0.37272 0.59360
vt 0.37167 0.59360
vt 0.37022 0.59360
vt 0.36750 0.59360
vt 0.36478 0.59360
vt 0.36333 0.59360
vt 0.36228 0.59360
vt 0.36154 0.59360
vt 0.36110 0.59360
vt 0.36096 0.59360
vt 0.36110 0.59360
vt 0.36154 0.59360
vt 0.36228 0.59360
vt 0.36333 0.59360
vt 0.36478 0.59360
vt 0.36750 0.59466
vt 0.37167 0.59466
vt 0.37390 0.59466
vt 0.37551 0.59466
vt 0.37664 0.59466
vt 0.37731 0.59466
vt 0.37754 0.59466
vt 0.37731 0.59466
vt 0.37664 0.59466
vt 0.37551 0.59466
vt 0.37390 0.59466
vt 0.37167 0.59466
vt 0.36750 0.59466
vt 0.36333 0.59466
vt 0.36110 0.59466
vt 0.35949 0.59466
vt 0.35836 0.59466
vt 0.35769 0.59466
vt 0.35746 0.59466
vt 0.35769 0.59466
vt 0.35836 0.59466
vt 0.35949 0.59466
vt 0.36110 0.59466
vt 0.36333 0.59466
vt 0.36750 0.59643
vt 0.37272 0.59643
vt 0.37551 0.59643
vt 0.37754 0.59643
vt 0.37895 0.59643
vt 0.37979 0.59643
vt 0.38007 0.59643
vt 0.37979 0.59643
vt 0.37895 0.59643
vt 0.37754 0.59643
vt 0.37551 0.59643
vt 0.37272 0.59643
vt 0.36750 0.59643
vt 0.36228 0.59643
vt 0.35949 0.59643
vt 0.35746 0.59643
vt 0.35605 0.59643
vt 0.35521 0.59643
vt 0.35493 0.59643
vt 0.35521 0.59643
vt 0.35605 0.59643
vt 0.35746 0.59643
vt 0.35949 0.59643
vt 0.36228 0.59643
vt 0.36750 0.59896
vt 0.37346 0.59896
vt 0.37664 0.59896
vt 0.37895 0.59896
vt 0.38056 0.59896
vt 0.38152 0.59896
vt 0.38184 0.59896
vt 0.38152 0.59896
vt 0.38056 0.59896
vt 0.37895 0.59896
vt 0.37664 0.59896
vt 0.37346 0.59896
vt 0.36750 0.59896
vt 0.36154 0.59896
vt 0.35836 0.59896
vt 0.35605 0.59896
vt 0.35444 0.59896
vt 0.35348 0.59896
vt 0.35316 0.59896
vt 0.35348 0.59896
vt 0.35444 0.59896
vt 0.35605 0.59896
vt 0.35836 0.59896
vt 0.36154 0.59896
vt 0.36750 0.60246
vt 0.37390 0.60246
vt 0.37731 0.60246
vt 0.37979 0.60246
vt 0.38152 0.60246
vt 0.38256 0.60246
vt 0.38290 0.60246
vt 0.38256 0.60246
vt 0.38152 0.60246
vt 0.37979 0.60246
vt 0.37731 0.60246
vt 0.37390 0.60246
vt 0.36750 0.60246
vt 0.36110 0.60246
vt 0.35769 0.60246
vt 0.35521 0.60246
vt 0.35348 0.60246
vt 0.35244 0.60246
vt 0.35210 0.60246
vt 0.35244 0.60246
vt 0.35348 0.60246
vt 0.35521 0.60246
vt 0.35769 0.60246
vt 0.36110 0.60246
vt 0.36750 0.60900
vt 0.37404 0.60900
vt 0.37754 0.60900
vt 0.38007 0.60900
vt 0.38184 0.60900
vt 0.38290 0.60900
vt 0.38325 0.60900
vt 0.38290 0.60900
vt 0.38184 0.60900
vt 0.38007 0.60900
vt 0.37754 0.60900
vt 0.37404 0.60900
vt 0.36750 0.60900
vt 0.36096 0.60900
vt 0.35746 0.60900
vt 0.35493 0.60900
vt 0.35316 0.60900
vt 0.35210 0.60900
vt 0.35175 0.60900
vt 0.35210 0.60900
vt 0.35316 0.60900
vt 0.35493 0.60900
vt 0.35746 0.60900
vt 0.36096 0.60900
vt 0.36750 0.61554
vt 0.37390 0.61554
vt 0.37731 0.61554
vt 0.37979 0.61554
vt 0.38152 0.61554
vt 0.38256 0.61554
vt 0.38290 0.61554
vt 0.38256 0.61554
vt 0.38152 0.61554
vt 0.37979 0.61554
vt 0.37731 0.61554
vt 0.37390 0.61554
vt 0.36750 0.61554
vt 0.36110 0.61554
vt 0.35769 0.61554
vt 0.35521 0.61554
vt 0.35348 0.61554
vt 0.35244 0.61554
vt 0.35210 0.61554
vt 0.35244 0.61554
vt 0.35348 0.61554
vt 0.35521 0.61554
vt 0.35769 0.61554
vt 0.36110 0.61554
vt 0.36750 0.61904
vt 0.37346 0.61904
vt 0.37664 0.61904
vt 0.37895 0.61904
vt 0.38056 0.61904
vt 0.38152 0.61904
vt 0.38184 0.61904
vt 0.38152 0.61904
vt 0.38056 0.61904
vt 0.37895 0.61904
vt 0.37664 0.61904
vt 0.37346 0.61904
vt 0.36750 0.61904
vt 0.36154 0.61904
vt 0.35836 0.61904
vt 0.35605 0.61904
vt 0.35444 0.61904
vt 0.35348 0.61904
vt 0.35316 0.61904
vt 0.35348 0.61904
vt 0.35444 0.61904
vt 0.35605 0.61904
vt 0.35836 0.61904
vt 0.36154 0.61904
vt 0.36750 0.62157
vt 0.37272 0.62157
vt 0.37551 0.62157
vt 0.37754 0.62157
vt 0.37895 0.62157
vt 0.37979 0.62157
vt 0.38007 0.62157
vt 0.37979 0.62157
vt 0.37895 0.62157
vt 0.37754 0.62157
vt 0.37551 0.62157
vt 0.37272 0.62157
vt 0.36750 0.62157
vt 0.36228 0.62157
vt 0.35949 0.62157
vt 0.35746 0.62157
vt 0.35605 0.62157
vt 0.35521 0.62157
vt 0.35493 0.62157
vt 0.35521 0.62157
vt 0.35605 0.62157
vt 0.35746 0.62157
vt 0.35949 0.62157
vt 0.36228 0.62157
vt 0.36750 0.62334
vt 0.37167 0.62334
vt 0.37390 0.62334
vt 0.37551 0.62334
vt 0.37664 0.62334
vt 0.37731 0.62334
vt 0.37754 0.62334
vt 0.37731 0.62334
vt 0.37664 0.62334
vt 0.37551 0.62334
vt 0.37390 0.62334
vt 0.37167 0.62334
vt 0.36750 0.62334
vt 0.36333 0.62334
vt 0.36110 0.62334
vt 0.35949 0.62334
vt 0.35836 0.62334
vt 0.35769 0.62334
vt 0.35746 0.62334
vt 0.35769 0.62334
vt 0.35836 0.62334
vt 0.35949 0.62334
vt 0.36110 0.62334
vt 0.36333 0.62334
vt 0.36750 0.62440
vt 0.37022 0.62440
vt 0.37167 0.62440
vt 0.37272 0.62440
vt 0.37346 0.62440
vt 0.37390 0.62440
vt 0.37404 0.62440
vt 0.37390 0.62440
vt 0.37346 0.62440
vt 0.37272 0.62440
vt 0.37167 0.62440
vt 0.37022 0.62440
vt 0.36750 0.62440
vt 0.36478 0.62440
vt 0.36333 0.62440
vt 0.36228 0.62440
vt 0.36154 0.62440
vt 0.36110 0.62440
vt 0.36096 0.62440
vt 0.36110 0.62440
vt 0.36154 0.62440
vt 0.36228 0.62440
vt 0.36333 0.62440
vt 0.36478 0.62440
vt 0.36750 0.62475
vt 0.36750 0.62475
vt 0.36750 0.62475
vt 0.36750 0.62475
vt 0.36750 0.62475
vt 0.36750 0.62475
vt 0.36750 0.62475
vt 0.36750 0.62475
vt 0.36750 0.62475
vt 0.36750 0.62475
vt 0.36750 0.62475
vt 0.36750 0.62475
vt 0.36750 0.62475
vt 0.36750 0.62475
vt 0.36750 0.62475
vt 0.36750 0.62475
vt 0.36750 0.62475
vt 0.36750 0.62475
vt 0.36750 0.62475
vt 0.36750 0.62475
vt 0.36750 0.62475
vt 0.36750 0.62475
vt 0.36750 0.62475
vt 0.36750 0.62475
vt 0.10500 0.59325
vt 0.10500 0.59325
vt 0.10500 0.59325
vt 0.10500 0.59325
vt 0.10500 0.59325
vt 0.10500 0.59325
vt 0.10500 0.59325
vt 0.10500 0.59325
vt 0.10500 0.59325
vt 0.10500 0.59325
vt 0.10500 0.59325
vt 0.10500 0.59325
vt 0.10500 0.59325
vt 0.10500 0.59325
vt 0.10500 0.59325
vt 0.10500 0.59325
vt 0.10500 0.59325
vt 0.10500 0.59325
vt 0.10500 0.59325
vt 0.10500 0.59325
vt 0.10500 0.59325
vt 0.10500 0.59325
vt 0.10500 0.59325
vt 0.10500 0.59325
vt 0.10500 0.59360
vt 0.10772 0.59360
vt 0.10917 0.59360
vt 0.11022 0.59360
vt 0.11096 0.59360
vt 0.11140 0.59360
vt 0.11154 0.59360
vt 0.11140 0.59360
vt 0.11096 0.59360
vt 0.11022 0.59360
vt 0.10917 0.59360
vt 0.10772 0.59360
vt 0.10500 0.59360
vt 0.10228 0.59360
vt 0.10083 0.59360
vt 0.09978 0.59360
vt 0.09904 0.59360
vt 0.09860 0.59360
vt 0.09846 0.59360
vt 0.09860 0.59360
vt 0.09904 0.59360
vt 0.09978 0.59360
vt 0.10083 0.59360
vt 0.10228 0.59360
vt 0.10500 0.59466
vt 0.10917 0.59466
vt 0.11140 0.59466
vt 0.11301 0.59466
vt 0.11414 0.59466
vt 0.11481 0.59466
vt 0.11504 0.59466
vt 0.11481 0.59466
vt 0.11414 0.59466
vt 0.11301 0.59466
vt 0.11140 0.59466
vt 0.10917 0.59466
vt 0.10500 0.59466
vt 0.10083 0.59466
vt 0.09860 0.59466
vt 0.09699 0.59466
vt 0.09586 0.59466
vt 0.09519 0.59466
vt 0.09496 0.59466
vt 0.09519 0.59466
vt 0.09586 0.59466
vt 0.09699 0.59466
vt 0.09860 0.59466
vt 0.10083 0.59466
vt 0.10500 0.59643
vt 0.11022 0.59643
vt 0.11301 0.59643
vt 0.11504 0.59643
vt 0.11645 0.59643
vt 0.11729 0.59643
vt 0.11757 0.59643
vt 0.11729 0.59643
vt 0.11645 0.59643
vt 0.11504 0.59643
vt 0.11301 0.59643
vt 0.11022 0.59643
vt 0.10500 0.59643
vt 0.09978 0.59643
vt 0.09699 0.59643
vt 0.09496 0.59643
vt 0.09355 0.59643
vt 0.09271 0.59643
vt 0.09243 0.59643
vt 0.09271 0.59643
vt 0.09355 0.59643
vt 0.09496 0.59643
vt 0.09699 0.59643
vt 0.09978 0.59643
vt 0.10500 0.59896
vt 0.11096 0.59896
vt 0.11414 0.59896
vt 0.11645 0.59896
vt 0.11806 0.59896
vt 0.11902 0.59896
vt 0.11934 0.59896
vt 0.11902 0.59896
vt 0.11806 0.59896
vt 0.11645 0.59896
vt 0.11414 0.59896
vt 0.11096 0.59896
vt 0.10500 0.59896
vt 0.09904 0.59896
vt 0.09586 0.59896
vt 0.09355 0.59896
vt 0.09194 0.59896
vt 0.09098 0.59896
vt 0.09066 0.59896
vt 0.09098 0.59896
vt 0.09194 0.59896
vt 0.09355 0.59896
vt 0.09586 0.59896
vt 0.09904 0.59896
vt 0.10500 0.60246
vt 0.11140 0.60246
vt 0.11481 0.60246
vt 0.11729 0.60246
vt 0.11902 0.60246
vt 0.12006 0.60246
vt 0.12040 0.60246
vt 0.12006 0.60246
vt 0.11902 0.60246
vt 0.11729 0.60246
vt 0.11481 0.60246
vt 0.11140 0.60246
vt 0.10500 0.60246
vt 0.09860 0.60246
vt 0.09519 0.60246
vt 0.09271 0.60246
vt 0.09098 0.60246
vt 0.08994 0.60246
vt 0.08960 0.60246
vt 0.08994 0.60246
vt 0.09098 0.60246
vt 0.09271 0.60246
vt 0.09519 0.60246
vt 0.09860 0.60246
vt 0.10500 0.60900
vt 0.11154 0.60900
vt 0.11504 0.60900
vt 0.11757 0.60900
vt 0.11934 0.60900
vt 0.12040 0.60900
vt 0.12075 0.60900
vt 0.12040 0.60900
vt 0.11934 0.60900
vt 0.11757 0.60900
vt 0.11504 0.60900
vt 0.11154 0.60900
vt 0.10500 0.60900
vt 0.09846 0.60900
vt 0.09496 0.60900
vt 0.09243 0.60900
vt 0.09066 0.60900
vt 0.08960 0.60900
vt 0.08925 0.60900
vt 0.08960 0.60900
vt 0.09066 0.60900
vt 0.09243 0.60900
vt 0.09496 0.60900
vt 0.09846 0.60900
vt 0.10500 0.61554
vt 0.11140 0.61554
vt 0.11481 0.61554
vt 0.11729 0.61554
vt 0.11902 0.61554
vt 0.12006 0.61554
vt 0.12040 0.61554
vt 0.12006 0.61554
vt 0.11902 0.61554
vt 0.11729 0.61554
vt 0.11481 0.61554
vt 0.11140 0.61554
vt 0.10500 0.61554
vt 0.09860 0.61554
vt 0.09519 0.61554
vt 0.09271 0.61554
vt 0.09098 0.61554
vt 0.08994 0.61554
vt 0.08960 0.61554
vt 0.08994 0.61554
vt 0.09098 0.61554
vt 0.09271 0.61554
vt 0.09519 0.61554
vt 0.09860 0.61554
vt 0.10500 0.61904
vt 0.11096 0.61904
vt 0.11414 0.61904
vt 0.11645 0.61904
vt 0.11806 0.61904
vt 0.11902 0.61904
vt 0.11934 0.61904
vt 0.11902 0.61904
vt 0.11806 0.61904
vt 0.11645 0.61904
vt 0.11414 0.61904
vt 0.11096 0.61904
vt 0.10500 0.61904
vt 0.09904 0.61904
vt 0.09586 0.61904
vt 0.09355 0.61904
vt 0.09194 0.61904
vt 0.09098 0.61904
vt 0.09066 0.61904
vt 0.09098 0.61904
vt 0.09194 0.61904
vt 0.09355 0.61904
vt 0.09586 0.61904
vt 0.09904 0.61904
vt 0.10500 0.62157
vt 0.11022 0.62157
vt 0.11301 0.62157
vt 0.11504 0.62157
vt 0.11645 0.62157
vt 0.11729 0.62157
vt 0.11757 0.62157
vt 0.11729 0.62157
vt 0.11645 0.62157
vt 0.11504 0.62157
vt 0.11301 0.62157
vt 0.11022 0.62157
vt 0.10500 0.62157
vt 0.09978 0.62157
vt 0.09699 0.62157
vt 0.09496 0.62157
vt 0.09355 0.62157
vt 0.09271 0.62157
vt 0.09243 0.62157
vt 0.09271 0.62157
vt 0.09355 0.62157
vt 0.09496 0.62157
vt 0.09699 0.62157
vt 0.09978 0.62157
vt 0.10500 0.62334
vt 0.10917 0.62334
vt 0.11140 0.62334
vt 0.11301 0.62334
vt 0.11414 0.62334
vt 0.11481 0.62334
vt 0.11504 0.62334
vt 0.11481 0.62334
vt 0.11414 0.62334
vt 0.11301 0.62334
vt 0.11140 0.62334
vt 0.10917 0.62334
vt 0.10500 0.62334
vt 0.10083 0.62334
vt 0.09860 0.62334
vt 0.09699 0.62334
vt 0.09586 0.62334
vt 0.09519 0.62334
vt 0.09496 0.62334
vt 0.09519 0.62334
vt 0.09586 0.62334
vt 0.09699 0.62334
vt 0.09860 0.62334
vt 0.10083 0.62334
vt 0.10500 0.62440
vt 0.10772 0.62440
vt 0.10917 0.62440
vt 0.11022 0.62440
vt 0.11096 0.62440
vt 0.11140 0.62440
vt 0.11154 0.62440
vt 0.11140 0.62440
vt 0.11096 0.62440
vt 0.11022 0.62440
vt 0.10917 0.62440
vt 0.10772 0.62440
vt 0.10500 0.62440
vt 0.10228 0.62440
vt 0.10083 0.62440
vt 0.09978 0.62440
vt 0.09904 0.62440
vt 0.09860 0.62440
vt 0.09846 0.62440
vt 0.09860 0.62440
vt 0.09904 0.62440
vt 0.09978 0.62440
vt 0.10083 0.62440
vt 0.10228 0.62440
vt 0.10500 0.62475
vt 0.10500 0.62475
vt 0.10500 0.62475
vt 0.10500 0.62475
vt 0.10500 0.62475
vt 0.10500 0.62475
vt 0.10500 0.62475
vt 0.10500 0.62475
vt 0.10500 0.62475
vt 0.10500 0.62475
vt 0.10500 0.62475
vt 0.10500 0.62475
vt 0.10500 0.62475
vt 0.10500 0.62475
vt 0.10500 0.62475
vt 0.10500 0.62475
vt 0.10500 0.62475
vt 0.10500 0.62475
vt 0.10500 0.62475
vt 0.10500 0.62475
vt 0.10500 0.62475
vt 0.10500 0.62475
vt 0.10500 0.62475
vt 0.10500 0.62475
vt 0.36750 0.59325
vt 0.36750 0.59325
vt 0.36750 0.59325
vt 0.36750 0.59325
vt 0.36750 0.59325
vt 0.36750 0.59325
vt 0.36750 0.59325
vt 0.36750 0.59325
vt 0.36750 0.59325
vt 0.36750 0.59325
vt 0.36750 0.59325
vt 0.36750 0.59325
vt 0.36750 0.59325
vt 0.36750 0.59325
vt 0.36750 0.59325
vt 0.36750 0.59325
vt 0.36750 0.59325
vt 0.36750 0.59325
vt 0.36750 0.59325
vt 0.36750 0.59325
vt 0.36750 0.59325
vt 0.36750 0.59325
vt 0.36750 0.59325
vt 0.36750 0.59325
vt 0.36750 0.59360
vt 0.37022 0.59360
vt 0.37167 0.59360
vt 0.37272 0.59360
vt 0.37346 0.59360
vt 0.37390 0.59360
vt 0.37404 0.59360
vt 0.37390 0.59360
vt 0.37346 0.59360
vt 0.37272 0.59360
vt 0.37167 0.59360
vt 0.37022 0.59360
vt 0.36750 0.59360
vt 0.36478 0.59360
vt 0.36333 0.59360
vt 0.36228 0.59360
vt 0.36154 0.59360
vt 0.36110 0.59360
vt 0.36096 0.59360
vt 0.36110 0.59360
vt 0.36154 0.59360
vt 0.36228 0.59360
vt 0.36333 0.59360
vt 0.36478 0.59360
vt 0.36750 0.59466
vt 0.37167 0.59466
vt 0.37390 0.59466
vt 0.37551 0.59466
vt 0.37664 0.59466
vt 0.37731 0.59466
vt 0.37754 0.59466
vt 0.37731 0.59466
vt 0.37664 0.59466
vt 0.37551 0.59466
vt 0.37390 0.59466
vt 0.37167 0.59466
vt 0.36750 0.59466
vt 0.36333 0.59466
vt 0.36110 0.59466
vt 0.35949 0.59466
vt 0.35836 0.59466
vt 0.35769 0.59466
vt 0.35746 0.59466
vt 0.35769 0.59466
vt 0.35836 0.59466
vt 0.35949 0.59466
vt 0.36110 0.59466
vt 0.36333 0.59466
vt 0.36750 0.59643
vt 0.37272 0.59643
vt 0.37551 0.59643
vt 0.37754 0.59643
vt 0.37895 0.59643
vt 0.37979 0.59643
vt 0.38007 0.59643
vt 0.37979 0.59643
vt 0.37895 0.59643
vt 0.37754 0.59643
vt 0.37551 0.59643
vt 0.37272 0.59643
vt 0.36750 0.59643
vt 0.36228 0.59643
vt 0.35949 0.59643
vt 0.35746 0.59643
vt 0.35605 0.59643
vt 0.35521 0.59643
vt 0.35493 0.59643
vt 0.35521 0.59643
vt 0.35605 0.59643
vt 0.35746 0.59643
vt 0.35949 0.59643
vt 0.36228 0.59643
vt 0.36750 0.59896
vt 0.37346 0.59896
vt 0.37664 0.59896
vt 0.37895 0.59896
vt 0.38056 0.59896
vt 0.38152 0.59896
vt 0.38184 0.59896
vt 0.38152 0.59896
vt 0.38056 0.59896
vt 0.37895 0.59896
vt 0.37664 0.59896
vt 0.37346 0.59896
vt 0.36750 0.59896
vt 0.36154 0.59896
vt 0.35836 0.59896
vt 0.35605 0.59896
vt 0.35444 0.59896
vt 0.35348 0.59896
vt 0.35316 0.59896
vt 0.35348 0.59896
vt 0.35444 0.59896
vt 0.35605 0.59896
vt 0.35836 0.59896
vt 0.36154 0.59896
vt 0.36750 0.60246
vt 0.37390 0.60246
vt 0.37731 0.60246
vt 0.37979 0.60246
vt 0.38152 0.60246
vt 0.38256 0.60246
vt 0.38290 0.60246
vt 0.38256 0.60246
vt 0.38152 0.60246
vt 0.37979 0.60246
vt 0.37731 0.60246
vt 0.37390 0.60246
vt 0.36750 0.60246
vt 0.36110 0.60246
vt 0.35769 0.60246
vt 0.35521 0.60246
vt 0.35348 0.60246
vt 0.35244 0.60246
vt 0.35210 0.60246
vt 0.35244 0.60246
vt 0.35348 0.60246
vt 0.35521 0.60246
vt 0.35769 0.60246
vt 0.36110 0.60246
vt 0.36750 0.60900
vt 0.37404 0.60900
vt 0.37754 0.60900
vt 0.38007 0.60900
vt 0.38184 0.60900
vt 0.38290 0.60900
vt 0.38325 0.60900
vt 0.38290 0.60900
vt 0.38184 0.60900
vt 0.38007 0.60900
vt 0.37754 0.60900
vt 0.37404 0.60900
vt 0.36750 0.60900
vt 0.36096 0.60900
vt 0.35746 0.60900
vt 0.35493 0.60900
vt 0.35316 0.60900
vt 0.35210 0.60900
vt 0.35175 0.60900
vt 0.35210 0.60900
vt 0.35316 0.60900
vt 0.35493 0.60900
vt 0.35746 0.60900
vt 0.36096 0.60900
vt 0.36750 0.61554
vt 0.37390 0.61554
vt 0.37731 0.61554
vt 0.37979 0.61554
vt 0.38152 0.61554
vt 0.38256 0.61554
vt 0.38290 0.61554
vt 0.38256 0.61554
vt 0.38152 0.61554
vt 0.37979 0.61554
vt 0.37731 0.61554
vt 0.37390 0.61554
vt 0.36750 0.61554
vt 0.36110 0.61554
vt 0.35769 0.61554
vt 0.35521 0.61554
vt 0.35348 0.61554
vt 0.35244 0.61554
vt 0.35210 0.61554
vt 0.35244 0.61554
vt 0.35348 0.61554
vt 0.35521 0.61554
vt 0.35769 0.61554
vt 0.36110 0.61554
vt 0.36750 0.61904
vt 0.37346 0.61904
vt 0.37664 0.61904
vt 0.37895 0.61904
vt 0.38056 0.61904
vt 0.38152 0.61904
vt 0.38184 0.61904
vt 0.38152 0.61904
vt 0.38056 0.61904
vt 0.37895 0.61904
vt 0.37664 0.61904
vt 0.37346 0.61904
vt 0.36750 0.61904
vt 0.36154 0.61904
vt 0.35836 0.61904
vt 0.35605 0.61904
vt 0.35444 0.61904
vt 0.35348 0.61904
vt 0.35316 0.61904
vt 0.35348 0.61904
vt 0.35444 0.61904
vt 0.35605 0.61904
vt 0.35836 0.61904
vt 0.36154 0.61904
vt 0.36750 0.62157
vt 0.37272 0.62157
vt 0.37551 0.62157
vt 0.37754 0.62157
vt 0.37895 0.62157
vt 0.37979 0.62157
vt 0.38007 0.62157
vt 0.37979 0.62157
vt 0.37895 0.62157
vt 0.37754 0.62157
vt 0.37551 0.62157
vt 0.37272 0.62157
vt 0.36750 0.62157
vt 0.36228 0.62157
vt 0.35949 0.62157
vt 0.35746 0.62157
vt 0.35605 0.62157
vt 0.35521 0.62157
vt 0.35493 0.62157
vt 0.35521 0.62157
vt 0.35605 0.62157
vt 0.35746 0.62157
vt 0.35949 0.62157
vt 0.36228 0.62157
vt 0.36750 0.62334
vt 0.37167 0.62334
vt 0.37390 0.62334
vt 0.37551 0.62334
vt 0.37664 0.62334
vt 0.37731 0.62334
vt 0.37754 0.62334
vt 0.37731 0.62334
vt 0.37664 0.62334
vt 0.37551 0.62334
vt 0.37390 0.62334
vt 0.37167 0.62334
vt 0.36750 0.62334
vt 0.36333 0.62334
vt 0.36110 0.62334
vt 0.35949 0.62334
vt 0.35836 0.62334
vt 0.35769 0.62334
vt 0.35746 0.62334
vt 0.35769 0.62334
vt 0.35836 0.62334
vt 0.35949 0.62334
vt 0.36110 0.62334
vt 0.36333 0.62334
vt 0.36750 0.62440
vt 0.37022 0.62440
vt 0.37167 0.62440
vt 0.37272 0.62440
vt 0.37346 0.62440
vt 0.37390 0.62440
vt 0.37404 0.62440
vt 0.37390 0.62440
vt 0.37346 0.62440
vt 0.37272 0.62440
vt 0.37167 0.62440
vt 0.37022 0.62440
vt 0.36750 0.62440
vt 0.36478 0.62440
vt 0.36333 0.62440
vt 0.36228 0.62440
vt 0.36154 0.62440
vt 0.36110 0.62440
vt 0.36096 0.62440
vt 0.36110 0.62440
vt 0.36154 0.62440
vt 0.36228 0.62440
vt 0.36333 0.62440
vt 0.36478 0.62440
vt 0.36750 0.62475
vt 0.36750 0.62475
vt 0.36750 0.62475
vt 0.36750 0.62475
vt 0.36750 0.62475
vt 0.36750 0.62475
vt 0.36750 0.62475
vt 0.36750 0.62475
vt 0.36750 0.62475
vt 0.36750 0.62475
vt 0.36750 0.62475
vt 0.36750 0.62475
vt 0.36750 0.62475
vt 0.36750 0.62475
vt 0.36750 0.62475
vt 0.36750 0.62475
vt 0.36750 0.62475
vt 0.36750 0.62475
vt 0.36750 0.62475
vt 0.36750 0.62475
vt 0.36750 0.62475
vt 0.36750 0.62475
vt 0.36750 0.62475
vt 0.36750 0.62475
vt 0.17500 0.70175
vt 0.17500 0.70175
vt 0.17500 0.70175
vt 0.17500 0.70175
vt 0.17500 0.70175
vt 0.17500 0.70175
vt 0.17500 0.70175
vt 0.17500 0.70175
vt 0.17500 0.70175
vt 0.17500 0.70175
vt 0.17500 0.70175
vt 0.17500 0.70175
vt 0.17500 0.70175
vt 0.17500 0.70175
vt 0.17500 0.70175
vt 0.17500 0.70175
vt 0.17500 0.70175
vt 0.17500 0.70175
vt 0.17500 0.70175
vt 0.17500 0.70175
vt 0.17500 0.70175
vt 0.17500 0.70175
vt 0.17500 0.70175
vt 0.17500 0.70175
vt 0.17500 0.70251
vt 0.18410 0.70251
vt 0.18807 0.70251
vt 0.19082 0.70251
vt 0.19268 0.70251
vt 0.19378 0.70251
vt 0.19414 0.70251
vt 0.19378 0.70251
vt 0.19268 0.70251
vt 0.19082 0.70251
vt 0.18807 0.70251
vt 0.18410 0.70251
vt 0.17500 0.70251
vt 0.16590 0.70251
vt 0.16193 0.70251
vt 0.15918 0.70251
vt 0.15732 0.70251
vt 0.15622 0.70251
vt 0.15586 0.70251
vt 0.15622 0.70251
vt 0.15732 0.70251
vt 0.15918 0.70251
vt 0.16193 0.70251
vt 0.16590 0.70251
vt 0.17500 0.70481
vt 0.18807 0.70481
vt 0.19378 0.70481
vt 0.19772 0.70481
vt 0.20040 0.70481
vt 0.20197 0.70481
vt 0.20249 0.70481
vt 0.20197 0.70481
vt 0.20040 0.70481
vt 0.19772 0.70481
vt 0.19378 0.70481
vt 0.18807 0.70481
vt 0.17500 0.70481
vt 0.16193 0.70481
vt 0.15622 0.70481
vt 0.15228 0.70481
vt 0.14960 0.70481
vt 0.14803 0.70481
vt 0.14751 0.70481
vt 0.14803 0.70481
vt 0.14960 0.70481
vt 0.15228 0.70481
vt 0.15622 0.70481
vt 0.16193 0.70481
vt 0.17500 0.70874
vt 0.19082 0.70874
vt 0.19772 0.70874
vt 0.20249 0.70874
vt 0.20573 0.70874
vt 0.20764 0.70874
vt 0.20826 0.70874
vt 0.20764 0.70874
vt 0.20573 0.70874
vt 0.20249 0.70874
vt 0.19772 0.70874
vt 0.19082 0.70874
vt 0.17500 0.70874
vt 0.15918 0.70874
vt 0.15228 0.70874
vt 0.14751 0.70874
vt 0.14427 0.70874
vt 0.14236 0.70874
vt 0.14174 0.70874
vt 0.14236 0.70874
vt 0.14427 0.70874
vt 0.14751 0.70874
vt 0.15228 0.70874
vt 0.15918 0.70874
vt 0.17500 0.71451
vt 0.19268 0.71451
vt 0.20040 0.71451
vt 0.20573 0.71451
vt 0.20936 0.71451
vt 0.21149 0.71451
vt 0.21219 0.71451
vt 0.21149 0.71451
vt 0.20936 0.71451
vt 0.20573 0.71451
vt 0.20040 0.71451
vt 0.19268 0.71451
vt 0.17500 0.71451
vt 0.15732 0.71451
vt 0.14960 0.71451
vt 0.14427 0.71451
vt 0.14064 0.71451
vt 0.13851 0.71451
vt 0.13781 0.71451
vt 0.13851 0.71451
vt 0.14064 0.71451
vt 0.14427 0.71451
vt 0.14960 0.71451
vt 0.15732 0.71451
vt 0.17500 0.72286
vt 0.19378 0.72286
vt 0.20197 0.72286
vt 0.20764 0.72286
vt 0.21149 0.72286
vt 0.21374 0.72286
vt 0.21449 0.72286
vt 0.21374 0.72286
vt 0.21149 0.72286
vt 0.20764 0.72286
vt 0.20197 0.72286
vt 0.19378 0.72286
vt 0.17500 0.72286
vt 0.15622 0.72286
vt 0.14803 0.72286
vt 0.14236 0.72286
vt 0.13851 0.72286
vt 0.13626 0.72286
vt 0.13551 0.72286
vt 0.13626 0.72286
vt 0.13851 0.72286
vt 0.14236 0.72286
vt 0.14803 0.72286
vt 0.15622 0.72286
vt 0.17500 0.74200
vt 0.19414 0.74200
vt 0.20249 0.74200
vt 0.20826 0.74200
vt 0.21219 0.74200
vt 0.21449 0.74200
vt 0.21525 0.74200
vt 0.21449 0.74200
vt 0.21219 0.74200
vt 0.20826 0.74200
vt 0.20249 0.74200
vt 0.19414 0.74200
vt 0.17500 0.74200
vt 0.15586 0.74200
vt 0.14751 0.74200
vt 0.14174 0.74200
vt 0.13781 0.74200
vt 0.13551 0.74200
vt 0.13475 0.74200
vt 0.13551 0.74200
vt 0.13781 0.74200
vt 0.14174 0.74200
vt 0.14751 0.74200
vt 0.15586 0.74200
vt 0.17500 0.76114
vt 0.19378 0.76114
vt 0.20197 0.76114
vt 0.20764 0.76114
vt 0.21149 0.76114
vt 0.21374 0.76114
vt 0.21449 0.76114
vt 0.21374 0.76114
vt 0.21149 0.76114
vt 0.20764 0.76114
vt 0.20197 0.76114
vt 0.19378 0.76114
vt 0.17500 0.76114
vt 0.15622 0.76114
vt 0.14803 0.76114
vt 0.14236 0.76114
vt 0.13851 0.76114
vt 0.13626 0.76114
vt 0.13551 0.76114
vt 0.13626 0.76114
vt 0.13851 0.76114
vt 0.14236 0.76114
vt 0.14803 0.76114
vt 0.15622 0.76114
vt 0.17500 0.76949
vt 0.19268 0.76949
vt 0.20040 0.76949
vt 0.20573 0.76949
vt 0.20936 0.76949
vt 0.21149 0.76949
vt 0.21219 0.76949
vt 0.21149 0.76949
vt 0.20936 0.76949
vt 0.20573 0.76949
vt 0.20040 0.76949
vt 0.19268 0.76949
vt 0.17500 0.76949
vt 0.15732 0.76949
vt 0.14960 0.76949
vt 0.14427 0.76949
vt 0.14064 0.76949
vt 0.13851 0.76949
vt 0.13781 0.76949
vt 0.13851 0.76949
vt 0.14064 0.76949
vt 0.14427 0.76949
vt 0.14960 0.76949
vt 0.15732 0.76949
vt 0.17500 0.77526
vt 0.19082 0.77526
vt 0.19772 0.77526
vt 0.20249 0.77526
vt 0.20573 0.77526
vt 0.20764 0.77526
vt 0.20826 0.77526
vt 0.20764 0.77526
vt 0.20573 0.77526
vt 0.20249 0.77526
vt 0.19772 0.77526
vt 0.19082 0.77526
vt 0.17500 0.77526
vt 0.15918 0.77526
vt 0.15228 0.77526
vt 0.14751 0.77526
vt 0.14427 0.77526
vt 0.14236 0.77526
vt 0.14174 0.77526
vt 0.14236 0.77526
vt 0.14427 0.77526
vt 0.14751 0.77526
vt 0.15228 0.77526
vt 0.15918 0.77526
vt 0.17500 0.77919
vt 0.18807 0.77919
vt 0.19378 0.77919
vt 0.19772 0.77919
vt 0.20040 0.77919
vt 0.20197 0.77919
vt 0.20249 0.77919
vt 0.20197 0.77919
vt 0.20040 0.77919
vt 0.19772 0.77919
vt 0.19378 0.77919
vt 0.18807 0.77919
vt 0.17500 0.77919
vt 0.16193 0.77919
vt 0.15622 0.77919
vt 0.15228 0.77919
vt 0.14960 0.77919
vt 0.14803 0.77919
vt 0.14751 0.77919
vt 0.14803 0.77919
vt 0.14960 0.77919
vt 0.15228 0.77919
vt 0.15622 0.77919
vt 0.16193 0.77919
vt 0.17500 0.78149
vt 0.18410 0.78149
vt 0.18807 0.78149
vt 0.19082 0.78149
vt 0.19268 0.78149
vt 0.19378 0.78149
vt 0.19414 0.78149
vt 0.19378 0.78149
vt 0.19268 0.78149
vt 0.19082 0.78149
vt 0.18807 0.78149
vt 0.18410 0.78149
vt 0.17500 0.78149
vt 0.16590 0.78149
vt 0.16193 0.78149
vt 0.15918 0.78149
vt 0.15732 0.78149
vt 0.15622 0.78149
vt 0.15586 0.78149
vt 0.15622 0.78149
vt 0.15732 0.78149
vt 0.15918 0.78149
vt 0.16193 0.78149
vt 0.16590 0.78149
vt 0.17500 0.78225
vt 0.17500 0.78225
vt 0.17500 0.78225
vt 0.17500 0.78225
vt 0.17500 0.78225
vt 0.17500 0.78225
vt 0.17500 0.78225
vt 0.17500 0.78225
vt 0.17500 0.78225
vt 0.17500 0.78225
vt 0.17500 0.78225
vt 0.17500 0.78225
vt 0.17500 0.78225
vt 0.17500 0.78225
vt 0.17500 0.78225
vt 0.17500 0.78225
vt 0.17500 0.78225
vt 0.17500 0.78225
vt 0.17500 0.78225
vt 0.17500 0.78225
vt 0.17500 0.78225
vt 0.17500 0.78225
vt 0.17500 0.78225
vt 0.17500 0.78225
vt 0.22750 0.62563
vt 0.22750 0.62563
vt 0.22750 0.62563
vt 0.22750 0.62563
vt 0.22750 0.62563
vt 0.22750 0.62563
vt 0.22750 0.62563
vt 0.22750 0.62563
vt 0.22750 0.62563
vt 0.22750 0.62563
vt 0.22750 0.62563
vt 0.22750 0.62563
vt 0.22750 0.62563
vt 0.22750 0.62563
vt 0.22750 0.62563
vt 0.22750 0.62563
vt 0.22750 0.62563
vt 0.22750 0.62563
vt 0.22750 0.62563
vt 0.22750 0.62563
vt 0.22750 0.62563
vt 0.22750 0.62563
vt 0.22750 0.62563
vt 0.22750 0.62563
vt 0.22750 0.62573
vt 0.27676 0.62573
vt 0.28673 0.62573
vt 0.29277 0.62573
vt 0.29658 0.62573
vt 0.29872 0.62573
vt 0.29942 0.62573
vt 0.29872 0.62573
vt 0.29658 0.62573
vt 0.29277 0.62573
vt 0.28673 0.62573
vt 0.27676 0.62573
vt 0.22750 0.62573
vt 0.17824 0.62573
vt 0.16827 0.62573
vt 0.16223 0.62573
vt 0.15842 0.62573
vt 0.15628 0.62573
vt 0.15558 0.62573
vt 0.15628 0.62573
vt 0.15842 0.62573
vt 0.16223 0.62573
vt 0.16827 0.62573
vt 0.17824 0.62573
vt 0.22750 0.62607
vt 0.28673 0.62607
vt 0.29872 0.62607
vt 0.30598 0.62607
vt 0.31056 0.62607
vt 0.31314 0.62607
vt 0.31398 0.62607
vt 0.31314 0.62607
vt 0.31056 0.62607
vt 0.30598 0.62607
vt 0.29872 0.62607
vt 0.28673 0.62607
vt 0.22750 0.62607
vt 0.16827 0.62607
vt 0.15628 0.62607
vt 0.14902 0.62607
vt 0.14444 0.62607
vt 0.14186 0.62607
vt 0.14102 0.62607
vt 0.14186 0.62607
vt 0.14444 0.62607
vt 0.14902 0.62607
vt 0.15628 0.62607
vt 0.16827 0.62607
vt 0.22750 0.62668
vt 0.29277 0.62668
vt 0.30598 0.62668
vt 0.31398 0.62668
vt 0.31903 0.62668
vt 0.32187 0.62668
vt 0.32279 0.62668
vt 0.32187 0.62668
vt 0.31903 0.62668
vt 0.31398 0.62668
vt 0.30598 0.62668
vt 0.29277 0.62668
vt 0.22750 0.62668
vt 0.16223 0.62668
vt 0.14902 0.62668
vt 0.14102 0.62668
vt 0.13597 0.62668
vt 0.13313 0.62668
vt 0.13221 0.62668
vt 0.13313 0.62668
vt 0.13597 0.62668
vt 0.14102 0.62668
vt 0.14902 0.62668
vt 0.16223 0.62668
vt 0.22750 0.62763
vt 0.29658 0.62763
vt 0.31056 0.62763
vt 0.31903 0.62763
vt 0.32437 0.62763
vt 0.32738 0.62763
vt 0.32836 0.62763
vt 0.32738 0.62763
vt 0.32437 0.62763
vt 0.31903 0.62763
vt 0.31056 0.62763
vt 0.29658 0.62763
vt 0.22750 0.62763
vt 0.15842 0.62763
vt 0.14444 0.62763
vt 0.13597 0.62763
vt 0.13063 0.62763
vt 0.12762 0.62763
vt 0.12664 0.62763
vt 0.12762 0.62763
vt 0.13063 0.62763
vt 0.13597 0.62763
vt 0.14444 0.62763
vt 0.15842 0.62763
vt 0.22750 0.62921
vt 0.29872 0.62921
vt 0.31314 0.62921
vt 0.32187 0.62921
vt 0.32738 0.62921
vt 0.33048 0.62921
vt 0.33149 0.62921
vt 0.33048 0.62921
vt 0.32738 0.62921
vt 0.32187 0.62921
vt 0.31314 0.62921
vt 0.29872 0.62921
vt 0.22750 0.62921
vt 0.15628 0.62921
vt 0.14186 0.62921
vt 0.13313 0.62921
vt 0.12762 0.62921
vt 0.12452 0.62921
vt 0.12351 0.62921
vt 0.12452 0.62921
vt 0.12762 0.62921
vt 0.13313 0.62921
vt 0.14186 0.62921
vt 0.15628 0.62921
vt 0.22750 0.63700
vt 0.29942 0.63700
vt 0.31398 0.63700
vt 0.32279 0.63700
vt 0.32836 0.63700
vt 0.33149 0.63700
vt 0.33250 0.63700
vt 0.33149 0.63700
vt 0.32836 0.63700
vt 0.32279 0.63700
vt 0.31398 0.63700
vt 0.29942 0.63700
vt 0.22750 0.63700
vt 0.15558 0.63700
vt 0.14102 0.63700
vt 0.13221 0.63700
vt 0.12664 0.63700
vt 0.12351 0.63700
vt 0.12250 0.63700
vt 0.12351 0.63700
vt 0.12664 0.63700
vt 0.13221 0.63700
vt 0.14102 0.63700
vt 0.15558 0.63700
vt 0.22750 0.64479
vt 0.29872 0.64479
vt 0.31314 0.64479
vt 0.32187 0.64479
vt 0.32738 0.64479
vt 0.33048 0.64479
vt 0.33149 0.64479
vt 0.33048 0.64479
vt 0.32738 0.64479
vt 0.32187 0.64479
vt 0.31314 0.64479
vt 0.29872 0.64479
vt 0.22750 0.64479
vt 0.15628 0.64479
vt 0.14186 0.64479
vt 0.13313 0.64479
vt 0.12762 0.64479
vt 0.12452 0.64479
vt 0.12351 0.64479
vt 0.12452 0.64479
vt 0.12762 0.64479
vt 0.13313 0.64479
vt 0.14186 0.64479
vt 0.15628 0.64479
vt 0.22750 0.64637
vt 0.29658 0.64637
vt 0.31056 0.64637
vt 0.31903 0.64637
vt 0.32437 0.64637
vt 0.32738 0.64637
vt 0.32836 0.64637
vt 0.32738 0.64637
vt 0.32437 0.64637
vt 0.31903 0.64637
vt 0.31056 0.64637
vt 0.29658 0.64637
vt 0.22750 0.64637
vt 0.15842 0.64637
vt 0.14444 0.64637
vt 0.13597 0.64637
vt 0.13063 0.64637
vt 0.12762 0.64637
vt 0.12664 0.64637
vt 0.12762 0.64637
vt 0.13063 0.64637
vt 0.13597 0.64637
vt 0.14444 0.64637
vt 0.15842 0.64637
vt 0.22750 0.64732
vt 0.29277 0.64732
vt 0.30598 0.64732
vt 0.31398 0.64732
vt 0.31903 0.64732
vt 0.32187 0.64732
vt 0.32279 0.64732
vt 0.32187 0.64732
vt 0.31903 0.64732
vt 0.31398 0.64732
vt 0.30598 0.64732
vt 0.29277 0.64732
vt 0.22750 0.64732
vt 0.16223 0.64732
vt 0.14902 0.64732
vt 0.14102 0.64732
vt 0.13597 0.64732
vt 0.13313 0.64732
vt 0.13221 0.64732
vt 0.13313 0.64732
vt 0.13597 0.64732
vt 0.14102 0.64732
vt 0.14902 0.64732
vt 0.16223 0.64732
vt 0.22750 0.64793
vt 0.28673 0.64793
vt 0.29872 0.64793
vt 0.30598 0.64793
vt 0.31056 0.64793
vt 0.31314 0.64793
vt 0.31398 0.64793
vt 0.31314 0.64793
vt 0.31056 0.64793
vt 0.30598 0.64793
vt 0.29872 0.64793
vt 0.28673 0.64793
vt 0.22750 0.64793
vt 0.16827 0.64793
vt 0.15628 0.64793
vt 0.14902 0.64793
vt 0.14444 0.64793
vt 0.14186 0.64793
vt 0.14102 0.64793
vt 0.14186 0.64793
vt 0.14444 0.64793
vt 0.14902 0.64793
vt 0.15628 0.64793
vt 0.16827 0.64793
vt 0.22750 0.64827
vt 0.27676 0.64827
vt 0.28673 0.64827
vt 0.29277 0.64827
vt 0.29658 0.64827
vt 0.29872 0.64827
vt 0.29942 0.64827
vt 0.29872 0.64827
vt 0.29658 0.64827
vt 0.29277 0.64827
vt 0.28673 0.64827
vt 0.27676 0.64827
vt 0.22750 0.64827
vt 0.17824 0.64827
vt 0.16827 0.64827
vt 0.16223 0.64827
vt 0.15842 0.64827
vt 0.15628 0.64827
vt 0.15558 0.64827
vt 0.15628 0.64827
vt 0.15842 0.64827
vt 0.16223 0.64827
vt 0.16827 0.64827
vt 0.17824 0.64827
vt 0.22750 0.64838
vt 0.22750 0.64838
vt 0.22750 0.64838
vt 0.22750 0.64838
vt 0.22750 0.64838
vt 0.22750 0.64838
vt 0.22750 0.64838
vt 0.22750 0.64838
vt 0.22750 0.64838
vt 0.22750 0.64838
vt 0.22750 0.64838
vt 0.22750 0.64838
vt 0.22750 0.64838
vt 0.22750 0.64838
vt 0.22750 0.64838
vt 0.22750 0.64838
vt 0.22750 0.64838
vt 0.22750 0.64838
vt 0.22750 0.64838
vt 0.22750 0.64838
vt 0.22750 0.64838
vt 0.22750 0.64838
vt 0.22750 0.64838
vt 0.22750 0.64838
f 65/65 66/66 2/2 1/1
f 66/66 67/67 3/3 2/2
f 67/67 68/68 4/4 3/3
f 68/68 69/69 5/5 4/4
f 69/69 70/70 6/6 5/5
f 70/70 71/71 7/7 6/6
f 71/71 72/72 8/8 7/7
f 72/72 73/73 9/9 8/8
f 73/73 74/74 10/10 9/9
f 74/74 75/75 11/11 10/10
f 75/75 76/76 12/12 11/11
f 76/76 77/77 13/13 12/12
f 77/77 78/78 14/14 13/13
f 78/78 79/79 15/15 14/14
f 79/79 80/80 16/16 15/15
f 80/80 81/81 17/17 16/16
f 81/81 82/82 18/18 17/17
f 82/82 83/83 19/19 18/18
f 83/83 84/84 20/20 19/19
f 84/84 85/85 21/21 20/20
f 85/85 86/86 22/22 21/21
f 86/86 87/87 23/23 22/22
f 87/87 88/88 24/24 23/23
f 88/88 89/89 25/25 24/24
f 89/89 90/90 26/26 25/25
f 90/90 91/91 27/27 26/26
f 91/91 92/92 28/28 27/27
f 92/92 93/93 29/29 28/28
f 93/93 94/94 30/30 29/29
f 94/94 95/95 31/31 30/30
f 95/95 96/96 32/32 31/31
f 96/96 97/97 33/33 32/32
f 97/97 98/98 34/34 33/33
f 98/98 99/99 35/35 34/34
f 99/99 100/100 36/36 35/35
f 100/100 101/101 37/37 36/36
f 101/101 102/102 38/38 37/37
f 102/102 103/103 39/39 38/38
f 103/103 104/104 40/40 39/39
f 104/104 105/105 41/41 40/40
f 105/105 106/106 42/42 41/41
f 106/106 107/107 43/43 42/42
f 107/107 108/108 44/44 43/43
f 108/108 109/109 45/45 44/44
f 109/109 110/110 46/46 45/45
f 110/110 111/111 47/47 46/46
f 111/111 112/112 48/48 47/47
f 112/112 113/113 49/49 48/48
f 113/113 114/114 50/50 49/49
f 114/114 115/115 51/51 50/50
f 115/115 116/116 52/52 51/51
f 116/116 117/117 53/53 52/52
f 117/117 118/118 54/54 53/53
f 118/118 119/119 55/55 54/54
f 119/119 120/120 56/56 55/55
f 120/120 121/121 57/57 56/56
f 121/121 122/122 58/58 57/57
f 122/122 123/123 59/59 58/58
f 123/123 124/124 60/60 59/59
f 124/124 125/125 61/61 60/60
f 125/125 126/126 62/62 61/61
f 126/126 127/127 63/63 62/62
f 127/127 128/128 64/64 63/63
f 128/128 65/65 1/1 64/64
f 129/129 130/130 66/66 65/65
f 130/130 131/131 67/67 66/66
f 131/131 132/132 68/68 67/67
f 132/132 133/133 69/69 68/68
f 133/133 134/134 70/70 69/69
f 134/134 135/135 71/71 70/70
f 135/135 136/136 72/72 71/71
f 136/136 137/137 73/73 72/72
f 137/137 138/138 74/74 73/73
f 138/138 139/139 75/75 74/74
f 139/139 140/140 76/76 75/75
f 140/140 141/141 77/77 76/76
f 141/141 142/142 78/78 77/77
f 142/142 143/143 79/79 78/78
f 143/143 144/144 80/80 79/79
f 144/144 145/145 81/81 80/80
f 145/145 146/146 82/82 81/81
f 146/146 147/147 83/83 82/82
f 147/147 148/148 84/84 83/83
f 148/148 149/149 85/85 84/84
f 149/149 150/150 86/86 85/85
f 150/150 151/151 87/87 86/86
f 151/151 152/152 88/88 87/87
f 152/152 153/153 89/89 88/88
f 153/153 154/154 90/90 89/89
f 154/154 155/155 91/91 90/90
f 155/155 156/156 92/92 91/91
f 156/156 157/157 93/93 92/92
f 157/157 158/158 94/94 93/93
f 158/158 159/159 95/95 94/94
f 159/159 160/160 96/96 95/95
f 160/160 161/161 97/97 96/96
f 161/161 162/162 98/98 97/97
f 162/162 163/163 99/99 98/98
f 163/163 164/164 100/100 99/99
f 164/164 165/165 101/101 100/100
f 165/165 166/166 102/102 101/101
f 166/166 167/167 103/103 102/102
f 167/167 168/168 104/104 103/103
f 168/168 169/169 105/105 104/104
f 169/169 170/170 106/106 105/105
f 170/170 171/171 107/107 106/106
f 171/171 172/172 108/108 107/107
f 172/172 173/173 109/109 108/108
f 173/173 174/174 110/110 109/109
f 174/174 175/175 111/111 110/110
f 175/175 176/176 112/112 111/111
f 176/176 177/177 113/113 112/112
f 177/177 178/178 114/114 113/113
f 178/178 179/179 115/115 114/114
f 179/179 180/180 116/116 115/115
f 180/180 181/181 117/117 116/116
f 181/181 182/182 118/118 117/117
f 182/182 183/183 119/119 118/118
f 183/183 184/184 120/120 119/119
f 184/184 185/185 121/121 120/120
f 185/185 186/186 122/122 121/121
f 186/186 187/187 123/123 122/122
f 187/187 188/188 124/124 123/123
f 188/188 189/189 125/125 124/124
f 189/189 190/190 126/126 125/125
f 190/190 191/191 127/127 126/126
f 191/191 192/192 128/128 127/127
f 192/192 129/129 65/65 128/128
f 193/193 194/194 130/130 129/129
f 194/194 195/195 131/131 130/130
f 195/195 196/196 132/132 131/131
f 196/196 197/197 133/133 132/132
f 197/197 198/198 134/134 133/133
f 198/198 199/199 135/135 134/134
f 199/199 200/200 136/136 135/135
f 200/200 201/201 137/137 136/136
f 201/201 202/202 138/138 137/137
f 202/202 203/203 139/139 138/138
f 203/203 204/204 140/140 139/139
f 204/204 205/205 141/141 140/140
f 205/205 206/206 142/142 141/141
f 206/206 207/207 143/143 142/142
f 207/207 208/208 144/144 143/143
f 208/208 209/209 145/145 144/144
f 209/209 210/210 146/146 145/145
f 210/210 211/211 147/147 146/146
f 211/211 212/212 148/148 147/147
f 212/212 213/213 149/149 148/148
f 213/213 214/214 150/150 149/149
f 214/214 215/215 151/151 150/150
f 215/215 216/216 152/152 151/151
f 216/216 217/217 153/153 152/152
f 217/217 218/218 154/154 153/153
f 218/218 219/219 155/155 154/154
f 219/219 220/220 156/156 155/155
f 220/220 221/221 157/157 156/156
f 221/221 222/222 158/158 157/157
f 222/222 223/223 159/159 158/158
f 223/223 224/224 160/160 159/159
f 224/224 225/225 161/161 160/160
f 225/225 226/226 162/162 161/161
f 226/226 227/227 163/163 162/162
f 227/227 228/228 164/164 163/163
f 228/228 229/229 165/165 164/164
f 229/229 230/230 166/166 165/165
f 230/230 231/231 167/167 166/166
f 231/231 232/232 168/168 167/167
f 232/232 233/233 169/169 168/168
f 233/233 234/234 170/170 169/169
f 234/234 235/235 171/171 170/170
f 235/235 236/236 172/172 171/171
f 236/236 237/237 173/173 172/172
f 237/237 238/238 174/174 173/173
f 238/238 239/239 175/175 174/174
f 239/239 240/240 176/176 175/175
f 240/240 241/241 177/177 176/176
f 241/241 242/242 178/178 177/177
f 242/242 243/243 179/179 178/178
f 243/243 244/244 180/180 179/179
f 244/244 245/245 181/181 180/180
f 245/245 246/246 182/182 181/181
f 246/246 247/247 183/183 182/182
f 247/247 248/248 184/184 183/183
f 248/248 249/249 185/185 184/184
f 249/249 250/250 186/186 185/185
f 250/250 251/251 187/187 186/186
f 251/251 252/252 188/188 187/187
f 252/252 253/253 189/189 188/188
f 253/253 254/254 190/190 189/189
f 254/254 255/255 191/191 190/190
f 255/255 256/256 192/192 191/191
f 256/256 193/193 129/129 192/192
f 1/1 2/2 194/194 193/193
f 2/2 3/3 195/195 194/194
f 3/3 4/4 196/196 195/195
f 4/4 5/5 197/197 196/196
f 5/5 6/6 198/198 197/197
f 6/6 7/7 199/199 198/198
f 7/7 8/8 200/200 199/199
f 8/8 9/9 201/201 200/200
f 9/9 10/10 202/202 201/201
f 10/10 11/11 203/203 202/202
f 11/11 12/12 204/204 203/203
f 12/12 13/13 205/205 204/204
f 13/13 14/14 206/206 205/205
f 14/14 15/15 207/207 206/206
f 15/15 16/16 208/208 207/207
f 16/16 17/17 209/209 208/208
f 17/17 18/18 210/210 209/209
f 18/18 19/19 211/211 210/210
f 19/19 20/20 212/212 211/211
f 20/20 21/21 213/213 212/212
f 21/21 22/22 214/214 213/213
f 22/22 23/23 215/215 214/214
f 23/23 24/24 216/216 215/215
f 24/24 25/25 217/217 216/216
f 25/25 26/26 218/218 217/217
f 26/26 27/27 219/219 218/218
f 27/27 28/28 220/220 219/219
f 28/28 29/29 221/221 220/220
f 29/29 30/30 222/222 221/221
f 30/30 31/31 223/223 222/222
f 31/31 32/32 224/224 223/223
f 32/32 33/33 225/225 224/224
f 33/33 34/34 226/226 225/225
f 34/34 35/35 227/227 226/226
f 35/35 36/36 228/228 227/227
f 36/36 37/37 229/229 228/228
f 37/37 38/38 230/230 229/229
f 38/38 39/39 231/231 230/230
f 39/39 40/40 232/232 231/231
f 40/40 41/41 233/233 232/232
f 41/41 42/42 234/234 233/233
f 42/42 43/43 235/235 234/234
f 43/43 44/44 236/236 235/235
f 44/44 45/45 237/237 236/236
f 45/45 46/46 238/238 237/237
f 46/46 47/47 239/239 238/238
f 47/47 48/48 240/240 239/239
f 48/48 49/49 241/241 240/240
f 49/49 50/50 242/242 241/241
f 50/50 51/51 243/243 242/242
f 51/51 52/52 244/244 243/243
f 52/52 53/53 245/245 244/244
f 53/53 54/54 246/246 245/245
f 54/54 55/55 247/247 246/246
f 55/55 56/56 248/248 247/247
f 56/56 57/57 249/249 248/248
f 57/57 58/58 250/250 249/249
f 58/58 59/59 251/251 250/250
f 59/59 60/60 252/252 251/251
f 60/60 61/61 253/253 252/252
f 61/61 62/62 254/254 253/253
f 62/62 63/63 255/255 254/254
f 63/63 64/64 256/256 255/255
f 64/64 1/1 193/193 256/256
f 321/321 322/322 258/258 257/257
f 322/322 323/323 259/259 258/258
f 323/323 324/324 260/260 259/259
f 324/324 325/325 261/261 260/260
f 325/325 326/326 262/262 261/261
f 326/326 327/327 263/263 262/262
f 327/327 328/328 264/264 263/263
f 328/328 329/329 265/265 264/264
f 329/329 330/330 266/266 265/265
f 330/330 331/331 267/267 266/266
f 331/331 332/332 268/268 267/267
f 332/332 333/333 269/269 268/268
f 333/333 334/334 270/270 269/269
f 334/334 335/335 271/271 270/270
f 335/335 336/336 272/272 271/271
f 336/336 337/337 273/273 272/272
f 337/337 338/338 274/274 273/273
f 338/338 339/339 275/275 274/274
f 339/339 340/340 276/276 275/275
f 340/340 341/341 277/277 276/276
f 341/341 342/342 278/278 277/277
f 342/342 343/343 279/279 278/278
f 343/343 344/344 280/280 279/279
f 344/344 345/345 281/281 280/280
f 345/345 346/346 282/282 281/281
f 346/346 347/347 283/283 282/282
f 347/347 348/348 284/284 283/283
f 348/348 349/349 285/285 284/284
f 349/349 350/350 286/286 285/285
f 350/350 351/351 287/287 286/286
f 351/351 352/352 288/288 287/287
f 352/352 353/353 289/289 288/288
f 353/353 354/354 290/290 289/289
f 354/354 355/355 291/291 290/290
f 355/355 356/356 292/292 291/291
f 356/356 357/357 293/293 292/292
f 357/357 358/358 294/294 293/293
f 358/358 359/359 295/295 294/294
f 359/359 360/360 296/296 295/295
f 360/360 361/361 297/297 296/296
f 361/361 362/362 298/298 297/297
f 362/362 363/363 299/299 298/298
f 363/363 364/364 300/300 299/299
f 364/364 365/365 301/301 300/300
f 365/365 366/366 302/302 301/301
f 366/366 367/367 303/303 302/302
f 367/367 368/368 304/304 303/303
f 368/368 369/369 305/305 304/304
f 369/369 370/370 306/306 305/305
f 370/370 371/371 307/307 306/306
f 371/371 372/372 308/308 307/307
f 372/372 373/373 309/309 308/308
f 373/373 374/374 310/310 309/309
f 374/374 375/375 311/311 310/310
f 375/375 376/376 312/312 311/311
f 376/376 377/377 313/313 312/312
f 377/377 378/378 314/314 313/313
f 378/378 379/379 315/315 314/314
f 379/379 380/380 316/316 315/315
f 380/380 381/381 317/317 316/316
f 381/381 382/382 318/318 317/317
f 382/382 383/383 319/319 318/318
f 383/383 384/384 320/320 319/319
f 384/384 321/321 257/257 320/320
f 385/385 386/386 322/322 321/321
f 386/386 387/387 323/323 322/322
f 387/387 388/388 324/324 323/323
f 388/388 389/389 325/325 324/324
f 389/389 390/390 326/326 325/325
f 390/390 391/391 327/327 326/326
f 391/391 392/392 328/328 327/327
f 392/392 393/393 329/329 328/328
f 393/393 394/394 330/330 329/329
f 394/394 395/395 331/331 330/330
f 395/395 396/396 332/332 331/331
f 396/396 397/397 333/333 332/332
f 397/397 398/398 334/334 333/333
f 398/398 399/399 335/335 334/334
f 399/399 400/400 336/336 335/335
f 400/400 401/401 337/337 336/336
f 401/401 402/402 338/338 337/337
f 402/402 403/403 339/339 338/338
f 403/403 404/404 340/340 339/339
f 404/404 405/405 341/341 340/340
f 405/405 406/406 342/342 341/341
f 406/406 407/407 343/343 342/342
f 407/407 408/408 344/344 343/343
f 408/408 409/409 345/345 344/344
f 409/409 410/410 346/346 345/345
f 410/410 411/411 347/347 346/346
f 411/411 412/412 348/348 347/347
f 412/412 413/413 349/349 348/348
f 413/413 414/414 350/350 349/349
f 414/414 415/415 351/351 350/350
f 415/415 416/416 352/352 351/351
f 416/416 417/417 353/353 352/352
f 417/417 418/418 354/354 353/353
f 418/418 419/419 355/355 354/354
f 419/419 420/420 356/356 355/355
f 420/420 421/421 357/357 356/356
f 421/421 422/422 358/358 357/357
f 422/422 423/423 359/359 358/358
f 423/423 424/424 360/360 359/359
f 424/424 425/425 361/361 360/360
f 425/425 426/426 362/362 361/361
f 426/426 427/427 363/363 362/362
f 427/427 428/428 364/364 363/363
f 428/428 429/429 365/365 364/364
f 429/429 430/430 366/366 365/365
f 430/430 431/431 367/367 366/366
f 431/431 432/432 368/368 367/367
f 432/432 433/433 369/369 368/368
f 433/433 434/434 370/370 369/369
f 434/434 435/435 371/371 370/370
f 435/435 436/436 372/372 371/371
f 436/436 437/437 373/373 372/372
f 437/437 438/438 374/374 373/373
f 438/438 439/439 375/375 374/374
f 439/439 440/440 376/376 375/375
f 440/440 441/441 377/377 376/376
f 441/441 442/442 378/378 377/377
f 442/442 443/443 379/379 378/378
f 443/443 444/444 380/380 379/379
f 444/444 445/445 381/381 380/380
f 445/445 446/446 382/382 381/381
f 446/446 447/447 383/383 382/382
f 447/447 448/448 384/384 383/383
f 448/448 385/385 321/321 384/384
f 449/449 450/450 386/386 385/385
f 450/450 451/451 387/387 386/386
f 451/451 452/452 388/388 387/387
f 452/452 453/453 389/389 388/388
f 453/453 454/454 390/390 389/389
f 454/454 455/455 391/391 390/390
f 455/455 456/456 392/392 391/391
f 456/456 457/457 393/393 392/392
f 457/457 458/458 394/394 393/393
f 458/458 459/459 395/395 394/394
f 459/459 460/460 396/396 395/395
f 460/460 461/461 397/397 396/396
f 461/461 462/462 398/398 397/397
f 462/462 463/463 399/399 398/398
f 463/463 464/464 400/400 399/399
f 464/464 465/465 401/401 400/400
f 465/465 466/466 402/402 401/401
f 466/466 467/467 403/403 402/402
f 467/467 468/468 404/404 403/403
f 468/468 469/469 405/405 404/404
f 469/469 470/470 406/406 405/405
f 470/470 471/471 407/407 406/406
f 471/471 472/472 408/408 407/407
f 472/472 473/473 409/409 408/408
f 473/473 474/474 410/410 409/409
f 474/474 475/475 411/411 410/410
f 475/475 476/476 412/412 411/411
f 476/476 477/477 413/413 412/412
f 477/477 478/478 414/414 413/413
f 478/478 479/479 415/415 414/414
f 479/479 480/480 416/416 415/415
f 480/480 481/481 417/417 416/416
f 481/481 482/482 418/418 417/417
f 482/482 483/483 419/419 418/418
f 483/483 484/484 420/420 419/419
f 484/484 485/485 421/421 420/420
f 485/485 486/486 422/422 421/421
f 486/486 487/487 423/423 422/422
f 487/487 488/488 424/424 423/423
f 488/488 489/489 425/425 424/424
f 489/489 490/490 426/426 425/425
f 490/490 491/491 427/427 426/426
f 491/491 492/492 428/428 427/427
f 492/492 493/493 429/429 428/428
f 493/493 494/494 430/430 429/429
f 494/494 495/495 431/431 430/430
f 495/495 496/496 432/432 431/431
f 496/496 497/497 433/433 432/432
f 497/497 498/498 434/434 433/433
f 498/498 499/499 435/435 434/434
f 499/499 500/500 436/436 435/435
f 500/500 501/501 437/437 436/436
f 501/501 502/502 438/438 437/437
f 502/502 503/503 439/439 438/438
f 503/503 504/504 440/440 439/439
f 504/504 505/505 441/441 440/440
f 505/505 506/506 442/442 441/441
f 506/506 507/507 443/443 442/442
f 507/507 508/508 444/444 443/443
f 508/508 509/509 445/445 444/444
f 509/509 510/510 446/446 445/445
f 510/510 511/511 447/447 446/446
f 511/511 512/512 448/448 447/447
f 512/512 449/449 385/385 448/448
f 257/257 258/258 450/450 449/449
f 258/258 259/259 451/451 450/450
f 259/259 260/260 452/452 451/451
f 260/260 261/261 453/453 452/452
f 261/261 262/262 454/454 453/453
f 262/262 263/263 455/455 454/454
f 263/263 264/264 456/456 455/455
f 264/264 265/265 457/457 456/456
f 265/265 266/266 458/458 457/457
f 266/266 267/267 459/459 458/458
f 267/267 268/268 460/460 459/459
f 268/268 269/269 461/461 460/460
f 269/269 270/270 462/462 461/461
f 270/270 271/271 463/463 462/462
f 271/271 272/272 464/464 463/463
f 272/272 273/273 465/465 464/464
f 273/273 274/274 466/466 465/465
f 274/274 275/275 467/467 466/466
f 275/275 276/276 468/468 467/467
f 276/276 277/277 469/469 468/468
f 277/277 278/278 470/470 469/469
f 278/278 279/279 471/471 470/470
f 279/279 280/280 472/472 471/471
f 280/280 281/281 473/473 472/472
f 281/281 282/282 474/474 473/473
f 282/282 283/283 475/475 474/474
f 283/283 284/284 476/476 475/475
f 284/284 285/285 477/477 476/476
f 285/285 286/286 478/478 477/477
f 286/286 287/287 479/479 478/478
f 287/287 288/288 480/480 479/479
f 288/288 289/289 481/481 480/480
f 289/289 290/290 482/482 481/481
f 290/290 291/291 483/483 482/482
f 291/291 292/292 484/484 483/483
f 292/292 293/293 485/485 484/484
f 293/293 294/294 486/486 485/485
f 294/294 295/295 487/487 486/486
f 295/295 296/296 488/488 487/487
f 296/296 297/297 489/489 488/488
f 297/297 298/298 490/490 489/489
f 298/298 299/299 491/491 490/490
f 299/299 300/300 492/492 491/491
f 300/300 301/301 493/493 492/492
f 301/301 302/302 494/494 493/493
f 302/302 303/303 495/495 494/494
f 303/303 304/304 496/496 495/495
f 304/304 305/305 497/497 496/496
f 305/305 306/306 498/498 497/497
f 306/306 307/307 499/499 498/498
f 307/307 308/308 500/500 499/499
f 308/308 309/309 501/501 500/500
f 309/309 310/310 502/502 501/501
f 310/310 311/311 503/503 502/502
f 311/311 312/312 504/504 503/503
f 312/312 313/313 505/505 504/504
f 313/313 314/314 506/506 505/505
f 314/314 315/315 507/507 506/506
f 315/315 316/316 508/508 507/507
f 316/316 317/317 509/509 508/508
f 317/317 318/318 510/510 509/509
f 318/318 319/319 511/511 510/510
f 319/319 320/320 512/512 511/511
f 320/320 257/257 449/449 512/512
f 577/577 578/578 514/514 513/513
f 578/578 579/579 515/515 514/514
f 579/579 580/580 516/516 515/515
f 580/580 581/581 517/517 516/516
f 581/581 582/582 518/518 517/517
f 582/582 583/583 519/519 518/518
f 583/583 584/584 520/520 519/519
f 584/584 585/585 521/521 520/520
f 585/585 586/586 522/522 521/521
f 586/586 587/587 523/523 522/522
f 587/587 588/588 524/524 523/523
f 588/588 589/589 525/525 524/524
f 589/589 590/590 526/526 525/525
f 590/590 591/591 527/527 526/526
f 591/591 592/592 528/528 527/527
f 592/592 593/593 529/529 528/528
f 593/593 594/594 530/530 529/529
f 594/594 595/595 531/531 530/530
f 595/595 596/596 532/532 531/531
f 596/596 597/597 533/533 532/532
f 597/597 598/598 534/534 533/533
f 598/598 599/599 535/535 534/534
f 599/599 600/600 536/536 535/535
f 600/600 601/601 537/537 536/536
f 601/601 602/602 538/538 537/537
f 602/602 603/603 539/539 538/538
f 603/603 604/604 540/540 539/539
f 604/604 605/605 541/541 540/540
f 605/605 606/606 542/542 541/541
f 606/606 607/607 543/543 542/542
f 607/607 608/608 544/544 543/543
f 608/608 609/609 545/545 544/544
f 609/609 610/610 546/546 545/545
f 610/610 611/611 547/547 546/546
f 611/611 612/612 548/548 547/547
f 612/612 613/613 549/549 548/548
f 613/613 614/614 550/550 549/549
f 614/614 615/615 551/551 550/550
f 615/615 616/616 552/552 551/551
f 616/616 617/617 553/553 552/552
f 617/617 618/618 554/554 553/553
f 618/618 619/619 555/555 554/554
f 619/619 620/620 556/556 555/555
f 620/620 621/621 557/557 556/556
f 621/621 622/622 558/558 557/557
f 622/622 623/623 559/559 558/558
f 623/623 624/624 560/560 559/559
f 624/624 625/625 561/561 560/560
f 625/625 626/626 562/562 561/561
f 626/626 627/627 563/563 562/562
f 627/627 628/628 564/564 563/563
f 628/628 629/629 565/565 564/564
f 629/629 630/630 566/566 565/565
f 630/630 631/631 567/567 566/566
f 631/631 632/632 568/568 567/567
f 632/632 633/633 569/569 568/568
f 633/633 634/634 570/570 569/569
f 634/634 635/635 571/571 570/570
f 635/635 636/636 572/572 571/571
f 636/636 637/637 573/573 572/572
f 637/637 638/638 574/574 573/573
f 638/638 639/639 575/575 574/574
f 639/639 640/640 576/576 575/575
f 640/640 577/577 513/513 576/576
f 641/641 642/642 578/578 577/577
f 642/642 643/643 579/579 578/578
f 643/643 644/644 580/580 579/579
f 644/644 645/645 581/581 580/580
f 645/645 646/646 582/582 581/581
f 646/646 647/647 583/583 582/582
f 647/647 648/648 584/584 583/583
f 648/648 649/649 585/585 584/584
f 649/649 650/650 586/586 585/585
f 650/650 651/651 587/587 586/586
f 651/651 652/652 588/588 587/587
f 652/652 653/653 589/589 588/588
f 653/653 654/654 590/590 589/589
f 654/654 655/655 591/591 590/590
f 655/655 656/656 592/592 591/591
f 656/656 657/657 593/593 592/592
f 657/657 658/658 594/594 593/593
f 658/658 659/659 595/595 594/594
f 659/659 660/660 596/596 595/595
f 660/660 661/661 597/597 596/596
f 661/661 662/662 598/598 597/597
f 662/662 663/663 599/599 598/598
f 663/663 664/664 600/600 599/599
f 664/664 665/665 601/601 600/600
f 665/665 666/666 602/602 601/601
f 666/666 667/667 603/603 602/602
f 667/667 668/668 604/604 603/603
f 668/668 669/669 605/605 604/604
f 669/669 670/670 606/606 605/605
f 670/670 671/671 607/607 606/606
f 671/671 672/672 608/608 607/607
f 672/672 673/673 609/609 608/608
f 673/673 674/674 610/610 609/609
f 674/674 675/675 611/611 610/610
f 675/675 676/676 612/612 611/611
f 676/676 677/677 613/613 612/612
f 677/677 678/678 614/614 613/613
f 678/678 679/679 615/615 614/614
f 679/679 680/680 616/616 615/615
f 680/680 681/681 617/617 616/616
f 681/681 682/682 618/618 617/617
f 682/682 683/683 619/619 618/618
f 683/683 684/684 620/620 619/619
f 684/684 685/685 621/621 620/620
f 685/685 686/686 622/622 621/621
f 686/686 687/687 623/623 622/622
f 687/687 688/688 624/624 623/623
f 688/688 689/689 625/625 624/624
f 689/689 690/690 626/626 625/625
f 690/690 691/691 627/627 626/626
f 691/691 692/692 628/628 627/627
f 692/692 693/693 629/629 628/628
f 693/693 694/694 630/630 629/629
f 694/694 695/695 631/631 630/630
f 695/695 696/696 632/632 631/631
f 696/696 697/697 633/633 632/632
f 697/697 698/698 634/634 633/633
f 698/698 699/699 635/635 634/634
f 699/699 700/700 636/636 635/635
f 700/700 701/701 637/637 636/636
f 701/701 702/702 638/638 637/637
f 702/702 703/703 639/639 638/638
f 703/703 704/704 640/640 639/639
f 704/704 641/641 577/577 640/640
f 705/705 706/706 642/642 641/641
f 706/706 707/707 643/643 642/642
f 707/707 708/708 644/644 643/643
f 708/708 709/709 645/645 644/644
f 709/709 710/710 646/646 645/645
f 710/710 711/711 647/647 646/646
f 711/711 712/712 648/648 647/647
f 712/712 713/713 649/649 648/648
f 713/713 714/714 650/650 649/649
f 714/714 715/715 651/651 650/650
f 715/715 716/716 652/652 651/651
f 716/716 717/717 653/653 652/652
f 717/717 718/718 654/654 653/653
f 718/718 719/719 655/655 654/654
f 719/719 720/720 656/656 655/655
f 720/720 721/721 657/657 656/656
f 721/721 722/722 658/658 657/657
f 722/722 723/723 659/659 658/658
f 723/723 724/724 660/660 659/659
f 724/724 725/725 661/661 660/660
f 725/725 726/726 662/662 661/661
f 726/726 727/727 663/663 662/662
f 727/727 728/728 664/664 663/663
f 728/728 729/729 665/665 664/664
f 729/729 730/730 666/666 665/665
f 730/730 731/731 667/667 666/666
f 731/731 732/732 668/668 667/667
f 732/732 733/733 669/669 668/668
f 733/733 734/734 670/670 669/669
f 734/734 735/735 671/671 670/670
f 735/735 736/736 672/672 671/671
f 736/736 737/737 673/673 672/672
f 737/737 738/738 674/674 673/673
f 738/738 739/739 675/675 674/674
f 739/739 740/740 676/676 675/675
f 740/740 741/741 677/677 676/676
f 741/741 742/742 678/678 677/677
f 742/742 743/743 679/679 678/678
f 743/743 744/744 680/680 679/679
f 744/744 745/745 681/681 680/680
f 745/745 746/746 682/682 681/681
f 746/746 747/747 683/683 682/682
f 747/747 748/748 684/684 683/683
f 748/748 749/749 685/685 684/684
f 749/749 750/750 686/686 685/685
f 750/750 751/751 687/687 686/686
f 751/751 752/752 688/688 687/687
f 752/752 753/753 689/689 688/688
f 753/753 754/754 690/690 689/689
f 754/754 755/755 691/691 690/690
f 755/755 756/756 692/692 691/691
f 756/756 757/757 693/693 692/692
f 757/757 758/758 694/694 693/693
f 758/758 759/759 695/695 694/694
f 759/759 760/760 696/696 695/695
f 760/760 761/761 697/697 696/696
f 761/761 762/762 698/698 697/697
f 762/762 763/763 699/699 698/698
f 763/763 764/764 700/700 699/699
f 764/764 765/765 701/701 700/700
f 765/765 766/766 702/702 701/701
f 766/766 767/767 703/703 702/702
f 767/767 768/768 704/704 703/703
f 768/768 705/705 641/641 704/704
f 513/513 514/514 706/706 705/705
f 514/514 515/515 707/707 706/706
f 515/515 516/516 708/708 707/707
f 516/516 517/517 709/709 708/708
f 517/517 518/518 710/710 709/709
f 518/518 519/519 711/711 710/710
f 519/519 520/520 712/712 711/711
f 520/520 521/521 713/713 712/712
f 521/521 522/522 714/714 713/713
f 522/522 523/523 715/715 714/714
f 523/523 524/524 716/716 715/715
f 524/524 525/525 717/717 716/716
f 525/525 526/526 718/718 717/717
f 526/526 527/527 719/719 718/718
f 527/527 528/528 720/720 719/719
f 528/528 529/529 721/721 720/720
f 529/529 530/530 722/722 721/721
f 530/530 531/531 723/723 722/722
f 531/531 532/532 724/724 723/723
f 532/532 533/533 725/725 724/724
f 533/533 534/534 726/726 725/725
f 534/534 535/535 727/727 726/726
f 535/535 536/536 728/728 727/727
f 536/536 537/537 729/729 728/728
f 537/537 538/538 730/730 729/729
f 538/538 539/539 731/731 730/730
f 539/539 540/540 732/732 731/731
f 540/540 541/541 733/733 732/732
f 541/541 542/542 734/734 733/733
f 542/542 543/543 735/735 734/734
f 543/543 544/544 736/736 735/735
f 544/544 545/545 737/737 736/736
f 545/545 546/546 738/738 737/737
f 546/546 547/547 739/739 738/738
f 547/547 548/548 740/740 739/739
f 548/548 549/549 741/741 740/740
f 549/549 550/550 742/742 741/741
f 550/550 551/551 743/743 742/742
f 551/551 552/552 744/744 743/743
f 552/552 553/553 745/745 744/744
f 553/553 554/554 746/746 745/745
f 554/554 555/555 747/747 746/746
f 555/555 556/556 748/748 747/747
f 556/556 557/557 749/749 748/748
f 557/557 558/558 750/750 749/749
f 558/558 559/559 751/751 750/750
f 559/559 560/560 752/752 751/751
f 560/560 561/561 753/753 752/752
f 561/561 562/562 754/754 753/753
f 562/562 563/563 755/755 754/754
f 563/563 564/564 756/756 755/755
f 564/564 565/565 757/757 756/756
f 565/565 566/566 758/758 757/757
f 566/566 567/567 759/759 758/758
f 567/567 568/568 760/760 759/759
f 568/568 569/569 761/761 760/760
f 569/569 570/570 762/762 761/761
f 570/570 571/571 763/763 762/762
f 571/571 572/572 764/764 763/763
f 572/572 573/573 765/765 764/764
f 573/573 574/574 766/766 765/765
f 574/574 575/575 767/767 766/766
f 575/575 576/576 768/768 767/767
f 576/576 513/513 705/705 768/768
f 833/833 834/834 770/770 769/769
f 834/834 835/835 771/771 770/770
f 835/835 836/836 772/772 771/771
f 836/836 837/837 773/773 772/772
f 837/837 838/838 774/774 773/773
f 838/838 839/839 775/775 774/774
f 839/839 840/840 776/776 775/775
f 840/840 841/841 777/777 776/776
f 841/841 842/842 778/778 777/777
f 842/842 843/843 779/779 778/778
f 843/843 844/844 780/780 779/779
f 844/844 845/845 781/781 780/780
f 845/845 846/846 782/782 781/781
f 846/846 847/847 783/783 782/782
f 847/847 848/848 784/784 783/783
f 848/848 849/849 785/785 784/784
f 849/849 850/850 786/786 785/785
f 850/850 851/851 787/787 786/786
f 851/851 852/852 788/788 787/787
f 852/852 853/853 789/789 788/788
f 853/853 854/854 790/790 789/789
f 854/854 855/855 791/791 790/790
f 855/855 856/856 792/792 791/791
f 856/856 857/857 793/793 792/792
f 857/857 858/858 794/794 793/793
f 858/858 859/859 795/795 794/794
f 859/859 860/860 796/796 795/795
f 860/860 861/861 797/797 796/796
f 861/861 862/862 798/798 797/797
f 862/862 863/863 799/799 798/798
f 863/863 864/864 800/800 799/799
f 864/864 865/865 801/801 800/800
f 865/865 866/866 802/802 801/801
f 866/866 867/867 803/803 802/802
f 867/867 868/868 804/804 803/803
f 868/868 869/869 805/805 804/804
f 869/869 870/870 806/806 805/805
f 870/870 871/871 807/807 806/806
f 871/871 872/872 808/808 807/807
f 872/872 873/873 809/809 808/808
f 873/873 874/874 810/810 809/809
f 874/874 875/875 811/811 810/810
f 875/875 876/876 812/812 811/811
f 876/876 877/877 813/813 812/812
f 877/877 878/878 814/814 813/813
f 878/878 879/879 815/815 814/814
f 879/879 880/880 816/816 815/815
f 880/880 881/881 817/817 816/816
f 881/881 882/882 818/818 817/817
f 882/882 883/883 819/819 818/818
f 883/883 884/884 820/820 819/819
f 884/884 885/885 821/821 820/820
f 885/885 886/886 822/822 821/821
f 886/886 887/887 823/823 822/822
f 887/887 888/888 824/824 823/823
f 888/888 889/889 825/825 824/824
f 889/889 890/890 826/826 825/825
f 890/890 891/891 827/827 826/826
f 891/891 892/892 828/828 827/827
f 892/892 893/893 829/829 828/828
f 893/893 894/894 830/830 829/829
f 894/894 895/895 831/831 830/830
f 895/895 896/896 832/832 831/831
f 896/896 833/833 769/769 832/832
f 897/897 898/898 834/834 833/833
f 898/898 899/899 835/835 834/834
f 899/899 900/900 836/836 835/835
f 900/900 901/901 837/837 836/836
f 901/901 902/902 838/838 837/837
f 902/902 903/903 839/839 838/838
f 903/903 904/904 840/840 839/839
f 904/904 905/905 841/841 840/840
f 905/905 906/906 842/842 841/841
f 906/906 907/907 843/843 842/842
f 907/907 908/908 844/844 843/843
f 908/908 909/909 845/845 844/844
f 909/909 910/910 846/846 845/845
f 910/910 911/911 847/847 846/846
f 911/911 912/912 848/848 847/847
f 912/912 913/913 849/849 848/848
f 913/913 914/914 850/850 849/849
f 914/914 915/915 851/851 850/850
f 915/915 916/916 852/852 851/851
f 916/916 917/917 853/853 852/852
f 917/917 918/918 854/854 853/853
f 918/918 919/919 855/855 854/854
f 919/919 920/920 856/856 855/855
f 920/920 921/921 857/857 856/856
f 921/921 922/922 858/858 857/857
f 922/922 923/923 859/859 858/858
f 923/923 924/924 860/860 859/859
f 924/924 925/925 861/861 860/860
f 925/925 926/926 862/862 861/861
f 926/926 927/927 863/863 862/862
f 927/927 928/928 864/864 863/863
f 928/928 929/929 865/865 864/864
f 929/929 930/930 866/866 865/865
f 930/930 931/931 867/867 866/866
f 931/931 932/932 868/868 867/867
f 932/932 933/933 869/869 868/868
f 933/933 934/934 870/870 869/869
f 934/934 935/935 871/871 870/870
f 935/935 936/936 872/872 871/871
f 936/936 937/937 873/873 872/872
f 937/937 938/938 874/874 873/873
f 938/938 939/939 875/875 874/874
f 939/939 940/940 876/876 875/875
f 940/940 941/941 877/877 876/876
f 941/941 942/942 878/878 877/877
f 942/942 943/943 879/879 878/878
f 943/943 944/944 880/880 879/879
f 944/944 945/945 881/881 880/880
f 945/945 946/946 882/882 881/881
f 946/946 947/947 883/883 882/882
f 947/947 948/948 884/884 883/883
f 948/948 949/949 885/885 884/884
f 949/949 950/950 886/886 885/885
f 950/950 951/951 887/887 886/886
f 951/951 952/952 888/888 887/887
f 952/952 953/953 889/889 888/888
f 953/953 954/954 890/890 889/889
f 954/954 955/955 891/891 890/890
f 955/955 956/956 892/892 891/891
f 956/956 957/957 893/893 892/892
f 957/957 958/958 894/894 893/893
f 958/958 959/959 895/895 894/894
f 959/959 960/960 896/896 895/895
f 960/960 897/897 833/833 896/896
f 961/961 962/962 898/898 897/897
f 962/962 963/963 899/899 898/898
f 963/963 964/964 900/900 899/899
f 964/964 965/965 901/901 900/900
f 965/965 966/966 902/902 901/901
f 966/966 967/967 903/903 902/902
f 967/967 968/968 904/904 903/903
f 968/968 969/969 905/905 904/904
f 969/969 970/970 906/906 905/905
f 970/970 971/971 907/907 906/906
f 971/971 972/972 908/908 907/907
f 972/972 973/973 909/909 908/908
f 973/973 974/974 910/910 909/909
f 974/974 975/975 911/911 910/910
f 975/975 976/976 912/912 911/911
f 976/976 977/977 913/913 912/912
f 977/977 978/978 914/914 913/913
f 978/978 979/979 915/915 914/914
f 979/979 980/980 916/916 915/915
f 980/980 981/981 917/917 916/916
f 981/981 982/982 918/918 917/917
f 982/982 983/983 919/919 918/918
f 983/983 984/984 920/920 919/919
f 984/984 985/985 921/921 920/920
f 985/985 986/986 922/922 921/921
f 986/986 987/987 923/923 922/922
f 987/987 988/988 924/924 923/923
f 988/988 989/989 925/925 924/924
f 989/989 990/990 926/926 925/925
f 990/990 991/991 927/927 926/926
f 991/991 992/992 928/928 927/927
f 992/992 993/993 929/929 928/928
f 993/993 994/994 930/930 929/929
f 994/994 995/995 931/931 930/930
f 995/995 996/996 932/932 931/931
f 996/996 997/997 933/933 932/932
f 997/997 998/998 934/934 933/933
f 998/998 999/999 935/935 934/934
f 999/999 1000/1000 936/936 935/935
f 1000/1000 1001/1001 937/937 936/936
f 1001/1001 1002/1002 938/938 937/937
f 1002/1002 1003/1003 939/939 938/938
f 1003/1003 1004/1004 940/940 939/939
f 1004/1004 1005/1005 941/941 940/940
f 1005/1005 1006/1006 942/942 941/941
f 1006/1006 1007/1007 943/943 942/942
f 1007/1007 1008/1008 944/944 943/943
f 1008/1008 1009/1009 945/945 944/944
f 1009/1009 1010/1010 946/946 945/945
f 1010/1010 1011/1011 947/947 946/946
f 1011/1011 1012/1012 948/948 947/947
f 1012/1012 1013/1013 949/949 948/948
f 1013/1013 1014/1014 950/950 949/949
f 1014/1014 1015/1015 951/951 950/950
f 1015/1015 1016/1016 952/952 951/951
f 1016/1016 1017/1017 953/953 952/952
f 1017/1017 1018/1018 954/954 953/953
f 1018/1018 1019/1019 955/955 954/954
f 1019/1019 1020/1020 956/956 955/955
f 1020/1020 1021/1021 957/957 956/956
f 1021/1021 1022/1022 958/958 957/957
f 1022/1022 1023/1023 959/959 958/958
f 1023/1023 1024/1024 960/960 959/959
f 1024/1024 961/961 897/897 960/960
f 769/769 770/770 962/962 961/961
f 770/770 771/771 963/963 962/962
f 771/771 772/772 964/964 963/963
f 772/772 773/773 965/965 964/964
f 773/773 774/774 966/966 965/965
f 774/774 775/775 967/967 966/966
f 775/775 776/776 968/968 967/967
f 776/776 777/777 969/969 968/968
f 777/777 778/778 970/970 969/969
f 778/778 779/779 971/971 970/970
f 779/779 780/780 972/972 971/971
f 780/780 781/781 973/973 972/972
f 781/781 782/782 974/974 973/973
f 782/782 783/783 975/975 974/974
f 783/783 784/784 976/976 975/975
f 784/784 785/785 977/977 976/976
f 785/785 786/786 978/978 977/977
f 786/786 787/787 979/979 978/978
f 787/787 788/788 980/980 979/979
f 788/788 789/789 981/981 980/980
f 789/789 790/790 982/982 981/981
f 790/790 791/791 983/983 982/982
f 791/791 792/792 984/984 983/983
f 792/792 793/793 985/985 984/984
f 793/793 794/794 986/986 985/985
f 794/794 795/795 987/987 986/986
f 795/795 796/796 988/988 987/987
f 796/796 797/797 989/989 988/988
f 797/797 798/798 990/990 989/989
f 798/798 799/799 991/991 990/990
f 799/799 800/800 992/992 991/991
f 800/800 801/801 993/993 992/992
f 801/801 802/802 994/994 993/993
f 802/802 803/803 995/995 994/994
f 803/803 804/804 996/996 995/995
f 804/804 805/805 997/997 996/996
f 805/805 806/806 998/998 997/997
f 806/806 807/807 999/999 998/998
f 807/807 808/808 1000/1000 999/999
f 808/808 809/809 1001/1001 1000/1000
f 809/809 810/810 1002/1002 1001/1001
f 810/810 811/811 1003/1003 1002/1002
f 811/811 812/812 1004/1004 1003/1003
f 812/812 813/813 1005/1005 1004/1004
f 813/813 814/814 1006/1006 1005/1005
f 814/814 815/815 1007/1007 1006/1006
f 815/815 816/816 1008/1008 1007/1007
f 816/816 817/817 1009/1009 1008/1008
f 817/817 818/818 1010/1010 1009/1009
f 818/818 819/819 1011/1011 1010/1010
f 819/819 820/820 1012/1012 1011/1011
f 820/820 821/821 1013/1013 1012/1012
f 821/821 822/822 1014/1014 1013/1013
f 822/822 823/823 1015/1015 1014/1014
f 823/823 824/824 1016/1016 1015/1015
f 824/824 825/825 1017/1017 1016/1016
f 825/825 826/826 1018/1018 1017/1017
f 826/826 827/827 1019/1019 1018/1018
f 827/827 828/828 1020/1020 1019/1019
f 828/828 829/829 1021/1021 1020/1020
f 829/829 830/830 1022/1022 1021/1021
f 830/830 831/831 1023/1023 1022/1022
f 831/831 832/832 1024/1024 1023/1023
f 832/832 769/769 961/961 1024/1024
f 1089/1089 1090/1090 1026/1026 1025/1025
f 1090/1090 1091/1091 1027/1027 1026/1026
f 1091/1091 1092/1092 1028/1028 1027/1027
f 1092/1092 1093/1093 1029/1029 1028/1028
f 1093/1093 1094/1094 1030/1030 1029/1029
f 1094/1094 1095/1095 1031/1031 1030/1030
f 1095/1095 1096/1096 1032/1032 1031/1031
f 1096/1096 1097/1097 1033/1033 1032/1032
f 1097/1097 1098/1098 1034/1034 1033/1033
f 1098/1098 1099/1099 1035/1035 1034/1034
f 1099/1099 1100/1100 1036/1036 1035/1035
f 1100/1100 1101/1101 1037/1037 1036/1036
f 1101/1101 1102/1102 1038/1038 1037/1037
f 1102/1102 1103/1103 1039/1039 1038/1038
f 1103/1103 1104/1104 1040/1040 1039/1039
f 1104/1104 1105/1105 1041/1041 1040/1040
f 1105/1105 1106/1106 1042/1042 1041/1041
f 1106/1106 1107/1107 1043/1043 1042/1042
f 1107/1107 1108/1108 1044/1044 1043/1043
f 1108/1108 1109/1109 1045/1045 1044/1044
f 1109/1109 1110/1110 1046/1046 1045/1045
f 1110/1110 1111/1111 1047/1047 1046/1046
f 1111/1111 1112/1112 1048/1048 1047/1047
f 1112/1112 1113/1113 1049/1049 1048/1048
f 1113/1113 1114/1114 1050/1050 1049/1049
f 1114/1114 1115/1115 1051/1051 1050/1050
f 1115/1115 1116/1116 1052/1052 1051/1051
f 1116/1116 1117/1117 1053/1053 1052/1052
f 1117/1117 1118/1118 1054/1054 1053/1053
f 1118/1118 1119/1119 1055/1055 1054/1054
f 1119/1119 1120/1120 1056/1056 1055/1055
f 1120/1120 1121/1121 1057/1057 1056/1056
f 1121/1121 1122/1122 1058/1058 1057/1057
f 1122/1122 1123/1123 1059/1059 1058/1058
f 1123/1123 1124/1124 1060/1060 1059/1059
f 1124/1124 1125/1125 1061/1061 1060/1060
f 1125/1125 1126/1126 1062/1062 1061/1061
f 1126/1126 1127/1127 1063/1063 1062/1062
f 1127/1127 1128/1128 1064/1064 1063/1063
f 1128/1128 1129/1129 1065/1065 1064/1064
f 1129/1129 1130/1130 1066/1066 1065/1065
f 1130/1130 1131/1131 1067/1067 1066/1066
f 1131/1131 1132/1132 1068/1068 1067/1067
f 1132/1132 1133/1133 1069/1069 1068/1068
f 1133/1133 1134/1134 1070/1070 1069/1069
f 1134/1134 1135/1135 1071/1071 1070/1070
f 1135/1135 1136/1136 1072/1072 1071/1071
f 1136/1136 1137/1137 1073/1073 1072/1072
f 1137/1137 1138/1138 1074/1074 1073/1073
f 1138/1138 1139/1139 1075/1075 1074/1074
f 1139/1139 1140/1140 1076/1076 1075/1075
f 1140/1140 1141/1141 1077/1077 1076/1076
f 1141/1141 1142/1142 1078/1078 1077/1077
f 1142/1142 1143/1143 1079/1079 1078/1078
f 1143/1143 1144/1144 1080/1080 1079/1079
f 1144/1144 1145/1145 1081/1081 1080/1080
f 1145/1145 1146/1146 1082/1082 1081/1081
f 1146/1146 1147/1147 1083/1083 1082/1082
f 1147/1147 1148/1148 1084/1084 1083/1083
f 1148/1148 1149/1149 1085/1085 1084/1084
f 1149/1149 1150/1150 1086/1086 1085/1085
f 1150/1150 1151/1151 1087/1087 1086/1086
f 1151/1151 1152/1152 1088/1088 1087/1087
f 1152/1152 1089/1089 1025/1025 1088/1088
f 1153/1153 1154/1154 1090/1090 1089/1089
f 1154/1154 1155/1155 1091/1091 1090/1090
f 1155/1155 1156/1156 1092/1092 1091/1091
f 1156/1156 1157/1157 1093/1093 1092/1092
f 1157/1157 1158/1158 1094/1094 1093/1093
f 1158/1158 1159/1159 1095/1095 1094/1094
f 1159/1159 1160/1160 1096/1096 1095/1095
f 1160/1160 1161/1161 1097/1097 1096/1096
f 1161/1161 1162/1162 1098/1098 1097/1097
f 1162/1162 1163/1163 1099/1099 1098/1098
f 1163/1163 1164/1164 1100/1100 1099/1099
f 1164/1164 1165/1165 1101/1101 1100/1100
f 1165/1165 1166/1166 1102/1102 1101/1101
f 1166/1166 1167/1167 1103/1103 1102/1102
f 1167/1167 1168/1168 1104/1104 1103/1103
f 1168/1168 1169/1169 1105/1105 1104/1104
f 1169/1169 1170/1170 1106/1106 1105/1105
f 1170/1170 1171/1171 1107/1107 1106/1106
f 1171/1171 1172/1172 1108/1108 1107/1107
f 1172/1172 1173/1173 1109/1109 1108/1108
f 1173/1173 1174/1174 1110/1110 1109/1109
f 1174/1174 1175/1175 1111/1111 1110/1110
f 1175/1175 1176/1176 1112/1112 1111/1111
f 1176/1176 1177/1177 1113/1113 1112/1112
f 1177/1177 1178/1178 1114/1114 1113/1113
f 1178/1178 1179/1179 1115/1115 1114/1114
f 1179/1179 1180/1180 1116/1116 1115/1115
f 1180/1180 1181/1181 1117/1117 1116/1116
f 1181/1181 1182/1182 1118/1118 1117/1117
f 1182/1182 1183/1183 1119/1119 1118/1118
f 1183/1183 1184/1184 1120/1120 1119/1119
f 1184/1184 1185/1185 1121/1121 1120/1120
f 1185/1185 1186/1186 1122/1122 1121/1121
f 1186/1186 1187/1187 1123/1123 1122/1122
f 1187/1187 1188/1188 1124/1124 1123/1123
f 1188/1188 1189/1189 1125/1125 1124/1124
f 1189/1189 1190/1190 1126/1126 1125/1125
f 1190/1190 1191/1191 1127/1127 1126/1126
f 1191/1191 1192/1192 1128/1128 1127/1127
f 1192/1192 1193/1193 1129/1129 1128/1128
f 1193/1193 1194/1194 1130/1130 1129/1129
f 1194/1194 1195/1195 1131/1131 1130/1130
f 1195/1195 1196/1196 1132/1132 1131/1131
f 1196/1196 1197/1197 1133/1133 1132/1132
f 1197/1197 1198/1198 1134/1134 1133/1133
f 1198/1198 1199/1199 1135/1135 1134/1134
f 1199/1199 1200/1200 1136/1136 1135/1135
f 1200/1200 1201/1201 1137/1137 1136/1136
f 1201/1201 1202/1202 1138/1138 1137/1137
f 1202/1202 1203/1203 1139/1139 1138/1138
f 1203/1203 1204/1204 1140/1140 1139/1139
f 1204/1204 1205/1205 1141/1141 1140/1140
f 1205/1205 1206/1206 1142/1142 1141/1141
f 1206/1206 1207/1207 1143/1143 1142/1142
f 1207/1207 1208/1208 1144/1144 1143/1143
f 1208/1208 1209/1209 1145/1145 1144/1144
f 1209/1209 1210/1210 1146/1146 1145/1145
f 1210/1210 1211/1211 1147/1147 1146/1146
f 1211/1211 1212/1212 1148/1148 1147/1147
f 1212/1212 1213/1213 1149/1149 1148/1148
f 1213/1213 1214/1214 1150/1150 1149/1149
f 1214/1214 1215/1215 1151/1151 1150/1150
f 1215/1215 1216/1216 1152/1152 1151/1151
f 1216/1216 1153/1153 1089/1089 1152/1152
f 1217/1217 1218/1218 1154/1154 1153/1153
f 1218/1218 1219/1219 1155/1155 1154/1154
f 1219/1219 1220/1220 1156/1156 1155/1155
f 1220/1220 1221/1221 1157/1157 1156/1156
f 1221/1221 1222/1222 1158/1158 1157/1157
f 1222/1222 1223/1223 1159/1159 1158/1158
f 1223/1223 1224/1224 1160/1160 1159/1159
f 1224/1224 1225/1225 1161/1161 1160/1160
f 1225/1225 1226/1226 1162/1162 1161/1161
f 1226/1226 1227/1227 1163/1163 1162/1162
f 1227/1227 1228/1228 1164/1164 1163/1163
f 1228/1228 1229/1229 1165/1165 1164/1164
f 1229/1229 1230/1230 1166/1166 1165/1165
f 1230/1230 1231/1231 1167/1167 1166/1166
f 1231/1231 1232/1232 1168/1168 1167/1167
f 1232/1232 1233/1233 1169/1169 1168/1168
f 1233/1233 1234/1234 1170/1170 1169/1169
f 1234/1234 1235/1235 1171/1171 1170/1170
f 1235/1235 1236/1236 1172/1172 1171/1171
f 1236/1236 1237/1237 1173/1173 1172/1172
f 1237/1237 1238/1238 1174/1174 1173/1173
f 1238/1238 1239/1239 1175/1175 1174/1174
f 1239/1239 1240/1240 1176/1176 1175/1175
f 1240/1240 1241/1241 1177/1177 1176/1176
f 1241/1241 1242/1242 1178/1178 1177/1177
f 1242/1242 1243/1243 1179/1179 1178/1178
f 1243/1243 1244/1244 1180/1180 1179/1179
f 1244/1244 1245/1245 1181/1181 1180/1180
f 1245/1245 1246/1246 1182/1182 1181/1181
f 1246/1246 1247/1247 1183/1183 1182/1182
f 1247/1247 1248/1248 1184/1184 1183/1183
f 1248/1248 1249/1249 1185/1185 1184/1184
f 1249/1249 1250/1250 1186/1186 1185/1185
f 1250/1250 1251/1251 1187/1187 1186/1186
f 1251/1251 1252/1252 1188/1188 1187/1187
f 1252/1252 1253/1253 1189/1189 1188/1188
f 1253/1253 1254/1254 1190/1190 1189/1189
f 1254/1254 1255/1255 1191/1191 1190/1190
f 1255/1255 1256/1256 1192/1192 1191/1191
f 1256/1256 1257/1257 1193/1193 1192/1192
f 1257/1257 1258/1258 1194/1194 1193/1193
f 1258/1258 1259/1259 1195/1195 1194/1194
f 1259/1259 1260/1260 1196/1196 1195/1195
f 1260/1260 1261/1261 1197/1197 1196/1196
f 1261/1261 1262/1262 1198/1198 1197/1197
f 1262/1262 1263/1263 1199/1199 1198/1198
f 1263/1263 1264/1264 1200/1200 1199/1199
f 1264/1264 1265/1265 1201/1201 1200/1200
f 1265/1265 1266/1266 1202/1202 1201/1201
f 1266/1266 1267/1267 1203/1203 1202/1202
f 1267/1267 1268/1268 1204/1204 1203/1203
f 1268/1268 1269/1269 1205/1205 1204/1204
f 1269/1269 1270/1270 1206/1206 1205/1205
f 1270/1270 1271/1271 1207/1207 1206/1206
f 1271/1271 1272/1272 1208/1208 1207/1207
f 1272/1272 1273/1273 1209/1209 1208/1208
f 1273/1273 1274/1274 1210/1210 1209/1209
f 1274/1274 1275/1275 1211/1211 1210/1210
f 1275/1275 1276/1276 1212/1212 1211/1211
f 1276/1276 1277/1277 1213/1213 1212/1212
f 1277/1277 1278/1278 1214/1214 1213/1213
f 1278/1278 1279/1279 1215/1215 1214/1214
f 1279/1279 1280/1280 1216/1216 1215/1215
f 1280/1280 1217/1217 1153/1153 1216/1216
f 1025/1025 1026/1026 1218/1218 1217/1217
f 1026/1026 1027/1027 1219/1219 1218/1218
f 1027/1027 1028/1028 1220/1220 1219/1219
f 1028/1028 1029/1029 1221/1221 1220/1220
f 1029/1029 1030/1030 1222/1222 1221/1221
f 1030/1030 1031/1031 1223/1223 1222/1222
f 1031/1031 1032/1032 1224/1224 1223/1223
f 1032/1032 1033/1033 1225/1225 1224/1224
f 1033/1033 1034/1034 1226/1226 1225/1225
f 1034/1034 1035/1035 1227/1227 1226/1226
f 1035/1035 1036/1036 1228/1228 1227/1227
f 1036/1036 1037/1037 1229/1229 1228/1228
f 1037/1037 1038/1038 1230/1230 1229/1229
f 1038/1038 1039/1039 1231/1231 1230/1230
f 1039/1039 1040/1040 1232/1232 1231/1231
f 1040/1040 1041/1041 1233/1233 1232/1232
f 1041/1041 1042/1042 1234/1234 1233/1233
f 1042/1042 1043/1043 1235/1235 1234/1234
f 1043/1043 1044/1044 1236/1236 1235/1235
f 1044/1044 1045/1045 1237/1237 1236/1236
f 1045/1045 1046/1046 1238/1238 1237/1237
f 1046/1046 1047/1047 1239/1239 1238/1238
f 1047/1047 1048/1048 1240/1240 1239/1239
f 1048/1048 1049/1049 1241/1241 1240/1240
f 1049/1049 1050/1050 1242/1242 1241/1241
f 1050/1050 1051/1051 1243/1243 1242/1242
f 1051/1051 1052/1052 1244/1244 1243/1243
f 1052/1052 1053/1053 1245/1245 1244/1244
f 1053/1053 1054/1054 1246/1246 1245/1245
f 1054/1054 1055/1055 1247/1247 1246/1246
f 1055/1055 1056/1056 1248/1248 1247/1247
f 1056/1056 1057/1057 1249/1249 1248/1248
f 1057/1057 1058/1058 1250/1250 1249/1249
f 1058/1058 1059/1059 1251/1251 1250/1250
f 1059/1059 1060/1060 1252/1252 1251/1251
f 1060/1060 1061/1061 1253/1253 1252/1252
f 1061/1061 1062/1062 1254/1254 1253/1253
f 1062/1062 1063/1063 1255/1255 1254/1254
f 1063/1063 1064/1064 1256/1256 1255/1255
f 1064/1064 1065/1065 1257/1257 1256/1256
f 1065/1065 1066/1066 1258/1258 1257/1257
f 1066/1066 1067/1067 1259/1259 1258/1258
f 1067/1067 1068/1068 1260/1260 1259/1259
f 1068/1068 1069/1069 1261/1261 1260/1260
f 1069/1069 1070/1070 1262/1262 1261/1261
f 1070/1070 1071/1071 1263/1263 1262/1262
f 1071/1071 1072/1072 1264/1264 1263/1263
f 1072/1072 1073/1073 1265/1265 1264/1264
f 1073/1073 1074/1074 1266/1266 1265/1265
f 1074/1074 1075/1075 1267/1267 1266/1266
f 1075/1075 1076/1076 1268/1268 1267/1267
f 1076/1076 1077/1077 1269/1269 1268/1268
f 1077/1077 1078/1078 1270/1270 1269/1269
f 1078/1078 1079/1079 1271/1271 1270/1270
f 1079/1079 1080/1080 1272/1272 1271/1271
f 1080/1080 1081/1081 1273/1273 1272/1272
f 1081/1081 1082/1082 1274/1274 1273/1273
f 1082/1082 1083/1083 1275/1275 1274/1274
f 1083/1083 1084/1084 1276/1276 1275/1275
f 1084/1084 1085/1085 1277/1277 1276/1276
f 1085/1085 1086/1086 1278/1278 1277/1277
f 1086/1086 1087/1087 1279/1279 1278/1278
f 1087/1087 1088/1088 1280/1280 1279/1279
f 1088/1088 1025/1025 1217/1217 1280/1280
f 1345/1345 1346/1346 1282/1282 1281/1281
f 1346/1346 1347/1347 1283/1283 1282/1282
f 1347/1347 1348/1348 1284/1284 1283/1283
f 1348/1348 1349/1349 1285/1285 1284/1284
f 1349/1349 1350/1350 1286/1286 1285/1285
f 1350/1350 1351/1351 1287/1287 1286/1286
f 1351/1351 1352/1352 1288/1288 1287/1287
f 1352/1352 1353/1353 1289/1289 1288/1288
f 1353/1353 1354/1354 1290/1290 1289/1289
f 1354/1354 1355/1355 1291/1291 1290/1290
f 1355/1355 1356/1356 1292/1292 1291/1291
f 1356/1356 1357/1357 1293/1293 1292/1292
f 1357/1357 1358/1358 1294/1294 1293/1293
f 1358/1358 1359/1359 1295/1295 1294/1294
f 1359/1359 1360/1360 1296/1296 1295/1295
f 1360/1360 1361/1361 1297/1297 1296/1296
f 1361/1361 1362/1362 1298/1298 1297/1297
f 1362/1362 1363/1363 1299/1299 1298/1298
f 1363/1363 1364/1364 1300/1300 1299/1299
f 1364/1364 1365/1365 1301/1301 1300/1300
f 1365/1365 1366/1366 1302/1302 1301/1301
f 1366/1366 1367/1367 1303/1303 1302/1302
f 1367/1367 1368/1368 1304/1304 1303/1303
f 1368/1368 1369/1369 1305/1305 1304/1304
f 1369/1369 1370/1370 1306/1306 1305/1305
f 1370/1370 1371/1371 1307/1307 1306/1306
f 1371/1371 1372/1372 1308/1308 1307/1307
f 1372/1372 1373/1373 1309/1309 1308/1308
f 1373/1373 1374/1374 1310/1310 1309/1309
f 1374/1374 1375/1375 1311/1311 1310/1310
f 1375/1375 1376/1376 1312/1312 1311/1311
f 1376/1376 1377/1377 1313/1313 1312/1312
f 1377/1377 1378/1378 1314/1314 1313/1313
f 1378/1378 1379/1379 1315/1315 1314/1314
f 1379/1379 1380/1380 1316/1316 1315/1315
f 1380/1380 1381/1381 1317/1317 1316/1316
f 1381/1381 1382/1382 1318/1318 1317/1317
f 1382/1382 1383/1383 1319/1319 1318/1318
f 1383/1383 1384/1384 1320/1320 1319/1319
f 1384/1384 1385/1385 1321/1321 1320/1320
f 1385/1385 1386/1386 1322/1322 1321/1321
f 1386/1386 1387/1387 1323/1323 1322/1322
f 1387/1387 1388/1388 1324/1324 1323/1323
f 1388/1388 1389/1389 1325/1325 1324/1324
f 1389/1389 1390/1390 1326/1326 1325/1325
f 1390/1390 1391/1391 1327/1327 1326/1326
f 1391/1391 1392/1392 1328/1328 1327/1327
f 1392/1392 1393/1393 1329/1329 1328/1328
f 1393/1393 1394/1394 1330/1330 1329/1329
f 1394/1394 1395/1395 1331/1331 1330/1330
f 1395/1395 1396/1396 1332/1332 1331/1331
f 1396/1396 1397/1397 1333/1333 1332/1332
f 1397/1397 1398/1398 1334/1334 1333/1333
f 1398/1398 1399/1399 1335/1335 1334/1334
f 1399/1399 1400/1400 1336/1336 1335/1335
f 1400/1400 1401/1401 1337/1337 1336/1336
f 1401/1401 1402/1402 1338/1338 1337/1337
f 1402/1402 1403/1403 1339/1339 1338/1338
f 1403/1403 1404/1404 1340/1340 1339/1339
f 1404/1404 1405/1405 1341/1341 1340/1340
f 1405/1405 1406/1406 1342/1342 1341/1341
f 1406/1406 1407/1407 1343/1343 1342/1342
f 1407/1407 1408/1408 1344/1344 1343/1343
f 1408/1408 1345/1345 1281/1281 1344/1344
f 1409/1409 1410/1410 1346/1346 1345/1345
f 1410/1410 1411/1411 1347/1347 1346/1346
f 1411/1411 1412/1412 1348/1348 1347/1347
f 1412/1412 1413/1413 1349/1349 1348/1348
f 1413/1413 1414/1414 1350/1350 1349/1349
f 1414/1414 1415/1415 1351/1351 1350/1350
f 1415/1415 1416/1416 1352/1352 1351/1351
f 1416/1416 1417/1417 1353/1353 1352/1352
f 1417/1417 1418/1418 1354/1354 1353/1353
f 1418/1418 1419/1419 1355/1355 1354/1354
f 1419/1419 1420/1420 1356/1356 1355/1355
f 1420/1420 1421/1421 1357/1357 1356/1356
f 1421/1421 1422/1422 1358/1358 1357/1357
f 1422/1422 1423/1423 1359/1359 1358/1358
f 1423/1423 1424/1424 1360/1360 1359/1359
f 1424/1424 1425/1425 1361/1361 1360/1360
f 1425/1425 1426/1426 1362/1362 1361/1361
f 1426/1426 1427/1427 1363/1363 1362/1362
f 1427/1427 1428/1428 1364/1364 1363/1363
f 1428/1428 1429/1429 1365/1365 1364/1364
f 1429/1429 1430/1430 1366/1366 1365/1365
f 1430/1430 1431/1431 1367/1367 1366/1366
f 1431/1431 1432/1432 1368/1368 1367/1367
f 1432/1432 1433/1433 1369/1369 1368/1368
f 1433/1433 1434/1434 1370/1370 1369/1369
f 1434/1434 1435/1435 1371/1371 1370/1370
f 1435/1435 1436/1436 1372/1372 1371/1371
f 1436/1436 1437/1437 1373/1373 1372/1372
f 1437/1437 1438/1438 1374/1374 1373/1373
f 1438/1438 1439/1439 1375/1375 1374/1374
f 1439/1439 1440/1440 1376/1376 1375/1375
f 1440/1440 1441/1441 1377/1377 1376/1376
f 1441/1441 1442/1442 1378/1378 1377/1377
f 1442/1442 1443/1443 1379/1379 1378/1378
f 1443/1443 1444/1444 1380/1380 1379/1379
f 1444/1444 1445/1445 1381/1381 1380/1380
f 1445/1445 1446/1446 1382/1382 1381/1381
f 1446/1446 1447/1447 1383/1383 1382/1382
f 1447/1447 1448/1448 1384/1384 1383/1383
f 1448/1448 1449/1449 1385/1385 1384/1384
f 1449/1449 1450/1450 1386/1386 1385/1385
f 1450/1450 1451/1451 1387/1387 1386/1386
f 1451/1451 1452/1452 1388/1388 1387/1387
f 1452/1452 1453/1453 1389/1389 1388/1388
f 1453/1453 1454/1454 1390/1390 1389/1389
f 1454/1454 1455/1455 1391/1391 1390/1390
f 1455/1455 1456/1456 1392/1392 1391/1391
f 1456/1456 1457/1457 1393/1393 1392/1392
f 1457/1457 1458/1458 1394/1394 1393/1393
f 1458/1458 1459/1459 1395/1395 1394/1394
f 1459/1459 1460/1460 1396/1396 1395/1395
f 1460/1460 1461/1461 1397/1397 1396/1396
f 1461/1461 1462/1462 1398/1398 1397/1397
f 1462/1462 1463/1463 1399/1399 1398/1398
f 1463/1463 1464/1464 1400/1400 1399/1399
f 1464/1464 1465/1465 1401/1401 1400/1400
f 1465/1465 1466/1466 1402/1402 1401/1401
f 1466/1466 1467/1467 1403/1403 1402/1402
f 1467/1467 1468/1468 1404/1404 1403/1403
f 1468/1468 1469/1469 1405/1405 1404/1404
f 1469/1469 1470/1470 1406/1406 1405/1405
f 1470/1470 1471/1471 1407/1407 1406/1406
f 1471/1471 1472/1472 1408/1408 1407/1407
f 1472/1472 1409/1409 1345/1345 1408/1408
f 1473/1473 1474/1474 1410/1410 1409/1409
f 1474/1474 1475/1475 1411/1411 1410/1410
f 1475/1475 1476/1476 1412/1412 1411/1411
f 1476/1476 1477/1477 1413/1413 1412/1412
f 1477/1477 1478/1478 1414/1414 1413/1413
f 1478/1478 1479/1479 1415/1415 1414/1414
f 1479/1479 1480/1480 1416/1416 1415/1415
f 1480/1480 1481/1481 1417/1417 1416/1416
f 1481/1481 1482/1482 1418/1418 1417/1417
f 1482/1482 1483/1483 1419/1419 1418/1418
f 1483/1483 1484/1484 1420/1420 1419/1419
f 1484/1484 1485/1485 1421/1421 1420/1420
f 1485/1485 1486/1486 1422/1422 1421/1421
f 1486/1486 1487/1487 1423/1423 1422/1422
f 1487/1487 1488/1488 1424/1424 1423/1423
f 1488/1488 1489/1489 1425/1425 1424/1424
f 1489/1489 1490/1490 1426/1426 1425/1425
f 1490/1490 1491/1491 1427/1427 1426/1426
f 1491/1491 1492/1492 1428/1428 1427/1427
f 1492/1492 1493/1493 1429/1429 1428/1428
f 1493/1493 1494/1494 1430/1430 1429/1429
f 1494/1494 1495/1495 1431/1431 1430/1430
f 1495/1495 1496/1496 1432/1432 1431/1431
f 1496/1496 1497/1497 1433/1433 1432/1432
f 1497/1497 1498/1498 1434/1434 1433/1433
f 1498/1498 1499/1499 1435/1435 1434/1434
f 1499/1499 1500/1500 1436/1436 1435/1435
f 1500/1500 1501/1501 1437/1437 1436/1436
f 1501/1501 1502/1502 1438/1438 1437/1437
f 1502/1502 1503/1503 1439/1439 1438/1438
f 1503/1503 1504/1504 1440/1440 1439/1439
f 1504/1504 1505/1505 1441/1441 1440/1440
f 1505/1505 1506/1506 1442/1442 1441/1441
f 1506/1506 1507/1507 1443/1443 1442/1442
f 1507/1507 1508/1508 1444/1444 1443/1443
f 1508/1508 1509/1509 1445/1445 1444/1444
f 1509/1509 1510/1510 1446/1446 1445/1445
f 1510/1510 1511/1511 1447/1447 1446/1446
f 1511/1511 1512/1512 1448/1448 1447/1447
f 1512/1512 1513/1513 1449/1449 1448/1448
f 1513/1513 1514/1514 1450/1450 1449/1449
f 1514/1514 1515/1515 1451/1451 1450/1450
f 1515/1515 1516/1516 1452/1452 1451/1451
f 1516/1516 1517/1517 1453/1453 1452/1452
f 1517/1517 1518/1518 1454/1454 1453/1453
f 1518/1518 1519/1519 1455/1455 1454/1454
f 1519/1519 1520/1520 1456/1456 1455/1455
f 1520/1520 1521/1521 1457/1457 1456/1456
f 1521/1521 1522/1522 1458/1458 1457/1457
f 1522/1522 1523/1523 1459/1459 1458/1458
f 1523/1523 1524/1524 1460/1460 1459/1459
f 1524/1524 1525/1525 1461/1461 1460/1460
f 1525/1525 1526/1526 1462/1462 1461/1461
f 1526/1526 1527/1527 1463/1463 1462/1462
f 1527/1527 1528/1528 1464/1464 1463/1463
f 1528/1528 1529/1529 1465/1465 1464/1464
f 1529/1529 1530/1530 1466/1466 1465/1465
f 1530/1530 1531/1531 1467/1467 1466/1466
f 1531/1531 1532/1532 1468/1468 1467/1467
f 1532/1532 1533/1533 1469/1469 1468/1468
f 1533/1533 1534/1534 1470/1470 1469/1469
f 1534/1534 1535/1535 1471/1471 1470/1470
f 1535/1535 1536/1536 1472/1472 1471/1471
f 1536/1536 1473/1473 1409/1409 1472/1472
f 1281/1281 1282/1282 1474/1474 1473/1473
f 1282/1282 1283/1283 1475/1475 1474/1474
f 1283/1283 1284/1284 1476/1476 1475/1475
f 1284/1284 1285/1285 1477/1477 1476/1476
f 1285/1285 1286/1286 1478/1478 1477/1477
f 1286/1286 1287/1287 1479/1479 1478/1478
f 1287/1287 1288/1288 1480/1480 1479/1479
f 1288/1288 1289/1289 1481/1481 1480/1480
f 1289/1289 1290/1290 1482/1482 1481/1481
f 1290/1290 1291/1291 1483/1483 1482/1482
f 1291/1291 1292/1292 1484/1484 1483/1483
f 1292/1292 1293/1293 1485/1485 1484/1484
f 1293/1293 1294/1294 1486/1486 1485/1485
f 1294/1294 1295/1295 1487/1487 1486/1486
f 1295/1295 1296/1296 1488/1488 1487/1487
f 1296/1296 1297/1297 1489/1489 1488/1488
f 1297/1297 1298/1298 1490/1490 1489/1489
f 1298/1298 1299/1299 1491/1491 1490/1490
f 1299/1299 1300/1300 1492/1492 1491/1491
f 1300/1300 1301/1301 1493/1493 1492/1492
f 1301/1301 1302/1302 1494/1494 1493/1493
f 1302/1302 1303/1303 1495/1495 1494/1494
f 1303/1303 1304/1304 1496/1496 1495/1495
f 1304/1304 1305/1305 1497/1497 1496/1496
f 1305/1305 1306/1306 1498/1498 1497/1497
f 1306/1306 1307/1307 1499/1499 1498/1498
f 1307/1307 1308/1308 1500/1500 1499/1499
f 1308/1308 1309/1309 1501/1501 1500/1500
f 1309/1309 1310/1310 1502/1502 1501/1501
f 1310/1310 1311/1311 1503/1503 1502/1502
f 1311/1311 1312/1312 1504/1504 1503/1503
f 1312/1312 1313/1313 1505/1505 1504/1504
f 1313/1313 1314/1314 1506/1506 1505/1505
f 1314/1314 1315/1315 1507/1507 1506/1506
f 1315/1315 1316/1316 1508/1508 1507/1507
f 1316/1316 1317/1317 1509/1509 1508/1508
f 1317/1317 1318/1318 1510/1510 1509/1509
f 1318/1318 1319/1319 1511/1511 1510/1510
f 1319/1319 1320/1320 1512/1512 1511/1511
f 1320/1320 1321/1321 1513/1513 1512/1512
f 1321/1321 1322/1322 1514/1514 1513/1513
f 1322/1322 1323/1323 1515/1515 1514/1514
f 1323/1323 1324/1324 1516/1516 1515/1515
f 1324/1324 1325/1325 1517/1517 1516/1516
f 1325/1325 1326/1326 1518/1518 1517/1517
f 1326/1326 1327/1327 1519/1519 1518/1518
f 1327/1327 1328/1328 1520/1520 1519/1519
f 1328/1328 1329/1329 1521/1521 1520/1520
f 1329/1329 1330/1330 1522/1522 1521/1521
f 1330/1330 1331/1331 1523/1523 1522/1522
f 1331/1331 1332/1332 1524/1524 1523/1523
f 1332/1332 1333/1333 1525/1525 1524/1524
f 1333/1333 1334/1334 1526/1526 1525/1525
f 1334/1334 1335/1335 1527/1527 1526/1526
f 1335/1335 1336/1336 1528/1528 1527/1527
f 1336/1336 1337/1337 1529/1529 1528/1528
f 1337/1337 1338/1338 1530/1530 1529/1529
f 1338/1338 1339/1339 1531/1531 1530/1530
f 1339/1339 1340/1340 1532/1532 1531/1531
f 1340/1340 1341/1341 1533/1533 1532/1532
f 1341/1341 1342/1342 1534/1534 1533/1533
f 1342/1342 1343/1343 1535/1535 1534/1534
f 1343/1343 1344/1344 1536/1536 1535/1535
f 1344/1344 1281/1281 1473/1473 1536/1536
f 1561/1561 1562/1562 1538/1538 1537/1537
f 1562/1562 1563/1563 1539/1539 1538/1538
f 1563/1563 1564/1564 1540/1540 1539/1539
f 1564/1564 1565/1565 1541/1541 1540/1540
f 1565/1565 1566/1566 1542/1542 1541/1541
f 1566/1566 1567/1567 1543/1543 1542/1542
f 1567/1567 1568/1568 1544/1544 1543/1543
f 1568/1568 1569/1569 1545/1545 1544/1544
f 1569/1569 1570/1570 1546/1546 1545/1545
f 1570/1570 1571/1571 1547/1547 1546/1546
f 1571/1571 1572/1572 1548/1548 1547/1547
f 1572/1572 1573/1573 1549/1549 1548/1548
f 1573/1573 1574/1574 1550/1550 1549/1549
f 1574/1574 1575/1575 1551/1551 1550/1550
f 1575/1575 1576/1576 1552/1552 1551/1551
f 1576/1576 1577/1577 1553/1553 1552/1552
f 1577/1577 1578/1578 1554/1554 1553/1553
f 1578/1578 1579/1579 1555/1555 1554/1554
f 1579/1579 1580/1580 1556/1556 1555/1555
f 1580/1580 1581/1581 1557/1557 1556/1556
f 1581/1581 1582/1582 1558/1558 1557/1557
f 1582/1582 1583/1583 1559/1559 1558/1558
f 1583/1583 1584/1584 1560/1560 1559/1559
f 1584/1584 1561/1561 1537/1537 1560/1560
f 1585/1585 1586/1586 1562/1562 1561/1561
f 1586/1586 1587/1587 1563/1563 1562/1562
f 1587/1587 1588/1588 1564/1564 1563/1563
f 1588/1588 1589/1589 1565/1565 1564/1564
f 1589/1589 1590/1590 1566/1566 1565/1565
f 1590/1590 1591/1591 1567/1567 1566/1566
f 1591/1591 1592/1592 1568/1568 1567/1567
f 1592/1592 1593/1593 1569/1569 1568/1568
f 1593/1593 1594/1594 1570/1570 1569/1569
f 1594/1594 1595/1595 1571/1571 1570/1570
f 1595/1595 1596/1596 1572/1572 1571/1571
f 1596/1596 1597/1597 1573/1573 1572/1572
f 1597/1597 1598/1598 1574/1574 1573/1573
f 1598/1598 1599/1599 1575/1575 1574/1574
f 1599/1599 1600/1600 1576/1576 1575/1575
f 1600/1600 1601/1601 1577/1577 1576/1576
f 1601/1601 1602/1602 1578/1578 1577/1577
f 1602/1602 1603/1603 1579/1579 1578/1578
f 1603/1603 1604/1604 1580/1580 1579/1579
f 1604/1604 1605/1605 1581/1581 1580/1580
f 1605/1605 1606/1606 1582/1582 1581/1581
f 1606/1606 1607/1607 1583/1583 1582/1582
f 1607/1607 1608/1608 1584/1584 1583/1583
f 1608/1608 1585/1585 1561/1561 1584/1584
f 1609/1609 1610/1610 1586/1586 1585/1585
f 1610/1610 1611/1611 1587/1587 1586/1586
f 1611/1611 1612/1612 1588/1588 1587/1587
f 1612/1612 1613/1613 1589/1589 1588/1588
f 1613/1613 1614/1614 1590/1590 1589/1589
f 1614/1614 1615/1615 1591/1591 1590/1590
f 1615/1615 1616/1616 1592/1592 1591/1591
f 1616/1616 1617/1617 1593/1593 1592/1592
f 1617/1617 1618/1618 1594/1594 1593/1593
f 1618/1618 1619/1619 1595/1595 1594/1594
f 1619/1619 1620/1620 1596/1596 1595/1595
f 1620/1620 1621/1621 1597/1597 1596/1596
f 1621/1621 1622/1622 1598/1598 1597/1597
f 1622/1622 1623/1623 1599/1599 1598/1598
f 1623/1623 1624/1624 1600/1600 1599/1599
f 1624/1624 1625/1625 1601/1601 1600/1600
f 1625/1625 1626/1626 1602/1602 1601/1601
f 1626/1626 1627/1627 1603/1603 1602/1602
f 1627/1627 1628/1628 1604/1604 1603/1603
f 1628/1628 1629/1629 1605/1605 1604/1604
f 1629/1629 1630/1630 1606/1606 1605/1605
f 1630/1630 1631/1631 1607/1607 1606/1606
f 1631/1631 1632/1632 1608/1608 1607/1607
f 1632/1632 1609/1609 1585/1585 1608/1608
f 1633/1633 1634/1634 1610/1610 1609/1609
f 1634/1634 1635/1635 1611/1611 1610/1610
f 1635/1635 1636/1636 1612/1612 1611/1611
f 1636/1636 1637/1637 1613/1613 1612/1612
f 1637/1637 1638/1638 1614/1614 1613/1613
f 1638/1638 1639/1639 1615/1615 1614/1614
f 1639/1639 1640/1640 1616/1616 1615/1615
f 1640/1640 1641/1641 1617/1617 1616/1616
f 1641/1641 1642/1642 1618/1618 1617/1617
f 1642/1642 1643/1643 1619/1619 1618/1618
f 1643/1643 1644/1644 1620/1620 1619/1619
f 1644/1644 1645/1645 1621/1621 1620/1620
f 1645/1645 1646/1646 1622/1622 1621/1621
f 1646/1646 1647/1647 1623/1623 1622/1622
f 1647/1647 1648/1648 1624/1624 1623/1623
f 1648/1648 1649/1649 1625/1625 1624/1624
f 1649/1649 1650/1650 1626/1626 1625/1625
f 1650/1650 1651/1651 1627/1627 1626/1626
f 1651/1651 1652/1652 1628/1628 1627/1627
f 1652/1652 1653/1653 1629/1629 1628/1628
f 1653/1653 1654/1654 1630/1630 1629/1629
f 1654/1654 1655/1655 1631/1631 1630/1630
f 1655/1655 1656/1656 1632/1632 1631/1631
f 1656/1656 1633/1633 1609/1609 1632/1632
f 1657/1657 1658/1658 1634/1634 1633/1633
f 1658/1658 1659/1659 1635/1635 1634/1634
f 1659/1659 1660/1660 1636/1636 1635/1635
f 1660/1660 1661/1661 1637/1637 1636/1636
f 1661/1661 1662/1662 1638/1638 1637/1637
f 1662/1662 1663/1663 1639/1639 1638/1638
f 1663/1663 1664/1664 1640/1640 1639/1639
f 1664/1664 1665/1665 1641/1641 1640/1640
f 1665/1665 1666/1666 1642/1642 1641/1641
f 1666/1666 1667/1667 1643/1643 1642/1642
f 1667/1667 1668/1668 1644/1644 1643/1643
f 1668/1668 1669/1669 1645/1645 1644/1644
f 1669/1669 1670/1670 1646/1646 1645/1645
f 1670/1670 1671/1671 1647/1647 1646/1646
f 1671/1671 1672/1672 1648/1648 1647/1647
f 1672/1672 1673/1673 1649/1649 1648/1648
f 1673/1673 1674/1674 1650/1650 1649/1649
f 1674/1674 1675/1675 1651/1651 1650/1650
f 1675/1675 1676/1676 1652/1652 1651/1651
f 1676/1676 1677/1677 1653/1653 1652/1652
f 1677/1677 1678/1678 1654/1654 1653/1653
f 1678/1678 1679/1679 1655/1655 1654/1654
f 1679/1679 1680/1680 1656/1656 1655/1655
f 1680/1680 1657/1657 1633/1633 1656/1656
f 1681/1681 1682/1682 1658/1658 1657/1657
f 1682/1682 1683/1683 1659/1659 1658/1658
f 1683/1683 1684/1684 1660/1660 1659/1659
f 1684/1684 1685/1685 1661/1661 1660/1660
f 1685/1685 1686/1686 1662/1662 1661/1661
f 1686/1686 1687/1687 1663/1663 1662/1662
f 1687/1687 1688/1688 1664/1664 1663/1663
f 1688/1688 1689/1689 1665/1665 1664/1664
f 1689/1689 1690/1690 1666/1666 1665/1665
f 1690/1690 1691/1691 1667/1667 1666/1666
f 1691/1691 1692/1692 1668/1668 1667/1667
f 1692/1692 1693/1693 1669/1669 1668/1668
f 1693/1693 1694/1694 1670/1670 1669/1669
f 1694/1694 1695/1695 1671/1671 1670/1670
f 1695/1695 1696/1696 1672/1672 1671/1671
f 1696/1696 1697/1697 1673/1673 1672/1672
f 1697/1697 1698/1698 1674/1674 1673/1673
f 1698/1698 1699/1699 1675/1675 1674/1674
f 1699/1699 1700/1700 1676/1676 1675/1675
f 1700/1700 1701/1701 1677/1677 1676/1676
f 1701/1701 1702/1702 1678/1678 1677/1677
f 1702/1702 1703/1703 1679/1679 1678/1678
f 1703/1703 1704/1704 1680/1680 1679/1679
f 1704/1704 1681/1681 1657/1657 1680/1680
f 1705/1705 1706/1706 1682/1682 1681/1681
f 1706/1706 1707/1707 1683/1683 1682/1682
f 1707/1707 1708/1708 1684/1684 1683/1683
f 1708/1708 1709/1709 1685/1685 1684/1684
f 1709/1709 1710/1710 1686/1686 1685/1685
f 1710/1710 1711/1711 1687/1687 1686/1686
f 1711/1711 1712/1712 1688/1688 1687/1687
f 1712/1712 1713/1713 1689/1689 1688/1688
f 1713/1713 1714/1714 1690/1690 1689/1689
f 1714/1714 1715/1715 1691/1691 1690/1690
f 1715/1715 1716/1716 1692/1692 1691/1691
f 1716/1716 1717/1717 1693/1693 1692/1692
f 1717/1717 1718/1718 1694/1694 1693/1693
f 1718/1718 1719/1719 1695/1695 1694/1694
f 1719/1719 1720/1720 1696/1696 1695/1695
f 1720/1720 1721/1721 1697/1697 1696/1696
f 1721/1721 1722/1722 1698/1698 1697/1697
f 1722/1722 1723/1723 1699/1699 1698/1698
f 1723/1723 1724/1724 1700/1700 1699/1699
f 1724/1724 1725/1725 1701/1701 1700/1700
f 1725/1725 1726/1726 1702/1702 1701/1701
f 1726/1726 1727/1727 1703/1703 1702/1702
f 1727/1727 1728/1728 1704/1704 1703/1703
f 1728/1728 1705/1705 1681/1681 1704/1704
f 1729/1729 1730/1730 1706/1706 1705/1705
f 1730/1730 1731/1731 1707/1707 1706/1706
f 1731/1731 1732/1732 1708/1708 1707/1707
f 1732/1732 1733/1733 1709/1709 1708/1708
f 1733/1733 1734/1734 1710/1710 1709/1709
f 1734/1734 1735/1735 1711/1711 1710/1710
f 1735/1735 1736/1736 1712/1712 1711/1711
f 1736/1736 1737/1737 1713/1713 1712/1712
f 1737/1737 1738/1738 1714/1714 1713/1713
f 1738/1738 1739/1739 1715/1715 1714/1714
f 1739/1739 1740/1740 1716/1716 1715/1715
f 1740/1740 1741/1741 1717/1717 1716/1716
f 1741/1741 1742/1742 1718/1718 1717/1717
f 1742/1742 1743/1743 1719/1719 1718/1718
f 1743/1743 1744/1744 1720/1720 1719/1719
f 1744/1744 1745/1745 1721/1721 1720/1720
f 1745/1745 1746/1746 1722/1722 1721/1721
f 1746/1746 1747/1747 1723/1723 1722/1722
f 1747/1747 1748/1748 1724/1724 1723/1723
f 1748/1748 1749/1749 1725/1725 1724/1724
f 1749/1749 1750/1750 1726/1726 1725/1725
f 1750/1750 1751/1751 1727/1727 1726/1726
f 1751/1751 1752/1752 1728/1728 1727/1727
f 1752/1752 1729/1729 1705/1705 1728/1728
f 1753/1753 1754/1754 1730/1730 1729/1729
f 1754/1754 1755/1755 1731/1731 1730/1730
f 1755/1755 1756/1756 1732/1732 1731/1731
f 1756/1756 1757/1757 1733/1733 1732/1732
f 1757/1757 1758/1758 1734/1734 1733/1733
f 1758/1758 1759/1759 1735/1735 1734/1734
f 1759/1759 1760/1760 1736/1736 1735/1735
f 1760/1760 1761/1761 1737/1737 1736/1736
f 1761/1761 1762/1762 1738/1738 1737/1737
f 1762/1762 1763/1763 1739/1739 1738/1738
f 1763/1763 1764/1764 1740/1740 1739/1739
f 1764/1764 1765/1765 1741/1741 1740/1740
f 1765/1765 1766/1766 1742/1742 1741/1741
f 1766/1766 1767/1767 1743/1743 1742/1742
f 1767/1767 1768/1768 1744/1744 1743/1743
f 1768/1768 1769/1769 1745/1745 1744/1744
f 1769/1769 1770/1770 1746/1746 1745/1745
f 1770/1770 1771/1771 1747/1747 1746/1746
f 1771/1771 1772/1772 1748/1748 1747/1747
f 1772/1772 1773/1773 1749/1749 1748/1748
f 1773/1773 1774/1774 1750/1750 1749/1749
f 1774/1774 1775/1775 1751/1751 1750/1750
f 1775/1775 1776/1776 1752/1752 1751/1751
f 1776/1776 1753/1753 1729/1729 1752/1752
f 1777/1777 1778/1778 1754/1754 1753/1753
f 1778/1778 1779/1779 1755/1755 1754/1754
f 1779/1779 1780/1780 1756/1756 1755/1755
f 1780/1780 1781/1781 1757/1757 1756/1756
f 1781/1781 1782/1782 1758/1758 1757/1757
f 1782/1782 1783/1783 1759/1759 1758/1758
f 1783/1783 1784/1784 1760/1760 1759/1759
f 1784/1784 1785/1785 1761/1761 1760/1760
f 1785/1785 1786/1786 1762/1762 1761/1761
f 1786/1786 1787/1787 1763/1763 1762/1762
f 1787/1787 1788/1788 1764/1764 1763/1763
f 1788/1788 1789/1789 1765/1765 1764/1764
f 1789/1789 1790/1790 1766/1766 1765/1765
f 1790/1790 1791/1791 1767/1767 1766/1766
f 1791/1791 1792/1792 1768/1768 1767/1767
f 1792/1792 1793/1793 1769/1769 1768/1768
f 1793/1793 1794/1794 1770/1770 1769/1769
f 1794/1794 1795/1795 1771/1771 1770/1770
f 1795/1795 1796/1796 1772/1772 1771/1771
f 1796/1796 1797/1797 1773/1773 1772/1772
f 1797/1797 1798/1798 1774/1774 1773/1773
f 1798/1798 1799/1799 1775/1775 1774/1774
f 1799/1799 1800/1800 1776/1776 1775/1775
f 1800/1800 1777/1777 1753/1753 1776/1776
f 1801/1801 1802/1802 1778/1778 1777/1777
f 1802/1802 1803/1803 1779/1779 1778/1778
f 1803/1803 1804/1804 1780/1780 1779/1779
f 1804/1804 1805/1805 1781/1781 1780/1780
f 1805/1805 1806/1806 1782/1782 1781/1781
f 1806/1806 1807/1807 1783/1783 1782/1782
f 1807/1807 1808/1808 1784/1784 1783/1783
f 1808/1808 1809/1809 1785/1785 1784/1784
f 1809/1809 1810/1810 1786/1786 1785/1785
f 1810/1810 1811/1811 1787/1787 1786/1786
f 1811/1811 1812/1812 1788/1788 1787/1787
f 1812/1812 1813/1813 1789/1789 1788/1788
f 1813/1813 1814/1814 1790/1790 1789/1789
f 1814/1814 1815/1815 1791/1791 1790/1790
f 1815/1815 1816/1816 1792/1792 1791/1791
f 1816/1816 1817/1817 1793/1793 1792/1792
f 1817/1817 1818/1818 1794/1794 1793/1793
f 1818/1818 1819/1819 1795/1795 1794/1794
f 1819/1819 1820/1820 1796/1796 1795/1795
f 1820/1820 1821/1821 1797/1797 1796/1796
f 1821/1821 1822/1822 1798/1798 1797/1797
f 1822/1822 1823/1823 1799/1799 1798/1798
f 1823/1823 1824/1824 1800/1800 1799/1799
f 1824/1824 1801/1801 1777/1777 1800/1800
f 1825/1825 1826/1826 1802/1802 1801/1801
f 1826/1826 1827/1827 1803/1803 1802/1802
f 1827/1827 1828/1828 1804/1804 1803/1803
f 1828/1828 1829/1829 1805/1805 1804/1804
f 1829/1829 1830/1830 1806/1806 1805/1805
f 1830/1830 1831/1831 1807/1807 1806/1806
f 1831/1831 1832/1832 1808/1808 1807/1807
f 1832/1832 1833/1833 1809/1809 1808/1808
f 1833/1833 1834/1834 1810/1810 1809/1809
f 1834/1834 1835/1835 1811/1811 1810/1810
f 1835/1835 1836/1836 1812/1812 1811/1811
f 1836/1836 1837/1837 1813/1813 1812/1812
f 1837/1837 1838/1838 1814/1814 1813/1813
f 1838/1838 1839/1839 1815/1815 1814/1814
f 1839/1839 1840/1840 1816/1816 1815/1815
f 1840/1840 1841/1841 1817/1817 1816/1816
f 1841/1841 1842/1842 1818/1818 1817/1817
f 1842/1842 1843/1843 1819/1819 1818/1818
f 1843/1843 1844/1844 1820/1820 1819/1819
f 1844/1844 1845/1845 1821/1821 1820/1820
f 1845/1845 1846/1846 1822/1822 1821/1821
f 1846/1846 1847/1847 1823/1823 1822/1822
f 1847/1847 1848/1848 1824/1824 1823/1823
f 1848/1848 1825/1825 1801/1801 1824/1824
f 1873/1873 1874/1874 1850/1850 1849/1849
f 1874/1874 1875/1875 1851/1851 1850/1850
f 1875/1875 1876/1876 1852/1852 1851/1851
f 1876/1876 1877/1877 1853/1853 1852/1852
f 1877/1877 1878/1878 1854/1854 1853/1853
f 1878/1878 1879/1879 1855/1855 1854/1854
f 1879/1879 1880/1880 1856/1856 1855/1855
f 1880/1880 1881/1881 1857/1857 1856/1856
f 1881/1881 1882/1882 1858/1858 1857/1857
f 1882/1882 1883/1883 1859/1859 1858/1858
f 1883/1883 1884/1884 1860/1860 1859/1859
f 1884/1884 1885/1885 1861/1861 1860/1860
f 1885/1885 1886/1886 1862/1862 1861/1861
f 1886/1886 1887/1887 1863/1863 1862/1862
f 1887/1887 1888/1888 1864/1864 1863/1863
f 1888/1888 1889/1889 1865/1865 1864/1864
f 1889/1889 1890/1890 1866/1866 1865/1865
f 1890/1890 1891/1891 1867/1867 1866/1866
f 1891/1891 1892/1892 1868/1868 1867/1867
f 1892/1892 1893/1893 1869/1869 1868/1868
f 1893/1893 1894/1894 1870/1870 1869/1869
f 1894/1894 1895/1895 1871/1871 1870/1870
f 1895/1895 1896/1896 1872/1872 1871/1871
f 1896/1896 1873/1873 1849/1849 1872/1872
f 1897/1897 1898/1898 1874/1874 1873/1873
f 1898/1898 1899/1899 1875/1875 1874/1874
f 1899/1899 1900/1900 1876/1876 1875/1875
f 1900/1900 1901/1901 1877/1877 1876/1876
f 1901/1901 1902/1902 1878/1878 1877/1877
f 1902/1902 1903/1903 1879/1879 1878/1878
f 1903/1903 1904/1904 1880/1880 1879/1879
f 1904/1904 1905/1905 1881/1881 1880/1880
f 1905/1905 1906/1906 1882/1882 1881/1881
f 1906/1906 1907/1907 1883/1883 1882/1882
f 1907/1907 1908/1908 1884/1884 1883/1883
f 1908/1908 1909/1909 1885/1885 1884/1884
f 1909/1909 1910/1910 1886/1886 1885/1885
f 1910/1910 1911/1911 1887/1887 1886/1886
f 1911/1911 1912/1912 1888/1888 1887/1887
f 1912/1912 1913/1913 1889/1889 1888/1888
f 1913/1913 1914/1914 1890/1890 1889/1889
f 1914/1914 1915/1915 1891/1891 1890/1890
f 1915/1915 1916/1916 1892/1892 1891/1891
f 1916/1916 1917/1917 1893/1893 1892/1892
f 1917/1917 1918/1918 1894/1894 1893/1893
f 1918/1918 1919/1919 1895/1895 1894/1894
f 1919/1919 1920/1920 1896/1896 1895/1895
f 1920/1920 1897/1897 1873/1873 1896/1896
f 1921/1921 1922/1922 1898/1898 1897/1897
f 1922/1922 1923/1923 1899/1899 1898/1898
f 1923/1923 1924/1924 1900/1900 1899/1899
f 1924/1924 1925/1925 1901/1901 1900/1900
f 1925/1925 1926/1926 1902/1902 1901/1901
f 1926/1926 1927/1927 1903/1903 1902/1902
f 1927/1927 1928/1928 1904/1904 1903/1903
f 1928/1928 1929/1929 1905/1905 1904/1904
f 1929/1929 1930/1930 1906/1906 1905/1905
f 1930/1930 1931/1931 1907/1907 1906/1906
f 1931/1931 1932/1932 1908/1908 1907/1907
f 1932/1932 1933/1933 1909/1909 1908/1908
f 1933/1933 1934/1934 1910/1910 1909/1909
f 1934/1934 1935/1935 1911/1911 1910/1910
f 1935/1935 1936/1936 1912/1912 1911/1911
f 1936/1936 1937/1937 1913/1913 1912/1912
f 1937/1937 1938/1938 1914/1914 1913/1913
f 1938/1938 1939/1939 1915/1915 1914/1914
f 1939/1939 1940/1940 1916/1916 1915/1915
f 1940/1940 1941/1941 1917/1917 1916/1916
f 1941/1941 1942/1942 1918/1918 1917/1917
f 1942/1942 1943/1943 1919/1919 1918/1918
f 1943/1943 1944/1944 1920/1920 1919/1919
f 1944/1944 1921/1921 1897/1897 1920/1920
f 1945/1945 1946/1946 1922/1922 1921/1921
f 1946/1946 1947/1947 1923/1923 1922/1922
f 1947/1947 1948/1948 1924/1924 1923/1923
f 1948/1948 1949/1949 1925/1925 1924/1924
f 1949/1949 1950/1950 1926/1926 1925/1925
f 1950/1950 1951/1951 1927/1927 1926/1926
f 1951/1951 1952/1952 1928/1928 1927/1927
f 1952/1952 1953/1953 1929/1929 1928/1928
f 1953/1953 1954/1954 1930/1930 1929/1929
f 1954/1954 1955/1955 1931/1931 1930/1930
f 1955/1955 1956/1956 1932/1932 1931/1931
f 1956/1956 1957/1957 1933/1933 1932/1932
f 1957/1957 1958/1958 1934/1934 1933/1933
f 1958/1958 1959/1959 1935/1935 1934/1934
f 1959/1959 1960/1960 1936/1936 1935/1935
f 1960/1960 1961/1961 1937/1937 1936/1936
f 1961/1961 1962/1962 1938/1938 1937/1937
f 1962/1962 1963/1963 1939/1939 1938/1938
f 1963/1963 1964/1964 1940/1940 1939/1939
f 1964/1964 1965/1965 1941/1941 1940/1940
f 1965/1965 1966/1966 1942/1942 1941/1941
f 1966/1966 1967/1967 1943/1943 1942/1942
f 1967/1967 1968/1968 1944/1944 1943/1943
f 1968/1968 1945/1945 1921/1921 1944/1944
f 1969/1969 1970/1970 1946/1946 1945/1945
f 1970/1970 1971/1971 1947/1947 1946/1946
f 1971/1971 1972/1972 1948/1948 1947/1947
f 1972/1972 1973/1973 1949/1949 1948/1948
f 1973/1973 1974/1974 1950/1950 1949/1949
f 1974/1974 1975/1975 1951/1951 1950/1950
f 1975/1975 1976/1976 1952/1952 1951/1951
f 1976/1976 1977/1977 1953/1953 1952/1952
f 1977/1977 1978/1978 1954/1954 1953/1953
f 1978/1978 1979/1979 1955/1955 1954/1954
f 1979/1979 1980/1980 1956/1956 1955/1955
f 1980/1980 1981/1981 1957/1957 1956/1956
f 1981/1981 1982/1982 1958/1958 1957/1957
f 1982/1982 1983/1983 1959/1959 1958/1958
f 1983/1983 1984/1984 1960/1960 1959/1959
f 1984/1984 1985/1985 1961/1961 1960/1960
f 1985/1985 1986/1986 1962/1962 1961/1961
f 1986/1986 1987/1987 1963/1963 1962/1962
f 1987/1987 1988/1988 1964/1964 1963/1963
f 1988/1988 1989/1989 1965/1965 1964/1964
f 1989/1989 1990/1990 1966/1966 1965/1965
f 1990/1990 1991/1991 1967/1967 1966/1966
f 1991/1991 1992/1992 1968/1968 1967/1967
f 1992/1992 1969/1969 1945/1945 1968/1968
f 1993/1993 1994/1994 1970/1970 1969/1969
f 1994/1994 1995/1995 1971/1971 1970/1970
f 1995/1995 1996/1996 1972/1972 1971/1971
f 1996/1996 1997/1997 1973/1973 1972/1972
f 1997/1997 1998/1998 1974/1974 1973/1973
f 1998/1998 1999/1999 1975/1975 1974/1974
f 1999/1999 2000/2000 1976/1976 1975/1975
f 2000/2000 2001/2001 1977/1977 1976/1976
f 2001/2001 2002/2002 1978/1978 1977/1977
f 2002/2002 2003/2003 1979/1979 1978/1978
f 2003/2003 2004/2004 1980/1980 1979/1979
f 2004/2004 2005/2005 1981/1981 1980/1980
f 2005/2005 2006/2006 1982/1982 1981/1981
f 2006/2006 2007/2007 1983/1983 1982/1982
f 2007/2007 2008/2008 1984/1984 1983/1983
f 2008/2008 2009/2009 1985/1985 1984/1984
f 2009/2009 2010/2010 1986/1986 1985/1985
f 2010/2010 2011/2011 1987/1987 1986/1986
f 2011/2011 2012/2012 1988/1988 1987/1987
f 2012/2012 2013/2013 1989/1989 1988/1988
f 2013/2013 2014/2014 1990/1990 1989/1989
f 2014/2014 2015/2015 1991/1991 1990/1990
f 2015/2015 2016/2016 1992/1992 1991/1991
f 2016/2016 1993/1993 1969/1969 1992/1992
f 2017/2017 2018/2018 1994/1994 1993/1993
f 2018/2018 2019/2019 1995/1995 1994/1994
f 2019/2019 2020/2020 1996/1996 1995/1995
f 2020/2020 2021/2021 1997/1997 1996/1996
f 2021/2021 2022/2022 1998/1998 1997/1997
f 2022/2022 2023/2023 1999/1999 1998/1998
f 2023/2023 2024/2024 2000/2000 1999/1999
f 2024/2024 2025/2025 2001/2001 2000/2000
f 2025/2025 2026/2026 2002/2002 2001/2001
f 2026/2026 2027/2027 2003/2003 2002/2002
f 2027/2027 2028/2028 2004/2004 2003/2003
f 2028/2028 2029/2029 2005/2005 2004/2004
f 2029/2029 2030/2030 2006/2006 2005/2005
f 2030/2030 2031/2031 2007/2007 2006/2006
f 2031/2031 2032/2032 2008/2008 2007/2007
f 2032/2032 2033/2033 2009/2009 2008/2008
f 2033/2033 2034/2034 2010/2010 2009/2009
f 2034/2034 2035/2035 2011/2011 2010/2010
f 2035/2035 2036/2036 2012/2012 2011/2011
f 2036/2036 2037/2037 2013/2013 2012/2012
f 2037/2037 2038/2038 2014/2014 2013/2013
f 2038/2038 2039/2039 2015/2015 2014/2014
f 2039/2039 2040/2040 2016/2016 2015/2015
f 2040/2040 2017/2017 1993/1993 2016/2016
f 2041/2041 2042/2042 2018/2018 2017/2017
f 2042/2042 2043/2043 2019/2019 2018/2018
f 2043/2043 2044/2044 2020/2020 2019/2019
f 2044/2044 2045/2045 2021/2021 2020/2020
f 2045/2045 2046/2046 2022/2022 2021/2021
f 2046/2046 2047/2047 2023/2023 2022/2022
f 2047/2047 2048/2048 2024/2024 2023/2023
f 2048/2048 2049/2049 2025/2025 2024/2024
f 2049/2049 2050/2050 2026/2026 2025/2025
f 2050/2050 2051/2051 2027/2027 2026/2026
f 2051/2051 2052/2052 2028/2028 2027/2027
f 2052/2052 2053/2053 2029/2029 2028/2028
f 2053/2053 2054/2054 2030/2030 2029/2029
f 2054/2054 2055/2055 2031/2031 2030/2030
f 2055/2055 2056/2056 2032/2032 2031/2031
f 2056/2056 2057/2057 2033/2033 2032/2032
f 2057/2057 2058/2058 2034/2034 2033/2033
f 2058/2058 2059/2059 2035/2035 2034/2034
f 2059/2059 2060/2060 2036/2036 2035/2035
f 2060/2060 2061/2061 2037/2037 2036/2036
f 2061/2061 2062/2062 2038/2038 2037/2037
f 2062/2062 2063/2063 2039/2039 2038/2038
f 2063/2063 2064/2064 2040/2040 2039/2039
f 2064/2064 2041/2041 2017/2017 2040/2040
f 2065/2065 2066/2066 2042/2042 2041/2041
f 2066/2066 2067/2067 2043/2043 2042/2042
f 2067/2067 2068/2068 2044/2044 2043/2043
f 2068/2068 2069/2069 2045/2045 2044/2044
f 2069/2069 2070/2070 2046/2046 2045/2045
f 2070/2070 2071/2071 2047/2047 2046/2046
f 2071/2071 2072/2072 2048/2048 2047/2047
f 2072/2072 2073/2073 2049/2049 2048/2048
f 2073/2073 2074/2074 2050/2050 2049/2049
f 2074/2074 2075/2075 2051/2051 2050/2050
f 2075/2075 2076/2076 2052/2052 2051/2051
f 2076/2076 2077/2077 2053/2053 2052/2052
f 2077/2077 2078/2078 2054/2054 2053/2053
f 2078/2078 2079/2079 2055/2055 2054/2054
f 2079/2079 2080/2080 2056/2056 2055/2055
f 2080/2080 2081/2081 2057/2057 2056/2056
f 2081/2081 2082/2082 2058/2058 2057/2057
f 2082/2082 2083/2083 2059/2059 2058/2058
f 2083/2083 2084/2084 2060/2060 2059/2059
f 2084/2084 2085/2085 2061/2061 2060/2060
f 2085/2085 2086/2086 2062/2062 2061/2061
f 2086/2086 2087/2087 2063/2063 2062/2062
f 2087/2087 2088/2088 2064/2064 2063/2063
f 2088/2088 2065/2065 2041/2041 2064/2064
f 2089/2089 2090/2090 2066/2066 2065/2065
f 2090/2090 2091/2091 2067/2067 2066/2066
f 2091/2091 2092/2092 2068/2068 2067/2067
f 2092/2092 2093/2093 2069/2069 2068/2068
f 2093/2093 2094/2094 2070/2070 2069/2069
f 2094/2094 2095/2095 2071/2071 2070/2070
f 2095/2095 2096/2096 2072/2072 2071/2071
f 2096/2096 2097/2097 2073/2073 2072/2072
f 2097/2097 2098/2098 2074/2074 2073/2073
f 2098/2098 2099/2099 2075/2075 2074/2074
f 2099/2099 2100/2100 2076/2076 2075/2075
f 2100/2100 2101/2101 2077/2077 2076/2076
f 2101/2101 2102/2102 2078/2078 2077/2077
f 2102/2102 2103/2103 2079/2079 2078/2078
f 2103/2103 2104/2104 2080/2080 2079/2079
f 2104/2104 2105/2105 2081/2081 2080/2080
f 2105/2105 2106/2106 2082/2082 2081/2081
f 2106/2106 2107/2107 2083/2083 2082/2082
f 2107/2107 2108/2108 2084/2084 2083/2083
f 2108/2108 2109/2109 2085/2085 2084/2084
f 2109/2109 2110/2110 2086/2086 2085/2085
f 2110/2110 2111/2111 2087/2087 2086/2086
f 2111/2111 2112/2112 2088/2088 2087/2087
f 2112/2112 2089/2089 2065/2065 2088/2088
f 2113/2113 2114/2114 2090/2090 2089/2089
f 2114/2114 2115/2115 2091/2091 2090/2090
f 2115/2115 2116/2116 2092/2092 2091/2091
f 2116/2116 2117/2117 2093/2093 2092/2092
f 2117/2117 2118/2118 2094/2094 2093/2093
f 2118/2118 2119/2119 2095/2095 2094/2094
f 2119/2119 2120/2120 2096/2096 2095/2095
f 2120/2120 2121/2121 2097/2097 2096/2096
f 2121/2121 2122/2122 2098/2098 2097/2097
f 2122/2122 2123/2123 2099/2099 2098/2098
f 2123/2123 2124/2124 2100/2100 2099/2099
f 2124/2124 2125/2125 2101/2101 2100/2100
f 2125/2125 2126/2126 2102/2102 2101/2101
f 2126/2126 2127/2127 2103/2103 2102/2102
f 2127/2127 2128/2128 2104/2104 2103/2103
f 2128/2128 2129/2129 2105/2105 2104/2104
f 2129/2129 2130/2130 2106/2106 2105/2105
f 2130/2130 2131/2131 2107/2107 2106/2106
f 2131/2131 2132/2132 2108/2108 2107/2107
f 2132/2132 2133/2133 2109/2109 2108/2108
f 2133/2133 2134/2134 2110/2110 2109/2109
f 2134/2134 2135/2135 2111/2111 2110/2110
f 2135/2135 2136/2136 2112/2112 2111/2111
f 2136/2136 2113/2113 2089/2089 2112/2112
f 2137/2137 2138/2138 2114/2114 2113/2113
f 2138/2138 2139/2139 2115/2115 2114/2114
f 2139/2139 2140/2140 2116/2116 2115/2115
f 2140/2140 2141/2141 2117/2117 2116/2116
f 2141/2141 2142/2142 2118/2118 2117/2117
f 2142/2142 2143/2143 2119/2119 2118/2118
f 2143/2143 2144/2144 2120/2120 2119/2119
f 2144/2144 2145/2145 2121/2121 2120/2120
f 2145/2145 2146/2146 2122/2122 2121/2121
f 2146/2146 2147/2147 2123/2123 2122/2122
f 2147/2147 2148/2148 2124/2124 2123/2123
f 2148/2148 2149/2149 2125/2125 2124/2124
f 2149/2149 2150/2150 2126/2126 2125/2125
f 2150/2150 2151/2151 2127/2127 2126/2126
f 2151/2151 2152/2152 2128/2128 2127/2127
f 2152/2152 2153/2153 2129/2129 2128/2128
f 2153/2153 2154/2154 2130/2130 2129/2129
f 2154/2154 2155/2155 2131/2131 2130/2130
f 2155/2155 2156/2156 2132/2132 2131/2131
f 2156/2156 2157/2157 2133/2133 2132/2132
f 2157/2157 2158/2158 2134/2134 2133/2133
f 2158/2158 2159/2159 2135/2135 2134/2134
f 2159/2159 2160/2160 2136/2136 2135/2135
f 2160/2160 2137/2137 2113/2113 2136/2136
f 2185/2185 2186/2186 2162/2162 2161/2161
f 2186/2186 2187/2187 2163/2163 2162/2162
f 2187/2187 2188/2188 2164/2164 2163/2163
f 2188/2188 2189/2189 2165/2165 2164/2164
f 2189/2189 2190/2190 2166/2166 2165/2165
f 2190/2190 2191/2191 2167/2167 2166/2166
f 2191/2191 2192/2192 2168/2168 2167/2167
f 2192/2192 2193/2193 2169/2169 2168/2168
f 2193/2193 2194/2194 2170/2170 2169/2169
f 2194/2194 2195/2195 2171/2171 2170/2170
f 2195/2195 2196/2196 2172/2172 2171/2171
f 2196/2196 2197/2197 2173/2173 2172/2172
f 2197/2197 2198/2198 2174/2174 2173/2173
f 2198/2198 2199/2199 2175/2175 2174/2174
f 2199/2199 2200/2200 2176/2176 2175/2175
f 2200/2200 2201/2201 2177/2177 2176/2176
f 2201/2201 2202/2202 2178/2178 2177/2177
f 2202/2202 2203/2203 2179/2179 2178/2178
f 2203/2203 2204/2204 2180/2180 2179/2179
f 2204/2204 2205/2205 2181/2181 2180/2180
f 2205/2205 2206/2206 2182/2182 2181/2181
f 2206/2206 2207/2207 2183/2183 2182/2182
f 2207/2207 2208/2208 2184/2184 2183/2183
f 2208/2208 2185/2185 2161/2161 2184/2184
f 2209/2209 2210/2210 2186/2186 2185/2185
f 2210/2210 2211/2211 2187/2187 2186/2186
f 2211/2211 2212/2212 2188/2188 2187/2187
f 2212/2212 2213/2213 2189/2189 2188/2188
f 2213/2213 2214/2214 2190/2190 2189/2189
f 2214/2214 2215/2215 2191/2191 2190/2190
f 2215/2215 2216/2216 2192/2192 2191/2191
f 2216/2216 2217/2217 2193/2193 2192/2192
f 2217/2217 2218/2218 2194/2194 2193/2193
f 2218/2218 2219/2219 2195/2195 2194/2194
f 2219/2219 2220/2220 2196/2196 2195/2195
f 2220/2220 2221/2221 2197/2197 2196/2196
f 2221/2221 2222/2222 2198/2198 2197/2197
f 2222/2222 2223/2223 2199/2199 2198/2198
f 2223/2223 2224/2224 2200/2200 2199/2199
f 2224/2224 2225/2225 2201/2201 2200/2200
f 2225/2225 2226/2226 2202/2202 2201/2201
f 2226/2226 2227/2227 2203/2203 2202/2202
f 2227/2227 2228/2228 2204/2204 2203/2203
f 2228/2228 2229/2229 2205/2205 2204/2204
f 2229/2229 2230/2230 2206/2206 2205/2205
f 2230/2230 2231/2231 2207/2207 2206/2206
f 2231/2231 2232/2232 2208/2208 2207/2207
f 2232/2232 2209/2209 2185/2185 2208/2208
f 2233/2233 2234/2234 2210/2210 2209/2209
f 2234/2234 2235/2235 2211/2211 2210/2210
f 2235/2235 2236/2236 2212/2212 2211/2211
f 2236/2236 2237/2237 2213/2213 2212/2212
f 2237/2237 2238/2238 2214/2214 2213/2213
f 2238/2238 2239/2239 2215/2215 2214/2214
f 2239/2239 2240/2240 2216/2216 2215/2215
f 2240/2240 2241/2241 2217/2217 2216/2216
f 2241/2241 2242/2242 2218/2218 2217/2217
f 2242/2242 2243/2243 2219/2219 2218/2218
f 2243/2243 2244/2244 2220/2220 2219/2219
f 2244/2244 2245/2245 2221/2221 2220/2220
f 2245/2245 2246/2246 2222/2222 2221/2221
f 2246/2246 2247/2247 2223/2223 2222/2222
f 2247/2247 2248/2248 2224/2224 2223/2223
f 2248/2248 2249/2249 2225/2225 2224/2224
f 2249/2249 2250/2250 2226/2226 2225/2225
f 2250/2250 2251/2251 2227/2227 2226/2226
f 2251/2251 2252/2252 2228/2228 2227/2227
f 2252/2252 2253/2253 2229/2229 2228/2228
f 2253/2253 2254/2254 2230/2230 2229/2229
f 2254/2254 2255/2255 2231/2231 2230/2230
f 2255/2255 2256/2256 2232/2232 2231/2231
f 2256/2256 2233/2233 2209/2209 2232/2232
f 2257/2257 2258/2258 2234/2234 2233/2233
f 2258/2258 2259/2259 2235/2235 2234/2234
f 2259/2259 2260/2260 2236/2236 2235/2235
f 2260/2260 2261/2261 2237/2237 2236/2236
f 2261/2261 2262/2262 2238/2238 2237/2237
f 2262/2262 2263/2263 2239/2239 2238/2238
f 2263/2263 2264/2264 2240/2240 2239/2239
f 2264/2264 2265/2265 2241/2241 2240/2240
f 2265/2265 2266/2266 2242/2242 2241/2241
f 2266/2266 2267/2267 2243/2243 2242/2242
f 2267/2267 2268/2268 2244/2244 2243/2243
f 2268/2268 2269/2269 2245/2245 2244/2244
f 2269/2269 2270/2270 2246/2246 2245/2245
f 2270/2270 2271/2271 2247/2247 2246/2246
f 2271/2271 2272/2272 2248/2248 2247/2247
f 2272/2272 2273/2273 2249/2249 2248/2248
f 2273/2273 2274/2274 2250/2250 2249/2249
f 2274/2274 2275/2275 2251/2251 2250/2250
f 2275/2275 2276/2276 2252/2252 2251/2251
f 2276/2276 2277/2277 2253/2253 2252/2252
f 2277/2277 2278/2278 2254/2254 2253/2253
f 2278/2278 2279/2279 2255/2255 2254/2254
f 2279/2279 2280/2280 2256/2256 2255/2255
f 2280/2280 2257/2257 2233/2233 2256/2256
f 2281/2281 2282/2282 2258/2258 2257/2257
f 2282/2282 2283/2283 2259/2259 2258/2258
f 2283/2283 2284/2284 2260/2260 2259/2259
f 2284/2284 2285/2285 2261/2261 2260/2260
f 2285/2285 2286/2286 2262/2262 2261/2261
f 2286/2286 2287/2287 2263/2263 2262/2262
f 2287/2287 2288/2288 2264/2264 2263/2263
f 2288/2288 2289/2289 2265/2265 2264/2264
f 2289/2289 2290/2290 2266/2266 2265/2265
f 2290/2290 2291/2291 2267/2267 2266/2266
f 2291/2291 2292/2292 2268/2268 2267/2267
f 2292/2292 2293/2293 2269/2269 2268/2268
f 2293/2293 2294/2294 2270/2270 2269/2269
f 2294/2294 2295/2295 2271/2271 2270/2270
f 2295/2295 2296/2296 2272/2272 2271/2271
f 2296/2296 2297/2297 2273/2273 2272/2272
f 2297/2297 2298/2298 2274/2274 2273/2273
f 2298/2298 2299/2299 2275/2275 2274/2274
f 2299/2299 2300/2300 2276/2276 2275/2275
f 2300/2300 2301/2301 2277/2277 2276/2276
f 2301/2301 2302/2302 2278/2278 2277/2277
f 2302/2302 2303/2303 2279/2279 2278/2278
f 2303/2303 2304/2304 2280/2280 2279/2279
f 2304/2304 2281/2281 2257/2257 2280/2280
f 2305/2305 2306/2306 2282/2282 2281/2281
f 2306/2306 2307/2307 2283/2283 2282/2282
f 2307/2307 2308/2308 2284/2284 2283/2283
f 2308/2308 2309/2309 2285/2285 2284/2284
f 2309/2309 2310/2310 2286/2286 2285/2285
f 2310/2310 2311/2311 2287/2287 2286/2286
f 2311/2311 2312/2312 2288/2288 2287/2287
f 2312/2312 2313/2313 2289/2289 2288/2288
f 2313/2313 2314/2314 2290/2290 2289/2289
f 2314/2314 2315/2315 2291/2291 2290/2290
f 2315/2315 2316/2316 2292/2292 2291/2291
f 2316/2316 2317/2317 2293/2293 2292/2292
f 2317/2317 2318/2318 2294/2294 2293/2293
f 2318/2318 2319/2319 2295/2295 2294/2294
f 2319/2319 2320/2320 2296/2296 2295/2295
f 2320/2320 2321/2321 2297/2297 2296/2296
f 2321/2321 2322/2322 2298/2298 2297/2297
f 2322/2322 2323/2323 2299/2299 2298/2298
f 2323/2323 2324/2324 2300/2300 2299/2299
f 2324/2324 2325/2325 2301/2301 2300/2300
f 2325/2325 2326/2326 2302/2302 2301/2301
f 2326/2326 2327/2327 2303/2303 2302/2302
f 2327/2327 2328/2328 2304/2304 2303/2303
f 2328/2328 2305/2305 2281/2281 2304/2304
f 2329/2329 2330/2330 2306/2306 2305/2305
f 2330/2330 2331/2331 2307/2307 2306/2306
f 2331/2331 2332/2332 2308/2308 2307/2307
f 2332/2332 2333/2333 2309/2309 2308/2308
f 2333/2333 2334/2334 2310/2310 2309/2309
f 2334/2334 2335/2335 2311/2311 2310/2310
f 2335/2335 2336/2336 2312/2312 2311/2311
f 2336/2336 2337/2337 2313/2313 2312/2312
f 2337/2337 2338/2338 2314/2314 2313/2313
f 2338/2338 2339/2339 2315/2315 2314/2314
f 2339/2339 2340/2340 2316/2316 2315/2315
f 2340/2340 2341/2341 2317/2317 2316/2316
f 2341/2341 2342/2342 2318/2318 2317/2317
f 2342/2342 2343/2343 2319/2319 2318/2318
f 2343/2343 2344/2344 2320/2320 2319/2319
f 2344/2344 2345/2345 2321/2321 2320/2320
f 2345/2345 2346/2346 2322/2322 2321/2321
f 2346/2346 2347/2347 2323/2323 2322/2322
f 2347/2347 2348/2348 2324/2324 2323/2323
f 2348/2348 2349/2349 2325/2325 2324/2324
f 2349/2349 2350/2350 2326/2326 2325/2325
f 2350/2350 2351/2351 2327/2327 2326/2326
f 2351/2351 2352/2352 2328/2328 2327/2327
f 2352/2352 2329/2329 2305/2305 2328/2328
f 2353/2353 2354/2354 2330/2330 2329/2329
f 2354/2354 2355/2355 2331/2331 2330/2330
f 2355/2355 2356/2356 2332/2332 2331/2331
f 2356/2356 2357/2357 2333/2333 2332/2332
f 2357/2357 2358/2358 2334/2334 2333/2333
f 2358/2358 2359/2359 2335/2335 2334/2334
f 2359/2359 2360/2360 2336/2336 2335/2335
f 2360/2360 2361/2361 2337/2337 2336/2336
f 2361/2361 2362/2362 2338/2338 2337/2337
f 2362/2362 2363/2363 2339/2339 2338/2338
f 2363/2363 2364/2364 2340/2340 2339/2339
f 2364/2364 2365/2365 2341/2341 2340/2340
f 2365/2365 2366/2366 2342/2342 2341/2341
f 2366/2366 2367/2367 2343/2343 2342/2342
f 2367/2367 2368/2368 2344/2344 2343/2343
f 2368/2368 2369/2369 2345/2345 2344/2344
f 2369/2369 2370/2370 2346/2346 2345/2345
f 2370/2370 2371/2371 2347/2347 2346/2346
f 2371/2371 2372/2372 2348/2348 2347/2347
f 2372/2372 2373/2373 2349/2349 2348/2348
f 2373/2373 2374/2374 2350/2350 2349/2349
f 2374/2374 2375/2375 2351/2351 2350/2350
f 2375/2375 2376/2376 2352/2352 2351/2351
f 2376/2376 2353/2353 2329/2329 2352/2352
f 2377/2377 2378/2378 2354/2354 2353/2353
f 2378/2378 2379/2379 2355/2355 2354/2354
f 2379/2379 2380/2380 2356/2356 2355/2355
f 2380/2380 2381/2381 2357/2357 2356/2356
f 2381/2381 2382/2382 2358/2358 2357/2357
f 2382/2382 2383/2383 2359/2359 2358/2358
f 2383/2383 2384/2384 2360/2360 2359/2359
f 2384/2384 2385/2385 2361/2361 2360/2360
f 2385/2385 2386/2386 2362/2362 2361/2361
f 2386/2386 2387/2387 2363/2363 2362/2362
f 2387/2387 2388/2388 2364/2364 2363/2363
f 2388/2388 2389/2389 2365/2365 2364/2364
f 2389/2389 2390/2390 2366/2366 2365/2365
f 2390/2390 2391/2391 2367/2367 2366/2366
f 2391/2391 2392/2392 2368/2368 2367/2367
f 2392/2392 2393/2393 2369/2369 2368/2368
f 2393/2393 2394/2394 2370/2370 2369/2369
f 2394/2394 2395/2395 2371/2371 2370/2370
f 2395/2395 2396/2396 2372/2372 2371/2371
f 2396/2396 2397/2397 2373/2373 2372/2372
f 2397/2397 2398/2398 2374/2374 2373/2373
f 2398/2398 2399/2399 2375/2375 2374/2374
f 2399/2399 2400/2400 2376/2376 2375/2375
f 2400/2400 2377/2377 2353/2353 2376/2376
f 2401/2401 2402/2402 2378/2378 2377/2377
f 2402/2402 2403/2403 2379/2379 2378/2378
f 2403/2403 2404/2404 2380/2380 2379/2379
f 2404/2404 2405/2405 2381/2381 2380/2380
f 2405/2405 2406/2406 2382/2382 2381/2381
f 2406/2406 2407/2407 2383/2383 2382/2382
f 2407/2407 2408/2408 2384/2384 2383/2383
f 2408/2408 2409/2409 2385/2385 2384/2384
f 2409/2409 2410/2410 2386/2386 2385/2385
f 2410/2410 2411/2411 2387/2387 2386/2386
f 2411/2411 2412/2412 2388/2388 2387/2387
f 2412/2412 2413/2413 2389/2389 2388/2388
f 2413/2413 2414/2414 2390/2390 2389/2389
f 2414/2414 2415/2415 2391/2391 2390/2390
f 2415/2415 2416/2416 2392/2392 2391/2391
f 2416/2416 2417/2417 2393/2393 2392/2392
f 2417/2417 2418/2418 2394/2394 2393/2393
f 2418/2418 2419/2419 2395/2395 2394/2394
f 2419/2419 2420/2420 2396/2396 2395/2395
f 2420/2420 2421/2421 2397/2397 2396/2396
f 2421/2421 2422/2422 2398/2398 2397/2397
f 2422/2422 2423/2423 2399/2399 2398/2398
f 2423/2423 2424/2424 2400/2400 2399/2399
f 2424/2424 2401/2401 2377/2377 2400/2400
f 2425/2425 2426/2426 2402/2402 2401/2401
f 2426/2426 2427/2427 2403/2403 2402/2402
f 2427/2427 2428/2428 2404/2404 2403/2403
f 2428/2428 2429/2429 2405/2405 2404/2404
f 2429/2429 2430/2430 2406/2406 2405/2405
f 2430/2430 2431/2431 2407/2407 2406/2406
f 2431/2431 2432/2432 2408/2408 2407/2407
f 2432/2432 2433/2433 2409/2409 2408/2408
f 2433/2433 2434/2434 2410/2410 2409/2409
f 2434/2434 2435/2435 2411/2411 2410/2410
f 2435/2435 2436/2436 2412/2412 2411/2411
f 2436/2436 2437/2437 2413/2413 2412/2412
f 2437/2437 2438/2438 2414/2414 2413/2413
f 2438/2438 2439/2439 2415/2415 2414/2414
f 2439/2439 2440/2440 2416/2416 2415/2415
f 2440/2440 2441/2441 2417/2417 2416/2416
f 2441/2441 2442/2442 2418/2418 2417/2417
f 2442/2442 2443/2443 2419/2419 2418/2418
f 2443/2443 2444/2444 2420/2420 2419/2419
f 2444/2444 2445/2445 2421/2421 2420/2420
f 2445/2445 2446/2446 2422/2422 2421/2421
f 2446/2446 2447/2447 2423/2423 2422/2422
f 2447/2447 2448/2448 2424/2424 2423/2423
f 2448/2448 2425/2425 2401/2401 2424/2424
f 2449/2449 2450/2450 2426/2426 2425/2425
f 2450/2450 2451/2451 2427/2427 2426/2426
f 2451/2451 2452/2452 2428/2428 2427/2427
f 2452/2452 2453/2453 2429/2429 2428/2428
f 2453/2453 2454/2454 2430/2430 2429/2429
f 2454/2454 2455/2455 2431/2431 2430/2430
f 2455/2455 2456/2456 2432/2432 2431/2431
f 2456/2456 2457/2457 2433/2433 2432/2432
f 2457/2457 2458/2458 2434/2434 2433/2433
f 2458/2458 2459/2459 2435/2435 2434/2434
f 2459/2459 2460/2460 2436/2436 2435/2435
f 2460/2460 2461/2461 2437/2437 2436/2436
f 2461/2461 2462/2462 2438/2438 2437/2437
f 2462/2462 2463/2463 2439/2439 2438/2438
f 2463/2463 2464/2464 2440/2440 2439/2439
f 2464/2464 2465/2465 2441/2441 2440/2440
f 2465/2465 2466/2466 2442/2442 2441/2441
f 2466/2466 2467/2467 2443/2443 2442/2442
f 2467/2467 2468/2468 2444/2444 2443/2443
f 2468/2468 2469/2469 2445/2445 2444/2444
f 2469/2469 2470/2470 2446/2446 2445/2445
f 2470/2470 2471/2471 2447/2447 2446/2446
f 2471/2471 2472/2472 2448/2448 2447/2447
f 2472/2472 2449/2449 2425/2425 2448/2448
f 2497/2497 2498/2498 2474/2474 2473/2473
f 2498/2498 2499/2499 2475/2475 2474/2474
f 2499/2499 2500/2500 2476/2476 2475/2475
f 2500/2500 2501/2501 2477/2477 2476/2476
f 2501/2501 2502/2502 2478/2478 2477/2477
f 2502/2502 2503/2503 2479/2479 2478/2478
f 2503/2503 2504/2504 2480/2480 2479/2479
f 2504/2504 2505/2505 2481/2481 2480/2480
f 2505/2505 2506/2506 2482/2482 2481/2481
f 2506/2506 2507/2507 2483/2483 2482/2482
f 2507/2507 2508/2508 2484/2484 2483/2483
f 2508/2508 2509/2509 2485/2485 2484/2484
f 2509/2509 2510/2510 2486/2486 2485/2485
f 2510/2510 2511/2511 2487/2487 2486/2486
f 2511/2511 2512/2512 2488/2488 2487/2487
f 2512/2512 2513/2513 2489/2489 2488/2488
f 2513/2513 2514/2514 2490/2490 2489/2489
f 2514/2514 2515/2515 2491/2491 2490/2490
f 2515/2515 2516/2516 2492/2492 2491/2491
f 2516/2516 2517/2517 2493/2493 2492/2492
f 2517/2517 2518/2518 2494/2494 2493/2493
f 2518/2518 2519/2519 2495/2495 2494/2494
f 2519/2519 2520/2520 2496/2496 2495/2495
f 2520/2520 2497/2497 2473/2473 2496/2496
f 2521/2521 2522/2522 2498/2498 2497/2497
f 2522/2522 2523/2523 2499/2499 2498/2498
f 2523/2523 2524/2524 2500/2500 2499/2499
f 2524/2524 2525/2525 2501/2501 2500/2500
f 2525/2525 2526/2526 2502/2502 2501/2501
f 2526/2526 2527/2527 2503/2503 2502/2502
f 2527/2527 2528/2528 2504/2504 2503/2503
f 2528/2528 2529/2529 2505/2505 2504/2504
f 2529/2529 2530/2530 2506/2506 2505/2505
f 2530/2530 2531/2531 2507/2507 2506/2506
f 2531/2531 2532/2532 2508/2508 2507/2507
f 2532/2532 2533/2533 2509/2509 2508/2508
f 2533/2533 2534/2534 2510/2510 2509/2509
f 2534/2534 2535/2535 2511/2511 2510/2510
f 2535/2535 2536/2536 2512/2512 2511/2511
f 2536/2536 2537/2537 2513/2513 2512/2512
f 2537/2537 2538/2538 2514/2514 2513/2513
f 2538/2538 2539/2539 2515/2515 2514/2514
f 2539/2539 2540/2540 2516/2516 2515/2515
f 2540/2540 2541/2541 2517/2517 2516/2516
f 2541/2541 2542/2542 2518/2518 2517/2517
f 2542/2542 2543/2543 2519/2519 2518/2518
f 2543/2543 2544/2544 2520/2520 2519/2519
f 2544/2544 2521/2521 2497/2497 2520/2520
f 2545/2545 2546/2546 2522/2522 2521/2521
f 2546/2546 2547/2547 2523/2523 2522/2522
f 2547/2547 2548/2548 2524/2524 2523/2523
f 2548/2548 2549/2549 2525/2525 2524/2524
f 2549/2549 2550/2550 2526/2526 2525/2525
f 2550/2550 2551/2551 2527/2527 2526/2526
f 2551/2551 2552/2552 2528/2528 2527/2527
f 2552/2552 2553/2553 2529/2529 2528/2528
f 2553/2553 2554/2554 2530/2530 2529/2529
f 2554/2554 2555/2555 2531/2531 2530/2530
f 2555/2555 2556/2556 2532/2532 2531/2531
f 2556/2556 2557/2557 2533/2533 2532/2532
f 2557/2557 2558/2558 2534/2534 2533/2533
f 2558/2558 2559/2559 2535/2535 2534/2534
f 2559/2559 2560/2560 2536/2536 2535/2535
f 2560/2560 2561/2561 2537/2537 2536/2536
f 2561/2561 2562/2562 2538/2538 2537/2537
f 2562/2562 2563/2563 2539/2539 2538/2538
f 2563/2563 2564/2564 2540/2540 2539/2539
f 2564/2564 2565/2565 2541/2541 2540/2540
f 2565/2565 2566/2566 2542/2542 2541/2541
f 2566/2566 2567/2567 2543/2543 2542/2542
f 2567/2567 2568/2568 2544/2544 2543/2543
f 2568/2568 2545/2545 2521/2521 2544/2544
f 2569/2569 2570/2570 2546/2546 2545/2545
f 2570/2570 2571/2571 2547/2547 2546/2546
f 2571/2571 2572/2572 2548/2548 2547/2547
f 2572/2572 2573/2573 2549/2549 2548/2548
f 2573/2573 2574/2574 2550/2550 2549/2549
f 2574/2574 2575/2575 2551/2551 2550/2550
f 2575/2575 2576/2576 2552/2552 2551/2551
f 2576/2576 2577/2577 2553/2553 2552/2552
f 2577/2577 2578/2578 2554/2554 2553/2553
f 2578/2578 2579/2579 2555/2555 2554/2554
f 2579/2579 2580/2580 2556/2556 2555/2555
f 2580/2580 2581/2581 2557/2557 2556/2556
f 2581/2581 2582/2582 2558/2558 2557/2557
f 2582/2582 2583/2583 2559/2559 2558/2558
f 2583/2583 2584/2584 2560/2560 2559/2559
f 2584/2584 2585/2585 2561/2561 2560/2560
f 2585/2585 2586/2586 2562/2562 2561/2561
f 2586/2586 2587/2587 2563/2563 2562/2562
f 2587/2587 2588/2588 2564/2564 2563/2563
f 2588/2588 2589/2589 2565/2565 2564/2564
f 2589/2589 2590/2590 2566/2566 2565/2565
f 2590/2590 2591/2591 2567/2567 2566/2566
f 2591/2591 2592/2592 2568/2568 2567/2567
f 2592/2592 2569/2569 2545/2545 2568/2568
f 2593/2593 2594/2594 2570/2570 2569/2569
f 2594/2594 2595/2595 2571/2571 2570/2570
f 2595/2595 2596/2596 2572/2572 2571/2571
f 2596/2596 2597/2597 2573/2573 2572/2572
f 2597/2597 2598/2598 2574/2574 2573/2573
f 2598/2598 2599/2599 2575/2575 2574/2574
f 2599/2599 2600/2600 2576/2576 2575/2575
f 2600/2600 2601/2601 2577/2577 2576/2576
f 2601/2601 2602/2602 2578/2578 2577/2577
f 2602/2602 2603/2603 2579/2579 2578/2578
f 2603/2603 2604/2604 2580/2580 2579/2579
f 2604/2604 2605/2605 2581/2581 2580/2580
f 2605/2605 2606/2606 2582/2582 2581/2581
f 2606/2606 2607/2607 2583/2583 2582/2582
f 2607/2607 2608/2608 2584/2584 2583/2583
f 2608/2608 2609/2609 2585/2585 2584/2584
f 2609/2609 2610/2610 2586/2586 2585/2585
f 2610/2610 2611/2611 2587/2587 2586/2586
f 2611/2611 2612/2612 2588/2588 2587/2587
f 2612/2612 2613/2613 2589/2589 2588/2588
f 2613/2613 2614/2614 2590/2590 2589/2589
f 2614/2614 2615/2615 2591/2591 2590/2590
f 2615/2615 2616/2616 2592/2592 2591/2591
f 2616/2616 2593/2593 2569/2569 2592/2592
f 2617/2617 2618/2618 2594/2594 2593/2593
f 2618/2618 2619/2619 2595/2595 2594/2594
f 2619/2619 2620/2620 2596/2596 2595/2595
f 2620/2620 2621/2621 2597/2597 2596/2596
f 2621/2621 2622/2622 2598/2598 2597/2597
f 2622/2622 2623/2623 2599/2599 2598/2598
f 2623/2623 2624/2624 2600/2600 2599/2599
f 2624/2624 2625/2625 2601/2601 2600/2600
f 2625/2625 2626/2626 2602/2602 2601/2601
f 2626/2626 2627/2627 2603/2603 2602/2602
f 2627/2627 2628/2628 2604/2604 2603/2603
f 2628/2628 2629/2629 2605/2605 2604/2604
f 2629/2629 2630/2630 2606/2606 2605/2605
f 2630/2630 2631/2631 2607/2607 2606/2606
f 2631/2631 2632/2632 2608/2608 2607/2607
f 2632/2632 2633/2633 2609/2609 2608/2608
f 2633/2633 2634/2634 2610/2610 2609/2609
f 2634/2634 2635/2635 2611/2611 2610/2610
f 2635/2635 2636/2636 2612/2612 2611/2611
f 2636/2636 2637/2637 2613/2613 2612/2612
f 2637/2637 2638/2638 2614/2614 2613/2613
f 2638/2638 2639/2639 2615/2615 2614/2614
f 2639/2639 2640/2640 2616/2616 2615/2615
f 2640/2640 2617/2617 2593/2593 2616/2616
f 2641/2641 2642/2642 2618/2618 2617/2617
f 2642/2642 2643/2643 2619/2619 2618/2618
f 2643/2643 2644/2644 2620/2620 2619/2619
f 2644/2644 2645/2645 2621/2621 2620/2620
f 2645/2645 2646/2646 2622/2622 2621/2621
f 2646/2646 2647/2647 2623/2623 2622/2622
f 2647/2647 2648/2648 2624/2624 2623/2623
f 2648/2648 2649/2649 2625/2625 2624/2624
f 2649/2649 2650/2650 2626/2626 2625/2625
f 2650/2650 2651/2651 2627/2627 2626/2626
f 2651/2651 2652/2652 2628/2628 2627/2627
f 2652/2652 2653/2653 2629/2629 2628/2628
f 2653/2653 2654/2654 2630/2630 2629/2629
f 2654/2654 2655/2655 2631/2631 2630/2630
f 2655/2655 2656/2656 2632/2632 2631/2631
f 2656/2656 2657/2657 2633/2633 2632/2632
f 2657/2657 2658/2658 2634/2634 2633/2633
f 2658/2658 2659/2659 2635/2635 2634/2634
f 2659/2659 2660/2660 2636/2636 2635/2635
f 2660/2660 2661/2661 2637/2637 2636/2636
f 2661/2661 2662/2662 2638/2638 2637/2637
f 2662/2662 2663/2663 2639/2639 2638/2638
f 2663/2663 2664/2664 2640/2640 2639/2639
f 2664/2664 2641/2641 2617/2617 2640/2640
f 2665/2665 2666/2666 2642/2642 2641/2641
f 2666/2666 2667/2667 2643/2643 2642/2642
f 2667/2667 2668/2668 2644/2644 2643/2643
f 2668/2668 2669/2669 2645/2645 2644/2644
f 2669/2669 2670/2670 2646/2646 2645/2645
f 2670/2670 2671/2671 2647/2647 2646/2646
f 2671/2671 2672/2672 2648/2648 2647/2647
f 2672/2672 2673/2673 2649/2649 2648/2648
f 2673/2673 2674/2674 2650/2650 2649/2649
f 2674/2674 2675/2675 2651/2651 2650/2650
f 2675/2675 2676/2676 2652/2652 2651/2651
f 2676/2676 2677/2677 2653/2653 2652/2652
f 2677/2677 2678/2678 2654/2654 2653/2653
f 2678/2678 2679/2679 2655/2655 2654/2654
f 2679/2679 2680/2680 2656/2656 2655/2655
f 2680/2680 2681/2681 2657/2657 2656/2656
f 2681/2681 2682/2682 2658/2658 2657/2657
f 2682/2682 2683/2683 2659/2659 2658/2658
f 2683/2683 2684/2684 2660/2660 2659/2659
f 2684/2684 2685/2685 2661/2661 2660/2660
f 2685/2685 2686/2686 2662/2662 2661/2661
f 2686/2686 2687/2687 2663/2663 2662/2662
f 2687/2687 2688/2688 2664/2664 2663/2663
f 2688/2688 2665/2665 2641/2641 2664/2664
f 2689/2689 2690/2690 2666/2666 2665/2665
f 2690/2690 2691/2691 2667/2667 2666/2666
f 2691/2691 2692/2692 2668/2668 2667/2667
f 2692/2692 2693/2693 2669/2669 2668/2668
f 2693/2693 2694/2694 2670/2670 2669/2669
f 2694/2694 2695/2695 2671/2671 2670/2670
f 2695/2695 2696/2696 2672/2672 2671/2671
f 2696/2696 2697/2697 2673/2673 2672/2672
f 2697/2697 2698/2698 2674/2674 2673/2673
f 2698/2698 2699/2699 2675/2675 2674/2674
f 2699/2699 2700/2700 2676/2676 2675/2675
f 2700/2700 2701/2701 2677/2677 2676/2676
f 2701/2701 2702/2702 2678/2678 2677/2677
f 2702/2702 2703/2703 2679/2679 2678/2678
f 2703/2703 2704/2704 2680/2680 2679/2679
f 2704/2704 2705/2705 2681/2681 2680/2680
f 2705/2705 2706/2706 2682/2682 2681/2681
f 2706/2706 2707/2707 2683/2683 2682/2682
f 2707/2707 2708/2708 2684/2684 2683/2683
f 2708/2708 2709/2709 2685/2685 2684/2684
f 2709/2709 2710/2710 2686/2686 2685/2685
f 2710/2710 2711/2711 2687/2687 2686/2686
f 2711/2711 2712/2712 2688/2688 2687/2687
f 2712/2712 2689/2689 2665/2665 2688/2688
f 2713/2713 2714/2714 2690/2690 2689/2689
f 2714/2714 2715/2715 2691/2691 2690/2690
f 2715/2715 2716/2716 2692/2692 2691/2691
f 2716/2716 2717/2717 2693/2693 2692/2692
f 2717/2717 2718/2718 2694/2694 2693/2693
f 2718/2718 2719/2719 2695/2695 2694/2694
f 2719/2719 2720/2720 2696/2696 2695/2695
f 2720/2720 2721/2721 2697/2697 2696/2696
f 2721/2721 2722/2722 2698/2698 2697/2697
f 2722/2722 2723/2723 2699/2699 2698/2698
f 2723/2723 2724/2724 2700/2700 2699/2699
f 2724/2724 2725/2725 2701/2701 2700/2700
f 2725/2725 2726/2726 2702/2702 2701/2701
f 2726/2726 2727/2727 2703/2703 2702/2702
f 2727/2727 2728/2728 2704/2704 2703/2703
f 2728/2728 2729/2729 2705/2705 2704/2704
f 2729/2729 2730/2730 2706/2706 2705/2705
f 2730/2730 2731/2731 2707/2707 2706/2706
f 2731/2731 2732/2732 2708/2708 2707/2707
f 2732/2732 2733/2733 2709/2709 2708/2708
f 2733/2733 2734/2734 2710/2710 2709/2709
f 2734/2734 2735/2735 2711/2711 2710/2710
f 2735/2735 2736/2736 2712/2712 2711/2711
f 2736/2736 2713/2713 2689/2689 2712/2712
f 2737/2737 2738/2738 2714/2714 2713/2713
f 2738/2738 2739/2739 2715/2715 2714/2714
f 2739/2739 2740/2740 2716/2716 2715/2715
f 2740/2740 2741/2741 2717/2717 2716/2716
f 2741/2741 2742/2742 2718/2718 2717/2717
f 2742/2742 2743/2743 2719/2719 2718/2718
f 2743/2743 2744/2744 2720/2720 2719/2719
f 2744/2744 2745/2745 2721/2721 2720/2720
f 2745/2745 2746/2746 2722/2722 2721/2721
f 2746/2746 2747/2747 2723/2723 2722/2722
f 2747/2747 2748/2748 2724/2724 2723/2723
f 2748/2748 2749/2749 2725/2725 2724/2724
f 2749/2749 2750/2750 2726/2726 2725/2725
f 2750/2750 2751/2751 2727/2727 2726/2726
f 2751/2751 2752/2752 2728/2728 2727/2727
f 2752/2752 2753/2753 2729/2729 2728/2728
f 2753/2753 2754/2754 2730/2730 2729/2729
f 2754/2754 2755/2755 2731/2731 2730/2730
f 2755/2755 2756/2756 2732/2732 2731/2731
f 2756/2756 2757/2757 2733/2733 2732/2732
f 2757/2757 2758/2758 2734/2734 2733/2733
f 2758/2758 2759/2759 2735/2735 2734/2734
f 2759/2759 2760/2760 2736/2736 2735/2735
f 2760/2760 2737/2737 2713/2713 2736/2736
f 2761/2761 2762/2762 2738/2738 2737/2737
f 2762/2762 2763/2763 2739/2739 2738/2738
f 2763/2763 2764/2764 2740/2740 2739/2739
f 2764/2764 2765/2765 2741/2741 2740/2740
f 2765/2765 2766/2766 2742/2742 2741/2741
f 2766/2766 2767/2767 2743/2743 2742/2742
f 2767/2767 2768/2768 2744/2744 2743/2743
f 2768/2768 2769/2769 2745/2745 2744/2744
f 2769/2769 2770/2770 2746/2746 2745/2745
f 2770/2770 2771/2771 2747/2747 2746/2746
f 2771/2771 2772/2772 2748/2748 2747/2747
f 2772/2772 2773/2773 2749/2749 2748/2748
f 2773/2773 2774/2774 2750/2750 2749/2749
f 2774/2774 2775/2775 2751/2751 2750/2750
f 2775/2775 2776/2776 2752/2752 2751/2751
f 2776/2776 2777/2777 2753/2753 2752/2752
f 2777/2777 2778/2778 2754/2754 2753/2753
f 2778/2778 2779/2779 2755/2755 2754/2754
f 2779/2779 2780/2780 2756/2756 2755/2755
f 2780/2780 2781/2781 2757/2757 2756/2756
f 2781/2781 2782/2782 2758/2758 2757/2757
f 2782/2782 2783/2783 2759/2759 2758/2758
f 2783/2783 2784/2784 2760/2760 2759/2759
f 2784/2784 2761/2761 2737/2737 2760/2760
f 2809/2809 2810/2810 2786/2786 2785/2785
f 2810/2810 2811/2811 2787/2787 2786/2786
f 2811/2811 2812/2812 2788/2788 2787/2787
f 2812/2812 2813/2813 2789/2789 2788/2788
f 2813/2813 2814/2814 2790/2790 2789/2789
f 2814/2814 2815/2815 2791/2791 2790/2790
f 2815/2815 2816/2816 2792/2792 2791/2791
f 2816/2816 2817/2817 2793/2793 2792/2792
f 2817/2817 2818/2818 2794/2794 2793/2793
f 2818/2818 2819/2819 2795/2795 2794/2794
f 2819/2819 2820/2820 2796/2796 2795/2795
f 2820/2820 2821/2821 2797/2797 2796/2796
f 2821/2821 2822/2822 2798/2798 2797/2797
f 2822/2822 2823/2823 2799/2799 2798/2798
f 2823/2823 2824/2824 2800/2800 2799/2799
f 2824/2824 2825/2825 2801/2801 2800/2800
f 2825/2825 2826/2826 2802/2802 2801/2801
f 2826/2826 2827/2827 2803/2803 2802/2802
f 2827/2827 2828/2828 2804/2804 2803/2803
f 2828/2828 2829/2829 2805/2805 2804/2804
f 2829/2829 2830/2830 2806/2806 2805/2805
f 2830/2830 2831/2831 2807/2807 2806/2806
f 2831/2831 2832/2832 2808/2808 2807/2807
f 2832/2832 2809/2809 2785/2785 2808/2808
f 2833/2833 2834/2834 2810/2810 2809/2809
f 2834/2834 2835/2835 2811/2811 2810/2810
f 2835/2835 2836/2836 2812/2812 2811/2811
f 2836/2836 2837/2837 2813/2813 2812/2812
f 2837/2837 2838/2838 2814/2814 2813/2813
f 2838/2838 2839/2839 2815/2815 2814/2814
f 2839/2839 2840/2840 2816/2816 2815/2815
f 2840/2840 2841/2841 2817/2817 2816/2816
f 2841/2841 2842/2842 2818/2818 2817/2817
f 2842/2842 2843/2843 2819/2819 2818/2818
f 2843/2843 2844/2844 2820/2820 2819/2819
f 2844/2844 2845/2845 2821/2821 2820/2820
f 2845/2845 2846/2846 2822/2822 2821/2821
f 2846/2846 2847/2847 2823/2823 2822/2822
f 2847/2847 2848/2848 2824/2824 2823/2823
f 2848/2848 2849/2849 2825/2825 2824/2824
f 2849/2849 2850/2850 2826/2826 2825/2825
f 2850/2850 2851/2851 2827/2827 2826/2826
f 2851/2851 2852/2852 2828/2828 2827/2827
f 2852/2852 2853/2853 2829/2829 2828/2828
f 2853/2853 2854/2854 2830/2830 2829/2829
f 2854/2854 2855/2855 2831/2831 2830/2830
f 2855/2855 2856/2856 2832/2832 2831/2831
f 2856/2856 2833/2833 2809/2809 2832/2832
f 2857/2857 2858/2858 2834/2834 2833/2833
f 2858/2858 2859/2859 2835/2835 2834/2834
f 2859/2859 2860/2860 2836/2836 2835/2835
f 2860/2860 2861/2861 2837/2837 2836/2836
f 2861/2861 2862/2862 2838/2838 2837/2837
f 2862/2862 2863/2863 2839/2839 2838/2838
f 2863/2863 2864/2864 2840/2840 2839/2839
f 2864/2864 2865/2865 2841/2841 2840/2840
f 2865/2865 2866/2866 2842/2842 2841/2841
f 2866/2866 2867/2867 2843/2843 2842/2842
f 2867/2867 2868/2868 2844/2844 2843/2843
f 2868/2868 2869/2869 2845/2845 2844/2844
f 2869/2869 2870/2870 2846/2846 2845/2845
f 2870/2870 2871/2871 2847/2847 2846/2846
f 2871/2871 2872/2872 2848/2848 2847/2847
f 2872/2872 2873/2873 2849/2849 2848/2848
f 2873/2873 2874/2874 2850/2850 2849/2849
f 2874/2874 2875/2875 2851/2851 2850/2850
f 2875/2875 2876/2876 2852/2852 2851/2851
f 2876/2876 2877/2877 2853/2853 2852/2852
f 2877/2877 2878/2878 2854/2854 2853/2853
f 2878/2878 2879/2879 2855/2855 2854/2854
f 2879/2879 2880/2880 2856/2856 2855/2855
f 2880/2880 2857/2857 2833/2833 2856/2856
f 2881/2881 2882/2882 2858/2858 2857/2857
f 2882/2882 2883/2883 2859/2859 2858/2858
f 2883/2883 2884/2884 2860/2860 2859/2859
f 2884/2884 2885/2885 2861/2861 2860/2860
f 2885/2885 2886/2886 2862/2862 2861/2861
f 2886/2886 2887/2887 2863/2863 2862/2862
f 2887/2887 2888/2888 2864/2864 2863/2863
f 2888/2888 2889/2889 2865/2865 2864/2864
f 2889/2889 2890/2890 2866/2866 2865/2865
f 2890/2890 2891/2891 2867/2867 2866/2866
f 2891/2891 2892/2892 2868/2868 2867/2867
f 2892/2892 2893/2893 2869/2869 2868/2868
f 2893/2893 2894/2894 2870/2870 2869/2869
f 2894/2894 2895/2895 2871/2871 2870/2870
f 2895/2895 2896/2896 2872/2872 2871/2871
f 2896/2896 2897/2897 2873/2873 2872/2872
f 2897/2897 2898/2898 2874/2874 2873/2873
f 2898/2898 2899/2899 2875/2875 2874/2874
f 2899/2899 2900/2900 2876/2876 2875/2875
f 2900/2900 2901/2901 2877/2877 2876/2876
f 2901/2901 2902/2902 2878/2878 2877/2877
f 2902/2902 2903/2903 2879/2879 2878/2878
f 2903/2903 2904/2904 2880/2880 2879/2879
f 2904/2904 2881/2881 2857/2857 2880/2880
f 2905/2905 2906/2906 2882/2882 2881/2881
f 2906/2906 2907/2907 2883/2883 2882/2882
f 2907/2907 2908/2908 2884/2884 2883/2883
f 2908/2908 2909/2909 2885/2885 2884/2884
f 2909/2909 2910/2910 2886/2886 2885/2885
f 2910/2910 2911/2911 2887/2887 2886/2886
f 2911/2911 2912/2912 2888/2888 2887/2887
f 2912/2912 2913/2913 2889/2889 2888/2888
f 2913/2913 2914/2914 2890/2890 2889/2889
f 2914/2914 2915/2915 2891/2891 2890/2890
f 2915/2915 2916/2916 2892/2892 2891/2891
f 2916/2916 2917/2917 2893/2893 2892/2892
f 2917/2917 2918/2918 2894/2894 2893/2893
f 2918/2918 2919/2919 2895/2895 2894/2894
f 2919/2919 2920/2920 2896/2896 2895/2895
f 2920/2920 2921/2921 2897/2897 2896/2896
f 2921/2921 2922/2922 2898/2898 2897/2897
f 2922/2922 2923/2923 2899/2899 2898/2898
f 2923/2923 2924/2924 2900/2900 2899/2899
f 2924/2924 2925/2925 2901/2901 2900/2900
f 2925/2925 2926/2926 2902/2902 2901/2901
f 2926/2926 2927/2927 2903/2903 2902/2902
f 2927/2927 2928/2928 2904/2904 2903/2903
f 2928/2928 2905/2905 2881/2881 2904/2904
f 2929/2929 2930/2930 2906/2906 2905/2905
f 2930/2930 2931/2931 2907/2907 2906/2906
f 2931/2931 2932/2932 2908/2908 2907/2907
f 2932/2932 2933/2933 2909/2909 2908/2908
f 2933/2933 2934/2934 2910/2910 2909/2909
f 2934/2934 2935/2935 2911/2911 2910/2910
f 2935/2935 2936/2936 2912/2912 2911/2911
f 2936/2936 2937/2937 2913/2913 2912/2912
f 2937/2937 2938/2938 2914/2914 2913/2913
f 2938/2938 2939/2939 2915/2915 2914/2914
f 2939/2939 2940/2940 2916/2916 2915/2915
f 2940/2940 2941/2941 2917/2917 2916/2916
f 2941/2941 2942/2942 2918/2918 2917/2917
f 2942/2942 2943/2943 2919/2919 2918/2918
f 2943/2943 2944/2944 2920/2920 2919/2919
f 2944/2944 2945/2945 2921/2921 2920/2920
f 2945/2945 2946/2946 2922/2922 2921/2921
f 2946/2946 2947/2947 2923/2923 2922/2922
f 2947/2947 2948/2948 2924/2924 2923/2923
f 2948/2948 2949/2949 2925/2925 2924/2924
f 2949/2949 2950/2950 2926/2926 2925/2925
f 2950/2950 2951/2951 2927/2927 2926/2926
f 2951/2951 2952/2952 2928/2928 2927/2927
f 2952/2952 2929/2929 2905/2905 2928/2928
f 2953/2953 2954/2954 2930/2930 2929/2929
f 2954/2954 2955/2955 2931/2931 2930/2930
f 2955/2955 2956/2956 2932/2932 2931/2931
f 2956/2956 2957/2957 2933/2933 2932/2932
f 2957/2957 2958/2958 2934/2934 2933/2933
f 2958/2958 2959/2959 2935/2935 2934/2934
f 2959/2959 2960/2960 2936/2936 2935/2935
f 2960/2960 2961/2961 2937/2937 2936/2936
f 2961/2961 2962/2962 2938/2938 2937/2937
f 2962/2962 2963/2963 2939/2939 2938/2938
f 2963/2963 2964/2964 2940/2940 2939/2939
f 2964/2964 2965/2965 2941/2941 2940/2940
f 2965/2965 2966/2966 2942/2942 2941/2941
f 2966/2966 2967/2967 2943/2943 2942/2942
f 2967/2967 2968/2968 2944/2944 2943/2943
f 2968/2968 2969/2969 2945/2945 2944/2944
f 2969/2969 2970/2970 2946/2946 2945/2945
f 2970/2970 2971/2971 2947/2947 2946/2946
f 2971/2971 2972/2972 2948/2948 2947/2947
f 2972/2972 2973/2973 2949/2949 2948/2948
f 2973/2973 2974/2974 2950/2950 2949/2949
f 2974/2974 2975/2975 2951/2951 2950/2950
f 2975/2975 2976/2976 2952/2952 2951/2951
f 2976/2976 2953/2953 2929/2929 2952/2952
f 2977/2977 2978/2978 2954/2954 2953/2953
f 2978/2978 2979/2979 2955/2955 2954/2954
f 2979/2979 2980/2980 2956/2956 2955/2955
f 2980/2980 2981/2981 2957/2957 2956/2956
f 2981/2981 2982/2982 2958/2958 2957/2957
f 2982/2982 2983/2983 2959/2959 2958/2958
f 2983/2983 2984/2984 2960/2960 2959/2959
f 2984/2984 2985/2985 2961/2961 2960/2960
f 2985/2985 2986/2986 2962/2962 2961/2961
f 2986/2986 2987/2987 2963/2963 2962/2962
f 2987/2987 2988/2988 2964/2964 2963/2963
f 2988/2988 2989/2989 2965/2965 2964/2964
f 2989/2989 2990/2990 2966/2966 2965/2965
f 2990/2990 2991/2991 2967/2967 2966/2966
f 2991/2991 2992/2992 2968/2968 2967/2967
f 2992/2992 2993/2993 2969/2969 2968/2968
f 2993/2993 2994/2994 2970/2970 2969/2969
f 2994/2994 2995/2995 2971/2971 2970/2970
f 2995/2995 2996/2996 2972/2972 2971/2971
f 2996/2996 2997/2997 2973/2973 2972/2972
f 2997/2997 2998/2998 2974/2974 2973/2973
f 2998/2998 2999/2999 2975/2975 2974/2974
f 2999/2999 3000/3000 2976/2976 2975/2975
f 3000/3000 2977/2977 2953/2953 2976/2976
f 3001/3001 3002/3002 2978/2978 2977/2977
f 3002/3002 3003/3003 2979/2979 2978/2978
f 3003/3003 3004/3004 2980/2980 2979/2979
f 3004/3004 3005/3005 2981/2981 2980/2980
f 3005/3005 3006/3006 2982/2982 2981/2981
f 3006/3006 3007/3007 2983/2983 2982/2982
f 3007/3007 3008/3008 2984/2984 2983/2983
f 3008/3008 3009/3009 2985/2985 2984/2984
f 3009/3009 3010/3010 2986/2986 2985/2985
f 3010/3010 3011/3011 2987/2987 2986/2986
f 3011/3011 3012/3012 2988/2988 2987/2987
f 3012/3012 3013/3013 2989/2989 2988/2988
f 3013/3013 3014/3014 2990/2990 2989/2989
f 3014/3014 3015/3015 2991/2991 2990/2990
f 3015/3015 3016/3016 2992/2992 2991/2991
f 3016/3016 3017/3017 2993/2993 2992/2992
f 3017/3017 3018/3018 2994/2994 2993/2993
f 3018/3018 3019/3019 2995/2995 2994/2994
f 3019/3019 3020/3020 2996/2996 2995/2995
f 3020/3020 3021/3021 2997/2997 2996/2996
f 3021/3021 3022/3022 2998/2998 2997/2997
f 3022/3022 3023/3023 2999/2999 2998/2998
f 3023/3023 3024/3024 3000/3000 2999/2999
f 3024/3024 3001/3001 2977/2977 3000/3000
f 3025/3025 3026/3026 3002/3002 3001/3001
f 3026/3026 3027/3027 3003/3003 3002/3002
f 3027/3027 3028/3028 3004/3004 3003/3003
f 3028/3028 3029/3029 3005/3005 3004/3004
f 3029/3029 3030/3030 3006/3006 3005/3005
f 3030/3030 3031/3031 3007/3007 3006/3006
f 3031/3031 3032/3032 3008/3008 3007/3007
f 3032/3032 3033/3033 3009/3009 3008/3008
f 3033/3033 3034/3034 3010/3010 3009/3009
f 3034/3034 3035/3035 3011/3011 3010/3010
f 3035/3035 3036/3036 3012/3012 3011/3011
f 3036/3036 3037/3037 3013/3013 3012/3012
f 3037/3037 3038/3038 3014/3014 3013/3013
f 3038/3038 3039/3039 3015/3015 3014/3014
f 3039/3039 3040/3040 3016/3016 3015/3015
f 3040/3040 3041/3041 3017/3017 3016/3016
f 3041/3041 3042/3042 3018/3018 3017/3017
f 3042/3042 3043/3043 3019/3019 3018/3018
f 3043/3043 3044/3044 3020/3020 3019/3019
f 3044/3044 3045/3045 3021/3021 3020/3020
f 3045/3045 3046/3046 3022/3022 3021/3021
f 3046/3046 3047/3047 3023/3023 3022/3022
f 3047/3047 3048/3048 3024/3024 3023/3023
f 3048/3048 3025/3025 3001/3001 3024/3024
f 3049/3049 3050/3050 3026/3026 3025/3025
f 3050/3050 3051/3051 3027/3027 3026/3026
f 3051/3051 3052/3052 3028/3028 3027/3027
f 3052/3052 3053/3053 3029/3029 3028/3028
f 3053/3053 3054/3054 3030/3030 3029/3029
f 3054/3054 3055/3055 3031/3031 3030/3030
f 3055/3055 3056/3056 3032/3032 3031/3031
f 3056/3056 3057/3057 3033/3033 3032/3032
f 3057/3057 3058/3058 3034/3034 3033/3033
f 3058/3058 3059/3059 3035/3035 3034/3034
f 3059/3059 3060/3060 3036/3036 3035/3035
f 3060/3060 3061/3061 3037/3037 3036/3036
f 3061/3061 3062/3062 3038/3038 3037/3037
f 3062/3062 3063/3063 3039/3039 3038/3038
f 3063/3063 3064/3064 3040/3040 3039/3039
f 3064/3064 3065/3065 3041/3041 3040/3040
f 3065/3065 3066/3066 3042/3042 3041/3041
f 3066/3066 3067/3067 3043/3043 3042/3042
f 3067/3067 3068/3068 3044/3044 3043/3043
f 3068/3068 3069/3069 3045/3045 3044/3044
f 3069/3069 3070/3070 3046/3046 3045/3045
f 3070/3070 3071/3071 3047/3047 3046/3046
f 3071/3071 3072/3072 3048/3048 3047/3047
f 3072/3072 3049/3049 3025/3025 3048/3048
f 3073/3073 3074/3074 3050/3050 3049/3049
f 3074/3074 3075/3075 3051/3051 3050/3050
f 3075/3075 3076/3076 3052/3052 3051/3051
f 3076/3076 3077/3077 3053/3053 3052/3052
f 3077/3077 3078/3078 3054/3054 3053/3053
f 3078/3078 3079/3079 3055/3055 3054/3054
f 3079/3079 3080/3080 3056/3056 3055/3055
f 3080/3080 3081/3081 3057/3057 3056/3056
f 3081/3081 3082/3082 3058/3058 3057/3057
f 3082/3082 3083/3083 3059/3059 3058/3058
f 3083/3083 3084/3084 3060/3060 3059/3059
f 3084/3084 3085/3085 3061/3061 3060/3060
f 3085/3085 3086/3086 3062/3062 3061/3061
f 3086/3086 3087/3087 3063/3063 3062/3062
f 3087/3087 3088/3088 3064/3064 3063/3063
f 3088/3088 3089/3089 3065/3065 3064/3064
f 3089/3089 3090/3090 3066/3066 3065/3065
f 3090/3090 3091/3091 3067/3067 3066/3066
f 3091/3091 3092/3092 3068/3068 3067/3067
f 3092/3092 3093/3093 3069/3069 3068/3068
f 3093/3093 3094/3094 3070/3070 3069/3069
f 3094/3094 3095/3095 3071/3071 3070/3070
f 3095/3095 3096/3096 3072/3072 3071/3071
f 3096/3096 3073/3073 3049/3049 3072/3072
f 3121/3121 3122/3122 3098/3098 3097/3097
f 3122/3122 3123/3123 3099/3099 3098/3098
f 3123/3123 3124/3124 3100/3100 3099/3099
f 3124/3124 3125/3125 3101/3101 3100/3100
f 3125/3125 3126/3126 3102/3102 3101/3101
f 3126/3126 3127/3127 3103/3103 3102/3102
f 3127/3127 3128/3128 3104/3104 3103/3103
f 3128/3128 3129/3129 3105/3105 3104/3104
f 3129/3129 3130/3130 3106/3106 3105/3105
f 3130/3130 3131/3131 3107/3107 3106/3106
f 3131/3131 3132/3132 3108/3108 3107/3107
f 3132/3132 3133/3133 3109/3109 3108/3108
f 3133/3133 3134/3134 3110/3110 3109/3109
f 3134/3134 3135/3135 3111/3111 3110/3110
f 3135/3135 3136/3136 3112/3112 3111/3111
f 3136/3136 3137/3137 3113/3113 3112/3112
f 3137/3137 3138/3138 3114/3114 3113/3113
f 3138/3138 3139/3139 3115/3115 3114/3114
f 3139/3139 3140/3140 3116/3116 3115/3115
f 3140/3140 3141/3141 3117/3117 3116/3116
f 3141/3141 3142/3142 3118/3118 3117/3117
f 3142/3142 3143/3143 3119/3119 3118/3118
f 3143/3143 3144/3144 3120/3120 3119/3119
f 3144/3144 3121/3121 3097/3097 3120/3120
f 3145/3145 3146/3146 3122/3122 3121/3121
f 3146/3146 3147/3147 3123/3123 3122/3122
f 3147/3147 3148/3148 3124/3124 3123/3123
f 3148/3148 3149/3149 3125/3125 3124/3124
f 3149/3149 3150/3150 3126/3126 3125/3125
f 3150/3150 3151/3151 3127/3127 3126/3126
f 3151/3151 3152/3152 3128/3128 3127/3127
f 3152/3152 3153/3153 3129/3129 3128/3128
f 3153/3153 3154/3154 3130/3130 3129/3129
f 3154/3154 3155/3155 3131/3131 3130/3130
f 3155/3155 3156/3156 3132/3132 3131/3131
f 3156/3156 3157/3157 3133/3133 3132/3132
f 3157/3157 3158/3158 3134/3134 3133/3133
f 3158/3158 3159/3159 3135/3135 3134/3134
f 3159/3159 3160/3160 3136/3136 3135/3135
f 3160/3160 3161/3161 3137/3137 3136/3136
f 3161/3161 3162/3162 3138/3138 3137/3137
f 3162/3162 3163/3163 3139/3139 3138/3138
f 3163/3163 3164/3164 3140/3140 3139/3139
f 3164/3164 3165/3165 3141/3141 3140/3140
f 3165/3165 3166/3166 3142/3142 3141/3141
f 3166/3166 3167/3167 3143/3143 3142/3142
f 3167/3167 3168/3168 3144/3144 3143/3143
f 3168/3168 3145/3145 3121/3121 3144/3144
f 3169/3169 3170/3170 3146/3146 3145/3145
f 3170/3170 3171/3171 3147/3147 3146/3146
f 3171/3171 3172/3172 3148/3148 3147/3147
f 3172/3172 3173/3173 3149/3149 3148/3148
f 3173/3173 3174/3174 3150/3150 3149/3149
f 3174/3174 3175/3175 3151/3151 3150/3150
f 3175/3175 3176/3176 3152/3152 3151/3151
f 3176/3176 3177/3177 3153/3153 3152/3152
f 3177/3177 3178/3178 3154/3154 3153/3153
f 3178/3178 3179/3179 3155/3155 3154/3154
f 3179/3179 3180/3180 3156/3156 3155/3155
f 3180/3180 3181/3181 3157/3157 3156/3156
f 3181/3181 3182/3182 3158/3158 3157/3157
f 3182/3182 3183/3183 3159/3159 3158/3158
f 3183/3183 3184/3184 3160/3160 3159/3159
f 3184/3184 3185/3185 3161/3161 3160/3160
f 3185/3185 3186/3186 3162/3162 3161/3161
f 3186/3186 3187/3187 3163/3163 3162/3162
f 3187/3187 3188/3188 3164/3164 3163/3163
f 3188/3188 3189/3189 3165/3165 3164/3164
f 3189/3189 3190/3190 3166/3166 3165/3165
f 3190/3190 3191/3191 3167/3167 3166/3166
f 3191/3191 3192/3192 3168/3168 3167/3167
f 3192/3192 3169/3169 3145/3145 3168/3168
f 3193/3193 3194/3194 3170/3170 3169/3169
f 3194/3194 3195/3195 3171/3171 3170/3170
f 3195/3195 3196/3196 3172/3172 3171/3171
f 3196/3196 3197/3197 3173/3173 3172/3172
f 3197/3197 3198/3198 3174/3174 3173/3173
f 3198/3198 3199/3199 3175/3175 3174/3174
f 3199/3199 3200/3200 3176/3176 3175/3175
f 3200/3200 3201/3201 3177/3177 3176/3176
f 3201/3201 3202/3202 3178/3178 3177/3177
f 3202/3202 3203/3203 3179/3179 3178/3178
f 3203/3203 3204/3204 3180/3180 3179/3179
f 3204/3204 3205/3205 3181/3181 3180/3180
f 3205/3205 3206/3206 3182/3182 3181/3181
f 3206/3206 3207/3207 3183/3183 3182/3182
f 3207/3207 3208/3208 3184/3184 3183/3183
f 3208/3208 3209/3209 3185/3185 3184/3184
f 3209/3209 3210/3210 3186/3186 3185/3185
f 3210/3210 3211/3211 3187/3187 3186/3186
f 3211/3211 3212/3212 3188/3188 3187/3187
f 3212/3212 3213/3213 3189/3189 3188/3188
f 3213/3213 3214/3214 3190/3190 3189/3189
f 3214/3214 3215/3215 3191/3191 3190/3190
f 3215/3215 3216/3216 3192/3192 3191/3191
f 3216/3216 3193/3193 3169/3169 3192/3192
f 3217/3217 3218/3218 3194/3194 3193/3193
f 3218/3218 3219/3219 3195/3195 3194/3194
f 3219/3219 3220/3220 3196/3196 3195/3195
f 3220/3220 3221/3221 3197/3197 3196/3196
f 3221/3221 3222/3222 3198/3198 3197/3197
f 3222/3222 3223/3223 3199/3199 3198/3198
f 3223/3223 3224/3224 3200/3200 3199/3199
f 3224/3224 3225/3225 3201/3201 3200/3200
f 3225/3225 3226/3226 3202/3202 3201/3201
f 3226/3226 3227/3227 3203/3203 3202/3202
f 3227/3227 3228/3228 3204/3204 3203/3203
f 3228/3228 3229/3229 3205/3205 3204/3204
f 3229/3229 3230/3230 3206/3206 3205/3205
f 3230/3230 3231/3231 3207/3207 3206/3206
f 3231/3231 3232/3232 3208/3208 3207/3207
f 3232/3232 3233/3233 3209/3209 3208/3208
f 3233/3233 3234/3234 3210/3210 3209/3209
f 3234/3234 3235/3235 3211/3211 3210/3210
f 3235/3235 3236/3236 3212/3212 3211/3211
f 3236/3236 3237/3237 3213/3213 3212/3212
f 3237/3237 3238/3238 3214/3214 3213/3213
f 3238/3238 3239/3239 3215/3215 3214/3214
f 3239/3239 3240/3240 3216/3216 3215/3215
f 3240/3240 3217/3217 3193/3193 3216/3216
f 3241/3241 3242/3242 3218/3218 3217/3217
f 3242/3242 3243/3243 3219/3219 3218/3218
f 3243/3243 3244/3244 3220/3220 3219/3219
f 3244/3244 3245/3245 3221/3221 3220/3220
f 3245/3245 3246/3246 3222/3222 3221/3221
f 3246/3246 3247/3247 3223/3223 3222/3222
f 3247/3247 3248/3248 3224/3224 3223/3223
f 3248/3248 3249/3249 3225/3225 3224/3224
f 3249/3249 3250/3250 3226/3226 3225/3225
f 3250/3250 3251/3251 3227/3227 3226/3226
f 3251/3251 3252/3252 3228/3228 3227/3227
f 3252/3252 3253/3253 3229/3229 3228/3228
f 3253/3253 3254/3254 3230/3230 3229/3229
f 3254/3254 3255/3255 3231/3231 3230/3230
f 3255/3255 3256/3256 3232/3232 3231/3231
f 3256/3256 3257/3257 3233/3233 3232/3232
f 3257/3257 3258/3258 3234/3234 3233/3233
f 3258/3258 3259/3259 3235/3235 3234/3234
f 3259/3259 3260/3260 3236/3236 3235/3235
f 3260/3260 3261/3261 3237/3237 3236/3236
f 3261/3261 3262/3262 3238/3238 3237/3237
f 3262/3262 3263/3263 3239/3239 3238/3238
f 3263/3263 3264/3264 3240/3240 3239/3239
f 3264/3264 3241/3241 3217/3217 3240/3240
f 3265/3265 3266/3266 3242/3242 3241/3241
f 3266/3266 3267/3267 3243/3243 3242/3242
f 3267/3267 3268/3268 3244/3244 3243/3243
f 3268/3268 3269/3269 3245/3245 3244/3244
f 3269/3269 3270/3270 3246/3246 3245/3245
f 3270/3270 3271/3271 3247/3247 3246/3246
f 3271/3271 3272/3272 3248/3248 3247/3247
f 3272/3272 3273/3273 3249/3249 3248/3248
f 3273/3273 3274/3274 3250/3250 3249/3249
f 3274/3274 3275/3275 3251/3251 3250/3250
f 3275/3275 3276/3276 3252/3252 3251/3251
f 3276/3276 3277/3277 3253/3253 3252/3252
f 3277/3277 3278/3278 3254/3254 3253/3253
f 3278/3278 3279/3279 3255/3255 3254/3254
f 3279/3279 3280/3280 3256/3256 3255/3255
f 3280/3280 3281/3281 3257/3257 3256/3256
f 3281/3281 3282/3282 3258/3258 3257/3257
f 3282/3282 3283/3283 3259/3259 3258/3258
f 3283/3283 3284/3284 3260/3260 3259/3259
f 3284/3284 3285/3285 3261/3261 3260/3260
f 3285/3285 3286/3286 3262/3262 3261/3261
f 3286/3286 3287/3287 3263/3263 3262/3262
f 3287/3287 3288/3288 3264/3264 3263/3263
f 3288/3288 3265/3265 3241/3241 3264/3264
f 3289/3289 3290/3290 3266/3266 3265/3265
f 3290/3290 3291/3291 3267/3267 3266/3266
f 3291/3291 3292/3292 3268/3268 3267/3267
f 3292/3292 3293/3293 3269/3269 3268/3268
f 3293/3293 3294/3294 3270/3270 3269/3269
f 3294/3294 3295/3295 3271/3271 3270/3270
f 3295/3295 3296/3296 3272/3272 3271/3271
f 3296/3296 3297/3297 3273/3273 3272/3272
f 3297/3297 3298/3298 3274/3274 3273/3273
f 3298/3298 3299/3299 3275/3275 3274/3274
f 3299/3299 3300/3300 3276/3276 3275/3275
f 3300/3300 3301/3301 3277/3277 3276/3276
f 3301/3301 3302/3302 3278/3278 3277/3277
f 3302/3302 3303/3303 3279/3279 3278/3278
f 3303/3303 3304/3304 3280/3280 3279/3279
f 3304/3304 3305/3305 3281/3281 3280/3280
f 3305/3305 3306/3306 3282/3282 3281/3281
f 3306/3306 3307/3307 3283/3283 3282/3282
f 3307/3307 3308/3308 3284/3284 3283/3283
f 3308/3308 3309/3309 3285/3285 3284/3284
f 3309/3309 3310/3310 3286/3286 3285/3285
f 3310/3310 3311/3311 3287/3287 3286/3286
f 3311/3311 3312/3312 3288/3288 3287/3287
f 3312/3312 3289/3289 3265/3265 3288/3288
f 3313/3313 3314/3314 3290/3290 3289/3289
f 3314/3314 3315/3315 3291/3291 3290/3290
f 3315/3315 3316/3316 3292/3292 3291/3291
f 3316/3316 3317/3317 3293/3293 3292/3292
f 3317/3317 3318/3318 3294/3294 3293/3293
f 3318/3318 3319/3319 3295/3295 3294/3294
f 3319/3319 3320/3320 3296/3296 3295/3295
f 3320/3320 3321/3321 3297/3297 3296/3296
f 3321/3321 3322/3322 3298/3298 3297/3297
f 3322/3322 3323/3323 3299/3299 3298/3298
f 3323/3323 3324/3324 3300/3300 3299/3299
f 3324/3324 3325/3325 3301/3301 3300/3300
f 3325/3325 3326/3326 3302/3302 3301/3301
f 3326/3326 3327/3327 3303/3303 3302/3302
f 3327/3327 3328/3328 3304/3304 3303/3303
f 3328/3328 3329/3329 3305/3305 3304/3304
f 3329/3329 3330/3330 3306/3306 3305/3305
f 3330/3330 3331/3331 3307/3307 3306/3306
f 3331/3331 3332/3332 3308/3308 3307/3307
f 3332/3332 3333/3333 3309/3309 3308/3308
f 3333/3333 3334/3334 3310/3310 3309/3309
f 3334/3334 3335/3335 3311/3311 3310/3310
f 3335/3335 3336/3336 3312/3312 3311/3311
f 3336/3336 3313/3313 3289/3289 3312/3312
f 3337/3337 3338/3338 3314/3314 3313/3313
f 3338/3338 3339/3339 3315/3315 3314/3314
f 3339/3339 3340/3340 3316/3316 3315/3315
f 3340/3340 3341/3341 3317/3317 3316/3316
f 3341/3341 3342/3342 3318/3318 3317/3317
f 3342/3342 3343/3343 3319/3319 3318/3318
f 3343/3343 3344/3344 3320/3320 3319/3319
f 3344/3344 3345/3345 3321/3321 3320/3320
f 3345/3345 3346/3346 3322/3322 3321/3321
f 3346/3346 3347/3347 3323/3323 3322/3322
f 3347/3347 3348/3348 3324/3324 3323/3323
f 3348/3348 3349/3349 3325/3325 3324/3324
f 3349/3349 3350/3350 3326/3326 3325/3325
f 3350/3350 3351/3351 3327/3327 3326/3326
f 3351/3351 3352/3352 3328/3328 3327/3327
f 3352/3352 3353/3353 3329/3329 3328/3328
f 3353/3353 3354/3354 3330/3330 3329/3329
f 3354/3354 3355/3355 3331/3331 3330/3330
f 3355/3355 3356/3356 3332/3332 3331/3331
f 3356/3356 3357/3357 3333/3333 3332/3332
f 3357/3357 3358/3358 3334/3334 3333/3333
f 3358/3358 3359/3359 3335/3335 3334/3334
f 3359/3359 3360/3360 3336/3336 3335/3335
f 3360/3360 3337/3337 3313/3313 3336/3336
f 3361/3361 3362/3362 3338/3338 3337/3337
f 3362/3362 3363/3363 3339/3339 3338/3338
f 3363/3363 3364/3364 3340/3340 3339/3339
f 3364/3364 3365/3365 3341/3341 3340/3340
f 3365/3365 3366/3366 3342/3342 3341/3341
f 3366/3366 3367/3367 3343/3343 3342/3342
f 3367/3367 3368/3368 3344/3344 3343/3343
f 3368/3368 3369/3369 3345/3345 3344/3344
f 3369/3369 3370/3370 3346/3346 3345/3345
f 3370/3370 3371/3371 3347/3347 3346/3346
f 3371/3371 3372/3372 3348/3348 3347/3347
f 3372/3372 3373/3373 3349/3349 3348/3348
f 3373/3373 3374/3374 3350/3350 3349/3349
f 3374/3374 3375/3375 3351/3351 3350/3350
f 3375/3375 3376/3376 3352/3352 3351/3351
f 3376/3376 3377/3377 3353/3353 3352/3352
f 3377/3377 3378/3378 3354/3354 3353/3353
f 3378/3378 3379/3379 3355/3355 3354/3354
f 3379/3379 3380/3380 3356/3356 3355/3355
f 3380/3380 3381/3381 3357/3357 3356/3356
f 3381/3381 3382/3382 3358/3358 3357/3357
f 3382/3382 3383/3383 3359/3359 3358/3358
f 3383/3383 3384/3384 3360/3360 3359/3359
f 3384/3384 3361/3361 3337/3337 3360/3360
f 3385/3385 3386/3386 3362/3362 3361/3361
f 3386/3386 3387/3387 3363/3363 3362/3362
f 3387/3387 3388/3388 3364/3364 3363/3363
f 3388/3388 3389/3389 3365/3365 3364/3364
f 3389/3389 3390/3390 3366/3366 3365/3365
f 3390/3390 3391/3391 3367/3367 3366/3366
f 3391/3391 3392/3392 3368/3368 3367/3367
f 3392/3392 3393/3393 3369/3369 3368/3368
f 3393/3393 3394/3394 3370/3370 3369/3369
f 3394/3394 3395/3395 3371/3371 3370/3370
f 3395/3395 3396/3396 3372/3372 3371/3371
f 3396/3396 3397/3397 3373/3373 3372/3372
f 3397/3397 3398/3398 3374/3374 3373/3373
f 3398/3398 3399/3399 3375/3375 3374/3374
f 3399/3399 3400/3400 3376/3376 3375/3375
f 3400/3400 3401/3401 3377/3377 3376/3376
f 3401/3401 3402/3402 3378/3378 3377/3377
f 3402/3402 3403/3403 3379/3379 3378/3378
f 3403/3403 3404/3404 3380/3380 3379/3379
f 3404/3404 3405/3405 3381/3381 3380/3380
f 3405/3405 3406/3406 3382/3382 3381/3381
f 3406/3406 3407/3407 3383/3383 3382/3382
f 3407/3407 3408/3408 3384/3384 3383/3383
f 3408/3408 3385/3385 3361/3361 3384/3384
