# Original factory PMC equipment, centimetres
s 1
v 0.00004 12.00000 -13.55000
v 0.00004 11.99976 -13.55000
v 0.00004 11.99972 -13.55000
v 0.00000 11.99971 -13.55000
v -0.00004 11.99972 -13.55000
v -0.00004 11.99976 -13.55000
v -0.00004 12.00000 -13.55000
v -0.00004 12.00024 -13.55000
v -0.00004 12.00028 -13.55000
v -0.00000 12.00029 -13.55000
v 0.00004 12.00028 -13.55000
v 0.00004 12.00024 -13.55000
v 0.42045 12.00000 -13.53057
v 0.40560 9.70190 -13.53057
v 0.35355 9.36362 -13.53057
v 0.00004 9.26709 -13.53057
v -0.35355 9.36362 -13.53057
v -0.40560 9.70190 -13.53057
v -0.42045 11.99971 -13.53057
v -0.40560 14.29810 -13.53057
v -0.35355 14.63638 -13.53057
v -0.00005 14.73291 -13.53057
v 0.35355 14.63638 -13.53057
v 0.40560 14.29810 -13.53057
v 0.48234 12.00000 -13.46249
v 0.46530 9.36362 -13.46249
v 0.40560 8.97553 -13.46249
v 0.00004 8.86479 -13.46249
v -0.40560 8.97553 -13.46249
v -0.46530 9.36362 -13.46249
v -0.48234 11.99967 -13.46249
v -0.46530 14.63638 -13.46249
v -0.40560 15.02447 -13.46249
v -0.00006 15.13521 -13.46249
v 0.40560 15.02447 -13.46249
v 0.46530 14.63638 -13.46249
v 0.50000 12.00000 -13.00000
v 0.48234 9.26709 -13.00000
v 0.42045 8.86479 -13.00000
v 0.00004 8.75000 -13.00000
v -0.42045 8.86479 -13.00000
v -0.48234 9.26709 -13.00000
v -0.50000 11.99966 -13.00000
v -0.48234 14.73291 -13.00000
v -0.42045 15.13521 -13.00000
v -0.00006 15.25000 -13.00000
v 0.42045 15.13521 -13.00000
v 0.48234 14.73291 -13.00000
v 0.48234 12.00000 -12.53751
v 0.46530 9.36362 -12.53751
v 0.40560 8.97553 -12.53751
v 0.00004 8.86479 -12.53751
v -0.40560 8.97553 -12.53751
v -0.46530 9.36362 -12.53751
v -0.48234 11.99967 -12.53751
v -0.46530 14.63638 -12.53751
v -0.40560 15.02447 -12.53751
v -0.00006 15.13521 -12.53751
v 0.40560 15.02447 -12.53751
v 0.46530 14.63638 -12.53751
v 0.42045 12.00000 -12.46943
v 0.40560 9.70190 -12.46943
v 0.35355 9.36362 -12.46943
v 0.00004 9.26709 -12.46943
v -0.35355 9.36362 -12.46943
v -0.40560 9.70190 -12.46943
v -0.42045 11.99971 -12.46943
v -0.40560 14.29810 -12.46943
v -0.35355 14.63638 -12.46943
v -0.00005 14.73291 -12.46943
v 0.35355 14.63638 -12.46943
v 0.40560 14.29810 -12.46943
v 0.00004 12.00000 -12.45000
v 0.00004 11.99976 -12.45000
v 0.00004 11.99972 -12.45000
v 0.00000 11.99971 -12.45000
v -0.00004 11.99972 -12.45000
v -0.00004 11.99976 -12.45000
v -0.00004 12.00000 -12.45000
v -0.00004 12.00024 -12.45000
v -0.00004 12.00028 -12.45000
v -0.00000 12.00029 -12.45000
v 0.00004 12.00028 -12.45000
v 0.00004 12.00024 -12.45000
v 0.00004 4.00000 -13.55000
v 0.00004 3.99976 -13.55000
v 0.00004 3.99972 -13.55000
v 0.00000 3.99971 -13.55000
v -0.00004 3.99972 -13.55000
v -0.00004 3.99976 -13.55000
v -0.00004 4.00000 -13.55000
v -0.00004 4.00024 -13.55000
v -0.00004 4.00028 -13.55000
v -0.00000 4.00029 -13.55000
v 0.00004 4.00028 -13.55000
v 0.00004 4.00024 -13.55000
v 0.42045 4.00000 -13.53057
v 0.40560 1.70190 -13.53057
v 0.35355 1.36362 -13.53057
v 0.00004 1.26709 -13.53057
v -0.35355 1.36362 -13.53057
v -0.40560 1.70190 -13.53057
v -0.42045 3.99971 -13.53057
v -0.40560 6.29810 -13.53057
v -0.35355 6.63638 -13.53057
v -0.00005 6.73291 -13.53057
v 0.35355 6.63638 -13.53057
v 0.40560 6.29810 -13.53057
v 0.48234 4.00000 -13.46249
v 0.46530 1.36362 -13.46249
v 0.40560 0.97553 -13.46249
v 0.00004 0.86479 -13.46249
v -0.40560 0.97553 -13.46249
v -0.46530 1.36362 -13.46249
v -0.48234 3.99967 -13.46249
v -0.46530 6.63638 -13.46249
v -0.40560 7.02447 -13.46249
v -0.00006 7.13521 -13.46249
v 0.40560 7.02447 -13.46249
v 0.46530 6.63638 -13.46249
v 0.50000 4.00000 -13.00000
v 0.48234 1.26709 -13.00000
v 0.42045 0.86479 -13.00000
v 0.00004 0.75000 -13.00000
v -0.42045 0.86479 -13.00000
v -0.48234 1.26709 -13.00000
v -0.50000 3.99966 -13.00000
v -0.48234 6.73291 -13.00000
v -0.42045 7.13521 -13.00000
v -0.00006 7.25000 -13.00000
v 0.42045 7.13521 -13.00000
v 0.48234 6.73291 -13.00000
v 0.48234 4.00000 -12.53751
v 0.46530 1.36362 -12.53751
v 0.40560 0.97553 -12.53751
v 0.00004 0.86479 -12.53751
v -0.40560 0.97553 -12.53751
v -0.46530 1.36362 -12.53751
v -0.48234 3.99967 -12.53751
v -0.46530 6.63638 -12.53751
v -0.40560 7.02447 -12.53751
v -0.00006 7.13521 -12.53751
v 0.40560 7.02447 -12.53751
v 0.46530 6.63638 -12.53751
v 0.42045 4.00000 -12.46943
v 0.40560 1.70190 -12.46943
v 0.35355 1.36362 -12.46943
v 0.00004 1.26709 -12.46943
v -0.35355 1.36362 -12.46943
v -0.40560 1.70190 -12.46943
v -0.42045 3.99971 -12.46943
v -0.40560 6.29810 -12.46943
v -0.35355 6.63638 -12.46943
v -0.00005 6.73291 -12.46943
v 0.35355 6.63638 -12.46943
v 0.40560 6.29810 -12.46943
v 0.00004 4.00000 -12.45000
v 0.00004 3.99976 -12.45000
v 0.00004 3.99972 -12.45000
v 0.00000 3.99971 -12.45000
v -0.00004 3.99972 -12.45000
v -0.00004 3.99976 -12.45000
v -0.00004 4.00000 -12.45000
v -0.00004 4.00024 -12.45000
v -0.00004 4.00028 -12.45000
v -0.00000 4.00029 -12.45000
v 0.00004 4.00028 -12.45000
v 0.00004 4.00024 -12.45000
v 0.00004 -4.00000 -13.55000
v 0.00004 -4.00024 -13.55000
v 0.00004 -4.00028 -13.55000
v 0.00000 -4.00029 -13.55000
v -0.00004 -4.00028 -13.55000
v -0.00004 -4.00024 -13.55000
v -0.00004 -4.00000 -13.55000
v -0.00004 -3.99976 -13.55000
v -0.00004 -3.99972 -13.55000
v -0.00000 -3.99971 -13.55000
v 0.00004 -3.99972 -13.55000
v 0.00004 -3.99976 -13.55000
v 0.42045 -4.00000 -13.53057
v 0.40560 -6.29810 -13.53057
v 0.35355 -6.63638 -13.53057
v 0.00004 -6.73291 -13.53057
v -0.35355 -6.63638 -13.53057
v -0.40560 -6.29810 -13.53057
v -0.42045 -4.00029 -13.53057
v -0.40560 -1.70190 -13.53057
v -0.35355 -1.36362 -13.53057
v -0.00005 -1.26709 -13.53057
v 0.35355 -1.36362 -13.53057
v 0.40560 -1.70190 -13.53057
v 0.48234 -4.00000 -13.46249
v 0.46530 -6.63638 -13.46249
v 0.40560 -7.02447 -13.46249
v 0.00004 -7.13521 -13.46249
v -0.40560 -7.02447 -13.46249
v -0.46530 -6.63638 -13.46249
v -0.48234 -4.00033 -13.46249
v -0.46530 -1.36362 -13.46249
v -0.40560 -0.97553 -13.46249
v -0.00006 -0.86479 -13.46249
v 0.40560 -0.97553 -13.46249
v 0.46530 -1.36362 -13.46249
v 0.50000 -4.00000 -13.00000
v 0.48234 -6.73291 -13.00000
v 0.42045 -7.13521 -13.00000
v 0.00004 -7.25000 -13.00000
v -0.42045 -7.13521 -13.00000
v -0.48234 -6.73291 -13.00000
v -0.50000 -4.00034 -13.00000
v -0.48234 -1.26709 -13.00000
v -0.42045 -0.86479 -13.00000
v -0.00006 -0.75000 -13.00000
v 0.42045 -0.86479 -13.00000
v 0.48234 -1.26709 -13.00000
v 0.48234 -4.00000 -12.53751
v 0.46530 -6.63638 -12.53751
v 0.40560 -7.02447 -12.53751
v 0.00004 -7.13521 -12.53751
v -0.40560 -7.02447 -12.53751
v -0.46530 -6.63638 -12.53751
v -0.48234 -4.00033 -12.53751
v -0.46530 -1.36362 -12.53751
v -0.40560 -0.97553 -12.53751
v -0.00006 -0.86479 -12.53751
v 0.40560 -0.97553 -12.53751
v 0.46530 -1.36362 -12.53751
v 0.42045 -4.00000 -12.46943
v 0.40560 -6.29810 -12.46943
v 0.35355 -6.63638 -12.46943
v 0.00004 -6.73291 -12.46943
v -0.35355 -6.63638 -12.46943
v -0.40560 -6.29810 -12.46943
v -0.42045 -4.00029 -12.46943
v -0.40560 -1.70190 -12.46943
v -0.35355 -1.36362 -12.46943
v -0.00005 -1.26709 -12.46943
v 0.35355 -1.36362 -12.46943
v 0.40560 -1.70190 -12.46943
v 0.00004 -4.00000 -12.45000
v 0.00004 -4.00024 -12.45000
v 0.00004 -4.00028 -12.45000
v 0.00000 -4.00029 -12.45000
v -0.00004 -4.00028 -12.45000
v -0.00004 -4.00024 -12.45000
v -0.00004 -4.00000 -12.45000
v -0.00004 -3.99976 -12.45000
v -0.00004 -3.99972 -12.45000
v -0.00000 -3.99971 -12.45000
v 0.00004 -3.99972 -12.45000
v 0.00004 -3.99976 -12.45000
v 0.00004 -12.00000 -13.55000
v 0.00004 -12.00024 -13.55000
v 0.00004 -12.00028 -13.55000
v 0.00000 -12.00029 -13.55000
v -0.00004 -12.00028 -13.55000
v -0.00004 -12.00024 -13.55000
v -0.00004 -12.00000 -13.55000
v -0.00004 -11.99976 -13.55000
v -0.00004 -11.99972 -13.55000
v -0.00000 -11.99971 -13.55000
v 0.00004 -11.99972 -13.55000
v 0.00004 -11.99976 -13.55000
v 0.42045 -12.00000 -13.53057
v 0.40560 -14.29810 -13.53057
v 0.35355 -14.63638 -13.53057
v 0.00004 -14.73291 -13.53057
v -0.35355 -14.63638 -13.53057
v -0.40560 -14.29810 -13.53057
v -0.42045 -12.00029 -13.53057
v -0.40560 -9.70190 -13.53057
v -0.35355 -9.36362 -13.53057
v -0.00005 -9.26709 -13.53057
v 0.35355 -9.36362 -13.53057
v 0.40560 -9.70190 -13.53057
v 0.48234 -12.00000 -13.46249
v 0.46530 -14.63638 -13.46249
v 0.40560 -15.02447 -13.46249
v 0.00004 -15.13521 -13.46249
v -0.40560 -15.02447 -13.46249
v -0.46530 -14.63638 -13.46249
v -0.48234 -12.00033 -13.46249
v -0.46530 -9.36362 -13.46249
v -0.40560 -8.97553 -13.46249
v -0.00006 -8.86479 -13.46249
v 0.40560 -8.97553 -13.46249
v 0.46530 -9.36362 -13.46249
v 0.50000 -12.00000 -13.00000
v 0.48234 -14.73291 -13.00000
v 0.42045 -15.13521 -13.00000
v 0.00004 -15.25000 -13.00000
v -0.42045 -15.13521 -13.00000
v -0.48234 -14.73291 -13.00000
v -0.50000 -12.00034 -13.00000
v -0.48234 -9.26709 -13.00000
v -0.42045 -8.86479 -13.00000
v -0.00006 -8.75000 -13.00000
v 0.42045 -8.86479 -13.00000
v 0.48234 -9.26709 -13.00000
v 0.48234 -12.00000 -12.53751
v 0.46530 -14.63638 -12.53751
v 0.40560 -15.02447 -12.53751
v 0.00004 -15.13521 -12.53751
v -0.40560 -15.02447 -12.53751
v -0.46530 -14.63638 -12.53751
v -0.48234 -12.00033 -12.53751
v -0.46530 -9.36362 -12.53751
v -0.40560 -8.97553 -12.53751
v -0.00006 -8.86479 -12.53751
v 0.40560 -8.97553 -12.53751
v 0.46530 -9.36362 -12.53751
v 0.42045 -12.00000 -12.46943
v 0.40560 -14.29810 -12.46943
v 0.35355 -14.63638 -12.46943
v 0.00004 -14.73291 -12.46943
v -0.35355 -14.63638 -12.46943
v -0.40560 -14.29810 -12.46943
v -0.42045 -12.00029 -12.46943
v -0.40560 -9.70190 -12.46943
v -0.35355 -9.36362 -12.46943
v -0.00005 -9.26709 -12.46943
v 0.35355 -9.36362 -12.46943
v 0.40560 -9.70190 -12.46943
v 0.00004 -12.00000 -12.45000
v 0.00004 -12.00024 -12.45000
v 0.00004 -12.00028 -12.45000
v 0.00000 -12.00029 -12.45000
v -0.00004 -12.00028 -12.45000
v -0.00004 -12.00024 -12.45000
v -0.00004 -12.00000 -12.45000
v -0.00004 -11.99976 -12.45000
v -0.00004 -11.99972 -12.45000
v -0.00000 -11.99971 -12.45000
v 0.00004 -11.99972 -12.45000
v 0.00004 -11.99976 -12.45000
v 0.00004 12.00000 -6.55000
v 0.00004 11.99976 -6.55000
v 0.00004 11.99972 -6.55000
v 0.00000 11.99971 -6.55000
v -0.00004 11.99972 -6.55000
v -0.00004 11.99976 -6.55000
v -0.00004 12.00000 -6.55000
v -0.00004 12.00024 -6.55000
v -0.00004 12.00028 -6.55000
v -0.00000 12.00029 -6.55000
v 0.00004 12.00028 -6.55000
v 0.00004 12.00024 -6.55000
v 0.42045 12.00000 -6.53057
v 0.40560 9.70190 -6.53057
v 0.35355 9.36362 -6.53057
v 0.00004 9.26709 -6.53057
v -0.35355 9.36362 -6.53057
v -0.40560 9.70190 -6.53057
v -0.42045 11.99971 -6.53057
v -0.40560 14.29810 -6.53057
v -0.35355 14.63638 -6.53057
v -0.00005 14.73291 -6.53057
v 0.35355 14.63638 -6.53057
v 0.40560 14.29810 -6.53057
v 0.48234 12.00000 -6.46249
v 0.46530 9.36362 -6.46249
v 0.40560 8.97553 -6.46249
v 0.00004 8.86479 -6.46249
v -0.40560 8.97553 -6.46249
v -0.46530 9.36362 -6.46249
v -0.48234 11.99967 -6.46249
v -0.46530 14.63638 -6.46249
v -0.40560 15.02447 -6.46249
v -0.00006 15.13521 -6.46249
v 0.40560 15.02447 -6.46249
v 0.46530 14.63638 -6.46249
v 0.50000 12.00000 -6.00000
v 0.48234 9.26709 -6.00000
v 0.42045 8.86479 -6.00000
v 0.00004 8.75000 -6.00000
v -0.42045 8.86479 -6.00000
v -0.48234 9.26709 -6.00000
v -0.50000 11.99966 -6.00000
v -0.48234 14.73291 -6.00000
v -0.42045 15.13521 -6.00000
v -0.00006 15.25000 -6.00000
v 0.42045 15.13521 -6.00000
v 0.48234 14.73291 -6.00000
v 0.48234 12.00000 -5.53751
v 0.46530 9.36362 -5.53751
v 0.40560 8.97553 -5.53751
v 0.00004 8.86479 -5.53751
v -0.40560 8.97553 -5.53751
v -0.46530 9.36362 -5.53751
v -0.48234 11.99967 -5.53751
v -0.46530 14.63638 -5.53751
v -0.40560 15.02447 -5.53751
v -0.00006 15.13521 -5.53751
v 0.40560 15.02447 -5.53751
v 0.46530 14.63638 -5.53751
v 0.42045 12.00000 -5.46943
v 0.40560 9.70190 -5.46943
v 0.35355 9.36362 -5.46943
v 0.00004 9.26709 -5.46943
v -0.35355 9.36362 -5.46943
v -0.40560 9.70190 -5.46943
v -0.42045 11.99971 -5.46943
v -0.40560 14.29810 -5.46943
v -0.35355 14.63638 -5.46943
v -0.00005 14.73291 -5.46943
v 0.35355 14.63638 -5.46943
v 0.40560 14.29810 -5.46943
v 0.00004 12.00000 -5.45000
v 0.00004 11.99976 -5.45000
v 0.00004 11.99972 -5.45000
v 0.00000 11.99971 -5.45000
v -0.00004 11.99972 -5.45000
v -0.00004 11.99976 -5.45000
v -0.00004 12.00000 -5.45000
v -0.00004 12.00024 -5.45000
v -0.00004 12.00028 -5.45000
v -0.00000 12.00029 -5.45000
v 0.00004 12.00028 -5.45000
v 0.00004 12.00024 -5.45000
v 0.00004 4.00000 -6.55000
v 0.00004 3.99976 -6.55000
v 0.00004 3.99972 -6.55000
v 0.00000 3.99971 -6.55000
v -0.00004 3.99972 -6.55000
v -0.00004 3.99976 -6.55000
v -0.00004 4.00000 -6.55000
v -0.00004 4.00024 -6.55000
v -0.00004 4.00028 -6.55000
v -0.00000 4.00029 -6.55000
v 0.00004 4.00028 -6.55000
v 0.00004 4.00024 -6.55000
v 0.42045 4.00000 -6.53057
v 0.40560 1.70190 -6.53057
v 0.35355 1.36362 -6.53057
v 0.00004 1.26709 -6.53057
v -0.35355 1.36362 -6.53057
v -0.40560 1.70190 -6.53057
v -0.42045 3.99971 -6.53057
v -0.40560 6.29810 -6.53057
v -0.35355 6.63638 -6.53057
v -0.00005 6.73291 -6.53057
v 0.35355 6.63638 -6.53057
v 0.40560 6.29810 -6.53057
v 0.48234 4.00000 -6.46249
v 0.46530 1.36362 -6.46249
v 0.40560 0.97553 -6.46249
v 0.00004 0.86479 -6.46249
v -0.40560 0.97553 -6.46249
v -0.46530 1.36362 -6.46249
v -0.48234 3.99967 -6.46249
v -0.46530 6.63638 -6.46249
v -0.40560 7.02447 -6.46249
v -0.00006 7.13521 -6.46249
v 0.40560 7.02447 -6.46249
v 0.46530 6.63638 -6.46249
v 0.50000 4.00000 -6.00000
v 0.48234 1.26709 -6.00000
v 0.42045 0.86479 -6.00000
v 0.00004 0.75000 -6.00000
v -0.42045 0.86479 -6.00000
v -0.48234 1.26709 -6.00000
v -0.50000 3.99966 -6.00000
v -0.48234 6.73291 -6.00000
v -0.42045 7.13521 -6.00000
v -0.00006 7.25000 -6.00000
v 0.42045 7.13521 -6.00000
v 0.48234 6.73291 -6.00000
v 0.48234 4.00000 -5.53751
v 0.46530 1.36362 -5.53751
v 0.40560 0.97553 -5.53751
v 0.00004 0.86479 -5.53751
v -0.40560 0.97553 -5.53751
v -0.46530 1.36362 -5.53751
v -0.48234 3.99967 -5.53751
v -0.46530 6.63638 -5.53751
v -0.40560 7.02447 -5.53751
v -0.00006 7.13521 -5.53751
v 0.40560 7.02447 -5.53751
v 0.46530 6.63638 -5.53751
v 0.42045 4.00000 -5.46943
v 0.40560 1.70190 -5.46943
v 0.35355 1.36362 -5.46943
v 0.00004 1.26709 -5.46943
v -0.35355 1.36362 -5.46943
v -0.40560 1.70190 -5.46943
v -0.42045 3.99971 -5.46943
v -0.40560 6.29810 -5.46943
v -0.35355 6.63638 -5.46943
v -0.00005 6.73291 -5.46943
v 0.35355 6.63638 -5.46943
v 0.40560 6.29810 -5.46943
v 0.00004 4.00000 -5.45000
v 0.00004 3.99976 -5.45000
v 0.00004 3.99972 -5.45000
v 0.00000 3.99971 -5.45000
v -0.00004 3.99972 -5.45000
v -0.00004 3.99976 -5.45000
v -0.00004 4.00000 -5.45000
v -0.00004 4.00024 -5.45000
v -0.00004 4.00028 -5.45000
v -0.00000 4.00029 -5.45000
v 0.00004 4.00028 -5.45000
v 0.00004 4.00024 -5.45000
v 0.00004 -4.00000 -6.55000
v 0.00004 -4.00024 -6.55000
v 0.00004 -4.00028 -6.55000
v 0.00000 -4.00029 -6.55000
v -0.00004 -4.00028 -6.55000
v -0.00004 -4.00024 -6.55000
v -0.00004 -4.00000 -6.55000
v -0.00004 -3.99976 -6.55000
v -0.00004 -3.99972 -6.55000
v -0.00000 -3.99971 -6.55000
v 0.00004 -3.99972 -6.55000
v 0.00004 -3.99976 -6.55000
v 0.42045 -4.00000 -6.53057
v 0.40560 -6.29810 -6.53057
v 0.35355 -6.63638 -6.53057
v 0.00004 -6.73291 -6.53057
v -0.35355 -6.63638 -6.53057
v -0.40560 -6.29810 -6.53057
v -0.42045 -4.00029 -6.53057
v -0.40560 -1.70190 -6.53057
v -0.35355 -1.36362 -6.53057
v -0.00005 -1.26709 -6.53057
v 0.35355 -1.36362 -6.53057
v 0.40560 -1.70190 -6.53057
v 0.48234 -4.00000 -6.46249
v 0.46530 -6.63638 -6.46249
v 0.40560 -7.02447 -6.46249
v 0.00004 -7.13521 -6.46249
v -0.40560 -7.02447 -6.46249
v -0.46530 -6.63638 -6.46249
v -0.48234 -4.00033 -6.46249
v -0.46530 -1.36362 -6.46249
v -0.40560 -0.97553 -6.46249
v -0.00006 -0.86479 -6.46249
v 0.40560 -0.97553 -6.46249
v 0.46530 -1.36362 -6.46249
v 0.50000 -4.00000 -6.00000
v 0.48234 -6.73291 -6.00000
v 0.42045 -7.13521 -6.00000
v 0.00004 -7.25000 -6.00000
v -0.42045 -7.13521 -6.00000
v -0.48234 -6.73291 -6.00000
v -0.50000 -4.00034 -6.00000
v -0.48234 -1.26709 -6.00000
v -0.42045 -0.86479 -6.00000
v -0.00006 -0.75000 -6.00000
v 0.42045 -0.86479 -6.00000
v 0.48234 -1.26709 -6.00000
v 0.48234 -4.00000 -5.53751
v 0.46530 -6.63638 -5.53751
v 0.40560 -7.02447 -5.53751
v 0.00004 -7.13521 -5.53751
v -0.40560 -7.02447 -5.53751
v -0.46530 -6.63638 -5.53751
v -0.48234 -4.00033 -5.53751
v -0.46530 -1.36362 -5.53751
v -0.40560 -0.97553 -5.53751
v -0.00006 -0.86479 -5.53751
v 0.40560 -0.97553 -5.53751
v 0.46530 -1.36362 -5.53751
v 0.42045 -4.00000 -5.46943
v 0.40560 -6.29810 -5.46943
v 0.35355 -6.63638 -5.46943
v 0.00004 -6.73291 -5.46943
v -0.35355 -6.63638 -5.46943
v -0.40560 -6.29810 -5.46943
v -0.42045 -4.00029 -5.46943
v -0.40560 -1.70190 -5.46943
v -0.35355 -1.36362 -5.46943
v -0.00005 -1.26709 -5.46943
v 0.35355 -1.36362 -5.46943
v 0.40560 -1.70190 -5.46943
v 0.00004 -4.00000 -5.45000
v 0.00004 -4.00024 -5.45000
v 0.00004 -4.00028 -5.45000
v 0.00000 -4.00029 -5.45000
v -0.00004 -4.00028 -5.45000
v -0.00004 -4.00024 -5.45000
v -0.00004 -4.00000 -5.45000
v -0.00004 -3.99976 -5.45000
v -0.00004 -3.99972 -5.45000
v -0.00000 -3.99971 -5.45000
v 0.00004 -3.99972 -5.45000
v 0.00004 -3.99976 -5.45000
v 0.00004 -12.00000 -6.55000
v 0.00004 -12.00024 -6.55000
v 0.00004 -12.00028 -6.55000
v 0.00000 -12.00029 -6.55000
v -0.00004 -12.00028 -6.55000
v -0.00004 -12.00024 -6.55000
v -0.00004 -12.00000 -6.55000
v -0.00004 -11.99976 -6.55000
v -0.00004 -11.99972 -6.55000
v -0.00000 -11.99971 -6.55000
v 0.00004 -11.99972 -6.55000
v 0.00004 -11.99976 -6.55000
v 0.42045 -12.00000 -6.53057
v 0.40560 -14.29810 -6.53057
v 0.35355 -14.63638 -6.53057
v 0.00004 -14.73291 -6.53057
v -0.35355 -14.63638 -6.53057
v -0.40560 -14.29810 -6.53057
v -0.42045 -12.00029 -6.53057
v -0.40560 -9.70190 -6.53057
v -0.35355 -9.36362 -6.53057
v -0.00005 -9.26709 -6.53057
v 0.35355 -9.36362 -6.53057
v 0.40560 -9.70190 -6.53057
v 0.48234 -12.00000 -6.46249
v 0.46530 -14.63638 -6.46249
v 0.40560 -15.02447 -6.46249
v 0.00004 -15.13521 -6.46249
v -0.40560 -15.02447 -6.46249
v -0.46530 -14.63638 -6.46249
v -0.48234 -12.00033 -6.46249
v -0.46530 -9.36362 -6.46249
v -0.40560 -8.97553 -6.46249
v -0.00006 -8.86479 -6.46249
v 0.40560 -8.97553 -6.46249
v 0.46530 -9.36362 -6.46249
v 0.50000 -12.00000 -6.00000
v 0.48234 -14.73291 -6.00000
v 0.42045 -15.13521 -6.00000
v 0.00004 -15.25000 -6.00000
v -0.42045 -15.13521 -6.00000
v -0.48234 -14.73291 -6.00000
v -0.50000 -12.00034 -6.00000
v -0.48234 -9.26709 -6.00000
v -0.42045 -8.86479 -6.00000
v -0.00006 -8.75000 -6.00000
v 0.42045 -8.86479 -6.00000
v 0.48234 -9.26709 -6.00000
v 0.48234 -12.00000 -5.53751
v 0.46530 -14.63638 -5.53751
v 0.40560 -15.02447 -5.53751
v 0.00004 -15.13521 -5.53751
v -0.40560 -15.02447 -5.53751
v -0.46530 -14.63638 -5.53751
v -0.48234 -12.00033 -5.53751
v -0.46530 -9.36362 -5.53751
v -0.40560 -8.97553 -5.53751
v -0.00006 -8.86479 -5.53751
v 0.40560 -8.97553 -5.53751
v 0.46530 -9.36362 -5.53751
v 0.42045 -12.00000 -5.46943
v 0.40560 -14.29810 -5.46943
v 0.35355 -14.63638 -5.46943
v 0.00004 -14.73291 -5.46943
v -0.35355 -14.63638 -5.46943
v -0.40560 -14.29810 -5.46943
v -0.42045 -12.00029 -5.46943
v -0.40560 -9.70190 -5.46943
v -0.35355 -9.36362 -5.46943
v -0.00005 -9.26709 -5.46943
v 0.35355 -9.36362 -5.46943
v 0.40560 -9.70190 -5.46943
v 0.00004 -12.00000 -5.45000
v 0.00004 -12.00024 -5.45000
v 0.00004 -12.00028 -5.45000
v 0.00000 -12.00029 -5.45000
v -0.00004 -12.00028 -5.45000
v -0.00004 -12.00024 -5.45000
v -0.00004 -12.00000 -5.45000
v -0.00004 -11.99976 -5.45000
v -0.00004 -11.99972 -5.45000
v -0.00000 -11.99971 -5.45000
v 0.00004 -11.99972 -5.45000
v 0.00004 -11.99976 -5.45000
v 0.00004 12.00000 0.45000
v 0.00004 11.99976 0.45000
v 0.00004 11.99972 0.45000
v 0.00000 11.99971 0.45000
v -0.00004 11.99972 0.45000
v -0.00004 11.99976 0.45000
v -0.00004 12.00000 0.45000
v -0.00004 12.00024 0.45000
v -0.00004 12.00028 0.45000
v -0.00000 12.00029 0.45000
v 0.00004 12.00028 0.45000
v 0.00004 12.00024 0.45000
v 0.42045 12.00000 0.46943
v 0.40560 9.70190 0.46943
v 0.35355 9.36362 0.46943
v 0.00004 9.26709 0.46943
v -0.35355 9.36362 0.46943
v -0.40560 9.70190 0.46943
v -0.42045 11.99971 0.46943
v -0.40560 14.29810 0.46943
v -0.35355 14.63638 0.46943
v -0.00005 14.73291 0.46943
v 0.35355 14.63638 0.46943
v 0.40560 14.29810 0.46943
v 0.48234 12.00000 0.53751
v 0.46530 9.36362 0.53751
v 0.40560 8.97553 0.53751
v 0.00004 8.86479 0.53751
v -0.40560 8.97553 0.53751
v -0.46530 9.36362 0.53751
v -0.48234 11.99967 0.53751
v -0.46530 14.63638 0.53751
v -0.40560 15.02447 0.53751
v -0.00006 15.13521 0.53751
v 0.40560 15.02447 0.53751
v 0.46530 14.63638 0.53751
v 0.50000 12.00000 1.00000
v 0.48234 9.26709 1.00000
v 0.42045 8.86479 1.00000
v 0.00004 8.75000 1.00000
v -0.42045 8.86479 1.00000
v -0.48234 9.26709 1.00000
v -0.50000 11.99966 1.00000
v -0.48234 14.73291 1.00000
v -0.42045 15.13521 1.00000
v -0.00006 15.25000 1.00000
v 0.42045 15.13521 1.00000
v 0.48234 14.73291 1.00000
v 0.48234 12.00000 1.46249
v 0.46530 9.36362 1.46249
v 0.40560 8.97553 1.46249
v 0.00004 8.86479 1.46249
v -0.40560 8.97553 1.46249
v -0.46530 9.36362 1.46249
v -0.48234 11.99967 1.46249
v -0.46530 14.63638 1.46249
v -0.40560 15.02447 1.46249
v -0.00006 15.13521 1.46249
v 0.40560 15.02447 1.46249
v 0.46530 14.63638 1.46249
v 0.42045 12.00000 1.53057
v 0.40560 9.70190 1.53057
v 0.35355 9.36362 1.53057
v 0.00004 9.26709 1.53057
v -0.35355 9.36362 1.53057
v -0.40560 9.70190 1.53057
v -0.42045 11.99971 1.53057
v -0.40560 14.29810 1.53057
v -0.35355 14.63638 1.53057
v -0.00005 14.73291 1.53057
v 0.35355 14.63638 1.53057
v 0.40560 14.29810 1.53057
v 0.00004 12.00000 1.55000
v 0.00004 11.99976 1.55000
v 0.00004 11.99972 1.55000
v 0.00000 11.99971 1.55000
v -0.00004 11.99972 1.55000
v -0.00004 11.99976 1.55000
v -0.00004 12.00000 1.55000
v -0.00004 12.00024 1.55000
v -0.00004 12.00028 1.55000
v -0.00000 12.00029 1.55000
v 0.00004 12.00028 1.55000
v 0.00004 12.00024 1.55000
v 0.00004 4.00000 0.45000
v 0.00004 3.99976 0.45000
v 0.00004 3.99972 0.45000
v 0.00000 3.99971 0.45000
v -0.00004 3.99972 0.45000
v -0.00004 3.99976 0.45000
v -0.00004 4.00000 0.45000
v -0.00004 4.00024 0.45000
v -0.00004 4.00028 0.45000
v -0.00000 4.00029 0.45000
v 0.00004 4.00028 0.45000
v 0.00004 4.00024 0.45000
v 0.42045 4.00000 0.46943
v 0.40560 1.70190 0.46943
v 0.35355 1.36362 0.46943
v 0.00004 1.26709 0.46943
v -0.35355 1.36362 0.46943
v -0.40560 1.70190 0.46943
v -0.42045 3.99971 0.46943
v -0.40560 6.29810 0.46943
v -0.35355 6.63638 0.46943
v -0.00005 6.73291 0.46943
v 0.35355 6.63638 0.46943
v 0.40560 6.29810 0.46943
v 0.48234 4.00000 0.53751
v 0.46530 1.36362 0.53751
v 0.40560 0.97553 0.53751
v 0.00004 0.86479 0.53751
v -0.40560 0.97553 0.53751
v -0.46530 1.36362 0.53751
v -0.48234 3.99967 0.53751
v -0.46530 6.63638 0.53751
v -0.40560 7.02447 0.53751
v -0.00006 7.13521 0.53751
v 0.40560 7.02447 0.53751
v 0.46530 6.63638 0.53751
v 0.50000 4.00000 1.00000
v 0.48234 1.26709 1.00000
v 0.42045 0.86479 1.00000
v 0.00004 0.75000 1.00000
v -0.42045 0.86479 1.00000
v -0.48234 1.26709 1.00000
v -0.50000 3.99966 1.00000
v -0.48234 6.73291 1.00000
v -0.42045 7.13521 1.00000
v -0.00006 7.25000 1.00000
v 0.42045 7.13521 1.00000
v 0.48234 6.73291 1.00000
v 0.48234 4.00000 1.46249
v 0.46530 1.36362 1.46249
v 0.40560 0.97553 1.46249
v 0.00004 0.86479 1.46249
v -0.40560 0.97553 1.46249
v -0.46530 1.36362 1.46249
v -0.48234 3.99967 1.46249
v -0.46530 6.63638 1.46249
v -0.40560 7.02447 1.46249
v -0.00006 7.13521 1.46249
v 0.40560 7.02447 1.46249
v 0.46530 6.63638 1.46249
v 0.42045 4.00000 1.53057
v 0.40560 1.70190 1.53057
v 0.35355 1.36362 1.53057
v 0.00004 1.26709 1.53057
v -0.35355 1.36362 1.53057
v -0.40560 1.70190 1.53057
v -0.42045 3.99971 1.53057
v -0.40560 6.29810 1.53057
v -0.35355 6.63638 1.53057
v -0.00005 6.73291 1.53057
v 0.35355 6.63638 1.53057
v 0.40560 6.29810 1.53057
v 0.00004 4.00000 1.55000
v 0.00004 3.99976 1.55000
v 0.00004 3.99972 1.55000
v 0.00000 3.99971 1.55000
v -0.00004 3.99972 1.55000
v -0.00004 3.99976 1.55000
v -0.00004 4.00000 1.55000
v -0.00004 4.00024 1.55000
v -0.00004 4.00028 1.55000
v -0.00000 4.00029 1.55000
v 0.00004 4.00028 1.55000
v 0.00004 4.00024 1.55000
v 0.00004 -4.00000 0.45000
v 0.00004 -4.00024 0.45000
v 0.00004 -4.00028 0.45000
v 0.00000 -4.00029 0.45000
v -0.00004 -4.00028 0.45000
v -0.00004 -4.00024 0.45000
v -0.00004 -4.00000 0.45000
v -0.00004 -3.99976 0.45000
v -0.00004 -3.99972 0.45000
v -0.00000 -3.99971 0.45000
v 0.00004 -3.99972 0.45000
v 0.00004 -3.99976 0.45000
v 0.42045 -4.00000 0.46943
v 0.40560 -6.29810 0.46943
v 0.35355 -6.63638 0.46943
v 0.00004 -6.73291 0.46943
v -0.35355 -6.63638 0.46943
v -0.40560 -6.29810 0.46943
v -0.42045 -4.00029 0.46943
v -0.40560 -1.70190 0.46943
v -0.35355 -1.36362 0.46943
v -0.00005 -1.26709 0.46943
v 0.35355 -1.36362 0.46943
v 0.40560 -1.70190 0.46943
v 0.48234 -4.00000 0.53751
v 0.46530 -6.63638 0.53751
v 0.40560 -7.02447 0.53751
v 0.00004 -7.13521 0.53751
v -0.40560 -7.02447 0.53751
v -0.46530 -6.63638 0.53751
v -0.48234 -4.00033 0.53751
v -0.46530 -1.36362 0.53751
v -0.40560 -0.97553 0.53751
v -0.00006 -0.86479 0.53751
v 0.40560 -0.97553 0.53751
v 0.46530 -1.36362 0.53751
v 0.50000 -4.00000 1.00000
v 0.48234 -6.73291 1.00000
v 0.42045 -7.13521 1.00000
v 0.00004 -7.25000 1.00000
v -0.42045 -7.13521 1.00000
v -0.48234 -6.73291 1.00000
v -0.50000 -4.00034 1.00000
v -0.48234 -1.26709 1.00000
v -0.42045 -0.86479 1.00000
v -0.00006 -0.75000 1.00000
v 0.42045 -0.86479 1.00000
v 0.48234 -1.26709 1.00000
v 0.48234 -4.00000 1.46249
v 0.46530 -6.63638 1.46249
v 0.40560 -7.02447 1.46249
v 0.00004 -7.13521 1.46249
v -0.40560 -7.02447 1.46249
v -0.46530 -6.63638 1.46249
v -0.48234 -4.00033 1.46249
v -0.46530 -1.36362 1.46249
v -0.40560 -0.97553 1.46249
v -0.00006 -0.86479 1.46249
v 0.40560 -0.97553 1.46249
v 0.46530 -1.36362 1.46249
v 0.42045 -4.00000 1.53057
v 0.40560 -6.29810 1.53057
v 0.35355 -6.63638 1.53057
v 0.00004 -6.73291 1.53057
v -0.35355 -6.63638 1.53057
v -0.40560 -6.29810 1.53057
v -0.42045 -4.00029 1.53057
v -0.40560 -1.70190 1.53057
v -0.35355 -1.36362 1.53057
v -0.00005 -1.26709 1.53057
v 0.35355 -1.36362 1.53057
v 0.40560 -1.70190 1.53057
v 0.00004 -4.00000 1.55000
v 0.00004 -4.00024 1.55000
v 0.00004 -4.00028 1.55000
v 0.00000 -4.00029 1.55000
v -0.00004 -4.00028 1.55000
v -0.00004 -4.00024 1.55000
v -0.00004 -4.00000 1.55000
v -0.00004 -3.99976 1.55000
v -0.00004 -3.99972 1.55000
v -0.00000 -3.99971 1.55000
v 0.00004 -3.99972 1.55000
v 0.00004 -3.99976 1.55000
v 0.00004 -12.00000 0.45000
v 0.00004 -12.00024 0.45000
v 0.00004 -12.00028 0.45000
v 0.00000 -12.00029 0.45000
v -0.00004 -12.00028 0.45000
v -0.00004 -12.00024 0.45000
v -0.00004 -12.00000 0.45000
v -0.00004 -11.99976 0.45000
v -0.00004 -11.99972 0.45000
v -0.00000 -11.99971 0.45000
v 0.00004 -11.99972 0.45000
v 0.00004 -11.99976 0.45000
v 0.42045 -12.00000 0.46943
v 0.40560 -14.29810 0.46943
v 0.35355 -14.63638 0.46943
v 0.00004 -14.73291 0.46943
v -0.35355 -14.63638 0.46943
v -0.40560 -14.29810 0.46943
v -0.42045 -12.00029 0.46943
v -0.40560 -9.70190 0.46943
v -0.35355 -9.36362 0.46943
v -0.00005 -9.26709 0.46943
v 0.35355 -9.36362 0.46943
v 0.40560 -9.70190 0.46943
v 0.48234 -12.00000 0.53751
v 0.46530 -14.63638 0.53751
v 0.40560 -15.02447 0.53751
v 0.00004 -15.13521 0.53751
v -0.40560 -15.02447 0.53751
v -0.46530 -14.63638 0.53751
v -0.48234 -12.00033 0.53751
v -0.46530 -9.36362 0.53751
v -0.40560 -8.97553 0.53751
v -0.00006 -8.86479 0.53751
v 0.40560 -8.97553 0.53751
v 0.46530 -9.36362 0.53751
v 0.50000 -12.00000 1.00000
v 0.48234 -14.73291 1.00000
v 0.42045 -15.13521 1.00000
v 0.00004 -15.25000 1.00000
v -0.42045 -15.13521 1.00000
v -0.48234 -14.73291 1.00000
v -0.50000 -12.00034 1.00000
v -0.48234 -9.26709 1.00000
v -0.42045 -8.86479 1.00000
v -0.00006 -8.75000 1.00000
v 0.42045 -8.86479 1.00000
v 0.48234 -9.26709 1.00000
v 0.48234 -12.00000 1.46249
v 0.46530 -14.63638 1.46249
v 0.40560 -15.02447 1.46249
v 0.00004 -15.13521 1.46249
v -0.40560 -15.02447 1.46249
v -0.46530 -14.63638 1.46249
v -0.48234 -12.00033 1.46249
v -0.46530 -9.36362 1.46249
v -0.40560 -8.97553 1.46249
v -0.00006 -8.86479 1.46249
v 0.40560 -8.97553 1.46249
v 0.46530 -9.36362 1.46249
v 0.42045 -12.00000 1.53057
v 0.40560 -14.29810 1.53057
v 0.35355 -14.63638 1.53057
v 0.00004 -14.73291 1.53057
v -0.35355 -14.63638 1.53057
v -0.40560 -14.29810 1.53057
v -0.42045 -12.00029 1.53057
v -0.40560 -9.70190 1.53057
v -0.35355 -9.36362 1.53057
v -0.00005 -9.26709 1.53057
v 0.35355 -9.36362 1.53057
v 0.40560 -9.70190 1.53057
v 0.00004 -12.00000 1.55000
v 0.00004 -12.00024 1.55000
v 0.00004 -12.00028 1.55000
v 0.00000 -12.00029 1.55000
v -0.00004 -12.00028 1.55000
v -0.00004 -12.00024 1.55000
v -0.00004 -12.00000 1.55000
v -0.00004 -11.99976 1.55000
v -0.00004 -11.99972 1.55000
v -0.00000 -11.99971 1.55000
v 0.00004 -11.99972 1.55000
v 0.00004 -11.99976 1.55000
v 0.00004 12.00000 7.45000
v 0.00004 11.99976 7.45000
v 0.00004 11.99972 7.45000
v 0.00000 11.99971 7.45000
v -0.00004 11.99972 7.45000
v -0.00004 11.99976 7.45000
v -0.00004 12.00000 7.45000
v -0.00004 12.00024 7.45000
v -0.00004 12.00028 7.45000
v -0.00000 12.00029 7.45000
v 0.00004 12.00028 7.45000
v 0.00004 12.00024 7.45000
v 0.42045 12.00000 7.46943
v 0.40560 9.70190 7.46943
v 0.35355 9.36362 7.46943
v 0.00004 9.26709 7.46943
v -0.35355 9.36362 7.46943
v -0.40560 9.70190 7.46943
v -0.42045 11.99971 7.46943
v -0.40560 14.29810 7.46943
v -0.35355 14.63638 7.46943
v -0.00005 14.73291 7.46943
v 0.35355 14.63638 7.46943
v 0.40560 14.29810 7.46943
v 0.48234 12.00000 7.53751
v 0.46530 9.36362 7.53751
v 0.40560 8.97553 7.53751
v 0.00004 8.86479 7.53751
v -0.40560 8.97553 7.53751
v -0.46530 9.36362 7.53751
v -0.48234 11.99967 7.53751
v -0.46530 14.63638 7.53751
v -0.40560 15.02447 7.53751
v -0.00006 15.13521 7.53751
v 0.40560 15.02447 7.53751
v 0.46530 14.63638 7.53751
v 0.50000 12.00000 8.00000
v 0.48234 9.26709 8.00000
v 0.42045 8.86479 8.00000
v 0.00004 8.75000 8.00000
v -0.42045 8.86479 8.00000
v -0.48234 9.26709 8.00000
v -0.50000 11.99966 8.00000
v -0.48234 14.73291 8.00000
v -0.42045 15.13521 8.00000
v -0.00006 15.25000 8.00000
v 0.42045 15.13521 8.00000
v 0.48234 14.73291 8.00000
v 0.48234 12.00000 8.46249
v 0.46530 9.36362 8.46249
v 0.40560 8.97553 8.46249
v 0.00004 8.86479 8.46249
v -0.40560 8.97553 8.46249
v -0.46530 9.36362 8.46249
v -0.48234 11.99967 8.46249
v -0.46530 14.63638 8.46249
v -0.40560 15.02447 8.46249
v -0.00006 15.13521 8.46249
v 0.40560 15.02447 8.46249
v 0.46530 14.63638 8.46249
v 0.42045 12.00000 8.53057
v 0.40560 9.70190 8.53057
v 0.35355 9.36362 8.53057
v 0.00004 9.26709 8.53057
v -0.35355 9.36362 8.53057
v -0.40560 9.70190 8.53057
v -0.42045 11.99971 8.53057
v -0.40560 14.29810 8.53057
v -0.35355 14.63638 8.53057
v -0.00005 14.73291 8.53057
v 0.35355 14.63638 8.53057
v 0.40560 14.29810 8.53057
v 0.00004 12.00000 8.55000
v 0.00004 11.99976 8.55000
v 0.00004 11.99972 8.55000
v 0.00000 11.99971 8.55000
v -0.00004 11.99972 8.55000
v -0.00004 11.99976 8.55000
v -0.00004 12.00000 8.55000
v -0.00004 12.00024 8.55000
v -0.00004 12.00028 8.55000
v -0.00000 12.00029 8.55000
v 0.00004 12.00028 8.55000
v 0.00004 12.00024 8.55000
v 0.00004 4.00000 7.45000
v 0.00004 3.99976 7.45000
v 0.00004 3.99972 7.45000
v 0.00000 3.99971 7.45000
v -0.00004 3.99972 7.45000
v -0.00004 3.99976 7.45000
v -0.00004 4.00000 7.45000
v -0.00004 4.00024 7.45000
v -0.00004 4.00028 7.45000
v -0.00000 4.00029 7.45000
v 0.00004 4.00028 7.45000
v 0.00004 4.00024 7.45000
v 0.42045 4.00000 7.46943
v 0.40560 1.70190 7.46943
v 0.35355 1.36362 7.46943
v 0.00004 1.26709 7.46943
v -0.35355 1.36362 7.46943
v -0.40560 1.70190 7.46943
v -0.42045 3.99971 7.46943
v -0.40560 6.29810 7.46943
v -0.35355 6.63638 7.46943
v -0.00005 6.73291 7.46943
v 0.35355 6.63638 7.46943
v 0.40560 6.29810 7.46943
v 0.48234 4.00000 7.53751
v 0.46530 1.36362 7.53751
v 0.40560 0.97553 7.53751
v 0.00004 0.86479 7.53751
v -0.40560 0.97553 7.53751
v -0.46530 1.36362 7.53751
v -0.48234 3.99967 7.53751
v -0.46530 6.63638 7.53751
v -0.40560 7.02447 7.53751
v -0.00006 7.13521 7.53751
v 0.40560 7.02447 7.53751
v 0.46530 6.63638 7.53751
v 0.50000 4.00000 8.00000
v 0.48234 1.26709 8.00000
v 0.42045 0.86479 8.00000
v 0.00004 0.75000 8.00000
v -0.42045 0.86479 8.00000
v -0.48234 1.26709 8.00000
v -0.50000 3.99966 8.00000
v -0.48234 6.73291 8.00000
v -0.42045 7.13521 8.00000
v -0.00006 7.25000 8.00000
v 0.42045 7.13521 8.00000
v 0.48234 6.73291 8.00000
v 0.48234 4.00000 8.46249
v 0.46530 1.36362 8.46249
v 0.40560 0.97553 8.46249
v 0.00004 0.86479 8.46249
v -0.40560 0.97553 8.46249
v -0.46530 1.36362 8.46249
v -0.48234 3.99967 8.46249
v -0.46530 6.63638 8.46249
v -0.40560 7.02447 8.46249
v -0.00006 7.13521 8.46249
v 0.40560 7.02447 8.46249
v 0.46530 6.63638 8.46249
v 0.42045 4.00000 8.53057
v 0.40560 1.70190 8.53057
v 0.35355 1.36362 8.53057
v 0.00004 1.26709 8.53057
v -0.35355 1.36362 8.53057
v -0.40560 1.70190 8.53057
v -0.42045 3.99971 8.53057
v -0.40560 6.29810 8.53057
v -0.35355 6.63638 8.53057
v -0.00005 6.73291 8.53057
v 0.35355 6.63638 8.53057
v 0.40560 6.29810 8.53057
v 0.00004 4.00000 8.55000
v 0.00004 3.99976 8.55000
v 0.00004 3.99972 8.55000
v 0.00000 3.99971 8.55000
v -0.00004 3.99972 8.55000
v -0.00004 3.99976 8.55000
v -0.00004 4.00000 8.55000
v -0.00004 4.00024 8.55000
v -0.00004 4.00028 8.55000
v -0.00000 4.00029 8.55000
v 0.00004 4.00028 8.55000
v 0.00004 4.00024 8.55000
v 0.00004 -4.00000 7.45000
v 0.00004 -4.00024 7.45000
v 0.00004 -4.00028 7.45000
v 0.00000 -4.00029 7.45000
v -0.00004 -4.00028 7.45000
v -0.00004 -4.00024 7.45000
v -0.00004 -4.00000 7.45000
v -0.00004 -3.99976 7.45000
v -0.00004 -3.99972 7.45000
v -0.00000 -3.99971 7.45000
v 0.00004 -3.99972 7.45000
v 0.00004 -3.99976 7.45000
v 0.42045 -4.00000 7.46943
v 0.40560 -6.29810 7.46943
v 0.35355 -6.63638 7.46943
v 0.00004 -6.73291 7.46943
v -0.35355 -6.63638 7.46943
v -0.40560 -6.29810 7.46943
v -0.42045 -4.00029 7.46943
v -0.40560 -1.70190 7.46943
v -0.35355 -1.36362 7.46943
v -0.00005 -1.26709 7.46943
v 0.35355 -1.36362 7.46943
v 0.40560 -1.70190 7.46943
v 0.48234 -4.00000 7.53751
v 0.46530 -6.63638 7.53751
v 0.40560 -7.02447 7.53751
v 0.00004 -7.13521 7.53751
v -0.40560 -7.02447 7.53751
v -0.46530 -6.63638 7.53751
v -0.48234 -4.00033 7.53751
v -0.46530 -1.36362 7.53751
v -0.40560 -0.97553 7.53751
v -0.00006 -0.86479 7.53751
v 0.40560 -0.97553 7.53751
v 0.46530 -1.36362 7.53751
v 0.50000 -4.00000 8.00000
v 0.48234 -6.73291 8.00000
v 0.42045 -7.13521 8.00000
v 0.00004 -7.25000 8.00000
v -0.42045 -7.13521 8.00000
v -0.48234 -6.73291 8.00000
v -0.50000 -4.00034 8.00000
v -0.48234 -1.26709 8.00000
v -0.42045 -0.86479 8.00000
v -0.00006 -0.75000 8.00000
v 0.42045 -0.86479 8.00000
v 0.48234 -1.26709 8.00000
v 0.48234 -4.00000 8.46249
v 0.46530 -6.63638 8.46249
v 0.40560 -7.02447 8.46249
v 0.00004 -7.13521 8.46249
v -0.40560 -7.02447 8.46249
v -0.46530 -6.63638 8.46249
v -0.48234 -4.00033 8.46249
v -0.46530 -1.36362 8.46249
v -0.40560 -0.97553 8.46249
v -0.00006 -0.86479 8.46249
v 0.40560 -0.97553 8.46249
v 0.46530 -1.36362 8.46249
v 0.42045 -4.00000 8.53057
v 0.40560 -6.29810 8.53057
v 0.35355 -6.63638 8.53057
v 0.00004 -6.73291 8.53057
v -0.35355 -6.63638 8.53057
v -0.40560 -6.29810 8.53057
v -0.42045 -4.00029 8.53057
v -0.40560 -1.70190 8.53057
v -0.35355 -1.36362 8.53057
v -0.00005 -1.26709 8.53057
v 0.35355 -1.36362 8.53057
v 0.40560 -1.70190 8.53057
v 0.00004 -4.00000 8.55000
v 0.00004 -4.00024 8.55000
v 0.00004 -4.00028 8.55000
v 0.00000 -4.00029 8.55000
v -0.00004 -4.00028 8.55000
v -0.00004 -4.00024 8.55000
v -0.00004 -4.00000 8.55000
v -0.00004 -3.99976 8.55000
v -0.00004 -3.99972 8.55000
v -0.00000 -3.99971 8.55000
v 0.00004 -3.99972 8.55000
v 0.00004 -3.99976 8.55000
v 0.00004 -12.00000 7.45000
v 0.00004 -12.00024 7.45000
v 0.00004 -12.00028 7.45000
v 0.00000 -12.00029 7.45000
v -0.00004 -12.00028 7.45000
v -0.00004 -12.00024 7.45000
v -0.00004 -12.00000 7.45000
v -0.00004 -11.99976 7.45000
v -0.00004 -11.99972 7.45000
v -0.00000 -11.99971 7.45000
v 0.00004 -11.99972 7.45000
v 0.00004 -11.99976 7.45000
v 0.42045 -12.00000 7.46943
v 0.40560 -14.29810 7.46943
v 0.35355 -14.63638 7.46943
v 0.00004 -14.73291 7.46943
v -0.35355 -14.63638 7.46943
v -0.40560 -14.29810 7.46943
v -0.42045 -12.00029 7.46943
v -0.40560 -9.70190 7.46943
v -0.35355 -9.36362 7.46943
v -0.00005 -9.26709 7.46943
v 0.35355 -9.36362 7.46943
v 0.40560 -9.70190 7.46943
v 0.48234 -12.00000 7.53751
v 0.46530 -14.63638 7.53751
v 0.40560 -15.02447 7.53751
v 0.00004 -15.13521 7.53751
v -0.40560 -15.02447 7.53751
v -0.46530 -14.63638 7.53751
v -0.48234 -12.00033 7.53751
v -0.46530 -9.36362 7.53751
v -0.40560 -8.97553 7.53751
v -0.00006 -8.86479 7.53751
v 0.40560 -8.97553 7.53751
v 0.46530 -9.36362 7.53751
v 0.50000 -12.00000 8.00000
v 0.48234 -14.73291 8.00000
v 0.42045 -15.13521 8.00000
v 0.00004 -15.25000 8.00000
v -0.42045 -15.13521 8.00000
v -0.48234 -14.73291 8.00000
v -0.50000 -12.00034 8.00000
v -0.48234 -9.26709 8.00000
v -0.42045 -8.86479 8.00000
v -0.00006 -8.75000 8.00000
v 0.42045 -8.86479 8.00000
v 0.48234 -9.26709 8.00000
v 0.48234 -12.00000 8.46249
v 0.46530 -14.63638 8.46249
v 0.40560 -15.02447 8.46249
v 0.00004 -15.13521 8.46249
v -0.40560 -15.02447 8.46249
v -0.46530 -14.63638 8.46249
v -0.48234 -12.00033 8.46249
v -0.46530 -9.36362 8.46249
v -0.40560 -8.97553 8.46249
v -0.00006 -8.86479 8.46249
v 0.40560 -8.97553 8.46249
v 0.46530 -9.36362 8.46249
v 0.42045 -12.00000 8.53057
v 0.40560 -14.29810 8.53057
v 0.35355 -14.63638 8.53057
v 0.00004 -14.73291 8.53057
v -0.35355 -14.63638 8.53057
v -0.40560 -14.29810 8.53057
v -0.42045 -12.00029 8.53057
v -0.40560 -9.70190 8.53057
v -0.35355 -9.36362 8.53057
v -0.00005 -9.26709 8.53057
v 0.35355 -9.36362 8.53057
v 0.40560 -9.70190 8.53057
v 0.00004 -12.00000 8.55000
v 0.00004 -12.00024 8.55000
v 0.00004 -12.00028 8.55000
v 0.00000 -12.00029 8.55000
v -0.00004 -12.00028 8.55000
v -0.00004 -12.00024 8.55000
v -0.00004 -12.00000 8.55000
v -0.00004 -11.99976 8.55000
v -0.00004 -11.99972 8.55000
v -0.00000 -11.99971 8.55000
v 0.00004 -11.99972 8.55000
v 0.00004 -11.99976 8.55000
v 0.00004 12.00000 14.45000
v 0.00004 11.99976 14.45000
v 0.00004 11.99972 14.45000
v 0.00000 11.99971 14.45000
v -0.00004 11.99972 14.45000
v -0.00004 11.99976 14.45000
v -0.00004 12.00000 14.45000
v -0.00004 12.00024 14.45000
v -0.00004 12.00028 14.45000
v -0.00000 12.00029 14.45000
v 0.00004 12.00028 14.45000
v 0.00004 12.00024 14.45000
v 0.42045 12.00000 14.46943
v 0.40560 9.70190 14.46943
v 0.35355 9.36362 14.46943
v 0.00004 9.26709 14.46943
v -0.35355 9.36362 14.46943
v -0.40560 9.70190 14.46943
v -0.42045 11.99971 14.46943
v -0.40560 14.29810 14.46943
v -0.35355 14.63638 14.46943
v -0.00005 14.73291 14.46943
v 0.35355 14.63638 14.46943
v 0.40560 14.29810 14.46943
v 0.48234 12.00000 14.53751
v 0.46530 9.36362 14.53751
v 0.40560 8.97553 14.53751
v 0.00004 8.86479 14.53751
v -0.40560 8.97553 14.53751
v -0.46530 9.36362 14.53751
v -0.48234 11.99967 14.53751
v -0.46530 14.63638 14.53751
v -0.40560 15.02447 14.53751
v -0.00006 15.13521 14.53751
v 0.40560 15.02447 14.53751
v 0.46530 14.63638 14.53751
v 0.50000 12.00000 15.00000
v 0.48234 9.26709 15.00000
v 0.42045 8.86479 15.00000
v 0.00004 8.75000 15.00000
v -0.42045 8.86479 15.00000
v -0.48234 9.26709 15.00000
v -0.50000 11.99966 15.00000
v -0.48234 14.73291 15.00000
v -0.42045 15.13521 15.00000
v -0.00006 15.25000 15.00000
v 0.42045 15.13521 15.00000
v 0.48234 14.73291 15.00000
v 0.48234 12.00000 15.46249
v 0.46530 9.36362 15.46249
v 0.40560 8.97553 15.46249
v 0.00004 8.86479 15.46249
v -0.40560 8.97553 15.46249
v -0.46530 9.36362 15.46249
v -0.48234 11.99967 15.46249
v -0.46530 14.63638 15.46249
v -0.40560 15.02447 15.46249
v -0.00006 15.13521 15.46249
v 0.40560 15.02447 15.46249
v 0.46530 14.63638 15.46249
v 0.42045 12.00000 15.53057
v 0.40560 9.70190 15.53057
v 0.35355 9.36362 15.53057
v 0.00004 9.26709 15.53057
v -0.35355 9.36362 15.53057
v -0.40560 9.70190 15.53057
v -0.42045 11.99971 15.53057
v -0.40560 14.29810 15.53057
v -0.35355 14.63638 15.53057
v -0.00005 14.73291 15.53057
v 0.35355 14.63638 15.53057
v 0.40560 14.29810 15.53057
v 0.00004 12.00000 15.55000
v 0.00004 11.99976 15.55000
v 0.00004 11.99972 15.55000
v 0.00000 11.99971 15.55000
v -0.00004 11.99972 15.55000
v -0.00004 11.99976 15.55000
v -0.00004 12.00000 15.55000
v -0.00004 12.00024 15.55000
v -0.00004 12.00028 15.55000
v -0.00000 12.00029 15.55000
v 0.00004 12.00028 15.55000
v 0.00004 12.00024 15.55000
v 0.00004 4.00000 14.45000
v 0.00004 3.99976 14.45000
v 0.00004 3.99972 14.45000
v 0.00000 3.99971 14.45000
v -0.00004 3.99972 14.45000
v -0.00004 3.99976 14.45000
v -0.00004 4.00000 14.45000
v -0.00004 4.00024 14.45000
v -0.00004 4.00028 14.45000
v -0.00000 4.00029 14.45000
v 0.00004 4.00028 14.45000
v 0.00004 4.00024 14.45000
v 0.42045 4.00000 14.46943
v 0.40560 1.70190 14.46943
v 0.35355 1.36362 14.46943
v 0.00004 1.26709 14.46943
v -0.35355 1.36362 14.46943
v -0.40560 1.70190 14.46943
v -0.42045 3.99971 14.46943
v -0.40560 6.29810 14.46943
v -0.35355 6.63638 14.46943
v -0.00005 6.73291 14.46943
v 0.35355 6.63638 14.46943
v 0.40560 6.29810 14.46943
v 0.48234 4.00000 14.53751
v 0.46530 1.36362 14.53751
v 0.40560 0.97553 14.53751
v 0.00004 0.86479 14.53751
v -0.40560 0.97553 14.53751
v -0.46530 1.36362 14.53751
v -0.48234 3.99967 14.53751
v -0.46530 6.63638 14.53751
v -0.40560 7.02447 14.53751
v -0.00006 7.13521 14.53751
v 0.40560 7.02447 14.53751
v 0.46530 6.63638 14.53751
v 0.50000 4.00000 15.00000
v 0.48234 1.26709 15.00000
v 0.42045 0.86479 15.00000
v 0.00004 0.75000 15.00000
v -0.42045 0.86479 15.00000
v -0.48234 1.26709 15.00000
v -0.50000 3.99966 15.00000
v -0.48234 6.73291 15.00000
v -0.42045 7.13521 15.00000
v -0.00006 7.25000 15.00000
v 0.42045 7.13521 15.00000
v 0.48234 6.73291 15.00000
v 0.48234 4.00000 15.46249
v 0.46530 1.36362 15.46249
v 0.40560 0.97553 15.46249
v 0.00004 0.86479 15.46249
v -0.40560 0.97553 15.46249
v -0.46530 1.36362 15.46249
v -0.48234 3.99967 15.46249
v -0.46530 6.63638 15.46249
v -0.40560 7.02447 15.46249
v -0.00006 7.13521 15.46249
v 0.40560 7.02447 15.46249
v 0.46530 6.63638 15.46249
v 0.42045 4.00000 15.53057
v 0.40560 1.70190 15.53057
v 0.35355 1.36362 15.53057
v 0.00004 1.26709 15.53057
v -0.35355 1.36362 15.53057
v -0.40560 1.70190 15.53057
v -0.42045 3.99971 15.53057
v -0.40560 6.29810 15.53057
v -0.35355 6.63638 15.53057
v -0.00005 6.73291 15.53057
v 0.35355 6.63638 15.53057
v 0.40560 6.29810 15.53057
v 0.00004 4.00000 15.55000
v 0.00004 3.99976 15.55000
v 0.00004 3.99972 15.55000
v 0.00000 3.99971 15.55000
v -0.00004 3.99972 15.55000
v -0.00004 3.99976 15.55000
v -0.00004 4.00000 15.55000
v -0.00004 4.00024 15.55000
v -0.00004 4.00028 15.55000
v -0.00000 4.00029 15.55000
v 0.00004 4.00028 15.55000
v 0.00004 4.00024 15.55000
v 0.00004 -4.00000 14.45000
v 0.00004 -4.00024 14.45000
v 0.00004 -4.00028 14.45000
v 0.00000 -4.00029 14.45000
v -0.00004 -4.00028 14.45000
v -0.00004 -4.00024 14.45000
v -0.00004 -4.00000 14.45000
v -0.00004 -3.99976 14.45000
v -0.00004 -3.99972 14.45000
v -0.00000 -3.99971 14.45000
v 0.00004 -3.99972 14.45000
v 0.00004 -3.99976 14.45000
v 0.42045 -4.00000 14.46943
v 0.40560 -6.29810 14.46943
v 0.35355 -6.63638 14.46943
v 0.00004 -6.73291 14.46943
v -0.35355 -6.63638 14.46943
v -0.40560 -6.29810 14.46943
v -0.42045 -4.00029 14.46943
v -0.40560 -1.70190 14.46943
v -0.35355 -1.36362 14.46943
v -0.00005 -1.26709 14.46943
v 0.35355 -1.36362 14.46943
v 0.40560 -1.70190 14.46943
v 0.48234 -4.00000 14.53751
v 0.46530 -6.63638 14.53751
v 0.40560 -7.02447 14.53751
v 0.00004 -7.13521 14.53751
v -0.40560 -7.02447 14.53751
v -0.46530 -6.63638 14.53751
v -0.48234 -4.00033 14.53751
v -0.46530 -1.36362 14.53751
v -0.40560 -0.97553 14.53751
v -0.00006 -0.86479 14.53751
v 0.40560 -0.97553 14.53751
v 0.46530 -1.36362 14.53751
v 0.50000 -4.00000 15.00000
v 0.48234 -6.73291 15.00000
v 0.42045 -7.13521 15.00000
v 0.00004 -7.25000 15.00000
v -0.42045 -7.13521 15.00000
v -0.48234 -6.73291 15.00000
v -0.50000 -4.00034 15.00000
v -0.48234 -1.26709 15.00000
v -0.42045 -0.86479 15.00000
v -0.00006 -0.75000 15.00000
v 0.42045 -0.86479 15.00000
v 0.48234 -1.26709 15.00000
v 0.48234 -4.00000 15.46249
v 0.46530 -6.63638 15.46249
v 0.40560 -7.02447 15.46249
v 0.00004 -7.13521 15.46249
v -0.40560 -7.02447 15.46249
v -0.46530 -6.63638 15.46249
v -0.48234 -4.00033 15.46249
v -0.46530 -1.36362 15.46249
v -0.40560 -0.97553 15.46249
v -0.00006 -0.86479 15.46249
v 0.40560 -0.97553 15.46249
v 0.46530 -1.36362 15.46249
v 0.42045 -4.00000 15.53057
v 0.40560 -6.29810 15.53057
v 0.35355 -6.63638 15.53057
v 0.00004 -6.73291 15.53057
v -0.35355 -6.63638 15.53057
v -0.40560 -6.29810 15.53057
v -0.42045 -4.00029 15.53057
v -0.40560 -1.70190 15.53057
v -0.35355 -1.36362 15.53057
v -0.00005 -1.26709 15.53057
v 0.35355 -1.36362 15.53057
v 0.40560 -1.70190 15.53057
v 0.00004 -4.00000 15.55000
v 0.00004 -4.00024 15.55000
v 0.00004 -4.00028 15.55000
v 0.00000 -4.00029 15.55000
v -0.00004 -4.00028 15.55000
v -0.00004 -4.00024 15.55000
v -0.00004 -4.00000 15.55000
v -0.00004 -3.99976 15.55000
v -0.00004 -3.99972 15.55000
v -0.00000 -3.99971 15.55000
v 0.00004 -3.99972 15.55000
v 0.00004 -3.99976 15.55000
v 0.00004 -12.00000 14.45000
v 0.00004 -12.00024 14.45000
v 0.00004 -12.00028 14.45000
v 0.00000 -12.00029 14.45000
v -0.00004 -12.00028 14.45000
v -0.00004 -12.00024 14.45000
v -0.00004 -12.00000 14.45000
v -0.00004 -11.99976 14.45000
v -0.00004 -11.99972 14.45000
v -0.00000 -11.99971 14.45000
v 0.00004 -11.99972 14.45000
v 0.00004 -11.99976 14.45000
v 0.42045 -12.00000 14.46943
v 0.40560 -14.29810 14.46943
v 0.35355 -14.63638 14.46943
v 0.00004 -14.73291 14.46943
v -0.35355 -14.63638 14.46943
v -0.40560 -14.29810 14.46943
v -0.42045 -12.00029 14.46943
v -0.40560 -9.70190 14.46943
v -0.35355 -9.36362 14.46943
v -0.00005 -9.26709 14.46943
v 0.35355 -9.36362 14.46943
v 0.40560 -9.70190 14.46943
v 0.48234 -12.00000 14.53751
v 0.46530 -14.63638 14.53751
v 0.40560 -15.02447 14.53751
v 0.00004 -15.13521 14.53751
v -0.40560 -15.02447 14.53751
v -0.46530 -14.63638 14.53751
v -0.48234 -12.00033 14.53751
v -0.46530 -9.36362 14.53751
v -0.40560 -8.97553 14.53751
v -0.00006 -8.86479 14.53751
v 0.40560 -8.97553 14.53751
v 0.46530 -9.36362 14.53751
v 0.50000 -12.00000 15.00000
v 0.48234 -14.73291 15.00000
v 0.42045 -15.13521 15.00000
v 0.00004 -15.25000 15.00000
v -0.42045 -15.13521 15.00000
v -0.48234 -14.73291 15.00000
v -0.50000 -12.00034 15.00000
v -0.48234 -9.26709 15.00000
v -0.42045 -8.86479 15.00000
v -0.00006 -8.75000 15.00000
v 0.42045 -8.86479 15.00000
v 0.48234 -9.26709 15.00000
v 0.48234 -12.00000 15.46249
v 0.46530 -14.63638 15.46249
v 0.40560 -15.02447 15.46249
v 0.00004 -15.13521 15.46249
v -0.40560 -15.02447 15.46249
v -0.46530 -14.63638 15.46249
v -0.48234 -12.00033 15.46249
v -0.46530 -9.36362 15.46249
v -0.40560 -8.97553 15.46249
v -0.00006 -8.86479 15.46249
v 0.40560 -8.97553 15.46249
v 0.46530 -9.36362 15.46249
v 0.42045 -12.00000 15.53057
v 0.40560 -14.29810 15.53057
v 0.35355 -14.63638 15.53057
v 0.00004 -14.73291 15.53057
v -0.35355 -14.63638 15.53057
v -0.40560 -14.29810 15.53057
v -0.42045 -12.00029 15.53057
v -0.40560 -9.70190 15.53057
v -0.35355 -9.36362 15.53057
v -0.00005 -9.26709 15.53057
v 0.35355 -9.36362 15.53057
v 0.40560 -9.70190 15.53057
v 0.00004 -12.00000 15.55000
v 0.00004 -12.00024 15.55000
v 0.00004 -12.00028 15.55000
v 0.00000 -12.00029 15.55000
v -0.00004 -12.00028 15.55000
v -0.00004 -12.00024 15.55000
v -0.00004 -12.00000 15.55000
v -0.00004 -11.99976 15.55000
v -0.00004 -11.99972 15.55000
v -0.00000 -11.99971 15.55000
v 0.00004 -11.99972 15.55000
v 0.00004 -11.99976 15.55000
vt -0.42000 -0.47425
vt -0.41999 -0.47425
vt -0.41999 -0.47425
vt -0.41999 -0.47425
vt -0.41999 -0.47425
vt -0.41999 -0.47425
vt -0.42000 -0.47425
vt -0.42001 -0.47425
vt -0.42001 -0.47425
vt -0.42001 -0.47425
vt -0.42001 -0.47425
vt -0.42001 -0.47425
vt -0.42000 -0.47357
vt -0.33957 -0.47357
vt -0.32773 -0.47357
vt -0.32435 -0.47357
vt -0.32773 -0.47357
vt -0.33957 -0.47357
vt -0.41999 -0.47357
vt -0.50043 -0.47357
vt -0.51227 -0.47357
vt -0.51565 -0.47357
vt -0.51227 -0.47357
vt -0.50043 -0.47357
vt -0.42000 -0.47119
vt -0.32773 -0.47119
vt -0.31414 -0.47119
vt -0.31027 -0.47119
vt -0.31414 -0.47119
vt -0.32773 -0.47119
vt -0.41999 -0.47119
vt -0.51227 -0.47119
vt -0.52586 -0.47119
vt -0.52973 -0.47119
vt -0.52586 -0.47119
vt -0.51227 -0.47119
vt -0.42000 -0.45500
vt -0.32435 -0.45500
vt -0.31027 -0.45500
vt -0.30625 -0.45500
vt -0.31027 -0.45500
vt -0.32435 -0.45500
vt -0.41999 -0.45500
vt -0.51565 -0.45500
vt -0.52973 -0.45500
vt -0.53375 -0.45500
vt -0.52973 -0.45500
vt -0.51565 -0.45500
vt -0.42000 -0.43881
vt -0.32773 -0.43881
vt -0.31414 -0.43881
vt -0.31027 -0.43881
vt -0.31414 -0.43881
vt -0.32773 -0.43881
vt -0.41999 -0.43881
vt -0.51227 -0.43881
vt -0.52586 -0.43881
vt -0.52973 -0.43881
vt -0.52586 -0.43881
vt -0.51227 -0.43881
vt -0.42000 -0.43643
vt -0.33957 -0.43643
vt -0.32773 -0.43643
vt -0.32435 -0.43643
vt -0.32773 -0.43643
vt -0.33957 -0.43643
vt -0.41999 -0.43643
vt -0.50043 -0.43643
vt -0.51227 -0.43643
vt -0.51565 -0.43643
vt -0.51227 -0.43643
vt -0.50043 -0.43643
vt -0.42000 -0.43575
vt -0.41999 -0.43575
vt -0.41999 -0.43575
vt -0.41999 -0.43575
vt -0.41999 -0.43575
vt -0.41999 -0.43575
vt -0.42000 -0.43575
vt -0.42001 -0.43575
vt -0.42001 -0.43575
vt -0.42001 -0.43575
vt -0.42001 -0.43575
vt -0.42001 -0.43575
vt -0.14000 -0.47425
vt -0.13999 -0.47425
vt -0.13999 -0.47425
vt -0.13999 -0.47425
vt -0.13999 -0.47425
vt -0.13999 -0.47425
vt -0.14000 -0.47425
vt -0.14001 -0.47425
vt -0.14001 -0.47425
vt -0.14001 -0.47425
vt -0.14001 -0.47425
vt -0.14001 -0.47425
vt -0.14000 -0.47357
vt -0.05957 -0.47357
vt -0.04773 -0.47357
vt -0.04435 -0.47357
vt -0.04773 -0.47357
vt -0.05957 -0.47357
vt -0.13999 -0.47357
vt -0.22043 -0.47357
vt -0.23227 -0.47357
vt -0.23565 -0.47357
vt -0.23227 -0.47357
vt -0.22043 -0.47357
vt -0.14000 -0.47119
vt -0.04773 -0.47119
vt -0.03414 -0.47119
vt -0.03027 -0.47119
vt -0.03414 -0.47119
vt -0.04773 -0.47119
vt -0.13999 -0.47119
vt -0.23227 -0.47119
vt -0.24586 -0.47119
vt -0.24973 -0.47119
vt -0.24586 -0.47119
vt -0.23227 -0.47119
vt -0.14000 -0.45500
vt -0.04435 -0.45500
vt -0.03027 -0.45500
vt -0.02625 -0.45500
vt -0.03027 -0.45500
vt -0.04435 -0.45500
vt -0.13999 -0.45500
vt -0.23565 -0.45500
vt -0.24973 -0.45500
vt -0.25375 -0.45500
vt -0.24973 -0.45500
vt -0.23565 -0.45500
vt -0.14000 -0.43881
vt -0.04773 -0.43881
vt -0.03414 -0.43881
vt -0.03027 -0.43881
vt -0.03414 -0.43881
vt -0.04773 -0.43881
vt -0.13999 -0.43881
vt -0.23227 -0.43881
vt -0.24586 -0.43881
vt -0.24973 -0.43881
vt -0.24586 -0.43881
vt -0.23227 -0.43881
vt -0.14000 -0.43643
vt -0.05957 -0.43643
vt -0.04773 -0.43643
vt -0.04435 -0.43643
vt -0.04773 -0.43643
vt -0.05957 -0.43643
vt -0.13999 -0.43643
vt -0.22043 -0.43643
vt -0.23227 -0.43643
vt -0.23565 -0.43643
vt -0.23227 -0.43643
vt -0.22043 -0.43643
vt -0.14000 -0.43575
vt -0.13999 -0.43575
vt -0.13999 -0.43575
vt -0.13999 -0.43575
vt -0.13999 -0.43575
vt -0.13999 -0.43575
vt -0.14000 -0.43575
vt -0.14001 -0.43575
vt -0.14001 -0.43575
vt -0.14001 -0.43575
vt -0.14001 -0.43575
vt -0.14001 -0.43575
vt 0.14000 -0.47425
vt 0.14001 -0.47425
vt 0.14001 -0.47425
vt 0.14001 -0.47425
vt 0.14001 -0.47425
vt 0.14001 -0.47425
vt 0.14000 -0.47425
vt 0.13999 -0.47425
vt 0.13999 -0.47425
vt 0.13999 -0.47425
vt 0.13999 -0.47425
vt 0.13999 -0.47425
vt 0.14000 -0.47357
vt 0.22043 -0.47357
vt 0.23227 -0.47357
vt 0.23565 -0.47357
vt 0.23227 -0.47357
vt 0.22043 -0.47357
vt 0.14001 -0.47357
vt 0.05957 -0.47357
vt 0.04773 -0.47357
vt 0.04435 -0.47357
vt 0.04773 -0.47357
vt 0.05957 -0.47357
vt 0.14000 -0.47119
vt 0.23227 -0.47119
vt 0.24586 -0.47119
vt 0.24973 -0.47119
vt 0.24586 -0.47119
vt 0.23227 -0.47119
vt 0.14001 -0.47119
vt 0.04773 -0.47119
vt 0.03414 -0.47119
vt 0.03027 -0.47119
vt 0.03414 -0.47119
vt 0.04773 -0.47119
vt 0.14000 -0.45500
vt 0.23565 -0.45500
vt 0.24973 -0.45500
vt 0.25375 -0.45500
vt 0.24973 -0.45500
vt 0.23565 -0.45500
vt 0.14001 -0.45500
vt 0.04435 -0.45500
vt 0.03027 -0.45500
vt 0.02625 -0.45500
vt 0.03027 -0.45500
vt 0.04435 -0.45500
vt 0.14000 -0.43881
vt 0.23227 -0.43881
vt 0.24586 -0.43881
vt 0.24973 -0.43881
vt 0.24586 -0.43881
vt 0.23227 -0.43881
vt 0.14001 -0.43881
vt 0.04773 -0.43881
vt 0.03414 -0.43881
vt 0.03027 -0.43881
vt 0.03414 -0.43881
vt 0.04773 -0.43881
vt 0.14000 -0.43643
vt 0.22043 -0.43643
vt 0.23227 -0.43643
vt 0.23565 -0.43643
vt 0.23227 -0.43643
vt 0.22043 -0.43643
vt 0.14001 -0.43643
vt 0.05957 -0.43643
vt 0.04773 -0.43643
vt 0.04435 -0.43643
vt 0.04773 -0.43643
vt 0.05957 -0.43643
vt 0.14000 -0.43575
vt 0.14001 -0.43575
vt 0.14001 -0.43575
vt 0.14001 -0.43575
vt 0.14001 -0.43575
vt 0.14001 -0.43575
vt 0.14000 -0.43575
vt 0.13999 -0.43575
vt 0.13999 -0.43575
vt 0.13999 -0.43575
vt 0.13999 -0.43575
vt 0.13999 -0.43575
vt 0.42000 -0.47425
vt 0.42001 -0.47425
vt 0.42001 -0.47425
vt 0.42001 -0.47425
vt 0.42001 -0.47425
vt 0.42001 -0.47425
vt 0.42000 -0.47425
vt 0.41999 -0.47425
vt 0.41999 -0.47425
vt 0.41999 -0.47425
vt 0.41999 -0.47425
vt 0.41999 -0.47425
vt 0.42000 -0.47357
vt 0.50043 -0.47357
vt 0.51227 -0.47357
vt 0.51565 -0.47357
vt 0.51227 -0.47357
vt 0.50043 -0.47357
vt 0.42001 -0.47357
vt 0.33957 -0.47357
vt 0.32773 -0.47357
vt 0.32435 -0.47357
vt 0.32773 -0.47357
vt 0.33957 -0.47357
vt 0.42000 -0.47119
vt 0.51227 -0.47119
vt 0.52586 -0.47119
vt 0.52973 -0.47119
vt 0.52586 -0.47119
vt 0.51227 -0.47119
vt 0.42001 -0.47119
vt 0.32773 -0.47119
vt 0.31414 -0.47119
vt 0.31027 -0.47119
vt 0.31414 -0.47119
vt 0.32773 -0.47119
vt 0.42000 -0.45500
vt 0.51565 -0.45500
vt 0.52973 -0.45500
vt 0.53375 -0.45500
vt 0.52973 -0.45500
vt 0.51565 -0.45500
vt 0.42001 -0.45500
vt 0.32435 -0.45500
vt 0.31027 -0.45500
vt 0.30625 -0.45500
vt 0.31027 -0.45500
vt 0.32435 -0.45500
vt 0.42000 -0.43881
vt 0.51227 -0.43881
vt 0.52586 -0.43881
vt 0.52973 -0.43881
vt 0.52586 -0.43881
vt 0.51227 -0.43881
vt 0.42001 -0.43881
vt 0.32773 -0.43881
vt 0.31414 -0.43881
vt 0.31027 -0.43881
vt 0.31414 -0.43881
vt 0.32773 -0.43881
vt 0.42000 -0.43643
vt 0.50043 -0.43643
vt 0.51227 -0.43643
vt 0.51565 -0.43643
vt 0.51227 -0.43643
vt 0.50043 -0.43643
vt 0.42001 -0.43643
vt 0.33957 -0.43643
vt 0.32773 -0.43643
vt 0.32435 -0.43643
vt 0.32773 -0.43643
vt 0.33957 -0.43643
vt 0.42000 -0.43575
vt 0.42001 -0.43575
vt 0.42001 -0.43575
vt 0.42001 -0.43575
vt 0.42001 -0.43575
vt 0.42001 -0.43575
vt 0.42000 -0.43575
vt 0.41999 -0.43575
vt 0.41999 -0.43575
vt 0.41999 -0.43575
vt 0.41999 -0.43575
vt 0.41999 -0.43575
vt -0.42000 -0.22925
vt -0.41999 -0.22925
vt -0.41999 -0.22925
vt -0.41999 -0.22925
vt -0.41999 -0.22925
vt -0.41999 -0.22925
vt -0.42000 -0.22925
vt -0.42001 -0.22925
vt -0.42001 -0.22925
vt -0.42001 -0.22925
vt -0.42001 -0.22925
vt -0.42001 -0.22925
vt -0.42000 -0.22857
vt -0.33957 -0.22857
vt -0.32773 -0.22857
vt -0.32435 -0.22857
vt -0.32773 -0.22857
vt -0.33957 -0.22857
vt -0.41999 -0.22857
vt -0.50043 -0.22857
vt -0.51227 -0.22857
vt -0.51565 -0.22857
vt -0.51227 -0.22857
vt -0.50043 -0.22857
vt -0.42000 -0.22619
vt -0.32773 -0.22619
vt -0.31414 -0.22619
vt -0.31027 -0.22619
vt -0.31414 -0.22619
vt -0.32773 -0.22619
vt -0.41999 -0.22619
vt -0.51227 -0.22619
vt -0.52586 -0.22619
vt -0.52973 -0.22619
vt -0.52586 -0.22619
vt -0.51227 -0.22619
vt -0.42000 -0.21000
vt -0.32435 -0.21000
vt -0.31027 -0.21000
vt -0.30625 -0.21000
vt -0.31027 -0.21000
vt -0.32435 -0.21000
vt -0.41999 -0.21000
vt -0.51565 -0.21000
vt -0.52973 -0.21000
vt -0.53375 -0.21000
vt -0.52973 -0.21000
vt -0.51565 -0.21000
vt -0.42000 -0.19381
vt -0.32773 -0.19381
vt -0.31414 -0.19381
vt -0.31027 -0.19381
vt -0.31414 -0.19381
vt -0.32773 -0.19381
vt -0.41999 -0.19381
vt -0.51227 -0.19381
vt -0.52586 -0.19381
vt -0.52973 -0.19381
vt -0.52586 -0.19381
vt -0.51227 -0.19381
vt -0.42000 -0.19143
vt -0.33957 -0.19143
vt -0.32773 -0.19143
vt -0.32435 -0.19143
vt -0.32773 -0.19143
vt -0.33957 -0.19143
vt -0.41999 -0.19143
vt -0.50043 -0.19143
vt -0.51227 -0.19143
vt -0.51565 -0.19143
vt -0.51227 -0.19143
vt -0.50043 -0.19143
vt -0.42000 -0.19075
vt -0.41999 -0.19075
vt -0.41999 -0.19075
vt -0.41999 -0.19075
vt -0.41999 -0.19075
vt -0.41999 -0.19075
vt -0.42000 -0.19075
vt -0.42001 -0.19075
vt -0.42001 -0.19075
vt -0.42001 -0.19075
vt -0.42001 -0.19075
vt -0.42001 -0.19075
vt -0.14000 -0.22925
vt -0.13999 -0.22925
vt -0.13999 -0.22925
vt -0.13999 -0.22925
vt -0.13999 -0.22925
vt -0.13999 -0.22925
vt -0.14000 -0.22925
vt -0.14001 -0.22925
vt -0.14001 -0.22925
vt -0.14001 -0.22925
vt -0.14001 -0.22925
vt -0.14001 -0.22925
vt -0.14000 -0.22857
vt -0.05957 -0.22857
vt -0.04773 -0.22857
vt -0.04435 -0.22857
vt -0.04773 -0.22857
vt -0.05957 -0.22857
vt -0.13999 -0.22857
vt -0.22043 -0.22857
vt -0.23227 -0.22857
vt -0.23565 -0.22857
vt -0.23227 -0.22857
vt -0.22043 -0.22857
vt -0.14000 -0.22619
vt -0.04773 -0.22619
vt -0.03414 -0.22619
vt -0.03027 -0.22619
vt -0.03414 -0.22619
vt -0.04773 -0.22619
vt -0.13999 -0.22619
vt -0.23227 -0.22619
vt -0.24586 -0.22619
vt -0.24973 -0.22619
vt -0.24586 -0.22619
vt -0.23227 -0.22619
vt -0.14000 -0.21000
vt -0.04435 -0.21000
vt -0.03027 -0.21000
vt -0.02625 -0.21000
vt -0.03027 -0.21000
vt -0.04435 -0.21000
vt -0.13999 -0.21000
vt -0.23565 -0.21000
vt -0.24973 -0.21000
vt -0.25375 -0.21000
vt -0.24973 -0.21000
vt -0.23565 -0.21000
vt -0.14000 -0.19381
vt -0.04773 -0.19381
vt -0.03414 -0.19381
vt -0.03027 -0.19381
vt -0.03414 -0.19381
vt -0.04773 -0.19381
vt -0.13999 -0.19381
vt -0.23227 -0.19381
vt -0.24586 -0.19381
vt -0.24973 -0.19381
vt -0.24586 -0.19381
vt -0.23227 -0.19381
vt -0.14000 -0.19143
vt -0.05957 -0.19143
vt -0.04773 -0.19143
vt -0.04435 -0.19143
vt -0.04773 -0.19143
vt -0.05957 -0.19143
vt -0.13999 -0.19143
vt -0.22043 -0.19143
vt -0.23227 -0.19143
vt -0.23565 -0.19143
vt -0.23227 -0.19143
vt -0.22043 -0.19143
vt -0.14000 -0.19075
vt -0.13999 -0.19075
vt -0.13999 -0.19075
vt -0.13999 -0.19075
vt -0.13999 -0.19075
vt -0.13999 -0.19075
vt -0.14000 -0.19075
vt -0.14001 -0.19075
vt -0.14001 -0.19075
vt -0.14001 -0.19075
vt -0.14001 -0.19075
vt -0.14001 -0.19075
vt 0.14000 -0.22925
vt 0.14001 -0.22925
vt 0.14001 -0.22925
vt 0.14001 -0.22925
vt 0.14001 -0.22925
vt 0.14001 -0.22925
vt 0.14000 -0.22925
vt 0.13999 -0.22925
vt 0.13999 -0.22925
vt 0.13999 -0.22925
vt 0.13999 -0.22925
vt 0.13999 -0.22925
vt 0.14000 -0.22857
vt 0.22043 -0.22857
vt 0.23227 -0.22857
vt 0.23565 -0.22857
vt 0.23227 -0.22857
vt 0.22043 -0.22857
vt 0.14001 -0.22857
vt 0.05957 -0.22857
vt 0.04773 -0.22857
vt 0.04435 -0.22857
vt 0.04773 -0.22857
vt 0.05957 -0.22857
vt 0.14000 -0.22619
vt 0.23227 -0.22619
vt 0.24586 -0.22619
vt 0.24973 -0.22619
vt 0.24586 -0.22619
vt 0.23227 -0.22619
vt 0.14001 -0.22619
vt 0.04773 -0.22619
vt 0.03414 -0.22619
vt 0.03027 -0.22619
vt 0.03414 -0.22619
vt 0.04773 -0.22619
vt 0.14000 -0.21000
vt 0.23565 -0.21000
vt 0.24973 -0.21000
vt 0.25375 -0.21000
vt 0.24973 -0.21000
vt 0.23565 -0.21000
vt 0.14001 -0.21000
vt 0.04435 -0.21000
vt 0.03027 -0.21000
vt 0.02625 -0.21000
vt 0.03027 -0.21000
vt 0.04435 -0.21000
vt 0.14000 -0.19381
vt 0.23227 -0.19381
vt 0.24586 -0.19381
vt 0.24973 -0.19381
vt 0.24586 -0.19381
vt 0.23227 -0.19381
vt 0.14001 -0.19381
vt 0.04773 -0.19381
vt 0.03414 -0.19381
vt 0.03027 -0.19381
vt 0.03414 -0.19381
vt 0.04773 -0.19381
vt 0.14000 -0.19143
vt 0.22043 -0.19143
vt 0.23227 -0.19143
vt 0.23565 -0.19143
vt 0.23227 -0.19143
vt 0.22043 -0.19143
vt 0.14001 -0.19143
vt 0.05957 -0.19143
vt 0.04773 -0.19143
vt 0.04435 -0.19143
vt 0.04773 -0.19143
vt 0.05957 -0.19143
vt 0.14000 -0.19075
vt 0.14001 -0.19075
vt 0.14001 -0.19075
vt 0.14001 -0.19075
vt 0.14001 -0.19075
vt 0.14001 -0.19075
vt 0.14000 -0.19075
vt 0.13999 -0.19075
vt 0.13999 -0.19075
vt 0.13999 -0.19075
vt 0.13999 -0.19075
vt 0.13999 -0.19075
vt 0.42000 -0.22925
vt 0.42001 -0.22925
vt 0.42001 -0.22925
vt 0.42001 -0.22925
vt 0.42001 -0.22925
vt 0.42001 -0.22925
vt 0.42000 -0.22925
vt 0.41999 -0.22925
vt 0.41999 -0.22925
vt 0.41999 -0.22925
vt 0.41999 -0.22925
vt 0.41999 -0.22925
vt 0.42000 -0.22857
vt 0.50043 -0.22857
vt 0.51227 -0.22857
vt 0.51565 -0.22857
vt 0.51227 -0.22857
vt 0.50043 -0.22857
vt 0.42001 -0.22857
vt 0.33957 -0.22857
vt 0.32773 -0.22857
vt 0.32435 -0.22857
vt 0.32773 -0.22857
vt 0.33957 -0.22857
vt 0.42000 -0.22619
vt 0.51227 -0.22619
vt 0.52586 -0.22619
vt 0.52973 -0.22619
vt 0.52586 -0.22619
vt 0.51227 -0.22619
vt 0.42001 -0.22619
vt 0.32773 -0.22619
vt 0.31414 -0.22619
vt 0.31027 -0.22619
vt 0.31414 -0.22619
vt 0.32773 -0.22619
vt 0.42000 -0.21000
vt 0.51565 -0.21000
vt 0.52973 -0.21000
vt 0.53375 -0.21000
vt 0.52973 -0.21000
vt 0.51565 -0.21000
vt 0.42001 -0.21000
vt 0.32435 -0.21000
vt 0.31027 -0.21000
vt 0.30625 -0.21000
vt 0.31027 -0.21000
vt 0.32435 -0.21000
vt 0.42000 -0.19381
vt 0.51227 -0.19381
vt 0.52586 -0.19381
vt 0.52973 -0.19381
vt 0.52586 -0.19381
vt 0.51227 -0.19381
vt 0.42001 -0.19381
vt 0.32773 -0.19381
vt 0.31414 -0.19381
vt 0.31027 -0.19381
vt 0.31414 -0.19381
vt 0.32773 -0.19381
vt 0.42000 -0.19143
vt 0.50043 -0.19143
vt 0.51227 -0.19143
vt 0.51565 -0.19143
vt 0.51227 -0.19143
vt 0.50043 -0.19143
vt 0.42001 -0.19143
vt 0.33957 -0.19143
vt 0.32773 -0.19143
vt 0.32435 -0.19143
vt 0.32773 -0.19143
vt 0.33957 -0.19143
vt 0.42000 -0.19075
vt 0.42001 -0.19075
vt 0.42001 -0.19075
vt 0.42001 -0.19075
vt 0.42001 -0.19075
vt 0.42001 -0.19075
vt 0.42000 -0.19075
vt 0.41999 -0.19075
vt 0.41999 -0.19075
vt 0.41999 -0.19075
vt 0.41999 -0.19075
vt 0.41999 -0.19075
vt -0.42000 0.01575
vt -0.41999 0.01575
vt -0.41999 0.01575
vt -0.41999 0.01575
vt -0.41999 0.01575
vt -0.41999 0.01575
vt -0.42000 0.01575
vt -0.42001 0.01575
vt -0.42001 0.01575
vt -0.42001 0.01575
vt -0.42001 0.01575
vt -0.42001 0.01575
vt -0.42000 0.01643
vt -0.33957 0.01643
vt -0.32773 0.01643
vt -0.32435 0.01643
vt -0.32773 0.01643
vt -0.33957 0.01643
vt -0.41999 0.01643
vt -0.50043 0.01643
vt -0.51227 0.01643
vt -0.51565 0.01643
vt -0.51227 0.01643
vt -0.50043 0.01643
vt -0.42000 0.01881
vt -0.32773 0.01881
vt -0.31414 0.01881
vt -0.31027 0.01881
vt -0.31414 0.01881
vt -0.32773 0.01881
vt -0.41999 0.01881
vt -0.51227 0.01881
vt -0.52586 0.01881
vt -0.52973 0.01881
vt -0.52586 0.01881
vt -0.51227 0.01881
vt -0.42000 0.03500
vt -0.32435 0.03500
vt -0.31027 0.03500
vt -0.30625 0.03500
vt -0.31027 0.03500
vt -0.32435 0.03500
vt -0.41999 0.03500
vt -0.51565 0.03500
vt -0.52973 0.03500
vt -0.53375 0.03500
vt -0.52973 0.03500
vt -0.51565 0.03500
vt -0.42000 0.05119
vt -0.32773 0.05119
vt -0.31414 0.05119
vt -0.31027 0.05119
vt -0.31414 0.05119
vt -0.32773 0.05119
vt -0.41999 0.05119
vt -0.51227 0.05119
vt -0.52586 0.05119
vt -0.52973 0.05119
vt -0.52586 0.05119
vt -0.51227 0.05119
vt -0.42000 0.05357
vt -0.33957 0.05357
vt -0.32773 0.05357
vt -0.32435 0.05357
vt -0.32773 0.05357
vt -0.33957 0.05357
vt -0.41999 0.05357
vt -0.50043 0.05357
vt -0.51227 0.05357
vt -0.51565 0.05357
vt -0.51227 0.05357
vt -0.50043 0.05357
vt -0.42000 0.05425
vt -0.41999 0.05425
vt -0.41999 0.05425
vt -0.41999 0.05425
vt -0.41999 0.05425
vt -0.41999 0.05425
vt -0.42000 0.05425
vt -0.42001 0.05425
vt -0.42001 0.05425
vt -0.42001 0.05425
vt -0.42001 0.05425
vt -0.42001 0.05425
vt -0.14000 0.01575
vt -0.13999 0.01575
vt -0.13999 0.01575
vt -0.13999 0.01575
vt -0.13999 0.01575
vt -0.13999 0.01575
vt -0.14000 0.01575
vt -0.14001 0.01575
vt -0.14001 0.01575
vt -0.14001 0.01575
vt -0.14001 0.01575
vt -0.14001 0.01575
vt -0.14000 0.01643
vt -0.05957 0.01643
vt -0.04773 0.01643
vt -0.04435 0.01643
vt -0.04773 0.01643
vt -0.05957 0.01643
vt -0.13999 0.01643
vt -0.22043 0.01643
vt -0.23227 0.01643
vt -0.23565 0.01643
vt -0.23227 0.01643
vt -0.22043 0.01643
vt -0.14000 0.01881
vt -0.04773 0.01881
vt -0.03414 0.01881
vt -0.03027 0.01881
vt -0.03414 0.01881
vt -0.04773 0.01881
vt -0.13999 0.01881
vt -0.23227 0.01881
vt -0.24586 0.01881
vt -0.24973 0.01881
vt -0.24586 0.01881
vt -0.23227 0.01881
vt -0.14000 0.03500
vt -0.04435 0.03500
vt -0.03027 0.03500
vt -0.02625 0.03500
vt -0.03027 0.03500
vt -0.04435 0.03500
vt -0.13999 0.03500
vt -0.23565 0.03500
vt -0.24973 0.03500
vt -0.25375 0.03500
vt -0.24973 0.03500
vt -0.23565 0.03500
vt -0.14000 0.05119
vt -0.04773 0.05119
vt -0.03414 0.05119
vt -0.03027 0.05119
vt -0.03414 0.05119
vt -0.04773 0.05119
vt -0.13999 0.05119
vt -0.23227 0.05119
vt -0.24586 0.05119
vt -0.24973 0.05119
vt -0.24586 0.05119
vt -0.23227 0.05119
vt -0.14000 0.05357
vt -0.05957 0.05357
vt -0.04773 0.05357
vt -0.04435 0.05357
vt -0.04773 0.05357
vt -0.05957 0.05357
vt -0.13999 0.05357
vt -0.22043 0.05357
vt -0.23227 0.05357
vt -0.23565 0.05357
vt -0.23227 0.05357
vt -0.22043 0.05357
vt -0.14000 0.05425
vt -0.13999 0.05425
vt -0.13999 0.05425
vt -0.13999 0.05425
vt -0.13999 0.05425
vt -0.13999 0.05425
vt -0.14000 0.05425
vt -0.14001 0.05425
vt -0.14001 0.05425
vt -0.14001 0.05425
vt -0.14001 0.05425
vt -0.14001 0.05425
vt 0.14000 0.01575
vt 0.14001 0.01575
vt 0.14001 0.01575
vt 0.14001 0.01575
vt 0.14001 0.01575
vt 0.14001 0.01575
vt 0.14000 0.01575
vt 0.13999 0.01575
vt 0.13999 0.01575
vt 0.13999 0.01575
vt 0.13999 0.01575
vt 0.13999 0.01575
vt 0.14000 0.01643
vt 0.22043 0.01643
vt 0.23227 0.01643
vt 0.23565 0.01643
vt 0.23227 0.01643
vt 0.22043 0.01643
vt 0.14001 0.01643
vt 0.05957 0.01643
vt 0.04773 0.01643
vt 0.04435 0.01643
vt 0.04773 0.01643
vt 0.05957 0.01643
vt 0.14000 0.01881
vt 0.23227 0.01881
vt 0.24586 0.01881
vt 0.24973 0.01881
vt 0.24586 0.01881
vt 0.23227 0.01881
vt 0.14001 0.01881
vt 0.04773 0.01881
vt 0.03414 0.01881
vt 0.03027 0.01881
vt 0.03414 0.01881
vt 0.04773 0.01881
vt 0.14000 0.03500
vt 0.23565 0.03500
vt 0.24973 0.03500
vt 0.25375 0.03500
vt 0.24973 0.03500
vt 0.23565 0.03500
vt 0.14001 0.03500
vt 0.04435 0.03500
vt 0.03027 0.03500
vt 0.02625 0.03500
vt 0.03027 0.03500
vt 0.04435 0.03500
vt 0.14000 0.05119
vt 0.23227 0.05119
vt 0.24586 0.05119
vt 0.24973 0.05119
vt 0.24586 0.05119
vt 0.23227 0.05119
vt 0.14001 0.05119
vt 0.04773 0.05119
vt 0.03414 0.05119
vt 0.03027 0.05119
vt 0.03414 0.05119
vt 0.04773 0.05119
vt 0.14000 0.05357
vt 0.22043 0.05357
vt 0.23227 0.05357
vt 0.23565 0.05357
vt 0.23227 0.05357
vt 0.22043 0.05357
vt 0.14001 0.05357
vt 0.05957 0.05357
vt 0.04773 0.05357
vt 0.04435 0.05357
vt 0.04773 0.05357
vt 0.05957 0.05357
vt 0.14000 0.05425
vt 0.14001 0.05425
vt 0.14001 0.05425
vt 0.14001 0.05425
vt 0.14001 0.05425
vt 0.14001 0.05425
vt 0.14000 0.05425
vt 0.13999 0.05425
vt 0.13999 0.05425
vt 0.13999 0.05425
vt 0.13999 0.05425
vt 0.13999 0.05425
vt 0.42000 0.01575
vt 0.42001 0.01575
vt 0.42001 0.01575
vt 0.42001 0.01575
vt 0.42001 0.01575
vt 0.42001 0.01575
vt 0.42000 0.01575
vt 0.41999 0.01575
vt 0.41999 0.01575
vt 0.41999 0.01575
vt 0.41999 0.01575
vt 0.41999 0.01575
vt 0.42000 0.01643
vt 0.50043 0.01643
vt 0.51227 0.01643
vt 0.51565 0.01643
vt 0.51227 0.01643
vt 0.50043 0.01643
vt 0.42001 0.01643
vt 0.33957 0.01643
vt 0.32773 0.01643
vt 0.32435 0.01643
vt 0.32773 0.01643
vt 0.33957 0.01643
vt 0.42000 0.01881
vt 0.51227 0.01881
vt 0.52586 0.01881
vt 0.52973 0.01881
vt 0.52586 0.01881
vt 0.51227 0.01881
vt 0.42001 0.01881
vt 0.32773 0.01881
vt 0.31414 0.01881
vt 0.31027 0.01881
vt 0.31414 0.01881
vt 0.32773 0.01881
vt 0.42000 0.03500
vt 0.51565 0.03500
vt 0.52973 0.03500
vt 0.53375 0.03500
vt 0.52973 0.03500
vt 0.51565 0.03500
vt 0.42001 0.03500
vt 0.32435 0.03500
vt 0.31027 0.03500
vt 0.30625 0.03500
vt 0.31027 0.03500
vt 0.32435 0.03500
vt 0.42000 0.05119
vt 0.51227 0.05119
vt 0.52586 0.05119
vt 0.52973 0.05119
vt 0.52586 0.05119
vt 0.51227 0.05119
vt 0.42001 0.05119
vt 0.32773 0.05119
vt 0.31414 0.05119
vt 0.31027 0.05119
vt 0.31414 0.05119
vt 0.32773 0.05119
vt 0.42000 0.05357
vt 0.50043 0.05357
vt 0.51227 0.05357
vt 0.51565 0.05357
vt 0.51227 0.05357
vt 0.50043 0.05357
vt 0.42001 0.05357
vt 0.33957 0.05357
vt 0.32773 0.05357
vt 0.32435 0.05357
vt 0.32773 0.05357
vt 0.33957 0.05357
vt 0.42000 0.05425
vt 0.42001 0.05425
vt 0.42001 0.05425
vt 0.42001 0.05425
vt 0.42001 0.05425
vt 0.42001 0.05425
vt 0.42000 0.05425
vt 0.41999 0.05425
vt 0.41999 0.05425
vt 0.41999 0.05425
vt 0.41999 0.05425
vt 0.41999 0.05425
vt -0.42000 0.26075
vt -0.41999 0.26075
vt -0.41999 0.26075
vt -0.41999 0.26075
vt -0.41999 0.26075
vt -0.41999 0.26075
vt -0.42000 0.26075
vt -0.42001 0.26075
vt -0.42001 0.26075
vt -0.42001 0.26075
vt -0.42001 0.26075
vt -0.42001 0.26075
vt -0.42000 0.26143
vt -0.33957 0.26143
vt -0.32773 0.26143
vt -0.32435 0.26143
vt -0.32773 0.26143
vt -0.33957 0.26143
vt -0.41999 0.26143
vt -0.50043 0.26143
vt -0.51227 0.26143
vt -0.51565 0.26143
vt -0.51227 0.26143
vt -0.50043 0.26143
vt -0.42000 0.26381
vt -0.32773 0.26381
vt -0.31414 0.26381
vt -0.31027 0.26381
vt -0.31414 0.26381
vt -0.32773 0.26381
vt -0.41999 0.26381
vt -0.51227 0.26381
vt -0.52586 0.26381
vt -0.52973 0.26381
vt -0.52586 0.26381
vt -0.51227 0.26381
vt -0.42000 0.28000
vt -0.32435 0.28000
vt -0.31027 0.28000
vt -0.30625 0.28000
vt -0.31027 0.28000
vt -0.32435 0.28000
vt -0.41999 0.28000
vt -0.51565 0.28000
vt -0.52973 0.28000
vt -0.53375 0.28000
vt -0.52973 0.28000
vt -0.51565 0.28000
vt -0.42000 0.29619
vt -0.32773 0.29619
vt -0.31414 0.29619
vt -0.31027 0.29619
vt -0.31414 0.29619
vt -0.32773 0.29619
vt -0.41999 0.29619
vt -0.51227 0.29619
vt -0.52586 0.29619
vt -0.52973 0.29619
vt -0.52586 0.29619
vt -0.51227 0.29619
vt -0.42000 0.29857
vt -0.33957 0.29857
vt -0.32773 0.29857
vt -0.32435 0.29857
vt -0.32773 0.29857
vt -0.33957 0.29857
vt -0.41999 0.29857
vt -0.50043 0.29857
vt -0.51227 0.29857
vt -0.51565 0.29857
vt -0.51227 0.29857
vt -0.50043 0.29857
vt -0.42000 0.29925
vt -0.41999 0.29925
vt -0.41999 0.29925
vt -0.41999 0.29925
vt -0.41999 0.29925
vt -0.41999 0.29925
vt -0.42000 0.29925
vt -0.42001 0.29925
vt -0.42001 0.29925
vt -0.42001 0.29925
vt -0.42001 0.29925
vt -0.42001 0.29925
vt -0.14000 0.26075
vt -0.13999 0.26075
vt -0.13999 0.26075
vt -0.13999 0.26075
vt -0.13999 0.26075
vt -0.13999 0.26075
vt -0.14000 0.26075
vt -0.14001 0.26075
vt -0.14001 0.26075
vt -0.14001 0.26075
vt -0.14001 0.26075
vt -0.14001 0.26075
vt -0.14000 0.26143
vt -0.05957 0.26143
vt -0.04773 0.26143
vt -0.04435 0.26143
vt -0.04773 0.26143
vt -0.05957 0.26143
vt -0.13999 0.26143
vt -0.22043 0.26143
vt -0.23227 0.26143
vt -0.23565 0.26143
vt -0.23227 0.26143
vt -0.22043 0.26143
vt -0.14000 0.26381
vt -0.04773 0.26381
vt -0.03414 0.26381
vt -0.03027 0.26381
vt -0.03414 0.26381
vt -0.04773 0.26381
vt -0.13999 0.26381
vt -0.23227 0.26381
vt -0.24586 0.26381
vt -0.24973 0.26381
vt -0.24586 0.26381
vt -0.23227 0.26381
vt -0.14000 0.28000
vt -0.04435 0.28000
vt -0.03027 0.28000
vt -0.02625 0.28000
vt -0.03027 0.28000
vt -0.04435 0.28000
vt -0.13999 0.28000
vt -0.23565 0.28000
vt -0.24973 0.28000
vt -0.25375 0.28000
vt -0.24973 0.28000
vt -0.23565 0.28000
vt -0.14000 0.29619
vt -0.04773 0.29619
vt -0.03414 0.29619
vt -0.03027 0.29619
vt -0.03414 0.29619
vt -0.04773 0.29619
vt -0.13999 0.29619
vt -0.23227 0.29619
vt -0.24586 0.29619
vt -0.24973 0.29619
vt -0.24586 0.29619
vt -0.23227 0.29619
vt -0.14000 0.29857
vt -0.05957 0.29857
vt -0.04773 0.29857
vt -0.04435 0.29857
vt -0.04773 0.29857
vt -0.05957 0.29857
vt -0.13999 0.29857
vt -0.22043 0.29857
vt -0.23227 0.29857
vt -0.23565 0.29857
vt -0.23227 0.29857
vt -0.22043 0.29857
vt -0.14000 0.29925
vt -0.13999 0.29925
vt -0.13999 0.29925
vt -0.13999 0.29925
vt -0.13999 0.29925
vt -0.13999 0.29925
vt -0.14000 0.29925
vt -0.14001 0.29925
vt -0.14001 0.29925
vt -0.14001 0.29925
vt -0.14001 0.29925
vt -0.14001 0.29925
vt 0.14000 0.26075
vt 0.14001 0.26075
vt 0.14001 0.26075
vt 0.14001 0.26075
vt 0.14001 0.26075
vt 0.14001 0.26075
vt 0.14000 0.26075
vt 0.13999 0.26075
vt 0.13999 0.26075
vt 0.13999 0.26075
vt 0.13999 0.26075
vt 0.13999 0.26075
vt 0.14000 0.26143
vt 0.22043 0.26143
vt 0.23227 0.26143
vt 0.23565 0.26143
vt 0.23227 0.26143
vt 0.22043 0.26143
vt 0.14001 0.26143
vt 0.05957 0.26143
vt 0.04773 0.26143
vt 0.04435 0.26143
vt 0.04773 0.26143
vt 0.05957 0.26143
vt 0.14000 0.26381
vt 0.23227 0.26381
vt 0.24586 0.26381
vt 0.24973 0.26381
vt 0.24586 0.26381
vt 0.23227 0.26381
vt 0.14001 0.26381
vt 0.04773 0.26381
vt 0.03414 0.26381
vt 0.03027 0.26381
vt 0.03414 0.26381
vt 0.04773 0.26381
vt 0.14000 0.28000
vt 0.23565 0.28000
vt 0.24973 0.28000
vt 0.25375 0.28000
vt 0.24973 0.28000
vt 0.23565 0.28000
vt 0.14001 0.28000
vt 0.04435 0.28000
vt 0.03027 0.28000
vt 0.02625 0.28000
vt 0.03027 0.28000
vt 0.04435 0.28000
vt 0.14000 0.29619
vt 0.23227 0.29619
vt 0.24586 0.29619
vt 0.24973 0.29619
vt 0.24586 0.29619
vt 0.23227 0.29619
vt 0.14001 0.29619
vt 0.04773 0.29619
vt 0.03414 0.29619
vt 0.03027 0.29619
vt 0.03414 0.29619
vt 0.04773 0.29619
vt 0.14000 0.29857
vt 0.22043 0.29857
vt 0.23227 0.29857
vt 0.23565 0.29857
vt 0.23227 0.29857
vt 0.22043 0.29857
vt 0.14001 0.29857
vt 0.05957 0.29857
vt 0.04773 0.29857
vt 0.04435 0.29857
vt 0.04773 0.29857
vt 0.05957 0.29857
vt 0.14000 0.29925
vt 0.14001 0.29925
vt 0.14001 0.29925
vt 0.14001 0.29925
vt 0.14001 0.29925
vt 0.14001 0.29925
vt 0.14000 0.29925
vt 0.13999 0.29925
vt 0.13999 0.29925
vt 0.13999 0.29925
vt 0.13999 0.29925
vt 0.13999 0.29925
vt 0.42000 0.26075
vt 0.42001 0.26075
vt 0.42001 0.26075
vt 0.42001 0.26075
vt 0.42001 0.26075
vt 0.42001 0.26075
vt 0.42000 0.26075
vt 0.41999 0.26075
vt 0.41999 0.26075
vt 0.41999 0.26075
vt 0.41999 0.26075
vt 0.41999 0.26075
vt 0.42000 0.26143
vt 0.50043 0.26143
vt 0.51227 0.26143
vt 0.51565 0.26143
vt 0.51227 0.26143
vt 0.50043 0.26143
vt 0.42001 0.26143
vt 0.33957 0.26143
vt 0.32773 0.26143
vt 0.32435 0.26143
vt 0.32773 0.26143
vt 0.33957 0.26143
vt 0.42000 0.26381
vt 0.51227 0.26381
vt 0.52586 0.26381
vt 0.52973 0.26381
vt 0.52586 0.26381
vt 0.51227 0.26381
vt 0.42001 0.26381
vt 0.32773 0.26381
vt 0.31414 0.26381
vt 0.31027 0.26381
vt 0.31414 0.26381
vt 0.32773 0.26381
vt 0.42000 0.28000
vt 0.51565 0.28000
vt 0.52973 0.28000
vt 0.53375 0.28000
vt 0.52973 0.28000
vt 0.51565 0.28000
vt 0.42001 0.28000
vt 0.32435 0.28000
vt 0.31027 0.28000
vt 0.30625 0.28000
vt 0.31027 0.28000
vt 0.32435 0.28000
vt 0.42000 0.29619
vt 0.51227 0.29619
vt 0.52586 0.29619
vt 0.52973 0.29619
vt 0.52586 0.29619
vt 0.51227 0.29619
vt 0.42001 0.29619
vt 0.32773 0.29619
vt 0.31414 0.29619
vt 0.31027 0.29619
vt 0.31414 0.29619
vt 0.32773 0.29619
vt 0.42000 0.29857
vt 0.50043 0.29857
vt 0.51227 0.29857
vt 0.51565 0.29857
vt 0.51227 0.29857
vt 0.50043 0.29857
vt 0.42001 0.29857
vt 0.33957 0.29857
vt 0.32773 0.29857
vt 0.32435 0.29857
vt 0.32773 0.29857
vt 0.33957 0.29857
vt 0.42000 0.29925
vt 0.42001 0.29925
vt 0.42001 0.29925
vt 0.42001 0.29925
vt 0.42001 0.29925
vt 0.42001 0.29925
vt 0.42000 0.29925
vt 0.41999 0.29925
vt 0.41999 0.29925
vt 0.41999 0.29925
vt 0.41999 0.29925
vt 0.41999 0.29925
vt -0.42000 0.50575
vt -0.41999 0.50575
vt -0.41999 0.50575
vt -0.41999 0.50575
vt -0.41999 0.50575
vt -0.41999 0.50575
vt -0.42000 0.50575
vt -0.42001 0.50575
vt -0.42001 0.50575
vt -0.42001 0.50575
vt -0.42001 0.50575
vt -0.42001 0.50575
vt -0.42000 0.50643
vt -0.33957 0.50643
vt -0.32773 0.50643
vt -0.32435 0.50643
vt -0.32773 0.50643
vt -0.33957 0.50643
vt -0.41999 0.50643
vt -0.50043 0.50643
vt -0.51227 0.50643
vt -0.51565 0.50643
vt -0.51227 0.50643
vt -0.50043 0.50643
vt -0.42000 0.50881
vt -0.32773 0.50881
vt -0.31414 0.50881
vt -0.31027 0.50881
vt -0.31414 0.50881
vt -0.32773 0.50881
vt -0.41999 0.50881
vt -0.51227 0.50881
vt -0.52586 0.50881
vt -0.52973 0.50881
vt -0.52586 0.50881
vt -0.51227 0.50881
vt -0.42000 0.52500
vt -0.32435 0.52500
vt -0.31027 0.52500
vt -0.30625 0.52500
vt -0.31027 0.52500
vt -0.32435 0.52500
vt -0.41999 0.52500
vt -0.51565 0.52500
vt -0.52973 0.52500
vt -0.53375 0.52500
vt -0.52973 0.52500
vt -0.51565 0.52500
vt -0.42000 0.54119
vt -0.32773 0.54119
vt -0.31414 0.54119
vt -0.31027 0.54119
vt -0.31414 0.54119
vt -0.32773 0.54119
vt -0.41999 0.54119
vt -0.51227 0.54119
vt -0.52586 0.54119
vt -0.52973 0.54119
vt -0.52586 0.54119
vt -0.51227 0.54119
vt -0.42000 0.54357
vt -0.33957 0.54357
vt -0.32773 0.54357
vt -0.32435 0.54357
vt -0.32773 0.54357
vt -0.33957 0.54357
vt -0.41999 0.54357
vt -0.50043 0.54357
vt -0.51227 0.54357
vt -0.51565 0.54357
vt -0.51227 0.54357
vt -0.50043 0.54357
vt -0.42000 0.54425
vt -0.41999 0.54425
vt -0.41999 0.54425
vt -0.41999 0.54425
vt -0.41999 0.54425
vt -0.41999 0.54425
vt -0.42000 0.54425
vt -0.42001 0.54425
vt -0.42001 0.54425
vt -0.42001 0.54425
vt -0.42001 0.54425
vt -0.42001 0.54425
vt -0.14000 0.50575
vt -0.13999 0.50575
vt -0.13999 0.50575
vt -0.13999 0.50575
vt -0.13999 0.50575
vt -0.13999 0.50575
vt -0.14000 0.50575
vt -0.14001 0.50575
vt -0.14001 0.50575
vt -0.14001 0.50575
vt -0.14001 0.50575
vt -0.14001 0.50575
vt -0.14000 0.50643
vt -0.05957 0.50643
vt -0.04773 0.50643
vt -0.04435 0.50643
vt -0.04773 0.50643
vt -0.05957 0.50643
vt -0.13999 0.50643
vt -0.22043 0.50643
vt -0.23227 0.50643
vt -0.23565 0.50643
vt -0.23227 0.50643
vt -0.22043 0.50643
vt -0.14000 0.50881
vt -0.04773 0.50881
vt -0.03414 0.50881
vt -0.03027 0.50881
vt -0.03414 0.50881
vt -0.04773 0.50881
vt -0.13999 0.50881
vt -0.23227 0.50881
vt -0.24586 0.50881
vt -0.24973 0.50881
vt -0.24586 0.50881
vt -0.23227 0.50881
vt -0.14000 0.52500
vt -0.04435 0.52500
vt -0.03027 0.52500
vt -0.02625 0.52500
vt -0.03027 0.52500
vt -0.04435 0.52500
vt -0.13999 0.52500
vt -0.23565 0.52500
vt -0.24973 0.52500
vt -0.25375 0.52500
vt -0.24973 0.52500
vt -0.23565 0.52500
vt -0.14000 0.54119
vt -0.04773 0.54119
vt -0.03414 0.54119
vt -0.03027 0.54119
vt -0.03414 0.54119
vt -0.04773 0.54119
vt -0.13999 0.54119
vt -0.23227 0.54119
vt -0.24586 0.54119
vt -0.24973 0.54119
vt -0.24586 0.54119
vt -0.23227 0.54119
vt -0.14000 0.54357
vt -0.05957 0.54357
vt -0.04773 0.54357
vt -0.04435 0.54357
vt -0.04773 0.54357
vt -0.05957 0.54357
vt -0.13999 0.54357
vt -0.22043 0.54357
vt -0.23227 0.54357
vt -0.23565 0.54357
vt -0.23227 0.54357
vt -0.22043 0.54357
vt -0.14000 0.54425
vt -0.13999 0.54425
vt -0.13999 0.54425
vt -0.13999 0.54425
vt -0.13999 0.54425
vt -0.13999 0.54425
vt -0.14000 0.54425
vt -0.14001 0.54425
vt -0.14001 0.54425
vt -0.14001 0.54425
vt -0.14001 0.54425
vt -0.14001 0.54425
vt 0.14000 0.50575
vt 0.14001 0.50575
vt 0.14001 0.50575
vt 0.14001 0.50575
vt 0.14001 0.50575
vt 0.14001 0.50575
vt 0.14000 0.50575
vt 0.13999 0.50575
vt 0.13999 0.50575
vt 0.13999 0.50575
vt 0.13999 0.50575
vt 0.13999 0.50575
vt 0.14000 0.50643
vt 0.22043 0.50643
vt 0.23227 0.50643
vt 0.23565 0.50643
vt 0.23227 0.50643
vt 0.22043 0.50643
vt 0.14001 0.50643
vt 0.05957 0.50643
vt 0.04773 0.50643
vt 0.04435 0.50643
vt 0.04773 0.50643
vt 0.05957 0.50643
vt 0.14000 0.50881
vt 0.23227 0.50881
vt 0.24586 0.50881
vt 0.24973 0.50881
vt 0.24586 0.50881
vt 0.23227 0.50881
vt 0.14001 0.50881
vt 0.04773 0.50881
vt 0.03414 0.50881
vt 0.03027 0.50881
vt 0.03414 0.50881
vt 0.04773 0.50881
vt 0.14000 0.52500
vt 0.23565 0.52500
vt 0.24973 0.52500
vt 0.25375 0.52500
vt 0.24973 0.52500
vt 0.23565 0.52500
vt 0.14001 0.52500
vt 0.04435 0.52500
vt 0.03027 0.52500
vt 0.02625 0.52500
vt 0.03027 0.52500
vt 0.04435 0.52500
vt 0.14000 0.54119
vt 0.23227 0.54119
vt 0.24586 0.54119
vt 0.24973 0.54119
vt 0.24586 0.54119
vt 0.23227 0.54119
vt 0.14001 0.54119
vt 0.04773 0.54119
vt 0.03414 0.54119
vt 0.03027 0.54119
vt 0.03414 0.54119
vt 0.04773 0.54119
vt 0.14000 0.54357
vt 0.22043 0.54357
vt 0.23227 0.54357
vt 0.23565 0.54357
vt 0.23227 0.54357
vt 0.22043 0.54357
vt 0.14001 0.54357
vt 0.05957 0.54357
vt 0.04773 0.54357
vt 0.04435 0.54357
vt 0.04773 0.54357
vt 0.05957 0.54357
vt 0.14000 0.54425
vt 0.14001 0.54425
vt 0.14001 0.54425
vt 0.14001 0.54425
vt 0.14001 0.54425
vt 0.14001 0.54425
vt 0.14000 0.54425
vt 0.13999 0.54425
vt 0.13999 0.54425
vt 0.13999 0.54425
vt 0.13999 0.54425
vt 0.13999 0.54425
vt 0.42000 0.50575
vt 0.42001 0.50575
vt 0.42001 0.50575
vt 0.42001 0.50575
vt 0.42001 0.50575
vt 0.42001 0.50575
vt 0.42000 0.50575
vt 0.41999 0.50575
vt 0.41999 0.50575
vt 0.41999 0.50575
vt 0.41999 0.50575
vt 0.41999 0.50575
vt 0.42000 0.50643
vt 0.50043 0.50643
vt 0.51227 0.50643
vt 0.51565 0.50643
vt 0.51227 0.50643
vt 0.50043 0.50643
vt 0.42001 0.50643
vt 0.33957 0.50643
vt 0.32773 0.50643
vt 0.32435 0.50643
vt 0.32773 0.50643
vt 0.33957 0.50643
vt 0.42000 0.50881
vt 0.51227 0.50881
vt 0.52586 0.50881
vt 0.52973 0.50881
vt 0.52586 0.50881
vt 0.51227 0.50881
vt 0.42001 0.50881
vt 0.32773 0.50881
vt 0.31414 0.50881
vt 0.31027 0.50881
vt 0.31414 0.50881
vt 0.32773 0.50881
vt 0.42000 0.52500
vt 0.51565 0.52500
vt 0.52973 0.52500
vt 0.53375 0.52500
vt 0.52973 0.52500
vt 0.51565 0.52500
vt 0.42001 0.52500
vt 0.32435 0.52500
vt 0.31027 0.52500
vt 0.30625 0.52500
vt 0.31027 0.52500
vt 0.32435 0.52500
vt 0.42000 0.54119
vt 0.51227 0.54119
vt 0.52586 0.54119
vt 0.52973 0.54119
vt 0.52586 0.54119
vt 0.51227 0.54119
vt 0.42001 0.54119
vt 0.32773 0.54119
vt 0.31414 0.54119
vt 0.31027 0.54119
vt 0.31414 0.54119
vt 0.32773 0.54119
vt 0.42000 0.54357
vt 0.50043 0.54357
vt 0.51227 0.54357
vt 0.51565 0.54357
vt 0.51227 0.54357
vt 0.50043 0.54357
vt 0.42001 0.54357
vt 0.33957 0.54357
vt 0.32773 0.54357
vt 0.32435 0.54357
vt 0.32773 0.54357
vt 0.33957 0.54357
vt 0.42000 0.54425
vt 0.42001 0.54425
vt 0.42001 0.54425
vt 0.42001 0.54425
vt 0.42001 0.54425
vt 0.42001 0.54425
vt 0.42000 0.54425
vt 0.41999 0.54425
vt 0.41999 0.54425
vt 0.41999 0.54425
vt 0.41999 0.54425
vt 0.41999 0.54425
f 13/13 14/14 2/2 1/1
f 14/14 15/15 3/3 2/2
f 15/15 16/16 4/4 3/3
f 16/16 17/17 5/5 4/4
f 17/17 18/18 6/6 5/5
f 18/18 19/19 7/7 6/6
f 19/19 20/20 8/8 7/7
f 20/20 21/21 9/9 8/8
f 21/21 22/22 10/10 9/9
f 22/22 23/23 11/11 10/10
f 23/23 24/24 12/12 11/11
f 24/24 13/13 1/1 12/12
f 25/25 26/26 14/14 13/13
f 26/26 27/27 15/15 14/14
f 27/27 28/28 16/16 15/15
f 28/28 29/29 17/17 16/16
f 29/29 30/30 18/18 17/17
f 30/30 31/31 19/19 18/18
f 31/31 32/32 20/20 19/19
f 32/32 33/33 21/21 20/20
f 33/33 34/34 22/22 21/21
f 34/34 35/35 23/23 22/22
f 35/35 36/36 24/24 23/23
f 36/36 25/25 13/13 24/24
f 37/37 38/38 26/26 25/25
f 38/38 39/39 27/27 26/26
f 39/39 40/40 28/28 27/27
f 40/40 41/41 29/29 28/28
f 41/41 42/42 30/30 29/29
f 42/42 43/43 31/31 30/30
f 43/43 44/44 32/32 31/31
f 44/44 45/45 33/33 32/32
f 45/45 46/46 34/34 33/33
f 46/46 47/47 35/35 34/34
f 47/47 48/48 36/36 35/35
f 48/48 37/37 25/25 36/36
f 49/49 50/50 38/38 37/37
f 50/50 51/51 39/39 38/38
f 51/51 52/52 40/40 39/39
f 52/52 53/53 41/41 40/40
f 53/53 54/54 42/42 41/41
f 54/54 55/55 43/43 42/42
f 55/55 56/56 44/44 43/43
f 56/56 57/57 45/45 44/44
f 57/57 58/58 46/46 45/45
f 58/58 59/59 47/47 46/46
f 59/59 60/60 48/48 47/47
f 60/60 49/49 37/37 48/48
f 61/61 62/62 50/50 49/49
f 62/62 63/63 51/51 50/50
f 63/63 64/64 52/52 51/51
f 64/64 65/65 53/53 52/52
f 65/65 66/66 54/54 53/53
f 66/66 67/67 55/55 54/54
f 67/67 68/68 56/56 55/55
f 68/68 69/69 57/57 56/56
f 69/69 70/70 58/58 57/57
f 70/70 71/71 59/59 58/58
f 71/71 72/72 60/60 59/59
f 72/72 61/61 49/49 60/60
f 73/73 74/74 62/62 61/61
f 74/74 75/75 63/63 62/62
f 75/75 76/76 64/64 63/63
f 76/76 77/77 65/65 64/64
f 77/77 78/78 66/66 65/65
f 78/78 79/79 67/67 66/66
f 79/79 80/80 68/68 67/67
f 80/80 81/81 69/69 68/68
f 81/81 82/82 70/70 69/69
f 82/82 83/83 71/71 70/70
f 83/83 84/84 72/72 71/71
f 84/84 73/73 61/61 72/72
f 97/97 98/98 86/86 85/85
f 98/98 99/99 87/87 86/86
f 99/99 100/100 88/88 87/87
f 100/100 101/101 89/89 88/88
f 101/101 102/102 90/90 89/89
f 102/102 103/103 91/91 90/90
f 103/103 104/104 92/92 91/91
f 104/104 105/105 93/93 92/92
f 105/105 106/106 94/94 93/93
f 106/106 107/107 95/95 94/94
f 107/107 108/108 96/96 95/95
f 108/108 97/97 85/85 96/96
f 109/109 110/110 98/98 97/97
f 110/110 111/111 99/99 98/98
f 111/111 112/112 100/100 99/99
f 112/112 113/113 101/101 100/100
f 113/113 114/114 102/102 101/101
f 114/114 115/115 103/103 102/102
f 115/115 116/116 104/104 103/103
f 116/116 117/117 105/105 104/104
f 117/117 118/118 106/106 105/105
f 118/118 119/119 107/107 106/106
f 119/119 120/120 108/108 107/107
f 120/120 109/109 97/97 108/108
f 121/121 122/122 110/110 109/109
f 122/122 123/123 111/111 110/110
f 123/123 124/124 112/112 111/111
f 124/124 125/125 113/113 112/112
f 125/125 126/126 114/114 113/113
f 126/126 127/127 115/115 114/114
f 127/127 128/128 116/116 115/115
f 128/128 129/129 117/117 116/116
f 129/129 130/130 118/118 117/117
f 130/130 131/131 119/119 118/118
f 131/131 132/132 120/120 119/119
f 132/132 121/121 109/109 120/120
f 133/133 134/134 122/122 121/121
f 134/134 135/135 123/123 122/122
f 135/135 136/136 124/124 123/123
f 136/136 137/137 125/125 124/124
f 137/137 138/138 126/126 125/125
f 138/138 139/139 127/127 126/126
f 139/139 140/140 128/128 127/127
f 140/140 141/141 129/129 128/128
f 141/141 142/142 130/130 129/129
f 142/142 143/143 131/131 130/130
f 143/143 144/144 132/132 131/131
f 144/144 133/133 121/121 132/132
f 145/145 146/146 134/134 133/133
f 146/146 147/147 135/135 134/134
f 147/147 148/148 136/136 135/135
f 148/148 149/149 137/137 136/136
f 149/149 150/150 138/138 137/137
f 150/150 151/151 139/139 138/138
f 151/151 152/152 140/140 139/139
f 152/152 153/153 141/141 140/140
f 153/153 154/154 142/142 141/141
f 154/154 155/155 143/143 142/142
f 155/155 156/156 144/144 143/143
f 156/156 145/145 133/133 144/144
f 157/157 158/158 146/146 145/145
f 158/158 159/159 147/147 146/146
f 159/159 160/160 148/148 147/147
f 160/160 161/161 149/149 148/148
f 161/161 162/162 150/150 149/149
f 162/162 163/163 151/151 150/150
f 163/163 164/164 152/152 151/151
f 164/164 165/165 153/153 152/152
f 165/165 166/166 154/154 153/153
f 166/166 167/167 155/155 154/154
f 167/167 168/168 156/156 155/155
f 168/168 157/157 145/145 156/156
f 181/181 182/182 170/170 169/169
f 182/182 183/183 171/171 170/170
f 183/183 184/184 172/172 171/171
f 184/184 185/185 173/173 172/172
f 185/185 186/186 174/174 173/173
f 186/186 187/187 175/175 174/174
f 187/187 188/188 176/176 175/175
f 188/188 189/189 177/177 176/176
f 189/189 190/190 178/178 177/177
f 190/190 191/191 179/179 178/178
f 191/191 192/192 180/180 179/179
f 192/192 181/181 169/169 180/180
f 193/193 194/194 182/182 181/181
f 194/194 195/195 183/183 182/182
f 195/195 196/196 184/184 183/183
f 196/196 197/197 185/185 184/184
f 197/197 198/198 186/186 185/185
f 198/198 199/199 187/187 186/186
f 199/199 200/200 188/188 187/187
f 200/200 201/201 189/189 188/188
f 201/201 202/202 190/190 189/189
f 202/202 203/203 191/191 190/190
f 203/203 204/204 192/192 191/191
f 204/204 193/193 181/181 192/192
f 205/205 206/206 194/194 193/193
f 206/206 207/207 195/195 194/194
f 207/207 208/208 196/196 195/195
f 208/208 209/209 197/197 196/196
f 209/209 210/210 198/198 197/197
f 210/210 211/211 199/199 198/198
f 211/211 212/212 200/200 199/199
f 212/212 213/213 201/201 200/200
f 213/213 214/214 202/202 201/201
f 214/214 215/215 203/203 202/202
f 215/215 216/216 204/204 203/203
f 216/216 205/205 193/193 204/204
f 217/217 218/218 206/206 205/205
f 218/218 219/219 207/207 206/206
f 219/219 220/220 208/208 207/207
f 220/220 221/221 209/209 208/208
f 221/221 222/222 210/210 209/209
f 222/222 223/223 211/211 210/210
f 223/223 224/224 212/212 211/211
f 224/224 225/225 213/213 212/212
f 225/225 226/226 214/214 213/213
f 226/226 227/227 215/215 214/214
f 227/227 228/228 216/216 215/215
f 228/228 217/217 205/205 216/216
f 229/229 230/230 218/218 217/217
f 230/230 231/231 219/219 218/218
f 231/231 232/232 220/220 219/219
f 232/232 233/233 221/221 220/220
f 233/233 234/234 222/222 221/221
f 234/234 235/235 223/223 222/222
f 235/235 236/236 224/224 223/223
f 236/236 237/237 225/225 224/224
f 237/237 238/238 226/226 225/225
f 238/238 239/239 227/227 226/226
f 239/239 240/240 228/228 227/227
f 240/240 229/229 217/217 228/228
f 241/241 242/242 230/230 229/229
f 242/242 243/243 231/231 230/230
f 243/243 244/244 232/232 231/231
f 244/244 245/245 233/233 232/232
f 245/245 246/246 234/234 233/233
f 246/246 247/247 235/235 234/234
f 247/247 248/248 236/236 235/235
f 248/248 249/249 237/237 236/236
f 249/249 250/250 238/238 237/237
f 250/250 251/251 239/239 238/238
f 251/251 252/252 240/240 239/239
f 252/252 241/241 229/229 240/240
f 265/265 266/266 254/254 253/253
f 266/266 267/267 255/255 254/254
f 267/267 268/268 256/256 255/255
f 268/268 269/269 257/257 256/256
f 269/269 270/270 258/258 257/257
f 270/270 271/271 259/259 258/258
f 271/271 272/272 260/260 259/259
f 272/272 273/273 261/261 260/260
f 273/273 274/274 262/262 261/261
f 274/274 275/275 263/263 262/262
f 275/275 276/276 264/264 263/263
f 276/276 265/265 253/253 264/264
f 277/277 278/278 266/266 265/265
f 278/278 279/279 267/267 266/266
f 279/279 280/280 268/268 267/267
f 280/280 281/281 269/269 268/268
f 281/281 282/282 270/270 269/269
f 282/282 283/283 271/271 270/270
f 283/283 284/284 272/272 271/271
f 284/284 285/285 273/273 272/272
f 285/285 286/286 274/274 273/273
f 286/286 287/287 275/275 274/274
f 287/287 288/288 276/276 275/275
f 288/288 277/277 265/265 276/276
f 289/289 290/290 278/278 277/277
f 290/290 291/291 279/279 278/278
f 291/291 292/292 280/280 279/279
f 292/292 293/293 281/281 280/280
f 293/293 294/294 282/282 281/281
f 294/294 295/295 283/283 282/282
f 295/295 296/296 284/284 283/283
f 296/296 297/297 285/285 284/284
f 297/297 298/298 286/286 285/285
f 298/298 299/299 287/287 286/286
f 299/299 300/300 288/288 287/287
f 300/300 289/289 277/277 288/288
f 301/301 302/302 290/290 289/289
f 302/302 303/303 291/291 290/290
f 303/303 304/304 292/292 291/291
f 304/304 305/305 293/293 292/292
f 305/305 306/306 294/294 293/293
f 306/306 307/307 295/295 294/294
f 307/307 308/308 296/296 295/295
f 308/308 309/309 297/297 296/296
f 309/309 310/310 298/298 297/297
f 310/310 311/311 299/299 298/298
f 311/311 312/312 300/300 299/299
f 312/312 301/301 289/289 300/300
f 313/313 314/314 302/302 301/301
f 314/314 315/315 303/303 302/302
f 315/315 316/316 304/304 303/303
f 316/316 317/317 305/305 304/304
f 317/317 318/318 306/306 305/305
f 318/318 319/319 307/307 306/306
f 319/319 320/320 308/308 307/307
f 320/320 321/321 309/309 308/308
f 321/321 322/322 310/310 309/309
f 322/322 323/323 311/311 310/310
f 323/323 324/324 312/312 311/311
f 324/324 313/313 301/301 312/312
f 325/325 326/326 314/314 313/313
f 326/326 327/327 315/315 314/314
f 327/327 328/328 316/316 315/315
f 328/328 329/329 317/317 316/316
f 329/329 330/330 318/318 317/317
f 330/330 331/331 319/319 318/318
f 331/331 332/332 320/320 319/319
f 332/332 333/333 321/321 320/320
f 333/333 334/334 322/322 321/321
f 334/334 335/335 323/323 322/322
f 335/335 336/336 324/324 323/323
f 336/336 325/325 313/313 324/324
f 349/349 350/350 338/338 337/337
f 350/350 351/351 339/339 338/338
f 351/351 352/352 340/340 339/339
f 352/352 353/353 341/341 340/340
f 353/353 354/354 342/342 341/341
f 354/354 355/355 343/343 342/342
f 355/355 356/356 344/344 343/343
f 356/356 357/357 345/345 344/344
f 357/357 358/358 346/346 345/345
f 358/358 359/359 347/347 346/346
f 359/359 360/360 348/348 347/347
f 360/360 349/349 337/337 348/348
f 361/361 362/362 350/350 349/349
f 362/362 363/363 351/351 350/350
f 363/363 364/364 352/352 351/351
f 364/364 365/365 353/353 352/352
f 365/365 366/366 354/354 353/353
f 366/366 367/367 355/355 354/354
f 367/367 368/368 356/356 355/355
f 368/368 369/369 357/357 356/356
f 369/369 370/370 358/358 357/357
f 370/370 371/371 359/359 358/358
f 371/371 372/372 360/360 359/359
f 372/372 361/361 349/349 360/360
f 373/373 374/374 362/362 361/361
f 374/374 375/375 363/363 362/362
f 375/375 376/376 364/364 363/363
f 376/376 377/377 365/365 364/364
f 377/377 378/378 366/366 365/365
f 378/378 379/379 367/367 366/366
f 379/379 380/380 368/368 367/367
f 380/380 381/381 369/369 368/368
f 381/381 382/382 370/370 369/369
f 382/382 383/383 371/371 370/370
f 383/383 384/384 372/372 371/371
f 384/384 373/373 361/361 372/372
f 385/385 386/386 374/374 373/373
f 386/386 387/387 375/375 374/374
f 387/387 388/388 376/376 375/375
f 388/388 389/389 377/377 376/376
f 389/389 390/390 378/378 377/377
f 390/390 391/391 379/379 378/378
f 391/391 392/392 380/380 379/379
f 392/392 393/393 381/381 380/380
f 393/393 394/394 382/382 381/381
f 394/394 395/395 383/383 382/382
f 395/395 396/396 384/384 383/383
f 396/396 385/385 373/373 384/384
f 397/397 398/398 386/386 385/385
f 398/398 399/399 387/387 386/386
f 399/399 400/400 388/388 387/387
f 400/400 401/401 389/389 388/388
f 401/401 402/402 390/390 389/389
f 402/402 403/403 391/391 390/390
f 403/403 404/404 392/392 391/391
f 404/404 405/405 393/393 392/392
f 405/405 406/406 394/394 393/393
f 406/406 407/407 395/395 394/394
f 407/407 408/408 396/396 395/395
f 408/408 397/397 385/385 396/396
f 409/409 410/410 398/398 397/397
f 410/410 411/411 399/399 398/398
f 411/411 412/412 400/400 399/399
f 412/412 413/413 401/401 400/400
f 413/413 414/414 402/402 401/401
f 414/414 415/415 403/403 402/402
f 415/415 416/416 404/404 403/403
f 416/416 417/417 405/405 404/404
f 417/417 418/418 406/406 405/405
f 418/418 419/419 407/407 406/406
f 419/419 420/420 408/408 407/407
f 420/420 409/409 397/397 408/408
f 433/433 434/434 422/422 421/421
f 434/434 435/435 423/423 422/422
f 435/435 436/436 424/424 423/423
f 436/436 437/437 425/425 424/424
f 437/437 438/438 426/426 425/425
f 438/438 439/439 427/427 426/426
f 439/439 440/440 428/428 427/427
f 440/440 441/441 429/429 428/428
f 441/441 442/442 430/430 429/429
f 442/442 443/443 431/431 430/430
f 443/443 444/444 432/432 431/431
f 444/444 433/433 421/421 432/432
f 445/445 446/446 434/434 433/433
f 446/446 447/447 435/435 434/434
f 447/447 448/448 436/436 435/435
f 448/448 449/449 437/437 436/436
f 449/449 450/450 438/438 437/437
f 450/450 451/451 439/439 438/438
f 451/451 452/452 440/440 439/439
f 452/452 453/453 441/441 440/440
f 453/453 454/454 442/442 441/441
f 454/454 455/455 443/443 442/442
f 455/455 456/456 444/444 443/443
f 456/456 445/445 433/433 444/444
f 457/457 458/458 446/446 445/445
f 458/458 459/459 447/447 446/446
f 459/459 460/460 448/448 447/447
f 460/460 461/461 449/449 448/448
f 461/461 462/462 450/450 449/449
f 462/462 463/463 451/451 450/450
f 463/463 464/464 452/452 451/451
f 464/464 465/465 453/453 452/452
f 465/465 466/466 454/454 453/453
f 466/466 467/467 455/455 454/454
f 467/467 468/468 456/456 455/455
f 468/468 457/457 445/445 456/456
f 469/469 470/470 458/458 457/457
f 470/470 471/471 459/459 458/458
f 471/471 472/472 460/460 459/459
f 472/472 473/473 461/461 460/460
f 473/473 474/474 462/462 461/461
f 474/474 475/475 463/463 462/462
f 475/475 476/476 464/464 463/463
f 476/476 477/477 465/465 464/464
f 477/477 478/478 466/466 465/465
f 478/478 479/479 467/467 466/466
f 479/479 480/480 468/468 467/467
f 480/480 469/469 457/457 468/468
f 481/481 482/482 470/470 469/469
f 482/482 483/483 471/471 470/470
f 483/483 484/484 472/472 471/471
f 484/484 485/485 473/473 472/472
f 485/485 486/486 474/474 473/473
f 486/486 487/487 475/475 474/474
f 487/487 488/488 476/476 475/475
f 488/488 489/489 477/477 476/476
f 489/489 490/490 478/478 477/477
f 490/490 491/491 479/479 478/478
f 491/491 492/492 480/480 479/479
f 492/492 481/481 469/469 480/480
f 493/493 494/494 482/482 481/481
f 494/494 495/495 483/483 482/482
f 495/495 496/496 484/484 483/483
f 496/496 497/497 485/485 484/484
f 497/497 498/498 486/486 485/485
f 498/498 499/499 487/487 486/486
f 499/499 500/500 488/488 487/487
f 500/500 501/501 489/489 488/488
f 501/501 502/502 490/490 489/489
f 502/502 503/503 491/491 490/490
f 503/503 504/504 492/492 491/491
f 504/504 493/493 481/481 492/492
f 517/517 518/518 506/506 505/505
f 518/518 519/519 507/507 506/506
f 519/519 520/520 508/508 507/507
f 520/520 521/521 509/509 508/508
f 521/521 522/522 510/510 509/509
f 522/522 523/523 511/511 510/510
f 523/523 524/524 512/512 511/511
f 524/524 525/525 513/513 512/512
f 525/525 526/526 514/514 513/513
f 526/526 527/527 515/515 514/514
f 527/527 528/528 516/516 515/515
f 528/528 517/517 505/505 516/516
f 529/529 530/530 518/518 517/517
f 530/530 531/531 519/519 518/518
f 531/531 532/532 520/520 519/519
f 532/532 533/533 521/521 520/520
f 533/533 534/534 522/522 521/521
f 534/534 535/535 523/523 522/522
f 535/535 536/536 524/524 523/523
f 536/536 537/537 525/525 524/524
f 537/537 538/538 526/526 525/525
f 538/538 539/539 527/527 526/526
f 539/539 540/540 528/528 527/527
f 540/540 529/529 517/517 528/528
f 541/541 542/542 530/530 529/529
f 542/542 543/543 531/531 530/530
f 543/543 544/544 532/532 531/531
f 544/544 545/545 533/533 532/532
f 545/545 546/546 534/534 533/533
f 546/546 547/547 535/535 534/534
f 547/547 548/548 536/536 535/535
f 548/548 549/549 537/537 536/536
f 549/549 550/550 538/538 537/537
f 550/550 551/551 539/539 538/538
f 551/551 552/552 540/540 539/539
f 552/552 541/541 529/529 540/540
f 553/553 554/554 542/542 541/541
f 554/554 555/555 543/543 542/542
f 555/555 556/556 544/544 543/543
f 556/556 557/557 545/545 544/544
f 557/557 558/558 546/546 545/545
f 558/558 559/559 547/547 546/546
f 559/559 560/560 548/548 547/547
f 560/560 561/561 549/549 548/548
f 561/561 562/562 550/550 549/549
f 562/562 563/563 551/551 550/550
f 563/563 564/564 552/552 551/551
f 564/564 553/553 541/541 552/552
f 565/565 566/566 554/554 553/553
f 566/566 567/567 555/555 554/554
f 567/567 568/568 556/556 555/555
f 568/568 569/569 557/557 556/556
f 569/569 570/570 558/558 557/557
f 570/570 571/571 559/559 558/558
f 571/571 572/572 560/560 559/559
f 572/572 573/573 561/561 560/560
f 573/573 574/574 562/562 561/561
f 574/574 575/575 563/563 562/562
f 575/575 576/576 564/564 563/563
f 576/576 565/565 553/553 564/564
f 577/577 578/578 566/566 565/565
f 578/578 579/579 567/567 566/566
f 579/579 580/580 568/568 567/567
f 580/580 581/581 569/569 568/568
f 581/581 582/582 570/570 569/569
f 582/582 583/583 571/571 570/570
f 583/583 584/584 572/572 571/571
f 584/584 585/585 573/573 572/572
f 585/585 586/586 574/574 573/573
f 586/586 587/587 575/575 574/574
f 587/587 588/588 576/576 575/575
f 588/588 577/577 565/565 576/576
f 601/601 602/602 590/590 589/589
f 602/602 603/603 591/591 590/590
f 603/603 604/604 592/592 591/591
f 604/604 605/605 593/593 592/592
f 605/605 606/606 594/594 593/593
f 606/606 607/607 595/595 594/594
f 607/607 608/608 596/596 595/595
f 608/608 609/609 597/597 596/596
f 609/609 610/610 598/598 597/597
f 610/610 611/611 599/599 598/598
f 611/611 612/612 600/600 599/599
f 612/612 601/601 589/589 600/600
f 613/613 614/614 602/602 601/601
f 614/614 615/615 603/603 602/602
f 615/615 616/616 604/604 603/603
f 616/616 617/617 605/605 604/604
f 617/617 618/618 606/606 605/605
f 618/618 619/619 607/607 606/606
f 619/619 620/620 608/608 607/607
f 620/620 621/621 609/609 608/608
f 621/621 622/622 610/610 609/609
f 622/622 623/623 611/611 610/610
f 623/623 624/624 612/612 611/611
f 624/624 613/613 601/601 612/612
f 625/625 626/626 614/614 613/613
f 626/626 627/627 615/615 614/614
f 627/627 628/628 616/616 615/615
f 628/628 629/629 617/617 616/616
f 629/629 630/630 618/618 617/617
f 630/630 631/631 619/619 618/618
f 631/631 632/632 620/620 619/619
f 632/632 633/633 621/621 620/620
f 633/633 634/634 622/622 621/621
f 634/634 635/635 623/623 622/622
f 635/635 636/636 624/624 623/623
f 636/636 625/625 613/613 624/624
f 637/637 638/638 626/626 625/625
f 638/638 639/639 627/627 626/626
f 639/639 640/640 628/628 627/627
f 640/640 641/641 629/629 628/628
f 641/641 642/642 630/630 629/629
f 642/642 643/643 631/631 630/630
f 643/643 644/644 632/632 631/631
f 644/644 645/645 633/633 632/632
f 645/645 646/646 634/634 633/633
f 646/646 647/647 635/635 634/634
f 647/647 648/648 636/636 635/635
f 648/648 637/637 625/625 636/636
f 649/649 650/650 638/638 637/637
f 650/650 651/651 639/639 638/638
f 651/651 652/652 640/640 639/639
f 652/652 653/653 641/641 640/640
f 653/653 654/654 642/642 641/641
f 654/654 655/655 643/643 642/642
f 655/655 656/656 644/644 643/643
f 656/656 657/657 645/645 644/644
f 657/657 658/658 646/646 645/645
f 658/658 659/659 647/647 646/646
f 659/659 660/660 648/648 647/647
f 660/660 649/649 637/637 648/648
f 661/661 662/662 650/650 649/649
f 662/662 663/663 651/651 650/650
f 663/663 664/664 652/652 651/651
f 664/664 665/665 653/653 652/652
f 665/665 666/666 654/654 653/653
f 666/666 667/667 655/655 654/654
f 667/667 668/668 656/656 655/655
f 668/668 669/669 657/657 656/656
f 669/669 670/670 658/658 657/657
f 670/670 671/671 659/659 658/658
f 671/671 672/672 660/660 659/659
f 672/672 661/661 649/649 660/660
f 685/685 686/686 674/674 673/673
f 686/686 687/687 675/675 674/674
f 687/687 688/688 676/676 675/675
f 688/688 689/689 677/677 676/676
f 689/689 690/690 678/678 677/677
f 690/690 691/691 679/679 678/678
f 691/691 692/692 680/680 679/679
f 692/692 693/693 681/681 680/680
f 693/693 694/694 682/682 681/681
f 694/694 695/695 683/683 682/682
f 695/695 696/696 684/684 683/683
f 696/696 685/685 673/673 684/684
f 697/697 698/698 686/686 685/685
f 698/698 699/699 687/687 686/686
f 699/699 700/700 688/688 687/687
f 700/700 701/701 689/689 688/688
f 701/701 702/702 690/690 689/689
f 702/702 703/703 691/691 690/690
f 703/703 704/704 692/692 691/691
f 704/704 705/705 693/693 692/692
f 705/705 706/706 694/694 693/693
f 706/706 707/707 695/695 694/694
f 707/707 708/708 696/696 695/695
f 708/708 697/697 685/685 696/696
f 709/709 710/710 698/698 697/697
f 710/710 711/711 699/699 698/698
f 711/711 712/712 700/700 699/699
f 712/712 713/713 701/701 700/700
f 713/713 714/714 702/702 701/701
f 714/714 715/715 703/703 702/702
f 715/715 716/716 704/704 703/703
f 716/716 717/717 705/705 704/704
f 717/717 718/718 706/706 705/705
f 718/718 719/719 707/707 706/706
f 719/719 720/720 708/708 707/707
f 720/720 709/709 697/697 708/708
f 721/721 722/722 710/710 709/709
f 722/722 723/723 711/711 710/710
f 723/723 724/724 712/712 711/711
f 724/724 725/725 713/713 712/712
f 725/725 726/726 714/714 713/713
f 726/726 727/727 715/715 714/714
f 727/727 728/728 716/716 715/715
f 728/728 729/729 717/717 716/716
f 729/729 730/730 718/718 717/717
f 730/730 731/731 719/719 718/718
f 731/731 732/732 720/720 719/719
f 732/732 721/721 709/709 720/720
f 733/733 734/734 722/722 721/721
f 734/734 735/735 723/723 722/722
f 735/735 736/736 724/724 723/723
f 736/736 737/737 725/725 724/724
f 737/737 738/738 726/726 725/725
f 738/738 739/739 727/727 726/726
f 739/739 740/740 728/728 727/727
f 740/740 741/741 729/729 728/728
f 741/741 742/742 730/730 729/729
f 742/742 743/743 731/731 730/730
f 743/743 744/744 732/732 731/731
f 744/744 733/733 721/721 732/732
f 745/745 746/746 734/734 733/733
f 746/746 747/747 735/735 734/734
f 747/747 748/748 736/736 735/735
f 748/748 749/749 737/737 736/736
f 749/749 750/750 738/738 737/737
f 750/750 751/751 739/739 738/738
f 751/751 752/752 740/740 739/739
f 752/752 753/753 741/741 740/740
f 753/753 754/754 742/742 741/741
f 754/754 755/755 743/743 742/742
f 755/755 756/756 744/744 743/743
f 756/756 745/745 733/733 744/744
f 769/769 770/770 758/758 757/757
f 770/770 771/771 759/759 758/758
f 771/771 772/772 760/760 759/759
f 772/772 773/773 761/761 760/760
f 773/773 774/774 762/762 761/761
f 774/774 775/775 763/763 762/762
f 775/775 776/776 764/764 763/763
f 776/776 777/777 765/765 764/764
f 777/777 778/778 766/766 765/765
f 778/778 779/779 767/767 766/766
f 779/779 780/780 768/768 767/767
f 780/780 769/769 757/757 768/768
f 781/781 782/782 770/770 769/769
f 782/782 783/783 771/771 770/770
f 783/783 784/784 772/772 771/771
f 784/784 785/785 773/773 772/772
f 785/785 786/786 774/774 773/773
f 786/786 787/787 775/775 774/774
f 787/787 788/788 776/776 775/775
f 788/788 789/789 777/777 776/776
f 789/789 790/790 778/778 777/777
f 790/790 791/791 779/779 778/778
f 791/791 792/792 780/780 779/779
f 792/792 781/781 769/769 780/780
f 793/793 794/794 782/782 781/781
f 794/794 795/795 783/783 782/782
f 795/795 796/796 784/784 783/783
f 796/796 797/797 785/785 784/784
f 797/797 798/798 786/786 785/785
f 798/798 799/799 787/787 786/786
f 799/799 800/800 788/788 787/787
f 800/800 801/801 789/789 788/788
f 801/801 802/802 790/790 789/789
f 802/802 803/803 791/791 790/790
f 803/803 804/804 792/792 791/791
f 804/804 793/793 781/781 792/792
f 805/805 806/806 794/794 793/793
f 806/806 807/807 795/795 794/794
f 807/807 808/808 796/796 795/795
f 808/808 809/809 797/797 796/796
f 809/809 810/810 798/798 797/797
f 810/810 811/811 799/799 798/798
f 811/811 812/812 800/800 799/799
f 812/812 813/813 801/801 800/800
f 813/813 814/814 802/802 801/801
f 814/814 815/815 803/803 802/802
f 815/815 816/816 804/804 803/803
f 816/816 805/805 793/793 804/804
f 817/817 818/818 806/806 805/805
f 818/818 819/819 807/807 806/806
f 819/819 820/820 808/808 807/807
f 820/820 821/821 809/809 808/808
f 821/821 822/822 810/810 809/809
f 822/822 823/823 811/811 810/810
f 823/823 824/824 812/812 811/811
f 824/824 825/825 813/813 812/812
f 825/825 826/826 814/814 813/813
f 826/826 827/827 815/815 814/814
f 827/827 828/828 816/816 815/815
f 828/828 817/817 805/805 816/816
f 829/829 830/830 818/818 817/817
f 830/830 831/831 819/819 818/818
f 831/831 832/832 820/820 819/819
f 832/832 833/833 821/821 820/820
f 833/833 834/834 822/822 821/821
f 834/834 835/835 823/823 822/822
f 835/835 836/836 824/824 823/823
f 836/836 837/837 825/825 824/824
f 837/837 838/838 826/826 825/825
f 838/838 839/839 827/827 826/826
f 839/839 840/840 828/828 827/827
f 840/840 829/829 817/817 828/828
f 853/853 854/854 842/842 841/841
f 854/854 855/855 843/843 842/842
f 855/855 856/856 844/844 843/843
f 856/856 857/857 845/845 844/844
f 857/857 858/858 846/846 845/845
f 858/858 859/859 847/847 846/846
f 859/859 860/860 848/848 847/847
f 860/860 861/861 849/849 848/848
f 861/861 862/862 850/850 849/849
f 862/862 863/863 851/851 850/850
f 863/863 864/864 852/852 851/851
f 864/864 853/853 841/841 852/852
f 865/865 866/866 854/854 853/853
f 866/866 867/867 855/855 854/854
f 867/867 868/868 856/856 855/855
f 868/868 869/869 857/857 856/856
f 869/869 870/870 858/858 857/857
f 870/870 871/871 859/859 858/858
f 871/871 872/872 860/860 859/859
f 872/872 873/873 861/861 860/860
f 873/873 874/874 862/862 861/861
f 874/874 875/875 863/863 862/862
f 875/875 876/876 864/864 863/863
f 876/876 865/865 853/853 864/864
f 877/877 878/878 866/866 865/865
f 878/878 879/879 867/867 866/866
f 879/879 880/880 868/868 867/867
f 880/880 881/881 869/869 868/868
f 881/881 882/882 870/870 869/869
f 882/882 883/883 871/871 870/870
f 883/883 884/884 872/872 871/871
f 884/884 885/885 873/873 872/872
f 885/885 886/886 874/874 873/873
f 886/886 887/887 875/875 874/874
f 887/887 888/888 876/876 875/875
f 888/888 877/877 865/865 876/876
f 889/889 890/890 878/878 877/877
f 890/890 891/891 879/879 878/878
f 891/891 892/892 880/880 879/879
f 892/892 893/893 881/881 880/880
f 893/893 894/894 882/882 881/881
f 894/894 895/895 883/883 882/882
f 895/895 896/896 884/884 883/883
f 896/896 897/897 885/885 884/884
f 897/897 898/898 886/886 885/885
f 898/898 899/899 887/887 886/886
f 899/899 900/900 888/888 887/887
f 900/900 889/889 877/877 888/888
f 901/901 902/902 890/890 889/889
f 902/902 903/903 891/891 890/890
f 903/903 904/904 892/892 891/891
f 904/904 905/905 893/893 892/892
f 905/905 906/906 894/894 893/893
f 906/906 907/907 895/895 894/894
f 907/907 908/908 896/896 895/895
f 908/908 909/909 897/897 896/896
f 909/909 910/910 898/898 897/897
f 910/910 911/911 899/899 898/898
f 911/911 912/912 900/900 899/899
f 912/912 901/901 889/889 900/900
f 913/913 914/914 902/902 901/901
f 914/914 915/915 903/903 902/902
f 915/915 916/916 904/904 903/903
f 916/916 917/917 905/905 904/904
f 917/917 918/918 906/906 905/905
f 918/918 919/919 907/907 906/906
f 919/919 920/920 908/908 907/907
f 920/920 921/921 909/909 908/908
f 921/921 922/922 910/910 909/909
f 922/922 923/923 911/911 910/910
f 923/923 924/924 912/912 911/911
f 924/924 913/913 901/901 912/912
f 937/937 938/938 926/926 925/925
f 938/938 939/939 927/927 926/926
f 939/939 940/940 928/928 927/927
f 940/940 941/941 929/929 928/928
f 941/941 942/942 930/930 929/929
f 942/942 943/943 931/931 930/930
f 943/943 944/944 932/932 931/931
f 944/944 945/945 933/933 932/932
f 945/945 946/946 934/934 933/933
f 946/946 947/947 935/935 934/934
f 947/947 948/948 936/936 935/935
f 948/948 937/937 925/925 936/936
f 949/949 950/950 938/938 937/937
f 950/950 951/951 939/939 938/938
f 951/951 952/952 940/940 939/939
f 952/952 953/953 941/941 940/940
f 953/953 954/954 942/942 941/941
f 954/954 955/955 943/943 942/942
f 955/955 956/956 944/944 943/943
f 956/956 957/957 945/945 944/944
f 957/957 958/958 946/946 945/945
f 958/958 959/959 947/947 946/946
f 959/959 960/960 948/948 947/947
f 960/960 949/949 937/937 948/948
f 961/961 962/962 950/950 949/949
f 962/962 963/963 951/951 950/950
f 963/963 964/964 952/952 951/951
f 964/964 965/965 953/953 952/952
f 965/965 966/966 954/954 953/953
f 966/966 967/967 955/955 954/954
f 967/967 968/968 956/956 955/955
f 968/968 969/969 957/957 956/956
f 969/969 970/970 958/958 957/957
f 970/970 971/971 959/959 958/958
f 971/971 972/972 960/960 959/959
f 972/972 961/961 949/949 960/960
f 973/973 974/974 962/962 961/961
f 974/974 975/975 963/963 962/962
f 975/975 976/976 964/964 963/963
f 976/976 977/977 965/965 964/964
f 977/977 978/978 966/966 965/965
f 978/978 979/979 967/967 966/966
f 979/979 980/980 968/968 967/967
f 980/980 981/981 969/969 968/968
f 981/981 982/982 970/970 969/969
f 982/982 983/983 971/971 970/970
f 983/983 984/984 972/972 971/971
f 984/984 973/973 961/961 972/972
f 985/985 986/986 974/974 973/973
f 986/986 987/987 975/975 974/974
f 987/987 988/988 976/976 975/975
f 988/988 989/989 977/977 976/976
f 989/989 990/990 978/978 977/977
f 990/990 991/991 979/979 978/978
f 991/991 992/992 980/980 979/979
f 992/992 993/993 981/981 980/980
f 993/993 994/994 982/982 981/981
f 994/994 995/995 983/983 982/982
f 995/995 996/996 984/984 983/983
f 996/996 985/985 973/973 984/984
f 997/997 998/998 986/986 985/985
f 998/998 999/999 987/987 986/986
f 999/999 1000/1000 988/988 987/987
f 1000/1000 1001/1001 989/989 988/988
f 1001/1001 1002/1002 990/990 989/989
f 1002/1002 1003/1003 991/991 990/990
f 1003/1003 1004/1004 992/992 991/991
f 1004/1004 1005/1005 993/993 992/992
f 1005/1005 1006/1006 994/994 993/993
f 1006/1006 1007/1007 995/995 994/994
f 1007/1007 1008/1008 996/996 995/995
f 1008/1008 997/997 985/985 996/996
f 1021/1021 1022/1022 1010/1010 1009/1009
f 1022/1022 1023/1023 1011/1011 1010/1010
f 1023/1023 1024/1024 1012/1012 1011/1011
f 1024/1024 1025/1025 1013/1013 1012/1012
f 1025/1025 1026/1026 1014/1014 1013/1013
f 1026/1026 1027/1027 1015/1015 1014/1014
f 1027/1027 1028/1028 1016/1016 1015/1015
f 1028/1028 1029/1029 1017/1017 1016/1016
f 1029/1029 1030/1030 1018/1018 1017/1017
f 1030/1030 1031/1031 1019/1019 1018/1018
f 1031/1031 1032/1032 1020/1020 1019/1019
f 1032/1032 1021/1021 1009/1009 1020/1020
f 1033/1033 1034/1034 1022/1022 1021/1021
f 1034/1034 1035/1035 1023/1023 1022/1022
f 1035/1035 1036/1036 1024/1024 1023/1023
f 1036/1036 1037/1037 1025/1025 1024/1024
f 1037/1037 1038/1038 1026/1026 1025/1025
f 1038/1038 1039/1039 1027/1027 1026/1026
f 1039/1039 1040/1040 1028/1028 1027/1027
f 1040/1040 1041/1041 1029/1029 1028/1028
f 1041/1041 1042/1042 1030/1030 1029/1029
f 1042/1042 1043/1043 1031/1031 1030/1030
f 1043/1043 1044/1044 1032/1032 1031/1031
f 1044/1044 1033/1033 1021/1021 1032/1032
f 1045/1045 1046/1046 1034/1034 1033/1033
f 1046/1046 1047/1047 1035/1035 1034/1034
f 1047/1047 1048/1048 1036/1036 1035/1035
f 1048/1048 1049/1049 1037/1037 1036/1036
f 1049/1049 1050/1050 1038/1038 1037/1037
f 1050/1050 1051/1051 1039/1039 1038/1038
f 1051/1051 1052/1052 1040/1040 1039/1039
f 1052/1052 1053/1053 1041/1041 1040/1040
f 1053/1053 1054/1054 1042/1042 1041/1041
f 1054/1054 1055/1055 1043/1043 1042/1042
f 1055/1055 1056/1056 1044/1044 1043/1043
f 1056/1056 1045/1045 1033/1033 1044/1044
f 1057/1057 1058/1058 1046/1046 1045/1045
f 1058/1058 1059/1059 1047/1047 1046/1046
f 1059/1059 1060/1060 1048/1048 1047/1047
f 1060/1060 1061/1061 1049/1049 1048/1048
f 1061/1061 1062/1062 1050/1050 1049/1049
f 1062/1062 1063/1063 1051/1051 1050/1050
f 1063/1063 1064/1064 1052/1052 1051/1051
f 1064/1064 1065/1065 1053/1053 1052/1052
f 1065/1065 1066/1066 1054/1054 1053/1053
f 1066/1066 1067/1067 1055/1055 1054/1054
f 1067/1067 1068/1068 1056/1056 1055/1055
f 1068/1068 1057/1057 1045/1045 1056/1056
f 1069/1069 1070/1070 1058/1058 1057/1057
f 1070/1070 1071/1071 1059/1059 1058/1058
f 1071/1071 1072/1072 1060/1060 1059/1059
f 1072/1072 1073/1073 1061/1061 1060/1060
f 1073/1073 1074/1074 1062/1062 1061/1061
f 1074/1074 1075/1075 1063/1063 1062/1062
f 1075/1075 1076/1076 1064/1064 1063/1063
f 1076/1076 1077/1077 1065/1065 1064/1064
f 1077/1077 1078/1078 1066/1066 1065/1065
f 1078/1078 1079/1079 1067/1067 1066/1066
f 1079/1079 1080/1080 1068/1068 1067/1067
f 1080/1080 1069/1069 1057/1057 1068/1068
f 1081/1081 1082/1082 1070/1070 1069/1069
f 1082/1082 1083/1083 1071/1071 1070/1070
f 1083/1083 1084/1084 1072/1072 1071/1071
f 1084/1084 1085/1085 1073/1073 1072/1072
f 1085/1085 1086/1086 1074/1074 1073/1073
f 1086/1086 1087/1087 1075/1075 1074/1074
f 1087/1087 1088/1088 1076/1076 1075/1075
f 1088/1088 1089/1089 1077/1077 1076/1076
f 1089/1089 1090/1090 1078/1078 1077/1077
f 1090/1090 1091/1091 1079/1079 1078/1078
f 1091/1091 1092/1092 1080/1080 1079/1079
f 1092/1092 1081/1081 1069/1069 1080/1080
f 1105/1105 1106/1106 1094/1094 1093/1093
f 1106/1106 1107/1107 1095/1095 1094/1094
f 1107/1107 1108/1108 1096/1096 1095/1095
f 1108/1108 1109/1109 1097/1097 1096/1096
f 1109/1109 1110/1110 1098/1098 1097/1097
f 1110/1110 1111/1111 1099/1099 1098/1098
f 1111/1111 1112/1112 1100/1100 1099/1099
f 1112/1112 1113/1113 1101/1101 1100/1100
f 1113/1113 1114/1114 1102/1102 1101/1101
f 1114/1114 1115/1115 1103/1103 1102/1102
f 1115/1115 1116/1116 1104/1104 1103/1103
f 1116/1116 1105/1105 1093/1093 1104/1104
f 1117/1117 1118/1118 1106/1106 1105/1105
f 1118/1118 1119/1119 1107/1107 1106/1106
f 1119/1119 1120/1120 1108/1108 1107/1107
f 1120/1120 1121/1121 1109/1109 1108/1108
f 1121/1121 1122/1122 1110/1110 1109/1109
f 1122/1122 1123/1123 1111/1111 1110/1110
f 1123/1123 1124/1124 1112/1112 1111/1111
f 1124/1124 1125/1125 1113/1113 1112/1112
f 1125/1125 1126/1126 1114/1114 1113/1113
f 1126/1126 1127/1127 1115/1115 1114/1114
f 1127/1127 1128/1128 1116/1116 1115/1115
f 1128/1128 1117/1117 1105/1105 1116/1116
f 1129/1129 1130/1130 1118/1118 1117/1117
f 1130/1130 1131/1131 1119/1119 1118/1118
f 1131/1131 1132/1132 1120/1120 1119/1119
f 1132/1132 1133/1133 1121/1121 1120/1120
f 1133/1133 1134/1134 1122/1122 1121/1121
f 1134/1134 1135/1135 1123/1123 1122/1122
f 1135/1135 1136/1136 1124/1124 1123/1123
f 1136/1136 1137/1137 1125/1125 1124/1124
f 1137/1137 1138/1138 1126/1126 1125/1125
f 1138/1138 1139/1139 1127/1127 1126/1126
f 1139/1139 1140/1140 1128/1128 1127/1127
f 1140/1140 1129/1129 1117/1117 1128/1128
f 1141/1141 1142/1142 1130/1130 1129/1129
f 1142/1142 1143/1143 1131/1131 1130/1130
f 1143/1143 1144/1144 1132/1132 1131/1131
f 1144/1144 1145/1145 1133/1133 1132/1132
f 1145/1145 1146/1146 1134/1134 1133/1133
f 1146/1146 1147/1147 1135/1135 1134/1134
f 1147/1147 1148/1148 1136/1136 1135/1135
f 1148/1148 1149/1149 1137/1137 1136/1136
f 1149/1149 1150/1150 1138/1138 1137/1137
f 1150/1150 1151/1151 1139/1139 1138/1138
f 1151/1151 1152/1152 1140/1140 1139/1139
f 1152/1152 1141/1141 1129/1129 1140/1140
f 1153/1153 1154/1154 1142/1142 1141/1141
f 1154/1154 1155/1155 1143/1143 1142/1142
f 1155/1155 1156/1156 1144/1144 1143/1143
f 1156/1156 1157/1157 1145/1145 1144/1144
f 1157/1157 1158/1158 1146/1146 1145/1145
f 1158/1158 1159/1159 1147/1147 1146/1146
f 1159/1159 1160/1160 1148/1148 1147/1147
f 1160/1160 1161/1161 1149/1149 1148/1148
f 1161/1161 1162/1162 1150/1150 1149/1149
f 1162/1162 1163/1163 1151/1151 1150/1150
f 1163/1163 1164/1164 1152/1152 1151/1151
f 1164/1164 1153/1153 1141/1141 1152/1152
f 1165/1165 1166/1166 1154/1154 1153/1153
f 1166/1166 1167/1167 1155/1155 1154/1154
f 1167/1167 1168/1168 1156/1156 1155/1155
f 1168/1168 1169/1169 1157/1157 1156/1156
f 1169/1169 1170/1170 1158/1158 1157/1157
f 1170/1170 1171/1171 1159/1159 1158/1158
f 1171/1171 1172/1172 1160/1160 1159/1159
f 1172/1172 1173/1173 1161/1161 1160/1160
f 1173/1173 1174/1174 1162/1162 1161/1161
f 1174/1174 1175/1175 1163/1163 1162/1162
f 1175/1175 1176/1176 1164/1164 1163/1163
f 1176/1176 1165/1165 1153/1153 1164/1164
f 1189/1189 1190/1190 1178/1178 1177/1177
f 1190/1190 1191/1191 1179/1179 1178/1178
f 1191/1191 1192/1192 1180/1180 1179/1179
f 1192/1192 1193/1193 1181/1181 1180/1180
f 1193/1193 1194/1194 1182/1182 1181/1181
f 1194/1194 1195/1195 1183/1183 1182/1182
f 1195/1195 1196/1196 1184/1184 1183/1183
f 1196/1196 1197/1197 1185/1185 1184/1184
f 1197/1197 1198/1198 1186/1186 1185/1185
f 1198/1198 1199/1199 1187/1187 1186/1186
f 1199/1199 1200/1200 1188/1188 1187/1187
f 1200/1200 1189/1189 1177/1177 1188/1188
f 1201/1201 1202/1202 1190/1190 1189/1189
f 1202/1202 1203/1203 1191/1191 1190/1190
f 1203/1203 1204/1204 1192/1192 1191/1191
f 1204/1204 1205/1205 1193/1193 1192/1192
f 1205/1205 1206/1206 1194/1194 1193/1193
f 1206/1206 1207/1207 1195/1195 1194/1194
f 1207/1207 1208/1208 1196/1196 1195/1195
f 1208/1208 1209/1209 1197/1197 1196/1196
f 1209/1209 1210/1210 1198/1198 1197/1197
f 1210/1210 1211/1211 1199/1199 1198/1198
f 1211/1211 1212/1212 1200/1200 1199/1199
f 1212/1212 1201/1201 1189/1189 1200/1200
f 1213/1213 1214/1214 1202/1202 1201/1201
f 1214/1214 1215/1215 1203/1203 1202/1202
f 1215/1215 1216/1216 1204/1204 1203/1203
f 1216/1216 1217/1217 1205/1205 1204/1204
f 1217/1217 1218/1218 1206/1206 1205/1205
f 1218/1218 1219/1219 1207/1207 1206/1206
f 1219/1219 1220/1220 1208/1208 1207/1207
f 1220/1220 1221/1221 1209/1209 1208/1208
f 1221/1221 1222/1222 1210/1210 1209/1209
f 1222/1222 1223/1223 1211/1211 1210/1210
f 1223/1223 1224/1224 1212/1212 1211/1211
f 1224/1224 1213/1213 1201/1201 1212/1212
f 1225/1225 1226/1226 1214/1214 1213/1213
f 1226/1226 1227/1227 1215/1215 1214/1214
f 1227/1227 1228/1228 1216/1216 1215/1215
f 1228/1228 1229/1229 1217/1217 1216/1216
f 1229/1229 1230/1230 1218/1218 1217/1217
f 1230/1230 1231/1231 1219/1219 1218/1218
f 1231/1231 1232/1232 1220/1220 1219/1219
f 1232/1232 1233/1233 1221/1221 1220/1220
f 1233/1233 1234/1234 1222/1222 1221/1221
f 1234/1234 1235/1235 1223/1223 1222/1222
f 1235/1235 1236/1236 1224/1224 1223/1223
f 1236/1236 1225/1225 1213/1213 1224/1224
f 1237/1237 1238/1238 1226/1226 1225/1225
f 1238/1238 1239/1239 1227/1227 1226/1226
f 1239/1239 1240/1240 1228/1228 1227/1227
f 1240/1240 1241/1241 1229/1229 1228/1228
f 1241/1241 1242/1242 1230/1230 1229/1229
f 1242/1242 1243/1243 1231/1231 1230/1230
f 1243/1243 1244/1244 1232/1232 1231/1231
f 1244/1244 1245/1245 1233/1233 1232/1232
f 1245/1245 1246/1246 1234/1234 1233/1233
f 1246/1246 1247/1247 1235/1235 1234/1234
f 1247/1247 1248/1248 1236/1236 1235/1235
f 1248/1248 1237/1237 1225/1225 1236/1236
f 1249/1249 1250/1250 1238/1238 1237/1237
f 1250/1250 1251/1251 1239/1239 1238/1238
f 1251/1251 1252/1252 1240/1240 1239/1239
f 1252/1252 1253/1253 1241/1241 1240/1240
f 1253/1253 1254/1254 1242/1242 1241/1241
f 1254/1254 1255/1255 1243/1243 1242/1242
f 1255/1255 1256/1256 1244/1244 1243/1243
f 1256/1256 1257/1257 1245/1245 1244/1244
f 1257/1257 1258/1258 1246/1246 1245/1245
f 1258/1258 1259/1259 1247/1247 1246/1246
f 1259/1259 1260/1260 1248/1248 1247/1247
f 1260/1260 1249/1249 1237/1237 1248/1248
f 1273/1273 1274/1274 1262/1262 1261/1261
f 1274/1274 1275/1275 1263/1263 1262/1262
f 1275/1275 1276/1276 1264/1264 1263/1263
f 1276/1276 1277/1277 1265/1265 1264/1264
f 1277/1277 1278/1278 1266/1266 1265/1265
f 1278/1278 1279/1279 1267/1267 1266/1266
f 1279/1279 1280/1280 1268/1268 1267/1267
f 1280/1280 1281/1281 1269/1269 1268/1268
f 1281/1281 1282/1282 1270/1270 1269/1269
f 1282/1282 1283/1283 1271/1271 1270/1270
f 1283/1283 1284/1284 1272/1272 1271/1271
f 1284/1284 1273/1273 1261/1261 1272/1272
f 1285/1285 1286/1286 1274/1274 1273/1273
f 1286/1286 1287/1287 1275/1275 1274/1274
f 1287/1287 1288/1288 1276/1276 1275/1275
f 1288/1288 1289/1289 1277/1277 1276/1276
f 1289/1289 1290/1290 1278/1278 1277/1277
f 1290/1290 1291/1291 1279/1279 1278/1278
f 1291/1291 1292/1292 1280/1280 1279/1279
f 1292/1292 1293/1293 1281/1281 1280/1280
f 1293/1293 1294/1294 1282/1282 1281/1281
f 1294/1294 1295/1295 1283/1283 1282/1282
f 1295/1295 1296/1296 1284/1284 1283/1283
f 1296/1296 1285/1285 1273/1273 1284/1284
f 1297/1297 1298/1298 1286/1286 1285/1285
f 1298/1298 1299/1299 1287/1287 1286/1286
f 1299/1299 1300/1300 1288/1288 1287/1287
f 1300/1300 1301/1301 1289/1289 1288/1288
f 1301/1301 1302/1302 1290/1290 1289/1289
f 1302/1302 1303/1303 1291/1291 1290/1290
f 1303/1303 1304/1304 1292/1292 1291/1291
f 1304/1304 1305/1305 1293/1293 1292/1292
f 1305/1305 1306/1306 1294/1294 1293/1293
f 1306/1306 1307/1307 1295/1295 1294/1294
f 1307/1307 1308/1308 1296/1296 1295/1295
f 1308/1308 1297/1297 1285/1285 1296/1296
f 1309/1309 1310/1310 1298/1298 1297/1297
f 1310/1310 1311/1311 1299/1299 1298/1298
f 1311/1311 1312/1312 1300/1300 1299/1299
f 1312/1312 1313/1313 1301/1301 1300/1300
f 1313/1313 1314/1314 1302/1302 1301/1301
f 1314/1314 1315/1315 1303/1303 1302/1302
f 1315/1315 1316/1316 1304/1304 1303/1303
f 1316/1316 1317/1317 1305/1305 1304/1304
f 1317/1317 1318/1318 1306/1306 1305/1305
f 1318/1318 1319/1319 1307/1307 1306/1306
f 1319/1319 1320/1320 1308/1308 1307/1307
f 1320/1320 1309/1309 1297/1297 1308/1308
f 1321/1321 1322/1322 1310/1310 1309/1309
f 1322/1322 1323/1323 1311/1311 1310/1310
f 1323/1323 1324/1324 1312/1312 1311/1311
f 1324/1324 1325/1325 1313/1313 1312/1312
f 1325/1325 1326/1326 1314/1314 1313/1313
f 1326/1326 1327/1327 1315/1315 1314/1314
f 1327/1327 1328/1328 1316/1316 1315/1315
f 1328/1328 1329/1329 1317/1317 1316/1316
f 1329/1329 1330/1330 1318/1318 1317/1317
f 1330/1330 1331/1331 1319/1319 1318/1318
f 1331/1331 1332/1332 1320/1320 1319/1319
f 1332/1332 1321/1321 1309/1309 1320/1320
f 1333/1333 1334/1334 1322/1322 1321/1321
f 1334/1334 1335/1335 1323/1323 1322/1322
f 1335/1335 1336/1336 1324/1324 1323/1323
f 1336/1336 1337/1337 1325/1325 1324/1324
f 1337/1337 1338/1338 1326/1326 1325/1325
f 1338/1338 1339/1339 1327/1327 1326/1326
f 1339/1339 1340/1340 1328/1328 1327/1327
f 1340/1340 1341/1341 1329/1329 1328/1328
f 1341/1341 1342/1342 1330/1330 1329/1329
f 1342/1342 1343/1343 1331/1331 1330/1330
f 1343/1343 1344/1344 1332/1332 1331/1331
f 1344/1344 1333/1333 1321/1321 1332/1332
f 1357/1357 1358/1358 1346/1346 1345/1345
f 1358/1358 1359/1359 1347/1347 1346/1346
f 1359/1359 1360/1360 1348/1348 1347/1347
f 1360/1360 1361/1361 1349/1349 1348/1348
f 1361/1361 1362/1362 1350/1350 1349/1349
f 1362/1362 1363/1363 1351/1351 1350/1350
f 1363/1363 1364/1364 1352/1352 1351/1351
f 1364/1364 1365/1365 1353/1353 1352/1352
f 1365/1365 1366/1366 1354/1354 1353/1353
f 1366/1366 1367/1367 1355/1355 1354/1354
f 1367/1367 1368/1368 1356/1356 1355/1355
f 1368/1368 1357/1357 1345/1345 1356/1356
f 1369/1369 1370/1370 1358/1358 1357/1357
f 1370/1370 1371/1371 1359/1359 1358/1358
f 1371/1371 1372/1372 1360/1360 1359/1359
f 1372/1372 1373/1373 1361/1361 1360/1360
f 1373/1373 1374/1374 1362/1362 1361/1361
f 1374/1374 1375/1375 1363/1363 1362/1362
f 1375/1375 1376/1376 1364/1364 1363/1363
f 1376/1376 1377/1377 1365/1365 1364/1364
f 1377/1377 1378/1378 1366/1366 1365/1365
f 1378/1378 1379/1379 1367/1367 1366/1366
f 1379/1379 1380/1380 1368/1368 1367/1367
f 1380/1380 1369/1369 1357/1357 1368/1368
f 1381/1381 1382/1382 1370/1370 1369/1369
f 1382/1382 1383/1383 1371/1371 1370/1370
f 1383/1383 1384/1384 1372/1372 1371/1371
f 1384/1384 1385/1385 1373/1373 1372/1372
f 1385/1385 1386/1386 1374/1374 1373/1373
f 1386/1386 1387/1387 1375/1375 1374/1374
f 1387/1387 1388/1388 1376/1376 1375/1375
f 1388/1388 1389/1389 1377/1377 1376/1376
f 1389/1389 1390/1390 1378/1378 1377/1377
f 1390/1390 1391/1391 1379/1379 1378/1378
f 1391/1391 1392/1392 1380/1380 1379/1379
f 1392/1392 1381/1381 1369/1369 1380/1380
f 1393/1393 1394/1394 1382/1382 1381/1381
f 1394/1394 1395/1395 1383/1383 1382/1382
f 1395/1395 1396/1396 1384/1384 1383/1383
f 1396/1396 1397/1397 1385/1385 1384/1384
f 1397/1397 1398/1398 1386/1386 1385/1385
f 1398/1398 1399/1399 1387/1387 1386/1386
f 1399/1399 1400/1400 1388/1388 1387/1387
f 1400/1400 1401/1401 1389/1389 1388/1388
f 1401/1401 1402/1402 1390/1390 1389/1389
f 1402/1402 1403/1403 1391/1391 1390/1390
f 1403/1403 1404/1404 1392/1392 1391/1391
f 1404/1404 1393/1393 1381/1381 1392/1392
f 1405/1405 1406/1406 1394/1394 1393/1393
f 1406/1406 1407/1407 1395/1395 1394/1394
f 1407/1407 1408/1408 1396/1396 1395/1395
f 1408/1408 1409/1409 1397/1397 1396/1396
f 1409/1409 1410/1410 1398/1398 1397/1397
f 1410/1410 1411/1411 1399/1399 1398/1398
f 1411/1411 1412/1412 1400/1400 1399/1399
f 1412/1412 1413/1413 1401/1401 1400/1400
f 1413/1413 1414/1414 1402/1402 1401/1401
f 1414/1414 1415/1415 1403/1403 1402/1402
f 1415/1415 1416/1416 1404/1404 1403/1403
f 1416/1416 1405/1405 1393/1393 1404/1404
f 1417/1417 1418/1418 1406/1406 1405/1405
f 1418/1418 1419/1419 1407/1407 1406/1406
f 1419/1419 1420/1420 1408/1408 1407/1407
f 1420/1420 1421/1421 1409/1409 1408/1408
f 1421/1421 1422/1422 1410/1410 1409/1409
f 1422/1422 1423/1423 1411/1411 1410/1410
f 1423/1423 1424/1424 1412/1412 1411/1411
f 1424/1424 1425/1425 1413/1413 1412/1412
f 1425/1425 1426/1426 1414/1414 1413/1413
f 1426/1426 1427/1427 1415/1415 1414/1414
f 1427/1427 1428/1428 1416/1416 1415/1415
f 1428/1428 1417/1417 1405/1405 1416/1416
f 1441/1441 1442/1442 1430/1430 1429/1429
f 1442/1442 1443/1443 1431/1431 1430/1430
f 1443/1443 1444/1444 1432/1432 1431/1431
f 1444/1444 1445/1445 1433/1433 1432/1432
f 1445/1445 1446/1446 1434/1434 1433/1433
f 1446/1446 1447/1447 1435/1435 1434/1434
f 1447/1447 1448/1448 1436/1436 1435/1435
f 1448/1448 1449/1449 1437/1437 1436/1436
f 1449/1449 1450/1450 1438/1438 1437/1437
f 1450/1450 1451/1451 1439/1439 1438/1438
f 1451/1451 1452/1452 1440/1440 1439/1439
f 1452/1452 1441/1441 1429/1429 1440/1440
f 1453/1453 1454/1454 1442/1442 1441/1441
f 1454/1454 1455/1455 1443/1443 1442/1442
f 1455/1455 1456/1456 1444/1444 1443/1443
f 1456/1456 1457/1457 1445/1445 1444/1444
f 1457/1457 1458/1458 1446/1446 1445/1445
f 1458/1458 1459/1459 1447/1447 1446/1446
f 1459/1459 1460/1460 1448/1448 1447/1447
f 1460/1460 1461/1461 1449/1449 1448/1448
f 1461/1461 1462/1462 1450/1450 1449/1449
f 1462/1462 1463/1463 1451/1451 1450/1450
f 1463/1463 1464/1464 1452/1452 1451/1451
f 1464/1464 1453/1453 1441/1441 1452/1452
f 1465/1465 1466/1466 1454/1454 1453/1453
f 1466/1466 1467/1467 1455/1455 1454/1454
f 1467/1467 1468/1468 1456/1456 1455/1455
f 1468/1468 1469/1469 1457/1457 1456/1456
f 1469/1469 1470/1470 1458/1458 1457/1457
f 1470/1470 1471/1471 1459/1459 1458/1458
f 1471/1471 1472/1472 1460/1460 1459/1459
f 1472/1472 1473/1473 1461/1461 1460/1460
f 1473/1473 1474/1474 1462/1462 1461/1461
f 1474/1474 1475/1475 1463/1463 1462/1462
f 1475/1475 1476/1476 1464/1464 1463/1463
f 1476/1476 1465/1465 1453/1453 1464/1464
f 1477/1477 1478/1478 1466/1466 1465/1465
f 1478/1478 1479/1479 1467/1467 1466/1466
f 1479/1479 1480/1480 1468/1468 1467/1467
f 1480/1480 1481/1481 1469/1469 1468/1468
f 1481/1481 1482/1482 1470/1470 1469/1469
f 1482/1482 1483/1483 1471/1471 1470/1470
f 1483/1483 1484/1484 1472/1472 1471/1471
f 1484/1484 1485/1485 1473/1473 1472/1472
f 1485/1485 1486/1486 1474/1474 1473/1473
f 1486/1486 1487/1487 1475/1475 1474/1474
f 1487/1487 1488/1488 1476/1476 1475/1475
f 1488/1488 1477/1477 1465/1465 1476/1476
f 1489/1489 1490/1490 1478/1478 1477/1477
f 1490/1490 1491/1491 1479/1479 1478/1478
f 1491/1491 1492/1492 1480/1480 1479/1479
f 1492/1492 1493/1493 1481/1481 1480/1480
f 1493/1493 1494/1494 1482/1482 1481/1481
f 1494/1494 1495/1495 1483/1483 1482/1482
f 1495/1495 1496/1496 1484/1484 1483/1483
f 1496/1496 1497/1497 1485/1485 1484/1484
f 1497/1497 1498/1498 1486/1486 1485/1485
f 1498/1498 1499/1499 1487/1487 1486/1486
f 1499/1499 1500/1500 1488/1488 1487/1487
f 1500/1500 1489/1489 1477/1477 1488/1488
f 1501/1501 1502/1502 1490/1490 1489/1489
f 1502/1502 1503/1503 1491/1491 1490/1490
f 1503/1503 1504/1504 1492/1492 1491/1491
f 1504/1504 1505/1505 1493/1493 1492/1492
f 1505/1505 1506/1506 1494/1494 1493/1493
f 1506/1506 1507/1507 1495/1495 1494/1494
f 1507/1507 1508/1508 1496/1496 1495/1495
f 1508/1508 1509/1509 1497/1497 1496/1496
f 1509/1509 1510/1510 1498/1498 1497/1497
f 1510/1510 1511/1511 1499/1499 1498/1498
f 1511/1511 1512/1512 1500/1500 1499/1499
f 1512/1512 1501/1501 1489/1489 1500/1500
f 1525/1525 1526/1526 1514/1514 1513/1513
f 1526/1526 1527/1527 1515/1515 1514/1514
f 1527/1527 1528/1528 1516/1516 1515/1515
f 1528/1528 1529/1529 1517/1517 1516/1516
f 1529/1529 1530/1530 1518/1518 1517/1517
f 1530/1530 1531/1531 1519/1519 1518/1518
f 1531/1531 1532/1532 1520/1520 1519/1519
f 1532/1532 1533/1533 1521/1521 1520/1520
f 1533/1533 1534/1534 1522/1522 1521/1521
f 1534/1534 1535/1535 1523/1523 1522/1522
f 1535/1535 1536/1536 1524/1524 1523/1523
f 1536/1536 1525/1525 1513/1513 1524/1524
f 1537/1537 1538/1538 1526/1526 1525/1525
f 1538/1538 1539/1539 1527/1527 1526/1526
f 1539/1539 1540/1540 1528/1528 1527/1527
f 1540/1540 1541/1541 1529/1529 1528/1528
f 1541/1541 1542/1542 1530/1530 1529/1529
f 1542/1542 1543/1543 1531/1531 1530/1530
f 1543/1543 1544/1544 1532/1532 1531/1531
f 1544/1544 1545/1545 1533/1533 1532/1532
f 1545/1545 1546/1546 1534/1534 1533/1533
f 1546/1546 1547/1547 1535/1535 1534/1534
f 1547/1547 1548/1548 1536/1536 1535/1535
f 1548/1548 1537/1537 1525/1525 1536/1536
f 1549/1549 1550/1550 1538/1538 1537/1537
f 1550/1550 1551/1551 1539/1539 1538/1538
f 1551/1551 1552/1552 1540/1540 1539/1539
f 1552/1552 1553/1553 1541/1541 1540/1540
f 1553/1553 1554/1554 1542/1542 1541/1541
f 1554/1554 1555/1555 1543/1543 1542/1542
f 1555/1555 1556/1556 1544/1544 1543/1543
f 1556/1556 1557/1557 1545/1545 1544/1544
f 1557/1557 1558/1558 1546/1546 1545/1545
f 1558/1558 1559/1559 1547/1547 1546/1546
f 1559/1559 1560/1560 1548/1548 1547/1547
f 1560/1560 1549/1549 1537/1537 1548/1548
f 1561/1561 1562/1562 1550/1550 1549/1549
f 1562/1562 1563/1563 1551/1551 1550/1550
f 1563/1563 1564/1564 1552/1552 1551/1551
f 1564/1564 1565/1565 1553/1553 1552/1552
f 1565/1565 1566/1566 1554/1554 1553/1553
f 1566/1566 1567/1567 1555/1555 1554/1554
f 1567/1567 1568/1568 1556/1556 1555/1555
f 1568/1568 1569/1569 1557/1557 1556/1556
f 1569/1569 1570/1570 1558/1558 1557/1557
f 1570/1570 1571/1571 1559/1559 1558/1558
f 1571/1571 1572/1572 1560/1560 1559/1559
f 1572/1572 1561/1561 1549/1549 1560/1560
f 1573/1573 1574/1574 1562/1562 1561/1561
f 1574/1574 1575/1575 1563/1563 1562/1562
f 1575/1575 1576/1576 1564/1564 1563/1563
f 1576/1576 1577/1577 1565/1565 1564/1564
f 1577/1577 1578/1578 1566/1566 1565/1565
f 1578/1578 1579/1579 1567/1567 1566/1566
f 1579/1579 1580/1580 1568/1568 1567/1567
f 1580/1580 1581/1581 1569/1569 1568/1568
f 1581/1581 1582/1582 1570/1570 1569/1569
f 1582/1582 1583/1583 1571/1571 1570/1570
f 1583/1583 1584/1584 1572/1572 1571/1571
f 1584/1584 1573/1573 1561/1561 1572/1572
f 1585/1585 1586/1586 1574/1574 1573/1573
f 1586/1586 1587/1587 1575/1575 1574/1574
f 1587/1587 1588/1588 1576/1576 1575/1575
f 1588/1588 1589/1589 1577/1577 1576/1576
f 1589/1589 1590/1590 1578/1578 1577/1577
f 1590/1590 1591/1591 1579/1579 1578/1578
f 1591/1591 1592/1592 1580/1580 1579/1579
f 1592/1592 1593/1593 1581/1581 1580/1580
f 1593/1593 1594/1594 1582/1582 1581/1581
f 1594/1594 1595/1595 1583/1583 1582/1582
f 1595/1595 1596/1596 1584/1584 1583/1583
f 1596/1596 1585/1585 1573/1573 1584/1584
f 1609/1609 1610/1610 1598/1598 1597/1597
f 1610/1610 1611/1611 1599/1599 1598/1598
f 1611/1611 1612/1612 1600/1600 1599/1599
f 1612/1612 1613/1613 1601/1601 1600/1600
f 1613/1613 1614/1614 1602/1602 1601/1601
f 1614/1614 1615/1615 1603/1603 1602/1602
f 1615/1615 1616/1616 1604/1604 1603/1603
f 1616/1616 1617/1617 1605/1605 1604/1604
f 1617/1617 1618/1618 1606/1606 1605/1605
f 1618/1618 1619/1619 1607/1607 1606/1606
f 1619/1619 1620/1620 1608/1608 1607/1607
f 1620/1620 1609/1609 1597/1597 1608/1608
f 1621/1621 1622/1622 1610/1610 1609/1609
f 1622/1622 1623/1623 1611/1611 1610/1610
f 1623/1623 1624/1624 1612/1612 1611/1611
f 1624/1624 1625/1625 1613/1613 1612/1612
f 1625/1625 1626/1626 1614/1614 1613/1613
f 1626/1626 1627/1627 1615/1615 1614/1614
f 1627/1627 1628/1628 1616/1616 1615/1615
f 1628/1628 1629/1629 1617/1617 1616/1616
f 1629/1629 1630/1630 1618/1618 1617/1617
f 1630/1630 1631/1631 1619/1619 1618/1618
f 1631/1631 1632/1632 1620/1620 1619/1619
f 1632/1632 1621/1621 1609/1609 1620/1620
f 1633/1633 1634/1634 1622/1622 1621/1621
f 1634/1634 1635/1635 1623/1623 1622/1622
f 1635/1635 1636/1636 1624/1624 1623/1623
f 1636/1636 1637/1637 1625/1625 1624/1624
f 1637/1637 1638/1638 1626/1626 1625/1625
f 1638/1638 1639/1639 1627/1627 1626/1626
f 1639/1639 1640/1640 1628/1628 1627/1627
f 1640/1640 1641/1641 1629/1629 1628/1628
f 1641/1641 1642/1642 1630/1630 1629/1629
f 1642/1642 1643/1643 1631/1631 1630/1630
f 1643/1643 1644/1644 1632/1632 1631/1631
f 1644/1644 1633/1633 1621/1621 1632/1632
f 1645/1645 1646/1646 1634/1634 1633/1633
f 1646/1646 1647/1647 1635/1635 1634/1634
f 1647/1647 1648/1648 1636/1636 1635/1635
f 1648/1648 1649/1649 1637/1637 1636/1636
f 1649/1649 1650/1650 1638/1638 1637/1637
f 1650/1650 1651/1651 1639/1639 1638/1638
f 1651/1651 1652/1652 1640/1640 1639/1639
f 1652/1652 1653/1653 1641/1641 1640/1640
f 1653/1653 1654/1654 1642/1642 1641/1641
f 1654/1654 1655/1655 1643/1643 1642/1642
f 1655/1655 1656/1656 1644/1644 1643/1643
f 1656/1656 1645/1645 1633/1633 1644/1644
f 1657/1657 1658/1658 1646/1646 1645/1645
f 1658/1658 1659/1659 1647/1647 1646/1646
f 1659/1659 1660/1660 1648/1648 1647/1647
f 1660/1660 1661/1661 1649/1649 1648/1648
f 1661/1661 1662/1662 1650/1650 1649/1649
f 1662/1662 1663/1663 1651/1651 1650/1650
f 1663/1663 1664/1664 1652/1652 1651/1651
f 1664/1664 1665/1665 1653/1653 1652/1652
f 1665/1665 1666/1666 1654/1654 1653/1653
f 1666/1666 1667/1667 1655/1655 1654/1654
f 1667/1667 1668/1668 1656/1656 1655/1655
f 1668/1668 1657/1657 1645/1645 1656/1656
f 1669/1669 1670/1670 1658/1658 1657/1657
f 1670/1670 1671/1671 1659/1659 1658/1658
f 1671/1671 1672/1672 1660/1660 1659/1659
f 1672/1672 1673/1673 1661/1661 1660/1660
f 1673/1673 1674/1674 1662/1662 1661/1661
f 1674/1674 1675/1675 1663/1663 1662/1662
f 1675/1675 1676/1676 1664/1664 1663/1663
f 1676/1676 1677/1677 1665/1665 1664/1664
f 1677/1677 1678/1678 1666/1666 1665/1665
f 1678/1678 1679/1679 1667/1667 1666/1666
f 1679/1679 1680/1680 1668/1668 1667/1667
f 1680/1680 1669/1669 1657/1657 1668/1668
