# Original factory PMC equipment, centimetres
s 1
v 0.29247 -0.00000 10.99456
v 0.28997 -0.03474 10.99456
v 0.28250 -0.06888 10.99456
v 0.27021 -0.10185 10.99456
v 0.25329 -0.13307 10.99456
v 0.23203 -0.16202 10.99456
v 0.20681 -0.18819 10.99456
v 0.17804 -0.21115 10.99456
v 0.14623 -0.23049 10.99456
v 0.11192 -0.24589 10.99456
v 0.07570 -0.25708 10.99456
v 0.03817 -0.26387 10.99456
v 0.00000 -0.26615 10.99456
v -0.03817 -0.26387 10.99456
v -0.07570 -0.25708 10.99456
v -0.11192 -0.24589 10.99456
v -0.14623 -0.23049 10.99456
v -0.17804 -0.21115 10.99456
v -0.20681 -0.18819 10.99456
v -0.23203 -0.16202 10.99456
v -0.25329 -0.13307 10.99456
v -0.27021 -0.10185 10.99456
v -0.28250 -0.06888 10.99456
v -0.28997 -0.03474 10.99456
v -0.29247 -0.00000 10.99456
v -0.28997 0.03474 10.99456
v -0.28250 0.06888 10.99456
v -0.27021 0.10185 10.99456
v -0.25329 0.13307 10.99456
v -0.23203 0.16202 10.99456
v -0.20681 0.18819 10.99456
v -0.17804 0.21115 10.99456
v -0.14623 0.23049 10.99456
v -0.11192 0.24589 10.99456
v -0.07570 0.25708 10.99456
v -0.03817 0.26387 10.99456
v -0.00000 0.26615 10.99456
v 0.03817 0.26387 10.99456
v 0.07570 0.25708 10.99456
v 0.11192 0.24589 10.99456
v 0.14623 0.23049 10.99456
v 0.17804 0.21115 10.99456
v 0.20681 0.18819 10.99456
v 0.23203 0.16202 10.99456
v 0.25329 0.13307 10.99456
v 0.27021 0.10185 10.99456
v 0.28250 0.06888 10.99456
v 0.28997 0.03474 10.99456
v 1.53743 -0.00000 10.90263
v 1.49925 -0.17962 10.90575
v 1.43805 -0.35065 10.90860
v 1.35591 -0.51109 10.91113
v 1.25493 -0.65933 10.91332
v 1.13723 -0.79409 10.91515
v 1.00482 -0.91438 10.91658
v 0.85958 -1.01941 10.91761
v 0.70328 -1.10849 10.91824
v 0.53759 -1.18104 10.91844
v 0.36408 -1.23647 10.91822
v 0.18434 -1.27415 10.91759
v 0.00000 -1.29345 10.91654
v -0.18716 -1.29369 10.91509
v -0.37519 -1.27421 10.91326
v -0.56188 -1.23441 10.91106
v -0.74475 -1.17385 10.90851
v -0.92104 -1.09229 10.90566
v -1.08772 -0.98982 10.90253
v -1.24157 -0.86695 10.89917
v -1.37923 -0.72463 10.89564
v -1.49732 -0.56439 10.89197
v -1.59259 -0.38833 10.88825
v -1.66201 -0.19912 10.88453
v -1.70296 -0.00000 10.88088
v -1.66201 0.19912 10.88453
v -1.59259 0.38833 10.88825
v -1.49732 0.56439 10.89197
v -1.37923 0.72463 10.89564
v -1.24157 0.86695 10.89917
v -1.08772 0.98982 10.90253
v -0.92104 1.09229 10.90566
v -0.74475 1.17385 10.90851
v -0.56188 1.23441 10.91106
v -0.37519 1.27421 10.91326
v -0.18716 1.29369 10.91509
v -0.00000 1.29345 10.91654
v 0.18434 1.27415 10.91759
v 0.36408 1.23647 10.91822
v 0.53759 1.18104 10.91844
v 0.70328 1.10849 10.91824
v 0.85958 1.01941 10.91761
v 1.00482 0.91438 10.91658
v 1.13723 0.79409 10.91515
v 1.25493 0.65933 10.91332
v 1.35591 0.51109 10.91113
v 1.43805 0.35065 10.90860
v 1.49925 0.17962 10.90575
v 2.76488 -0.00000 10.68650
v 2.69214 -0.32253 10.69771
v 2.57848 -0.62872 10.70792
v 2.42785 -0.91514 10.71700
v 2.24425 -1.17910 10.72484
v 2.03156 -1.41857 10.73135
v 1.79343 -1.63202 10.73648
v 1.53320 -1.81828 10.74017
v 1.25392 -1.97639 10.74238
v 0.95837 -2.10547 10.74311
v 0.64914 -2.20458 10.74233
v 0.32880 -2.27270 10.74007
v 0.00000 -2.30865 10.73634
v -0.33436 -2.31113 10.73117
v -0.67099 -2.27880 10.72461
v -1.00613 -2.21040 10.71673
v -1.33542 -2.10485 10.70761
v -1.65394 -1.96147 10.69737
v -1.95622 -1.78016 10.68613
v -2.23632 -1.56155 10.67404
v -2.48803 -1.30718 10.66129
v -2.70501 -1.01961 10.64807
v -2.88112 -0.70252 10.63460
v -3.01063 -0.36069 10.62113
v -3.08853 -0.00000 10.60789
v -3.01063 0.36069 10.62113
v -2.88112 0.70252 10.63460
v -2.70501 1.01961 10.64807
v -2.48803 1.30718 10.66129
v -2.23632 1.56155 10.67404
v -1.95622 1.78016 10.68613
v -1.65394 1.96147 10.69737
v -1.33542 2.10485 10.70761
v -1.00613 2.21040 10.71673
v -0.67099 2.27880 10.72461
v -0.33436 2.31113 10.73117
v -0.00000 2.30865 10.73634
v 0.32880 2.27270 10.74007
v 0.64914 2.20458 10.74233
v 0.95837 2.10547 10.74311
v 1.25392 1.97639 10.74238
v 1.53320 1.81828 10.74017
v 1.79343 1.63202 10.73648
v 2.03156 1.41857 10.73135
v 2.24425 1.17910 10.72484
v 2.42785 0.91514 10.71700
v 2.57848 0.62872 10.70792
v 2.69214 0.32253 10.69771
v 3.96083 -0.00000 10.34862
v 3.85560 -0.46191 10.37271
v 3.69179 -0.90018 10.39464
v 3.47516 -1.30991 10.41413
v 3.21151 -1.68729 10.43096
v 2.90646 -2.02949 10.44495
v 2.56527 -2.33439 10.45595
v 2.19271 -2.60042 10.46386
v 1.79313 -2.82627 10.46861
v 1.37044 -3.01076 10.47016
v 0.92828 -3.15260 10.46851
v 0.47023 -3.25032 10.46365
v 0.00000 -3.30223 10.45564
v -0.47835 -3.30645 10.44454
v -0.96020 -3.26098 10.43047
v -1.44016 -3.16393 10.41355
v -1.91203 -3.01368 10.39397
v -2.36875 -2.80918 10.37197
v -2.80241 -2.55019 10.34782
v -3.20446 -2.23757 10.32184
v -3.56590 -1.87348 10.29443
v -3.87761 -1.46160 10.26601
v -4.13067 -1.00720 10.23705
v -4.31684 -0.51717 10.20807
v -4.42887 -0.00000 10.17960
v -4.31684 0.51717 10.20807
v -4.13067 1.00720 10.23705
v -3.87761 1.46160 10.26601
v -3.56590 1.87348 10.29443
v -3.20446 2.23757 10.32184
v -2.80241 2.55019 10.34782
v -2.36875 2.80918 10.37197
v -1.91203 3.01368 10.39397
v -1.44016 3.16393 10.41355
v -0.96020 3.26098 10.43047
v -0.47835 3.30645 10.44454
v -0.00000 3.30223 10.45564
v 0.47023 3.25032 10.46365
v 0.92828 3.15260 10.46851
v 1.37044 3.01076 10.47016
v 1.79313 2.82627 10.46861
v 2.19271 2.60042 10.46386
v 2.56527 2.33439 10.45595
v 2.90646 2.02949 10.44495
v 3.21151 1.68729 10.43096
v 3.47516 1.30991 10.41413
v 3.69179 0.90018 10.39464
v 3.85560 0.46191 10.37271
v 5.11166 -0.00000 9.89284
v 4.97690 -0.59625 9.93430
v 4.76628 -1.16218 9.97205
v 4.48721 -1.69138 10.00561
v 4.14722 -2.17890 10.03458
v 3.75357 -2.62100 10.05866
v 3.31310 -3.01492 10.07760
v 2.83204 -3.35862 10.09122
v 2.31599 -3.65039 10.09941
v 1.77006 -3.88870 10.10209
v 1.19896 -4.07187 10.09923
v 0.60734 -4.19800 10.09087
v 0.00000 -4.26491 10.07708
v -0.61777 -4.27013 10.05797
v -1.23995 -4.21109 10.03373
v -1.85956 -4.08533 10.00460
v -2.46852 -3.89079 9.97090
v -3.05762 -3.62614 9.93303
v -3.61663 -3.29113 9.89146
v -4.13445 -2.88695 9.84678
v -4.59945 -2.41650 9.79962
v -4.99989 -1.88463 9.75075
v -5.32433 -1.29825 9.70097
v -5.56222 -0.66637 9.65117
v -5.70438 -0.00000 9.60228
v -5.56222 0.66637 9.65117
v -5.32433 1.29825 9.70097
v -4.99989 1.88463 9.75075
v -4.59945 2.41650 9.79962
v -4.13445 2.88695 9.84678
v -3.61663 3.29113 9.89146
v -3.05762 3.62614 9.93303
v -2.46852 3.89079 9.97090
v -1.85956 4.08533 10.00460
v -1.23995 4.21109 10.03373
v -0.61777 4.27013 10.05797
v -0.00000 4.26491 10.07708
v 0.60734 4.19800 10.09087
v 1.19896 4.07187 10.09923
v 1.77006 3.88870 10.10209
v 2.31599 3.65039 10.09941
v 2.83204 3.35862 10.09122
v 3.31310 3.01492 10.07760
v 3.75357 2.62100 10.05866
v 4.14722 2.17890 10.03458
v 4.48721 1.69138 10.00561
v 4.76628 1.16218 9.97205
v 4.97690 0.59625 9.93430
v 6.20425 -0.00000 9.32437
v 6.04379 -0.72407 9.38728
v 5.79065 -1.41195 9.44459
v 5.45374 -2.05570 9.49556
v 5.04216 -2.64910 9.53959
v 4.56479 -3.18744 9.57619
v 4.02995 -3.66726 9.60499
v 3.44530 -4.08590 9.62570
v 2.81775 -4.44124 9.63815
v 2.15359 -4.73130 9.64222
v 1.45871 -4.95401 9.63788
v 0.73885 -5.10703 9.62517
v 0.00000 -5.18766 9.60419
v -0.75128 -5.19294 9.57514
v -1.50751 -5.11977 9.53830
v -2.26007 -4.96523 9.49404
v -2.99901 -4.72693 9.44285
v -3.71302 -4.40340 9.38535
v -4.38959 -3.99452 9.32227
v -5.01522 -3.50197 9.25449
v -5.57584 -2.92949 9.18302
v -6.05730 -2.28320 9.10898
v -6.44594 -1.57174 9.03363
v -6.72922 -0.80619 8.95829
v -6.89637 -0.00000 8.88437
v -6.72922 0.80619 8.95829
v -6.44594 1.57174 9.03363
v -6.05730 2.28320 9.10898
v -5.57584 2.92949 9.18302
v -5.01522 3.50197 9.25449
v -4.38959 3.99452 9.32227
v -3.71302 4.40340 9.38535
v -2.99901 4.72693 9.44285
v -2.26007 4.96523 9.49404
v -1.50751 5.11977 9.53830
v -0.75128 5.19294 9.57514
v -0.00000 5.18766 9.60419
v 0.73885 5.10703 9.62517
v 1.45871 4.95401 9.63788
v 2.15359 4.73130 9.64222
v 2.81775 4.44124 9.63815
v 3.44530 4.08590 9.62570
v 4.02995 3.66726 9.60499
v 4.56479 3.18744 9.57619
v 5.04216 2.64910 9.53959
v 5.45374 2.05570 9.49556
v 5.79065 1.41195 9.44459
v 6.04379 0.72407 9.38728
v 7.22617 -0.00000 8.64966
v 7.04460 -0.84397 8.73762
v 6.75412 -1.64688 8.81781
v 6.36493 -2.39916 8.88918
v 5.88756 -3.09326 8.95086
v 5.33235 -3.72341 9.00215
v 4.70910 -4.28528 9.04252
v 4.02684 -4.77557 9.07158
v 3.29381 -5.19160 9.08903
v 2.51756 -5.53092 9.09475
v 1.70516 -5.79099 9.08866
v 0.86356 -5.96903 9.07082
v 0.00000 -6.06186 9.04141
v -0.87760 -6.06606 9.00068
v -1.76025 -5.97809 8.94905
v -2.63763 -5.79471 8.88705
v -3.49792 -5.51331 8.81538
v -4.32777 -5.13246 8.73493
v -5.11247 -4.65235 8.64673
v -5.83629 -4.07529 8.55204
v -6.48293 -3.40606 8.45228
v -7.03612 -2.65216 8.34903
v -7.48032 -1.82395 8.24404
v -7.80141 -0.93464 8.13918
v -7.98740 -0.00000 8.03640
v -7.80141 0.93464 8.13918
v -7.48032 1.82395 8.24404
v -7.03612 2.65216 8.34903
v -6.48293 3.40606 8.45228
v -5.83629 4.07529 8.55204
v -5.11247 4.65235 8.64673
v -4.32777 5.13246 8.73493
v -3.49792 5.51331 8.81538
v -2.63763 5.79471 8.88705
v -1.76025 5.97809 8.94905
v -0.87760 6.06606 9.00068
v -0.00000 6.06186 9.04141
v 0.86356 5.96903 9.07082
v 1.70516 5.79099 9.08866
v 2.51756 5.53092 9.09475
v 3.29381 5.19160 9.08903
v 4.02684 4.77557 9.07158
v 4.70910 4.28528 9.04252
v 5.33235 3.72341 9.00215
v 5.88756 3.09326 8.95086
v 6.36493 2.39916 8.88918
v 6.75412 1.64688 8.81781
v 7.04460 0.84397 8.73762
v 8.16576 -0.00000 7.87642
v 7.96839 -0.95464 7.99244
v 7.64656 -1.86449 8.09831
v 7.21155 -2.71828 8.19261
v 6.67511 -3.50703 8.27417
v 6.04893 -4.22377 8.34203
v 5.34420 -4.86322 8.39547
v 4.57132 -5.42128 8.43394
v 3.73986 -5.89464 8.45707
v 2.85865 -6.28028 8.46463
v 1.93606 -6.57517 8.45657
v 0.98031 -6.77606 8.43295
v 0.00000 -6.87932 8.39400
v -0.99551 -6.88112 8.34008
v -1.99567 -6.77762 8.27177
v -2.98840 -6.56533 8.18979
v -3.96001 -6.24164 8.09510
v -4.89515 -5.80533 7.98888
v -5.77704 -5.25710 7.87256
v -6.58789 -4.60011 7.74779
v -7.30944 -3.84030 7.61648
v -7.92365 -2.98670 7.48075
v -8.41348 -2.05149 7.34290
v -8.76367 -1.04992 7.20539
v -8.96148 -0.00000 7.07077
v -8.76367 1.04992 7.20539
v -8.41348 2.05149 7.34290
v -7.92365 2.98670 7.48075
v -7.30944 3.84030 7.61648
v -6.58789 4.60011 7.74779
v -5.77704 5.25710 7.87256
v -4.89515 5.80533 7.98888
v -3.96001 6.24164 8.09510
v -2.98840 6.56533 8.18979
v -1.99567 6.77762 8.27177
v -0.99551 6.88112 8.34008
v -0.00000 6.87932 8.39400
v 0.98031 6.77606 8.43295
v 1.93606 6.57517 8.45657
v 2.85865 6.28028 8.46463
v 3.73986 5.89464 8.45707
v 4.57132 5.42128 8.43394
v 5.34420 4.86322 8.39547
v 6.04893 4.22377 8.34203
v 6.67511 3.50703 8.27417
v 7.21155 2.71828 8.19261
v 7.64656 1.86449 8.09831
v 7.96839 0.95464 7.99244
v 9.01232 -0.00000 7.01344
v 8.80507 -1.05488 7.15988
v 8.45860 -2.06249 7.29365
v 7.98500 -3.00982 7.41292
v 7.39706 -3.88633 7.51617
v 6.70767 -4.68375 7.60215
v 5.92930 -5.39567 7.66989
v 5.07371 -6.01709 7.71868
v 4.15181 -6.54394 7.74801
v 3.17377 -6.97257 7.75761
v 2.14931 -7.29941 7.74738
v 1.08804 -7.52069 7.71742
v 0.00000 -7.63239 7.66801
v -1.10390 -7.63034 7.59967
v -2.21146 -7.51047 7.51313
v -3.30882 -7.26926 7.40935
v -4.38041 -6.90425 7.28959
v -5.40893 -6.41464 7.15538
v -6.37570 -5.80189 7.00857
v -7.26106 -5.07017 6.85131
v -8.04510 -4.22681 6.68602
v -8.70838 -3.28249 6.51541
v -9.23280 -2.25127 6.34240
v -9.60245 -1.15041 6.17007
v -9.80437 -0.00000 6.00161
v -9.60245 1.15041 6.17007
v -9.23280 2.25127 6.34240
v -8.70838 3.28249 6.51541
v -8.04510 4.22681 6.68602
v -7.26106 5.07017 6.85131
v -6.37570 5.80189 7.00857
v -5.40893 6.41464 7.15538
v -4.38041 6.90425 7.28959
v -3.30882 7.26926 7.40935
v -2.21146 7.51047 7.51313
v -1.10390 7.63034 7.59967
v -0.00000 7.63239 7.66801
v 1.08804 7.52069 7.71742
v 2.14931 7.29941 7.74738
v 3.17377 6.97257 7.75761
v 4.15181 6.54394 7.74801
v 5.07371 6.01709 7.71868
v 5.92930 5.39567 7.66989
v 6.70767 4.68375 7.60215
v 7.39706 3.88633 7.51617
v 7.98500 3.00982 7.41292
v 8.45860 2.06249 7.29365
v 8.80507 1.05488 7.15988
v 9.75621 -0.00000 6.07057
v 9.54547 -1.14358 6.24903
v 9.18169 -2.23881 6.41228
v 8.67743 -3.27082 6.55802
v 8.04631 -4.22744 6.68430
v 7.30226 -5.09893 6.78956
v 6.45894 -5.87764 6.87256
v 5.52940 -6.55751 6.93236
v 4.52592 -7.13360 6.96833
v 3.46006 -7.60152 6.98010
v 2.34296 -7.95709 6.96755
v 1.18575 -8.19606 6.93081
v 0.00000 -8.31402 6.87026
v -1.20173 -8.30653 6.78654
v -2.40549 -8.16945 6.68059
v -3.59563 -7.89936 6.55365
v -4.75468 -7.49417 6.40732
v -5.86351 -6.95374 6.24355
v -6.90163 -6.28048 6.06464
v -7.84780 -5.47987 5.87327
v -8.68077 -4.56078 5.67246
v -9.38012 -3.53569 5.46554
v -9.92718 -2.42058 5.25608
v -10.30592 -1.23469 5.04781
v -10.50372 -0.00000 4.84460
v -10.30592 1.23469 5.04781
v -9.92718 2.42058 5.25608
v -9.38012 3.53569 5.46554
v -8.68077 4.56078 5.67246
v -7.84780 5.47987 5.87327
v -6.90163 6.28048 6.06464
v -5.86351 6.95374 6.24355
v -4.75468 7.49417 6.40732
v -3.59563 7.89936 6.55365
v -2.40549 8.16945 6.68059
v -1.20173 8.30653 6.78654
v -0.00000 8.31402 6.87026
v 1.18575 8.19606 6.93081
v 2.34296 7.95709 6.96755
v 3.46006 7.60152 6.98010
v 4.52592 7.13360 6.96833
v 5.52940 6.55751 6.93236
v 6.45894 5.87764 6.87256
v 7.30226 5.09893 6.78956
v 8.04631 4.22744 6.68430
v 8.67743 3.27082 6.55802
v 9.18169 2.23881 6.41228
v 9.54547 1.14358 6.24903
v 10.38895 -0.00000 5.05853
v 10.18152 -1.21978 5.26987
v 9.80822 -2.39157 5.46349
v 9.28182 -3.49864 5.63658
v 8.61650 -4.52701 5.78676
v 7.82703 -5.46536 5.91206
v 6.92816 -6.30463 6.01094
v 5.93420 -7.03757 6.08223
v 4.85877 -7.65823 6.12513
v 3.71490 -8.16139 6.13917
v 2.51525 -8.54222 6.12420
v 1.27254 -8.79595 6.08038
v 0.00000 -8.91782 6.00820
v -1.28806 -8.90324 5.90845
v -2.57587 -8.74808 5.78233
v -3.84592 -8.44923 5.63139
v -5.07890 -8.00519 5.45760
v -6.25390 -7.41671 5.26337
v -7.34883 -6.68743 5.05152
v -8.34112 -5.82434 4.82532
v -9.20855 -4.83807 4.58840
v -9.93015 -3.74302 4.34476
v -10.48723 -2.55714 4.09863
v -10.86418 -1.30157 3.85443
v -11.04929 -0.00000 3.61666
v -10.86418 1.30157 3.85443
v -10.48723 2.55714 4.09863
v -9.93015 3.74302 4.34476
v -9.20855 4.83807 4.58840
v -8.34112 5.82434 4.82532
v -7.34883 6.68743 5.05152
v -6.25390 7.41671 5.26337
v -5.07890 8.00519 5.45760
v -3.84592 8.44923 5.63139
v -2.57587 8.74808 5.78233
v -1.28806 8.90324 5.90845
v -0.00000 8.91782 6.00820
v 1.27254 8.79595 6.08038
v 2.51525 8.54222 6.12420
v 3.71490 8.16139 6.13917
v 4.85877 7.65823 6.12513
v 5.93420 7.03757 6.08223
v 6.92816 6.30463 6.01094
v 7.82703 5.46536 5.91206
v 8.61650 4.52701 5.78676
v 9.28182 3.49864 5.63658
v 9.80822 2.39157 5.46349
v 10.18152 1.21978 5.26987
v 10.90334 -0.00000 3.98887
v 10.70625 -1.28265 4.23308
v 10.33161 -2.51919 4.45724
v 9.79205 -3.69096 4.65796
v 9.10202 -4.78210 4.83234
v 8.27696 -5.77953 4.97802
v 7.33258 -6.67265 5.09308
v 6.28437 -7.45285 5.17611
v 5.14733 -8.11305 5.22610
v 3.93599 -8.64711 5.24246
v 2.66461 -9.04947 5.22502
v 1.34761 -9.31484 5.17396
v 0.00000 -9.43816 5.08990
v -1.36206 -9.41474 4.97383
v -2.72091 -9.24065 4.82720
v -4.05714 -8.91328 4.65193
v -5.34964 -8.43192 4.45042
v -6.57582 -7.79849 4.22557
v -7.71219 -7.01810 3.98078
v -8.73515 -6.09947 3.71992
v -9.62187 -5.05522 3.44731
v -10.35135 -3.90178 3.16760
v -10.90537 -2.65910 2.88572
v -11.26937 -1.35011 2.60674
v -11.43309 -0.00000 2.33576
v -11.26937 1.35011 2.60674
v -10.90537 2.65910 2.88572
v -10.35135 3.90178 3.16760
v -9.62187 5.05522 3.44731
v -8.73515 6.09947 3.71992
v -7.71219 7.01810 3.98078
v -6.57582 7.79849 4.22557
v -5.34964 8.43192 4.45042
v -4.05714 8.91328 4.65193
v -2.72091 9.24065 4.82720
v -1.36206 9.41474 4.97383
v -0.00000 9.43816 5.08990
v 1.34761 9.31484 5.17396
v 2.66461 9.04947 5.22502
v 3.93599 8.64711 5.24246
v 5.14733 8.11305 5.22610
v 6.28437 7.45285 5.17611
v 7.33258 6.67265 5.09308
v 8.27696 5.77953 4.97802
v 9.10202 4.78210 4.83234
v 9.79205 3.69096 4.65796
v 10.33161 2.51919 4.45724
v 10.70625 1.28265 4.23308
v 11.29352 -0.00000 2.87377
v 11.11393 -1.33149 3.15002
v 10.74635 -2.62032 3.40412
v 10.20292 -3.84583 3.63207
v 9.49809 -4.99019 3.83044
v 8.64773 -6.03843 3.99638
v 7.66840 -6.97824 4.12759
v 6.57669 -7.79952 4.22234
v 5.38897 -8.49391 4.27942
v 4.12132 -9.05426 4.29812
v 2.78968 -9.47422 4.27819
v 1.41027 -9.74796 4.21989
v 0.00000 -9.87015 4.12395
v -1.42302 -9.83614 3.99160
v -2.83918 -9.64233 3.82459
v -4.22716 -9.28680 3.62523
v -5.56406 -8.76988 3.39638
v -6.82576 -8.09490 3.14151
v -7.98758 -7.26870 2.86462
v -9.02519 -6.30200 2.57025
v -9.91560 -5.20955 2.26337
v -10.63824 -4.00992 1.94935
v -11.17594 -2.72507 1.63376
v -11.51576 -1.37963 1.32231
v -11.64951 -0.00000 1.02067
v -11.51576 1.37963 1.32231
v -11.17594 2.72507 1.63376
v -10.63824 4.00992 1.94935
v -9.91560 5.20955 2.26337
v -9.02519 6.30200 2.57025
v -7.98758 7.26870 2.86462
v -6.82576 8.09490 3.14151
v -5.56406 8.76988 3.39638
v -4.22716 9.28680 3.62523
v -2.83918 9.64233 3.82459
v -1.42302 9.83614 3.99160
v -0.00000 9.87015 4.12395
v 1.41027 9.74796 4.21989
v 2.78968 9.47422 4.27819
v 4.12132 9.05426 4.29812
v 5.38897 8.49391 4.27942
v 6.57669 7.79952 4.22234
v 7.66840 6.97824 4.12759
v 8.64773 6.03843 3.99638
v 9.49809 4.99019 3.83044
v 10.20292 3.84583 3.63207
v 10.74635 2.62032 3.40412
v 11.11393 1.33149 3.15002
v 11.55503 -0.00000 1.72592
v 11.40009 -1.36577 2.03252
v 11.04809 -2.69390 2.31520
v 10.51028 -3.96168 2.56934
v 9.80082 -5.14924 2.79090
v 8.93582 -6.23959 2.97652
v 7.93248 -7.21856 3.12349
v 6.80847 -8.07440 3.22971
v 5.58149 -8.79736 3.29374
v 4.26920 -9.37915 3.31472
v 2.88931 -9.81258 3.29236
v 1.45994 -10.09130 3.22696
v 0.00000 -10.20975 3.11941
v -1.47037 -10.16341 2.97118
v -2.92953 -9.94917 2.78436
v -4.35425 -9.56599 2.56170
v -5.71990 -9.01551 2.30658
v -7.00097 -8.30270 2.02306
v -8.17185 -7.43638 1.71579
v -9.20780 -6.42951 1.38997
v -10.08610 -5.29912 1.05131
v -10.78711 -4.06603 0.70580
v -11.29529 -2.75417 0.35970
v -11.59989 -1.38971 0.01926
v -11.69537 -0.00000 -0.30936
v -11.59989 1.38971 0.01926
v -11.29529 2.75417 0.35970
v -10.78711 4.06603 0.70580
v -10.08610 5.29912 1.05131
v -9.20780 6.42951 1.38997
v -8.17185 7.43638 1.71579
v -7.00097 8.30270 2.02306
v -5.71990 9.01551 2.30658
v -4.35425 9.56599 2.56170
v -2.92953 9.94917 2.78436
v -1.47037 10.16341 2.97118
v -0.00000 10.20975 3.11941
v 1.45994 10.09130 3.22696
v 2.88931 9.81258 3.29236
v 4.26920 9.37915 3.31472
v 5.58149 8.79736 3.29374
v 6.80847 8.07440 3.22971
v 7.93248 7.21856 3.12349
v 8.93582 6.23959 2.97652
v 9.80082 5.14924 2.79090
v 10.51028 3.96168 2.56934
v 11.04809 2.69390 2.31520
v 11.40009 1.36577 2.03252
v 11.68491 -0.00000 0.55842
v 11.56162 -1.38513 0.89279
v 11.23364 -2.73914 1.20194
v 10.71100 -4.03734 1.48053
v 10.00724 -5.25769 1.72393
v 9.13846 -6.38109 1.92821
v 8.12237 -7.39135 2.09017
v 6.97758 -8.27495 2.20735
v 5.72313 -9.02061 2.27804
v 4.37829 -9.61881 2.30120
v 2.96260 -10.06148 2.27651
v 1.49617 -10.34172 2.20432
v 0.00000 -10.45379 2.08567
v -1.50365 -10.39342 1.92232
v -2.99106 -10.15815 1.71674
v -4.43710 -9.74802 1.47215
v -5.81551 -9.16621 1.19250
v -7.09954 -8.41960 0.88246
v -8.26290 -7.51924 0.54738
v -9.28080 -6.48048 0.19316
v -10.13123 -5.32284 -0.17383
v -10.79602 -4.06939 -0.54690
v -11.26179 -2.74600 -0.91924
v -11.52057 -1.38021 -1.28407
v -11.57001 -0.00000 -1.63486
v -11.52057 1.38021 -1.28407
v -11.26179 2.74600 -0.91924
v -10.79602 4.06939 -0.54690
v -10.13123 5.32284 -0.17383
v -9.28080 6.48048 0.19316
v -8.26290 7.51924 0.54738
v -7.09954 8.41960 0.88246
v -5.81551 9.16621 1.19250
v -4.43710 9.74802 1.47215
v -2.99106 10.15815 1.71674
v -1.50365 10.39342 1.92232
v -0.00000 10.45379 2.08567
v 1.49617 10.34172 2.20432
v 2.96260 10.06148 2.27651
v 4.37829 9.61881 2.30120
v 5.72313 9.02061 2.27804
v 6.97758 8.27495 2.20735
v 8.12237 7.39135 2.09017
v 9.13846 6.38109 1.92821
v 10.00724 5.25769 1.72393
v 10.71100 4.03734 1.48053
v 11.23364 2.73914 1.20194
v 11.56162 1.38513 0.89279
v 0.27247 -0.00000 10.24280
v 0.27014 -0.03236 10.24280
v 0.26319 -0.06417 10.24280
v 0.25173 -0.09489 10.24280
v 0.23597 -0.12397 10.24280
v 0.21617 -0.15094 10.24280
v 0.19267 -0.17533 10.24280
v 0.16587 -0.19671 10.24280
v 0.13624 -0.21473 10.24280
v 0.10427 -0.22908 10.24280
v 0.07052 -0.23950 10.24280
v 0.03556 -0.24583 10.24280
v 0.00000 -0.24795 10.24280
v -0.03556 -0.24583 10.24280
v -0.07052 -0.23950 10.24280
v -0.10427 -0.22908 10.24280
v -0.13624 -0.21473 10.24280
v -0.16587 -0.19671 10.24280
v -0.19267 -0.17533 10.24280
v -0.21617 -0.15094 10.24280
v -0.23597 -0.12397 10.24280
v -0.25173 -0.09489 10.24280
v -0.26319 -0.06417 10.24280
v -0.27014 -0.03236 10.24280
v -0.27247 -0.00000 10.24280
v -0.27014 0.03236 10.24280
v -0.26319 0.06417 10.24280
v -0.25173 0.09489 10.24280
v -0.23597 0.12397 10.24280
v -0.21617 0.15094 10.24280
v -0.19267 0.17533 10.24280
v -0.16587 0.19671 10.24280
v -0.13624 0.21473 10.24280
v -0.10427 0.22908 10.24280
v -0.07052 0.23950 10.24280
v -0.03556 0.24583 10.24280
v -0.00000 0.24795 10.24280
v 0.03556 0.24583 10.24280
v 0.07052 0.23950 10.24280
v 0.10427 0.22908 10.24280
v 0.13624 0.21473 10.24280
v 0.16587 0.19671 10.24280
v 0.19267 0.17533 10.24280
v 0.21617 0.15094 10.24280
v 0.23597 0.12397 10.24280
v 0.25173 0.09489 10.24280
v 0.26319 0.06417 10.24280
v 0.27014 0.03236 10.24280
v 1.43231 -0.00000 10.15716
v 1.39674 -0.16733 10.16006
v 1.33972 -0.32667 10.16271
v 1.26320 -0.47614 10.16507
v 1.16913 -0.61425 10.16711
v 1.05947 -0.73980 10.16881
v 0.93611 -0.85186 10.17015
v 0.80081 -0.94970 10.17111
v 0.65520 -1.03270 10.17169
v 0.50083 -1.10029 10.17188
v 0.33918 -1.15192 10.17168
v 0.17173 -1.18703 10.17109
v 0.00000 -1.20501 10.17011
v -0.17436 -1.20523 10.16876
v -0.34954 -1.18708 10.16705
v -0.52346 -1.15001 10.16500
v -0.69383 -1.09358 10.16263
v -0.85806 -1.01760 10.15997
v -1.01334 -0.92214 10.15706
v -1.15667 -0.80767 10.15393
v -1.28492 -0.67508 10.15064
v -1.39494 -0.52580 10.14722
v -1.48369 -0.36177 10.14375
v -1.54837 -0.18550 10.14029
v -1.58652 -0.00000 10.13689
v -1.54837 0.18550 10.14029
v -1.48369 0.36177 10.14375
v -1.39494 0.52580 10.14722
v -1.28492 0.67508 10.15064
v -1.15667 0.80767 10.15393
v -1.01334 0.92214 10.15706
v -0.85806 1.01760 10.15997
v -0.69383 1.09358 10.16263
v -0.52346 1.15001 10.16500
v -0.34954 1.18708 10.16705
v -0.17436 1.20523 10.16876
v -0.00000 1.20501 10.17011
v 0.17173 1.18703 10.17109
v 0.33918 1.15192 10.17168
v 0.50083 1.10029 10.17188
v 0.65520 1.03270 10.17169
v 0.80081 0.94970 10.17111
v 0.93611 0.85186 10.17015
v 1.05947 0.73980 10.16881
v 1.16913 0.61425 10.16711
v 1.26320 0.47614 10.16507
v 1.33972 0.32667 10.16271
v 1.39674 0.16733 10.16006
v 2.57583 -0.00000 9.95580
v 2.50806 -0.30048 9.96624
v 2.40217 -0.58573 9.97575
v 2.26184 -0.85257 9.98421
v 2.09080 -1.09848 9.99152
v 1.89265 -1.32158 9.99759
v 1.67080 -1.52043 10.00236
v 1.42837 -1.69395 10.00580
v 1.16818 -1.84125 10.00786
v 0.89284 -1.96150 10.00854
v 0.60475 -2.05384 10.00782
v 0.30632 -2.11730 10.00571
v 0.00000 -2.15079 10.00223
v -0.31150 -2.15310 9.99741
v -0.62511 -2.12299 9.99130
v -0.93733 -2.05926 9.98396
v -1.24411 -1.96092 9.97547
v -1.54085 -1.82735 9.96592
v -1.82246 -1.65844 9.95545
v -2.08341 -1.45478 9.94419
v -2.31790 -1.21780 9.93231
v -2.52005 -0.94989 9.91999
v -2.68412 -0.65448 9.90745
v -2.80478 -0.33602 9.89489
v -2.87735 -0.00000 9.88256
v -2.80478 0.33602 9.89489
v -2.68412 0.65448 9.90745
v -2.52005 0.94989 9.91999
v -2.31790 1.21780 9.93231
v -2.08341 1.45478 9.94419
v -1.82246 1.65844 9.95545
v -1.54085 1.82735 9.96592
v -1.24411 1.96092 9.97547
v -0.93733 2.05926 9.98396
v -0.62511 2.12299 9.99130
v -0.31150 2.15310 9.99741
v -0.00000 2.15079 10.00223
v 0.30632 2.11730 10.00571
v 0.60475 2.05384 10.00782
v 0.89284 1.96150 10.00854
v 1.16818 1.84125 10.00786
v 1.42837 1.69395 10.00580
v 1.67080 1.52043 10.00236
v 1.89265 1.32158 9.99759
v 2.09080 1.09848 9.99152
v 2.26184 0.85257 9.98421
v 2.40217 0.58573 9.97575
v 2.50806 0.30048 9.96624
v 3.69001 -0.00000 9.64102
v 3.59197 -0.43033 9.66346
v 3.43936 -0.83863 9.68389
v 3.23754 -1.22034 9.70205
v 2.99192 -1.57192 9.71773
v 2.70773 -1.89072 9.73076
v 2.38986 -2.17478 9.74101
v 2.04278 -2.42261 9.74838
v 1.67052 -2.63302 9.75281
v 1.27673 -2.80490 9.75425
v 0.86481 -2.93703 9.75271
v 0.43808 -3.02807 9.74819
v 0.00000 -3.07644 9.74073
v -0.44565 -3.08037 9.73039
v -0.89454 -3.03801 9.71727
v -1.34169 -2.94759 9.70151
v -1.78130 -2.80762 9.68327
v -2.20678 -2.61710 9.66278
v -2.61079 -2.37582 9.64027
v -2.98535 -2.08457 9.61608
v -3.32208 -1.74538 9.59054
v -3.61247 -1.36166 9.56406
v -3.84823 -0.93833 9.53708
v -4.02167 -0.48181 9.51008
v -4.12604 -0.00000 9.48356
v -4.02167 0.48181 9.51008
v -3.84823 0.93833 9.53708
v -3.61247 1.36166 9.56406
v -3.32208 1.74538 9.59054
v -2.98535 2.08457 9.61608
v -2.61079 2.37582 9.64027
v -2.20678 2.61710 9.66278
v -1.78130 2.80762 9.68327
v -1.34169 2.94759 9.70151
v -0.89454 3.03801 9.71727
v -0.44565 3.08037 9.73039
v -0.00000 3.07644 9.74073
v 0.43808 3.02807 9.74819
v 0.86481 2.93703 9.75271
v 1.27673 2.80490 9.75425
v 1.67052 2.63302 9.75281
v 2.04278 2.42261 9.74838
v 2.38986 2.17478 9.74101
v 2.70773 1.89072 9.73076
v 2.99192 1.57192 9.71773
v 3.23754 1.22034 9.70205
v 3.43936 0.83863 9.68389
v 3.59197 0.43033 9.66346
v 4.76215 -0.00000 9.21641
v 4.63660 -0.55548 9.25503
v 4.44038 -1.08271 9.29020
v 4.18039 -1.57573 9.32146
v 3.86364 -2.02992 9.34846
v 3.49692 -2.44178 9.37089
v 3.08657 -2.80878 9.38853
v 2.63840 -3.12897 9.40123
v 2.15764 -3.40079 9.40885
v 1.64903 -3.62280 9.41135
v 1.11698 -3.79345 9.40869
v 0.56581 -3.91096 9.40090
v 0.00000 -3.97329 9.38805
v -0.57553 -3.97815 9.37025
v -1.15517 -3.92315 9.34766
v -1.73241 -3.80599 9.32053
v -2.29973 -3.62475 9.28913
v -2.84855 -3.37820 9.25385
v -3.36934 -3.06610 9.21512
v -3.85175 -2.68955 9.17349
v -4.28496 -2.25127 9.12956
v -4.65802 -1.75577 9.08403
v -4.96027 -1.20948 9.03766
v -5.18189 -0.62081 8.99126
v -5.31434 -0.00000 8.94571
v -5.18189 0.62081 8.99126
v -4.96027 1.20948 9.03766
v -4.65802 1.75577 9.08403
v -4.28496 2.25127 9.12956
v -3.85175 2.68955 9.17349
v -3.36934 3.06610 9.21512
v -2.84855 3.37820 9.25385
v -2.29973 3.62475 9.28913
v -1.73241 3.80599 9.32053
v -1.15517 3.92315 9.34766
v -0.57553 3.97815 9.37025
v -0.00000 3.97329 9.38805
v 0.56581 3.91096 9.40090
v 1.11698 3.79345 9.40869
v 1.64903 3.62280 9.41135
v 2.15764 3.40079 9.40885
v 2.63840 3.12897 9.40123
v 3.08657 2.80878 9.38853
v 3.49692 2.44178 9.37089
v 3.86364 2.02992 9.34846
v 4.18039 1.57573 9.32146
v 4.44038 1.08271 9.29020
v 4.63660 0.55548 9.25503
v 5.78003 -0.00000 8.68680
v 5.63054 -0.67456 8.74541
v 5.39470 -1.31541 8.79881
v 5.08083 -1.91514 8.84629
v 4.69740 -2.46796 8.88731
v 4.25267 -2.96950 8.92141
v 3.75440 -3.41650 8.94824
v 3.20972 -3.80652 8.96754
v 2.62508 -4.13756 8.97913
v 2.00634 -4.40779 8.98292
v 1.35897 -4.61528 8.97888
v 0.68833 -4.75783 8.96704
v 0.00000 -4.83295 8.94749
v -0.69991 -4.83787 8.92043
v -1.40444 -4.76970 8.88611
v -2.10554 -4.62573 8.84487
v -2.79395 -4.40372 8.79719
v -3.45914 -4.10231 8.74362
v -4.08944 -3.72139 8.68485
v -4.67230 -3.26252 8.62171
v -5.19459 -2.72918 8.55512
v -5.64313 -2.12709 8.48614
v -6.00519 -1.46427 8.41594
v -6.26910 -0.75106 8.34576
v -6.42482 -0.00000 8.27689
v -6.26910 0.75106 8.34576
v -6.00519 1.46427 8.41594
v -5.64313 2.12709 8.48614
v -5.19459 2.72918 8.55512
v -4.67230 3.26252 8.62171
v -4.08944 3.72139 8.68485
v -3.45914 4.10231 8.74362
v -2.79395 4.40372 8.79719
v -2.10554 4.62573 8.84487
v -1.40444 4.76970 8.88611
v -0.69991 4.83787 8.92043
v -0.00000 4.83295 8.94749
v 0.68833 4.75783 8.96704
v 1.35897 4.61528 8.97888
v 2.00634 4.40779 8.98292
v 2.62508 4.13756 8.97913
v 3.20972 3.80652 8.96754
v 3.75440 3.41650 8.94824
v 4.25267 2.96950 8.92141
v 4.69740 2.46796 8.88731
v 5.08083 1.91514 8.84629
v 5.39470 1.31541 8.79881
v 5.63054 0.67456 8.74541
v 6.73207 -0.00000 8.05823
v 6.56292 -0.78626 8.14018
v 6.29230 -1.53427 8.21489
v 5.92972 -2.23512 8.28137
v 5.48500 -2.88175 8.33884
v 4.96775 -3.46882 8.38662
v 4.38711 -3.99227 8.42423
v 3.75150 -4.44904 8.45130
v 3.06860 -4.83662 8.46756
v 2.34542 -5.15273 8.47288
v 1.58856 -5.39503 8.46721
v 0.80451 -5.56089 8.45060
v 0.00000 -5.64738 8.42319
v -0.81759 -5.65128 8.38525
v -1.63989 -5.56934 8.33714
v -2.45728 -5.39849 8.27938
v -3.25875 -5.13633 8.21262
v -4.03185 -4.78152 8.13767
v -4.76290 -4.33424 8.05550
v -5.43723 -3.79664 7.96729
v -6.03965 -3.17317 7.87434
v -6.55502 -2.47081 7.77815
v -6.96884 -1.69924 7.68035
v -7.26798 -0.87073 7.58266
v -7.44125 -0.00000 7.48690
v -7.26798 0.87073 7.58266
v -6.96884 1.69924 7.68035
v -6.55502 2.47081 7.77815
v -6.03965 3.17317 7.87434
v -5.43723 3.79664 7.96729
v -4.76290 4.33424 8.05550
v -4.03185 4.78152 8.13767
v -3.25875 5.13633 8.21262
v -2.45728 5.39849 8.27938
v -1.63989 5.56934 8.33714
v -0.81759 5.65128 8.38525
v -0.00000 5.64738 8.42319
v 0.80451 5.56089 8.45060
v 1.58856 5.39503 8.46721
v 2.34542 5.15273 8.47288
v 3.06860 4.83662 8.46756
v 3.75150 4.44904 8.45130
v 4.38711 3.99227 8.42423
v 4.96775 3.46882 8.38662
v 5.48500 2.88175 8.33884
v 5.92972 2.23512 8.28137
v 6.29230 1.53427 8.21489
v 6.56292 0.78626 8.14018
v 7.60741 -0.00000 7.33786
v 7.42355 -0.88937 7.44595
v 7.12372 -1.73700 7.54458
v 6.71845 -2.53241 7.63243
v 6.21869 -3.26723 7.70841
v 5.63533 -3.93497 7.77164
v 4.97878 -4.53069 7.82142
v 4.25875 -5.05060 7.85726
v 3.48414 -5.49158 7.87881
v 2.66319 -5.85085 7.88586
v 1.80368 -6.12559 7.87834
v 0.91328 -6.31274 7.85634
v 0.00000 -6.40894 7.82005
v -0.92744 -6.41062 7.76982
v -1.85921 -6.31419 7.70618
v -2.78407 -6.11641 7.62980
v -3.68924 -5.81486 7.54159
v -4.56044 -5.40838 7.44263
v -5.38203 -4.89764 7.33426
v -6.13744 -4.28557 7.21803
v -6.80965 -3.57771 7.09570
v -7.38186 -2.78248 6.96925
v -7.83820 -1.91122 6.84082
v -8.16444 -0.97813 6.71271
v -8.34873 -0.00000 6.58729
v -8.16444 0.97813 6.71271
v -7.83820 1.91122 6.84082
v -7.38186 2.78248 6.96925
v -6.80965 3.57771 7.09570
v -6.13744 4.28557 7.21803
v -5.38203 4.89764 7.33426
v -4.56044 5.40838 7.44263
v -3.68924 5.81486 7.54159
v -2.78407 6.11641 7.62980
v -1.85921 6.31419 7.70618
v -0.92744 6.41062 7.76982
v -0.00000 6.40894 7.82005
v 0.91328 6.31274 7.85634
v 1.80368 6.12559 7.87834
v 2.66319 5.85085 7.88586
v 3.48414 5.49158 7.87881
v 4.25875 5.05060 7.85726
v 4.97878 4.53069 7.82142
v 5.63533 3.93497 7.77164
v 6.21869 3.26723 7.70841
v 6.71845 2.53241 7.63243
v 7.12372 1.73700 7.54458
v 7.42355 0.88937 7.44595
v 8.39609 -0.00000 6.53389
v 8.20301 -0.98275 6.67031
v 7.88023 -1.92147 6.79494
v 7.43901 -2.80402 6.90605
v 6.89127 -3.62060 7.00224
v 6.24902 -4.36349 7.08234
v 5.52388 -5.02673 7.14545
v 4.72679 -5.60567 7.19090
v 3.86793 -6.09649 7.21823
v 2.95676 -6.49582 7.22718
v 2.00235 -6.80030 7.21764
v 1.01364 -7.00645 7.18973
v 0.00000 -7.11052 7.14371
v -1.02842 -7.10861 7.08004
v -2.06025 -6.99694 6.99941
v -3.08258 -6.77222 6.90273
v -4.08089 -6.43216 6.79115
v -5.03909 -5.97604 6.66612
v -5.93975 -5.40518 6.52936
v -6.76458 -4.72349 6.38284
v -7.49501 -3.93779 6.22886
v -8.11293 -3.05804 6.06992
v -8.60150 -2.09733 5.90873
v -8.94587 -1.07175 5.74819
v -9.13398 -0.00000 5.59125
v -8.94587 1.07175 5.74819
v -8.60150 2.09733 5.90873
v -8.11293 3.05804 6.06992
v -7.49501 3.93779 6.22886
v -6.76458 4.72349 6.38284
v -5.93975 5.40518 6.52936
v -5.03909 5.97604 6.66612
v -4.08089 6.43216 6.79115
v -3.08258 6.77222 6.90273
v -2.06025 6.99694 6.99941
v -1.02842 7.10861 7.08004
v -0.00000 7.11052 7.14371
v 1.01364 7.00645 7.18973
v 2.00235 6.80030 7.21764
v 2.95676 6.49582 7.22718
v 3.86793 6.09649 7.21823
v 4.72679 5.60567 7.19090
v 5.52388 5.02673 7.14545
v 6.24902 4.36349 7.08234
v 6.89127 3.62060 7.00224
v 7.43901 2.80402 6.90605
v 7.88023 1.92147 6.79494
v 8.20301 0.98275 6.67031
v 9.08912 -0.00000 5.65548
v 8.89279 -1.06539 5.82175
v 8.55388 -2.08572 5.97384
v 8.08410 -3.04718 6.10961
v 7.49614 -3.93839 6.22726
v 6.80296 -4.75029 6.32532
v 6.01731 -5.47575 6.40264
v 5.15132 -6.10914 6.45835
v 4.21645 -6.64583 6.49186
v 3.22347 -7.08175 6.50283
v 2.18276 -7.41301 6.49114
v 1.10467 -7.63564 6.45691
v 0.00000 -7.74554 6.40050
v -1.11956 -7.73857 6.32250
v -2.24101 -7.61086 6.22379
v -3.34977 -7.35923 6.10554
v -4.42958 -6.98175 5.96922
v -5.46259 -6.47827 5.81664
v -6.42972 -5.85105 5.64996
v -7.31120 -5.10517 5.47168
v -8.08721 -4.24893 5.28460
v -8.73874 -3.29393 5.09183
v -9.24840 -2.25507 4.89669
v -9.60124 -1.15027 4.70266
v -9.78551 -0.00000 4.51334
v -9.60124 1.15027 4.70266
v -9.24840 2.25507 4.89669
v -8.73874 3.29393 5.09183
v -8.08721 4.24893 5.28460
v -7.31120 5.10517 5.47168
v -6.42972 5.85105 5.64996
v -5.46259 6.47827 5.81664
v -4.42958 6.98175 5.96922
v -3.34977 7.35923 6.10554
v -2.24101 7.61086 6.22379
v -1.11956 7.73857 6.32250
v -0.00000 7.74554 6.40050
v 1.10467 7.63564 6.45691
v 2.18276 7.41301 6.49114
v 3.22347 7.08175 6.50283
v 4.21645 6.64583 6.49186
v 5.15132 6.10914 6.45835
v 6.01731 5.47575 6.40264
v 6.80296 4.75029 6.32532
v 7.49614 3.93839 6.22726
v 8.08410 3.04718 6.10961
v 8.55388 2.08572 5.97384
v 8.89279 1.06539 5.82175
v 9.67860 -0.00000 4.71265
v 9.48535 -1.13638 4.90953
v 9.13757 -2.22805 5.08992
v 8.64717 -3.25941 5.25117
v 8.02734 -4.21747 5.39108
v 7.29185 -5.09166 5.50781
v 6.45444 -5.87354 5.59993
v 5.52844 -6.55637 5.66635
v 4.52654 -7.13459 5.70632
v 3.46089 -7.60335 5.71940
v 2.34327 -7.95814 5.70545
v 1.18553 -8.19452 5.66463
v 0.00000 -8.30806 5.59738
v -1.19999 -8.29447 5.50446
v -2.39974 -8.14992 5.38696
v -3.58295 -7.87150 5.24634
v -4.73162 -7.45782 5.08443
v -5.82628 -6.90959 4.90348
v -6.84634 -6.23017 4.70612
v -7.77079 -5.42609 4.49538
v -8.57890 -4.50726 4.27467
v -9.25117 -3.48708 4.04768
v -9.77015 -2.38229 3.81838
v -10.12133 -1.21257 3.59088
v -10.29378 -0.00000 3.36936
v -10.12133 1.21257 3.59088
v -9.77015 2.38229 3.81838
v -9.25117 3.48708 4.04768
v -8.57890 4.50726 4.27467
v -7.77079 5.42609 4.49538
v -6.84634 6.23017 4.70612
v -5.82628 6.90959 4.90348
v -4.73162 7.45782 5.08443
v -3.58295 7.87150 5.24634
v -2.39974 8.14992 5.38696
v -1.19999 8.29447 5.50446
v -0.00000 8.30806 5.59738
v 1.18553 8.19452 5.66463
v 2.34327 7.95814 5.70545
v 3.46089 7.60335 5.71940
v 4.52654 7.13459 5.70632
v 5.52844 6.55637 5.66635
v 6.45444 5.87354 5.59993
v 7.29185 5.09166 5.50781
v 8.02734 4.21747 5.39108
v 8.64717 3.25941 5.25117
v 9.13757 2.22805 5.08992
v 9.48535 1.13638 4.90953
v 10.15781 -0.00000 3.71613
v 9.97420 -1.19495 3.94364
v 9.62517 -2.34694 4.15247
v 9.12250 -3.43859 4.33946
v 8.47966 -4.45512 4.50193
v 7.71101 -5.38435 4.63764
v 6.83120 -6.21640 4.74484
v 5.85467 -6.94325 4.82219
v 4.79538 -7.55831 4.86876
v 3.66686 -8.05586 4.88400
v 2.48242 -8.43071 4.86775
v 1.25546 -8.67793 4.82019
v 0.00000 -8.79281 4.74187
v -1.26893 -8.77099 4.63374
v -2.53486 -8.60881 4.49714
v -3.77973 -8.30382 4.33385
v -4.98385 -7.85538 4.14612
v -6.12619 -7.26526 3.93664
v -7.18486 -6.53823 3.70859
v -8.13788 -5.68241 3.46557
v -8.96396 -4.70957 3.21160
v -9.64356 -3.63499 2.95101
v -10.15970 -2.47728 2.68840
v -10.49881 -1.25780 2.42850
v -10.65134 -0.00000 2.17605
v -10.49881 1.25780 2.42850
v -10.15970 2.47728 2.68840
v -9.64356 3.63499 2.95101
v -8.96396 4.70957 3.21160
v -8.13788 5.68241 3.46557
v -7.18486 6.53823 3.70859
v -6.12619 7.26526 3.93664
v -4.98385 7.85538 4.14612
v -3.77973 8.30382 4.33385
v -2.53486 8.60881 4.49714
v -1.26893 8.77099 4.63374
v -0.00000 8.79281 4.74187
v 1.25546 8.67793 4.82019
v 2.48242 8.43071 4.86775
v 3.66686 8.05586 4.88400
v 4.79538 7.55831 4.86876
v 5.85467 6.94325 4.82219
v 6.83120 6.21640 4.74484
v 7.71101 5.38435 4.63764
v 8.47966 4.45512 4.50193
v 9.12250 3.43859 4.33946
v 9.62517 2.34694 4.15247
v 9.97420 1.19495 3.94364
v 10.52131 -0.00000 2.67727
v 10.35400 -1.24045 2.93463
v 10.01156 -2.44116 3.17136
v 9.50528 -3.58287 3.38372
v 8.84864 -4.64898 3.56853
v 8.05644 -5.62555 3.72312
v 7.14406 -6.50110 3.84536
v 6.12700 -7.26622 3.93364
v 5.02049 -7.91313 3.98681
v 3.83952 -8.43517 4.00423
v 2.59893 -8.82641 3.98566
v 1.31384 -9.08143 3.93135
v 0.00000 -9.19527 3.84197
v -1.32572 -9.16358 3.71867
v -2.64505 -8.98303 3.56308
v -3.93813 -8.65180 3.37735
v -5.18361 -8.17023 3.16415
v -6.35904 -7.54141 2.92671
v -7.44142 -6.77169 2.66875
v -8.40809 -5.87109 2.39450
v -9.23761 -4.85334 2.10861
v -9.91084 -3.73574 1.81606
v -10.41177 -2.53874 1.52205
v -10.72835 -1.28530 1.23190
v -10.85296 -0.00000 0.95088
v -10.72835 1.28530 1.23190
v -10.41177 2.53874 1.52205
v -9.91084 3.73574 1.81606
v -9.23761 4.85334 2.10861
v -8.40809 5.87109 2.39450
v -7.44142 6.77169 2.66875
v -6.35904 7.54141 2.92671
v -5.18361 8.17023 3.16415
v -3.93813 8.65180 3.37735
v -2.64505 8.98303 3.56308
v -1.32572 9.16358 3.71867
v -0.00000 9.19527 3.84197
v 1.31384 9.08143 3.93135
v 2.59893 8.82641 3.98566
v 3.83952 8.43517 4.00423
v 5.02049 7.91313 3.98681
v 6.12700 7.26622 3.93364
v 7.14406 6.50110 3.84536
v 8.05644 5.62555 3.72312
v 8.84864 4.64898 3.56853
v 9.50528 3.58287 3.38372
v 10.01156 2.44116 3.17136
v 10.35400 1.24045 2.93463
v 10.76494 -0.00000 1.60791
v 10.62060 -1.27239 1.89354
v 10.29266 -2.50970 2.15690
v 9.79163 -3.69080 2.39365
v 9.13068 -4.79716 2.60007
v 8.32482 -5.81295 2.77300
v 7.39009 -6.72498 2.90992
v 6.34293 -7.52231 3.00888
v 5.19985 -8.19583 3.06853
v 3.97729 -8.73784 3.08807
v 2.69175 -9.14164 3.06724
v 1.36011 -9.40130 3.00632
v 0.00000 -9.51165 2.90612
v -1.36983 -9.46847 2.76802
v -2.72922 -9.26889 2.59398
v -4.05652 -8.91191 2.38654
v -5.32879 -8.39906 2.14887
v -6.52227 -7.73499 1.88473
v -7.61309 -6.92791 1.59847
v -8.57821 -5.98989 1.29493
v -9.39645 -4.93679 0.97942
v -10.04953 -3.78801 0.65754
v -10.52296 -2.56585 0.33510
v -10.80673 -1.29469 0.01794
v -10.89569 -0.00000 -0.28820
v -10.80673 1.29469 0.01794
v -10.52296 2.56585 0.33510
v -10.04953 3.78801 0.65754
v -9.39645 4.93679 0.97942
v -8.57821 5.98989 1.29493
v -7.61309 6.92791 1.59847
v -6.52227 7.73499 1.88473
v -5.32879 8.39906 2.14887
v -4.05652 8.91191 2.38654
v -2.72922 9.26889 2.59398
v -1.36983 9.46847 2.76802
v -0.00000 9.51165 2.90612
v 1.36011 9.40130 3.00632
v 2.69175 9.14164 3.06724
v 3.97729 8.73784 3.08807
v 5.19985 8.19583 3.06853
v 6.34293 7.52231 3.00888
v 7.39009 6.72498 2.90992
v 8.32482 5.81295 2.77300
v 9.13068 4.79716 2.60007
v 9.79163 3.69080 2.39365
v 10.29266 2.50970 2.15690
v 10.62060 1.27239 1.89354
v 10.88594 -0.00000 0.52024
v 10.77108 -1.29042 0.83175
v 10.46553 -2.55185 1.11975
v 9.97862 -3.76129 1.37930
v 9.32299 -4.89819 1.60606
v 8.51361 -5.94478 1.79637
v 7.56699 -6.88596 1.94725
v 6.50048 -7.70915 2.05642
v 5.33181 -8.40381 2.12227
v 4.07892 -8.96111 2.14385
v 2.76003 -9.37352 2.12085
v 1.39387 -9.63459 2.05359
v 0.00000 -9.73901 1.94306
v -1.40083 -9.68276 1.79088
v -2.78655 -9.46357 1.59936
v -4.13371 -9.08149 1.37149
v -5.41787 -8.53946 1.11096
v -6.61410 -7.84390 0.82213
v -7.69791 -7.00510 0.50995
v -8.64622 -6.03737 0.17995
v -9.43850 -4.95888 -0.16194
v -10.05783 -3.79114 -0.50950
v -10.49175 -2.55824 -0.85638
v -10.73284 -1.28583 -1.19627
v -10.77890 -0.00000 -1.52308
v -10.73284 1.28583 -1.19627
v -10.49175 2.55824 -0.85638
v -10.05783 3.79114 -0.50950
v -9.43850 4.95888 -0.16194
v -8.64622 6.03737 0.17995
v -7.69791 7.00510 0.50995
v -6.61410 7.84390 0.82213
v -5.41787 8.53946 1.11096
v -4.13371 9.08149 1.37149
v -2.78655 9.46357 1.59936
v -1.40083 9.68276 1.79088
v -0.00000 9.73901 1.94306
v 1.39387 9.63459 2.05359
v 2.76003 9.37352 2.12085
v 4.07892 8.96111 2.14385
v 5.33181 8.40381 2.12227
v 6.50048 7.70915 2.05642
v 7.56699 6.88596 1.94725
v 8.51361 5.94478 1.79637
v 9.32299 4.89819 1.60606
v 9.97862 3.76129 1.37930
v 10.46553 2.55185 1.11975
v 10.77108 1.29042 0.83175
vt 0.00000 0.38481
vt 0.00122 0.38481
vt 0.00241 0.38481
vt 0.00356 0.38481
vt 0.00466 0.38481
vt 0.00567 0.38481
vt 0.00659 0.38481
vt 0.00739 0.38481
vt 0.00807 0.38481
vt 0.00861 0.38481
vt 0.00900 0.38481
vt 0.00924 0.38481
vt 0.00932 0.38481
vt 0.00924 0.38481
vt 0.00900 0.38481
vt 0.00861 0.38481
vt 0.00807 0.38481
vt 0.00739 0.38481
vt 0.00659 0.38481
vt 0.00567 0.38481
vt 0.00466 0.38481
vt 0.00356 0.38481
vt 0.00241 0.38481
vt 0.00122 0.38481
vt 0.00000 0.38481
vt -0.00122 0.38481
vt -0.00241 0.38481
vt -0.00356 0.38481
vt -0.00466 0.38481
vt -0.00567 0.38481
vt -0.00659 0.38481
vt -0.00739 0.38481
vt -0.00807 0.38481
vt -0.00861 0.38481
vt -0.00900 0.38481
vt -0.00924 0.38481
vt -0.00932 0.38481
vt -0.00924 0.38481
vt -0.00900 0.38481
vt -0.00861 0.38481
vt -0.00807 0.38481
vt -0.00739 0.38481
vt -0.00659 0.38481
vt -0.00567 0.38481
vt -0.00466 0.38481
vt -0.00356 0.38481
vt -0.00241 0.38481
vt -0.00122 0.38481
vt 0.00000 0.38159
vt 0.00629 0.38170
vt 0.01227 0.38180
vt 0.01789 0.38189
vt 0.02308 0.38197
vt 0.02779 0.38203
vt 0.03200 0.38208
vt 0.03568 0.38212
vt 0.03880 0.38214
vt 0.04134 0.38215
vt 0.04328 0.38214
vt 0.04460 0.38212
vt 0.04527 0.38208
vt 0.04528 0.38203
vt 0.04460 0.38196
vt 0.04320 0.38189
vt 0.04108 0.38180
vt 0.03823 0.38170
vt 0.03464 0.38159
vt 0.03034 0.38147
vt 0.02536 0.38135
vt 0.01975 0.38122
vt 0.01359 0.38109
vt 0.00697 0.38096
vt 0.00000 0.38083
vt -0.00697 0.38096
vt -0.01359 0.38109
vt -0.01975 0.38122
vt -0.02536 0.38135
vt -0.03034 0.38147
vt -0.03464 0.38159
vt -0.03823 0.38170
vt -0.04108 0.38180
vt -0.04320 0.38189
vt -0.04460 0.38196
vt -0.04528 0.38203
vt -0.04527 0.38208
vt -0.04460 0.38212
vt -0.04328 0.38214
vt -0.04134 0.38215
vt -0.03880 0.38214
vt -0.03568 0.38212
vt -0.03200 0.38208
vt -0.02779 0.38203
vt -0.02308 0.38197
vt -0.01789 0.38189
vt -0.01227 0.38180
vt -0.00629 0.38170
vt 0.00000 0.37403
vt 0.01129 0.37442
vt 0.02201 0.37478
vt 0.03203 0.37509
vt 0.04127 0.37537
vt 0.04965 0.37560
vt 0.05712 0.37578
vt 0.06364 0.37591
vt 0.06917 0.37598
vt 0.07369 0.37601
vt 0.07716 0.37598
vt 0.07954 0.37590
vt 0.08080 0.37577
vt 0.08089 0.37559
vt 0.07976 0.37536
vt 0.07736 0.37509
vt 0.07367 0.37477
vt 0.06865 0.37441
vt 0.06231 0.37401
vt 0.05465 0.37359
vt 0.04575 0.37315
vt 0.03569 0.37268
vt 0.02459 0.37221
vt 0.01262 0.37174
vt 0.00000 0.37128
vt -0.01262 0.37174
vt -0.02459 0.37221
vt -0.03569 0.37268
vt -0.04575 0.37315
vt -0.05465 0.37359
vt -0.06231 0.37401
vt -0.06865 0.37441
vt -0.07367 0.37477
vt -0.07736 0.37509
vt -0.07976 0.37536
vt -0.08089 0.37559
vt -0.08080 0.37577
vt -0.07954 0.37590
vt -0.07716 0.37598
vt -0.07369 0.37601
vt -0.06917 0.37598
vt -0.06364 0.37591
vt -0.05712 0.37578
vt -0.04965 0.37560
vt -0.04127 0.37537
vt -0.03203 0.37509
vt -0.02201 0.37478
vt -0.01129 0.37442
vt 0.00000 0.36220
vt 0.01617 0.36304
vt 0.03151 0.36381
vt 0.04585 0.36449
vt 0.05906 0.36508
vt 0.07103 0.36557
vt 0.08170 0.36596
vt 0.09101 0.36623
vt 0.09892 0.36640
vt 0.10538 0.36646
vt 0.11034 0.36640
vt 0.11376 0.36623
vt 0.11558 0.36595
vt 0.11573 0.36556
vt 0.11413 0.36507
vt 0.11074 0.36447
vt 0.10548 0.36379
vt 0.09832 0.36302
vt 0.08926 0.36217
vt 0.07831 0.36126
vt 0.06557 0.36031
vt 0.05116 0.35931
vt 0.03525 0.35830
vt 0.01810 0.35728
vt 0.00000 0.35629
vt -0.01810 0.35728
vt -0.03525 0.35830
vt -0.05116 0.35931
vt -0.06557 0.36031
vt -0.07831 0.36126
vt -0.08926 0.36217
vt -0.09832 0.36302
vt -0.10548 0.36379
vt -0.11074 0.36447
vt -0.11413 0.36507
vt -0.11573 0.36556
vt -0.11558 0.36595
vt -0.11376 0.36623
vt -0.11034 0.36640
vt -0.10538 0.36646
vt -0.09892 0.36640
vt -0.09101 0.36623
vt -0.08170 0.36596
vt -0.07103 0.36557
vt -0.05906 0.36508
vt -0.04585 0.36449
vt -0.03151 0.36381
vt -0.01617 0.36304
vt 0.00000 0.34625
vt 0.02087 0.34770
vt 0.04068 0.34902
vt 0.05920 0.35020
vt 0.07626 0.35121
vt 0.09173 0.35205
vt 0.10552 0.35272
vt 0.11755 0.35319
vt 0.12776 0.35348
vt 0.13610 0.35357
vt 0.14252 0.35347
vt 0.14693 0.35318
vt 0.14927 0.35270
vt 0.14945 0.35203
vt 0.14739 0.35118
vt 0.14299 0.35016
vt 0.13618 0.34898
vt 0.12691 0.34766
vt 0.11519 0.34620
vt 0.10104 0.34464
vt 0.08458 0.34299
vt 0.06596 0.34128
vt 0.04544 0.33953
vt 0.02332 0.33779
vt 0.00000 0.33608
vt -0.02332 0.33779
vt -0.04544 0.33953
vt -0.06596 0.34128
vt -0.08458 0.34299
vt -0.10104 0.34464
vt -0.11519 0.34620
vt -0.12691 0.34766
vt -0.13618 0.34898
vt -0.14299 0.35016
vt -0.14739 0.35118
vt -0.14945 0.35203
vt -0.14927 0.35270
vt -0.14693 0.35318
vt -0.14252 0.35347
vt -0.13610 0.35357
vt -0.12776 0.35348
vt -0.11755 0.35319
vt -0.10552 0.35272
vt -0.09173 0.35205
vt -0.07626 0.35121
vt -0.05920 0.35020
vt -0.04068 0.34902
vt -0.02087 0.34770
vt 0.00000 0.32635
vt 0.02534 0.32855
vt 0.04942 0.33056
vt 0.07195 0.33234
vt 0.09272 0.33389
vt 0.11156 0.33517
vt 0.12835 0.33617
vt 0.14301 0.33690
vt 0.15544 0.33734
vt 0.16560 0.33748
vt 0.17339 0.33733
vt 0.17875 0.33688
vt 0.18157 0.33615
vt 0.18175 0.33513
vt 0.17919 0.33384
vt 0.17378 0.33229
vt 0.16544 0.33050
vt 0.15412 0.32849
vt 0.13981 0.32628
vt 0.12257 0.32391
vt 0.10253 0.32141
vt 0.07991 0.31881
vt 0.05501 0.31618
vt 0.02822 0.31354
vt 0.00000 0.31095
vt -0.02822 0.31354
vt -0.05501 0.31618
vt -0.07991 0.31881
vt -0.10253 0.32141
vt -0.12257 0.32391
vt -0.13981 0.32628
vt -0.15412 0.32849
vt -0.16544 0.33050
vt -0.17378 0.33229
vt -0.17919 0.33384
vt -0.18175 0.33513
vt -0.18157 0.33615
vt -0.17875 0.33688
vt -0.17339 0.33733
vt -0.16560 0.33748
vt -0.15544 0.33734
vt -0.14301 0.33690
vt -0.12835 0.33617
vt -0.11156 0.33517
vt -0.09272 0.33389
vt -0.07195 0.33234
vt -0.04942 0.33056
vt -0.02534 0.32855
vt 0.00000 0.30274
vt 0.02954 0.30582
vt 0.05764 0.30862
vt 0.08397 0.31112
vt 0.10826 0.31328
vt 0.13032 0.31508
vt 0.14998 0.31649
vt 0.16714 0.31751
vt 0.18171 0.31812
vt 0.19358 0.31832
vt 0.20268 0.31810
vt 0.20892 0.31748
vt 0.21217 0.31645
vt 0.21231 0.31502
vt 0.20923 0.31322
vt 0.20281 0.31105
vt 0.19297 0.30854
vt 0.17964 0.30572
vt 0.16283 0.30264
vt 0.14264 0.29932
vt 0.11921 0.29583
vt 0.09283 0.29222
vt 0.06384 0.28854
vt 0.03271 0.28487
vt 0.00000 0.28127
vt -0.03271 0.28487
vt -0.06384 0.28854
vt -0.09283 0.29222
vt -0.11921 0.29583
vt -0.14264 0.29932
vt -0.16283 0.30264
vt -0.17964 0.30572
vt -0.19297 0.30854
vt -0.20281 0.31105
vt -0.20923 0.31322
vt -0.21231 0.31502
vt -0.21217 0.31645
vt -0.20892 0.31748
vt -0.20268 0.31810
vt -0.19358 0.31832
vt -0.18171 0.31812
vt -0.16714 0.31751
vt -0.14998 0.31649
vt -0.13032 0.31508
vt -0.10826 0.31328
vt -0.08397 0.31112
vt -0.05764 0.30862
vt -0.02954 0.30582
vt 0.00000 0.27567
vt 0.03341 0.27974
vt 0.06526 0.28344
vt 0.09514 0.28674
vt 0.12275 0.28960
vt 0.14783 0.29197
vt 0.17021 0.29384
vt 0.18974 0.29519
vt 0.20631 0.29600
vt 0.21981 0.29626
vt 0.23013 0.29598
vt 0.23716 0.29515
vt 0.24078 0.29379
vt 0.24084 0.29190
vt 0.23722 0.28951
vt 0.22979 0.28664
vt 0.21846 0.28333
vt 0.20319 0.27961
vt 0.18400 0.27554
vt 0.16100 0.27117
vt 0.13441 0.26658
vt 0.10453 0.26183
vt 0.07180 0.25700
vt 0.03675 0.25219
vt 0.00000 0.24748
vt -0.03675 0.25219
vt -0.07180 0.25700
vt -0.10453 0.26183
vt -0.13441 0.26658
vt -0.16100 0.27117
vt -0.18400 0.27554
vt -0.20319 0.27961
vt -0.21846 0.28333
vt -0.22979 0.28664
vt -0.23722 0.28951
vt -0.24084 0.29190
vt -0.24078 0.29379
vt -0.23716 0.29515
vt -0.23013 0.29598
vt -0.21981 0.29626
vt -0.20631 0.29600
vt -0.18974 0.29519
vt -0.17021 0.29384
vt -0.14783 0.29197
vt -0.12275 0.28960
vt -0.09514 0.28674
vt -0.06526 0.28344
vt -0.03341 0.27974
vt 0.00000 0.24547
vt 0.03692 0.25060
vt 0.07219 0.25528
vt 0.10534 0.25945
vt 0.13602 0.26307
vt 0.16393 0.26608
vt 0.18885 0.26845
vt 0.21060 0.27015
vt 0.22904 0.27118
vt 0.24404 0.27152
vt 0.25548 0.27116
vt 0.26322 0.27011
vt 0.26713 0.26838
vt 0.26706 0.26599
vt 0.26287 0.26296
vt 0.25442 0.25933
vt 0.24165 0.25514
vt 0.22451 0.25044
vt 0.20307 0.24530
vt 0.17746 0.23980
vt 0.14794 0.23401
vt 0.11489 0.22804
vt 0.07879 0.22198
vt 0.04026 0.21595
vt 0.00000 0.21006
vt -0.04026 0.21595
vt -0.07879 0.22198
vt -0.11489 0.22804
vt -0.14794 0.23401
vt -0.17746 0.23980
vt -0.20307 0.24530
vt -0.22451 0.25044
vt -0.24165 0.25514
vt -0.25442 0.25933
vt -0.26287 0.26296
vt -0.26706 0.26599
vt -0.26713 0.26838
vt -0.26322 0.27011
vt -0.25548 0.27116
vt -0.24404 0.27152
vt -0.22904 0.27118
vt -0.21060 0.27015
vt -0.18885 0.26845
vt -0.16393 0.26608
vt -0.13602 0.26307
vt -0.10534 0.25945
vt -0.07219 0.25528
vt -0.03692 0.25060
vt 0.00000 0.21247
vt 0.04003 0.21872
vt 0.07836 0.22443
vt 0.11448 0.22953
vt 0.14796 0.23395
vt 0.17846 0.23763
vt 0.20572 0.24054
vt 0.22951 0.24263
vt 0.24968 0.24389
vt 0.26605 0.24430
vt 0.27850 0.24386
vt 0.28686 0.24258
vt 0.29099 0.24046
vt 0.29073 0.23753
vt 0.28593 0.23382
vt 0.27648 0.22938
vt 0.26230 0.22426
vt 0.24338 0.21852
vt 0.21982 0.21226
vt 0.19180 0.20556
vt 0.15963 0.19854
vt 0.12375 0.19129
vt 0.08472 0.18396
vt 0.04321 0.17667
vt 0.00000 0.16956
vt -0.04321 0.17667
vt -0.08472 0.18396
vt -0.12375 0.19129
vt -0.15963 0.19854
vt -0.19180 0.20556
vt -0.21982 0.21226
vt -0.24338 0.21852
vt -0.26230 0.22426
vt -0.27648 0.22938
vt -0.28593 0.23382
vt -0.29073 0.23753
vt -0.29099 0.24046
vt -0.28686 0.24258
vt -0.27850 0.24386
vt -0.26605 0.24430
vt -0.24968 0.24389
vt -0.22951 0.24263
vt -0.20572 0.24054
vt -0.17846 0.23763
vt -0.14796 0.23395
vt -0.11448 0.22953
vt -0.07836 0.22443
vt -0.04003 0.21872
vt 0.00000 0.17705
vt 0.04269 0.18445
vt 0.08371 0.19122
vt 0.12245 0.19728
vt 0.15845 0.20254
vt 0.19129 0.20692
vt 0.22066 0.21038
vt 0.24632 0.21288
vt 0.26804 0.21438
vt 0.28565 0.21487
vt 0.29898 0.21435
vt 0.30786 0.21281
vt 0.31212 0.21029
vt 0.31161 0.20680
vt 0.30618 0.20238
vt 0.29572 0.19710
vt 0.28018 0.19102
vt 0.25958 0.18422
vt 0.23406 0.17680
vt 0.20385 0.16889
vt 0.16933 0.16059
vt 0.13101 0.15207
vt 0.08950 0.14345
vt 0.04555 0.13491
vt 0.00000 0.12658
vt -0.04555 0.13491
vt -0.08950 0.14345
vt -0.13101 0.15207
vt -0.16933 0.16059
vt -0.20385 0.16889
vt -0.23406 0.17680
vt -0.25958 0.18422
vt -0.28018 0.19102
vt -0.29572 0.19710
vt -0.30618 0.20238
vt -0.31161 0.20680
vt -0.31212 0.21029
vt -0.30786 0.21281
vt -0.29898 0.21435
vt -0.28565 0.21487
vt -0.26804 0.21438
vt -0.24632 0.21288
vt -0.22066 0.21038
vt -0.19129 0.20692
vt -0.15845 0.20254
vt -0.12245 0.19728
vt -0.08371 0.19122
vt -0.04269 0.18445
vt 0.00000 0.13961
vt 0.04489 0.14816
vt 0.08817 0.15600
vt 0.12918 0.16303
vt 0.16737 0.16913
vt 0.20228 0.17423
vt 0.23354 0.17826
vt 0.26085 0.18116
vt 0.28396 0.18291
vt 0.30265 0.18349
vt 0.31673 0.18288
vt 0.32602 0.18109
vt 0.33034 0.17815
vt 0.32952 0.17408
vt 0.32342 0.16895
vt 0.31196 0.16282
vt 0.29512 0.15576
vt 0.27295 0.14789
vt 0.24563 0.13933
vt 0.21348 0.13020
vt 0.17693 0.12066
vt 0.13656 0.11087
vt 0.09307 0.10100
vt 0.04725 0.09124
vt 0.00000 0.08175
vt -0.04725 0.09124
vt -0.09307 0.10100
vt -0.13656 0.11087
vt -0.17693 0.12066
vt -0.21348 0.13020
vt -0.24563 0.13933
vt -0.27295 0.14789
vt -0.29512 0.15576
vt -0.31196 0.16282
vt -0.32342 0.16895
vt -0.32952 0.17408
vt -0.33034 0.17815
vt -0.32602 0.18109
vt -0.31673 0.18288
vt -0.30265 0.18349
vt -0.28396 0.18291
vt -0.26085 0.18116
vt -0.23354 0.17826
vt -0.20228 0.17423
vt -0.16737 0.16913
vt -0.12918 0.16303
vt -0.08817 0.15600
vt -0.04489 0.14816
vt 0.00000 0.10058
vt 0.04660 0.11025
vt 0.09171 0.11914
vt 0.13460 0.12712
vt 0.17466 0.13407
vt 0.21135 0.13987
vt 0.24424 0.14447
vt 0.27298 0.14778
vt 0.29729 0.14978
vt 0.31690 0.15043
vt 0.33160 0.14974
vt 0.34118 0.14770
vt 0.34546 0.14434
vt 0.34426 0.13971
vt 0.33748 0.13386
vt 0.32504 0.12688
vt 0.30695 0.11887
vt 0.28332 0.10995
vt 0.25440 0.10026
vt 0.22057 0.08996
vt 0.18233 0.07922
vt 0.14035 0.06823
vt 0.09538 0.05718
vt 0.04829 0.04628
vt 0.00000 0.03572
vt -0.04829 0.04628
vt -0.09538 0.05718
vt -0.14035 0.06823
vt -0.18233 0.07922
vt -0.22057 0.08996
vt -0.25440 0.10026
vt -0.28332 0.10995
vt -0.30695 0.11887
vt -0.32504 0.12688
vt -0.33748 0.13386
vt -0.34426 0.13971
vt -0.34546 0.14434
vt -0.34118 0.14770
vt -0.33160 0.14974
vt -0.31690 0.15043
vt -0.29729 0.14978
vt -0.27298 0.14778
vt -0.24424 0.14447
vt -0.21135 0.13987
vt -0.17466 0.13407
vt -0.13460 0.12712
vt -0.09171 0.11914
vt -0.04660 0.11025
vt 0.00000 0.06041
vt 0.04780 0.07114
vt 0.09429 0.08103
vt 0.13866 0.08993
vt 0.18022 0.09768
vt 0.21839 0.10418
vt 0.25265 0.10932
vt 0.28260 0.11304
vt 0.30791 0.11528
vt 0.32827 0.11602
vt 0.34344 0.11523
vt 0.35320 0.11294
vt 0.35734 0.10918
vt 0.35572 0.10399
vt 0.34822 0.09745
vt 0.33481 0.08966
vt 0.31554 0.08073
vt 0.29059 0.07081
vt 0.26027 0.06005
vt 0.22503 0.04865
vt 0.18547 0.03680
vt 0.14231 0.02470
vt 0.09640 0.01259
vt 0.04864 0.00067
vt 0.00000 -0.01083
vt -0.04864 0.00067
vt -0.09640 0.01259
vt -0.14231 0.02470
vt -0.18547 0.03680
vt -0.22503 0.04865
vt -0.26027 0.06005
vt -0.29059 0.07081
vt -0.31554 0.08073
vt -0.33481 0.08966
vt -0.34822 0.09745
vt -0.35572 0.10399
vt -0.35734 0.10918
vt -0.35320 0.11294
vt -0.34344 0.11523
vt -0.32827 0.11602
vt -0.30791 0.11528
vt -0.28260 0.11304
vt -0.25265 0.10932
vt -0.21839 0.10418
vt -0.18022 0.09768
vt -0.13866 0.08993
vt -0.09429 0.08103
vt -0.04780 0.07114
vt 0.00000 0.01954
vt 0.04848 0.03125
vt 0.09587 0.04207
vt 0.14131 0.05182
vt 0.18402 0.06034
vt 0.22334 0.06749
vt 0.25870 0.07316
vt 0.28962 0.07726
vt 0.31572 0.07973
vt 0.33666 0.08054
vt 0.35215 0.07968
vt 0.36196 0.07715
vt 0.36588 0.07300
vt 0.36377 0.06728
vt 0.35554 0.06009
vt 0.34118 0.05153
vt 0.32082 0.04174
vt 0.29469 0.03089
vt 0.26317 0.01916
vt 0.22682 0.00676
vt 0.18630 -0.00608
vt 0.14243 -0.01914
vt 0.09611 -0.03217
vt 0.04831 -0.04494
vt 0.00000 -0.05722
vt -0.04831 -0.04494
vt -0.09611 -0.03217
vt -0.14243 -0.01914
vt -0.18630 -0.00608
vt -0.22682 0.00676
vt -0.26317 0.01916
vt -0.29469 0.03089
vt -0.32082 0.04174
vt -0.34118 0.05153
vt -0.35554 0.06009
vt -0.36377 0.06728
vt -0.36588 0.07300
vt -0.36196 0.07715
vt -0.35215 0.07968
vt -0.33666 0.08054
vt -0.31572 0.07973
vt -0.28962 0.07726
vt -0.25870 0.07316
vt -0.22334 0.06749
vt -0.18402 0.06034
vt -0.14131 0.05182
vt -0.09587 0.04207
vt -0.04848 0.03125
vt 0.00000 0.35850
vt 0.00113 0.35850
vt 0.00225 0.35850
vt 0.00332 0.35850
vt 0.00434 0.35850
vt 0.00528 0.35850
vt 0.00614 0.35850
vt 0.00688 0.35850
vt 0.00752 0.35850
vt 0.00802 0.35850
vt 0.00838 0.35850
vt 0.00860 0.35850
vt 0.00868 0.35850
vt 0.00860 0.35850
vt 0.00838 0.35850
vt 0.00802 0.35850
vt 0.00752 0.35850
vt 0.00688 0.35850
vt 0.00614 0.35850
vt 0.00528 0.35850
vt 0.00434 0.35850
vt 0.00332 0.35850
vt 0.00225 0.35850
vt 0.00113 0.35850
vt 0.00000 0.35850
vt -0.00113 0.35850
vt -0.00225 0.35850
vt -0.00332 0.35850
vt -0.00434 0.35850
vt -0.00528 0.35850
vt -0.00614 0.35850
vt -0.00688 0.35850
vt -0.00752 0.35850
vt -0.00802 0.35850
vt -0.00838 0.35850
vt -0.00860 0.35850
vt -0.00868 0.35850
vt -0.00860 0.35850
vt -0.00838 0.35850
vt -0.00802 0.35850
vt -0.00752 0.35850
vt -0.00688 0.35850
vt -0.00614 0.35850
vt -0.00528 0.35850
vt -0.00434 0.35850
vt -0.00332 0.35850
vt -0.00225 0.35850
vt -0.00113 0.35850
vt 0.00000 0.35550
vt 0.00586 0.35560
vt 0.01143 0.35569
vt 0.01666 0.35578
vt 0.02150 0.35585
vt 0.02589 0.35591
vt 0.02982 0.35596
vt 0.03324 0.35599
vt 0.03614 0.35601
vt 0.03851 0.35602
vt 0.04032 0.35601
vt 0.04155 0.35599
vt 0.04218 0.35595
vt 0.04218 0.35591
vt 0.04155 0.35585
vt 0.04025 0.35578
vt 0.03828 0.35569
vt 0.03562 0.35560
vt 0.03228 0.35550
vt 0.02827 0.35539
vt 0.02363 0.35527
vt 0.01840 0.35515
vt 0.01266 0.35503
vt 0.00649 0.35491
vt 0.00000 0.35479
vt -0.00649 0.35491
vt -0.01266 0.35503
vt -0.01840 0.35515
vt -0.02363 0.35527
vt -0.02827 0.35539
vt -0.03228 0.35550
vt -0.03562 0.35560
vt -0.03828 0.35569
vt -0.04025 0.35578
vt -0.04155 0.35585
vt -0.04218 0.35591
vt -0.04218 0.35595
vt -0.04155 0.35599
vt -0.04032 0.35601
vt -0.03851 0.35602
vt -0.03614 0.35601
vt -0.03324 0.35599
vt -0.02982 0.35596
vt -0.02589 0.35591
vt -0.02150 0.35585
vt -0.01666 0.35578
vt -0.01143 0.35569
vt -0.00586 0.35560
vt 0.00000 0.34845
vt 0.01052 0.34882
vt 0.02050 0.34915
vt 0.02984 0.34945
vt 0.03845 0.34970
vt 0.04626 0.34992
vt 0.05322 0.35008
vt 0.05929 0.35020
vt 0.06444 0.35028
vt 0.06865 0.35030
vt 0.07188 0.35027
vt 0.07411 0.35020
vt 0.07528 0.35008
vt 0.07536 0.34991
vt 0.07430 0.34970
vt 0.07207 0.34944
vt 0.06863 0.34914
vt 0.06396 0.34881
vt 0.05805 0.34844
vt 0.05092 0.34805
vt 0.04262 0.34763
vt 0.03325 0.34720
vt 0.02291 0.34676
vt 0.01176 0.34632
vt 0.00000 0.34589
vt -0.01176 0.34632
vt -0.02291 0.34676
vt -0.03325 0.34720
vt -0.04262 0.34763
vt -0.05092 0.34805
vt -0.05805 0.34844
vt -0.06396 0.34881
vt -0.06863 0.34914
vt -0.07207 0.34944
vt -0.07430 0.34970
vt -0.07536 0.34991
vt -0.07528 0.35008
vt -0.07411 0.35020
vt -0.07188 0.35027
vt -0.06865 0.35030
vt -0.06444 0.35028
vt -0.05929 0.35020
vt -0.05322 0.35008
vt -0.04626 0.34992
vt -0.03845 0.34970
vt -0.02984 0.34945
vt -0.02050 0.34915
vt -0.01052 0.34882
vt 0.00000 0.33744
vt 0.01506 0.33822
vt 0.02935 0.33894
vt 0.04271 0.33957
vt 0.05502 0.34012
vt 0.06618 0.34058
vt 0.07612 0.34094
vt 0.08479 0.34119
vt 0.09216 0.34135
vt 0.09817 0.34140
vt 0.10280 0.34134
vt 0.10598 0.34119
vt 0.10768 0.34093
vt 0.10781 0.34056
vt 0.10633 0.34010
vt 0.10317 0.33955
vt 0.09827 0.33891
vt 0.09160 0.33820
vt 0.08315 0.33741
vt 0.07296 0.33656
vt 0.06109 0.33567
vt 0.04766 0.33474
vt 0.03284 0.33380
vt 0.01686 0.33285
vt 0.00000 0.33192
vt -0.01686 0.33285
vt -0.03284 0.33380
vt -0.04766 0.33474
vt -0.06109 0.33567
vt -0.07296 0.33656
vt -0.08315 0.33741
vt -0.09160 0.33820
vt -0.09827 0.33891
vt -0.10317 0.33955
vt -0.10633 0.34010
vt -0.10781 0.34056
vt -0.10768 0.34093
vt -0.10598 0.34119
vt -0.10280 0.34134
vt -0.09817 0.34140
vt -0.09216 0.34135
vt -0.08479 0.34119
vt -0.07612 0.34094
vt -0.06618 0.34058
vt -0.05502 0.34012
vt -0.04271 0.33957
vt -0.02935 0.33894
vt -0.01506 0.33822
vt 0.00000 0.32257
vt 0.01944 0.32393
vt 0.03790 0.32516
vt 0.05515 0.32625
vt 0.07105 0.32720
vt 0.08546 0.32798
vt 0.09831 0.32860
vt 0.10951 0.32904
vt 0.11903 0.32931
vt 0.12680 0.32940
vt 0.13277 0.32930
vt 0.13688 0.32903
vt 0.13907 0.32858
vt 0.13924 0.32796
vt 0.13731 0.32717
vt 0.13321 0.32622
vt 0.12687 0.32512
vt 0.11824 0.32388
vt 0.10731 0.32253
vt 0.09413 0.32107
vt 0.07879 0.31953
vt 0.06145 0.31794
vt 0.04233 0.31632
vt 0.02173 0.31469
vt 0.00000 0.31310
vt -0.02173 0.31469
vt -0.04233 0.31632
vt -0.06145 0.31794
vt -0.07879 0.31953
vt -0.09413 0.32107
vt -0.10731 0.32253
vt -0.11824 0.32388
vt -0.12687 0.32512
vt -0.13321 0.32622
vt -0.13731 0.32717
vt -0.13924 0.32796
vt -0.13907 0.32858
vt -0.13688 0.32903
vt -0.13277 0.32930
vt -0.12680 0.32940
vt -0.11903 0.32931
vt -0.10951 0.32904
vt -0.09831 0.32860
vt -0.08546 0.32798
vt -0.07105 0.32720
vt -0.05515 0.32625
vt -0.03790 0.32516
vt -0.01944 0.32393
vt 0.00000 0.30404
vt 0.02361 0.30609
vt 0.04604 0.30796
vt 0.06703 0.30962
vt 0.08638 0.31106
vt 0.10393 0.31225
vt 0.11958 0.31319
vt 0.13323 0.31386
vt 0.14481 0.31427
vt 0.15427 0.31440
vt 0.16153 0.31426
vt 0.16652 0.31385
vt 0.16915 0.31316
vt 0.16933 0.31222
vt 0.16694 0.31101
vt 0.16190 0.30957
vt 0.15413 0.30790
vt 0.14358 0.30603
vt 0.13025 0.30397
vt 0.11419 0.30176
vt 0.09552 0.29943
vt 0.07445 0.29702
vt 0.05125 0.29456
vt 0.02629 0.29210
vt 0.00000 0.28969
vt -0.02629 0.29210
vt -0.05125 0.29456
vt -0.07445 0.29702
vt -0.09552 0.29943
vt -0.11419 0.30176
vt -0.13025 0.30397
vt -0.14358 0.30603
vt -0.15413 0.30790
vt -0.16190 0.30957
vt -0.16694 0.31101
vt -0.16933 0.31222
vt -0.16915 0.31316
vt -0.16652 0.31385
vt -0.16153 0.31426
vt -0.15427 0.31440
vt -0.14481 0.31427
vt -0.13323 0.31386
vt -0.11958 0.31319
vt -0.10393 0.31225
vt -0.08638 0.31106
vt -0.06703 0.30962
vt -0.04604 0.30796
vt -0.02361 0.30609
vt 0.00000 0.28204
vt 0.02752 0.28491
vt 0.05370 0.28752
vt 0.07823 0.28985
vt 0.10086 0.29186
vt 0.12141 0.29353
vt 0.13973 0.29485
vt 0.15572 0.29580
vt 0.16928 0.29636
vt 0.18035 0.29655
vt 0.18883 0.29635
vt 0.19463 0.29577
vt 0.19766 0.29481
vt 0.19779 0.29348
vt 0.19493 0.29180
vt 0.18895 0.28978
vt 0.17977 0.28744
vt 0.16735 0.28482
vt 0.15170 0.28194
vt 0.13288 0.27886
vt 0.11106 0.27560
vt 0.08648 0.27224
vt 0.05947 0.26881
vt 0.03048 0.26539
vt 0.00000 0.26204
vt -0.03048 0.26539
vt -0.05947 0.26881
vt -0.08648 0.27224
vt -0.11106 0.27560
vt -0.13288 0.27886
vt -0.15170 0.28194
vt -0.16735 0.28482
vt -0.17977 0.28744
vt -0.18895 0.28978
vt -0.19493 0.29180
vt -0.19779 0.29348
vt -0.19766 0.29481
vt -0.19463 0.29577
vt -0.18883 0.29635
vt -0.18035 0.29655
vt -0.16928 0.29636
vt -0.15572 0.29580
vt -0.13973 0.29485
vt -0.12141 0.29353
vt -0.10086 0.29186
vt -0.07823 0.28985
vt -0.05370 0.28752
vt -0.02752 0.28491
vt 0.00000 0.25683
vt 0.03113 0.26061
vt 0.06080 0.26406
vt 0.08863 0.26714
vt 0.11435 0.26979
vt 0.13772 0.27201
vt 0.15857 0.27375
vt 0.17677 0.27500
vt 0.19221 0.27576
vt 0.20478 0.27600
vt 0.21440 0.27574
vt 0.22095 0.27497
vt 0.22431 0.27370
vt 0.22437 0.27194
vt 0.22100 0.26972
vt 0.21407 0.26704
vt 0.20352 0.26396
vt 0.18929 0.26049
vt 0.17142 0.25670
vt 0.15000 0.25263
vt 0.12522 0.24835
vt 0.09739 0.24392
vt 0.06689 0.23943
vt 0.03423 0.23494
vt 0.00000 0.23056
vt -0.03423 0.23494
vt -0.06689 0.23943
vt -0.09739 0.24392
vt -0.12522 0.24835
vt -0.15000 0.25263
vt -0.17142 0.25670
vt -0.18929 0.26049
vt -0.20352 0.26396
vt -0.21407 0.26704
vt -0.22100 0.26972
vt -0.22437 0.27194
vt -0.22431 0.27370
vt -0.22095 0.27497
vt -0.21440 0.27574
vt -0.20478 0.27600
vt -0.19221 0.27576
vt -0.17677 0.27500
vt -0.15857 0.27375
vt -0.13772 0.27201
vt -0.11435 0.26979
vt -0.08863 0.26714
vt -0.06080 0.26406
vt -0.03113 0.26061
vt 0.00000 0.22869
vt 0.03440 0.23346
vt 0.06725 0.23782
vt 0.09814 0.24171
vt 0.12672 0.24508
vt 0.15272 0.24788
vt 0.17594 0.25009
vt 0.19620 0.25168
vt 0.21338 0.25264
vt 0.22735 0.25295
vt 0.23801 0.25262
vt 0.24523 0.25164
vt 0.24887 0.25003
vt 0.24880 0.24780
vt 0.24489 0.24498
vt 0.23703 0.24160
vt 0.22513 0.23769
vt 0.20916 0.23331
vt 0.18918 0.22853
vt 0.16532 0.22340
vt 0.13782 0.21801
vt 0.10703 0.21245
vt 0.07341 0.20681
vt 0.03751 0.20119
vt 0.00000 0.19569
vt -0.03751 0.20119
vt -0.07341 0.20681
vt -0.10703 0.21245
vt -0.13782 0.21801
vt -0.16532 0.22340
vt -0.18918 0.22853
vt -0.20916 0.23331
vt -0.22513 0.23769
vt -0.23703 0.24160
vt -0.24489 0.24498
vt -0.24880 0.24780
vt -0.24887 0.25003
vt -0.24523 0.25164
vt -0.23801 0.25262
vt -0.22735 0.25295
vt -0.21338 0.25264
vt -0.19620 0.25168
vt -0.17594 0.25009
vt -0.15272 0.24788
vt -0.12672 0.24508
vt -0.09814 0.24171
vt -0.06725 0.23782
vt -0.03440 0.23346
vt 0.00000 0.19794
vt 0.03729 0.20376
vt 0.07300 0.20908
vt 0.10665 0.21384
vt 0.13784 0.21795
vt 0.16626 0.22139
vt 0.19165 0.22409
vt 0.21382 0.22604
vt 0.23260 0.22722
vt 0.24786 0.22760
vt 0.25946 0.22719
vt 0.26725 0.22599
vt 0.27109 0.22402
vt 0.27085 0.22129
vt 0.26638 0.21783
vt 0.25757 0.21369
vt 0.24436 0.20892
vt 0.22674 0.20358
vt 0.20479 0.19775
vt 0.17868 0.19151
vt 0.14871 0.18496
vt 0.11529 0.17821
vt 0.07893 0.17138
vt 0.04026 0.16459
vt 0.00000 0.15797
vt -0.04026 0.16459
vt -0.07893 0.17138
vt -0.11529 0.17821
vt -0.14871 0.18496
vt -0.17868 0.19151
vt -0.20479 0.19775
vt -0.22674 0.20358
vt -0.24436 0.20892
vt -0.25757 0.21369
vt -0.26638 0.21783
vt -0.27085 0.22129
vt -0.27109 0.22402
vt -0.26725 0.22599
vt -0.25946 0.22719
vt -0.24786 0.22760
vt -0.23260 0.22722
vt -0.21382 0.22604
vt -0.19165 0.22409
vt -0.16626 0.22139
vt -0.13784 0.21795
vt -0.10665 0.21384
vt -0.07300 0.20908
vt -0.03729 0.20376
vt 0.00000 0.16494
vt 0.03977 0.17183
vt 0.07798 0.17815
vt 0.11408 0.18379
vt 0.14761 0.18869
vt 0.17821 0.19277
vt 0.20557 0.19600
vt 0.22947 0.19832
vt 0.24971 0.19972
vt 0.26612 0.20018
vt 0.27853 0.19969
vt 0.28681 0.19826
vt 0.29078 0.19591
vt 0.29031 0.19266
vt 0.28525 0.18854
vt 0.27550 0.18362
vt 0.26102 0.17796
vt 0.24184 0.17162
vt 0.21806 0.16471
vt 0.18991 0.15734
vt 0.15775 0.14961
vt 0.12205 0.14167
vt 0.08338 0.13364
vt 0.04244 0.12568
vt 0.00000 0.11793
vt -0.04244 0.12568
vt -0.08338 0.13364
vt -0.12205 0.14167
vt -0.15775 0.14961
vt -0.18991 0.15734
vt -0.21806 0.16471
vt -0.24184 0.17162
vt -0.26102 0.17796
vt -0.27550 0.18362
vt -0.28525 0.18854
vt -0.29031 0.19266
vt -0.29078 0.19591
vt -0.28681 0.19826
vt -0.27853 0.19969
vt -0.26612 0.20018
vt -0.24971 0.19972
vt -0.22947 0.19832
vt -0.20557 0.19600
vt -0.17821 0.19277
vt -0.14761 0.18869
vt -0.11408 0.18379
vt -0.07798 0.17815
vt -0.03977 0.17183
vt 0.00000 0.13006
vt 0.04182 0.13803
vt 0.08214 0.14534
vt 0.12035 0.15188
vt 0.15593 0.15757
vt 0.18845 0.16232
vt 0.21757 0.16607
vt 0.24301 0.16878
vt 0.26454 0.17041
vt 0.28195 0.17094
vt 0.29507 0.17037
vt 0.30373 0.16871
vt 0.30775 0.16597
vt 0.30698 0.16218
vt 0.30131 0.15740
vt 0.29063 0.15168
vt 0.27494 0.14511
vt 0.25428 0.13778
vt 0.22884 0.12980
vt 0.19888 0.12129
vt 0.16483 0.11241
vt 0.12722 0.10329
vt 0.08670 0.09409
vt 0.04402 0.08500
vt 0.00000 0.07616
vt -0.04402 0.08500
vt -0.08670 0.09409
vt -0.12722 0.10329
vt -0.16483 0.11241
vt -0.19888 0.12129
vt -0.22884 0.12980
vt -0.25428 0.13778
vt -0.27494 0.14511
vt -0.29063 0.15168
vt -0.30131 0.15740
vt -0.30698 0.16218
vt -0.30775 0.16597
vt -0.30373 0.16871
vt -0.29507 0.17037
vt -0.28195 0.17094
vt -0.26454 0.17041
vt -0.24301 0.16878
vt -0.21757 0.16607
vt -0.18845 0.16232
vt -0.15593 0.15757
vt -0.12035 0.15188
vt -0.08214 0.14534
vt -0.04182 0.13803
vt 0.00000 0.09370
vt 0.04342 0.10271
vt 0.08544 0.11100
vt 0.12540 0.11843
vt 0.16271 0.12490
vt 0.19689 0.13031
vt 0.22754 0.13459
vt 0.25432 0.13768
vt 0.27696 0.13954
vt 0.29523 0.14015
vt 0.30892 0.13950
vt 0.31785 0.13760
vt 0.32183 0.13447
vt 0.32073 0.13015
vt 0.31441 0.12471
vt 0.30281 0.11821
vt 0.28596 0.11075
vt 0.26395 0.10243
vt 0.23701 0.09341
vt 0.20549 0.08381
vt 0.16987 0.07380
vt 0.13075 0.06356
vt 0.08886 0.05327
vt 0.04499 0.04312
vt 0.00000 0.03328
vt -0.04499 0.04312
vt -0.08886 0.05327
vt -0.13075 0.06356
vt -0.16987 0.07380
vt -0.20549 0.08381
vt -0.23701 0.09341
vt -0.26395 0.10243
vt -0.28596 0.11075
vt -0.30281 0.11821
vt -0.31441 0.12471
vt -0.32073 0.13015
vt -0.32183 0.13447
vt -0.31785 0.13760
vt -0.30892 0.13950
vt -0.29523 0.14015
vt -0.27696 0.13954
vt -0.25432 0.13768
vt -0.22754 0.13459
vt -0.19689 0.13031
vt -0.16271 0.12490
vt -0.12540 0.11843
vt -0.08544 0.11100
vt -0.04342 0.10271
vt 0.00000 0.05628
vt 0.04453 0.06627
vt 0.08784 0.07549
vt 0.12918 0.08378
vt 0.16790 0.09100
vt 0.20345 0.09706
vt 0.23537 0.10185
vt 0.26328 0.10531
vt 0.28685 0.10740
vt 0.30582 0.10808
vt 0.31996 0.10735
vt 0.32905 0.10522
vt 0.33291 0.10171
vt 0.33140 0.09688
vt 0.32441 0.09079
vt 0.31192 0.08353
vt 0.29397 0.07521
vt 0.27072 0.06597
vt 0.24248 0.05595
vt 0.20965 0.04532
vt 0.17279 0.03428
vt 0.13258 0.02301
vt 0.08980 0.01173
vt 0.04531 0.00063
vt 0.00000 -0.01009
vt -0.04531 0.00063
vt -0.08980 0.01173
vt -0.13258 0.02301
vt -0.17279 0.03428
vt -0.20965 0.04532
vt -0.24248 0.05595
vt -0.27072 0.06597
vt -0.29397 0.07521
vt -0.31192 0.08353
vt -0.32441 0.09079
vt -0.33140 0.09688
vt -0.33291 0.10171
vt -0.32905 0.10522
vt -0.31996 0.10735
vt -0.30582 0.10808
vt -0.28685 0.10740
vt -0.26328 0.10531
vt -0.23537 0.10185
vt -0.20345 0.09706
vt -0.16790 0.09100
vt -0.12918 0.08378
vt -0.08784 0.07549
vt -0.04453 0.06627
vt 0.00000 0.01821
vt 0.04516 0.02911
vt 0.08931 0.03919
vt 0.13164 0.04828
vt 0.17144 0.05621
vt 0.20807 0.06287
vt 0.24101 0.06815
vt 0.26982 0.07197
vt 0.29413 0.07428
vt 0.31364 0.07503
vt 0.32807 0.07423
vt 0.33721 0.07188
vt 0.34087 0.06801
vt 0.33890 0.06268
vt 0.33123 0.05598
vt 0.31785 0.04800
vt 0.29888 0.03888
vt 0.27454 0.02877
vt 0.24518 0.01785
vt 0.21131 0.00630
vt 0.17356 -0.00567
vt 0.13269 -0.01783
vt 0.08954 -0.02997
vt 0.04500 -0.04187
vt 0.00000 -0.05331
vt -0.04500 -0.04187
vt -0.08954 -0.02997
vt -0.13269 -0.01783
vt -0.17356 -0.00567
vt -0.21131 0.00630
vt -0.24518 0.01785
vt -0.27454 0.02877
vt -0.29888 0.03888
vt -0.31785 0.04800
vt -0.33123 0.05598
vt -0.33890 0.06268
vt -0.34087 0.06801
vt -0.33721 0.07188
vt -0.32807 0.07423
vt -0.31364 0.07503
vt -0.29413 0.07428
vt -0.26982 0.07197
vt -0.24101 0.06815
vt -0.20807 0.06287
vt -0.17144 0.05621
vt -0.13164 0.04828
vt -0.08931 0.03919
vt -0.04516 0.02911
f 1/1 2/2 50/50 49/49
f 2/2 3/3 51/51 50/50
f 3/3 4/4 52/52 51/51
f 4/4 5/5 53/53 52/52
f 5/5 6/6 54/54 53/53
f 6/6 7/7 55/55 54/54
f 7/7 8/8 56/56 55/55
f 8/8 9/9 57/57 56/56
f 9/9 10/10 58/58 57/57
f 10/10 11/11 59/59 58/58
f 11/11 12/12 60/60 59/59
f 12/12 13/13 61/61 60/60
f 13/13 14/14 62/62 61/61
f 14/14 15/15 63/63 62/62
f 15/15 16/16 64/64 63/63
f 16/16 17/17 65/65 64/64
f 17/17 18/18 66/66 65/65
f 18/18 19/19 67/67 66/66
f 19/19 20/20 68/68 67/67
f 20/20 21/21 69/69 68/68
f 21/21 22/22 70/70 69/69
f 22/22 23/23 71/71 70/70
f 23/23 24/24 72/72 71/71
f 24/24 25/25 73/73 72/72
f 25/25 26/26 74/74 73/73
f 26/26 27/27 75/75 74/74
f 27/27 28/28 76/76 75/75
f 28/28 29/29 77/77 76/76
f 29/29 30/30 78/78 77/77
f 30/30 31/31 79/79 78/78
f 31/31 32/32 80/80 79/79
f 32/32 33/33 81/81 80/80
f 33/33 34/34 82/82 81/81
f 34/34 35/35 83/83 82/82
f 35/35 36/36 84/84 83/83
f 36/36 37/37 85/85 84/84
f 37/37 38/38 86/86 85/85
f 38/38 39/39 87/87 86/86
f 39/39 40/40 88/88 87/87
f 40/40 41/41 89/89 88/88
f 41/41 42/42 90/90 89/89
f 42/42 43/43 91/91 90/90
f 43/43 44/44 92/92 91/91
f 44/44 45/45 93/93 92/92
f 45/45 46/46 94/94 93/93
f 46/46 47/47 95/95 94/94
f 47/47 48/48 96/96 95/95
f 48/48 1/1 49/49 96/96
f 49/49 50/50 98/98 97/97
f 50/50 51/51 99/99 98/98
f 51/51 52/52 100/100 99/99
f 52/52 53/53 101/101 100/100
f 53/53 54/54 102/102 101/101
f 54/54 55/55 103/103 102/102
f 55/55 56/56 104/104 103/103
f 56/56 57/57 105/105 104/104
f 57/57 58/58 106/106 105/105
f 58/58 59/59 107/107 106/106
f 59/59 60/60 108/108 107/107
f 60/60 61/61 109/109 108/108
f 61/61 62/62 110/110 109/109
f 62/62 63/63 111/111 110/110
f 63/63 64/64 112/112 111/111
f 64/64 65/65 113/113 112/112
f 65/65 66/66 114/114 113/113
f 66/66 67/67 115/115 114/114
f 67/67 68/68 116/116 115/115
f 68/68 69/69 117/117 116/116
f 69/69 70/70 118/118 117/117
f 70/70 71/71 119/119 118/118
f 71/71 72/72 120/120 119/119
f 72/72 73/73 121/121 120/120
f 73/73 74/74 122/122 121/121
f 74/74 75/75 123/123 122/122
f 75/75 76/76 124/124 123/123
f 76/76 77/77 125/125 124/124
f 77/77 78/78 126/126 125/125
f 78/78 79/79 127/127 126/126
f 79/79 80/80 128/128 127/127
f 80/80 81/81 129/129 128/128
f 81/81 82/82 130/130 129/129
f 82/82 83/83 131/131 130/130
f 83/83 84/84 132/132 131/131
f 84/84 85/85 133/133 132/132
f 85/85 86/86 134/134 133/133
f 86/86 87/87 135/135 134/134
f 87/87 88/88 136/136 135/135
f 88/88 89/89 137/137 136/136
f 89/89 90/90 138/138 137/137
f 90/90 91/91 139/139 138/138
f 91/91 92/92 140/140 139/139
f 92/92 93/93 141/141 140/140
f 93/93 94/94 142/142 141/141
f 94/94 95/95 143/143 142/142
f 95/95 96/96 144/144 143/143
f 96/96 49/49 97/97 144/144
f 97/97 98/98 146/146 145/145
f 98/98 99/99 147/147 146/146
f 99/99 100/100 148/148 147/147
f 100/100 101/101 149/149 148/148
f 101/101 102/102 150/150 149/149
f 102/102 103/103 151/151 150/150
f 103/103 104/104 152/152 151/151
f 104/104 105/105 153/153 152/152
f 105/105 106/106 154/154 153/153
f 106/106 107/107 155/155 154/154
f 107/107 108/108 156/156 155/155
f 108/108 109/109 157/157 156/156
f 109/109 110/110 158/158 157/157
f 110/110 111/111 159/159 158/158
f 111/111 112/112 160/160 159/159
f 112/112 113/113 161/161 160/160
f 113/113 114/114 162/162 161/161
f 114/114 115/115 163/163 162/162
f 115/115 116/116 164/164 163/163
f 116/116 117/117 165/165 164/164
f 117/117 118/118 166/166 165/165
f 118/118 119/119 167/167 166/166
f 119/119 120/120 168/168 167/167
f 120/120 121/121 169/169 168/168
f 121/121 122/122 170/170 169/169
f 122/122 123/123 171/171 170/170
f 123/123 124/124 172/172 171/171
f 124/124 125/125 173/173 172/172
f 125/125 126/126 174/174 173/173
f 126/126 127/127 175/175 174/174
f 127/127 128/128 176/176 175/175
f 128/128 129/129 177/177 176/176
f 129/129 130/130 178/178 177/177
f 130/130 131/131 179/179 178/178
f 131/131 132/132 180/180 179/179
f 132/132 133/133 181/181 180/180
f 133/133 134/134 182/182 181/181
f 134/134 135/135 183/183 182/182
f 135/135 136/136 184/184 183/183
f 136/136 137/137 185/185 184/184
f 137/137 138/138 186/186 185/185
f 138/138 139/139 187/187 186/186
f 139/139 140/140 188/188 187/187
f 140/140 141/141 189/189 188/188
f 141/141 142/142 190/190 189/189
f 142/142 143/143 191/191 190/190
f 143/143 144/144 192/192 191/191
f 144/144 97/97 145/145 192/192
f 145/145 146/146 194/194 193/193
f 146/146 147/147 195/195 194/194
f 147/147 148/148 196/196 195/195
f 148/148 149/149 197/197 196/196
f 149/149 150/150 198/198 197/197
f 150/150 151/151 199/199 198/198
f 151/151 152/152 200/200 199/199
f 152/152 153/153 201/201 200/200
f 153/153 154/154 202/202 201/201
f 154/154 155/155 203/203 202/202
f 155/155 156/156 204/204 203/203
f 156/156 157/157 205/205 204/204
f 157/157 158/158 206/206 205/205
f 158/158 159/159 207/207 206/206
f 159/159 160/160 208/208 207/207
f 160/160 161/161 209/209 208/208
f 161/161 162/162 210/210 209/209
f 162/162 163/163 211/211 210/210
f 163/163 164/164 212/212 211/211
f 164/164 165/165 213/213 212/212
f 165/165 166/166 214/214 213/213
f 166/166 167/167 215/215 214/214
f 167/167 168/168 216/216 215/215
f 168/168 169/169 217/217 216/216
f 169/169 170/170 218/218 217/217
f 170/170 171/171 219/219 218/218
f 171/171 172/172 220/220 219/219
f 172/172 173/173 221/221 220/220
f 173/173 174/174 222/222 221/221
f 174/174 175/175 223/223 222/222
f 175/175 176/176 224/224 223/223
f 176/176 177/177 225/225 224/224
f 177/177 178/178 226/226 225/225
f 178/178 179/179 227/227 226/226
f 179/179 180/180 228/228 227/227
f 180/180 181/181 229/229 228/228
f 181/181 182/182 230/230 229/229
f 182/182 183/183 231/231 230/230
f 183/183 184/184 232/232 231/231
f 184/184 185/185 233/233 232/232
f 185/185 186/186 234/234 233/233
f 186/186 187/187 235/235 234/234
f 187/187 188/188 236/236 235/235
f 188/188 189/189 237/237 236/236
f 189/189 190/190 238/238 237/237
f 190/190 191/191 239/239 238/238
f 191/191 192/192 240/240 239/239
f 192/192 145/145 193/193 240/240
f 193/193 194/194 242/242 241/241
f 194/194 195/195 243/243 242/242
f 195/195 196/196 244/244 243/243
f 196/196 197/197 245/245 244/244
f 197/197 198/198 246/246 245/245
f 198/198 199/199 247/247 246/246
f 199/199 200/200 248/248 247/247
f 200/200 201/201 249/249 248/248
f 201/201 202/202 250/250 249/249
f 202/202 203/203 251/251 250/250
f 203/203 204/204 252/252 251/251
f 204/204 205/205 253/253 252/252
f 205/205 206/206 254/254 253/253
f 206/206 207/207 255/255 254/254
f 207/207 208/208 256/256 255/255
f 208/208 209/209 257/257 256/256
f 209/209 210/210 258/258 257/257
f 210/210 211/211 259/259 258/258
f 211/211 212/212 260/260 259/259
f 212/212 213/213 261/261 260/260
f 213/213 214/214 262/262 261/261
f 214/214 215/215 263/263 262/262
f 215/215 216/216 264/264 263/263
f 216/216 217/217 265/265 264/264
f 217/217 218/218 266/266 265/265
f 218/218 219/219 267/267 266/266
f 219/219 220/220 268/268 267/267
f 220/220 221/221 269/269 268/268
f 221/221 222/222 270/270 269/269
f 222/222 223/223 271/271 270/270
f 223/223 224/224 272/272 271/271
f 224/224 225/225 273/273 272/272
f 225/225 226/226 274/274 273/273
f 226/226 227/227 275/275 274/274
f 227/227 228/228 276/276 275/275
f 228/228 229/229 277/277 276/276
f 229/229 230/230 278/278 277/277
f 230/230 231/231 279/279 278/278
f 231/231 232/232 280/280 279/279
f 232/232 233/233 281/281 280/280
f 233/233 234/234 282/282 281/281
f 234/234 235/235 283/283 282/282
f 235/235 236/236 284/284 283/283
f 236/236 237/237 285/285 284/284
f 237/237 238/238 286/286 285/285
f 238/238 239/239 287/287 286/286
f 239/239 240/240 288/288 287/287
f 240/240 193/193 241/241 288/288
f 241/241 242/242 290/290 289/289
f 242/242 243/243 291/291 290/290
f 243/243 244/244 292/292 291/291
f 244/244 245/245 293/293 292/292
f 245/245 246/246 294/294 293/293
f 246/246 247/247 295/295 294/294
f 247/247 248/248 296/296 295/295
f 248/248 249/249 297/297 296/296
f 249/249 250/250 298/298 297/297
f 250/250 251/251 299/299 298/298
f 251/251 252/252 300/300 299/299
f 252/252 253/253 301/301 300/300
f 253/253 254/254 302/302 301/301
f 254/254 255/255 303/303 302/302
f 255/255 256/256 304/304 303/303
f 256/256 257/257 305/305 304/304
f 257/257 258/258 306/306 305/305
f 258/258 259/259 307/307 306/306
f 259/259 260/260 308/308 307/307
f 260/260 261/261 309/309 308/308
f 261/261 262/262 310/310 309/309
f 262/262 263/263 311/311 310/310
f 263/263 264/264 312/312 311/311
f 264/264 265/265 313/313 312/312
f 265/265 266/266 314/314 313/313
f 266/266 267/267 315/315 314/314
f 267/267 268/268 316/316 315/315
f 268/268 269/269 317/317 316/316
f 269/269 270/270 318/318 317/317
f 270/270 271/271 319/319 318/318
f 271/271 272/272 320/320 319/319
f 272/272 273/273 321/321 320/320
f 273/273 274/274 322/322 321/321
f 274/274 275/275 323/323 322/322
f 275/275 276/276 324/324 323/323
f 276/276 277/277 325/325 324/324
f 277/277 278/278 326/326 325/325
f 278/278 279/279 327/327 326/326
f 279/279 280/280 328/328 327/327
f 280/280 281/281 329/329 328/328
f 281/281 282/282 330/330 329/329
f 282/282 283/283 331/331 330/330
f 283/283 284/284 332/332 331/331
f 284/284 285/285 333/333 332/332
f 285/285 286/286 334/334 333/333
f 286/286 287/287 335/335 334/334
f 287/287 288/288 336/336 335/335
f 288/288 241/241 289/289 336/336
f 289/289 290/290 338/338 337/337
f 290/290 291/291 339/339 338/338
f 291/291 292/292 340/340 339/339
f 292/292 293/293 341/341 340/340
f 293/293 294/294 342/342 341/341
f 294/294 295/295 343/343 342/342
f 295/295 296/296 344/344 343/343
f 296/296 297/297 345/345 344/344
f 297/297 298/298 346/346 345/345
f 298/298 299/299 347/347 346/346
f 299/299 300/300 348/348 347/347
f 300/300 301/301 349/349 348/348
f 301/301 302/302 350/350 349/349
f 302/302 303/303 351/351 350/350
f 303/303 304/304 352/352 351/351
f 304/304 305/305 353/353 352/352
f 305/305 306/306 354/354 353/353
f 306/306 307/307 355/355 354/354
f 307/307 308/308 356/356 355/355
f 308/308 309/309 357/357 356/356
f 309/309 310/310 358/358 357/357
f 310/310 311/311 359/359 358/358
f 311/311 312/312 360/360 359/359
f 312/312 313/313 361/361 360/360
f 313/313 314/314 362/362 361/361
f 314/314 315/315 363/363 362/362
f 315/315 316/316 364/364 363/363
f 316/316 317/317 365/365 364/364
f 317/317 318/318 366/366 365/365
f 318/318 319/319 367/367 366/366
f 319/319 320/320 368/368 367/367
f 320/320 321/321 369/369 368/368
f 321/321 322/322 370/370 369/369
f 322/322 323/323 371/371 370/370
f 323/323 324/324 372/372 371/371
f 324/324 325/325 373/373 372/372
f 325/325 326/326 374/374 373/373
f 326/326 327/327 375/375 374/374
f 327/327 328/328 376/376 375/375
f 328/328 329/329 377/377 376/376
f 329/329 330/330 378/378 377/377
f 330/330 331/331 379/379 378/378
f 331/331 332/332 380/380 379/379
f 332/332 333/333 381/381 380/380
f 333/333 334/334 382/382 381/381
f 334/334 335/335 383/383 382/382
f 335/335 336/336 384/384 383/383
f 336/336 289/289 337/337 384/384
f 337/337 338/338 386/386 385/385
f 338/338 339/339 387/387 386/386
f 339/339 340/340 388/388 387/387
f 340/340 341/341 389/389 388/388
f 341/341 342/342 390/390 389/389
f 342/342 343/343 391/391 390/390
f 343/343 344/344 392/392 391/391
f 344/344 345/345 393/393 392/392
f 345/345 346/346 394/394 393/393
f 346/346 347/347 395/395 394/394
f 347/347 348/348 396/396 395/395
f 348/348 349/349 397/397 396/396
f 349/349 350/350 398/398 397/397
f 350/350 351/351 399/399 398/398
f 351/351 352/352 400/400 399/399
f 352/352 353/353 401/401 400/400
f 353/353 354/354 402/402 401/401
f 354/354 355/355 403/403 402/402
f 355/355 356/356 404/404 403/403
f 356/356 357/357 405/405 404/404
f 357/357 358/358 406/406 405/405
f 358/358 359/359 407/407 406/406
f 359/359 360/360 408/408 407/407
f 360/360 361/361 409/409 408/408
f 361/361 362/362 410/410 409/409
f 362/362 363/363 411/411 410/410
f 363/363 364/364 412/412 411/411
f 364/364 365/365 413/413 412/412
f 365/365 366/366 414/414 413/413
f 366/366 367/367 415/415 414/414
f 367/367 368/368 416/416 415/415
f 368/368 369/369 417/417 416/416
f 369/369 370/370 418/418 417/417
f 370/370 371/371 419/419 418/418
f 371/371 372/372 420/420 419/419
f 372/372 373/373 421/421 420/420
f 373/373 374/374 422/422 421/421
f 374/374 375/375 423/423 422/422
f 375/375 376/376 424/424 423/423
f 376/376 377/377 425/425 424/424
f 377/377 378/378 426/426 425/425
f 378/378 379/379 427/427 426/426
f 379/379 380/380 428/428 427/427
f 380/380 381/381 429/429 428/428
f 381/381 382/382 430/430 429/429
f 382/382 383/383 431/431 430/430
f 383/383 384/384 432/432 431/431
f 384/384 337/337 385/385 432/432
f 385/385 386/386 434/434 433/433
f 386/386 387/387 435/435 434/434
f 387/387 388/388 436/436 435/435
f 388/388 389/389 437/437 436/436
f 389/389 390/390 438/438 437/437
f 390/390 391/391 439/439 438/438
f 391/391 392/392 440/440 439/439
f 392/392 393/393 441/441 440/440
f 393/393 394/394 442/442 441/441
f 394/394 395/395 443/443 442/442
f 395/395 396/396 444/444 443/443
f 396/396 397/397 445/445 444/444
f 397/397 398/398 446/446 445/445
f 398/398 399/399 447/447 446/446
f 399/399 400/400 448/448 447/447
f 400/400 401/401 449/449 448/448
f 401/401 402/402 450/450 449/449
f 402/402 403/403 451/451 450/450
f 403/403 404/404 452/452 451/451
f 404/404 405/405 453/453 452/452
f 405/405 406/406 454/454 453/453
f 406/406 407/407 455/455 454/454
f 407/407 408/408 456/456 455/455
f 408/408 409/409 457/457 456/456
f 409/409 410/410 458/458 457/457
f 410/410 411/411 459/459 458/458
f 411/411 412/412 460/460 459/459
f 412/412 413/413 461/461 460/460
f 413/413 414/414 462/462 461/461
f 414/414 415/415 463/463 462/462
f 415/415 416/416 464/464 463/463
f 416/416 417/417 465/465 464/464
f 417/417 418/418 466/466 465/465
f 418/418 419/419 467/467 466/466
f 419/419 420/420 468/468 467/467
f 420/420 421/421 469/469 468/468
f 421/421 422/422 470/470 469/469
f 422/422 423/423 471/471 470/470
f 423/423 424/424 472/472 471/471
f 424/424 425/425 473/473 472/472
f 425/425 426/426 474/474 473/473
f 426/426 427/427 475/475 474/474
f 427/427 428/428 476/476 475/475
f 428/428 429/429 477/477 476/476
f 429/429 430/430 478/478 477/477
f 430/430 431/431 479/479 478/478
f 431/431 432/432 480/480 479/479
f 432/432 385/385 433/433 480/480
f 433/433 434/434 482/482 481/481
f 434/434 435/435 483/483 482/482
f 435/435 436/436 484/484 483/483
f 436/436 437/437 485/485 484/484
f 437/437 438/438 486/486 485/485
f 438/438 439/439 487/487 486/486
f 439/439 440/440 488/488 487/487
f 440/440 441/441 489/489 488/488
f 441/441 442/442 490/490 489/489
f 442/442 443/443 491/491 490/490
f 443/443 444/444 492/492 491/491
f 444/444 445/445 493/493 492/492
f 445/445 446/446 494/494 493/493
f 446/446 447/447 495/495 494/494
f 447/447 448/448 496/496 495/495
f 448/448 449/449 497/497 496/496
f 449/449 450/450 498/498 497/497
f 450/450 451/451 499/499 498/498
f 451/451 452/452 500/500 499/499
f 452/452 453/453 501/501 500/500
f 453/453 454/454 502/502 501/501
f 454/454 455/455 503/503 502/502
f 455/455 456/456 504/504 503/503
f 456/456 457/457 505/505 504/504
f 457/457 458/458 506/506 505/505
f 458/458 459/459 507/507 506/506
f 459/459 460/460 508/508 507/507
f 460/460 461/461 509/509 508/508
f 461/461 462/462 510/510 509/509
f 462/462 463/463 511/511 510/510
f 463/463 464/464 512/512 511/511
f 464/464 465/465 513/513 512/512
f 465/465 466/466 514/514 513/513
f 466/466 467/467 515/515 514/514
f 467/467 468/468 516/516 515/515
f 468/468 469/469 517/517 516/516
f 469/469 470/470 518/518 517/517
f 470/470 471/471 519/519 518/518
f 471/471 472/472 520/520 519/519
f 472/472 473/473 521/521 520/520
f 473/473 474/474 522/522 521/521
f 474/474 475/475 523/523 522/522
f 475/475 476/476 524/524 523/523
f 476/476 477/477 525/525 524/524
f 477/477 478/478 526/526 525/525
f 478/478 479/479 527/527 526/526
f 479/479 480/480 528/528 527/527
f 480/480 433/433 481/481 528/528
f 481/481 482/482 530/530 529/529
f 482/482 483/483 531/531 530/530
f 483/483 484/484 532/532 531/531
f 484/484 485/485 533/533 532/532
f 485/485 486/486 534/534 533/533
f 486/486 487/487 535/535 534/534
f 487/487 488/488 536/536 535/535
f 488/488 489/489 537/537 536/536
f 489/489 490/490 538/538 537/537
f 490/490 491/491 539/539 538/538
f 491/491 492/492 540/540 539/539
f 492/492 493/493 541/541 540/540
f 493/493 494/494 542/542 541/541
f 494/494 495/495 543/543 542/542
f 495/495 496/496 544/544 543/543
f 496/496 497/497 545/545 544/544
f 497/497 498/498 546/546 545/545
f 498/498 499/499 547/547 546/546
f 499/499 500/500 548/548 547/547
f 500/500 501/501 549/549 548/548
f 501/501 502/502 550/550 549/549
f 502/502 503/503 551/551 550/550
f 503/503 504/504 552/552 551/551
f 504/504 505/505 553/553 552/552
f 505/505 506/506 554/554 553/553
f 506/506 507/507 555/555 554/554
f 507/507 508/508 556/556 555/555
f 508/508 509/509 557/557 556/556
f 509/509 510/510 558/558 557/557
f 510/510 511/511 559/559 558/558
f 511/511 512/512 560/560 559/559
f 512/512 513/513 561/561 560/560
f 513/513 514/514 562/562 561/561
f 514/514 515/515 563/563 562/562
f 515/515 516/516 564/564 563/563
f 516/516 517/517 565/565 564/564
f 517/517 518/518 566/566 565/565
f 518/518 519/519 567/567 566/566
f 519/519 520/520 568/568 567/567
f 520/520 521/521 569/569 568/568
f 521/521 522/522 570/570 569/569
f 522/522 523/523 571/571 570/570
f 523/523 524/524 572/572 571/571
f 524/524 525/525 573/573 572/572
f 525/525 526/526 574/574 573/573
f 526/526 527/527 575/575 574/574
f 527/527 528/528 576/576 575/575
f 528/528 481/481 529/529 576/576
f 529/529 530/530 578/578 577/577
f 530/530 531/531 579/579 578/578
f 531/531 532/532 580/580 579/579
f 532/532 533/533 581/581 580/580
f 533/533 534/534 582/582 581/581
f 534/534 535/535 583/583 582/582
f 535/535 536/536 584/584 583/583
f 536/536 537/537 585/585 584/584
f 537/537 538/538 586/586 585/585
f 538/538 539/539 587/587 586/586
f 539/539 540/540 588/588 587/587
f 540/540 541/541 589/589 588/588
f 541/541 542/542 590/590 589/589
f 542/542 543/543 591/591 590/590
f 543/543 544/544 592/592 591/591
f 544/544 545/545 593/593 592/592
f 545/545 546/546 594/594 593/593
f 546/546 547/547 595/595 594/594
f 547/547 548/548 596/596 595/595
f 548/548 549/549 597/597 596/596
f 549/549 550/550 598/598 597/597
f 550/550 551/551 599/599 598/598
f 551/551 552/552 600/600 599/599
f 552/552 553/553 601/601 600/600
f 553/553 554/554 602/602 601/601
f 554/554 555/555 603/603 602/602
f 555/555 556/556 604/604 603/603
f 556/556 557/557 605/605 604/604
f 557/557 558/558 606/606 605/605
f 558/558 559/559 607/607 606/606
f 559/559 560/560 608/608 607/607
f 560/560 561/561 609/609 608/608
f 561/561 562/562 610/610 609/609
f 562/562 563/563 611/611 610/610
f 563/563 564/564 612/612 611/611
f 564/564 565/565 613/613 612/612
f 565/565 566/566 614/614 613/613
f 566/566 567/567 615/615 614/614
f 567/567 568/568 616/616 615/615
f 568/568 569/569 617/617 616/616
f 569/569 570/570 618/618 617/617
f 570/570 571/571 619/619 618/618
f 571/571 572/572 620/620 619/619
f 572/572 573/573 621/621 620/620
f 573/573 574/574 622/622 621/621
f 574/574 575/575 623/623 622/622
f 575/575 576/576 624/624 623/623
f 576/576 529/529 577/577 624/624
f 577/577 578/578 626/626 625/625
f 578/578 579/579 627/627 626/626
f 579/579 580/580 628/628 627/627
f 580/580 581/581 629/629 628/628
f 581/581 582/582 630/630 629/629
f 582/582 583/583 631/631 630/630
f 583/583 584/584 632/632 631/631
f 584/584 585/585 633/633 632/632
f 585/585 586/586 634/634 633/633
f 586/586 587/587 635/635 634/634
f 587/587 588/588 636/636 635/635
f 588/588 589/589 637/637 636/636
f 589/589 590/590 638/638 637/637
f 590/590 591/591 639/639 638/638
f 591/591 592/592 640/640 639/639
f 592/592 593/593 641/641 640/640
f 593/593 594/594 642/642 641/641
f 594/594 595/595 643/643 642/642
f 595/595 596/596 644/644 643/643
f 596/596 597/597 645/645 644/644
f 597/597 598/598 646/646 645/645
f 598/598 599/599 647/647 646/646
f 599/599 600/600 648/648 647/647
f 600/600 601/601 649/649 648/648
f 601/601 602/602 650/650 649/649
f 602/602 603/603 651/651 650/650
f 603/603 604/604 652/652 651/651
f 604/604 605/605 653/653 652/652
f 605/605 606/606 654/654 653/653
f 606/606 607/607 655/655 654/654
f 607/607 608/608 656/656 655/655
f 608/608 609/609 657/657 656/656
f 609/609 610/610 658/658 657/657
f 610/610 611/611 659/659 658/658
f 611/611 612/612 660/660 659/659
f 612/612 613/613 661/661 660/660
f 613/613 614/614 662/662 661/661
f 614/614 615/615 663/663 662/662
f 615/615 616/616 664/664 663/663
f 616/616 617/617 665/665 664/664
f 617/617 618/618 666/666 665/665
f 618/618 619/619 667/667 666/666
f 619/619 620/620 668/668 667/667
f 620/620 621/621 669/669 668/668
f 621/621 622/622 670/670 669/669
f 622/622 623/623 671/671 670/670
f 623/623 624/624 672/672 671/671
f 624/624 577/577 625/625 672/672
f 625/625 626/626 674/674 673/673
f 626/626 627/627 675/675 674/674
f 627/627 628/628 676/676 675/675
f 628/628 629/629 677/677 676/676
f 629/629 630/630 678/678 677/677
f 630/630 631/631 679/679 678/678
f 631/631 632/632 680/680 679/679
f 632/632 633/633 681/681 680/680
f 633/633 634/634 682/682 681/681
f 634/634 635/635 683/683 682/682
f 635/635 636/636 684/684 683/683
f 636/636 637/637 685/685 684/684
f 637/637 638/638 686/686 685/685
f 638/638 639/639 687/687 686/686
f 639/639 640/640 688/688 687/687
f 640/640 641/641 689/689 688/688
f 641/641 642/642 690/690 689/689
f 642/642 643/643 691/691 690/690
f 643/643 644/644 692/692 691/691
f 644/644 645/645 693/693 692/692
f 645/645 646/646 694/694 693/693
f 646/646 647/647 695/695 694/694
f 647/647 648/648 696/696 695/695
f 648/648 649/649 697/697 696/696
f 649/649 650/650 698/698 697/697
f 650/650 651/651 699/699 698/698
f 651/651 652/652 700/700 699/699
f 652/652 653/653 701/701 700/700
f 653/653 654/654 702/702 701/701
f 654/654 655/655 703/703 702/702
f 655/655 656/656 704/704 703/703
f 656/656 657/657 705/705 704/704
f 657/657 658/658 706/706 705/705
f 658/658 659/659 707/707 706/706
f 659/659 660/660 708/708 707/707
f 660/660 661/661 709/709 708/708
f 661/661 662/662 710/710 709/709
f 662/662 663/663 711/711 710/710
f 663/663 664/664 712/712 711/711
f 664/664 665/665 713/713 712/712
f 665/665 666/666 714/714 713/713
f 666/666 667/667 715/715 714/714
f 667/667 668/668 716/716 715/715
f 668/668 669/669 717/717 716/716
f 669/669 670/670 718/718 717/717
f 670/670 671/671 719/719 718/718
f 671/671 672/672 720/720 719/719
f 672/672 625/625 673/673 720/720
f 769/769 770/770 722/722 721/721
f 770/770 771/771 723/723 722/722
f 771/771 772/772 724/724 723/723
f 772/772 773/773 725/725 724/724
f 773/773 774/774 726/726 725/725
f 774/774 775/775 727/727 726/726
f 775/775 776/776 728/728 727/727
f 776/776 777/777 729/729 728/728
f 777/777 778/778 730/730 729/729
f 778/778 779/779 731/731 730/730
f 779/779 780/780 732/732 731/731
f 780/780 781/781 733/733 732/732
f 781/781 782/782 734/734 733/733
f 782/782 783/783 735/735 734/734
f 783/783 784/784 736/736 735/735
f 784/784 785/785 737/737 736/736
f 785/785 786/786 738/738 737/737
f 786/786 787/787 739/739 738/738
f 787/787 788/788 740/740 739/739
f 788/788 789/789 741/741 740/740
f 789/789 790/790 742/742 741/741
f 790/790 791/791 743/743 742/742
f 791/791 792/792 744/744 743/743
f 792/792 793/793 745/745 744/744
f 793/793 794/794 746/746 745/745
f 794/794 795/795 747/747 746/746
f 795/795 796/796 748/748 747/747
f 796/796 797/797 749/749 748/748
f 797/797 798/798 750/750 749/749
f 798/798 799/799 751/751 750/750
f 799/799 800/800 752/752 751/751
f 800/800 801/801 753/753 752/752
f 801/801 802/802 754/754 753/753
f 802/802 803/803 755/755 754/754
f 803/803 804/804 756/756 755/755
f 804/804 805/805 757/757 756/756
f 805/805 806/806 758/758 757/757
f 806/806 807/807 759/759 758/758
f 807/807 808/808 760/760 759/759
f 808/808 809/809 761/761 760/760
f 809/809 810/810 762/762 761/761
f 810/810 811/811 763/763 762/762
f 811/811 812/812 764/764 763/763
f 812/812 813/813 765/765 764/764
f 813/813 814/814 766/766 765/765
f 814/814 815/815 767/767 766/766
f 815/815 816/816 768/768 767/767
f 816/816 769/769 721/721 768/768
f 817/817 818/818 770/770 769/769
f 818/818 819/819 771/771 770/770
f 819/819 820/820 772/772 771/771
f 820/820 821/821 773/773 772/772
f 821/821 822/822 774/774 773/773
f 822/822 823/823 775/775 774/774
f 823/823 824/824 776/776 775/775
f 824/824 825/825 777/777 776/776
f 825/825 826/826 778/778 777/777
f 826/826 827/827 779/779 778/778
f 827/827 828/828 780/780 779/779
f 828/828 829/829 781/781 780/780
f 829/829 830/830 782/782 781/781
f 830/830 831/831 783/783 782/782
f 831/831 832/832 784/784 783/783
f 832/832 833/833 785/785 784/784
f 833/833 834/834 786/786 785/785
f 834/834 835/835 787/787 786/786
f 835/835 836/836 788/788 787/787
f 836/836 837/837 789/789 788/788
f 837/837 838/838 790/790 789/789
f 838/838 839/839 791/791 790/790
f 839/839 840/840 792/792 791/791
f 840/840 841/841 793/793 792/792
f 841/841 842/842 794/794 793/793
f 842/842 843/843 795/795 794/794
f 843/843 844/844 796/796 795/795
f 844/844 845/845 797/797 796/796
f 845/845 846/846 798/798 797/797
f 846/846 847/847 799/799 798/798
f 847/847 848/848 800/800 799/799
f 848/848 849/849 801/801 800/800
f 849/849 850/850 802/802 801/801
f 850/850 851/851 803/803 802/802
f 851/851 852/852 804/804 803/803
f 852/852 853/853 805/805 804/804
f 853/853 854/854 806/806 805/805
f 854/854 855/855 807/807 806/806
f 855/855 856/856 808/808 807/807
f 856/856 857/857 809/809 808/808
f 857/857 858/858 810/810 809/809
f 858/858 859/859 811/811 810/810
f 859/859 860/860 812/812 811/811
f 860/860 861/861 813/813 812/812
f 861/861 862/862 814/814 813/813
f 862/862 863/863 815/815 814/814
f 863/863 864/864 816/816 815/815
f 864/864 817/817 769/769 816/816
f 865/865 866/866 818/818 817/817
f 866/866 867/867 819/819 818/818
f 867/867 868/868 820/820 819/819
f 868/868 869/869 821/821 820/820
f 869/869 870/870 822/822 821/821
f 870/870 871/871 823/823 822/822
f 871/871 872/872 824/824 823/823
f 872/872 873/873 825/825 824/824
f 873/873 874/874 826/826 825/825
f 874/874 875/875 827/827 826/826
f 875/875 876/876 828/828 827/827
f 876/876 877/877 829/829 828/828
f 877/877 878/878 830/830 829/829
f 878/878 879/879 831/831 830/830
f 879/879 880/880 832/832 831/831
f 880/880 881/881 833/833 832/832
f 881/881 882/882 834/834 833/833
f 882/882 883/883 835/835 834/834
f 883/883 884/884 836/836 835/835
f 884/884 885/885 837/837 836/836
f 885/885 886/886 838/838 837/837
f 886/886 887/887 839/839 838/838
f 887/887 888/888 840/840 839/839
f 888/888 889/889 841/841 840/840
f 889/889 890/890 842/842 841/841
f 890/890 891/891 843/843 842/842
f 891/891 892/892 844/844 843/843
f 892/892 893/893 845/845 844/844
f 893/893 894/894 846/846 845/845
f 894/894 895/895 847/847 846/846
f 895/895 896/896 848/848 847/847
f 896/896 897/897 849/849 848/848
f 897/897 898/898 850/850 849/849
f 898/898 899/899 851/851 850/850
f 899/899 900/900 852/852 851/851
f 900/900 901/901 853/853 852/852
f 901/901 902/902 854/854 853/853
f 902/902 903/903 855/855 854/854
f 903/903 904/904 856/856 855/855
f 904/904 905/905 857/857 856/856
f 905/905 906/906 858/858 857/857
f 906/906 907/907 859/859 858/858
f 907/907 908/908 860/860 859/859
f 908/908 909/909 861/861 860/860
f 909/909 910/910 862/862 861/861
f 910/910 911/911 863/863 862/862
f 911/911 912/912 864/864 863/863
f 912/912 865/865 817/817 864/864
f 913/913 914/914 866/866 865/865
f 914/914 915/915 867/867 866/866
f 915/915 916/916 868/868 867/867
f 916/916 917/917 869/869 868/868
f 917/917 918/918 870/870 869/869
f 918/918 919/919 871/871 870/870
f 919/919 920/920 872/872 871/871
f 920/920 921/921 873/873 872/872
f 921/921 922/922 874/874 873/873
f 922/922 923/923 875/875 874/874
f 923/923 924/924 876/876 875/875
f 924/924 925/925 877/877 876/876
f 925/925 926/926 878/878 877/877
f 926/926 927/927 879/879 878/878
f 927/927 928/928 880/880 879/879
f 928/928 929/929 881/881 880/880
f 929/929 930/930 882/882 881/881
f 930/930 931/931 883/883 882/882
f 931/931 932/932 884/884 883/883
f 932/932 933/933 885/885 884/884
f 933/933 934/934 886/886 885/885
f 934/934 935/935 887/887 886/886
f 935/935 936/936 888/888 887/887
f 936/936 937/937 889/889 888/888
f 937/937 938/938 890/890 889/889
f 938/938 939/939 891/891 890/890
f 939/939 940/940 892/892 891/891
f 940/940 941/941 893/893 892/892
f 941/941 942/942 894/894 893/893
f 942/942 943/943 895/895 894/894
f 943/943 944/944 896/896 895/895
f 944/944 945/945 897/897 896/896
f 945/945 946/946 898/898 897/897
f 946/946 947/947 899/899 898/898
f 947/947 948/948 900/900 899/899
f 948/948 949/949 901/901 900/900
f 949/949 950/950 902/902 901/901
f 950/950 951/951 903/903 902/902
f 951/951 952/952 904/904 903/903
f 952/952 953/953 905/905 904/904
f 953/953 954/954 906/906 905/905
f 954/954 955/955 907/907 906/906
f 955/955 956/956 908/908 907/907
f 956/956 957/957 909/909 908/908
f 957/957 958/958 910/910 909/909
f 958/958 959/959 911/911 910/910
f 959/959 960/960 912/912 911/911
f 960/960 913/913 865/865 912/912
f 961/961 962/962 914/914 913/913
f 962/962 963/963 915/915 914/914
f 963/963 964/964 916/916 915/915
f 964/964 965/965 917/917 916/916
f 965/965 966/966 918/918 917/917
f 966/966 967/967 919/919 918/918
f 967/967 968/968 920/920 919/919
f 968/968 969/969 921/921 920/920
f 969/969 970/970 922/922 921/921
f 970/970 971/971 923/923 922/922
f 971/971 972/972 924/924 923/923
f 972/972 973/973 925/925 924/924
f 973/973 974/974 926/926 925/925
f 974/974 975/975 927/927 926/926
f 975/975 976/976 928/928 927/927
f 976/976 977/977 929/929 928/928
f 977/977 978/978 930/930 929/929
f 978/978 979/979 931/931 930/930
f 979/979 980/980 932/932 931/931
f 980/980 981/981 933/933 932/932
f 981/981 982/982 934/934 933/933
f 982/982 983/983 935/935 934/934
f 983/983 984/984 936/936 935/935
f 984/984 985/985 937/937 936/936
f 985/985 986/986 938/938 937/937
f 986/986 987/987 939/939 938/938
f 987/987 988/988 940/940 939/939
f 988/988 989/989 941/941 940/940
f 989/989 990/990 942/942 941/941
f 990/990 991/991 943/943 942/942
f 991/991 992/992 944/944 943/943
f 992/992 993/993 945/945 944/944
f 993/993 994/994 946/946 945/945
f 994/994 995/995 947/947 946/946
f 995/995 996/996 948/948 947/947
f 996/996 997/997 949/949 948/948
f 997/997 998/998 950/950 949/949
f 998/998 999/999 951/951 950/950
f 999/999 1000/1000 952/952 951/951
f 1000/1000 1001/1001 953/953 952/952
f 1001/1001 1002/1002 954/954 953/953
f 1002/1002 1003/1003 955/955 954/954
f 1003/1003 1004/1004 956/956 955/955
f 1004/1004 1005/1005 957/957 956/956
f 1005/1005 1006/1006 958/958 957/957
f 1006/1006 1007/1007 959/959 958/958
f 1007/1007 1008/1008 960/960 959/959
f 1008/1008 961/961 913/913 960/960
f 1009/1009 1010/1010 962/962 961/961
f 1010/1010 1011/1011 963/963 962/962
f 1011/1011 1012/1012 964/964 963/963
f 1012/1012 1013/1013 965/965 964/964
f 1013/1013 1014/1014 966/966 965/965
f 1014/1014 1015/1015 967/967 966/966
f 1015/1015 1016/1016 968/968 967/967
f 1016/1016 1017/1017 969/969 968/968
f 1017/1017 1018/1018 970/970 969/969
f 1018/1018 1019/1019 971/971 970/970
f 1019/1019 1020/1020 972/972 971/971
f 1020/1020 1021/1021 973/973 972/972
f 1021/1021 1022/1022 974/974 973/973
f 1022/1022 1023/1023 975/975 974/974
f 1023/1023 1024/1024 976/976 975/975
f 1024/1024 1025/1025 977/977 976/976
f 1025/1025 1026/1026 978/978 977/977
f 1026/1026 1027/1027 979/979 978/978
f 1027/1027 1028/1028 980/980 979/979
f 1028/1028 1029/1029 981/981 980/980
f 1029/1029 1030/1030 982/982 981/981
f 1030/1030 1031/1031 983/983 982/982
f 1031/1031 1032/1032 984/984 983/983
f 1032/1032 1033/1033 985/985 984/984
f 1033/1033 1034/1034 986/986 985/985
f 1034/1034 1035/1035 987/987 986/986
f 1035/1035 1036/1036 988/988 987/987
f 1036/1036 1037/1037 989/989 988/988
f 1037/1037 1038/1038 990/990 989/989
f 1038/1038 1039/1039 991/991 990/990
f 1039/1039 1040/1040 992/992 991/991
f 1040/1040 1041/1041 993/993 992/992
f 1041/1041 1042/1042 994/994 993/993
f 1042/1042 1043/1043 995/995 994/994
f 1043/1043 1044/1044 996/996 995/995
f 1044/1044 1045/1045 997/997 996/996
f 1045/1045 1046/1046 998/998 997/997
f 1046/1046 1047/1047 999/999 998/998
f 1047/1047 1048/1048 1000/1000 999/999
f 1048/1048 1049/1049 1001/1001 1000/1000
f 1049/1049 1050/1050 1002/1002 1001/1001
f 1050/1050 1051/1051 1003/1003 1002/1002
f 1051/1051 1052/1052 1004/1004 1003/1003
f 1052/1052 1053/1053 1005/1005 1004/1004
f 1053/1053 1054/1054 1006/1006 1005/1005
f 1054/1054 1055/1055 1007/1007 1006/1006
f 1055/1055 1056/1056 1008/1008 1007/1007
f 1056/1056 1009/1009 961/961 1008/1008
f 1057/1057 1058/1058 1010/1010 1009/1009
f 1058/1058 1059/1059 1011/1011 1010/1010
f 1059/1059 1060/1060 1012/1012 1011/1011
f 1060/1060 1061/1061 1013/1013 1012/1012
f 1061/1061 1062/1062 1014/1014 1013/1013
f 1062/1062 1063/1063 1015/1015 1014/1014
f 1063/1063 1064/1064 1016/1016 1015/1015
f 1064/1064 1065/1065 1017/1017 1016/1016
f 1065/1065 1066/1066 1018/1018 1017/1017
f 1066/1066 1067/1067 1019/1019 1018/1018
f 1067/1067 1068/1068 1020/1020 1019/1019
f 1068/1068 1069/1069 1021/1021 1020/1020
f 1069/1069 1070/1070 1022/1022 1021/1021
f 1070/1070 1071/1071 1023/1023 1022/1022
f 1071/1071 1072/1072 1024/1024 1023/1023
f 1072/1072 1073/1073 1025/1025 1024/1024
f 1073/1073 1074/1074 1026/1026 1025/1025
f 1074/1074 1075/1075 1027/1027 1026/1026
f 1075/1075 1076/1076 1028/1028 1027/1027
f 1076/1076 1077/1077 1029/1029 1028/1028
f 1077/1077 1078/1078 1030/1030 1029/1029
f 1078/1078 1079/1079 1031/1031 1030/1030
f 1079/1079 1080/1080 1032/1032 1031/1031
f 1080/1080 1081/1081 1033/1033 1032/1032
f 1081/1081 1082/1082 1034/1034 1033/1033
f 1082/1082 1083/1083 1035/1035 1034/1034
f 1083/1083 1084/1084 1036/1036 1035/1035
f 1084/1084 1085/1085 1037/1037 1036/1036
f 1085/1085 1086/1086 1038/1038 1037/1037
f 1086/1086 1087/1087 1039/1039 1038/1038
f 1087/1087 1088/1088 1040/1040 1039/1039
f 1088/1088 1089/1089 1041/1041 1040/1040
f 1089/1089 1090/1090 1042/1042 1041/1041
f 1090/1090 1091/1091 1043/1043 1042/1042
f 1091/1091 1092/1092 1044/1044 1043/1043
f 1092/1092 1093/1093 1045/1045 1044/1044
f 1093/1093 1094/1094 1046/1046 1045/1045
f 1094/1094 1095/1095 1047/1047 1046/1046
f 1095/1095 1096/1096 1048/1048 1047/1047
f 1096/1096 1097/1097 1049/1049 1048/1048
f 1097/1097 1098/1098 1050/1050 1049/1049
f 1098/1098 1099/1099 1051/1051 1050/1050
f 1099/1099 1100/1100 1052/1052 1051/1051
f 1100/1100 1101/1101 1053/1053 1052/1052
f 1101/1101 1102/1102 1054/1054 1053/1053
f 1102/1102 1103/1103 1055/1055 1054/1054
f 1103/1103 1104/1104 1056/1056 1055/1055
f 1104/1104 1057/1057 1009/1009 1056/1056
f 1105/1105 1106/1106 1058/1058 1057/1057
f 1106/1106 1107/1107 1059/1059 1058/1058
f 1107/1107 1108/1108 1060/1060 1059/1059
f 1108/1108 1109/1109 1061/1061 1060/1060
f 1109/1109 1110/1110 1062/1062 1061/1061
f 1110/1110 1111/1111 1063/1063 1062/1062
f 1111/1111 1112/1112 1064/1064 1063/1063
f 1112/1112 1113/1113 1065/1065 1064/1064
f 1113/1113 1114/1114 1066/1066 1065/1065
f 1114/1114 1115/1115 1067/1067 1066/1066
f 1115/1115 1116/1116 1068/1068 1067/1067
f 1116/1116 1117/1117 1069/1069 1068/1068
f 1117/1117 1118/1118 1070/1070 1069/1069
f 1118/1118 1119/1119 1071/1071 1070/1070
f 1119/1119 1120/1120 1072/1072 1071/1071
f 1120/1120 1121/1121 1073/1073 1072/1072
f 1121/1121 1122/1122 1074/1074 1073/1073
f 1122/1122 1123/1123 1075/1075 1074/1074
f 1123/1123 1124/1124 1076/1076 1075/1075
f 1124/1124 1125/1125 1077/1077 1076/1076
f 1125/1125 1126/1126 1078/1078 1077/1077
f 1126/1126 1127/1127 1079/1079 1078/1078
f 1127/1127 1128/1128 1080/1080 1079/1079
f 1128/1128 1129/1129 1081/1081 1080/1080
f 1129/1129 1130/1130 1082/1082 1081/1081
f 1130/1130 1131/1131 1083/1083 1082/1082
f 1131/1131 1132/1132 1084/1084 1083/1083
f 1132/1132 1133/1133 1085/1085 1084/1084
f 1133/1133 1134/1134 1086/1086 1085/1085
f 1134/1134 1135/1135 1087/1087 1086/1086
f 1135/1135 1136/1136 1088/1088 1087/1087
f 1136/1136 1137/1137 1089/1089 1088/1088
f 1137/1137 1138/1138 1090/1090 1089/1089
f 1138/1138 1139/1139 1091/1091 1090/1090
f 1139/1139 1140/1140 1092/1092 1091/1091
f 1140/1140 1141/1141 1093/1093 1092/1092
f 1141/1141 1142/1142 1094/1094 1093/1093
f 1142/1142 1143/1143 1095/1095 1094/1094
f 1143/1143 1144/1144 1096/1096 1095/1095
f 1144/1144 1145/1145 1097/1097 1096/1096
f 1145/1145 1146/1146 1098/1098 1097/1097
f 1146/1146 1147/1147 1099/1099 1098/1098
f 1147/1147 1148/1148 1100/1100 1099/1099
f 1148/1148 1149/1149 1101/1101 1100/1100
f 1149/1149 1150/1150 1102/1102 1101/1101
f 1150/1150 1151/1151 1103/1103 1102/1102
f 1151/1151 1152/1152 1104/1104 1103/1103
f 1152/1152 1105/1105 1057/1057 1104/1104
f 1153/1153 1154/1154 1106/1106 1105/1105
f 1154/1154 1155/1155 1107/1107 1106/1106
f 1155/1155 1156/1156 1108/1108 1107/1107
f 1156/1156 1157/1157 1109/1109 1108/1108
f 1157/1157 1158/1158 1110/1110 1109/1109
f 1158/1158 1159/1159 1111/1111 1110/1110
f 1159/1159 1160/1160 1112/1112 1111/1111
f 1160/1160 1161/1161 1113/1113 1112/1112
f 1161/1161 1162/1162 1114/1114 1113/1113
f 1162/1162 1163/1163 1115/1115 1114/1114
f 1163/1163 1164/1164 1116/1116 1115/1115
f 1164/1164 1165/1165 1117/1117 1116/1116
f 1165/1165 1166/1166 1118/1118 1117/1117
f 1166/1166 1167/1167 1119/1119 1118/1118
f 1167/1167 1168/1168 1120/1120 1119/1119
f 1168/1168 1169/1169 1121/1121 1120/1120
f 1169/1169 1170/1170 1122/1122 1121/1121
f 1170/1170 1171/1171 1123/1123 1122/1122
f 1171/1171 1172/1172 1124/1124 1123/1123
f 1172/1172 1173/1173 1125/1125 1124/1124
f 1173/1173 1174/1174 1126/1126 1125/1125
f 1174/1174 1175/1175 1127/1127 1126/1126
f 1175/1175 1176/1176 1128/1128 1127/1127
f 1176/1176 1177/1177 1129/1129 1128/1128
f 1177/1177 1178/1178 1130/1130 1129/1129
f 1178/1178 1179/1179 1131/1131 1130/1130
f 1179/1179 1180/1180 1132/1132 1131/1131
f 1180/1180 1181/1181 1133/1133 1132/1132
f 1181/1181 1182/1182 1134/1134 1133/1133
f 1182/1182 1183/1183 1135/1135 1134/1134
f 1183/1183 1184/1184 1136/1136 1135/1135
f 1184/1184 1185/1185 1137/1137 1136/1136
f 1185/1185 1186/1186 1138/1138 1137/1137
f 1186/1186 1187/1187 1139/1139 1138/1138
f 1187/1187 1188/1188 1140/1140 1139/1139
f 1188/1188 1189/1189 1141/1141 1140/1140
f 1189/1189 1190/1190 1142/1142 1141/1141
f 1190/1190 1191/1191 1143/1143 1142/1142
f 1191/1191 1192/1192 1144/1144 1143/1143
f 1192/1192 1193/1193 1145/1145 1144/1144
f 1193/1193 1194/1194 1146/1146 1145/1145
f 1194/1194 1195/1195 1147/1147 1146/1146
f 1195/1195 1196/1196 1148/1148 1147/1147
f 1196/1196 1197/1197 1149/1149 1148/1148
f 1197/1197 1198/1198 1150/1150 1149/1149
f 1198/1198 1199/1199 1151/1151 1150/1150
f 1199/1199 1200/1200 1152/1152 1151/1151
f 1200/1200 1153/1153 1105/1105 1152/1152
f 1201/1201 1202/1202 1154/1154 1153/1153
f 1202/1202 1203/1203 1155/1155 1154/1154
f 1203/1203 1204/1204 1156/1156 1155/1155
f 1204/1204 1205/1205 1157/1157 1156/1156
f 1205/1205 1206/1206 1158/1158 1157/1157
f 1206/1206 1207/1207 1159/1159 1158/1158
f 1207/1207 1208/1208 1160/1160 1159/1159
f 1208/1208 1209/1209 1161/1161 1160/1160
f 1209/1209 1210/1210 1162/1162 1161/1161
f 1210/1210 1211/1211 1163/1163 1162/1162
f 1211/1211 1212/1212 1164/1164 1163/1163
f 1212/1212 1213/1213 1165/1165 1164/1164
f 1213/1213 1214/1214 1166/1166 1165/1165
f 1214/1214 1215/1215 1167/1167 1166/1166
f 1215/1215 1216/1216 1168/1168 1167/1167
f 1216/1216 1217/1217 1169/1169 1168/1168
f 1217/1217 1218/1218 1170/1170 1169/1169
f 1218/1218 1219/1219 1171/1171 1170/1170
f 1219/1219 1220/1220 1172/1172 1171/1171
f 1220/1220 1221/1221 1173/1173 1172/1172
f 1221/1221 1222/1222 1174/1174 1173/1173
f 1222/1222 1223/1223 1175/1175 1174/1174
f 1223/1223 1224/1224 1176/1176 1175/1175
f 1224/1224 1225/1225 1177/1177 1176/1176
f 1225/1225 1226/1226 1178/1178 1177/1177
f 1226/1226 1227/1227 1179/1179 1178/1178
f 1227/1227 1228/1228 1180/1180 1179/1179
f 1228/1228 1229/1229 1181/1181 1180/1180
f 1229/1229 1230/1230 1182/1182 1181/1181
f 1230/1230 1231/1231 1183/1183 1182/1182
f 1231/1231 1232/1232 1184/1184 1183/1183
f 1232/1232 1233/1233 1185/1185 1184/1184
f 1233/1233 1234/1234 1186/1186 1185/1185
f 1234/1234 1235/1235 1187/1187 1186/1186
f 1235/1235 1236/1236 1188/1188 1187/1187
f 1236/1236 1237/1237 1189/1189 1188/1188
f 1237/1237 1238/1238 1190/1190 1189/1189
f 1238/1238 1239/1239 1191/1191 1190/1190
f 1239/1239 1240/1240 1192/1192 1191/1191
f 1240/1240 1241/1241 1193/1193 1192/1192
f 1241/1241 1242/1242 1194/1194 1193/1193
f 1242/1242 1243/1243 1195/1195 1194/1194
f 1243/1243 1244/1244 1196/1196 1195/1195
f 1244/1244 1245/1245 1197/1197 1196/1196
f 1245/1245 1246/1246 1198/1198 1197/1197
f 1246/1246 1247/1247 1199/1199 1198/1198
f 1247/1247 1248/1248 1200/1200 1199/1199
f 1248/1248 1201/1201 1153/1153 1200/1200
f 1249/1249 1250/1250 1202/1202 1201/1201
f 1250/1250 1251/1251 1203/1203 1202/1202
f 1251/1251 1252/1252 1204/1204 1203/1203
f 1252/1252 1253/1253 1205/1205 1204/1204
f 1253/1253 1254/1254 1206/1206 1205/1205
f 1254/1254 1255/1255 1207/1207 1206/1206
f 1255/1255 1256/1256 1208/1208 1207/1207
f 1256/1256 1257/1257 1209/1209 1208/1208
f 1257/1257 1258/1258 1210/1210 1209/1209
f 1258/1258 1259/1259 1211/1211 1210/1210
f 1259/1259 1260/1260 1212/1212 1211/1211
f 1260/1260 1261/1261 1213/1213 1212/1212
f 1261/1261 1262/1262 1214/1214 1213/1213
f 1262/1262 1263/1263 1215/1215 1214/1214
f 1263/1263 1264/1264 1216/1216 1215/1215
f 1264/1264 1265/1265 1217/1217 1216/1216
f 1265/1265 1266/1266 1218/1218 1217/1217
f 1266/1266 1267/1267 1219/1219 1218/1218
f 1267/1267 1268/1268 1220/1220 1219/1219
f 1268/1268 1269/1269 1221/1221 1220/1220
f 1269/1269 1270/1270 1222/1222 1221/1221
f 1270/1270 1271/1271 1223/1223 1222/1222
f 1271/1271 1272/1272 1224/1224 1223/1223
f 1272/1272 1273/1273 1225/1225 1224/1224
f 1273/1273 1274/1274 1226/1226 1225/1225
f 1274/1274 1275/1275 1227/1227 1226/1226
f 1275/1275 1276/1276 1228/1228 1227/1227
f 1276/1276 1277/1277 1229/1229 1228/1228
f 1277/1277 1278/1278 1230/1230 1229/1229
f 1278/1278 1279/1279 1231/1231 1230/1230
f 1279/1279 1280/1280 1232/1232 1231/1231
f 1280/1280 1281/1281 1233/1233 1232/1232
f 1281/1281 1282/1282 1234/1234 1233/1233
f 1282/1282 1283/1283 1235/1235 1234/1234
f 1283/1283 1284/1284 1236/1236 1235/1235
f 1284/1284 1285/1285 1237/1237 1236/1236
f 1285/1285 1286/1286 1238/1238 1237/1237
f 1286/1286 1287/1287 1239/1239 1238/1238
f 1287/1287 1288/1288 1240/1240 1239/1239
f 1288/1288 1289/1289 1241/1241 1240/1240
f 1289/1289 1290/1290 1242/1242 1241/1241
f 1290/1290 1291/1291 1243/1243 1242/1242
f 1291/1291 1292/1292 1244/1244 1243/1243
f 1292/1292 1293/1293 1245/1245 1244/1244
f 1293/1293 1294/1294 1246/1246 1245/1245
f 1294/1294 1295/1295 1247/1247 1246/1246
f 1295/1295 1296/1296 1248/1248 1247/1247
f 1296/1296 1249/1249 1201/1201 1248/1248
f 1297/1297 1298/1298 1250/1250 1249/1249
f 1298/1298 1299/1299 1251/1251 1250/1250
f 1299/1299 1300/1300 1252/1252 1251/1251
f 1300/1300 1301/1301 1253/1253 1252/1252
f 1301/1301 1302/1302 1254/1254 1253/1253
f 1302/1302 1303/1303 1255/1255 1254/1254
f 1303/1303 1304/1304 1256/1256 1255/1255
f 1304/1304 1305/1305 1257/1257 1256/1256
f 1305/1305 1306/1306 1258/1258 1257/1257
f 1306/1306 1307/1307 1259/1259 1258/1258
f 1307/1307 1308/1308 1260/1260 1259/1259
f 1308/1308 1309/1309 1261/1261 1260/1260
f 1309/1309 1310/1310 1262/1262 1261/1261
f 1310/1310 1311/1311 1263/1263 1262/1262
f 1311/1311 1312/1312 1264/1264 1263/1263
f 1312/1312 1313/1313 1265/1265 1264/1264
f 1313/1313 1314/1314 1266/1266 1265/1265
f 1314/1314 1315/1315 1267/1267 1266/1266
f 1315/1315 1316/1316 1268/1268 1267/1267
f 1316/1316 1317/1317 1269/1269 1268/1268
f 1317/1317 1318/1318 1270/1270 1269/1269
f 1318/1318 1319/1319 1271/1271 1270/1270
f 1319/1319 1320/1320 1272/1272 1271/1271
f 1320/1320 1321/1321 1273/1273 1272/1272
f 1321/1321 1322/1322 1274/1274 1273/1273
f 1322/1322 1323/1323 1275/1275 1274/1274
f 1323/1323 1324/1324 1276/1276 1275/1275
f 1324/1324 1325/1325 1277/1277 1276/1276
f 1325/1325 1326/1326 1278/1278 1277/1277
f 1326/1326 1327/1327 1279/1279 1278/1278
f 1327/1327 1328/1328 1280/1280 1279/1279
f 1328/1328 1329/1329 1281/1281 1280/1280
f 1329/1329 1330/1330 1282/1282 1281/1281
f 1330/1330 1331/1331 1283/1283 1282/1282
f 1331/1331 1332/1332 1284/1284 1283/1283
f 1332/1332 1333/1333 1285/1285 1284/1284
f 1333/1333 1334/1334 1286/1286 1285/1285
f 1334/1334 1335/1335 1287/1287 1286/1286
f 1335/1335 1336/1336 1288/1288 1287/1287
f 1336/1336 1337/1337 1289/1289 1288/1288
f 1337/1337 1338/1338 1290/1290 1289/1289
f 1338/1338 1339/1339 1291/1291 1290/1290
f 1339/1339 1340/1340 1292/1292 1291/1291
f 1340/1340 1341/1341 1293/1293 1292/1292
f 1341/1341 1342/1342 1294/1294 1293/1293
f 1342/1342 1343/1343 1295/1295 1294/1294
f 1343/1343 1344/1344 1296/1296 1295/1295
f 1344/1344 1297/1297 1249/1249 1296/1296
f 1345/1345 1346/1346 1298/1298 1297/1297
f 1346/1346 1347/1347 1299/1299 1298/1298
f 1347/1347 1348/1348 1300/1300 1299/1299
f 1348/1348 1349/1349 1301/1301 1300/1300
f 1349/1349 1350/1350 1302/1302 1301/1301
f 1350/1350 1351/1351 1303/1303 1302/1302
f 1351/1351 1352/1352 1304/1304 1303/1303
f 1352/1352 1353/1353 1305/1305 1304/1304
f 1353/1353 1354/1354 1306/1306 1305/1305
f 1354/1354 1355/1355 1307/1307 1306/1306
f 1355/1355 1356/1356 1308/1308 1307/1307
f 1356/1356 1357/1357 1309/1309 1308/1308
f 1357/1357 1358/1358 1310/1310 1309/1309
f 1358/1358 1359/1359 1311/1311 1310/1310
f 1359/1359 1360/1360 1312/1312 1311/1311
f 1360/1360 1361/1361 1313/1313 1312/1312
f 1361/1361 1362/1362 1314/1314 1313/1313
f 1362/1362 1363/1363 1315/1315 1314/1314
f 1363/1363 1364/1364 1316/1316 1315/1315
f 1364/1364 1365/1365 1317/1317 1316/1316
f 1365/1365 1366/1366 1318/1318 1317/1317
f 1366/1366 1367/1367 1319/1319 1318/1318
f 1367/1367 1368/1368 1320/1320 1319/1319
f 1368/1368 1369/1369 1321/1321 1320/1320
f 1369/1369 1370/1370 1322/1322 1321/1321
f 1370/1370 1371/1371 1323/1323 1322/1322
f 1371/1371 1372/1372 1324/1324 1323/1323
f 1372/1372 1373/1373 1325/1325 1324/1324
f 1373/1373 1374/1374 1326/1326 1325/1325
f 1374/1374 1375/1375 1327/1327 1326/1326
f 1375/1375 1376/1376 1328/1328 1327/1327
f 1376/1376 1377/1377 1329/1329 1328/1328
f 1377/1377 1378/1378 1330/1330 1329/1329
f 1378/1378 1379/1379 1331/1331 1330/1330
f 1379/1379 1380/1380 1332/1332 1331/1331
f 1380/1380 1381/1381 1333/1333 1332/1332
f 1381/1381 1382/1382 1334/1334 1333/1333
f 1382/1382 1383/1383 1335/1335 1334/1334
f 1383/1383 1384/1384 1336/1336 1335/1335
f 1384/1384 1385/1385 1337/1337 1336/1336
f 1385/1385 1386/1386 1338/1338 1337/1337
f 1386/1386 1387/1387 1339/1339 1338/1338
f 1387/1387 1388/1388 1340/1340 1339/1339
f 1388/1388 1389/1389 1341/1341 1340/1340
f 1389/1389 1390/1390 1342/1342 1341/1341
f 1390/1390 1391/1391 1343/1343 1342/1342
f 1391/1391 1392/1392 1344/1344 1343/1343
f 1392/1392 1345/1345 1297/1297 1344/1344
f 1393/1393 1394/1394 1346/1346 1345/1345
f 1394/1394 1395/1395 1347/1347 1346/1346
f 1395/1395 1396/1396 1348/1348 1347/1347
f 1396/1396 1397/1397 1349/1349 1348/1348
f 1397/1397 1398/1398 1350/1350 1349/1349
f 1398/1398 1399/1399 1351/1351 1350/1350
f 1399/1399 1400/1400 1352/1352 1351/1351
f 1400/1400 1401/1401 1353/1353 1352/1352
f 1401/1401 1402/1402 1354/1354 1353/1353
f 1402/1402 1403/1403 1355/1355 1354/1354
f 1403/1403 1404/1404 1356/1356 1355/1355
f 1404/1404 1405/1405 1357/1357 1356/1356
f 1405/1405 1406/1406 1358/1358 1357/1357
f 1406/1406 1407/1407 1359/1359 1358/1358
f 1407/1407 1408/1408 1360/1360 1359/1359
f 1408/1408 1409/1409 1361/1361 1360/1360
f 1409/1409 1410/1410 1362/1362 1361/1361
f 1410/1410 1411/1411 1363/1363 1362/1362
f 1411/1411 1412/1412 1364/1364 1363/1363
f 1412/1412 1413/1413 1365/1365 1364/1364
f 1413/1413 1414/1414 1366/1366 1365/1365
f 1414/1414 1415/1415 1367/1367 1366/1366
f 1415/1415 1416/1416 1368/1368 1367/1367
f 1416/1416 1417/1417 1369/1369 1368/1368
f 1417/1417 1418/1418 1370/1370 1369/1369
f 1418/1418 1419/1419 1371/1371 1370/1370
f 1419/1419 1420/1420 1372/1372 1371/1371
f 1420/1420 1421/1421 1373/1373 1372/1372
f 1421/1421 1422/1422 1374/1374 1373/1373
f 1422/1422 1423/1423 1375/1375 1374/1374
f 1423/1423 1424/1424 1376/1376 1375/1375
f 1424/1424 1425/1425 1377/1377 1376/1376
f 1425/1425 1426/1426 1378/1378 1377/1377
f 1426/1426 1427/1427 1379/1379 1378/1378
f 1427/1427 1428/1428 1380/1380 1379/1379
f 1428/1428 1429/1429 1381/1381 1380/1380
f 1429/1429 1430/1430 1382/1382 1381/1381
f 1430/1430 1431/1431 1383/1383 1382/1382
f 1431/1431 1432/1432 1384/1384 1383/1383
f 1432/1432 1433/1433 1385/1385 1384/1384
f 1433/1433 1434/1434 1386/1386 1385/1385
f 1434/1434 1435/1435 1387/1387 1386/1386
f 1435/1435 1436/1436 1388/1388 1387/1387
f 1436/1436 1437/1437 1389/1389 1388/1388
f 1437/1437 1438/1438 1390/1390 1389/1389
f 1438/1438 1439/1439 1391/1391 1390/1390
f 1439/1439 1440/1440 1392/1392 1391/1391
f 1440/1440 1393/1393 1345/1345 1392/1392
f 674/674 1394/1394 1393/1393 673/673
f 675/675 1395/1395 1394/1394 674/674
f 676/676 1396/1396 1395/1395 675/675
f 677/677 1397/1397 1396/1396 676/676
f 678/678 1398/1398 1397/1397 677/677
f 679/679 1399/1399 1398/1398 678/678
f 680/680 1400/1400 1399/1399 679/679
f 681/681 1401/1401 1400/1400 680/680
f 682/682 1402/1402 1401/1401 681/681
f 683/683 1403/1403 1402/1402 682/682
f 684/684 1404/1404 1403/1403 683/683
f 685/685 1405/1405 1404/1404 684/684
f 686/686 1406/1406 1405/1405 685/685
f 687/687 1407/1407 1406/1406 686/686
f 688/688 1408/1408 1407/1407 687/687
f 689/689 1409/1409 1408/1408 688/688
f 690/690 1410/1410 1409/1409 689/689
f 691/691 1411/1411 1410/1410 690/690
f 692/692 1412/1412 1411/1411 691/691
f 693/693 1413/1413 1412/1412 692/692
f 694/694 1414/1414 1413/1413 693/693
f 695/695 1415/1415 1414/1414 694/694
f 696/696 1416/1416 1415/1415 695/695
f 697/697 1417/1417 1416/1416 696/696
f 698/698 1418/1418 1417/1417 697/697
f 699/699 1419/1419 1418/1418 698/698
f 700/700 1420/1420 1419/1419 699/699
f 701/701 1421/1421 1420/1420 700/700
f 702/702 1422/1422 1421/1421 701/701
f 703/703 1423/1423 1422/1422 702/702
f 704/704 1424/1424 1423/1423 703/703
f 705/705 1425/1425 1424/1424 704/704
f 706/706 1426/1426 1425/1425 705/705
f 707/707 1427/1427 1426/1426 706/706
f 708/708 1428/1428 1427/1427 707/707
f 709/709 1429/1429 1428/1428 708/708
f 710/710 1430/1430 1429/1429 709/709
f 711/711 1431/1431 1430/1430 710/710
f 712/712 1432/1432 1431/1431 711/711
f 713/713 1433/1433 1432/1432 712/712
f 714/714 1434/1434 1433/1433 713/713
f 715/715 1435/1435 1434/1434 714/714
f 716/716 1436/1436 1435/1435 715/715
f 717/717 1437/1437 1436/1436 716/716
f 718/718 1438/1438 1437/1437 717/717
f 719/719 1439/1439 1438/1438 718/718
f 720/720 1440/1440 1439/1439 719/719
f 673/673 1393/1393 1440/1440 720/720
