# Original FAST-inspired game mesh
s 1
v 0.14880 -0.00000 11.53117
v 0.14808 -0.01283 11.53117
v 0.14594 -0.02555 11.53117
v 0.14239 -0.03801 11.53117
v 0.13747 -0.05011 11.53117
v 0.13123 -0.06173 11.53117
v 0.12372 -0.07275 11.53117
v 0.11502 -0.08307 11.53117
v 0.10521 -0.09259 11.53117
v 0.09440 -0.10122 11.53117
v 0.08267 -0.10887 11.53117
v 0.07014 -0.11548 11.53117
v 0.05694 -0.12097 11.53117
v 0.04319 -0.12530 11.53117
v 0.02903 -0.12842 11.53117
v 0.01458 -0.13031 11.53117
v 0.00000 -0.13094 11.53117
v -0.01458 -0.13031 11.53117
v -0.02903 -0.12842 11.53117
v -0.04319 -0.12530 11.53117
v -0.05694 -0.12097 11.53117
v -0.07014 -0.11548 11.53117
v -0.08267 -0.10887 11.53117
v -0.09440 -0.10122 11.53117
v -0.10521 -0.09259 11.53117
v -0.11502 -0.08307 11.53117
v -0.12372 -0.07275 11.53117
v -0.13123 -0.06173 11.53117
v -0.13747 -0.05011 11.53117
v -0.14239 -0.03801 11.53117
v -0.14594 -0.02555 11.53117
v -0.14808 -0.01283 11.53117
v -0.14880 -0.00000 11.53117
v -0.14808 0.01283 11.53117
v -0.14594 0.02555 11.53117
v -0.14239 0.03801 11.53117
v -0.13747 0.05011 11.53117
v -0.13123 0.06173 11.53117
v -0.12372 0.07275 11.53117
v -0.11502 0.08307 11.53117
v -0.10521 0.09259 11.53117
v -0.09440 0.10122 11.53117
v -0.08267 0.10887 11.53117
v -0.07014 0.11548 11.53117
v -0.05694 0.12097 11.53117
v -0.04319 0.12530 11.53117
v -0.02903 0.12842 11.53117
v -0.01458 0.13031 11.53117
v -0.00000 0.13094 11.53117
v 0.01458 0.13031 11.53117
v 0.02903 0.12842 11.53117
v 0.04319 0.12530 11.53117
v 0.05694 0.12097 11.53117
v 0.07014 0.11548 11.53117
v 0.08267 0.10887 11.53117
v 0.09440 0.10122 11.53117
v 0.10521 0.09259 11.53117
v 0.11502 0.08307 11.53117
v 0.12372 0.07275 11.53117
v 0.13123 0.06173 11.53117
v 0.13747 0.05011 11.53117
v 0.14239 0.03801 11.53117
v 0.14594 0.02555 11.53117
v 0.14808 0.01283 11.53117
v 1.11326 -0.00000 11.48543
v 1.08645 -0.09417 11.48722
v 1.05026 -0.18384 11.48892
v 1.00559 -0.26844 11.49052
v 0.95338 -0.34751 11.49200
v 0.89450 -0.42075 11.49336
v 0.82984 -0.48794 11.49459
v 0.76017 -0.54899 11.49568
v 0.68622 -0.60388 11.49663
v 0.60864 -0.65263 11.49743
v 0.52795 -0.69532 11.49809
v 0.44463 -0.73203 11.49859
v 0.35906 -0.76283 11.49894
v 0.27156 -0.78778 11.49914
v 0.18239 -0.80689 11.49918
v 0.09179 -0.82013 11.49907
v 0.00000 -0.82743 11.49880
v -0.09274 -0.82863 11.49838
v -0.18615 -0.82355 11.49781
v -0.27989 -0.81196 11.49708
v -0.37355 -0.79360 11.49621
v -0.46661 -0.76821 11.49520
v -0.55847 -0.73552 11.49404
v -0.64843 -0.69530 11.49276
v -0.73566 -0.64738 11.49134
v -0.81924 -0.59166 11.48980
v -0.89818 -0.52812 11.48816
v -0.97138 -0.45691 11.48642
v -1.03773 -0.37826 11.48459
v -1.09608 -0.29259 11.48270
v -1.14529 -0.20048 11.48075
v -1.18428 -0.10264 11.47877
v -1.21202 -0.00000 11.47678
v -1.18428 0.10264 11.47877
v -1.14529 0.20048 11.48075
v -1.09608 0.29259 11.48270
v -1.03773 0.37826 11.48459
v -0.97138 0.45691 11.48642
v -0.89818 0.52812 11.48816
v -0.81924 0.59166 11.48980
v -0.73566 0.64738 11.49134
v -0.64843 0.69530 11.49276
v -0.55847 0.73552 11.49404
v -0.46661 0.76821 11.49520
v -0.37355 0.79360 11.49621
v -0.27989 0.81196 11.49708
v -0.18615 0.82355 11.49781
v -0.09274 0.82863 11.49838
v -0.00000 0.82743 11.49880
v 0.09179 0.82013 11.49907
v 0.18239 0.80689 11.49918
v 0.27156 0.78778 11.49914
v 0.35906 0.76283 11.49894
v 0.44463 0.73203 11.49859
v 0.52795 0.69532 11.49809
v 0.60864 0.65263 11.49743
v 0.68622 0.60388 11.49663
v 0.76017 0.54899 11.49568
v 0.82984 0.48794 11.49459
v 0.89450 0.42075 11.49336
v 0.95338 0.34751 11.49200
v 1.00559 0.26844 11.49052
v 1.05026 0.18384 11.48892
v 1.08645 0.09417 11.48722
v 2.07097 -0.00000 11.37003
v 2.01852 -0.17495 11.37668
v 1.94876 -0.34112 11.38299
v 1.86346 -0.49744 11.38891
v 1.76443 -0.64315 11.39440
v 1.65341 -0.77772 11.39943
v 1.53205 -0.90084 11.40397
v 1.40187 -1.01242 11.40800
v 1.26421 -1.11251 11.41150
v 1.12027 -1.20125 11.41446
v 0.97103 -1.27885 11.41687
v 0.81729 -1.34556 11.41872
v 0.65972 -1.40158 11.42001
v 0.49882 -1.44708 11.42073
v 0.33501 -1.48211 11.42088
v 0.16863 -1.50664 11.42047
v 0.00000 -1.52053 11.41949
v -0.17051 -1.52351 11.41795
v -0.34249 -1.51518 11.41584
v -0.51538 -1.49509 11.41318
v -0.68848 -1.46269 11.40998
v -0.86092 -1.41739 11.40623
v -1.03161 -1.35865 11.40197
v -1.19924 -1.28593 11.39720
v -1.36229 -1.19882 11.39196
v -1.51903 -1.09704 11.38627
v -1.66755 -0.98052 11.38017
v -1.80578 -0.84939 11.37370
v -1.93156 -0.70407 11.36690
v -2.04267 -0.54528 11.35985
v -2.13689 -0.37405 11.35259
v -2.21210 -0.19173 11.34520
v -2.26631 -0.00000 11.33776
v -2.21210 0.19173 11.34520
v -2.13689 0.37405 11.35259
v -2.04267 0.54528 11.35985
v -1.93156 0.70407 11.36690
v -1.80578 0.84939 11.37370
v -1.66755 0.98052 11.38017
v -1.51903 1.09704 11.38627
v -1.36229 1.19882 11.39196
v -1.19924 1.28593 11.39720
v -1.03161 1.35865 11.40197
v -0.86092 1.41739 11.40623
v -0.68848 1.46269 11.40998
v -0.51538 1.49509 11.41318
v -0.34249 1.51518 11.41584
v -0.17051 1.52351 11.41795
v -0.00000 1.52053 11.41949
v 0.16863 1.50664 11.42047
v 0.33501 1.48211 11.42088
v 0.49882 1.44708 11.42073
v 0.65972 1.40158 11.42001
v 0.81729 1.34556 11.41872
v 0.97103 1.27885 11.41687
v 1.12027 1.20125 11.41446
v 1.26421 1.11251 11.41150
v 1.40187 1.01242 11.40800
v 1.53205 0.90084 11.40397
v 1.65341 0.77772 11.39943
v 1.76443 0.64315 11.39440
v 1.86346 0.49744 11.38891
v 1.94876 0.34112 11.38299
v 2.01852 0.17495 11.37668
v 3.01612 -0.00000 11.18566
v 2.93889 -0.25472 11.20019
v 2.83646 -0.49650 11.21397
v 2.71145 -0.72381 11.22690
v 2.56652 -0.93552 11.23888
v 2.40425 -1.13089 11.24985
v 2.22707 -1.30951 11.25975
v 2.03720 -1.47126 11.26854
v 1.83664 -1.61625 11.27617
v 1.62711 -1.74472 11.28262
v 1.41003 -1.85703 11.28786
v 1.18659 -1.95356 11.29189
v 0.95770 -2.03465 11.29470
v 0.72408 -2.10054 11.29627
v 0.48629 -2.15136 11.29660
v 0.24478 -2.18706 11.29571
v 0.00000 -2.20743 11.29357
v -0.24758 -2.21208 11.29021
v -0.49738 -2.20042 11.28563
v -0.74863 -2.17175 11.27983
v -1.00035 -2.12525 11.27284
v -1.25127 -2.06005 11.26469
v -1.49982 -1.97528 11.25539
v -1.74409 -1.87016 11.24499
v -1.98187 -1.74405 11.23355
v -2.21061 -1.59649 11.22113
v -2.42749 -1.42736 11.20781
v -2.62950 -1.23684 11.19367
v -2.81343 -1.02552 11.17884
v -2.97602 -0.79443 11.16342
v -3.11402 -0.54509 11.14756
v -3.22429 -0.27946 11.13141
v -3.30388 -0.00000 11.11513
v -3.22429 0.27946 11.13141
v -3.11402 0.54509 11.14756
v -2.97602 0.79443 11.16342
v -2.81343 1.02552 11.17884
v -2.62950 1.23684 11.19367
v -2.42749 1.42736 11.20781
v -2.21061 1.59649 11.22113
v -1.98187 1.74405 11.23355
v -1.74409 1.87016 11.24499
v -1.49982 1.97528 11.25539
v -1.25127 2.06005 11.26469
v -1.00035 2.12525 11.27284
v -0.74863 2.17175 11.27983
v -0.49738 2.20042 11.28563
v -0.24758 2.21208 11.29021
v -0.00000 2.20743 11.29357
v 0.24478 2.18706 11.29571
v 0.48629 2.15136 11.29660
v 0.72408 2.10054 11.29627
v 0.95770 2.03465 11.29470
v 1.18659 1.95356 11.29189
v 1.41003 1.85703 11.28786
v 1.62711 1.74472 11.28262
v 1.83664 1.61625 11.27617
v 2.03720 1.47126 11.26854
v 2.22707 1.30951 11.25975
v 2.40425 1.13089 11.24985
v 2.56652 0.93552 11.23888
v 2.71145 0.72381 11.22690
v 2.83646 0.49650 11.21397
v 2.93889 0.25472 11.20019
v 3.94297 -0.00000 10.93345
v 3.84223 -0.33302 10.95878
v 3.70843 -0.64913 10.98280
v 3.54505 -0.94633 11.00533
v 3.35556 -1.22313 11.02622
v 3.14335 -1.47854 11.04535
v 2.91161 -1.71202 11.06261
v 2.66329 -1.92342 11.07792
v 2.40099 -2.11287 11.09122
v 2.12698 -2.28072 11.10246
v 1.84314 -2.42744 11.11160
v 1.55101 -2.55353 11.11863
v 1.25179 -2.65945 11.12351
v 0.94642 -2.74553 11.12625
v 0.63560 -2.81194 11.12684
v 0.31994 -2.85864 11.12527
v 0.00000 -2.88533 11.12156
v -0.32362 -2.89148 11.11570
v -0.65016 -2.87635 11.10771
v -0.97864 -2.83899 11.09761
v -1.30775 -2.77833 11.08543
v -1.63585 -2.69320 11.07120
v -1.96086 -2.58247 11.05500
v -2.28027 -2.44510 11.03688
v -2.59117 -2.28023 11.01693
v -2.89022 -2.08731 10.99528
v -3.17371 -1.86613 10.97205
v -3.43766 -1.61697 10.94742
v -3.67788 -1.34062 10.92156
v -3.89010 -1.03844 10.89469
v -4.07007 -0.71244 10.86705
v -4.21367 -0.36521 10.83890
v -4.31710 -0.00000 10.81053
v -4.21367 0.36521 10.83890
v -4.07007 0.71244 10.86705
v -3.89010 1.03844 10.89469
v -3.67788 1.34062 10.92156
v -3.43766 1.61697 10.94742
v -3.17371 1.86613 10.97205
v -2.89022 2.08731 10.99528
v -2.59117 2.28023 11.01693
v -2.28027 2.44510 11.03688
v -1.96086 2.58247 11.05500
v -1.63585 2.69320 11.07120
v -1.30775 2.77833 11.08543
v -0.97864 2.83899 11.09761
v -0.65016 2.87635 11.10771
v -0.32362 2.89148 11.11570
v -0.00000 2.88533 11.12156
v 0.31994 2.85864 11.12527
v 0.63560 2.81194 11.12684
v 0.94642 2.74553 11.12625
v 1.25179 2.65945 11.12351
v 1.55101 2.55353 11.11863
v 1.84314 2.42744 11.11160
v 2.12698 2.28072 11.10246
v 2.40099 2.11287 11.09122
v 2.66329 1.92342 11.07792
v 2.91161 1.71202 11.06261
v 3.14335 1.47854 11.04535
v 3.35556 1.22313 11.02622
v 3.54505 0.94633 11.00533
v 3.70843 0.64913 10.98280
v 3.84223 0.33302 10.95878
v 4.84591 -0.00000 10.61493
v 4.72329 -0.40938 10.65384
v 4.55986 -0.79817 10.69076
v 4.35985 -1.16384 10.72539
v 4.12754 -1.50452 10.75751
v 3.86710 -1.81897 10.78692
v 3.58247 -2.10648 10.81346
v 3.27728 -2.36684 10.83701
v 2.95477 -2.60020 10.85747
v 2.61774 -2.80696 10.87476
v 2.26853 -2.98769 10.88883
v 1.90905 -3.14300 10.89963
v 1.54080 -3.27345 10.90715
v 1.16494 -3.37945 10.91137
v 0.78236 -3.46121 10.91227
v 0.39381 -3.51865 10.90986
v 0.00000 -3.55144 10.90414
v -0.39832 -3.55891 10.89513
v -0.80020 -3.54013 10.88284
v -1.20440 -3.49394 10.86730
v -1.60932 -3.41902 10.84856
v -2.01288 -3.31394 10.82668
v -2.41252 -3.17732 10.80176
v -2.80512 -3.00788 10.77389
v -3.18705 -2.80461 10.74323
v -3.55419 -2.56683 10.70994
v -3.90197 -2.29435 10.67424
v -4.22548 -1.98754 10.63638
v -4.51956 -1.64742 10.59665
v -4.77899 -1.27573 10.55538
v -4.99855 -0.87496 10.51295
v -5.17325 -0.44838 10.46974
v -5.29847 -0.00000 10.42622
v -5.17325 0.44838 10.46974
v -4.99855 0.87496 10.51295
v -4.77899 1.27573 10.55538
v -4.51956 1.64742 10.59665
v -4.22548 1.98754 10.63638
v -3.90197 2.29435 10.67424
v -3.55419 2.56683 10.70994
v -3.18705 2.80461 10.74323
v -2.80512 3.00788 10.77389
v -2.41252 3.17732 10.80176
v -2.01288 3.31394 10.82668
v -1.60932 3.41902 10.84856
v -1.20440 3.49394 10.86730
v -0.80020 3.54013 10.88284
v -0.39832 3.55891 10.89513
v -0.00000 3.55144 10.90414
v 0.39381 3.51865 10.90986
v 0.78236 3.46121 10.91227
v 1.16494 3.37945 10.91137
v 1.54080 3.27345 10.90715
v 1.90905 3.14300 10.89963
v 2.26853 2.98769 10.88883
v 2.61774 2.80696 10.87476
v 2.95477 2.60020 10.85747
v 3.27728 2.36684 10.83701
v 3.58247 2.10648 10.81346
v 3.86710 1.81897 10.78692
v 4.12754 1.50452 10.75751
v 4.35985 1.16384 10.72539
v 4.55986 0.79817 10.69076
v 4.72329 0.40938 10.65384
v 5.71946 -0.00000 10.23202
v 5.57697 -0.48337 10.28715
v 5.38601 -0.94278 10.33946
v 5.15152 -1.37517 10.38855
v 4.87854 -1.77827 10.43410
v 4.57197 -2.15052 10.47582
v 4.23649 -2.49104 10.51349
v 3.87640 -2.79953 10.54691
v 3.49555 -3.07609 10.57595
v 3.09729 -3.32118 10.60050
v 2.68443 -3.53543 10.62047
v 2.25924 -3.71954 10.63582
v 1.82355 -3.87415 10.64649
v 1.37876 -3.99974 10.65248
v 0.92597 -4.09653 10.65376
v 0.46609 -4.16445 10.65034
v 0.00000 -4.20306 10.64222
v -0.47137 -4.21159 10.62942
v -0.94685 -4.18894 10.61196
v -1.42495 -4.13375 10.58990
v -1.90371 -4.04445 10.56330
v -2.38064 -3.91940 10.53225
v -2.85265 -3.75697 10.49688
v -3.31602 -3.55571 10.45734
v -3.76642 -3.31445 10.41385
v -4.19894 -3.03246 10.36665
v -4.60816 -2.70959 10.31605
v -4.98829 -2.34634 10.26241
v -5.33326 -1.94402 10.20614
v -5.63692 -1.50475 10.14771
v -5.89319 -1.03156 10.08766
v -6.09626 -0.52838 10.02655
v -6.24078 -0.00000 9.96501
v -6.09626 0.52838 10.02655
v -5.89319 1.03156 10.08766
v -5.63692 1.50475 10.14771
v -5.33326 1.94402 10.20614
v -4.98829 2.34634 10.26241
v -4.60816 2.70959 10.31605
v -4.19894 3.03246 10.36665
v -3.76642 3.31445 10.41385
v -3.31602 3.55571 10.45734
v -2.85265 3.75697 10.49688
v -2.38064 3.91940 10.53225
v -1.90371 4.04445 10.56330
v -1.42495 4.13375 10.58990
v -0.94685 4.18894 10.61196
v -0.47137 4.21159 10.62942
v -0.00000 4.20306 10.64222
v 0.46609 4.16445 10.65034
v 0.92597 4.09653 10.65376
v 1.37876 3.99974 10.65248
v 1.82355 3.87415 10.64649
v 2.25924 3.71954 10.63582
v 2.68443 3.53543 10.62047
v 3.09729 3.32118 10.60050
v 3.49555 3.07609 10.57595
v 3.87640 2.79953 10.54691
v 4.23649 2.49104 10.51349
v 4.57197 2.15052 10.47582
v 4.87854 1.77827 10.43410
v 5.15152 1.37517 10.38855
v 5.38601 0.94278 10.33946
v 5.57697 0.48337 10.28715
v 6.55832 -0.00000 9.78705
v 6.39832 -0.55456 9.86082
v 6.18230 -1.08217 9.93085
v 5.91587 -1.57921 9.99661
v 5.60474 -2.04297 10.05765
v 5.25452 -2.47157 10.11358
v 4.87060 -2.86390 10.16410
v 4.45792 -3.21950 10.20893
v 4.02096 -3.53844 10.24790
v 3.56358 -3.82117 10.28085
v 3.08909 -4.06837 10.30766
v 2.60014 -4.28078 10.32826
v 2.09890 -4.45912 10.34260
v 1.58702 -4.60390 10.35064
v 1.06585 -4.71537 10.35236
v 0.53649 -4.79340 10.34776
v 0.00000 -4.83752 10.33686
v -0.54247 -4.84682 10.31967
v -1.08951 -4.82004 10.29623
v -1.63933 -4.75565 10.26662
v -2.18961 -4.65185 10.23092
v -2.73742 -4.50679 10.18926
v -3.27914 -4.31867 10.14182
v -3.81043 -4.08586 10.08881
v -4.32626 -3.80711 10.03051
v -4.82096 -3.48168 9.96727
v -5.28829 -3.10950 9.89951
v -5.72159 -2.69126 9.82771
v -6.11394 -2.22858 9.75243
v -6.45834 -1.72402 9.67431
v -6.74792 -1.18118 9.59407
v -6.97615 -0.60464 9.51246
v -7.13706 -0.00000 9.43033
v -6.97615 0.60464 9.51246
v -6.74792 1.18118 9.59407
v -6.45834 1.72402 9.67431
v -6.11394 2.22858 9.75243
v -5.72159 2.69126 9.82771
v -5.28829 3.10950 9.89951
v -4.82096 3.48168 9.96727
v -4.32626 3.80711 10.03051
v -3.81043 4.08586 10.08881
v -3.27914 4.31867 10.14182
v -2.73742 4.50679 10.18926
v -2.18961 4.65185 10.23092
v -1.63933 4.75565 10.26662
v -1.08951 4.82004 10.29623
v -0.54247 4.84682 10.31967
v -0.00000 4.83752 10.33686
v 0.53649 4.79340 10.34776
v 1.06585 4.71537 10.35236
v 1.58702 4.60390 10.35064
v 2.09890 4.45912 10.34260
v 2.60014 4.28078 10.32826
v 3.08909 4.06837 10.30766
v 3.56358 3.82117 10.28085
v 4.02096 3.53844 10.24790
v 4.45792 3.21950 10.20893
v 4.87060 2.86390 10.16410
v 5.25452 2.47157 10.11358
v 5.60474 2.04297 10.05765
v 5.91587 1.57921 9.99661
v 6.18230 1.08217 9.93085
v 6.39832 0.55456 9.86082
v 7.35740 -0.00000 9.28272
v 7.18259 -0.62253 9.37733
v 6.94434 -1.21556 9.46721
v 6.64884 -1.77487 9.55165
v 6.30244 -2.29729 9.63007
v 5.91142 -2.78055 9.70197
v 5.48181 -3.22329 9.76692
v 5.01921 -3.62486 9.82461
v 4.52867 -3.98523 9.87476
v 4.01462 -4.30481 9.91717
v 3.48081 -4.58428 9.95170
v 2.93035 -4.82442 9.97823
v 2.36572 -5.02598 9.99670
v 1.78888 -5.18950 10.00705
v 1.20143 -5.31521 10.00927
v 0.60471 -5.40298 10.00335
v 0.00000 -5.45223 9.98930
v -0.61131 -5.46196 9.96716
v -1.22756 -5.43078 9.93698
v -1.84660 -5.35694 9.89886
v -2.46574 -5.23849 9.85291
v -3.08158 -5.07341 9.79930
v -3.68995 -4.85972 9.73827
v -4.28590 -4.59570 9.67011
v -4.86369 -4.28005 9.59519
v -5.41690 -3.91207 9.51397
v -5.93850 -3.49182 9.42698
v -6.42103 -3.02026 9.33486
v -6.85676 -2.49934 9.23834
v -7.23793 -1.93213 9.13825
v -7.55696 -1.32279 9.03551
v -7.80671 -0.67663 8.93110
v -7.98071 -0.00000 8.82610
v -7.80671 0.67663 8.93110
v -7.55696 1.32279 9.03551
v -7.23793 1.93213 9.13825
v -6.85676 2.49934 9.23834
v -6.42103 3.02026 9.33486
v -5.93850 3.49182 9.42698
v -5.41690 3.91207 9.51397
v -4.86369 4.28005 9.59519
v -4.28590 4.59570 9.67011
v -3.68995 4.85972 9.73827
v -3.08158 5.07341 9.79930
v -2.46574 5.23849 9.85291
v -1.84660 5.35694 9.89886
v -1.22756 5.43078 9.93698
v -0.61131 5.46196 9.96716
v -0.00000 5.45223 9.98930
v 0.60471 5.40298 10.00335
v 1.20143 5.31521 10.00927
v 1.78888 5.18950 10.00705
v 2.36572 5.02598 9.99670
v 2.93035 4.82442 9.97823
v 3.48081 4.58428 9.95170
v 4.01462 4.30481 9.91717
v 4.52867 3.98523 9.87476
v 5.01921 3.62486 9.82461
v 5.48181 3.22329 9.76692
v 5.91142 2.78055 9.70197
v 6.30244 2.29729 9.63007
v 6.64884 1.77487 9.55165
v 6.94434 1.21556 9.46721
v 7.18259 0.62253 9.37733
v 8.11185 -0.00000 8.72208
v 7.92522 -0.68690 8.83949
v 7.66788 -1.34221 8.95109
v 7.34654 -1.96112 9.05602
v 6.96810 -2.53993 9.15353
v 6.53946 -3.07596 9.24298
v 6.06725 -3.56753 9.32384
v 5.55770 -4.01376 9.39569
v 5.01645 -4.41448 9.45817
v 4.44846 -4.77001 9.51103
v 3.85797 -5.08100 9.55408
v 3.24851 -5.34822 9.58716
v 2.62293 -5.57243 9.61020
v 1.98353 -5.75417 9.62311
v 1.33218 -5.89366 9.62588
v 0.67049 -5.99071 9.61850
v 0.00000 -6.04469 9.60097
v -0.67763 -6.05448 9.57336
v -1.36041 -6.01855 9.53573
v -2.04587 -5.93502 9.48820
v -2.73088 -5.80177 9.43094
v -3.41154 -5.61663 9.36416
v -4.08313 -5.37753 9.28817
v -4.74006 -5.08268 9.20335
v -5.37592 -4.73081 9.11016
v -5.98353 -4.32129 9.00919
v -6.55513 -3.85440 8.90112
v -7.08248 -3.33138 8.78677
v -7.55712 -2.75463 8.66705
v -7.97063 -2.12772 8.54300
v -8.31483 -1.45545 8.41576
v -8.58207 -0.74383 8.28659
v -8.76551 -0.00000 8.15679
v -8.58207 0.74383 8.28659
v -8.31483 1.45545 8.41576
v -7.97063 2.12772 8.54300
v -7.55712 2.75463 8.66705
v -7.08248 3.33138 8.78677
v -6.55513 3.85440 8.90112
v -5.98353 4.32129 9.00919
v -5.37592 4.73081 9.11016
v -4.74006 5.08268 9.20335
v -4.08313 5.37753 9.28817
v -3.41154 5.61663 9.36416
v -2.73088 5.80177 9.43094
v -2.04587 5.93502 9.48820
v -1.36041 6.01855 9.53573
v -0.67763 6.05448 9.57336
v -0.00000 6.04469 9.60097
v 0.67049 5.99071 9.61850
v 1.33218 5.89366 9.62588
v 1.98353 5.75417 9.62311
v 2.62293 5.57243 9.61020
v 3.24851 5.34822 9.58716
v 3.85797 5.08100 9.55408
v 4.44846 4.77001 9.51103
v 5.01645 4.41448 9.45817
v 5.55770 4.01376 9.39569
v 6.06725 3.56753 9.32384
v 6.53946 3.07596 9.24298
v 6.96810 2.53993 9.15353
v 7.34654 1.96112 9.05602
v 7.66788 1.34221 8.95109
v 7.92522 0.68690 8.83949
v 8.81710 -0.00000 8.10855
v 8.62190 -0.74728 8.25040
v 8.34892 -1.46142 8.38536
v 8.00527 -2.13697 8.51235
v 7.59834 -2.76965 8.63046
v 7.13557 -3.35635 8.73887
v 6.62418 -3.89500 8.83694
v 6.07097 -4.38444 8.92411
v 5.48216 -4.82430 8.99997
v 4.86325 -5.21478 9.06417
v 4.21897 -5.55644 9.11646
v 3.55330 -5.85003 9.15667
v 2.86949 -6.09625 9.18466
v 2.17018 -6.29563 9.20037
v 1.45757 -6.44837 9.20373
v 0.73356 -6.55422 9.19475
v 0.00000 -6.61248 9.17345
v -0.74114 -6.62192 9.13989
v -1.48752 -6.58089 9.09417
v -2.23628 -6.48738 9.03644
v -2.98383 -6.33917 8.96690
v -3.72577 -6.13397 8.88586
v -4.45678 -5.86964 8.79367
v -5.17066 -5.54441 8.69082
v -5.86028 -5.15705 8.57791
v -6.51779 -4.70713 8.45566
v -7.13468 -4.19517 8.32492
v -7.70201 -3.62279 8.18669
v -8.21070 -2.99286 8.04209
v -8.65171 -2.30953 7.89241
v -9.01639 -1.57826 7.73904
v -9.29674 -0.80577 7.58347
v -9.48567 -0.00000 7.42732
v -9.29674 0.80577 7.58347
v -9.01639 1.57826 7.73904
v -8.65171 2.30953 7.89241
v -8.21070 2.99286 8.04209
v -7.70201 3.62279 8.18669
v -7.13468 4.19517 8.32492
v -6.51779 4.70713 8.45566
v -5.86028 5.15705 8.57791
v -5.17066 5.54441 8.69082
v -4.45678 5.86964 8.79367
v -3.72577 6.13397 8.88586
v -2.98383 6.33917 8.96690
v -2.23628 6.48738 9.03644
v -1.48752 6.58089 9.09417
v -0.74114 6.62192 9.13989
v -0.00000 6.61248 9.17345
v 0.73356 6.55422 9.19475
v 1.45757 6.44837 9.20373
v 2.17018 6.29563 9.20037
v 2.86949 6.09625 9.18466
v 3.55330 5.85003 9.15667
v 4.21897 5.55644 9.11646
v 4.86325 5.21478 9.06417
v 5.48216 4.82430 8.99997
v 6.07097 4.38444 8.92411
v 6.62418 3.89500 8.83694
v 7.13557 3.35635 8.73887
v 7.59834 2.76965 8.63046
v 8.00527 2.13697 8.51235
v 8.34892 1.46142 8.38536
v 8.62190 0.74728 8.25040
v 9.46888 -0.00000 7.44583
v 9.26861 -0.80333 7.61349
v 8.98369 -1.57253 7.77315
v 8.62154 -2.30148 7.92354
v 8.18995 -2.98530 8.06351
v 7.69684 -3.62036 8.19210
v 7.14997 -4.20416 8.30849
v 6.55668 -4.73522 8.41203
v 5.92376 -5.21291 8.50216
v 5.25722 -5.63723 8.57849
v 4.56232 -6.00863 8.64068
v 3.84348 -6.32777 8.68852
v 3.10439 -6.59531 8.72183
v 2.34808 -6.81171 8.74052
v 1.57709 -6.97712 8.74452
v 0.79367 -7.09124 8.73384
v 0.00000 -7.15327 8.70849
v -0.80158 -7.16192 8.66856
v -1.60834 -7.11541 8.61417
v -2.41700 -7.01164 8.54552
v -3.22347 -6.84829 8.46287
v -4.02282 -6.62302 8.36658
v -4.80913 -6.33369 8.25713
v -5.57555 -5.97856 8.13510
v -6.31429 -5.55657 8.00122
v -7.01679 -5.06750 7.85639
v -7.67387 -4.51221 7.70163
v -8.27598 -3.89277 7.53816
v -8.81344 -3.21257 7.36735
v -9.27675 -2.47638 7.19071
v -9.65691 -1.69037 7.00990
v -9.94567 -0.86202 6.82673
v -10.13588 -0.00000 6.64309
v -9.94567 0.86202 6.82673
v -9.65691 1.69037 7.00990
v -9.27675 2.47638 7.19071
v -8.81344 3.21257 7.36735
v -8.27598 3.89277 7.53816
v -7.67387 4.51221 7.70163
v -7.01679 5.06750 7.85639
v -6.31429 5.55657 8.00122
v -5.57555 5.97856 8.13510
v -4.80913 6.33369 8.25713
v -4.02282 6.62302 8.36658
v -3.22347 6.84829 8.46287
v -2.41700 7.01164 8.54552
v -1.60834 7.11541 8.61417
v -0.80158 7.16192 8.66856
v -0.00000 7.15327 8.70849
v 0.79367 7.09124 8.73384
v 1.57709 6.97712 8.74452
v 2.34808 6.81171 8.74052
v 3.10439 6.59531 8.72183
v 3.84348 6.32777 8.68852
v 4.56232 6.00863 8.64068
v 5.25722 5.63723 8.57849
v 5.92376 5.21291 8.50216
v 6.55668 4.73522 8.41203
v 7.14997 4.20416 8.30849
v 7.69684 3.62036 8.19210
v 8.18995 2.98530 8.06351
v 8.62154 2.30148 7.92354
v 8.98369 1.57253 7.77315
v 9.26861 0.80333 7.61349
v 10.06322 -0.00000 6.73795
v 9.86159 -0.85473 6.93244
v 9.56867 -1.67493 7.11786
v 9.19207 -2.45378 7.29269
v 8.73992 -3.18577 7.45556
v 8.22053 -3.86669 7.60533
v 7.64215 -4.49356 7.74099
v 7.01263 -5.06450 7.86175
v 6.33929 -5.57857 7.96695
v 5.62868 -6.03554 8.05608
v 4.88657 -6.43567 8.12873
v 4.11786 -6.77950 8.18463
v 3.32669 -7.06758 8.22357
v 2.51651 -7.30031 8.24542
v 1.69025 -7.47777 8.25010
v 0.85056 -7.59959 8.23761
v 0.00000 -7.66487 8.20798
v -0.85869 -7.67224 8.16131
v -1.72237 -7.61985 8.09776
v -2.58724 -7.50551 8.01757
v -3.44873 -7.32686 7.92108
v -4.30132 -7.08154 7.80874
v -5.13849 -6.76746 7.68111
v -5.95272 -6.38300 7.53892
v -6.73557 -5.92730 7.38307
v -7.47781 -5.40046 7.21460
v -8.16966 -4.80374 7.03478
v -8.80097 -4.13971 6.84503
v -9.36160 -3.41238 6.64698
v -9.84170 -2.62719 6.44242
v -10.23203 -1.79104 6.23331
v -10.52427 -0.91216 6.02172
v -10.71135 -0.00000 5.80986
v -10.52427 0.91216 6.02172
v -10.23203 1.79104 6.23331
v -9.84170 2.62719 6.44242
v -9.36160 3.41238 6.64698
v -8.80097 4.13971 6.84503
v -8.16966 4.80374 7.03478
v -7.47781 5.40046 7.21460
v -6.73557 5.92730 7.38307
v -5.95272 6.38300 7.53892
v -5.13849 6.76746 7.68111
v -4.30132 7.08154 7.80874
v -3.44873 7.32686 7.92108
v -2.58724 7.50551 8.01757
v -1.72237 7.61985 8.09776
v -0.85869 7.67224 8.16131
v -0.00000 7.66487 8.20798
v 0.85056 7.59959 8.23761
v 1.69025 7.47777 8.25010
v 2.51651 7.30031 8.24542
v 3.32669 7.06758 8.22357
v 4.11786 6.77950 8.18463
v 4.88657 6.43567 8.12873
v 5.62868 6.03554 8.05608
v 6.33929 5.57857 7.96695
v 7.01263 5.06450 7.86175
v 7.64215 4.49356 7.74099
v 8.22053 3.86669 7.60533
v 8.73992 3.18577 7.45556
v 9.19207 2.45378 7.29269
v 9.56867 1.67493 7.11786
v 9.86159 0.85473 6.93244
v 10.59652 -0.00000 5.98921
v 10.39741 -0.90117 6.21121
v 10.10062 -1.76804 6.42312
v 9.71385 -2.59306 6.62316
v 9.24546 -3.37004 6.80972
v 8.70409 -4.09414 6.98142
v 8.09840 -4.76184 7.13711
v 7.43674 -5.37080 7.27579
v 6.72692 -5.91969 7.39669
v 5.97604 -6.40800 7.49917
v 5.19036 -6.83577 7.58276
v 4.37530 -7.20334 7.64709
v 3.53548 -7.51115 7.69192
v 2.67479 -7.75948 7.71707
v 1.79661 -7.94832 7.72247
v 0.90402 -8.07721 7.70808
v 0.00000 -8.14518 7.67397
v -0.91225 -8.15078 7.62025
v -1.82911 -8.09208 7.54712
v -2.74628 -7.96687 7.45489
v -3.65861 -7.77275 7.34397
v -4.56000 -7.50742 7.21489
v -5.44328 -7.16887 7.06837
v -6.30030 -6.75570 6.90527
v -7.12195 -6.26731 6.72666
v -7.89839 -5.70419 6.53378
v -8.61924 -5.06809 6.32814
v -9.27388 -4.36216 6.11140
v -9.85181 -3.59106 5.88546
v -10.34291 -2.76099 5.65241
v -10.73787 -1.87959 5.41450
v -11.02845 -0.95586 5.17413
v -11.20782 -0.00000 4.93380
v -11.02845 0.95586 5.17413
v -10.73787 1.87959 5.41450
v -10.34291 2.76099 5.65241
v -9.85181 3.59106 5.88546
v -9.27388 4.36216 6.11140
v -8.61924 5.06809 6.32814
v -7.89839 5.70419 6.53378
v -7.12195 6.26731 6.72666
v -6.30030 6.75570 6.90527
v -5.44328 7.16887 7.06837
v -4.56000 7.50742 7.21489
v -3.65861 7.77275 7.34397
v -2.74628 7.96687 7.45489
v -1.82911 8.09208 7.54712
v -0.91225 8.15078 7.62025
v -0.00000 8.14518 7.67397
v 0.90402 8.07721 7.70808
v 1.79661 7.94832 7.72247
v 2.67479 7.75948 7.71707
v 3.53548 7.51115 7.69192
v 4.37530 7.20334 7.64709
v 5.19036 6.83577 7.58276
v 5.97604 6.40800 7.49917
v 6.72692 5.91969 7.39669
v 7.43674 5.37080 7.27579
v 8.09840 4.76184 7.13711
v 8.70409 4.09414 6.98142
v 9.24546 3.37004 6.80972
v 9.71385 2.59306 6.62316
v 10.10062 1.76804 6.42312
v 10.39741 0.90117 6.21121
v 11.06556 -0.00000 5.20413
v 10.87295 -0.94239 5.45397
v 10.57658 -1.85135 5.69278
v 10.18410 -2.71860 5.91850
v 9.70399 -3.53718 6.12925
v 9.14515 -4.30160 6.32344
v 8.51659 -5.00773 6.49967
v 7.82710 -5.65271 6.65680
v 7.08496 -6.23477 6.79388
v 6.29780 -6.75303 6.91015
v 5.47242 -7.20725 7.00504
v 4.61475 -7.59756 7.07810
v 3.72990 -7.92421 7.12902
v 2.82228 -8.18736 7.15761
v 1.89574 -8.38686 7.16373
v 0.95382 -8.52217 7.14739
v 0.00000 -8.59224 7.10863
v -0.96203 -8.59554 7.04761
v -1.92812 -8.53011 6.96458
v -2.89341 -8.39371 6.85991
v -3.85217 -8.18397 6.73409
v -4.79765 -7.89868 6.58779
v -5.72205 -7.53602 6.42184
v -6.61655 -7.09482 6.23729
v -7.47142 -6.57485 6.03539
v -8.27622 -5.97706 5.81762
v -9.02006 -5.30377 5.58570
v -9.69192 -4.55879 5.34160
v -10.28101 -3.74751 5.08750
v -10.77712 -2.87690 4.82579
v -11.17099 -1.95540 4.55903
v -11.45465 -0.99280 4.28994
v -11.62165 -0.00000 4.02135
v -11.45465 0.99280 4.28994
v -11.17099 1.95540 4.55903
v -10.77712 2.87690 4.82579
v -10.28101 3.74751 5.08750
v -9.69192 4.55879 5.34160
v -9.02006 5.30377 5.58570
v -8.27622 5.97706 5.81762
v -7.47142 6.57485 6.03539
v -6.61655 7.09482 6.23729
v -5.72205 7.53602 6.42184
v -4.79765 7.89868 6.58779
v -3.85217 8.18397 6.73409
v -2.89341 8.39371 6.85991
v -1.92812 8.53011 6.96458
v -0.96203 8.59554 7.04761
v -0.00000 8.59224 7.10863
v 0.95382 8.52217 7.14739
v 1.89574 8.38686 7.16373
v 2.82228 8.18736 7.15761
v 3.72990 7.92421 7.12902
v 4.61475 7.59756 7.07810
v 5.47242 7.20725 7.00504
v 6.29780 6.75303 6.91015
v 7.08496 6.23477 6.79388
v 7.82710 5.65271 6.65680
v 8.51659 5.00773 6.49967
v 9.14515 4.30160 6.32344
v 9.70399 3.53718 6.12925
v 10.18410 2.71860 5.91850
v 10.57658 1.85135 5.69278
v 10.87295 0.94239 5.45397
v 11.46747 -0.00000 4.38749
v 11.28547 -0.97814 4.66512
v 10.99392 -1.92441 4.93089
v 10.60034 -2.82971 5.18244
v 10.11320 -3.68634 5.41763
v 9.54157 -4.48807 5.63458
v 8.89475 -5.23009 5.83169
v 8.18192 -5.90896 6.00759
v 7.41183 -6.52241 6.16118
v 6.59261 -7.06914 6.29155
v 5.73158 -7.54856 6.39800
v 4.83522 -7.96053 6.48000
v 3.90918 -8.30509 6.53718
v 2.95839 -8.58221 6.56927
v 1.98723 -8.79163 6.57616
v 0.99976 -8.93268 6.55780
v 0.00000 -9.00424 6.51428
v -1.00782 -9.00470 6.44578
v -2.01898 -8.93209 6.35260
v -3.02801 -8.78417 6.23520
v -4.02855 -8.55868 6.09417
v -5.01319 -8.25353 5.93031
v -5.97347 -7.86713 5.74462
v -6.89991 -7.39866 5.53830
v -7.78218 -6.84832 5.31284
v -8.60928 -6.21760 5.06997
v -9.36987 -5.50946 4.81167
v -10.05261 -4.72845 4.54020
v -10.64656 -3.88076 4.25804
v -11.14153 -2.97418 3.96791
v -11.52848 -2.01798 3.67269
v -11.79984 -1.02272 3.37542
v -11.94978 -0.00000 3.07924
v -11.79984 1.02272 3.37542
v -11.52848 2.01798 3.67269
v -11.14153 2.97418 3.96791
v -10.64656 3.88076 4.25804
v -10.05261 4.72845 4.54020
v -9.36987 5.50946 4.81167
v -8.60928 6.21760 5.06997
v -7.78218 6.84832 5.31284
v -6.89991 7.39866 5.53830
v -5.97347 7.86713 5.74462
v -5.01319 8.25353 5.93031
v -4.02855 8.55868 6.09417
v -3.02801 8.78417 6.23520
v -2.01898 8.93209 6.35260
v -1.00782 9.00470 6.44578
v -0.00000 9.00424 6.51428
v 0.99976 8.93268 6.55780
v 1.98723 8.79163 6.57616
v 2.95839 8.58221 6.56927
v 3.90918 8.30509 6.53718
v 4.83522 7.96053 6.48000
v 5.73158 7.54856 6.39800
v 6.59261 7.06914 6.29155
v 7.41183 6.52241 6.16118
v 8.18192 5.90896 6.00759
v 8.89475 5.23009 5.83169
v 9.54157 4.48807 5.63458
v 10.11320 3.68634 5.41763
v 10.60034 2.82971 5.18244
v 10.99392 1.92441 4.93089
v 11.28547 0.97814 4.66512
v 11.79984 -0.00000 3.54424
v 11.63256 -1.00822 3.84922
v 11.35032 -1.98679 4.14167
v 10.96034 -2.92581 4.41889
v 10.47099 -3.81676 4.67846
v 9.89140 -4.65262 4.91821
v 9.23110 -5.42786 5.13629
v 8.49960 -6.13839 5.33111
v 7.70608 -6.78135 5.50137
v 6.85918 -7.35498 5.64600
v 5.96674 -7.85827 5.76418
v 5.03580 -8.29077 5.85525
v 4.07259 -8.65224 5.91878
v 3.08258 -8.94246 5.95445
v 2.07072 -9.16101 5.96210
v 1.04167 -9.30708 5.94170
v 0.00000 -9.37947 5.89333
v -1.04944 -9.37654 5.81723
v -2.10131 -9.29631 5.71377
v -3.14949 -9.13658 5.58347
v -4.18695 -8.89521 5.42707
v -5.20561 -8.57033 5.24550
v -6.19633 -8.16064 5.03992
v -7.14897 -7.66572 4.81178
v -8.05261 -7.08630 4.56277
v -8.89575 -6.42449 4.29489
v -9.66668 -5.68398 4.01043
v -10.35382 -4.87012 3.71193
v -10.94619 -3.98997 3.40222
v -11.43377 -3.05219 3.08433
v -11.80790 -2.06689 2.76148
v -12.06159 -1.04541 2.43703
v -12.18978 -0.00000 2.11443
v -12.06159 1.04541 2.43703
v -11.80790 2.06689 2.76148
v -11.43377 3.05219 3.08433
v -10.94619 3.98997 3.40222
v -10.35382 4.87012 3.71193
v -9.66668 5.68398 4.01043
v -8.89575 6.42449 4.29489
v -8.05261 7.08630 4.56277
v -7.14897 7.66572 4.81178
v -6.19633 8.16064 5.03992
v -5.20561 8.57033 5.24550
v -4.18695 8.89521 5.42707
v -3.14949 9.13658 5.58347
v -2.10131 9.29631 5.71377
v -1.04944 9.37654 5.81723
v -0.00000 9.37947 5.89333
v 1.04167 9.30708 5.94170
v 2.07072 9.16101 5.96210
v 3.08258 8.94246 5.95445
v 4.07259 8.65224 5.91878
v 5.03580 8.29077 5.85525
v 5.96674 7.85827 5.76418
v 6.85918 7.35498 5.64600
v 7.70608 6.78135 5.50137
v 8.49960 6.13839 5.33111
v 9.23110 5.42786 5.13629
v 9.89140 4.65262 4.91821
v 10.47099 3.81676 4.67846
v 10.96034 2.92581 4.41889
v 11.35032 1.98679 4.14167
v 11.63256 1.00822 3.84922
v 12.06063 -0.00000 2.67950
v 11.91223 -1.03246 3.01101
v 11.64382 -2.03817 3.32949
v 11.26221 -3.00639 3.63191
v 10.77554 -3.92777 3.91550
v 10.19294 -4.79445 4.17783
v 9.52406 -5.60012 4.41675
v 8.77869 -6.33995 4.63043
v 7.96643 -7.01046 4.81735
v 7.09638 -7.60933 4.97628
v 6.17693 -8.13509 5.10622
v 5.21568 -8.58691 5.20643
v 4.21945 -8.96425 5.27634
v 3.19433 -9.26665 5.31561
v 2.14588 -9.49349 5.32404
v 1.07936 -9.64385 5.30157
v 0.00000 -9.71643 5.24833
v -1.08671 -9.70954 5.16459
v -2.17475 -9.62123 5.05079
v -3.25732 -9.44940 4.90756
v -4.32668 -9.19207 4.73576
v -5.37404 -8.84762 4.53650
v -6.38956 -8.41514 4.31114
v -7.36249 -7.89467 4.06133
v -8.28132 -7.28756 3.78905
v -9.13410 -6.59662 3.49658
v -9.90881 -5.82635 3.18650
v -10.59376 -4.98299 2.86170
v -11.17805 -4.07449 2.52533
v -11.65196 -3.11043 2.18077
v -12.00737 -2.10180 1.83157
v -12.23805 -1.06070 1.48141
v -12.33990 -0.00000 1.13402
v -12.23805 1.06070 1.48141
v -12.00737 2.10180 1.83157
v -11.65196 3.11043 2.18077
v -11.17805 4.07449 2.52533
v -10.59376 4.98299 2.86170
v -9.90881 5.82635 3.18650
v -9.13410 6.59662 3.49658
v -8.28132 7.28756 3.78905
v -7.36249 7.89467 4.06133
v -6.38956 8.41514 4.31114
v -5.37404 8.84762 4.53650
v -4.32668 9.19207 4.73576
v -3.25732 9.44940 4.90756
v -2.17475 9.62123 5.05079
v -1.08671 9.70954 5.16459
v -0.00000 9.71643 5.24833
v 1.07936 9.64385 5.30157
v 2.14588 9.49349 5.32404
v 3.19433 9.26665 5.31561
v 4.21945 8.96425 5.27634
v 5.21568 8.58691 5.20643
v 6.17693 8.13509 5.10622
v 7.09638 7.60933 4.97628
v 7.96643 7.01046 4.81735
v 8.77869 6.33995 4.63043
v 9.52406 5.60012 4.41675
v 10.19294 4.79445 4.17783
v 10.77554 3.92777 3.91550
v 11.26221 3.00639 3.63191
v 11.64382 2.03817 3.32949
v 11.91223 1.03246 3.01101
v 12.24827 -0.00000 1.79850
v 12.12284 -1.05072 2.15535
v 11.87278 -2.07825 2.49886
v 11.50434 -3.07103 2.82566
v 11.02532 -4.01882 3.13265
v 10.44471 -4.91288 3.41705
v 9.77224 -5.74605 3.67644
v 9.01793 -6.51273 3.90873
v 8.19173 -7.20872 4.11214
v 7.30319 -7.83109 4.28525
v 6.36125 -8.37785 4.42689
v 5.37411 -8.84773 4.53619
v 4.34917 -9.23985 4.61248
v 3.29320 -9.55347 4.65534
v 2.21239 -9.78775 4.66454
v 1.11269 -9.94163 4.64002
v 0.00000 -10.01372 4.58191
v -1.11948 -10.00231 4.49055
v -2.23900 -9.90549 4.36645
v -3.35104 -9.72128 4.21038
v -4.44711 -9.44792 4.02333
v -5.51769 -9.08412 3.80659
v -6.55225 -8.62940 3.56174
v -7.53941 -8.08438 3.29070
v -8.46711 -7.45106 2.99570
v -9.32302 -6.73306 2.67935
v -10.09489 -5.93577 2.34455
v -10.77102 -5.06636 1.99453
v -11.34069 -4.13377 1.63280
v -11.79467 -3.14853 1.26308
v -12.12552 -2.12249 0.88926
v -12.32796 -1.06849 0.51532
v -12.39902 -0.00000 0.14526
v -12.32796 1.06849 0.51532
v -12.12552 2.12249 0.88926
v -11.79467 3.14853 1.26308
v -11.34069 4.13377 1.63280
v -10.77102 5.06636 1.99453
v -10.09489 5.93577 2.34455
v -9.32302 6.73306 2.67935
v -8.46711 7.45106 2.99570
v -7.53941 8.08438 3.29070
v -6.55225 8.62940 3.56174
v -5.51769 9.08412 3.80659
v -4.44711 9.44792 4.02333
v -3.35104 9.72128 4.21038
v -2.23900 9.90549 4.36645
v -1.11948 10.00231 4.49055
v -0.00000 10.01372 4.58191
v 1.11269 9.94163 4.64002
v 2.21239 9.78775 4.66454
v 3.29320 9.55347 4.65534
v 4.34917 9.23985 4.61248
v 5.37411 8.84773 4.53619
v 6.36125 8.37785 4.42689
v 7.30319 7.83109 4.28525
v 8.19173 7.20872 4.11214
v 9.01793 6.51273 3.90873
v 9.77224 5.74605 3.67644
v 10.44471 4.91288 3.41705
v 11.02532 4.01882 3.13265
v 11.50434 3.07103 2.82566
v 11.87278 2.07825 2.49886
v 12.12284 1.05072 2.15535
v 12.36162 -0.00000 0.90659
v 12.26318 -1.06288 1.28719
v 12.03594 -2.10681 1.65438
v 11.68544 -3.11937 2.00442
v 11.21904 -4.08943 2.33386
v 10.64550 -5.00732 2.63959
v 9.97450 -5.86498 2.91886
v 9.21624 -6.65594 3.16928
v 8.38099 -7.37527 3.38884
v 7.47874 -8.01932 3.57587
v 6.51895 -8.58555 3.72903
v 5.51043 -9.07217 3.84729
v 4.46124 -9.47793 3.92988
v 3.37879 -9.80176 3.97630
v 2.27000 -10.04260 3.98626
v 1.14152 -10.19922 3.95970
v 0.00000 -10.27014 3.89679
v -1.14761 -10.25364 3.79790
v -2.29379 -10.14787 3.66366
v -3.43024 -9.95104 3.49496
v -4.54770 -9.66163 3.29295
v -5.63590 -9.27875 3.05913
v -6.68362 -8.80241 2.79532
v -7.67884 -8.23389 2.50370
v -8.60903 -7.57595 2.18683
v -9.46151 -6.83307 1.84762
v -10.22388 -6.01161 1.48933
v -10.88453 -5.11976 1.11557
v -11.43312 -4.16746 0.73017
v -11.86099 -3.16623 0.33722
v -12.16158 -2.12880 -0.05907
v -12.33071 -1.06873 -0.45443
v -12.36670 -0.00000 -0.84458
v -12.33071 1.06873 -0.45443
v -12.16158 2.12880 -0.05907
v -11.86099 3.16623 0.33722
v -11.43312 4.16746 0.73017
v -10.88453 5.11976 1.11557
v -10.22388 6.01161 1.48933
v -9.46151 6.83307 1.84762
v -8.60903 7.57595 2.18683
v -7.67884 8.23389 2.50370
v -6.68362 8.80241 2.79532
v -5.63590 9.27875 3.05913
v -4.54770 9.66163 3.29295
v -3.43024 9.95104 3.49496
v -2.29379 10.14787 3.66366
v -1.14761 10.25364 3.79790
v -0.00000 10.27014 3.89679
v 1.14152 10.19922 3.95970
v 2.27000 10.04260 3.98626
v 3.37879 9.80176 3.97630
v 4.46124 9.47793 3.92988
v 5.51043 9.07217 3.84729
v 6.51895 8.58555 3.72903
v 7.47874 8.01932 3.57587
v 8.38099 7.37527 3.38884
v 9.21624 6.65594 3.16928
v 9.97450 5.86498 2.91886
v 10.64550 5.00732 2.63959
v 11.21904 4.08943 2.33386
v 11.68544 3.11937 2.00442
v 12.03594 2.10681 1.65438
v 12.26318 1.06288 1.28719
v 12.40000 -0.00000 0.00918
v 12.33243 -1.06888 0.41157
v 12.13238 -2.12369 0.80073
v 11.80456 -3.15117 1.17255
v 11.35573 -4.13925 1.52321
v 10.79430 -5.07731 1.84924
v 10.12987 -5.95633 2.14755
v 9.37271 -6.76894 2.41545
v 8.53337 -7.50936 2.65063
v 7.62225 -8.17321 2.85118
v 6.64936 -8.75730 3.01556
v 5.62409 -9.25931 3.14257
v 4.55518 -9.67752 3.23132
v 3.45075 -10.01053 3.28122
v 2.31846 -10.25701 3.29192
v 1.16573 -10.41557 3.26338
v 0.00000 -10.48463 3.19576
v -1.17098 -10.46248 3.08952
v -2.33888 -10.34736 2.94539
v -3.49458 -10.13768 2.76439
v -4.62801 -9.83224 2.54788
v -5.72813 -9.43059 2.29757
v -6.78303 -8.93334 2.01553
v -7.78010 -8.34247 1.70426
v -8.70634 -7.66158 1.36662
v -9.54880 -6.89611 1.00589
v -10.29504 -6.05345 0.62570
v -10.93365 -5.14286 0.23000
v -11.45476 -4.17535 -0.17699
v -11.85048 -3.16343 -0.59083
v -12.11528 -2.12069 -1.00700
v -12.24625 -1.06141 -1.42095
v -12.24319 -0.00000 -1.82819
v -12.24625 1.06141 -1.42095
v -12.11528 2.12069 -1.00700
v -11.85048 3.16343 -0.59083
v -11.45476 4.17535 -0.17699
v -10.93365 5.14286 0.23000
v -10.29504 6.05345 0.62570
v -9.54880 6.89611 1.00589
v -8.70634 7.66158 1.36662
v -7.78010 8.34247 1.70426
v -6.78303 8.93334 2.01553
v -5.72813 9.43059 2.29757
v -4.62801 9.83224 2.54788
v -3.49458 10.13768 2.76439
v -2.33888 10.34736 2.94539
v -1.17098 10.46248 3.08952
v -0.00000 10.48463 3.19576
v 1.16573 10.41557 3.26338
v 2.31846 10.25701 3.29192
v 3.45075 10.01053 3.28122
v 4.55518 9.67752 3.23132
v 5.62409 9.25931 3.14257
v 6.64936 8.75730 3.01556
v 7.62225 8.17321 2.85118
v 8.53337 7.50936 2.65063
v 9.37271 6.76894 2.41545
v 10.12987 5.95633 2.14755
v 10.79430 5.07731 1.84924
v 11.35573 4.13925 1.52321
v 11.80456 3.15117 1.17255
v 12.13238 2.12369 0.80073
v 12.33243 1.06888 0.41157
v 0.14100 -0.00000 10.92671
v 0.14032 -0.01216 10.92671
v 0.13829 -0.02421 10.92671
v 0.13493 -0.03602 10.92671
v 0.13026 -0.04748 10.92671
v 0.12435 -0.05849 10.92671
v 0.11723 -0.06893 10.92671
v 0.10899 -0.07871 10.92671
v 0.09970 -0.08774 10.92671
v 0.08945 -0.09591 10.92671
v 0.07833 -0.10317 10.92671
v 0.06647 -0.10943 10.92671
v 0.05396 -0.11463 10.92671
v 0.04093 -0.11873 10.92671
v 0.02751 -0.12169 10.92671
v 0.01382 -0.12348 10.92671
v 0.00000 -0.12408 10.92671
v -0.01382 -0.12348 10.92671
v -0.02751 -0.12169 10.92671
v -0.04093 -0.11873 10.92671
v -0.05396 -0.11463 10.92671
v -0.06647 -0.10943 10.92671
v -0.07833 -0.10317 10.92671
v -0.08945 -0.09591 10.92671
v -0.09970 -0.08774 10.92671
v -0.10899 -0.07871 10.92671
v -0.11723 -0.06893 10.92671
v -0.12435 -0.05849 10.92671
v -0.13026 -0.04748 10.92671
v -0.13493 -0.03602 10.92671
v -0.13829 -0.02421 10.92671
v -0.14032 -0.01216 10.92671
v -0.14100 -0.00000 10.92671
v -0.14032 0.01216 10.92671
v -0.13829 0.02421 10.92671
v -0.13493 0.03602 10.92671
v -0.13026 0.04748 10.92671
v -0.12435 0.05849 10.92671
v -0.11723 0.06893 10.92671
v -0.10899 0.07871 10.92671
v -0.09970 0.08774 10.92671
v -0.08945 0.09591 10.92671
v -0.07833 0.10317 10.92671
v -0.06647 0.10943 10.92671
v -0.05396 0.11463 10.92671
v -0.04093 0.11873 10.92671
v -0.02751 0.12169 10.92671
v -0.01382 0.12348 10.92671
v -0.00000 0.12408 10.92671
v 0.01382 0.12348 10.92671
v 0.02751 0.12169 10.92671
v 0.04093 0.11873 10.92671
v 0.05396 0.11463 10.92671
v 0.06647 0.10943 10.92671
v 0.07833 0.10317 10.92671
v 0.08945 0.09591 10.92671
v 0.09970 0.08774 10.92671
v 0.10899 0.07871 10.92671
v 0.11723 0.06893 10.92671
v 0.12435 0.05849 10.92671
v 0.13026 0.04748 10.92671
v 0.13493 0.03602 10.92671
v 0.13829 0.02421 10.92671
v 0.14032 0.01216 10.92671
v 1.05490 -0.00000 10.88337
v 1.02950 -0.08923 10.88507
v 0.99520 -0.17420 10.88668
v 0.95288 -0.25437 10.88819
v 0.90340 -0.32930 10.88959
v 0.84761 -0.39869 10.89088
v 0.78634 -0.46236 10.89205
v 0.72032 -0.52021 10.89308
v 0.65025 -0.57222 10.89398
v 0.57673 -0.61842 10.89474
v 0.50028 -0.65887 10.89536
v 0.42132 -0.69365 10.89584
v 0.34024 -0.72284 10.89617
v 0.25732 -0.74648 10.89636
v 0.17283 -0.76459 10.89640
v 0.08698 -0.77714 10.89629
v 0.00000 -0.78405 10.89604
v -0.08788 -0.78519 10.89564
v -0.17639 -0.78038 10.89510
v -0.26522 -0.76939 10.89441
v -0.35396 -0.75200 10.89359
v -0.44215 -0.72794 10.89263
v -0.52920 -0.69696 10.89153
v -0.61444 -0.65886 10.89031
v -0.69710 -0.61345 10.88897
v -0.77630 -0.56064 10.88751
v -0.85109 -0.50044 10.88596
v -0.92046 -0.43296 10.88431
v -0.98333 -0.35843 10.88258
v -1.03862 -0.27725 10.88078
v -1.08526 -0.18997 10.87894
v -1.12220 -0.09726 10.87706
v -1.14849 -0.00000 10.87517
v -1.12220 0.09726 10.87706
v -1.08526 0.18997 10.87894
v -1.03862 0.27725 10.88078
v -0.98333 0.35843 10.88258
v -0.92046 0.43296 10.88431
v -0.85109 0.50044 10.88596
v -0.77630 0.56064 10.88751
v -0.69710 0.61345 10.88897
v -0.61444 0.65886 10.89031
v -0.52920 0.69696 10.89153
v -0.44215 0.72794 10.89263
v -0.35396 0.75200 10.89359
v -0.26522 0.76939 10.89441
v -0.17639 0.78038 10.89510
v -0.08788 0.78519 10.89564
v -0.00000 0.78405 10.89604
v 0.08698 0.77714 10.89629
v 0.17283 0.76459 10.89640
v 0.25732 0.74648 10.89636
v 0.34024 0.72284 10.89617
v 0.42132 0.69365 10.89584
v 0.50028 0.65887 10.89536
v 0.57673 0.61842 10.89474
v 0.65025 0.57222 10.89398
v 0.72032 0.52021 10.89308
v 0.78634 0.46236 10.89205
v 0.84761 0.39869 10.89088
v 0.90340 0.32930 10.88959
v 0.95288 0.25437 10.88819
v 0.99520 0.17420 10.88668
v 1.02950 0.08923 10.88507
v 1.96241 -0.00000 10.77402
v 1.91271 -0.16578 10.78032
v 1.84660 -0.32323 10.78630
v 1.76578 -0.47137 10.79191
v 1.67194 -0.60944 10.79712
v 1.56674 -0.73695 10.80188
v 1.45174 -0.85362 10.80618
v 1.32838 -0.95935 10.81000
v 1.19795 -1.05419 10.81332
v 1.06155 -1.13828 10.81612
v 0.92012 -1.21182 10.81841
v 0.77445 -1.27503 10.82016
v 0.62514 -1.32811 10.82138
v 0.47268 -1.37122 10.82206
v 0.31745 -1.40442 10.82221
v 0.15979 -1.42767 10.82182
v 0.00000 -1.44083 10.82089
v -0.16158 -1.44365 10.81943
v -0.32453 -1.43576 10.81743
v -0.48836 -1.41672 10.81491
v -0.65239 -1.38601 10.81187
v -0.81579 -1.34309 10.80833
v -0.97754 -1.28743 10.80429
v -1.13638 -1.21852 10.79977
v -1.29088 -1.13598 10.79480
v -1.43941 -1.03954 10.78941
v -1.58014 -0.92912 10.78363
v -1.71112 -0.80486 10.77749
v -1.83031 -0.66716 10.77106
v -1.93559 -0.51670 10.76437
v -2.02488 -0.35444 10.75750
v -2.09615 -0.18168 10.75050
v -2.14751 -0.00000 10.74344
v -2.09615 0.18168 10.75050
v -2.02488 0.35444 10.75750
v -1.93559 0.51670 10.76437
v -1.83031 0.66716 10.77106
v -1.71112 0.80486 10.77749
v -1.58014 0.92912 10.78363
v -1.43941 1.03954 10.78941
v -1.29088 1.13598 10.79480
v -1.13638 1.21852 10.79977
v -0.97754 1.28743 10.80429
v -0.81579 1.34309 10.80833
v -0.65239 1.38601 10.81187
v -0.48836 1.41672 10.81491
v -0.32453 1.43576 10.81743
v -0.16158 1.44365 10.81943
v -0.00000 1.44083 10.82089
v 0.15979 1.42767 10.82182
v 0.31745 1.40442 10.82221
v 0.47268 1.37122 10.82206
v 0.62514 1.32811 10.82138
v 0.77445 1.27503 10.82016
v 0.92012 1.21182 10.81841
v 1.06155 1.13828 10.81612
v 1.19795 1.05419 10.81332
v 1.32838 0.95935 10.81000
v 1.45174 0.85362 10.80618
v 1.56674 0.73695 10.80188
v 1.67194 0.60944 10.79712
v 1.76578 0.47137 10.79191
v 1.84660 0.32323 10.78630
v 1.91271 0.16578 10.78032
v 2.85802 -0.00000 10.59932
v 2.78484 -0.24137 10.61309
v 2.68777 -0.47048 10.62614
v 2.56932 -0.68587 10.63839
v 2.43199 -0.88648 10.64975
v 2.27822 -1.07161 10.66014
v 2.11032 -1.24086 10.66953
v 1.93041 -1.39414 10.67785
v 1.74037 -1.53152 10.68508
v 1.54182 -1.65326 10.69119
v 1.33612 -1.75969 10.69616
v 1.12439 -1.85116 10.69998
v 0.90750 -1.92799 10.70264
v 0.68612 -1.99043 10.70412
v 0.46079 -2.03858 10.70444
v 0.23195 -2.07242 10.70359
v 0.00000 -2.09172 10.70157
v -0.23460 -2.09612 10.69839
v -0.47130 -2.08507 10.69404
v -0.70939 -2.05791 10.68855
v -0.94791 -2.01384 10.68193
v -1.18568 -1.95206 10.67420
v -1.42120 -1.87174 10.66539
v -1.65267 -1.77213 10.65554
v -1.87798 -1.65262 10.64470
v -2.09473 -1.51281 10.63293
v -2.30025 -1.35254 10.62030
v -2.49166 -1.17200 10.60691
v -2.66595 -0.97176 10.59285
v -2.82002 -0.75279 10.57824
v -2.95079 -0.51651 10.56321
v -3.05527 -0.26481 10.54791
v -3.13070 -0.00000 10.53248
v -3.05527 0.26481 10.54791
v -2.95079 0.51651 10.56321
v -2.82002 0.75279 10.57824
v -2.66595 0.97176 10.59285
v -2.49166 1.17200 10.60691
v -2.30025 1.35254 10.62030
v -2.09473 1.51281 10.63293
v -1.87798 1.65262 10.64470
v -1.65267 1.77213 10.65554
v -1.42120 1.87174 10.66539
v -1.18568 1.95206 10.67420
v -0.94791 2.01384 10.68193
v -0.70939 2.05791 10.68855
v -0.47130 2.08507 10.69404
v -0.23460 2.09612 10.69839
v -0.00000 2.09172 10.70157
v 0.23195 2.07242 10.70359
v 0.46079 2.03858 10.70444
v 0.68612 1.99043 10.70412
v 0.90750 1.92799 10.70264
v 1.12439 1.85116 10.69998
v 1.33612 1.75969 10.69616
v 1.54182 1.65326 10.69119
v 1.74037 1.53152 10.68508
v 1.93041 1.39414 10.67785
v 2.11032 1.24086 10.66953
v 2.27822 1.07161 10.66014
v 2.43199 0.88648 10.64975
v 2.56932 0.68587 10.63839
v 2.68777 0.47048 10.62614
v 2.78484 0.24137 10.61309
v 3.73629 -0.00000 10.36033
v 3.64082 -0.31556 10.38433
v 3.51404 -0.61511 10.40709
v 3.35922 -0.89673 10.42844
v 3.17967 -1.15901 10.44823
v 2.97858 -1.40103 10.46636
v 2.75899 -1.62228 10.48271
v 2.52368 -1.82259 10.49722
v 2.27513 -2.00212 10.50983
v 2.01548 -2.16117 10.52048
v 1.74653 -2.30020 10.52914
v 1.46971 -2.41968 10.53579
v 1.18618 -2.52004 10.54043
v 0.89681 -2.60161 10.54302
v 0.60228 -2.66454 10.54358
v 0.30317 -2.70879 10.54209
v 0.00000 -2.73408 10.53857
v -0.30666 -2.73991 10.53302
v -0.61608 -2.72558 10.52545
v -0.92734 -2.69018 10.51588
v -1.23920 -2.63269 10.50433
v -1.55010 -2.55202 10.49086
v -1.85807 -2.44710 10.47550
v -2.16074 -2.31693 10.45833
v -2.45535 -2.16071 10.43943
v -2.73871 -1.97789 10.41891
v -3.00734 -1.76831 10.39691
v -3.25746 -1.53221 10.37356
v -3.48509 -1.27034 10.34905
v -3.68619 -0.98401 10.32359
v -3.85672 -0.67509 10.29740
v -3.99279 -0.34606 10.27073
v -4.09080 -0.00000 10.24385
v -3.99279 0.34606 10.27073
v -3.85672 0.67509 10.29740
v -3.68619 0.98401 10.32359
v -3.48509 1.27034 10.34905
v -3.25746 1.53221 10.37356
v -3.00734 1.76831 10.39691
v -2.73871 1.97789 10.41891
v -2.45535 2.16071 10.43943
v -2.16074 2.31693 10.45833
v -1.85807 2.44710 10.47550
v -1.55010 2.55202 10.49086
v -1.23920 2.63269 10.50433
v -0.92734 2.69018 10.51588
v -0.61608 2.72558 10.52545
v -0.30666 2.73991 10.53302
v -0.00000 2.73408 10.53857
v 0.30317 2.70879 10.54209
v 0.60228 2.66454 10.54358
v 0.89681 2.60161 10.54302
v 1.18618 2.52004 10.54043
v 1.46971 2.41968 10.53579
v 1.74653 2.30020 10.52914
v 2.01548 2.16117 10.52048
v 2.27513 2.00212 10.50983
v 2.52368 1.82259 10.49722
v 2.75899 1.62228 10.48271
v 2.97858 1.40103 10.46636
v 3.17967 1.15901 10.44823
v 3.35922 0.89673 10.42844
v 3.51404 0.61511 10.40709
v 3.64082 0.31556 10.38433
v 4.59189 -0.00000 10.05850
v 4.47570 -0.38792 10.09538
v 4.32083 -0.75633 10.13035
v 4.13131 -1.10283 10.16317
v 3.91118 -1.42566 10.19360
v 3.66439 -1.72362 10.22147
v 3.39468 -1.99606 10.24663
v 3.10549 -2.24278 10.26894
v 2.79988 -2.46390 10.28833
v 2.48052 -2.65982 10.30471
v 2.14962 -2.83108 10.31804
v 1.80898 -2.97824 10.32828
v 1.46003 -3.10186 10.33541
v 1.10387 -3.20230 10.33940
v 0.74135 -3.27977 10.34026
v 0.37317 -3.33421 10.33797
v 0.00000 -3.36527 10.33255
v -0.37744 -3.37235 10.32401
v -0.75825 -3.35456 10.31236
v -1.14127 -3.31079 10.29764
v -1.52496 -3.23979 10.27988
v -1.90737 -3.14022 10.25916
v -2.28605 -3.01076 10.23554
v -2.65808 -2.85021 10.20913
v -3.01999 -2.65759 10.18007
v -3.36788 -2.43228 10.14853
v -3.69743 -2.17408 10.11470
v -4.00398 -1.88335 10.07883
v -4.28265 -1.56106 10.04118
v -4.52848 -1.20885 10.00208
v -4.73653 -0.82910 9.96186
v -4.90207 -0.42487 9.92093
v -5.02073 -0.00000 9.87968
v -4.90207 0.42487 9.92093
v -4.73653 0.82910 9.96186
v -4.52848 1.20885 10.00208
v -4.28265 1.56106 10.04118
v -4.00398 1.88335 10.07883
v -3.69743 2.17408 10.11470
v -3.36788 2.43228 10.14853
v -3.01999 2.65759 10.18007
v -2.65808 2.85021 10.20913
v -2.28605 3.01076 10.23554
v -1.90737 3.14022 10.25916
v -1.52496 3.23979 10.27988
v -1.14127 3.31079 10.29764
v -0.75825 3.35456 10.31236
v -0.37744 3.37235 10.32401
v -0.00000 3.36527 10.33255
v 0.37317 3.33421 10.33797
v 0.74135 3.27977 10.34026
v 1.10387 3.20230 10.33940
v 1.46003 3.10186 10.33541
v 1.80898 2.97824 10.32828
v 2.14962 2.83108 10.31804
v 2.48052 2.65982 10.30471
v 2.79988 2.46390 10.28833
v 3.10549 2.24278 10.26894
v 3.39468 1.99606 10.24663
v 3.66439 1.72362 10.22147
v 3.91118 1.42566 10.19360
v 4.13131 1.10283 10.16317
v 4.32083 0.75633 10.13035
v 4.47570 0.38792 10.09538
v 5.41965 -0.00000 9.69566
v 5.28463 -0.45803 9.74790
v 5.10367 -0.89336 9.79747
v 4.88148 -1.30309 9.84399
v 4.62281 -1.68505 9.88715
v 4.33231 -2.03779 9.92669
v 4.01442 -2.36047 9.96238
v 3.67320 -2.65278 9.99405
v 3.31232 -2.91484 10.02157
v 2.93494 -3.14708 10.04483
v 2.54371 -3.35010 10.06375
v 2.14082 -3.52456 10.07830
v 1.72796 -3.67107 10.08841
v 1.30649 -3.79008 10.09408
v 0.87743 -3.88180 10.09530
v 0.44166 -3.94615 10.09206
v 0.00000 -3.98273 10.08436
v -0.44666 -3.99082 10.07223
v -0.89722 -3.96936 10.05569
v -1.35026 -3.91706 10.03479
v -1.80392 -3.83244 10.00958
v -2.25585 -3.71395 9.98016
v -2.70311 -3.56003 9.94664
v -3.14219 -3.36932 9.90918
v -3.56898 -3.14070 9.86796
v -3.97883 -2.87350 9.82324
v -4.36660 -2.56755 9.77529
v -4.72681 -2.22335 9.72446
v -5.05370 -1.84211 9.67114
v -5.34144 -1.42587 9.61578
v -5.58427 -0.97749 9.55887
v -5.77669 -0.50068 9.50097
v -5.91364 -0.00000 9.44266
v -5.77669 0.50068 9.50097
v -5.58427 0.97749 9.55887
v -5.34144 1.42587 9.61578
v -5.05370 1.84211 9.67114
v -4.72681 2.22335 9.72446
v -4.36660 2.56755 9.77529
v -3.97883 2.87350 9.82324
v -3.56898 3.14070 9.86796
v -3.14219 3.36932 9.90918
v -2.70311 3.56003 9.94664
v -2.25585 3.71395 9.98016
v -1.80392 3.83244 10.00958
v -1.35026 3.91706 10.03479
v -0.89722 3.96936 10.05569
v -0.44666 3.99082 10.07223
v -0.00000 3.98273 10.08436
v 0.44166 3.94615 10.09206
v 0.87743 3.88180 10.09530
v 1.30649 3.79008 10.09408
v 1.72796 3.67107 10.08841
v 2.14082 3.52456 10.07830
v 2.54371 3.35010 10.06375
v 2.93494 3.14708 10.04483
v 3.31232 2.91484 10.02157
v 3.67320 2.65278 9.99405
v 4.01442 2.36047 9.96238
v 4.33231 2.03779 9.92669
v 4.62281 1.68505 9.88715
v 4.88148 1.30309 9.84399
v 5.10367 0.89336 9.79747
v 5.28463 0.45803 9.74790
v 6.21454 -0.00000 9.27402
v 6.06293 -0.52549 9.34392
v 5.85823 -1.02544 9.41028
v 5.60576 -1.49643 9.47260
v 5.31094 -1.93588 9.53044
v 4.97909 -2.34201 9.58344
v 4.61528 -2.71377 9.63130
v 4.22424 -3.05073 9.67379
v 3.81018 -3.35296 9.71071
v 3.37678 -3.62087 9.74193
v 2.92716 -3.85511 9.76734
v 2.46385 -4.05639 9.78686
v 1.98887 -4.22538 9.80045
v 1.50383 -4.36257 9.80806
v 1.00998 -4.46819 9.80970
v 0.50837 -4.54214 9.80534
v 0.00000 -4.58394 9.79501
v -0.51403 -4.59275 9.77872
v -1.03240 -4.56738 9.75651
v -1.55340 -4.50636 9.72845
v -2.07483 -4.40800 9.69462
v -2.59393 -4.27055 9.65515
v -3.10725 -4.09229 9.61019
v -3.61069 -3.87168 9.55996
v -4.09948 -3.60754 9.50472
v -4.56825 -3.29918 9.44480
v -5.01108 -2.94650 9.38058
v -5.42167 -2.55019 9.31255
v -5.79345 -2.11176 9.24121
v -6.11980 -1.63365 9.16719
v -6.39420 -1.11926 9.09115
v -6.61047 -0.57295 9.01382
v -6.76294 -0.00000 8.93600
v -6.61047 0.57295 9.01382
v -6.39420 1.11926 9.09115
v -6.11980 1.63365 9.16719
v -5.79345 2.11176 9.24121
v -5.42167 2.55019 9.31255
v -5.01108 2.94650 9.38058
v -4.56825 3.29918 9.44480
v -4.09948 3.60754 9.50472
v -3.61069 3.87168 9.55996
v -3.10725 4.09229 9.61019
v -2.59393 4.27055 9.65515
v -2.07483 4.40800 9.69462
v -1.55340 4.50636 9.72845
v -1.03240 4.56738 9.75651
v -0.51403 4.59275 9.77872
v -0.00000 4.58394 9.79501
v 0.50837 4.54214 9.80534
v 1.00998 4.46819 9.80970
v 1.50383 4.36257 9.80806
v 1.98887 4.22538 9.80045
v 2.46385 4.05639 9.78686
v 2.92716 3.85511 9.76734
v 3.37678 3.62087 9.74193
v 3.81018 3.35296 9.71071
v 4.22424 3.05073 9.67379
v 4.61528 2.71377 9.63130
v 4.97909 2.34201 9.58344
v 5.31094 1.93588 9.53044
v 5.60576 1.49643 9.47260
v 5.85823 1.02544 9.41028
v 6.06293 0.52549 9.34392
v 6.97173 -0.00000 8.79612
v 6.80608 -0.58990 8.88578
v 6.58032 -1.15184 8.97094
v 6.30031 -1.68184 9.05096
v 5.97207 -2.17687 9.12527
v 5.60155 -2.63480 9.19340
v 5.19446 -3.05433 9.25495
v 4.75610 -3.43484 9.30961
v 4.29128 -3.77632 9.35713
v 3.80417 -4.07915 9.39732
v 3.29835 -4.34397 9.43004
v 2.77674 -4.57153 9.45518
v 2.24171 -4.76252 9.47268
v 1.69511 -4.91747 9.48249
v 1.13845 -5.03659 9.48459
v 0.57301 -5.11976 9.47898
v 0.00000 -5.16643 9.46567
v -0.57927 -5.17565 9.44469
v -1.16321 -5.14610 9.41609
v -1.74980 -5.07613 9.37997
v -2.33649 -4.96389 9.33642
v -2.92005 -4.80746 9.28563
v -3.49653 -4.60497 9.22780
v -4.06123 -4.35479 9.16321
v -4.60874 -4.05569 9.09222
v -5.13295 -3.70700 9.01525
v -5.62721 -3.30878 8.93282
v -6.08444 -2.86194 8.84553
v -6.49733 -2.36833 8.75407
v -6.85852 -1.83085 8.65923
v -7.16083 -1.25345 8.56187
v -7.39749 -0.64116 8.46294
v -7.56237 -0.00000 8.36344
v -7.39749 0.64116 8.46294
v -7.16083 1.25345 8.56187
v -6.85852 1.83085 8.65923
v -6.49733 2.36833 8.75407
v -6.08444 2.86194 8.84553
v -5.62721 3.30878 8.93282
v -5.13295 3.70700 9.01525
v -4.60874 4.05569 9.09222
v -4.06123 4.35479 9.16321
v -3.49653 4.60497 9.22780
v -2.92005 4.80746 9.28563
v -2.33649 4.96389 9.33642
v -1.74980 5.07613 9.37997
v -1.16321 5.14610 9.41609
v -0.57927 5.17565 9.44469
v -0.00000 5.16643 9.46567
v 0.57301 5.11976 9.47898
v 1.13845 5.03659 9.48459
v 1.69511 4.91747 9.48249
v 2.24171 4.76252 9.47268
v 2.77674 4.57153 9.45518
v 3.29835 4.34397 9.43004
v 3.80417 4.07915 9.39732
v 4.29128 3.77632 9.35713
v 4.75610 3.43484 9.30961
v 5.19446 3.05433 9.25495
v 5.60155 2.63480 9.19340
v 5.97207 2.17687 9.12527
v 6.30031 1.68184 9.05096
v 6.58032 1.15184 8.97094
v 6.80608 0.58990 8.88578
v 7.68663 -0.00000 8.26488
v 7.50978 -0.65089 8.37613
v 7.26593 -1.27185 8.48188
v 6.96144 -1.85832 8.58131
v 6.60284 -2.40679 8.67371
v 6.19666 -2.91472 8.75847
v 5.74921 -3.38052 8.83509
v 5.26637 -3.80336 8.90317
v 4.75349 -4.18307 8.96238
v 4.21527 -4.51997 9.01247
v 3.65574 -4.81465 9.05326
v 3.07822 -5.06787 9.08461
v 2.48544 -5.28033 9.10644
v 1.87956 -5.45254 9.11867
v 1.26235 -5.58471 9.12130
v 0.63535 -5.67668 9.11430
v 0.00000 -5.72783 9.09770
v -0.64211 -5.73711 9.07153
v -1.28910 -5.70306 9.03587
v -1.93863 -5.62391 8.99084
v -2.58773 -5.49765 8.93657
v -3.23271 -5.32221 8.87330
v -3.86909 -5.09565 8.80129
v -4.49159 -4.81625 8.72091
v -5.09411 -4.48282 8.63261
v -5.66988 -4.09477 8.53693
v -6.21151 -3.65235 8.43453
v -6.71122 -3.15675 8.32617
v -7.16098 -2.61024 8.21273
v -7.55282 -2.01619 8.09518
v -7.87897 -1.37916 7.97462
v -8.13221 -0.70484 7.85221
v -8.30603 -0.00000 7.72921
v -8.13221 0.70484 7.85221
v -7.87897 1.37916 7.97462
v -7.55282 2.01619 8.09518
v -7.16098 2.61024 8.21273
v -6.71122 3.15675 8.32617
v -6.21151 3.65235 8.43453
v -5.66988 4.09477 8.53693
v -5.09411 4.48282 8.63261
v -4.49159 4.81625 8.72091
v -3.86909 5.09565 8.80129
v -3.23271 5.32221 8.87330
v -2.58773 5.49765 8.93657
v -1.93863 5.62391 8.99084
v -1.28910 5.70306 9.03587
v -0.64211 5.73711 9.07153
v -0.00000 5.72783 9.09770
v 0.63535 5.67668 9.11430
v 1.26235 5.58471 9.12130
v 1.87956 5.45254 9.11867
v 2.48544 5.28033 9.10644
v 3.07822 5.06787 9.08461
v 3.65574 4.81465 9.05326
v 4.21527 4.51997 9.01247
v 4.75349 4.18307 8.96238
v 5.26637 3.80336 8.90317
v 5.74921 3.38052 8.83509
v 6.19666 2.91472 8.75847
v 6.60284 2.40679 8.67371
v 6.96144 1.85832 8.58131
v 7.26593 1.27185 8.48188
v 7.50978 0.65089 8.37613
v 8.35492 -0.00000 7.68350
v 8.16995 -0.70811 7.81792
v 7.91128 -1.38481 7.94580
v 7.58564 -2.02495 8.06614
v 7.20004 -2.62447 8.17805
v 6.76152 -3.18042 8.28079
v 6.27694 -3.69082 8.37371
v 5.75274 -4.15461 8.45632
v 5.19479 -4.57142 8.52819
v 4.60832 -4.94143 8.58903
v 3.99782 -5.26518 8.63858
v 3.36704 -5.54337 8.67668
v 2.71907 -5.77669 8.70321
v 2.05642 -5.96562 8.71809
v 1.38116 -6.11035 8.72128
v 0.69511 -6.21066 8.71277
v 0.00000 -6.26586 8.69259
v -0.70229 -6.27480 8.66079
v -1.40955 -6.23592 8.61746
v -2.11905 -6.14732 8.56275
v -2.82742 -6.00687 8.49686
v -3.53046 -5.81243 8.42006
v -4.22316 -5.56196 8.33271
v -4.89961 -5.25377 8.23526
v -5.55309 -4.88672 8.12827
v -6.17613 -4.46039 8.01242
v -6.76068 -3.97526 7.88853
v -7.29828 -3.43289 7.75755
v -7.78030 -2.83598 7.62053
v -8.19819 -2.18847 7.47870
v -8.54376 -1.49552 7.33336
v -8.80941 -0.76353 7.18595
v -8.98844 -0.00000 7.03799
v -8.80941 0.76353 7.18595
v -8.54376 1.49552 7.33336
v -8.19819 2.18847 7.47870
v -7.78030 2.83598 7.62053
v -7.29828 3.43289 7.75755
v -6.76068 3.97526 7.88853
v -6.17613 4.46039 8.01242
v -5.55309 4.88672 8.12827
v -4.89961 5.25377 8.23526
v -4.22316 5.56196 8.33271
v -3.53046 5.81243 8.42006
v -2.82742 6.00687 8.49686
v -2.11905 6.14732 8.56275
v -1.40955 6.23592 8.61746
v -0.70229 6.27480 8.66079
v -0.00000 6.26586 8.69259
v 0.69511 6.21066 8.71277
v 1.38116 6.11035 8.72128
v 2.05642 5.96562 8.71809
v 2.71907 5.77669 8.70321
v 3.36704 5.54337 8.67668
v 3.99782 5.26518 8.63858
v 4.60832 4.94143 8.58903
v 5.19479 4.57142 8.52819
v 5.75274 4.15461 8.45632
v 6.27694 3.69082 8.37371
v 6.76152 3.18042 8.28079
v 7.20004 2.62447 8.17805
v 7.58564 2.02495 8.06614
v 7.91128 1.38481 7.94580
v 8.16995 0.70811 7.81792
v 8.97253 -0.00000 7.05553
v 8.78276 -0.76122 7.21439
v 8.51278 -1.49010 7.36569
v 8.16960 -2.18083 7.50819
v 7.76063 -2.82881 7.64082
v 7.29337 -3.43058 7.76267
v 6.77517 -3.98378 7.87297
v 6.21299 -4.48700 7.97107
v 5.61324 -4.93965 8.05649
v 4.98164 -5.34173 8.12881
v 4.32317 -5.69367 8.18774
v 3.64201 -5.99608 8.23307
v 2.94166 -6.24958 8.26464
v 2.22499 -6.45464 8.28234
v 1.49442 -6.61138 8.28614
v 0.75206 -6.71952 8.27602
v 0.00000 -6.77830 8.25200
v -0.75956 -6.78649 8.21416
v -1.52404 -6.74242 8.16262
v -2.29030 -6.64409 8.09757
v -3.05450 -6.48931 8.01925
v -3.81194 -6.27585 7.92801
v -4.55704 -6.00168 7.82429
v -5.28328 -5.66517 7.70866
v -5.98330 -5.26530 7.58180
v -6.64897 -4.80187 7.44456
v -7.27161 -4.27569 7.29792
v -7.84216 -3.68871 7.14302
v -8.35144 -3.04417 6.98115
v -8.79047 -2.34657 6.81377
v -9.15070 -1.60176 6.64245
v -9.42433 -0.81683 6.46888
v -9.60456 -0.00000 6.29486
v -9.42433 0.81683 6.46888
v -9.15070 1.60176 6.64245
v -8.79047 2.34657 6.81377
v -8.35144 3.04417 6.98115
v -7.84216 3.68871 7.14302
v -7.27161 4.27569 7.29792
v -6.64897 4.80187 7.44456
v -5.98330 5.26530 7.58180
v -5.28328 5.66517 7.70866
v -4.55704 6.00168 7.82429
v -3.81194 6.27585 7.92801
v -3.05450 6.48931 8.01925
v -2.29030 6.64409 8.09757
v -1.52404 6.74242 8.16262
v -0.75956 6.78649 8.21416
v -0.00000 6.77830 8.25200
v 0.75206 6.71952 8.27602
v 1.49442 6.61138 8.28614
v 2.22499 6.45464 8.28234
v 2.94166 6.24958 8.26464
v 3.64201 5.99608 8.23307
v 4.32317 5.69367 8.18774
v 4.98164 5.34173 8.12881
v 5.61324 4.93965 8.05649
v 6.21299 4.48700 7.97107
v 6.77517 3.98378 7.87297
v 7.29337 3.43058 7.76267
v 7.76063 2.82881 7.64082
v 8.16960 2.18083 7.50819
v 8.51278 1.49010 7.36569
v 8.78276 0.76122 7.21439
v 9.53571 -0.00000 6.38475
v 9.34465 -0.80992 6.56904
v 9.06709 -1.58713 6.74475
v 8.71023 -2.32515 6.91041
v 8.28178 -3.01877 7.06475
v 7.78962 -3.66400 7.20666
v 7.24155 -4.25801 7.33522
v 6.64503 -4.79903 7.44965
v 6.00698 -5.28615 7.54933
v 5.33363 -5.71916 7.63378
v 4.63042 -6.09832 7.70263
v 3.90200 -6.42412 7.75560
v 3.15231 -6.69710 7.79250
v 2.38459 -6.91764 7.81320
v 1.60165 -7.08579 7.81764
v 0.80598 -7.20122 7.80580
v 0.00000 -7.26308 7.77772
v -0.81368 -7.27007 7.73350
v -1.63208 -7.22042 7.67328
v -2.45162 -7.11208 7.59730
v -3.26795 -6.94279 7.50587
v -4.07585 -6.71033 7.39941
v -4.86913 -6.41271 7.27847
v -5.64068 -6.04841 7.14374
v -6.38249 -5.61659 6.99605
v -7.08583 -5.11737 6.83642
v -7.74141 -4.55193 6.66602
v -8.33963 -3.92271 6.48622
v -8.87087 -3.23350 6.29855
v -9.32581 -2.48948 6.10472
v -9.69567 -1.69716 5.90656
v -9.97260 -0.86435 5.70607
v -10.14986 -0.00000 5.50531
v -9.97260 0.86435 5.70607
v -9.69567 1.69716 5.90656
v -9.32581 2.48948 6.10472
v -8.87087 3.23350 6.29855
v -8.33963 3.92271 6.48622
v -7.74141 4.55193 6.66602
v -7.08583 5.11737 6.83642
v -6.38249 5.61659 6.99605
v -5.64068 6.04841 7.14374
v -4.86913 6.41271 7.27847
v -4.07585 6.71033 7.39941
v -3.26795 6.94279 7.50587
v -2.45162 7.11208 7.59730
v -1.63208 7.22042 7.67328
v -0.81368 7.27007 7.73350
v -0.00000 7.26308 7.77772
v 0.80598 7.20122 7.80580
v 1.60165 7.08579 7.81764
v 2.38459 6.91764 7.81320
v 3.15231 6.69710 7.79250
v 3.90200 6.42412 7.75560
v 4.63042 6.09832 7.70263
v 5.33363 5.71916 7.63378
v 6.00698 5.28615 7.54933
v 6.64503 4.79903 7.44965
v 7.24155 4.25801 7.33522
v 7.78962 3.66400 7.20666
v 8.28178 3.01877 7.06475
v 8.71023 2.32515 6.91041
v 9.06709 1.58713 6.74475
v 9.34465 0.80992 6.56904
v 10.04106 -0.00000 5.67525
v 9.85238 -0.85393 5.88562
v 9.57115 -1.67536 6.08643
v 9.20466 -2.45714 6.27598
v 8.76082 -3.19339 6.45276
v 8.24783 -3.87953 6.61546
v 7.67389 -4.51223 6.76298
v 7.04691 -5.08926 6.89440
v 6.37430 -5.60939 7.00896
v 5.66278 -6.07210 7.10607
v 4.91828 -6.47744 7.18528
v 4.14595 -6.82575 7.24624
v 3.35015 -7.11742 7.28871
v 2.53458 -7.35273 7.31255
v 1.70244 -7.53167 7.31766
v 0.85663 -7.65380 7.30403
v 0.00000 -7.71822 7.27170
v -0.86443 -7.72352 7.22080
v -1.73323 -7.66790 7.15151
v -2.60232 -7.54925 7.06411
v -3.46683 -7.36531 6.95900
v -4.32097 -7.11388 6.83669
v -5.15795 -6.79309 6.69785
v -5.97004 -6.40157 6.54330
v -6.74862 -5.93878 6.37405
v -7.48436 -5.40518 6.19129
v -8.16742 -4.80242 5.99642
v -8.78775 -4.13349 5.79104
v -9.33538 -3.40282 5.57695
v -9.80074 -2.61626 5.35612
v -10.17499 -1.78106 5.13068
v -10.45035 -0.90576 4.90290
v -10.62032 -0.00000 4.67517
v -10.45035 0.90576 4.90290
v -10.17499 1.78106 5.13068
v -9.80074 2.61626 5.35612
v -9.33538 3.40282 5.57695
v -8.78775 4.13349 5.79104
v -8.16742 4.80242 5.99642
v -7.48436 5.40518 6.19129
v -6.74862 5.93878 6.37405
v -5.97004 6.40157 6.54330
v -5.15795 6.79309 6.69785
v -4.32097 7.11388 6.83669
v -3.46683 7.36531 6.95900
v -2.60232 7.54925 7.06411
v -1.73323 7.66790 7.15151
v -0.86443 7.72352 7.22080
v -0.00000 7.71822 7.27170
v 0.85663 7.65380 7.30403
v 1.70244 7.53167 7.31766
v 2.53458 7.35273 7.31255
v 3.35015 7.11742 7.28871
v 4.14595 6.82575 7.24624
v 4.91828 6.47744 7.18528
v 5.66278 6.07210 7.10607
v 6.37430 5.60939 7.00896
v 7.04691 5.08926 6.89440
v 7.67389 4.51223 6.76298
v 8.24783 3.87953 6.61546
v 8.76082 3.19339 6.45276
v 9.20466 2.45714 6.27598
v 9.57115 1.67536 6.08643
v 9.85238 0.85393 5.88562
v 10.48551 -0.00000 4.93133
v 10.30300 -0.89299 5.16808
v 10.02216 -1.75431 5.39437
v 9.65026 -2.57609 5.60825
v 9.19532 -3.35177 5.80796
v 8.66577 -4.07612 5.99197
v 8.07016 -4.74523 6.15896
v 7.41680 -5.35640 6.30786
v 6.71357 -5.90794 6.43775
v 5.96768 -6.39904 6.54793
v 5.18556 -6.82945 6.63784
v 4.37285 -7.19930 6.70707
v 3.53438 -7.50883 6.75533
v 2.67434 -7.75818 6.78241
v 1.79637 -7.94723 6.78822
v 0.90382 -8.07545 6.77273
v 0.00000 -8.14184 6.73600
v -0.91160 -8.14497 6.67818
v -1.82705 -8.08297 6.59950
v -2.74174 -7.95371 6.50031
v -3.65024 -7.75497 6.38109
v -4.54616 -7.48464 6.24246
v -5.42211 -7.14098 6.08522
v -6.26972 -6.72291 5.91034
v -7.07977 -6.23020 5.71902
v -7.84239 -5.66375 5.51266
v -8.54724 -5.02575 5.29290
v -9.18388 -4.31982 5.06160
v -9.74209 -3.55107 4.82082
v -10.21219 -2.72609 4.57282
v -10.58542 -1.85290 4.32005
v -10.85420 -0.94076 4.06507
v -11.01245 -0.00000 3.81055
v -10.85420 0.94076 4.06507
v -10.58542 1.85290 4.32005
v -10.21219 2.72609 4.57282
v -9.74209 3.55107 4.82082
v -9.18388 4.31982 5.06160
v -8.54724 5.02575 5.29290
v -7.84239 5.66375 5.51266
v -7.07977 6.23020 5.71902
v -6.26972 6.72291 5.91034
v -5.42211 7.14098 6.08522
v -4.54616 7.48464 6.24246
v -3.65024 7.75497 6.38109
v -2.74174 7.95371 6.50031
v -1.82705 8.08297 6.59950
v -0.91160 8.14497 6.67818
v -0.00000 8.14184 6.73600
v 0.90382 8.07545 6.77273
v 1.79637 7.94723 6.78822
v 2.67434 7.75818 6.78241
v 3.53438 7.50883 6.75533
v 4.37285 7.19930 6.70707
v 5.18556 6.82945 6.63784
v 5.96768 6.39904 6.54793
v 6.71357 5.90794 6.43775
v 7.41680 5.35640 6.30786
v 8.07016 4.74523 6.15896
v 8.66577 4.07612 5.99197
v 9.19532 3.35177 5.80796
v 9.65026 2.57609 5.60825
v 10.02216 1.75431 5.39437
v 10.30300 0.89299 5.16808
v 10.86636 -0.00000 4.15750
v 10.69389 -0.92687 4.42057
v 10.41762 -1.82353 4.67242
v 10.04467 -2.68138 4.91078
v 9.58307 -3.49310 5.13364
v 9.04141 -4.25280 5.33922
v 8.42849 -4.95593 5.52599
v 7.75303 -5.59921 5.69268
v 7.02330 -6.18051 5.83821
v 6.24703 -6.69858 5.96175
v 5.43113 -7.15287 6.06262
v 4.58176 -7.54325 6.14032
v 3.70427 -7.86974 6.19450
v 2.80332 -8.13234 6.22492
v 1.88306 -8.33078 6.23144
v 0.94736 -8.46444 6.21404
v 0.00000 -8.53224 6.17280
v -0.95499 -8.53268 6.10789
v -1.91315 -8.46387 6.01960
v -2.86928 -8.32371 5.90835
v -3.81737 -8.11004 5.77472
v -4.75040 -7.82089 5.61945
v -5.66034 -7.45474 5.44349
v -6.53822 -7.01083 5.24799
v -7.37424 -6.48933 5.03435
v -8.15798 -5.89167 4.80421
v -8.87871 -5.22065 4.55945
v -9.52566 -4.48058 4.30221
v -10.08848 -3.67733 4.03484
v -10.55750 -2.81827 3.75991
v -10.92416 -1.91220 3.48017
v -11.18130 -0.96911 3.19849
v -11.32338 -0.00000 2.91783
v -11.18130 0.96911 3.19849
v -10.92416 1.91220 3.48017
v -10.55750 2.81827 3.75991
v -10.08848 3.67733 4.03484
v -9.52566 4.48058 4.30221
v -8.87871 5.22065 4.55945
v -8.15798 5.89167 4.80421
v -7.37424 6.48933 5.03435
v -6.53822 7.01083 5.24799
v -5.66034 7.45474 5.44349
v -4.75040 7.82089 5.61945
v -3.81737 8.11004 5.77472
v -2.86928 8.32371 5.90835
v -1.91315 8.46387 6.01960
v -0.95499 8.53268 6.10789
v -0.00000 8.53224 6.17280
v 0.94736 8.46444 6.21404
v 1.88306 8.33078 6.23144
v 2.80332 8.13234 6.22492
v 3.70427 7.86974 6.19450
v 4.58176 7.54325 6.14032
v 5.43113 7.15287 6.06262
v 6.24703 6.69858 5.96175
v 7.02330 6.18051 5.83821
v 7.75303 5.59921 5.69268
v 8.42849 4.95593 5.52599
v 9.04141 4.25280 5.33922
v 9.58307 3.49310 5.13364
v 10.04467 2.68138 4.91078
v 10.41762 1.82353 4.67242
v 10.69389 0.92687 4.42057
v 11.18130 -0.00000 3.35846
v 11.02279 -0.95537 3.64745
v 10.75535 -1.88265 3.92457
v 10.38581 -2.77244 4.18726
v 9.92210 -3.61669 4.43322
v 9.37290 -4.40873 4.66040
v 8.74721 -5.14334 4.86705
v 8.05405 -5.81661 5.05166
v 7.30214 -6.42588 5.21299
v 6.49962 -6.96944 5.35004
v 5.65397 -7.44635 5.46202
v 4.77183 -7.85617 5.54832
v 3.85910 -8.19869 5.60852
v 2.92099 -8.47370 5.64232
v 1.96218 -8.68079 5.64957
v 0.98706 -8.81921 5.63024
v 0.00000 -8.88781 5.58441
v -0.99443 -8.88503 5.51230
v -1.99116 -8.80900 5.41426
v -2.98440 -8.65765 5.29079
v -3.96747 -8.42893 5.14259
v -4.93274 -8.12108 4.97053
v -5.87152 -7.73287 4.77573
v -6.77423 -7.26389 4.55955
v -7.63050 -6.71484 4.32359
v -8.42944 -6.08772 4.06976
v -9.15996 -5.38603 3.80020
v -9.81108 -4.61484 3.51736
v -10.37240 -3.78082 3.22388
v -10.83442 -2.89220 2.92265
v -11.18894 -1.95854 2.61673
v -11.42933 -0.99061 2.30929
v -11.55080 -0.00000 2.00359
v -11.42933 0.99061 2.30929
v -11.18894 1.95854 2.61673
v -10.83442 2.89220 2.92265
v -10.37240 3.78082 3.22388
v -9.81108 4.61484 3.51736
v -9.15996 5.38603 3.80020
v -8.42944 6.08772 4.06976
v -7.63050 6.71484 4.32359
v -6.77423 7.26389 4.55955
v -5.87152 7.73287 4.77573
v -4.93274 8.12108 4.97053
v -3.96747 8.42893 5.14259
v -2.98440 8.65765 5.29079
v -1.99116 8.80900 5.41426
v -0.99443 8.88503 5.51230
v -0.00000 8.88781 5.58441
v 0.98706 8.81921 5.63024
v 1.96218 8.68079 5.64957
v 2.92099 8.47370 5.64232
v 3.85910 8.19869 5.60852
v 4.77183 7.85617 5.54832
v 5.65397 7.44635 5.46202
v 6.49962 6.96944 5.35004
v 7.30214 6.42588 5.21299
v 8.05405 5.81661 5.05166
v 8.74721 5.14334 4.86705
v 9.37290 4.40873 4.66040
v 9.92210 3.61669 4.43322
v 10.38581 2.77244 4.18726
v 10.75535 1.88265 3.92457
v 11.02279 0.95537 3.64745
v 11.42842 -0.00000 2.53904
v 11.28779 -0.97834 2.85318
v 11.03346 -1.93133 3.15496
v 10.67185 -2.84880 3.44153
v 10.21070 -3.72188 3.71026
v 9.65863 -4.54313 3.95883
v 9.02481 -5.30656 4.18522
v 8.31852 -6.00761 4.38770
v 7.54884 -6.64298 4.56483
v 6.72439 -7.21045 4.71543
v 5.85313 -7.70866 4.83856
v 4.94228 -8.13679 4.93351
v 3.99827 -8.49435 4.99976
v 3.02688 -8.78090 5.03697
v 2.03339 -8.99585 5.04496
v 1.02278 -9.13833 5.02367
v 0.00000 -9.20710 4.97322
v -1.02975 -9.20057 4.89387
v -2.06075 -9.11689 4.78603
v -3.08658 -8.95407 4.65031
v -4.09988 -8.71023 4.48752
v -5.09233 -8.38384 4.29870
v -6.05463 -7.97402 4.08515
v -6.97655 -7.48084 3.84844
v -7.84722 -6.90555 3.59043
v -8.65529 -6.25083 3.31329
v -9.38939 -5.52094 3.01947
v -10.03844 -4.72178 2.71169
v -10.59210 -3.86090 2.39295
v -11.04117 -2.94739 2.06645
v -11.37795 -1.99163 1.73556
v -11.59654 -1.00510 1.40376
v -11.69305 -0.00000 1.07458
v -11.59654 1.00510 1.40376
v -11.37795 1.99163 1.73556
v -11.04117 2.94739 2.06645
v -10.59210 3.86090 2.39295
v -10.03844 4.72178 2.71169
v -9.38939 5.52094 3.01947
v -8.65529 6.25083 3.31329
v -7.84722 6.90555 3.59043
v -6.97655 7.48084 3.84844
v -6.05463 7.97402 4.08515
v -5.09233 8.38384 4.29870
v -4.09988 8.71023 4.48752
v -3.08658 8.95407 4.65031
v -2.06075 9.11689 4.78603
v -1.02975 9.20057 4.89387
v -0.00000 9.20710 4.97322
v 1.02278 9.13833 5.02367
v 2.03339 8.99585 5.04496
v 3.02688 8.78090 5.03697
v 3.99827 8.49435 4.99976
v 4.94228 8.13679 4.93351
v 5.85313 7.70866 4.83856
v 6.72439 7.21045 4.71543
v 7.54884 6.64298 4.56483
v 8.31852 6.00761 4.38770
v 9.02481 5.30656 4.18522
v 9.65863 4.54313 3.95883
v 10.21070 3.72188 3.71026
v 10.67185 2.84880 3.44153
v 11.03346 1.93133 3.15496
v 11.28779 0.97834 2.85318
v 11.60623 -0.00000 1.70422
v 11.48737 -0.99564 2.04237
v 11.25042 -1.96931 2.36787
v 10.90129 -2.91004 2.67754
v 10.44738 -3.80815 2.96843
v 9.89721 -4.65535 3.23793
v 9.25999 -5.44485 3.48373
v 8.54522 -6.17133 3.70383
v 7.76233 -6.83085 3.89659
v 6.92036 -7.42059 4.06062
v 6.02780 -7.93869 4.19484
v 5.09240 -8.38394 4.29840
v 4.12119 -8.75551 4.37070
v 3.12057 -9.05268 4.41131
v 2.09642 -9.27468 4.42003
v 1.05436 -9.42050 4.39679
v 0.00000 -9.48881 4.34173
v -1.06080 -9.47800 4.25516
v -2.12164 -9.38625 4.13757
v -3.17538 -9.21170 3.98967
v -4.21399 -8.95267 3.81243
v -5.22845 -8.60794 3.60705
v -6.20879 -8.17706 3.37504
v -7.14420 -7.66060 3.11820
v -8.02327 -7.06048 2.83867
v -8.83432 -6.38012 2.53890
v -9.56572 -5.62462 2.22165
v -10.20641 -4.80078 1.88998
v -10.74622 -3.91708 1.54721
v -11.17640 -2.98349 1.19687
v -11.48991 -2.01123 0.84265
v -11.68174 -1.01248 0.48830
v -11.74907 -0.00000 0.13764
v -11.68174 1.01248 0.48830
v -11.48991 2.01123 0.84265
v -11.17640 2.98349 1.19687
v -10.74622 3.91708 1.54721
v -10.20641 4.80078 1.88998
v -9.56572 5.62462 2.22165
v -8.83432 6.38012 2.53890
v -8.02327 7.06048 2.83867
v -7.14420 7.66060 3.11820
v -6.20879 8.17706 3.37504
v -5.22845 8.60794 3.60705
v -4.21399 8.95267 3.81243
v -3.17538 9.21170 3.98967
v -2.12164 9.38625 4.13757
v -1.06080 9.47800 4.25516
v -0.00000 9.48881 4.34173
v 1.05436 9.42050 4.39679
v 2.09642 9.27468 4.42003
v 3.12057 9.05268 4.41131
v 4.12119 8.75551 4.37070
v 5.09240 8.38394 4.29840
v 6.02780 7.93869 4.19484
v 6.92036 7.42059 4.06062
v 7.76233 6.83085 3.89659
v 8.54522 6.17133 3.70383
v 9.25999 5.44485 3.48373
v 9.89721 4.65535 3.23793
v 10.44738 3.80815 2.96843
v 10.90129 2.91004 2.67754
v 11.25042 1.96931 2.36787
v 11.48737 0.99564 2.04237
v 11.71363 -0.00000 0.85907
v 11.62035 -1.00716 1.21972
v 11.40502 -1.99637 1.56766
v 11.07290 -2.95586 1.89935
v 10.63095 -3.87506 2.21152
v 10.08747 -4.74484 2.50122
v 9.45164 -5.55754 2.76585
v 8.73313 -6.30704 3.00315
v 7.94166 -6.98866 3.21120
v 7.08670 -7.59895 3.38843
v 6.17723 -8.13550 3.53356
v 5.22158 -8.59662 3.64562
v 4.22738 -8.98110 3.72388
v 3.20167 -9.28796 3.76786
v 2.15101 -9.51617 3.77730
v 1.08168 -9.66458 3.75214
v 0.00000 -9.73178 3.69252
v -1.08745 -9.71615 3.59882
v -2.17355 -9.61593 3.47162
v -3.25043 -9.42941 3.31175
v -4.30931 -9.15517 3.12034
v -5.34047 -8.79236 2.89877
v -6.33327 -8.34100 2.64879
v -7.27632 -7.80228 2.37246
v -8.15775 -7.17882 2.07220
v -8.96554 -6.47489 1.75077
v -9.68795 -5.69649 1.41126
v -10.31397 -4.85138 1.05709
v -10.83380 -3.94901 0.69189
v -11.23924 -3.00026 0.31954
v -11.52408 -2.01721 -0.05598
v -11.68434 -1.01271 -0.43061
v -11.71845 -0.00000 -0.80031
v -11.68434 1.01271 -0.43061
v -11.52408 2.01721 -0.05598
v -11.23924 3.00026 0.31954
v -10.83380 3.94901 0.69189
v -10.31397 4.85138 1.05709
v -9.68795 5.69649 1.41126
v -8.96554 6.47489 1.75077
v -8.15775 7.17882 2.07220
v -7.27632 7.80228 2.37246
v -6.33327 8.34100 2.64879
v -5.34047 8.79236 2.89877
v -4.30931 9.15517 3.12034
v -3.25043 9.42941 3.31175
v -2.17355 9.61593 3.47162
v -1.08745 9.71615 3.59882
v -0.00000 9.73178 3.69252
v 1.08168 9.66458 3.75214
v 2.15101 9.51617 3.77730
v 3.20167 9.28796 3.76786
v 4.22738 8.98110 3.72388
v 5.22158 8.59662 3.64562
v 6.17723 8.13550 3.53356
v 7.08670 7.59895 3.38843
v 7.94166 6.98866 3.21120
v 8.73313 6.30704 3.00315
v 9.45164 5.55754 2.76585
v 10.08747 4.74484 2.50122
v 10.63095 3.87506 2.21152
v 11.07290 2.95586 1.89935
v 11.40502 1.99637 1.56766
v 11.62035 1.00716 1.21972
v 11.75000 -0.00000 0.00870
v 11.68597 -1.01285 0.39000
v 11.49641 -2.01237 0.75876
v 11.18578 -2.98599 1.11109
v 10.76047 -3.92228 1.44337
v 10.22847 -4.81116 1.75231
v 9.59887 -5.64411 2.03498
v 8.88140 -6.41412 2.28883
v 8.08605 -7.11573 2.51168
v 7.22270 -7.74478 2.70172
v 6.30081 -8.29825 2.85749
v 5.32928 -8.77394 2.97784
v 4.31640 -9.17023 3.06194
v 3.26986 -9.48578 3.10922
v 2.19693 -9.71935 3.11936
v 1.10463 -9.86959 3.09231
v 0.00000 -9.93503 3.02824
v -1.10960 -9.91405 2.92757
v -2.21628 -9.80496 2.79099
v -3.31140 -9.60626 2.61948
v -4.38541 -9.31684 2.41432
v -5.42787 -8.93625 2.17713
v -6.42747 -8.46506 1.90988
v -7.37227 -7.90516 1.61492
v -8.24996 -7.25996 1.29499
v -9.04825 -6.53462 0.95316
v -9.75538 -5.73613 0.59290
v -10.36051 -4.87327 0.21794
v -10.85431 -3.95648 -0.16771
v -11.22928 -2.99760 -0.55986
v -11.48021 -2.00953 -0.95422
v -11.60431 -1.00577 -1.34647
v -11.60141 -0.00000 -1.73236
v -11.60431 1.00577 -1.34647
v -11.48021 2.00953 -0.95422
v -11.22928 2.99760 -0.55986
v -10.85431 3.95648 -0.16771
v -10.36051 4.87327 0.21794
v -9.75538 5.73613 0.59290
v -9.04825 6.53462 0.95316
v -8.24996 7.25996 1.29499
v -7.37227 7.90516 1.61492
v -6.42747 8.46506 1.90988
v -5.42787 8.93625 2.17713
v -4.38541 9.31684 2.41432
v -3.31140 9.60626 2.61948
v -2.21628 9.80496 2.79099
v -1.10960 9.91405 2.92757
v -0.00000 9.93503 3.02824
v 1.10463 9.86959 3.09231
v 2.19693 9.71935 3.11936
v 3.26986 9.48578 3.10922
v 4.31640 9.17023 3.06194
v 5.32928 8.77394 2.97784
v 6.30081 8.29825 2.85749
v 7.22270 7.74478 2.70172
v 8.08605 7.11573 2.51168
v 8.88140 6.41412 2.28883
v 9.59887 5.64411 2.03498
v 10.22847 4.81116 1.75231
v 10.76047 3.92228 1.44337
v 11.18578 2.98599 1.11109
v 11.49641 2.01237 0.75876
v 11.68597 1.01285 0.39000
vt 0.00000 0.48047
vt 0.00053 0.48047
vt 0.00106 0.48047
vt 0.00158 0.48047
vt 0.00209 0.48047
vt 0.00257 0.48047
vt 0.00303 0.48047
vt 0.00346 0.48047
vt 0.00386 0.48047
vt 0.00422 0.48047
vt 0.00454 0.48047
vt 0.00481 0.48047
vt 0.00504 0.48047
vt 0.00522 0.48047
vt 0.00535 0.48047
vt 0.00543 0.48047
vt 0.00546 0.48047
vt 0.00543 0.48047
vt 0.00535 0.48047
vt 0.00522 0.48047
vt 0.00504 0.48047
vt 0.00481 0.48047
vt 0.00454 0.48047
vt 0.00422 0.48047
vt 0.00386 0.48047
vt 0.00346 0.48047
vt 0.00303 0.48047
vt 0.00257 0.48047
vt 0.00209 0.48047
vt 0.00158 0.48047
vt 0.00106 0.48047
vt 0.00053 0.48047
vt 0.00000 0.48047
vt -0.00053 0.48047
vt -0.00106 0.48047
vt -0.00158 0.48047
vt -0.00209 0.48047
vt -0.00257 0.48047
vt -0.00303 0.48047
vt -0.00346 0.48047
vt -0.00386 0.48047
vt -0.00422 0.48047
vt -0.00454 0.48047
vt -0.00481 0.48047
vt -0.00504 0.48047
vt -0.00522 0.48047
vt -0.00535 0.48047
vt -0.00543 0.48047
vt -0.00546 0.48047
vt -0.00543 0.48047
vt -0.00535 0.48047
vt -0.00522 0.48047
vt -0.00504 0.48047
vt -0.00481 0.48047
vt -0.00454 0.48047
vt -0.00422 0.48047
vt -0.00386 0.48047
vt -0.00346 0.48047
vt -0.00303 0.48047
vt -0.00257 0.48047
vt -0.00209 0.48047
vt -0.00158 0.48047
vt -0.00106 0.48047
vt -0.00053 0.48047
vt 0.00000 0.47856
vt 0.00392 0.47863
vt 0.00766 0.47870
vt 0.01118 0.47877
vt 0.01448 0.47883
vt 0.01753 0.47889
vt 0.02033 0.47894
vt 0.02287 0.47899
vt 0.02516 0.47903
vt 0.02719 0.47906
vt 0.02897 0.47909
vt 0.03050 0.47911
vt 0.03178 0.47912
vt 0.03282 0.47913
vt 0.03362 0.47913
vt 0.03417 0.47913
vt 0.03448 0.47912
vt 0.03453 0.47910
vt 0.03431 0.47908
vt 0.03383 0.47905
vt 0.03307 0.47901
vt 0.03201 0.47897
vt 0.03065 0.47892
vt 0.02897 0.47886
vt 0.02697 0.47881
vt 0.02465 0.47874
vt 0.02201 0.47867
vt 0.01904 0.47860
vt 0.01576 0.47852
vt 0.01219 0.47845
vt 0.00835 0.47836
vt 0.00428 0.47828
vt 0.00000 0.47820
vt -0.00428 0.47828
vt -0.00835 0.47836
vt -0.01219 0.47845
vt -0.01576 0.47852
vt -0.01904 0.47860
vt -0.02201 0.47867
vt -0.02465 0.47874
vt -0.02697 0.47881
vt -0.02897 0.47886
vt -0.03065 0.47892
vt -0.03201 0.47897
vt -0.03307 0.47901
vt -0.03383 0.47905
vt -0.03431 0.47908
vt -0.03453 0.47910
vt -0.03448 0.47912
vt -0.03417 0.47913
vt -0.03362 0.47913
vt -0.03282 0.47913
vt -0.03178 0.47912
vt -0.03050 0.47911
vt -0.02897 0.47909
vt -0.02719 0.47906
vt -0.02516 0.47903
vt -0.02287 0.47899
vt -0.02033 0.47894
vt -0.01753 0.47889
vt -0.01448 0.47883
vt -0.01118 0.47877
vt -0.00766 0.47870
vt -0.00392 0.47863
vt 0.00000 0.47375
vt 0.00729 0.47403
vt 0.01421 0.47429
vt 0.02073 0.47454
vt 0.02680 0.47477
vt 0.03240 0.47498
vt 0.03754 0.47517
vt 0.04218 0.47533
vt 0.04635 0.47548
vt 0.05005 0.47560
vt 0.05329 0.47570
vt 0.05607 0.47578
vt 0.05840 0.47583
vt 0.06029 0.47586
vt 0.06175 0.47587
vt 0.06278 0.47585
vt 0.06336 0.47581
vt 0.06348 0.47575
vt 0.06313 0.47566
vt 0.06230 0.47555
vt 0.06095 0.47542
vt 0.05906 0.47526
vt 0.05661 0.47508
vt 0.05358 0.47488
vt 0.04995 0.47467
vt 0.04571 0.47443
vt 0.04085 0.47417
vt 0.03539 0.47390
vt 0.02934 0.47362
vt 0.02272 0.47333
vt 0.01559 0.47302
vt 0.00799 0.47272
vt 0.00000 0.47241
vt -0.00799 0.47272
vt -0.01559 0.47302
vt -0.02272 0.47333
vt -0.02934 0.47362
vt -0.03539 0.47390
vt -0.04085 0.47417
vt -0.04571 0.47443
vt -0.04995 0.47467
vt -0.05358 0.47488
vt -0.05661 0.47508
vt -0.05906 0.47526
vt -0.06095 0.47542
vt -0.06230 0.47555
vt -0.06313 0.47566
vt -0.06348 0.47575
vt -0.06336 0.47581
vt -0.06278 0.47585
vt -0.06175 0.47587
vt -0.06029 0.47586
vt -0.05840 0.47583
vt -0.05607 0.47578
vt -0.05329 0.47570
vt -0.05005 0.47560
vt -0.04635 0.47548
vt -0.04218 0.47533
vt -0.03754 0.47517
vt -0.03240 0.47498
vt -0.02680 0.47477
vt -0.02073 0.47454
vt -0.01421 0.47429
vt -0.00729 0.47403
vt 0.00000 0.46607
vt 0.01061 0.46667
vt 0.02069 0.46725
vt 0.03016 0.46779
vt 0.03898 0.46829
vt 0.04712 0.46874
vt 0.05456 0.46916
vt 0.06130 0.46952
vt 0.06734 0.46984
vt 0.07270 0.47011
vt 0.07738 0.47033
vt 0.08140 0.47050
vt 0.08478 0.47061
vt 0.08752 0.47068
vt 0.08964 0.47069
vt 0.09113 0.47065
vt 0.09198 0.47057
vt 0.09217 0.47043
vt 0.09168 0.47023
vt 0.09049 0.46999
vt 0.08855 0.46970
vt 0.08584 0.46936
vt 0.08230 0.46897
vt 0.07792 0.46854
vt 0.07267 0.46806
vt 0.06652 0.46755
vt 0.05947 0.46699
vt 0.05153 0.46640
vt 0.04273 0.46578
vt 0.03310 0.46514
vt 0.02271 0.46448
vt 0.01164 0.46381
vt 0.00000 0.46313
vt -0.01164 0.46381
vt -0.02271 0.46448
vt -0.03310 0.46514
vt -0.04273 0.46578
vt -0.05153 0.46640
vt -0.05947 0.46699
vt -0.06652 0.46755
vt -0.07267 0.46806
vt -0.07792 0.46854
vt -0.08230 0.46897
vt -0.08584 0.46936
vt -0.08855 0.46970
vt -0.09049 0.46999
vt -0.09168 0.47023
vt -0.09217 0.47043
vt -0.09198 0.47057
vt -0.09113 0.47065
vt -0.08964 0.47069
vt -0.08752 0.47068
vt -0.08478 0.47061
vt -0.08140 0.47050
vt -0.07738 0.47033
vt -0.07270 0.47011
vt -0.06734 0.46984
vt -0.06130 0.46952
vt -0.05456 0.46916
vt -0.04712 0.46874
vt -0.03898 0.46829
vt -0.03016 0.46779
vt -0.02069 0.46725
vt -0.01061 0.46667
vt 0.00000 0.45556
vt 0.01388 0.45662
vt 0.02705 0.45762
vt 0.03943 0.45856
vt 0.05096 0.45943
vt 0.06161 0.46022
vt 0.07133 0.46094
vt 0.08014 0.46158
vt 0.08804 0.46213
vt 0.09503 0.46260
vt 0.10114 0.46298
vt 0.10640 0.46328
vt 0.11081 0.46348
vt 0.11440 0.46359
vt 0.11716 0.46362
vt 0.11911 0.46355
vt 0.12022 0.46340
vt 0.12048 0.46315
vt 0.11985 0.46282
vt 0.11829 0.46240
vt 0.11576 0.46189
vt 0.11222 0.46130
vt 0.10760 0.46062
vt 0.10188 0.45987
vt 0.09501 0.45904
vt 0.08697 0.45814
vt 0.07776 0.45717
vt 0.06737 0.45614
vt 0.05586 0.45506
vt 0.04327 0.45395
vt 0.02968 0.45279
vt 0.01522 0.45162
vt 0.00000 0.45044
vt -0.01522 0.45162
vt -0.02968 0.45279
vt -0.04327 0.45395
vt -0.05586 0.45506
vt -0.06737 0.45614
vt -0.07776 0.45717
vt -0.08697 0.45814
vt -0.09501 0.45904
vt -0.10188 0.45987
vt -0.10760 0.46062
vt -0.11222 0.46130
vt -0.11576 0.46189
vt -0.11829 0.46240
vt -0.11985 0.46282
vt -0.12048 0.46315
vt -0.12022 0.46340
vt -0.11911 0.46355
vt -0.11716 0.46362
vt -0.11440 0.46359
vt -0.11081 0.46348
vt -0.10640 0.46328
vt -0.10114 0.46298
vt -0.09503 0.46260
vt -0.08804 0.46213
vt -0.08014 0.46158
vt -0.07133 0.46094
vt -0.06161 0.46022
vt -0.05096 0.45943
vt -0.03943 0.45856
vt -0.02705 0.45762
vt -0.01388 0.45662
vt 0.00000 0.44229
vt 0.01706 0.44391
vt 0.03326 0.44545
vt 0.04849 0.44689
vt 0.06269 0.44823
vt 0.07579 0.44945
vt 0.08777 0.45056
vt 0.09862 0.45154
vt 0.10834 0.45239
vt 0.11696 0.45312
vt 0.12449 0.45370
vt 0.13096 0.45415
vt 0.13639 0.45446
vt 0.14081 0.45464
vt 0.14422 0.45468
vt 0.14661 0.45458
vt 0.14798 0.45434
vt 0.14829 0.45396
vt 0.14751 0.45345
vt 0.14558 0.45280
vt 0.14246 0.45202
vt 0.13808 0.45111
vt 0.13239 0.45007
vt 0.12533 0.44891
vt 0.11686 0.44763
vt 0.10695 0.44625
vt 0.09560 0.44476
vt 0.08281 0.44318
vt 0.06864 0.44153
vt 0.05316 0.43981
vt 0.03646 0.43804
vt 0.01868 0.43624
vt 0.00000 0.43443
vt -0.01868 0.43624
vt -0.03646 0.43804
vt -0.05316 0.43981
vt -0.06864 0.44153
vt -0.08281 0.44318
vt -0.09560 0.44476
vt -0.10695 0.44625
vt -0.11686 0.44763
vt -0.12533 0.44891
vt -0.13239 0.45007
vt -0.13808 0.45111
vt -0.14246 0.45202
vt -0.14558 0.45280
vt -0.14751 0.45345
vt -0.14829 0.45396
vt -0.14798 0.45434
vt -0.14661 0.45458
vt -0.14422 0.45468
vt -0.14081 0.45464
vt -0.13639 0.45446
vt -0.13096 0.45415
vt -0.12449 0.45370
vt -0.11696 0.45312
vt -0.10834 0.45239
vt -0.09862 0.45154
vt -0.08777 0.45056
vt -0.07579 0.44945
vt -0.06269 0.44823
vt -0.04849 0.44689
vt -0.03326 0.44545
vt -0.01706 0.44391
vt 0.00000 0.42633
vt 0.02014 0.42863
vt 0.03928 0.43081
vt 0.05730 0.43286
vt 0.07409 0.43475
vt 0.08960 0.43649
vt 0.10379 0.43806
vt 0.11665 0.43945
vt 0.12817 0.44066
vt 0.13838 0.44169
vt 0.14731 0.44252
vt 0.15498 0.44316
vt 0.16142 0.44360
vt 0.16666 0.44385
vt 0.17069 0.44391
vt 0.17352 0.44376
vt 0.17513 0.44343
vt 0.17548 0.44289
vt 0.17454 0.44217
vt 0.17224 0.44125
vt 0.16852 0.44014
vt 0.16331 0.43884
vt 0.15654 0.43737
vt 0.14815 0.43572
vt 0.13810 0.43391
vt 0.12635 0.43194
vt 0.11290 0.42984
vt 0.09776 0.42760
vt 0.08100 0.42526
vt 0.06270 0.42282
vt 0.04298 0.42032
vt 0.02202 0.41777
vt 0.00000 0.41521
vt -0.02202 0.41777
vt -0.04298 0.42032
vt -0.06270 0.42282
vt -0.08100 0.42526
vt -0.09776 0.42760
vt -0.11290 0.42984
vt -0.12635 0.43194
vt -0.13810 0.43391
vt -0.14815 0.43572
vt -0.15654 0.43737
vt -0.16331 0.43884
vt -0.16852 0.44014
vt -0.17224 0.44125
vt -0.17454 0.44217
vt -0.17548 0.44289
vt -0.17513 0.44343
vt -0.17352 0.44376
vt -0.17069 0.44391
vt -0.16666 0.44385
vt -0.16142 0.44360
vt -0.15498 0.44316
vt -0.14731 0.44252
vt -0.13838 0.44169
vt -0.12817 0.44066
vt -0.11665 0.43945
vt -0.10379 0.43806
vt -0.08960 0.43649
vt -0.07409 0.43475
vt -0.05730 0.43286
vt -0.03928 0.43081
vt -0.02014 0.42863
vt 0.00000 0.40779
vt 0.02311 0.41087
vt 0.04509 0.41379
vt 0.06580 0.41653
vt 0.08512 0.41907
vt 0.10298 0.42140
vt 0.11933 0.42350
vt 0.13415 0.42537
vt 0.14744 0.42700
vt 0.15922 0.42837
vt 0.16952 0.42949
vt 0.17837 0.43034
vt 0.18580 0.43094
vt 0.19183 0.43128
vt 0.19647 0.43135
vt 0.19973 0.43116
vt 0.20156 0.43070
vt 0.20195 0.42999
vt 0.20084 0.42901
vt 0.19815 0.42778
vt 0.19383 0.42629
vt 0.18778 0.42455
vt 0.17994 0.42258
vt 0.17024 0.42037
vt 0.15863 0.41794
vt 0.14507 0.41530
vt 0.12956 0.41248
vt 0.11214 0.40949
vt 0.09286 0.40635
vt 0.07183 0.40310
vt 0.04922 0.39975
vt 0.02519 0.39635
vt 0.00000 0.39293
vt -0.02519 0.39635
vt -0.04922 0.39975
vt -0.07183 0.40310
vt -0.09286 0.40635
vt -0.11214 0.40949
vt -0.12956 0.41248
vt -0.14507 0.41530
vt -0.15863 0.41794
vt -0.17024 0.42037
vt -0.17994 0.42258
vt -0.18778 0.42455
vt -0.19383 0.42629
vt -0.19815 0.42778
vt -0.20084 0.42901
vt -0.20195 0.42999
vt -0.20156 0.43070
vt -0.19973 0.43116
vt -0.19647 0.43135
vt -0.19183 0.43128
vt -0.18580 0.43094
vt -0.17837 0.43034
vt -0.16952 0.42949
vt -0.15922 0.42837
vt -0.14744 0.42700
vt -0.13415 0.42537
vt -0.11933 0.42350
vt -0.10298 0.42140
vt -0.08512 0.41907
vt -0.06580 0.41653
vt -0.04509 0.41379
vt -0.02311 0.41087
vt 0.00000 0.38678
vt 0.02594 0.39072
vt 0.05065 0.39447
vt 0.07395 0.39799
vt 0.09572 0.40125
vt 0.11586 0.40425
vt 0.13430 0.40696
vt 0.15104 0.40936
vt 0.16605 0.41145
vt 0.17937 0.41322
vt 0.19101 0.41465
vt 0.20102 0.41576
vt 0.20942 0.41653
vt 0.21623 0.41696
vt 0.22147 0.41705
vt 0.22512 0.41681
vt 0.22718 0.41622
vt 0.22758 0.41530
vt 0.22628 0.41404
vt 0.22321 0.41245
vt 0.21827 0.41054
vt 0.21139 0.40830
vt 0.20249 0.40576
vt 0.19149 0.40292
vt 0.17834 0.39980
vt 0.16300 0.39642
vt 0.14549 0.39279
vt 0.12584 0.38895
vt 0.10414 0.38493
vt 0.08051 0.38076
vt 0.05512 0.37648
vt 0.02819 0.37213
vt 0.00000 0.36775
vt -0.02819 0.37213
vt -0.05512 0.37648
vt -0.08051 0.38076
vt -0.10414 0.38493
vt -0.12584 0.38895
vt -0.14549 0.39279
vt -0.16300 0.39642
vt -0.17834 0.39980
vt -0.19149 0.40292
vt -0.20249 0.40576
vt -0.21139 0.40830
vt -0.21827 0.41054
vt -0.22321 0.41245
vt -0.22628 0.41404
vt -0.22758 0.41530
vt -0.22718 0.41622
vt -0.22512 0.41681
vt -0.22147 0.41705
vt -0.21623 0.41696
vt -0.20942 0.41653
vt -0.20102 0.41576
vt -0.19101 0.41465
vt -0.17937 0.41322
vt -0.16605 0.41145
vt -0.15104 0.40936
vt -0.13430 0.40696
vt -0.11586 0.40425
vt -0.09572 0.40125
vt -0.07395 0.39799
vt -0.05065 0.39447
vt -0.02594 0.39072
vt 0.00000 0.36342
vt 0.02862 0.36831
vt 0.05593 0.37296
vt 0.08171 0.37733
vt 0.10583 0.38140
vt 0.12817 0.38512
vt 0.14865 0.38849
vt 0.16724 0.39149
vt 0.18394 0.39409
vt 0.19875 0.39629
vt 0.21171 0.39809
vt 0.22284 0.39947
vt 0.23218 0.40042
vt 0.23976 0.40096
vt 0.24557 0.40108
vt 0.24961 0.40077
vt 0.25186 0.40004
vt 0.25227 0.39889
vt 0.25077 0.39732
vt 0.24729 0.39534
vt 0.24174 0.39296
vt 0.23403 0.39017
vt 0.22406 0.38701
vt 0.21178 0.38347
vt 0.19712 0.37959
vt 0.18005 0.37538
vt 0.16060 0.37088
vt 0.13881 0.36612
vt 0.11478 0.36113
vt 0.08866 0.35596
vt 0.06064 0.35066
vt 0.03099 0.34527
vt 0.00000 0.33987
vt -0.03099 0.34527
vt -0.06064 0.35066
vt -0.08866 0.35596
vt -0.11478 0.36113
vt -0.13881 0.36612
vt -0.16060 0.37088
vt -0.18005 0.37538
vt -0.19712 0.37959
vt -0.21178 0.38347
vt -0.22406 0.38701
vt -0.23403 0.39017
vt -0.24174 0.39296
vt -0.24729 0.39534
vt -0.25077 0.39732
vt -0.25227 0.39889
vt -0.25186 0.40004
vt -0.24961 0.40077
vt -0.24557 0.40108
vt -0.23976 0.40096
vt -0.23218 0.40042
vt -0.22284 0.39947
vt -0.21171 0.39809
vt -0.19875 0.39629
vt -0.18394 0.39409
vt -0.16724 0.39149
vt -0.14865 0.38849
vt -0.12817 0.38512
vt -0.10583 0.38140
vt -0.08171 0.37733
vt -0.05593 0.37296
vt -0.02862 0.36831
vt 0.00000 0.33786
vt 0.03114 0.34377
vt 0.06089 0.34939
vt 0.08904 0.35468
vt 0.11540 0.35960
vt 0.13985 0.36412
vt 0.16229 0.36821
vt 0.18269 0.37184
vt 0.20101 0.37500
vt 0.21728 0.37767
vt 0.23152 0.37985
vt 0.24375 0.38153
vt 0.25401 0.38269
vt 0.26232 0.38335
vt 0.26868 0.38349
vt 0.27309 0.38311
vt 0.27552 0.38223
vt 0.27591 0.38083
vt 0.27420 0.37892
vt 0.27031 0.37652
vt 0.26413 0.37362
vt 0.25558 0.37024
vt 0.24457 0.36640
vt 0.23102 0.36212
vt 0.21488 0.35741
vt 0.19613 0.35232
vt 0.17480 0.34687
vt 0.15095 0.34111
vt 0.12470 0.33509
vt 0.09623 0.32885
vt 0.06576 0.32246
vt 0.03357 0.31598
vt 0.00000 0.30947
vt -0.03357 0.31598
vt -0.06576 0.32246
vt -0.09623 0.32885
vt -0.12470 0.33509
vt -0.15095 0.34111
vt -0.17480 0.34687
vt -0.19613 0.35232
vt -0.21488 0.35741
vt -0.23102 0.36212
vt -0.24457 0.36640
vt -0.25558 0.37024
vt -0.26413 0.37362
vt -0.27031 0.37652
vt -0.27420 0.37892
vt -0.27591 0.38083
vt -0.27552 0.38223
vt -0.27309 0.38311
vt -0.26868 0.38349
vt -0.26232 0.38335
vt -0.25401 0.38269
vt -0.24375 0.38153
vt -0.23152 0.37985
vt -0.21728 0.37767
vt -0.20101 0.37500
vt -0.18269 0.37184
vt -0.16229 0.36821
vt -0.13985 0.36412
vt -0.11540 0.35960
vt -0.08904 0.35468
vt -0.06089 0.34939
vt -0.03114 0.34377
vt 0.00000 0.31024
vt 0.03347 0.31723
vt 0.06552 0.32388
vt 0.09589 0.33015
vt 0.12439 0.33598
vt 0.15085 0.34134
vt 0.17517 0.34619
vt 0.19730 0.35050
vt 0.21720 0.35426
vt 0.23488 0.35744
vt 0.25036 0.36003
vt 0.26366 0.36202
vt 0.27480 0.36341
vt 0.28382 0.36419
vt 0.29071 0.36436
vt 0.29547 0.36391
vt 0.29805 0.36285
vt 0.29841 0.36119
vt 0.29648 0.35892
vt 0.29215 0.35606
vt 0.28535 0.35262
vt 0.27596 0.34861
vt 0.26390 0.34405
vt 0.24911 0.33896
vt 0.23152 0.33338
vt 0.21115 0.32735
vt 0.18801 0.32090
vt 0.16220 0.31409
vt 0.13386 0.30697
vt 0.10318 0.29961
vt 0.07043 0.29208
vt 0.03592 0.28445
vt 0.00000 0.27680
vt -0.03592 0.28445
vt -0.07043 0.29208
vt -0.10318 0.29961
vt -0.13386 0.30697
vt -0.16220 0.31409
vt -0.18801 0.32090
vt -0.21115 0.32735
vt -0.23152 0.33338
vt -0.24911 0.33896
vt -0.26390 0.34405
vt -0.27596 0.34861
vt -0.28535 0.35262
vt -0.29215 0.35606
vt -0.29648 0.35892
vt -0.29841 0.36119
vt -0.29805 0.36285
vt -0.29547 0.36391
vt -0.29071 0.36436
vt -0.28382 0.36419
vt -0.27480 0.36341
vt -0.26366 0.36202
vt -0.25036 0.36003
vt -0.23488 0.35744
vt -0.21720 0.35426
vt -0.19730 0.35050
vt -0.17517 0.34619
vt -0.15085 0.34134
vt -0.12439 0.33598
vt -0.09589 0.33015
vt -0.06552 0.32388
vt -0.03347 0.31723
vt 0.00000 0.28075
vt 0.03561 0.28885
vt 0.06979 0.29658
vt 0.10224 0.30386
vt 0.13274 0.31065
vt 0.16111 0.31689
vt 0.18723 0.32254
vt 0.21102 0.32757
vt 0.23244 0.33196
vt 0.25148 0.33567
vt 0.26815 0.33870
vt 0.28248 0.34103
vt 0.29448 0.34265
vt 0.30418 0.34356
vt 0.31157 0.34375
vt 0.31665 0.34323
vt 0.31937 0.34200
vt 0.31968 0.34005
vt 0.31749 0.33741
vt 0.31273 0.33407
vt 0.30529 0.33005
vt 0.29506 0.32536
vt 0.28198 0.32005
vt 0.26596 0.31412
vt 0.24697 0.30763
vt 0.22502 0.30061
vt 0.20016 0.29312
vt 0.17249 0.28521
vt 0.14218 0.27696
vt 0.10947 0.26843
vt 0.07463 0.25972
vt 0.03801 0.25091
vt 0.00000 0.24208
vt -0.03801 0.25091
vt -0.07463 0.25972
vt -0.10947 0.26843
vt -0.14218 0.27696
vt -0.17249 0.28521
vt -0.20016 0.29312
vt -0.22502 0.30061
vt -0.24697 0.30763
vt -0.26596 0.31412
vt -0.28198 0.32005
vt -0.29506 0.32536
vt -0.30529 0.33005
vt -0.31273 0.33407
vt -0.31749 0.33741
vt -0.31968 0.34005
vt -0.31937 0.34200
vt -0.31665 0.34323
vt -0.31157 0.34375
vt -0.30418 0.34356
vt -0.29448 0.34265
vt -0.28248 0.34103
vt -0.26815 0.33870
vt -0.25148 0.33567
vt -0.23244 0.33196
vt -0.21102 0.32757
vt -0.18723 0.32254
vt -0.16111 0.31689
vt -0.13274 0.31065
vt -0.10224 0.30386
vt -0.06979 0.29658
vt -0.03561 0.28885
vt 0.00000 0.24955
vt 0.03755 0.25880
vt 0.07367 0.26763
vt 0.10804 0.27596
vt 0.14042 0.28374
vt 0.17059 0.29089
vt 0.19841 0.29738
vt 0.22378 0.30316
vt 0.24665 0.30820
vt 0.26700 0.31247
vt 0.28482 0.31595
vt 0.30014 0.31863
vt 0.31296 0.32050
vt 0.32331 0.32154
vt 0.33118 0.32177
vt 0.33655 0.32117
vt 0.33938 0.31975
vt 0.33962 0.31751
vt 0.33717 0.31446
vt 0.33195 0.31062
vt 0.32386 0.30600
vt 0.31281 0.30062
vt 0.29870 0.29452
vt 0.28149 0.28772
vt 0.26114 0.28028
vt 0.23767 0.27224
vt 0.21117 0.26367
vt 0.18176 0.25464
vt 0.14963 0.24523
vt 0.11504 0.23552
vt 0.07832 0.22560
vt 0.03983 0.21559
vt 0.00000 0.20557
vt -0.03983 0.21559
vt -0.07832 0.22560
vt -0.11504 0.23552
vt -0.14963 0.24523
vt -0.18176 0.25464
vt -0.21117 0.26367
vt -0.23767 0.27224
vt -0.26114 0.28028
vt -0.28149 0.28772
vt -0.29870 0.29452
vt -0.31281 0.30062
vt -0.32386 0.30600
vt -0.33195 0.31062
vt -0.33717 0.31446
vt -0.33962 0.31751
vt -0.33938 0.31975
vt -0.33655 0.32117
vt -0.33118 0.32177
vt -0.32331 0.32154
vt -0.31296 0.32050
vt -0.30014 0.31863
vt -0.28482 0.31595
vt -0.26700 0.31247
vt -0.24665 0.30820
vt -0.22378 0.30316
vt -0.19841 0.29738
vt -0.17059 0.29089
vt -0.14042 0.28374
vt -0.10804 0.27596
vt -0.07367 0.26763
vt -0.03755 0.25880
vt 0.00000 0.21684
vt 0.03927 0.22725
vt 0.07714 0.23720
vt 0.11327 0.24660
vt 0.14738 0.25539
vt 0.17923 0.26348
vt 0.20866 0.27082
vt 0.23553 0.27737
vt 0.25978 0.28308
vt 0.28138 0.28792
vt 0.30030 0.29188
vt 0.31656 0.29492
vt 0.33018 0.29704
vt 0.34114 0.29823
vt 0.34945 0.29849
vt 0.35509 0.29781
vt 0.35801 0.29619
vt 0.35815 0.29365
vt 0.35542 0.29019
vt 0.34974 0.28583
vt 0.34100 0.28059
vt 0.32911 0.27449
vt 0.31400 0.26758
vt 0.29562 0.25989
vt 0.27395 0.25147
vt 0.24904 0.24240
vt 0.22099 0.23274
vt 0.18995 0.22257
vt 0.15615 0.21198
vt 0.11987 0.20107
vt 0.08148 0.18996
vt 0.04137 0.17875
vt 0.00000 0.16756
vt -0.04137 0.17875
vt -0.08148 0.18996
vt -0.11987 0.20107
vt -0.15615 0.21198
vt -0.18995 0.22257
vt -0.22099 0.23274
vt -0.24904 0.24240
vt -0.27395 0.25147
vt -0.29562 0.25989
vt -0.31400 0.26758
vt -0.32911 0.27449
vt -0.34100 0.28059
vt -0.34974 0.28583
vt -0.35542 0.29019
vt -0.35815 0.29365
vt -0.35801 0.29619
vt -0.35509 0.29781
vt -0.34945 0.29849
vt -0.34114 0.29823
vt -0.33018 0.29704
vt -0.31656 0.29492
vt -0.30030 0.29188
vt -0.28138 0.28792
vt -0.25978 0.28308
vt -0.23553 0.27737
vt -0.20866 0.27082
vt -0.17923 0.26348
vt -0.14738 0.25539
vt -0.11327 0.24660
vt -0.07714 0.23720
vt -0.03927 0.22725
vt 0.00000 0.18281
vt 0.04076 0.19438
vt 0.08018 0.20545
vt 0.11790 0.21593
vt 0.15360 0.22573
vt 0.18700 0.23477
vt 0.21792 0.24299
vt 0.24621 0.25032
vt 0.27177 0.25672
vt 0.29455 0.26215
vt 0.31452 0.26658
vt 0.33169 0.27000
vt 0.34605 0.27238
vt 0.35759 0.27372
vt 0.36632 0.27401
vt 0.37220 0.27324
vt 0.37518 0.27143
vt 0.37520 0.26857
vt 0.37217 0.26469
vt 0.36601 0.25980
vt 0.35661 0.25392
vt 0.34390 0.24710
vt 0.32780 0.23936
vt 0.30828 0.23076
vt 0.28535 0.22137
vt 0.25907 0.21125
vt 0.22956 0.20049
vt 0.19702 0.18918
vt 0.16170 0.17742
vt 0.12392 0.16533
vt 0.08408 0.15303
vt 0.04261 0.14064
vt 0.00000 0.12830
vt -0.04261 0.14064
vt -0.08408 0.15303
vt -0.12392 0.16533
vt -0.16170 0.17742
vt -0.19702 0.18918
vt -0.22956 0.20049
vt -0.25907 0.21125
vt -0.28535 0.22137
vt -0.30828 0.23076
vt -0.32780 0.23936
vt -0.34390 0.24710
vt -0.35661 0.25392
vt -0.36601 0.25980
vt -0.37217 0.26469
vt -0.37520 0.26857
vt -0.37518 0.27143
vt -0.37220 0.27324
vt -0.36632 0.27401
vt -0.35759 0.27372
vt -0.34605 0.27238
vt -0.33169 0.27000
vt -0.31452 0.26658
vt -0.29455 0.26215
vt -0.27177 0.25672
vt -0.24621 0.25032
vt -0.21792 0.24299
vt -0.18700 0.23477
vt -0.15360 0.22573
vt -0.11790 0.21593
vt -0.08018 0.20545
vt -0.04076 0.19438
vt 0.00000 0.14768
vt 0.04201 0.16038
vt 0.08278 0.17257
vt 0.12191 0.18412
vt 0.15903 0.19494
vt 0.19386 0.20493
vt 0.22616 0.21401
vt 0.25577 0.22213
vt 0.28256 0.22922
vt 0.30646 0.23525
vt 0.32743 0.24017
vt 0.34545 0.24397
vt 0.36051 0.24662
vt 0.37260 0.24810
vt 0.38171 0.24842
vt 0.38780 0.24757
vt 0.39081 0.24556
vt 0.39069 0.24238
vt 0.38735 0.23807
vt 0.38069 0.23264
vt 0.37063 0.22613
vt 0.35710 0.21856
vt 0.34003 0.21000
vt 0.31941 0.20049
vt 0.29526 0.19012
vt 0.26769 0.17895
vt 0.23683 0.16710
vt 0.20292 0.15466
vt 0.16625 0.14176
vt 0.12717 0.12851
vt 0.08612 0.11506
vt 0.04356 0.10154
vt 0.00000 0.08810
vt -0.04356 0.10154
vt -0.08612 0.11506
vt -0.12717 0.12851
vt -0.16625 0.14176
vt -0.20292 0.15466
vt -0.23683 0.16710
vt -0.26769 0.17895
vt -0.29526 0.19012
vt -0.31941 0.20049
vt -0.34003 0.21000
vt -0.35710 0.21856
vt -0.37063 0.22613
vt -0.38069 0.23264
vt -0.38735 0.23807
vt -0.39069 0.24238
vt -0.39081 0.24556
vt -0.38780 0.24757
vt -0.38171 0.24842
vt -0.37260 0.24810
vt -0.36051 0.24662
vt -0.34545 0.24397
vt -0.32743 0.24017
vt -0.30646 0.23525
vt -0.28256 0.22922
vt -0.25577 0.22213
vt -0.22616 0.21401
vt -0.19386 0.20493
vt -0.15903 0.19494
vt -0.12191 0.18412
vt -0.08278 0.17257
vt -0.04201 0.16038
vt 0.00000 0.11165
vt 0.04302 0.12546
vt 0.08492 0.13873
vt 0.12527 0.15133
vt 0.16366 0.16315
vt 0.19977 0.17408
vt 0.23334 0.18403
vt 0.26416 0.19293
vt 0.29210 0.20072
vt 0.31706 0.20735
vt 0.33896 0.21276
vt 0.35779 0.21693
vt 0.37351 0.21985
vt 0.38611 0.22148
vt 0.39556 0.22183
vt 0.40183 0.22090
vt 0.40485 0.21868
vt 0.40456 0.21519
vt 0.40088 0.21045
vt 0.39373 0.20448
vt 0.38300 0.19732
vt 0.36865 0.18902
vt 0.35063 0.17963
vt 0.32894 0.16922
vt 0.30365 0.15788
vt 0.27486 0.14569
vt 0.24276 0.13277
vt 0.20762 0.11924
vt 0.16977 0.10522
vt 0.12960 0.09087
vt 0.08758 0.07632
vt 0.04420 0.06173
vt 0.00000 0.04725
vt -0.04420 0.06173
vt -0.08758 0.07632
vt -0.12960 0.09087
vt -0.16977 0.10522
vt -0.20762 0.11924
vt -0.24276 0.13277
vt -0.27486 0.14569
vt -0.30365 0.15788
vt -0.32894 0.16922
vt -0.35063 0.17963
vt -0.36865 0.18902
vt -0.38300 0.19732
vt -0.39373 0.20448
vt -0.40088 0.21045
vt -0.40456 0.21519
vt -0.40485 0.21868
vt -0.40183 0.22090
vt -0.39556 0.22183
vt -0.38611 0.22148
vt -0.37351 0.21985
vt -0.35779 0.21693
vt -0.33896 0.21276
vt -0.31706 0.20735
vt -0.29210 0.20072
vt -0.26416 0.19293
vt -0.23334 0.18403
vt -0.19977 0.17408
vt -0.16366 0.16315
vt -0.12527 0.15133
vt -0.08492 0.13873
vt -0.04302 0.12546
vt 0.00000 0.07494
vt 0.04378 0.08981
vt 0.08659 0.10412
vt 0.12796 0.11774
vt 0.16745 0.13053
vt 0.20470 0.14238
vt 0.23942 0.15319
vt 0.27136 0.16286
vt 0.30036 0.17134
vt 0.32630 0.17855
vt 0.34908 0.18445
vt 0.36866 0.18901
vt 0.38499 0.19219
vt 0.39806 0.19397
vt 0.40782 0.19436
vt 0.41423 0.19333
vt 0.41724 0.19091
vt 0.41676 0.18711
vt 0.41273 0.18194
vt 0.40505 0.17543
vt 0.39366 0.16764
vt 0.37851 0.15861
vt 0.35956 0.14841
vt 0.33685 0.13711
vt 0.31046 0.12482
vt 0.28054 0.11164
vt 0.24732 0.09769
vt 0.21110 0.08311
vt 0.17224 0.06803
vt 0.13119 0.05263
vt 0.08844 0.03705
vt 0.04452 0.02147
vt 0.00000 0.00605
vt -0.04452 0.02147
vt -0.08844 0.03705
vt -0.13119 0.05263
vt -0.17224 0.06803
vt -0.21110 0.08311
vt -0.24732 0.09769
vt -0.28054 0.11164
vt -0.31046 0.12482
vt -0.33685 0.13711
vt -0.35956 0.14841
vt -0.37851 0.15861
vt -0.39366 0.16764
vt -0.40505 0.17543
vt -0.41273 0.18194
vt -0.41676 0.18711
vt -0.41724 0.19091
vt -0.41423 0.19333
vt -0.40782 0.19436
vt -0.39806 0.19397
vt -0.38499 0.19219
vt -0.36866 0.18901
vt -0.34908 0.18445
vt -0.32630 0.17855
vt -0.30036 0.17134
vt -0.27136 0.16286
vt -0.23942 0.15319
vt -0.20470 0.14238
vt -0.16745 0.13053
vt -0.12796 0.11774
vt -0.08659 0.10412
vt -0.04378 0.08981
vt 0.00000 0.03777
vt 0.04429 0.05363
vt 0.08778 0.06893
vt 0.12997 0.08352
vt 0.17039 0.09724
vt 0.20864 0.10998
vt 0.24437 0.12162
vt 0.27733 0.13205
vt 0.30730 0.14120
vt 0.33414 0.14899
vt 0.35773 0.15538
vt 0.37801 0.16030
vt 0.39491 0.16375
vt 0.40841 0.16568
vt 0.41844 0.16609
vt 0.42497 0.16499
vt 0.42792 0.16237
vt 0.42723 0.15825
vt 0.42283 0.15265
vt 0.41463 0.14562
vt 0.40257 0.13721
vt 0.38661 0.12746
vt 0.36677 0.11647
vt 0.34308 0.10432
vt 0.31566 0.09112
vt 0.28471 0.07698
vt 0.25048 0.06206
vt 0.21332 0.04648
vt 0.17364 0.03042
vt 0.13193 0.01405
vt 0.08870 -0.00246
vt 0.04453 -0.01893
vt 0.00000 -0.03519
vt -0.04453 -0.01893
vt -0.08870 -0.00246
vt -0.13193 0.01405
vt -0.17364 0.03042
vt -0.21332 0.04648
vt -0.25048 0.06206
vt -0.28471 0.07698
vt -0.31566 0.09112
vt -0.34308 0.10432
vt -0.36677 0.11647
vt -0.38661 0.12746
vt -0.40257 0.13721
vt -0.41463 0.14562
vt -0.42283 0.15265
vt -0.42723 0.15825
vt -0.42792 0.16237
vt -0.42497 0.16499
vt -0.41844 0.16609
vt -0.40841 0.16568
vt -0.39491 0.16375
vt -0.37801 0.16030
vt -0.35773 0.15538
vt -0.33414 0.14899
vt -0.30730 0.14120
vt -0.27733 0.13205
vt -0.24437 0.12162
vt -0.20864 0.10998
vt -0.17039 0.09724
vt -0.12997 0.08352
vt -0.08778 0.06893
vt -0.04429 0.05363
vt 0.00000 0.00038
vt 0.04454 0.01715
vt 0.08849 0.03336
vt 0.13130 0.04886
vt 0.17247 0.06347
vt 0.21155 0.07705
vt 0.24818 0.08948
vt 0.28204 0.10064
vt 0.31289 0.11044
vt 0.34055 0.11880
vt 0.36489 0.12565
vt 0.38580 0.13094
vt 0.40323 0.13464
vt 0.41711 0.13672
vt 0.42738 0.13716
vt 0.43398 0.13597
vt 0.43686 0.13316
vt 0.43594 0.12873
vt 0.43114 0.12272
vt 0.42240 0.11518
vt 0.40968 0.10616
vt 0.39294 0.09573
vt 0.37222 0.08398
vt 0.34760 0.07101
vt 0.31923 0.05694
vt 0.28734 0.04191
vt 0.25223 0.02607
vt 0.21429 0.00958
vt 0.17397 -0.00737
vt 0.13181 -0.02462
vt 0.08836 -0.04196
vt 0.04423 -0.05921
vt 0.00000 -0.07617
vt -0.04423 -0.05921
vt -0.08836 -0.04196
vt -0.13181 -0.02462
vt -0.17397 -0.00737
vt -0.21429 0.00958
vt -0.25223 0.02607
vt -0.28734 0.04191
vt -0.31923 0.05694
vt -0.34760 0.07101
vt -0.37222 0.08398
vt -0.39294 0.09573
vt -0.40968 0.10616
vt -0.42240 0.11518
vt -0.43114 0.12272
vt -0.43594 0.12873
vt -0.43686 0.13316
vt -0.43398 0.13597
vt -0.42738 0.13716
vt -0.41711 0.13672
vt -0.40323 0.13464
vt -0.38580 0.13094
vt -0.36489 0.12565
vt -0.34055 0.11880
vt -0.31289 0.11044
vt -0.28204 0.10064
vt -0.24818 0.08948
vt -0.21155 0.07705
vt -0.17247 0.06347
vt -0.13130 0.04886
vt -0.08849 0.03336
vt -0.04454 0.01715
vt 0.00000 0.45528
vt 0.00051 0.45528
vt 0.00101 0.45528
vt 0.00150 0.45528
vt 0.00198 0.45528
vt 0.00244 0.45528
vt 0.00287 0.45528
vt 0.00328 0.45528
vt 0.00366 0.45528
vt 0.00400 0.45528
vt 0.00430 0.45528
vt 0.00456 0.45528
vt 0.00478 0.45528
vt 0.00495 0.45528
vt 0.00507 0.45528
vt 0.00514 0.45528
vt 0.00517 0.45528
vt 0.00514 0.45528
vt 0.00507 0.45528
vt 0.00495 0.45528
vt 0.00478 0.45528
vt 0.00456 0.45528
vt 0.00430 0.45528
vt 0.00400 0.45528
vt 0.00366 0.45528
vt 0.00328 0.45528
vt 0.00287 0.45528
vt 0.00244 0.45528
vt 0.00198 0.45528
vt 0.00150 0.45528
vt 0.00101 0.45528
vt 0.00051 0.45528
vt 0.00000 0.45528
vt -0.00051 0.45528
vt -0.00101 0.45528
vt -0.00150 0.45528
vt -0.00198 0.45528
vt -0.00244 0.45528
vt -0.00287 0.45528
vt -0.00328 0.45528
vt -0.00366 0.45528
vt -0.00400 0.45528
vt -0.00430 0.45528
vt -0.00456 0.45528
vt -0.00478 0.45528
vt -0.00495 0.45528
vt -0.00507 0.45528
vt -0.00514 0.45528
vt -0.00517 0.45528
vt -0.00514 0.45528
vt -0.00507 0.45528
vt -0.00495 0.45528
vt -0.00478 0.45528
vt -0.00456 0.45528
vt -0.00430 0.45528
vt -0.00400 0.45528
vt -0.00366 0.45528
vt -0.00328 0.45528
vt -0.00287 0.45528
vt -0.00244 0.45528
vt -0.00198 0.45528
vt -0.00150 0.45528
vt -0.00101 0.45528
vt -0.00051 0.45528
vt 0.00000 0.45347
vt 0.00372 0.45354
vt 0.00726 0.45361
vt 0.01060 0.45367
vt 0.01372 0.45373
vt 0.01661 0.45379
vt 0.01927 0.45384
vt 0.02168 0.45388
vt 0.02384 0.45392
vt 0.02577 0.45395
vt 0.02745 0.45397
vt 0.02890 0.45399
vt 0.03012 0.45401
vt 0.03110 0.45401
vt 0.03186 0.45402
vt 0.03238 0.45401
vt 0.03267 0.45400
vt 0.03272 0.45399
vt 0.03252 0.45396
vt 0.03206 0.45393
vt 0.03133 0.45390
vt 0.03033 0.45386
vt 0.02904 0.45381
vt 0.02745 0.45376
vt 0.02556 0.45371
vt 0.02336 0.45365
vt 0.02085 0.45358
vt 0.01804 0.45351
vt 0.01493 0.45344
vt 0.01155 0.45337
vt 0.00792 0.45329
vt 0.00405 0.45321
vt 0.00000 0.45313
vt -0.00405 0.45321
vt -0.00792 0.45329
vt -0.01155 0.45337
vt -0.01493 0.45344
vt -0.01804 0.45351
vt -0.02085 0.45358
vt -0.02336 0.45365
vt -0.02556 0.45371
vt -0.02745 0.45376
vt -0.02904 0.45381
vt -0.03033 0.45386
vt -0.03133 0.45390
vt -0.03206 0.45393
vt -0.03252 0.45396
vt -0.03272 0.45399
vt -0.03267 0.45400
vt -0.03238 0.45401
vt -0.03186 0.45402
vt -0.03110 0.45401
vt -0.03012 0.45401
vt -0.02890 0.45399
vt -0.02745 0.45397
vt -0.02577 0.45395
vt -0.02384 0.45392
vt -0.02168 0.45388
vt -0.01927 0.45384
vt -0.01661 0.45379
vt -0.01372 0.45373
vt -0.01060 0.45367
vt -0.00726 0.45361
vt -0.00372 0.45354
vt 0.00000 0.44892
vt 0.00691 0.44918
vt 0.01347 0.44943
vt 0.01964 0.44966
vt 0.02539 0.44988
vt 0.03071 0.45008
vt 0.03557 0.45026
vt 0.03997 0.45042
vt 0.04392 0.45055
vt 0.04743 0.45067
vt 0.05049 0.45077
vt 0.05313 0.45084
vt 0.05534 0.45089
vt 0.05713 0.45092
vt 0.05852 0.45093
vt 0.05949 0.45091
vt 0.06003 0.45087
vt 0.06015 0.45081
vt 0.05982 0.45073
vt 0.05903 0.45062
vt 0.05775 0.45049
vt 0.05596 0.45035
vt 0.05364 0.45018
vt 0.05077 0.44999
vt 0.04733 0.44978
vt 0.04331 0.44956
vt 0.03871 0.44932
vt 0.03354 0.44906
vt 0.02780 0.44879
vt 0.02153 0.44852
vt 0.01477 0.44823
vt 0.00757 0.44794
vt 0.00000 0.44764
vt -0.00757 0.44794
vt -0.01477 0.44823
vt -0.02153 0.44852
vt -0.02780 0.44879
vt -0.03354 0.44906
vt -0.03871 0.44932
vt -0.04331 0.44956
vt -0.04733 0.44978
vt -0.05077 0.44999
vt -0.05364 0.45018
vt -0.05596 0.45035
vt -0.05775 0.45049
vt -0.05903 0.45062
vt -0.05982 0.45073
vt -0.06015 0.45081
vt -0.06003 0.45087
vt -0.05949 0.45091
vt -0.05852 0.45093
vt -0.05713 0.45092
vt -0.05534 0.45089
vt -0.05313 0.45084
vt -0.05049 0.45077
vt -0.04743 0.45067
vt -0.04392 0.45055
vt -0.03997 0.45042
vt -0.03557 0.45026
vt -0.03071 0.45008
vt -0.02539 0.44988
vt -0.01964 0.44966
vt -0.01347 0.44943
vt -0.00691 0.44918
vt 0.00000 0.44164
vt 0.01006 0.44221
vt 0.01960 0.44276
vt 0.02858 0.44327
vt 0.03694 0.44374
vt 0.04465 0.44417
vt 0.05170 0.44456
vt 0.05809 0.44491
vt 0.06381 0.44521
vt 0.06889 0.44547
vt 0.07332 0.44567
vt 0.07713 0.44583
vt 0.08033 0.44594
vt 0.08293 0.44601
vt 0.08494 0.44602
vt 0.08635 0.44598
vt 0.08716 0.44590
vt 0.08734 0.44577
vt 0.08688 0.44559
vt 0.08575 0.44536
vt 0.08391 0.44508
vt 0.08134 0.44476
vt 0.07799 0.44439
vt 0.07384 0.44398
vt 0.06886 0.44353
vt 0.06303 0.44304
vt 0.05636 0.44251
vt 0.04883 0.44195
vt 0.04049 0.44137
vt 0.03137 0.44076
vt 0.02152 0.44013
vt 0.01103 0.43950
vt 0.00000 0.43885
vt -0.01103 0.43950
vt -0.02152 0.44013
vt -0.03137 0.44076
vt -0.04049 0.44137
vt -0.04883 0.44195
vt -0.05636 0.44251
vt -0.06303 0.44304
vt -0.06886 0.44353
vt -0.07384 0.44398
vt -0.07799 0.44439
vt -0.08134 0.44476
vt -0.08391 0.44508
vt -0.08575 0.44536
vt -0.08688 0.44559
vt -0.08734 0.44577
vt -0.08716 0.44590
vt -0.08635 0.44598
vt -0.08494 0.44602
vt -0.08293 0.44601
vt -0.08033 0.44594
vt -0.07713 0.44583
vt -0.07332 0.44567
vt -0.06889 0.44547
vt -0.06381 0.44521
vt -0.05809 0.44491
vt -0.05170 0.44456
vt -0.04465 0.44417
vt -0.03694 0.44374
vt -0.02858 0.44327
vt -0.01960 0.44276
vt -0.01006 0.44221
vt 0.00000 0.43168
vt 0.01315 0.43268
vt 0.02563 0.43363
vt 0.03736 0.43452
vt 0.04829 0.43534
vt 0.05838 0.43610
vt 0.06759 0.43678
vt 0.07594 0.43738
vt 0.08342 0.43791
vt 0.09005 0.43835
vt 0.09584 0.43871
vt 0.10082 0.43899
vt 0.10500 0.43918
vt 0.10840 0.43929
vt 0.11102 0.43932
vt 0.11287 0.43925
vt 0.11392 0.43911
vt 0.11416 0.43888
vt 0.11357 0.43856
vt 0.11209 0.43816
vt 0.10970 0.43768
vt 0.10633 0.43712
vt 0.10196 0.43648
vt 0.09654 0.43576
vt 0.09003 0.43498
vt 0.08241 0.43412
vt 0.07368 0.43320
vt 0.06384 0.43223
vt 0.05293 0.43121
vt 0.04100 0.43015
vt 0.02813 0.42906
vt 0.01442 0.42795
vt 0.00000 0.42683
vt -0.01442 0.42795
vt -0.02813 0.42906
vt -0.04100 0.43015
vt -0.05293 0.43121
vt -0.06384 0.43223
vt -0.07368 0.43320
vt -0.08241 0.43412
vt -0.09003 0.43498
vt -0.09654 0.43576
vt -0.10196 0.43648
vt -0.10633 0.43712
vt -0.10970 0.43768
vt -0.11209 0.43816
vt -0.11357 0.43856
vt -0.11416 0.43888
vt -0.11392 0.43911
vt -0.11287 0.43925
vt -0.11102 0.43932
vt -0.10840 0.43929
vt -0.10500 0.43918
vt -0.10082 0.43899
vt -0.09584 0.43871
vt -0.09005 0.43835
vt -0.08342 0.43791
vt -0.07594 0.43738
vt -0.06759 0.43678
vt -0.05838 0.43610
vt -0.04829 0.43534
vt -0.03736 0.43452
vt -0.02563 0.43363
vt -0.01315 0.43268
vt 0.00000 0.41910
vt 0.01616 0.42064
vt 0.03151 0.42210
vt 0.04595 0.42347
vt 0.05940 0.42473
vt 0.07182 0.42589
vt 0.08317 0.42694
vt 0.09345 0.42787
vt 0.10266 0.42868
vt 0.11083 0.42936
vt 0.11796 0.42992
vt 0.12409 0.43035
vt 0.12924 0.43064
vt 0.13343 0.43081
vt 0.13666 0.43084
vt 0.13893 0.43075
vt 0.14022 0.43052
vt 0.14051 0.43017
vt 0.13977 0.42968
vt 0.13795 0.42907
vt 0.13499 0.42833
vt 0.13084 0.42746
vt 0.12545 0.42648
vt 0.11876 0.42538
vt 0.11073 0.42417
vt 0.10134 0.42286
vt 0.09059 0.42145
vt 0.07847 0.41995
vt 0.06504 0.41838
vt 0.05037 0.41675
vt 0.03455 0.41508
vt 0.01770 0.41337
vt 0.00000 0.41165
vt -0.01770 0.41337
vt -0.03455 0.41508
vt -0.05037 0.41675
vt -0.06504 0.41838
vt -0.07847 0.41995
vt -0.09059 0.42145
vt -0.10134 0.42286
vt -0.11073 0.42417
vt -0.11876 0.42538
vt -0.12545 0.42648
vt -0.13084 0.42746
vt -0.13499 0.42833
vt -0.13795 0.42907
vt -0.13977 0.42968
vt -0.14051 0.43017
vt -0.14022 0.43052
vt -0.13893 0.43075
vt -0.13666 0.43084
vt -0.13343 0.43081
vt -0.12924 0.43064
vt -0.12409 0.43035
vt -0.11796 0.42992
vt -0.11083 0.42936
vt -0.10266 0.42868
vt -0.09345 0.42787
vt -0.08317 0.42694
vt -0.07182 0.42589
vt -0.05940 0.42473
vt -0.04595 0.42347
vt -0.03151 0.42210
vt -0.01616 0.42064
vt 0.00000 0.40399
vt 0.01908 0.40616
vt 0.03722 0.40823
vt 0.05430 0.41017
vt 0.07021 0.41196
vt 0.08491 0.41361
vt 0.09835 0.41510
vt 0.11053 0.41642
vt 0.12145 0.41757
vt 0.13113 0.41853
vt 0.13959 0.41932
vt 0.14686 0.41993
vt 0.15296 0.42035
vt 0.15792 0.42059
vt 0.16174 0.42064
vt 0.16442 0.42050
vt 0.16595 0.42018
vt 0.16628 0.41968
vt 0.16539 0.41899
vt 0.16321 0.41812
vt 0.15969 0.41707
vt 0.15475 0.41584
vt 0.14833 0.41444
vt 0.14039 0.41288
vt 0.13086 0.41117
vt 0.11973 0.40930
vt 0.10698 0.40730
vt 0.09264 0.40519
vt 0.07675 0.40296
vt 0.05941 0.40066
vt 0.04073 0.39829
vt 0.02086 0.39587
vt 0.00000 0.39344
vt -0.02086 0.39587
vt -0.04073 0.39829
vt -0.05941 0.40066
vt -0.07675 0.40296
vt -0.09264 0.40519
vt -0.10698 0.40730
vt -0.11973 0.40930
vt -0.13086 0.41117
vt -0.14039 0.41288
vt -0.14833 0.41444
vt -0.15475 0.41584
vt -0.15969 0.41707
vt -0.16321 0.41812
vt -0.16539 0.41899
vt -0.16628 0.41968
vt -0.16595 0.42018
vt -0.16442 0.42050
vt -0.16174 0.42064
vt -0.15792 0.42059
vt -0.15296 0.42035
vt -0.14686 0.41993
vt -0.13959 0.41932
vt -0.13113 0.41853
vt -0.12145 0.41757
vt -0.11053 0.41642
vt -0.09835 0.41510
vt -0.08491 0.41361
vt -0.07021 0.41196
vt -0.05430 0.41017
vt -0.03722 0.40823
vt -0.01908 0.40616
vt 0.00000 0.38642
vt 0.02190 0.38933
vt 0.04273 0.39210
vt 0.06235 0.39469
vt 0.08066 0.39710
vt 0.09758 0.39931
vt 0.11307 0.40130
vt 0.12711 0.40307
vt 0.13971 0.40461
vt 0.15087 0.40591
vt 0.16063 0.40697
vt 0.16902 0.40779
vt 0.17606 0.40835
vt 0.18177 0.40867
vt 0.18617 0.40874
vt 0.18926 0.40856
vt 0.19100 0.40813
vt 0.19136 0.40745
vt 0.19031 0.40652
vt 0.18776 0.40535
vt 0.18367 0.40394
vt 0.17794 0.40230
vt 0.17051 0.40042
vt 0.16132 0.39833
vt 0.15031 0.39603
vt 0.13747 0.39353
vt 0.12277 0.39086
vt 0.10626 0.38802
vt 0.08799 0.38505
vt 0.06807 0.38197
vt 0.04664 0.37880
vt 0.02387 0.37558
vt 0.00000 0.37233
vt -0.02387 0.37558
vt -0.04664 0.37880
vt -0.06807 0.38197
vt -0.08799 0.38505
vt -0.10626 0.38802
vt -0.12277 0.39086
vt -0.13747 0.39353
vt -0.15031 0.39603
vt -0.16132 0.39833
vt -0.17051 0.40042
vt -0.17794 0.40230
vt -0.18367 0.40394
vt -0.18776 0.40535
vt -0.19031 0.40652
vt -0.19136 0.40745
vt -0.19100 0.40813
vt -0.18926 0.40856
vt -0.18617 0.40874
vt -0.18177 0.40867
vt -0.17606 0.40835
vt -0.16902 0.40779
vt -0.16063 0.40697
vt -0.15087 0.40591
vt -0.13971 0.40461
vt -0.12711 0.40307
vt -0.11307 0.40130
vt -0.09758 0.39931
vt -0.08066 0.39710
vt -0.06235 0.39469
vt -0.04273 0.39210
vt -0.02190 0.38933
vt 0.00000 0.36651
vt 0.02458 0.37024
vt 0.04799 0.37379
vt 0.07008 0.37712
vt 0.09070 0.38022
vt 0.10978 0.38306
vt 0.12726 0.38562
vt 0.14312 0.38790
vt 0.15735 0.38988
vt 0.16996 0.39155
vt 0.18100 0.39292
vt 0.19048 0.39397
vt 0.19844 0.39469
vt 0.20489 0.39510
vt 0.20986 0.39519
vt 0.21332 0.39496
vt 0.21527 0.39440
vt 0.21565 0.39353
vt 0.21442 0.39234
vt 0.21151 0.39083
vt 0.20683 0.38902
vt 0.20031 0.38690
vt 0.19187 0.38449
vt 0.18145 0.38180
vt 0.16899 0.37884
vt 0.15446 0.37564
vt 0.13787 0.37220
vt 0.11925 0.36856
vt 0.09868 0.36475
vt 0.07629 0.36080
vt 0.05223 0.35674
vt 0.02671 0.35262
vt 0.00000 0.34848
vt -0.02671 0.35262
vt -0.05223 0.35674
vt -0.07629 0.36080
vt -0.09868 0.36475
vt -0.11925 0.36856
vt -0.13787 0.37220
vt -0.15446 0.37564
vt -0.16899 0.37884
vt -0.18145 0.38180
vt -0.19187 0.38449
vt -0.20031 0.38690
vt -0.20683 0.38902
vt -0.21151 0.39083
vt -0.21442 0.39234
vt -0.21565 0.39353
vt -0.21527 0.39440
vt -0.21332 0.39496
vt -0.20986 0.39519
vt -0.20489 0.39510
vt -0.19844 0.39469
vt -0.19048 0.39397
vt -0.18100 0.39292
vt -0.16996 0.39155
vt -0.15735 0.38988
vt -0.14312 0.38790
vt -0.12726 0.38562
vt -0.10978 0.38306
vt -0.09070 0.38022
vt -0.07008 0.37712
vt -0.04799 0.37379
vt -0.02458 0.37024
vt 0.00000 0.34437
vt 0.02712 0.34901
vt 0.05299 0.35341
vt 0.07743 0.35755
vt 0.10028 0.36140
vt 0.12145 0.36494
vt 0.14086 0.36813
vt 0.15847 0.37097
vt 0.17429 0.37343
vt 0.18833 0.37552
vt 0.20061 0.37722
vt 0.21116 0.37853
vt 0.22001 0.37943
vt 0.22719 0.37994
vt 0.23270 0.38005
vt 0.23653 0.37976
vt 0.23866 0.37907
vt 0.23905 0.37798
vt 0.23763 0.37649
vt 0.23433 0.37462
vt 0.22907 0.37236
vt 0.22176 0.36972
vt 0.21232 0.36672
vt 0.20068 0.36337
vt 0.18678 0.35969
vt 0.17062 0.35571
vt 0.15218 0.35144
vt 0.13153 0.34692
vt 0.10876 0.34220
vt 0.08401 0.33730
vt 0.05746 0.33228
vt 0.02937 0.32718
vt 0.00000 0.32205
vt -0.02937 0.32718
vt -0.05746 0.33228
vt -0.08401 0.33730
vt -0.10876 0.34220
vt -0.13153 0.34692
vt -0.15218 0.35144
vt -0.17062 0.35571
vt -0.18678 0.35969
vt -0.20068 0.36337
vt -0.21232 0.36672
vt -0.22176 0.36972
vt -0.22907 0.37236
vt -0.23433 0.37462
vt -0.23763 0.37649
vt -0.23905 0.37798
vt -0.23866 0.37907
vt -0.23653 0.37976
vt -0.23270 0.38005
vt -0.22719 0.37994
vt -0.22001 0.37943
vt -0.21116 0.37853
vt -0.20061 0.37722
vt -0.18833 0.37552
vt -0.17429 0.37343
vt -0.15847 0.37097
vt -0.14086 0.36813
vt -0.12145 0.36494
vt -0.10028 0.36140
vt -0.07743 0.35755
vt -0.05299 0.35341
vt -0.02712 0.34901
vt 0.00000 0.32015
vt 0.02950 0.32575
vt 0.05770 0.33108
vt 0.08437 0.33609
vt 0.10935 0.34075
vt 0.13252 0.34503
vt 0.15378 0.34890
vt 0.17311 0.35235
vt 0.19048 0.35534
vt 0.20589 0.35788
vt 0.21938 0.35994
vt 0.23097 0.36153
vt 0.24070 0.36263
vt 0.24857 0.36325
vt 0.25460 0.36339
vt 0.25878 0.36303
vt 0.26108 0.36219
vt 0.26145 0.36087
vt 0.25983 0.35906
vt 0.25614 0.35678
vt 0.25029 0.35404
vt 0.24218 0.35084
vt 0.23175 0.34720
vt 0.21891 0.34314
vt 0.20361 0.33868
vt 0.18585 0.33385
vt 0.16564 0.32869
vt 0.14304 0.32323
vt 0.11817 0.31752
vt 0.09119 0.31161
vt 0.06231 0.30556
vt 0.03181 0.29941
vt 0.00000 0.29325
vt -0.03181 0.29941
vt -0.06231 0.30556
vt -0.09119 0.31161
vt -0.11817 0.31752
vt -0.14304 0.32323
vt -0.16564 0.32869
vt -0.18585 0.33385
vt -0.20361 0.33868
vt -0.21891 0.34314
vt -0.23175 0.34720
vt -0.24218 0.35084
vt -0.25029 0.35404
vt -0.25614 0.35678
vt -0.25983 0.35906
vt -0.26145 0.36087
vt -0.26108 0.36219
vt -0.25878 0.36303
vt -0.25460 0.36339
vt -0.24857 0.36325
vt -0.24070 0.36263
vt -0.23097 0.36153
vt -0.21938 0.35994
vt -0.20589 0.35788
vt -0.19048 0.35534
vt -0.17311 0.35235
vt -0.15378 0.34890
vt -0.13252 0.34503
vt -0.10935 0.34075
vt -0.08437 0.33609
vt -0.05770 0.33108
vt -0.02950 0.32575
vt 0.00000 0.29398
vt 0.03172 0.30060
vt 0.06209 0.30690
vt 0.09087 0.31284
vt 0.11787 0.31837
vt 0.14294 0.32344
vt 0.16599 0.32804
vt 0.18696 0.33213
vt 0.20582 0.33569
vt 0.22257 0.33870
vt 0.23724 0.34116
vt 0.24984 0.34304
vt 0.26040 0.34436
vt 0.26894 0.34510
vt 0.27547 0.34526
vt 0.27998 0.34483
vt 0.28243 0.34383
vt 0.28277 0.34226
vt 0.28093 0.34011
vt 0.27684 0.33740
vt 0.27039 0.33414
vt 0.26149 0.33033
vt 0.25007 0.32601
vt 0.23605 0.32119
vt 0.21939 0.31591
vt 0.20008 0.31019
vt 0.17815 0.30408
vt 0.15370 0.29763
vt 0.12684 0.29088
vt 0.09777 0.28391
vt 0.06674 0.27677
vt 0.03403 0.26954
vt 0.00000 0.26229
vt -0.03403 0.26954
vt -0.06674 0.27677
vt -0.09777 0.28391
vt -0.12684 0.29088
vt -0.15370 0.29763
vt -0.17815 0.30408
vt -0.20008 0.31019
vt -0.21939 0.31591
vt -0.23605 0.32119
vt -0.25007 0.32601
vt -0.26149 0.33033
vt -0.27039 0.33414
vt -0.27684 0.33740
vt -0.28093 0.34011
vt -0.28277 0.34226
vt -0.28243 0.34383
vt -0.27998 0.34483
vt -0.27547 0.34526
vt -0.26894 0.34510
vt -0.26040 0.34436
vt -0.24984 0.34304
vt -0.23724 0.34116
vt -0.22257 0.33870
vt -0.20582 0.33569
vt -0.18696 0.33213
vt -0.16599 0.32804
vt -0.14294 0.32344
vt -0.11787 0.31837
vt -0.09087 0.31284
vt -0.06209 0.30690
vt -0.03172 0.30060
vt 0.00000 0.26603
vt 0.03375 0.27371
vt 0.06613 0.28103
vt 0.09688 0.28793
vt 0.12578 0.29436
vt 0.15267 0.30028
vt 0.17742 0.30563
vt 0.19996 0.31040
vt 0.22026 0.31456
vt 0.23830 0.31807
vt 0.25410 0.32094
vt 0.26767 0.32315
vt 0.27905 0.32469
vt 0.28823 0.32555
vt 0.29524 0.32573
vt 0.30005 0.32524
vt 0.30263 0.32407
vt 0.30292 0.32223
vt 0.30085 0.31972
vt 0.29634 0.31655
vt 0.28928 0.31274
vt 0.27960 0.30831
vt 0.26720 0.30327
vt 0.25202 0.29766
vt 0.23402 0.29150
vt 0.21322 0.28485
vt 0.18966 0.27775
vt 0.16345 0.27026
vt 0.13473 0.26244
vt 0.10373 0.25436
vt 0.07071 0.24611
vt 0.03601 0.23775
vt 0.00000 0.22939
vt -0.03601 0.23775
vt -0.07071 0.24611
vt -0.10373 0.25436
vt -0.13473 0.26244
vt -0.16345 0.27026
vt -0.18966 0.27775
vt -0.21322 0.28485
vt -0.23402 0.29150
vt -0.25202 0.29766
vt -0.26720 0.30327
vt -0.27960 0.30831
vt -0.28928 0.31274
vt -0.29634 0.31655
vt -0.30085 0.31972
vt -0.30292 0.32223
vt -0.30263 0.32407
vt -0.30005 0.32524
vt -0.29524 0.32573
vt -0.28823 0.32555
vt -0.27905 0.32469
vt -0.26767 0.32315
vt -0.25410 0.32094
vt -0.23830 0.31807
vt -0.22026 0.31456
vt -0.19996 0.31040
vt -0.17742 0.30563
vt -0.15267 0.30028
vt -0.12578 0.29436
vt -0.09688 0.28793
vt -0.06613 0.28103
vt -0.03375 0.27371
vt 0.00000 0.23647
vt 0.03558 0.24523
vt 0.06981 0.25360
vt 0.10238 0.26150
vt 0.13306 0.26886
vt 0.16165 0.27564
vt 0.18801 0.28179
vt 0.21205 0.28727
vt 0.23372 0.29204
vt 0.25300 0.29609
vt 0.26989 0.29939
vt 0.28441 0.30193
vt 0.29656 0.30370
vt 0.30636 0.30469
vt 0.31382 0.30490
vt 0.31891 0.30433
vt 0.32159 0.30299
vt 0.32181 0.30087
vt 0.31950 0.29798
vt 0.31455 0.29434
vt 0.30689 0.28996
vt 0.29641 0.28486
vt 0.28305 0.27908
vt 0.26673 0.27264
vt 0.24745 0.26559
vt 0.22522 0.25797
vt 0.20010 0.24985
vt 0.17223 0.24129
vt 0.14178 0.23237
vt 0.10901 0.22317
vt 0.07421 0.21378
vt 0.03774 0.20429
vt 0.00000 0.19480
vt -0.03774 0.20429
vt -0.07421 0.21378
vt -0.10901 0.22317
vt -0.14178 0.23237
vt -0.17223 0.24129
vt -0.20010 0.24985
vt -0.22522 0.25797
vt -0.24745 0.26559
vt -0.26673 0.27264
vt -0.28305 0.27908
vt -0.29641 0.28486
vt -0.30689 0.28996
vt -0.31455 0.29434
vt -0.31950 0.29798
vt -0.32181 0.30087
vt -0.32159 0.30299
vt -0.31891 0.30433
vt -0.31382 0.30490
vt -0.30636 0.30469
vt -0.29656 0.30370
vt -0.28441 0.30193
vt -0.26989 0.29939
vt -0.25300 0.29609
vt -0.23372 0.29204
vt -0.21205 0.28727
vt -0.18801 0.28179
vt -0.16165 0.27564
vt -0.13306 0.26886
vt -0.10238 0.26150
vt -0.06981 0.25360
vt -0.03558 0.24523
vt 0.00000 0.20547
vt 0.03721 0.21534
vt 0.07310 0.22477
vt 0.10734 0.23368
vt 0.13966 0.24200
vt 0.16984 0.24967
vt 0.19772 0.25662
vt 0.22318 0.26283
vt 0.24616 0.26824
vt 0.26663 0.27283
vt 0.28456 0.27658
vt 0.29997 0.27946
vt 0.31287 0.28147
vt 0.32326 0.28260
vt 0.33113 0.28284
vt 0.33648 0.28220
vt 0.33924 0.28067
vt 0.33937 0.27826
vt 0.33679 0.27498
vt 0.33140 0.27085
vt 0.32312 0.26588
vt 0.31186 0.26010
vt 0.29754 0.25355
vt 0.28012 0.24626
vt 0.25959 0.23829
vt 0.23599 0.22969
vt 0.20941 0.22054
vt 0.17999 0.21090
vt 0.14796 0.20087
vt 0.11359 0.19053
vt 0.07720 0.18000
vt 0.03920 0.16938
vt 0.00000 0.15877
vt -0.03920 0.16938
vt -0.07720 0.18000
vt -0.11359 0.19053
vt -0.14796 0.20087
vt -0.17999 0.21090
vt -0.20941 0.22054
vt -0.23599 0.22969
vt -0.25959 0.23829
vt -0.28012 0.24626
vt -0.29754 0.25355
vt -0.31186 0.26010
vt -0.32312 0.26588
vt -0.33140 0.27085
vt -0.33679 0.27498
vt -0.33937 0.27826
vt -0.33924 0.28067
vt -0.33648 0.28220
vt -0.33113 0.28284
vt -0.32326 0.28260
vt -0.31287 0.28147
vt -0.29997 0.27946
vt -0.28456 0.27658
vt -0.26663 0.27283
vt -0.24616 0.26824
vt -0.22318 0.26283
vt -0.19772 0.25662
vt -0.16984 0.24967
vt -0.13966 0.24200
vt -0.10734 0.23368
vt -0.07310 0.22477
vt -0.03721 0.21534
vt 0.00000 0.17323
vt 0.03862 0.18419
vt 0.07598 0.19468
vt 0.11172 0.20462
vt 0.14555 0.21390
vt 0.17720 0.22247
vt 0.20650 0.23025
vt 0.23330 0.23719
vt 0.25752 0.24326
vt 0.27911 0.24841
vt 0.29804 0.25261
vt 0.31430 0.25585
vt 0.32791 0.25810
vt 0.33885 0.25937
vt 0.34712 0.25964
vt 0.35268 0.25892
vt 0.35551 0.25720
vt 0.35553 0.25450
vt 0.35266 0.25082
vt 0.34682 0.24618
vt 0.33792 0.24061
vt 0.32587 0.23414
vt 0.31061 0.22681
vt 0.29212 0.21867
vt 0.27039 0.20976
vt 0.24549 0.20018
vt 0.21753 0.18998
vt 0.18669 0.17926
vt 0.15322 0.16812
vt 0.11743 0.15666
vt 0.07967 0.14501
vt 0.04038 0.13327
vt 0.00000 0.12158
vt -0.04038 0.13327
vt -0.07967 0.14501
vt -0.11743 0.15666
vt -0.15322 0.16812
vt -0.18669 0.17926
vt -0.21753 0.18998
vt -0.24549 0.20018
vt -0.27039 0.20976
vt -0.29212 0.21867
vt -0.31061 0.22681
vt -0.32587 0.23414
vt -0.33792 0.24061
vt -0.34682 0.24618
vt -0.35266 0.25082
vt -0.35553 0.25450
vt -0.35551 0.25720
vt -0.35268 0.25892
vt -0.34712 0.25964
vt -0.33885 0.25937
vt -0.32791 0.25810
vt -0.31430 0.25585
vt -0.29804 0.25261
vt -0.27911 0.24841
vt -0.25752 0.24326
vt -0.23330 0.23719
vt -0.20650 0.23025
vt -0.17720 0.22247
vt -0.14555 0.21390
vt -0.11172 0.20462
vt -0.07598 0.19468
vt -0.03862 0.18419
vt 0.00000 0.13994
vt 0.03981 0.15198
vt 0.07844 0.16352
vt 0.11552 0.17447
vt 0.15070 0.18472
vt 0.18370 0.19418
vt 0.21431 0.20279
vt 0.24236 0.21049
vt 0.26774 0.21721
vt 0.29039 0.22292
vt 0.31026 0.22758
vt 0.32734 0.23118
vt 0.34161 0.23369
vt 0.35307 0.23510
vt 0.36170 0.23540
vt 0.36747 0.23459
vt 0.37033 0.23268
vt 0.37021 0.22968
vt 0.36704 0.22559
vt 0.36074 0.22045
vt 0.35121 0.21427
vt 0.33838 0.20711
vt 0.32220 0.19899
vt 0.30266 0.18998
vt 0.27979 0.18015
vt 0.25366 0.16957
vt 0.22442 0.15834
vt 0.19228 0.14656
vt 0.15753 0.13433
vt 0.12051 0.12178
vt 0.08161 0.10903
vt 0.04128 0.09622
vt 0.00000 0.08348
vt -0.04128 0.09622
vt -0.08161 0.10903
vt -0.12051 0.12178
vt -0.15753 0.13433
vt -0.19228 0.14656
vt -0.22442 0.15834
vt -0.25366 0.16957
vt -0.27979 0.18015
vt -0.30266 0.18998
vt -0.32220 0.19899
vt -0.33838 0.20711
vt -0.35121 0.21427
vt -0.36074 0.22045
vt -0.36704 0.22559
vt -0.37021 0.22968
vt -0.37033 0.23268
vt -0.36747 0.23459
vt -0.36170 0.23540
vt -0.35307 0.23510
vt -0.34161 0.23369
vt -0.32734 0.23118
vt -0.31026 0.22758
vt -0.29039 0.22292
vt -0.26774 0.21721
vt -0.24236 0.21049
vt -0.21431 0.20279
vt -0.18370 0.19418
vt -0.15070 0.18472
vt -0.11552 0.17447
vt -0.07844 0.16352
vt -0.03981 0.15198
vt 0.00000 0.10579
vt 0.04076 0.11888
vt 0.08047 0.13146
vt 0.11870 0.14340
vt 0.15508 0.15459
vt 0.18930 0.16495
vt 0.22111 0.17438
vt 0.25032 0.18282
vt 0.27679 0.19020
vt 0.30044 0.19648
vt 0.32119 0.20161
vt 0.33903 0.20556
vt 0.35393 0.20832
vt 0.36587 0.20987
vt 0.37483 0.21021
vt 0.38076 0.20932
vt 0.38363 0.20722
vt 0.38336 0.20391
vt 0.37987 0.19942
vt 0.37309 0.19376
vt 0.36293 0.18698
vt 0.34933 0.17911
vt 0.33225 0.17021
vt 0.31170 0.16035
vt 0.28773 0.14960
vt 0.26045 0.13805
vt 0.23004 0.12581
vt 0.19674 0.11299
vt 0.16087 0.09971
vt 0.12281 0.08610
vt 0.08298 0.07232
vt 0.04188 0.05849
vt 0.00000 0.04477
vt -0.04188 0.05849
vt -0.08298 0.07232
vt -0.12281 0.08610
vt -0.16087 0.09971
vt -0.19674 0.11299
vt -0.23004 0.12581
vt -0.26045 0.13805
vt -0.28773 0.14960
vt -0.31170 0.16035
vt -0.33225 0.17021
vt -0.34933 0.17911
vt -0.36293 0.18698
vt -0.37309 0.19376
vt -0.37987 0.19942
vt -0.38336 0.20391
vt -0.38363 0.20722
vt -0.38076 0.20932
vt -0.37483 0.21021
vt -0.36587 0.20987
vt -0.35393 0.20832
vt -0.33903 0.20556
vt -0.32119 0.20161
vt -0.30044 0.19648
vt -0.27679 0.19020
vt -0.25032 0.18282
vt -0.22111 0.17438
vt -0.18930 0.16495
vt -0.15508 0.15459
vt -0.11870 0.14340
vt -0.08047 0.13146
vt -0.04076 0.11888
vt 0.00000 0.07101
vt 0.04148 0.08510
vt 0.08205 0.09866
vt 0.12125 0.11156
vt 0.15867 0.12368
vt 0.19397 0.13491
vt 0.22687 0.14516
vt 0.25714 0.15433
vt 0.28462 0.16236
vt 0.30919 0.16919
vt 0.33078 0.17478
vt 0.34933 0.17910
vt 0.36481 0.18211
vt 0.37720 0.18380
vt 0.38645 0.18417
vt 0.39252 0.18320
vt 0.39537 0.18091
vt 0.39492 0.17730
vt 0.39109 0.17240
vt 0.38382 0.16624
vt 0.37303 0.15885
vt 0.35866 0.15029
vt 0.34071 0.14063
vt 0.31919 0.12993
vt 0.29419 0.11828
vt 0.26584 0.10579
vt 0.23436 0.09257
vt 0.20003 0.07875
vt 0.16321 0.06447
vt 0.12431 0.04987
vt 0.08380 0.03511
vt 0.04219 0.02035
vt 0.00000 0.00574
vt -0.04219 0.02035
vt -0.08380 0.03511
vt -0.12431 0.04987
vt -0.16321 0.06447
vt -0.20003 0.07875
vt -0.23436 0.09257
vt -0.26584 0.10579
vt -0.29419 0.11828
vt -0.31919 0.12993
vt -0.34071 0.14063
vt -0.35866 0.15029
vt -0.37303 0.15885
vt -0.38382 0.16624
vt -0.39109 0.17240
vt -0.39492 0.17730
vt -0.39537 0.18091
vt -0.39252 0.18320
vt -0.38645 0.18417
vt -0.37720 0.18380
vt -0.36481 0.18211
vt -0.34933 0.17910
vt -0.33078 0.17478
vt -0.30919 0.16919
vt -0.28462 0.16236
vt -0.25714 0.15433
vt -0.22687 0.14516
vt -0.19397 0.13491
vt -0.15867 0.12368
vt -0.12125 0.11156
vt -0.08205 0.09866
vt -0.04148 0.08510
vt 0.00000 0.03579
vt 0.04197 0.05082
vt 0.08318 0.06532
vt 0.12316 0.07914
vt 0.16146 0.09215
vt 0.19770 0.10422
vt 0.23156 0.11524
vt 0.26279 0.12513
vt 0.29119 0.13380
vt 0.31662 0.14118
vt 0.33898 0.14723
vt 0.35819 0.15190
vt 0.37421 0.15516
vt 0.38700 0.15699
vt 0.39651 0.15739
vt 0.40269 0.15634
vt 0.40549 0.15386
vt 0.40484 0.14995
vt 0.40066 0.14465
vt 0.39289 0.13799
vt 0.38147 0.13001
vt 0.36635 0.12078
vt 0.34754 0.11037
vt 0.32509 0.09885
vt 0.29912 0.08634
vt 0.26979 0.07295
vt 0.23735 0.05880
vt 0.20214 0.04405
vt 0.16454 0.02883
vt 0.12501 0.01331
vt 0.08405 -0.00233
vt 0.04220 -0.01794
vt 0.00000 -0.03335
vt -0.04220 -0.01794
vt -0.08405 -0.00233
vt -0.12501 0.01331
vt -0.16454 0.02883
vt -0.20214 0.04405
vt -0.23735 0.05880
vt -0.26979 0.07295
vt -0.29912 0.08634
vt -0.32509 0.09885
vt -0.34754 0.11037
vt -0.36635 0.12078
vt -0.38147 0.13001
vt -0.39289 0.13799
vt -0.40066 0.14465
vt -0.40484 0.14995
vt -0.40549 0.15386
vt -0.40269 0.15634
vt -0.39651 0.15739
vt -0.38700 0.15699
vt -0.37421 0.15516
vt -0.35819 0.15190
vt -0.33898 0.14723
vt -0.31662 0.14118
vt -0.29119 0.13380
vt -0.26279 0.12513
vt -0.23156 0.11524
vt -0.19770 0.10422
vt -0.16146 0.09215
vt -0.12316 0.07914
vt -0.08318 0.06532
vt -0.04197 0.05082
vt 0.00000 0.00036
vt 0.04220 0.01625
vt 0.08385 0.03161
vt 0.12442 0.04630
vt 0.16343 0.06014
vt 0.20047 0.07301
vt 0.23517 0.08479
vt 0.26726 0.09537
vt 0.29649 0.10465
vt 0.32270 0.11257
vt 0.34576 0.11906
vt 0.36558 0.12408
vt 0.38209 0.12758
vt 0.39524 0.12955
vt 0.40497 0.12997
vt 0.41123 0.12885
vt 0.41396 0.12618
vt 0.41309 0.12198
vt 0.40854 0.11629
vt 0.40026 0.10915
vt 0.38820 0.10060
vt 0.37234 0.09071
vt 0.35271 0.07958
vt 0.32938 0.06729
vt 0.30250 0.05396
vt 0.27228 0.03972
vt 0.23901 0.02470
vt 0.20305 0.00908
vt 0.16485 -0.00699
vt 0.12490 -0.02333
vt 0.08373 -0.03976
vt 0.04191 -0.05610
vt 0.00000 -0.07218
vt -0.04191 -0.05610
vt -0.08373 -0.03976
vt -0.12490 -0.02333
vt -0.16485 -0.00699
vt -0.20305 0.00908
vt -0.23901 0.02470
vt -0.27228 0.03972
vt -0.30250 0.05396
vt -0.32938 0.06729
vt -0.35271 0.07958
vt -0.37234 0.09071
vt -0.38820 0.10060
vt -0.40026 0.10915
vt -0.40854 0.11629
vt -0.41309 0.12198
vt -0.41396 0.12618
vt -0.41123 0.12885
vt -0.40497 0.12997
vt -0.39524 0.12955
vt -0.38209 0.12758
vt -0.36558 0.12408
vt -0.34576 0.11906
vt -0.32270 0.11257
vt -0.29649 0.10465
vt -0.26726 0.09537
vt -0.23517 0.08479
vt -0.20047 0.07301
vt -0.16343 0.06014
vt -0.12442 0.04630
vt -0.08385 0.03161
vt -0.04220 0.01625
f 1/1 2/2 66/66 65/65
f 2/2 3/3 67/67 66/66
f 3/3 4/4 68/68 67/67
f 4/4 5/5 69/69 68/68
f 5/5 6/6 70/70 69/69
f 6/6 7/7 71/71 70/70
f 7/7 8/8 72/72 71/71
f 8/8 9/9 73/73 72/72
f 9/9 10/10 74/74 73/73
f 10/10 11/11 75/75 74/74
f 11/11 12/12 76/76 75/75
f 12/12 13/13 77/77 76/76
f 13/13 14/14 78/78 77/77
f 14/14 15/15 79/79 78/78
f 15/15 16/16 80/80 79/79
f 16/16 17/17 81/81 80/80
f 17/17 18/18 82/82 81/81
f 18/18 19/19 83/83 82/82
f 19/19 20/20 84/84 83/83
f 20/20 21/21 85/85 84/84
f 21/21 22/22 86/86 85/85
f 22/22 23/23 87/87 86/86
f 23/23 24/24 88/88 87/87
f 24/24 25/25 89/89 88/88
f 25/25 26/26 90/90 89/89
f 26/26 27/27 91/91 90/90
f 27/27 28/28 92/92 91/91
f 28/28 29/29 93/93 92/92
f 29/29 30/30 94/94 93/93
f 30/30 31/31 95/95 94/94
f 31/31 32/32 96/96 95/95
f 32/32 33/33 97/97 96/96
f 33/33 34/34 98/98 97/97
f 34/34 35/35 99/99 98/98
f 35/35 36/36 100/100 99/99
f 36/36 37/37 101/101 100/100
f 37/37 38/38 102/102 101/101
f 38/38 39/39 103/103 102/102
f 39/39 40/40 104/104 103/103
f 40/40 41/41 105/105 104/104
f 41/41 42/42 106/106 105/105
f 42/42 43/43 107/107 106/106
f 43/43 44/44 108/108 107/107
f 44/44 45/45 109/109 108/108
f 45/45 46/46 110/110 109/109
f 46/46 47/47 111/111 110/110
f 47/47 48/48 112/112 111/111
f 48/48 49/49 113/113 112/112
f 49/49 50/50 114/114 113/113
f 50/50 51/51 115/115 114/114
f 51/51 52/52 116/116 115/115
f 52/52 53/53 117/117 116/116
f 53/53 54/54 118/118 117/117
f 54/54 55/55 119/119 118/118
f 55/55 56/56 120/120 119/119
f 56/56 57/57 121/121 120/120
f 57/57 58/58 122/122 121/121
f 58/58 59/59 123/123 122/122
f 59/59 60/60 124/124 123/123
f 60/60 61/61 125/125 124/124
f 61/61 62/62 126/126 125/125
f 62/62 63/63 127/127 126/126
f 63/63 64/64 128/128 127/127
f 64/64 1/1 65/65 128/128
f 65/65 66/66 130/130 129/129
f 66/66 67/67 131/131 130/130
f 67/67 68/68 132/132 131/131
f 68/68 69/69 133/133 132/132
f 69/69 70/70 134/134 133/133
f 70/70 71/71 135/135 134/134
f 71/71 72/72 136/136 135/135
f 72/72 73/73 137/137 136/136
f 73/73 74/74 138/138 137/137
f 74/74 75/75 139/139 138/138
f 75/75 76/76 140/140 139/139
f 76/76 77/77 141/141 140/140
f 77/77 78/78 142/142 141/141
f 78/78 79/79 143/143 142/142
f 79/79 80/80 144/144 143/143
f 80/80 81/81 145/145 144/144
f 81/81 82/82 146/146 145/145
f 82/82 83/83 147/147 146/146
f 83/83 84/84 148/148 147/147
f 84/84 85/85 149/149 148/148
f 85/85 86/86 150/150 149/149
f 86/86 87/87 151/151 150/150
f 87/87 88/88 152/152 151/151
f 88/88 89/89 153/153 152/152
f 89/89 90/90 154/154 153/153
f 90/90 91/91 155/155 154/154
f 91/91 92/92 156/156 155/155
f 92/92 93/93 157/157 156/156
f 93/93 94/94 158/158 157/157
f 94/94 95/95 159/159 158/158
f 95/95 96/96 160/160 159/159
f 96/96 97/97 161/161 160/160
f 97/97 98/98 162/162 161/161
f 98/98 99/99 163/163 162/162
f 99/99 100/100 164/164 163/163
f 100/100 101/101 165/165 164/164
f 101/101 102/102 166/166 165/165
f 102/102 103/103 167/167 166/166
f 103/103 104/104 168/168 167/167
f 104/104 105/105 169/169 168/168
f 105/105 106/106 170/170 169/169
f 106/106 107/107 171/171 170/170
f 107/107 108/108 172/172 171/171
f 108/108 109/109 173/173 172/172
f 109/109 110/110 174/174 173/173
f 110/110 111/111 175/175 174/174
f 111/111 112/112 176/176 175/175
f 112/112 113/113 177/177 176/176
f 113/113 114/114 178/178 177/177
f 114/114 115/115 179/179 178/178
f 115/115 116/116 180/180 179/179
f 116/116 117/117 181/181 180/180
f 117/117 118/118 182/182 181/181
f 118/118 119/119 183/183 182/182
f 119/119 120/120 184/184 183/183
f 120/120 121/121 185/185 184/184
f 121/121 122/122 186/186 185/185
f 122/122 123/123 187/187 186/186
f 123/123 124/124 188/188 187/187
f 124/124 125/125 189/189 188/188
f 125/125 126/126 190/190 189/189
f 126/126 127/127 191/191 190/190
f 127/127 128/128 192/192 191/191
f 128/128 65/65 129/129 192/192
f 129/129 130/130 194/194 193/193
f 130/130 131/131 195/195 194/194
f 131/131 132/132 196/196 195/195
f 132/132 133/133 197/197 196/196
f 133/133 134/134 198/198 197/197
f 134/134 135/135 199/199 198/198
f 135/135 136/136 200/200 199/199
f 136/136 137/137 201/201 200/200
f 137/137 138/138 202/202 201/201
f 138/138 139/139 203/203 202/202
f 139/139 140/140 204/204 203/203
f 140/140 141/141 205/205 204/204
f 141/141 142/142 206/206 205/205
f 142/142 143/143 207/207 206/206
f 143/143 144/144 208/208 207/207
f 144/144 145/145 209/209 208/208
f 145/145 146/146 210/210 209/209
f 146/146 147/147 211/211 210/210
f 147/147 148/148 212/212 211/211
f 148/148 149/149 213/213 212/212
f 149/149 150/150 214/214 213/213
f 150/150 151/151 215/215 214/214
f 151/151 152/152 216/216 215/215
f 152/152 153/153 217/217 216/216
f 153/153 154/154 218/218 217/217
f 154/154 155/155 219/219 218/218
f 155/155 156/156 220/220 219/219
f 156/156 157/157 221/221 220/220
f 157/157 158/158 222/222 221/221
f 158/158 159/159 223/223 222/222
f 159/159 160/160 224/224 223/223
f 160/160 161/161 225/225 224/224
f 161/161 162/162 226/226 225/225
f 162/162 163/163 227/227 226/226
f 163/163 164/164 228/228 227/227
f 164/164 165/165 229/229 228/228
f 165/165 166/166 230/230 229/229
f 166/166 167/167 231/231 230/230
f 167/167 168/168 232/232 231/231
f 168/168 169/169 233/233 232/232
f 169/169 170/170 234/234 233/233
f 170/170 171/171 235/235 234/234
f 171/171 172/172 236/236 235/235
f 172/172 173/173 237/237 236/236
f 173/173 174/174 238/238 237/237
f 174/174 175/175 239/239 238/238
f 175/175 176/176 240/240 239/239
f 176/176 177/177 241/241 240/240
f 177/177 178/178 242/242 241/241
f 178/178 179/179 243/243 242/242
f 179/179 180/180 244/244 243/243
f 180/180 181/181 245/245 244/244
f 181/181 182/182 246/246 245/245
f 182/182 183/183 247/247 246/246
f 183/183 184/184 248/248 247/247
f 184/184 185/185 249/249 248/248
f 185/185 186/186 250/250 249/249
f 186/186 187/187 251/251 250/250
f 187/187 188/188 252/252 251/251
f 188/188 189/189 253/253 252/252
f 189/189 190/190 254/254 253/253
f 190/190 191/191 255/255 254/254
f 191/191 192/192 256/256 255/255
f 192/192 129/129 193/193 256/256
f 193/193 194/194 258/258 257/257
f 194/194 195/195 259/259 258/258
f 195/195 196/196 260/260 259/259
f 196/196 197/197 261/261 260/260
f 197/197 198/198 262/262 261/261
f 198/198 199/199 263/263 262/262
f 199/199 200/200 264/264 263/263
f 200/200 201/201 265/265 264/264
f 201/201 202/202 266/266 265/265
f 202/202 203/203 267/267 266/266
f 203/203 204/204 268/268 267/267
f 204/204 205/205 269/269 268/268
f 205/205 206/206 270/270 269/269
f 206/206 207/207 271/271 270/270
f 207/207 208/208 272/272 271/271
f 208/208 209/209 273/273 272/272
f 209/209 210/210 274/274 273/273
f 210/210 211/211 275/275 274/274
f 211/211 212/212 276/276 275/275
f 212/212 213/213 277/277 276/276
f 213/213 214/214 278/278 277/277
f 214/214 215/215 279/279 278/278
f 215/215 216/216 280/280 279/279
f 216/216 217/217 281/281 280/280
f 217/217 218/218 282/282 281/281
f 218/218 219/219 283/283 282/282
f 219/219 220/220 284/284 283/283
f 220/220 221/221 285/285 284/284
f 221/221 222/222 286/286 285/285
f 222/222 223/223 287/287 286/286
f 223/223 224/224 288/288 287/287
f 224/224 225/225 289/289 288/288
f 225/225 226/226 290/290 289/289
f 226/226 227/227 291/291 290/290
f 227/227 228/228 292/292 291/291
f 228/228 229/229 293/293 292/292
f 229/229 230/230 294/294 293/293
f 230/230 231/231 295/295 294/294
f 231/231 232/232 296/296 295/295
f 232/232 233/233 297/297 296/296
f 233/233 234/234 298/298 297/297
f 234/234 235/235 299/299 298/298
f 235/235 236/236 300/300 299/299
f 236/236 237/237 301/301 300/300
f 237/237 238/238 302/302 301/301
f 238/238 239/239 303/303 302/302
f 239/239 240/240 304/304 303/303
f 240/240 241/241 305/305 304/304
f 241/241 242/242 306/306 305/305
f 242/242 243/243 307/307 306/306
f 243/243 244/244 308/308 307/307
f 244/244 245/245 309/309 308/308
f 245/245 246/246 310/310 309/309
f 246/246 247/247 311/311 310/310
f 247/247 248/248 312/312 311/311
f 248/248 249/249 313/313 312/312
f 249/249 250/250 314/314 313/313
f 250/250 251/251 315/315 314/314
f 251/251 252/252 316/316 315/315
f 252/252 253/253 317/317 316/316
f 253/253 254/254 318/318 317/317
f 254/254 255/255 319/319 318/318
f 255/255 256/256 320/320 319/319
f 256/256 193/193 257/257 320/320
f 257/257 258/258 322/322 321/321
f 258/258 259/259 323/323 322/322
f 259/259 260/260 324/324 323/323
f 260/260 261/261 325/325 324/324
f 261/261 262/262 326/326 325/325
f 262/262 263/263 327/327 326/326
f 263/263 264/264 328/328 327/327
f 264/264 265/265 329/329 328/328
f 265/265 266/266 330/330 329/329
f 266/266 267/267 331/331 330/330
f 267/267 268/268 332/332 331/331
f 268/268 269/269 333/333 332/332
f 269/269 270/270 334/334 333/333
f 270/270 271/271 335/335 334/334
f 271/271 272/272 336/336 335/335
f 272/272 273/273 337/337 336/336
f 273/273 274/274 338/338 337/337
f 274/274 275/275 339/339 338/338
f 275/275 276/276 340/340 339/339
f 276/276 277/277 341/341 340/340
f 277/277 278/278 342/342 341/341
f 278/278 279/279 343/343 342/342
f 279/279 280/280 344/344 343/343
f 280/280 281/281 345/345 344/344
f 281/281 282/282 346/346 345/345
f 282/282 283/283 347/347 346/346
f 283/283 284/284 348/348 347/347
f 284/284 285/285 349/349 348/348
f 285/285 286/286 350/350 349/349
f 286/286 287/287 351/351 350/350
f 287/287 288/288 352/352 351/351
f 288/288 289/289 353/353 352/352
f 289/289 290/290 354/354 353/353
f 290/290 291/291 355/355 354/354
f 291/291 292/292 356/356 355/355
f 292/292 293/293 357/357 356/356
f 293/293 294/294 358/358 357/357
f 294/294 295/295 359/359 358/358
f 295/295 296/296 360/360 359/359
f 296/296 297/297 361/361 360/360
f 297/297 298/298 362/362 361/361
f 298/298 299/299 363/363 362/362
f 299/299 300/300 364/364 363/363
f 300/300 301/301 365/365 364/364
f 301/301 302/302 366/366 365/365
f 302/302 303/303 367/367 366/366
f 303/303 304/304 368/368 367/367
f 304/304 305/305 369/369 368/368
f 305/305 306/306 370/370 369/369
f 306/306 307/307 371/371 370/370
f 307/307 308/308 372/372 371/371
f 308/308 309/309 373/373 372/372
f 309/309 310/310 374/374 373/373
f 310/310 311/311 375/375 374/374
f 311/311 312/312 376/376 375/375
f 312/312 313/313 377/377 376/376
f 313/313 314/314 378/378 377/377
f 314/314 315/315 379/379 378/378
f 315/315 316/316 380/380 379/379
f 316/316 317/317 381/381 380/380
f 317/317 318/318 382/382 381/381
f 318/318 319/319 383/383 382/382
f 319/319 320/320 384/384 383/383
f 320/320 257/257 321/321 384/384
f 321/321 322/322 386/386 385/385
f 322/322 323/323 387/387 386/386
f 323/323 324/324 388/388 387/387
f 324/324 325/325 389/389 388/388
f 325/325 326/326 390/390 389/389
f 326/326 327/327 391/391 390/390
f 327/327 328/328 392/392 391/391
f 328/328 329/329 393/393 392/392
f 329/329 330/330 394/394 393/393
f 330/330 331/331 395/395 394/394
f 331/331 332/332 396/396 395/395
f 332/332 333/333 397/397 396/396
f 333/333 334/334 398/398 397/397
f 334/334 335/335 399/399 398/398
f 335/335 336/336 400/400 399/399
f 336/336 337/337 401/401 400/400
f 337/337 338/338 402/402 401/401
f 338/338 339/339 403/403 402/402
f 339/339 340/340 404/404 403/403
f 340/340 341/341 405/405 404/404
f 341/341 342/342 406/406 405/405
f 342/342 343/343 407/407 406/406
f 343/343 344/344 408/408 407/407
f 344/344 345/345 409/409 408/408
f 345/345 346/346 410/410 409/409
f 346/346 347/347 411/411 410/410
f 347/347 348/348 412/412 411/411
f 348/348 349/349 413/413 412/412
f 349/349 350/350 414/414 413/413
f 350/350 351/351 415/415 414/414
f 351/351 352/352 416/416 415/415
f 352/352 353/353 417/417 416/416
f 353/353 354/354 418/418 417/417
f 354/354 355/355 419/419 418/418
f 355/355 356/356 420/420 419/419
f 356/356 357/357 421/421 420/420
f 357/357 358/358 422/422 421/421
f 358/358 359/359 423/423 422/422
f 359/359 360/360 424/424 423/423
f 360/360 361/361 425/425 424/424
f 361/361 362/362 426/426 425/425
f 362/362 363/363 427/427 426/426
f 363/363 364/364 428/428 427/427
f 364/364 365/365 429/429 428/428
f 365/365 366/366 430/430 429/429
f 366/366 367/367 431/431 430/430
f 367/367 368/368 432/432 431/431
f 368/368 369/369 433/433 432/432
f 369/369 370/370 434/434 433/433
f 370/370 371/371 435/435 434/434
f 371/371 372/372 436/436 435/435
f 372/372 373/373 437/437 436/436
f 373/373 374/374 438/438 437/437
f 374/374 375/375 439/439 438/438
f 375/375 376/376 440/440 439/439
f 376/376 377/377 441/441 440/440
f 377/377 378/378 442/442 441/441
f 378/378 379/379 443/443 442/442
f 379/379 380/380 444/444 443/443
f 380/380 381/381 445/445 444/444
f 381/381 382/382 446/446 445/445
f 382/382 383/383 447/447 446/446
f 383/383 384/384 448/448 447/447
f 384/384 321/321 385/385 448/448
f 385/385 386/386 450/450 449/449
f 386/386 387/387 451/451 450/450
f 387/387 388/388 452/452 451/451
f 388/388 389/389 453/453 452/452
f 389/389 390/390 454/454 453/453
f 390/390 391/391 455/455 454/454
f 391/391 392/392 456/456 455/455
f 392/392 393/393 457/457 456/456
f 393/393 394/394 458/458 457/457
f 394/394 395/395 459/459 458/458
f 395/395 396/396 460/460 459/459
f 396/396 397/397 461/461 460/460
f 397/397 398/398 462/462 461/461
f 398/398 399/399 463/463 462/462
f 399/399 400/400 464/464 463/463
f 400/400 401/401 465/465 464/464
f 401/401 402/402 466/466 465/465
f 402/402 403/403 467/467 466/466
f 403/403 404/404 468/468 467/467
f 404/404 405/405 469/469 468/468
f 405/405 406/406 470/470 469/469
f 406/406 407/407 471/471 470/470
f 407/407 408/408 472/472 471/471
f 408/408 409/409 473/473 472/472
f 409/409 410/410 474/474 473/473
f 410/410 411/411 475/475 474/474
f 411/411 412/412 476/476 475/475
f 412/412 413/413 477/477 476/476
f 413/413 414/414 478/478 477/477
f 414/414 415/415 479/479 478/478
f 415/415 416/416 480/480 479/479
f 416/416 417/417 481/481 480/480
f 417/417 418/418 482/482 481/481
f 418/418 419/419 483/483 482/482
f 419/419 420/420 484/484 483/483
f 420/420 421/421 485/485 484/484
f 421/421 422/422 486/486 485/485
f 422/422 423/423 487/487 486/486
f 423/423 424/424 488/488 487/487
f 424/424 425/425 489/489 488/488
f 425/425 426/426 490/490 489/489
f 426/426 427/427 491/491 490/490
f 427/427 428/428 492/492 491/491
f 428/428 429/429 493/493 492/492
f 429/429 430/430 494/494 493/493
f 430/430 431/431 495/495 494/494
f 431/431 432/432 496/496 495/495
f 432/432 433/433 497/497 496/496
f 433/433 434/434 498/498 497/497
f 434/434 435/435 499/499 498/498
f 435/435 436/436 500/500 499/499
f 436/436 437/437 501/501 500/500
f 437/437 438/438 502/502 501/501
f 438/438 439/439 503/503 502/502
f 439/439 440/440 504/504 503/503
f 440/440 441/441 505/505 504/504
f 441/441 442/442 506/506 505/505
f 442/442 443/443 507/507 506/506
f 443/443 444/444 508/508 507/507
f 444/444 445/445 509/509 508/508
f 445/445 446/446 510/510 509/509
f 446/446 447/447 511/511 510/510
f 447/447 448/448 512/512 511/511
f 448/448 385/385 449/449 512/512
f 449/449 450/450 514/514 513/513
f 450/450 451/451 515/515 514/514
f 451/451 452/452 516/516 515/515
f 452/452 453/453 517/517 516/516
f 453/453 454/454 518/518 517/517
f 454/454 455/455 519/519 518/518
f 455/455 456/456 520/520 519/519
f 456/456 457/457 521/521 520/520
f 457/457 458/458 522/522 521/521
f 458/458 459/459 523/523 522/522
f 459/459 460/460 524/524 523/523
f 460/460 461/461 525/525 524/524
f 461/461 462/462 526/526 525/525
f 462/462 463/463 527/527 526/526
f 463/463 464/464 528/528 527/527
f 464/464 465/465 529/529 528/528
f 465/465 466/466 530/530 529/529
f 466/466 467/467 531/531 530/530
f 467/467 468/468 532/532 531/531
f 468/468 469/469 533/533 532/532
f 469/469 470/470 534/534 533/533
f 470/470 471/471 535/535 534/534
f 471/471 472/472 536/536 535/535
f 472/472 473/473 537/537 536/536
f 473/473 474/474 538/538 537/537
f 474/474 475/475 539/539 538/538
f 475/475 476/476 540/540 539/539
f 476/476 477/477 541/541 540/540
f 477/477 478/478 542/542 541/541
f 478/478 479/479 543/543 542/542
f 479/479 480/480 544/544 543/543
f 480/480 481/481 545/545 544/544
f 481/481 482/482 546/546 545/545
f 482/482 483/483 547/547 546/546
f 483/483 484/484 548/548 547/547
f 484/484 485/485 549/549 548/548
f 485/485 486/486 550/550 549/549
f 486/486 487/487 551/551 550/550
f 487/487 488/488 552/552 551/551
f 488/488 489/489 553/553 552/552
f 489/489 490/490 554/554 553/553
f 490/490 491/491 555/555 554/554
f 491/491 492/492 556/556 555/555
f 492/492 493/493 557/557 556/556
f 493/493 494/494 558/558 557/557
f 494/494 495/495 559/559 558/558
f 495/495 496/496 560/560 559/559
f 496/496 497/497 561/561 560/560
f 497/497 498/498 562/562 561/561
f 498/498 499/499 563/563 562/562
f 499/499 500/500 564/564 563/563
f 500/500 501/501 565/565 564/564
f 501/501 502/502 566/566 565/565
f 502/502 503/503 567/567 566/566
f 503/503 504/504 568/568 567/567
f 504/504 505/505 569/569 568/568
f 505/505 506/506 570/570 569/569
f 506/506 507/507 571/571 570/570
f 507/507 508/508 572/572 571/571
f 508/508 509/509 573/573 572/572
f 509/509 510/510 574/574 573/573
f 510/510 511/511 575/575 574/574
f 511/511 512/512 576/576 575/575
f 512/512 449/449 513/513 576/576
f 513/513 514/514 578/578 577/577
f 514/514 515/515 579/579 578/578
f 515/515 516/516 580/580 579/579
f 516/516 517/517 581/581 580/580
f 517/517 518/518 582/582 581/581
f 518/518 519/519 583/583 582/582
f 519/519 520/520 584/584 583/583
f 520/520 521/521 585/585 584/584
f 521/521 522/522 586/586 585/585
f 522/522 523/523 587/587 586/586
f 523/523 524/524 588/588 587/587
f 524/524 525/525 589/589 588/588
f 525/525 526/526 590/590 589/589
f 526/526 527/527 591/591 590/590
f 527/527 528/528 592/592 591/591
f 528/528 529/529 593/593 592/592
f 529/529 530/530 594/594 593/593
f 530/530 531/531 595/595 594/594
f 531/531 532/532 596/596 595/595
f 532/532 533/533 597/597 596/596
f 533/533 534/534 598/598 597/597
f 534/534 535/535 599/599 598/598
f 535/535 536/536 600/600 599/599
f 536/536 537/537 601/601 600/600
f 537/537 538/538 602/602 601/601
f 538/538 539/539 603/603 602/602
f 539/539 540/540 604/604 603/603
f 540/540 541/541 605/605 604/604
f 541/541 542/542 606/606 605/605
f 542/542 543/543 607/607 606/606
f 543/543 544/544 608/608 607/607
f 544/544 545/545 609/609 608/608
f 545/545 546/546 610/610 609/609
f 546/546 547/547 611/611 610/610
f 547/547 548/548 612/612 611/611
f 548/548 549/549 613/613 612/612
f 549/549 550/550 614/614 613/613
f 550/550 551/551 615/615 614/614
f 551/551 552/552 616/616 615/615
f 552/552 553/553 617/617 616/616
f 553/553 554/554 618/618 617/617
f 554/554 555/555 619/619 618/618
f 555/555 556/556 620/620 619/619
f 556/556 557/557 621/621 620/620
f 557/557 558/558 622/622 621/621
f 558/558 559/559 623/623 622/622
f 559/559 560/560 624/624 623/623
f 560/560 561/561 625/625 624/624
f 561/561 562/562 626/626 625/625
f 562/562 563/563 627/627 626/626
f 563/563 564/564 628/628 627/627
f 564/564 565/565 629/629 628/628
f 565/565 566/566 630/630 629/629
f 566/566 567/567 631/631 630/630
f 567/567 568/568 632/632 631/631
f 568/568 569/569 633/633 632/632
f 569/569 570/570 634/634 633/633
f 570/570 571/571 635/635 634/634
f 571/571 572/572 636/636 635/635
f 572/572 573/573 637/637 636/636
f 573/573 574/574 638/638 637/637
f 574/574 575/575 639/639 638/638
f 575/575 576/576 640/640 639/639
f 576/576 513/513 577/577 640/640
f 577/577 578/578 642/642 641/641
f 578/578 579/579 643/643 642/642
f 579/579 580/580 644/644 643/643
f 580/580 581/581 645/645 644/644
f 581/581 582/582 646/646 645/645
f 582/582 583/583 647/647 646/646
f 583/583 584/584 648/648 647/647
f 584/584 585/585 649/649 648/648
f 585/585 586/586 650/650 649/649
f 586/586 587/587 651/651 650/650
f 587/587 588/588 652/652 651/651
f 588/588 589/589 653/653 652/652
f 589/589 590/590 654/654 653/653
f 590/590 591/591 655/655 654/654
f 591/591 592/592 656/656 655/655
f 592/592 593/593 657/657 656/656
f 593/593 594/594 658/658 657/657
f 594/594 595/595 659/659 658/658
f 595/595 596/596 660/660 659/659
f 596/596 597/597 661/661 660/660
f 597/597 598/598 662/662 661/661
f 598/598 599/599 663/663 662/662
f 599/599 600/600 664/664 663/663
f 600/600 601/601 665/665 664/664
f 601/601 602/602 666/666 665/665
f 602/602 603/603 667/667 666/666
f 603/603 604/604 668/668 667/667
f 604/604 605/605 669/669 668/668
f 605/605 606/606 670/670 669/669
f 606/606 607/607 671/671 670/670
f 607/607 608/608 672/672 671/671
f 608/608 609/609 673/673 672/672
f 609/609 610/610 674/674 673/673
f 610/610 611/611 675/675 674/674
f 611/611 612/612 676/676 675/675
f 612/612 613/613 677/677 676/676
f 613/613 614/614 678/678 677/677
f 614/614 615/615 679/679 678/678
f 615/615 616/616 680/680 679/679
f 616/616 617/617 681/681 680/680
f 617/617 618/618 682/682 681/681
f 618/618 619/619 683/683 682/682
f 619/619 620/620 684/684 683/683
f 620/620 621/621 685/685 684/684
f 621/621 622/622 686/686 685/685
f 622/622 623/623 687/687 686/686
f 623/623 624/624 688/688 687/687
f 624/624 625/625 689/689 688/688
f 625/625 626/626 690/690 689/689
f 626/626 627/627 691/691 690/690
f 627/627 628/628 692/692 691/691
f 628/628 629/629 693/693 692/692
f 629/629 630/630 694/694 693/693
f 630/630 631/631 695/695 694/694
f 631/631 632/632 696/696 695/695
f 632/632 633/633 697/697 696/696
f 633/633 634/634 698/698 697/697
f 634/634 635/635 699/699 698/698
f 635/635 636/636 700/700 699/699
f 636/636 637/637 701/701 700/700
f 637/637 638/638 702/702 701/701
f 638/638 639/639 703/703 702/702
f 639/639 640/640 704/704 703/703
f 640/640 577/577 641/641 704/704
f 641/641 642/642 706/706 705/705
f 642/642 643/643 707/707 706/706
f 643/643 644/644 708/708 707/707
f 644/644 645/645 709/709 708/708
f 645/645 646/646 710/710 709/709
f 646/646 647/647 711/711 710/710
f 647/647 648/648 712/712 711/711
f 648/648 649/649 713/713 712/712
f 649/649 650/650 714/714 713/713
f 650/650 651/651 715/715 714/714
f 651/651 652/652 716/716 715/715
f 652/652 653/653 717/717 716/716
f 653/653 654/654 718/718 717/717
f 654/654 655/655 719/719 718/718
f 655/655 656/656 720/720 719/719
f 656/656 657/657 721/721 720/720
f 657/657 658/658 722/722 721/721
f 658/658 659/659 723/723 722/722
f 659/659 660/660 724/724 723/723
f 660/660 661/661 725/725 724/724
f 661/661 662/662 726/726 725/725
f 662/662 663/663 727/727 726/726
f 663/663 664/664 728/728 727/727
f 664/664 665/665 729/729 728/728
f 665/665 666/666 730/730 729/729
f 666/666 667/667 731/731 730/730
f 667/667 668/668 732/732 731/731
f 668/668 669/669 733/733 732/732
f 669/669 670/670 734/734 733/733
f 670/670 671/671 735/735 734/734
f 671/671 672/672 736/736 735/735
f 672/672 673/673 737/737 736/736
f 673/673 674/674 738/738 737/737
f 674/674 675/675 739/739 738/738
f 675/675 676/676 740/740 739/739
f 676/676 677/677 741/741 740/740
f 677/677 678/678 742/742 741/741
f 678/678 679/679 743/743 742/742
f 679/679 680/680 744/744 743/743
f 680/680 681/681 745/745 744/744
f 681/681 682/682 746/746 745/745
f 682/682 683/683 747/747 746/746
f 683/683 684/684 748/748 747/747
f 684/684 685/685 749/749 748/748
f 685/685 686/686 750/750 749/749
f 686/686 687/687 751/751 750/750
f 687/687 688/688 752/752 751/751
f 688/688 689/689 753/753 752/752
f 689/689 690/690 754/754 753/753
f 690/690 691/691 755/755 754/754
f 691/691 692/692 756/756 755/755
f 692/692 693/693 757/757 756/756
f 693/693 694/694 758/758 757/757
f 694/694 695/695 759/759 758/758
f 695/695 696/696 760/760 759/759
f 696/696 697/697 761/761 760/760
f 697/697 698/698 762/762 761/761
f 698/698 699/699 763/763 762/762
f 699/699 700/700 764/764 763/763
f 700/700 701/701 765/765 764/764
f 701/701 702/702 766/766 765/765
f 702/702 703/703 767/767 766/766
f 703/703 704/704 768/768 767/767
f 704/704 641/641 705/705 768/768
f 705/705 706/706 770/770 769/769
f 706/706 707/707 771/771 770/770
f 707/707 708/708 772/772 771/771
f 708/708 709/709 773/773 772/772
f 709/709 710/710 774/774 773/773
f 710/710 711/711 775/775 774/774
f 711/711 712/712 776/776 775/775
f 712/712 713/713 777/777 776/776
f 713/713 714/714 778/778 777/777
f 714/714 715/715 779/779 778/778
f 715/715 716/716 780/780 779/779
f 716/716 717/717 781/781 780/780
f 717/717 718/718 782/782 781/781
f 718/718 719/719 783/783 782/782
f 719/719 720/720 784/784 783/783
f 720/720 721/721 785/785 784/784
f 721/721 722/722 786/786 785/785
f 722/722 723/723 787/787 786/786
f 723/723 724/724 788/788 787/787
f 724/724 725/725 789/789 788/788
f 725/725 726/726 790/790 789/789
f 726/726 727/727 791/791 790/790
f 727/727 728/728 792/792 791/791
f 728/728 729/729 793/793 792/792
f 729/729 730/730 794/794 793/793
f 730/730 731/731 795/795 794/794
f 731/731 732/732 796/796 795/795
f 732/732 733/733 797/797 796/796
f 733/733 734/734 798/798 797/797
f 734/734 735/735 799/799 798/798
f 735/735 736/736 800/800 799/799
f 736/736 737/737 801/801 800/800
f 737/737 738/738 802/802 801/801
f 738/738 739/739 803/803 802/802
f 739/739 740/740 804/804 803/803
f 740/740 741/741 805/805 804/804
f 741/741 742/742 806/806 805/805
f 742/742 743/743 807/807 806/806
f 743/743 744/744 808/808 807/807
f 744/744 745/745 809/809 808/808
f 745/745 746/746 810/810 809/809
f 746/746 747/747 811/811 810/810
f 747/747 748/748 812/812 811/811
f 748/748 749/749 813/813 812/812
f 749/749 750/750 814/814 813/813
f 750/750 751/751 815/815 814/814
f 751/751 752/752 816/816 815/815
f 752/752 753/753 817/817 816/816
f 753/753 754/754 818/818 817/817
f 754/754 755/755 819/819 818/818
f 755/755 756/756 820/820 819/819
f 756/756 757/757 821/821 820/820
f 757/757 758/758 822/822 821/821
f 758/758 759/759 823/823 822/822
f 759/759 760/760 824/824 823/823
f 760/760 761/761 825/825 824/824
f 761/761 762/762 826/826 825/825
f 762/762 763/763 827/827 826/826
f 763/763 764/764 828/828 827/827
f 764/764 765/765 829/829 828/828
f 765/765 766/766 830/830 829/829
f 766/766 767/767 831/831 830/830
f 767/767 768/768 832/832 831/831
f 768/768 705/705 769/769 832/832
f 769/769 770/770 834/834 833/833
f 770/770 771/771 835/835 834/834
f 771/771 772/772 836/836 835/835
f 772/772 773/773 837/837 836/836
f 773/773 774/774 838/838 837/837
f 774/774 775/775 839/839 838/838
f 775/775 776/776 840/840 839/839
f 776/776 777/777 841/841 840/840
f 777/777 778/778 842/842 841/841
f 778/778 779/779 843/843 842/842
f 779/779 780/780 844/844 843/843
f 780/780 781/781 845/845 844/844
f 781/781 782/782 846/846 845/845
f 782/782 783/783 847/847 846/846
f 783/783 784/784 848/848 847/847
f 784/784 785/785 849/849 848/848
f 785/785 786/786 850/850 849/849
f 786/786 787/787 851/851 850/850
f 787/787 788/788 852/852 851/851
f 788/788 789/789 853/853 852/852
f 789/789 790/790 854/854 853/853
f 790/790 791/791 855/855 854/854
f 791/791 792/792 856/856 855/855
f 792/792 793/793 857/857 856/856
f 793/793 794/794 858/858 857/857
f 794/794 795/795 859/859 858/858
f 795/795 796/796 860/860 859/859
f 796/796 797/797 861/861 860/860
f 797/797 798/798 862/862 861/861
f 798/798 799/799 863/863 862/862
f 799/799 800/800 864/864 863/863
f 800/800 801/801 865/865 864/864
f 801/801 802/802 866/866 865/865
f 802/802 803/803 867/867 866/866
f 803/803 804/804 868/868 867/867
f 804/804 805/805 869/869 868/868
f 805/805 806/806 870/870 869/869
f 806/806 807/807 871/871 870/870
f 807/807 808/808 872/872 871/871
f 808/808 809/809 873/873 872/872
f 809/809 810/810 874/874 873/873
f 810/810 811/811 875/875 874/874
f 811/811 812/812 876/876 875/875
f 812/812 813/813 877/877 876/876
f 813/813 814/814 878/878 877/877
f 814/814 815/815 879/879 878/878
f 815/815 816/816 880/880 879/879
f 816/816 817/817 881/881 880/880
f 817/817 818/818 882/882 881/881
f 818/818 819/819 883/883 882/882
f 819/819 820/820 884/884 883/883
f 820/820 821/821 885/885 884/884
f 821/821 822/822 886/886 885/885
f 822/822 823/823 887/887 886/886
f 823/823 824/824 888/888 887/887
f 824/824 825/825 889/889 888/888
f 825/825 826/826 890/890 889/889
f 826/826 827/827 891/891 890/890
f 827/827 828/828 892/892 891/891
f 828/828 829/829 893/893 892/892
f 829/829 830/830 894/894 893/893
f 830/830 831/831 895/895 894/894
f 831/831 832/832 896/896 895/895
f 832/832 769/769 833/833 896/896
f 833/833 834/834 898/898 897/897
f 834/834 835/835 899/899 898/898
f 835/835 836/836 900/900 899/899
f 836/836 837/837 901/901 900/900
f 837/837 838/838 902/902 901/901
f 838/838 839/839 903/903 902/902
f 839/839 840/840 904/904 903/903
f 840/840 841/841 905/905 904/904
f 841/841 842/842 906/906 905/905
f 842/842 843/843 907/907 906/906
f 843/843 844/844 908/908 907/907
f 844/844 845/845 909/909 908/908
f 845/845 846/846 910/910 909/909
f 846/846 847/847 911/911 910/910
f 847/847 848/848 912/912 911/911
f 848/848 849/849 913/913 912/912
f 849/849 850/850 914/914 913/913
f 850/850 851/851 915/915 914/914
f 851/851 852/852 916/916 915/915
f 852/852 853/853 917/917 916/916
f 853/853 854/854 918/918 917/917
f 854/854 855/855 919/919 918/918
f 855/855 856/856 920/920 919/919
f 856/856 857/857 921/921 920/920
f 857/857 858/858 922/922 921/921
f 858/858 859/859 923/923 922/922
f 859/859 860/860 924/924 923/923
f 860/860 861/861 925/925 924/924
f 861/861 862/862 926/926 925/925
f 862/862 863/863 927/927 926/926
f 863/863 864/864 928/928 927/927
f 864/864 865/865 929/929 928/928
f 865/865 866/866 930/930 929/929
f 866/866 867/867 931/931 930/930
f 867/867 868/868 932/932 931/931
f 868/868 869/869 933/933 932/932
f 869/869 870/870 934/934 933/933
f 870/870 871/871 935/935 934/934
f 871/871 872/872 936/936 935/935
f 872/872 873/873 937/937 936/936
f 873/873 874/874 938/938 937/937
f 874/874 875/875 939/939 938/938
f 875/875 876/876 940/940 939/939
f 876/876 877/877 941/941 940/940
f 877/877 878/878 942/942 941/941
f 878/878 879/879 943/943 942/942
f 879/879 880/880 944/944 943/943
f 880/880 881/881 945/945 944/944
f 881/881 882/882 946/946 945/945
f 882/882 883/883 947/947 946/946
f 883/883 884/884 948/948 947/947
f 884/884 885/885 949/949 948/948
f 885/885 886/886 950/950 949/949
f 886/886 887/887 951/951 950/950
f 887/887 888/888 952/952 951/951
f 888/888 889/889 953/953 952/952
f 889/889 890/890 954/954 953/953
f 890/890 891/891 955/955 954/954
f 891/891 892/892 956/956 955/955
f 892/892 893/893 957/957 956/956
f 893/893 894/894 958/958 957/957
f 894/894 895/895 959/959 958/958
f 895/895 896/896 960/960 959/959
f 896/896 833/833 897/897 960/960
f 897/897 898/898 962/962 961/961
f 898/898 899/899 963/963 962/962
f 899/899 900/900 964/964 963/963
f 900/900 901/901 965/965 964/964
f 901/901 902/902 966/966 965/965
f 902/902 903/903 967/967 966/966
f 903/903 904/904 968/968 967/967
f 904/904 905/905 969/969 968/968
f 905/905 906/906 970/970 969/969
f 906/906 907/907 971/971 970/970
f 907/907 908/908 972/972 971/971
f 908/908 909/909 973/973 972/972
f 909/909 910/910 974/974 973/973
f 910/910 911/911 975/975 974/974
f 911/911 912/912 976/976 975/975
f 912/912 913/913 977/977 976/976
f 913/913 914/914 978/978 977/977
f 914/914 915/915 979/979 978/978
f 915/915 916/916 980/980 979/979
f 916/916 917/917 981/981 980/980
f 917/917 918/918 982/982 981/981
f 918/918 919/919 983/983 982/982
f 919/919 920/920 984/984 983/983
f 920/920 921/921 985/985 984/984
f 921/921 922/922 986/986 985/985
f 922/922 923/923 987/987 986/986
f 923/923 924/924 988/988 987/987
f 924/924 925/925 989/989 988/988
f 925/925 926/926 990/990 989/989
f 926/926 927/927 991/991 990/990
f 927/927 928/928 992/992 991/991
f 928/928 929/929 993/993 992/992
f 929/929 930/930 994/994 993/993
f 930/930 931/931 995/995 994/994
f 931/931 932/932 996/996 995/995
f 932/932 933/933 997/997 996/996
f 933/933 934/934 998/998 997/997
f 934/934 935/935 999/999 998/998
f 935/935 936/936 1000/1000 999/999
f 936/936 937/937 1001/1001 1000/1000
f 937/937 938/938 1002/1002 1001/1001
f 938/938 939/939 1003/1003 1002/1002
f 939/939 940/940 1004/1004 1003/1003
f 940/940 941/941 1005/1005 1004/1004
f 941/941 942/942 1006/1006 1005/1005
f 942/942 943/943 1007/1007 1006/1006
f 943/943 944/944 1008/1008 1007/1007
f 944/944 945/945 1009/1009 1008/1008
f 945/945 946/946 1010/1010 1009/1009
f 946/946 947/947 1011/1011 1010/1010
f 947/947 948/948 1012/1012 1011/1011
f 948/948 949/949 1013/1013 1012/1012
f 949/949 950/950 1014/1014 1013/1013
f 950/950 951/951 1015/1015 1014/1014
f 951/951 952/952 1016/1016 1015/1015
f 952/952 953/953 1017/1017 1016/1016
f 953/953 954/954 1018/1018 1017/1017
f 954/954 955/955 1019/1019 1018/1018
f 955/955 956/956 1020/1020 1019/1019
f 956/956 957/957 1021/1021 1020/1020
f 957/957 958/958 1022/1022 1021/1021
f 958/958 959/959 1023/1023 1022/1022
f 959/959 960/960 1024/1024 1023/1023
f 960/960 897/897 961/961 1024/1024
f 961/961 962/962 1026/1026 1025/1025
f 962/962 963/963 1027/1027 1026/1026
f 963/963 964/964 1028/1028 1027/1027
f 964/964 965/965 1029/1029 1028/1028
f 965/965 966/966 1030/1030 1029/1029
f 966/966 967/967 1031/1031 1030/1030
f 967/967 968/968 1032/1032 1031/1031
f 968/968 969/969 1033/1033 1032/1032
f 969/969 970/970 1034/1034 1033/1033
f 970/970 971/971 1035/1035 1034/1034
f 971/971 972/972 1036/1036 1035/1035
f 972/972 973/973 1037/1037 1036/1036
f 973/973 974/974 1038/1038 1037/1037
f 974/974 975/975 1039/1039 1038/1038
f 975/975 976/976 1040/1040 1039/1039
f 976/976 977/977 1041/1041 1040/1040
f 977/977 978/978 1042/1042 1041/1041
f 978/978 979/979 1043/1043 1042/1042
f 979/979 980/980 1044/1044 1043/1043
f 980/980 981/981 1045/1045 1044/1044
f 981/981 982/982 1046/1046 1045/1045
f 982/982 983/983 1047/1047 1046/1046
f 983/983 984/984 1048/1048 1047/1047
f 984/984 985/985 1049/1049 1048/1048
f 985/985 986/986 1050/1050 1049/1049
f 986/986 987/987 1051/1051 1050/1050
f 987/987 988/988 1052/1052 1051/1051
f 988/988 989/989 1053/1053 1052/1052
f 989/989 990/990 1054/1054 1053/1053
f 990/990 991/991 1055/1055 1054/1054
f 991/991 992/992 1056/1056 1055/1055
f 992/992 993/993 1057/1057 1056/1056
f 993/993 994/994 1058/1058 1057/1057
f 994/994 995/995 1059/1059 1058/1058
f 995/995 996/996 1060/1060 1059/1059
f 996/996 997/997 1061/1061 1060/1060
f 997/997 998/998 1062/1062 1061/1061
f 998/998 999/999 1063/1063 1062/1062
f 999/999 1000/1000 1064/1064 1063/1063
f 1000/1000 1001/1001 1065/1065 1064/1064
f 1001/1001 1002/1002 1066/1066 1065/1065
f 1002/1002 1003/1003 1067/1067 1066/1066
f 1003/1003 1004/1004 1068/1068 1067/1067
f 1004/1004 1005/1005 1069/1069 1068/1068
f 1005/1005 1006/1006 1070/1070 1069/1069
f 1006/1006 1007/1007 1071/1071 1070/1070
f 1007/1007 1008/1008 1072/1072 1071/1071
f 1008/1008 1009/1009 1073/1073 1072/1072
f 1009/1009 1010/1010 1074/1074 1073/1073
f 1010/1010 1011/1011 1075/1075 1074/1074
f 1011/1011 1012/1012 1076/1076 1075/1075
f 1012/1012 1013/1013 1077/1077 1076/1076
f 1013/1013 1014/1014 1078/1078 1077/1077
f 1014/1014 1015/1015 1079/1079 1078/1078
f 1015/1015 1016/1016 1080/1080 1079/1079
f 1016/1016 1017/1017 1081/1081 1080/1080
f 1017/1017 1018/1018 1082/1082 1081/1081
f 1018/1018 1019/1019 1083/1083 1082/1082
f 1019/1019 1020/1020 1084/1084 1083/1083
f 1020/1020 1021/1021 1085/1085 1084/1084
f 1021/1021 1022/1022 1086/1086 1085/1085
f 1022/1022 1023/1023 1087/1087 1086/1086
f 1023/1023 1024/1024 1088/1088 1087/1087
f 1024/1024 961/961 1025/1025 1088/1088
f 1025/1025 1026/1026 1090/1090 1089/1089
f 1026/1026 1027/1027 1091/1091 1090/1090
f 1027/1027 1028/1028 1092/1092 1091/1091
f 1028/1028 1029/1029 1093/1093 1092/1092
f 1029/1029 1030/1030 1094/1094 1093/1093
f 1030/1030 1031/1031 1095/1095 1094/1094
f 1031/1031 1032/1032 1096/1096 1095/1095
f 1032/1032 1033/1033 1097/1097 1096/1096
f 1033/1033 1034/1034 1098/1098 1097/1097
f 1034/1034 1035/1035 1099/1099 1098/1098
f 1035/1035 1036/1036 1100/1100 1099/1099
f 1036/1036 1037/1037 1101/1101 1100/1100
f 1037/1037 1038/1038 1102/1102 1101/1101
f 1038/1038 1039/1039 1103/1103 1102/1102
f 1039/1039 1040/1040 1104/1104 1103/1103
f 1040/1040 1041/1041 1105/1105 1104/1104
f 1041/1041 1042/1042 1106/1106 1105/1105
f 1042/1042 1043/1043 1107/1107 1106/1106
f 1043/1043 1044/1044 1108/1108 1107/1107
f 1044/1044 1045/1045 1109/1109 1108/1108
f 1045/1045 1046/1046 1110/1110 1109/1109
f 1046/1046 1047/1047 1111/1111 1110/1110
f 1047/1047 1048/1048 1112/1112 1111/1111
f 1048/1048 1049/1049 1113/1113 1112/1112
f 1049/1049 1050/1050 1114/1114 1113/1113
f 1050/1050 1051/1051 1115/1115 1114/1114
f 1051/1051 1052/1052 1116/1116 1115/1115
f 1052/1052 1053/1053 1117/1117 1116/1116
f 1053/1053 1054/1054 1118/1118 1117/1117
f 1054/1054 1055/1055 1119/1119 1118/1118
f 1055/1055 1056/1056 1120/1120 1119/1119
f 1056/1056 1057/1057 1121/1121 1120/1120
f 1057/1057 1058/1058 1122/1122 1121/1121
f 1058/1058 1059/1059 1123/1123 1122/1122
f 1059/1059 1060/1060 1124/1124 1123/1123
f 1060/1060 1061/1061 1125/1125 1124/1124
f 1061/1061 1062/1062 1126/1126 1125/1125
f 1062/1062 1063/1063 1127/1127 1126/1126
f 1063/1063 1064/1064 1128/1128 1127/1127
f 1064/1064 1065/1065 1129/1129 1128/1128
f 1065/1065 1066/1066 1130/1130 1129/1129
f 1066/1066 1067/1067 1131/1131 1130/1130
f 1067/1067 1068/1068 1132/1132 1131/1131
f 1068/1068 1069/1069 1133/1133 1132/1132
f 1069/1069 1070/1070 1134/1134 1133/1133
f 1070/1070 1071/1071 1135/1135 1134/1134
f 1071/1071 1072/1072 1136/1136 1135/1135
f 1072/1072 1073/1073 1137/1137 1136/1136
f 1073/1073 1074/1074 1138/1138 1137/1137
f 1074/1074 1075/1075 1139/1139 1138/1138
f 1075/1075 1076/1076 1140/1140 1139/1139
f 1076/1076 1077/1077 1141/1141 1140/1140
f 1077/1077 1078/1078 1142/1142 1141/1141
f 1078/1078 1079/1079 1143/1143 1142/1142
f 1079/1079 1080/1080 1144/1144 1143/1143
f 1080/1080 1081/1081 1145/1145 1144/1144
f 1081/1081 1082/1082 1146/1146 1145/1145
f 1082/1082 1083/1083 1147/1147 1146/1146
f 1083/1083 1084/1084 1148/1148 1147/1147
f 1084/1084 1085/1085 1149/1149 1148/1148
f 1085/1085 1086/1086 1150/1150 1149/1149
f 1086/1086 1087/1087 1151/1151 1150/1150
f 1087/1087 1088/1088 1152/1152 1151/1151
f 1088/1088 1025/1025 1089/1089 1152/1152
f 1089/1089 1090/1090 1154/1154 1153/1153
f 1090/1090 1091/1091 1155/1155 1154/1154
f 1091/1091 1092/1092 1156/1156 1155/1155
f 1092/1092 1093/1093 1157/1157 1156/1156
f 1093/1093 1094/1094 1158/1158 1157/1157
f 1094/1094 1095/1095 1159/1159 1158/1158
f 1095/1095 1096/1096 1160/1160 1159/1159
f 1096/1096 1097/1097 1161/1161 1160/1160
f 1097/1097 1098/1098 1162/1162 1161/1161
f 1098/1098 1099/1099 1163/1163 1162/1162
f 1099/1099 1100/1100 1164/1164 1163/1163
f 1100/1100 1101/1101 1165/1165 1164/1164
f 1101/1101 1102/1102 1166/1166 1165/1165
f 1102/1102 1103/1103 1167/1167 1166/1166
f 1103/1103 1104/1104 1168/1168 1167/1167
f 1104/1104 1105/1105 1169/1169 1168/1168
f 1105/1105 1106/1106 1170/1170 1169/1169
f 1106/1106 1107/1107 1171/1171 1170/1170
f 1107/1107 1108/1108 1172/1172 1171/1171
f 1108/1108 1109/1109 1173/1173 1172/1172
f 1109/1109 1110/1110 1174/1174 1173/1173
f 1110/1110 1111/1111 1175/1175 1174/1174
f 1111/1111 1112/1112 1176/1176 1175/1175
f 1112/1112 1113/1113 1177/1177 1176/1176
f 1113/1113 1114/1114 1178/1178 1177/1177
f 1114/1114 1115/1115 1179/1179 1178/1178
f 1115/1115 1116/1116 1180/1180 1179/1179
f 1116/1116 1117/1117 1181/1181 1180/1180
f 1117/1117 1118/1118 1182/1182 1181/1181
f 1118/1118 1119/1119 1183/1183 1182/1182
f 1119/1119 1120/1120 1184/1184 1183/1183
f 1120/1120 1121/1121 1185/1185 1184/1184
f 1121/1121 1122/1122 1186/1186 1185/1185
f 1122/1122 1123/1123 1187/1187 1186/1186
f 1123/1123 1124/1124 1188/1188 1187/1187
f 1124/1124 1125/1125 1189/1189 1188/1188
f 1125/1125 1126/1126 1190/1190 1189/1189
f 1126/1126 1127/1127 1191/1191 1190/1190
f 1127/1127 1128/1128 1192/1192 1191/1191
f 1128/1128 1129/1129 1193/1193 1192/1192
f 1129/1129 1130/1130 1194/1194 1193/1193
f 1130/1130 1131/1131 1195/1195 1194/1194
f 1131/1131 1132/1132 1196/1196 1195/1195
f 1132/1132 1133/1133 1197/1197 1196/1196
f 1133/1133 1134/1134 1198/1198 1197/1197
f 1134/1134 1135/1135 1199/1199 1198/1198
f 1135/1135 1136/1136 1200/1200 1199/1199
f 1136/1136 1137/1137 1201/1201 1200/1200
f 1137/1137 1138/1138 1202/1202 1201/1201
f 1138/1138 1139/1139 1203/1203 1202/1202
f 1139/1139 1140/1140 1204/1204 1203/1203
f 1140/1140 1141/1141 1205/1205 1204/1204
f 1141/1141 1142/1142 1206/1206 1205/1205
f 1142/1142 1143/1143 1207/1207 1206/1206
f 1143/1143 1144/1144 1208/1208 1207/1207
f 1144/1144 1145/1145 1209/1209 1208/1208
f 1145/1145 1146/1146 1210/1210 1209/1209
f 1146/1146 1147/1147 1211/1211 1210/1210
f 1147/1147 1148/1148 1212/1212 1211/1211
f 1148/1148 1149/1149 1213/1213 1212/1212
f 1149/1149 1150/1150 1214/1214 1213/1213
f 1150/1150 1151/1151 1215/1215 1214/1214
f 1151/1151 1152/1152 1216/1216 1215/1215
f 1152/1152 1089/1089 1153/1153 1216/1216
f 1153/1153 1154/1154 1218/1218 1217/1217
f 1154/1154 1155/1155 1219/1219 1218/1218
f 1155/1155 1156/1156 1220/1220 1219/1219
f 1156/1156 1157/1157 1221/1221 1220/1220
f 1157/1157 1158/1158 1222/1222 1221/1221
f 1158/1158 1159/1159 1223/1223 1222/1222
f 1159/1159 1160/1160 1224/1224 1223/1223
f 1160/1160 1161/1161 1225/1225 1224/1224
f 1161/1161 1162/1162 1226/1226 1225/1225
f 1162/1162 1163/1163 1227/1227 1226/1226
f 1163/1163 1164/1164 1228/1228 1227/1227
f 1164/1164 1165/1165 1229/1229 1228/1228
f 1165/1165 1166/1166 1230/1230 1229/1229
f 1166/1166 1167/1167 1231/1231 1230/1230
f 1167/1167 1168/1168 1232/1232 1231/1231
f 1168/1168 1169/1169 1233/1233 1232/1232
f 1169/1169 1170/1170 1234/1234 1233/1233
f 1170/1170 1171/1171 1235/1235 1234/1234
f 1171/1171 1172/1172 1236/1236 1235/1235
f 1172/1172 1173/1173 1237/1237 1236/1236
f 1173/1173 1174/1174 1238/1238 1237/1237
f 1174/1174 1175/1175 1239/1239 1238/1238
f 1175/1175 1176/1176 1240/1240 1239/1239
f 1176/1176 1177/1177 1241/1241 1240/1240
f 1177/1177 1178/1178 1242/1242 1241/1241
f 1178/1178 1179/1179 1243/1243 1242/1242
f 1179/1179 1180/1180 1244/1244 1243/1243
f 1180/1180 1181/1181 1245/1245 1244/1244
f 1181/1181 1182/1182 1246/1246 1245/1245
f 1182/1182 1183/1183 1247/1247 1246/1246
f 1183/1183 1184/1184 1248/1248 1247/1247
f 1184/1184 1185/1185 1249/1249 1248/1248
f 1185/1185 1186/1186 1250/1250 1249/1249
f 1186/1186 1187/1187 1251/1251 1250/1250
f 1187/1187 1188/1188 1252/1252 1251/1251
f 1188/1188 1189/1189 1253/1253 1252/1252
f 1189/1189 1190/1190 1254/1254 1253/1253
f 1190/1190 1191/1191 1255/1255 1254/1254
f 1191/1191 1192/1192 1256/1256 1255/1255
f 1192/1192 1193/1193 1257/1257 1256/1256
f 1193/1193 1194/1194 1258/1258 1257/1257
f 1194/1194 1195/1195 1259/1259 1258/1258
f 1195/1195 1196/1196 1260/1260 1259/1259
f 1196/1196 1197/1197 1261/1261 1260/1260
f 1197/1197 1198/1198 1262/1262 1261/1261
f 1198/1198 1199/1199 1263/1263 1262/1262
f 1199/1199 1200/1200 1264/1264 1263/1263
f 1200/1200 1201/1201 1265/1265 1264/1264
f 1201/1201 1202/1202 1266/1266 1265/1265
f 1202/1202 1203/1203 1267/1267 1266/1266
f 1203/1203 1204/1204 1268/1268 1267/1267
f 1204/1204 1205/1205 1269/1269 1268/1268
f 1205/1205 1206/1206 1270/1270 1269/1269
f 1206/1206 1207/1207 1271/1271 1270/1270
f 1207/1207 1208/1208 1272/1272 1271/1271
f 1208/1208 1209/1209 1273/1273 1272/1272
f 1209/1209 1210/1210 1274/1274 1273/1273
f 1210/1210 1211/1211 1275/1275 1274/1274
f 1211/1211 1212/1212 1276/1276 1275/1275
f 1212/1212 1213/1213 1277/1277 1276/1276
f 1213/1213 1214/1214 1278/1278 1277/1277
f 1214/1214 1215/1215 1279/1279 1278/1278
f 1215/1215 1216/1216 1280/1280 1279/1279
f 1216/1216 1153/1153 1217/1217 1280/1280
f 1217/1217 1218/1218 1282/1282 1281/1281
f 1218/1218 1219/1219 1283/1283 1282/1282
f 1219/1219 1220/1220 1284/1284 1283/1283
f 1220/1220 1221/1221 1285/1285 1284/1284
f 1221/1221 1222/1222 1286/1286 1285/1285
f 1222/1222 1223/1223 1287/1287 1286/1286
f 1223/1223 1224/1224 1288/1288 1287/1287
f 1224/1224 1225/1225 1289/1289 1288/1288
f 1225/1225 1226/1226 1290/1290 1289/1289
f 1226/1226 1227/1227 1291/1291 1290/1290
f 1227/1227 1228/1228 1292/1292 1291/1291
f 1228/1228 1229/1229 1293/1293 1292/1292
f 1229/1229 1230/1230 1294/1294 1293/1293
f 1230/1230 1231/1231 1295/1295 1294/1294
f 1231/1231 1232/1232 1296/1296 1295/1295
f 1232/1232 1233/1233 1297/1297 1296/1296
f 1233/1233 1234/1234 1298/1298 1297/1297
f 1234/1234 1235/1235 1299/1299 1298/1298
f 1235/1235 1236/1236 1300/1300 1299/1299
f 1236/1236 1237/1237 1301/1301 1300/1300
f 1237/1237 1238/1238 1302/1302 1301/1301
f 1238/1238 1239/1239 1303/1303 1302/1302
f 1239/1239 1240/1240 1304/1304 1303/1303
f 1240/1240 1241/1241 1305/1305 1304/1304
f 1241/1241 1242/1242 1306/1306 1305/1305
f 1242/1242 1243/1243 1307/1307 1306/1306
f 1243/1243 1244/1244 1308/1308 1307/1307
f 1244/1244 1245/1245 1309/1309 1308/1308
f 1245/1245 1246/1246 1310/1310 1309/1309
f 1246/1246 1247/1247 1311/1311 1310/1310
f 1247/1247 1248/1248 1312/1312 1311/1311
f 1248/1248 1249/1249 1313/1313 1312/1312
f 1249/1249 1250/1250 1314/1314 1313/1313
f 1250/1250 1251/1251 1315/1315 1314/1314
f 1251/1251 1252/1252 1316/1316 1315/1315
f 1252/1252 1253/1253 1317/1317 1316/1316
f 1253/1253 1254/1254 1318/1318 1317/1317
f 1254/1254 1255/1255 1319/1319 1318/1318
f 1255/1255 1256/1256 1320/1320 1319/1319
f 1256/1256 1257/1257 1321/1321 1320/1320
f 1257/1257 1258/1258 1322/1322 1321/1321
f 1258/1258 1259/1259 1323/1323 1322/1322
f 1259/1259 1260/1260 1324/1324 1323/1323
f 1260/1260 1261/1261 1325/1325 1324/1324
f 1261/1261 1262/1262 1326/1326 1325/1325
f 1262/1262 1263/1263 1327/1327 1326/1326
f 1263/1263 1264/1264 1328/1328 1327/1327
f 1264/1264 1265/1265 1329/1329 1328/1328
f 1265/1265 1266/1266 1330/1330 1329/1329
f 1266/1266 1267/1267 1331/1331 1330/1330
f 1267/1267 1268/1268 1332/1332 1331/1331
f 1268/1268 1269/1269 1333/1333 1332/1332
f 1269/1269 1270/1270 1334/1334 1333/1333
f 1270/1270 1271/1271 1335/1335 1334/1334
f 1271/1271 1272/1272 1336/1336 1335/1335
f 1272/1272 1273/1273 1337/1337 1336/1336
f 1273/1273 1274/1274 1338/1338 1337/1337
f 1274/1274 1275/1275 1339/1339 1338/1338
f 1275/1275 1276/1276 1340/1340 1339/1339
f 1276/1276 1277/1277 1341/1341 1340/1340
f 1277/1277 1278/1278 1342/1342 1341/1341
f 1278/1278 1279/1279 1343/1343 1342/1342
f 1279/1279 1280/1280 1344/1344 1343/1343
f 1280/1280 1217/1217 1281/1281 1344/1344
f 1409/1409 1410/1410 1346/1346 1345/1345
f 1410/1410 1411/1411 1347/1347 1346/1346
f 1411/1411 1412/1412 1348/1348 1347/1347
f 1412/1412 1413/1413 1349/1349 1348/1348
f 1413/1413 1414/1414 1350/1350 1349/1349
f 1414/1414 1415/1415 1351/1351 1350/1350
f 1415/1415 1416/1416 1352/1352 1351/1351
f 1416/1416 1417/1417 1353/1353 1352/1352
f 1417/1417 1418/1418 1354/1354 1353/1353
f 1418/1418 1419/1419 1355/1355 1354/1354
f 1419/1419 1420/1420 1356/1356 1355/1355
f 1420/1420 1421/1421 1357/1357 1356/1356
f 1421/1421 1422/1422 1358/1358 1357/1357
f 1422/1422 1423/1423 1359/1359 1358/1358
f 1423/1423 1424/1424 1360/1360 1359/1359
f 1424/1424 1425/1425 1361/1361 1360/1360
f 1425/1425 1426/1426 1362/1362 1361/1361
f 1426/1426 1427/1427 1363/1363 1362/1362
f 1427/1427 1428/1428 1364/1364 1363/1363
f 1428/1428 1429/1429 1365/1365 1364/1364
f 1429/1429 1430/1430 1366/1366 1365/1365
f 1430/1430 1431/1431 1367/1367 1366/1366
f 1431/1431 1432/1432 1368/1368 1367/1367
f 1432/1432 1433/1433 1369/1369 1368/1368
f 1433/1433 1434/1434 1370/1370 1369/1369
f 1434/1434 1435/1435 1371/1371 1370/1370
f 1435/1435 1436/1436 1372/1372 1371/1371
f 1436/1436 1437/1437 1373/1373 1372/1372
f 1437/1437 1438/1438 1374/1374 1373/1373
f 1438/1438 1439/1439 1375/1375 1374/1374
f 1439/1439 1440/1440 1376/1376 1375/1375
f 1440/1440 1441/1441 1377/1377 1376/1376
f 1441/1441 1442/1442 1378/1378 1377/1377
f 1442/1442 1443/1443 1379/1379 1378/1378
f 1443/1443 1444/1444 1380/1380 1379/1379
f 1444/1444 1445/1445 1381/1381 1380/1380
f 1445/1445 1446/1446 1382/1382 1381/1381
f 1446/1446 1447/1447 1383/1383 1382/1382
f 1447/1447 1448/1448 1384/1384 1383/1383
f 1448/1448 1449/1449 1385/1385 1384/1384
f 1449/1449 1450/1450 1386/1386 1385/1385
f 1450/1450 1451/1451 1387/1387 1386/1386
f 1451/1451 1452/1452 1388/1388 1387/1387
f 1452/1452 1453/1453 1389/1389 1388/1388
f 1453/1453 1454/1454 1390/1390 1389/1389
f 1454/1454 1455/1455 1391/1391 1390/1390
f 1455/1455 1456/1456 1392/1392 1391/1391
f 1456/1456 1457/1457 1393/1393 1392/1392
f 1457/1457 1458/1458 1394/1394 1393/1393
f 1458/1458 1459/1459 1395/1395 1394/1394
f 1459/1459 1460/1460 1396/1396 1395/1395
f 1460/1460 1461/1461 1397/1397 1396/1396
f 1461/1461 1462/1462 1398/1398 1397/1397
f 1462/1462 1463/1463 1399/1399 1398/1398
f 1463/1463 1464/1464 1400/1400 1399/1399
f 1464/1464 1465/1465 1401/1401 1400/1400
f 1465/1465 1466/1466 1402/1402 1401/1401
f 1466/1466 1467/1467 1403/1403 1402/1402
f 1467/1467 1468/1468 1404/1404 1403/1403
f 1468/1468 1469/1469 1405/1405 1404/1404
f 1469/1469 1470/1470 1406/1406 1405/1405
f 1470/1470 1471/1471 1407/1407 1406/1406
f 1471/1471 1472/1472 1408/1408 1407/1407
f 1472/1472 1409/1409 1345/1345 1408/1408
f 1473/1473 1474/1474 1410/1410 1409/1409
f 1474/1474 1475/1475 1411/1411 1410/1410
f 1475/1475 1476/1476 1412/1412 1411/1411
f 1476/1476 1477/1477 1413/1413 1412/1412
f 1477/1477 1478/1478 1414/1414 1413/1413
f 1478/1478 1479/1479 1415/1415 1414/1414
f 1479/1479 1480/1480 1416/1416 1415/1415
f 1480/1480 1481/1481 1417/1417 1416/1416
f 1481/1481 1482/1482 1418/1418 1417/1417
f 1482/1482 1483/1483 1419/1419 1418/1418
f 1483/1483 1484/1484 1420/1420 1419/1419
f 1484/1484 1485/1485 1421/1421 1420/1420
f 1485/1485 1486/1486 1422/1422 1421/1421
f 1486/1486 1487/1487 1423/1423 1422/1422
f 1487/1487 1488/1488 1424/1424 1423/1423
f 1488/1488 1489/1489 1425/1425 1424/1424
f 1489/1489 1490/1490 1426/1426 1425/1425
f 1490/1490 1491/1491 1427/1427 1426/1426
f 1491/1491 1492/1492 1428/1428 1427/1427
f 1492/1492 1493/1493 1429/1429 1428/1428
f 1493/1493 1494/1494 1430/1430 1429/1429
f 1494/1494 1495/1495 1431/1431 1430/1430
f 1495/1495 1496/1496 1432/1432 1431/1431
f 1496/1496 1497/1497 1433/1433 1432/1432
f 1497/1497 1498/1498 1434/1434 1433/1433
f 1498/1498 1499/1499 1435/1435 1434/1434
f 1499/1499 1500/1500 1436/1436 1435/1435
f 1500/1500 1501/1501 1437/1437 1436/1436
f 1501/1501 1502/1502 1438/1438 1437/1437
f 1502/1502 1503/1503 1439/1439 1438/1438
f 1503/1503 1504/1504 1440/1440 1439/1439
f 1504/1504 1505/1505 1441/1441 1440/1440
f 1505/1505 1506/1506 1442/1442 1441/1441
f 1506/1506 1507/1507 1443/1443 1442/1442
f 1507/1507 1508/1508 1444/1444 1443/1443
f 1508/1508 1509/1509 1445/1445 1444/1444
f 1509/1509 1510/1510 1446/1446 1445/1445
f 1510/1510 1511/1511 1447/1447 1446/1446
f 1511/1511 1512/1512 1448/1448 1447/1447
f 1512/1512 1513/1513 1449/1449 1448/1448
f 1513/1513 1514/1514 1450/1450 1449/1449
f 1514/1514 1515/1515 1451/1451 1450/1450
f 1515/1515 1516/1516 1452/1452 1451/1451
f 1516/1516 1517/1517 1453/1453 1452/1452
f 1517/1517 1518/1518 1454/1454 1453/1453
f 1518/1518 1519/1519 1455/1455 1454/1454
f 1519/1519 1520/1520 1456/1456 1455/1455
f 1520/1520 1521/1521 1457/1457 1456/1456
f 1521/1521 1522/1522 1458/1458 1457/1457
f 1522/1522 1523/1523 1459/1459 1458/1458
f 1523/1523 1524/1524 1460/1460 1459/1459
f 1524/1524 1525/1525 1461/1461 1460/1460
f 1525/1525 1526/1526 1462/1462 1461/1461
f 1526/1526 1527/1527 1463/1463 1462/1462
f 1527/1527 1528/1528 1464/1464 1463/1463
f 1528/1528 1529/1529 1465/1465 1464/1464
f 1529/1529 1530/1530 1466/1466 1465/1465
f 1530/1530 1531/1531 1467/1467 1466/1466
f 1531/1531 1532/1532 1468/1468 1467/1467
f 1532/1532 1533/1533 1469/1469 1468/1468
f 1533/1533 1534/1534 1470/1470 1469/1469
f 1534/1534 1535/1535 1471/1471 1470/1470
f 1535/1535 1536/1536 1472/1472 1471/1471
f 1536/1536 1473/1473 1409/1409 1472/1472
f 1537/1537 1538/1538 1474/1474 1473/1473
f 1538/1538 1539/1539 1475/1475 1474/1474
f 1539/1539 1540/1540 1476/1476 1475/1475
f 1540/1540 1541/1541 1477/1477 1476/1476
f 1541/1541 1542/1542 1478/1478 1477/1477
f 1542/1542 1543/1543 1479/1479 1478/1478
f 1543/1543 1544/1544 1480/1480 1479/1479
f 1544/1544 1545/1545 1481/1481 1480/1480
f 1545/1545 1546/1546 1482/1482 1481/1481
f 1546/1546 1547/1547 1483/1483 1482/1482
f 1547/1547 1548/1548 1484/1484 1483/1483
f 1548/1548 1549/1549 1485/1485 1484/1484
f 1549/1549 1550/1550 1486/1486 1485/1485
f 1550/1550 1551/1551 1487/1487 1486/1486
f 1551/1551 1552/1552 1488/1488 1487/1487
f 1552/1552 1553/1553 1489/1489 1488/1488
f 1553/1553 1554/1554 1490/1490 1489/1489
f 1554/1554 1555/1555 1491/1491 1490/1490
f 1555/1555 1556/1556 1492/1492 1491/1491
f 1556/1556 1557/1557 1493/1493 1492/1492
f 1557/1557 1558/1558 1494/1494 1493/1493
f 1558/1558 1559/1559 1495/1495 1494/1494
f 1559/1559 1560/1560 1496/1496 1495/1495
f 1560/1560 1561/1561 1497/1497 1496/1496
f 1561/1561 1562/1562 1498/1498 1497/1497
f 1562/1562 1563/1563 1499/1499 1498/1498
f 1563/1563 1564/1564 1500/1500 1499/1499
f 1564/1564 1565/1565 1501/1501 1500/1500
f 1565/1565 1566/1566 1502/1502 1501/1501
f 1566/1566 1567/1567 1503/1503 1502/1502
f 1567/1567 1568/1568 1504/1504 1503/1503
f 1568/1568 1569/1569 1505/1505 1504/1504
f 1569/1569 1570/1570 1506/1506 1505/1505
f 1570/1570 1571/1571 1507/1507 1506/1506
f 1571/1571 1572/1572 1508/1508 1507/1507
f 1572/1572 1573/1573 1509/1509 1508/1508
f 1573/1573 1574/1574 1510/1510 1509/1509
f 1574/1574 1575/1575 1511/1511 1510/1510
f 1575/1575 1576/1576 1512/1512 1511/1511
f 1576/1576 1577/1577 1513/1513 1512/1512
f 1577/1577 1578/1578 1514/1514 1513/1513
f 1578/1578 1579/1579 1515/1515 1514/1514
f 1579/1579 1580/1580 1516/1516 1515/1515
f 1580/1580 1581/1581 1517/1517 1516/1516
f 1581/1581 1582/1582 1518/1518 1517/1517
f 1582/1582 1583/1583 1519/1519 1518/1518
f 1583/1583 1584/1584 1520/1520 1519/1519
f 1584/1584 1585/1585 1521/1521 1520/1520
f 1585/1585 1586/1586 1522/1522 1521/1521
f 1586/1586 1587/1587 1523/1523 1522/1522
f 1587/1587 1588/1588 1524/1524 1523/1523
f 1588/1588 1589/1589 1525/1525 1524/1524
f 1589/1589 1590/1590 1526/1526 1525/1525
f 1590/1590 1591/1591 1527/1527 1526/1526
f 1591/1591 1592/1592 1528/1528 1527/1527
f 1592/1592 1593/1593 1529/1529 1528/1528
f 1593/1593 1594/1594 1530/1530 1529/1529
f 1594/1594 1595/1595 1531/1531 1530/1530
f 1595/1595 1596/1596 1532/1532 1531/1531
f 1596/1596 1597/1597 1533/1533 1532/1532
f 1597/1597 1598/1598 1534/1534 1533/1533
f 1598/1598 1599/1599 1535/1535 1534/1534
f 1599/1599 1600/1600 1536/1536 1535/1535
f 1600/1600 1537/1537 1473/1473 1536/1536
f 1601/1601 1602/1602 1538/1538 1537/1537
f 1602/1602 1603/1603 1539/1539 1538/1538
f 1603/1603 1604/1604 1540/1540 1539/1539
f 1604/1604 1605/1605 1541/1541 1540/1540
f 1605/1605 1606/1606 1542/1542 1541/1541
f 1606/1606 1607/1607 1543/1543 1542/1542
f 1607/1607 1608/1608 1544/1544 1543/1543
f 1608/1608 1609/1609 1545/1545 1544/1544
f 1609/1609 1610/1610 1546/1546 1545/1545
f 1610/1610 1611/1611 1547/1547 1546/1546
f 1611/1611 1612/1612 1548/1548 1547/1547
f 1612/1612 1613/1613 1549/1549 1548/1548
f 1613/1613 1614/1614 1550/1550 1549/1549
f 1614/1614 1615/1615 1551/1551 1550/1550
f 1615/1615 1616/1616 1552/1552 1551/1551
f 1616/1616 1617/1617 1553/1553 1552/1552
f 1617/1617 1618/1618 1554/1554 1553/1553
f 1618/1618 1619/1619 1555/1555 1554/1554
f 1619/1619 1620/1620 1556/1556 1555/1555
f 1620/1620 1621/1621 1557/1557 1556/1556
f 1621/1621 1622/1622 1558/1558 1557/1557
f 1622/1622 1623/1623 1559/1559 1558/1558
f 1623/1623 1624/1624 1560/1560 1559/1559
f 1624/1624 1625/1625 1561/1561 1560/1560
f 1625/1625 1626/1626 1562/1562 1561/1561
f 1626/1626 1627/1627 1563/1563 1562/1562
f 1627/1627 1628/1628 1564/1564 1563/1563
f 1628/1628 1629/1629 1565/1565 1564/1564
f 1629/1629 1630/1630 1566/1566 1565/1565
f 1630/1630 1631/1631 1567/1567 1566/1566
f 1631/1631 1632/1632 1568/1568 1567/1567
f 1632/1632 1633/1633 1569/1569 1568/1568
f 1633/1633 1634/1634 1570/1570 1569/1569
f 1634/1634 1635/1635 1571/1571 1570/1570
f 1635/1635 1636/1636 1572/1572 1571/1571
f 1636/1636 1637/1637 1573/1573 1572/1572
f 1637/1637 1638/1638 1574/1574 1573/1573
f 1638/1638 1639/1639 1575/1575 1574/1574
f 1639/1639 1640/1640 1576/1576 1575/1575
f 1640/1640 1641/1641 1577/1577 1576/1576
f 1641/1641 1642/1642 1578/1578 1577/1577
f 1642/1642 1643/1643 1579/1579 1578/1578
f 1643/1643 1644/1644 1580/1580 1579/1579
f 1644/1644 1645/1645 1581/1581 1580/1580
f 1645/1645 1646/1646 1582/1582 1581/1581
f 1646/1646 1647/1647 1583/1583 1582/1582
f 1647/1647 1648/1648 1584/1584 1583/1583
f 1648/1648 1649/1649 1585/1585 1584/1584
f 1649/1649 1650/1650 1586/1586 1585/1585
f 1650/1650 1651/1651 1587/1587 1586/1586
f 1651/1651 1652/1652 1588/1588 1587/1587
f 1652/1652 1653/1653 1589/1589 1588/1588
f 1653/1653 1654/1654 1590/1590 1589/1589
f 1654/1654 1655/1655 1591/1591 1590/1590
f 1655/1655 1656/1656 1592/1592 1591/1591
f 1656/1656 1657/1657 1593/1593 1592/1592
f 1657/1657 1658/1658 1594/1594 1593/1593
f 1658/1658 1659/1659 1595/1595 1594/1594
f 1659/1659 1660/1660 1596/1596 1595/1595
f 1660/1660 1661/1661 1597/1597 1596/1596
f 1661/1661 1662/1662 1598/1598 1597/1597
f 1662/1662 1663/1663 1599/1599 1598/1598
f 1663/1663 1664/1664 1600/1600 1599/1599
f 1664/1664 1601/1601 1537/1537 1600/1600
f 1665/1665 1666/1666 1602/1602 1601/1601
f 1666/1666 1667/1667 1603/1603 1602/1602
f 1667/1667 1668/1668 1604/1604 1603/1603
f 1668/1668 1669/1669 1605/1605 1604/1604
f 1669/1669 1670/1670 1606/1606 1605/1605
f 1670/1670 1671/1671 1607/1607 1606/1606
f 1671/1671 1672/1672 1608/1608 1607/1607
f 1672/1672 1673/1673 1609/1609 1608/1608
f 1673/1673 1674/1674 1610/1610 1609/1609
f 1674/1674 1675/1675 1611/1611 1610/1610
f 1675/1675 1676/1676 1612/1612 1611/1611
f 1676/1676 1677/1677 1613/1613 1612/1612
f 1677/1677 1678/1678 1614/1614 1613/1613
f 1678/1678 1679/1679 1615/1615 1614/1614
f 1679/1679 1680/1680 1616/1616 1615/1615
f 1680/1680 1681/1681 1617/1617 1616/1616
f 1681/1681 1682/1682 1618/1618 1617/1617
f 1682/1682 1683/1683 1619/1619 1618/1618
f 1683/1683 1684/1684 1620/1620 1619/1619
f 1684/1684 1685/1685 1621/1621 1620/1620
f 1685/1685 1686/1686 1622/1622 1621/1621
f 1686/1686 1687/1687 1623/1623 1622/1622
f 1687/1687 1688/1688 1624/1624 1623/1623
f 1688/1688 1689/1689 1625/1625 1624/1624
f 1689/1689 1690/1690 1626/1626 1625/1625
f 1690/1690 1691/1691 1627/1627 1626/1626
f 1691/1691 1692/1692 1628/1628 1627/1627
f 1692/1692 1693/1693 1629/1629 1628/1628
f 1693/1693 1694/1694 1630/1630 1629/1629
f 1694/1694 1695/1695 1631/1631 1630/1630
f 1695/1695 1696/1696 1632/1632 1631/1631
f 1696/1696 1697/1697 1633/1633 1632/1632
f 1697/1697 1698/1698 1634/1634 1633/1633
f 1698/1698 1699/1699 1635/1635 1634/1634
f 1699/1699 1700/1700 1636/1636 1635/1635
f 1700/1700 1701/1701 1637/1637 1636/1636
f 1701/1701 1702/1702 1638/1638 1637/1637
f 1702/1702 1703/1703 1639/1639 1638/1638
f 1703/1703 1704/1704 1640/1640 1639/1639
f 1704/1704 1705/1705 1641/1641 1640/1640
f 1705/1705 1706/1706 1642/1642 1641/1641
f 1706/1706 1707/1707 1643/1643 1642/1642
f 1707/1707 1708/1708 1644/1644 1643/1643
f 1708/1708 1709/1709 1645/1645 1644/1644
f 1709/1709 1710/1710 1646/1646 1645/1645
f 1710/1710 1711/1711 1647/1647 1646/1646
f 1711/1711 1712/1712 1648/1648 1647/1647
f 1712/1712 1713/1713 1649/1649 1648/1648
f 1713/1713 1714/1714 1650/1650 1649/1649
f 1714/1714 1715/1715 1651/1651 1650/1650
f 1715/1715 1716/1716 1652/1652 1651/1651
f 1716/1716 1717/1717 1653/1653 1652/1652
f 1717/1717 1718/1718 1654/1654 1653/1653
f 1718/1718 1719/1719 1655/1655 1654/1654
f 1719/1719 1720/1720 1656/1656 1655/1655
f 1720/1720 1721/1721 1657/1657 1656/1656
f 1721/1721 1722/1722 1658/1658 1657/1657
f 1722/1722 1723/1723 1659/1659 1658/1658
f 1723/1723 1724/1724 1660/1660 1659/1659
f 1724/1724 1725/1725 1661/1661 1660/1660
f 1725/1725 1726/1726 1662/1662 1661/1661
f 1726/1726 1727/1727 1663/1663 1662/1662
f 1727/1727 1728/1728 1664/1664 1663/1663
f 1728/1728 1665/1665 1601/1601 1664/1664
f 1729/1729 1730/1730 1666/1666 1665/1665
f 1730/1730 1731/1731 1667/1667 1666/1666
f 1731/1731 1732/1732 1668/1668 1667/1667
f 1732/1732 1733/1733 1669/1669 1668/1668
f 1733/1733 1734/1734 1670/1670 1669/1669
f 1734/1734 1735/1735 1671/1671 1670/1670
f 1735/1735 1736/1736 1672/1672 1671/1671
f 1736/1736 1737/1737 1673/1673 1672/1672
f 1737/1737 1738/1738 1674/1674 1673/1673
f 1738/1738 1739/1739 1675/1675 1674/1674
f 1739/1739 1740/1740 1676/1676 1675/1675
f 1740/1740 1741/1741 1677/1677 1676/1676
f 1741/1741 1742/1742 1678/1678 1677/1677
f 1742/1742 1743/1743 1679/1679 1678/1678
f 1743/1743 1744/1744 1680/1680 1679/1679
f 1744/1744 1745/1745 1681/1681 1680/1680
f 1745/1745 1746/1746 1682/1682 1681/1681
f 1746/1746 1747/1747 1683/1683 1682/1682
f 1747/1747 1748/1748 1684/1684 1683/1683
f 1748/1748 1749/1749 1685/1685 1684/1684
f 1749/1749 1750/1750 1686/1686 1685/1685
f 1750/1750 1751/1751 1687/1687 1686/1686
f 1751/1751 1752/1752 1688/1688 1687/1687
f 1752/1752 1753/1753 1689/1689 1688/1688
f 1753/1753 1754/1754 1690/1690 1689/1689
f 1754/1754 1755/1755 1691/1691 1690/1690
f 1755/1755 1756/1756 1692/1692 1691/1691
f 1756/1756 1757/1757 1693/1693 1692/1692
f 1757/1757 1758/1758 1694/1694 1693/1693
f 1758/1758 1759/1759 1695/1695 1694/1694
f 1759/1759 1760/1760 1696/1696 1695/1695
f 1760/1760 1761/1761 1697/1697 1696/1696
f 1761/1761 1762/1762 1698/1698 1697/1697
f 1762/1762 1763/1763 1699/1699 1698/1698
f 1763/1763 1764/1764 1700/1700 1699/1699
f 1764/1764 1765/1765 1701/1701 1700/1700
f 1765/1765 1766/1766 1702/1702 1701/1701
f 1766/1766 1767/1767 1703/1703 1702/1702
f 1767/1767 1768/1768 1704/1704 1703/1703
f 1768/1768 1769/1769 1705/1705 1704/1704
f 1769/1769 1770/1770 1706/1706 1705/1705
f 1770/1770 1771/1771 1707/1707 1706/1706
f 1771/1771 1772/1772 1708/1708 1707/1707
f 1772/1772 1773/1773 1709/1709 1708/1708
f 1773/1773 1774/1774 1710/1710 1709/1709
f 1774/1774 1775/1775 1711/1711 1710/1710
f 1775/1775 1776/1776 1712/1712 1711/1711
f 1776/1776 1777/1777 1713/1713 1712/1712
f 1777/1777 1778/1778 1714/1714 1713/1713
f 1778/1778 1779/1779 1715/1715 1714/1714
f 1779/1779 1780/1780 1716/1716 1715/1715
f 1780/1780 1781/1781 1717/1717 1716/1716
f 1781/1781 1782/1782 1718/1718 1717/1717
f 1782/1782 1783/1783 1719/1719 1718/1718
f 1783/1783 1784/1784 1720/1720 1719/1719
f 1784/1784 1785/1785 1721/1721 1720/1720
f 1785/1785 1786/1786 1722/1722 1721/1721
f 1786/1786 1787/1787 1723/1723 1722/1722
f 1787/1787 1788/1788 1724/1724 1723/1723
f 1788/1788 1789/1789 1725/1725 1724/1724
f 1789/1789 1790/1790 1726/1726 1725/1725
f 1790/1790 1791/1791 1727/1727 1726/1726
f 1791/1791 1792/1792 1728/1728 1727/1727
f 1792/1792 1729/1729 1665/1665 1728/1728
f 1793/1793 1794/1794 1730/1730 1729/1729
f 1794/1794 1795/1795 1731/1731 1730/1730
f 1795/1795 1796/1796 1732/1732 1731/1731
f 1796/1796 1797/1797 1733/1733 1732/1732
f 1797/1797 1798/1798 1734/1734 1733/1733
f 1798/1798 1799/1799 1735/1735 1734/1734
f 1799/1799 1800/1800 1736/1736 1735/1735
f 1800/1800 1801/1801 1737/1737 1736/1736
f 1801/1801 1802/1802 1738/1738 1737/1737
f 1802/1802 1803/1803 1739/1739 1738/1738
f 1803/1803 1804/1804 1740/1740 1739/1739
f 1804/1804 1805/1805 1741/1741 1740/1740
f 1805/1805 1806/1806 1742/1742 1741/1741
f 1806/1806 1807/1807 1743/1743 1742/1742
f 1807/1807 1808/1808 1744/1744 1743/1743
f 1808/1808 1809/1809 1745/1745 1744/1744
f 1809/1809 1810/1810 1746/1746 1745/1745
f 1810/1810 1811/1811 1747/1747 1746/1746
f 1811/1811 1812/1812 1748/1748 1747/1747
f 1812/1812 1813/1813 1749/1749 1748/1748
f 1813/1813 1814/1814 1750/1750 1749/1749
f 1814/1814 1815/1815 1751/1751 1750/1750
f 1815/1815 1816/1816 1752/1752 1751/1751
f 1816/1816 1817/1817 1753/1753 1752/1752
f 1817/1817 1818/1818 1754/1754 1753/1753
f 1818/1818 1819/1819 1755/1755 1754/1754
f 1819/1819 1820/1820 1756/1756 1755/1755
f 1820/1820 1821/1821 1757/1757 1756/1756
f 1821/1821 1822/1822 1758/1758 1757/1757
f 1822/1822 1823/1823 1759/1759 1758/1758
f 1823/1823 1824/1824 1760/1760 1759/1759
f 1824/1824 1825/1825 1761/1761 1760/1760
f 1825/1825 1826/1826 1762/1762 1761/1761
f 1826/1826 1827/1827 1763/1763 1762/1762
f 1827/1827 1828/1828 1764/1764 1763/1763
f 1828/1828 1829/1829 1765/1765 1764/1764
f 1829/1829 1830/1830 1766/1766 1765/1765
f 1830/1830 1831/1831 1767/1767 1766/1766
f 1831/1831 1832/1832 1768/1768 1767/1767
f 1832/1832 1833/1833 1769/1769 1768/1768
f 1833/1833 1834/1834 1770/1770 1769/1769
f 1834/1834 1835/1835 1771/1771 1770/1770
f 1835/1835 1836/1836 1772/1772 1771/1771
f 1836/1836 1837/1837 1773/1773 1772/1772
f 1837/1837 1838/1838 1774/1774 1773/1773
f 1838/1838 1839/1839 1775/1775 1774/1774
f 1839/1839 1840/1840 1776/1776 1775/1775
f 1840/1840 1841/1841 1777/1777 1776/1776
f 1841/1841 1842/1842 1778/1778 1777/1777
f 1842/1842 1843/1843 1779/1779 1778/1778
f 1843/1843 1844/1844 1780/1780 1779/1779
f 1844/1844 1845/1845 1781/1781 1780/1780
f 1845/1845 1846/1846 1782/1782 1781/1781
f 1846/1846 1847/1847 1783/1783 1782/1782
f 1847/1847 1848/1848 1784/1784 1783/1783
f 1848/1848 1849/1849 1785/1785 1784/1784
f 1849/1849 1850/1850 1786/1786 1785/1785
f 1850/1850 1851/1851 1787/1787 1786/1786
f 1851/1851 1852/1852 1788/1788 1787/1787
f 1852/1852 1853/1853 1789/1789 1788/1788
f 1853/1853 1854/1854 1790/1790 1789/1789
f 1854/1854 1855/1855 1791/1791 1790/1790
f 1855/1855 1856/1856 1792/1792 1791/1791
f 1856/1856 1793/1793 1729/1729 1792/1792
f 1857/1857 1858/1858 1794/1794 1793/1793
f 1858/1858 1859/1859 1795/1795 1794/1794
f 1859/1859 1860/1860 1796/1796 1795/1795
f 1860/1860 1861/1861 1797/1797 1796/1796
f 1861/1861 1862/1862 1798/1798 1797/1797
f 1862/1862 1863/1863 1799/1799 1798/1798
f 1863/1863 1864/1864 1800/1800 1799/1799
f 1864/1864 1865/1865 1801/1801 1800/1800
f 1865/1865 1866/1866 1802/1802 1801/1801
f 1866/1866 1867/1867 1803/1803 1802/1802
f 1867/1867 1868/1868 1804/1804 1803/1803
f 1868/1868 1869/1869 1805/1805 1804/1804
f 1869/1869 1870/1870 1806/1806 1805/1805
f 1870/1870 1871/1871 1807/1807 1806/1806
f 1871/1871 1872/1872 1808/1808 1807/1807
f 1872/1872 1873/1873 1809/1809 1808/1808
f 1873/1873 1874/1874 1810/1810 1809/1809
f 1874/1874 1875/1875 1811/1811 1810/1810
f 1875/1875 1876/1876 1812/1812 1811/1811
f 1876/1876 1877/1877 1813/1813 1812/1812
f 1877/1877 1878/1878 1814/1814 1813/1813
f 1878/1878 1879/1879 1815/1815 1814/1814
f 1879/1879 1880/1880 1816/1816 1815/1815
f 1880/1880 1881/1881 1817/1817 1816/1816
f 1881/1881 1882/1882 1818/1818 1817/1817
f 1882/1882 1883/1883 1819/1819 1818/1818
f 1883/1883 1884/1884 1820/1820 1819/1819
f 1884/1884 1885/1885 1821/1821 1820/1820
f 1885/1885 1886/1886 1822/1822 1821/1821
f 1886/1886 1887/1887 1823/1823 1822/1822
f 1887/1887 1888/1888 1824/1824 1823/1823
f 1888/1888 1889/1889 1825/1825 1824/1824
f 1889/1889 1890/1890 1826/1826 1825/1825
f 1890/1890 1891/1891 1827/1827 1826/1826
f 1891/1891 1892/1892 1828/1828 1827/1827
f 1892/1892 1893/1893 1829/1829 1828/1828
f 1893/1893 1894/1894 1830/1830 1829/1829
f 1894/1894 1895/1895 1831/1831 1830/1830
f 1895/1895 1896/1896 1832/1832 1831/1831
f 1896/1896 1897/1897 1833/1833 1832/1832
f 1897/1897 1898/1898 1834/1834 1833/1833
f 1898/1898 1899/1899 1835/1835 1834/1834
f 1899/1899 1900/1900 1836/1836 1835/1835
f 1900/1900 1901/1901 1837/1837 1836/1836
f 1901/1901 1902/1902 1838/1838 1837/1837
f 1902/1902 1903/1903 1839/1839 1838/1838
f 1903/1903 1904/1904 1840/1840 1839/1839
f 1904/1904 1905/1905 1841/1841 1840/1840
f 1905/1905 1906/1906 1842/1842 1841/1841
f 1906/1906 1907/1907 1843/1843 1842/1842
f 1907/1907 1908/1908 1844/1844 1843/1843
f 1908/1908 1909/1909 1845/1845 1844/1844
f 1909/1909 1910/1910 1846/1846 1845/1845
f 1910/1910 1911/1911 1847/1847 1846/1846
f 1911/1911 1912/1912 1848/1848 1847/1847
f 1912/1912 1913/1913 1849/1849 1848/1848
f 1913/1913 1914/1914 1850/1850 1849/1849
f 1914/1914 1915/1915 1851/1851 1850/1850
f 1915/1915 1916/1916 1852/1852 1851/1851
f 1916/1916 1917/1917 1853/1853 1852/1852
f 1917/1917 1918/1918 1854/1854 1853/1853
f 1918/1918 1919/1919 1855/1855 1854/1854
f 1919/1919 1920/1920 1856/1856 1855/1855
f 1920/1920 1857/1857 1793/1793 1856/1856
f 1921/1921 1922/1922 1858/1858 1857/1857
f 1922/1922 1923/1923 1859/1859 1858/1858
f 1923/1923 1924/1924 1860/1860 1859/1859
f 1924/1924 1925/1925 1861/1861 1860/1860
f 1925/1925 1926/1926 1862/1862 1861/1861
f 1926/1926 1927/1927 1863/1863 1862/1862
f 1927/1927 1928/1928 1864/1864 1863/1863
f 1928/1928 1929/1929 1865/1865 1864/1864
f 1929/1929 1930/1930 1866/1866 1865/1865
f 1930/1930 1931/1931 1867/1867 1866/1866
f 1931/1931 1932/1932 1868/1868 1867/1867
f 1932/1932 1933/1933 1869/1869 1868/1868
f 1933/1933 1934/1934 1870/1870 1869/1869
f 1934/1934 1935/1935 1871/1871 1870/1870
f 1935/1935 1936/1936 1872/1872 1871/1871
f 1936/1936 1937/1937 1873/1873 1872/1872
f 1937/1937 1938/1938 1874/1874 1873/1873
f 1938/1938 1939/1939 1875/1875 1874/1874
f 1939/1939 1940/1940 1876/1876 1875/1875
f 1940/1940 1941/1941 1877/1877 1876/1876
f 1941/1941 1942/1942 1878/1878 1877/1877
f 1942/1942 1943/1943 1879/1879 1878/1878
f 1943/1943 1944/1944 1880/1880 1879/1879
f 1944/1944 1945/1945 1881/1881 1880/1880
f 1945/1945 1946/1946 1882/1882 1881/1881
f 1946/1946 1947/1947 1883/1883 1882/1882
f 1947/1947 1948/1948 1884/1884 1883/1883
f 1948/1948 1949/1949 1885/1885 1884/1884
f 1949/1949 1950/1950 1886/1886 1885/1885
f 1950/1950 1951/1951 1887/1887 1886/1886
f 1951/1951 1952/1952 1888/1888 1887/1887
f 1952/1952 1953/1953 1889/1889 1888/1888
f 1953/1953 1954/1954 1890/1890 1889/1889
f 1954/1954 1955/1955 1891/1891 1890/1890
f 1955/1955 1956/1956 1892/1892 1891/1891
f 1956/1956 1957/1957 1893/1893 1892/1892
f 1957/1957 1958/1958 1894/1894 1893/1893
f 1958/1958 1959/1959 1895/1895 1894/1894
f 1959/1959 1960/1960 1896/1896 1895/1895
f 1960/1960 1961/1961 1897/1897 1896/1896
f 1961/1961 1962/1962 1898/1898 1897/1897
f 1962/1962 1963/1963 1899/1899 1898/1898
f 1963/1963 1964/1964 1900/1900 1899/1899
f 1964/1964 1965/1965 1901/1901 1900/1900
f 1965/1965 1966/1966 1902/1902 1901/1901
f 1966/1966 1967/1967 1903/1903 1902/1902
f 1967/1967 1968/1968 1904/1904 1903/1903
f 1968/1968 1969/1969 1905/1905 1904/1904
f 1969/1969 1970/1970 1906/1906 1905/1905
f 1970/1970 1971/1971 1907/1907 1906/1906
f 1971/1971 1972/1972 1908/1908 1907/1907
f 1972/1972 1973/1973 1909/1909 1908/1908
f 1973/1973 1974/1974 1910/1910 1909/1909
f 1974/1974 1975/1975 1911/1911 1910/1910
f 1975/1975 1976/1976 1912/1912 1911/1911
f 1976/1976 1977/1977 1913/1913 1912/1912
f 1977/1977 1978/1978 1914/1914 1913/1913
f 1978/1978 1979/1979 1915/1915 1914/1914
f 1979/1979 1980/1980 1916/1916 1915/1915
f 1980/1980 1981/1981 1917/1917 1916/1916
f 1981/1981 1982/1982 1918/1918 1917/1917
f 1982/1982 1983/1983 1919/1919 1918/1918
f 1983/1983 1984/1984 1920/1920 1919/1919
f 1984/1984 1921/1921 1857/1857 1920/1920
f 1985/1985 1986/1986 1922/1922 1921/1921
f 1986/1986 1987/1987 1923/1923 1922/1922
f 1987/1987 1988/1988 1924/1924 1923/1923
f 1988/1988 1989/1989 1925/1925 1924/1924
f 1989/1989 1990/1990 1926/1926 1925/1925
f 1990/1990 1991/1991 1927/1927 1926/1926
f 1991/1991 1992/1992 1928/1928 1927/1927
f 1992/1992 1993/1993 1929/1929 1928/1928
f 1993/1993 1994/1994 1930/1930 1929/1929
f 1994/1994 1995/1995 1931/1931 1930/1930
f 1995/1995 1996/1996 1932/1932 1931/1931
f 1996/1996 1997/1997 1933/1933 1932/1932
f 1997/1997 1998/1998 1934/1934 1933/1933
f 1998/1998 1999/1999 1935/1935 1934/1934
f 1999/1999 2000/2000 1936/1936 1935/1935
f 2000/2000 2001/2001 1937/1937 1936/1936
f 2001/2001 2002/2002 1938/1938 1937/1937
f 2002/2002 2003/2003 1939/1939 1938/1938
f 2003/2003 2004/2004 1940/1940 1939/1939
f 2004/2004 2005/2005 1941/1941 1940/1940
f 2005/2005 2006/2006 1942/1942 1941/1941
f 2006/2006 2007/2007 1943/1943 1942/1942
f 2007/2007 2008/2008 1944/1944 1943/1943
f 2008/2008 2009/2009 1945/1945 1944/1944
f 2009/2009 2010/2010 1946/1946 1945/1945
f 2010/2010 2011/2011 1947/1947 1946/1946
f 2011/2011 2012/2012 1948/1948 1947/1947
f 2012/2012 2013/2013 1949/1949 1948/1948
f 2013/2013 2014/2014 1950/1950 1949/1949
f 2014/2014 2015/2015 1951/1951 1950/1950
f 2015/2015 2016/2016 1952/1952 1951/1951
f 2016/2016 2017/2017 1953/1953 1952/1952
f 2017/2017 2018/2018 1954/1954 1953/1953
f 2018/2018 2019/2019 1955/1955 1954/1954
f 2019/2019 2020/2020 1956/1956 1955/1955
f 2020/2020 2021/2021 1957/1957 1956/1956
f 2021/2021 2022/2022 1958/1958 1957/1957
f 2022/2022 2023/2023 1959/1959 1958/1958
f 2023/2023 2024/2024 1960/1960 1959/1959
f 2024/2024 2025/2025 1961/1961 1960/1960
f 2025/2025 2026/2026 1962/1962 1961/1961
f 2026/2026 2027/2027 1963/1963 1962/1962
f 2027/2027 2028/2028 1964/1964 1963/1963
f 2028/2028 2029/2029 1965/1965 1964/1964
f 2029/2029 2030/2030 1966/1966 1965/1965
f 2030/2030 2031/2031 1967/1967 1966/1966
f 2031/2031 2032/2032 1968/1968 1967/1967
f 2032/2032 2033/2033 1969/1969 1968/1968
f 2033/2033 2034/2034 1970/1970 1969/1969
f 2034/2034 2035/2035 1971/1971 1970/1970
f 2035/2035 2036/2036 1972/1972 1971/1971
f 2036/2036 2037/2037 1973/1973 1972/1972
f 2037/2037 2038/2038 1974/1974 1973/1973
f 2038/2038 2039/2039 1975/1975 1974/1974
f 2039/2039 2040/2040 1976/1976 1975/1975
f 2040/2040 2041/2041 1977/1977 1976/1976
f 2041/2041 2042/2042 1978/1978 1977/1977
f 2042/2042 2043/2043 1979/1979 1978/1978
f 2043/2043 2044/2044 1980/1980 1979/1979
f 2044/2044 2045/2045 1981/1981 1980/1980
f 2045/2045 2046/2046 1982/1982 1981/1981
f 2046/2046 2047/2047 1983/1983 1982/1982
f 2047/2047 2048/2048 1984/1984 1983/1983
f 2048/2048 1985/1985 1921/1921 1984/1984
f 2049/2049 2050/2050 1986/1986 1985/1985
f 2050/2050 2051/2051 1987/1987 1986/1986
f 2051/2051 2052/2052 1988/1988 1987/1987
f 2052/2052 2053/2053 1989/1989 1988/1988
f 2053/2053 2054/2054 1990/1990 1989/1989
f 2054/2054 2055/2055 1991/1991 1990/1990
f 2055/2055 2056/2056 1992/1992 1991/1991
f 2056/2056 2057/2057 1993/1993 1992/1992
f 2057/2057 2058/2058 1994/1994 1993/1993
f 2058/2058 2059/2059 1995/1995 1994/1994
f 2059/2059 2060/2060 1996/1996 1995/1995
f 2060/2060 2061/2061 1997/1997 1996/1996
f 2061/2061 2062/2062 1998/1998 1997/1997
f 2062/2062 2063/2063 1999/1999 1998/1998
f 2063/2063 2064/2064 2000/2000 1999/1999
f 2064/2064 2065/2065 2001/2001 2000/2000
f 2065/2065 2066/2066 2002/2002 2001/2001
f 2066/2066 2067/2067 2003/2003 2002/2002
f 2067/2067 2068/2068 2004/2004 2003/2003
f 2068/2068 2069/2069 2005/2005 2004/2004
f 2069/2069 2070/2070 2006/2006 2005/2005
f 2070/2070 2071/2071 2007/2007 2006/2006
f 2071/2071 2072/2072 2008/2008 2007/2007
f 2072/2072 2073/2073 2009/2009 2008/2008
f 2073/2073 2074/2074 2010/2010 2009/2009
f 2074/2074 2075/2075 2011/2011 2010/2010
f 2075/2075 2076/2076 2012/2012 2011/2011
f 2076/2076 2077/2077 2013/2013 2012/2012
f 2077/2077 2078/2078 2014/2014 2013/2013
f 2078/2078 2079/2079 2015/2015 2014/2014
f 2079/2079 2080/2080 2016/2016 2015/2015
f 2080/2080 2081/2081 2017/2017 2016/2016
f 2081/2081 2082/2082 2018/2018 2017/2017
f 2082/2082 2083/2083 2019/2019 2018/2018
f 2083/2083 2084/2084 2020/2020 2019/2019
f 2084/2084 2085/2085 2021/2021 2020/2020
f 2085/2085 2086/2086 2022/2022 2021/2021
f 2086/2086 2087/2087 2023/2023 2022/2022
f 2087/2087 2088/2088 2024/2024 2023/2023
f 2088/2088 2089/2089 2025/2025 2024/2024
f 2089/2089 2090/2090 2026/2026 2025/2025
f 2090/2090 2091/2091 2027/2027 2026/2026
f 2091/2091 2092/2092 2028/2028 2027/2027
f 2092/2092 2093/2093 2029/2029 2028/2028
f 2093/2093 2094/2094 2030/2030 2029/2029
f 2094/2094 2095/2095 2031/2031 2030/2030
f 2095/2095 2096/2096 2032/2032 2031/2031
f 2096/2096 2097/2097 2033/2033 2032/2032
f 2097/2097 2098/2098 2034/2034 2033/2033
f 2098/2098 2099/2099 2035/2035 2034/2034
f 2099/2099 2100/2100 2036/2036 2035/2035
f 2100/2100 2101/2101 2037/2037 2036/2036
f 2101/2101 2102/2102 2038/2038 2037/2037
f 2102/2102 2103/2103 2039/2039 2038/2038
f 2103/2103 2104/2104 2040/2040 2039/2039
f 2104/2104 2105/2105 2041/2041 2040/2040
f 2105/2105 2106/2106 2042/2042 2041/2041
f 2106/2106 2107/2107 2043/2043 2042/2042
f 2107/2107 2108/2108 2044/2044 2043/2043
f 2108/2108 2109/2109 2045/2045 2044/2044
f 2109/2109 2110/2110 2046/2046 2045/2045
f 2110/2110 2111/2111 2047/2047 2046/2046
f 2111/2111 2112/2112 2048/2048 2047/2047
f 2112/2112 2049/2049 1985/1985 2048/2048
f 2113/2113 2114/2114 2050/2050 2049/2049
f 2114/2114 2115/2115 2051/2051 2050/2050
f 2115/2115 2116/2116 2052/2052 2051/2051
f 2116/2116 2117/2117 2053/2053 2052/2052
f 2117/2117 2118/2118 2054/2054 2053/2053
f 2118/2118 2119/2119 2055/2055 2054/2054
f 2119/2119 2120/2120 2056/2056 2055/2055
f 2120/2120 2121/2121 2057/2057 2056/2056
f 2121/2121 2122/2122 2058/2058 2057/2057
f 2122/2122 2123/2123 2059/2059 2058/2058
f 2123/2123 2124/2124 2060/2060 2059/2059
f 2124/2124 2125/2125 2061/2061 2060/2060
f 2125/2125 2126/2126 2062/2062 2061/2061
f 2126/2126 2127/2127 2063/2063 2062/2062
f 2127/2127 2128/2128 2064/2064 2063/2063
f 2128/2128 2129/2129 2065/2065 2064/2064
f 2129/2129 2130/2130 2066/2066 2065/2065
f 2130/2130 2131/2131 2067/2067 2066/2066
f 2131/2131 2132/2132 2068/2068 2067/2067
f 2132/2132 2133/2133 2069/2069 2068/2068
f 2133/2133 2134/2134 2070/2070 2069/2069
f 2134/2134 2135/2135 2071/2071 2070/2070
f 2135/2135 2136/2136 2072/2072 2071/2071
f 2136/2136 2137/2137 2073/2073 2072/2072
f 2137/2137 2138/2138 2074/2074 2073/2073
f 2138/2138 2139/2139 2075/2075 2074/2074
f 2139/2139 2140/2140 2076/2076 2075/2075
f 2140/2140 2141/2141 2077/2077 2076/2076
f 2141/2141 2142/2142 2078/2078 2077/2077
f 2142/2142 2143/2143 2079/2079 2078/2078
f 2143/2143 2144/2144 2080/2080 2079/2079
f 2144/2144 2145/2145 2081/2081 2080/2080
f 2145/2145 2146/2146 2082/2082 2081/2081
f 2146/2146 2147/2147 2083/2083 2082/2082
f 2147/2147 2148/2148 2084/2084 2083/2083
f 2148/2148 2149/2149 2085/2085 2084/2084
f 2149/2149 2150/2150 2086/2086 2085/2085
f 2150/2150 2151/2151 2087/2087 2086/2086
f 2151/2151 2152/2152 2088/2088 2087/2087
f 2152/2152 2153/2153 2089/2089 2088/2088
f 2153/2153 2154/2154 2090/2090 2089/2089
f 2154/2154 2155/2155 2091/2091 2090/2090
f 2155/2155 2156/2156 2092/2092 2091/2091
f 2156/2156 2157/2157 2093/2093 2092/2092
f 2157/2157 2158/2158 2094/2094 2093/2093
f 2158/2158 2159/2159 2095/2095 2094/2094
f 2159/2159 2160/2160 2096/2096 2095/2095
f 2160/2160 2161/2161 2097/2097 2096/2096
f 2161/2161 2162/2162 2098/2098 2097/2097
f 2162/2162 2163/2163 2099/2099 2098/2098
f 2163/2163 2164/2164 2100/2100 2099/2099
f 2164/2164 2165/2165 2101/2101 2100/2100
f 2165/2165 2166/2166 2102/2102 2101/2101
f 2166/2166 2167/2167 2103/2103 2102/2102
f 2167/2167 2168/2168 2104/2104 2103/2103
f 2168/2168 2169/2169 2105/2105 2104/2104
f 2169/2169 2170/2170 2106/2106 2105/2105
f 2170/2170 2171/2171 2107/2107 2106/2106
f 2171/2171 2172/2172 2108/2108 2107/2107
f 2172/2172 2173/2173 2109/2109 2108/2108
f 2173/2173 2174/2174 2110/2110 2109/2109
f 2174/2174 2175/2175 2111/2111 2110/2110
f 2175/2175 2176/2176 2112/2112 2111/2111
f 2176/2176 2113/2113 2049/2049 2112/2112
f 2177/2177 2178/2178 2114/2114 2113/2113
f 2178/2178 2179/2179 2115/2115 2114/2114
f 2179/2179 2180/2180 2116/2116 2115/2115
f 2180/2180 2181/2181 2117/2117 2116/2116
f 2181/2181 2182/2182 2118/2118 2117/2117
f 2182/2182 2183/2183 2119/2119 2118/2118
f 2183/2183 2184/2184 2120/2120 2119/2119
f 2184/2184 2185/2185 2121/2121 2120/2120
f 2185/2185 2186/2186 2122/2122 2121/2121
f 2186/2186 2187/2187 2123/2123 2122/2122
f 2187/2187 2188/2188 2124/2124 2123/2123
f 2188/2188 2189/2189 2125/2125 2124/2124
f 2189/2189 2190/2190 2126/2126 2125/2125
f 2190/2190 2191/2191 2127/2127 2126/2126
f 2191/2191 2192/2192 2128/2128 2127/2127
f 2192/2192 2193/2193 2129/2129 2128/2128
f 2193/2193 2194/2194 2130/2130 2129/2129
f 2194/2194 2195/2195 2131/2131 2130/2130
f 2195/2195 2196/2196 2132/2132 2131/2131
f 2196/2196 2197/2197 2133/2133 2132/2132
f 2197/2197 2198/2198 2134/2134 2133/2133
f 2198/2198 2199/2199 2135/2135 2134/2134
f 2199/2199 2200/2200 2136/2136 2135/2135
f 2200/2200 2201/2201 2137/2137 2136/2136
f 2201/2201 2202/2202 2138/2138 2137/2137
f 2202/2202 2203/2203 2139/2139 2138/2138
f 2203/2203 2204/2204 2140/2140 2139/2139
f 2204/2204 2205/2205 2141/2141 2140/2140
f 2205/2205 2206/2206 2142/2142 2141/2141
f 2206/2206 2207/2207 2143/2143 2142/2142
f 2207/2207 2208/2208 2144/2144 2143/2143
f 2208/2208 2209/2209 2145/2145 2144/2144
f 2209/2209 2210/2210 2146/2146 2145/2145
f 2210/2210 2211/2211 2147/2147 2146/2146
f 2211/2211 2212/2212 2148/2148 2147/2147
f 2212/2212 2213/2213 2149/2149 2148/2148
f 2213/2213 2214/2214 2150/2150 2149/2149
f 2214/2214 2215/2215 2151/2151 2150/2150
f 2215/2215 2216/2216 2152/2152 2151/2151
f 2216/2216 2217/2217 2153/2153 2152/2152
f 2217/2217 2218/2218 2154/2154 2153/2153
f 2218/2218 2219/2219 2155/2155 2154/2154
f 2219/2219 2220/2220 2156/2156 2155/2155
f 2220/2220 2221/2221 2157/2157 2156/2156
f 2221/2221 2222/2222 2158/2158 2157/2157
f 2222/2222 2223/2223 2159/2159 2158/2158
f 2223/2223 2224/2224 2160/2160 2159/2159
f 2224/2224 2225/2225 2161/2161 2160/2160
f 2225/2225 2226/2226 2162/2162 2161/2161
f 2226/2226 2227/2227 2163/2163 2162/2162
f 2227/2227 2228/2228 2164/2164 2163/2163
f 2228/2228 2229/2229 2165/2165 2164/2164
f 2229/2229 2230/2230 2166/2166 2165/2165
f 2230/2230 2231/2231 2167/2167 2166/2166
f 2231/2231 2232/2232 2168/2168 2167/2167
f 2232/2232 2233/2233 2169/2169 2168/2168
f 2233/2233 2234/2234 2170/2170 2169/2169
f 2234/2234 2235/2235 2171/2171 2170/2170
f 2235/2235 2236/2236 2172/2172 2171/2171
f 2236/2236 2237/2237 2173/2173 2172/2172
f 2237/2237 2238/2238 2174/2174 2173/2173
f 2238/2238 2239/2239 2175/2175 2174/2174
f 2239/2239 2240/2240 2176/2176 2175/2175
f 2240/2240 2177/2177 2113/2113 2176/2176
f 2241/2241 2242/2242 2178/2178 2177/2177
f 2242/2242 2243/2243 2179/2179 2178/2178
f 2243/2243 2244/2244 2180/2180 2179/2179
f 2244/2244 2245/2245 2181/2181 2180/2180
f 2245/2245 2246/2246 2182/2182 2181/2181
f 2246/2246 2247/2247 2183/2183 2182/2182
f 2247/2247 2248/2248 2184/2184 2183/2183
f 2248/2248 2249/2249 2185/2185 2184/2184
f 2249/2249 2250/2250 2186/2186 2185/2185
f 2250/2250 2251/2251 2187/2187 2186/2186
f 2251/2251 2252/2252 2188/2188 2187/2187
f 2252/2252 2253/2253 2189/2189 2188/2188
f 2253/2253 2254/2254 2190/2190 2189/2189
f 2254/2254 2255/2255 2191/2191 2190/2190
f 2255/2255 2256/2256 2192/2192 2191/2191
f 2256/2256 2257/2257 2193/2193 2192/2192
f 2257/2257 2258/2258 2194/2194 2193/2193
f 2258/2258 2259/2259 2195/2195 2194/2194
f 2259/2259 2260/2260 2196/2196 2195/2195
f 2260/2260 2261/2261 2197/2197 2196/2196
f 2261/2261 2262/2262 2198/2198 2197/2197
f 2262/2262 2263/2263 2199/2199 2198/2198
f 2263/2263 2264/2264 2200/2200 2199/2199
f 2264/2264 2265/2265 2201/2201 2200/2200
f 2265/2265 2266/2266 2202/2202 2201/2201
f 2266/2266 2267/2267 2203/2203 2202/2202
f 2267/2267 2268/2268 2204/2204 2203/2203
f 2268/2268 2269/2269 2205/2205 2204/2204
f 2269/2269 2270/2270 2206/2206 2205/2205
f 2270/2270 2271/2271 2207/2207 2206/2206
f 2271/2271 2272/2272 2208/2208 2207/2207
f 2272/2272 2273/2273 2209/2209 2208/2208
f 2273/2273 2274/2274 2210/2210 2209/2209
f 2274/2274 2275/2275 2211/2211 2210/2210
f 2275/2275 2276/2276 2212/2212 2211/2211
f 2276/2276 2277/2277 2213/2213 2212/2212
f 2277/2277 2278/2278 2214/2214 2213/2213
f 2278/2278 2279/2279 2215/2215 2214/2214
f 2279/2279 2280/2280 2216/2216 2215/2215
f 2280/2280 2281/2281 2217/2217 2216/2216
f 2281/2281 2282/2282 2218/2218 2217/2217
f 2282/2282 2283/2283 2219/2219 2218/2218
f 2283/2283 2284/2284 2220/2220 2219/2219
f 2284/2284 2285/2285 2221/2221 2220/2220
f 2285/2285 2286/2286 2222/2222 2221/2221
f 2286/2286 2287/2287 2223/2223 2222/2222
f 2287/2287 2288/2288 2224/2224 2223/2223
f 2288/2288 2289/2289 2225/2225 2224/2224
f 2289/2289 2290/2290 2226/2226 2225/2225
f 2290/2290 2291/2291 2227/2227 2226/2226
f 2291/2291 2292/2292 2228/2228 2227/2227
f 2292/2292 2293/2293 2229/2229 2228/2228
f 2293/2293 2294/2294 2230/2230 2229/2229
f 2294/2294 2295/2295 2231/2231 2230/2230
f 2295/2295 2296/2296 2232/2232 2231/2231
f 2296/2296 2297/2297 2233/2233 2232/2232
f 2297/2297 2298/2298 2234/2234 2233/2233
f 2298/2298 2299/2299 2235/2235 2234/2234
f 2299/2299 2300/2300 2236/2236 2235/2235
f 2300/2300 2301/2301 2237/2237 2236/2236
f 2301/2301 2302/2302 2238/2238 2237/2237
f 2302/2302 2303/2303 2239/2239 2238/2238
f 2303/2303 2304/2304 2240/2240 2239/2239
f 2304/2304 2241/2241 2177/2177 2240/2240
f 2305/2305 2306/2306 2242/2242 2241/2241
f 2306/2306 2307/2307 2243/2243 2242/2242
f 2307/2307 2308/2308 2244/2244 2243/2243
f 2308/2308 2309/2309 2245/2245 2244/2244
f 2309/2309 2310/2310 2246/2246 2245/2245
f 2310/2310 2311/2311 2247/2247 2246/2246
f 2311/2311 2312/2312 2248/2248 2247/2247
f 2312/2312 2313/2313 2249/2249 2248/2248
f 2313/2313 2314/2314 2250/2250 2249/2249
f 2314/2314 2315/2315 2251/2251 2250/2250
f 2315/2315 2316/2316 2252/2252 2251/2251
f 2316/2316 2317/2317 2253/2253 2252/2252
f 2317/2317 2318/2318 2254/2254 2253/2253
f 2318/2318 2319/2319 2255/2255 2254/2254
f 2319/2319 2320/2320 2256/2256 2255/2255
f 2320/2320 2321/2321 2257/2257 2256/2256
f 2321/2321 2322/2322 2258/2258 2257/2257
f 2322/2322 2323/2323 2259/2259 2258/2258
f 2323/2323 2324/2324 2260/2260 2259/2259
f 2324/2324 2325/2325 2261/2261 2260/2260
f 2325/2325 2326/2326 2262/2262 2261/2261
f 2326/2326 2327/2327 2263/2263 2262/2262
f 2327/2327 2328/2328 2264/2264 2263/2263
f 2328/2328 2329/2329 2265/2265 2264/2264
f 2329/2329 2330/2330 2266/2266 2265/2265
f 2330/2330 2331/2331 2267/2267 2266/2266
f 2331/2331 2332/2332 2268/2268 2267/2267
f 2332/2332 2333/2333 2269/2269 2268/2268
f 2333/2333 2334/2334 2270/2270 2269/2269
f 2334/2334 2335/2335 2271/2271 2270/2270
f 2335/2335 2336/2336 2272/2272 2271/2271
f 2336/2336 2337/2337 2273/2273 2272/2272
f 2337/2337 2338/2338 2274/2274 2273/2273
f 2338/2338 2339/2339 2275/2275 2274/2274
f 2339/2339 2340/2340 2276/2276 2275/2275
f 2340/2340 2341/2341 2277/2277 2276/2276
f 2341/2341 2342/2342 2278/2278 2277/2277
f 2342/2342 2343/2343 2279/2279 2278/2278
f 2343/2343 2344/2344 2280/2280 2279/2279
f 2344/2344 2345/2345 2281/2281 2280/2280
f 2345/2345 2346/2346 2282/2282 2281/2281
f 2346/2346 2347/2347 2283/2283 2282/2282
f 2347/2347 2348/2348 2284/2284 2283/2283
f 2348/2348 2349/2349 2285/2285 2284/2284
f 2349/2349 2350/2350 2286/2286 2285/2285
f 2350/2350 2351/2351 2287/2287 2286/2286
f 2351/2351 2352/2352 2288/2288 2287/2287
f 2352/2352 2353/2353 2289/2289 2288/2288
f 2353/2353 2354/2354 2290/2290 2289/2289
f 2354/2354 2355/2355 2291/2291 2290/2290
f 2355/2355 2356/2356 2292/2292 2291/2291
f 2356/2356 2357/2357 2293/2293 2292/2292
f 2357/2357 2358/2358 2294/2294 2293/2293
f 2358/2358 2359/2359 2295/2295 2294/2294
f 2359/2359 2360/2360 2296/2296 2295/2295
f 2360/2360 2361/2361 2297/2297 2296/2296
f 2361/2361 2362/2362 2298/2298 2297/2297
f 2362/2362 2363/2363 2299/2299 2298/2298
f 2363/2363 2364/2364 2300/2300 2299/2299
f 2364/2364 2365/2365 2301/2301 2300/2300
f 2365/2365 2366/2366 2302/2302 2301/2301
f 2366/2366 2367/2367 2303/2303 2302/2302
f 2367/2367 2368/2368 2304/2304 2303/2303
f 2368/2368 2305/2305 2241/2241 2304/2304
f 2369/2369 2370/2370 2306/2306 2305/2305
f 2370/2370 2371/2371 2307/2307 2306/2306
f 2371/2371 2372/2372 2308/2308 2307/2307
f 2372/2372 2373/2373 2309/2309 2308/2308
f 2373/2373 2374/2374 2310/2310 2309/2309
f 2374/2374 2375/2375 2311/2311 2310/2310
f 2375/2375 2376/2376 2312/2312 2311/2311
f 2376/2376 2377/2377 2313/2313 2312/2312
f 2377/2377 2378/2378 2314/2314 2313/2313
f 2378/2378 2379/2379 2315/2315 2314/2314
f 2379/2379 2380/2380 2316/2316 2315/2315
f 2380/2380 2381/2381 2317/2317 2316/2316
f 2381/2381 2382/2382 2318/2318 2317/2317
f 2382/2382 2383/2383 2319/2319 2318/2318
f 2383/2383 2384/2384 2320/2320 2319/2319
f 2384/2384 2385/2385 2321/2321 2320/2320
f 2385/2385 2386/2386 2322/2322 2321/2321
f 2386/2386 2387/2387 2323/2323 2322/2322
f 2387/2387 2388/2388 2324/2324 2323/2323
f 2388/2388 2389/2389 2325/2325 2324/2324
f 2389/2389 2390/2390 2326/2326 2325/2325
f 2390/2390 2391/2391 2327/2327 2326/2326
f 2391/2391 2392/2392 2328/2328 2327/2327
f 2392/2392 2393/2393 2329/2329 2328/2328
f 2393/2393 2394/2394 2330/2330 2329/2329
f 2394/2394 2395/2395 2331/2331 2330/2330
f 2395/2395 2396/2396 2332/2332 2331/2331
f 2396/2396 2397/2397 2333/2333 2332/2332
f 2397/2397 2398/2398 2334/2334 2333/2333
f 2398/2398 2399/2399 2335/2335 2334/2334
f 2399/2399 2400/2400 2336/2336 2335/2335
f 2400/2400 2401/2401 2337/2337 2336/2336
f 2401/2401 2402/2402 2338/2338 2337/2337
f 2402/2402 2403/2403 2339/2339 2338/2338
f 2403/2403 2404/2404 2340/2340 2339/2339
f 2404/2404 2405/2405 2341/2341 2340/2340
f 2405/2405 2406/2406 2342/2342 2341/2341
f 2406/2406 2407/2407 2343/2343 2342/2342
f 2407/2407 2408/2408 2344/2344 2343/2343
f 2408/2408 2409/2409 2345/2345 2344/2344
f 2409/2409 2410/2410 2346/2346 2345/2345
f 2410/2410 2411/2411 2347/2347 2346/2346
f 2411/2411 2412/2412 2348/2348 2347/2347
f 2412/2412 2413/2413 2349/2349 2348/2348
f 2413/2413 2414/2414 2350/2350 2349/2349
f 2414/2414 2415/2415 2351/2351 2350/2350
f 2415/2415 2416/2416 2352/2352 2351/2351
f 2416/2416 2417/2417 2353/2353 2352/2352
f 2417/2417 2418/2418 2354/2354 2353/2353
f 2418/2418 2419/2419 2355/2355 2354/2354
f 2419/2419 2420/2420 2356/2356 2355/2355
f 2420/2420 2421/2421 2357/2357 2356/2356
f 2421/2421 2422/2422 2358/2358 2357/2357
f 2422/2422 2423/2423 2359/2359 2358/2358
f 2423/2423 2424/2424 2360/2360 2359/2359
f 2424/2424 2425/2425 2361/2361 2360/2360
f 2425/2425 2426/2426 2362/2362 2361/2361
f 2426/2426 2427/2427 2363/2363 2362/2362
f 2427/2427 2428/2428 2364/2364 2363/2363
f 2428/2428 2429/2429 2365/2365 2364/2364
f 2429/2429 2430/2430 2366/2366 2365/2365
f 2430/2430 2431/2431 2367/2367 2366/2366
f 2431/2431 2432/2432 2368/2368 2367/2367
f 2432/2432 2369/2369 2305/2305 2368/2368
f 2433/2433 2434/2434 2370/2370 2369/2369
f 2434/2434 2435/2435 2371/2371 2370/2370
f 2435/2435 2436/2436 2372/2372 2371/2371
f 2436/2436 2437/2437 2373/2373 2372/2372
f 2437/2437 2438/2438 2374/2374 2373/2373
f 2438/2438 2439/2439 2375/2375 2374/2374
f 2439/2439 2440/2440 2376/2376 2375/2375
f 2440/2440 2441/2441 2377/2377 2376/2376
f 2441/2441 2442/2442 2378/2378 2377/2377
f 2442/2442 2443/2443 2379/2379 2378/2378
f 2443/2443 2444/2444 2380/2380 2379/2379
f 2444/2444 2445/2445 2381/2381 2380/2380
f 2445/2445 2446/2446 2382/2382 2381/2381
f 2446/2446 2447/2447 2383/2383 2382/2382
f 2447/2447 2448/2448 2384/2384 2383/2383
f 2448/2448 2449/2449 2385/2385 2384/2384
f 2449/2449 2450/2450 2386/2386 2385/2385
f 2450/2450 2451/2451 2387/2387 2386/2386
f 2451/2451 2452/2452 2388/2388 2387/2387
f 2452/2452 2453/2453 2389/2389 2388/2388
f 2453/2453 2454/2454 2390/2390 2389/2389
f 2454/2454 2455/2455 2391/2391 2390/2390
f 2455/2455 2456/2456 2392/2392 2391/2391
f 2456/2456 2457/2457 2393/2393 2392/2392
f 2457/2457 2458/2458 2394/2394 2393/2393
f 2458/2458 2459/2459 2395/2395 2394/2394
f 2459/2459 2460/2460 2396/2396 2395/2395
f 2460/2460 2461/2461 2397/2397 2396/2396
f 2461/2461 2462/2462 2398/2398 2397/2397
f 2462/2462 2463/2463 2399/2399 2398/2398
f 2463/2463 2464/2464 2400/2400 2399/2399
f 2464/2464 2465/2465 2401/2401 2400/2400
f 2465/2465 2466/2466 2402/2402 2401/2401
f 2466/2466 2467/2467 2403/2403 2402/2402
f 2467/2467 2468/2468 2404/2404 2403/2403
f 2468/2468 2469/2469 2405/2405 2404/2404
f 2469/2469 2470/2470 2406/2406 2405/2405
f 2470/2470 2471/2471 2407/2407 2406/2406
f 2471/2471 2472/2472 2408/2408 2407/2407
f 2472/2472 2473/2473 2409/2409 2408/2408
f 2473/2473 2474/2474 2410/2410 2409/2409
f 2474/2474 2475/2475 2411/2411 2410/2410
f 2475/2475 2476/2476 2412/2412 2411/2411
f 2476/2476 2477/2477 2413/2413 2412/2412
f 2477/2477 2478/2478 2414/2414 2413/2413
f 2478/2478 2479/2479 2415/2415 2414/2414
f 2479/2479 2480/2480 2416/2416 2415/2415
f 2480/2480 2481/2481 2417/2417 2416/2416
f 2481/2481 2482/2482 2418/2418 2417/2417
f 2482/2482 2483/2483 2419/2419 2418/2418
f 2483/2483 2484/2484 2420/2420 2419/2419
f 2484/2484 2485/2485 2421/2421 2420/2420
f 2485/2485 2486/2486 2422/2422 2421/2421
f 2486/2486 2487/2487 2423/2423 2422/2422
f 2487/2487 2488/2488 2424/2424 2423/2423
f 2488/2488 2489/2489 2425/2425 2424/2424
f 2489/2489 2490/2490 2426/2426 2425/2425
f 2490/2490 2491/2491 2427/2427 2426/2426
f 2491/2491 2492/2492 2428/2428 2427/2427
f 2492/2492 2493/2493 2429/2429 2428/2428
f 2493/2493 2494/2494 2430/2430 2429/2429
f 2494/2494 2495/2495 2431/2431 2430/2430
f 2495/2495 2496/2496 2432/2432 2431/2431
f 2496/2496 2433/2433 2369/2369 2432/2432
f 2497/2497 2498/2498 2434/2434 2433/2433
f 2498/2498 2499/2499 2435/2435 2434/2434
f 2499/2499 2500/2500 2436/2436 2435/2435
f 2500/2500 2501/2501 2437/2437 2436/2436
f 2501/2501 2502/2502 2438/2438 2437/2437
f 2502/2502 2503/2503 2439/2439 2438/2438
f 2503/2503 2504/2504 2440/2440 2439/2439
f 2504/2504 2505/2505 2441/2441 2440/2440
f 2505/2505 2506/2506 2442/2442 2441/2441
f 2506/2506 2507/2507 2443/2443 2442/2442
f 2507/2507 2508/2508 2444/2444 2443/2443
f 2508/2508 2509/2509 2445/2445 2444/2444
f 2509/2509 2510/2510 2446/2446 2445/2445
f 2510/2510 2511/2511 2447/2447 2446/2446
f 2511/2511 2512/2512 2448/2448 2447/2447
f 2512/2512 2513/2513 2449/2449 2448/2448
f 2513/2513 2514/2514 2450/2450 2449/2449
f 2514/2514 2515/2515 2451/2451 2450/2450
f 2515/2515 2516/2516 2452/2452 2451/2451
f 2516/2516 2517/2517 2453/2453 2452/2452
f 2517/2517 2518/2518 2454/2454 2453/2453
f 2518/2518 2519/2519 2455/2455 2454/2454
f 2519/2519 2520/2520 2456/2456 2455/2455
f 2520/2520 2521/2521 2457/2457 2456/2456
f 2521/2521 2522/2522 2458/2458 2457/2457
f 2522/2522 2523/2523 2459/2459 2458/2458
f 2523/2523 2524/2524 2460/2460 2459/2459
f 2524/2524 2525/2525 2461/2461 2460/2460
f 2525/2525 2526/2526 2462/2462 2461/2461
f 2526/2526 2527/2527 2463/2463 2462/2462
f 2527/2527 2528/2528 2464/2464 2463/2463
f 2528/2528 2529/2529 2465/2465 2464/2464
f 2529/2529 2530/2530 2466/2466 2465/2465
f 2530/2530 2531/2531 2467/2467 2466/2466
f 2531/2531 2532/2532 2468/2468 2467/2467
f 2532/2532 2533/2533 2469/2469 2468/2468
f 2533/2533 2534/2534 2470/2470 2469/2469
f 2534/2534 2535/2535 2471/2471 2470/2470
f 2535/2535 2536/2536 2472/2472 2471/2471
f 2536/2536 2537/2537 2473/2473 2472/2472
f 2537/2537 2538/2538 2474/2474 2473/2473
f 2538/2538 2539/2539 2475/2475 2474/2474
f 2539/2539 2540/2540 2476/2476 2475/2475
f 2540/2540 2541/2541 2477/2477 2476/2476
f 2541/2541 2542/2542 2478/2478 2477/2477
f 2542/2542 2543/2543 2479/2479 2478/2478
f 2543/2543 2544/2544 2480/2480 2479/2479
f 2544/2544 2545/2545 2481/2481 2480/2480
f 2545/2545 2546/2546 2482/2482 2481/2481
f 2546/2546 2547/2547 2483/2483 2482/2482
f 2547/2547 2548/2548 2484/2484 2483/2483
f 2548/2548 2549/2549 2485/2485 2484/2484
f 2549/2549 2550/2550 2486/2486 2485/2485
f 2550/2550 2551/2551 2487/2487 2486/2486
f 2551/2551 2552/2552 2488/2488 2487/2487
f 2552/2552 2553/2553 2489/2489 2488/2488
f 2553/2553 2554/2554 2490/2490 2489/2489
f 2554/2554 2555/2555 2491/2491 2490/2490
f 2555/2555 2556/2556 2492/2492 2491/2491
f 2556/2556 2557/2557 2493/2493 2492/2492
f 2557/2557 2558/2558 2494/2494 2493/2493
f 2558/2558 2559/2559 2495/2495 2494/2494
f 2559/2559 2560/2560 2496/2496 2495/2495
f 2560/2560 2497/2497 2433/2433 2496/2496
f 2561/2561 2562/2562 2498/2498 2497/2497
f 2562/2562 2563/2563 2499/2499 2498/2498
f 2563/2563 2564/2564 2500/2500 2499/2499
f 2564/2564 2565/2565 2501/2501 2500/2500
f 2565/2565 2566/2566 2502/2502 2501/2501
f 2566/2566 2567/2567 2503/2503 2502/2502
f 2567/2567 2568/2568 2504/2504 2503/2503
f 2568/2568 2569/2569 2505/2505 2504/2504
f 2569/2569 2570/2570 2506/2506 2505/2505
f 2570/2570 2571/2571 2507/2507 2506/2506
f 2571/2571 2572/2572 2508/2508 2507/2507
f 2572/2572 2573/2573 2509/2509 2508/2508
f 2573/2573 2574/2574 2510/2510 2509/2509
f 2574/2574 2575/2575 2511/2511 2510/2510
f 2575/2575 2576/2576 2512/2512 2511/2511
f 2576/2576 2577/2577 2513/2513 2512/2512
f 2577/2577 2578/2578 2514/2514 2513/2513
f 2578/2578 2579/2579 2515/2515 2514/2514
f 2579/2579 2580/2580 2516/2516 2515/2515
f 2580/2580 2581/2581 2517/2517 2516/2516
f 2581/2581 2582/2582 2518/2518 2517/2517
f 2582/2582 2583/2583 2519/2519 2518/2518
f 2583/2583 2584/2584 2520/2520 2519/2519
f 2584/2584 2585/2585 2521/2521 2520/2520
f 2585/2585 2586/2586 2522/2522 2521/2521
f 2586/2586 2587/2587 2523/2523 2522/2522
f 2587/2587 2588/2588 2524/2524 2523/2523
f 2588/2588 2589/2589 2525/2525 2524/2524
f 2589/2589 2590/2590 2526/2526 2525/2525
f 2590/2590 2591/2591 2527/2527 2526/2526
f 2591/2591 2592/2592 2528/2528 2527/2527
f 2592/2592 2593/2593 2529/2529 2528/2528
f 2593/2593 2594/2594 2530/2530 2529/2529
f 2594/2594 2595/2595 2531/2531 2530/2530
f 2595/2595 2596/2596 2532/2532 2531/2531
f 2596/2596 2597/2597 2533/2533 2532/2532
f 2597/2597 2598/2598 2534/2534 2533/2533
f 2598/2598 2599/2599 2535/2535 2534/2534
f 2599/2599 2600/2600 2536/2536 2535/2535
f 2600/2600 2601/2601 2537/2537 2536/2536
f 2601/2601 2602/2602 2538/2538 2537/2537
f 2602/2602 2603/2603 2539/2539 2538/2538
f 2603/2603 2604/2604 2540/2540 2539/2539
f 2604/2604 2605/2605 2541/2541 2540/2540
f 2605/2605 2606/2606 2542/2542 2541/2541
f 2606/2606 2607/2607 2543/2543 2542/2542
f 2607/2607 2608/2608 2544/2544 2543/2543
f 2608/2608 2609/2609 2545/2545 2544/2544
f 2609/2609 2610/2610 2546/2546 2545/2545
f 2610/2610 2611/2611 2547/2547 2546/2546
f 2611/2611 2612/2612 2548/2548 2547/2547
f 2612/2612 2613/2613 2549/2549 2548/2548
f 2613/2613 2614/2614 2550/2550 2549/2549
f 2614/2614 2615/2615 2551/2551 2550/2550
f 2615/2615 2616/2616 2552/2552 2551/2551
f 2616/2616 2617/2617 2553/2553 2552/2552
f 2617/2617 2618/2618 2554/2554 2553/2553
f 2618/2618 2619/2619 2555/2555 2554/2554
f 2619/2619 2620/2620 2556/2556 2555/2555
f 2620/2620 2621/2621 2557/2557 2556/2556
f 2621/2621 2622/2622 2558/2558 2557/2557
f 2622/2622 2623/2623 2559/2559 2558/2558
f 2623/2623 2624/2624 2560/2560 2559/2559
f 2624/2624 2561/2561 2497/2497 2560/2560
f 2625/2625 2626/2626 2562/2562 2561/2561
f 2626/2626 2627/2627 2563/2563 2562/2562
f 2627/2627 2628/2628 2564/2564 2563/2563
f 2628/2628 2629/2629 2565/2565 2564/2564
f 2629/2629 2630/2630 2566/2566 2565/2565
f 2630/2630 2631/2631 2567/2567 2566/2566
f 2631/2631 2632/2632 2568/2568 2567/2567
f 2632/2632 2633/2633 2569/2569 2568/2568
f 2633/2633 2634/2634 2570/2570 2569/2569
f 2634/2634 2635/2635 2571/2571 2570/2570
f 2635/2635 2636/2636 2572/2572 2571/2571
f 2636/2636 2637/2637 2573/2573 2572/2572
f 2637/2637 2638/2638 2574/2574 2573/2573
f 2638/2638 2639/2639 2575/2575 2574/2574
f 2639/2639 2640/2640 2576/2576 2575/2575
f 2640/2640 2641/2641 2577/2577 2576/2576
f 2641/2641 2642/2642 2578/2578 2577/2577
f 2642/2642 2643/2643 2579/2579 2578/2578
f 2643/2643 2644/2644 2580/2580 2579/2579
f 2644/2644 2645/2645 2581/2581 2580/2580
f 2645/2645 2646/2646 2582/2582 2581/2581
f 2646/2646 2647/2647 2583/2583 2582/2582
f 2647/2647 2648/2648 2584/2584 2583/2583
f 2648/2648 2649/2649 2585/2585 2584/2584
f 2649/2649 2650/2650 2586/2586 2585/2585
f 2650/2650 2651/2651 2587/2587 2586/2586
f 2651/2651 2652/2652 2588/2588 2587/2587
f 2652/2652 2653/2653 2589/2589 2588/2588
f 2653/2653 2654/2654 2590/2590 2589/2589
f 2654/2654 2655/2655 2591/2591 2590/2590
f 2655/2655 2656/2656 2592/2592 2591/2591
f 2656/2656 2657/2657 2593/2593 2592/2592
f 2657/2657 2658/2658 2594/2594 2593/2593
f 2658/2658 2659/2659 2595/2595 2594/2594
f 2659/2659 2660/2660 2596/2596 2595/2595
f 2660/2660 2661/2661 2597/2597 2596/2596
f 2661/2661 2662/2662 2598/2598 2597/2597
f 2662/2662 2663/2663 2599/2599 2598/2598
f 2663/2663 2664/2664 2600/2600 2599/2599
f 2664/2664 2665/2665 2601/2601 2600/2600
f 2665/2665 2666/2666 2602/2602 2601/2601
f 2666/2666 2667/2667 2603/2603 2602/2602
f 2667/2667 2668/2668 2604/2604 2603/2603
f 2668/2668 2669/2669 2605/2605 2604/2604
f 2669/2669 2670/2670 2606/2606 2605/2605
f 2670/2670 2671/2671 2607/2607 2606/2606
f 2671/2671 2672/2672 2608/2608 2607/2607
f 2672/2672 2673/2673 2609/2609 2608/2608
f 2673/2673 2674/2674 2610/2610 2609/2609
f 2674/2674 2675/2675 2611/2611 2610/2610
f 2675/2675 2676/2676 2612/2612 2611/2611
f 2676/2676 2677/2677 2613/2613 2612/2612
f 2677/2677 2678/2678 2614/2614 2613/2613
f 2678/2678 2679/2679 2615/2615 2614/2614
f 2679/2679 2680/2680 2616/2616 2615/2615
f 2680/2680 2681/2681 2617/2617 2616/2616
f 2681/2681 2682/2682 2618/2618 2617/2617
f 2682/2682 2683/2683 2619/2619 2618/2618
f 2683/2683 2684/2684 2620/2620 2619/2619
f 2684/2684 2685/2685 2621/2621 2620/2620
f 2685/2685 2686/2686 2622/2622 2621/2621
f 2686/2686 2687/2687 2623/2623 2622/2622
f 2687/2687 2688/2688 2624/2624 2623/2623
f 2688/2688 2625/2625 2561/2561 2624/2624
f 1282/1282 2626/2626 2625/2625 1281/1281
f 1283/1283 2627/2627 2626/2626 1282/1282
f 1284/1284 2628/2628 2627/2627 1283/1283
f 1285/1285 2629/2629 2628/2628 1284/1284
f 1286/1286 2630/2630 2629/2629 1285/1285
f 1287/1287 2631/2631 2630/2630 1286/1286
f 1288/1288 2632/2632 2631/2631 1287/1287
f 1289/1289 2633/2633 2632/2632 1288/1288
f 1290/1290 2634/2634 2633/2633 1289/1289
f 1291/1291 2635/2635 2634/2634 1290/1290
f 1292/1292 2636/2636 2635/2635 1291/1291
f 1293/1293 2637/2637 2636/2636 1292/1292
f 1294/1294 2638/2638 2637/2637 1293/1293
f 1295/1295 2639/2639 2638/2638 1294/1294
f 1296/1296 2640/2640 2639/2639 1295/1295
f 1297/1297 2641/2641 2640/2640 1296/1296
f 1298/1298 2642/2642 2641/2641 1297/1297
f 1299/1299 2643/2643 2642/2642 1298/1298
f 1300/1300 2644/2644 2643/2643 1299/1299
f 1301/1301 2645/2645 2644/2644 1300/1300
f 1302/1302 2646/2646 2645/2645 1301/1301
f 1303/1303 2647/2647 2646/2646 1302/1302
f 1304/1304 2648/2648 2647/2647 1303/1303
f 1305/1305 2649/2649 2648/2648 1304/1304
f 1306/1306 2650/2650 2649/2649 1305/1305
f 1307/1307 2651/2651 2650/2650 1306/1306
f 1308/1308 2652/2652 2651/2651 1307/1307
f 1309/1309 2653/2653 2652/2652 1308/1308
f 1310/1310 2654/2654 2653/2653 1309/1309
f 1311/1311 2655/2655 2654/2654 1310/1310
f 1312/1312 2656/2656 2655/2655 1311/1311
f 1313/1313 2657/2657 2656/2656 1312/1312
f 1314/1314 2658/2658 2657/2657 1313/1313
f 1315/1315 2659/2659 2658/2658 1314/1314
f 1316/1316 2660/2660 2659/2659 1315/1315
f 1317/1317 2661/2661 2660/2660 1316/1316
f 1318/1318 2662/2662 2661/2661 1317/1317
f 1319/1319 2663/2663 2662/2662 1318/1318
f 1320/1320 2664/2664 2663/2663 1319/1319
f 1321/1321 2665/2665 2664/2664 1320/1320
f 1322/1322 2666/2666 2665/2665 1321/1321
f 1323/1323 2667/2667 2666/2666 1322/1322
f 1324/1324 2668/2668 2667/2667 1323/1323
f 1325/1325 2669/2669 2668/2668 1324/1324
f 1326/1326 2670/2670 2669/2669 1325/1325
f 1327/1327 2671/2671 2670/2670 1326/1326
f 1328/1328 2672/2672 2671/2671 1327/1327
f 1329/1329 2673/2673 2672/2672 1328/1328
f 1330/1330 2674/2674 2673/2673 1329/1329
f 1331/1331 2675/2675 2674/2674 1330/1330
f 1332/1332 2676/2676 2675/2675 1331/1331
f 1333/1333 2677/2677 2676/2676 1332/1332
f 1334/1334 2678/2678 2677/2677 1333/1333
f 1335/1335 2679/2679 2678/2678 1334/1334
f 1336/1336 2680/2680 2679/2679 1335/1335
f 1337/1337 2681/2681 2680/2680 1336/1336
f 1338/1338 2682/2682 2681/2681 1337/1337
f 1339/1339 2683/2683 2682/2682 1338/1338
f 1340/1340 2684/2684 2683/2683 1339/1339
f 1341/1341 2685/2685 2684/2684 1340/1340
f 1342/1342 2686/2686 2685/2685 1341/1341
f 1343/1343 2687/2687 2686/2686 1342/1342
f 1344/1344 2688/2688 2687/2687 1343/1343
f 1281/1281 2625/2625 2688/2688 1344/1344
