# Original FAST-inspired game mesh
s 1
v 11.40000 2.20000 0.95000
v 11.40000 2.20000 0.95000
v 11.40000 2.20000 0.95000
v 11.40000 2.20000 0.95000
v 11.40000 2.20000 0.95000
v 11.40000 2.20000 0.95000
v 11.40000 2.20000 0.95000
v 11.40000 2.20000 0.95000
v 11.40000 2.20000 0.95000
v 11.40000 2.20000 0.95000
v 11.40000 2.20000 0.95000
v 11.40000 2.20000 0.95000
v 11.40000 2.20000 0.95000
v 11.40000 2.20000 0.95000
v 11.40000 2.20000 0.95000
v 11.40000 2.20000 0.95000
v 11.79297 2.20000 1.02516
v 11.78223 1.94475 1.02516
v 11.74808 1.88357 1.02516
v 11.68077 1.85252 1.02516
v 11.40000 1.84276 1.02516
v 11.11923 1.85252 1.02516
v 11.05192 1.88357 1.02516
v 11.01777 1.94475 1.02516
v 11.00703 2.20000 1.02516
v 11.01777 2.45525 1.02516
v 11.05192 2.51643 1.02516
v 11.11923 2.54748 1.02516
v 11.40000 2.55724 1.02516
v 11.68077 2.54748 1.02516
v 11.74808 2.51643 1.02516
v 11.78223 2.45525 1.02516
v 11.88717 2.20000 1.26414
v 11.87386 1.88357 1.26414
v 11.83152 1.80771 1.26414
v 11.74808 1.76922 1.26414
v 11.40000 1.75712 1.26414
v 11.05192 1.76922 1.26414
v 10.96848 1.80771 1.26414
v 10.92614 1.88357 1.26414
v 10.91283 2.20000 1.26414
v 10.92614 2.51643 1.26414
v 10.96848 2.59229 1.26414
v 11.05192 2.63078 1.26414
v 11.40000 2.64288 1.26414
v 11.74808 2.63078 1.26414
v 11.83152 2.59229 1.26414
v 11.87386 2.51643 1.26414
v 11.93497 2.20000 1.73516
v 11.92035 1.85252 1.73516
v 11.87386 1.76922 1.73516
v 11.78223 1.72696 1.73516
v 11.40000 1.71367 1.73516
v 11.01777 1.72696 1.73516
v 10.92614 1.76922 1.73516
v 10.87965 1.85252 1.73516
v 10.86503 2.20000 1.73516
v 10.87965 2.54748 1.73516
v 10.92614 2.63078 1.73516
v 11.01777 2.67304 1.73516
v 11.40000 2.68633 1.73516
v 11.78223 2.67304 1.73516
v 11.87386 2.63078 1.73516
v 11.92035 2.54748 1.73516
v 11.95000 2.20000 3.70000
v 11.93497 1.84276 3.70000
v 11.88717 1.75712 3.70000
v 11.79297 1.71367 3.70000
v 11.40000 1.70000 3.70000
v 11.00703 1.71367 3.70000
v 10.91283 1.75712 3.70000
v 10.86503 1.84276 3.70000
v 10.85000 2.20000 3.70000
v 10.86503 2.55724 3.70000
v 10.91283 2.64288 3.70000
v 11.00703 2.68633 3.70000
v 11.40000 2.70000 3.70000
v 11.79297 2.68633 3.70000
v 11.88717 2.64288 3.70000
v 11.93497 2.55724 3.70000
v 11.93497 2.20000 5.66484
v 11.92035 1.85252 5.66484
v 11.87386 1.76922 5.66484
v 11.78223 1.72696 5.66484
v 11.40000 1.71367 5.66484
v 11.01777 1.72696 5.66484
v 10.92614 1.76922 5.66484
v 10.87965 1.85252 5.66484
v 10.86503 2.20000 5.66484
v 10.87965 2.54748 5.66484
v 10.92614 2.63078 5.66484
v 11.01777 2.67304 5.66484
v 11.40000 2.68633 5.66484
v 11.78223 2.67304 5.66484
v 11.87386 2.63078 5.66484
v 11.92035 2.54748 5.66484
v 11.88717 2.20000 6.13586
v 11.87386 1.88357 6.13586
v 11.83152 1.80771 6.13586
v 11.74808 1.76922 6.13586
v 11.40000 1.75712 6.13586
v 11.05192 1.76922 6.13586
v 10.96848 1.80771 6.13586
v 10.92614 1.88357 6.13586
v 10.91283 2.20000 6.13586
v 10.92614 2.51643 6.13586
v 10.96848 2.59229 6.13586
v 11.05192 2.63078 6.13586
v 11.40000 2.64288 6.13586
v 11.74808 2.63078 6.13586
v 11.83152 2.59229 6.13586
v 11.87386 2.51643 6.13586
v 11.79297 2.20000 6.37484
v 11.78223 1.94475 6.37484
v 11.74808 1.88357 6.37484
v 11.68077 1.85252 6.37484
v 11.40000 1.84276 6.37484
v 11.11923 1.85252 6.37484
v 11.05192 1.88357 6.37484
v 11.01777 1.94475 6.37484
v 11.00703 2.20000 6.37484
v 11.01777 2.45525 6.37484
v 11.05192 2.51643 6.37484
v 11.11923 2.54748 6.37484
v 11.40000 2.55724 6.37484
v 11.68077 2.54748 6.37484
v 11.74808 2.51643 6.37484
v 11.78223 2.45525 6.37484
v 11.40000 2.20000 6.45000
v 11.40000 2.20000 6.45000
v 11.40000 2.20000 6.45000
v 11.40000 2.20000 6.45000
v 11.40000 2.20000 6.45000
v 11.40000 2.20000 6.45000
v 11.40000 2.20000 6.45000
v 11.40000 2.20000 6.45000
v 11.40000 2.20000 6.45000
v 11.40000 2.20000 6.45000
v 11.40000 2.20000 6.45000
v 11.40000 2.20000 6.45000
v 11.40000 2.20000 6.45000
v 11.40000 2.20000 6.45000
v 11.40000 2.20000 6.45000
v 11.40000 2.20000 6.45000
v 11.40000 -2.20000 0.95000
v 11.40000 -2.20000 0.95000
v 11.40000 -2.20000 0.95000
v 11.40000 -2.20000 0.95000
v 11.40000 -2.20000 0.95000
v 11.40000 -2.20000 0.95000
v 11.40000 -2.20000 0.95000
v 11.40000 -2.20000 0.95000
v 11.40000 -2.20000 0.95000
v 11.40000 -2.20000 0.95000
v 11.40000 -2.20000 0.95000
v 11.40000 -2.20000 0.95000
v 11.40000 -2.20000 0.95000
v 11.40000 -2.20000 0.95000
v 11.40000 -2.20000 0.95000
v 11.40000 -2.20000 0.95000
v 11.79297 -2.20000 1.02516
v 11.78223 -2.45525 1.02516
v 11.74808 -2.51643 1.02516
v 11.68077 -2.54748 1.02516
v 11.40000 -2.55724 1.02516
v 11.11923 -2.54748 1.02516
v 11.05192 -2.51643 1.02516
v 11.01777 -2.45525 1.02516
v 11.00703 -2.20000 1.02516
v 11.01777 -1.94475 1.02516
v 11.05192 -1.88357 1.02516
v 11.11923 -1.85252 1.02516
v 11.40000 -1.84276 1.02516
v 11.68077 -1.85252 1.02516
v 11.74808 -1.88357 1.02516
v 11.78223 -1.94475 1.02516
v 11.88717 -2.20000 1.26414
v 11.87386 -2.51643 1.26414
v 11.83152 -2.59229 1.26414
v 11.74808 -2.63078 1.26414
v 11.40000 -2.64288 1.26414
v 11.05192 -2.63078 1.26414
v 10.96848 -2.59229 1.26414
v 10.92614 -2.51643 1.26414
v 10.91283 -2.20000 1.26414
v 10.92614 -1.88357 1.26414
v 10.96848 -1.80771 1.26414
v 11.05192 -1.76922 1.26414
v 11.40000 -1.75712 1.26414
v 11.74808 -1.76922 1.26414
v 11.83152 -1.80771 1.26414
v 11.87386 -1.88357 1.26414
v 11.93497 -2.20000 1.73516
v 11.92035 -2.54748 1.73516
v 11.87386 -2.63078 1.73516
v 11.78223 -2.67304 1.73516
v 11.40000 -2.68633 1.73516
v 11.01777 -2.67304 1.73516
v 10.92614 -2.63078 1.73516
v 10.87965 -2.54748 1.73516
v 10.86503 -2.20000 1.73516
v 10.87965 -1.85252 1.73516
v 10.92614 -1.76922 1.73516
v 11.01777 -1.72696 1.73516
v 11.40000 -1.71367 1.73516
v 11.78223 -1.72696 1.73516
v 11.87386 -1.76922 1.73516
v 11.92035 -1.85252 1.73516
v 11.95000 -2.20000 3.70000
v 11.93497 -2.55724 3.70000
v 11.88717 -2.64288 3.70000
v 11.79297 -2.68633 3.70000
v 11.40000 -2.70000 3.70000
v 11.00703 -2.68633 3.70000
v 10.91283 -2.64288 3.70000
v 10.86503 -2.55724 3.70000
v 10.85000 -2.20000 3.70000
v 10.86503 -1.84276 3.70000
v 10.91283 -1.75712 3.70000
v 11.00703 -1.71367 3.70000
v 11.40000 -1.70000 3.70000
v 11.79297 -1.71367 3.70000
v 11.88717 -1.75712 3.70000
v 11.93497 -1.84276 3.70000
v 11.93497 -2.20000 5.66484
v 11.92035 -2.54748 5.66484
v 11.87386 -2.63078 5.66484
v 11.78223 -2.67304 5.66484
v 11.40000 -2.68633 5.66484
v 11.01777 -2.67304 5.66484
v 10.92614 -2.63078 5.66484
v 10.87965 -2.54748 5.66484
v 10.86503 -2.20000 5.66484
v 10.87965 -1.85252 5.66484
v 10.92614 -1.76922 5.66484
v 11.01777 -1.72696 5.66484
v 11.40000 -1.71367 5.66484
v 11.78223 -1.72696 5.66484
v 11.87386 -1.76922 5.66484
v 11.92035 -1.85252 5.66484
v 11.88717 -2.20000 6.13586
v 11.87386 -2.51643 6.13586
v 11.83152 -2.59229 6.13586
v 11.74808 -2.63078 6.13586
v 11.40000 -2.64288 6.13586
v 11.05192 -2.63078 6.13586
v 10.96848 -2.59229 6.13586
v 10.92614 -2.51643 6.13586
v 10.91283 -2.20000 6.13586
v 10.92614 -1.88357 6.13586
v 10.96848 -1.80771 6.13586
v 11.05192 -1.76922 6.13586
v 11.40000 -1.75712 6.13586
v 11.74808 -1.76922 6.13586
v 11.83152 -1.80771 6.13586
v 11.87386 -1.88357 6.13586
v 11.79297 -2.20000 6.37484
v 11.78223 -2.45525 6.37484
v 11.74808 -2.51643 6.37484
v 11.68077 -2.54748 6.37484
v 11.40000 -2.55724 6.37484
v 11.11923 -2.54748 6.37484
v 11.05192 -2.51643 6.37484
v 11.01777 -2.45525 6.37484
v 11.00703 -2.20000 6.37484
v 11.01777 -1.94475 6.37484
v 11.05192 -1.88357 6.37484
v 11.11923 -1.85252 6.37484
v 11.40000 -1.84276 6.37484
v 11.68077 -1.85252 6.37484
v 11.74808 -1.88357 6.37484
v 11.78223 -1.94475 6.37484
v 11.40000 -2.20000 6.45000
v 11.40000 -2.20000 6.45000
v 11.40000 -2.20000 6.45000
v 11.40000 -2.20000 6.45000
v 11.40000 -2.20000 6.45000
v 11.40000 -2.20000 6.45000
v 11.40000 -2.20000 6.45000
v 11.40000 -2.20000 6.45000
v 11.40000 -2.20000 6.45000
v 11.40000 -2.20000 6.45000
v 11.40000 -2.20000 6.45000
v 11.40000 -2.20000 6.45000
v 11.40000 -2.20000 6.45000
v 11.40000 -2.20000 6.45000
v 11.40000 -2.20000 6.45000
v 11.40000 -2.20000 6.45000
v 11.40000 -0.00000 0.60000
v 11.40000 -0.00000 0.60000
v 11.40000 -0.00001 0.60000
v 11.40000 -0.00001 0.60000
v 11.40000 -0.00001 0.60000
v 11.40000 -0.00001 0.60000
v 11.40000 -0.00001 0.60000
v 11.40000 -0.00000 0.60000
v 11.40000 -0.00000 0.60000
v 11.40000 0.00000 0.60000
v 11.40000 0.00001 0.60000
v 11.40000 0.00001 0.60000
v 11.40000 0.00001 0.60000
v 11.40000 0.00001 0.60000
v 11.40000 0.00001 0.60000
v 11.40000 0.00000 0.60000
v 11.79297 -0.00000 0.61367
v 11.78223 -1.40385 0.61367
v 11.74808 -1.74039 0.61367
v 11.68077 -1.91114 0.61367
v 11.40000 -1.96484 0.61367
v 11.11923 -1.91114 0.61367
v 11.05192 -1.74039 0.61367
v 11.01777 -1.40385 0.61367
v 11.00703 -0.00001 0.61367
v 11.01777 1.40385 0.61367
v 11.05192 1.74039 0.61367
v 11.11923 1.91114 0.61367
v 11.40000 1.96484 0.61367
v 11.68077 1.91114 0.61367
v 11.74808 1.74039 0.61367
v 11.78223 1.40385 0.61367
v 11.88717 -0.00000 0.65712
v 11.87386 -1.74039 0.65712
v 11.83152 -2.15761 0.65712
v 11.74808 -2.36929 0.65712
v 11.40000 -2.43586 0.65712
v 11.05192 -2.36929 0.65712
v 10.96848 -2.15761 0.65712
v 10.92614 -1.74039 0.65712
v 10.91283 -0.00001 0.65712
v 10.92614 1.74039 0.65712
v 10.96848 2.15761 0.65712
v 11.05192 2.36929 0.65712
v 11.40000 2.43586 0.65712
v 11.74808 2.36929 0.65712
v 11.83152 2.15761 0.65712
v 11.87386 1.74039 0.65712
v 11.93497 -0.00000 0.74276
v 11.92035 -1.91114 0.74276
v 11.87386 -2.36929 0.74276
v 11.78223 -2.60174 0.74276
v 11.40000 -2.67484 0.74276
v 11.01777 -2.60174 0.74276
v 10.92614 -2.36929 0.74276
v 10.87965 -1.91114 0.74276
v 10.86503 -0.00001 0.74276
v 10.87965 1.91114 0.74276
v 10.92614 2.36929 0.74276
v 11.01777 2.60174 0.74276
v 11.40000 2.67484 0.74276
v 11.78223 2.60174 0.74276
v 11.87386 2.36929 0.74276
v 11.92035 1.91114 0.74276
v 11.95000 -0.00000 1.10000
v 11.93497 -1.96484 1.10000
v 11.88717 -2.43586 1.10000
v 11.79297 -2.67484 1.10000
v 11.40000 -2.75000 1.10000
v 11.00703 -2.67484 1.10000
v 10.91283 -2.43586 1.10000
v 10.86503 -1.96484 1.10000
v 10.85000 -0.00001 1.10000
v 10.86503 1.96484 1.10000
v 10.91283 2.43586 1.10000
v 11.00703 2.67484 1.10000
v 11.40000 2.75000 1.10000
v 11.79297 2.67484 1.10000
v 11.88717 2.43586 1.10000
v 11.93497 1.96484 1.10000
v 11.93497 -0.00000 1.45724
v 11.92035 -1.91114 1.45724
v 11.87386 -2.36929 1.45724
v 11.78223 -2.60174 1.45724
v 11.40000 -2.67484 1.45724
v 11.01777 -2.60174 1.45724
v 10.92614 -2.36929 1.45724
v 10.87965 -1.91114 1.45724
v 10.86503 -0.00001 1.45724
v 10.87965 1.91114 1.45724
v 10.92614 2.36929 1.45724
v 11.01777 2.60174 1.45724
v 11.40000 2.67484 1.45724
v 11.78223 2.60174 1.45724
v 11.87386 2.36929 1.45724
v 11.92035 1.91114 1.45724
v 11.88717 -0.00000 1.54288
v 11.87386 -1.74039 1.54288
v 11.83152 -2.15761 1.54288
v 11.74808 -2.36929 1.54288
v 11.40000 -2.43586 1.54288
v 11.05192 -2.36929 1.54288
v 10.96848 -2.15761 1.54288
v 10.92614 -1.74039 1.54288
v 10.91283 -0.00001 1.54288
v 10.92614 1.74039 1.54288
v 10.96848 2.15761 1.54288
v 11.05192 2.36929 1.54288
v 11.40000 2.43586 1.54288
v 11.74808 2.36929 1.54288
v 11.83152 2.15761 1.54288
v 11.87386 1.74039 1.54288
v 11.79297 -0.00000 1.58633
v 11.78223 -1.40385 1.58633
v 11.74808 -1.74039 1.58633
v 11.68077 -1.91114 1.58633
v 11.40000 -1.96484 1.58633
v 11.11923 -1.91114 1.58633
v 11.05192 -1.74039 1.58633
v 11.01777 -1.40385 1.58633
v 11.00703 -0.00001 1.58633
v 11.01777 1.40385 1.58633
v 11.05192 1.74039 1.58633
v 11.11923 1.91114 1.58633
v 11.40000 1.96484 1.58633
v 11.68077 1.91114 1.58633
v 11.74808 1.74039 1.58633
v 11.78223 1.40385 1.58633
v 11.40000 -0.00000 1.60000
v 11.40000 -0.00000 1.60000
v 11.40000 -0.00001 1.60000
v 11.40000 -0.00001 1.60000
v 11.40000 -0.00001 1.60000
v 11.40000 -0.00001 1.60000
v 11.40000 -0.00001 1.60000
v 11.40000 -0.00000 1.60000
v 11.40000 -0.00000 1.60000
v 11.40000 0.00000 1.60000
v 11.40000 0.00001 1.60000
v 11.40000 0.00001 1.60000
v 11.40000 0.00001 1.60000
v 11.40000 0.00001 1.60000
v 11.40000 0.00001 1.60000
v 11.40000 0.00000 1.60000
v 11.40000 -0.00000 5.60000
v 11.40000 -0.00000 5.60000
v 11.40000 -0.00001 5.60000
v 11.40000 -0.00001 5.60000
v 11.40000 -0.00001 5.60000
v 11.40000 -0.00001 5.60000
v 11.40000 -0.00001 5.60000
v 11.40000 -0.00000 5.60000
v 11.40000 -0.00000 5.60000
v 11.40000 0.00000 5.60000
v 11.40000 0.00001 5.60000
v 11.40000 0.00001 5.60000
v 11.40000 0.00001 5.60000
v 11.40000 0.00001 5.60000
v 11.40000 0.00001 5.60000
v 11.40000 0.00000 5.60000
v 11.79297 -0.00000 5.61367
v 11.78223 -1.40385 5.61367
v 11.74808 -1.74039 5.61367
v 11.68077 -1.91114 5.61367
v 11.40000 -1.96484 5.61367
v 11.11923 -1.91114 5.61367
v 11.05192 -1.74039 5.61367
v 11.01777 -1.40385 5.61367
v 11.00703 -0.00001 5.61367
v 11.01777 1.40385 5.61367
v 11.05192 1.74039 5.61367
v 11.11923 1.91114 5.61367
v 11.40000 1.96484 5.61367
v 11.68077 1.91114 5.61367
v 11.74808 1.74039 5.61367
v 11.78223 1.40385 5.61367
v 11.88717 -0.00000 5.65712
v 11.87386 -1.74039 5.65712
v 11.83152 -2.15761 5.65712
v 11.74808 -2.36929 5.65712
v 11.40000 -2.43586 5.65712
v 11.05192 -2.36929 5.65712
v 10.96848 -2.15761 5.65712
v 10.92614 -1.74039 5.65712
v 10.91283 -0.00001 5.65712
v 10.92614 1.74039 5.65712
v 10.96848 2.15761 5.65712
v 11.05192 2.36929 5.65712
v 11.40000 2.43586 5.65712
v 11.74808 2.36929 5.65712
v 11.83152 2.15761 5.65712
v 11.87386 1.74039 5.65712
v 11.93497 -0.00000 5.74276
v 11.92035 -1.91114 5.74276
v 11.87386 -2.36929 5.74276
v 11.78223 -2.60174 5.74276
v 11.40000 -2.67484 5.74276
v 11.01777 -2.60174 5.74276
v 10.92614 -2.36929 5.74276
v 10.87965 -1.91114 5.74276
v 10.86503 -0.00001 5.74276
v 10.87965 1.91114 5.74276
v 10.92614 2.36929 5.74276
v 11.01777 2.60174 5.74276
v 11.40000 2.67484 5.74276
v 11.78223 2.60174 5.74276
v 11.87386 2.36929 5.74276
v 11.92035 1.91114 5.74276
v 11.95000 -0.00000 6.10000
v 11.93497 -1.96484 6.10000
v 11.88717 -2.43586 6.10000
v 11.79297 -2.67484 6.10000
v 11.40000 -2.75000 6.10000
v 11.00703 -2.67484 6.10000
v 10.91283 -2.43586 6.10000
v 10.86503 -1.96484 6.10000
v 10.85000 -0.00001 6.10000
v 10.86503 1.96484 6.10000
v 10.91283 2.43586 6.10000
v 11.00703 2.67484 6.10000
v 11.40000 2.75000 6.10000
v 11.79297 2.67484 6.10000
v 11.88717 2.43586 6.10000
v 11.93497 1.96484 6.10000
v 11.93497 -0.00000 6.45724
v 11.92035 -1.91114 6.45724
v 11.87386 -2.36929 6.45724
v 11.78223 -2.60174 6.45724
v 11.40000 -2.67484 6.45724
v 11.01777 -2.60174 6.45724
v 10.92614 -2.36929 6.45724
v 10.87965 -1.91114 6.45724
v 10.86503 -0.00001 6.45724
v 10.87965 1.91114 6.45724
v 10.92614 2.36929 6.45724
v 11.01777 2.60174 6.45724
v 11.40000 2.67484 6.45724
v 11.78223 2.60174 6.45724
v 11.87386 2.36929 6.45724
v 11.92035 1.91114 6.45724
v 11.88717 -0.00000 6.54288
v 11.87386 -1.74039 6.54288
v 11.83152 -2.15761 6.54288
v 11.74808 -2.36929 6.54288
v 11.40000 -2.43586 6.54288
v 11.05192 -2.36929 6.54288
v 10.96848 -2.15761 6.54288
v 10.92614 -1.74039 6.54288
v 10.91283 -0.00001 6.54288
v 10.92614 1.74039 6.54288
v 10.96848 2.15761 6.54288
v 11.05192 2.36929 6.54288
v 11.40000 2.43586 6.54288
v 11.74808 2.36929 6.54288
v 11.83152 2.15761 6.54288
v 11.87386 1.74039 6.54288
v 11.79297 -0.00000 6.58633
v 11.78223 -1.40385 6.58633
v 11.74808 -1.74039 6.58633
v 11.68077 -1.91114 6.58633
v 11.40000 -1.96484 6.58633
v 11.11923 -1.91114 6.58633
v 11.05192 -1.74039 6.58633
v 11.01777 -1.40385 6.58633
v 11.00703 -0.00001 6.58633
v 11.01777 1.40385 6.58633
v 11.05192 1.74039 6.58633
v 11.11923 1.91114 6.58633
v 11.40000 1.96484 6.58633
v 11.68077 1.91114 6.58633
v 11.74808 1.74039 6.58633
v 11.78223 1.40385 6.58633
v 11.40000 -0.00000 6.60000
v 11.40000 -0.00000 6.60000
v 11.40000 -0.00001 6.60000
v 11.40000 -0.00001 6.60000
v 11.40000 -0.00001 6.60000
v 11.40000 -0.00001 6.60000
v 11.40000 -0.00001 6.60000
v 11.40000 -0.00000 6.60000
v 11.40000 -0.00000 6.60000
v 11.40000 0.00000 6.60000
v 11.40000 0.00001 6.60000
v 11.40000 0.00001 6.60000
v 11.40000 0.00001 6.60000
v 11.40000 0.00001 6.60000
v 11.40000 0.00001 6.60000
v 11.40000 0.00000 6.60000
v 11.80000 -0.00000 1.45000
v 11.80000 -0.00000 1.45000
v 11.80000 -0.00000 1.45000
v 11.80000 -0.00000 1.45000
v 11.80000 -0.00000 1.45000
v 11.80000 -0.00000 1.45000
v 11.80000 -0.00000 1.45000
v 11.80000 -0.00000 1.45000
v 11.80000 -0.00000 1.45000
v 11.80000 0.00000 1.45000
v 11.80000 0.00000 1.45000
v 11.80000 0.00000 1.45000
v 11.80000 0.00000 1.45000
v 11.80000 0.00000 1.45000
v 11.80000 0.00000 1.45000
v 11.80000 0.00000 1.45000
v 12.44304 -0.00000 1.46503
v 12.42546 -0.71469 1.46503
v 12.36958 -0.88602 1.46503
v 12.25944 -0.97294 1.46503
v 11.80000 -1.00028 1.46503
v 11.34056 -0.97294 1.46503
v 11.23042 -0.88602 1.46503
v 11.17454 -0.71469 1.46503
v 11.15696 -0.00000 1.46503
v 11.17454 0.71469 1.46503
v 11.23042 0.88602 1.46503
v 11.34056 0.97294 1.46503
v 11.80000 1.00028 1.46503
v 12.25944 0.97294 1.46503
v 12.36958 0.88602 1.46503
v 12.42546 0.71469 1.46503
v 12.59719 -0.00000 1.51283
v 12.57540 -0.88602 1.51283
v 12.50613 -1.09842 1.51283
v 12.36958 -1.20618 1.51283
v 11.80000 -1.24007 1.51283
v 11.23042 -1.20618 1.51283
v 11.09387 -1.09842 1.51283
v 11.02460 -0.88602 1.51283
v 11.00281 -0.00000 1.51283
v 11.02460 0.88602 1.51283
v 11.09387 1.09842 1.51283
v 11.23042 1.20618 1.51283
v 11.80000 1.24007 1.51283
v 12.36958 1.20618 1.51283
v 12.50613 1.09842 1.51283
v 12.57540 0.88602 1.51283
v 12.67540 -0.00000 1.60703
v 12.65148 -0.97294 1.60703
v 12.57540 -1.20618 1.60703
v 12.42546 -1.32452 1.60703
v 11.80000 -1.36174 1.60703
v 11.17454 -1.32452 1.60703
v 11.02460 -1.20618 1.60703
v 10.94852 -0.97294 1.60703
v 10.92460 -0.00000 1.60703
v 10.94852 0.97294 1.60703
v 11.02460 1.20618 1.60703
v 11.17454 1.32452 1.60703
v 11.80000 1.36174 1.60703
v 12.42546 1.32452 1.60703
v 12.57540 1.20618 1.60703
v 12.65148 0.97294 1.60703
v 12.70000 -0.00000 2.00000
v 12.67540 -1.00028 2.00000
v 12.59719 -1.24007 2.00000
v 12.44304 -1.36174 2.00000
v 11.80000 -1.40000 2.00000
v 11.15696 -1.36174 2.00000
v 11.00281 -1.24007 2.00000
v 10.92460 -1.00028 2.00000
v 10.90000 -0.00000 2.00000
v 10.92460 1.00028 2.00000
v 11.00281 1.24007 2.00000
v 11.15696 1.36174 2.00000
v 11.80000 1.40000 2.00000
v 12.44304 1.36174 2.00000
v 12.59719 1.24007 2.00000
v 12.67540 1.00028 2.00000
v 12.67540 -0.00000 2.39297
v 12.65148 -0.97294 2.39297
v 12.57540 -1.20618 2.39297
v 12.42546 -1.32452 2.39297
v 11.80000 -1.36174 2.39297
v 11.17454 -1.32452 2.39297
v 11.02460 -1.20618 2.39297
v 10.94852 -0.97294 2.39297
v 10.92460 -0.00000 2.39297
v 10.94852 0.97294 2.39297
v 11.02460 1.20618 2.39297
v 11.17454 1.32452 2.39297
v 11.80000 1.36174 2.39297
v 12.42546 1.32452 2.39297
v 12.57540 1.20618 2.39297
v 12.65148 0.97294 2.39297
v 12.59719 -0.00000 2.48717
v 12.57540 -0.88602 2.48717
v 12.50613 -1.09842 2.48717
v 12.36958 -1.20618 2.48717
v 11.80000 -1.24007 2.48717
v 11.23042 -1.20618 2.48717
v 11.09387 -1.09842 2.48717
v 11.02460 -0.88602 2.48717
v 11.00281 -0.00000 2.48717
v 11.02460 0.88602 2.48717
v 11.09387 1.09842 2.48717
v 11.23042 1.20618 2.48717
v 11.80000 1.24007 2.48717
v 12.36958 1.20618 2.48717
v 12.50613 1.09842 2.48717
v 12.57540 0.88602 2.48717
v 12.44304 -0.00000 2.53497
v 12.42546 -0.71469 2.53497
v 12.36958 -0.88602 2.53497
v 12.25944 -0.97294 2.53497
v 11.80000 -1.00028 2.53497
v 11.34056 -0.97294 2.53497
v 11.23042 -0.88602 2.53497
v 11.17454 -0.71469 2.53497
v 11.15696 -0.00000 2.53497
v 11.17454 0.71469 2.53497
v 11.23042 0.88602 2.53497
v 11.34056 0.97294 2.53497
v 11.80000 1.00028 2.53497
v 12.25944 0.97294 2.53497
v 12.36958 0.88602 2.53497
v 12.42546 0.71469 2.53497
v 11.80000 -0.00000 2.55000
v 11.80000 -0.00000 2.55000
v 11.80000 -0.00000 2.55000
v 11.80000 -0.00000 2.55000
v 11.80000 -0.00000 2.55000
v 11.80000 -0.00000 2.55000
v 11.80000 -0.00000 2.55000
v 11.80000 -0.00000 2.55000
v 11.80000 -0.00000 2.55000
v 11.80000 0.00000 2.55000
v 11.80000 0.00000 2.55000
v 11.80000 0.00000 2.55000
v 11.80000 0.00000 2.55000
v 11.80000 0.00000 2.55000
v 11.80000 0.00000 2.55000
v 11.80000 0.00000 2.55000
v -7.99950 9.50000 0.40000
v -7.99951 9.49988 0.40000
v -7.99954 9.49986 0.40000
v -7.99959 9.49985 0.40000
v -8.00000 9.49985 0.40000
v -8.00041 9.49985 0.40000
v -8.00046 9.49986 0.40000
v -8.00049 9.49988 0.40000
v -8.00050 9.50000 0.40000
v -8.00049 9.50012 0.40000
v -8.00046 9.50014 0.40000
v -8.00041 9.50015 0.40000
v -8.00000 9.50015 0.40000
v -7.99959 9.50015 0.40000
v -7.99954 9.50014 0.40000
v -7.99951 9.50012 0.40000
v -6.50240 9.50000 0.41381
v -6.52826 9.13958 0.41381
v -6.61234 9.08745 0.41381
v -6.78767 9.06245 0.41381
v -7.99959 9.05477 0.41381
v -9.21233 9.06245 0.41381
v -9.38766 9.08745 0.41381
v -9.47174 9.13958 0.41381
v -9.49760 9.49986 0.41381
v -9.47174 9.86042 0.41381
v -9.38766 9.91255 0.41381
v -9.21233 9.93755 0.41381
v -8.00052 9.94523 0.41381
v -6.78767 9.93755 0.41381
v -6.61234 9.91255 0.41381
v -6.52826 9.86042 0.41381
v -6.28581 9.50000 0.45873
v -6.31541 9.08745 0.45873
v -6.41165 9.02779 0.45873
v -6.61234 8.99918 0.45873
v -7.99954 8.99038 0.45873
v -9.38766 8.99918 0.45873
v -9.58835 9.02779 0.45873
v -9.68459 9.08745 0.45873
v -9.71419 9.49984 0.45873
v -9.68459 9.91255 0.45873
v -9.58835 9.97221 0.45873
v -9.38766 10.00082 0.45873
v -8.00059 10.00962 0.45873
v -6.61234 10.00082 0.45873
v -6.41165 9.97221 0.45873
v -6.31541 9.91255 0.45873
v -6.18194 9.50000 0.55239
v -6.21334 9.06245 0.55239
v -6.31541 8.99918 0.55239
v -6.52826 8.96883 0.55239
v -7.99951 8.95950 0.55239
v -9.47174 8.96883 0.55239
v -9.68459 8.99918 0.55239
v -9.78666 9.06245 0.55239
v -9.81806 9.49983 0.55239
v -9.78666 9.93755 0.55239
v -9.68459 10.00082 0.55239
v -9.47174 10.03117 0.55239
v -8.00063 10.04050 0.55239
v -6.52826 10.03117 0.55239
v -6.31541 10.00082 0.55239
v -6.21334 9.93755 0.55239
v -6.15000 9.50000 1.20000
v -6.18194 9.05477 1.20000
v -6.28581 8.99038 1.20000
v -6.50240 8.95950 1.20000
v -7.99950 8.95000 1.20000
v -9.49760 8.95950 1.20000
v -9.71419 8.99038 1.20000
v -9.81806 9.05477 1.20000
v -9.85000 9.49983 1.20000
v -9.81806 9.94523 1.20000
v -9.71419 10.00962 1.20000
v -9.49760 10.04050 1.20000
v -8.00064 10.05000 1.20000
v -6.50240 10.04050 1.20000
v -6.28581 10.00962 1.20000
v -6.18194 9.94523 1.20000
v -6.18194 9.50000 1.84761
v -6.21334 9.06245 1.84761
v -6.31541 8.99918 1.84761
v -6.52826 8.96883 1.84761
v -7.99951 8.95950 1.84761
v -9.47174 8.96883 1.84761
v -9.68459 8.99918 1.84761
v -9.78666 9.06245 1.84761
v -9.81806 9.49983 1.84761
v -9.78666 9.93755 1.84761
v -9.68459 10.00082 1.84761
v -9.47174 10.03117 1.84761
v -8.00063 10.04050 1.84761
v -6.52826 10.03117 1.84761
v -6.31541 10.00082 1.84761
v -6.21334 9.93755 1.84761
v -6.28581 9.50000 1.94127
v -6.31541 9.08745 1.94127
v -6.41165 9.02779 1.94127
v -6.61234 8.99918 1.94127
v -7.99954 8.99038 1.94127
v -9.38766 8.99918 1.94127
v -9.58835 9.02779 1.94127
v -9.68459 9.08745 1.94127
v -9.71419 9.49984 1.94127
v -9.68459 9.91255 1.94127
v -9.58835 9.97221 1.94127
v -9.38766 10.00082 1.94127
v -8.00059 10.00962 1.94127
v -6.61234 10.00082 1.94127
v -6.41165 9.97221 1.94127
v -6.31541 9.91255 1.94127
v -6.50240 9.50000 1.98619
v -6.52826 9.13958 1.98619
v -6.61234 9.08745 1.98619
v -6.78767 9.06245 1.98619
v -7.99959 9.05477 1.98619
v -9.21233 9.06245 1.98619
v -9.38766 9.08745 1.98619
v -9.47174 9.13958 1.98619
v -9.49760 9.49986 1.98619
v -9.47174 9.86042 1.98619
v -9.38766 9.91255 1.98619
v -9.21233 9.93755 1.98619
v -8.00052 9.94523 1.98619
v -6.78767 9.93755 1.98619
v -6.61234 9.91255 1.98619
v -6.52826 9.86042 1.98619
v -7.99950 9.50000 2.00000
v -7.99951 9.49988 2.00000
v -7.99954 9.49986 2.00000
v -7.99959 9.49985 2.00000
v -8.00000 9.49985 2.00000
v -8.00041 9.49985 2.00000
v -8.00046 9.49986 2.00000
v -8.00049 9.49988 2.00000
v -8.00050 9.50000 2.00000
v -8.00049 9.50012 2.00000
v -8.00046 9.50014 2.00000
v -8.00041 9.50015 2.00000
v -8.00000 9.50015 2.00000
v -7.99959 9.50015 2.00000
v -7.99954 9.50014 2.00000
v -7.99951 9.50012 2.00000
v -7.99949 11.00000 1.85000
v -7.99949 10.99972 1.85000
v -7.99952 10.99968 1.85000
v -7.99958 10.99966 1.85000
v -8.00000 10.99966 1.85000
v -8.00042 10.99966 1.85000
v -8.00048 10.99968 1.85000
v -8.00051 10.99972 1.85000
v -8.00051 11.00000 1.85000
v -8.00051 11.00028 1.85000
v -8.00048 11.00032 1.85000
v -8.00042 11.00034 1.85000
v -8.00000 11.00034 1.85000
v -7.99958 11.00034 1.85000
v -7.99952 11.00032 1.85000
v -7.99949 11.00028 1.85000
v -7.25731 11.00000 1.85314
v -7.26897 10.59141 1.85314
v -7.30704 10.53803 1.85314
v -7.38712 10.51265 1.85314
v -7.99958 10.50487 1.85314
v -8.61288 10.51265 1.85314
v -8.69296 10.53803 1.85314
v -8.73103 10.59141 1.85314
v -8.74269 10.99967 1.85314
v -8.73103 11.40859 1.85314
v -8.69296 11.46197 1.85314
v -8.61288 11.48735 1.85314
v -8.00053 11.49513 1.85314
v -7.38712 11.48735 1.85314
v -7.30704 11.46197 1.85314
v -7.26897 11.40859 1.85314
v -7.16027 11.00000 1.86339
v -7.17346 10.53803 1.86339
v -7.21650 10.47767 1.86339
v -7.30704 10.44897 1.86339
v -7.99952 10.44018 1.86339
v -8.69296 10.44897 1.86339
v -8.78350 10.47767 1.86339
v -8.82654 10.53803 1.86339
v -8.83973 10.99963 1.86339
v -8.82654 11.46197 1.86339
v -8.78350 11.52233 1.86339
v -8.69296 11.55103 1.86339
v -8.00060 11.55982 1.86339
v -7.30704 11.55103 1.86339
v -7.21650 11.52233 1.86339
v -7.17346 11.46197 1.86339
v -7.11414 11.00000 1.88496
v -7.12806 10.51265 1.88496
v -7.17346 10.44897 1.88496
v -7.26897 10.41870 1.88496
v -7.99949 10.40943 1.88496
v -8.73103 10.41870 1.88496
v -8.82654 10.44897 1.88496
v -8.87194 10.51265 1.88496
v -8.88586 10.99961 1.88496
v -8.87194 11.48735 1.88496
v -8.82654 11.55103 1.88496
v -8.73103 11.58130 1.88496
v -8.00063 11.59057 1.88496
v -7.26897 11.58130 1.88496
v -7.17346 11.55103 1.88496
v -7.12806 11.48735 1.88496
v -7.10000 11.00000 2.05000
v -7.11414 10.50487 2.05000
v -7.16027 10.44018 2.05000
v -7.25731 10.40943 2.05000
v -7.99949 10.40000 2.05000
v -8.74269 10.40943 2.05000
v -8.83973 10.44018 2.05000
v -8.88586 10.50487 2.05000
v -8.90000 10.99961 2.05000
v -8.88586 11.49513 2.05000
v -8.83973 11.55982 2.05000
v -8.74269 11.59057 2.05000
v -8.00064 11.60000 2.05000
v -7.25731 11.59057 2.05000
v -7.16027 11.55982 2.05000
v -7.11414 11.49513 2.05000
v -7.11414 11.00000 2.21504
v -7.12806 10.51265 2.21504
v -7.17346 10.44897 2.21504
v -7.26897 10.41870 2.21504
v -7.99949 10.40943 2.21504
v -8.73103 10.41870 2.21504
v -8.82654 10.44897 2.21504
v -8.87194 10.51265 2.21504
v -8.88586 10.99961 2.21504
v -8.87194 11.48735 2.21504
v -8.82654 11.55103 2.21504
v -8.73103 11.58130 2.21504
v -8.00063 11.59057 2.21504
v -7.26897 11.58130 2.21504
v -7.17346 11.55103 2.21504
v -7.12806 11.48735 2.21504
v -7.16027 11.00000 2.23661
v -7.17346 10.53803 2.23661
v -7.21650 10.47767 2.23661
v -7.30704 10.44897 2.23661
v -7.99952 10.44018 2.23661
v -8.69296 10.44897 2.23661
v -8.78350 10.47767 2.23661
v -8.82654 10.53803 2.23661
v -8.83973 10.99963 2.23661
v -8.82654 11.46197 2.23661
v -8.78350 11.52233 2.23661
v -8.69296 11.55103 2.23661
v -8.00060 11.55982 2.23661
v -7.30704 11.55103 2.23661
v -7.21650 11.52233 2.23661
v -7.17346 11.46197 2.23661
v -7.25731 11.00000 2.24686
v -7.26897 10.59141 2.24686
v -7.30704 10.53803 2.24686
v -7.38712 10.51265 2.24686
v -7.99958 10.50487 2.24686
v -8.61288 10.51265 2.24686
v -8.69296 10.53803 2.24686
v -8.73103 10.59141 2.24686
v -8.74269 10.99967 2.24686
v -8.73103 11.40859 2.24686
v -8.69296 11.46197 2.24686
v -8.61288 11.48735 2.24686
v -8.00053 11.49513 2.24686
v -7.38712 11.48735 2.24686
v -7.30704 11.46197 2.24686
v -7.26897 11.40859 2.24686
v -7.99949 11.00000 2.25000
v -7.99949 10.99972 2.25000
v -7.99952 10.99968 2.25000
v -7.99958 10.99966 2.25000
v -8.00000 10.99966 2.25000
v -8.00042 10.99966 2.25000
v -8.00048 10.99968 2.25000
v -8.00051 10.99972 2.25000
v -8.00051 11.00000 2.25000
v -8.00051 11.00028 2.25000
v -8.00048 11.00032 2.25000
v -8.00042 11.00034 2.25000
v -8.00000 11.00034 2.25000
v -7.99958 11.00034 2.25000
v -7.99952 11.00032 2.25000
v -7.99949 11.00028 2.25000
v -4.99950 10.50000 1.60000
v -4.99951 10.49988 1.60000
v -4.99954 10.49986 1.60000
v -4.99959 10.49985 1.60000
v -5.00000 10.49985 1.60000
v -5.00041 10.49985 1.60000
v -5.00046 10.49986 1.60000
v -5.00049 10.49988 1.60000
v -5.00050 10.50000 1.60000
v -5.00049 10.50012 1.60000
v -5.00046 10.50014 1.60000
v -5.00041 10.50015 1.60000
v -5.00000 10.50015 1.60000
v -4.99959 10.50015 1.60000
v -4.99954 10.50014 1.60000
v -4.99951 10.50012 1.60000
v -3.50240 10.50000 1.61381
v -3.52826 10.13958 1.61381
v -3.61234 10.08745 1.61381
v -3.78767 10.06245 1.61381
v -4.99959 10.05477 1.61381
v -6.21233 10.06245 1.61381
v -6.38766 10.08745 1.61381
v -6.47174 10.13958 1.61381
v -6.49760 10.49986 1.61381
v -6.47174 10.86042 1.61381
v -6.38766 10.91255 1.61381
v -6.21233 10.93755 1.61381
v -5.00052 10.94523 1.61381
v -3.78767 10.93755 1.61381
v -3.61234 10.91255 1.61381
v -3.52826 10.86042 1.61381
v -3.28581 10.50000 1.65873
v -3.31541 10.08745 1.65873
v -3.41165 10.02779 1.65873
v -3.61234 9.99918 1.65873
v -4.99954 9.99038 1.65873
v -6.38766 9.99918 1.65873
v -6.58835 10.02779 1.65873
v -6.68459 10.08745 1.65873
v -6.71419 10.49984 1.65873
v -6.68459 10.91255 1.65873
v -6.58835 10.97221 1.65873
v -6.38766 11.00082 1.65873
v -5.00059 11.00962 1.65873
v -3.61234 11.00082 1.65873
v -3.41165 10.97221 1.65873
v -3.31541 10.91255 1.65873
v -3.18194 10.50000 1.75239
v -3.21334 10.06245 1.75239
v -3.31541 9.99918 1.75239
v -3.52826 9.96883 1.75239
v -4.99951 9.95950 1.75239
v -6.47174 9.96883 1.75239
v -6.68459 9.99918 1.75239
v -6.78666 10.06245 1.75239
v -6.81806 10.49983 1.75239
v -6.78666 10.93755 1.75239
v -6.68459 11.00082 1.75239
v -6.47174 11.03117 1.75239
v -5.00063 11.04050 1.75239
v -3.52826 11.03117 1.75239
v -3.31541 11.00082 1.75239
v -3.21334 10.93755 1.75239
v -3.15000 10.50000 2.40000
v -3.18194 10.05477 2.40000
v -3.28581 9.99038 2.40000
v -3.50240 9.95950 2.40000
v -4.99950 9.95000 2.40000
v -6.49760 9.95950 2.40000
v -6.71419 9.99038 2.40000
v -6.81806 10.05477 2.40000
v -6.85000 10.49983 2.40000
v -6.81806 10.94523 2.40000
v -6.71419 11.00962 2.40000
v -6.49760 11.04050 2.40000
v -5.00064 11.05000 2.40000
v -3.50240 11.04050 2.40000
v -3.28581 11.00962 2.40000
v -3.18194 10.94523 2.40000
v -3.18194 10.50000 3.04761
v -3.21334 10.06245 3.04761
v -3.31541 9.99918 3.04761
v -3.52826 9.96883 3.04761
v -4.99951 9.95950 3.04761
v -6.47174 9.96883 3.04761
v -6.68459 9.99918 3.04761
v -6.78666 10.06245 3.04761
v -6.81806 10.49983 3.04761
v -6.78666 10.93755 3.04761
v -6.68459 11.00082 3.04761
v -6.47174 11.03117 3.04761
v -5.00063 11.04050 3.04761
v -3.52826 11.03117 3.04761
v -3.31541 11.00082 3.04761
v -3.21334 10.93755 3.04761
v -3.28581 10.50000 3.14127
v -3.31541 10.08745 3.14127
v -3.41165 10.02779 3.14127
v -3.61234 9.99918 3.14127
v -4.99954 9.99038 3.14127
v -6.38766 9.99918 3.14127
v -6.58835 10.02779 3.14127
v -6.68459 10.08745 3.14127
v -6.71419 10.49984 3.14127
v -6.68459 10.91255 3.14127
v -6.58835 10.97221 3.14127
v -6.38766 11.00082 3.14127
v -5.00059 11.00962 3.14127
v -3.61234 11.00082 3.14127
v -3.41165 10.97221 3.14127
v -3.31541 10.91255 3.14127
v -3.50240 10.50000 3.18619
v -3.52826 10.13958 3.18619
v -3.61234 10.08745 3.18619
v -3.78767 10.06245 3.18619
v -4.99959 10.05477 3.18619
v -6.21233 10.06245 3.18619
v -6.38766 10.08745 3.18619
v -6.47174 10.13958 3.18619
v -6.49760 10.49986 3.18619
v -6.47174 10.86042 3.18619
v -6.38766 10.91255 3.18619
v -6.21233 10.93755 3.18619
v -5.00052 10.94523 3.18619
v -3.78767 10.93755 3.18619
v -3.61234 10.91255 3.18619
v -3.52826 10.86042 3.18619
v -4.99950 10.50000 3.20000
v -4.99951 10.49988 3.20000
v -4.99954 10.49986 3.20000
v -4.99959 10.49985 3.20000
v -5.00000 10.49985 3.20000
v -5.00041 10.49985 3.20000
v -5.00046 10.49986 3.20000
v -5.00049 10.49988 3.20000
v -5.00050 10.50000 3.20000
v -5.00049 10.50012 3.20000
v -5.00046 10.50014 3.20000
v -5.00041 10.50015 3.20000
v -5.00000 10.50015 3.20000
v -4.99959 10.50015 3.20000
v -4.99954 10.50014 3.20000
v -4.99951 10.50012 3.20000
v -4.99949 11.00000 3.05000
v -4.99949 10.99972 3.05000
v -4.99952 10.99968 3.05000
v -4.99958 10.99966 3.05000
v -5.00000 10.99966 3.05000
v -5.00042 10.99966 3.05000
v -5.00048 10.99968 3.05000
v -5.00051 10.99972 3.05000
v -5.00051 11.00000 3.05000
v -5.00051 11.00028 3.05000
v -5.00048 11.00032 3.05000
v -5.00042 11.00034 3.05000
v -5.00000 11.00034 3.05000
v -4.99958 11.00034 3.05000
v -4.99952 11.00032 3.05000
v -4.99949 11.00028 3.05000
v -4.25731 11.00000 3.05314
v -4.26897 10.59141 3.05314
v -4.30704 10.53803 3.05314
v -4.38712 10.51265 3.05314
v -4.99958 10.50487 3.05314
v -5.61288 10.51265 3.05314
v -5.69296 10.53803 3.05314
v -5.73103 10.59141 3.05314
v -5.74269 10.99967 3.05314
v -5.73103 11.40859 3.05314
v -5.69296 11.46197 3.05314
v -5.61288 11.48735 3.05314
v -5.00053 11.49513 3.05314
v -4.38712 11.48735 3.05314
v -4.30704 11.46197 3.05314
v -4.26897 11.40859 3.05314
v -4.16027 11.00000 3.06339
v -4.17346 10.53803 3.06339
v -4.21650 10.47767 3.06339
v -4.30704 10.44897 3.06339
v -4.99952 10.44018 3.06339
v -5.69296 10.44897 3.06339
v -5.78350 10.47767 3.06339
v -5.82654 10.53803 3.06339
v -5.83973 10.99963 3.06339
v -5.82654 11.46197 3.06339
v -5.78350 11.52233 3.06339
v -5.69296 11.55103 3.06339
v -5.00060 11.55982 3.06339
v -4.30704 11.55103 3.06339
v -4.21650 11.52233 3.06339
v -4.17346 11.46197 3.06339
v -4.11414 11.00000 3.08496
v -4.12806 10.51265 3.08496
v -4.17346 10.44897 3.08496
v -4.26897 10.41870 3.08496
v -4.99949 10.40943 3.08496
v -5.73103 10.41870 3.08496
v -5.82654 10.44897 3.08496
v -5.87194 10.51265 3.08496
v -5.88586 10.99961 3.08496
v -5.87194 11.48735 3.08496
v -5.82654 11.55103 3.08496
v -5.73103 11.58130 3.08496
v -5.00063 11.59057 3.08496
v -4.26897 11.58130 3.08496
v -4.17346 11.55103 3.08496
v -4.12806 11.48735 3.08496
v -4.10000 11.00000 3.25000
v -4.11414 10.50487 3.25000
v -4.16027 10.44018 3.25000
v -4.25731 10.40943 3.25000
v -4.99949 10.40000 3.25000
v -5.74269 10.40943 3.25000
v -5.83973 10.44018 3.25000
v -5.88586 10.50487 3.25000
v -5.90000 10.99961 3.25000
v -5.88586 11.49513 3.25000
v -5.83973 11.55982 3.25000
v -5.74269 11.59057 3.25000
v -5.00064 11.60000 3.25000
v -4.25731 11.59057 3.25000
v -4.16027 11.55982 3.25000
v -4.11414 11.49513 3.25000
v -4.11414 11.00000 3.41504
v -4.12806 10.51265 3.41504
v -4.17346 10.44897 3.41504
v -4.26897 10.41870 3.41504
v -4.99949 10.40943 3.41504
v -5.73103 10.41870 3.41504
v -5.82654 10.44897 3.41504
v -5.87194 10.51265 3.41504
v -5.88586 10.99961 3.41504
v -5.87194 11.48735 3.41504
v -5.82654 11.55103 3.41504
v -5.73103 11.58130 3.41504
v -5.00063 11.59057 3.41504
v -4.26897 11.58130 3.41504
v -4.17346 11.55103 3.41504
v -4.12806 11.48735 3.41504
v -4.16027 11.00000 3.43661
v -4.17346 10.53803 3.43661
v -4.21650 10.47767 3.43661
v -4.30704 10.44897 3.43661
v -4.99952 10.44018 3.43661
v -5.69296 10.44897 3.43661
v -5.78350 10.47767 3.43661
v -5.82654 10.53803 3.43661
v -5.83973 10.99963 3.43661
v -5.82654 11.46197 3.43661
v -5.78350 11.52233 3.43661
v -5.69296 11.55103 3.43661
v -5.00060 11.55982 3.43661
v -4.30704 11.55103 3.43661
v -4.21650 11.52233 3.43661
v -4.17346 11.46197 3.43661
v -4.25731 11.00000 3.44686
v -4.26897 10.59141 3.44686
v -4.30704 10.53803 3.44686
v -4.38712 10.51265 3.44686
v -4.99958 10.50487 3.44686
v -5.61288 10.51265 3.44686
v -5.69296 10.53803 3.44686
v -5.73103 10.59141 3.44686
v -5.74269 10.99967 3.44686
v -5.73103 11.40859 3.44686
v -5.69296 11.46197 3.44686
v -5.61288 11.48735 3.44686
v -5.00053 11.49513 3.44686
v -4.38712 11.48735 3.44686
v -4.30704 11.46197 3.44686
v -4.26897 11.40859 3.44686
v -4.99949 11.00000 3.45000
v -4.99949 10.99972 3.45000
v -4.99952 10.99968 3.45000
v -4.99958 10.99966 3.45000
v -5.00000 10.99966 3.45000
v -5.00042 10.99966 3.45000
v -5.00048 10.99968 3.45000
v -5.00051 10.99972 3.45000
v -5.00051 11.00000 3.45000
v -5.00051 11.00028 3.45000
v -5.00048 11.00032 3.45000
v -5.00042 11.00034 3.45000
v -5.00000 11.00034 3.45000
v -4.99958 11.00034 3.45000
v -4.99952 11.00032 3.45000
v -4.99949 11.00028 3.45000
v -1.99950 10.50000 2.30000
v -1.99951 10.49988 2.30000
v -1.99954 10.49986 2.30000
v -1.99959 10.49985 2.30000
v -2.00000 10.49985 2.30000
v -2.00041 10.49985 2.30000
v -2.00046 10.49986 2.30000
v -2.00049 10.49988 2.30000
v -2.00050 10.50000 2.30000
v -2.00049 10.50012 2.30000
v -2.00046 10.50014 2.30000
v -2.00041 10.50015 2.30000
v -2.00000 10.50015 2.30000
v -1.99959 10.50015 2.30000
v -1.99954 10.50014 2.30000
v -1.99951 10.50012 2.30000
v -0.50240 10.50000 2.31381
v -0.52826 10.13958 2.31381
v -0.61234 10.08745 2.31381
v -0.78767 10.06245 2.31381
v -1.99959 10.05477 2.31381
v -3.21233 10.06245 2.31381
v -3.38766 10.08745 2.31381
v -3.47174 10.13958 2.31381
v -3.49760 10.49986 2.31381
v -3.47174 10.86042 2.31381
v -3.38766 10.91255 2.31381
v -3.21233 10.93755 2.31381
v -2.00052 10.94523 2.31381
v -0.78767 10.93755 2.31381
v -0.61234 10.91255 2.31381
v -0.52826 10.86042 2.31381
v -0.28581 10.50000 2.35873
v -0.31541 10.08745 2.35873
v -0.41165 10.02779 2.35873
v -0.61234 9.99918 2.35873
v -1.99954 9.99038 2.35873
v -3.38766 9.99918 2.35873
v -3.58835 10.02779 2.35873
v -3.68459 10.08745 2.35873
v -3.71419 10.49984 2.35873
v -3.68459 10.91255 2.35873
v -3.58835 10.97221 2.35873
v -3.38766 11.00082 2.35873
v -2.00059 11.00962 2.35873
v -0.61234 11.00082 2.35873
v -0.41165 10.97221 2.35873
v -0.31541 10.91255 2.35873
v -0.18194 10.50000 2.45239
v -0.21334 10.06245 2.45239
v -0.31541 9.99918 2.45239
v -0.52826 9.96883 2.45239
v -1.99951 9.95950 2.45239
v -3.47174 9.96883 2.45239
v -3.68459 9.99918 2.45239
v -3.78666 10.06245 2.45239
v -3.81806 10.49983 2.45239
v -3.78666 10.93755 2.45239
v -3.68459 11.00082 2.45239
v -3.47174 11.03117 2.45239
v -2.00063 11.04050 2.45239
v -0.52826 11.03117 2.45239
v -0.31541 11.00082 2.45239
v -0.21334 10.93755 2.45239
v -0.15000 10.50000 3.10000
v -0.18194 10.05477 3.10000
v -0.28581 9.99038 3.10000
v -0.50240 9.95950 3.10000
v -1.99950 9.95000 3.10000
v -3.49760 9.95950 3.10000
v -3.71419 9.99038 3.10000
v -3.81806 10.05477 3.10000
v -3.85000 10.49983 3.10000
v -3.81806 10.94523 3.10000
v -3.71419 11.00962 3.10000
v -3.49760 11.04050 3.10000
v -2.00064 11.05000 3.10000
v -0.50240 11.04050 3.10000
v -0.28581 11.00962 3.10000
v -0.18194 10.94523 3.10000
v -0.18194 10.50000 3.74761
v -0.21334 10.06245 3.74761
v -0.31541 9.99918 3.74761
v -0.52826 9.96883 3.74761
v -1.99951 9.95950 3.74761
v -3.47174 9.96883 3.74761
v -3.68459 9.99918 3.74761
v -3.78666 10.06245 3.74761
v -3.81806 10.49983 3.74761
v -3.78666 10.93755 3.74761
v -3.68459 11.00082 3.74761
v -3.47174 11.03117 3.74761
v -2.00063 11.04050 3.74761
v -0.52826 11.03117 3.74761
v -0.31541 11.00082 3.74761
v -0.21334 10.93755 3.74761
v -0.28581 10.50000 3.84127
v -0.31541 10.08745 3.84127
v -0.41165 10.02779 3.84127
v -0.61234 9.99918 3.84127
v -1.99954 9.99038 3.84127
v -3.38766 9.99918 3.84127
v -3.58835 10.02779 3.84127
v -3.68459 10.08745 3.84127
v -3.71419 10.49984 3.84127
v -3.68459 10.91255 3.84127
v -3.58835 10.97221 3.84127
v -3.38766 11.00082 3.84127
v -2.00059 11.00962 3.84127
v -0.61234 11.00082 3.84127
v -0.41165 10.97221 3.84127
v -0.31541 10.91255 3.84127
v -0.50240 10.50000 3.88619
v -0.52826 10.13958 3.88619
v -0.61234 10.08745 3.88619
v -0.78767 10.06245 3.88619
v -1.99959 10.05477 3.88619
v -3.21233 10.06245 3.88619
v -3.38766 10.08745 3.88619
v -3.47174 10.13958 3.88619
v -3.49760 10.49986 3.88619
v -3.47174 10.86042 3.88619
v -3.38766 10.91255 3.88619
v -3.21233 10.93755 3.88619
v -2.00052 10.94523 3.88619
v -0.78767 10.93755 3.88619
v -0.61234 10.91255 3.88619
v -0.52826 10.86042 3.88619
v -1.99950 10.50000 3.90000
v -1.99951 10.49988 3.90000
v -1.99954 10.49986 3.90000
v -1.99959 10.49985 3.90000
v -2.00000 10.49985 3.90000
v -2.00041 10.49985 3.90000
v -2.00046 10.49986 3.90000
v -2.00049 10.49988 3.90000
v -2.00050 10.50000 3.90000
v -2.00049 10.50012 3.90000
v -2.00046 10.50014 3.90000
v -2.00041 10.50015 3.90000
v -2.00000 10.50015 3.90000
v -1.99959 10.50015 3.90000
v -1.99954 10.50014 3.90000
v -1.99951 10.50012 3.90000
v -1.99949 11.00000 3.75000
v -1.99949 10.99972 3.75000
v -1.99952 10.99968 3.75000
v -1.99958 10.99966 3.75000
v -2.00000 10.99966 3.75000
v -2.00042 10.99966 3.75000
v -2.00048 10.99968 3.75000
v -2.00051 10.99972 3.75000
v -2.00051 11.00000 3.75000
v -2.00051 11.00028 3.75000
v -2.00048 11.00032 3.75000
v -2.00042 11.00034 3.75000
v -2.00000 11.00034 3.75000
v -1.99958 11.00034 3.75000
v -1.99952 11.00032 3.75000
v -1.99949 11.00028 3.75000
v -1.25731 11.00000 3.75314
v -1.26897 10.59141 3.75314
v -1.30704 10.53803 3.75314
v -1.38712 10.51265 3.75314
v -1.99958 10.50487 3.75314
v -2.61288 10.51265 3.75314
v -2.69296 10.53803 3.75314
v -2.73103 10.59141 3.75314
v -2.74269 10.99967 3.75314
v -2.73103 11.40859 3.75314
v -2.69296 11.46197 3.75314
v -2.61288 11.48735 3.75314
v -2.00053 11.49513 3.75314
v -1.38712 11.48735 3.75314
v -1.30704 11.46197 3.75314
v -1.26897 11.40859 3.75314
v -1.16027 11.00000 3.76339
v -1.17346 10.53803 3.76339
v -1.21650 10.47767 3.76339
v -1.30704 10.44897 3.76339
v -1.99952 10.44018 3.76339
v -2.69296 10.44897 3.76339
v -2.78350 10.47767 3.76339
v -2.82654 10.53803 3.76339
v -2.83973 10.99963 3.76339
v -2.82654 11.46197 3.76339
v -2.78350 11.52233 3.76339
v -2.69296 11.55103 3.76339
v -2.00060 11.55982 3.76339
v -1.30704 11.55103 3.76339
v -1.21650 11.52233 3.76339
v -1.17346 11.46197 3.76339
v -1.11414 11.00000 3.78496
v -1.12806 10.51265 3.78496
v -1.17346 10.44897 3.78496
v -1.26897 10.41870 3.78496
v -1.99949 10.40943 3.78496
v -2.73103 10.41870 3.78496
v -2.82654 10.44897 3.78496
v -2.87194 10.51265 3.78496
v -2.88586 10.99961 3.78496
v -2.87194 11.48735 3.78496
v -2.82654 11.55103 3.78496
v -2.73103 11.58130 3.78496
v -2.00063 11.59057 3.78496
v -1.26897 11.58130 3.78496
v -1.17346 11.55103 3.78496
v -1.12806 11.48735 3.78496
v -1.10000 11.00000 3.95000
v -1.11414 10.50487 3.95000
v -1.16027 10.44018 3.95000
v -1.25731 10.40943 3.95000
v -1.99949 10.40000 3.95000
v -2.74269 10.40943 3.95000
v -2.83973 10.44018 3.95000
v -2.88586 10.50487 3.95000
v -2.90000 10.99961 3.95000
v -2.88586 11.49513 3.95000
v -2.83973 11.55982 3.95000
v -2.74269 11.59057 3.95000
v -2.00064 11.60000 3.95000
v -1.25731 11.59057 3.95000
v -1.16027 11.55982 3.95000
v -1.11414 11.49513 3.95000
v -1.11414 11.00000 4.11504
v -1.12806 10.51265 4.11504
v -1.17346 10.44897 4.11504
v -1.26897 10.41870 4.11504
v -1.99949 10.40943 4.11504
v -2.73103 10.41870 4.11504
v -2.82654 10.44897 4.11504
v -2.87194 10.51265 4.11504
v -2.88586 10.99961 4.11504
v -2.87194 11.48735 4.11504
v -2.82654 11.55103 4.11504
v -2.73103 11.58130 4.11504
v -2.00063 11.59057 4.11504
v -1.26897 11.58130 4.11504
v -1.17346 11.55103 4.11504
v -1.12806 11.48735 4.11504
v -1.16027 11.00000 4.13661
v -1.17346 10.53803 4.13661
v -1.21650 10.47767 4.13661
v -1.30704 10.44897 4.13661
v -1.99952 10.44018 4.13661
v -2.69296 10.44897 4.13661
v -2.78350 10.47767 4.13661
v -2.82654 10.53803 4.13661
v -2.83973 10.99963 4.13661
v -2.82654 11.46197 4.13661
v -2.78350 11.52233 4.13661
v -2.69296 11.55103 4.13661
v -2.00060 11.55982 4.13661
v -1.30704 11.55103 4.13661
v -1.21650 11.52233 4.13661
v -1.17346 11.46197 4.13661
v -1.25731 11.00000 4.14686
v -1.26897 10.59141 4.14686
v -1.30704 10.53803 4.14686
v -1.38712 10.51265 4.14686
v -1.99958 10.50487 4.14686
v -2.61288 10.51265 4.14686
v -2.69296 10.53803 4.14686
v -2.73103 10.59141 4.14686
v -2.74269 10.99967 4.14686
v -2.73103 11.40859 4.14686
v -2.69296 11.46197 4.14686
v -2.61288 11.48735 4.14686
v -2.00053 11.49513 4.14686
v -1.38712 11.48735 4.14686
v -1.30704 11.46197 4.14686
v -1.26897 11.40859 4.14686
v -1.99949 11.00000 4.15000
v -1.99949 10.99972 4.15000
v -1.99952 10.99968 4.15000
v -1.99958 10.99966 4.15000
v -2.00000 10.99966 4.15000
v -2.00042 10.99966 4.15000
v -2.00048 10.99968 4.15000
v -2.00051 10.99972 4.15000
v -2.00051 11.00000 4.15000
v -2.00051 11.00028 4.15000
v -2.00048 11.00032 4.15000
v -2.00042 11.00034 4.15000
v -2.00000 11.00034 4.15000
v -1.99958 11.00034 4.15000
v -1.99952 11.00032 4.15000
v -1.99949 11.00028 4.15000
v 1.00050 10.50000 2.50000
v 1.00049 10.49988 2.50000
v 1.00046 10.49986 2.50000
v 1.00041 10.49985 2.50000
v 1.00000 10.49985 2.50000
v 0.99959 10.49985 2.50000
v 0.99954 10.49986 2.50000
v 0.99951 10.49988 2.50000
v 0.99950 10.50000 2.50000
v 0.99951 10.50012 2.50000
v 0.99954 10.50014 2.50000
v 0.99959 10.50015 2.50000
v 1.00000 10.50015 2.50000
v 1.00041 10.50015 2.50000
v 1.00046 10.50014 2.50000
v 1.00049 10.50012 2.50000
v 2.49760 10.50000 2.51381
v 2.47174 10.13958 2.51381
v 2.38766 10.08745 2.51381
v 2.21233 10.06245 2.51381
v 1.00041 10.05477 2.51381
v -0.21233 10.06245 2.51381
v -0.38766 10.08745 2.51381
v -0.47174 10.13958 2.51381
v -0.49760 10.49986 2.51381
v -0.47174 10.86042 2.51381
v -0.38766 10.91255 2.51381
v -0.21233 10.93755 2.51381
v 0.99948 10.94523 2.51381
v 2.21233 10.93755 2.51381
v 2.38766 10.91255 2.51381
v 2.47174 10.86042 2.51381
v 2.71419 10.50000 2.55873
v 2.68459 10.08745 2.55873
v 2.58835 10.02779 2.55873
v 2.38766 9.99918 2.55873
v 1.00046 9.99038 2.55873
v -0.38766 9.99918 2.55873
v -0.58835 10.02779 2.55873
v -0.68459 10.08745 2.55873
v -0.71419 10.49984 2.55873
v -0.68459 10.91255 2.55873
v -0.58835 10.97221 2.55873
v -0.38766 11.00082 2.55873
v 0.99941 11.00962 2.55873
v 2.38766 11.00082 2.55873
v 2.58835 10.97221 2.55873
v 2.68459 10.91255 2.55873
v 2.81806 10.50000 2.65239
v 2.78666 10.06245 2.65239
v 2.68459 9.99918 2.65239
v 2.47174 9.96883 2.65239
v 1.00049 9.95950 2.65239
v -0.47174 9.96883 2.65239
v -0.68459 9.99918 2.65239
v -0.78666 10.06245 2.65239
v -0.81806 10.49983 2.65239
v -0.78666 10.93755 2.65239
v -0.68459 11.00082 2.65239
v -0.47174 11.03117 2.65239
v 0.99937 11.04050 2.65239
v 2.47174 11.03117 2.65239
v 2.68459 11.00082 2.65239
v 2.78666 10.93755 2.65239
v 2.85000 10.50000 3.30000
v 2.81806 10.05477 3.30000
v 2.71419 9.99038 3.30000
v 2.49760 9.95950 3.30000
v 1.00050 9.95000 3.30000
v -0.49760 9.95950 3.30000
v -0.71419 9.99038 3.30000
v -0.81806 10.05477 3.30000
v -0.85000 10.49983 3.30000
v -0.81806 10.94523 3.30000
v -0.71419 11.00962 3.30000
v -0.49760 11.04050 3.30000
v 0.99936 11.05000 3.30000
v 2.49760 11.04050 3.30000
v 2.71419 11.00962 3.30000
v 2.81806 10.94523 3.30000
v 2.81806 10.50000 3.94761
v 2.78666 10.06245 3.94761
v 2.68459 9.99918 3.94761
v 2.47174 9.96883 3.94761
v 1.00049 9.95950 3.94761
v -0.47174 9.96883 3.94761
v -0.68459 9.99918 3.94761
v -0.78666 10.06245 3.94761
v -0.81806 10.49983 3.94761
v -0.78666 10.93755 3.94761
v -0.68459 11.00082 3.94761
v -0.47174 11.03117 3.94761
v 0.99937 11.04050 3.94761
v 2.47174 11.03117 3.94761
v 2.68459 11.00082 3.94761
v 2.78666 10.93755 3.94761
v 2.71419 10.50000 4.04127
v 2.68459 10.08745 4.04127
v 2.58835 10.02779 4.04127
v 2.38766 9.99918 4.04127
v 1.00046 9.99038 4.04127
v -0.38766 9.99918 4.04127
v -0.58835 10.02779 4.04127
v -0.68459 10.08745 4.04127
v -0.71419 10.49984 4.04127
v -0.68459 10.91255 4.04127
v -0.58835 10.97221 4.04127
v -0.38766 11.00082 4.04127
v 0.99941 11.00962 4.04127
v 2.38766 11.00082 4.04127
v 2.58835 10.97221 4.04127
v 2.68459 10.91255 4.04127
v 2.49760 10.50000 4.08619
v 2.47174 10.13958 4.08619
v 2.38766 10.08745 4.08619
v 2.21233 10.06245 4.08619
v 1.00041 10.05477 4.08619
v -0.21233 10.06245 4.08619
v -0.38766 10.08745 4.08619
v -0.47174 10.13958 4.08619
v -0.49760 10.49986 4.08619
v -0.47174 10.86042 4.08619
v -0.38766 10.91255 4.08619
v -0.21233 10.93755 4.08619
v 0.99948 10.94523 4.08619
v 2.21233 10.93755 4.08619
v 2.38766 10.91255 4.08619
v 2.47174 10.86042 4.08619
v 1.00050 10.50000 4.10000
v 1.00049 10.49988 4.10000
v 1.00046 10.49986 4.10000
v 1.00041 10.49985 4.10000
v 1.00000 10.49985 4.10000
v 0.99959 10.49985 4.10000
v 0.99954 10.49986 4.10000
v 0.99951 10.49988 4.10000
v 0.99950 10.50000 4.10000
v 0.99951 10.50012 4.10000
v 0.99954 10.50014 4.10000
v 0.99959 10.50015 4.10000
v 1.00000 10.50015 4.10000
v 1.00041 10.50015 4.10000
v 1.00046 10.50014 4.10000
v 1.00049 10.50012 4.10000
v 1.00051 11.00000 3.95000
v 1.00051 10.99972 3.95000
v 1.00048 10.99968 3.95000
v 1.00042 10.99966 3.95000
v 1.00000 10.99966 3.95000
v 0.99958 10.99966 3.95000
v 0.99952 10.99968 3.95000
v 0.99949 10.99972 3.95000
v 0.99949 11.00000 3.95000
v 0.99949 11.00028 3.95000
v 0.99952 11.00032 3.95000
v 0.99958 11.00034 3.95000
v 1.00000 11.00034 3.95000
v 1.00042 11.00034 3.95000
v 1.00048 11.00032 3.95000
v 1.00051 11.00028 3.95000
v 1.74269 11.00000 3.95314
v 1.73103 10.59141 3.95314
v 1.69296 10.53803 3.95314
v 1.61288 10.51265 3.95314
v 1.00042 10.50487 3.95314
v 0.38712 10.51265 3.95314
v 0.30704 10.53803 3.95314
v 0.26897 10.59141 3.95314
v 0.25731 10.99967 3.95314
v 0.26897 11.40859 3.95314
v 0.30704 11.46197 3.95314
v 0.38712 11.48735 3.95314
v 0.99947 11.49513 3.95314
v 1.61288 11.48735 3.95314
v 1.69296 11.46197 3.95314
v 1.73103 11.40859 3.95314
v 1.83973 11.00000 3.96339
v 1.82654 10.53803 3.96339
v 1.78350 10.47767 3.96339
v 1.69296 10.44897 3.96339
v 1.00048 10.44018 3.96339
v 0.30704 10.44897 3.96339
v 0.21650 10.47767 3.96339
v 0.17346 10.53803 3.96339
v 0.16027 10.99963 3.96339
v 0.17346 11.46197 3.96339
v 0.21650 11.52233 3.96339
v 0.30704 11.55103 3.96339
v 0.99940 11.55982 3.96339
v 1.69296 11.55103 3.96339
v 1.78350 11.52233 3.96339
v 1.82654 11.46197 3.96339
v 1.88586 11.00000 3.98496
v 1.87194 10.51265 3.98496
v 1.82654 10.44897 3.98496
v 1.73103 10.41870 3.98496
v 1.00051 10.40943 3.98496
v 0.26897 10.41870 3.98496
v 0.17346 10.44897 3.98496
v 0.12806 10.51265 3.98496
v 0.11414 10.99961 3.98496
v 0.12806 11.48735 3.98496
v 0.17346 11.55103 3.98496
v 0.26897 11.58130 3.98496
v 0.99937 11.59057 3.98496
v 1.73103 11.58130 3.98496
v 1.82654 11.55103 3.98496
v 1.87194 11.48735 3.98496
v 1.90000 11.00000 4.15000
v 1.88586 10.50487 4.15000
v 1.83973 10.44018 4.15000
v 1.74269 10.40943 4.15000
v 1.00051 10.40000 4.15000
v 0.25731 10.40943 4.15000
v 0.16027 10.44018 4.15000
v 0.11414 10.50487 4.15000
v 0.10000 10.99961 4.15000
v 0.11414 11.49513 4.15000
v 0.16027 11.55982 4.15000
v 0.25731 11.59057 4.15000
v 0.99936 11.60000 4.15000
v 1.74269 11.59057 4.15000
v 1.83973 11.55982 4.15000
v 1.88586 11.49513 4.15000
v 1.88586 11.00000 4.31504
v 1.87194 10.51265 4.31504
v 1.82654 10.44897 4.31504
v 1.73103 10.41870 4.31504
v 1.00051 10.40943 4.31504
v 0.26897 10.41870 4.31504
v 0.17346 10.44897 4.31504
v 0.12806 10.51265 4.31504
v 0.11414 10.99961 4.31504
v 0.12806 11.48735 4.31504
v 0.17346 11.55103 4.31504
v 0.26897 11.58130 4.31504
v 0.99937 11.59057 4.31504
v 1.73103 11.58130 4.31504
v 1.82654 11.55103 4.31504
v 1.87194 11.48735 4.31504
v 1.83973 11.00000 4.33661
v 1.82654 10.53803 4.33661
v 1.78350 10.47767 4.33661
v 1.69296 10.44897 4.33661
v 1.00048 10.44018 4.33661
v 0.30704 10.44897 4.33661
v 0.21650 10.47767 4.33661
v 0.17346 10.53803 4.33661
v 0.16027 10.99963 4.33661
v 0.17346 11.46197 4.33661
v 0.21650 11.52233 4.33661
v 0.30704 11.55103 4.33661
v 0.99940 11.55982 4.33661
v 1.69296 11.55103 4.33661
v 1.78350 11.52233 4.33661
v 1.82654 11.46197 4.33661
v 1.74269 11.00000 4.34686
v 1.73103 10.59141 4.34686
v 1.69296 10.53803 4.34686
v 1.61288 10.51265 4.34686
v 1.00042 10.50487 4.34686
v 0.38712 10.51265 4.34686
v 0.30704 10.53803 4.34686
v 0.26897 10.59141 4.34686
v 0.25731 10.99967 4.34686
v 0.26897 11.40859 4.34686
v 0.30704 11.46197 4.34686
v 0.38712 11.48735 4.34686
v 0.99947 11.49513 4.34686
v 1.61288 11.48735 4.34686
v 1.69296 11.46197 4.34686
v 1.73103 11.40859 4.34686
v 1.00051 11.00000 4.35000
v 1.00051 10.99972 4.35000
v 1.00048 10.99968 4.35000
v 1.00042 10.99966 4.35000
v 1.00000 10.99966 4.35000
v 0.99958 10.99966 4.35000
v 0.99952 10.99968 4.35000
v 0.99949 10.99972 4.35000
v 0.99949 11.00000 4.35000
v 0.99949 11.00028 4.35000
v 0.99952 11.00032 4.35000
v 0.99958 11.00034 4.35000
v 1.00000 11.00034 4.35000
v 1.00042 11.00034 4.35000
v 1.00048 11.00032 4.35000
v 1.00051 11.00028 4.35000
v 4.00050 10.50000 2.20000
v 4.00049 10.49988 2.20000
v 4.00046 10.49986 2.20000
v 4.00041 10.49985 2.20000
v 4.00000 10.49985 2.20000
v 3.99959 10.49985 2.20000
v 3.99954 10.49986 2.20000
v 3.99951 10.49988 2.20000
v 3.99950 10.50000 2.20000
v 3.99951 10.50012 2.20000
v 3.99954 10.50014 2.20000
v 3.99959 10.50015 2.20000
v 4.00000 10.50015 2.20000
v 4.00041 10.50015 2.20000
v 4.00046 10.50014 2.20000
v 4.00049 10.50012 2.20000
v 5.49760 10.50000 2.21381
v 5.47174 10.13958 2.21381
v 5.38766 10.08745 2.21381
v 5.21233 10.06245 2.21381
v 4.00041 10.05477 2.21381
v 2.78767 10.06245 2.21381
v 2.61234 10.08745 2.21381
v 2.52826 10.13958 2.21381
v 2.50240 10.49986 2.21381
v 2.52826 10.86042 2.21381
v 2.61234 10.91255 2.21381
v 2.78767 10.93755 2.21381
v 3.99948 10.94523 2.21381
v 5.21233 10.93755 2.21381
v 5.38766 10.91255 2.21381
v 5.47174 10.86042 2.21381
v 5.71419 10.50000 2.25873
v 5.68459 10.08745 2.25873
v 5.58835 10.02779 2.25873
v 5.38766 9.99918 2.25873
v 4.00046 9.99038 2.25873
v 2.61234 9.99918 2.25873
v 2.41165 10.02779 2.25873
v 2.31541 10.08745 2.25873
v 2.28581 10.49984 2.25873
v 2.31541 10.91255 2.25873
v 2.41165 10.97221 2.25873
v 2.61234 11.00082 2.25873
v 3.99941 11.00962 2.25873
v 5.38766 11.00082 2.25873
v 5.58835 10.97221 2.25873
v 5.68459 10.91255 2.25873
v 5.81806 10.50000 2.35239
v 5.78666 10.06245 2.35239
v 5.68459 9.99918 2.35239
v 5.47174 9.96883 2.35239
v 4.00049 9.95950 2.35239
v 2.52826 9.96883 2.35239
v 2.31541 9.99918 2.35239
v 2.21334 10.06245 2.35239
v 2.18194 10.49983 2.35239
v 2.21334 10.93755 2.35239
v 2.31541 11.00082 2.35239
v 2.52826 11.03117 2.35239
v 3.99937 11.04050 2.35239
v 5.47174 11.03117 2.35239
v 5.68459 11.00082 2.35239
v 5.78666 10.93755 2.35239
v 5.85000 10.50000 3.00000
v 5.81806 10.05477 3.00000
v 5.71419 9.99038 3.00000
v 5.49760 9.95950 3.00000
v 4.00050 9.95000 3.00000
v 2.50240 9.95950 3.00000
v 2.28581 9.99038 3.00000
v 2.18194 10.05477 3.00000
v 2.15000 10.49983 3.00000
v 2.18194 10.94523 3.00000
v 2.28581 11.00962 3.00000
v 2.50240 11.04050 3.00000
v 3.99936 11.05000 3.00000
v 5.49760 11.04050 3.00000
v 5.71419 11.00962 3.00000
v 5.81806 10.94523 3.00000
v 5.81806 10.50000 3.64761
v 5.78666 10.06245 3.64761
v 5.68459 9.99918 3.64761
v 5.47174 9.96883 3.64761
v 4.00049 9.95950 3.64761
v 2.52826 9.96883 3.64761
v 2.31541 9.99918 3.64761
v 2.21334 10.06245 3.64761
v 2.18194 10.49983 3.64761
v 2.21334 10.93755 3.64761
v 2.31541 11.00082 3.64761
v 2.52826 11.03117 3.64761
v 3.99937 11.04050 3.64761
v 5.47174 11.03117 3.64761
v 5.68459 11.00082 3.64761
v 5.78666 10.93755 3.64761
v 5.71419 10.50000 3.74127
v 5.68459 10.08745 3.74127
v 5.58835 10.02779 3.74127
v 5.38766 9.99918 3.74127
v 4.00046 9.99038 3.74127
v 2.61234 9.99918 3.74127
v 2.41165 10.02779 3.74127
v 2.31541 10.08745 3.74127
v 2.28581 10.49984 3.74127
v 2.31541 10.91255 3.74127
v 2.41165 10.97221 3.74127
v 2.61234 11.00082 3.74127
v 3.99941 11.00962 3.74127
v 5.38766 11.00082 3.74127
v 5.58835 10.97221 3.74127
v 5.68459 10.91255 3.74127
v 5.49760 10.50000 3.78619
v 5.47174 10.13958 3.78619
v 5.38766 10.08745 3.78619
v 5.21233 10.06245 3.78619
v 4.00041 10.05477 3.78619
v 2.78767 10.06245 3.78619
v 2.61234 10.08745 3.78619
v 2.52826 10.13958 3.78619
v 2.50240 10.49986 3.78619
v 2.52826 10.86042 3.78619
v 2.61234 10.91255 3.78619
v 2.78767 10.93755 3.78619
v 3.99948 10.94523 3.78619
v 5.21233 10.93755 3.78619
v 5.38766 10.91255 3.78619
v 5.47174 10.86042 3.78619
v 4.00050 10.50000 3.80000
v 4.00049 10.49988 3.80000
v 4.00046 10.49986 3.80000
v 4.00041 10.49985 3.80000
v 4.00000 10.49985 3.80000
v 3.99959 10.49985 3.80000
v 3.99954 10.49986 3.80000
v 3.99951 10.49988 3.80000
v 3.99950 10.50000 3.80000
v 3.99951 10.50012 3.80000
v 3.99954 10.50014 3.80000
v 3.99959 10.50015 3.80000
v 4.00000 10.50015 3.80000
v 4.00041 10.50015 3.80000
v 4.00046 10.50014 3.80000
v 4.00049 10.50012 3.80000
v 4.00051 11.00000 3.65000
v 4.00051 10.99972 3.65000
v 4.00048 10.99968 3.65000
v 4.00042 10.99966 3.65000
v 4.00000 10.99966 3.65000
v 3.99958 10.99966 3.65000
v 3.99952 10.99968 3.65000
v 3.99949 10.99972 3.65000
v 3.99949 11.00000 3.65000
v 3.99949 11.00028 3.65000
v 3.99952 11.00032 3.65000
v 3.99958 11.00034 3.65000
v 4.00000 11.00034 3.65000
v 4.00042 11.00034 3.65000
v 4.00048 11.00032 3.65000
v 4.00051 11.00028 3.65000
v 4.74269 11.00000 3.65314
v 4.73103 10.59141 3.65314
v 4.69296 10.53803 3.65314
v 4.61288 10.51265 3.65314
v 4.00042 10.50487 3.65314
v 3.38712 10.51265 3.65314
v 3.30704 10.53803 3.65314
v 3.26897 10.59141 3.65314
v 3.25731 10.99967 3.65314
v 3.26897 11.40859 3.65314
v 3.30704 11.46197 3.65314
v 3.38712 11.48735 3.65314
v 3.99947 11.49513 3.65314
v 4.61288 11.48735 3.65314
v 4.69296 11.46197 3.65314
v 4.73103 11.40859 3.65314
v 4.83973 11.00000 3.66339
v 4.82654 10.53803 3.66339
v 4.78350 10.47767 3.66339
v 4.69296 10.44897 3.66339
v 4.00048 10.44018 3.66339
v 3.30704 10.44897 3.66339
v 3.21650 10.47767 3.66339
v 3.17346 10.53803 3.66339
v 3.16027 10.99963 3.66339
v 3.17346 11.46197 3.66339
v 3.21650 11.52233 3.66339
v 3.30704 11.55103 3.66339
v 3.99940 11.55982 3.66339
v 4.69296 11.55103 3.66339
v 4.78350 11.52233 3.66339
v 4.82654 11.46197 3.66339
v 4.88586 11.00000 3.68496
v 4.87194 10.51265 3.68496
v 4.82654 10.44897 3.68496
v 4.73103 10.41870 3.68496
v 4.00051 10.40943 3.68496
v 3.26897 10.41870 3.68496
v 3.17346 10.44897 3.68496
v 3.12806 10.51265 3.68496
v 3.11414 10.99961 3.68496
v 3.12806 11.48735 3.68496
v 3.17346 11.55103 3.68496
v 3.26897 11.58130 3.68496
v 3.99937 11.59057 3.68496
v 4.73103 11.58130 3.68496
v 4.82654 11.55103 3.68496
v 4.87194 11.48735 3.68496
v 4.90000 11.00000 3.85000
v 4.88586 10.50487 3.85000
v 4.83973 10.44018 3.85000
v 4.74269 10.40943 3.85000
v 4.00051 10.40000 3.85000
v 3.25731 10.40943 3.85000
v 3.16027 10.44018 3.85000
v 3.11414 10.50487 3.85000
v 3.10000 10.99961 3.85000
v 3.11414 11.49513 3.85000
v 3.16027 11.55982 3.85000
v 3.25731 11.59057 3.85000
v 3.99936 11.60000 3.85000
v 4.74269 11.59057 3.85000
v 4.83973 11.55982 3.85000
v 4.88586 11.49513 3.85000
v 4.88586 11.00000 4.01504
v 4.87194 10.51265 4.01504
v 4.82654 10.44897 4.01504
v 4.73103 10.41870 4.01504
v 4.00051 10.40943 4.01504
v 3.26897 10.41870 4.01504
v 3.17346 10.44897 4.01504
v 3.12806 10.51265 4.01504
v 3.11414 10.99961 4.01504
v 3.12806 11.48735 4.01504
v 3.17346 11.55103 4.01504
v 3.26897 11.58130 4.01504
v 3.99937 11.59057 4.01504
v 4.73103 11.58130 4.01504
v 4.82654 11.55103 4.01504
v 4.87194 11.48735 4.01504
v 4.83973 11.00000 4.03661
v 4.82654 10.53803 4.03661
v 4.78350 10.47767 4.03661
v 4.69296 10.44897 4.03661
v 4.00048 10.44018 4.03661
v 3.30704 10.44897 4.03661
v 3.21650 10.47767 4.03661
v 3.17346 10.53803 4.03661
v 3.16027 10.99963 4.03661
v 3.17346 11.46197 4.03661
v 3.21650 11.52233 4.03661
v 3.30704 11.55103 4.03661
v 3.99940 11.55982 4.03661
v 4.69296 11.55103 4.03661
v 4.78350 11.52233 4.03661
v 4.82654 11.46197 4.03661
v 4.74269 11.00000 4.04686
v 4.73103 10.59141 4.04686
v 4.69296 10.53803 4.04686
v 4.61288 10.51265 4.04686
v 4.00042 10.50487 4.04686
v 3.38712 10.51265 4.04686
v 3.30704 10.53803 4.04686
v 3.26897 10.59141 4.04686
v 3.25731 10.99967 4.04686
v 3.26897 11.40859 4.04686
v 3.30704 11.46197 4.04686
v 3.38712 11.48735 4.04686
v 3.99947 11.49513 4.04686
v 4.61288 11.48735 4.04686
v 4.69296 11.46197 4.04686
v 4.73103 11.40859 4.04686
v 4.00051 11.00000 4.05000
v 4.00051 10.99972 4.05000
v 4.00048 10.99968 4.05000
v 4.00042 10.99966 4.05000
v 4.00000 10.99966 4.05000
v 3.99958 10.99966 4.05000
v 3.99952 10.99968 4.05000
v 3.99949 10.99972 4.05000
v 3.99949 11.00000 4.05000
v 3.99949 11.00028 4.05000
v 3.99952 11.00032 4.05000
v 3.99958 11.00034 4.05000
v 4.00000 11.00034 4.05000
v 4.00042 11.00034 4.05000
v 4.00048 11.00032 4.05000
v 4.00051 11.00028 4.05000
v -7.00000 10.60000 2.30000
v -7.00000 10.60000 2.30000
v -7.00000 10.60000 2.30000
v -7.00000 10.60000 2.30000
v -7.00000 10.60000 2.30000
v -7.00000 10.60000 2.30000
v -7.00000 10.60000 2.30000
v -7.00000 10.60000 2.30000
v -7.00000 10.60000 2.30000
v -7.00000 10.60000 2.30000
v -7.00000 10.60000 2.30000
v -7.00000 10.60000 2.30000
v -7.00000 10.60000 2.30000
v -7.00000 10.60000 2.30000
v -7.00000 10.60000 2.30000
v -7.00000 10.60000 2.30000
v -6.72176 10.60000 2.33682
v -6.73883 10.53548 2.33682
v -6.78913 10.49457 2.33682
v -6.87097 10.46942 2.33682
v -7.00000 10.46088 2.33682
v -7.12903 10.46942 2.33682
v -7.21087 10.49457 2.33682
v -7.26117 10.53548 2.33682
v -7.27824 10.60000 2.33682
v -7.26117 10.66452 2.33682
v -7.21087 10.70543 2.33682
v -7.12903 10.73058 2.33682
v -7.00000 10.73912 2.33682
v -6.87097 10.73058 2.33682
v -6.78913 10.70543 2.33682
v -6.73883 10.66452 2.33682
v -6.54529 10.60000 2.44529
v -6.57319 10.49457 2.44529
v -6.65539 10.42770 2.44529
v -6.78913 10.38660 2.44529
v -7.00000 10.37264 2.44529
v -7.21087 10.38660 2.44529
v -7.34461 10.42770 2.44529
v -7.42681 10.49457 2.44529
v -7.45471 10.60000 2.44529
v -7.42681 10.70543 2.44529
v -7.34461 10.77230 2.44529
v -7.21087 10.81340 2.44529
v -7.00000 10.82736 2.44529
v -6.78913 10.81340 2.44529
v -6.65539 10.77230 2.44529
v -6.57319 10.70543 2.44529
v -6.43682 10.60000 2.62176
v -6.47139 10.46942 2.62176
v -6.57319 10.38660 2.62176
v -6.73883 10.33569 2.62176
v -7.00000 10.31841 2.62176
v -7.26117 10.33569 2.62176
v -7.42681 10.38660 2.62176
v -7.52861 10.46942 2.62176
v -7.56318 10.60000 2.62176
v -7.52861 10.73058 2.62176
v -7.42681 10.81340 2.62176
v -7.26117 10.86431 2.62176
v -7.00000 10.88159 2.62176
v -6.73883 10.86431 2.62176
v -6.57319 10.81340 2.62176
v -6.47139 10.73058 2.62176
v -6.40000 10.60000 2.90000
v -6.43682 10.46088 2.90000
v -6.54529 10.37264 2.90000
v -6.72176 10.31841 2.90000
v -7.00000 10.30000 2.90000
v -7.27824 10.31841 2.90000
v -7.45471 10.37264 2.90000
v -7.56318 10.46088 2.90000
v -7.60000 10.60000 2.90000
v -7.56318 10.73912 2.90000
v -7.45471 10.82736 2.90000
v -7.27824 10.88159 2.90000
v -7.00000 10.90000 2.90000
v -6.72176 10.88159 2.90000
v -6.54529 10.82736 2.90000
v -6.43682 10.73912 2.90000
v -6.43682 10.60000 3.17824
v -6.47139 10.46942 3.17824
v -6.57319 10.38660 3.17824
v -6.73883 10.33569 3.17824
v -7.00000 10.31841 3.17824
v -7.26117 10.33569 3.17824
v -7.42681 10.38660 3.17824
v -7.52861 10.46942 3.17824
v -7.56318 10.60000 3.17824
v -7.52861 10.73058 3.17824
v -7.42681 10.81340 3.17824
v -7.26117 10.86431 3.17824
v -7.00000 10.88159 3.17824
v -6.73883 10.86431 3.17824
v -6.57319 10.81340 3.17824
v -6.47139 10.73058 3.17824
v -6.54529 10.60000 3.35471
v -6.57319 10.49457 3.35471
v -6.65539 10.42770 3.35471
v -6.78913 10.38660 3.35471
v -7.00000 10.37264 3.35471
v -7.21087 10.38660 3.35471
v -7.34461 10.42770 3.35471
v -7.42681 10.49457 3.35471
v -7.45471 10.60000 3.35471
v -7.42681 10.70543 3.35471
v -7.34461 10.77230 3.35471
v -7.21087 10.81340 3.35471
v -7.00000 10.82736 3.35471
v -6.78913 10.81340 3.35471
v -6.65539 10.77230 3.35471
v -6.57319 10.70543 3.35471
v -6.72176 10.60000 3.46318
v -6.73883 10.53548 3.46318
v -6.78913 10.49457 3.46318
v -6.87097 10.46942 3.46318
v -7.00000 10.46088 3.46318
v -7.12903 10.46942 3.46318
v -7.21087 10.49457 3.46318
v -7.26117 10.53548 3.46318
v -7.27824 10.60000 3.46318
v -7.26117 10.66452 3.46318
v -7.21087 10.70543 3.46318
v -7.12903 10.73058 3.46318
v -7.00000 10.73912 3.46318
v -6.87097 10.73058 3.46318
v -6.78913 10.70543 3.46318
v -6.73883 10.66452 3.46318
v -7.00000 10.60000 3.50000
v -7.00000 10.60000 3.50000
v -7.00000 10.60000 3.50000
v -7.00000 10.60000 3.50000
v -7.00000 10.60000 3.50000
v -7.00000 10.60000 3.50000
v -7.00000 10.60000 3.50000
v -7.00000 10.60000 3.50000
v -7.00000 10.60000 3.50000
v -7.00000 10.60000 3.50000
v -7.00000 10.60000 3.50000
v -7.00000 10.60000 3.50000
v -7.00000 10.60000 3.50000
v -7.00000 10.60000 3.50000
v -7.00000 10.60000 3.50000
v -7.00000 10.60000 3.50000
v 3.50000 10.60000 2.30000
v 3.50000 10.60000 2.30000
v 3.50000 10.60000 2.30000
v 3.50000 10.60000 2.30000
v 3.50000 10.60000 2.30000
v 3.50000 10.60000 2.30000
v 3.50000 10.60000 2.30000
v 3.50000 10.60000 2.30000
v 3.50000 10.60000 2.30000
v 3.50000 10.60000 2.30000
v 3.50000 10.60000 2.30000
v 3.50000 10.60000 2.30000
v 3.50000 10.60000 2.30000
v 3.50000 10.60000 2.30000
v 3.50000 10.60000 2.30000
v 3.50000 10.60000 2.30000
v 3.77824 10.60000 2.33682
v 3.76117 10.53548 2.33682
v 3.71087 10.49457 2.33682
v 3.62903 10.46942 2.33682
v 3.50000 10.46088 2.33682
v 3.37097 10.46942 2.33682
v 3.28913 10.49457 2.33682
v 3.23883 10.53548 2.33682
v 3.22176 10.60000 2.33682
v 3.23883 10.66452 2.33682
v 3.28913 10.70543 2.33682
v 3.37097 10.73058 2.33682
v 3.50000 10.73912 2.33682
v 3.62903 10.73058 2.33682
v 3.71087 10.70543 2.33682
v 3.76117 10.66452 2.33682
v 3.95471 10.60000 2.44529
v 3.92681 10.49457 2.44529
v 3.84461 10.42770 2.44529
v 3.71087 10.38660 2.44529
v 3.50000 10.37264 2.44529
v 3.28913 10.38660 2.44529
v 3.15539 10.42770 2.44529
v 3.07319 10.49457 2.44529
v 3.04529 10.60000 2.44529
v 3.07319 10.70543 2.44529
v 3.15539 10.77230 2.44529
v 3.28913 10.81340 2.44529
v 3.50000 10.82736 2.44529
v 3.71087 10.81340 2.44529
v 3.84461 10.77230 2.44529
v 3.92681 10.70543 2.44529
v 4.06318 10.60000 2.62176
v 4.02861 10.46942 2.62176
v 3.92681 10.38660 2.62176
v 3.76117 10.33569 2.62176
v 3.50000 10.31841 2.62176
v 3.23883 10.33569 2.62176
v 3.07319 10.38660 2.62176
v 2.97139 10.46942 2.62176
v 2.93682 10.60000 2.62176
v 2.97139 10.73058 2.62176
v 3.07319 10.81340 2.62176
v 3.23883 10.86431 2.62176
v 3.50000 10.88159 2.62176
v 3.76117 10.86431 2.62176
v 3.92681 10.81340 2.62176
v 4.02861 10.73058 2.62176
v 4.10000 10.60000 2.90000
v 4.06318 10.46088 2.90000
v 3.95471 10.37264 2.90000
v 3.77824 10.31841 2.90000
v 3.50000 10.30000 2.90000
v 3.22176 10.31841 2.90000
v 3.04529 10.37264 2.90000
v 2.93682 10.46088 2.90000
v 2.90000 10.60000 2.90000
v 2.93682 10.73912 2.90000
v 3.04529 10.82736 2.90000
v 3.22176 10.88159 2.90000
v 3.50000 10.90000 2.90000
v 3.77824 10.88159 2.90000
v 3.95471 10.82736 2.90000
v 4.06318 10.73912 2.90000
v 4.06318 10.60000 3.17824
v 4.02861 10.46942 3.17824
v 3.92681 10.38660 3.17824
v 3.76117 10.33569 3.17824
v 3.50000 10.31841 3.17824
v 3.23883 10.33569 3.17824
v 3.07319 10.38660 3.17824
v 2.97139 10.46942 3.17824
v 2.93682 10.60000 3.17824
v 2.97139 10.73058 3.17824
v 3.07319 10.81340 3.17824
v 3.23883 10.86431 3.17824
v 3.50000 10.88159 3.17824
v 3.76117 10.86431 3.17824
v 3.92681 10.81340 3.17824
v 4.02861 10.73058 3.17824
v 3.95471 10.60000 3.35471
v 3.92681 10.49457 3.35471
v 3.84461 10.42770 3.35471
v 3.71087 10.38660 3.35471
v 3.50000 10.37264 3.35471
v 3.28913 10.38660 3.35471
v 3.15539 10.42770 3.35471
v 3.07319 10.49457 3.35471
v 3.04529 10.60000 3.35471
v 3.07319 10.70543 3.35471
v 3.15539 10.77230 3.35471
v 3.28913 10.81340 3.35471
v 3.50000 10.82736 3.35471
v 3.71087 10.81340 3.35471
v 3.84461 10.77230 3.35471
v 3.92681 10.70543 3.35471
v 3.77824 10.60000 3.46318
v 3.76117 10.53548 3.46318
v 3.71087 10.49457 3.46318
v 3.62903 10.46942 3.46318
v 3.50000 10.46088 3.46318
v 3.37097 10.46942 3.46318
v 3.28913 10.49457 3.46318
v 3.23883 10.53548 3.46318
v 3.22176 10.60000 3.46318
v 3.23883 10.66452 3.46318
v 3.28913 10.70543 3.46318
v 3.37097 10.73058 3.46318
v 3.50000 10.73912 3.46318
v 3.62903 10.73058 3.46318
v 3.71087 10.70543 3.46318
v 3.76117 10.66452 3.46318
v 3.50000 10.60000 3.50000
v 3.50000 10.60000 3.50000
v 3.50000 10.60000 3.50000
v 3.50000 10.60000 3.50000
v 3.50000 10.60000 3.50000
v 3.50000 10.60000 3.50000
v 3.50000 10.60000 3.50000
v 3.50000 10.60000 3.50000
v 3.50000 10.60000 3.50000
v 3.50000 10.60000 3.50000
v 3.50000 10.60000 3.50000
v 3.50000 10.60000 3.50000
v 3.50000 10.60000 3.50000
v 3.50000 10.60000 3.50000
v 3.50000 10.60000 3.50000
v 3.50000 10.60000 3.50000
v -7.99950 -9.50000 0.40000
v -7.99951 -9.50012 0.40000
v -7.99954 -9.50014 0.40000
v -7.99959 -9.50015 0.40000
v -8.00000 -9.50015 0.40000
v -8.00041 -9.50015 0.40000
v -8.00046 -9.50014 0.40000
v -8.00049 -9.50012 0.40000
v -8.00050 -9.50000 0.40000
v -8.00049 -9.49988 0.40000
v -8.00046 -9.49986 0.40000
v -8.00041 -9.49985 0.40000
v -8.00000 -9.49985 0.40000
v -7.99959 -9.49985 0.40000
v -7.99954 -9.49986 0.40000
v -7.99951 -9.49988 0.40000
v -6.50240 -9.50000 0.41381
v -6.52826 -9.86042 0.41381
v -6.61234 -9.91255 0.41381
v -6.78767 -9.93755 0.41381
v -7.99959 -9.94523 0.41381
v -9.21233 -9.93755 0.41381
v -9.38766 -9.91255 0.41381
v -9.47174 -9.86042 0.41381
v -9.49760 -9.50014 0.41381
v -9.47174 -9.13958 0.41381
v -9.38766 -9.08745 0.41381
v -9.21233 -9.06245 0.41381
v -8.00052 -9.05477 0.41381
v -6.78767 -9.06245 0.41381
v -6.61234 -9.08745 0.41381
v -6.52826 -9.13958 0.41381
v -6.28581 -9.50000 0.45873
v -6.31541 -9.91255 0.45873
v -6.41165 -9.97221 0.45873
v -6.61234 -10.00082 0.45873
v -7.99954 -10.00962 0.45873
v -9.38766 -10.00082 0.45873
v -9.58835 -9.97221 0.45873
v -9.68459 -9.91255 0.45873
v -9.71419 -9.50016 0.45873
v -9.68459 -9.08745 0.45873
v -9.58835 -9.02779 0.45873
v -9.38766 -8.99918 0.45873
v -8.00059 -8.99038 0.45873
v -6.61234 -8.99918 0.45873
v -6.41165 -9.02779 0.45873
v -6.31541 -9.08745 0.45873
v -6.18194 -9.50000 0.55239
v -6.21334 -9.93755 0.55239
v -6.31541 -10.00082 0.55239
v -6.52826 -10.03117 0.55239
v -7.99951 -10.04050 0.55239
v -9.47174 -10.03117 0.55239
v -9.68459 -10.00082 0.55239
v -9.78666 -9.93755 0.55239
v -9.81806 -9.50017 0.55239
v -9.78666 -9.06245 0.55239
v -9.68459 -8.99918 0.55239
v -9.47174 -8.96883 0.55239
v -8.00063 -8.95950 0.55239
v -6.52826 -8.96883 0.55239
v -6.31541 -8.99918 0.55239
v -6.21334 -9.06245 0.55239
v -6.15000 -9.50000 1.20000
v -6.18194 -9.94523 1.20000
v -6.28581 -10.00962 1.20000
v -6.50240 -10.04050 1.20000
v -7.99950 -10.05000 1.20000
v -9.49760 -10.04050 1.20000
v -9.71419 -10.00962 1.20000
v -9.81806 -9.94523 1.20000
v -9.85000 -9.50017 1.20000
v -9.81806 -9.05477 1.20000
v -9.71419 -8.99038 1.20000
v -9.49760 -8.95950 1.20000
v -8.00064 -8.95000 1.20000
v -6.50240 -8.95950 1.20000
v -6.28581 -8.99038 1.20000
v -6.18194 -9.05477 1.20000
v -6.18194 -9.50000 1.84761
v -6.21334 -9.93755 1.84761
v -6.31541 -10.00082 1.84761
v -6.52826 -10.03117 1.84761
v -7.99951 -10.04050 1.84761
v -9.47174 -10.03117 1.84761
v -9.68459 -10.00082 1.84761
v -9.78666 -9.93755 1.84761
v -9.81806 -9.50017 1.84761
v -9.78666 -9.06245 1.84761
v -9.68459 -8.99918 1.84761
v -9.47174 -8.96883 1.84761
v -8.00063 -8.95950 1.84761
v -6.52826 -8.96883 1.84761
v -6.31541 -8.99918 1.84761
v -6.21334 -9.06245 1.84761
v -6.28581 -9.50000 1.94127
v -6.31541 -9.91255 1.94127
v -6.41165 -9.97221 1.94127
v -6.61234 -10.00082 1.94127
v -7.99954 -10.00962 1.94127
v -9.38766 -10.00082 1.94127
v -9.58835 -9.97221 1.94127
v -9.68459 -9.91255 1.94127
v -9.71419 -9.50016 1.94127
v -9.68459 -9.08745 1.94127
v -9.58835 -9.02779 1.94127
v -9.38766 -8.99918 1.94127
v -8.00059 -8.99038 1.94127
v -6.61234 -8.99918 1.94127
v -6.41165 -9.02779 1.94127
v -6.31541 -9.08745 1.94127
v -6.50240 -9.50000 1.98619
v -6.52826 -9.86042 1.98619
v -6.61234 -9.91255 1.98619
v -6.78767 -9.93755 1.98619
v -7.99959 -9.94523 1.98619
v -9.21233 -9.93755 1.98619
v -9.38766 -9.91255 1.98619
v -9.47174 -9.86042 1.98619
v -9.49760 -9.50014 1.98619
v -9.47174 -9.13958 1.98619
v -9.38766 -9.08745 1.98619
v -9.21233 -9.06245 1.98619
v -8.00052 -9.05477 1.98619
v -6.78767 -9.06245 1.98619
v -6.61234 -9.08745 1.98619
v -6.52826 -9.13958 1.98619
v -7.99950 -9.50000 2.00000
v -7.99951 -9.50012 2.00000
v -7.99954 -9.50014 2.00000
v -7.99959 -9.50015 2.00000
v -8.00000 -9.50015 2.00000
v -8.00041 -9.50015 2.00000
v -8.00046 -9.50014 2.00000
v -8.00049 -9.50012 2.00000
v -8.00050 -9.50000 2.00000
v -8.00049 -9.49988 2.00000
v -8.00046 -9.49986 2.00000
v -8.00041 -9.49985 2.00000
v -8.00000 -9.49985 2.00000
v -7.99959 -9.49985 2.00000
v -7.99954 -9.49986 2.00000
v -7.99951 -9.49988 2.00000
v -7.99949 -11.00000 1.85000
v -7.99949 -11.00028 1.85000
v -7.99952 -11.00032 1.85000
v -7.99958 -11.00034 1.85000
v -8.00000 -11.00034 1.85000
v -8.00042 -11.00034 1.85000
v -8.00048 -11.00032 1.85000
v -8.00051 -11.00028 1.85000
v -8.00051 -11.00000 1.85000
v -8.00051 -10.99972 1.85000
v -8.00048 -10.99968 1.85000
v -8.00042 -10.99966 1.85000
v -8.00000 -10.99966 1.85000
v -7.99958 -10.99966 1.85000
v -7.99952 -10.99968 1.85000
v -7.99949 -10.99972 1.85000
v -7.25731 -11.00000 1.85314
v -7.26897 -11.40859 1.85314
v -7.30704 -11.46197 1.85314
v -7.38712 -11.48735 1.85314
v -7.99958 -11.49513 1.85314
v -8.61288 -11.48735 1.85314
v -8.69296 -11.46197 1.85314
v -8.73103 -11.40859 1.85314
v -8.74269 -11.00033 1.85314
v -8.73103 -10.59141 1.85314
v -8.69296 -10.53803 1.85314
v -8.61288 -10.51265 1.85314
v -8.00053 -10.50487 1.85314
v -7.38712 -10.51265 1.85314
v -7.30704 -10.53803 1.85314
v -7.26897 -10.59141 1.85314
v -7.16027 -11.00000 1.86339
v -7.17346 -11.46197 1.86339
v -7.21650 -11.52233 1.86339
v -7.30704 -11.55103 1.86339
v -7.99952 -11.55982 1.86339
v -8.69296 -11.55103 1.86339
v -8.78350 -11.52233 1.86339
v -8.82654 -11.46197 1.86339
v -8.83973 -11.00037 1.86339
v -8.82654 -10.53803 1.86339
v -8.78350 -10.47767 1.86339
v -8.69296 -10.44897 1.86339
v -8.00060 -10.44018 1.86339
v -7.30704 -10.44897 1.86339
v -7.21650 -10.47767 1.86339
v -7.17346 -10.53803 1.86339
v -7.11414 -11.00000 1.88496
v -7.12806 -11.48735 1.88496
v -7.17346 -11.55103 1.88496
v -7.26897 -11.58130 1.88496
v -7.99949 -11.59057 1.88496
v -8.73103 -11.58130 1.88496
v -8.82654 -11.55103 1.88496
v -8.87194 -11.48735 1.88496
v -8.88586 -11.00039 1.88496
v -8.87194 -10.51265 1.88496
v -8.82654 -10.44897 1.88496
v -8.73103 -10.41870 1.88496
v -8.00063 -10.40943 1.88496
v -7.26897 -10.41870 1.88496
v -7.17346 -10.44897 1.88496
v -7.12806 -10.51265 1.88496
v -7.10000 -11.00000 2.05000
v -7.11414 -11.49513 2.05000
v -7.16027 -11.55982 2.05000
v -7.25731 -11.59057 2.05000
v -7.99949 -11.60000 2.05000
v -8.74269 -11.59057 2.05000
v -8.83973 -11.55982 2.05000
v -8.88586 -11.49513 2.05000
v -8.90000 -11.00039 2.05000
v -8.88586 -10.50487 2.05000
v -8.83973 -10.44018 2.05000
v -8.74269 -10.40943 2.05000
v -8.00064 -10.40000 2.05000
v -7.25731 -10.40943 2.05000
v -7.16027 -10.44018 2.05000
v -7.11414 -10.50487 2.05000
v -7.11414 -11.00000 2.21504
v -7.12806 -11.48735 2.21504
v -7.17346 -11.55103 2.21504
v -7.26897 -11.58130 2.21504
v -7.99949 -11.59057 2.21504
v -8.73103 -11.58130 2.21504
v -8.82654 -11.55103 2.21504
v -8.87194 -11.48735 2.21504
v -8.88586 -11.00039 2.21504
v -8.87194 -10.51265 2.21504
v -8.82654 -10.44897 2.21504
v -8.73103 -10.41870 2.21504
v -8.00063 -10.40943 2.21504
v -7.26897 -10.41870 2.21504
v -7.17346 -10.44897 2.21504
v -7.12806 -10.51265 2.21504
v -7.16027 -11.00000 2.23661
v -7.17346 -11.46197 2.23661
v -7.21650 -11.52233 2.23661
v -7.30704 -11.55103 2.23661
v -7.99952 -11.55982 2.23661
v -8.69296 -11.55103 2.23661
v -8.78350 -11.52233 2.23661
v -8.82654 -11.46197 2.23661
v -8.83973 -11.00037 2.23661
v -8.82654 -10.53803 2.23661
v -8.78350 -10.47767 2.23661
v -8.69296 -10.44897 2.23661
v -8.00060 -10.44018 2.23661
v -7.30704 -10.44897 2.23661
v -7.21650 -10.47767 2.23661
v -7.17346 -10.53803 2.23661
v -7.25731 -11.00000 2.24686
v -7.26897 -11.40859 2.24686
v -7.30704 -11.46197 2.24686
v -7.38712 -11.48735 2.24686
v -7.99958 -11.49513 2.24686
v -8.61288 -11.48735 2.24686
v -8.69296 -11.46197 2.24686
v -8.73103 -11.40859 2.24686
v -8.74269 -11.00033 2.24686
v -8.73103 -10.59141 2.24686
v -8.69296 -10.53803 2.24686
v -8.61288 -10.51265 2.24686
v -8.00053 -10.50487 2.24686
v -7.38712 -10.51265 2.24686
v -7.30704 -10.53803 2.24686
v -7.26897 -10.59141 2.24686
v -7.99949 -11.00000 2.25000
v -7.99949 -11.00028 2.25000
v -7.99952 -11.00032 2.25000
v -7.99958 -11.00034 2.25000
v -8.00000 -11.00034 2.25000
v -8.00042 -11.00034 2.25000
v -8.00048 -11.00032 2.25000
v -8.00051 -11.00028 2.25000
v -8.00051 -11.00000 2.25000
v -8.00051 -10.99972 2.25000
v -8.00048 -10.99968 2.25000
v -8.00042 -10.99966 2.25000
v -8.00000 -10.99966 2.25000
v -7.99958 -10.99966 2.25000
v -7.99952 -10.99968 2.25000
v -7.99949 -10.99972 2.25000
v -4.99950 -10.50000 1.60000
v -4.99951 -10.50012 1.60000
v -4.99954 -10.50014 1.60000
v -4.99959 -10.50015 1.60000
v -5.00000 -10.50015 1.60000
v -5.00041 -10.50015 1.60000
v -5.00046 -10.50014 1.60000
v -5.00049 -10.50012 1.60000
v -5.00050 -10.50000 1.60000
v -5.00049 -10.49988 1.60000
v -5.00046 -10.49986 1.60000
v -5.00041 -10.49985 1.60000
v -5.00000 -10.49985 1.60000
v -4.99959 -10.49985 1.60000
v -4.99954 -10.49986 1.60000
v -4.99951 -10.49988 1.60000
v -3.50240 -10.50000 1.61381
v -3.52826 -10.86042 1.61381
v -3.61234 -10.91255 1.61381
v -3.78767 -10.93755 1.61381
v -4.99959 -10.94523 1.61381
v -6.21233 -10.93755 1.61381
v -6.38766 -10.91255 1.61381
v -6.47174 -10.86042 1.61381
v -6.49760 -10.50014 1.61381
v -6.47174 -10.13958 1.61381
v -6.38766 -10.08745 1.61381
v -6.21233 -10.06245 1.61381
v -5.00052 -10.05477 1.61381
v -3.78767 -10.06245 1.61381
v -3.61234 -10.08745 1.61381
v -3.52826 -10.13958 1.61381
v -3.28581 -10.50000 1.65873
v -3.31541 -10.91255 1.65873
v -3.41165 -10.97221 1.65873
v -3.61234 -11.00082 1.65873
v -4.99954 -11.00962 1.65873
v -6.38766 -11.00082 1.65873
v -6.58835 -10.97221 1.65873
v -6.68459 -10.91255 1.65873
v -6.71419 -10.50016 1.65873
v -6.68459 -10.08745 1.65873
v -6.58835 -10.02779 1.65873
v -6.38766 -9.99918 1.65873
v -5.00059 -9.99038 1.65873
v -3.61234 -9.99918 1.65873
v -3.41165 -10.02779 1.65873
v -3.31541 -10.08745 1.65873
v -3.18194 -10.50000 1.75239
v -3.21334 -10.93755 1.75239
v -3.31541 -11.00082 1.75239
v -3.52826 -11.03117 1.75239
v -4.99951 -11.04050 1.75239
v -6.47174 -11.03117 1.75239
v -6.68459 -11.00082 1.75239
v -6.78666 -10.93755 1.75239
v -6.81806 -10.50017 1.75239
v -6.78666 -10.06245 1.75239
v -6.68459 -9.99918 1.75239
v -6.47174 -9.96883 1.75239
v -5.00063 -9.95950 1.75239
v -3.52826 -9.96883 1.75239
v -3.31541 -9.99918 1.75239
v -3.21334 -10.06245 1.75239
v -3.15000 -10.50000 2.40000
v -3.18194 -10.94523 2.40000
v -3.28581 -11.00962 2.40000
v -3.50240 -11.04050 2.40000
v -4.99950 -11.05000 2.40000
v -6.49760 -11.04050 2.40000
v -6.71419 -11.00962 2.40000
v -6.81806 -10.94523 2.40000
v -6.85000 -10.50017 2.40000
v -6.81806 -10.05477 2.40000
v -6.71419 -9.99038 2.40000
v -6.49760 -9.95950 2.40000
v -5.00064 -9.95000 2.40000
v -3.50240 -9.95950 2.40000
v -3.28581 -9.99038 2.40000
v -3.18194 -10.05477 2.40000
v -3.18194 -10.50000 3.04761
v -3.21334 -10.93755 3.04761
v -3.31541 -11.00082 3.04761
v -3.52826 -11.03117 3.04761
v -4.99951 -11.04050 3.04761
v -6.47174 -11.03117 3.04761
v -6.68459 -11.00082 3.04761
v -6.78666 -10.93755 3.04761
v -6.81806 -10.50017 3.04761
v -6.78666 -10.06245 3.04761
v -6.68459 -9.99918 3.04761
v -6.47174 -9.96883 3.04761
v -5.00063 -9.95950 3.04761
v -3.52826 -9.96883 3.04761
v -3.31541 -9.99918 3.04761
v -3.21334 -10.06245 3.04761
v -3.28581 -10.50000 3.14127
v -3.31541 -10.91255 3.14127
v -3.41165 -10.97221 3.14127
v -3.61234 -11.00082 3.14127
v -4.99954 -11.00962 3.14127
v -6.38766 -11.00082 3.14127
v -6.58835 -10.97221 3.14127
v -6.68459 -10.91255 3.14127
v -6.71419 -10.50016 3.14127
v -6.68459 -10.08745 3.14127
v -6.58835 -10.02779 3.14127
v -6.38766 -9.99918 3.14127
v -5.00059 -9.99038 3.14127
v -3.61234 -9.99918 3.14127
v -3.41165 -10.02779 3.14127
v -3.31541 -10.08745 3.14127
v -3.50240 -10.50000 3.18619
v -3.52826 -10.86042 3.18619
v -3.61234 -10.91255 3.18619
v -3.78767 -10.93755 3.18619
v -4.99959 -10.94523 3.18619
v -6.21233 -10.93755 3.18619
v -6.38766 -10.91255 3.18619
v -6.47174 -10.86042 3.18619
v -6.49760 -10.50014 3.18619
v -6.47174 -10.13958 3.18619
v -6.38766 -10.08745 3.18619
v -6.21233 -10.06245 3.18619
v -5.00052 -10.05477 3.18619
v -3.78767 -10.06245 3.18619
v -3.61234 -10.08745 3.18619
v -3.52826 -10.13958 3.18619
v -4.99950 -10.50000 3.20000
v -4.99951 -10.50012 3.20000
v -4.99954 -10.50014 3.20000
v -4.99959 -10.50015 3.20000
v -5.00000 -10.50015 3.20000
v -5.00041 -10.50015 3.20000
v -5.00046 -10.50014 3.20000
v -5.00049 -10.50012 3.20000
v -5.00050 -10.50000 3.20000
v -5.00049 -10.49988 3.20000
v -5.00046 -10.49986 3.20000
v -5.00041 -10.49985 3.20000
v -5.00000 -10.49985 3.20000
v -4.99959 -10.49985 3.20000
v -4.99954 -10.49986 3.20000
v -4.99951 -10.49988 3.20000
v -4.99949 -11.00000 3.05000
v -4.99949 -11.00028 3.05000
v -4.99952 -11.00032 3.05000
v -4.99958 -11.00034 3.05000
v -5.00000 -11.00034 3.05000
v -5.00042 -11.00034 3.05000
v -5.00048 -11.00032 3.05000
v -5.00051 -11.00028 3.05000
v -5.00051 -11.00000 3.05000
v -5.00051 -10.99972 3.05000
v -5.00048 -10.99968 3.05000
v -5.00042 -10.99966 3.05000
v -5.00000 -10.99966 3.05000
v -4.99958 -10.99966 3.05000
v -4.99952 -10.99968 3.05000
v -4.99949 -10.99972 3.05000
v -4.25731 -11.00000 3.05314
v -4.26897 -11.40859 3.05314
v -4.30704 -11.46197 3.05314
v -4.38712 -11.48735 3.05314
v -4.99958 -11.49513 3.05314
v -5.61288 -11.48735 3.05314
v -5.69296 -11.46197 3.05314
v -5.73103 -11.40859 3.05314
v -5.74269 -11.00033 3.05314
v -5.73103 -10.59141 3.05314
v -5.69296 -10.53803 3.05314
v -5.61288 -10.51265 3.05314
v -5.00053 -10.50487 3.05314
v -4.38712 -10.51265 3.05314
v -4.30704 -10.53803 3.05314
v -4.26897 -10.59141 3.05314
v -4.16027 -11.00000 3.06339
v -4.17346 -11.46197 3.06339
v -4.21650 -11.52233 3.06339
v -4.30704 -11.55103 3.06339
v -4.99952 -11.55982 3.06339
v -5.69296 -11.55103 3.06339
v -5.78350 -11.52233 3.06339
v -5.82654 -11.46197 3.06339
v -5.83973 -11.00037 3.06339
v -5.82654 -10.53803 3.06339
v -5.78350 -10.47767 3.06339
v -5.69296 -10.44897 3.06339
v -5.00060 -10.44018 3.06339
v -4.30704 -10.44897 3.06339
v -4.21650 -10.47767 3.06339
v -4.17346 -10.53803 3.06339
v -4.11414 -11.00000 3.08496
v -4.12806 -11.48735 3.08496
v -4.17346 -11.55103 3.08496
v -4.26897 -11.58130 3.08496
v -4.99949 -11.59057 3.08496
v -5.73103 -11.58130 3.08496
v -5.82654 -11.55103 3.08496
v -5.87194 -11.48735 3.08496
v -5.88586 -11.00039 3.08496
v -5.87194 -10.51265 3.08496
v -5.82654 -10.44897 3.08496
v -5.73103 -10.41870 3.08496
v -5.00063 -10.40943 3.08496
v -4.26897 -10.41870 3.08496
v -4.17346 -10.44897 3.08496
v -4.12806 -10.51265 3.08496
v -4.10000 -11.00000 3.25000
v -4.11414 -11.49513 3.25000
v -4.16027 -11.55982 3.25000
v -4.25731 -11.59057 3.25000
v -4.99949 -11.60000 3.25000
v -5.74269 -11.59057 3.25000
v -5.83973 -11.55982 3.25000
v -5.88586 -11.49513 3.25000
v -5.90000 -11.00039 3.25000
v -5.88586 -10.50487 3.25000
v -5.83973 -10.44018 3.25000
v -5.74269 -10.40943 3.25000
v -5.00064 -10.40000 3.25000
v -4.25731 -10.40943 3.25000
v -4.16027 -10.44018 3.25000
v -4.11414 -10.50487 3.25000
v -4.11414 -11.00000 3.41504
v -4.12806 -11.48735 3.41504
v -4.17346 -11.55103 3.41504
v -4.26897 -11.58130 3.41504
v -4.99949 -11.59057 3.41504
v -5.73103 -11.58130 3.41504
v -5.82654 -11.55103 3.41504
v -5.87194 -11.48735 3.41504
v -5.88586 -11.00039 3.41504
v -5.87194 -10.51265 3.41504
v -5.82654 -10.44897 3.41504
v -5.73103 -10.41870 3.41504
v -5.00063 -10.40943 3.41504
v -4.26897 -10.41870 3.41504
v -4.17346 -10.44897 3.41504
v -4.12806 -10.51265 3.41504
v -4.16027 -11.00000 3.43661
v -4.17346 -11.46197 3.43661
v -4.21650 -11.52233 3.43661
v -4.30704 -11.55103 3.43661
v -4.99952 -11.55982 3.43661
v -5.69296 -11.55103 3.43661
v -5.78350 -11.52233 3.43661
v -5.82654 -11.46197 3.43661
v -5.83973 -11.00037 3.43661
v -5.82654 -10.53803 3.43661
v -5.78350 -10.47767 3.43661
v -5.69296 -10.44897 3.43661
v -5.00060 -10.44018 3.43661
v -4.30704 -10.44897 3.43661
v -4.21650 -10.47767 3.43661
v -4.17346 -10.53803 3.43661
v -4.25731 -11.00000 3.44686
v -4.26897 -11.40859 3.44686
v -4.30704 -11.46197 3.44686
v -4.38712 -11.48735 3.44686
v -4.99958 -11.49513 3.44686
v -5.61288 -11.48735 3.44686
v -5.69296 -11.46197 3.44686
v -5.73103 -11.40859 3.44686
v -5.74269 -11.00033 3.44686
v -5.73103 -10.59141 3.44686
v -5.69296 -10.53803 3.44686
v -5.61288 -10.51265 3.44686
v -5.00053 -10.50487 3.44686
v -4.38712 -10.51265 3.44686
v -4.30704 -10.53803 3.44686
v -4.26897 -10.59141 3.44686
v -4.99949 -11.00000 3.45000
v -4.99949 -11.00028 3.45000
v -4.99952 -11.00032 3.45000
v -4.99958 -11.00034 3.45000
v -5.00000 -11.00034 3.45000
v -5.00042 -11.00034 3.45000
v -5.00048 -11.00032 3.45000
v -5.00051 -11.00028 3.45000
v -5.00051 -11.00000 3.45000
v -5.00051 -10.99972 3.45000
v -5.00048 -10.99968 3.45000
v -5.00042 -10.99966 3.45000
v -5.00000 -10.99966 3.45000
v -4.99958 -10.99966 3.45000
v -4.99952 -10.99968 3.45000
v -4.99949 -10.99972 3.45000
v -1.99950 -10.50000 2.30000
v -1.99951 -10.50012 2.30000
v -1.99954 -10.50014 2.30000
v -1.99959 -10.50015 2.30000
v -2.00000 -10.50015 2.30000
v -2.00041 -10.50015 2.30000
v -2.00046 -10.50014 2.30000
v -2.00049 -10.50012 2.30000
v -2.00050 -10.50000 2.30000
v -2.00049 -10.49988 2.30000
v -2.00046 -10.49986 2.30000
v -2.00041 -10.49985 2.30000
v -2.00000 -10.49985 2.30000
v -1.99959 -10.49985 2.30000
v -1.99954 -10.49986 2.30000
v -1.99951 -10.49988 2.30000
v -0.50240 -10.50000 2.31381
v -0.52826 -10.86042 2.31381
v -0.61234 -10.91255 2.31381
v -0.78767 -10.93755 2.31381
v -1.99959 -10.94523 2.31381
v -3.21233 -10.93755 2.31381
v -3.38766 -10.91255 2.31381
v -3.47174 -10.86042 2.31381
v -3.49760 -10.50014 2.31381
v -3.47174 -10.13958 2.31381
v -3.38766 -10.08745 2.31381
v -3.21233 -10.06245 2.31381
v -2.00052 -10.05477 2.31381
v -0.78767 -10.06245 2.31381
v -0.61234 -10.08745 2.31381
v -0.52826 -10.13958 2.31381
v -0.28581 -10.50000 2.35873
v -0.31541 -10.91255 2.35873
v -0.41165 -10.97221 2.35873
v -0.61234 -11.00082 2.35873
v -1.99954 -11.00962 2.35873
v -3.38766 -11.00082 2.35873
v -3.58835 -10.97221 2.35873
v -3.68459 -10.91255 2.35873
v -3.71419 -10.50016 2.35873
v -3.68459 -10.08745 2.35873
v -3.58835 -10.02779 2.35873
v -3.38766 -9.99918 2.35873
v -2.00059 -9.99038 2.35873
v -0.61234 -9.99918 2.35873
v -0.41165 -10.02779 2.35873
v -0.31541 -10.08745 2.35873
v -0.18194 -10.50000 2.45239
v -0.21334 -10.93755 2.45239
v -0.31541 -11.00082 2.45239
v -0.52826 -11.03117 2.45239
v -1.99951 -11.04050 2.45239
v -3.47174 -11.03117 2.45239
v -3.68459 -11.00082 2.45239
v -3.78666 -10.93755 2.45239
v -3.81806 -10.50017 2.45239
v -3.78666 -10.06245 2.45239
v -3.68459 -9.99918 2.45239
v -3.47174 -9.96883 2.45239
v -2.00063 -9.95950 2.45239
v -0.52826 -9.96883 2.45239
v -0.31541 -9.99918 2.45239
v -0.21334 -10.06245 2.45239
v -0.15000 -10.50000 3.10000
v -0.18194 -10.94523 3.10000
v -0.28581 -11.00962 3.10000
v -0.50240 -11.04050 3.10000
v -1.99950 -11.05000 3.10000
v -3.49760 -11.04050 3.10000
v -3.71419 -11.00962 3.10000
v -3.81806 -10.94523 3.10000
v -3.85000 -10.50017 3.10000
v -3.81806 -10.05477 3.10000
v -3.71419 -9.99038 3.10000
v -3.49760 -9.95950 3.10000
v -2.00064 -9.95000 3.10000
v -0.50240 -9.95950 3.10000
v -0.28581 -9.99038 3.10000
v -0.18194 -10.05477 3.10000
v -0.18194 -10.50000 3.74761
v -0.21334 -10.93755 3.74761
v -0.31541 -11.00082 3.74761
v -0.52826 -11.03117 3.74761
v -1.99951 -11.04050 3.74761
v -3.47174 -11.03117 3.74761
v -3.68459 -11.00082 3.74761
v -3.78666 -10.93755 3.74761
v -3.81806 -10.50017 3.74761
v -3.78666 -10.06245 3.74761
v -3.68459 -9.99918 3.74761
v -3.47174 -9.96883 3.74761
v -2.00063 -9.95950 3.74761
v -0.52826 -9.96883 3.74761
v -0.31541 -9.99918 3.74761
v -0.21334 -10.06245 3.74761
v -0.28581 -10.50000 3.84127
v -0.31541 -10.91255 3.84127
v -0.41165 -10.97221 3.84127
v -0.61234 -11.00082 3.84127
v -1.99954 -11.00962 3.84127
v -3.38766 -11.00082 3.84127
v -3.58835 -10.97221 3.84127
v -3.68459 -10.91255 3.84127
v -3.71419 -10.50016 3.84127
v -3.68459 -10.08745 3.84127
v -3.58835 -10.02779 3.84127
v -3.38766 -9.99918 3.84127
v -2.00059 -9.99038 3.84127
v -0.61234 -9.99918 3.84127
v -0.41165 -10.02779 3.84127
v -0.31541 -10.08745 3.84127
v -0.50240 -10.50000 3.88619
v -0.52826 -10.86042 3.88619
v -0.61234 -10.91255 3.88619
v -0.78767 -10.93755 3.88619
v -1.99959 -10.94523 3.88619
v -3.21233 -10.93755 3.88619
v -3.38766 -10.91255 3.88619
v -3.47174 -10.86042 3.88619
v -3.49760 -10.50014 3.88619
v -3.47174 -10.13958 3.88619
v -3.38766 -10.08745 3.88619
v -3.21233 -10.06245 3.88619
v -2.00052 -10.05477 3.88619
v -0.78767 -10.06245 3.88619
v -0.61234 -10.08745 3.88619
v -0.52826 -10.13958 3.88619
v -1.99950 -10.50000 3.90000
v -1.99951 -10.50012 3.90000
v -1.99954 -10.50014 3.90000
v -1.99959 -10.50015 3.90000
v -2.00000 -10.50015 3.90000
v -2.00041 -10.50015 3.90000
v -2.00046 -10.50014 3.90000
v -2.00049 -10.50012 3.90000
v -2.00050 -10.50000 3.90000
v -2.00049 -10.49988 3.90000
v -2.00046 -10.49986 3.90000
v -2.00041 -10.49985 3.90000
v -2.00000 -10.49985 3.90000
v -1.99959 -10.49985 3.90000
v -1.99954 -10.49986 3.90000
v -1.99951 -10.49988 3.90000
v -1.99949 -11.00000 3.75000
v -1.99949 -11.00028 3.75000
v -1.99952 -11.00032 3.75000
v -1.99958 -11.00034 3.75000
v -2.00000 -11.00034 3.75000
v -2.00042 -11.00034 3.75000
v -2.00048 -11.00032 3.75000
v -2.00051 -11.00028 3.75000
v -2.00051 -11.00000 3.75000
v -2.00051 -10.99972 3.75000
v -2.00048 -10.99968 3.75000
v -2.00042 -10.99966 3.75000
v -2.00000 -10.99966 3.75000
v -1.99958 -10.99966 3.75000
v -1.99952 -10.99968 3.75000
v -1.99949 -10.99972 3.75000
v -1.25731 -11.00000 3.75314
v -1.26897 -11.40859 3.75314
v -1.30704 -11.46197 3.75314
v -1.38712 -11.48735 3.75314
v -1.99958 -11.49513 3.75314
v -2.61288 -11.48735 3.75314
v -2.69296 -11.46197 3.75314
v -2.73103 -11.40859 3.75314
v -2.74269 -11.00033 3.75314
v -2.73103 -10.59141 3.75314
v -2.69296 -10.53803 3.75314
v -2.61288 -10.51265 3.75314
v -2.00053 -10.50487 3.75314
v -1.38712 -10.51265 3.75314
v -1.30704 -10.53803 3.75314
v -1.26897 -10.59141 3.75314
v -1.16027 -11.00000 3.76339
v -1.17346 -11.46197 3.76339
v -1.21650 -11.52233 3.76339
v -1.30704 -11.55103 3.76339
v -1.99952 -11.55982 3.76339
v -2.69296 -11.55103 3.76339
v -2.78350 -11.52233 3.76339
v -2.82654 -11.46197 3.76339
v -2.83973 -11.00037 3.76339
v -2.82654 -10.53803 3.76339
v -2.78350 -10.47767 3.76339
v -2.69296 -10.44897 3.76339
v -2.00060 -10.44018 3.76339
v -1.30704 -10.44897 3.76339
v -1.21650 -10.47767 3.76339
v -1.17346 -10.53803 3.76339
v -1.11414 -11.00000 3.78496
v -1.12806 -11.48735 3.78496
v -1.17346 -11.55103 3.78496
v -1.26897 -11.58130 3.78496
v -1.99949 -11.59057 3.78496
v -2.73103 -11.58130 3.78496
v -2.82654 -11.55103 3.78496
v -2.87194 -11.48735 3.78496
v -2.88586 -11.00039 3.78496
v -2.87194 -10.51265 3.78496
v -2.82654 -10.44897 3.78496
v -2.73103 -10.41870 3.78496
v -2.00063 -10.40943 3.78496
v -1.26897 -10.41870 3.78496
v -1.17346 -10.44897 3.78496
v -1.12806 -10.51265 3.78496
v -1.10000 -11.00000 3.95000
v -1.11414 -11.49513 3.95000
v -1.16027 -11.55982 3.95000
v -1.25731 -11.59057 3.95000
v -1.99949 -11.60000 3.95000
v -2.74269 -11.59057 3.95000
v -2.83973 -11.55982 3.95000
v -2.88586 -11.49513 3.95000
v -2.90000 -11.00039 3.95000
v -2.88586 -10.50487 3.95000
v -2.83973 -10.44018 3.95000
v -2.74269 -10.40943 3.95000
v -2.00064 -10.40000 3.95000
v -1.25731 -10.40943 3.95000
v -1.16027 -10.44018 3.95000
v -1.11414 -10.50487 3.95000
v -1.11414 -11.00000 4.11504
v -1.12806 -11.48735 4.11504
v -1.17346 -11.55103 4.11504
v -1.26897 -11.58130 4.11504
v -1.99949 -11.59057 4.11504
v -2.73103 -11.58130 4.11504
v -2.82654 -11.55103 4.11504
v -2.87194 -11.48735 4.11504
v -2.88586 -11.00039 4.11504
v -2.87194 -10.51265 4.11504
v -2.82654 -10.44897 4.11504
v -2.73103 -10.41870 4.11504
v -2.00063 -10.40943 4.11504
v -1.26897 -10.41870 4.11504
v -1.17346 -10.44897 4.11504
v -1.12806 -10.51265 4.11504
v -1.16027 -11.00000 4.13661
v -1.17346 -11.46197 4.13661
v -1.21650 -11.52233 4.13661
v -1.30704 -11.55103 4.13661
v -1.99952 -11.55982 4.13661
v -2.69296 -11.55103 4.13661
v -2.78350 -11.52233 4.13661
v -2.82654 -11.46197 4.13661
v -2.83973 -11.00037 4.13661
v -2.82654 -10.53803 4.13661
v -2.78350 -10.47767 4.13661
v -2.69296 -10.44897 4.13661
v -2.00060 -10.44018 4.13661
v -1.30704 -10.44897 4.13661
v -1.21650 -10.47767 4.13661
v -1.17346 -10.53803 4.13661
v -1.25731 -11.00000 4.14686
v -1.26897 -11.40859 4.14686
v -1.30704 -11.46197 4.14686
v -1.38712 -11.48735 4.14686
v -1.99958 -11.49513 4.14686
v -2.61288 -11.48735 4.14686
v -2.69296 -11.46197 4.14686
v -2.73103 -11.40859 4.14686
v -2.74269 -11.00033 4.14686
v -2.73103 -10.59141 4.14686
v -2.69296 -10.53803 4.14686
v -2.61288 -10.51265 4.14686
v -2.00053 -10.50487 4.14686
v -1.38712 -10.51265 4.14686
v -1.30704 -10.53803 4.14686
v -1.26897 -10.59141 4.14686
v -1.99949 -11.00000 4.15000
v -1.99949 -11.00028 4.15000
v -1.99952 -11.00032 4.15000
v -1.99958 -11.00034 4.15000
v -2.00000 -11.00034 4.15000
v -2.00042 -11.00034 4.15000
v -2.00048 -11.00032 4.15000
v -2.00051 -11.00028 4.15000
v -2.00051 -11.00000 4.15000
v -2.00051 -10.99972 4.15000
v -2.00048 -10.99968 4.15000
v -2.00042 -10.99966 4.15000
v -2.00000 -10.99966 4.15000
v -1.99958 -10.99966 4.15000
v -1.99952 -10.99968 4.15000
v -1.99949 -10.99972 4.15000
v 1.00050 -10.50000 2.50000
v 1.00049 -10.50012 2.50000
v 1.00046 -10.50014 2.50000
v 1.00041 -10.50015 2.50000
v 1.00000 -10.50015 2.50000
v 0.99959 -10.50015 2.50000
v 0.99954 -10.50014 2.50000
v 0.99951 -10.50012 2.50000
v 0.99950 -10.50000 2.50000
v 0.99951 -10.49988 2.50000
v 0.99954 -10.49986 2.50000
v 0.99959 -10.49985 2.50000
v 1.00000 -10.49985 2.50000
v 1.00041 -10.49985 2.50000
v 1.00046 -10.49986 2.50000
v 1.00049 -10.49988 2.50000
v 2.49760 -10.50000 2.51381
v 2.47174 -10.86042 2.51381
v 2.38766 -10.91255 2.51381
v 2.21233 -10.93755 2.51381
v 1.00041 -10.94523 2.51381
v -0.21233 -10.93755 2.51381
v -0.38766 -10.91255 2.51381
v -0.47174 -10.86042 2.51381
v -0.49760 -10.50014 2.51381
v -0.47174 -10.13958 2.51381
v -0.38766 -10.08745 2.51381
v -0.21233 -10.06245 2.51381
v 0.99948 -10.05477 2.51381
v 2.21233 -10.06245 2.51381
v 2.38766 -10.08745 2.51381
v 2.47174 -10.13958 2.51381
v 2.71419 -10.50000 2.55873
v 2.68459 -10.91255 2.55873
v 2.58835 -10.97221 2.55873
v 2.38766 -11.00082 2.55873
v 1.00046 -11.00962 2.55873
v -0.38766 -11.00082 2.55873
v -0.58835 -10.97221 2.55873
v -0.68459 -10.91255 2.55873
v -0.71419 -10.50016 2.55873
v -0.68459 -10.08745 2.55873
v -0.58835 -10.02779 2.55873
v -0.38766 -9.99918 2.55873
v 0.99941 -9.99038 2.55873
v 2.38766 -9.99918 2.55873
v 2.58835 -10.02779 2.55873
v 2.68459 -10.08745 2.55873
v 2.81806 -10.50000 2.65239
v 2.78666 -10.93755 2.65239
v 2.68459 -11.00082 2.65239
v 2.47174 -11.03117 2.65239
v 1.00049 -11.04050 2.65239
v -0.47174 -11.03117 2.65239
v -0.68459 -11.00082 2.65239
v -0.78666 -10.93755 2.65239
v -0.81806 -10.50017 2.65239
v -0.78666 -10.06245 2.65239
v -0.68459 -9.99918 2.65239
v -0.47174 -9.96883 2.65239
v 0.99937 -9.95950 2.65239
v 2.47174 -9.96883 2.65239
v 2.68459 -9.99918 2.65239
v 2.78666 -10.06245 2.65239
v 2.85000 -10.50000 3.30000
v 2.81806 -10.94523 3.30000
v 2.71419 -11.00962 3.30000
v 2.49760 -11.04050 3.30000
v 1.00050 -11.05000 3.30000
v -0.49760 -11.04050 3.30000
v -0.71419 -11.00962 3.30000
v -0.81806 -10.94523 3.30000
v -0.85000 -10.50017 3.30000
v -0.81806 -10.05477 3.30000
v -0.71419 -9.99038 3.30000
v -0.49760 -9.95950 3.30000
v 0.99936 -9.95000 3.30000
v 2.49760 -9.95950 3.30000
v 2.71419 -9.99038 3.30000
v 2.81806 -10.05477 3.30000
v 2.81806 -10.50000 3.94761
v 2.78666 -10.93755 3.94761
v 2.68459 -11.00082 3.94761
v 2.47174 -11.03117 3.94761
v 1.00049 -11.04050 3.94761
v -0.47174 -11.03117 3.94761
v -0.68459 -11.00082 3.94761
v -0.78666 -10.93755 3.94761
v -0.81806 -10.50017 3.94761
v -0.78666 -10.06245 3.94761
v -0.68459 -9.99918 3.94761
v -0.47174 -9.96883 3.94761
v 0.99937 -9.95950 3.94761
v 2.47174 -9.96883 3.94761
v 2.68459 -9.99918 3.94761
v 2.78666 -10.06245 3.94761
v 2.71419 -10.50000 4.04127
v 2.68459 -10.91255 4.04127
v 2.58835 -10.97221 4.04127
v 2.38766 -11.00082 4.04127
v 1.00046 -11.00962 4.04127
v -0.38766 -11.00082 4.04127
v -0.58835 -10.97221 4.04127
v -0.68459 -10.91255 4.04127
v -0.71419 -10.50016 4.04127
v -0.68459 -10.08745 4.04127
v -0.58835 -10.02779 4.04127
v -0.38766 -9.99918 4.04127
v 0.99941 -9.99038 4.04127
v 2.38766 -9.99918 4.04127
v 2.58835 -10.02779 4.04127
v 2.68459 -10.08745 4.04127
v 2.49760 -10.50000 4.08619
v 2.47174 -10.86042 4.08619
v 2.38766 -10.91255 4.08619
v 2.21233 -10.93755 4.08619
v 1.00041 -10.94523 4.08619
v -0.21233 -10.93755 4.08619
v -0.38766 -10.91255 4.08619
v -0.47174 -10.86042 4.08619
v -0.49760 -10.50014 4.08619
v -0.47174 -10.13958 4.08619
v -0.38766 -10.08745 4.08619
v -0.21233 -10.06245 4.08619
v 0.99948 -10.05477 4.08619
v 2.21233 -10.06245 4.08619
v 2.38766 -10.08745 4.08619
v 2.47174 -10.13958 4.08619
v 1.00050 -10.50000 4.10000
v 1.00049 -10.50012 4.10000
v 1.00046 -10.50014 4.10000
v 1.00041 -10.50015 4.10000
v 1.00000 -10.50015 4.10000
v 0.99959 -10.50015 4.10000
v 0.99954 -10.50014 4.10000
v 0.99951 -10.50012 4.10000
v 0.99950 -10.50000 4.10000
v 0.99951 -10.49988 4.10000
v 0.99954 -10.49986 4.10000
v 0.99959 -10.49985 4.10000
v 1.00000 -10.49985 4.10000
v 1.00041 -10.49985 4.10000
v 1.00046 -10.49986 4.10000
v 1.00049 -10.49988 4.10000
v 1.00051 -11.00000 3.95000
v 1.00051 -11.00028 3.95000
v 1.00048 -11.00032 3.95000
v 1.00042 -11.00034 3.95000
v 1.00000 -11.00034 3.95000
v 0.99958 -11.00034 3.95000
v 0.99952 -11.00032 3.95000
v 0.99949 -11.00028 3.95000
v 0.99949 -11.00000 3.95000
v 0.99949 -10.99972 3.95000
v 0.99952 -10.99968 3.95000
v 0.99958 -10.99966 3.95000
v 1.00000 -10.99966 3.95000
v 1.00042 -10.99966 3.95000
v 1.00048 -10.99968 3.95000
v 1.00051 -10.99972 3.95000
v 1.74269 -11.00000 3.95314
v 1.73103 -11.40859 3.95314
v 1.69296 -11.46197 3.95314
v 1.61288 -11.48735 3.95314
v 1.00042 -11.49513 3.95314
v 0.38712 -11.48735 3.95314
v 0.30704 -11.46197 3.95314
v 0.26897 -11.40859 3.95314
v 0.25731 -11.00033 3.95314
v 0.26897 -10.59141 3.95314
v 0.30704 -10.53803 3.95314
v 0.38712 -10.51265 3.95314
v 0.99947 -10.50487 3.95314
v 1.61288 -10.51265 3.95314
v 1.69296 -10.53803 3.95314
v 1.73103 -10.59141 3.95314
v 1.83973 -11.00000 3.96339
v 1.82654 -11.46197 3.96339
v 1.78350 -11.52233 3.96339
v 1.69296 -11.55103 3.96339
v 1.00048 -11.55982 3.96339
v 0.30704 -11.55103 3.96339
v 0.21650 -11.52233 3.96339
v 0.17346 -11.46197 3.96339
v 0.16027 -11.00037 3.96339
v 0.17346 -10.53803 3.96339
v 0.21650 -10.47767 3.96339
v 0.30704 -10.44897 3.96339
v 0.99940 -10.44018 3.96339
v 1.69296 -10.44897 3.96339
v 1.78350 -10.47767 3.96339
v 1.82654 -10.53803 3.96339
v 1.88586 -11.00000 3.98496
v 1.87194 -11.48735 3.98496
v 1.82654 -11.55103 3.98496
v 1.73103 -11.58130 3.98496
v 1.00051 -11.59057 3.98496
v 0.26897 -11.58130 3.98496
v 0.17346 -11.55103 3.98496
v 0.12806 -11.48735 3.98496
v 0.11414 -11.00039 3.98496
v 0.12806 -10.51265 3.98496
v 0.17346 -10.44897 3.98496
v 0.26897 -10.41870 3.98496
v 0.99937 -10.40943 3.98496
v 1.73103 -10.41870 3.98496
v 1.82654 -10.44897 3.98496
v 1.87194 -10.51265 3.98496
v 1.90000 -11.00000 4.15000
v 1.88586 -11.49513 4.15000
v 1.83973 -11.55982 4.15000
v 1.74269 -11.59057 4.15000
v 1.00051 -11.60000 4.15000
v 0.25731 -11.59057 4.15000
v 0.16027 -11.55982 4.15000
v 0.11414 -11.49513 4.15000
v 0.10000 -11.00039 4.15000
v 0.11414 -10.50487 4.15000
v 0.16027 -10.44018 4.15000
v 0.25731 -10.40943 4.15000
v 0.99936 -10.40000 4.15000
v 1.74269 -10.40943 4.15000
v 1.83973 -10.44018 4.15000
v 1.88586 -10.50487 4.15000
v 1.88586 -11.00000 4.31504
v 1.87194 -11.48735 4.31504
v 1.82654 -11.55103 4.31504
v 1.73103 -11.58130 4.31504
v 1.00051 -11.59057 4.31504
v 0.26897 -11.58130 4.31504
v 0.17346 -11.55103 4.31504
v 0.12806 -11.48735 4.31504
v 0.11414 -11.00039 4.31504
v 0.12806 -10.51265 4.31504
v 0.17346 -10.44897 4.31504
v 0.26897 -10.41870 4.31504
v 0.99937 -10.40943 4.31504
v 1.73103 -10.41870 4.31504
v 1.82654 -10.44897 4.31504
v 1.87194 -10.51265 4.31504
v 1.83973 -11.00000 4.33661
v 1.82654 -11.46197 4.33661
v 1.78350 -11.52233 4.33661
v 1.69296 -11.55103 4.33661
v 1.00048 -11.55982 4.33661
v 0.30704 -11.55103 4.33661
v 0.21650 -11.52233 4.33661
v 0.17346 -11.46197 4.33661
v 0.16027 -11.00037 4.33661
v 0.17346 -10.53803 4.33661
v 0.21650 -10.47767 4.33661
v 0.30704 -10.44897 4.33661
v 0.99940 -10.44018 4.33661
v 1.69296 -10.44897 4.33661
v 1.78350 -10.47767 4.33661
v 1.82654 -10.53803 4.33661
v 1.74269 -11.00000 4.34686
v 1.73103 -11.40859 4.34686
v 1.69296 -11.46197 4.34686
v 1.61288 -11.48735 4.34686
v 1.00042 -11.49513 4.34686
v 0.38712 -11.48735 4.34686
v 0.30704 -11.46197 4.34686
v 0.26897 -11.40859 4.34686
v 0.25731 -11.00033 4.34686
v 0.26897 -10.59141 4.34686
v 0.30704 -10.53803 4.34686
v 0.38712 -10.51265 4.34686
v 0.99947 -10.50487 4.34686
v 1.61288 -10.51265 4.34686
v 1.69296 -10.53803 4.34686
v 1.73103 -10.59141 4.34686
v 1.00051 -11.00000 4.35000
v 1.00051 -11.00028 4.35000
v 1.00048 -11.00032 4.35000
v 1.00042 -11.00034 4.35000
v 1.00000 -11.00034 4.35000
v 0.99958 -11.00034 4.35000
v 0.99952 -11.00032 4.35000
v 0.99949 -11.00028 4.35000
v 0.99949 -11.00000 4.35000
v 0.99949 -10.99972 4.35000
v 0.99952 -10.99968 4.35000
v 0.99958 -10.99966 4.35000
v 1.00000 -10.99966 4.35000
v 1.00042 -10.99966 4.35000
v 1.00048 -10.99968 4.35000
v 1.00051 -10.99972 4.35000
v 4.00050 -10.50000 2.20000
v 4.00049 -10.50012 2.20000
v 4.00046 -10.50014 2.20000
v 4.00041 -10.50015 2.20000
v 4.00000 -10.50015 2.20000
v 3.99959 -10.50015 2.20000
v 3.99954 -10.50014 2.20000
v 3.99951 -10.50012 2.20000
v 3.99950 -10.50000 2.20000
v 3.99951 -10.49988 2.20000
v 3.99954 -10.49986 2.20000
v 3.99959 -10.49985 2.20000
v 4.00000 -10.49985 2.20000
v 4.00041 -10.49985 2.20000
v 4.00046 -10.49986 2.20000
v 4.00049 -10.49988 2.20000
v 5.49760 -10.50000 2.21381
v 5.47174 -10.86042 2.21381
v 5.38766 -10.91255 2.21381
v 5.21233 -10.93755 2.21381
v 4.00041 -10.94523 2.21381
v 2.78767 -10.93755 2.21381
v 2.61234 -10.91255 2.21381
v 2.52826 -10.86042 2.21381
v 2.50240 -10.50014 2.21381
v 2.52826 -10.13958 2.21381
v 2.61234 -10.08745 2.21381
v 2.78767 -10.06245 2.21381
v 3.99948 -10.05477 2.21381
v 5.21233 -10.06245 2.21381
v 5.38766 -10.08745 2.21381
v 5.47174 -10.13958 2.21381
v 5.71419 -10.50000 2.25873
v 5.68459 -10.91255 2.25873
v 5.58835 -10.97221 2.25873
v 5.38766 -11.00082 2.25873
v 4.00046 -11.00962 2.25873
v 2.61234 -11.00082 2.25873
v 2.41165 -10.97221 2.25873
v 2.31541 -10.91255 2.25873
v 2.28581 -10.50016 2.25873
v 2.31541 -10.08745 2.25873
v 2.41165 -10.02779 2.25873
v 2.61234 -9.99918 2.25873
v 3.99941 -9.99038 2.25873
v 5.38766 -9.99918 2.25873
v 5.58835 -10.02779 2.25873
v 5.68459 -10.08745 2.25873
v 5.81806 -10.50000 2.35239
v 5.78666 -10.93755 2.35239
v 5.68459 -11.00082 2.35239
v 5.47174 -11.03117 2.35239
v 4.00049 -11.04050 2.35239
v 2.52826 -11.03117 2.35239
v 2.31541 -11.00082 2.35239
v 2.21334 -10.93755 2.35239
v 2.18194 -10.50017 2.35239
v 2.21334 -10.06245 2.35239
v 2.31541 -9.99918 2.35239
v 2.52826 -9.96883 2.35239
v 3.99937 -9.95950 2.35239
v 5.47174 -9.96883 2.35239
v 5.68459 -9.99918 2.35239
v 5.78666 -10.06245 2.35239
v 5.85000 -10.50000 3.00000
v 5.81806 -10.94523 3.00000
v 5.71419 -11.00962 3.00000
v 5.49760 -11.04050 3.00000
v 4.00050 -11.05000 3.00000
v 2.50240 -11.04050 3.00000
v 2.28581 -11.00962 3.00000
v 2.18194 -10.94523 3.00000
v 2.15000 -10.50017 3.00000
v 2.18194 -10.05477 3.00000
v 2.28581 -9.99038 3.00000
v 2.50240 -9.95950 3.00000
v 3.99936 -9.95000 3.00000
v 5.49760 -9.95950 3.00000
v 5.71419 -9.99038 3.00000
v 5.81806 -10.05477 3.00000
v 5.81806 -10.50000 3.64761
v 5.78666 -10.93755 3.64761
v 5.68459 -11.00082 3.64761
v 5.47174 -11.03117 3.64761
v 4.00049 -11.04050 3.64761
v 2.52826 -11.03117 3.64761
v 2.31541 -11.00082 3.64761
v 2.21334 -10.93755 3.64761
v 2.18194 -10.50017 3.64761
v 2.21334 -10.06245 3.64761
v 2.31541 -9.99918 3.64761
v 2.52826 -9.96883 3.64761
v 3.99937 -9.95950 3.64761
v 5.47174 -9.96883 3.64761
v 5.68459 -9.99918 3.64761
v 5.78666 -10.06245 3.64761
v 5.71419 -10.50000 3.74127
v 5.68459 -10.91255 3.74127
v 5.58835 -10.97221 3.74127
v 5.38766 -11.00082 3.74127
v 4.00046 -11.00962 3.74127
v 2.61234 -11.00082 3.74127
v 2.41165 -10.97221 3.74127
v 2.31541 -10.91255 3.74127
v 2.28581 -10.50016 3.74127
v 2.31541 -10.08745 3.74127
v 2.41165 -10.02779 3.74127
v 2.61234 -9.99918 3.74127
v 3.99941 -9.99038 3.74127
v 5.38766 -9.99918 3.74127
v 5.58835 -10.02779 3.74127
v 5.68459 -10.08745 3.74127
v 5.49760 -10.50000 3.78619
v 5.47174 -10.86042 3.78619
v 5.38766 -10.91255 3.78619
v 5.21233 -10.93755 3.78619
v 4.00041 -10.94523 3.78619
v 2.78767 -10.93755 3.78619
v 2.61234 -10.91255 3.78619
v 2.52826 -10.86042 3.78619
v 2.50240 -10.50014 3.78619
v 2.52826 -10.13958 3.78619
v 2.61234 -10.08745 3.78619
v 2.78767 -10.06245 3.78619
v 3.99948 -10.05477 3.78619
v 5.21233 -10.06245 3.78619
v 5.38766 -10.08745 3.78619
v 5.47174 -10.13958 3.78619
v 4.00050 -10.50000 3.80000
v 4.00049 -10.50012 3.80000
v 4.00046 -10.50014 3.80000
v 4.00041 -10.50015 3.80000
v 4.00000 -10.50015 3.80000
v 3.99959 -10.50015 3.80000
v 3.99954 -10.50014 3.80000
v 3.99951 -10.50012 3.80000
v 3.99950 -10.50000 3.80000
v 3.99951 -10.49988 3.80000
v 3.99954 -10.49986 3.80000
v 3.99959 -10.49985 3.80000
v 4.00000 -10.49985 3.80000
v 4.00041 -10.49985 3.80000
v 4.00046 -10.49986 3.80000
v 4.00049 -10.49988 3.80000
v 4.00051 -11.00000 3.65000
v 4.00051 -11.00028 3.65000
v 4.00048 -11.00032 3.65000
v 4.00042 -11.00034 3.65000
v 4.00000 -11.00034 3.65000
v 3.99958 -11.00034 3.65000
v 3.99952 -11.00032 3.65000
v 3.99949 -11.00028 3.65000
v 3.99949 -11.00000 3.65000
v 3.99949 -10.99972 3.65000
v 3.99952 -10.99968 3.65000
v 3.99958 -10.99966 3.65000
v 4.00000 -10.99966 3.65000
v 4.00042 -10.99966 3.65000
v 4.00048 -10.99968 3.65000
v 4.00051 -10.99972 3.65000
v 4.74269 -11.00000 3.65314
v 4.73103 -11.40859 3.65314
v 4.69296 -11.46197 3.65314
v 4.61288 -11.48735 3.65314
v 4.00042 -11.49513 3.65314
v 3.38712 -11.48735 3.65314
v 3.30704 -11.46197 3.65314
v 3.26897 -11.40859 3.65314
v 3.25731 -11.00033 3.65314
v 3.26897 -10.59141 3.65314
v 3.30704 -10.53803 3.65314
v 3.38712 -10.51265 3.65314
v 3.99947 -10.50487 3.65314
v 4.61288 -10.51265 3.65314
v 4.69296 -10.53803 3.65314
v 4.73103 -10.59141 3.65314
v 4.83973 -11.00000 3.66339
v 4.82654 -11.46197 3.66339
v 4.78350 -11.52233 3.66339
v 4.69296 -11.55103 3.66339
v 4.00048 -11.55982 3.66339
v 3.30704 -11.55103 3.66339
v 3.21650 -11.52233 3.66339
v 3.17346 -11.46197 3.66339
v 3.16027 -11.00037 3.66339
v 3.17346 -10.53803 3.66339
v 3.21650 -10.47767 3.66339
v 3.30704 -10.44897 3.66339
v 3.99940 -10.44018 3.66339
v 4.69296 -10.44897 3.66339
v 4.78350 -10.47767 3.66339
v 4.82654 -10.53803 3.66339
v 4.88586 -11.00000 3.68496
v 4.87194 -11.48735 3.68496
v 4.82654 -11.55103 3.68496
v 4.73103 -11.58130 3.68496
v 4.00051 -11.59057 3.68496
v 3.26897 -11.58130 3.68496
v 3.17346 -11.55103 3.68496
v 3.12806 -11.48735 3.68496
v 3.11414 -11.00039 3.68496
v 3.12806 -10.51265 3.68496
v 3.17346 -10.44897 3.68496
v 3.26897 -10.41870 3.68496
v 3.99937 -10.40943 3.68496
v 4.73103 -10.41870 3.68496
v 4.82654 -10.44897 3.68496
v 4.87194 -10.51265 3.68496
v 4.90000 -11.00000 3.85000
v 4.88586 -11.49513 3.85000
v 4.83973 -11.55982 3.85000
v 4.74269 -11.59057 3.85000
v 4.00051 -11.60000 3.85000
v 3.25731 -11.59057 3.85000
v 3.16027 -11.55982 3.85000
v 3.11414 -11.49513 3.85000
v 3.10000 -11.00039 3.85000
v 3.11414 -10.50487 3.85000
v 3.16027 -10.44018 3.85000
v 3.25731 -10.40943 3.85000
v 3.99936 -10.40000 3.85000
v 4.74269 -10.40943 3.85000
v 4.83973 -10.44018 3.85000
v 4.88586 -10.50487 3.85000
v 4.88586 -11.00000 4.01504
v 4.87194 -11.48735 4.01504
v 4.82654 -11.55103 4.01504
v 4.73103 -11.58130 4.01504
v 4.00051 -11.59057 4.01504
v 3.26897 -11.58130 4.01504
v 3.17346 -11.55103 4.01504
v 3.12806 -11.48735 4.01504
v 3.11414 -11.00039 4.01504
v 3.12806 -10.51265 4.01504
v 3.17346 -10.44897 4.01504
v 3.26897 -10.41870 4.01504
v 3.99937 -10.40943 4.01504
v 4.73103 -10.41870 4.01504
v 4.82654 -10.44897 4.01504
v 4.87194 -10.51265 4.01504
v 4.83973 -11.00000 4.03661
v 4.82654 -11.46197 4.03661
v 4.78350 -11.52233 4.03661
v 4.69296 -11.55103 4.03661
v 4.00048 -11.55982 4.03661
v 3.30704 -11.55103 4.03661
v 3.21650 -11.52233 4.03661
v 3.17346 -11.46197 4.03661
v 3.16027 -11.00037 4.03661
v 3.17346 -10.53803 4.03661
v 3.21650 -10.47767 4.03661
v 3.30704 -10.44897 4.03661
v 3.99940 -10.44018 4.03661
v 4.69296 -10.44897 4.03661
v 4.78350 -10.47767 4.03661
v 4.82654 -10.53803 4.03661
v 4.74269 -11.00000 4.04686
v 4.73103 -11.40859 4.04686
v 4.69296 -11.46197 4.04686
v 4.61288 -11.48735 4.04686
v 4.00042 -11.49513 4.04686
v 3.38712 -11.48735 4.04686
v 3.30704 -11.46197 4.04686
v 3.26897 -11.40859 4.04686
v 3.25731 -11.00033 4.04686
v 3.26897 -10.59141 4.04686
v 3.30704 -10.53803 4.04686
v 3.38712 -10.51265 4.04686
v 3.99947 -10.50487 4.04686
v 4.61288 -10.51265 4.04686
v 4.69296 -10.53803 4.04686
v 4.73103 -10.59141 4.04686
v 4.00051 -11.00000 4.05000
v 4.00051 -11.00028 4.05000
v 4.00048 -11.00032 4.05000
v 4.00042 -11.00034 4.05000
v 4.00000 -11.00034 4.05000
v 3.99958 -11.00034 4.05000
v 3.99952 -11.00032 4.05000
v 3.99949 -11.00028 4.05000
v 3.99949 -11.00000 4.05000
v 3.99949 -10.99972 4.05000
v 3.99952 -10.99968 4.05000
v 3.99958 -10.99966 4.05000
v 4.00000 -10.99966 4.05000
v 4.00042 -10.99966 4.05000
v 4.00048 -10.99968 4.05000
v 4.00051 -10.99972 4.05000
v -7.00000 -10.60000 2.30000
v -7.00000 -10.60000 2.30000
v -7.00000 -10.60000 2.30000
v -7.00000 -10.60000 2.30000
v -7.00000 -10.60000 2.30000
v -7.00000 -10.60000 2.30000
v -7.00000 -10.60000 2.30000
v -7.00000 -10.60000 2.30000
v -7.00000 -10.60000 2.30000
v -7.00000 -10.60000 2.30000
v -7.00000 -10.60000 2.30000
v -7.00000 -10.60000 2.30000
v -7.00000 -10.60000 2.30000
v -7.00000 -10.60000 2.30000
v -7.00000 -10.60000 2.30000
v -7.00000 -10.60000 2.30000
v -6.72176 -10.60000 2.33682
v -6.73883 -10.66452 2.33682
v -6.78913 -10.70543 2.33682
v -6.87097 -10.73058 2.33682
v -7.00000 -10.73912 2.33682
v -7.12903 -10.73058 2.33682
v -7.21087 -10.70543 2.33682
v -7.26117 -10.66452 2.33682
v -7.27824 -10.60000 2.33682
v -7.26117 -10.53548 2.33682
v -7.21087 -10.49457 2.33682
v -7.12903 -10.46942 2.33682
v -7.00000 -10.46088 2.33682
v -6.87097 -10.46942 2.33682
v -6.78913 -10.49457 2.33682
v -6.73883 -10.53548 2.33682
v -6.54529 -10.60000 2.44529
v -6.57319 -10.70543 2.44529
v -6.65539 -10.77230 2.44529
v -6.78913 -10.81340 2.44529
v -7.00000 -10.82736 2.44529
v -7.21087 -10.81340 2.44529
v -7.34461 -10.77230 2.44529
v -7.42681 -10.70543 2.44529
v -7.45471 -10.60000 2.44529
v -7.42681 -10.49457 2.44529
v -7.34461 -10.42770 2.44529
v -7.21087 -10.38660 2.44529
v -7.00000 -10.37264 2.44529
v -6.78913 -10.38660 2.44529
v -6.65539 -10.42770 2.44529
v -6.57319 -10.49457 2.44529
v -6.43682 -10.60000 2.62176
v -6.47139 -10.73058 2.62176
v -6.57319 -10.81340 2.62176
v -6.73883 -10.86431 2.62176
v -7.00000 -10.88159 2.62176
v -7.26117 -10.86431 2.62176
v -7.42681 -10.81340 2.62176
v -7.52861 -10.73058 2.62176
v -7.56318 -10.60000 2.62176
v -7.52861 -10.46942 2.62176
v -7.42681 -10.38660 2.62176
v -7.26117 -10.33569 2.62176
v -7.00000 -10.31841 2.62176
v -6.73883 -10.33569 2.62176
v -6.57319 -10.38660 2.62176
v -6.47139 -10.46942 2.62176
v -6.40000 -10.60000 2.90000
v -6.43682 -10.73912 2.90000
v -6.54529 -10.82736 2.90000
v -6.72176 -10.88159 2.90000
v -7.00000 -10.90000 2.90000
v -7.27824 -10.88159 2.90000
v -7.45471 -10.82736 2.90000
v -7.56318 -10.73912 2.90000
v -7.60000 -10.60000 2.90000
v -7.56318 -10.46088 2.90000
v -7.45471 -10.37264 2.90000
v -7.27824 -10.31841 2.90000
v -7.00000 -10.30000 2.90000
v -6.72176 -10.31841 2.90000
v -6.54529 -10.37264 2.90000
v -6.43682 -10.46088 2.90000
v -6.43682 -10.60000 3.17824
v -6.47139 -10.73058 3.17824
v -6.57319 -10.81340 3.17824
v -6.73883 -10.86431 3.17824
v -7.00000 -10.88159 3.17824
v -7.26117 -10.86431 3.17824
v -7.42681 -10.81340 3.17824
v -7.52861 -10.73058 3.17824
v -7.56318 -10.60000 3.17824
v -7.52861 -10.46942 3.17824
v -7.42681 -10.38660 3.17824
v -7.26117 -10.33569 3.17824
v -7.00000 -10.31841 3.17824
v -6.73883 -10.33569 3.17824
v -6.57319 -10.38660 3.17824
v -6.47139 -10.46942 3.17824
v -6.54529 -10.60000 3.35471
v -6.57319 -10.70543 3.35471
v -6.65539 -10.77230 3.35471
v -6.78913 -10.81340 3.35471
v -7.00000 -10.82736 3.35471
v -7.21087 -10.81340 3.35471
v -7.34461 -10.77230 3.35471
v -7.42681 -10.70543 3.35471
v -7.45471 -10.60000 3.35471
v -7.42681 -10.49457 3.35471
v -7.34461 -10.42770 3.35471
v -7.21087 -10.38660 3.35471
v -7.00000 -10.37264 3.35471
v -6.78913 -10.38660 3.35471
v -6.65539 -10.42770 3.35471
v -6.57319 -10.49457 3.35471
v -6.72176 -10.60000 3.46318
v -6.73883 -10.66452 3.46318
v -6.78913 -10.70543 3.46318
v -6.87097 -10.73058 3.46318
v -7.00000 -10.73912 3.46318
v -7.12903 -10.73058 3.46318
v -7.21087 -10.70543 3.46318
v -7.26117 -10.66452 3.46318
v -7.27824 -10.60000 3.46318
v -7.26117 -10.53548 3.46318
v -7.21087 -10.49457 3.46318
v -7.12903 -10.46942 3.46318
v -7.00000 -10.46088 3.46318
v -6.87097 -10.46942 3.46318
v -6.78913 -10.49457 3.46318
v -6.73883 -10.53548 3.46318
v -7.00000 -10.60000 3.50000
v -7.00000 -10.60000 3.50000
v -7.00000 -10.60000 3.50000
v -7.00000 -10.60000 3.50000
v -7.00000 -10.60000 3.50000
v -7.00000 -10.60000 3.50000
v -7.00000 -10.60000 3.50000
v -7.00000 -10.60000 3.50000
v -7.00000 -10.60000 3.50000
v -7.00000 -10.60000 3.50000
v -7.00000 -10.60000 3.50000
v -7.00000 -10.60000 3.50000
v -7.00000 -10.60000 3.50000
v -7.00000 -10.60000 3.50000
v -7.00000 -10.60000 3.50000
v -7.00000 -10.60000 3.50000
v 3.50000 -10.60000 2.30000
v 3.50000 -10.60000 2.30000
v 3.50000 -10.60000 2.30000
v 3.50000 -10.60000 2.30000
v 3.50000 -10.60000 2.30000
v 3.50000 -10.60000 2.30000
v 3.50000 -10.60000 2.30000
v 3.50000 -10.60000 2.30000
v 3.50000 -10.60000 2.30000
v 3.50000 -10.60000 2.30000
v 3.50000 -10.60000 2.30000
v 3.50000 -10.60000 2.30000
v 3.50000 -10.60000 2.30000
v 3.50000 -10.60000 2.30000
v 3.50000 -10.60000 2.30000
v 3.50000 -10.60000 2.30000
v 3.77824 -10.60000 2.33682
v 3.76117 -10.66452 2.33682
v 3.71087 -10.70543 2.33682
v 3.62903 -10.73058 2.33682
v 3.50000 -10.73912 2.33682
v 3.37097 -10.73058 2.33682
v 3.28913 -10.70543 2.33682
v 3.23883 -10.66452 2.33682
v 3.22176 -10.60000 2.33682
v 3.23883 -10.53548 2.33682
v 3.28913 -10.49457 2.33682
v 3.37097 -10.46942 2.33682
v 3.50000 -10.46088 2.33682
v 3.62903 -10.46942 2.33682
v 3.71087 -10.49457 2.33682
v 3.76117 -10.53548 2.33682
v 3.95471 -10.60000 2.44529
v 3.92681 -10.70543 2.44529
v 3.84461 -10.77230 2.44529
v 3.71087 -10.81340 2.44529
v 3.50000 -10.82736 2.44529
v 3.28913 -10.81340 2.44529
v 3.15539 -10.77230 2.44529
v 3.07319 -10.70543 2.44529
v 3.04529 -10.60000 2.44529
v 3.07319 -10.49457 2.44529
v 3.15539 -10.42770 2.44529
v 3.28913 -10.38660 2.44529
v 3.50000 -10.37264 2.44529
v 3.71087 -10.38660 2.44529
v 3.84461 -10.42770 2.44529
v 3.92681 -10.49457 2.44529
v 4.06318 -10.60000 2.62176
v 4.02861 -10.73058 2.62176
v 3.92681 -10.81340 2.62176
v 3.76117 -10.86431 2.62176
v 3.50000 -10.88159 2.62176
v 3.23883 -10.86431 2.62176
v 3.07319 -10.81340 2.62176
v 2.97139 -10.73058 2.62176
v 2.93682 -10.60000 2.62176
v 2.97139 -10.46942 2.62176
v 3.07319 -10.38660 2.62176
v 3.23883 -10.33569 2.62176
v 3.50000 -10.31841 2.62176
v 3.76117 -10.33569 2.62176
v 3.92681 -10.38660 2.62176
v 4.02861 -10.46942 2.62176
v 4.10000 -10.60000 2.90000
v 4.06318 -10.73912 2.90000
v 3.95471 -10.82736 2.90000
v 3.77824 -10.88159 2.90000
v 3.50000 -10.90000 2.90000
v 3.22176 -10.88159 2.90000
v 3.04529 -10.82736 2.90000
v 2.93682 -10.73912 2.90000
v 2.90000 -10.60000 2.90000
v 2.93682 -10.46088 2.90000
v 3.04529 -10.37264 2.90000
v 3.22176 -10.31841 2.90000
v 3.50000 -10.30000 2.90000
v 3.77824 -10.31841 2.90000
v 3.95471 -10.37264 2.90000
v 4.06318 -10.46088 2.90000
v 4.06318 -10.60000 3.17824
v 4.02861 -10.73058 3.17824
v 3.92681 -10.81340 3.17824
v 3.76117 -10.86431 3.17824
v 3.50000 -10.88159 3.17824
v 3.23883 -10.86431 3.17824
v 3.07319 -10.81340 3.17824
v 2.97139 -10.73058 3.17824
v 2.93682 -10.60000 3.17824
v 2.97139 -10.46942 3.17824
v 3.07319 -10.38660 3.17824
v 3.23883 -10.33569 3.17824
v 3.50000 -10.31841 3.17824
v 3.76117 -10.33569 3.17824
v 3.92681 -10.38660 3.17824
v 4.02861 -10.46942 3.17824
v 3.95471 -10.60000 3.35471
v 3.92681 -10.70543 3.35471
v 3.84461 -10.77230 3.35471
v 3.71087 -10.81340 3.35471
v 3.50000 -10.82736 3.35471
v 3.28913 -10.81340 3.35471
v 3.15539 -10.77230 3.35471
v 3.07319 -10.70543 3.35471
v 3.04529 -10.60000 3.35471
v 3.07319 -10.49457 3.35471
v 3.15539 -10.42770 3.35471
v 3.28913 -10.38660 3.35471
v 3.50000 -10.37264 3.35471
v 3.71087 -10.38660 3.35471
v 3.84461 -10.42770 3.35471
v 3.92681 -10.49457 3.35471
v 3.77824 -10.60000 3.46318
v 3.76117 -10.66452 3.46318
v 3.71087 -10.70543 3.46318
v 3.62903 -10.73058 3.46318
v 3.50000 -10.73912 3.46318
v 3.37097 -10.73058 3.46318
v 3.28913 -10.70543 3.46318
v 3.23883 -10.66452 3.46318
v 3.22176 -10.60000 3.46318
v 3.23883 -10.53548 3.46318
v 3.28913 -10.49457 3.46318
v 3.37097 -10.46942 3.46318
v 3.50000 -10.46088 3.46318
v 3.62903 -10.46942 3.46318
v 3.71087 -10.49457 3.46318
v 3.76117 -10.53548 3.46318
v 3.50000 -10.60000 3.50000
v 3.50000 -10.60000 3.50000
v 3.50000 -10.60000 3.50000
v 3.50000 -10.60000 3.50000
v 3.50000 -10.60000 3.50000
v 3.50000 -10.60000 3.50000
v 3.50000 -10.60000 3.50000
v 3.50000 -10.60000 3.50000
v 3.50000 -10.60000 3.50000
v 3.50000 -10.60000 3.50000
v 3.50000 -10.60000 3.50000
v 3.50000 -10.60000 3.50000
v 3.50000 -10.60000 3.50000
v 3.50000 -10.60000 3.50000
v 3.50000 -10.60000 3.50000
v 3.50000 -10.60000 3.50000
vt -0.09167 0.03958
vt -0.09167 0.03958
vt -0.09167 0.03958
vt -0.09167 0.03958
vt -0.09167 0.03958
vt -0.09167 0.03958
vt -0.09167 0.03958
vt -0.09167 0.03958
vt -0.09167 0.03958
vt -0.09167 0.03958
vt -0.09167 0.03958
vt -0.09167 0.03958
vt -0.09167 0.03958
vt -0.09167 0.03958
vt -0.09167 0.03958
vt -0.09167 0.03958
vt -0.09167 0.04271
vt -0.08103 0.04271
vt -0.07848 0.04271
vt -0.07719 0.04271
vt -0.07678 0.04271
vt -0.07719 0.04271
vt -0.07848 0.04271
vt -0.08103 0.04271
vt -0.09167 0.04271
vt -0.10230 0.04271
vt -0.10485 0.04271
vt -0.10614 0.04271
vt -0.10655 0.04271
vt -0.10614 0.04271
vt -0.10485 0.04271
vt -0.10230 0.04271
vt -0.09167 0.05267
vt -0.07848 0.05267
vt -0.07532 0.05267
vt -0.07372 0.05267
vt -0.07321 0.05267
vt -0.07372 0.05267
vt -0.07532 0.05267
vt -0.07848 0.05267
vt -0.09167 0.05267
vt -0.10485 0.05267
vt -0.10801 0.05267
vt -0.10962 0.05267
vt -0.11012 0.05267
vt -0.10962 0.05267
vt -0.10801 0.05267
vt -0.10485 0.05267
vt -0.09167 0.07230
vt -0.07719 0.07230
vt -0.07372 0.07230
vt -0.07196 0.07230
vt -0.07140 0.07230
vt -0.07196 0.07230
vt -0.07372 0.07230
vt -0.07719 0.07230
vt -0.09167 0.07230
vt -0.10614 0.07230
vt -0.10962 0.07230
vt -0.11138 0.07230
vt -0.11193 0.07230
vt -0.11138 0.07230
vt -0.10962 0.07230
vt -0.10614 0.07230
vt -0.09167 0.15417
vt -0.07678 0.15417
vt -0.07321 0.15417
vt -0.07140 0.15417
vt -0.07083 0.15417
vt -0.07140 0.15417
vt -0.07321 0.15417
vt -0.07678 0.15417
vt -0.09167 0.15417
vt -0.10655 0.15417
vt -0.11012 0.15417
vt -0.11193 0.15417
vt -0.11250 0.15417
vt -0.11193 0.15417
vt -0.11012 0.15417
vt -0.10655 0.15417
vt -0.09167 0.23603
vt -0.07719 0.23603
vt -0.07372 0.23603
vt -0.07196 0.23603
vt -0.07140 0.23603
vt -0.07196 0.23603
vt -0.07372 0.23603
vt -0.07719 0.23603
vt -0.09167 0.23603
vt -0.10614 0.23603
vt -0.10962 0.23603
vt -0.11138 0.23603
vt -0.11193 0.23603
vt -0.11138 0.23603
vt -0.10962 0.23603
vt -0.10614 0.23603
vt -0.09167 0.25566
vt -0.07848 0.25566
vt -0.07532 0.25566
vt -0.07372 0.25566
vt -0.07321 0.25566
vt -0.07372 0.25566
vt -0.07532 0.25566
vt -0.07848 0.25566
vt -0.09167 0.25566
vt -0.10485 0.25566
vt -0.10801 0.25566
vt -0.10962 0.25566
vt -0.11012 0.25566
vt -0.10962 0.25566
vt -0.10801 0.25566
vt -0.10485 0.25566
vt -0.09167 0.26562
vt -0.08103 0.26562
vt -0.07848 0.26562
vt -0.07719 0.26562
vt -0.07678 0.26562
vt -0.07719 0.26562
vt -0.07848 0.26562
vt -0.08103 0.26562
vt -0.09167 0.26562
vt -0.10230 0.26562
vt -0.10485 0.26562
vt -0.10614 0.26562
vt -0.10655 0.26562
vt -0.10614 0.26562
vt -0.10485 0.26562
vt -0.10230 0.26562
vt -0.09167 0.26875
vt -0.09167 0.26875
vt -0.09167 0.26875
vt -0.09167 0.26875
vt -0.09167 0.26875
vt -0.09167 0.26875
vt -0.09167 0.26875
vt -0.09167 0.26875
vt -0.09167 0.26875
vt -0.09167 0.26875
vt -0.09167 0.26875
vt -0.09167 0.26875
vt -0.09167 0.26875
vt -0.09167 0.26875
vt -0.09167 0.26875
vt -0.09167 0.26875
vt 0.09167 0.03958
vt 0.09167 0.03958
vt 0.09167 0.03958
vt 0.09167 0.03958
vt 0.09167 0.03958
vt 0.09167 0.03958
vt 0.09167 0.03958
vt 0.09167 0.03958
vt 0.09167 0.03958
vt 0.09167 0.03958
vt 0.09167 0.03958
vt 0.09167 0.03958
vt 0.09167 0.03958
vt 0.09167 0.03958
vt 0.09167 0.03958
vt 0.09167 0.03958
vt 0.09167 0.04271
vt 0.10230 0.04271
vt 0.10485 0.04271
vt 0.10614 0.04271
vt 0.10655 0.04271
vt 0.10614 0.04271
vt 0.10485 0.04271
vt 0.10230 0.04271
vt 0.09167 0.04271
vt 0.08103 0.04271
vt 0.07848 0.04271
vt 0.07719 0.04271
vt 0.07678 0.04271
vt 0.07719 0.04271
vt 0.07848 0.04271
vt 0.08103 0.04271
vt 0.09167 0.05267
vt 0.10485 0.05267
vt 0.10801 0.05267
vt 0.10962 0.05267
vt 0.11012 0.05267
vt 0.10962 0.05267
vt 0.10801 0.05267
vt 0.10485 0.05267
vt 0.09167 0.05267
vt 0.07848 0.05267
vt 0.07532 0.05267
vt 0.07372 0.05267
vt 0.07321 0.05267
vt 0.07372 0.05267
vt 0.07532 0.05267
vt 0.07848 0.05267
vt 0.09167 0.07230
vt 0.10614 0.07230
vt 0.10962 0.07230
vt 0.11138 0.07230
vt 0.11193 0.07230
vt 0.11138 0.07230
vt 0.10962 0.07230
vt 0.10614 0.07230
vt 0.09167 0.07230
vt 0.07719 0.07230
vt 0.07372 0.07230
vt 0.07196 0.07230
vt 0.07140 0.07230
vt 0.07196 0.07230
vt 0.07372 0.07230
vt 0.07719 0.07230
vt 0.09167 0.15417
vt 0.10655 0.15417
vt 0.11012 0.15417
vt 0.11193 0.15417
vt 0.11250 0.15417
vt 0.11193 0.15417
vt 0.11012 0.15417
vt 0.10655 0.15417
vt 0.09167 0.15417
vt 0.07678 0.15417
vt 0.07321 0.15417
vt 0.07140 0.15417
vt 0.07083 0.15417
vt 0.07140 0.15417
vt 0.07321 0.15417
vt 0.07678 0.15417
vt 0.09167 0.23603
vt 0.10614 0.23603
vt 0.10962 0.23603
vt 0.11138 0.23603
vt 0.11193 0.23603
vt 0.11138 0.23603
vt 0.10962 0.23603
vt 0.10614 0.23603
vt 0.09167 0.23603
vt 0.07719 0.23603
vt 0.07372 0.23603
vt 0.07196 0.23603
vt 0.07140 0.23603
vt 0.07196 0.23603
vt 0.07372 0.23603
vt 0.07719 0.23603
vt 0.09167 0.25566
vt 0.10485 0.25566
vt 0.10801 0.25566
vt 0.10962 0.25566
vt 0.11012 0.25566
vt 0.10962 0.25566
vt 0.10801 0.25566
vt 0.10485 0.25566
vt 0.09167 0.25566
vt 0.07848 0.25566
vt 0.07532 0.25566
vt 0.07372 0.25566
vt 0.07321 0.25566
vt 0.07372 0.25566
vt 0.07532 0.25566
vt 0.07848 0.25566
vt 0.09167 0.26562
vt 0.10230 0.26562
vt 0.10485 0.26562
vt 0.10614 0.26562
vt 0.10655 0.26562
vt 0.10614 0.26562
vt 0.10485 0.26562
vt 0.10230 0.26562
vt 0.09167 0.26562
vt 0.08103 0.26562
vt 0.07848 0.26562
vt 0.07719 0.26562
vt 0.07678 0.26562
vt 0.07719 0.26562
vt 0.07848 0.26562
vt 0.08103 0.26562
vt 0.09167 0.26875
vt 0.09167 0.26875
vt 0.09167 0.26875
vt 0.09167 0.26875
vt 0.09167 0.26875
vt 0.09167 0.26875
vt 0.09167 0.26875
vt 0.09167 0.26875
vt 0.09167 0.26875
vt 0.09167 0.26875
vt 0.09167 0.26875
vt 0.09167 0.26875
vt 0.09167 0.26875
vt 0.09167 0.26875
vt 0.09167 0.26875
vt 0.09167 0.26875
vt 0.00000 0.02500
vt 0.00000 0.02500
vt 0.00000 0.02500
vt 0.00000 0.02500
vt 0.00000 0.02500
vt 0.00000 0.02500
vt 0.00000 0.02500
vt 0.00000 0.02500
vt 0.00000 0.02500
vt -0.00000 0.02500
vt -0.00000 0.02500
vt -0.00000 0.02500
vt -0.00000 0.02500
vt -0.00000 0.02500
vt -0.00000 0.02500
vt -0.00000 0.02500
vt 0.00000 0.02557
vt 0.05849 0.02557
vt 0.07252 0.02557
vt 0.07963 0.02557
vt 0.08187 0.02557
vt 0.07963 0.02557
vt 0.07252 0.02557
vt 0.05849 0.02557
vt 0.00000 0.02557
vt -0.05849 0.02557
vt -0.07252 0.02557
vt -0.07963 0.02557
vt -0.08187 0.02557
vt -0.07963 0.02557
vt -0.07252 0.02557
vt -0.05849 0.02557
vt 0.00000 0.02738
vt 0.07252 0.02738
vt 0.08990 0.02738
vt 0.09872 0.02738
vt 0.10149 0.02738
vt 0.09872 0.02738
vt 0.08990 0.02738
vt 0.07252 0.02738
vt 0.00000 0.02738
vt -0.07252 0.02738
vt -0.08990 0.02738
vt -0.09872 0.02738
vt -0.10149 0.02738
vt -0.09872 0.02738
vt -0.08990 0.02738
vt -0.07252 0.02738
vt 0.00000 0.03095
vt 0.07963 0.03095
vt 0.09872 0.03095
vt 0.10841 0.03095
vt 0.11145 0.03095
vt 0.10841 0.03095
vt 0.09872 0.03095
vt 0.07963 0.03095
vt 0.00000 0.03095
vt -0.07963 0.03095
vt -0.09872 0.03095
vt -0.10841 0.03095
vt -0.11145 0.03095
vt -0.10841 0.03095
vt -0.09872 0.03095
vt -0.07963 0.03095
vt 0.00000 0.04583
vt 0.08187 0.04583
vt 0.10149 0.04583
vt 0.11145 0.04583
vt 0.11458 0.04583
vt 0.11145 0.04583
vt 0.10149 0.04583
vt 0.08187 0.04583
vt 0.00000 0.04583
vt -0.08187 0.04583
vt -0.10149 0.04583
vt -0.11145 0.04583
vt -0.11458 0.04583
vt -0.11145 0.04583
vt -0.10149 0.04583
vt -0.08187 0.04583
vt 0.00000 0.06072
vt 0.07963 0.06072
vt 0.09872 0.06072
vt 0.10841 0.06072
vt 0.11145 0.06072
vt 0.10841 0.06072
vt 0.09872 0.06072
vt 0.07963 0.06072
vt 0.00000 0.06072
vt -0.07963 0.06072
vt -0.09872 0.06072
vt -0.10841 0.06072
vt -0.11145 0.06072
vt -0.10841 0.06072
vt -0.09872 0.06072
vt -0.07963 0.06072
vt 0.00000 0.06429
vt 0.07252 0.06429
vt 0.08990 0.06429
vt 0.09872 0.06429
vt 0.10149 0.06429
vt 0.09872 0.06429
vt 0.08990 0.06429
vt 0.07252 0.06429
vt 0.00000 0.06429
vt -0.07252 0.06429
vt -0.08990 0.06429
vt -0.09872 0.06429
vt -0.10149 0.06429
vt -0.09872 0.06429
vt -0.08990 0.06429
vt -0.07252 0.06429
vt 0.00000 0.06610
vt 0.05849 0.06610
vt 0.07252 0.06610
vt 0.07963 0.06610
vt 0.08187 0.06610
vt 0.07963 0.06610
vt 0.07252 0.06610
vt 0.05849 0.06610
vt 0.00000 0.06610
vt -0.05849 0.06610
vt -0.07252 0.06610
vt -0.07963 0.06610
vt -0.08187 0.06610
vt -0.07963 0.06610
vt -0.07252 0.06610
vt -0.05849 0.06610
vt 0.00000 0.06667
vt 0.00000 0.06667
vt 0.00000 0.06667
vt 0.00000 0.06667
vt 0.00000 0.06667
vt 0.00000 0.06667
vt 0.00000 0.06667
vt 0.00000 0.06667
vt 0.00000 0.06667
vt -0.00000 0.06667
vt -0.00000 0.06667
vt -0.00000 0.06667
vt -0.00000 0.06667
vt -0.00000 0.06667
vt -0.00000 0.06667
vt -0.00000 0.06667
vt 0.00000 0.23333
vt 0.00000 0.23333
vt 0.00000 0.23333
vt 0.00000 0.23333
vt 0.00000 0.23333
vt 0.00000 0.23333
vt 0.00000 0.23333
vt 0.00000 0.23333
vt 0.00000 0.23333
vt -0.00000 0.23333
vt -0.00000 0.23333
vt -0.00000 0.23333
vt -0.00000 0.23333
vt -0.00000 0.23333
vt -0.00000 0.23333
vt -0.00000 0.23333
vt 0.00000 0.23390
vt 0.05849 0.23390
vt 0.07252 0.23390
vt 0.07963 0.23390
vt 0.08187 0.23390
vt 0.07963 0.23390
vt 0.07252 0.23390
vt 0.05849 0.23390
vt 0.00000 0.23390
vt -0.05849 0.23390
vt -0.07252 0.23390
vt -0.07963 0.23390
vt -0.08187 0.23390
vt -0.07963 0.23390
vt -0.07252 0.23390
vt -0.05849 0.23390
vt 0.00000 0.23571
vt 0.07252 0.23571
vt 0.08990 0.23571
vt 0.09872 0.23571
vt 0.10149 0.23571
vt 0.09872 0.23571
vt 0.08990 0.23571
vt 0.07252 0.23571
vt 0.00000 0.23571
vt -0.07252 0.23571
vt -0.08990 0.23571
vt -0.09872 0.23571
vt -0.10149 0.23571
vt -0.09872 0.23571
vt -0.08990 0.23571
vt -0.07252 0.23571
vt 0.00000 0.23928
vt 0.07963 0.23928
vt 0.09872 0.23928
vt 0.10841 0.23928
vt 0.11145 0.23928
vt 0.10841 0.23928
vt 0.09872 0.23928
vt 0.07963 0.23928
vt 0.00000 0.23928
vt -0.07963 0.23928
vt -0.09872 0.23928
vt -0.10841 0.23928
vt -0.11145 0.23928
vt -0.10841 0.23928
vt -0.09872 0.23928
vt -0.07963 0.23928
vt 0.00000 0.25417
vt 0.08187 0.25417
vt 0.10149 0.25417
vt 0.11145 0.25417
vt 0.11458 0.25417
vt 0.11145 0.25417
vt 0.10149 0.25417
vt 0.08187 0.25417
vt 0.00000 0.25417
vt -0.08187 0.25417
vt -0.10149 0.25417
vt -0.11145 0.25417
vt -0.11458 0.25417
vt -0.11145 0.25417
vt -0.10149 0.25417
vt -0.08187 0.25417
vt 0.00000 0.26905
vt 0.07963 0.26905
vt 0.09872 0.26905
vt 0.10841 0.26905
vt 0.11145 0.26905
vt 0.10841 0.26905
vt 0.09872 0.26905
vt 0.07963 0.26905
vt 0.00000 0.26905
vt -0.07963 0.26905
vt -0.09872 0.26905
vt -0.10841 0.26905
vt -0.11145 0.26905
vt -0.10841 0.26905
vt -0.09872 0.26905
vt -0.07963 0.26905
vt 0.00000 0.27262
vt 0.07252 0.27262
vt 0.08990 0.27262
vt 0.09872 0.27262
vt 0.10149 0.27262
vt 0.09872 0.27262
vt 0.08990 0.27262
vt 0.07252 0.27262
vt 0.00000 0.27262
vt -0.07252 0.27262
vt -0.08990 0.27262
vt -0.09872 0.27262
vt -0.10149 0.27262
vt -0.09872 0.27262
vt -0.08990 0.27262
vt -0.07252 0.27262
vt 0.00000 0.27443
vt 0.05849 0.27443
vt 0.07252 0.27443
vt 0.07963 0.27443
vt 0.08187 0.27443
vt 0.07963 0.27443
vt 0.07252 0.27443
vt 0.05849 0.27443
vt 0.00000 0.27443
vt -0.05849 0.27443
vt -0.07252 0.27443
vt -0.07963 0.27443
vt -0.08187 0.27443
vt -0.07963 0.27443
vt -0.07252 0.27443
vt -0.05849 0.27443
vt 0.00000 0.27500
vt 0.00000 0.27500
vt 0.00000 0.27500
vt 0.00000 0.27500
vt 0.00000 0.27500
vt 0.00000 0.27500
vt 0.00000 0.27500
vt 0.00000 0.27500
vt 0.00000 0.27500
vt -0.00000 0.27500
vt -0.00000 0.27500
vt -0.00000 0.27500
vt -0.00000 0.27500
vt -0.00000 0.27500
vt -0.00000 0.27500
vt -0.00000 0.27500
vt 0.00000 0.06042
vt 0.00000 0.06042
vt 0.00000 0.06042
vt 0.00000 0.06042
vt 0.00000 0.06042
vt 0.00000 0.06042
vt 0.00000 0.06042
vt 0.00000 0.06042
vt 0.00000 0.06042
vt -0.00000 0.06042
vt -0.00000 0.06042
vt -0.00000 0.06042
vt -0.00000 0.06042
vt -0.00000 0.06042
vt -0.00000 0.06042
vt -0.00000 0.06042
vt 0.00000 0.06104
vt 0.02978 0.06104
vt 0.03692 0.06104
vt 0.04054 0.06104
vt 0.04168 0.06104
vt 0.04054 0.06104
vt 0.03692 0.06104
vt 0.02978 0.06104
vt 0.00000 0.06104
vt -0.02978 0.06104
vt -0.03692 0.06104
vt -0.04054 0.06104
vt -0.04168 0.06104
vt -0.04054 0.06104
vt -0.03692 0.06104
vt -0.02978 0.06104
vt 0.00000 0.06303
vt 0.03692 0.06303
vt 0.04577 0.06303
vt 0.05026 0.06303
vt 0.05167 0.06303
vt 0.05026 0.06303
vt 0.04577 0.06303
vt 0.03692 0.06303
vt 0.00000 0.06303
vt -0.03692 0.06303
vt -0.04577 0.06303
vt -0.05026 0.06303
vt -0.05167 0.06303
vt -0.05026 0.06303
vt -0.04577 0.06303
vt -0.03692 0.06303
vt 0.00000 0.06696
vt 0.04054 0.06696
vt 0.05026 0.06696
vt 0.05519 0.06696
vt 0.05674 0.06696
vt 0.05519 0.06696
vt 0.05026 0.06696
vt 0.04054 0.06696
vt 0.00000 0.06696
vt -0.04054 0.06696
vt -0.05026 0.06696
vt -0.05519 0.06696
vt -0.05674 0.06696
vt -0.05519 0.06696
vt -0.05026 0.06696
vt -0.04054 0.06696
vt 0.00000 0.08333
vt 0.04168 0.08333
vt 0.05167 0.08333
vt 0.05674 0.08333
vt 0.05833 0.08333
vt 0.05674 0.08333
vt 0.05167 0.08333
vt 0.04168 0.08333
vt 0.00000 0.08333
vt -0.04168 0.08333
vt -0.05167 0.08333
vt -0.05674 0.08333
vt -0.05833 0.08333
vt -0.05674 0.08333
vt -0.05167 0.08333
vt -0.04168 0.08333
vt 0.00000 0.09971
vt 0.04054 0.09971
vt 0.05026 0.09971
vt 0.05519 0.09971
vt 0.05674 0.09971
vt 0.05519 0.09971
vt 0.05026 0.09971
vt 0.04054 0.09971
vt 0.00000 0.09971
vt -0.04054 0.09971
vt -0.05026 0.09971
vt -0.05519 0.09971
vt -0.05674 0.09971
vt -0.05519 0.09971
vt -0.05026 0.09971
vt -0.04054 0.09971
vt 0.00000 0.10363
vt 0.03692 0.10363
vt 0.04577 0.10363
vt 0.05026 0.10363
vt 0.05167 0.10363
vt 0.05026 0.10363
vt 0.04577 0.10363
vt 0.03692 0.10363
vt 0.00000 0.10363
vt -0.03692 0.10363
vt -0.04577 0.10363
vt -0.05026 0.10363
vt -0.05167 0.10363
vt -0.05026 0.10363
vt -0.04577 0.10363
vt -0.03692 0.10363
vt 0.00000 0.10562
vt 0.02978 0.10562
vt 0.03692 0.10562
vt 0.04054 0.10562
vt 0.04168 0.10562
vt 0.04054 0.10562
vt 0.03692 0.10562
vt 0.02978 0.10562
vt 0.00000 0.10562
vt -0.02978 0.10562
vt -0.03692 0.10562
vt -0.04054 0.10562
vt -0.04168 0.10562
vt -0.04054 0.10562
vt -0.03692 0.10562
vt -0.02978 0.10562
vt 0.00000 0.10625
vt 0.00000 0.10625
vt 0.00000 0.10625
vt 0.00000 0.10625
vt 0.00000 0.10625
vt 0.00000 0.10625
vt 0.00000 0.10625
vt 0.00000 0.10625
vt 0.00000 0.10625
vt -0.00000 0.10625
vt -0.00000 0.10625
vt -0.00000 0.10625
vt -0.00000 0.10625
vt -0.00000 0.10625
vt -0.00000 0.10625
vt -0.00000 0.10625
vt -0.39583 0.01667
vt -0.39583 0.01667
vt -0.39583 0.01667
vt -0.39583 0.01667
vt -0.39583 0.01667
vt -0.39583 0.01667
vt -0.39583 0.01667
vt -0.39583 0.01667
vt -0.39583 0.01667
vt -0.39584 0.01667
vt -0.39584 0.01667
vt -0.39584 0.01667
vt -0.39584 0.01667
vt -0.39584 0.01667
vt -0.39584 0.01667
vt -0.39584 0.01667
vt -0.39583 0.01724
vt -0.38082 0.01724
vt -0.37864 0.01724
vt -0.37760 0.01724
vt -0.37728 0.01724
vt -0.37760 0.01724
vt -0.37864 0.01724
vt -0.38082 0.01724
vt -0.39583 0.01724
vt -0.41085 0.01724
vt -0.41302 0.01724
vt -0.41406 0.01724
vt -0.41438 0.01724
vt -0.41406 0.01724
vt -0.41302 0.01724
vt -0.41085 0.01724
vt -0.39583 0.01911
vt -0.37864 0.01911
vt -0.37616 0.01911
vt -0.37497 0.01911
vt -0.37460 0.01911
vt -0.37497 0.01911
vt -0.37616 0.01911
vt -0.37864 0.01911
vt -0.39583 0.01911
vt -0.41302 0.01911
vt -0.41551 0.01911
vt -0.41670 0.01911
vt -0.41707 0.01911
vt -0.41670 0.01911
vt -0.41551 0.01911
vt -0.41302 0.01911
vt -0.39583 0.02302
vt -0.37760 0.02302
vt -0.37497 0.02302
vt -0.37370 0.02302
vt -0.37331 0.02302
vt -0.37370 0.02302
vt -0.37497 0.02302
vt -0.37760 0.02302
vt -0.39583 0.02302
vt -0.41406 0.02302
vt -0.41670 0.02302
vt -0.41797 0.02302
vt -0.41835 0.02302
vt -0.41797 0.02302
vt -0.41670 0.02302
vt -0.41406 0.02302
vt -0.39583 0.05000
vt -0.37728 0.05000
vt -0.37460 0.05000
vt -0.37331 0.05000
vt -0.37292 0.05000
vt -0.37331 0.05000
vt -0.37460 0.05000
vt -0.37728 0.05000
vt -0.39583 0.05000
vt -0.41438 0.05000
vt -0.41707 0.05000
vt -0.41835 0.05000
vt -0.41875 0.05000
vt -0.41835 0.05000
vt -0.41707 0.05000
vt -0.41438 0.05000
vt -0.39583 0.07698
vt -0.37760 0.07698
vt -0.37497 0.07698
vt -0.37370 0.07698
vt -0.37331 0.07698
vt -0.37370 0.07698
vt -0.37497 0.07698
vt -0.37760 0.07698
vt -0.39583 0.07698
vt -0.41406 0.07698
vt -0.41670 0.07698
vt -0.41797 0.07698
vt -0.41835 0.07698
vt -0.41797 0.07698
vt -0.41670 0.07698
vt -0.41406 0.07698
vt -0.39583 0.08089
vt -0.37864 0.08089
vt -0.37616 0.08089
vt -0.37497 0.08089
vt -0.37460 0.08089
vt -0.37497 0.08089
vt -0.37616 0.08089
vt -0.37864 0.08089
vt -0.39583 0.08089
vt -0.41302 0.08089
vt -0.41551 0.08089
vt -0.41670 0.08089
vt -0.41707 0.08089
vt -0.41670 0.08089
vt -0.41551 0.08089
vt -0.41302 0.08089
vt -0.39583 0.08276
vt -0.38082 0.08276
vt -0.37864 0.08276
vt -0.37760 0.08276
vt -0.37728 0.08276
vt -0.37760 0.08276
vt -0.37864 0.08276
vt -0.38082 0.08276
vt -0.39583 0.08276
vt -0.41085 0.08276
vt -0.41302 0.08276
vt -0.41406 0.08276
vt -0.41438 0.08276
vt -0.41406 0.08276
vt -0.41302 0.08276
vt -0.41085 0.08276
vt -0.39583 0.08333
vt -0.39583 0.08333
vt -0.39583 0.08333
vt -0.39583 0.08333
vt -0.39583 0.08333
vt -0.39583 0.08333
vt -0.39583 0.08333
vt -0.39583 0.08333
vt -0.39583 0.08333
vt -0.39584 0.08333
vt -0.39584 0.08333
vt -0.39584 0.08333
vt -0.39584 0.08333
vt -0.39584 0.08333
vt -0.39584 0.08333
vt -0.39584 0.08333
vt -0.45833 0.07708
vt -0.45832 0.07708
vt -0.45832 0.07708
vt -0.45832 0.07708
vt -0.45832 0.07708
vt -0.45832 0.07708
vt -0.45832 0.07708
vt -0.45832 0.07708
vt -0.45833 0.07708
vt -0.45835 0.07708
vt -0.45835 0.07708
vt -0.45835 0.07708
vt -0.45835 0.07708
vt -0.45835 0.07708
vt -0.45835 0.07708
vt -0.45835 0.07708
vt -0.45833 0.07721
vt -0.44131 0.07721
vt -0.43908 0.07721
vt -0.43803 0.07721
vt -0.43770 0.07721
vt -0.43803 0.07721
vt -0.43908 0.07721
vt -0.44131 0.07721
vt -0.45832 0.07721
vt -0.47536 0.07721
vt -0.47758 0.07721
vt -0.47864 0.07721
vt -0.47896 0.07721
vt -0.47864 0.07721
vt -0.47758 0.07721
vt -0.47536 0.07721
vt -0.45833 0.07764
vt -0.43908 0.07764
vt -0.43657 0.07764
vt -0.43537 0.07764
vt -0.43501 0.07764
vt -0.43537 0.07764
vt -0.43657 0.07764
vt -0.43908 0.07764
vt -0.45832 0.07764
vt -0.47758 0.07764
vt -0.48010 0.07764
vt -0.48129 0.07764
vt -0.48166 0.07764
vt -0.48129 0.07764
vt -0.48010 0.07764
vt -0.47758 0.07764
vt -0.45833 0.07854
vt -0.43803 0.07854
vt -0.43537 0.07854
vt -0.43411 0.07854
vt -0.43373 0.07854
vt -0.43411 0.07854
vt -0.43537 0.07854
vt -0.43803 0.07854
vt -0.45832 0.07854
vt -0.47864 0.07854
vt -0.48129 0.07854
vt -0.48255 0.07854
vt -0.48294 0.07854
vt -0.48255 0.07854
vt -0.48129 0.07854
vt -0.47864 0.07854
vt -0.45833 0.08542
vt -0.43770 0.08542
vt -0.43501 0.08542
vt -0.43373 0.08542
vt -0.43333 0.08542
vt -0.43373 0.08542
vt -0.43501 0.08542
vt -0.43770 0.08542
vt -0.45832 0.08542
vt -0.47896 0.08542
vt -0.48166 0.08542
vt -0.48294 0.08542
vt -0.48333 0.08542
vt -0.48294 0.08542
vt -0.48166 0.08542
vt -0.47896 0.08542
vt -0.45833 0.09229
vt -0.43803 0.09229
vt -0.43537 0.09229
vt -0.43411 0.09229
vt -0.43373 0.09229
vt -0.43411 0.09229
vt -0.43537 0.09229
vt -0.43803 0.09229
vt -0.45832 0.09229
vt -0.47864 0.09229
vt -0.48129 0.09229
vt -0.48255 0.09229
vt -0.48294 0.09229
vt -0.48255 0.09229
vt -0.48129 0.09229
vt -0.47864 0.09229
vt -0.45833 0.09319
vt -0.43908 0.09319
vt -0.43657 0.09319
vt -0.43537 0.09319
vt -0.43501 0.09319
vt -0.43537 0.09319
vt -0.43657 0.09319
vt -0.43908 0.09319
vt -0.45832 0.09319
vt -0.47758 0.09319
vt -0.48010 0.09319
vt -0.48129 0.09319
vt -0.48166 0.09319
vt -0.48129 0.09319
vt -0.48010 0.09319
vt -0.47758 0.09319
vt -0.45833 0.09362
vt -0.44131 0.09362
vt -0.43908 0.09362
vt -0.43803 0.09362
vt -0.43770 0.09362
vt -0.43803 0.09362
vt -0.43908 0.09362
vt -0.44131 0.09362
vt -0.45832 0.09362
vt -0.47536 0.09362
vt -0.47758 0.09362
vt -0.47864 0.09362
vt -0.47896 0.09362
vt -0.47864 0.09362
vt -0.47758 0.09362
vt -0.47536 0.09362
vt -0.45833 0.09375
vt -0.45832 0.09375
vt -0.45832 0.09375
vt -0.45832 0.09375
vt -0.45832 0.09375
vt -0.45832 0.09375
vt -0.45832 0.09375
vt -0.45832 0.09375
vt -0.45833 0.09375
vt -0.45835 0.09375
vt -0.45835 0.09375
vt -0.45835 0.09375
vt -0.45835 0.09375
vt -0.45835 0.09375
vt -0.45835 0.09375
vt -0.45835 0.09375
vt -0.43750 0.06667
vt -0.43749 0.06667
vt -0.43749 0.06667
vt -0.43749 0.06667
vt -0.43749 0.06667
vt -0.43749 0.06667
vt -0.43749 0.06667
vt -0.43749 0.06667
vt -0.43750 0.06667
vt -0.43751 0.06667
vt -0.43751 0.06667
vt -0.43751 0.06667
vt -0.43751 0.06667
vt -0.43751 0.06667
vt -0.43751 0.06667
vt -0.43751 0.06667
vt -0.43750 0.06724
vt -0.42248 0.06724
vt -0.42031 0.06724
vt -0.41927 0.06724
vt -0.41895 0.06724
vt -0.41927 0.06724
vt -0.42031 0.06724
vt -0.42248 0.06724
vt -0.43749 0.06724
vt -0.45252 0.06724
vt -0.45469 0.06724
vt -0.45573 0.06724
vt -0.45605 0.06724
vt -0.45573 0.06724
vt -0.45469 0.06724
vt -0.45252 0.06724
vt -0.43750 0.06911
vt -0.42031 0.06911
vt -0.41782 0.06911
vt -0.41663 0.06911
vt -0.41627 0.06911
vt -0.41663 0.06911
vt -0.41782 0.06911
vt -0.42031 0.06911
vt -0.43749 0.06911
vt -0.45469 0.06911
vt -0.45718 0.06911
vt -0.45837 0.06911
vt -0.45873 0.06911
vt -0.45837 0.06911
vt -0.45718 0.06911
vt -0.45469 0.06911
vt -0.43750 0.07302
vt -0.41927 0.07302
vt -0.41663 0.07302
vt -0.41537 0.07302
vt -0.41498 0.07302
vt -0.41537 0.07302
vt -0.41663 0.07302
vt -0.41927 0.07302
vt -0.43749 0.07302
vt -0.45573 0.07302
vt -0.45837 0.07302
vt -0.45963 0.07302
vt -0.46002 0.07302
vt -0.45963 0.07302
vt -0.45837 0.07302
vt -0.45573 0.07302
vt -0.43750 0.10000
vt -0.41895 0.10000
vt -0.41627 0.10000
vt -0.41498 0.10000
vt -0.41458 0.10000
vt -0.41498 0.10000
vt -0.41627 0.10000
vt -0.41895 0.10000
vt -0.43749 0.10000
vt -0.45605 0.10000
vt -0.45873 0.10000
vt -0.46002 0.10000
vt -0.46042 0.10000
vt -0.46002 0.10000
vt -0.45873 0.10000
vt -0.45605 0.10000
vt -0.43750 0.12698
vt -0.41927 0.12698
vt -0.41663 0.12698
vt -0.41537 0.12698
vt -0.41498 0.12698
vt -0.41537 0.12698
vt -0.41663 0.12698
vt -0.41927 0.12698
vt -0.43749 0.12698
vt -0.45573 0.12698
vt -0.45837 0.12698
vt -0.45963 0.12698
vt -0.46002 0.12698
vt -0.45963 0.12698
vt -0.45837 0.12698
vt -0.45573 0.12698
vt -0.43750 0.13089
vt -0.42031 0.13089
vt -0.41782 0.13089
vt -0.41663 0.13089
vt -0.41627 0.13089
vt -0.41663 0.13089
vt -0.41782 0.13089
vt -0.42031 0.13089
vt -0.43749 0.13089
vt -0.45469 0.13089
vt -0.45718 0.13089
vt -0.45837 0.13089
vt -0.45873 0.13089
vt -0.45837 0.13089
vt -0.45718 0.13089
vt -0.45469 0.13089
vt -0.43750 0.13276
vt -0.42248 0.13276
vt -0.42031 0.13276
vt -0.41927 0.13276
vt -0.41895 0.13276
vt -0.41927 0.13276
vt -0.42031 0.13276
vt -0.42248 0.13276
vt -0.43749 0.13276
vt -0.45252 0.13276
vt -0.45469 0.13276
vt -0.45573 0.13276
vt -0.45605 0.13276
vt -0.45573 0.13276
vt -0.45469 0.13276
vt -0.45252 0.13276
vt -0.43750 0.13333
vt -0.43749 0.13333
vt -0.43749 0.13333
vt -0.43749 0.13333
vt -0.43749 0.13333
vt -0.43749 0.13333
vt -0.43749 0.13333
vt -0.43749 0.13333
vt -0.43750 0.13333
vt -0.43751 0.13333
vt -0.43751 0.13333
vt -0.43751 0.13333
vt -0.43751 0.13333
vt -0.43751 0.13333
vt -0.43751 0.13333
vt -0.43751 0.13333
vt -0.45833 0.12708
vt -0.45832 0.12708
vt -0.45832 0.12708
vt -0.45832 0.12708
vt -0.45832 0.12708
vt -0.45832 0.12708
vt -0.45832 0.12708
vt -0.45832 0.12708
vt -0.45833 0.12708
vt -0.45835 0.12708
vt -0.45835 0.12708
vt -0.45835 0.12708
vt -0.45835 0.12708
vt -0.45835 0.12708
vt -0.45835 0.12708
vt -0.45835 0.12708
vt -0.45833 0.12721
vt -0.44131 0.12721
vt -0.43908 0.12721
vt -0.43803 0.12721
vt -0.43770 0.12721
vt -0.43803 0.12721
vt -0.43908 0.12721
vt -0.44131 0.12721
vt -0.45832 0.12721
vt -0.47536 0.12721
vt -0.47758 0.12721
vt -0.47864 0.12721
vt -0.47896 0.12721
vt -0.47864 0.12721
vt -0.47758 0.12721
vt -0.47536 0.12721
vt -0.45833 0.12764
vt -0.43908 0.12764
vt -0.43657 0.12764
vt -0.43537 0.12764
vt -0.43501 0.12764
vt -0.43537 0.12764
vt -0.43657 0.12764
vt -0.43908 0.12764
vt -0.45832 0.12764
vt -0.47758 0.12764
vt -0.48010 0.12764
vt -0.48129 0.12764
vt -0.48166 0.12764
vt -0.48129 0.12764
vt -0.48010 0.12764
vt -0.47758 0.12764
vt -0.45833 0.12854
vt -0.43803 0.12854
vt -0.43537 0.12854
vt -0.43411 0.12854
vt -0.43373 0.12854
vt -0.43411 0.12854
vt -0.43537 0.12854
vt -0.43803 0.12854
vt -0.45832 0.12854
vt -0.47864 0.12854
vt -0.48129 0.12854
vt -0.48255 0.12854
vt -0.48294 0.12854
vt -0.48255 0.12854
vt -0.48129 0.12854
vt -0.47864 0.12854
vt -0.45833 0.13542
vt -0.43770 0.13542
vt -0.43501 0.13542
vt -0.43373 0.13542
vt -0.43333 0.13542
vt -0.43373 0.13542
vt -0.43501 0.13542
vt -0.43770 0.13542
vt -0.45832 0.13542
vt -0.47896 0.13542
vt -0.48166 0.13542
vt -0.48294 0.13542
vt -0.48333 0.13542
vt -0.48294 0.13542
vt -0.48166 0.13542
vt -0.47896 0.13542
vt -0.45833 0.14229
vt -0.43803 0.14229
vt -0.43537 0.14229
vt -0.43411 0.14229
vt -0.43373 0.14229
vt -0.43411 0.14229
vt -0.43537 0.14229
vt -0.43803 0.14229
vt -0.45832 0.14229
vt -0.47864 0.14229
vt -0.48129 0.14229
vt -0.48255 0.14229
vt -0.48294 0.14229
vt -0.48255 0.14229
vt -0.48129 0.14229
vt -0.47864 0.14229
vt -0.45833 0.14319
vt -0.43908 0.14319
vt -0.43657 0.14319
vt -0.43537 0.14319
vt -0.43501 0.14319
vt -0.43537 0.14319
vt -0.43657 0.14319
vt -0.43908 0.14319
vt -0.45832 0.14319
vt -0.47758 0.14319
vt -0.48010 0.14319
vt -0.48129 0.14319
vt -0.48166 0.14319
vt -0.48129 0.14319
vt -0.48010 0.14319
vt -0.47758 0.14319
vt -0.45833 0.14362
vt -0.44131 0.14362
vt -0.43908 0.14362
vt -0.43803 0.14362
vt -0.43770 0.14362
vt -0.43803 0.14362
vt -0.43908 0.14362
vt -0.44131 0.14362
vt -0.45832 0.14362
vt -0.47536 0.14362
vt -0.47758 0.14362
vt -0.47864 0.14362
vt -0.47896 0.14362
vt -0.47864 0.14362
vt -0.47758 0.14362
vt -0.47536 0.14362
vt -0.45833 0.14375
vt -0.45832 0.14375
vt -0.45832 0.14375
vt -0.45832 0.14375
vt -0.45832 0.14375
vt -0.45832 0.14375
vt -0.45832 0.14375
vt -0.45832 0.14375
vt -0.45833 0.14375
vt -0.45835 0.14375
vt -0.45835 0.14375
vt -0.45835 0.14375
vt -0.45835 0.14375
vt -0.45835 0.14375
vt -0.45835 0.14375
vt -0.45835 0.14375
vt -0.43750 0.09583
vt -0.43749 0.09583
vt -0.43749 0.09583
vt -0.43749 0.09583
vt -0.43749 0.09583
vt -0.43749 0.09583
vt -0.43749 0.09583
vt -0.43749 0.09583
vt -0.43750 0.09583
vt -0.43751 0.09583
vt -0.43751 0.09583
vt -0.43751 0.09583
vt -0.43751 0.09583
vt -0.43751 0.09583
vt -0.43751 0.09583
vt -0.43751 0.09583
vt -0.43750 0.09641
vt -0.42248 0.09641
vt -0.42031 0.09641
vt -0.41927 0.09641
vt -0.41895 0.09641
vt -0.41927 0.09641
vt -0.42031 0.09641
vt -0.42248 0.09641
vt -0.43749 0.09641
vt -0.45252 0.09641
vt -0.45469 0.09641
vt -0.45573 0.09641
vt -0.45605 0.09641
vt -0.45573 0.09641
vt -0.45469 0.09641
vt -0.45252 0.09641
vt -0.43750 0.09828
vt -0.42031 0.09828
vt -0.41782 0.09828
vt -0.41663 0.09828
vt -0.41627 0.09828
vt -0.41663 0.09828
vt -0.41782 0.09828
vt -0.42031 0.09828
vt -0.43749 0.09828
vt -0.45469 0.09828
vt -0.45718 0.09828
vt -0.45837 0.09828
vt -0.45873 0.09828
vt -0.45837 0.09828
vt -0.45718 0.09828
vt -0.45469 0.09828
vt -0.43750 0.10218
vt -0.41927 0.10218
vt -0.41663 0.10218
vt -0.41537 0.10218
vt -0.41498 0.10218
vt -0.41537 0.10218
vt -0.41663 0.10218
vt -0.41927 0.10218
vt -0.43749 0.10218
vt -0.45573 0.10218
vt -0.45837 0.10218
vt -0.45963 0.10218
vt -0.46002 0.10218
vt -0.45963 0.10218
vt -0.45837 0.10218
vt -0.45573 0.10218
vt -0.43750 0.12917
vt -0.41895 0.12917
vt -0.41627 0.12917
vt -0.41498 0.12917
vt -0.41458 0.12917
vt -0.41498 0.12917
vt -0.41627 0.12917
vt -0.41895 0.12917
vt -0.43749 0.12917
vt -0.45605 0.12917
vt -0.45873 0.12917
vt -0.46002 0.12917
vt -0.46042 0.12917
vt -0.46002 0.12917
vt -0.45873 0.12917
vt -0.45605 0.12917
vt -0.43750 0.15615
vt -0.41927 0.15615
vt -0.41663 0.15615
vt -0.41537 0.15615
vt -0.41498 0.15615
vt -0.41537 0.15615
vt -0.41663 0.15615
vt -0.41927 0.15615
vt -0.43749 0.15615
vt -0.45573 0.15615
vt -0.45837 0.15615
vt -0.45963 0.15615
vt -0.46002 0.15615
vt -0.45963 0.15615
vt -0.45837 0.15615
vt -0.45573 0.15615
vt -0.43750 0.16005
vt -0.42031 0.16005
vt -0.41782 0.16005
vt -0.41663 0.16005
vt -0.41627 0.16005
vt -0.41663 0.16005
vt -0.41782 0.16005
vt -0.42031 0.16005
vt -0.43749 0.16005
vt -0.45469 0.16005
vt -0.45718 0.16005
vt -0.45837 0.16005
vt -0.45873 0.16005
vt -0.45837 0.16005
vt -0.45718 0.16005
vt -0.45469 0.16005
vt -0.43750 0.16192
vt -0.42248 0.16192
vt -0.42031 0.16192
vt -0.41927 0.16192
vt -0.41895 0.16192
vt -0.41927 0.16192
vt -0.42031 0.16192
vt -0.42248 0.16192
vt -0.43749 0.16192
vt -0.45252 0.16192
vt -0.45469 0.16192
vt -0.45573 0.16192
vt -0.45605 0.16192
vt -0.45573 0.16192
vt -0.45469 0.16192
vt -0.45252 0.16192
vt -0.43750 0.16250
vt -0.43749 0.16250
vt -0.43749 0.16250
vt -0.43749 0.16250
vt -0.43749 0.16250
vt -0.43749 0.16250
vt -0.43749 0.16250
vt -0.43749 0.16250
vt -0.43750 0.16250
vt -0.43751 0.16250
vt -0.43751 0.16250
vt -0.43751 0.16250
vt -0.43751 0.16250
vt -0.43751 0.16250
vt -0.43751 0.16250
vt -0.43751 0.16250
vt -0.45833 0.15625
vt -0.45832 0.15625
vt -0.45832 0.15625
vt -0.45832 0.15625
vt -0.45832 0.15625
vt -0.45832 0.15625
vt -0.45832 0.15625
vt -0.45832 0.15625
vt -0.45833 0.15625
vt -0.45835 0.15625
vt -0.45835 0.15625
vt -0.45835 0.15625
vt -0.45835 0.15625
vt -0.45835 0.15625
vt -0.45835 0.15625
vt -0.45835 0.15625
vt -0.45833 0.15638
vt -0.44131 0.15638
vt -0.43908 0.15638
vt -0.43803 0.15638
vt -0.43770 0.15638
vt -0.43803 0.15638
vt -0.43908 0.15638
vt -0.44131 0.15638
vt -0.45832 0.15638
vt -0.47536 0.15638
vt -0.47758 0.15638
vt -0.47864 0.15638
vt -0.47896 0.15638
vt -0.47864 0.15638
vt -0.47758 0.15638
vt -0.47536 0.15638
vt -0.45833 0.15681
vt -0.43908 0.15681
vt -0.43657 0.15681
vt -0.43537 0.15681
vt -0.43501 0.15681
vt -0.43537 0.15681
vt -0.43657 0.15681
vt -0.43908 0.15681
vt -0.45832 0.15681
vt -0.47758 0.15681
vt -0.48010 0.15681
vt -0.48129 0.15681
vt -0.48166 0.15681
vt -0.48129 0.15681
vt -0.48010 0.15681
vt -0.47758 0.15681
vt -0.45833 0.15771
vt -0.43803 0.15771
vt -0.43537 0.15771
vt -0.43411 0.15771
vt -0.43373 0.15771
vt -0.43411 0.15771
vt -0.43537 0.15771
vt -0.43803 0.15771
vt -0.45832 0.15771
vt -0.47864 0.15771
vt -0.48129 0.15771
vt -0.48255 0.15771
vt -0.48294 0.15771
vt -0.48255 0.15771
vt -0.48129 0.15771
vt -0.47864 0.15771
vt -0.45833 0.16458
vt -0.43770 0.16458
vt -0.43501 0.16458
vt -0.43373 0.16458
vt -0.43333 0.16458
vt -0.43373 0.16458
vt -0.43501 0.16458
vt -0.43770 0.16458
vt -0.45832 0.16458
vt -0.47896 0.16458
vt -0.48166 0.16458
vt -0.48294 0.16458
vt -0.48333 0.16458
vt -0.48294 0.16458
vt -0.48166 0.16458
vt -0.47896 0.16458
vt -0.45833 0.17146
vt -0.43803 0.17146
vt -0.43537 0.17146
vt -0.43411 0.17146
vt -0.43373 0.17146
vt -0.43411 0.17146
vt -0.43537 0.17146
vt -0.43803 0.17146
vt -0.45832 0.17146
vt -0.47864 0.17146
vt -0.48129 0.17146
vt -0.48255 0.17146
vt -0.48294 0.17146
vt -0.48255 0.17146
vt -0.48129 0.17146
vt -0.47864 0.17146
vt -0.45833 0.17236
vt -0.43908 0.17236
vt -0.43657 0.17236
vt -0.43537 0.17236
vt -0.43501 0.17236
vt -0.43537 0.17236
vt -0.43657 0.17236
vt -0.43908 0.17236
vt -0.45832 0.17236
vt -0.47758 0.17236
vt -0.48010 0.17236
vt -0.48129 0.17236
vt -0.48166 0.17236
vt -0.48129 0.17236
vt -0.48010 0.17236
vt -0.47758 0.17236
vt -0.45833 0.17279
vt -0.44131 0.17279
vt -0.43908 0.17279
vt -0.43803 0.17279
vt -0.43770 0.17279
vt -0.43803 0.17279
vt -0.43908 0.17279
vt -0.44131 0.17279
vt -0.45832 0.17279
vt -0.47536 0.17279
vt -0.47758 0.17279
vt -0.47864 0.17279
vt -0.47896 0.17279
vt -0.47864 0.17279
vt -0.47758 0.17279
vt -0.47536 0.17279
vt -0.45833 0.17292
vt -0.45832 0.17292
vt -0.45832 0.17292
vt -0.45832 0.17292
vt -0.45832 0.17292
vt -0.45832 0.17292
vt -0.45832 0.17292
vt -0.45832 0.17292
vt -0.45833 0.17292
vt -0.45835 0.17292
vt -0.45835 0.17292
vt -0.45835 0.17292
vt -0.45835 0.17292
vt -0.45835 0.17292
vt -0.45835 0.17292
vt -0.45835 0.17292
vt -0.43750 0.10417
vt -0.43749 0.10417
vt -0.43749 0.10417
vt -0.43749 0.10417
vt -0.43749 0.10417
vt -0.43749 0.10417
vt -0.43749 0.10417
vt -0.43749 0.10417
vt -0.43750 0.10417
vt -0.43751 0.10417
vt -0.43751 0.10417
vt -0.43751 0.10417
vt -0.43751 0.10417
vt -0.43751 0.10417
vt -0.43751 0.10417
vt -0.43751 0.10417
vt -0.43750 0.10474
vt -0.42248 0.10474
vt -0.42031 0.10474
vt -0.41927 0.10474
vt -0.41895 0.10474
vt -0.41927 0.10474
vt -0.42031 0.10474
vt -0.42248 0.10474
vt -0.43749 0.10474
vt -0.45252 0.10474
vt -0.45469 0.10474
vt -0.45573 0.10474
vt -0.45605 0.10474
vt -0.45573 0.10474
vt -0.45469 0.10474
vt -0.45252 0.10474
vt -0.43750 0.10661
vt -0.42031 0.10661
vt -0.41782 0.10661
vt -0.41663 0.10661
vt -0.41627 0.10661
vt -0.41663 0.10661
vt -0.41782 0.10661
vt -0.42031 0.10661
vt -0.43749 0.10661
vt -0.45469 0.10661
vt -0.45718 0.10661
vt -0.45837 0.10661
vt -0.45873 0.10661
vt -0.45837 0.10661
vt -0.45718 0.10661
vt -0.45469 0.10661
vt -0.43750 0.11052
vt -0.41927 0.11052
vt -0.41663 0.11052
vt -0.41537 0.11052
vt -0.41498 0.11052
vt -0.41537 0.11052
vt -0.41663 0.11052
vt -0.41927 0.11052
vt -0.43749 0.11052
vt -0.45573 0.11052
vt -0.45837 0.11052
vt -0.45963 0.11052
vt -0.46002 0.11052
vt -0.45963 0.11052
vt -0.45837 0.11052
vt -0.45573 0.11052
vt -0.43750 0.13750
vt -0.41895 0.13750
vt -0.41627 0.13750
vt -0.41498 0.13750
vt -0.41458 0.13750
vt -0.41498 0.13750
vt -0.41627 0.13750
vt -0.41895 0.13750
vt -0.43749 0.13750
vt -0.45605 0.13750
vt -0.45873 0.13750
vt -0.46002 0.13750
vt -0.46042 0.13750
vt -0.46002 0.13750
vt -0.45873 0.13750
vt -0.45605 0.13750
vt -0.43750 0.16448
vt -0.41927 0.16448
vt -0.41663 0.16448
vt -0.41537 0.16448
vt -0.41498 0.16448
vt -0.41537 0.16448
vt -0.41663 0.16448
vt -0.41927 0.16448
vt -0.43749 0.16448
vt -0.45573 0.16448
vt -0.45837 0.16448
vt -0.45963 0.16448
vt -0.46002 0.16448
vt -0.45963 0.16448
vt -0.45837 0.16448
vt -0.45573 0.16448
vt -0.43750 0.16839
vt -0.42031 0.16839
vt -0.41782 0.16839
vt -0.41663 0.16839
vt -0.41627 0.16839
vt -0.41663 0.16839
vt -0.41782 0.16839
vt -0.42031 0.16839
vt -0.43749 0.16839
vt -0.45469 0.16839
vt -0.45718 0.16839
vt -0.45837 0.16839
vt -0.45873 0.16839
vt -0.45837 0.16839
vt -0.45718 0.16839
vt -0.45469 0.16839
vt -0.43750 0.17026
vt -0.42248 0.17026
vt -0.42031 0.17026
vt -0.41927 0.17026
vt -0.41895 0.17026
vt -0.41927 0.17026
vt -0.42031 0.17026
vt -0.42248 0.17026
vt -0.43749 0.17026
vt -0.45252 0.17026
vt -0.45469 0.17026
vt -0.45573 0.17026
vt -0.45605 0.17026
vt -0.45573 0.17026
vt -0.45469 0.17026
vt -0.45252 0.17026
vt -0.43750 0.17083
vt -0.43749 0.17083
vt -0.43749 0.17083
vt -0.43749 0.17083
vt -0.43749 0.17083
vt -0.43749 0.17083
vt -0.43749 0.17083
vt -0.43749 0.17083
vt -0.43750 0.17083
vt -0.43751 0.17083
vt -0.43751 0.17083
vt -0.43751 0.17083
vt -0.43751 0.17083
vt -0.43751 0.17083
vt -0.43751 0.17083
vt -0.43751 0.17083
vt -0.45833 0.16458
vt -0.45832 0.16458
vt -0.45832 0.16458
vt -0.45832 0.16458
vt -0.45832 0.16458
vt -0.45832 0.16458
vt -0.45832 0.16458
vt -0.45832 0.16458
vt -0.45833 0.16458
vt -0.45835 0.16458
vt -0.45835 0.16458
vt -0.45835 0.16458
vt -0.45835 0.16458
vt -0.45835 0.16458
vt -0.45835 0.16458
vt -0.45835 0.16458
vt -0.45833 0.16471
vt -0.44131 0.16471
vt -0.43908 0.16471
vt -0.43803 0.16471
vt -0.43770 0.16471
vt -0.43803 0.16471
vt -0.43908 0.16471
vt -0.44131 0.16471
vt -0.45832 0.16471
vt -0.47536 0.16471
vt -0.47758 0.16471
vt -0.47864 0.16471
vt -0.47896 0.16471
vt -0.47864 0.16471
vt -0.47758 0.16471
vt -0.47536 0.16471
vt -0.45833 0.16514
vt -0.43908 0.16514
vt -0.43657 0.16514
vt -0.43537 0.16514
vt -0.43501 0.16514
vt -0.43537 0.16514
vt -0.43657 0.16514
vt -0.43908 0.16514
vt -0.45832 0.16514
vt -0.47758 0.16514
vt -0.48010 0.16514
vt -0.48129 0.16514
vt -0.48166 0.16514
vt -0.48129 0.16514
vt -0.48010 0.16514
vt -0.47758 0.16514
vt -0.45833 0.16604
vt -0.43803 0.16604
vt -0.43537 0.16604
vt -0.43411 0.16604
vt -0.43373 0.16604
vt -0.43411 0.16604
vt -0.43537 0.16604
vt -0.43803 0.16604
vt -0.45832 0.16604
vt -0.47864 0.16604
vt -0.48129 0.16604
vt -0.48255 0.16604
vt -0.48294 0.16604
vt -0.48255 0.16604
vt -0.48129 0.16604
vt -0.47864 0.16604
vt -0.45833 0.17292
vt -0.43770 0.17292
vt -0.43501 0.17292
vt -0.43373 0.17292
vt -0.43333 0.17292
vt -0.43373 0.17292
vt -0.43501 0.17292
vt -0.43770 0.17292
vt -0.45832 0.17292
vt -0.47896 0.17292
vt -0.48166 0.17292
vt -0.48294 0.17292
vt -0.48333 0.17292
vt -0.48294 0.17292
vt -0.48166 0.17292
vt -0.47896 0.17292
vt -0.45833 0.17979
vt -0.43803 0.17979
vt -0.43537 0.17979
vt -0.43411 0.17979
vt -0.43373 0.17979
vt -0.43411 0.17979
vt -0.43537 0.17979
vt -0.43803 0.17979
vt -0.45832 0.17979
vt -0.47864 0.17979
vt -0.48129 0.17979
vt -0.48255 0.17979
vt -0.48294 0.17979
vt -0.48255 0.17979
vt -0.48129 0.17979
vt -0.47864 0.17979
vt -0.45833 0.18069
vt -0.43908 0.18069
vt -0.43657 0.18069
vt -0.43537 0.18069
vt -0.43501 0.18069
vt -0.43537 0.18069
vt -0.43657 0.18069
vt -0.43908 0.18069
vt -0.45832 0.18069
vt -0.47758 0.18069
vt -0.48010 0.18069
vt -0.48129 0.18069
vt -0.48166 0.18069
vt -0.48129 0.18069
vt -0.48010 0.18069
vt -0.47758 0.18069
vt -0.45833 0.18112
vt -0.44131 0.18112
vt -0.43908 0.18112
vt -0.43803 0.18112
vt -0.43770 0.18112
vt -0.43803 0.18112
vt -0.43908 0.18112
vt -0.44131 0.18112
vt -0.45832 0.18112
vt -0.47536 0.18112
vt -0.47758 0.18112
vt -0.47864 0.18112
vt -0.47896 0.18112
vt -0.47864 0.18112
vt -0.47758 0.18112
vt -0.47536 0.18112
vt -0.45833 0.18125
vt -0.45832 0.18125
vt -0.45832 0.18125
vt -0.45832 0.18125
vt -0.45832 0.18125
vt -0.45832 0.18125
vt -0.45832 0.18125
vt -0.45832 0.18125
vt -0.45833 0.18125
vt -0.45835 0.18125
vt -0.45835 0.18125
vt -0.45835 0.18125
vt -0.45835 0.18125
vt -0.45835 0.18125
vt -0.45835 0.18125
vt -0.45835 0.18125
vt -0.43750 0.09167
vt -0.43749 0.09167
vt -0.43749 0.09167
vt -0.43749 0.09167
vt -0.43749 0.09167
vt -0.43749 0.09167
vt -0.43749 0.09167
vt -0.43749 0.09167
vt -0.43750 0.09167
vt -0.43751 0.09167
vt -0.43751 0.09167
vt -0.43751 0.09167
vt -0.43751 0.09167
vt -0.43751 0.09167
vt -0.43751 0.09167
vt -0.43751 0.09167
vt -0.43750 0.09224
vt -0.42248 0.09224
vt -0.42031 0.09224
vt -0.41927 0.09224
vt -0.41895 0.09224
vt -0.41927 0.09224
vt -0.42031 0.09224
vt -0.42248 0.09224
vt -0.43749 0.09224
vt -0.45252 0.09224
vt -0.45469 0.09224
vt -0.45573 0.09224
vt -0.45605 0.09224
vt -0.45573 0.09224
vt -0.45469 0.09224
vt -0.45252 0.09224
vt -0.43750 0.09411
vt -0.42031 0.09411
vt -0.41782 0.09411
vt -0.41663 0.09411
vt -0.41627 0.09411
vt -0.41663 0.09411
vt -0.41782 0.09411
vt -0.42031 0.09411
vt -0.43749 0.09411
vt -0.45469 0.09411
vt -0.45718 0.09411
vt -0.45837 0.09411
vt -0.45873 0.09411
vt -0.45837 0.09411
vt -0.45718 0.09411
vt -0.45469 0.09411
vt -0.43750 0.09802
vt -0.41927 0.09802
vt -0.41663 0.09802
vt -0.41537 0.09802
vt -0.41498 0.09802
vt -0.41537 0.09802
vt -0.41663 0.09802
vt -0.41927 0.09802
vt -0.43749 0.09802
vt -0.45573 0.09802
vt -0.45837 0.09802
vt -0.45963 0.09802
vt -0.46002 0.09802
vt -0.45963 0.09802
vt -0.45837 0.09802
vt -0.45573 0.09802
vt -0.43750 0.12500
vt -0.41895 0.12500
vt -0.41627 0.12500
vt -0.41498 0.12500
vt -0.41458 0.12500
vt -0.41498 0.12500
vt -0.41627 0.12500
vt -0.41895 0.12500
vt -0.43749 0.12500
vt -0.45605 0.12500
vt -0.45873 0.12500
vt -0.46002 0.12500
vt -0.46042 0.12500
vt -0.46002 0.12500
vt -0.45873 0.12500
vt -0.45605 0.12500
vt -0.43750 0.15198
vt -0.41927 0.15198
vt -0.41663 0.15198
vt -0.41537 0.15198
vt -0.41498 0.15198
vt -0.41537 0.15198
vt -0.41663 0.15198
vt -0.41927 0.15198
vt -0.43749 0.15198
vt -0.45573 0.15198
vt -0.45837 0.15198
vt -0.45963 0.15198
vt -0.46002 0.15198
vt -0.45963 0.15198
vt -0.45837 0.15198
vt -0.45573 0.15198
vt -0.43750 0.15589
vt -0.42031 0.15589
vt -0.41782 0.15589
vt -0.41663 0.15589
vt -0.41627 0.15589
vt -0.41663 0.15589
vt -0.41782 0.15589
vt -0.42031 0.15589
vt -0.43749 0.15589
vt -0.45469 0.15589
vt -0.45718 0.15589
vt -0.45837 0.15589
vt -0.45873 0.15589
vt -0.45837 0.15589
vt -0.45718 0.15589
vt -0.45469 0.15589
vt -0.43750 0.15776
vt -0.42248 0.15776
vt -0.42031 0.15776
vt -0.41927 0.15776
vt -0.41895 0.15776
vt -0.41927 0.15776
vt -0.42031 0.15776
vt -0.42248 0.15776
vt -0.43749 0.15776
vt -0.45252 0.15776
vt -0.45469 0.15776
vt -0.45573 0.15776
vt -0.45605 0.15776
vt -0.45573 0.15776
vt -0.45469 0.15776
vt -0.45252 0.15776
vt -0.43750 0.15833
vt -0.43749 0.15833
vt -0.43749 0.15833
vt -0.43749 0.15833
vt -0.43749 0.15833
vt -0.43749 0.15833
vt -0.43749 0.15833
vt -0.43749 0.15833
vt -0.43750 0.15833
vt -0.43751 0.15833
vt -0.43751 0.15833
vt -0.43751 0.15833
vt -0.43751 0.15833
vt -0.43751 0.15833
vt -0.43751 0.15833
vt -0.43751 0.15833
vt -0.45833 0.15208
vt -0.45832 0.15208
vt -0.45832 0.15208
vt -0.45832 0.15208
vt -0.45832 0.15208
vt -0.45832 0.15208
vt -0.45832 0.15208
vt -0.45832 0.15208
vt -0.45833 0.15208
vt -0.45835 0.15208
vt -0.45835 0.15208
vt -0.45835 0.15208
vt -0.45835 0.15208
vt -0.45835 0.15208
vt -0.45835 0.15208
vt -0.45835 0.15208
vt -0.45833 0.15221
vt -0.44131 0.15221
vt -0.43908 0.15221
vt -0.43803 0.15221
vt -0.43770 0.15221
vt -0.43803 0.15221
vt -0.43908 0.15221
vt -0.44131 0.15221
vt -0.45832 0.15221
vt -0.47536 0.15221
vt -0.47758 0.15221
vt -0.47864 0.15221
vt -0.47896 0.15221
vt -0.47864 0.15221
vt -0.47758 0.15221
vt -0.47536 0.15221
vt -0.45833 0.15264
vt -0.43908 0.15264
vt -0.43657 0.15264
vt -0.43537 0.15264
vt -0.43501 0.15264
vt -0.43537 0.15264
vt -0.43657 0.15264
vt -0.43908 0.15264
vt -0.45832 0.15264
vt -0.47758 0.15264
vt -0.48010 0.15264
vt -0.48129 0.15264
vt -0.48166 0.15264
vt -0.48129 0.15264
vt -0.48010 0.15264
vt -0.47758 0.15264
vt -0.45833 0.15354
vt -0.43803 0.15354
vt -0.43537 0.15354
vt -0.43411 0.15354
vt -0.43373 0.15354
vt -0.43411 0.15354
vt -0.43537 0.15354
vt -0.43803 0.15354
vt -0.45832 0.15354
vt -0.47864 0.15354
vt -0.48129 0.15354
vt -0.48255 0.15354
vt -0.48294 0.15354
vt -0.48255 0.15354
vt -0.48129 0.15354
vt -0.47864 0.15354
vt -0.45833 0.16042
vt -0.43770 0.16042
vt -0.43501 0.16042
vt -0.43373 0.16042
vt -0.43333 0.16042
vt -0.43373 0.16042
vt -0.43501 0.16042
vt -0.43770 0.16042
vt -0.45832 0.16042
vt -0.47896 0.16042
vt -0.48166 0.16042
vt -0.48294 0.16042
vt -0.48333 0.16042
vt -0.48294 0.16042
vt -0.48166 0.16042
vt -0.47896 0.16042
vt -0.45833 0.16729
vt -0.43803 0.16729
vt -0.43537 0.16729
vt -0.43411 0.16729
vt -0.43373 0.16729
vt -0.43411 0.16729
vt -0.43537 0.16729
vt -0.43803 0.16729
vt -0.45832 0.16729
vt -0.47864 0.16729
vt -0.48129 0.16729
vt -0.48255 0.16729
vt -0.48294 0.16729
vt -0.48255 0.16729
vt -0.48129 0.16729
vt -0.47864 0.16729
vt -0.45833 0.16819
vt -0.43908 0.16819
vt -0.43657 0.16819
vt -0.43537 0.16819
vt -0.43501 0.16819
vt -0.43537 0.16819
vt -0.43657 0.16819
vt -0.43908 0.16819
vt -0.45832 0.16819
vt -0.47758 0.16819
vt -0.48010 0.16819
vt -0.48129 0.16819
vt -0.48166 0.16819
vt -0.48129 0.16819
vt -0.48010 0.16819
vt -0.47758 0.16819
vt -0.45833 0.16862
vt -0.44131 0.16862
vt -0.43908 0.16862
vt -0.43803 0.16862
vt -0.43770 0.16862
vt -0.43803 0.16862
vt -0.43908 0.16862
vt -0.44131 0.16862
vt -0.45832 0.16862
vt -0.47536 0.16862
vt -0.47758 0.16862
vt -0.47864 0.16862
vt -0.47896 0.16862
vt -0.47864 0.16862
vt -0.47758 0.16862
vt -0.47536 0.16862
vt -0.45833 0.16875
vt -0.45832 0.16875
vt -0.45832 0.16875
vt -0.45832 0.16875
vt -0.45832 0.16875
vt -0.45832 0.16875
vt -0.45832 0.16875
vt -0.45832 0.16875
vt -0.45833 0.16875
vt -0.45835 0.16875
vt -0.45835 0.16875
vt -0.45835 0.16875
vt -0.45835 0.16875
vt -0.45835 0.16875
vt -0.45835 0.16875
vt -0.45835 0.16875
vt -0.44167 0.09583
vt -0.44167 0.09583
vt -0.44167 0.09583
vt -0.44167 0.09583
vt -0.44167 0.09583
vt -0.44167 0.09583
vt -0.44167 0.09583
vt -0.44167 0.09583
vt -0.44167 0.09583
vt -0.44167 0.09583
vt -0.44167 0.09583
vt -0.44167 0.09583
vt -0.44167 0.09583
vt -0.44167 0.09583
vt -0.44167 0.09583
vt -0.44167 0.09583
vt -0.44167 0.09737
vt -0.43898 0.09737
vt -0.43727 0.09737
vt -0.43623 0.09737
vt -0.43587 0.09737
vt -0.43623 0.09737
vt -0.43727 0.09737
vt -0.43898 0.09737
vt -0.44167 0.09737
vt -0.44435 0.09737
vt -0.44606 0.09737
vt -0.44711 0.09737
vt -0.44746 0.09737
vt -0.44711 0.09737
vt -0.44606 0.09737
vt -0.44435 0.09737
vt -0.44167 0.10189
vt -0.43727 0.10189
vt -0.43449 0.10189
vt -0.43277 0.10189
vt -0.43219 0.10189
vt -0.43277 0.10189
vt -0.43449 0.10189
vt -0.43727 0.10189
vt -0.44167 0.10189
vt -0.44606 0.10189
vt -0.44885 0.10189
vt -0.45056 0.10189
vt -0.45114 0.10189
vt -0.45056 0.10189
vt -0.44885 0.10189
vt -0.44606 0.10189
vt -0.44167 0.10924
vt -0.43623 0.10924
vt -0.43277 0.10924
vt -0.43065 0.10924
vt -0.42993 0.10924
vt -0.43065 0.10924
vt -0.43277 0.10924
vt -0.43623 0.10924
vt -0.44167 0.10924
vt -0.44711 0.10924
vt -0.45056 0.10924
vt -0.45268 0.10924
vt -0.45340 0.10924
vt -0.45268 0.10924
vt -0.45056 0.10924
vt -0.44711 0.10924
vt -0.44167 0.12083
vt -0.43587 0.12083
vt -0.43219 0.12083
vt -0.42993 0.12083
vt -0.42917 0.12083
vt -0.42993 0.12083
vt -0.43219 0.12083
vt -0.43587 0.12083
vt -0.44167 0.12083
vt -0.44746 0.12083
vt -0.45114 0.12083
vt -0.45340 0.12083
vt -0.45417 0.12083
vt -0.45340 0.12083
vt -0.45114 0.12083
vt -0.44746 0.12083
vt -0.44167 0.13243
vt -0.43623 0.13243
vt -0.43277 0.13243
vt -0.43065 0.13243
vt -0.42993 0.13243
vt -0.43065 0.13243
vt -0.43277 0.13243
vt -0.43623 0.13243
vt -0.44167 0.13243
vt -0.44711 0.13243
vt -0.45056 0.13243
vt -0.45268 0.13243
vt -0.45340 0.13243
vt -0.45268 0.13243
vt -0.45056 0.13243
vt -0.44711 0.13243
vt -0.44167 0.13978
vt -0.43727 0.13978
vt -0.43449 0.13978
vt -0.43277 0.13978
vt -0.43219 0.13978
vt -0.43277 0.13978
vt -0.43449 0.13978
vt -0.43727 0.13978
vt -0.44167 0.13978
vt -0.44606 0.13978
vt -0.44885 0.13978
vt -0.45056 0.13978
vt -0.45114 0.13978
vt -0.45056 0.13978
vt -0.44885 0.13978
vt -0.44606 0.13978
vt -0.44167 0.14430
vt -0.43898 0.14430
vt -0.43727 0.14430
vt -0.43623 0.14430
vt -0.43587 0.14430
vt -0.43623 0.14430
vt -0.43727 0.14430
vt -0.43898 0.14430
vt -0.44167 0.14430
vt -0.44435 0.14430
vt -0.44606 0.14430
vt -0.44711 0.14430
vt -0.44746 0.14430
vt -0.44711 0.14430
vt -0.44606 0.14430
vt -0.44435 0.14430
vt -0.44167 0.14583
vt -0.44167 0.14583
vt -0.44167 0.14583
vt -0.44167 0.14583
vt -0.44167 0.14583
vt -0.44167 0.14583
vt -0.44167 0.14583
vt -0.44167 0.14583
vt -0.44167 0.14583
vt -0.44167 0.14583
vt -0.44167 0.14583
vt -0.44167 0.14583
vt -0.44167 0.14583
vt -0.44167 0.14583
vt -0.44167 0.14583
vt -0.44167 0.14583
vt -0.44167 0.09583
vt -0.44167 0.09583
vt -0.44167 0.09583
vt -0.44167 0.09583
vt -0.44167 0.09583
vt -0.44167 0.09583
vt -0.44167 0.09583
vt -0.44167 0.09583
vt -0.44167 0.09583
vt -0.44167 0.09583
vt -0.44167 0.09583
vt -0.44167 0.09583
vt -0.44167 0.09583
vt -0.44167 0.09583
vt -0.44167 0.09583
vt -0.44167 0.09583
vt -0.44167 0.09737
vt -0.43898 0.09737
vt -0.43727 0.09737
vt -0.43623 0.09737
vt -0.43587 0.09737
vt -0.43623 0.09737
vt -0.43727 0.09737
vt -0.43898 0.09737
vt -0.44167 0.09737
vt -0.44435 0.09737
vt -0.44606 0.09737
vt -0.44711 0.09737
vt -0.44746 0.09737
vt -0.44711 0.09737
vt -0.44606 0.09737
vt -0.44435 0.09737
vt -0.44167 0.10189
vt -0.43727 0.10189
vt -0.43449 0.10189
vt -0.43277 0.10189
vt -0.43219 0.10189
vt -0.43277 0.10189
vt -0.43449 0.10189
vt -0.43727 0.10189
vt -0.44167 0.10189
vt -0.44606 0.10189
vt -0.44885 0.10189
vt -0.45056 0.10189
vt -0.45114 0.10189
vt -0.45056 0.10189
vt -0.44885 0.10189
vt -0.44606 0.10189
vt -0.44167 0.10924
vt -0.43623 0.10924
vt -0.43277 0.10924
vt -0.43065 0.10924
vt -0.42993 0.10924
vt -0.43065 0.10924
vt -0.43277 0.10924
vt -0.43623 0.10924
vt -0.44167 0.10924
vt -0.44711 0.10924
vt -0.45056 0.10924
vt -0.45268 0.10924
vt -0.45340 0.10924
vt -0.45268 0.10924
vt -0.45056 0.10924
vt -0.44711 0.10924
vt -0.44167 0.12083
vt -0.43587 0.12083
vt -0.43219 0.12083
vt -0.42993 0.12083
vt -0.42917 0.12083
vt -0.42993 0.12083
vt -0.43219 0.12083
vt -0.43587 0.12083
vt -0.44167 0.12083
vt -0.44746 0.12083
vt -0.45114 0.12083
vt -0.45340 0.12083
vt -0.45417 0.12083
vt -0.45340 0.12083
vt -0.45114 0.12083
vt -0.44746 0.12083
vt -0.44167 0.13243
vt -0.43623 0.13243
vt -0.43277 0.13243
vt -0.43065 0.13243
vt -0.42993 0.13243
vt -0.43065 0.13243
vt -0.43277 0.13243
vt -0.43623 0.13243
vt -0.44167 0.13243
vt -0.44711 0.13243
vt -0.45056 0.13243
vt -0.45268 0.13243
vt -0.45340 0.13243
vt -0.45268 0.13243
vt -0.45056 0.13243
vt -0.44711 0.13243
vt -0.44167 0.13978
vt -0.43727 0.13978
vt -0.43449 0.13978
vt -0.43277 0.13978
vt -0.43219 0.13978
vt -0.43277 0.13978
vt -0.43449 0.13978
vt -0.43727 0.13978
vt -0.44167 0.13978
vt -0.44606 0.13978
vt -0.44885 0.13978
vt -0.45056 0.13978
vt -0.45114 0.13978
vt -0.45056 0.13978
vt -0.44885 0.13978
vt -0.44606 0.13978
vt -0.44167 0.14430
vt -0.43898 0.14430
vt -0.43727 0.14430
vt -0.43623 0.14430
vt -0.43587 0.14430
vt -0.43623 0.14430
vt -0.43727 0.14430
vt -0.43898 0.14430
vt -0.44167 0.14430
vt -0.44435 0.14430
vt -0.44606 0.14430
vt -0.44711 0.14430
vt -0.44746 0.14430
vt -0.44711 0.14430
vt -0.44606 0.14430
vt -0.44435 0.14430
vt -0.44167 0.14583
vt -0.44167 0.14583
vt -0.44167 0.14583
vt -0.44167 0.14583
vt -0.44167 0.14583
vt -0.44167 0.14583
vt -0.44167 0.14583
vt -0.44167 0.14583
vt -0.44167 0.14583
vt -0.44167 0.14583
vt -0.44167 0.14583
vt -0.44167 0.14583
vt -0.44167 0.14583
vt -0.44167 0.14583
vt -0.44167 0.14583
vt -0.44167 0.14583
vt 0.39583 0.01667
vt 0.39584 0.01667
vt 0.39584 0.01667
vt 0.39584 0.01667
vt 0.39584 0.01667
vt 0.39584 0.01667
vt 0.39584 0.01667
vt 0.39584 0.01667
vt 0.39583 0.01667
vt 0.39583 0.01667
vt 0.39583 0.01667
vt 0.39583 0.01667
vt 0.39583 0.01667
vt 0.39583 0.01667
vt 0.39583 0.01667
vt 0.39583 0.01667
vt 0.39583 0.01724
vt 0.41085 0.01724
vt 0.41302 0.01724
vt 0.41406 0.01724
vt 0.41438 0.01724
vt 0.41406 0.01724
vt 0.41302 0.01724
vt 0.41085 0.01724
vt 0.39584 0.01724
vt 0.38082 0.01724
vt 0.37864 0.01724
vt 0.37760 0.01724
vt 0.37728 0.01724
vt 0.37760 0.01724
vt 0.37864 0.01724
vt 0.38082 0.01724
vt 0.39583 0.01911
vt 0.41302 0.01911
vt 0.41551 0.01911
vt 0.41670 0.01911
vt 0.41707 0.01911
vt 0.41670 0.01911
vt 0.41551 0.01911
vt 0.41302 0.01911
vt 0.39584 0.01911
vt 0.37864 0.01911
vt 0.37616 0.01911
vt 0.37497 0.01911
vt 0.37460 0.01911
vt 0.37497 0.01911
vt 0.37616 0.01911
vt 0.37864 0.01911
vt 0.39583 0.02302
vt 0.41406 0.02302
vt 0.41670 0.02302
vt 0.41797 0.02302
vt 0.41835 0.02302
vt 0.41797 0.02302
vt 0.41670 0.02302
vt 0.41406 0.02302
vt 0.39584 0.02302
vt 0.37760 0.02302
vt 0.37497 0.02302
vt 0.37370 0.02302
vt 0.37331 0.02302
vt 0.37370 0.02302
vt 0.37497 0.02302
vt 0.37760 0.02302
vt 0.39583 0.05000
vt 0.41438 0.05000
vt 0.41707 0.05000
vt 0.41835 0.05000
vt 0.41875 0.05000
vt 0.41835 0.05000
vt 0.41707 0.05000
vt 0.41438 0.05000
vt 0.39584 0.05000
vt 0.37728 0.05000
vt 0.37460 0.05000
vt 0.37331 0.05000
vt 0.37292 0.05000
vt 0.37331 0.05000
vt 0.37460 0.05000
vt 0.37728 0.05000
vt 0.39583 0.07698
vt 0.41406 0.07698
vt 0.41670 0.07698
vt 0.41797 0.07698
vt 0.41835 0.07698
vt 0.41797 0.07698
vt 0.41670 0.07698
vt 0.41406 0.07698
vt 0.39584 0.07698
vt 0.37760 0.07698
vt 0.37497 0.07698
vt 0.37370 0.07698
vt 0.37331 0.07698
vt 0.37370 0.07698
vt 0.37497 0.07698
vt 0.37760 0.07698
vt 0.39583 0.08089
vt 0.41302 0.08089
vt 0.41551 0.08089
vt 0.41670 0.08089
vt 0.41707 0.08089
vt 0.41670 0.08089
vt 0.41551 0.08089
vt 0.41302 0.08089
vt 0.39584 0.08089
vt 0.37864 0.08089
vt 0.37616 0.08089
vt 0.37497 0.08089
vt 0.37460 0.08089
vt 0.37497 0.08089
vt 0.37616 0.08089
vt 0.37864 0.08089
vt 0.39583 0.08276
vt 0.41085 0.08276
vt 0.41302 0.08276
vt 0.41406 0.08276
vt 0.41438 0.08276
vt 0.41406 0.08276
vt 0.41302 0.08276
vt 0.41085 0.08276
vt 0.39584 0.08276
vt 0.38082 0.08276
vt 0.37864 0.08276
vt 0.37760 0.08276
vt 0.37728 0.08276
vt 0.37760 0.08276
vt 0.37864 0.08276
vt 0.38082 0.08276
vt 0.39583 0.08333
vt 0.39584 0.08333
vt 0.39584 0.08333
vt 0.39584 0.08333
vt 0.39584 0.08333
vt 0.39584 0.08333
vt 0.39584 0.08333
vt 0.39584 0.08333
vt 0.39583 0.08333
vt 0.39583 0.08333
vt 0.39583 0.08333
vt 0.39583 0.08333
vt 0.39583 0.08333
vt 0.39583 0.08333
vt 0.39583 0.08333
vt 0.39583 0.08333
vt 0.45833 0.07708
vt 0.45835 0.07708
vt 0.45835 0.07708
vt 0.45835 0.07708
vt 0.45835 0.07708
vt 0.45835 0.07708
vt 0.45835 0.07708
vt 0.45835 0.07708
vt 0.45833 0.07708
vt 0.45832 0.07708
vt 0.45832 0.07708
vt 0.45832 0.07708
vt 0.45832 0.07708
vt 0.45832 0.07708
vt 0.45832 0.07708
vt 0.45832 0.07708
vt 0.45833 0.07721
vt 0.47536 0.07721
vt 0.47758 0.07721
vt 0.47864 0.07721
vt 0.47896 0.07721
vt 0.47864 0.07721
vt 0.47758 0.07721
vt 0.47536 0.07721
vt 0.45835 0.07721
vt 0.44131 0.07721
vt 0.43908 0.07721
vt 0.43803 0.07721
vt 0.43770 0.07721
vt 0.43803 0.07721
vt 0.43908 0.07721
vt 0.44131 0.07721
vt 0.45833 0.07764
vt 0.47758 0.07764
vt 0.48010 0.07764
vt 0.48129 0.07764
vt 0.48166 0.07764
vt 0.48129 0.07764
vt 0.48010 0.07764
vt 0.47758 0.07764
vt 0.45835 0.07764
vt 0.43908 0.07764
vt 0.43657 0.07764
vt 0.43537 0.07764
vt 0.43501 0.07764
vt 0.43537 0.07764
vt 0.43657 0.07764
vt 0.43908 0.07764
vt 0.45833 0.07854
vt 0.47864 0.07854
vt 0.48129 0.07854
vt 0.48255 0.07854
vt 0.48294 0.07854
vt 0.48255 0.07854
vt 0.48129 0.07854
vt 0.47864 0.07854
vt 0.45835 0.07854
vt 0.43803 0.07854
vt 0.43537 0.07854
vt 0.43411 0.07854
vt 0.43373 0.07854
vt 0.43411 0.07854
vt 0.43537 0.07854
vt 0.43803 0.07854
vt 0.45833 0.08542
vt 0.47896 0.08542
vt 0.48166 0.08542
vt 0.48294 0.08542
vt 0.48333 0.08542
vt 0.48294 0.08542
vt 0.48166 0.08542
vt 0.47896 0.08542
vt 0.45835 0.08542
vt 0.43770 0.08542
vt 0.43501 0.08542
vt 0.43373 0.08542
vt 0.43333 0.08542
vt 0.43373 0.08542
vt 0.43501 0.08542
vt 0.43770 0.08542
vt 0.45833 0.09229
vt 0.47864 0.09229
vt 0.48129 0.09229
vt 0.48255 0.09229
vt 0.48294 0.09229
vt 0.48255 0.09229
vt 0.48129 0.09229
vt 0.47864 0.09229
vt 0.45835 0.09229
vt 0.43803 0.09229
vt 0.43537 0.09229
vt 0.43411 0.09229
vt 0.43373 0.09229
vt 0.43411 0.09229
vt 0.43537 0.09229
vt 0.43803 0.09229
vt 0.45833 0.09319
vt 0.47758 0.09319
vt 0.48010 0.09319
vt 0.48129 0.09319
vt 0.48166 0.09319
vt 0.48129 0.09319
vt 0.48010 0.09319
vt 0.47758 0.09319
vt 0.45835 0.09319
vt 0.43908 0.09319
vt 0.43657 0.09319
vt 0.43537 0.09319
vt 0.43501 0.09319
vt 0.43537 0.09319
vt 0.43657 0.09319
vt 0.43908 0.09319
vt 0.45833 0.09362
vt 0.47536 0.09362
vt 0.47758 0.09362
vt 0.47864 0.09362
vt 0.47896 0.09362
vt 0.47864 0.09362
vt 0.47758 0.09362
vt 0.47536 0.09362
vt 0.45835 0.09362
vt 0.44131 0.09362
vt 0.43908 0.09362
vt 0.43803 0.09362
vt 0.43770 0.09362
vt 0.43803 0.09362
vt 0.43908 0.09362
vt 0.44131 0.09362
vt 0.45833 0.09375
vt 0.45835 0.09375
vt 0.45835 0.09375
vt 0.45835 0.09375
vt 0.45835 0.09375
vt 0.45835 0.09375
vt 0.45835 0.09375
vt 0.45835 0.09375
vt 0.45833 0.09375
vt 0.45832 0.09375
vt 0.45832 0.09375
vt 0.45832 0.09375
vt 0.45832 0.09375
vt 0.45832 0.09375
vt 0.45832 0.09375
vt 0.45832 0.09375
vt 0.43750 0.06667
vt 0.43751 0.06667
vt 0.43751 0.06667
vt 0.43751 0.06667
vt 0.43751 0.06667
vt 0.43751 0.06667
vt 0.43751 0.06667
vt 0.43751 0.06667
vt 0.43750 0.06667
vt 0.43749 0.06667
vt 0.43749 0.06667
vt 0.43749 0.06667
vt 0.43749 0.06667
vt 0.43749 0.06667
vt 0.43749 0.06667
vt 0.43749 0.06667
vt 0.43750 0.06724
vt 0.45252 0.06724
vt 0.45469 0.06724
vt 0.45573 0.06724
vt 0.45605 0.06724
vt 0.45573 0.06724
vt 0.45469 0.06724
vt 0.45252 0.06724
vt 0.43751 0.06724
vt 0.42248 0.06724
vt 0.42031 0.06724
vt 0.41927 0.06724
vt 0.41895 0.06724
vt 0.41927 0.06724
vt 0.42031 0.06724
vt 0.42248 0.06724
vt 0.43750 0.06911
vt 0.45469 0.06911
vt 0.45718 0.06911
vt 0.45837 0.06911
vt 0.45873 0.06911
vt 0.45837 0.06911
vt 0.45718 0.06911
vt 0.45469 0.06911
vt 0.43751 0.06911
vt 0.42031 0.06911
vt 0.41782 0.06911
vt 0.41663 0.06911
vt 0.41627 0.06911
vt 0.41663 0.06911
vt 0.41782 0.06911
vt 0.42031 0.06911
vt 0.43750 0.07302
vt 0.45573 0.07302
vt 0.45837 0.07302
vt 0.45963 0.07302
vt 0.46002 0.07302
vt 0.45963 0.07302
vt 0.45837 0.07302
vt 0.45573 0.07302
vt 0.43751 0.07302
vt 0.41927 0.07302
vt 0.41663 0.07302
vt 0.41537 0.07302
vt 0.41498 0.07302
vt 0.41537 0.07302
vt 0.41663 0.07302
vt 0.41927 0.07302
vt 0.43750 0.10000
vt 0.45605 0.10000
vt 0.45873 0.10000
vt 0.46002 0.10000
vt 0.46042 0.10000
vt 0.46002 0.10000
vt 0.45873 0.10000
vt 0.45605 0.10000
vt 0.43751 0.10000
vt 0.41895 0.10000
vt 0.41627 0.10000
vt 0.41498 0.10000
vt 0.41458 0.10000
vt 0.41498 0.10000
vt 0.41627 0.10000
vt 0.41895 0.10000
vt 0.43750 0.12698
vt 0.45573 0.12698
vt 0.45837 0.12698
vt 0.45963 0.12698
vt 0.46002 0.12698
vt 0.45963 0.12698
vt 0.45837 0.12698
vt 0.45573 0.12698
vt 0.43751 0.12698
vt 0.41927 0.12698
vt 0.41663 0.12698
vt 0.41537 0.12698
vt 0.41498 0.12698
vt 0.41537 0.12698
vt 0.41663 0.12698
vt 0.41927 0.12698
vt 0.43750 0.13089
vt 0.45469 0.13089
vt 0.45718 0.13089
vt 0.45837 0.13089
vt 0.45873 0.13089
vt 0.45837 0.13089
vt 0.45718 0.13089
vt 0.45469 0.13089
vt 0.43751 0.13089
vt 0.42031 0.13089
vt 0.41782 0.13089
vt 0.41663 0.13089
vt 0.41627 0.13089
vt 0.41663 0.13089
vt 0.41782 0.13089
vt 0.42031 0.13089
vt 0.43750 0.13276
vt 0.45252 0.13276
vt 0.45469 0.13276
vt 0.45573 0.13276
vt 0.45605 0.13276
vt 0.45573 0.13276
vt 0.45469 0.13276
vt 0.45252 0.13276
vt 0.43751 0.13276
vt 0.42248 0.13276
vt 0.42031 0.13276
vt 0.41927 0.13276
vt 0.41895 0.13276
vt 0.41927 0.13276
vt 0.42031 0.13276
vt 0.42248 0.13276
vt 0.43750 0.13333
vt 0.43751 0.13333
vt 0.43751 0.13333
vt 0.43751 0.13333
vt 0.43751 0.13333
vt 0.43751 0.13333
vt 0.43751 0.13333
vt 0.43751 0.13333
vt 0.43750 0.13333
vt 0.43749 0.13333
vt 0.43749 0.13333
vt 0.43749 0.13333
vt 0.43749 0.13333
vt 0.43749 0.13333
vt 0.43749 0.13333
vt 0.43749 0.13333
vt 0.45833 0.12708
vt 0.45835 0.12708
vt 0.45835 0.12708
vt 0.45835 0.12708
vt 0.45835 0.12708
vt 0.45835 0.12708
vt 0.45835 0.12708
vt 0.45835 0.12708
vt 0.45833 0.12708
vt 0.45832 0.12708
vt 0.45832 0.12708
vt 0.45832 0.12708
vt 0.45832 0.12708
vt 0.45832 0.12708
vt 0.45832 0.12708
vt 0.45832 0.12708
vt 0.45833 0.12721
vt 0.47536 0.12721
vt 0.47758 0.12721
vt 0.47864 0.12721
vt 0.47896 0.12721
vt 0.47864 0.12721
vt 0.47758 0.12721
vt 0.47536 0.12721
vt 0.45835 0.12721
vt 0.44131 0.12721
vt 0.43908 0.12721
vt 0.43803 0.12721
vt 0.43770 0.12721
vt 0.43803 0.12721
vt 0.43908 0.12721
vt 0.44131 0.12721
vt 0.45833 0.12764
vt 0.47758 0.12764
vt 0.48010 0.12764
vt 0.48129 0.12764
vt 0.48166 0.12764
vt 0.48129 0.12764
vt 0.48010 0.12764
vt 0.47758 0.12764
vt 0.45835 0.12764
vt 0.43908 0.12764
vt 0.43657 0.12764
vt 0.43537 0.12764
vt 0.43501 0.12764
vt 0.43537 0.12764
vt 0.43657 0.12764
vt 0.43908 0.12764
vt 0.45833 0.12854
vt 0.47864 0.12854
vt 0.48129 0.12854
vt 0.48255 0.12854
vt 0.48294 0.12854
vt 0.48255 0.12854
vt 0.48129 0.12854
vt 0.47864 0.12854
vt 0.45835 0.12854
vt 0.43803 0.12854
vt 0.43537 0.12854
vt 0.43411 0.12854
vt 0.43373 0.12854
vt 0.43411 0.12854
vt 0.43537 0.12854
vt 0.43803 0.12854
vt 0.45833 0.13542
vt 0.47896 0.13542
vt 0.48166 0.13542
vt 0.48294 0.13542
vt 0.48333 0.13542
vt 0.48294 0.13542
vt 0.48166 0.13542
vt 0.47896 0.13542
vt 0.45835 0.13542
vt 0.43770 0.13542
vt 0.43501 0.13542
vt 0.43373 0.13542
vt 0.43333 0.13542
vt 0.43373 0.13542
vt 0.43501 0.13542
vt 0.43770 0.13542
vt 0.45833 0.14229
vt 0.47864 0.14229
vt 0.48129 0.14229
vt 0.48255 0.14229
vt 0.48294 0.14229
vt 0.48255 0.14229
vt 0.48129 0.14229
vt 0.47864 0.14229
vt 0.45835 0.14229
vt 0.43803 0.14229
vt 0.43537 0.14229
vt 0.43411 0.14229
vt 0.43373 0.14229
vt 0.43411 0.14229
vt 0.43537 0.14229
vt 0.43803 0.14229
vt 0.45833 0.14319
vt 0.47758 0.14319
vt 0.48010 0.14319
vt 0.48129 0.14319
vt 0.48166 0.14319
vt 0.48129 0.14319
vt 0.48010 0.14319
vt 0.47758 0.14319
vt 0.45835 0.14319
vt 0.43908 0.14319
vt 0.43657 0.14319
vt 0.43537 0.14319
vt 0.43501 0.14319
vt 0.43537 0.14319
vt 0.43657 0.14319
vt 0.43908 0.14319
vt 0.45833 0.14362
vt 0.47536 0.14362
vt 0.47758 0.14362
vt 0.47864 0.14362
vt 0.47896 0.14362
vt 0.47864 0.14362
vt 0.47758 0.14362
vt 0.47536 0.14362
vt 0.45835 0.14362
vt 0.44131 0.14362
vt 0.43908 0.14362
vt 0.43803 0.14362
vt 0.43770 0.14362
vt 0.43803 0.14362
vt 0.43908 0.14362
vt 0.44131 0.14362
vt 0.45833 0.14375
vt 0.45835 0.14375
vt 0.45835 0.14375
vt 0.45835 0.14375
vt 0.45835 0.14375
vt 0.45835 0.14375
vt 0.45835 0.14375
vt 0.45835 0.14375
vt 0.45833 0.14375
vt 0.45832 0.14375
vt 0.45832 0.14375
vt 0.45832 0.14375
vt 0.45832 0.14375
vt 0.45832 0.14375
vt 0.45832 0.14375
vt 0.45832 0.14375
vt 0.43750 0.09583
vt 0.43751 0.09583
vt 0.43751 0.09583
vt 0.43751 0.09583
vt 0.43751 0.09583
vt 0.43751 0.09583
vt 0.43751 0.09583
vt 0.43751 0.09583
vt 0.43750 0.09583
vt 0.43749 0.09583
vt 0.43749 0.09583
vt 0.43749 0.09583
vt 0.43749 0.09583
vt 0.43749 0.09583
vt 0.43749 0.09583
vt 0.43749 0.09583
vt 0.43750 0.09641
vt 0.45252 0.09641
vt 0.45469 0.09641
vt 0.45573 0.09641
vt 0.45605 0.09641
vt 0.45573 0.09641
vt 0.45469 0.09641
vt 0.45252 0.09641
vt 0.43751 0.09641
vt 0.42248 0.09641
vt 0.42031 0.09641
vt 0.41927 0.09641
vt 0.41895 0.09641
vt 0.41927 0.09641
vt 0.42031 0.09641
vt 0.42248 0.09641
vt 0.43750 0.09828
vt 0.45469 0.09828
vt 0.45718 0.09828
vt 0.45837 0.09828
vt 0.45873 0.09828
vt 0.45837 0.09828
vt 0.45718 0.09828
vt 0.45469 0.09828
vt 0.43751 0.09828
vt 0.42031 0.09828
vt 0.41782 0.09828
vt 0.41663 0.09828
vt 0.41627 0.09828
vt 0.41663 0.09828
vt 0.41782 0.09828
vt 0.42031 0.09828
vt 0.43750 0.10218
vt 0.45573 0.10218
vt 0.45837 0.10218
vt 0.45963 0.10218
vt 0.46002 0.10218
vt 0.45963 0.10218
vt 0.45837 0.10218
vt 0.45573 0.10218
vt 0.43751 0.10218
vt 0.41927 0.10218
vt 0.41663 0.10218
vt 0.41537 0.10218
vt 0.41498 0.10218
vt 0.41537 0.10218
vt 0.41663 0.10218
vt 0.41927 0.10218
vt 0.43750 0.12917
vt 0.45605 0.12917
vt 0.45873 0.12917
vt 0.46002 0.12917
vt 0.46042 0.12917
vt 0.46002 0.12917
vt 0.45873 0.12917
vt 0.45605 0.12917
vt 0.43751 0.12917
vt 0.41895 0.12917
vt 0.41627 0.12917
vt 0.41498 0.12917
vt 0.41458 0.12917
vt 0.41498 0.12917
vt 0.41627 0.12917
vt 0.41895 0.12917
vt 0.43750 0.15615
vt 0.45573 0.15615
vt 0.45837 0.15615
vt 0.45963 0.15615
vt 0.46002 0.15615
vt 0.45963 0.15615
vt 0.45837 0.15615
vt 0.45573 0.15615
vt 0.43751 0.15615
vt 0.41927 0.15615
vt 0.41663 0.15615
vt 0.41537 0.15615
vt 0.41498 0.15615
vt 0.41537 0.15615
vt 0.41663 0.15615
vt 0.41927 0.15615
vt 0.43750 0.16005
vt 0.45469 0.16005
vt 0.45718 0.16005
vt 0.45837 0.16005
vt 0.45873 0.16005
vt 0.45837 0.16005
vt 0.45718 0.16005
vt 0.45469 0.16005
vt 0.43751 0.16005
vt 0.42031 0.16005
vt 0.41782 0.16005
vt 0.41663 0.16005
vt 0.41627 0.16005
vt 0.41663 0.16005
vt 0.41782 0.16005
vt 0.42031 0.16005
vt 0.43750 0.16192
vt 0.45252 0.16192
vt 0.45469 0.16192
vt 0.45573 0.16192
vt 0.45605 0.16192
vt 0.45573 0.16192
vt 0.45469 0.16192
vt 0.45252 0.16192
vt 0.43751 0.16192
vt 0.42248 0.16192
vt 0.42031 0.16192
vt 0.41927 0.16192
vt 0.41895 0.16192
vt 0.41927 0.16192
vt 0.42031 0.16192
vt 0.42248 0.16192
vt 0.43750 0.16250
vt 0.43751 0.16250
vt 0.43751 0.16250
vt 0.43751 0.16250
vt 0.43751 0.16250
vt 0.43751 0.16250
vt 0.43751 0.16250
vt 0.43751 0.16250
vt 0.43750 0.16250
vt 0.43749 0.16250
vt 0.43749 0.16250
vt 0.43749 0.16250
vt 0.43749 0.16250
vt 0.43749 0.16250
vt 0.43749 0.16250
vt 0.43749 0.16250
vt 0.45833 0.15625
vt 0.45835 0.15625
vt 0.45835 0.15625
vt 0.45835 0.15625
vt 0.45835 0.15625
vt 0.45835 0.15625
vt 0.45835 0.15625
vt 0.45835 0.15625
vt 0.45833 0.15625
vt 0.45832 0.15625
vt 0.45832 0.15625
vt 0.45832 0.15625
vt 0.45832 0.15625
vt 0.45832 0.15625
vt 0.45832 0.15625
vt 0.45832 0.15625
vt 0.45833 0.15638
vt 0.47536 0.15638
vt 0.47758 0.15638
vt 0.47864 0.15638
vt 0.47896 0.15638
vt 0.47864 0.15638
vt 0.47758 0.15638
vt 0.47536 0.15638
vt 0.45835 0.15638
vt 0.44131 0.15638
vt 0.43908 0.15638
vt 0.43803 0.15638
vt 0.43770 0.15638
vt 0.43803 0.15638
vt 0.43908 0.15638
vt 0.44131 0.15638
vt 0.45833 0.15681
vt 0.47758 0.15681
vt 0.48010 0.15681
vt 0.48129 0.15681
vt 0.48166 0.15681
vt 0.48129 0.15681
vt 0.48010 0.15681
vt 0.47758 0.15681
vt 0.45835 0.15681
vt 0.43908 0.15681
vt 0.43657 0.15681
vt 0.43537 0.15681
vt 0.43501 0.15681
vt 0.43537 0.15681
vt 0.43657 0.15681
vt 0.43908 0.15681
vt 0.45833 0.15771
vt 0.47864 0.15771
vt 0.48129 0.15771
vt 0.48255 0.15771
vt 0.48294 0.15771
vt 0.48255 0.15771
vt 0.48129 0.15771
vt 0.47864 0.15771
vt 0.45835 0.15771
vt 0.43803 0.15771
vt 0.43537 0.15771
vt 0.43411 0.15771
vt 0.43373 0.15771
vt 0.43411 0.15771
vt 0.43537 0.15771
vt 0.43803 0.15771
vt 0.45833 0.16458
vt 0.47896 0.16458
vt 0.48166 0.16458
vt 0.48294 0.16458
vt 0.48333 0.16458
vt 0.48294 0.16458
vt 0.48166 0.16458
vt 0.47896 0.16458
vt 0.45835 0.16458
vt 0.43770 0.16458
vt 0.43501 0.16458
vt 0.43373 0.16458
vt 0.43333 0.16458
vt 0.43373 0.16458
vt 0.43501 0.16458
vt 0.43770 0.16458
vt 0.45833 0.17146
vt 0.47864 0.17146
vt 0.48129 0.17146
vt 0.48255 0.17146
vt 0.48294 0.17146
vt 0.48255 0.17146
vt 0.48129 0.17146
vt 0.47864 0.17146
vt 0.45835 0.17146
vt 0.43803 0.17146
vt 0.43537 0.17146
vt 0.43411 0.17146
vt 0.43373 0.17146
vt 0.43411 0.17146
vt 0.43537 0.17146
vt 0.43803 0.17146
vt 0.45833 0.17236
vt 0.47758 0.17236
vt 0.48010 0.17236
vt 0.48129 0.17236
vt 0.48166 0.17236
vt 0.48129 0.17236
vt 0.48010 0.17236
vt 0.47758 0.17236
vt 0.45835 0.17236
vt 0.43908 0.17236
vt 0.43657 0.17236
vt 0.43537 0.17236
vt 0.43501 0.17236
vt 0.43537 0.17236
vt 0.43657 0.17236
vt 0.43908 0.17236
vt 0.45833 0.17279
vt 0.47536 0.17279
vt 0.47758 0.17279
vt 0.47864 0.17279
vt 0.47896 0.17279
vt 0.47864 0.17279
vt 0.47758 0.17279
vt 0.47536 0.17279
vt 0.45835 0.17279
vt 0.44131 0.17279
vt 0.43908 0.17279
vt 0.43803 0.17279
vt 0.43770 0.17279
vt 0.43803 0.17279
vt 0.43908 0.17279
vt 0.44131 0.17279
vt 0.45833 0.17292
vt 0.45835 0.17292
vt 0.45835 0.17292
vt 0.45835 0.17292
vt 0.45835 0.17292
vt 0.45835 0.17292
vt 0.45835 0.17292
vt 0.45835 0.17292
vt 0.45833 0.17292
vt 0.45832 0.17292
vt 0.45832 0.17292
vt 0.45832 0.17292
vt 0.45832 0.17292
vt 0.45832 0.17292
vt 0.45832 0.17292
vt 0.45832 0.17292
vt 0.43750 0.10417
vt 0.43751 0.10417
vt 0.43751 0.10417
vt 0.43751 0.10417
vt 0.43751 0.10417
vt 0.43751 0.10417
vt 0.43751 0.10417
vt 0.43751 0.10417
vt 0.43750 0.10417
vt 0.43749 0.10417
vt 0.43749 0.10417
vt 0.43749 0.10417
vt 0.43749 0.10417
vt 0.43749 0.10417
vt 0.43749 0.10417
vt 0.43749 0.10417
vt 0.43750 0.10474
vt 0.45252 0.10474
vt 0.45469 0.10474
vt 0.45573 0.10474
vt 0.45605 0.10474
vt 0.45573 0.10474
vt 0.45469 0.10474
vt 0.45252 0.10474
vt 0.43751 0.10474
vt 0.42248 0.10474
vt 0.42031 0.10474
vt 0.41927 0.10474
vt 0.41895 0.10474
vt 0.41927 0.10474
vt 0.42031 0.10474
vt 0.42248 0.10474
vt 0.43750 0.10661
vt 0.45469 0.10661
vt 0.45718 0.10661
vt 0.45837 0.10661
vt 0.45873 0.10661
vt 0.45837 0.10661
vt 0.45718 0.10661
vt 0.45469 0.10661
vt 0.43751 0.10661
vt 0.42031 0.10661
vt 0.41782 0.10661
vt 0.41663 0.10661
vt 0.41627 0.10661
vt 0.41663 0.10661
vt 0.41782 0.10661
vt 0.42031 0.10661
vt 0.43750 0.11052
vt 0.45573 0.11052
vt 0.45837 0.11052
vt 0.45963 0.11052
vt 0.46002 0.11052
vt 0.45963 0.11052
vt 0.45837 0.11052
vt 0.45573 0.11052
vt 0.43751 0.11052
vt 0.41927 0.11052
vt 0.41663 0.11052
vt 0.41537 0.11052
vt 0.41498 0.11052
vt 0.41537 0.11052
vt 0.41663 0.11052
vt 0.41927 0.11052
vt 0.43750 0.13750
vt 0.45605 0.13750
vt 0.45873 0.13750
vt 0.46002 0.13750
vt 0.46042 0.13750
vt 0.46002 0.13750
vt 0.45873 0.13750
vt 0.45605 0.13750
vt 0.43751 0.13750
vt 0.41895 0.13750
vt 0.41627 0.13750
vt 0.41498 0.13750
vt 0.41458 0.13750
vt 0.41498 0.13750
vt 0.41627 0.13750
vt 0.41895 0.13750
vt 0.43750 0.16448
vt 0.45573 0.16448
vt 0.45837 0.16448
vt 0.45963 0.16448
vt 0.46002 0.16448
vt 0.45963 0.16448
vt 0.45837 0.16448
vt 0.45573 0.16448
vt 0.43751 0.16448
vt 0.41927 0.16448
vt 0.41663 0.16448
vt 0.41537 0.16448
vt 0.41498 0.16448
vt 0.41537 0.16448
vt 0.41663 0.16448
vt 0.41927 0.16448
vt 0.43750 0.16839
vt 0.45469 0.16839
vt 0.45718 0.16839
vt 0.45837 0.16839
vt 0.45873 0.16839
vt 0.45837 0.16839
vt 0.45718 0.16839
vt 0.45469 0.16839
vt 0.43751 0.16839
vt 0.42031 0.16839
vt 0.41782 0.16839
vt 0.41663 0.16839
vt 0.41627 0.16839
vt 0.41663 0.16839
vt 0.41782 0.16839
vt 0.42031 0.16839
vt 0.43750 0.17026
vt 0.45252 0.17026
vt 0.45469 0.17026
vt 0.45573 0.17026
vt 0.45605 0.17026
vt 0.45573 0.17026
vt 0.45469 0.17026
vt 0.45252 0.17026
vt 0.43751 0.17026
vt 0.42248 0.17026
vt 0.42031 0.17026
vt 0.41927 0.17026
vt 0.41895 0.17026
vt 0.41927 0.17026
vt 0.42031 0.17026
vt 0.42248 0.17026
vt 0.43750 0.17083
vt 0.43751 0.17083
vt 0.43751 0.17083
vt 0.43751 0.17083
vt 0.43751 0.17083
vt 0.43751 0.17083
vt 0.43751 0.17083
vt 0.43751 0.17083
vt 0.43750 0.17083
vt 0.43749 0.17083
vt 0.43749 0.17083
vt 0.43749 0.17083
vt 0.43749 0.17083
vt 0.43749 0.17083
vt 0.43749 0.17083
vt 0.43749 0.17083
vt 0.45833 0.16458
vt 0.45835 0.16458
vt 0.45835 0.16458
vt 0.45835 0.16458
vt 0.45835 0.16458
vt 0.45835 0.16458
vt 0.45835 0.16458
vt 0.45835 0.16458
vt 0.45833 0.16458
vt 0.45832 0.16458
vt 0.45832 0.16458
vt 0.45832 0.16458
vt 0.45832 0.16458
vt 0.45832 0.16458
vt 0.45832 0.16458
vt 0.45832 0.16458
vt 0.45833 0.16471
vt 0.47536 0.16471
vt 0.47758 0.16471
vt 0.47864 0.16471
vt 0.47896 0.16471
vt 0.47864 0.16471
vt 0.47758 0.16471
vt 0.47536 0.16471
vt 0.45835 0.16471
vt 0.44131 0.16471
vt 0.43908 0.16471
vt 0.43803 0.16471
vt 0.43770 0.16471
vt 0.43803 0.16471
vt 0.43908 0.16471
vt 0.44131 0.16471
vt 0.45833 0.16514
vt 0.47758 0.16514
vt 0.48010 0.16514
vt 0.48129 0.16514
vt 0.48166 0.16514
vt 0.48129 0.16514
vt 0.48010 0.16514
vt 0.47758 0.16514
vt 0.45835 0.16514
vt 0.43908 0.16514
vt 0.43657 0.16514
vt 0.43537 0.16514
vt 0.43501 0.16514
vt 0.43537 0.16514
vt 0.43657 0.16514
vt 0.43908 0.16514
vt 0.45833 0.16604
vt 0.47864 0.16604
vt 0.48129 0.16604
vt 0.48255 0.16604
vt 0.48294 0.16604
vt 0.48255 0.16604
vt 0.48129 0.16604
vt 0.47864 0.16604
vt 0.45835 0.16604
vt 0.43803 0.16604
vt 0.43537 0.16604
vt 0.43411 0.16604
vt 0.43373 0.16604
vt 0.43411 0.16604
vt 0.43537 0.16604
vt 0.43803 0.16604
vt 0.45833 0.17292
vt 0.47896 0.17292
vt 0.48166 0.17292
vt 0.48294 0.17292
vt 0.48333 0.17292
vt 0.48294 0.17292
vt 0.48166 0.17292
vt 0.47896 0.17292
vt 0.45835 0.17292
vt 0.43770 0.17292
vt 0.43501 0.17292
vt 0.43373 0.17292
vt 0.43333 0.17292
vt 0.43373 0.17292
vt 0.43501 0.17292
vt 0.43770 0.17292
vt 0.45833 0.17979
vt 0.47864 0.17979
vt 0.48129 0.17979
vt 0.48255 0.17979
vt 0.48294 0.17979
vt 0.48255 0.17979
vt 0.48129 0.17979
vt 0.47864 0.17979
vt 0.45835 0.17979
vt 0.43803 0.17979
vt 0.43537 0.17979
vt 0.43411 0.17979
vt 0.43373 0.17979
vt 0.43411 0.17979
vt 0.43537 0.17979
vt 0.43803 0.17979
vt 0.45833 0.18069
vt 0.47758 0.18069
vt 0.48010 0.18069
vt 0.48129 0.18069
vt 0.48166 0.18069
vt 0.48129 0.18069
vt 0.48010 0.18069
vt 0.47758 0.18069
vt 0.45835 0.18069
vt 0.43908 0.18069
vt 0.43657 0.18069
vt 0.43537 0.18069
vt 0.43501 0.18069
vt 0.43537 0.18069
vt 0.43657 0.18069
vt 0.43908 0.18069
vt 0.45833 0.18112
vt 0.47536 0.18112
vt 0.47758 0.18112
vt 0.47864 0.18112
vt 0.47896 0.18112
vt 0.47864 0.18112
vt 0.47758 0.18112
vt 0.47536 0.18112
vt 0.45835 0.18112
vt 0.44131 0.18112
vt 0.43908 0.18112
vt 0.43803 0.18112
vt 0.43770 0.18112
vt 0.43803 0.18112
vt 0.43908 0.18112
vt 0.44131 0.18112
vt 0.45833 0.18125
vt 0.45835 0.18125
vt 0.45835 0.18125
vt 0.45835 0.18125
vt 0.45835 0.18125
vt 0.45835 0.18125
vt 0.45835 0.18125
vt 0.45835 0.18125
vt 0.45833 0.18125
vt 0.45832 0.18125
vt 0.45832 0.18125
vt 0.45832 0.18125
vt 0.45832 0.18125
vt 0.45832 0.18125
vt 0.45832 0.18125
vt 0.45832 0.18125
vt 0.43750 0.09167
vt 0.43751 0.09167
vt 0.43751 0.09167
vt 0.43751 0.09167
vt 0.43751 0.09167
vt 0.43751 0.09167
vt 0.43751 0.09167
vt 0.43751 0.09167
vt 0.43750 0.09167
vt 0.43749 0.09167
vt 0.43749 0.09167
vt 0.43749 0.09167
vt 0.43749 0.09167
vt 0.43749 0.09167
vt 0.43749 0.09167
vt 0.43749 0.09167
vt 0.43750 0.09224
vt 0.45252 0.09224
vt 0.45469 0.09224
vt 0.45573 0.09224
vt 0.45605 0.09224
vt 0.45573 0.09224
vt 0.45469 0.09224
vt 0.45252 0.09224
vt 0.43751 0.09224
vt 0.42248 0.09224
vt 0.42031 0.09224
vt 0.41927 0.09224
vt 0.41895 0.09224
vt 0.41927 0.09224
vt 0.42031 0.09224
vt 0.42248 0.09224
vt 0.43750 0.09411
vt 0.45469 0.09411
vt 0.45718 0.09411
vt 0.45837 0.09411
vt 0.45873 0.09411
vt 0.45837 0.09411
vt 0.45718 0.09411
vt 0.45469 0.09411
vt 0.43751 0.09411
vt 0.42031 0.09411
vt 0.41782 0.09411
vt 0.41663 0.09411
vt 0.41627 0.09411
vt 0.41663 0.09411
vt 0.41782 0.09411
vt 0.42031 0.09411
vt 0.43750 0.09802
vt 0.45573 0.09802
vt 0.45837 0.09802
vt 0.45963 0.09802
vt 0.46002 0.09802
vt 0.45963 0.09802
vt 0.45837 0.09802
vt 0.45573 0.09802
vt 0.43751 0.09802
vt 0.41927 0.09802
vt 0.41663 0.09802
vt 0.41537 0.09802
vt 0.41498 0.09802
vt 0.41537 0.09802
vt 0.41663 0.09802
vt 0.41927 0.09802
vt 0.43750 0.12500
vt 0.45605 0.12500
vt 0.45873 0.12500
vt 0.46002 0.12500
vt 0.46042 0.12500
vt 0.46002 0.12500
vt 0.45873 0.12500
vt 0.45605 0.12500
vt 0.43751 0.12500
vt 0.41895 0.12500
vt 0.41627 0.12500
vt 0.41498 0.12500
vt 0.41458 0.12500
vt 0.41498 0.12500
vt 0.41627 0.12500
vt 0.41895 0.12500
vt 0.43750 0.15198
vt 0.45573 0.15198
vt 0.45837 0.15198
vt 0.45963 0.15198
vt 0.46002 0.15198
vt 0.45963 0.15198
vt 0.45837 0.15198
vt 0.45573 0.15198
vt 0.43751 0.15198
vt 0.41927 0.15198
vt 0.41663 0.15198
vt 0.41537 0.15198
vt 0.41498 0.15198
vt 0.41537 0.15198
vt 0.41663 0.15198
vt 0.41927 0.15198
vt 0.43750 0.15589
vt 0.45469 0.15589
vt 0.45718 0.15589
vt 0.45837 0.15589
vt 0.45873 0.15589
vt 0.45837 0.15589
vt 0.45718 0.15589
vt 0.45469 0.15589
vt 0.43751 0.15589
vt 0.42031 0.15589
vt 0.41782 0.15589
vt 0.41663 0.15589
vt 0.41627 0.15589
vt 0.41663 0.15589
vt 0.41782 0.15589
vt 0.42031 0.15589
vt 0.43750 0.15776
vt 0.45252 0.15776
vt 0.45469 0.15776
vt 0.45573 0.15776
vt 0.45605 0.15776
vt 0.45573 0.15776
vt 0.45469 0.15776
vt 0.45252 0.15776
vt 0.43751 0.15776
vt 0.42248 0.15776
vt 0.42031 0.15776
vt 0.41927 0.15776
vt 0.41895 0.15776
vt 0.41927 0.15776
vt 0.42031 0.15776
vt 0.42248 0.15776
vt 0.43750 0.15833
vt 0.43751 0.15833
vt 0.43751 0.15833
vt 0.43751 0.15833
vt 0.43751 0.15833
vt 0.43751 0.15833
vt 0.43751 0.15833
vt 0.43751 0.15833
vt 0.43750 0.15833
vt 0.43749 0.15833
vt 0.43749 0.15833
vt 0.43749 0.15833
vt 0.43749 0.15833
vt 0.43749 0.15833
vt 0.43749 0.15833
vt 0.43749 0.15833
vt 0.45833 0.15208
vt 0.45835 0.15208
vt 0.45835 0.15208
vt 0.45835 0.15208
vt 0.45835 0.15208
vt 0.45835 0.15208
vt 0.45835 0.15208
vt 0.45835 0.15208
vt 0.45833 0.15208
vt 0.45832 0.15208
vt 0.45832 0.15208
vt 0.45832 0.15208
vt 0.45832 0.15208
vt 0.45832 0.15208
vt 0.45832 0.15208
vt 0.45832 0.15208
vt 0.45833 0.15221
vt 0.47536 0.15221
vt 0.47758 0.15221
vt 0.47864 0.15221
vt 0.47896 0.15221
vt 0.47864 0.15221
vt 0.47758 0.15221
vt 0.47536 0.15221
vt 0.45835 0.15221
vt 0.44131 0.15221
vt 0.43908 0.15221
vt 0.43803 0.15221
vt 0.43770 0.15221
vt 0.43803 0.15221
vt 0.43908 0.15221
vt 0.44131 0.15221
vt 0.45833 0.15264
vt 0.47758 0.15264
vt 0.48010 0.15264
vt 0.48129 0.15264
vt 0.48166 0.15264
vt 0.48129 0.15264
vt 0.48010 0.15264
vt 0.47758 0.15264
vt 0.45835 0.15264
vt 0.43908 0.15264
vt 0.43657 0.15264
vt 0.43537 0.15264
vt 0.43501 0.15264
vt 0.43537 0.15264
vt 0.43657 0.15264
vt 0.43908 0.15264
vt 0.45833 0.15354
vt 0.47864 0.15354
vt 0.48129 0.15354
vt 0.48255 0.15354
vt 0.48294 0.15354
vt 0.48255 0.15354
vt 0.48129 0.15354
vt 0.47864 0.15354
vt 0.45835 0.15354
vt 0.43803 0.15354
vt 0.43537 0.15354
vt 0.43411 0.15354
vt 0.43373 0.15354
vt 0.43411 0.15354
vt 0.43537 0.15354
vt 0.43803 0.15354
vt 0.45833 0.16042
vt 0.47896 0.16042
vt 0.48166 0.16042
vt 0.48294 0.16042
vt 0.48333 0.16042
vt 0.48294 0.16042
vt 0.48166 0.16042
vt 0.47896 0.16042
vt 0.45835 0.16042
vt 0.43770 0.16042
vt 0.43501 0.16042
vt 0.43373 0.16042
vt 0.43333 0.16042
vt 0.43373 0.16042
vt 0.43501 0.16042
vt 0.43770 0.16042
vt 0.45833 0.16729
vt 0.47864 0.16729
vt 0.48129 0.16729
vt 0.48255 0.16729
vt 0.48294 0.16729
vt 0.48255 0.16729
vt 0.48129 0.16729
vt 0.47864 0.16729
vt 0.45835 0.16729
vt 0.43803 0.16729
vt 0.43537 0.16729
vt 0.43411 0.16729
vt 0.43373 0.16729
vt 0.43411 0.16729
vt 0.43537 0.16729
vt 0.43803 0.16729
vt 0.45833 0.16819
vt 0.47758 0.16819
vt 0.48010 0.16819
vt 0.48129 0.16819
vt 0.48166 0.16819
vt 0.48129 0.16819
vt 0.48010 0.16819
vt 0.47758 0.16819
vt 0.45835 0.16819
vt 0.43908 0.16819
vt 0.43657 0.16819
vt 0.43537 0.16819
vt 0.43501 0.16819
vt 0.43537 0.16819
vt 0.43657 0.16819
vt 0.43908 0.16819
vt 0.45833 0.16862
vt 0.47536 0.16862
vt 0.47758 0.16862
vt 0.47864 0.16862
vt 0.47896 0.16862
vt 0.47864 0.16862
vt 0.47758 0.16862
vt 0.47536 0.16862
vt 0.45835 0.16862
vt 0.44131 0.16862
vt 0.43908 0.16862
vt 0.43803 0.16862
vt 0.43770 0.16862
vt 0.43803 0.16862
vt 0.43908 0.16862
vt 0.44131 0.16862
vt 0.45833 0.16875
vt 0.45835 0.16875
vt 0.45835 0.16875
vt 0.45835 0.16875
vt 0.45835 0.16875
vt 0.45835 0.16875
vt 0.45835 0.16875
vt 0.45835 0.16875
vt 0.45833 0.16875
vt 0.45832 0.16875
vt 0.45832 0.16875
vt 0.45832 0.16875
vt 0.45832 0.16875
vt 0.45832 0.16875
vt 0.45832 0.16875
vt 0.45832 0.16875
vt 0.44167 0.09583
vt 0.44167 0.09583
vt 0.44167 0.09583
vt 0.44167 0.09583
vt 0.44167 0.09583
vt 0.44167 0.09583
vt 0.44167 0.09583
vt 0.44167 0.09583
vt 0.44167 0.09583
vt 0.44167 0.09583
vt 0.44167 0.09583
vt 0.44167 0.09583
vt 0.44167 0.09583
vt 0.44167 0.09583
vt 0.44167 0.09583
vt 0.44167 0.09583
vt 0.44167 0.09737
vt 0.44435 0.09737
vt 0.44606 0.09737
vt 0.44711 0.09737
vt 0.44746 0.09737
vt 0.44711 0.09737
vt 0.44606 0.09737
vt 0.44435 0.09737
vt 0.44167 0.09737
vt 0.43898 0.09737
vt 0.43727 0.09737
vt 0.43623 0.09737
vt 0.43587 0.09737
vt 0.43623 0.09737
vt 0.43727 0.09737
vt 0.43898 0.09737
vt 0.44167 0.10189
vt 0.44606 0.10189
vt 0.44885 0.10189
vt 0.45056 0.10189
vt 0.45114 0.10189
vt 0.45056 0.10189
vt 0.44885 0.10189
vt 0.44606 0.10189
vt 0.44167 0.10189
vt 0.43727 0.10189
vt 0.43449 0.10189
vt 0.43277 0.10189
vt 0.43219 0.10189
vt 0.43277 0.10189
vt 0.43449 0.10189
vt 0.43727 0.10189
vt 0.44167 0.10924
vt 0.44711 0.10924
vt 0.45056 0.10924
vt 0.45268 0.10924
vt 0.45340 0.10924
vt 0.45268 0.10924
vt 0.45056 0.10924
vt 0.44711 0.10924
vt 0.44167 0.10924
vt 0.43623 0.10924
vt 0.43277 0.10924
vt 0.43065 0.10924
vt 0.42993 0.10924
vt 0.43065 0.10924
vt 0.43277 0.10924
vt 0.43623 0.10924
vt 0.44167 0.12083
vt 0.44746 0.12083
vt 0.45114 0.12083
vt 0.45340 0.12083
vt 0.45417 0.12083
vt 0.45340 0.12083
vt 0.45114 0.12083
vt 0.44746 0.12083
vt 0.44167 0.12083
vt 0.43587 0.12083
vt 0.43219 0.12083
vt 0.42993 0.12083
vt 0.42917 0.12083
vt 0.42993 0.12083
vt 0.43219 0.12083
vt 0.43587 0.12083
vt 0.44167 0.13243
vt 0.44711 0.13243
vt 0.45056 0.13243
vt 0.45268 0.13243
vt 0.45340 0.13243
vt 0.45268 0.13243
vt 0.45056 0.13243
vt 0.44711 0.13243
vt 0.44167 0.13243
vt 0.43623 0.13243
vt 0.43277 0.13243
vt 0.43065 0.13243
vt 0.42993 0.13243
vt 0.43065 0.13243
vt 0.43277 0.13243
vt 0.43623 0.13243
vt 0.44167 0.13978
vt 0.44606 0.13978
vt 0.44885 0.13978
vt 0.45056 0.13978
vt 0.45114 0.13978
vt 0.45056 0.13978
vt 0.44885 0.13978
vt 0.44606 0.13978
vt 0.44167 0.13978
vt 0.43727 0.13978
vt 0.43449 0.13978
vt 0.43277 0.13978
vt 0.43219 0.13978
vt 0.43277 0.13978
vt 0.43449 0.13978
vt 0.43727 0.13978
vt 0.44167 0.14430
vt 0.44435 0.14430
vt 0.44606 0.14430
vt 0.44711 0.14430
vt 0.44746 0.14430
vt 0.44711 0.14430
vt 0.44606 0.14430
vt 0.44435 0.14430
vt 0.44167 0.14430
vt 0.43898 0.14430
vt 0.43727 0.14430
vt 0.43623 0.14430
vt 0.43587 0.14430
vt 0.43623 0.14430
vt 0.43727 0.14430
vt 0.43898 0.14430
vt 0.44167 0.14583
vt 0.44167 0.14583
vt 0.44167 0.14583
vt 0.44167 0.14583
vt 0.44167 0.14583
vt 0.44167 0.14583
vt 0.44167 0.14583
vt 0.44167 0.14583
vt 0.44167 0.14583
vt 0.44167 0.14583
vt 0.44167 0.14583
vt 0.44167 0.14583
vt 0.44167 0.14583
vt 0.44167 0.14583
vt 0.44167 0.14583
vt 0.44167 0.14583
vt 0.44167 0.09583
vt 0.44167 0.09583
vt 0.44167 0.09583
vt 0.44167 0.09583
vt 0.44167 0.09583
vt 0.44167 0.09583
vt 0.44167 0.09583
vt 0.44167 0.09583
vt 0.44167 0.09583
vt 0.44167 0.09583
vt 0.44167 0.09583
vt 0.44167 0.09583
vt 0.44167 0.09583
vt 0.44167 0.09583
vt 0.44167 0.09583
vt 0.44167 0.09583
vt 0.44167 0.09737
vt 0.44435 0.09737
vt 0.44606 0.09737
vt 0.44711 0.09737
vt 0.44746 0.09737
vt 0.44711 0.09737
vt 0.44606 0.09737
vt 0.44435 0.09737
vt 0.44167 0.09737
vt 0.43898 0.09737
vt 0.43727 0.09737
vt 0.43623 0.09737
vt 0.43587 0.09737
vt 0.43623 0.09737
vt 0.43727 0.09737
vt 0.43898 0.09737
vt 0.44167 0.10189
vt 0.44606 0.10189
vt 0.44885 0.10189
vt 0.45056 0.10189
vt 0.45114 0.10189
vt 0.45056 0.10189
vt 0.44885 0.10189
vt 0.44606 0.10189
vt 0.44167 0.10189
vt 0.43727 0.10189
vt 0.43449 0.10189
vt 0.43277 0.10189
vt 0.43219 0.10189
vt 0.43277 0.10189
vt 0.43449 0.10189
vt 0.43727 0.10189
vt 0.44167 0.10924
vt 0.44711 0.10924
vt 0.45056 0.10924
vt 0.45268 0.10924
vt 0.45340 0.10924
vt 0.45268 0.10924
vt 0.45056 0.10924
vt 0.44711 0.10924
vt 0.44167 0.10924
vt 0.43623 0.10924
vt 0.43277 0.10924
vt 0.43065 0.10924
vt 0.42993 0.10924
vt 0.43065 0.10924
vt 0.43277 0.10924
vt 0.43623 0.10924
vt 0.44167 0.12083
vt 0.44746 0.12083
vt 0.45114 0.12083
vt 0.45340 0.12083
vt 0.45417 0.12083
vt 0.45340 0.12083
vt 0.45114 0.12083
vt 0.44746 0.12083
vt 0.44167 0.12083
vt 0.43587 0.12083
vt 0.43219 0.12083
vt 0.42993 0.12083
vt 0.42917 0.12083
vt 0.42993 0.12083
vt 0.43219 0.12083
vt 0.43587 0.12083
vt 0.44167 0.13243
vt 0.44711 0.13243
vt 0.45056 0.13243
vt 0.45268 0.13243
vt 0.45340 0.13243
vt 0.45268 0.13243
vt 0.45056 0.13243
vt 0.44711 0.13243
vt 0.44167 0.13243
vt 0.43623 0.13243
vt 0.43277 0.13243
vt 0.43065 0.13243
vt 0.42993 0.13243
vt 0.43065 0.13243
vt 0.43277 0.13243
vt 0.43623 0.13243
vt 0.44167 0.13978
vt 0.44606 0.13978
vt 0.44885 0.13978
vt 0.45056 0.13978
vt 0.45114 0.13978
vt 0.45056 0.13978
vt 0.44885 0.13978
vt 0.44606 0.13978
vt 0.44167 0.13978
vt 0.43727 0.13978
vt 0.43449 0.13978
vt 0.43277 0.13978
vt 0.43219 0.13978
vt 0.43277 0.13978
vt 0.43449 0.13978
vt 0.43727 0.13978
vt 0.44167 0.14430
vt 0.44435 0.14430
vt 0.44606 0.14430
vt 0.44711 0.14430
vt 0.44746 0.14430
vt 0.44711 0.14430
vt 0.44606 0.14430
vt 0.44435 0.14430
vt 0.44167 0.14430
vt 0.43898 0.14430
vt 0.43727 0.14430
vt 0.43623 0.14430
vt 0.43587 0.14430
vt 0.43623 0.14430
vt 0.43727 0.14430
vt 0.43898 0.14430
vt 0.44167 0.14583
vt 0.44167 0.14583
vt 0.44167 0.14583
vt 0.44167 0.14583
vt 0.44167 0.14583
vt 0.44167 0.14583
vt 0.44167 0.14583
vt 0.44167 0.14583
vt 0.44167 0.14583
vt 0.44167 0.14583
vt 0.44167 0.14583
vt 0.44167 0.14583
vt 0.44167 0.14583
vt 0.44167 0.14583
vt 0.44167 0.14583
vt 0.44167 0.14583
f 17/17 18/18 2/2 1/1
f 18/18 19/19 3/3 2/2
f 19/19 20/20 4/4 3/3
f 20/20 21/21 5/5 4/4
f 21/21 22/22 6/6 5/5
f 22/22 23/23 7/7 6/6
f 23/23 24/24 8/8 7/7
f 24/24 25/25 9/9 8/8
f 25/25 26/26 10/10 9/9
f 26/26 27/27 11/11 10/10
f 27/27 28/28 12/12 11/11
f 28/28 29/29 13/13 12/12
f 29/29 30/30 14/14 13/13
f 30/30 31/31 15/15 14/14
f 31/31 32/32 16/16 15/15
f 32/32 17/17 1/1 16/16
f 33/33 34/34 18/18 17/17
f 34/34 35/35 19/19 18/18
f 35/35 36/36 20/20 19/19
f 36/36 37/37 21/21 20/20
f 37/37 38/38 22/22 21/21
f 38/38 39/39 23/23 22/22
f 39/39 40/40 24/24 23/23
f 40/40 41/41 25/25 24/24
f 41/41 42/42 26/26 25/25
f 42/42 43/43 27/27 26/26
f 43/43 44/44 28/28 27/27
f 44/44 45/45 29/29 28/28
f 45/45 46/46 30/30 29/29
f 46/46 47/47 31/31 30/30
f 47/47 48/48 32/32 31/31
f 48/48 33/33 17/17 32/32
f 49/49 50/50 34/34 33/33
f 50/50 51/51 35/35 34/34
f 51/51 52/52 36/36 35/35
f 52/52 53/53 37/37 36/36
f 53/53 54/54 38/38 37/37
f 54/54 55/55 39/39 38/38
f 55/55 56/56 40/40 39/39
f 56/56 57/57 41/41 40/40
f 57/57 58/58 42/42 41/41
f 58/58 59/59 43/43 42/42
f 59/59 60/60 44/44 43/43
f 60/60 61/61 45/45 44/44
f 61/61 62/62 46/46 45/45
f 62/62 63/63 47/47 46/46
f 63/63 64/64 48/48 47/47
f 64/64 49/49 33/33 48/48
f 65/65 66/66 50/50 49/49
f 66/66 67/67 51/51 50/50
f 67/67 68/68 52/52 51/51
f 68/68 69/69 53/53 52/52
f 69/69 70/70 54/54 53/53
f 70/70 71/71 55/55 54/54
f 71/71 72/72 56/56 55/55
f 72/72 73/73 57/57 56/56
f 73/73 74/74 58/58 57/57
f 74/74 75/75 59/59 58/58
f 75/75 76/76 60/60 59/59
f 76/76 77/77 61/61 60/60
f 77/77 78/78 62/62 61/61
f 78/78 79/79 63/63 62/62
f 79/79 80/80 64/64 63/63
f 80/80 65/65 49/49 64/64
f 81/81 82/82 66/66 65/65
f 82/82 83/83 67/67 66/66
f 83/83 84/84 68/68 67/67
f 84/84 85/85 69/69 68/68
f 85/85 86/86 70/70 69/69
f 86/86 87/87 71/71 70/70
f 87/87 88/88 72/72 71/71
f 88/88 89/89 73/73 72/72
f 89/89 90/90 74/74 73/73
f 90/90 91/91 75/75 74/74
f 91/91 92/92 76/76 75/75
f 92/92 93/93 77/77 76/76
f 93/93 94/94 78/78 77/77
f 94/94 95/95 79/79 78/78
f 95/95 96/96 80/80 79/79
f 96/96 81/81 65/65 80/80
f 97/97 98/98 82/82 81/81
f 98/98 99/99 83/83 82/82
f 99/99 100/100 84/84 83/83
f 100/100 101/101 85/85 84/84
f 101/101 102/102 86/86 85/85
f 102/102 103/103 87/87 86/86
f 103/103 104/104 88/88 87/87
f 104/104 105/105 89/89 88/88
f 105/105 106/106 90/90 89/89
f 106/106 107/107 91/91 90/90
f 107/107 108/108 92/92 91/91
f 108/108 109/109 93/93 92/92
f 109/109 110/110 94/94 93/93
f 110/110 111/111 95/95 94/94
f 111/111 112/112 96/96 95/95
f 112/112 97/97 81/81 96/96
f 113/113 114/114 98/98 97/97
f 114/114 115/115 99/99 98/98
f 115/115 116/116 100/100 99/99
f 116/116 117/117 101/101 100/100
f 117/117 118/118 102/102 101/101
f 118/118 119/119 103/103 102/102
f 119/119 120/120 104/104 103/103
f 120/120 121/121 105/105 104/104
f 121/121 122/122 106/106 105/105
f 122/122 123/123 107/107 106/106
f 123/123 124/124 108/108 107/107
f 124/124 125/125 109/109 108/108
f 125/125 126/126 110/110 109/109
f 126/126 127/127 111/111 110/110
f 127/127 128/128 112/112 111/111
f 128/128 113/113 97/97 112/112
f 129/129 130/130 114/114 113/113
f 130/130 131/131 115/115 114/114
f 131/131 132/132 116/116 115/115
f 132/132 133/133 117/117 116/116
f 133/133 134/134 118/118 117/117
f 134/134 135/135 119/119 118/118
f 135/135 136/136 120/120 119/119
f 136/136 137/137 121/121 120/120
f 137/137 138/138 122/122 121/121
f 138/138 139/139 123/123 122/122
f 139/139 140/140 124/124 123/123
f 140/140 141/141 125/125 124/124
f 141/141 142/142 126/126 125/125
f 142/142 143/143 127/127 126/126
f 143/143 144/144 128/128 127/127
f 144/144 129/129 113/113 128/128
f 161/161 162/162 146/146 145/145
f 162/162 163/163 147/147 146/146
f 163/163 164/164 148/148 147/147
f 164/164 165/165 149/149 148/148
f 165/165 166/166 150/150 149/149
f 166/166 167/167 151/151 150/150
f 167/167 168/168 152/152 151/151
f 168/168 169/169 153/153 152/152
f 169/169 170/170 154/154 153/153
f 170/170 171/171 155/155 154/154
f 171/171 172/172 156/156 155/155
f 172/172 173/173 157/157 156/156
f 173/173 174/174 158/158 157/157
f 174/174 175/175 159/159 158/158
f 175/175 176/176 160/160 159/159
f 176/176 161/161 145/145 160/160
f 177/177 178/178 162/162 161/161
f 178/178 179/179 163/163 162/162
f 179/179 180/180 164/164 163/163
f 180/180 181/181 165/165 164/164
f 181/181 182/182 166/166 165/165
f 182/182 183/183 167/167 166/166
f 183/183 184/184 168/168 167/167
f 184/184 185/185 169/169 168/168
f 185/185 186/186 170/170 169/169
f 186/186 187/187 171/171 170/170
f 187/187 188/188 172/172 171/171
f 188/188 189/189 173/173 172/172
f 189/189 190/190 174/174 173/173
f 190/190 191/191 175/175 174/174
f 191/191 192/192 176/176 175/175
f 192/192 177/177 161/161 176/176
f 193/193 194/194 178/178 177/177
f 194/194 195/195 179/179 178/178
f 195/195 196/196 180/180 179/179
f 196/196 197/197 181/181 180/180
f 197/197 198/198 182/182 181/181
f 198/198 199/199 183/183 182/182
f 199/199 200/200 184/184 183/183
f 200/200 201/201 185/185 184/184
f 201/201 202/202 186/186 185/185
f 202/202 203/203 187/187 186/186
f 203/203 204/204 188/188 187/187
f 204/204 205/205 189/189 188/188
f 205/205 206/206 190/190 189/189
f 206/206 207/207 191/191 190/190
f 207/207 208/208 192/192 191/191
f 208/208 193/193 177/177 192/192
f 209/209 210/210 194/194 193/193
f 210/210 211/211 195/195 194/194
f 211/211 212/212 196/196 195/195
f 212/212 213/213 197/197 196/196
f 213/213 214/214 198/198 197/197
f 214/214 215/215 199/199 198/198
f 215/215 216/216 200/200 199/199
f 216/216 217/217 201/201 200/200
f 217/217 218/218 202/202 201/201
f 218/218 219/219 203/203 202/202
f 219/219 220/220 204/204 203/203
f 220/220 221/221 205/205 204/204
f 221/221 222/222 206/206 205/205
f 222/222 223/223 207/207 206/206
f 223/223 224/224 208/208 207/207
f 224/224 209/209 193/193 208/208
f 225/225 226/226 210/210 209/209
f 226/226 227/227 211/211 210/210
f 227/227 228/228 212/212 211/211
f 228/228 229/229 213/213 212/212
f 229/229 230/230 214/214 213/213
f 230/230 231/231 215/215 214/214
f 231/231 232/232 216/216 215/215
f 232/232 233/233 217/217 216/216
f 233/233 234/234 218/218 217/217
f 234/234 235/235 219/219 218/218
f 235/235 236/236 220/220 219/219
f 236/236 237/237 221/221 220/220
f 237/237 238/238 222/222 221/221
f 238/238 239/239 223/223 222/222
f 239/239 240/240 224/224 223/223
f 240/240 225/225 209/209 224/224
f 241/241 242/242 226/226 225/225
f 242/242 243/243 227/227 226/226
f 243/243 244/244 228/228 227/227
f 244/244 245/245 229/229 228/228
f 245/245 246/246 230/230 229/229
f 246/246 247/247 231/231 230/230
f 247/247 248/248 232/232 231/231
f 248/248 249/249 233/233 232/232
f 249/249 250/250 234/234 233/233
f 250/250 251/251 235/235 234/234
f 251/251 252/252 236/236 235/235
f 252/252 253/253 237/237 236/236
f 253/253 254/254 238/238 237/237
f 254/254 255/255 239/239 238/238
f 255/255 256/256 240/240 239/239
f 256/256 241/241 225/225 240/240
f 257/257 258/258 242/242 241/241
f 258/258 259/259 243/243 242/242
f 259/259 260/260 244/244 243/243
f 260/260 261/261 245/245 244/244
f 261/261 262/262 246/246 245/245
f 262/262 263/263 247/247 246/246
f 263/263 264/264 248/248 247/247
f 264/264 265/265 249/249 248/248
f 265/265 266/266 250/250 249/249
f 266/266 267/267 251/251 250/250
f 267/267 268/268 252/252 251/251
f 268/268 269/269 253/253 252/252
f 269/269 270/270 254/254 253/253
f 270/270 271/271 255/255 254/254
f 271/271 272/272 256/256 255/255
f 272/272 257/257 241/241 256/256
f 273/273 274/274 258/258 257/257
f 274/274 275/275 259/259 258/258
f 275/275 276/276 260/260 259/259
f 276/276 277/277 261/261 260/260
f 277/277 278/278 262/262 261/261
f 278/278 279/279 263/263 262/262
f 279/279 280/280 264/264 263/263
f 280/280 281/281 265/265 264/264
f 281/281 282/282 266/266 265/265
f 282/282 283/283 267/267 266/266
f 283/283 284/284 268/268 267/267
f 284/284 285/285 269/269 268/268
f 285/285 286/286 270/270 269/269
f 286/286 287/287 271/271 270/270
f 287/287 288/288 272/272 271/271
f 288/288 273/273 257/257 272/272
f 305/305 306/306 290/290 289/289
f 306/306 307/307 291/291 290/290
f 307/307 308/308 292/292 291/291
f 308/308 309/309 293/293 292/292
f 309/309 310/310 294/294 293/293
f 310/310 311/311 295/295 294/294
f 311/311 312/312 296/296 295/295
f 312/312 313/313 297/297 296/296
f 313/313 314/314 298/298 297/297
f 314/314 315/315 299/299 298/298
f 315/315 316/316 300/300 299/299
f 316/316 317/317 301/301 300/300
f 317/317 318/318 302/302 301/301
f 318/318 319/319 303/303 302/302
f 319/319 320/320 304/304 303/303
f 320/320 305/305 289/289 304/304
f 321/321 322/322 306/306 305/305
f 322/322 323/323 307/307 306/306
f 323/323 324/324 308/308 307/307
f 324/324 325/325 309/309 308/308
f 325/325 326/326 310/310 309/309
f 326/326 327/327 311/311 310/310
f 327/327 328/328 312/312 311/311
f 328/328 329/329 313/313 312/312
f 329/329 330/330 314/314 313/313
f 330/330 331/331 315/315 314/314
f 331/331 332/332 316/316 315/315
f 332/332 333/333 317/317 316/316
f 333/333 334/334 318/318 317/317
f 334/334 335/335 319/319 318/318
f 335/335 336/336 320/320 319/319
f 336/336 321/321 305/305 320/320
f 337/337 338/338 322/322 321/321
f 338/338 339/339 323/323 322/322
f 339/339 340/340 324/324 323/323
f 340/340 341/341 325/325 324/324
f 341/341 342/342 326/326 325/325
f 342/342 343/343 327/327 326/326
f 343/343 344/344 328/328 327/327
f 344/344 345/345 329/329 328/328
f 345/345 346/346 330/330 329/329
f 346/346 347/347 331/331 330/330
f 347/347 348/348 332/332 331/331
f 348/348 349/349 333/333 332/332
f 349/349 350/350 334/334 333/333
f 350/350 351/351 335/335 334/334
f 351/351 352/352 336/336 335/335
f 352/352 337/337 321/321 336/336
f 353/353 354/354 338/338 337/337
f 354/354 355/355 339/339 338/338
f 355/355 356/356 340/340 339/339
f 356/356 357/357 341/341 340/340
f 357/357 358/358 342/342 341/341
f 358/358 359/359 343/343 342/342
f 359/359 360/360 344/344 343/343
f 360/360 361/361 345/345 344/344
f 361/361 362/362 346/346 345/345
f 362/362 363/363 347/347 346/346
f 363/363 364/364 348/348 347/347
f 364/364 365/365 349/349 348/348
f 365/365 366/366 350/350 349/349
f 366/366 367/367 351/351 350/350
f 367/367 368/368 352/352 351/351
f 368/368 353/353 337/337 352/352
f 369/369 370/370 354/354 353/353
f 370/370 371/371 355/355 354/354
f 371/371 372/372 356/356 355/355
f 372/372 373/373 357/357 356/356
f 373/373 374/374 358/358 357/357
f 374/374 375/375 359/359 358/358
f 375/375 376/376 360/360 359/359
f 376/376 377/377 361/361 360/360
f 377/377 378/378 362/362 361/361
f 378/378 379/379 363/363 362/362
f 379/379 380/380 364/364 363/363
f 380/380 381/381 365/365 364/364
f 381/381 382/382 366/366 365/365
f 382/382 383/383 367/367 366/366
f 383/383 384/384 368/368 367/367
f 384/384 369/369 353/353 368/368
f 385/385 386/386 370/370 369/369
f 386/386 387/387 371/371 370/370
f 387/387 388/388 372/372 371/371
f 388/388 389/389 373/373 372/372
f 389/389 390/390 374/374 373/373
f 390/390 391/391 375/375 374/374
f 391/391 392/392 376/376 375/375
f 392/392 393/393 377/377 376/376
f 393/393 394/394 378/378 377/377
f 394/394 395/395 379/379 378/378
f 395/395 396/396 380/380 379/379
f 396/396 397/397 381/381 380/380
f 397/397 398/398 382/382 381/381
f 398/398 399/399 383/383 382/382
f 399/399 400/400 384/384 383/383
f 400/400 385/385 369/369 384/384
f 401/401 402/402 386/386 385/385
f 402/402 403/403 387/387 386/386
f 403/403 404/404 388/388 387/387
f 404/404 405/405 389/389 388/388
f 405/405 406/406 390/390 389/389
f 406/406 407/407 391/391 390/390
f 407/407 408/408 392/392 391/391
f 408/408 409/409 393/393 392/392
f 409/409 410/410 394/394 393/393
f 410/410 411/411 395/395 394/394
f 411/411 412/412 396/396 395/395
f 412/412 413/413 397/397 396/396
f 413/413 414/414 398/398 397/397
f 414/414 415/415 399/399 398/398
f 415/415 416/416 400/400 399/399
f 416/416 401/401 385/385 400/400
f 417/417 418/418 402/402 401/401
f 418/418 419/419 403/403 402/402
f 419/419 420/420 404/404 403/403
f 420/420 421/421 405/405 404/404
f 421/421 422/422 406/406 405/405
f 422/422 423/423 407/407 406/406
f 423/423 424/424 408/408 407/407
f 424/424 425/425 409/409 408/408
f 425/425 426/426 410/410 409/409
f 426/426 427/427 411/411 410/410
f 427/427 428/428 412/412 411/411
f 428/428 429/429 413/413 412/412
f 429/429 430/430 414/414 413/413
f 430/430 431/431 415/415 414/414
f 431/431 432/432 416/416 415/415
f 432/432 417/417 401/401 416/416
f 449/449 450/450 434/434 433/433
f 450/450 451/451 435/435 434/434
f 451/451 452/452 436/436 435/435
f 452/452 453/453 437/437 436/436
f 453/453 454/454 438/438 437/437
f 454/454 455/455 439/439 438/438
f 455/455 456/456 440/440 439/439
f 456/456 457/457 441/441 440/440
f 457/457 458/458 442/442 441/441
f 458/458 459/459 443/443 442/442
f 459/459 460/460 444/444 443/443
f 460/460 461/461 445/445 444/444
f 461/461 462/462 446/446 445/445
f 462/462 463/463 447/447 446/446
f 463/463 464/464 448/448 447/447
f 464/464 449/449 433/433 448/448
f 465/465 466/466 450/450 449/449
f 466/466 467/467 451/451 450/450
f 467/467 468/468 452/452 451/451
f 468/468 469/469 453/453 452/452
f 469/469 470/470 454/454 453/453
f 470/470 471/471 455/455 454/454
f 471/471 472/472 456/456 455/455
f 472/472 473/473 457/457 456/456
f 473/473 474/474 458/458 457/457
f 474/474 475/475 459/459 458/458
f 475/475 476/476 460/460 459/459
f 476/476 477/477 461/461 460/460
f 477/477 478/478 462/462 461/461
f 478/478 479/479 463/463 462/462
f 479/479 480/480 464/464 463/463
f 480/480 465/465 449/449 464/464
f 481/481 482/482 466/466 465/465
f 482/482 483/483 467/467 466/466
f 483/483 484/484 468/468 467/467
f 484/484 485/485 469/469 468/468
f 485/485 486/486 470/470 469/469
f 486/486 487/487 471/471 470/470
f 487/487 488/488 472/472 471/471
f 488/488 489/489 473/473 472/472
f 489/489 490/490 474/474 473/473
f 490/490 491/491 475/475 474/474
f 491/491 492/492 476/476 475/475
f 492/492 493/493 477/477 476/476
f 493/493 494/494 478/478 477/477
f 494/494 495/495 479/479 478/478
f 495/495 496/496 480/480 479/479
f 496/496 481/481 465/465 480/480
f 497/497 498/498 482/482 481/481
f 498/498 499/499 483/483 482/482
f 499/499 500/500 484/484 483/483
f 500/500 501/501 485/485 484/484
f 501/501 502/502 486/486 485/485
f 502/502 503/503 487/487 486/486
f 503/503 504/504 488/488 487/487
f 504/504 505/505 489/489 488/488
f 505/505 506/506 490/490 489/489
f 506/506 507/507 491/491 490/490
f 507/507 508/508 492/492 491/491
f 508/508 509/509 493/493 492/492
f 509/509 510/510 494/494 493/493
f 510/510 511/511 495/495 494/494
f 511/511 512/512 496/496 495/495
f 512/512 497/497 481/481 496/496
f 513/513 514/514 498/498 497/497
f 514/514 515/515 499/499 498/498
f 515/515 516/516 500/500 499/499
f 516/516 517/517 501/501 500/500
f 517/517 518/518 502/502 501/501
f 518/518 519/519 503/503 502/502
f 519/519 520/520 504/504 503/503
f 520/520 521/521 505/505 504/504
f 521/521 522/522 506/506 505/505
f 522/522 523/523 507/507 506/506
f 523/523 524/524 508/508 507/507
f 524/524 525/525 509/509 508/508
f 525/525 526/526 510/510 509/509
f 526/526 527/527 511/511 510/510
f 527/527 528/528 512/512 511/511
f 528/528 513/513 497/497 512/512
f 529/529 530/530 514/514 513/513
f 530/530 531/531 515/515 514/514
f 531/531 532/532 516/516 515/515
f 532/532 533/533 517/517 516/516
f 533/533 534/534 518/518 517/517
f 534/534 535/535 519/519 518/518
f 535/535 536/536 520/520 519/519
f 536/536 537/537 521/521 520/520
f 537/537 538/538 522/522 521/521
f 538/538 539/539 523/523 522/522
f 539/539 540/540 524/524 523/523
f 540/540 541/541 525/525 524/524
f 541/541 542/542 526/526 525/525
f 542/542 543/543 527/527 526/526
f 543/543 544/544 528/528 527/527
f 544/544 529/529 513/513 528/528
f 545/545 546/546 530/530 529/529
f 546/546 547/547 531/531 530/530
f 547/547 548/548 532/532 531/531
f 548/548 549/549 533/533 532/532
f 549/549 550/550 534/534 533/533
f 550/550 551/551 535/535 534/534
f 551/551 552/552 536/536 535/535
f 552/552 553/553 537/537 536/536
f 553/553 554/554 538/538 537/537
f 554/554 555/555 539/539 538/538
f 555/555 556/556 540/540 539/539
f 556/556 557/557 541/541 540/540
f 557/557 558/558 542/542 541/541
f 558/558 559/559 543/543 542/542
f 559/559 560/560 544/544 543/543
f 560/560 545/545 529/529 544/544
f 561/561 562/562 546/546 545/545
f 562/562 563/563 547/547 546/546
f 563/563 564/564 548/548 547/547
f 564/564 565/565 549/549 548/548
f 565/565 566/566 550/550 549/549
f 566/566 567/567 551/551 550/550
f 567/567 568/568 552/552 551/551
f 568/568 569/569 553/553 552/552
f 569/569 570/570 554/554 553/553
f 570/570 571/571 555/555 554/554
f 571/571 572/572 556/556 555/555
f 572/572 573/573 557/557 556/556
f 573/573 574/574 558/558 557/557
f 574/574 575/575 559/559 558/558
f 575/575 576/576 560/560 559/559
f 576/576 561/561 545/545 560/560
f 593/593 594/594 578/578 577/577
f 594/594 595/595 579/579 578/578
f 595/595 596/596 580/580 579/579
f 596/596 597/597 581/581 580/580
f 597/597 598/598 582/582 581/581
f 598/598 599/599 583/583 582/582
f 599/599 600/600 584/584 583/583
f 600/600 601/601 585/585 584/584
f 601/601 602/602 586/586 585/585
f 602/602 603/603 587/587 586/586
f 603/603 604/604 588/588 587/587
f 604/604 605/605 589/589 588/588
f 605/605 606/606 590/590 589/589
f 606/606 607/607 591/591 590/590
f 607/607 608/608 592/592 591/591
f 608/608 593/593 577/577 592/592
f 609/609 610/610 594/594 593/593
f 610/610 611/611 595/595 594/594
f 611/611 612/612 596/596 595/595
f 612/612 613/613 597/597 596/596
f 613/613 614/614 598/598 597/597
f 614/614 615/615 599/599 598/598
f 615/615 616/616 600/600 599/599
f 616/616 617/617 601/601 600/600
f 617/617 618/618 602/602 601/601
f 618/618 619/619 603/603 602/602
f 619/619 620/620 604/604 603/603
f 620/620 621/621 605/605 604/604
f 621/621 622/622 606/606 605/605
f 622/622 623/623 607/607 606/606
f 623/623 624/624 608/608 607/607
f 624/624 609/609 593/593 608/608
f 625/625 626/626 610/610 609/609
f 626/626 627/627 611/611 610/610
f 627/627 628/628 612/612 611/611
f 628/628 629/629 613/613 612/612
f 629/629 630/630 614/614 613/613
f 630/630 631/631 615/615 614/614
f 631/631 632/632 616/616 615/615
f 632/632 633/633 617/617 616/616
f 633/633 634/634 618/618 617/617
f 634/634 635/635 619/619 618/618
f 635/635 636/636 620/620 619/619
f 636/636 637/637 621/621 620/620
f 637/637 638/638 622/622 621/621
f 638/638 639/639 623/623 622/622
f 639/639 640/640 624/624 623/623
f 640/640 625/625 609/609 624/624
f 641/641 642/642 626/626 625/625
f 642/642 643/643 627/627 626/626
f 643/643 644/644 628/628 627/627
f 644/644 645/645 629/629 628/628
f 645/645 646/646 630/630 629/629
f 646/646 647/647 631/631 630/630
f 647/647 648/648 632/632 631/631
f 648/648 649/649 633/633 632/632
f 649/649 650/650 634/634 633/633
f 650/650 651/651 635/635 634/634
f 651/651 652/652 636/636 635/635
f 652/652 653/653 637/637 636/636
f 653/653 654/654 638/638 637/637
f 654/654 655/655 639/639 638/638
f 655/655 656/656 640/640 639/639
f 656/656 641/641 625/625 640/640
f 657/657 658/658 642/642 641/641
f 658/658 659/659 643/643 642/642
f 659/659 660/660 644/644 643/643
f 660/660 661/661 645/645 644/644
f 661/661 662/662 646/646 645/645
f 662/662 663/663 647/647 646/646
f 663/663 664/664 648/648 647/647
f 664/664 665/665 649/649 648/648
f 665/665 666/666 650/650 649/649
f 666/666 667/667 651/651 650/650
f 667/667 668/668 652/652 651/651
f 668/668 669/669 653/653 652/652
f 669/669 670/670 654/654 653/653
f 670/670 671/671 655/655 654/654
f 671/671 672/672 656/656 655/655
f 672/672 657/657 641/641 656/656
f 673/673 674/674 658/658 657/657
f 674/674 675/675 659/659 658/658
f 675/675 676/676 660/660 659/659
f 676/676 677/677 661/661 660/660
f 677/677 678/678 662/662 661/661
f 678/678 679/679 663/663 662/662
f 679/679 680/680 664/664 663/663
f 680/680 681/681 665/665 664/664
f 681/681 682/682 666/666 665/665
f 682/682 683/683 667/667 666/666
f 683/683 684/684 668/668 667/667
f 684/684 685/685 669/669 668/668
f 685/685 686/686 670/670 669/669
f 686/686 687/687 671/671 670/670
f 687/687 688/688 672/672 671/671
f 688/688 673/673 657/657 672/672
f 689/689 690/690 674/674 673/673
f 690/690 691/691 675/675 674/674
f 691/691 692/692 676/676 675/675
f 692/692 693/693 677/677 676/676
f 693/693 694/694 678/678 677/677
f 694/694 695/695 679/679 678/678
f 695/695 696/696 680/680 679/679
f 696/696 697/697 681/681 680/680
f 697/697 698/698 682/682 681/681
f 698/698 699/699 683/683 682/682
f 699/699 700/700 684/684 683/683
f 700/700 701/701 685/685 684/684
f 701/701 702/702 686/686 685/685
f 702/702 703/703 687/687 686/686
f 703/703 704/704 688/688 687/687
f 704/704 689/689 673/673 688/688
f 705/705 706/706 690/690 689/689
f 706/706 707/707 691/691 690/690
f 707/707 708/708 692/692 691/691
f 708/708 709/709 693/693 692/692
f 709/709 710/710 694/694 693/693
f 710/710 711/711 695/695 694/694
f 711/711 712/712 696/696 695/695
f 712/712 713/713 697/697 696/696
f 713/713 714/714 698/698 697/697
f 714/714 715/715 699/699 698/698
f 715/715 716/716 700/700 699/699
f 716/716 717/717 701/701 700/700
f 717/717 718/718 702/702 701/701
f 718/718 719/719 703/703 702/702
f 719/719 720/720 704/704 703/703
f 720/720 705/705 689/689 704/704
f 737/737 738/738 722/722 721/721
f 738/738 739/739 723/723 722/722
f 739/739 740/740 724/724 723/723
f 740/740 741/741 725/725 724/724
f 741/741 742/742 726/726 725/725
f 742/742 743/743 727/727 726/726
f 743/743 744/744 728/728 727/727
f 744/744 745/745 729/729 728/728
f 745/745 746/746 730/730 729/729
f 746/746 747/747 731/731 730/730
f 747/747 748/748 732/732 731/731
f 748/748 749/749 733/733 732/732
f 749/749 750/750 734/734 733/733
f 750/750 751/751 735/735 734/734
f 751/751 752/752 736/736 735/735
f 752/752 737/737 721/721 736/736
f 753/753 754/754 738/738 737/737
f 754/754 755/755 739/739 738/738
f 755/755 756/756 740/740 739/739
f 756/756 757/757 741/741 740/740
f 757/757 758/758 742/742 741/741
f 758/758 759/759 743/743 742/742
f 759/759 760/760 744/744 743/743
f 760/760 761/761 745/745 744/744
f 761/761 762/762 746/746 745/745
f 762/762 763/763 747/747 746/746
f 763/763 764/764 748/748 747/747
f 764/764 765/765 749/749 748/748
f 765/765 766/766 750/750 749/749
f 766/766 767/767 751/751 750/750
f 767/767 768/768 752/752 751/751
f 768/768 753/753 737/737 752/752
f 769/769 770/770 754/754 753/753
f 770/770 771/771 755/755 754/754
f 771/771 772/772 756/756 755/755
f 772/772 773/773 757/757 756/756
f 773/773 774/774 758/758 757/757
f 774/774 775/775 759/759 758/758
f 775/775 776/776 760/760 759/759
f 776/776 777/777 761/761 760/760
f 777/777 778/778 762/762 761/761
f 778/778 779/779 763/763 762/762
f 779/779 780/780 764/764 763/763
f 780/780 781/781 765/765 764/764
f 781/781 782/782 766/766 765/765
f 782/782 783/783 767/767 766/766
f 783/783 784/784 768/768 767/767
f 784/784 769/769 753/753 768/768
f 785/785 786/786 770/770 769/769
f 786/786 787/787 771/771 770/770
f 787/787 788/788 772/772 771/771
f 788/788 789/789 773/773 772/772
f 789/789 790/790 774/774 773/773
f 790/790 791/791 775/775 774/774
f 791/791 792/792 776/776 775/775
f 792/792 793/793 777/777 776/776
f 793/793 794/794 778/778 777/777
f 794/794 795/795 779/779 778/778
f 795/795 796/796 780/780 779/779
f 796/796 797/797 781/781 780/780
f 797/797 798/798 782/782 781/781
f 798/798 799/799 783/783 782/782
f 799/799 800/800 784/784 783/783
f 800/800 785/785 769/769 784/784
f 801/801 802/802 786/786 785/785
f 802/802 803/803 787/787 786/786
f 803/803 804/804 788/788 787/787
f 804/804 805/805 789/789 788/788
f 805/805 806/806 790/790 789/789
f 806/806 807/807 791/791 790/790
f 807/807 808/808 792/792 791/791
f 808/808 809/809 793/793 792/792
f 809/809 810/810 794/794 793/793
f 810/810 811/811 795/795 794/794
f 811/811 812/812 796/796 795/795
f 812/812 813/813 797/797 796/796
f 813/813 814/814 798/798 797/797
f 814/814 815/815 799/799 798/798
f 815/815 816/816 800/800 799/799
f 816/816 801/801 785/785 800/800
f 817/817 818/818 802/802 801/801
f 818/818 819/819 803/803 802/802
f 819/819 820/820 804/804 803/803
f 820/820 821/821 805/805 804/804
f 821/821 822/822 806/806 805/805
f 822/822 823/823 807/807 806/806
f 823/823 824/824 808/808 807/807
f 824/824 825/825 809/809 808/808
f 825/825 826/826 810/810 809/809
f 826/826 827/827 811/811 810/810
f 827/827 828/828 812/812 811/811
f 828/828 829/829 813/813 812/812
f 829/829 830/830 814/814 813/813
f 830/830 831/831 815/815 814/814
f 831/831 832/832 816/816 815/815
f 832/832 817/817 801/801 816/816
f 833/833 834/834 818/818 817/817
f 834/834 835/835 819/819 818/818
f 835/835 836/836 820/820 819/819
f 836/836 837/837 821/821 820/820
f 837/837 838/838 822/822 821/821
f 838/838 839/839 823/823 822/822
f 839/839 840/840 824/824 823/823
f 840/840 841/841 825/825 824/824
f 841/841 842/842 826/826 825/825
f 842/842 843/843 827/827 826/826
f 843/843 844/844 828/828 827/827
f 844/844 845/845 829/829 828/828
f 845/845 846/846 830/830 829/829
f 846/846 847/847 831/831 830/830
f 847/847 848/848 832/832 831/831
f 848/848 833/833 817/817 832/832
f 849/849 850/850 834/834 833/833
f 850/850 851/851 835/835 834/834
f 851/851 852/852 836/836 835/835
f 852/852 853/853 837/837 836/836
f 853/853 854/854 838/838 837/837
f 854/854 855/855 839/839 838/838
f 855/855 856/856 840/840 839/839
f 856/856 857/857 841/841 840/840
f 857/857 858/858 842/842 841/841
f 858/858 859/859 843/843 842/842
f 859/859 860/860 844/844 843/843
f 860/860 861/861 845/845 844/844
f 861/861 862/862 846/846 845/845
f 862/862 863/863 847/847 846/846
f 863/863 864/864 848/848 847/847
f 864/864 849/849 833/833 848/848
f 881/881 882/882 866/866 865/865
f 882/882 883/883 867/867 866/866
f 883/883 884/884 868/868 867/867
f 884/884 885/885 869/869 868/868
f 885/885 886/886 870/870 869/869
f 886/886 887/887 871/871 870/870
f 887/887 888/888 872/872 871/871
f 888/888 889/889 873/873 872/872
f 889/889 890/890 874/874 873/873
f 890/890 891/891 875/875 874/874
f 891/891 892/892 876/876 875/875
f 892/892 893/893 877/877 876/876
f 893/893 894/894 878/878 877/877
f 894/894 895/895 879/879 878/878
f 895/895 896/896 880/880 879/879
f 896/896 881/881 865/865 880/880
f 897/897 898/898 882/882 881/881
f 898/898 899/899 883/883 882/882
f 899/899 900/900 884/884 883/883
f 900/900 901/901 885/885 884/884
f 901/901 902/902 886/886 885/885
f 902/902 903/903 887/887 886/886
f 903/903 904/904 888/888 887/887
f 904/904 905/905 889/889 888/888
f 905/905 906/906 890/890 889/889
f 906/906 907/907 891/891 890/890
f 907/907 908/908 892/892 891/891
f 908/908 909/909 893/893 892/892
f 909/909 910/910 894/894 893/893
f 910/910 911/911 895/895 894/894
f 911/911 912/912 896/896 895/895
f 912/912 897/897 881/881 896/896
f 913/913 914/914 898/898 897/897
f 914/914 915/915 899/899 898/898
f 915/915 916/916 900/900 899/899
f 916/916 917/917 901/901 900/900
f 917/917 918/918 902/902 901/901
f 918/918 919/919 903/903 902/902
f 919/919 920/920 904/904 903/903
f 920/920 921/921 905/905 904/904
f 921/921 922/922 906/906 905/905
f 922/922 923/923 907/907 906/906
f 923/923 924/924 908/908 907/907
f 924/924 925/925 909/909 908/908
f 925/925 926/926 910/910 909/909
f 926/926 927/927 911/911 910/910
f 927/927 928/928 912/912 911/911
f 928/928 913/913 897/897 912/912
f 929/929 930/930 914/914 913/913
f 930/930 931/931 915/915 914/914
f 931/931 932/932 916/916 915/915
f 932/932 933/933 917/917 916/916
f 933/933 934/934 918/918 917/917
f 934/934 935/935 919/919 918/918
f 935/935 936/936 920/920 919/919
f 936/936 937/937 921/921 920/920
f 937/937 938/938 922/922 921/921
f 938/938 939/939 923/923 922/922
f 939/939 940/940 924/924 923/923
f 940/940 941/941 925/925 924/924
f 941/941 942/942 926/926 925/925
f 942/942 943/943 927/927 926/926
f 943/943 944/944 928/928 927/927
f 944/944 929/929 913/913 928/928
f 945/945 946/946 930/930 929/929
f 946/946 947/947 931/931 930/930
f 947/947 948/948 932/932 931/931
f 948/948 949/949 933/933 932/932
f 949/949 950/950 934/934 933/933
f 950/950 951/951 935/935 934/934
f 951/951 952/952 936/936 935/935
f 952/952 953/953 937/937 936/936
f 953/953 954/954 938/938 937/937
f 954/954 955/955 939/939 938/938
f 955/955 956/956 940/940 939/939
f 956/956 957/957 941/941 940/940
f 957/957 958/958 942/942 941/941
f 958/958 959/959 943/943 942/942
f 959/959 960/960 944/944 943/943
f 960/960 945/945 929/929 944/944
f 961/961 962/962 946/946 945/945
f 962/962 963/963 947/947 946/946
f 963/963 964/964 948/948 947/947
f 964/964 965/965 949/949 948/948
f 965/965 966/966 950/950 949/949
f 966/966 967/967 951/951 950/950
f 967/967 968/968 952/952 951/951
f 968/968 969/969 953/953 952/952
f 969/969 970/970 954/954 953/953
f 970/970 971/971 955/955 954/954
f 971/971 972/972 956/956 955/955
f 972/972 973/973 957/957 956/956
f 973/973 974/974 958/958 957/957
f 974/974 975/975 959/959 958/958
f 975/975 976/976 960/960 959/959
f 976/976 961/961 945/945 960/960
f 977/977 978/978 962/962 961/961
f 978/978 979/979 963/963 962/962
f 979/979 980/980 964/964 963/963
f 980/980 981/981 965/965 964/964
f 981/981 982/982 966/966 965/965
f 982/982 983/983 967/967 966/966
f 983/983 984/984 968/968 967/967
f 984/984 985/985 969/969 968/968
f 985/985 986/986 970/970 969/969
f 986/986 987/987 971/971 970/970
f 987/987 988/988 972/972 971/971
f 988/988 989/989 973/973 972/972
f 989/989 990/990 974/974 973/973
f 990/990 991/991 975/975 974/974
f 991/991 992/992 976/976 975/975
f 992/992 977/977 961/961 976/976
f 993/993 994/994 978/978 977/977
f 994/994 995/995 979/979 978/978
f 995/995 996/996 980/980 979/979
f 996/996 997/997 981/981 980/980
f 997/997 998/998 982/982 981/981
f 998/998 999/999 983/983 982/982
f 999/999 1000/1000 984/984 983/983
f 1000/1000 1001/1001 985/985 984/984
f 1001/1001 1002/1002 986/986 985/985
f 1002/1002 1003/1003 987/987 986/986
f 1003/1003 1004/1004 988/988 987/987
f 1004/1004 1005/1005 989/989 988/988
f 1005/1005 1006/1006 990/990 989/989
f 1006/1006 1007/1007 991/991 990/990
f 1007/1007 1008/1008 992/992 991/991
f 1008/1008 993/993 977/977 992/992
f 1025/1025 1026/1026 1010/1010 1009/1009
f 1026/1026 1027/1027 1011/1011 1010/1010
f 1027/1027 1028/1028 1012/1012 1011/1011
f 1028/1028 1029/1029 1013/1013 1012/1012
f 1029/1029 1030/1030 1014/1014 1013/1013
f 1030/1030 1031/1031 1015/1015 1014/1014
f 1031/1031 1032/1032 1016/1016 1015/1015
f 1032/1032 1033/1033 1017/1017 1016/1016
f 1033/1033 1034/1034 1018/1018 1017/1017
f 1034/1034 1035/1035 1019/1019 1018/1018
f 1035/1035 1036/1036 1020/1020 1019/1019
f 1036/1036 1037/1037 1021/1021 1020/1020
f 1037/1037 1038/1038 1022/1022 1021/1021
f 1038/1038 1039/1039 1023/1023 1022/1022
f 1039/1039 1040/1040 1024/1024 1023/1023
f 1040/1040 1025/1025 1009/1009 1024/1024
f 1041/1041 1042/1042 1026/1026 1025/1025
f 1042/1042 1043/1043 1027/1027 1026/1026
f 1043/1043 1044/1044 1028/1028 1027/1027
f 1044/1044 1045/1045 1029/1029 1028/1028
f 1045/1045 1046/1046 1030/1030 1029/1029
f 1046/1046 1047/1047 1031/1031 1030/1030
f 1047/1047 1048/1048 1032/1032 1031/1031
f 1048/1048 1049/1049 1033/1033 1032/1032
f 1049/1049 1050/1050 1034/1034 1033/1033
f 1050/1050 1051/1051 1035/1035 1034/1034
f 1051/1051 1052/1052 1036/1036 1035/1035
f 1052/1052 1053/1053 1037/1037 1036/1036
f 1053/1053 1054/1054 1038/1038 1037/1037
f 1054/1054 1055/1055 1039/1039 1038/1038
f 1055/1055 1056/1056 1040/1040 1039/1039
f 1056/1056 1041/1041 1025/1025 1040/1040
f 1057/1057 1058/1058 1042/1042 1041/1041
f 1058/1058 1059/1059 1043/1043 1042/1042
f 1059/1059 1060/1060 1044/1044 1043/1043
f 1060/1060 1061/1061 1045/1045 1044/1044
f 1061/1061 1062/1062 1046/1046 1045/1045
f 1062/1062 1063/1063 1047/1047 1046/1046
f 1063/1063 1064/1064 1048/1048 1047/1047
f 1064/1064 1065/1065 1049/1049 1048/1048
f 1065/1065 1066/1066 1050/1050 1049/1049
f 1066/1066 1067/1067 1051/1051 1050/1050
f 1067/1067 1068/1068 1052/1052 1051/1051
f 1068/1068 1069/1069 1053/1053 1052/1052
f 1069/1069 1070/1070 1054/1054 1053/1053
f 1070/1070 1071/1071 1055/1055 1054/1054
f 1071/1071 1072/1072 1056/1056 1055/1055
f 1072/1072 1057/1057 1041/1041 1056/1056
f 1073/1073 1074/1074 1058/1058 1057/1057
f 1074/1074 1075/1075 1059/1059 1058/1058
f 1075/1075 1076/1076 1060/1060 1059/1059
f 1076/1076 1077/1077 1061/1061 1060/1060
f 1077/1077 1078/1078 1062/1062 1061/1061
f 1078/1078 1079/1079 1063/1063 1062/1062
f 1079/1079 1080/1080 1064/1064 1063/1063
f 1080/1080 1081/1081 1065/1065 1064/1064
f 1081/1081 1082/1082 1066/1066 1065/1065
f 1082/1082 1083/1083 1067/1067 1066/1066
f 1083/1083 1084/1084 1068/1068 1067/1067
f 1084/1084 1085/1085 1069/1069 1068/1068
f 1085/1085 1086/1086 1070/1070 1069/1069
f 1086/1086 1087/1087 1071/1071 1070/1070
f 1087/1087 1088/1088 1072/1072 1071/1071
f 1088/1088 1073/1073 1057/1057 1072/1072
f 1089/1089 1090/1090 1074/1074 1073/1073
f 1090/1090 1091/1091 1075/1075 1074/1074
f 1091/1091 1092/1092 1076/1076 1075/1075
f 1092/1092 1093/1093 1077/1077 1076/1076
f 1093/1093 1094/1094 1078/1078 1077/1077
f 1094/1094 1095/1095 1079/1079 1078/1078
f 1095/1095 1096/1096 1080/1080 1079/1079
f 1096/1096 1097/1097 1081/1081 1080/1080
f 1097/1097 1098/1098 1082/1082 1081/1081
f 1098/1098 1099/1099 1083/1083 1082/1082
f 1099/1099 1100/1100 1084/1084 1083/1083
f 1100/1100 1101/1101 1085/1085 1084/1084
f 1101/1101 1102/1102 1086/1086 1085/1085
f 1102/1102 1103/1103 1087/1087 1086/1086
f 1103/1103 1104/1104 1088/1088 1087/1087
f 1104/1104 1089/1089 1073/1073 1088/1088
f 1105/1105 1106/1106 1090/1090 1089/1089
f 1106/1106 1107/1107 1091/1091 1090/1090
f 1107/1107 1108/1108 1092/1092 1091/1091
f 1108/1108 1109/1109 1093/1093 1092/1092
f 1109/1109 1110/1110 1094/1094 1093/1093
f 1110/1110 1111/1111 1095/1095 1094/1094
f 1111/1111 1112/1112 1096/1096 1095/1095
f 1112/1112 1113/1113 1097/1097 1096/1096
f 1113/1113 1114/1114 1098/1098 1097/1097
f 1114/1114 1115/1115 1099/1099 1098/1098
f 1115/1115 1116/1116 1100/1100 1099/1099
f 1116/1116 1117/1117 1101/1101 1100/1100
f 1117/1117 1118/1118 1102/1102 1101/1101
f 1118/1118 1119/1119 1103/1103 1102/1102
f 1119/1119 1120/1120 1104/1104 1103/1103
f 1120/1120 1105/1105 1089/1089 1104/1104
f 1121/1121 1122/1122 1106/1106 1105/1105
f 1122/1122 1123/1123 1107/1107 1106/1106
f 1123/1123 1124/1124 1108/1108 1107/1107
f 1124/1124 1125/1125 1109/1109 1108/1108
f 1125/1125 1126/1126 1110/1110 1109/1109
f 1126/1126 1127/1127 1111/1111 1110/1110
f 1127/1127 1128/1128 1112/1112 1111/1111
f 1128/1128 1129/1129 1113/1113 1112/1112
f 1129/1129 1130/1130 1114/1114 1113/1113
f 1130/1130 1131/1131 1115/1115 1114/1114
f 1131/1131 1132/1132 1116/1116 1115/1115
f 1132/1132 1133/1133 1117/1117 1116/1116
f 1133/1133 1134/1134 1118/1118 1117/1117
f 1134/1134 1135/1135 1119/1119 1118/1118
f 1135/1135 1136/1136 1120/1120 1119/1119
f 1136/1136 1121/1121 1105/1105 1120/1120
f 1137/1137 1138/1138 1122/1122 1121/1121
f 1138/1138 1139/1139 1123/1123 1122/1122
f 1139/1139 1140/1140 1124/1124 1123/1123
f 1140/1140 1141/1141 1125/1125 1124/1124
f 1141/1141 1142/1142 1126/1126 1125/1125
f 1142/1142 1143/1143 1127/1127 1126/1126
f 1143/1143 1144/1144 1128/1128 1127/1127
f 1144/1144 1145/1145 1129/1129 1128/1128
f 1145/1145 1146/1146 1130/1130 1129/1129
f 1146/1146 1147/1147 1131/1131 1130/1130
f 1147/1147 1148/1148 1132/1132 1131/1131
f 1148/1148 1149/1149 1133/1133 1132/1132
f 1149/1149 1150/1150 1134/1134 1133/1133
f 1150/1150 1151/1151 1135/1135 1134/1134
f 1151/1151 1152/1152 1136/1136 1135/1135
f 1152/1152 1137/1137 1121/1121 1136/1136
f 1169/1169 1170/1170 1154/1154 1153/1153
f 1170/1170 1171/1171 1155/1155 1154/1154
f 1171/1171 1172/1172 1156/1156 1155/1155
f 1172/1172 1173/1173 1157/1157 1156/1156
f 1173/1173 1174/1174 1158/1158 1157/1157
f 1174/1174 1175/1175 1159/1159 1158/1158
f 1175/1175 1176/1176 1160/1160 1159/1159
f 1176/1176 1177/1177 1161/1161 1160/1160
f 1177/1177 1178/1178 1162/1162 1161/1161
f 1178/1178 1179/1179 1163/1163 1162/1162
f 1179/1179 1180/1180 1164/1164 1163/1163
f 1180/1180 1181/1181 1165/1165 1164/1164
f 1181/1181 1182/1182 1166/1166 1165/1165
f 1182/1182 1183/1183 1167/1167 1166/1166
f 1183/1183 1184/1184 1168/1168 1167/1167
f 1184/1184 1169/1169 1153/1153 1168/1168
f 1185/1185 1186/1186 1170/1170 1169/1169
f 1186/1186 1187/1187 1171/1171 1170/1170
f 1187/1187 1188/1188 1172/1172 1171/1171
f 1188/1188 1189/1189 1173/1173 1172/1172
f 1189/1189 1190/1190 1174/1174 1173/1173
f 1190/1190 1191/1191 1175/1175 1174/1174
f 1191/1191 1192/1192 1176/1176 1175/1175
f 1192/1192 1193/1193 1177/1177 1176/1176
f 1193/1193 1194/1194 1178/1178 1177/1177
f 1194/1194 1195/1195 1179/1179 1178/1178
f 1195/1195 1196/1196 1180/1180 1179/1179
f 1196/1196 1197/1197 1181/1181 1180/1180
f 1197/1197 1198/1198 1182/1182 1181/1181
f 1198/1198 1199/1199 1183/1183 1182/1182
f 1199/1199 1200/1200 1184/1184 1183/1183
f 1200/1200 1185/1185 1169/1169 1184/1184
f 1201/1201 1202/1202 1186/1186 1185/1185
f 1202/1202 1203/1203 1187/1187 1186/1186
f 1203/1203 1204/1204 1188/1188 1187/1187
f 1204/1204 1205/1205 1189/1189 1188/1188
f 1205/1205 1206/1206 1190/1190 1189/1189
f 1206/1206 1207/1207 1191/1191 1190/1190
f 1207/1207 1208/1208 1192/1192 1191/1191
f 1208/1208 1209/1209 1193/1193 1192/1192
f 1209/1209 1210/1210 1194/1194 1193/1193
f 1210/1210 1211/1211 1195/1195 1194/1194
f 1211/1211 1212/1212 1196/1196 1195/1195
f 1212/1212 1213/1213 1197/1197 1196/1196
f 1213/1213 1214/1214 1198/1198 1197/1197
f 1214/1214 1215/1215 1199/1199 1198/1198
f 1215/1215 1216/1216 1200/1200 1199/1199
f 1216/1216 1201/1201 1185/1185 1200/1200
f 1217/1217 1218/1218 1202/1202 1201/1201
f 1218/1218 1219/1219 1203/1203 1202/1202
f 1219/1219 1220/1220 1204/1204 1203/1203
f 1220/1220 1221/1221 1205/1205 1204/1204
f 1221/1221 1222/1222 1206/1206 1205/1205
f 1222/1222 1223/1223 1207/1207 1206/1206
f 1223/1223 1224/1224 1208/1208 1207/1207
f 1224/1224 1225/1225 1209/1209 1208/1208
f 1225/1225 1226/1226 1210/1210 1209/1209
f 1226/1226 1227/1227 1211/1211 1210/1210
f 1227/1227 1228/1228 1212/1212 1211/1211
f 1228/1228 1229/1229 1213/1213 1212/1212
f 1229/1229 1230/1230 1214/1214 1213/1213
f 1230/1230 1231/1231 1215/1215 1214/1214
f 1231/1231 1232/1232 1216/1216 1215/1215
f 1232/1232 1217/1217 1201/1201 1216/1216
f 1233/1233 1234/1234 1218/1218 1217/1217
f 1234/1234 1235/1235 1219/1219 1218/1218
f 1235/1235 1236/1236 1220/1220 1219/1219
f 1236/1236 1237/1237 1221/1221 1220/1220
f 1237/1237 1238/1238 1222/1222 1221/1221
f 1238/1238 1239/1239 1223/1223 1222/1222
f 1239/1239 1240/1240 1224/1224 1223/1223
f 1240/1240 1241/1241 1225/1225 1224/1224
f 1241/1241 1242/1242 1226/1226 1225/1225
f 1242/1242 1243/1243 1227/1227 1226/1226
f 1243/1243 1244/1244 1228/1228 1227/1227
f 1244/1244 1245/1245 1229/1229 1228/1228
f 1245/1245 1246/1246 1230/1230 1229/1229
f 1246/1246 1247/1247 1231/1231 1230/1230
f 1247/1247 1248/1248 1232/1232 1231/1231
f 1248/1248 1233/1233 1217/1217 1232/1232
f 1249/1249 1250/1250 1234/1234 1233/1233
f 1250/1250 1251/1251 1235/1235 1234/1234
f 1251/1251 1252/1252 1236/1236 1235/1235
f 1252/1252 1253/1253 1237/1237 1236/1236
f 1253/1253 1254/1254 1238/1238 1237/1237
f 1254/1254 1255/1255 1239/1239 1238/1238
f 1255/1255 1256/1256 1240/1240 1239/1239
f 1256/1256 1257/1257 1241/1241 1240/1240
f 1257/1257 1258/1258 1242/1242 1241/1241
f 1258/1258 1259/1259 1243/1243 1242/1242
f 1259/1259 1260/1260 1244/1244 1243/1243
f 1260/1260 1261/1261 1245/1245 1244/1244
f 1261/1261 1262/1262 1246/1246 1245/1245
f 1262/1262 1263/1263 1247/1247 1246/1246
f 1263/1263 1264/1264 1248/1248 1247/1247
f 1264/1264 1249/1249 1233/1233 1248/1248
f 1265/1265 1266/1266 1250/1250 1249/1249
f 1266/1266 1267/1267 1251/1251 1250/1250
f 1267/1267 1268/1268 1252/1252 1251/1251
f 1268/1268 1269/1269 1253/1253 1252/1252
f 1269/1269 1270/1270 1254/1254 1253/1253
f 1270/1270 1271/1271 1255/1255 1254/1254
f 1271/1271 1272/1272 1256/1256 1255/1255
f 1272/1272 1273/1273 1257/1257 1256/1256
f 1273/1273 1274/1274 1258/1258 1257/1257
f 1274/1274 1275/1275 1259/1259 1258/1258
f 1275/1275 1276/1276 1260/1260 1259/1259
f 1276/1276 1277/1277 1261/1261 1260/1260
f 1277/1277 1278/1278 1262/1262 1261/1261
f 1278/1278 1279/1279 1263/1263 1262/1262
f 1279/1279 1280/1280 1264/1264 1263/1263
f 1280/1280 1265/1265 1249/1249 1264/1264
f 1281/1281 1282/1282 1266/1266 1265/1265
f 1282/1282 1283/1283 1267/1267 1266/1266
f 1283/1283 1284/1284 1268/1268 1267/1267
f 1284/1284 1285/1285 1269/1269 1268/1268
f 1285/1285 1286/1286 1270/1270 1269/1269
f 1286/1286 1287/1287 1271/1271 1270/1270
f 1287/1287 1288/1288 1272/1272 1271/1271
f 1288/1288 1289/1289 1273/1273 1272/1272
f 1289/1289 1290/1290 1274/1274 1273/1273
f 1290/1290 1291/1291 1275/1275 1274/1274
f 1291/1291 1292/1292 1276/1276 1275/1275
f 1292/1292 1293/1293 1277/1277 1276/1276
f 1293/1293 1294/1294 1278/1278 1277/1277
f 1294/1294 1295/1295 1279/1279 1278/1278
f 1295/1295 1296/1296 1280/1280 1279/1279
f 1296/1296 1281/1281 1265/1265 1280/1280
f 1313/1313 1314/1314 1298/1298 1297/1297
f 1314/1314 1315/1315 1299/1299 1298/1298
f 1315/1315 1316/1316 1300/1300 1299/1299
f 1316/1316 1317/1317 1301/1301 1300/1300
f 1317/1317 1318/1318 1302/1302 1301/1301
f 1318/1318 1319/1319 1303/1303 1302/1302
f 1319/1319 1320/1320 1304/1304 1303/1303
f 1320/1320 1321/1321 1305/1305 1304/1304
f 1321/1321 1322/1322 1306/1306 1305/1305
f 1322/1322 1323/1323 1307/1307 1306/1306
f 1323/1323 1324/1324 1308/1308 1307/1307
f 1324/1324 1325/1325 1309/1309 1308/1308
f 1325/1325 1326/1326 1310/1310 1309/1309
f 1326/1326 1327/1327 1311/1311 1310/1310
f 1327/1327 1328/1328 1312/1312 1311/1311
f 1328/1328 1313/1313 1297/1297 1312/1312
f 1329/1329 1330/1330 1314/1314 1313/1313
f 1330/1330 1331/1331 1315/1315 1314/1314
f 1331/1331 1332/1332 1316/1316 1315/1315
f 1332/1332 1333/1333 1317/1317 1316/1316
f 1333/1333 1334/1334 1318/1318 1317/1317
f 1334/1334 1335/1335 1319/1319 1318/1318
f 1335/1335 1336/1336 1320/1320 1319/1319
f 1336/1336 1337/1337 1321/1321 1320/1320
f 1337/1337 1338/1338 1322/1322 1321/1321
f 1338/1338 1339/1339 1323/1323 1322/1322
f 1339/1339 1340/1340 1324/1324 1323/1323
f 1340/1340 1341/1341 1325/1325 1324/1324
f 1341/1341 1342/1342 1326/1326 1325/1325
f 1342/1342 1343/1343 1327/1327 1326/1326
f 1343/1343 1344/1344 1328/1328 1327/1327
f 1344/1344 1329/1329 1313/1313 1328/1328
f 1345/1345 1346/1346 1330/1330 1329/1329
f 1346/1346 1347/1347 1331/1331 1330/1330
f 1347/1347 1348/1348 1332/1332 1331/1331
f 1348/1348 1349/1349 1333/1333 1332/1332
f 1349/1349 1350/1350 1334/1334 1333/1333
f 1350/1350 1351/1351 1335/1335 1334/1334
f 1351/1351 1352/1352 1336/1336 1335/1335
f 1352/1352 1353/1353 1337/1337 1336/1336
f 1353/1353 1354/1354 1338/1338 1337/1337
f 1354/1354 1355/1355 1339/1339 1338/1338
f 1355/1355 1356/1356 1340/1340 1339/1339
f 1356/1356 1357/1357 1341/1341 1340/1340
f 1357/1357 1358/1358 1342/1342 1341/1341
f 1358/1358 1359/1359 1343/1343 1342/1342
f 1359/1359 1360/1360 1344/1344 1343/1343
f 1360/1360 1345/1345 1329/1329 1344/1344
f 1361/1361 1362/1362 1346/1346 1345/1345
f 1362/1362 1363/1363 1347/1347 1346/1346
f 1363/1363 1364/1364 1348/1348 1347/1347
f 1364/1364 1365/1365 1349/1349 1348/1348
f 1365/1365 1366/1366 1350/1350 1349/1349
f 1366/1366 1367/1367 1351/1351 1350/1350
f 1367/1367 1368/1368 1352/1352 1351/1351
f 1368/1368 1369/1369 1353/1353 1352/1352
f 1369/1369 1370/1370 1354/1354 1353/1353
f 1370/1370 1371/1371 1355/1355 1354/1354
f 1371/1371 1372/1372 1356/1356 1355/1355
f 1372/1372 1373/1373 1357/1357 1356/1356
f 1373/1373 1374/1374 1358/1358 1357/1357
f 1374/1374 1375/1375 1359/1359 1358/1358
f 1375/1375 1376/1376 1360/1360 1359/1359
f 1376/1376 1361/1361 1345/1345 1360/1360
f 1377/1377 1378/1378 1362/1362 1361/1361
f 1378/1378 1379/1379 1363/1363 1362/1362
f 1379/1379 1380/1380 1364/1364 1363/1363
f 1380/1380 1381/1381 1365/1365 1364/1364
f 1381/1381 1382/1382 1366/1366 1365/1365
f 1382/1382 1383/1383 1367/1367 1366/1366
f 1383/1383 1384/1384 1368/1368 1367/1367
f 1384/1384 1385/1385 1369/1369 1368/1368
f 1385/1385 1386/1386 1370/1370 1369/1369
f 1386/1386 1387/1387 1371/1371 1370/1370
f 1387/1387 1388/1388 1372/1372 1371/1371
f 1388/1388 1389/1389 1373/1373 1372/1372
f 1389/1389 1390/1390 1374/1374 1373/1373
f 1390/1390 1391/1391 1375/1375 1374/1374
f 1391/1391 1392/1392 1376/1376 1375/1375
f 1392/1392 1377/1377 1361/1361 1376/1376
f 1393/1393 1394/1394 1378/1378 1377/1377
f 1394/1394 1395/1395 1379/1379 1378/1378
f 1395/1395 1396/1396 1380/1380 1379/1379
f 1396/1396 1397/1397 1381/1381 1380/1380
f 1397/1397 1398/1398 1382/1382 1381/1381
f 1398/1398 1399/1399 1383/1383 1382/1382
f 1399/1399 1400/1400 1384/1384 1383/1383
f 1400/1400 1401/1401 1385/1385 1384/1384
f 1401/1401 1402/1402 1386/1386 1385/1385
f 1402/1402 1403/1403 1387/1387 1386/1386
f 1403/1403 1404/1404 1388/1388 1387/1387
f 1404/1404 1405/1405 1389/1389 1388/1388
f 1405/1405 1406/1406 1390/1390 1389/1389
f 1406/1406 1407/1407 1391/1391 1390/1390
f 1407/1407 1408/1408 1392/1392 1391/1391
f 1408/1408 1393/1393 1377/1377 1392/1392
f 1409/1409 1410/1410 1394/1394 1393/1393
f 1410/1410 1411/1411 1395/1395 1394/1394
f 1411/1411 1412/1412 1396/1396 1395/1395
f 1412/1412 1413/1413 1397/1397 1396/1396
f 1413/1413 1414/1414 1398/1398 1397/1397
f 1414/1414 1415/1415 1399/1399 1398/1398
f 1415/1415 1416/1416 1400/1400 1399/1399
f 1416/1416 1417/1417 1401/1401 1400/1400
f 1417/1417 1418/1418 1402/1402 1401/1401
f 1418/1418 1419/1419 1403/1403 1402/1402
f 1419/1419 1420/1420 1404/1404 1403/1403
f 1420/1420 1421/1421 1405/1405 1404/1404
f 1421/1421 1422/1422 1406/1406 1405/1405
f 1422/1422 1423/1423 1407/1407 1406/1406
f 1423/1423 1424/1424 1408/1408 1407/1407
f 1424/1424 1409/1409 1393/1393 1408/1408
f 1425/1425 1426/1426 1410/1410 1409/1409
f 1426/1426 1427/1427 1411/1411 1410/1410
f 1427/1427 1428/1428 1412/1412 1411/1411
f 1428/1428 1429/1429 1413/1413 1412/1412
f 1429/1429 1430/1430 1414/1414 1413/1413
f 1430/1430 1431/1431 1415/1415 1414/1414
f 1431/1431 1432/1432 1416/1416 1415/1415
f 1432/1432 1433/1433 1417/1417 1416/1416
f 1433/1433 1434/1434 1418/1418 1417/1417
f 1434/1434 1435/1435 1419/1419 1418/1418
f 1435/1435 1436/1436 1420/1420 1419/1419
f 1436/1436 1437/1437 1421/1421 1420/1420
f 1437/1437 1438/1438 1422/1422 1421/1421
f 1438/1438 1439/1439 1423/1423 1422/1422
f 1439/1439 1440/1440 1424/1424 1423/1423
f 1440/1440 1425/1425 1409/1409 1424/1424
f 1457/1457 1458/1458 1442/1442 1441/1441
f 1458/1458 1459/1459 1443/1443 1442/1442
f 1459/1459 1460/1460 1444/1444 1443/1443
f 1460/1460 1461/1461 1445/1445 1444/1444
f 1461/1461 1462/1462 1446/1446 1445/1445
f 1462/1462 1463/1463 1447/1447 1446/1446
f 1463/1463 1464/1464 1448/1448 1447/1447
f 1464/1464 1465/1465 1449/1449 1448/1448
f 1465/1465 1466/1466 1450/1450 1449/1449
f 1466/1466 1467/1467 1451/1451 1450/1450
f 1467/1467 1468/1468 1452/1452 1451/1451
f 1468/1468 1469/1469 1453/1453 1452/1452
f 1469/1469 1470/1470 1454/1454 1453/1453
f 1470/1470 1471/1471 1455/1455 1454/1454
f 1471/1471 1472/1472 1456/1456 1455/1455
f 1472/1472 1457/1457 1441/1441 1456/1456
f 1473/1473 1474/1474 1458/1458 1457/1457
f 1474/1474 1475/1475 1459/1459 1458/1458
f 1475/1475 1476/1476 1460/1460 1459/1459
f 1476/1476 1477/1477 1461/1461 1460/1460
f 1477/1477 1478/1478 1462/1462 1461/1461
f 1478/1478 1479/1479 1463/1463 1462/1462
f 1479/1479 1480/1480 1464/1464 1463/1463
f 1480/1480 1481/1481 1465/1465 1464/1464
f 1481/1481 1482/1482 1466/1466 1465/1465
f 1482/1482 1483/1483 1467/1467 1466/1466
f 1483/1483 1484/1484 1468/1468 1467/1467
f 1484/1484 1485/1485 1469/1469 1468/1468
f 1485/1485 1486/1486 1470/1470 1469/1469
f 1486/1486 1487/1487 1471/1471 1470/1470
f 1487/1487 1488/1488 1472/1472 1471/1471
f 1488/1488 1473/1473 1457/1457 1472/1472
f 1489/1489 1490/1490 1474/1474 1473/1473
f 1490/1490 1491/1491 1475/1475 1474/1474
f 1491/1491 1492/1492 1476/1476 1475/1475
f 1492/1492 1493/1493 1477/1477 1476/1476
f 1493/1493 1494/1494 1478/1478 1477/1477
f 1494/1494 1495/1495 1479/1479 1478/1478
f 1495/1495 1496/1496 1480/1480 1479/1479
f 1496/1496 1497/1497 1481/1481 1480/1480
f 1497/1497 1498/1498 1482/1482 1481/1481
f 1498/1498 1499/1499 1483/1483 1482/1482
f 1499/1499 1500/1500 1484/1484 1483/1483
f 1500/1500 1501/1501 1485/1485 1484/1484
f 1501/1501 1502/1502 1486/1486 1485/1485
f 1502/1502 1503/1503 1487/1487 1486/1486
f 1503/1503 1504/1504 1488/1488 1487/1487
f 1504/1504 1489/1489 1473/1473 1488/1488
f 1505/1505 1506/1506 1490/1490 1489/1489
f 1506/1506 1507/1507 1491/1491 1490/1490
f 1507/1507 1508/1508 1492/1492 1491/1491
f 1508/1508 1509/1509 1493/1493 1492/1492
f 1509/1509 1510/1510 1494/1494 1493/1493
f 1510/1510 1511/1511 1495/1495 1494/1494
f 1511/1511 1512/1512 1496/1496 1495/1495
f 1512/1512 1513/1513 1497/1497 1496/1496
f 1513/1513 1514/1514 1498/1498 1497/1497
f 1514/1514 1515/1515 1499/1499 1498/1498
f 1515/1515 1516/1516 1500/1500 1499/1499
f 1516/1516 1517/1517 1501/1501 1500/1500
f 1517/1517 1518/1518 1502/1502 1501/1501
f 1518/1518 1519/1519 1503/1503 1502/1502
f 1519/1519 1520/1520 1504/1504 1503/1503
f 1520/1520 1505/1505 1489/1489 1504/1504
f 1521/1521 1522/1522 1506/1506 1505/1505
f 1522/1522 1523/1523 1507/1507 1506/1506
f 1523/1523 1524/1524 1508/1508 1507/1507
f 1524/1524 1525/1525 1509/1509 1508/1508
f 1525/1525 1526/1526 1510/1510 1509/1509
f 1526/1526 1527/1527 1511/1511 1510/1510
f 1527/1527 1528/1528 1512/1512 1511/1511
f 1528/1528 1529/1529 1513/1513 1512/1512
f 1529/1529 1530/1530 1514/1514 1513/1513
f 1530/1530 1531/1531 1515/1515 1514/1514
f 1531/1531 1532/1532 1516/1516 1515/1515
f 1532/1532 1533/1533 1517/1517 1516/1516
f 1533/1533 1534/1534 1518/1518 1517/1517
f 1534/1534 1535/1535 1519/1519 1518/1518
f 1535/1535 1536/1536 1520/1520 1519/1519
f 1536/1536 1521/1521 1505/1505 1520/1520
f 1537/1537 1538/1538 1522/1522 1521/1521
f 1538/1538 1539/1539 1523/1523 1522/1522
f 1539/1539 1540/1540 1524/1524 1523/1523
f 1540/1540 1541/1541 1525/1525 1524/1524
f 1541/1541 1542/1542 1526/1526 1525/1525
f 1542/1542 1543/1543 1527/1527 1526/1526
f 1543/1543 1544/1544 1528/1528 1527/1527
f 1544/1544 1545/1545 1529/1529 1528/1528
f 1545/1545 1546/1546 1530/1530 1529/1529
f 1546/1546 1547/1547 1531/1531 1530/1530
f 1547/1547 1548/1548 1532/1532 1531/1531
f 1548/1548 1549/1549 1533/1533 1532/1532
f 1549/1549 1550/1550 1534/1534 1533/1533
f 1550/1550 1551/1551 1535/1535 1534/1534
f 1551/1551 1552/1552 1536/1536 1535/1535
f 1552/1552 1537/1537 1521/1521 1536/1536
f 1553/1553 1554/1554 1538/1538 1537/1537
f 1554/1554 1555/1555 1539/1539 1538/1538
f 1555/1555 1556/1556 1540/1540 1539/1539
f 1556/1556 1557/1557 1541/1541 1540/1540
f 1557/1557 1558/1558 1542/1542 1541/1541
f 1558/1558 1559/1559 1543/1543 1542/1542
f 1559/1559 1560/1560 1544/1544 1543/1543
f 1560/1560 1561/1561 1545/1545 1544/1544
f 1561/1561 1562/1562 1546/1546 1545/1545
f 1562/1562 1563/1563 1547/1547 1546/1546
f 1563/1563 1564/1564 1548/1548 1547/1547
f 1564/1564 1565/1565 1549/1549 1548/1548
f 1565/1565 1566/1566 1550/1550 1549/1549
f 1566/1566 1567/1567 1551/1551 1550/1550
f 1567/1567 1568/1568 1552/1552 1551/1551
f 1568/1568 1553/1553 1537/1537 1552/1552
f 1569/1569 1570/1570 1554/1554 1553/1553
f 1570/1570 1571/1571 1555/1555 1554/1554
f 1571/1571 1572/1572 1556/1556 1555/1555
f 1572/1572 1573/1573 1557/1557 1556/1556
f 1573/1573 1574/1574 1558/1558 1557/1557
f 1574/1574 1575/1575 1559/1559 1558/1558
f 1575/1575 1576/1576 1560/1560 1559/1559
f 1576/1576 1577/1577 1561/1561 1560/1560
f 1577/1577 1578/1578 1562/1562 1561/1561
f 1578/1578 1579/1579 1563/1563 1562/1562
f 1579/1579 1580/1580 1564/1564 1563/1563
f 1580/1580 1581/1581 1565/1565 1564/1564
f 1581/1581 1582/1582 1566/1566 1565/1565
f 1582/1582 1583/1583 1567/1567 1566/1566
f 1583/1583 1584/1584 1568/1568 1567/1567
f 1584/1584 1569/1569 1553/1553 1568/1568
f 1601/1601 1602/1602 1586/1586 1585/1585
f 1602/1602 1603/1603 1587/1587 1586/1586
f 1603/1603 1604/1604 1588/1588 1587/1587
f 1604/1604 1605/1605 1589/1589 1588/1588
f 1605/1605 1606/1606 1590/1590 1589/1589
f 1606/1606 1607/1607 1591/1591 1590/1590
f 1607/1607 1608/1608 1592/1592 1591/1591
f 1608/1608 1609/1609 1593/1593 1592/1592
f 1609/1609 1610/1610 1594/1594 1593/1593
f 1610/1610 1611/1611 1595/1595 1594/1594
f 1611/1611 1612/1612 1596/1596 1595/1595
f 1612/1612 1613/1613 1597/1597 1596/1596
f 1613/1613 1614/1614 1598/1598 1597/1597
f 1614/1614 1615/1615 1599/1599 1598/1598
f 1615/1615 1616/1616 1600/1600 1599/1599
f 1616/1616 1601/1601 1585/1585 1600/1600
f 1617/1617 1618/1618 1602/1602 1601/1601
f 1618/1618 1619/1619 1603/1603 1602/1602
f 1619/1619 1620/1620 1604/1604 1603/1603
f 1620/1620 1621/1621 1605/1605 1604/1604
f 1621/1621 1622/1622 1606/1606 1605/1605
f 1622/1622 1623/1623 1607/1607 1606/1606
f 1623/1623 1624/1624 1608/1608 1607/1607
f 1624/1624 1625/1625 1609/1609 1608/1608
f 1625/1625 1626/1626 1610/1610 1609/1609
f 1626/1626 1627/1627 1611/1611 1610/1610
f 1627/1627 1628/1628 1612/1612 1611/1611
f 1628/1628 1629/1629 1613/1613 1612/1612
f 1629/1629 1630/1630 1614/1614 1613/1613
f 1630/1630 1631/1631 1615/1615 1614/1614
f 1631/1631 1632/1632 1616/1616 1615/1615
f 1632/1632 1617/1617 1601/1601 1616/1616
f 1633/1633 1634/1634 1618/1618 1617/1617
f 1634/1634 1635/1635 1619/1619 1618/1618
f 1635/1635 1636/1636 1620/1620 1619/1619
f 1636/1636 1637/1637 1621/1621 1620/1620
f 1637/1637 1638/1638 1622/1622 1621/1621
f 1638/1638 1639/1639 1623/1623 1622/1622
f 1639/1639 1640/1640 1624/1624 1623/1623
f 1640/1640 1641/1641 1625/1625 1624/1624
f 1641/1641 1642/1642 1626/1626 1625/1625
f 1642/1642 1643/1643 1627/1627 1626/1626
f 1643/1643 1644/1644 1628/1628 1627/1627
f 1644/1644 1645/1645 1629/1629 1628/1628
f 1645/1645 1646/1646 1630/1630 1629/1629
f 1646/1646 1647/1647 1631/1631 1630/1630
f 1647/1647 1648/1648 1632/1632 1631/1631
f 1648/1648 1633/1633 1617/1617 1632/1632
f 1649/1649 1650/1650 1634/1634 1633/1633
f 1650/1650 1651/1651 1635/1635 1634/1634
f 1651/1651 1652/1652 1636/1636 1635/1635
f 1652/1652 1653/1653 1637/1637 1636/1636
f 1653/1653 1654/1654 1638/1638 1637/1637
f 1654/1654 1655/1655 1639/1639 1638/1638
f 1655/1655 1656/1656 1640/1640 1639/1639
f 1656/1656 1657/1657 1641/1641 1640/1640
f 1657/1657 1658/1658 1642/1642 1641/1641
f 1658/1658 1659/1659 1643/1643 1642/1642
f 1659/1659 1660/1660 1644/1644 1643/1643
f 1660/1660 1661/1661 1645/1645 1644/1644
f 1661/1661 1662/1662 1646/1646 1645/1645
f 1662/1662 1663/1663 1647/1647 1646/1646
f 1663/1663 1664/1664 1648/1648 1647/1647
f 1664/1664 1649/1649 1633/1633 1648/1648
f 1665/1665 1666/1666 1650/1650 1649/1649
f 1666/1666 1667/1667 1651/1651 1650/1650
f 1667/1667 1668/1668 1652/1652 1651/1651
f 1668/1668 1669/1669 1653/1653 1652/1652
f 1669/1669 1670/1670 1654/1654 1653/1653
f 1670/1670 1671/1671 1655/1655 1654/1654
f 1671/1671 1672/1672 1656/1656 1655/1655
f 1672/1672 1673/1673 1657/1657 1656/1656
f 1673/1673 1674/1674 1658/1658 1657/1657
f 1674/1674 1675/1675 1659/1659 1658/1658
f 1675/1675 1676/1676 1660/1660 1659/1659
f 1676/1676 1677/1677 1661/1661 1660/1660
f 1677/1677 1678/1678 1662/1662 1661/1661
f 1678/1678 1679/1679 1663/1663 1662/1662
f 1679/1679 1680/1680 1664/1664 1663/1663
f 1680/1680 1665/1665 1649/1649 1664/1664
f 1681/1681 1682/1682 1666/1666 1665/1665
f 1682/1682 1683/1683 1667/1667 1666/1666
f 1683/1683 1684/1684 1668/1668 1667/1667
f 1684/1684 1685/1685 1669/1669 1668/1668
f 1685/1685 1686/1686 1670/1670 1669/1669
f 1686/1686 1687/1687 1671/1671 1670/1670
f 1687/1687 1688/1688 1672/1672 1671/1671
f 1688/1688 1689/1689 1673/1673 1672/1672
f 1689/1689 1690/1690 1674/1674 1673/1673
f 1690/1690 1691/1691 1675/1675 1674/1674
f 1691/1691 1692/1692 1676/1676 1675/1675
f 1692/1692 1693/1693 1677/1677 1676/1676
f 1693/1693 1694/1694 1678/1678 1677/1677
f 1694/1694 1695/1695 1679/1679 1678/1678
f 1695/1695 1696/1696 1680/1680 1679/1679
f 1696/1696 1681/1681 1665/1665 1680/1680
f 1697/1697 1698/1698 1682/1682 1681/1681
f 1698/1698 1699/1699 1683/1683 1682/1682
f 1699/1699 1700/1700 1684/1684 1683/1683
f 1700/1700 1701/1701 1685/1685 1684/1684
f 1701/1701 1702/1702 1686/1686 1685/1685
f 1702/1702 1703/1703 1687/1687 1686/1686
f 1703/1703 1704/1704 1688/1688 1687/1687
f 1704/1704 1705/1705 1689/1689 1688/1688
f 1705/1705 1706/1706 1690/1690 1689/1689
f 1706/1706 1707/1707 1691/1691 1690/1690
f 1707/1707 1708/1708 1692/1692 1691/1691
f 1708/1708 1709/1709 1693/1693 1692/1692
f 1709/1709 1710/1710 1694/1694 1693/1693
f 1710/1710 1711/1711 1695/1695 1694/1694
f 1711/1711 1712/1712 1696/1696 1695/1695
f 1712/1712 1697/1697 1681/1681 1696/1696
f 1713/1713 1714/1714 1698/1698 1697/1697
f 1714/1714 1715/1715 1699/1699 1698/1698
f 1715/1715 1716/1716 1700/1700 1699/1699
f 1716/1716 1717/1717 1701/1701 1700/1700
f 1717/1717 1718/1718 1702/1702 1701/1701
f 1718/1718 1719/1719 1703/1703 1702/1702
f 1719/1719 1720/1720 1704/1704 1703/1703
f 1720/1720 1721/1721 1705/1705 1704/1704
f 1721/1721 1722/1722 1706/1706 1705/1705
f 1722/1722 1723/1723 1707/1707 1706/1706
f 1723/1723 1724/1724 1708/1708 1707/1707
f 1724/1724 1725/1725 1709/1709 1708/1708
f 1725/1725 1726/1726 1710/1710 1709/1709
f 1726/1726 1727/1727 1711/1711 1710/1710
f 1727/1727 1728/1728 1712/1712 1711/1711
f 1728/1728 1713/1713 1697/1697 1712/1712
f 1745/1745 1746/1746 1730/1730 1729/1729
f 1746/1746 1747/1747 1731/1731 1730/1730
f 1747/1747 1748/1748 1732/1732 1731/1731
f 1748/1748 1749/1749 1733/1733 1732/1732
f 1749/1749 1750/1750 1734/1734 1733/1733
f 1750/1750 1751/1751 1735/1735 1734/1734
f 1751/1751 1752/1752 1736/1736 1735/1735
f 1752/1752 1753/1753 1737/1737 1736/1736
f 1753/1753 1754/1754 1738/1738 1737/1737
f 1754/1754 1755/1755 1739/1739 1738/1738
f 1755/1755 1756/1756 1740/1740 1739/1739
f 1756/1756 1757/1757 1741/1741 1740/1740
f 1757/1757 1758/1758 1742/1742 1741/1741
f 1758/1758 1759/1759 1743/1743 1742/1742
f 1759/1759 1760/1760 1744/1744 1743/1743
f 1760/1760 1745/1745 1729/1729 1744/1744
f 1761/1761 1762/1762 1746/1746 1745/1745
f 1762/1762 1763/1763 1747/1747 1746/1746
f 1763/1763 1764/1764 1748/1748 1747/1747
f 1764/1764 1765/1765 1749/1749 1748/1748
f 1765/1765 1766/1766 1750/1750 1749/1749
f 1766/1766 1767/1767 1751/1751 1750/1750
f 1767/1767 1768/1768 1752/1752 1751/1751
f 1768/1768 1769/1769 1753/1753 1752/1752
f 1769/1769 1770/1770 1754/1754 1753/1753
f 1770/1770 1771/1771 1755/1755 1754/1754
f 1771/1771 1772/1772 1756/1756 1755/1755
f 1772/1772 1773/1773 1757/1757 1756/1756
f 1773/1773 1774/1774 1758/1758 1757/1757
f 1774/1774 1775/1775 1759/1759 1758/1758
f 1775/1775 1776/1776 1760/1760 1759/1759
f 1776/1776 1761/1761 1745/1745 1760/1760
f 1777/1777 1778/1778 1762/1762 1761/1761
f 1778/1778 1779/1779 1763/1763 1762/1762
f 1779/1779 1780/1780 1764/1764 1763/1763
f 1780/1780 1781/1781 1765/1765 1764/1764
f 1781/1781 1782/1782 1766/1766 1765/1765
f 1782/1782 1783/1783 1767/1767 1766/1766
f 1783/1783 1784/1784 1768/1768 1767/1767
f 1784/1784 1785/1785 1769/1769 1768/1768
f 1785/1785 1786/1786 1770/1770 1769/1769
f 1786/1786 1787/1787 1771/1771 1770/1770
f 1787/1787 1788/1788 1772/1772 1771/1771
f 1788/1788 1789/1789 1773/1773 1772/1772
f 1789/1789 1790/1790 1774/1774 1773/1773
f 1790/1790 1791/1791 1775/1775 1774/1774
f 1791/1791 1792/1792 1776/1776 1775/1775
f 1792/1792 1777/1777 1761/1761 1776/1776
f 1793/1793 1794/1794 1778/1778 1777/1777
f 1794/1794 1795/1795 1779/1779 1778/1778
f 1795/1795 1796/1796 1780/1780 1779/1779
f 1796/1796 1797/1797 1781/1781 1780/1780
f 1797/1797 1798/1798 1782/1782 1781/1781
f 1798/1798 1799/1799 1783/1783 1782/1782
f 1799/1799 1800/1800 1784/1784 1783/1783
f 1800/1800 1801/1801 1785/1785 1784/1784
f 1801/1801 1802/1802 1786/1786 1785/1785
f 1802/1802 1803/1803 1787/1787 1786/1786
f 1803/1803 1804/1804 1788/1788 1787/1787
f 1804/1804 1805/1805 1789/1789 1788/1788
f 1805/1805 1806/1806 1790/1790 1789/1789
f 1806/1806 1807/1807 1791/1791 1790/1790
f 1807/1807 1808/1808 1792/1792 1791/1791
f 1808/1808 1793/1793 1777/1777 1792/1792
f 1809/1809 1810/1810 1794/1794 1793/1793
f 1810/1810 1811/1811 1795/1795 1794/1794
f 1811/1811 1812/1812 1796/1796 1795/1795
f 1812/1812 1813/1813 1797/1797 1796/1796
f 1813/1813 1814/1814 1798/1798 1797/1797
f 1814/1814 1815/1815 1799/1799 1798/1798
f 1815/1815 1816/1816 1800/1800 1799/1799
f 1816/1816 1817/1817 1801/1801 1800/1800
f 1817/1817 1818/1818 1802/1802 1801/1801
f 1818/1818 1819/1819 1803/1803 1802/1802
f 1819/1819 1820/1820 1804/1804 1803/1803
f 1820/1820 1821/1821 1805/1805 1804/1804
f 1821/1821 1822/1822 1806/1806 1805/1805
f 1822/1822 1823/1823 1807/1807 1806/1806
f 1823/1823 1824/1824 1808/1808 1807/1807
f 1824/1824 1809/1809 1793/1793 1808/1808
f 1825/1825 1826/1826 1810/1810 1809/1809
f 1826/1826 1827/1827 1811/1811 1810/1810
f 1827/1827 1828/1828 1812/1812 1811/1811
f 1828/1828 1829/1829 1813/1813 1812/1812
f 1829/1829 1830/1830 1814/1814 1813/1813
f 1830/1830 1831/1831 1815/1815 1814/1814
f 1831/1831 1832/1832 1816/1816 1815/1815
f 1832/1832 1833/1833 1817/1817 1816/1816
f 1833/1833 1834/1834 1818/1818 1817/1817
f 1834/1834 1835/1835 1819/1819 1818/1818
f 1835/1835 1836/1836 1820/1820 1819/1819
f 1836/1836 1837/1837 1821/1821 1820/1820
f 1837/1837 1838/1838 1822/1822 1821/1821
f 1838/1838 1839/1839 1823/1823 1822/1822
f 1839/1839 1840/1840 1824/1824 1823/1823
f 1840/1840 1825/1825 1809/1809 1824/1824
f 1841/1841 1842/1842 1826/1826 1825/1825
f 1842/1842 1843/1843 1827/1827 1826/1826
f 1843/1843 1844/1844 1828/1828 1827/1827
f 1844/1844 1845/1845 1829/1829 1828/1828
f 1845/1845 1846/1846 1830/1830 1829/1829
f 1846/1846 1847/1847 1831/1831 1830/1830
f 1847/1847 1848/1848 1832/1832 1831/1831
f 1848/1848 1849/1849 1833/1833 1832/1832
f 1849/1849 1850/1850 1834/1834 1833/1833
f 1850/1850 1851/1851 1835/1835 1834/1834
f 1851/1851 1852/1852 1836/1836 1835/1835
f 1852/1852 1853/1853 1837/1837 1836/1836
f 1853/1853 1854/1854 1838/1838 1837/1837
f 1854/1854 1855/1855 1839/1839 1838/1838
f 1855/1855 1856/1856 1840/1840 1839/1839
f 1856/1856 1841/1841 1825/1825 1840/1840
f 1857/1857 1858/1858 1842/1842 1841/1841
f 1858/1858 1859/1859 1843/1843 1842/1842
f 1859/1859 1860/1860 1844/1844 1843/1843
f 1860/1860 1861/1861 1845/1845 1844/1844
f 1861/1861 1862/1862 1846/1846 1845/1845
f 1862/1862 1863/1863 1847/1847 1846/1846
f 1863/1863 1864/1864 1848/1848 1847/1847
f 1864/1864 1865/1865 1849/1849 1848/1848
f 1865/1865 1866/1866 1850/1850 1849/1849
f 1866/1866 1867/1867 1851/1851 1850/1850
f 1867/1867 1868/1868 1852/1852 1851/1851
f 1868/1868 1869/1869 1853/1853 1852/1852
f 1869/1869 1870/1870 1854/1854 1853/1853
f 1870/1870 1871/1871 1855/1855 1854/1854
f 1871/1871 1872/1872 1856/1856 1855/1855
f 1872/1872 1857/1857 1841/1841 1856/1856
f 1889/1889 1890/1890 1874/1874 1873/1873
f 1890/1890 1891/1891 1875/1875 1874/1874
f 1891/1891 1892/1892 1876/1876 1875/1875
f 1892/1892 1893/1893 1877/1877 1876/1876
f 1893/1893 1894/1894 1878/1878 1877/1877
f 1894/1894 1895/1895 1879/1879 1878/1878
f 1895/1895 1896/1896 1880/1880 1879/1879
f 1896/1896 1897/1897 1881/1881 1880/1880
f 1897/1897 1898/1898 1882/1882 1881/1881
f 1898/1898 1899/1899 1883/1883 1882/1882
f 1899/1899 1900/1900 1884/1884 1883/1883
f 1900/1900 1901/1901 1885/1885 1884/1884
f 1901/1901 1902/1902 1886/1886 1885/1885
f 1902/1902 1903/1903 1887/1887 1886/1886
f 1903/1903 1904/1904 1888/1888 1887/1887
f 1904/1904 1889/1889 1873/1873 1888/1888
f 1905/1905 1906/1906 1890/1890 1889/1889
f 1906/1906 1907/1907 1891/1891 1890/1890
f 1907/1907 1908/1908 1892/1892 1891/1891
f 1908/1908 1909/1909 1893/1893 1892/1892
f 1909/1909 1910/1910 1894/1894 1893/1893
f 1910/1910 1911/1911 1895/1895 1894/1894
f 1911/1911 1912/1912 1896/1896 1895/1895
f 1912/1912 1913/1913 1897/1897 1896/1896
f 1913/1913 1914/1914 1898/1898 1897/1897
f 1914/1914 1915/1915 1899/1899 1898/1898
f 1915/1915 1916/1916 1900/1900 1899/1899
f 1916/1916 1917/1917 1901/1901 1900/1900
f 1917/1917 1918/1918 1902/1902 1901/1901
f 1918/1918 1919/1919 1903/1903 1902/1902
f 1919/1919 1920/1920 1904/1904 1903/1903
f 1920/1920 1905/1905 1889/1889 1904/1904
f 1921/1921 1922/1922 1906/1906 1905/1905
f 1922/1922 1923/1923 1907/1907 1906/1906
f 1923/1923 1924/1924 1908/1908 1907/1907
f 1924/1924 1925/1925 1909/1909 1908/1908
f 1925/1925 1926/1926 1910/1910 1909/1909
f 1926/1926 1927/1927 1911/1911 1910/1910
f 1927/1927 1928/1928 1912/1912 1911/1911
f 1928/1928 1929/1929 1913/1913 1912/1912
f 1929/1929 1930/1930 1914/1914 1913/1913
f 1930/1930 1931/1931 1915/1915 1914/1914
f 1931/1931 1932/1932 1916/1916 1915/1915
f 1932/1932 1933/1933 1917/1917 1916/1916
f 1933/1933 1934/1934 1918/1918 1917/1917
f 1934/1934 1935/1935 1919/1919 1918/1918
f 1935/1935 1936/1936 1920/1920 1919/1919
f 1936/1936 1921/1921 1905/1905 1920/1920
f 1937/1937 1938/1938 1922/1922 1921/1921
f 1938/1938 1939/1939 1923/1923 1922/1922
f 1939/1939 1940/1940 1924/1924 1923/1923
f 1940/1940 1941/1941 1925/1925 1924/1924
f 1941/1941 1942/1942 1926/1926 1925/1925
f 1942/1942 1943/1943 1927/1927 1926/1926
f 1943/1943 1944/1944 1928/1928 1927/1927
f 1944/1944 1945/1945 1929/1929 1928/1928
f 1945/1945 1946/1946 1930/1930 1929/1929
f 1946/1946 1947/1947 1931/1931 1930/1930
f 1947/1947 1948/1948 1932/1932 1931/1931
f 1948/1948 1949/1949 1933/1933 1932/1932
f 1949/1949 1950/1950 1934/1934 1933/1933
f 1950/1950 1951/1951 1935/1935 1934/1934
f 1951/1951 1952/1952 1936/1936 1935/1935
f 1952/1952 1937/1937 1921/1921 1936/1936
f 1953/1953 1954/1954 1938/1938 1937/1937
f 1954/1954 1955/1955 1939/1939 1938/1938
f 1955/1955 1956/1956 1940/1940 1939/1939
f 1956/1956 1957/1957 1941/1941 1940/1940
f 1957/1957 1958/1958 1942/1942 1941/1941
f 1958/1958 1959/1959 1943/1943 1942/1942
f 1959/1959 1960/1960 1944/1944 1943/1943
f 1960/1960 1961/1961 1945/1945 1944/1944
f 1961/1961 1962/1962 1946/1946 1945/1945
f 1962/1962 1963/1963 1947/1947 1946/1946
f 1963/1963 1964/1964 1948/1948 1947/1947
f 1964/1964 1965/1965 1949/1949 1948/1948
f 1965/1965 1966/1966 1950/1950 1949/1949
f 1966/1966 1967/1967 1951/1951 1950/1950
f 1967/1967 1968/1968 1952/1952 1951/1951
f 1968/1968 1953/1953 1937/1937 1952/1952
f 1969/1969 1970/1970 1954/1954 1953/1953
f 1970/1970 1971/1971 1955/1955 1954/1954
f 1971/1971 1972/1972 1956/1956 1955/1955
f 1972/1972 1973/1973 1957/1957 1956/1956
f 1973/1973 1974/1974 1958/1958 1957/1957
f 1974/1974 1975/1975 1959/1959 1958/1958
f 1975/1975 1976/1976 1960/1960 1959/1959
f 1976/1976 1977/1977 1961/1961 1960/1960
f 1977/1977 1978/1978 1962/1962 1961/1961
f 1978/1978 1979/1979 1963/1963 1962/1962
f 1979/1979 1980/1980 1964/1964 1963/1963
f 1980/1980 1981/1981 1965/1965 1964/1964
f 1981/1981 1982/1982 1966/1966 1965/1965
f 1982/1982 1983/1983 1967/1967 1966/1966
f 1983/1983 1984/1984 1968/1968 1967/1967
f 1984/1984 1969/1969 1953/1953 1968/1968
f 1985/1985 1986/1986 1970/1970 1969/1969
f 1986/1986 1987/1987 1971/1971 1970/1970
f 1987/1987 1988/1988 1972/1972 1971/1971
f 1988/1988 1989/1989 1973/1973 1972/1972
f 1989/1989 1990/1990 1974/1974 1973/1973
f 1990/1990 1991/1991 1975/1975 1974/1974
f 1991/1991 1992/1992 1976/1976 1975/1975
f 1992/1992 1993/1993 1977/1977 1976/1976
f 1993/1993 1994/1994 1978/1978 1977/1977
f 1994/1994 1995/1995 1979/1979 1978/1978
f 1995/1995 1996/1996 1980/1980 1979/1979
f 1996/1996 1997/1997 1981/1981 1980/1980
f 1997/1997 1998/1998 1982/1982 1981/1981
f 1998/1998 1999/1999 1983/1983 1982/1982
f 1999/1999 2000/2000 1984/1984 1983/1983
f 2000/2000 1985/1985 1969/1969 1984/1984
f 2001/2001 2002/2002 1986/1986 1985/1985
f 2002/2002 2003/2003 1987/1987 1986/1986
f 2003/2003 2004/2004 1988/1988 1987/1987
f 2004/2004 2005/2005 1989/1989 1988/1988
f 2005/2005 2006/2006 1990/1990 1989/1989
f 2006/2006 2007/2007 1991/1991 1990/1990
f 2007/2007 2008/2008 1992/1992 1991/1991
f 2008/2008 2009/2009 1993/1993 1992/1992
f 2009/2009 2010/2010 1994/1994 1993/1993
f 2010/2010 2011/2011 1995/1995 1994/1994
f 2011/2011 2012/2012 1996/1996 1995/1995
f 2012/2012 2013/2013 1997/1997 1996/1996
f 2013/2013 2014/2014 1998/1998 1997/1997
f 2014/2014 2015/2015 1999/1999 1998/1998
f 2015/2015 2016/2016 2000/2000 1999/1999
f 2016/2016 2001/2001 1985/1985 2000/2000
f 2033/2033 2034/2034 2018/2018 2017/2017
f 2034/2034 2035/2035 2019/2019 2018/2018
f 2035/2035 2036/2036 2020/2020 2019/2019
f 2036/2036 2037/2037 2021/2021 2020/2020
f 2037/2037 2038/2038 2022/2022 2021/2021
f 2038/2038 2039/2039 2023/2023 2022/2022
f 2039/2039 2040/2040 2024/2024 2023/2023
f 2040/2040 2041/2041 2025/2025 2024/2024
f 2041/2041 2042/2042 2026/2026 2025/2025
f 2042/2042 2043/2043 2027/2027 2026/2026
f 2043/2043 2044/2044 2028/2028 2027/2027
f 2044/2044 2045/2045 2029/2029 2028/2028
f 2045/2045 2046/2046 2030/2030 2029/2029
f 2046/2046 2047/2047 2031/2031 2030/2030
f 2047/2047 2048/2048 2032/2032 2031/2031
f 2048/2048 2033/2033 2017/2017 2032/2032
f 2049/2049 2050/2050 2034/2034 2033/2033
f 2050/2050 2051/2051 2035/2035 2034/2034
f 2051/2051 2052/2052 2036/2036 2035/2035
f 2052/2052 2053/2053 2037/2037 2036/2036
f 2053/2053 2054/2054 2038/2038 2037/2037
f 2054/2054 2055/2055 2039/2039 2038/2038
f 2055/2055 2056/2056 2040/2040 2039/2039
f 2056/2056 2057/2057 2041/2041 2040/2040
f 2057/2057 2058/2058 2042/2042 2041/2041
f 2058/2058 2059/2059 2043/2043 2042/2042
f 2059/2059 2060/2060 2044/2044 2043/2043
f 2060/2060 2061/2061 2045/2045 2044/2044
f 2061/2061 2062/2062 2046/2046 2045/2045
f 2062/2062 2063/2063 2047/2047 2046/2046
f 2063/2063 2064/2064 2048/2048 2047/2047
f 2064/2064 2049/2049 2033/2033 2048/2048
f 2065/2065 2066/2066 2050/2050 2049/2049
f 2066/2066 2067/2067 2051/2051 2050/2050
f 2067/2067 2068/2068 2052/2052 2051/2051
f 2068/2068 2069/2069 2053/2053 2052/2052
f 2069/2069 2070/2070 2054/2054 2053/2053
f 2070/2070 2071/2071 2055/2055 2054/2054
f 2071/2071 2072/2072 2056/2056 2055/2055
f 2072/2072 2073/2073 2057/2057 2056/2056
f 2073/2073 2074/2074 2058/2058 2057/2057
f 2074/2074 2075/2075 2059/2059 2058/2058
f 2075/2075 2076/2076 2060/2060 2059/2059
f 2076/2076 2077/2077 2061/2061 2060/2060
f 2077/2077 2078/2078 2062/2062 2061/2061
f 2078/2078 2079/2079 2063/2063 2062/2062
f 2079/2079 2080/2080 2064/2064 2063/2063
f 2080/2080 2065/2065 2049/2049 2064/2064
f 2081/2081 2082/2082 2066/2066 2065/2065
f 2082/2082 2083/2083 2067/2067 2066/2066
f 2083/2083 2084/2084 2068/2068 2067/2067
f 2084/2084 2085/2085 2069/2069 2068/2068
f 2085/2085 2086/2086 2070/2070 2069/2069
f 2086/2086 2087/2087 2071/2071 2070/2070
f 2087/2087 2088/2088 2072/2072 2071/2071
f 2088/2088 2089/2089 2073/2073 2072/2072
f 2089/2089 2090/2090 2074/2074 2073/2073
f 2090/2090 2091/2091 2075/2075 2074/2074
f 2091/2091 2092/2092 2076/2076 2075/2075
f 2092/2092 2093/2093 2077/2077 2076/2076
f 2093/2093 2094/2094 2078/2078 2077/2077
f 2094/2094 2095/2095 2079/2079 2078/2078
f 2095/2095 2096/2096 2080/2080 2079/2079
f 2096/2096 2081/2081 2065/2065 2080/2080
f 2097/2097 2098/2098 2082/2082 2081/2081
f 2098/2098 2099/2099 2083/2083 2082/2082
f 2099/2099 2100/2100 2084/2084 2083/2083
f 2100/2100 2101/2101 2085/2085 2084/2084
f 2101/2101 2102/2102 2086/2086 2085/2085
f 2102/2102 2103/2103 2087/2087 2086/2086
f 2103/2103 2104/2104 2088/2088 2087/2087
f 2104/2104 2105/2105 2089/2089 2088/2088
f 2105/2105 2106/2106 2090/2090 2089/2089
f 2106/2106 2107/2107 2091/2091 2090/2090
f 2107/2107 2108/2108 2092/2092 2091/2091
f 2108/2108 2109/2109 2093/2093 2092/2092
f 2109/2109 2110/2110 2094/2094 2093/2093
f 2110/2110 2111/2111 2095/2095 2094/2094
f 2111/2111 2112/2112 2096/2096 2095/2095
f 2112/2112 2097/2097 2081/2081 2096/2096
f 2113/2113 2114/2114 2098/2098 2097/2097
f 2114/2114 2115/2115 2099/2099 2098/2098
f 2115/2115 2116/2116 2100/2100 2099/2099
f 2116/2116 2117/2117 2101/2101 2100/2100
f 2117/2117 2118/2118 2102/2102 2101/2101
f 2118/2118 2119/2119 2103/2103 2102/2102
f 2119/2119 2120/2120 2104/2104 2103/2103
f 2120/2120 2121/2121 2105/2105 2104/2104
f 2121/2121 2122/2122 2106/2106 2105/2105
f 2122/2122 2123/2123 2107/2107 2106/2106
f 2123/2123 2124/2124 2108/2108 2107/2107
f 2124/2124 2125/2125 2109/2109 2108/2108
f 2125/2125 2126/2126 2110/2110 2109/2109
f 2126/2126 2127/2127 2111/2111 2110/2110
f 2127/2127 2128/2128 2112/2112 2111/2111
f 2128/2128 2113/2113 2097/2097 2112/2112
f 2129/2129 2130/2130 2114/2114 2113/2113
f 2130/2130 2131/2131 2115/2115 2114/2114
f 2131/2131 2132/2132 2116/2116 2115/2115
f 2132/2132 2133/2133 2117/2117 2116/2116
f 2133/2133 2134/2134 2118/2118 2117/2117
f 2134/2134 2135/2135 2119/2119 2118/2118
f 2135/2135 2136/2136 2120/2120 2119/2119
f 2136/2136 2137/2137 2121/2121 2120/2120
f 2137/2137 2138/2138 2122/2122 2121/2121
f 2138/2138 2139/2139 2123/2123 2122/2122
f 2139/2139 2140/2140 2124/2124 2123/2123
f 2140/2140 2141/2141 2125/2125 2124/2124
f 2141/2141 2142/2142 2126/2126 2125/2125
f 2142/2142 2143/2143 2127/2127 2126/2126
f 2143/2143 2144/2144 2128/2128 2127/2127
f 2144/2144 2129/2129 2113/2113 2128/2128
f 2145/2145 2146/2146 2130/2130 2129/2129
f 2146/2146 2147/2147 2131/2131 2130/2130
f 2147/2147 2148/2148 2132/2132 2131/2131
f 2148/2148 2149/2149 2133/2133 2132/2132
f 2149/2149 2150/2150 2134/2134 2133/2133
f 2150/2150 2151/2151 2135/2135 2134/2134
f 2151/2151 2152/2152 2136/2136 2135/2135
f 2152/2152 2153/2153 2137/2137 2136/2136
f 2153/2153 2154/2154 2138/2138 2137/2137
f 2154/2154 2155/2155 2139/2139 2138/2138
f 2155/2155 2156/2156 2140/2140 2139/2139
f 2156/2156 2157/2157 2141/2141 2140/2140
f 2157/2157 2158/2158 2142/2142 2141/2141
f 2158/2158 2159/2159 2143/2143 2142/2142
f 2159/2159 2160/2160 2144/2144 2143/2143
f 2160/2160 2145/2145 2129/2129 2144/2144
f 2177/2177 2178/2178 2162/2162 2161/2161
f 2178/2178 2179/2179 2163/2163 2162/2162
f 2179/2179 2180/2180 2164/2164 2163/2163
f 2180/2180 2181/2181 2165/2165 2164/2164
f 2181/2181 2182/2182 2166/2166 2165/2165
f 2182/2182 2183/2183 2167/2167 2166/2166
f 2183/2183 2184/2184 2168/2168 2167/2167
f 2184/2184 2185/2185 2169/2169 2168/2168
f 2185/2185 2186/2186 2170/2170 2169/2169
f 2186/2186 2187/2187 2171/2171 2170/2170
f 2187/2187 2188/2188 2172/2172 2171/2171
f 2188/2188 2189/2189 2173/2173 2172/2172
f 2189/2189 2190/2190 2174/2174 2173/2173
f 2190/2190 2191/2191 2175/2175 2174/2174
f 2191/2191 2192/2192 2176/2176 2175/2175
f 2192/2192 2177/2177 2161/2161 2176/2176
f 2193/2193 2194/2194 2178/2178 2177/2177
f 2194/2194 2195/2195 2179/2179 2178/2178
f 2195/2195 2196/2196 2180/2180 2179/2179
f 2196/2196 2197/2197 2181/2181 2180/2180
f 2197/2197 2198/2198 2182/2182 2181/2181
f 2198/2198 2199/2199 2183/2183 2182/2182
f 2199/2199 2200/2200 2184/2184 2183/2183
f 2200/2200 2201/2201 2185/2185 2184/2184
f 2201/2201 2202/2202 2186/2186 2185/2185
f 2202/2202 2203/2203 2187/2187 2186/2186
f 2203/2203 2204/2204 2188/2188 2187/2187
f 2204/2204 2205/2205 2189/2189 2188/2188
f 2205/2205 2206/2206 2190/2190 2189/2189
f 2206/2206 2207/2207 2191/2191 2190/2190
f 2207/2207 2208/2208 2192/2192 2191/2191
f 2208/2208 2193/2193 2177/2177 2192/2192
f 2209/2209 2210/2210 2194/2194 2193/2193
f 2210/2210 2211/2211 2195/2195 2194/2194
f 2211/2211 2212/2212 2196/2196 2195/2195
f 2212/2212 2213/2213 2197/2197 2196/2196
f 2213/2213 2214/2214 2198/2198 2197/2197
f 2214/2214 2215/2215 2199/2199 2198/2198
f 2215/2215 2216/2216 2200/2200 2199/2199
f 2216/2216 2217/2217 2201/2201 2200/2200
f 2217/2217 2218/2218 2202/2202 2201/2201
f 2218/2218 2219/2219 2203/2203 2202/2202
f 2219/2219 2220/2220 2204/2204 2203/2203
f 2220/2220 2221/2221 2205/2205 2204/2204
f 2221/2221 2222/2222 2206/2206 2205/2205
f 2222/2222 2223/2223 2207/2207 2206/2206
f 2223/2223 2224/2224 2208/2208 2207/2207
f 2224/2224 2209/2209 2193/2193 2208/2208
f 2225/2225 2226/2226 2210/2210 2209/2209
f 2226/2226 2227/2227 2211/2211 2210/2210
f 2227/2227 2228/2228 2212/2212 2211/2211
f 2228/2228 2229/2229 2213/2213 2212/2212
f 2229/2229 2230/2230 2214/2214 2213/2213
f 2230/2230 2231/2231 2215/2215 2214/2214
f 2231/2231 2232/2232 2216/2216 2215/2215
f 2232/2232 2233/2233 2217/2217 2216/2216
f 2233/2233 2234/2234 2218/2218 2217/2217
f 2234/2234 2235/2235 2219/2219 2218/2218
f 2235/2235 2236/2236 2220/2220 2219/2219
f 2236/2236 2237/2237 2221/2221 2220/2220
f 2237/2237 2238/2238 2222/2222 2221/2221
f 2238/2238 2239/2239 2223/2223 2222/2222
f 2239/2239 2240/2240 2224/2224 2223/2223
f 2240/2240 2225/2225 2209/2209 2224/2224
f 2241/2241 2242/2242 2226/2226 2225/2225
f 2242/2242 2243/2243 2227/2227 2226/2226
f 2243/2243 2244/2244 2228/2228 2227/2227
f 2244/2244 2245/2245 2229/2229 2228/2228
f 2245/2245 2246/2246 2230/2230 2229/2229
f 2246/2246 2247/2247 2231/2231 2230/2230
f 2247/2247 2248/2248 2232/2232 2231/2231
f 2248/2248 2249/2249 2233/2233 2232/2232
f 2249/2249 2250/2250 2234/2234 2233/2233
f 2250/2250 2251/2251 2235/2235 2234/2234
f 2251/2251 2252/2252 2236/2236 2235/2235
f 2252/2252 2253/2253 2237/2237 2236/2236
f 2253/2253 2254/2254 2238/2238 2237/2237
f 2254/2254 2255/2255 2239/2239 2238/2238
f 2255/2255 2256/2256 2240/2240 2239/2239
f 2256/2256 2241/2241 2225/2225 2240/2240
f 2257/2257 2258/2258 2242/2242 2241/2241
f 2258/2258 2259/2259 2243/2243 2242/2242
f 2259/2259 2260/2260 2244/2244 2243/2243
f 2260/2260 2261/2261 2245/2245 2244/2244
f 2261/2261 2262/2262 2246/2246 2245/2245
f 2262/2262 2263/2263 2247/2247 2246/2246
f 2263/2263 2264/2264 2248/2248 2247/2247
f 2264/2264 2265/2265 2249/2249 2248/2248
f 2265/2265 2266/2266 2250/2250 2249/2249
f 2266/2266 2267/2267 2251/2251 2250/2250
f 2267/2267 2268/2268 2252/2252 2251/2251
f 2268/2268 2269/2269 2253/2253 2252/2252
f 2269/2269 2270/2270 2254/2254 2253/2253
f 2270/2270 2271/2271 2255/2255 2254/2254
f 2271/2271 2272/2272 2256/2256 2255/2255
f 2272/2272 2257/2257 2241/2241 2256/2256
f 2273/2273 2274/2274 2258/2258 2257/2257
f 2274/2274 2275/2275 2259/2259 2258/2258
f 2275/2275 2276/2276 2260/2260 2259/2259
f 2276/2276 2277/2277 2261/2261 2260/2260
f 2277/2277 2278/2278 2262/2262 2261/2261
f 2278/2278 2279/2279 2263/2263 2262/2262
f 2279/2279 2280/2280 2264/2264 2263/2263
f 2280/2280 2281/2281 2265/2265 2264/2264
f 2281/2281 2282/2282 2266/2266 2265/2265
f 2282/2282 2283/2283 2267/2267 2266/2266
f 2283/2283 2284/2284 2268/2268 2267/2267
f 2284/2284 2285/2285 2269/2269 2268/2268
f 2285/2285 2286/2286 2270/2270 2269/2269
f 2286/2286 2287/2287 2271/2271 2270/2270
f 2287/2287 2288/2288 2272/2272 2271/2271
f 2288/2288 2273/2273 2257/2257 2272/2272
f 2289/2289 2290/2290 2274/2274 2273/2273
f 2290/2290 2291/2291 2275/2275 2274/2274
f 2291/2291 2292/2292 2276/2276 2275/2275
f 2292/2292 2293/2293 2277/2277 2276/2276
f 2293/2293 2294/2294 2278/2278 2277/2277
f 2294/2294 2295/2295 2279/2279 2278/2278
f 2295/2295 2296/2296 2280/2280 2279/2279
f 2296/2296 2297/2297 2281/2281 2280/2280
f 2297/2297 2298/2298 2282/2282 2281/2281
f 2298/2298 2299/2299 2283/2283 2282/2282
f 2299/2299 2300/2300 2284/2284 2283/2283
f 2300/2300 2301/2301 2285/2285 2284/2284
f 2301/2301 2302/2302 2286/2286 2285/2285
f 2302/2302 2303/2303 2287/2287 2286/2286
f 2303/2303 2304/2304 2288/2288 2287/2287
f 2304/2304 2289/2289 2273/2273 2288/2288
f 2321/2321 2322/2322 2306/2306 2305/2305
f 2322/2322 2323/2323 2307/2307 2306/2306
f 2323/2323 2324/2324 2308/2308 2307/2307
f 2324/2324 2325/2325 2309/2309 2308/2308
f 2325/2325 2326/2326 2310/2310 2309/2309
f 2326/2326 2327/2327 2311/2311 2310/2310
f 2327/2327 2328/2328 2312/2312 2311/2311
f 2328/2328 2329/2329 2313/2313 2312/2312
f 2329/2329 2330/2330 2314/2314 2313/2313
f 2330/2330 2331/2331 2315/2315 2314/2314
f 2331/2331 2332/2332 2316/2316 2315/2315
f 2332/2332 2333/2333 2317/2317 2316/2316
f 2333/2333 2334/2334 2318/2318 2317/2317
f 2334/2334 2335/2335 2319/2319 2318/2318
f 2335/2335 2336/2336 2320/2320 2319/2319
f 2336/2336 2321/2321 2305/2305 2320/2320
f 2337/2337 2338/2338 2322/2322 2321/2321
f 2338/2338 2339/2339 2323/2323 2322/2322
f 2339/2339 2340/2340 2324/2324 2323/2323
f 2340/2340 2341/2341 2325/2325 2324/2324
f 2341/2341 2342/2342 2326/2326 2325/2325
f 2342/2342 2343/2343 2327/2327 2326/2326
f 2343/2343 2344/2344 2328/2328 2327/2327
f 2344/2344 2345/2345 2329/2329 2328/2328
f 2345/2345 2346/2346 2330/2330 2329/2329
f 2346/2346 2347/2347 2331/2331 2330/2330
f 2347/2347 2348/2348 2332/2332 2331/2331
f 2348/2348 2349/2349 2333/2333 2332/2332
f 2349/2349 2350/2350 2334/2334 2333/2333
f 2350/2350 2351/2351 2335/2335 2334/2334
f 2351/2351 2352/2352 2336/2336 2335/2335
f 2352/2352 2337/2337 2321/2321 2336/2336
f 2353/2353 2354/2354 2338/2338 2337/2337
f 2354/2354 2355/2355 2339/2339 2338/2338
f 2355/2355 2356/2356 2340/2340 2339/2339
f 2356/2356 2357/2357 2341/2341 2340/2340
f 2357/2357 2358/2358 2342/2342 2341/2341
f 2358/2358 2359/2359 2343/2343 2342/2342
f 2359/2359 2360/2360 2344/2344 2343/2343
f 2360/2360 2361/2361 2345/2345 2344/2344
f 2361/2361 2362/2362 2346/2346 2345/2345
f 2362/2362 2363/2363 2347/2347 2346/2346
f 2363/2363 2364/2364 2348/2348 2347/2347
f 2364/2364 2365/2365 2349/2349 2348/2348
f 2365/2365 2366/2366 2350/2350 2349/2349
f 2366/2366 2367/2367 2351/2351 2350/2350
f 2367/2367 2368/2368 2352/2352 2351/2351
f 2368/2368 2353/2353 2337/2337 2352/2352
f 2369/2369 2370/2370 2354/2354 2353/2353
f 2370/2370 2371/2371 2355/2355 2354/2354
f 2371/2371 2372/2372 2356/2356 2355/2355
f 2372/2372 2373/2373 2357/2357 2356/2356
f 2373/2373 2374/2374 2358/2358 2357/2357
f 2374/2374 2375/2375 2359/2359 2358/2358
f 2375/2375 2376/2376 2360/2360 2359/2359
f 2376/2376 2377/2377 2361/2361 2360/2360
f 2377/2377 2378/2378 2362/2362 2361/2361
f 2378/2378 2379/2379 2363/2363 2362/2362
f 2379/2379 2380/2380 2364/2364 2363/2363
f 2380/2380 2381/2381 2365/2365 2364/2364
f 2381/2381 2382/2382 2366/2366 2365/2365
f 2382/2382 2383/2383 2367/2367 2366/2366
f 2383/2383 2384/2384 2368/2368 2367/2367
f 2384/2384 2369/2369 2353/2353 2368/2368
f 2385/2385 2386/2386 2370/2370 2369/2369
f 2386/2386 2387/2387 2371/2371 2370/2370
f 2387/2387 2388/2388 2372/2372 2371/2371
f 2388/2388 2389/2389 2373/2373 2372/2372
f 2389/2389 2390/2390 2374/2374 2373/2373
f 2390/2390 2391/2391 2375/2375 2374/2374
f 2391/2391 2392/2392 2376/2376 2375/2375
f 2392/2392 2393/2393 2377/2377 2376/2376
f 2393/2393 2394/2394 2378/2378 2377/2377
f 2394/2394 2395/2395 2379/2379 2378/2378
f 2395/2395 2396/2396 2380/2380 2379/2379
f 2396/2396 2397/2397 2381/2381 2380/2380
f 2397/2397 2398/2398 2382/2382 2381/2381
f 2398/2398 2399/2399 2383/2383 2382/2382
f 2399/2399 2400/2400 2384/2384 2383/2383
f 2400/2400 2385/2385 2369/2369 2384/2384
f 2401/2401 2402/2402 2386/2386 2385/2385
f 2402/2402 2403/2403 2387/2387 2386/2386
f 2403/2403 2404/2404 2388/2388 2387/2387
f 2404/2404 2405/2405 2389/2389 2388/2388
f 2405/2405 2406/2406 2390/2390 2389/2389
f 2406/2406 2407/2407 2391/2391 2390/2390
f 2407/2407 2408/2408 2392/2392 2391/2391
f 2408/2408 2409/2409 2393/2393 2392/2392
f 2409/2409 2410/2410 2394/2394 2393/2393
f 2410/2410 2411/2411 2395/2395 2394/2394
f 2411/2411 2412/2412 2396/2396 2395/2395
f 2412/2412 2413/2413 2397/2397 2396/2396
f 2413/2413 2414/2414 2398/2398 2397/2397
f 2414/2414 2415/2415 2399/2399 2398/2398
f 2415/2415 2416/2416 2400/2400 2399/2399
f 2416/2416 2401/2401 2385/2385 2400/2400
f 2417/2417 2418/2418 2402/2402 2401/2401
f 2418/2418 2419/2419 2403/2403 2402/2402
f 2419/2419 2420/2420 2404/2404 2403/2403
f 2420/2420 2421/2421 2405/2405 2404/2404
f 2421/2421 2422/2422 2406/2406 2405/2405
f 2422/2422 2423/2423 2407/2407 2406/2406
f 2423/2423 2424/2424 2408/2408 2407/2407
f 2424/2424 2425/2425 2409/2409 2408/2408
f 2425/2425 2426/2426 2410/2410 2409/2409
f 2426/2426 2427/2427 2411/2411 2410/2410
f 2427/2427 2428/2428 2412/2412 2411/2411
f 2428/2428 2429/2429 2413/2413 2412/2412
f 2429/2429 2430/2430 2414/2414 2413/2413
f 2430/2430 2431/2431 2415/2415 2414/2414
f 2431/2431 2432/2432 2416/2416 2415/2415
f 2432/2432 2417/2417 2401/2401 2416/2416
f 2433/2433 2434/2434 2418/2418 2417/2417
f 2434/2434 2435/2435 2419/2419 2418/2418
f 2435/2435 2436/2436 2420/2420 2419/2419
f 2436/2436 2437/2437 2421/2421 2420/2420
f 2437/2437 2438/2438 2422/2422 2421/2421
f 2438/2438 2439/2439 2423/2423 2422/2422
f 2439/2439 2440/2440 2424/2424 2423/2423
f 2440/2440 2441/2441 2425/2425 2424/2424
f 2441/2441 2442/2442 2426/2426 2425/2425
f 2442/2442 2443/2443 2427/2427 2426/2426
f 2443/2443 2444/2444 2428/2428 2427/2427
f 2444/2444 2445/2445 2429/2429 2428/2428
f 2445/2445 2446/2446 2430/2430 2429/2429
f 2446/2446 2447/2447 2431/2431 2430/2430
f 2447/2447 2448/2448 2432/2432 2431/2431
f 2448/2448 2433/2433 2417/2417 2432/2432
f 2465/2465 2466/2466 2450/2450 2449/2449
f 2466/2466 2467/2467 2451/2451 2450/2450
f 2467/2467 2468/2468 2452/2452 2451/2451
f 2468/2468 2469/2469 2453/2453 2452/2452
f 2469/2469 2470/2470 2454/2454 2453/2453
f 2470/2470 2471/2471 2455/2455 2454/2454
f 2471/2471 2472/2472 2456/2456 2455/2455
f 2472/2472 2473/2473 2457/2457 2456/2456
f 2473/2473 2474/2474 2458/2458 2457/2457
f 2474/2474 2475/2475 2459/2459 2458/2458
f 2475/2475 2476/2476 2460/2460 2459/2459
f 2476/2476 2477/2477 2461/2461 2460/2460
f 2477/2477 2478/2478 2462/2462 2461/2461
f 2478/2478 2479/2479 2463/2463 2462/2462
f 2479/2479 2480/2480 2464/2464 2463/2463
f 2480/2480 2465/2465 2449/2449 2464/2464
f 2481/2481 2482/2482 2466/2466 2465/2465
f 2482/2482 2483/2483 2467/2467 2466/2466
f 2483/2483 2484/2484 2468/2468 2467/2467
f 2484/2484 2485/2485 2469/2469 2468/2468
f 2485/2485 2486/2486 2470/2470 2469/2469
f 2486/2486 2487/2487 2471/2471 2470/2470
f 2487/2487 2488/2488 2472/2472 2471/2471
f 2488/2488 2489/2489 2473/2473 2472/2472
f 2489/2489 2490/2490 2474/2474 2473/2473
f 2490/2490 2491/2491 2475/2475 2474/2474
f 2491/2491 2492/2492 2476/2476 2475/2475
f 2492/2492 2493/2493 2477/2477 2476/2476
f 2493/2493 2494/2494 2478/2478 2477/2477
f 2494/2494 2495/2495 2479/2479 2478/2478
f 2495/2495 2496/2496 2480/2480 2479/2479
f 2496/2496 2481/2481 2465/2465 2480/2480
f 2497/2497 2498/2498 2482/2482 2481/2481
f 2498/2498 2499/2499 2483/2483 2482/2482
f 2499/2499 2500/2500 2484/2484 2483/2483
f 2500/2500 2501/2501 2485/2485 2484/2484
f 2501/2501 2502/2502 2486/2486 2485/2485
f 2502/2502 2503/2503 2487/2487 2486/2486
f 2503/2503 2504/2504 2488/2488 2487/2487
f 2504/2504 2505/2505 2489/2489 2488/2488
f 2505/2505 2506/2506 2490/2490 2489/2489
f 2506/2506 2507/2507 2491/2491 2490/2490
f 2507/2507 2508/2508 2492/2492 2491/2491
f 2508/2508 2509/2509 2493/2493 2492/2492
f 2509/2509 2510/2510 2494/2494 2493/2493
f 2510/2510 2511/2511 2495/2495 2494/2494
f 2511/2511 2512/2512 2496/2496 2495/2495
f 2512/2512 2497/2497 2481/2481 2496/2496
f 2513/2513 2514/2514 2498/2498 2497/2497
f 2514/2514 2515/2515 2499/2499 2498/2498
f 2515/2515 2516/2516 2500/2500 2499/2499
f 2516/2516 2517/2517 2501/2501 2500/2500
f 2517/2517 2518/2518 2502/2502 2501/2501
f 2518/2518 2519/2519 2503/2503 2502/2502
f 2519/2519 2520/2520 2504/2504 2503/2503
f 2520/2520 2521/2521 2505/2505 2504/2504
f 2521/2521 2522/2522 2506/2506 2505/2505
f 2522/2522 2523/2523 2507/2507 2506/2506
f 2523/2523 2524/2524 2508/2508 2507/2507
f 2524/2524 2525/2525 2509/2509 2508/2508
f 2525/2525 2526/2526 2510/2510 2509/2509
f 2526/2526 2527/2527 2511/2511 2510/2510
f 2527/2527 2528/2528 2512/2512 2511/2511
f 2528/2528 2513/2513 2497/2497 2512/2512
f 2529/2529 2530/2530 2514/2514 2513/2513
f 2530/2530 2531/2531 2515/2515 2514/2514
f 2531/2531 2532/2532 2516/2516 2515/2515
f 2532/2532 2533/2533 2517/2517 2516/2516
f 2533/2533 2534/2534 2518/2518 2517/2517
f 2534/2534 2535/2535 2519/2519 2518/2518
f 2535/2535 2536/2536 2520/2520 2519/2519
f 2536/2536 2537/2537 2521/2521 2520/2520
f 2537/2537 2538/2538 2522/2522 2521/2521
f 2538/2538 2539/2539 2523/2523 2522/2522
f 2539/2539 2540/2540 2524/2524 2523/2523
f 2540/2540 2541/2541 2525/2525 2524/2524
f 2541/2541 2542/2542 2526/2526 2525/2525
f 2542/2542 2543/2543 2527/2527 2526/2526
f 2543/2543 2544/2544 2528/2528 2527/2527
f 2544/2544 2529/2529 2513/2513 2528/2528
f 2545/2545 2546/2546 2530/2530 2529/2529
f 2546/2546 2547/2547 2531/2531 2530/2530
f 2547/2547 2548/2548 2532/2532 2531/2531
f 2548/2548 2549/2549 2533/2533 2532/2532
f 2549/2549 2550/2550 2534/2534 2533/2533
f 2550/2550 2551/2551 2535/2535 2534/2534
f 2551/2551 2552/2552 2536/2536 2535/2535
f 2552/2552 2553/2553 2537/2537 2536/2536
f 2553/2553 2554/2554 2538/2538 2537/2537
f 2554/2554 2555/2555 2539/2539 2538/2538
f 2555/2555 2556/2556 2540/2540 2539/2539
f 2556/2556 2557/2557 2541/2541 2540/2540
f 2557/2557 2558/2558 2542/2542 2541/2541
f 2558/2558 2559/2559 2543/2543 2542/2542
f 2559/2559 2560/2560 2544/2544 2543/2543
f 2560/2560 2545/2545 2529/2529 2544/2544
f 2561/2561 2562/2562 2546/2546 2545/2545
f 2562/2562 2563/2563 2547/2547 2546/2546
f 2563/2563 2564/2564 2548/2548 2547/2547
f 2564/2564 2565/2565 2549/2549 2548/2548
f 2565/2565 2566/2566 2550/2550 2549/2549
f 2566/2566 2567/2567 2551/2551 2550/2550
f 2567/2567 2568/2568 2552/2552 2551/2551
f 2568/2568 2569/2569 2553/2553 2552/2552
f 2569/2569 2570/2570 2554/2554 2553/2553
f 2570/2570 2571/2571 2555/2555 2554/2554
f 2571/2571 2572/2572 2556/2556 2555/2555
f 2572/2572 2573/2573 2557/2557 2556/2556
f 2573/2573 2574/2574 2558/2558 2557/2557
f 2574/2574 2575/2575 2559/2559 2558/2558
f 2575/2575 2576/2576 2560/2560 2559/2559
f 2576/2576 2561/2561 2545/2545 2560/2560
f 2577/2577 2578/2578 2562/2562 2561/2561
f 2578/2578 2579/2579 2563/2563 2562/2562
f 2579/2579 2580/2580 2564/2564 2563/2563
f 2580/2580 2581/2581 2565/2565 2564/2564
f 2581/2581 2582/2582 2566/2566 2565/2565
f 2582/2582 2583/2583 2567/2567 2566/2566
f 2583/2583 2584/2584 2568/2568 2567/2567
f 2584/2584 2585/2585 2569/2569 2568/2568
f 2585/2585 2586/2586 2570/2570 2569/2569
f 2586/2586 2587/2587 2571/2571 2570/2570
f 2587/2587 2588/2588 2572/2572 2571/2571
f 2588/2588 2589/2589 2573/2573 2572/2572
f 2589/2589 2590/2590 2574/2574 2573/2573
f 2590/2590 2591/2591 2575/2575 2574/2574
f 2591/2591 2592/2592 2576/2576 2575/2575
f 2592/2592 2577/2577 2561/2561 2576/2576
f 2609/2609 2610/2610 2594/2594 2593/2593
f 2610/2610 2611/2611 2595/2595 2594/2594
f 2611/2611 2612/2612 2596/2596 2595/2595
f 2612/2612 2613/2613 2597/2597 2596/2596
f 2613/2613 2614/2614 2598/2598 2597/2597
f 2614/2614 2615/2615 2599/2599 2598/2598
f 2615/2615 2616/2616 2600/2600 2599/2599
f 2616/2616 2617/2617 2601/2601 2600/2600
f 2617/2617 2618/2618 2602/2602 2601/2601
f 2618/2618 2619/2619 2603/2603 2602/2602
f 2619/2619 2620/2620 2604/2604 2603/2603
f 2620/2620 2621/2621 2605/2605 2604/2604
f 2621/2621 2622/2622 2606/2606 2605/2605
f 2622/2622 2623/2623 2607/2607 2606/2606
f 2623/2623 2624/2624 2608/2608 2607/2607
f 2624/2624 2609/2609 2593/2593 2608/2608
f 2625/2625 2626/2626 2610/2610 2609/2609
f 2626/2626 2627/2627 2611/2611 2610/2610
f 2627/2627 2628/2628 2612/2612 2611/2611
f 2628/2628 2629/2629 2613/2613 2612/2612
f 2629/2629 2630/2630 2614/2614 2613/2613
f 2630/2630 2631/2631 2615/2615 2614/2614
f 2631/2631 2632/2632 2616/2616 2615/2615
f 2632/2632 2633/2633 2617/2617 2616/2616
f 2633/2633 2634/2634 2618/2618 2617/2617
f 2634/2634 2635/2635 2619/2619 2618/2618
f 2635/2635 2636/2636 2620/2620 2619/2619
f 2636/2636 2637/2637 2621/2621 2620/2620
f 2637/2637 2638/2638 2622/2622 2621/2621
f 2638/2638 2639/2639 2623/2623 2622/2622
f 2639/2639 2640/2640 2624/2624 2623/2623
f 2640/2640 2625/2625 2609/2609 2624/2624
f 2641/2641 2642/2642 2626/2626 2625/2625
f 2642/2642 2643/2643 2627/2627 2626/2626
f 2643/2643 2644/2644 2628/2628 2627/2627
f 2644/2644 2645/2645 2629/2629 2628/2628
f 2645/2645 2646/2646 2630/2630 2629/2629
f 2646/2646 2647/2647 2631/2631 2630/2630
f 2647/2647 2648/2648 2632/2632 2631/2631
f 2648/2648 2649/2649 2633/2633 2632/2632
f 2649/2649 2650/2650 2634/2634 2633/2633
f 2650/2650 2651/2651 2635/2635 2634/2634
f 2651/2651 2652/2652 2636/2636 2635/2635
f 2652/2652 2653/2653 2637/2637 2636/2636
f 2653/2653 2654/2654 2638/2638 2637/2637
f 2654/2654 2655/2655 2639/2639 2638/2638
f 2655/2655 2656/2656 2640/2640 2639/2639
f 2656/2656 2641/2641 2625/2625 2640/2640
f 2657/2657 2658/2658 2642/2642 2641/2641
f 2658/2658 2659/2659 2643/2643 2642/2642
f 2659/2659 2660/2660 2644/2644 2643/2643
f 2660/2660 2661/2661 2645/2645 2644/2644
f 2661/2661 2662/2662 2646/2646 2645/2645
f 2662/2662 2663/2663 2647/2647 2646/2646
f 2663/2663 2664/2664 2648/2648 2647/2647
f 2664/2664 2665/2665 2649/2649 2648/2648
f 2665/2665 2666/2666 2650/2650 2649/2649
f 2666/2666 2667/2667 2651/2651 2650/2650
f 2667/2667 2668/2668 2652/2652 2651/2651
f 2668/2668 2669/2669 2653/2653 2652/2652
f 2669/2669 2670/2670 2654/2654 2653/2653
f 2670/2670 2671/2671 2655/2655 2654/2654
f 2671/2671 2672/2672 2656/2656 2655/2655
f 2672/2672 2657/2657 2641/2641 2656/2656
f 2673/2673 2674/2674 2658/2658 2657/2657
f 2674/2674 2675/2675 2659/2659 2658/2658
f 2675/2675 2676/2676 2660/2660 2659/2659
f 2676/2676 2677/2677 2661/2661 2660/2660
f 2677/2677 2678/2678 2662/2662 2661/2661
f 2678/2678 2679/2679 2663/2663 2662/2662
f 2679/2679 2680/2680 2664/2664 2663/2663
f 2680/2680 2681/2681 2665/2665 2664/2664
f 2681/2681 2682/2682 2666/2666 2665/2665
f 2682/2682 2683/2683 2667/2667 2666/2666
f 2683/2683 2684/2684 2668/2668 2667/2667
f 2684/2684 2685/2685 2669/2669 2668/2668
f 2685/2685 2686/2686 2670/2670 2669/2669
f 2686/2686 2687/2687 2671/2671 2670/2670
f 2687/2687 2688/2688 2672/2672 2671/2671
f 2688/2688 2673/2673 2657/2657 2672/2672
f 2689/2689 2690/2690 2674/2674 2673/2673
f 2690/2690 2691/2691 2675/2675 2674/2674
f 2691/2691 2692/2692 2676/2676 2675/2675
f 2692/2692 2693/2693 2677/2677 2676/2676
f 2693/2693 2694/2694 2678/2678 2677/2677
f 2694/2694 2695/2695 2679/2679 2678/2678
f 2695/2695 2696/2696 2680/2680 2679/2679
f 2696/2696 2697/2697 2681/2681 2680/2680
f 2697/2697 2698/2698 2682/2682 2681/2681
f 2698/2698 2699/2699 2683/2683 2682/2682
f 2699/2699 2700/2700 2684/2684 2683/2683
f 2700/2700 2701/2701 2685/2685 2684/2684
f 2701/2701 2702/2702 2686/2686 2685/2685
f 2702/2702 2703/2703 2687/2687 2686/2686
f 2703/2703 2704/2704 2688/2688 2687/2687
f 2704/2704 2689/2689 2673/2673 2688/2688
f 2705/2705 2706/2706 2690/2690 2689/2689
f 2706/2706 2707/2707 2691/2691 2690/2690
f 2707/2707 2708/2708 2692/2692 2691/2691
f 2708/2708 2709/2709 2693/2693 2692/2692
f 2709/2709 2710/2710 2694/2694 2693/2693
f 2710/2710 2711/2711 2695/2695 2694/2694
f 2711/2711 2712/2712 2696/2696 2695/2695
f 2712/2712 2713/2713 2697/2697 2696/2696
f 2713/2713 2714/2714 2698/2698 2697/2697
f 2714/2714 2715/2715 2699/2699 2698/2698
f 2715/2715 2716/2716 2700/2700 2699/2699
f 2716/2716 2717/2717 2701/2701 2700/2700
f 2717/2717 2718/2718 2702/2702 2701/2701
f 2718/2718 2719/2719 2703/2703 2702/2702
f 2719/2719 2720/2720 2704/2704 2703/2703
f 2720/2720 2705/2705 2689/2689 2704/2704
f 2721/2721 2722/2722 2706/2706 2705/2705
f 2722/2722 2723/2723 2707/2707 2706/2706
f 2723/2723 2724/2724 2708/2708 2707/2707
f 2724/2724 2725/2725 2709/2709 2708/2708
f 2725/2725 2726/2726 2710/2710 2709/2709
f 2726/2726 2727/2727 2711/2711 2710/2710
f 2727/2727 2728/2728 2712/2712 2711/2711
f 2728/2728 2729/2729 2713/2713 2712/2712
f 2729/2729 2730/2730 2714/2714 2713/2713
f 2730/2730 2731/2731 2715/2715 2714/2714
f 2731/2731 2732/2732 2716/2716 2715/2715
f 2732/2732 2733/2733 2717/2717 2716/2716
f 2733/2733 2734/2734 2718/2718 2717/2717
f 2734/2734 2735/2735 2719/2719 2718/2718
f 2735/2735 2736/2736 2720/2720 2719/2719
f 2736/2736 2721/2721 2705/2705 2720/2720
f 2753/2753 2754/2754 2738/2738 2737/2737
f 2754/2754 2755/2755 2739/2739 2738/2738
f 2755/2755 2756/2756 2740/2740 2739/2739
f 2756/2756 2757/2757 2741/2741 2740/2740
f 2757/2757 2758/2758 2742/2742 2741/2741
f 2758/2758 2759/2759 2743/2743 2742/2742
f 2759/2759 2760/2760 2744/2744 2743/2743
f 2760/2760 2761/2761 2745/2745 2744/2744
f 2761/2761 2762/2762 2746/2746 2745/2745
f 2762/2762 2763/2763 2747/2747 2746/2746
f 2763/2763 2764/2764 2748/2748 2747/2747
f 2764/2764 2765/2765 2749/2749 2748/2748
f 2765/2765 2766/2766 2750/2750 2749/2749
f 2766/2766 2767/2767 2751/2751 2750/2750
f 2767/2767 2768/2768 2752/2752 2751/2751
f 2768/2768 2753/2753 2737/2737 2752/2752
f 2769/2769 2770/2770 2754/2754 2753/2753
f 2770/2770 2771/2771 2755/2755 2754/2754
f 2771/2771 2772/2772 2756/2756 2755/2755
f 2772/2772 2773/2773 2757/2757 2756/2756
f 2773/2773 2774/2774 2758/2758 2757/2757
f 2774/2774 2775/2775 2759/2759 2758/2758
f 2775/2775 2776/2776 2760/2760 2759/2759
f 2776/2776 2777/2777 2761/2761 2760/2760
f 2777/2777 2778/2778 2762/2762 2761/2761
f 2778/2778 2779/2779 2763/2763 2762/2762
f 2779/2779 2780/2780 2764/2764 2763/2763
f 2780/2780 2781/2781 2765/2765 2764/2764
f 2781/2781 2782/2782 2766/2766 2765/2765
f 2782/2782 2783/2783 2767/2767 2766/2766
f 2783/2783 2784/2784 2768/2768 2767/2767
f 2784/2784 2769/2769 2753/2753 2768/2768
f 2785/2785 2786/2786 2770/2770 2769/2769
f 2786/2786 2787/2787 2771/2771 2770/2770
f 2787/2787 2788/2788 2772/2772 2771/2771
f 2788/2788 2789/2789 2773/2773 2772/2772
f 2789/2789 2790/2790 2774/2774 2773/2773
f 2790/2790 2791/2791 2775/2775 2774/2774
f 2791/2791 2792/2792 2776/2776 2775/2775
f 2792/2792 2793/2793 2777/2777 2776/2776
f 2793/2793 2794/2794 2778/2778 2777/2777
f 2794/2794 2795/2795 2779/2779 2778/2778
f 2795/2795 2796/2796 2780/2780 2779/2779
f 2796/2796 2797/2797 2781/2781 2780/2780
f 2797/2797 2798/2798 2782/2782 2781/2781
f 2798/2798 2799/2799 2783/2783 2782/2782
f 2799/2799 2800/2800 2784/2784 2783/2783
f 2800/2800 2785/2785 2769/2769 2784/2784
f 2801/2801 2802/2802 2786/2786 2785/2785
f 2802/2802 2803/2803 2787/2787 2786/2786
f 2803/2803 2804/2804 2788/2788 2787/2787
f 2804/2804 2805/2805 2789/2789 2788/2788
f 2805/2805 2806/2806 2790/2790 2789/2789
f 2806/2806 2807/2807 2791/2791 2790/2790
f 2807/2807 2808/2808 2792/2792 2791/2791
f 2808/2808 2809/2809 2793/2793 2792/2792
f 2809/2809 2810/2810 2794/2794 2793/2793
f 2810/2810 2811/2811 2795/2795 2794/2794
f 2811/2811 2812/2812 2796/2796 2795/2795
f 2812/2812 2813/2813 2797/2797 2796/2796
f 2813/2813 2814/2814 2798/2798 2797/2797
f 2814/2814 2815/2815 2799/2799 2798/2798
f 2815/2815 2816/2816 2800/2800 2799/2799
f 2816/2816 2801/2801 2785/2785 2800/2800
f 2817/2817 2818/2818 2802/2802 2801/2801
f 2818/2818 2819/2819 2803/2803 2802/2802
f 2819/2819 2820/2820 2804/2804 2803/2803
f 2820/2820 2821/2821 2805/2805 2804/2804
f 2821/2821 2822/2822 2806/2806 2805/2805
f 2822/2822 2823/2823 2807/2807 2806/2806
f 2823/2823 2824/2824 2808/2808 2807/2807
f 2824/2824 2825/2825 2809/2809 2808/2808
f 2825/2825 2826/2826 2810/2810 2809/2809
f 2826/2826 2827/2827 2811/2811 2810/2810
f 2827/2827 2828/2828 2812/2812 2811/2811
f 2828/2828 2829/2829 2813/2813 2812/2812
f 2829/2829 2830/2830 2814/2814 2813/2813
f 2830/2830 2831/2831 2815/2815 2814/2814
f 2831/2831 2832/2832 2816/2816 2815/2815
f 2832/2832 2817/2817 2801/2801 2816/2816
f 2833/2833 2834/2834 2818/2818 2817/2817
f 2834/2834 2835/2835 2819/2819 2818/2818
f 2835/2835 2836/2836 2820/2820 2819/2819
f 2836/2836 2837/2837 2821/2821 2820/2820
f 2837/2837 2838/2838 2822/2822 2821/2821
f 2838/2838 2839/2839 2823/2823 2822/2822
f 2839/2839 2840/2840 2824/2824 2823/2823
f 2840/2840 2841/2841 2825/2825 2824/2824
f 2841/2841 2842/2842 2826/2826 2825/2825
f 2842/2842 2843/2843 2827/2827 2826/2826
f 2843/2843 2844/2844 2828/2828 2827/2827
f 2844/2844 2845/2845 2829/2829 2828/2828
f 2845/2845 2846/2846 2830/2830 2829/2829
f 2846/2846 2847/2847 2831/2831 2830/2830
f 2847/2847 2848/2848 2832/2832 2831/2831
f 2848/2848 2833/2833 2817/2817 2832/2832
f 2849/2849 2850/2850 2834/2834 2833/2833
f 2850/2850 2851/2851 2835/2835 2834/2834
f 2851/2851 2852/2852 2836/2836 2835/2835
f 2852/2852 2853/2853 2837/2837 2836/2836
f 2853/2853 2854/2854 2838/2838 2837/2837
f 2854/2854 2855/2855 2839/2839 2838/2838
f 2855/2855 2856/2856 2840/2840 2839/2839
f 2856/2856 2857/2857 2841/2841 2840/2840
f 2857/2857 2858/2858 2842/2842 2841/2841
f 2858/2858 2859/2859 2843/2843 2842/2842
f 2859/2859 2860/2860 2844/2844 2843/2843
f 2860/2860 2861/2861 2845/2845 2844/2844
f 2861/2861 2862/2862 2846/2846 2845/2845
f 2862/2862 2863/2863 2847/2847 2846/2846
f 2863/2863 2864/2864 2848/2848 2847/2847
f 2864/2864 2849/2849 2833/2833 2848/2848
f 2865/2865 2866/2866 2850/2850 2849/2849
f 2866/2866 2867/2867 2851/2851 2850/2850
f 2867/2867 2868/2868 2852/2852 2851/2851
f 2868/2868 2869/2869 2853/2853 2852/2852
f 2869/2869 2870/2870 2854/2854 2853/2853
f 2870/2870 2871/2871 2855/2855 2854/2854
f 2871/2871 2872/2872 2856/2856 2855/2855
f 2872/2872 2873/2873 2857/2857 2856/2856
f 2873/2873 2874/2874 2858/2858 2857/2857
f 2874/2874 2875/2875 2859/2859 2858/2858
f 2875/2875 2876/2876 2860/2860 2859/2859
f 2876/2876 2877/2877 2861/2861 2860/2860
f 2877/2877 2878/2878 2862/2862 2861/2861
f 2878/2878 2879/2879 2863/2863 2862/2862
f 2879/2879 2880/2880 2864/2864 2863/2863
f 2880/2880 2865/2865 2849/2849 2864/2864
f 2897/2897 2898/2898 2882/2882 2881/2881
f 2898/2898 2899/2899 2883/2883 2882/2882
f 2899/2899 2900/2900 2884/2884 2883/2883
f 2900/2900 2901/2901 2885/2885 2884/2884
f 2901/2901 2902/2902 2886/2886 2885/2885
f 2902/2902 2903/2903 2887/2887 2886/2886
f 2903/2903 2904/2904 2888/2888 2887/2887
f 2904/2904 2905/2905 2889/2889 2888/2888
f 2905/2905 2906/2906 2890/2890 2889/2889
f 2906/2906 2907/2907 2891/2891 2890/2890
f 2907/2907 2908/2908 2892/2892 2891/2891
f 2908/2908 2909/2909 2893/2893 2892/2892
f 2909/2909 2910/2910 2894/2894 2893/2893
f 2910/2910 2911/2911 2895/2895 2894/2894
f 2911/2911 2912/2912 2896/2896 2895/2895
f 2912/2912 2897/2897 2881/2881 2896/2896
f 2913/2913 2914/2914 2898/2898 2897/2897
f 2914/2914 2915/2915 2899/2899 2898/2898
f 2915/2915 2916/2916 2900/2900 2899/2899
f 2916/2916 2917/2917 2901/2901 2900/2900
f 2917/2917 2918/2918 2902/2902 2901/2901
f 2918/2918 2919/2919 2903/2903 2902/2902
f 2919/2919 2920/2920 2904/2904 2903/2903
f 2920/2920 2921/2921 2905/2905 2904/2904
f 2921/2921 2922/2922 2906/2906 2905/2905
f 2922/2922 2923/2923 2907/2907 2906/2906
f 2923/2923 2924/2924 2908/2908 2907/2907
f 2924/2924 2925/2925 2909/2909 2908/2908
f 2925/2925 2926/2926 2910/2910 2909/2909
f 2926/2926 2927/2927 2911/2911 2910/2910
f 2927/2927 2928/2928 2912/2912 2911/2911
f 2928/2928 2913/2913 2897/2897 2912/2912
f 2929/2929 2930/2930 2914/2914 2913/2913
f 2930/2930 2931/2931 2915/2915 2914/2914
f 2931/2931 2932/2932 2916/2916 2915/2915
f 2932/2932 2933/2933 2917/2917 2916/2916
f 2933/2933 2934/2934 2918/2918 2917/2917
f 2934/2934 2935/2935 2919/2919 2918/2918
f 2935/2935 2936/2936 2920/2920 2919/2919
f 2936/2936 2937/2937 2921/2921 2920/2920
f 2937/2937 2938/2938 2922/2922 2921/2921
f 2938/2938 2939/2939 2923/2923 2922/2922
f 2939/2939 2940/2940 2924/2924 2923/2923
f 2940/2940 2941/2941 2925/2925 2924/2924
f 2941/2941 2942/2942 2926/2926 2925/2925
f 2942/2942 2943/2943 2927/2927 2926/2926
f 2943/2943 2944/2944 2928/2928 2927/2927
f 2944/2944 2929/2929 2913/2913 2928/2928
f 2945/2945 2946/2946 2930/2930 2929/2929
f 2946/2946 2947/2947 2931/2931 2930/2930
f 2947/2947 2948/2948 2932/2932 2931/2931
f 2948/2948 2949/2949 2933/2933 2932/2932
f 2949/2949 2950/2950 2934/2934 2933/2933
f 2950/2950 2951/2951 2935/2935 2934/2934
f 2951/2951 2952/2952 2936/2936 2935/2935
f 2952/2952 2953/2953 2937/2937 2936/2936
f 2953/2953 2954/2954 2938/2938 2937/2937
f 2954/2954 2955/2955 2939/2939 2938/2938
f 2955/2955 2956/2956 2940/2940 2939/2939
f 2956/2956 2957/2957 2941/2941 2940/2940
f 2957/2957 2958/2958 2942/2942 2941/2941
f 2958/2958 2959/2959 2943/2943 2942/2942
f 2959/2959 2960/2960 2944/2944 2943/2943
f 2960/2960 2945/2945 2929/2929 2944/2944
f 2961/2961 2962/2962 2946/2946 2945/2945
f 2962/2962 2963/2963 2947/2947 2946/2946
f 2963/2963 2964/2964 2948/2948 2947/2947
f 2964/2964 2965/2965 2949/2949 2948/2948
f 2965/2965 2966/2966 2950/2950 2949/2949
f 2966/2966 2967/2967 2951/2951 2950/2950
f 2967/2967 2968/2968 2952/2952 2951/2951
f 2968/2968 2969/2969 2953/2953 2952/2952
f 2969/2969 2970/2970 2954/2954 2953/2953
f 2970/2970 2971/2971 2955/2955 2954/2954
f 2971/2971 2972/2972 2956/2956 2955/2955
f 2972/2972 2973/2973 2957/2957 2956/2956
f 2973/2973 2974/2974 2958/2958 2957/2957
f 2974/2974 2975/2975 2959/2959 2958/2958
f 2975/2975 2976/2976 2960/2960 2959/2959
f 2976/2976 2961/2961 2945/2945 2960/2960
f 2977/2977 2978/2978 2962/2962 2961/2961
f 2978/2978 2979/2979 2963/2963 2962/2962
f 2979/2979 2980/2980 2964/2964 2963/2963
f 2980/2980 2981/2981 2965/2965 2964/2964
f 2981/2981 2982/2982 2966/2966 2965/2965
f 2982/2982 2983/2983 2967/2967 2966/2966
f 2983/2983 2984/2984 2968/2968 2967/2967
f 2984/2984 2985/2985 2969/2969 2968/2968
f 2985/2985 2986/2986 2970/2970 2969/2969
f 2986/2986 2987/2987 2971/2971 2970/2970
f 2987/2987 2988/2988 2972/2972 2971/2971
f 2988/2988 2989/2989 2973/2973 2972/2972
f 2989/2989 2990/2990 2974/2974 2973/2973
f 2990/2990 2991/2991 2975/2975 2974/2974
f 2991/2991 2992/2992 2976/2976 2975/2975
f 2992/2992 2977/2977 2961/2961 2976/2976
f 2993/2993 2994/2994 2978/2978 2977/2977
f 2994/2994 2995/2995 2979/2979 2978/2978
f 2995/2995 2996/2996 2980/2980 2979/2979
f 2996/2996 2997/2997 2981/2981 2980/2980
f 2997/2997 2998/2998 2982/2982 2981/2981
f 2998/2998 2999/2999 2983/2983 2982/2982
f 2999/2999 3000/3000 2984/2984 2983/2983
f 3000/3000 3001/3001 2985/2985 2984/2984
f 3001/3001 3002/3002 2986/2986 2985/2985
f 3002/3002 3003/3003 2987/2987 2986/2986
f 3003/3003 3004/3004 2988/2988 2987/2987
f 3004/3004 3005/3005 2989/2989 2988/2988
f 3005/3005 3006/3006 2990/2990 2989/2989
f 3006/3006 3007/3007 2991/2991 2990/2990
f 3007/3007 3008/3008 2992/2992 2991/2991
f 3008/3008 2993/2993 2977/2977 2992/2992
f 3009/3009 3010/3010 2994/2994 2993/2993
f 3010/3010 3011/3011 2995/2995 2994/2994
f 3011/3011 3012/3012 2996/2996 2995/2995
f 3012/3012 3013/3013 2997/2997 2996/2996
f 3013/3013 3014/3014 2998/2998 2997/2997
f 3014/3014 3015/3015 2999/2999 2998/2998
f 3015/3015 3016/3016 3000/3000 2999/2999
f 3016/3016 3017/3017 3001/3001 3000/3000
f 3017/3017 3018/3018 3002/3002 3001/3001
f 3018/3018 3019/3019 3003/3003 3002/3002
f 3019/3019 3020/3020 3004/3004 3003/3003
f 3020/3020 3021/3021 3005/3005 3004/3004
f 3021/3021 3022/3022 3006/3006 3005/3005
f 3022/3022 3023/3023 3007/3007 3006/3006
f 3023/3023 3024/3024 3008/3008 3007/3007
f 3024/3024 3009/3009 2993/2993 3008/3008
f 3041/3041 3042/3042 3026/3026 3025/3025
f 3042/3042 3043/3043 3027/3027 3026/3026
f 3043/3043 3044/3044 3028/3028 3027/3027
f 3044/3044 3045/3045 3029/3029 3028/3028
f 3045/3045 3046/3046 3030/3030 3029/3029
f 3046/3046 3047/3047 3031/3031 3030/3030
f 3047/3047 3048/3048 3032/3032 3031/3031
f 3048/3048 3049/3049 3033/3033 3032/3032
f 3049/3049 3050/3050 3034/3034 3033/3033
f 3050/3050 3051/3051 3035/3035 3034/3034
f 3051/3051 3052/3052 3036/3036 3035/3035
f 3052/3052 3053/3053 3037/3037 3036/3036
f 3053/3053 3054/3054 3038/3038 3037/3037
f 3054/3054 3055/3055 3039/3039 3038/3038
f 3055/3055 3056/3056 3040/3040 3039/3039
f 3056/3056 3041/3041 3025/3025 3040/3040
f 3057/3057 3058/3058 3042/3042 3041/3041
f 3058/3058 3059/3059 3043/3043 3042/3042
f 3059/3059 3060/3060 3044/3044 3043/3043
f 3060/3060 3061/3061 3045/3045 3044/3044
f 3061/3061 3062/3062 3046/3046 3045/3045
f 3062/3062 3063/3063 3047/3047 3046/3046
f 3063/3063 3064/3064 3048/3048 3047/3047
f 3064/3064 3065/3065 3049/3049 3048/3048
f 3065/3065 3066/3066 3050/3050 3049/3049
f 3066/3066 3067/3067 3051/3051 3050/3050
f 3067/3067 3068/3068 3052/3052 3051/3051
f 3068/3068 3069/3069 3053/3053 3052/3052
f 3069/3069 3070/3070 3054/3054 3053/3053
f 3070/3070 3071/3071 3055/3055 3054/3054
f 3071/3071 3072/3072 3056/3056 3055/3055
f 3072/3072 3057/3057 3041/3041 3056/3056
f 3073/3073 3074/3074 3058/3058 3057/3057
f 3074/3074 3075/3075 3059/3059 3058/3058
f 3075/3075 3076/3076 3060/3060 3059/3059
f 3076/3076 3077/3077 3061/3061 3060/3060
f 3077/3077 3078/3078 3062/3062 3061/3061
f 3078/3078 3079/3079 3063/3063 3062/3062
f 3079/3079 3080/3080 3064/3064 3063/3063
f 3080/3080 3081/3081 3065/3065 3064/3064
f 3081/3081 3082/3082 3066/3066 3065/3065
f 3082/3082 3083/3083 3067/3067 3066/3066
f 3083/3083 3084/3084 3068/3068 3067/3067
f 3084/3084 3085/3085 3069/3069 3068/3068
f 3085/3085 3086/3086 3070/3070 3069/3069
f 3086/3086 3087/3087 3071/3071 3070/3070
f 3087/3087 3088/3088 3072/3072 3071/3071
f 3088/3088 3073/3073 3057/3057 3072/3072
f 3089/3089 3090/3090 3074/3074 3073/3073
f 3090/3090 3091/3091 3075/3075 3074/3074
f 3091/3091 3092/3092 3076/3076 3075/3075
f 3092/3092 3093/3093 3077/3077 3076/3076
f 3093/3093 3094/3094 3078/3078 3077/3077
f 3094/3094 3095/3095 3079/3079 3078/3078
f 3095/3095 3096/3096 3080/3080 3079/3079
f 3096/3096 3097/3097 3081/3081 3080/3080
f 3097/3097 3098/3098 3082/3082 3081/3081
f 3098/3098 3099/3099 3083/3083 3082/3082
f 3099/3099 3100/3100 3084/3084 3083/3083
f 3100/3100 3101/3101 3085/3085 3084/3084
f 3101/3101 3102/3102 3086/3086 3085/3085
f 3102/3102 3103/3103 3087/3087 3086/3086
f 3103/3103 3104/3104 3088/3088 3087/3087
f 3104/3104 3089/3089 3073/3073 3088/3088
f 3105/3105 3106/3106 3090/3090 3089/3089
f 3106/3106 3107/3107 3091/3091 3090/3090
f 3107/3107 3108/3108 3092/3092 3091/3091
f 3108/3108 3109/3109 3093/3093 3092/3092
f 3109/3109 3110/3110 3094/3094 3093/3093
f 3110/3110 3111/3111 3095/3095 3094/3094
f 3111/3111 3112/3112 3096/3096 3095/3095
f 3112/3112 3113/3113 3097/3097 3096/3096
f 3113/3113 3114/3114 3098/3098 3097/3097
f 3114/3114 3115/3115 3099/3099 3098/3098
f 3115/3115 3116/3116 3100/3100 3099/3099
f 3116/3116 3117/3117 3101/3101 3100/3100
f 3117/3117 3118/3118 3102/3102 3101/3101
f 3118/3118 3119/3119 3103/3103 3102/3102
f 3119/3119 3120/3120 3104/3104 3103/3103
f 3120/3120 3105/3105 3089/3089 3104/3104
f 3121/3121 3122/3122 3106/3106 3105/3105
f 3122/3122 3123/3123 3107/3107 3106/3106
f 3123/3123 3124/3124 3108/3108 3107/3107
f 3124/3124 3125/3125 3109/3109 3108/3108
f 3125/3125 3126/3126 3110/3110 3109/3109
f 3126/3126 3127/3127 3111/3111 3110/3110
f 3127/3127 3128/3128 3112/3112 3111/3111
f 3128/3128 3129/3129 3113/3113 3112/3112
f 3129/3129 3130/3130 3114/3114 3113/3113
f 3130/3130 3131/3131 3115/3115 3114/3114
f 3131/3131 3132/3132 3116/3116 3115/3115
f 3132/3132 3133/3133 3117/3117 3116/3116
f 3133/3133 3134/3134 3118/3118 3117/3117
f 3134/3134 3135/3135 3119/3119 3118/3118
f 3135/3135 3136/3136 3120/3120 3119/3119
f 3136/3136 3121/3121 3105/3105 3120/3120
f 3137/3137 3138/3138 3122/3122 3121/3121
f 3138/3138 3139/3139 3123/3123 3122/3122
f 3139/3139 3140/3140 3124/3124 3123/3123
f 3140/3140 3141/3141 3125/3125 3124/3124
f 3141/3141 3142/3142 3126/3126 3125/3125
f 3142/3142 3143/3143 3127/3127 3126/3126
f 3143/3143 3144/3144 3128/3128 3127/3127
f 3144/3144 3145/3145 3129/3129 3128/3128
f 3145/3145 3146/3146 3130/3130 3129/3129
f 3146/3146 3147/3147 3131/3131 3130/3130
f 3147/3147 3148/3148 3132/3132 3131/3131
f 3148/3148 3149/3149 3133/3133 3132/3132
f 3149/3149 3150/3150 3134/3134 3133/3133
f 3150/3150 3151/3151 3135/3135 3134/3134
f 3151/3151 3152/3152 3136/3136 3135/3135
f 3152/3152 3137/3137 3121/3121 3136/3136
f 3153/3153 3154/3154 3138/3138 3137/3137
f 3154/3154 3155/3155 3139/3139 3138/3138
f 3155/3155 3156/3156 3140/3140 3139/3139
f 3156/3156 3157/3157 3141/3141 3140/3140
f 3157/3157 3158/3158 3142/3142 3141/3141
f 3158/3158 3159/3159 3143/3143 3142/3142
f 3159/3159 3160/3160 3144/3144 3143/3143
f 3160/3160 3161/3161 3145/3145 3144/3144
f 3161/3161 3162/3162 3146/3146 3145/3145
f 3162/3162 3163/3163 3147/3147 3146/3146
f 3163/3163 3164/3164 3148/3148 3147/3147
f 3164/3164 3165/3165 3149/3149 3148/3148
f 3165/3165 3166/3166 3150/3150 3149/3149
f 3166/3166 3167/3167 3151/3151 3150/3150
f 3167/3167 3168/3168 3152/3152 3151/3151
f 3168/3168 3153/3153 3137/3137 3152/3152
f 3185/3185 3186/3186 3170/3170 3169/3169
f 3186/3186 3187/3187 3171/3171 3170/3170
f 3187/3187 3188/3188 3172/3172 3171/3171
f 3188/3188 3189/3189 3173/3173 3172/3172
f 3189/3189 3190/3190 3174/3174 3173/3173
f 3190/3190 3191/3191 3175/3175 3174/3174
f 3191/3191 3192/3192 3176/3176 3175/3175
f 3192/3192 3193/3193 3177/3177 3176/3176
f 3193/3193 3194/3194 3178/3178 3177/3177
f 3194/3194 3195/3195 3179/3179 3178/3178
f 3195/3195 3196/3196 3180/3180 3179/3179
f 3196/3196 3197/3197 3181/3181 3180/3180
f 3197/3197 3198/3198 3182/3182 3181/3181
f 3198/3198 3199/3199 3183/3183 3182/3182
f 3199/3199 3200/3200 3184/3184 3183/3183
f 3200/3200 3185/3185 3169/3169 3184/3184
f 3201/3201 3202/3202 3186/3186 3185/3185
f 3202/3202 3203/3203 3187/3187 3186/3186
f 3203/3203 3204/3204 3188/3188 3187/3187
f 3204/3204 3205/3205 3189/3189 3188/3188
f 3205/3205 3206/3206 3190/3190 3189/3189
f 3206/3206 3207/3207 3191/3191 3190/3190
f 3207/3207 3208/3208 3192/3192 3191/3191
f 3208/3208 3209/3209 3193/3193 3192/3192
f 3209/3209 3210/3210 3194/3194 3193/3193
f 3210/3210 3211/3211 3195/3195 3194/3194
f 3211/3211 3212/3212 3196/3196 3195/3195
f 3212/3212 3213/3213 3197/3197 3196/3196
f 3213/3213 3214/3214 3198/3198 3197/3197
f 3214/3214 3215/3215 3199/3199 3198/3198
f 3215/3215 3216/3216 3200/3200 3199/3199
f 3216/3216 3201/3201 3185/3185 3200/3200
f 3217/3217 3218/3218 3202/3202 3201/3201
f 3218/3218 3219/3219 3203/3203 3202/3202
f 3219/3219 3220/3220 3204/3204 3203/3203
f 3220/3220 3221/3221 3205/3205 3204/3204
f 3221/3221 3222/3222 3206/3206 3205/3205
f 3222/3222 3223/3223 3207/3207 3206/3206
f 3223/3223 3224/3224 3208/3208 3207/3207
f 3224/3224 3225/3225 3209/3209 3208/3208
f 3225/3225 3226/3226 3210/3210 3209/3209
f 3226/3226 3227/3227 3211/3211 3210/3210
f 3227/3227 3228/3228 3212/3212 3211/3211
f 3228/3228 3229/3229 3213/3213 3212/3212
f 3229/3229 3230/3230 3214/3214 3213/3213
f 3230/3230 3231/3231 3215/3215 3214/3214
f 3231/3231 3232/3232 3216/3216 3215/3215
f 3232/3232 3217/3217 3201/3201 3216/3216
f 3233/3233 3234/3234 3218/3218 3217/3217
f 3234/3234 3235/3235 3219/3219 3218/3218
f 3235/3235 3236/3236 3220/3220 3219/3219
f 3236/3236 3237/3237 3221/3221 3220/3220
f 3237/3237 3238/3238 3222/3222 3221/3221
f 3238/3238 3239/3239 3223/3223 3222/3222
f 3239/3239 3240/3240 3224/3224 3223/3223
f 3240/3240 3241/3241 3225/3225 3224/3224
f 3241/3241 3242/3242 3226/3226 3225/3225
f 3242/3242 3243/3243 3227/3227 3226/3226
f 3243/3243 3244/3244 3228/3228 3227/3227
f 3244/3244 3245/3245 3229/3229 3228/3228
f 3245/3245 3246/3246 3230/3230 3229/3229
f 3246/3246 3247/3247 3231/3231 3230/3230
f 3247/3247 3248/3248 3232/3232 3231/3231
f 3248/3248 3233/3233 3217/3217 3232/3232
f 3249/3249 3250/3250 3234/3234 3233/3233
f 3250/3250 3251/3251 3235/3235 3234/3234
f 3251/3251 3252/3252 3236/3236 3235/3235
f 3252/3252 3253/3253 3237/3237 3236/3236
f 3253/3253 3254/3254 3238/3238 3237/3237
f 3254/3254 3255/3255 3239/3239 3238/3238
f 3255/3255 3256/3256 3240/3240 3239/3239
f 3256/3256 3257/3257 3241/3241 3240/3240
f 3257/3257 3258/3258 3242/3242 3241/3241
f 3258/3258 3259/3259 3243/3243 3242/3242
f 3259/3259 3260/3260 3244/3244 3243/3243
f 3260/3260 3261/3261 3245/3245 3244/3244
f 3261/3261 3262/3262 3246/3246 3245/3245
f 3262/3262 3263/3263 3247/3247 3246/3246
f 3263/3263 3264/3264 3248/3248 3247/3247
f 3264/3264 3249/3249 3233/3233 3248/3248
f 3265/3265 3266/3266 3250/3250 3249/3249
f 3266/3266 3267/3267 3251/3251 3250/3250
f 3267/3267 3268/3268 3252/3252 3251/3251
f 3268/3268 3269/3269 3253/3253 3252/3252
f 3269/3269 3270/3270 3254/3254 3253/3253
f 3270/3270 3271/3271 3255/3255 3254/3254
f 3271/3271 3272/3272 3256/3256 3255/3255
f 3272/3272 3273/3273 3257/3257 3256/3256
f 3273/3273 3274/3274 3258/3258 3257/3257
f 3274/3274 3275/3275 3259/3259 3258/3258
f 3275/3275 3276/3276 3260/3260 3259/3259
f 3276/3276 3277/3277 3261/3261 3260/3260
f 3277/3277 3278/3278 3262/3262 3261/3261
f 3278/3278 3279/3279 3263/3263 3262/3262
f 3279/3279 3280/3280 3264/3264 3263/3263
f 3280/3280 3265/3265 3249/3249 3264/3264
f 3281/3281 3282/3282 3266/3266 3265/3265
f 3282/3282 3283/3283 3267/3267 3266/3266
f 3283/3283 3284/3284 3268/3268 3267/3267
f 3284/3284 3285/3285 3269/3269 3268/3268
f 3285/3285 3286/3286 3270/3270 3269/3269
f 3286/3286 3287/3287 3271/3271 3270/3270
f 3287/3287 3288/3288 3272/3272 3271/3271
f 3288/3288 3289/3289 3273/3273 3272/3272
f 3289/3289 3290/3290 3274/3274 3273/3273
f 3290/3290 3291/3291 3275/3275 3274/3274
f 3291/3291 3292/3292 3276/3276 3275/3275
f 3292/3292 3293/3293 3277/3277 3276/3276
f 3293/3293 3294/3294 3278/3278 3277/3277
f 3294/3294 3295/3295 3279/3279 3278/3278
f 3295/3295 3296/3296 3280/3280 3279/3279
f 3296/3296 3281/3281 3265/3265 3280/3280
f 3297/3297 3298/3298 3282/3282 3281/3281
f 3298/3298 3299/3299 3283/3283 3282/3282
f 3299/3299 3300/3300 3284/3284 3283/3283
f 3300/3300 3301/3301 3285/3285 3284/3284
f 3301/3301 3302/3302 3286/3286 3285/3285
f 3302/3302 3303/3303 3287/3287 3286/3286
f 3303/3303 3304/3304 3288/3288 3287/3287
f 3304/3304 3305/3305 3289/3289 3288/3288
f 3305/3305 3306/3306 3290/3290 3289/3289
f 3306/3306 3307/3307 3291/3291 3290/3290
f 3307/3307 3308/3308 3292/3292 3291/3291
f 3308/3308 3309/3309 3293/3293 3292/3292
f 3309/3309 3310/3310 3294/3294 3293/3293
f 3310/3310 3311/3311 3295/3295 3294/3294
f 3311/3311 3312/3312 3296/3296 3295/3295
f 3312/3312 3297/3297 3281/3281 3296/3296
f 3329/3329 3330/3330 3314/3314 3313/3313
f 3330/3330 3331/3331 3315/3315 3314/3314
f 3331/3331 3332/3332 3316/3316 3315/3315
f 3332/3332 3333/3333 3317/3317 3316/3316
f 3333/3333 3334/3334 3318/3318 3317/3317
f 3334/3334 3335/3335 3319/3319 3318/3318
f 3335/3335 3336/3336 3320/3320 3319/3319
f 3336/3336 3337/3337 3321/3321 3320/3320
f 3337/3337 3338/3338 3322/3322 3321/3321
f 3338/3338 3339/3339 3323/3323 3322/3322
f 3339/3339 3340/3340 3324/3324 3323/3323
f 3340/3340 3341/3341 3325/3325 3324/3324
f 3341/3341 3342/3342 3326/3326 3325/3325
f 3342/3342 3343/3343 3327/3327 3326/3326
f 3343/3343 3344/3344 3328/3328 3327/3327
f 3344/3344 3329/3329 3313/3313 3328/3328
f 3345/3345 3346/3346 3330/3330 3329/3329
f 3346/3346 3347/3347 3331/3331 3330/3330
f 3347/3347 3348/3348 3332/3332 3331/3331
f 3348/3348 3349/3349 3333/3333 3332/3332
f 3349/3349 3350/3350 3334/3334 3333/3333
f 3350/3350 3351/3351 3335/3335 3334/3334
f 3351/3351 3352/3352 3336/3336 3335/3335
f 3352/3352 3353/3353 3337/3337 3336/3336
f 3353/3353 3354/3354 3338/3338 3337/3337
f 3354/3354 3355/3355 3339/3339 3338/3338
f 3355/3355 3356/3356 3340/3340 3339/3339
f 3356/3356 3357/3357 3341/3341 3340/3340
f 3357/3357 3358/3358 3342/3342 3341/3341
f 3358/3358 3359/3359 3343/3343 3342/3342
f 3359/3359 3360/3360 3344/3344 3343/3343
f 3360/3360 3345/3345 3329/3329 3344/3344
f 3361/3361 3362/3362 3346/3346 3345/3345
f 3362/3362 3363/3363 3347/3347 3346/3346
f 3363/3363 3364/3364 3348/3348 3347/3347
f 3364/3364 3365/3365 3349/3349 3348/3348
f 3365/3365 3366/3366 3350/3350 3349/3349
f 3366/3366 3367/3367 3351/3351 3350/3350
f 3367/3367 3368/3368 3352/3352 3351/3351
f 3368/3368 3369/3369 3353/3353 3352/3352
f 3369/3369 3370/3370 3354/3354 3353/3353
f 3370/3370 3371/3371 3355/3355 3354/3354
f 3371/3371 3372/3372 3356/3356 3355/3355
f 3372/3372 3373/3373 3357/3357 3356/3356
f 3373/3373 3374/3374 3358/3358 3357/3357
f 3374/3374 3375/3375 3359/3359 3358/3358
f 3375/3375 3376/3376 3360/3360 3359/3359
f 3376/3376 3361/3361 3345/3345 3360/3360
f 3377/3377 3378/3378 3362/3362 3361/3361
f 3378/3378 3379/3379 3363/3363 3362/3362
f 3379/3379 3380/3380 3364/3364 3363/3363
f 3380/3380 3381/3381 3365/3365 3364/3364
f 3381/3381 3382/3382 3366/3366 3365/3365
f 3382/3382 3383/3383 3367/3367 3366/3366
f 3383/3383 3384/3384 3368/3368 3367/3367
f 3384/3384 3385/3385 3369/3369 3368/3368
f 3385/3385 3386/3386 3370/3370 3369/3369
f 3386/3386 3387/3387 3371/3371 3370/3370
f 3387/3387 3388/3388 3372/3372 3371/3371
f 3388/3388 3389/3389 3373/3373 3372/3372
f 3389/3389 3390/3390 3374/3374 3373/3373
f 3390/3390 3391/3391 3375/3375 3374/3374
f 3391/3391 3392/3392 3376/3376 3375/3375
f 3392/3392 3377/3377 3361/3361 3376/3376
f 3393/3393 3394/3394 3378/3378 3377/3377
f 3394/3394 3395/3395 3379/3379 3378/3378
f 3395/3395 3396/3396 3380/3380 3379/3379
f 3396/3396 3397/3397 3381/3381 3380/3380
f 3397/3397 3398/3398 3382/3382 3381/3381
f 3398/3398 3399/3399 3383/3383 3382/3382
f 3399/3399 3400/3400 3384/3384 3383/3383
f 3400/3400 3401/3401 3385/3385 3384/3384
f 3401/3401 3402/3402 3386/3386 3385/3385
f 3402/3402 3403/3403 3387/3387 3386/3386
f 3403/3403 3404/3404 3388/3388 3387/3387
f 3404/3404 3405/3405 3389/3389 3388/3388
f 3405/3405 3406/3406 3390/3390 3389/3389
f 3406/3406 3407/3407 3391/3391 3390/3390
f 3407/3407 3408/3408 3392/3392 3391/3391
f 3408/3408 3393/3393 3377/3377 3392/3392
f 3409/3409 3410/3410 3394/3394 3393/3393
f 3410/3410 3411/3411 3395/3395 3394/3394
f 3411/3411 3412/3412 3396/3396 3395/3395
f 3412/3412 3413/3413 3397/3397 3396/3396
f 3413/3413 3414/3414 3398/3398 3397/3397
f 3414/3414 3415/3415 3399/3399 3398/3398
f 3415/3415 3416/3416 3400/3400 3399/3399
f 3416/3416 3417/3417 3401/3401 3400/3400
f 3417/3417 3418/3418 3402/3402 3401/3401
f 3418/3418 3419/3419 3403/3403 3402/3402
f 3419/3419 3420/3420 3404/3404 3403/3403
f 3420/3420 3421/3421 3405/3405 3404/3404
f 3421/3421 3422/3422 3406/3406 3405/3405
f 3422/3422 3423/3423 3407/3407 3406/3406
f 3423/3423 3424/3424 3408/3408 3407/3407
f 3424/3424 3409/3409 3393/3393 3408/3408
f 3425/3425 3426/3426 3410/3410 3409/3409
f 3426/3426 3427/3427 3411/3411 3410/3410
f 3427/3427 3428/3428 3412/3412 3411/3411
f 3428/3428 3429/3429 3413/3413 3412/3412
f 3429/3429 3430/3430 3414/3414 3413/3413
f 3430/3430 3431/3431 3415/3415 3414/3414
f 3431/3431 3432/3432 3416/3416 3415/3415
f 3432/3432 3433/3433 3417/3417 3416/3416
f 3433/3433 3434/3434 3418/3418 3417/3417
f 3434/3434 3435/3435 3419/3419 3418/3418
f 3435/3435 3436/3436 3420/3420 3419/3419
f 3436/3436 3437/3437 3421/3421 3420/3420
f 3437/3437 3438/3438 3422/3422 3421/3421
f 3438/3438 3439/3439 3423/3423 3422/3422
f 3439/3439 3440/3440 3424/3424 3423/3423
f 3440/3440 3425/3425 3409/3409 3424/3424
f 3441/3441 3442/3442 3426/3426 3425/3425
f 3442/3442 3443/3443 3427/3427 3426/3426
f 3443/3443 3444/3444 3428/3428 3427/3427
f 3444/3444 3445/3445 3429/3429 3428/3428
f 3445/3445 3446/3446 3430/3430 3429/3429
f 3446/3446 3447/3447 3431/3431 3430/3430
f 3447/3447 3448/3448 3432/3432 3431/3431
f 3448/3448 3449/3449 3433/3433 3432/3432
f 3449/3449 3450/3450 3434/3434 3433/3433
f 3450/3450 3451/3451 3435/3435 3434/3434
f 3451/3451 3452/3452 3436/3436 3435/3435
f 3452/3452 3453/3453 3437/3437 3436/3436
f 3453/3453 3454/3454 3438/3438 3437/3437
f 3454/3454 3455/3455 3439/3439 3438/3438
f 3455/3455 3456/3456 3440/3440 3439/3439
f 3456/3456 3441/3441 3425/3425 3440/3440
f 3473/3473 3474/3474 3458/3458 3457/3457
f 3474/3474 3475/3475 3459/3459 3458/3458
f 3475/3475 3476/3476 3460/3460 3459/3459
f 3476/3476 3477/3477 3461/3461 3460/3460
f 3477/3477 3478/3478 3462/3462 3461/3461
f 3478/3478 3479/3479 3463/3463 3462/3462
f 3479/3479 3480/3480 3464/3464 3463/3463
f 3480/3480 3481/3481 3465/3465 3464/3464
f 3481/3481 3482/3482 3466/3466 3465/3465
f 3482/3482 3483/3483 3467/3467 3466/3466
f 3483/3483 3484/3484 3468/3468 3467/3467
f 3484/3484 3485/3485 3469/3469 3468/3468
f 3485/3485 3486/3486 3470/3470 3469/3469
f 3486/3486 3487/3487 3471/3471 3470/3470
f 3487/3487 3488/3488 3472/3472 3471/3471
f 3488/3488 3473/3473 3457/3457 3472/3472
f 3489/3489 3490/3490 3474/3474 3473/3473
f 3490/3490 3491/3491 3475/3475 3474/3474
f 3491/3491 3492/3492 3476/3476 3475/3475
f 3492/3492 3493/3493 3477/3477 3476/3476
f 3493/3493 3494/3494 3478/3478 3477/3477
f 3494/3494 3495/3495 3479/3479 3478/3478
f 3495/3495 3496/3496 3480/3480 3479/3479
f 3496/3496 3497/3497 3481/3481 3480/3480
f 3497/3497 3498/3498 3482/3482 3481/3481
f 3498/3498 3499/3499 3483/3483 3482/3482
f 3499/3499 3500/3500 3484/3484 3483/3483
f 3500/3500 3501/3501 3485/3485 3484/3484
f 3501/3501 3502/3502 3486/3486 3485/3485
f 3502/3502 3503/3503 3487/3487 3486/3486
f 3503/3503 3504/3504 3488/3488 3487/3487
f 3504/3504 3489/3489 3473/3473 3488/3488
f 3505/3505 3506/3506 3490/3490 3489/3489
f 3506/3506 3507/3507 3491/3491 3490/3490
f 3507/3507 3508/3508 3492/3492 3491/3491
f 3508/3508 3509/3509 3493/3493 3492/3492
f 3509/3509 3510/3510 3494/3494 3493/3493
f 3510/3510 3511/3511 3495/3495 3494/3494
f 3511/3511 3512/3512 3496/3496 3495/3495
f 3512/3512 3513/3513 3497/3497 3496/3496
f 3513/3513 3514/3514 3498/3498 3497/3497
f 3514/3514 3515/3515 3499/3499 3498/3498
f 3515/3515 3516/3516 3500/3500 3499/3499
f 3516/3516 3517/3517 3501/3501 3500/3500
f 3517/3517 3518/3518 3502/3502 3501/3501
f 3518/3518 3519/3519 3503/3503 3502/3502
f 3519/3519 3520/3520 3504/3504 3503/3503
f 3520/3520 3505/3505 3489/3489 3504/3504
f 3521/3521 3522/3522 3506/3506 3505/3505
f 3522/3522 3523/3523 3507/3507 3506/3506
f 3523/3523 3524/3524 3508/3508 3507/3507
f 3524/3524 3525/3525 3509/3509 3508/3508
f 3525/3525 3526/3526 3510/3510 3509/3509
f 3526/3526 3527/3527 3511/3511 3510/3510
f 3527/3527 3528/3528 3512/3512 3511/3511
f 3528/3528 3529/3529 3513/3513 3512/3512
f 3529/3529 3530/3530 3514/3514 3513/3513
f 3530/3530 3531/3531 3515/3515 3514/3514
f 3531/3531 3532/3532 3516/3516 3515/3515
f 3532/3532 3533/3533 3517/3517 3516/3516
f 3533/3533 3534/3534 3518/3518 3517/3517
f 3534/3534 3535/3535 3519/3519 3518/3518
f 3535/3535 3536/3536 3520/3520 3519/3519
f 3536/3536 3521/3521 3505/3505 3520/3520
f 3537/3537 3538/3538 3522/3522 3521/3521
f 3538/3538 3539/3539 3523/3523 3522/3522
f 3539/3539 3540/3540 3524/3524 3523/3523
f 3540/3540 3541/3541 3525/3525 3524/3524
f 3541/3541 3542/3542 3526/3526 3525/3525
f 3542/3542 3543/3543 3527/3527 3526/3526
f 3543/3543 3544/3544 3528/3528 3527/3527
f 3544/3544 3545/3545 3529/3529 3528/3528
f 3545/3545 3546/3546 3530/3530 3529/3529
f 3546/3546 3547/3547 3531/3531 3530/3530
f 3547/3547 3548/3548 3532/3532 3531/3531
f 3548/3548 3549/3549 3533/3533 3532/3532
f 3549/3549 3550/3550 3534/3534 3533/3533
f 3550/3550 3551/3551 3535/3535 3534/3534
f 3551/3551 3552/3552 3536/3536 3535/3535
f 3552/3552 3537/3537 3521/3521 3536/3536
f 3553/3553 3554/3554 3538/3538 3537/3537
f 3554/3554 3555/3555 3539/3539 3538/3538
f 3555/3555 3556/3556 3540/3540 3539/3539
f 3556/3556 3557/3557 3541/3541 3540/3540
f 3557/3557 3558/3558 3542/3542 3541/3541
f 3558/3558 3559/3559 3543/3543 3542/3542
f 3559/3559 3560/3560 3544/3544 3543/3543
f 3560/3560 3561/3561 3545/3545 3544/3544
f 3561/3561 3562/3562 3546/3546 3545/3545
f 3562/3562 3563/3563 3547/3547 3546/3546
f 3563/3563 3564/3564 3548/3548 3547/3547
f 3564/3564 3565/3565 3549/3549 3548/3548
f 3565/3565 3566/3566 3550/3550 3549/3549
f 3566/3566 3567/3567 3551/3551 3550/3550
f 3567/3567 3568/3568 3552/3552 3551/3551
f 3568/3568 3553/3553 3537/3537 3552/3552
f 3569/3569 3570/3570 3554/3554 3553/3553
f 3570/3570 3571/3571 3555/3555 3554/3554
f 3571/3571 3572/3572 3556/3556 3555/3555
f 3572/3572 3573/3573 3557/3557 3556/3556
f 3573/3573 3574/3574 3558/3558 3557/3557
f 3574/3574 3575/3575 3559/3559 3558/3558
f 3575/3575 3576/3576 3560/3560 3559/3559
f 3576/3576 3577/3577 3561/3561 3560/3560
f 3577/3577 3578/3578 3562/3562 3561/3561
f 3578/3578 3579/3579 3563/3563 3562/3562
f 3579/3579 3580/3580 3564/3564 3563/3563
f 3580/3580 3581/3581 3565/3565 3564/3564
f 3581/3581 3582/3582 3566/3566 3565/3565
f 3582/3582 3583/3583 3567/3567 3566/3566
f 3583/3583 3584/3584 3568/3568 3567/3567
f 3584/3584 3569/3569 3553/3553 3568/3568
f 3585/3585 3586/3586 3570/3570 3569/3569
f 3586/3586 3587/3587 3571/3571 3570/3570
f 3587/3587 3588/3588 3572/3572 3571/3571
f 3588/3588 3589/3589 3573/3573 3572/3572
f 3589/3589 3590/3590 3574/3574 3573/3573
f 3590/3590 3591/3591 3575/3575 3574/3574
f 3591/3591 3592/3592 3576/3576 3575/3575
f 3592/3592 3593/3593 3577/3577 3576/3576
f 3593/3593 3594/3594 3578/3578 3577/3577
f 3594/3594 3595/3595 3579/3579 3578/3578
f 3595/3595 3596/3596 3580/3580 3579/3579
f 3596/3596 3597/3597 3581/3581 3580/3580
f 3597/3597 3598/3598 3582/3582 3581/3581
f 3598/3598 3599/3599 3583/3583 3582/3582
f 3599/3599 3600/3600 3584/3584 3583/3583
f 3600/3600 3585/3585 3569/3569 3584/3584
f 3617/3617 3618/3618 3602/3602 3601/3601
f 3618/3618 3619/3619 3603/3603 3602/3602
f 3619/3619 3620/3620 3604/3604 3603/3603
f 3620/3620 3621/3621 3605/3605 3604/3604
f 3621/3621 3622/3622 3606/3606 3605/3605
f 3622/3622 3623/3623 3607/3607 3606/3606
f 3623/3623 3624/3624 3608/3608 3607/3607
f 3624/3624 3625/3625 3609/3609 3608/3608
f 3625/3625 3626/3626 3610/3610 3609/3609
f 3626/3626 3627/3627 3611/3611 3610/3610
f 3627/3627 3628/3628 3612/3612 3611/3611
f 3628/3628 3629/3629 3613/3613 3612/3612
f 3629/3629 3630/3630 3614/3614 3613/3613
f 3630/3630 3631/3631 3615/3615 3614/3614
f 3631/3631 3632/3632 3616/3616 3615/3615
f 3632/3632 3617/3617 3601/3601 3616/3616
f 3633/3633 3634/3634 3618/3618 3617/3617
f 3634/3634 3635/3635 3619/3619 3618/3618
f 3635/3635 3636/3636 3620/3620 3619/3619
f 3636/3636 3637/3637 3621/3621 3620/3620
f 3637/3637 3638/3638 3622/3622 3621/3621
f 3638/3638 3639/3639 3623/3623 3622/3622
f 3639/3639 3640/3640 3624/3624 3623/3623
f 3640/3640 3641/3641 3625/3625 3624/3624
f 3641/3641 3642/3642 3626/3626 3625/3625
f 3642/3642 3643/3643 3627/3627 3626/3626
f 3643/3643 3644/3644 3628/3628 3627/3627
f 3644/3644 3645/3645 3629/3629 3628/3628
f 3645/3645 3646/3646 3630/3630 3629/3629
f 3646/3646 3647/3647 3631/3631 3630/3630
f 3647/3647 3648/3648 3632/3632 3631/3631
f 3648/3648 3633/3633 3617/3617 3632/3632
f 3649/3649 3650/3650 3634/3634 3633/3633
f 3650/3650 3651/3651 3635/3635 3634/3634
f 3651/3651 3652/3652 3636/3636 3635/3635
f 3652/3652 3653/3653 3637/3637 3636/3636
f 3653/3653 3654/3654 3638/3638 3637/3637
f 3654/3654 3655/3655 3639/3639 3638/3638
f 3655/3655 3656/3656 3640/3640 3639/3639
f 3656/3656 3657/3657 3641/3641 3640/3640
f 3657/3657 3658/3658 3642/3642 3641/3641
f 3658/3658 3659/3659 3643/3643 3642/3642
f 3659/3659 3660/3660 3644/3644 3643/3643
f 3660/3660 3661/3661 3645/3645 3644/3644
f 3661/3661 3662/3662 3646/3646 3645/3645
f 3662/3662 3663/3663 3647/3647 3646/3646
f 3663/3663 3664/3664 3648/3648 3647/3647
f 3664/3664 3649/3649 3633/3633 3648/3648
f 3665/3665 3666/3666 3650/3650 3649/3649
f 3666/3666 3667/3667 3651/3651 3650/3650
f 3667/3667 3668/3668 3652/3652 3651/3651
f 3668/3668 3669/3669 3653/3653 3652/3652
f 3669/3669 3670/3670 3654/3654 3653/3653
f 3670/3670 3671/3671 3655/3655 3654/3654
f 3671/3671 3672/3672 3656/3656 3655/3655
f 3672/3672 3673/3673 3657/3657 3656/3656
f 3673/3673 3674/3674 3658/3658 3657/3657
f 3674/3674 3675/3675 3659/3659 3658/3658
f 3675/3675 3676/3676 3660/3660 3659/3659
f 3676/3676 3677/3677 3661/3661 3660/3660
f 3677/3677 3678/3678 3662/3662 3661/3661
f 3678/3678 3679/3679 3663/3663 3662/3662
f 3679/3679 3680/3680 3664/3664 3663/3663
f 3680/3680 3665/3665 3649/3649 3664/3664
f 3681/3681 3682/3682 3666/3666 3665/3665
f 3682/3682 3683/3683 3667/3667 3666/3666
f 3683/3683 3684/3684 3668/3668 3667/3667
f 3684/3684 3685/3685 3669/3669 3668/3668
f 3685/3685 3686/3686 3670/3670 3669/3669
f 3686/3686 3687/3687 3671/3671 3670/3670
f 3687/3687 3688/3688 3672/3672 3671/3671
f 3688/3688 3689/3689 3673/3673 3672/3672
f 3689/3689 3690/3690 3674/3674 3673/3673
f 3690/3690 3691/3691 3675/3675 3674/3674
f 3691/3691 3692/3692 3676/3676 3675/3675
f 3692/3692 3693/3693 3677/3677 3676/3676
f 3693/3693 3694/3694 3678/3678 3677/3677
f 3694/3694 3695/3695 3679/3679 3678/3678
f 3695/3695 3696/3696 3680/3680 3679/3679
f 3696/3696 3681/3681 3665/3665 3680/3680
f 3697/3697 3698/3698 3682/3682 3681/3681
f 3698/3698 3699/3699 3683/3683 3682/3682
f 3699/3699 3700/3700 3684/3684 3683/3683
f 3700/3700 3701/3701 3685/3685 3684/3684
f 3701/3701 3702/3702 3686/3686 3685/3685
f 3702/3702 3703/3703 3687/3687 3686/3686
f 3703/3703 3704/3704 3688/3688 3687/3687
f 3704/3704 3705/3705 3689/3689 3688/3688
f 3705/3705 3706/3706 3690/3690 3689/3689
f 3706/3706 3707/3707 3691/3691 3690/3690
f 3707/3707 3708/3708 3692/3692 3691/3691
f 3708/3708 3709/3709 3693/3693 3692/3692
f 3709/3709 3710/3710 3694/3694 3693/3693
f 3710/3710 3711/3711 3695/3695 3694/3694
f 3711/3711 3712/3712 3696/3696 3695/3695
f 3712/3712 3697/3697 3681/3681 3696/3696
f 3713/3713 3714/3714 3698/3698 3697/3697
f 3714/3714 3715/3715 3699/3699 3698/3698
f 3715/3715 3716/3716 3700/3700 3699/3699
f 3716/3716 3717/3717 3701/3701 3700/3700
f 3717/3717 3718/3718 3702/3702 3701/3701
f 3718/3718 3719/3719 3703/3703 3702/3702
f 3719/3719 3720/3720 3704/3704 3703/3703
f 3720/3720 3721/3721 3705/3705 3704/3704
f 3721/3721 3722/3722 3706/3706 3705/3705
f 3722/3722 3723/3723 3707/3707 3706/3706
f 3723/3723 3724/3724 3708/3708 3707/3707
f 3724/3724 3725/3725 3709/3709 3708/3708
f 3725/3725 3726/3726 3710/3710 3709/3709
f 3726/3726 3727/3727 3711/3711 3710/3710
f 3727/3727 3728/3728 3712/3712 3711/3711
f 3728/3728 3713/3713 3697/3697 3712/3712
f 3729/3729 3730/3730 3714/3714 3713/3713
f 3730/3730 3731/3731 3715/3715 3714/3714
f 3731/3731 3732/3732 3716/3716 3715/3715
f 3732/3732 3733/3733 3717/3717 3716/3716
f 3733/3733 3734/3734 3718/3718 3717/3717
f 3734/3734 3735/3735 3719/3719 3718/3718
f 3735/3735 3736/3736 3720/3720 3719/3719
f 3736/3736 3737/3737 3721/3721 3720/3720
f 3737/3737 3738/3738 3722/3722 3721/3721
f 3738/3738 3739/3739 3723/3723 3722/3722
f 3739/3739 3740/3740 3724/3724 3723/3723
f 3740/3740 3741/3741 3725/3725 3724/3724
f 3741/3741 3742/3742 3726/3726 3725/3725
f 3742/3742 3743/3743 3727/3727 3726/3726
f 3743/3743 3744/3744 3728/3728 3727/3727
f 3744/3744 3729/3729 3713/3713 3728/3728
f 3761/3761 3762/3762 3746/3746 3745/3745
f 3762/3762 3763/3763 3747/3747 3746/3746
f 3763/3763 3764/3764 3748/3748 3747/3747
f 3764/3764 3765/3765 3749/3749 3748/3748
f 3765/3765 3766/3766 3750/3750 3749/3749
f 3766/3766 3767/3767 3751/3751 3750/3750
f 3767/3767 3768/3768 3752/3752 3751/3751
f 3768/3768 3769/3769 3753/3753 3752/3752
f 3769/3769 3770/3770 3754/3754 3753/3753
f 3770/3770 3771/3771 3755/3755 3754/3754
f 3771/3771 3772/3772 3756/3756 3755/3755
f 3772/3772 3773/3773 3757/3757 3756/3756
f 3773/3773 3774/3774 3758/3758 3757/3757
f 3774/3774 3775/3775 3759/3759 3758/3758
f 3775/3775 3776/3776 3760/3760 3759/3759
f 3776/3776 3761/3761 3745/3745 3760/3760
f 3777/3777 3778/3778 3762/3762 3761/3761
f 3778/3778 3779/3779 3763/3763 3762/3762
f 3779/3779 3780/3780 3764/3764 3763/3763
f 3780/3780 3781/3781 3765/3765 3764/3764
f 3781/3781 3782/3782 3766/3766 3765/3765
f 3782/3782 3783/3783 3767/3767 3766/3766
f 3783/3783 3784/3784 3768/3768 3767/3767
f 3784/3784 3785/3785 3769/3769 3768/3768
f 3785/3785 3786/3786 3770/3770 3769/3769
f 3786/3786 3787/3787 3771/3771 3770/3770
f 3787/3787 3788/3788 3772/3772 3771/3771
f 3788/3788 3789/3789 3773/3773 3772/3772
f 3789/3789 3790/3790 3774/3774 3773/3773
f 3790/3790 3791/3791 3775/3775 3774/3774
f 3791/3791 3792/3792 3776/3776 3775/3775
f 3792/3792 3777/3777 3761/3761 3776/3776
f 3793/3793 3794/3794 3778/3778 3777/3777
f 3794/3794 3795/3795 3779/3779 3778/3778
f 3795/3795 3796/3796 3780/3780 3779/3779
f 3796/3796 3797/3797 3781/3781 3780/3780
f 3797/3797 3798/3798 3782/3782 3781/3781
f 3798/3798 3799/3799 3783/3783 3782/3782
f 3799/3799 3800/3800 3784/3784 3783/3783
f 3800/3800 3801/3801 3785/3785 3784/3784
f 3801/3801 3802/3802 3786/3786 3785/3785
f 3802/3802 3803/3803 3787/3787 3786/3786
f 3803/3803 3804/3804 3788/3788 3787/3787
f 3804/3804 3805/3805 3789/3789 3788/3788
f 3805/3805 3806/3806 3790/3790 3789/3789
f 3806/3806 3807/3807 3791/3791 3790/3790
f 3807/3807 3808/3808 3792/3792 3791/3791
f 3808/3808 3793/3793 3777/3777 3792/3792
f 3809/3809 3810/3810 3794/3794 3793/3793
f 3810/3810 3811/3811 3795/3795 3794/3794
f 3811/3811 3812/3812 3796/3796 3795/3795
f 3812/3812 3813/3813 3797/3797 3796/3796
f 3813/3813 3814/3814 3798/3798 3797/3797
f 3814/3814 3815/3815 3799/3799 3798/3798
f 3815/3815 3816/3816 3800/3800 3799/3799
f 3816/3816 3817/3817 3801/3801 3800/3800
f 3817/3817 3818/3818 3802/3802 3801/3801
f 3818/3818 3819/3819 3803/3803 3802/3802
f 3819/3819 3820/3820 3804/3804 3803/3803
f 3820/3820 3821/3821 3805/3805 3804/3804
f 3821/3821 3822/3822 3806/3806 3805/3805
f 3822/3822 3823/3823 3807/3807 3806/3806
f 3823/3823 3824/3824 3808/3808 3807/3807
f 3824/3824 3809/3809 3793/3793 3808/3808
f 3825/3825 3826/3826 3810/3810 3809/3809
f 3826/3826 3827/3827 3811/3811 3810/3810
f 3827/3827 3828/3828 3812/3812 3811/3811
f 3828/3828 3829/3829 3813/3813 3812/3812
f 3829/3829 3830/3830 3814/3814 3813/3813
f 3830/3830 3831/3831 3815/3815 3814/3814
f 3831/3831 3832/3832 3816/3816 3815/3815
f 3832/3832 3833/3833 3817/3817 3816/3816
f 3833/3833 3834/3834 3818/3818 3817/3817
f 3834/3834 3835/3835 3819/3819 3818/3818
f 3835/3835 3836/3836 3820/3820 3819/3819
f 3836/3836 3837/3837 3821/3821 3820/3820
f 3837/3837 3838/3838 3822/3822 3821/3821
f 3838/3838 3839/3839 3823/3823 3822/3822
f 3839/3839 3840/3840 3824/3824 3823/3823
f 3840/3840 3825/3825 3809/3809 3824/3824
f 3841/3841 3842/3842 3826/3826 3825/3825
f 3842/3842 3843/3843 3827/3827 3826/3826
f 3843/3843 3844/3844 3828/3828 3827/3827
f 3844/3844 3845/3845 3829/3829 3828/3828
f 3845/3845 3846/3846 3830/3830 3829/3829
f 3846/3846 3847/3847 3831/3831 3830/3830
f 3847/3847 3848/3848 3832/3832 3831/3831
f 3848/3848 3849/3849 3833/3833 3832/3832
f 3849/3849 3850/3850 3834/3834 3833/3833
f 3850/3850 3851/3851 3835/3835 3834/3834
f 3851/3851 3852/3852 3836/3836 3835/3835
f 3852/3852 3853/3853 3837/3837 3836/3836
f 3853/3853 3854/3854 3838/3838 3837/3837
f 3854/3854 3855/3855 3839/3839 3838/3838
f 3855/3855 3856/3856 3840/3840 3839/3839
f 3856/3856 3841/3841 3825/3825 3840/3840
f 3857/3857 3858/3858 3842/3842 3841/3841
f 3858/3858 3859/3859 3843/3843 3842/3842
f 3859/3859 3860/3860 3844/3844 3843/3843
f 3860/3860 3861/3861 3845/3845 3844/3844
f 3861/3861 3862/3862 3846/3846 3845/3845
f 3862/3862 3863/3863 3847/3847 3846/3846
f 3863/3863 3864/3864 3848/3848 3847/3847
f 3864/3864 3865/3865 3849/3849 3848/3848
f 3865/3865 3866/3866 3850/3850 3849/3849
f 3866/3866 3867/3867 3851/3851 3850/3850
f 3867/3867 3868/3868 3852/3852 3851/3851
f 3868/3868 3869/3869 3853/3853 3852/3852
f 3869/3869 3870/3870 3854/3854 3853/3853
f 3870/3870 3871/3871 3855/3855 3854/3854
f 3871/3871 3872/3872 3856/3856 3855/3855
f 3872/3872 3857/3857 3841/3841 3856/3856
f 3873/3873 3874/3874 3858/3858 3857/3857
f 3874/3874 3875/3875 3859/3859 3858/3858
f 3875/3875 3876/3876 3860/3860 3859/3859
f 3876/3876 3877/3877 3861/3861 3860/3860
f 3877/3877 3878/3878 3862/3862 3861/3861
f 3878/3878 3879/3879 3863/3863 3862/3862
f 3879/3879 3880/3880 3864/3864 3863/3863
f 3880/3880 3881/3881 3865/3865 3864/3864
f 3881/3881 3882/3882 3866/3866 3865/3865
f 3882/3882 3883/3883 3867/3867 3866/3866
f 3883/3883 3884/3884 3868/3868 3867/3867
f 3884/3884 3885/3885 3869/3869 3868/3868
f 3885/3885 3886/3886 3870/3870 3869/3869
f 3886/3886 3887/3887 3871/3871 3870/3870
f 3887/3887 3888/3888 3872/3872 3871/3871
f 3888/3888 3873/3873 3857/3857 3872/3872
f 3905/3905 3906/3906 3890/3890 3889/3889
f 3906/3906 3907/3907 3891/3891 3890/3890
f 3907/3907 3908/3908 3892/3892 3891/3891
f 3908/3908 3909/3909 3893/3893 3892/3892
f 3909/3909 3910/3910 3894/3894 3893/3893
f 3910/3910 3911/3911 3895/3895 3894/3894
f 3911/3911 3912/3912 3896/3896 3895/3895
f 3912/3912 3913/3913 3897/3897 3896/3896
f 3913/3913 3914/3914 3898/3898 3897/3897
f 3914/3914 3915/3915 3899/3899 3898/3898
f 3915/3915 3916/3916 3900/3900 3899/3899
f 3916/3916 3917/3917 3901/3901 3900/3900
f 3917/3917 3918/3918 3902/3902 3901/3901
f 3918/3918 3919/3919 3903/3903 3902/3902
f 3919/3919 3920/3920 3904/3904 3903/3903
f 3920/3920 3905/3905 3889/3889 3904/3904
f 3921/3921 3922/3922 3906/3906 3905/3905
f 3922/3922 3923/3923 3907/3907 3906/3906
f 3923/3923 3924/3924 3908/3908 3907/3907
f 3924/3924 3925/3925 3909/3909 3908/3908
f 3925/3925 3926/3926 3910/3910 3909/3909
f 3926/3926 3927/3927 3911/3911 3910/3910
f 3927/3927 3928/3928 3912/3912 3911/3911
f 3928/3928 3929/3929 3913/3913 3912/3912
f 3929/3929 3930/3930 3914/3914 3913/3913
f 3930/3930 3931/3931 3915/3915 3914/3914
f 3931/3931 3932/3932 3916/3916 3915/3915
f 3932/3932 3933/3933 3917/3917 3916/3916
f 3933/3933 3934/3934 3918/3918 3917/3917
f 3934/3934 3935/3935 3919/3919 3918/3918
f 3935/3935 3936/3936 3920/3920 3919/3919
f 3936/3936 3921/3921 3905/3905 3920/3920
f 3937/3937 3938/3938 3922/3922 3921/3921
f 3938/3938 3939/3939 3923/3923 3922/3922
f 3939/3939 3940/3940 3924/3924 3923/3923
f 3940/3940 3941/3941 3925/3925 3924/3924
f 3941/3941 3942/3942 3926/3926 3925/3925
f 3942/3942 3943/3943 3927/3927 3926/3926
f 3943/3943 3944/3944 3928/3928 3927/3927
f 3944/3944 3945/3945 3929/3929 3928/3928
f 3945/3945 3946/3946 3930/3930 3929/3929
f 3946/3946 3947/3947 3931/3931 3930/3930
f 3947/3947 3948/3948 3932/3932 3931/3931
f 3948/3948 3949/3949 3933/3933 3932/3932
f 3949/3949 3950/3950 3934/3934 3933/3933
f 3950/3950 3951/3951 3935/3935 3934/3934
f 3951/3951 3952/3952 3936/3936 3935/3935
f 3952/3952 3937/3937 3921/3921 3936/3936
f 3953/3953 3954/3954 3938/3938 3937/3937
f 3954/3954 3955/3955 3939/3939 3938/3938
f 3955/3955 3956/3956 3940/3940 3939/3939
f 3956/3956 3957/3957 3941/3941 3940/3940
f 3957/3957 3958/3958 3942/3942 3941/3941
f 3958/3958 3959/3959 3943/3943 3942/3942
f 3959/3959 3960/3960 3944/3944 3943/3943
f 3960/3960 3961/3961 3945/3945 3944/3944
f 3961/3961 3962/3962 3946/3946 3945/3945
f 3962/3962 3963/3963 3947/3947 3946/3946
f 3963/3963 3964/3964 3948/3948 3947/3947
f 3964/3964 3965/3965 3949/3949 3948/3948
f 3965/3965 3966/3966 3950/3950 3949/3949
f 3966/3966 3967/3967 3951/3951 3950/3950
f 3967/3967 3968/3968 3952/3952 3951/3951
f 3968/3968 3953/3953 3937/3937 3952/3952
f 3969/3969 3970/3970 3954/3954 3953/3953
f 3970/3970 3971/3971 3955/3955 3954/3954
f 3971/3971 3972/3972 3956/3956 3955/3955
f 3972/3972 3973/3973 3957/3957 3956/3956
f 3973/3973 3974/3974 3958/3958 3957/3957
f 3974/3974 3975/3975 3959/3959 3958/3958
f 3975/3975 3976/3976 3960/3960 3959/3959
f 3976/3976 3977/3977 3961/3961 3960/3960
f 3977/3977 3978/3978 3962/3962 3961/3961
f 3978/3978 3979/3979 3963/3963 3962/3962
f 3979/3979 3980/3980 3964/3964 3963/3963
f 3980/3980 3981/3981 3965/3965 3964/3964
f 3981/3981 3982/3982 3966/3966 3965/3965
f 3982/3982 3983/3983 3967/3967 3966/3966
f 3983/3983 3984/3984 3968/3968 3967/3967
f 3984/3984 3969/3969 3953/3953 3968/3968
f 3985/3985 3986/3986 3970/3970 3969/3969
f 3986/3986 3987/3987 3971/3971 3970/3970
f 3987/3987 3988/3988 3972/3972 3971/3971
f 3988/3988 3989/3989 3973/3973 3972/3972
f 3989/3989 3990/3990 3974/3974 3973/3973
f 3990/3990 3991/3991 3975/3975 3974/3974
f 3991/3991 3992/3992 3976/3976 3975/3975
f 3992/3992 3993/3993 3977/3977 3976/3976
f 3993/3993 3994/3994 3978/3978 3977/3977
f 3994/3994 3995/3995 3979/3979 3978/3978
f 3995/3995 3996/3996 3980/3980 3979/3979
f 3996/3996 3997/3997 3981/3981 3980/3980
f 3997/3997 3998/3998 3982/3982 3981/3981
f 3998/3998 3999/3999 3983/3983 3982/3982
f 3999/3999 4000/4000 3984/3984 3983/3983
f 4000/4000 3985/3985 3969/3969 3984/3984
f 4001/4001 4002/4002 3986/3986 3985/3985
f 4002/4002 4003/4003 3987/3987 3986/3986
f 4003/4003 4004/4004 3988/3988 3987/3987
f 4004/4004 4005/4005 3989/3989 3988/3988
f 4005/4005 4006/4006 3990/3990 3989/3989
f 4006/4006 4007/4007 3991/3991 3990/3990
f 4007/4007 4008/4008 3992/3992 3991/3991
f 4008/4008 4009/4009 3993/3993 3992/3992
f 4009/4009 4010/4010 3994/3994 3993/3993
f 4010/4010 4011/4011 3995/3995 3994/3994
f 4011/4011 4012/4012 3996/3996 3995/3995
f 4012/4012 4013/4013 3997/3997 3996/3996
f 4013/4013 4014/4014 3998/3998 3997/3997
f 4014/4014 4015/4015 3999/3999 3998/3998
f 4015/4015 4016/4016 4000/4000 3999/3999
f 4016/4016 4001/4001 3985/3985 4000/4000
f 4017/4017 4018/4018 4002/4002 4001/4001
f 4018/4018 4019/4019 4003/4003 4002/4002
f 4019/4019 4020/4020 4004/4004 4003/4003
f 4020/4020 4021/4021 4005/4005 4004/4004
f 4021/4021 4022/4022 4006/4006 4005/4005
f 4022/4022 4023/4023 4007/4007 4006/4006
f 4023/4023 4024/4024 4008/4008 4007/4007
f 4024/4024 4025/4025 4009/4009 4008/4008
f 4025/4025 4026/4026 4010/4010 4009/4009
f 4026/4026 4027/4027 4011/4011 4010/4010
f 4027/4027 4028/4028 4012/4012 4011/4011
f 4028/4028 4029/4029 4013/4013 4012/4012
f 4029/4029 4030/4030 4014/4014 4013/4013
f 4030/4030 4031/4031 4015/4015 4014/4014
f 4031/4031 4032/4032 4016/4016 4015/4015
f 4032/4032 4017/4017 4001/4001 4016/4016
f 4049/4049 4050/4050 4034/4034 4033/4033
f 4050/4050 4051/4051 4035/4035 4034/4034
f 4051/4051 4052/4052 4036/4036 4035/4035
f 4052/4052 4053/4053 4037/4037 4036/4036
f 4053/4053 4054/4054 4038/4038 4037/4037
f 4054/4054 4055/4055 4039/4039 4038/4038
f 4055/4055 4056/4056 4040/4040 4039/4039
f 4056/4056 4057/4057 4041/4041 4040/4040
f 4057/4057 4058/4058 4042/4042 4041/4041
f 4058/4058 4059/4059 4043/4043 4042/4042
f 4059/4059 4060/4060 4044/4044 4043/4043
f 4060/4060 4061/4061 4045/4045 4044/4044
f 4061/4061 4062/4062 4046/4046 4045/4045
f 4062/4062 4063/4063 4047/4047 4046/4046
f 4063/4063 4064/4064 4048/4048 4047/4047
f 4064/4064 4049/4049 4033/4033 4048/4048
f 4065/4065 4066/4066 4050/4050 4049/4049
f 4066/4066 4067/4067 4051/4051 4050/4050
f 4067/4067 4068/4068 4052/4052 4051/4051
f 4068/4068 4069/4069 4053/4053 4052/4052
f 4069/4069 4070/4070 4054/4054 4053/4053
f 4070/4070 4071/4071 4055/4055 4054/4054
f 4071/4071 4072/4072 4056/4056 4055/4055
f 4072/4072 4073/4073 4057/4057 4056/4056
f 4073/4073 4074/4074 4058/4058 4057/4057
f 4074/4074 4075/4075 4059/4059 4058/4058
f 4075/4075 4076/4076 4060/4060 4059/4059
f 4076/4076 4077/4077 4061/4061 4060/4060
f 4077/4077 4078/4078 4062/4062 4061/4061
f 4078/4078 4079/4079 4063/4063 4062/4062
f 4079/4079 4080/4080 4064/4064 4063/4063
f 4080/4080 4065/4065 4049/4049 4064/4064
f 4081/4081 4082/4082 4066/4066 4065/4065
f 4082/4082 4083/4083 4067/4067 4066/4066
f 4083/4083 4084/4084 4068/4068 4067/4067
f 4084/4084 4085/4085 4069/4069 4068/4068
f 4085/4085 4086/4086 4070/4070 4069/4069
f 4086/4086 4087/4087 4071/4071 4070/4070
f 4087/4087 4088/4088 4072/4072 4071/4071
f 4088/4088 4089/4089 4073/4073 4072/4072
f 4089/4089 4090/4090 4074/4074 4073/4073
f 4090/4090 4091/4091 4075/4075 4074/4074
f 4091/4091 4092/4092 4076/4076 4075/4075
f 4092/4092 4093/4093 4077/4077 4076/4076
f 4093/4093 4094/4094 4078/4078 4077/4077
f 4094/4094 4095/4095 4079/4079 4078/4078
f 4095/4095 4096/4096 4080/4080 4079/4079
f 4096/4096 4081/4081 4065/4065 4080/4080
f 4097/4097 4098/4098 4082/4082 4081/4081
f 4098/4098 4099/4099 4083/4083 4082/4082
f 4099/4099 4100/4100 4084/4084 4083/4083
f 4100/4100 4101/4101 4085/4085 4084/4084
f 4101/4101 4102/4102 4086/4086 4085/4085
f 4102/4102 4103/4103 4087/4087 4086/4086
f 4103/4103 4104/4104 4088/4088 4087/4087
f 4104/4104 4105/4105 4089/4089 4088/4088
f 4105/4105 4106/4106 4090/4090 4089/4089
f 4106/4106 4107/4107 4091/4091 4090/4090
f 4107/4107 4108/4108 4092/4092 4091/4091
f 4108/4108 4109/4109 4093/4093 4092/4092
f 4109/4109 4110/4110 4094/4094 4093/4093
f 4110/4110 4111/4111 4095/4095 4094/4094
f 4111/4111 4112/4112 4096/4096 4095/4095
f 4112/4112 4097/4097 4081/4081 4096/4096
f 4113/4113 4114/4114 4098/4098 4097/4097
f 4114/4114 4115/4115 4099/4099 4098/4098
f 4115/4115 4116/4116 4100/4100 4099/4099
f 4116/4116 4117/4117 4101/4101 4100/4100
f 4117/4117 4118/4118 4102/4102 4101/4101
f 4118/4118 4119/4119 4103/4103 4102/4102
f 4119/4119 4120/4120 4104/4104 4103/4103
f 4120/4120 4121/4121 4105/4105 4104/4104
f 4121/4121 4122/4122 4106/4106 4105/4105
f 4122/4122 4123/4123 4107/4107 4106/4106
f 4123/4123 4124/4124 4108/4108 4107/4107
f 4124/4124 4125/4125 4109/4109 4108/4108
f 4125/4125 4126/4126 4110/4110 4109/4109
f 4126/4126 4127/4127 4111/4111 4110/4110
f 4127/4127 4128/4128 4112/4112 4111/4111
f 4128/4128 4113/4113 4097/4097 4112/4112
f 4129/4129 4130/4130 4114/4114 4113/4113
f 4130/4130 4131/4131 4115/4115 4114/4114
f 4131/4131 4132/4132 4116/4116 4115/4115
f 4132/4132 4133/4133 4117/4117 4116/4116
f 4133/4133 4134/4134 4118/4118 4117/4117
f 4134/4134 4135/4135 4119/4119 4118/4118
f 4135/4135 4136/4136 4120/4120 4119/4119
f 4136/4136 4137/4137 4121/4121 4120/4120
f 4137/4137 4138/4138 4122/4122 4121/4121
f 4138/4138 4139/4139 4123/4123 4122/4122
f 4139/4139 4140/4140 4124/4124 4123/4123
f 4140/4140 4141/4141 4125/4125 4124/4124
f 4141/4141 4142/4142 4126/4126 4125/4125
f 4142/4142 4143/4143 4127/4127 4126/4126
f 4143/4143 4144/4144 4128/4128 4127/4127
f 4144/4144 4129/4129 4113/4113 4128/4128
f 4145/4145 4146/4146 4130/4130 4129/4129
f 4146/4146 4147/4147 4131/4131 4130/4130
f 4147/4147 4148/4148 4132/4132 4131/4131
f 4148/4148 4149/4149 4133/4133 4132/4132
f 4149/4149 4150/4150 4134/4134 4133/4133
f 4150/4150 4151/4151 4135/4135 4134/4134
f 4151/4151 4152/4152 4136/4136 4135/4135
f 4152/4152 4153/4153 4137/4137 4136/4136
f 4153/4153 4154/4154 4138/4138 4137/4137
f 4154/4154 4155/4155 4139/4139 4138/4138
f 4155/4155 4156/4156 4140/4140 4139/4139
f 4156/4156 4157/4157 4141/4141 4140/4140
f 4157/4157 4158/4158 4142/4142 4141/4141
f 4158/4158 4159/4159 4143/4143 4142/4142
f 4159/4159 4160/4160 4144/4144 4143/4143
f 4160/4160 4145/4145 4129/4129 4144/4144
f 4161/4161 4162/4162 4146/4146 4145/4145
f 4162/4162 4163/4163 4147/4147 4146/4146
f 4163/4163 4164/4164 4148/4148 4147/4147
f 4164/4164 4165/4165 4149/4149 4148/4148
f 4165/4165 4166/4166 4150/4150 4149/4149
f 4166/4166 4167/4167 4151/4151 4150/4150
f 4167/4167 4168/4168 4152/4152 4151/4151
f 4168/4168 4169/4169 4153/4153 4152/4152
f 4169/4169 4170/4170 4154/4154 4153/4153
f 4170/4170 4171/4171 4155/4155 4154/4154
f 4171/4171 4172/4172 4156/4156 4155/4155
f 4172/4172 4173/4173 4157/4157 4156/4156
f 4173/4173 4174/4174 4158/4158 4157/4157
f 4174/4174 4175/4175 4159/4159 4158/4158
f 4175/4175 4176/4176 4160/4160 4159/4159
f 4176/4176 4161/4161 4145/4145 4160/4160
