# Source-height-derived geometry; centimetres; height amplitude is project estimate
s 1
v 0.000000 0.000000 10.000000
v 10.000000 -0.000000 8.535303
v 9.951847 -0.245043 8.456564
v 9.807853 -0.487726 8.338455
v 9.569403 -0.725712 8.141608
v 9.238795 -0.956709 7.905391
v 8.819213 -1.178492 7.866022
v 8.314696 -1.388926 7.708544
v 7.730105 -1.585983 7.551066
v 7.071068 -1.767767 7.629805
v 6.343933 -1.932526 7.590435
v 5.555702 -2.078674 7.629805
v 4.713967 -2.204803 7.747913
v 3.826834 -2.309699 7.590435
v 2.902847 -2.392351 7.472327
v 1.950903 -2.451963 7.314849
v 0.980171 -2.487962 7.078632
v 0.000000 -2.500000 7.157371
v -0.980171 -2.487962 7.078632
v -1.950903 -2.451963 6.999893
v -2.902847 -2.392351 6.960524
v -3.826834 -2.309699 6.842415
v -4.713967 -2.204803 6.803046
v -5.555702 -2.078674 6.881785
v -6.343933 -1.932526 6.921154
v -7.071068 -1.767767 6.842415
v -7.730105 -1.585983 6.842415
v -8.314696 -1.388926 6.842415
v -8.819213 -1.178492 6.842415
v -9.238795 -0.956709 6.921154
v -9.569403 -0.725712 7.039263
v -9.807853 -0.487726 6.960524
v -9.951847 -0.245043 6.999893
v -10.000000 -0.000000 7.039263
v -9.951847 0.245043 6.999893
v -9.807853 0.487726 6.960524
v -9.569403 0.725712 6.960524
v -9.238795 0.956709 6.881785
v -8.819213 1.178492 6.881785
v -8.314696 1.388926 6.842415
v -7.730105 1.585983 6.803046
v -7.071068 1.767767 6.881785
v -6.343933 1.932526 6.881785
v -5.555702 2.078674 6.960524
v -4.713967 2.204803 6.881785
v -3.826834 2.309699 6.881785
v -2.902847 2.392351 6.921154
v -1.950903 2.451963 6.803046
v -0.980171 2.487962 6.881785
v -0.000000 2.500000 7.157371
v 0.980171 2.487962 7.196741
v 1.950903 2.451963 7.472327
v 2.902847 2.392351 7.511696
v 3.826834 2.309699 7.590435
v 4.713967 2.204803 7.708544
v 5.555702 2.078674 7.747913
v 6.343933 1.932526 7.747913
v 7.071068 1.767767 7.905391
v 7.730105 1.585983 7.826652
v 8.314696 1.388926 7.905391
v 8.819213 1.178492 8.062869
v 9.238795 0.956709 8.299086
v 9.569403 0.725712 8.535303
v 9.807853 0.487726 8.614042
v 9.951847 0.245043 8.614042
v 20.000000 -0.000000 7.234454
v 19.903695 -0.490086 7.116372
v 19.615706 -0.975452 7.037651
v 19.138807 -1.451423 6.919570
v 18.477591 -1.913417 7.037651
v 17.638425 -2.356984 7.116372
v 16.629392 -2.777851 7.313175
v 15.460209 -3.171966 7.785500
v 14.142136 -3.535534 8.375907
v 12.687866 -3.865052 8.808872
v 11.111405 -4.157348 8.848233
v 9.427935 -4.409606 7.903582
v 7.653669 -4.619398 7.706779
v 5.805694 -4.784702 7.706779
v 3.901806 -4.903926 7.431256
v 1.960343 -4.975924 7.313175
v 0.000000 -5.000000 7.234454
v -1.960343 -4.975924 6.958931
v -3.901806 -4.903926 6.880210
v -5.805694 -4.784702 7.077012
v -7.653669 -4.619398 6.840849
v -9.427935 -4.409606 6.644047
v -11.111405 -4.157348 6.880210
v -12.687866 -3.865052 7.195093
v -14.142136 -3.535534 7.470617
v -15.460209 -3.171966 7.667419
v -16.629392 -2.777851 7.824861
v -17.638425 -2.356984 8.061024
v -18.477591 -1.913417 8.100384
v -19.138807 -1.451423 8.218465
v -19.615706 -0.975452 8.021663
v -19.903695 -0.490086 8.100384
v -20.000000 -0.000000 8.100384
v -19.903695 0.490086 8.179105
v -19.615706 0.975452 8.375907
v -19.138807 1.451423 8.336547
v -18.477591 1.913417 8.336547
v -17.638425 2.356984 8.257826
v -16.629392 2.777851 8.021663
v -15.460209 3.171966 8.021663
v -14.142136 3.535534 7.746140
v -12.687866 3.865052 7.588698
v -11.111405 4.157348 7.509977
v -9.427935 4.409606 7.234454
v -7.653669 4.619398 7.234454
v -5.805694 4.784702 7.155733
v -3.901806 4.903926 6.840849
v -1.960343 4.975924 6.958931
v -0.000000 5.000000 7.155733
v 1.960343 4.975924 7.313175
v 3.901806 4.903926 7.706779
v 5.805694 4.784702 7.470617
v 7.653669 4.619398 7.864221
v 9.427935 4.409606 8.061024
v 11.111405 4.157348 8.454628
v 12.687866 3.865052 8.454628
v 14.142136 3.535534 8.061024
v 15.460209 3.171966 7.785500
v 16.629392 2.777851 7.667419
v 17.638425 2.356984 7.549338
v 18.477591 1.913417 7.431256
v 19.138807 1.451423 7.391896
v 19.615706 0.975452 7.273814
v 19.903695 0.490086 7.155733
v 30.000000 -0.000000 7.069991
v 29.855542 -0.735129 7.109313
v 29.423558 -1.463177 7.030670
v 28.708210 -2.177135 6.991348
v 27.716386 -2.870126 6.952027
v 26.457638 -3.535476 6.873384
v 24.944088 -4.166777 7.069991
v 23.190314 -4.757950 6.912705
v 21.213203 -5.303301 6.794741
v 19.031799 -5.797578 6.676777
v 16.667107 -6.236022 7.187955
v 14.141902 -6.614409 8.446241
v 11.480503 -6.929096 9.154026
v 8.708540 -7.177053 7.345241
v 5.852710 -7.355890 7.069991
v 2.940514 -7.463885 6.991348
v 0.000000 -7.500000 6.912705
v -2.940514 -7.463885 6.598134
v -5.852710 -7.355890 6.834063
v -8.708540 -7.177053 6.755420
v -11.480503 -6.929096 6.991348
v -14.141902 -6.614409 7.305920
v -16.667107 -6.236022 7.817098
v -19.031799 -5.797578 7.935062
v -21.213203 -5.303301 8.170991
v -23.190314 -4.757950 7.699134
v -24.944088 -4.166777 7.777777
v -26.457638 -3.535476 7.895741
v -27.716386 -2.870126 7.777777
v -28.708210 -2.177135 7.659812
v -29.423558 -1.463177 7.699134
v -29.855542 -0.735129 7.659812
v -30.000000 -0.000000 7.699134
v -29.855542 0.735129 7.777777
v -29.423558 1.463177 7.620491
v -28.708210 2.177135 7.502527
v -27.716386 2.870126 7.817098
v -26.457638 3.535476 7.856419
v -24.944088 4.166777 8.092348
v -23.190314 4.757950 7.974384
v -21.213203 5.303301 8.288955
v -19.031799 5.797578 8.446241
v -16.667107 6.236022 8.288955
v -14.141902 6.614409 7.817098
v -11.480503 6.929096 7.423884
v -8.708540 7.177053 7.384562
v -5.852710 7.355890 7.581170
v -2.940514 7.463885 7.109313
v -0.000000 7.500000 7.227277
v 2.940514 7.463885 7.187955
v 5.852710 7.355890 7.463205
v 8.708540 7.177053 7.856419
v 11.480503 6.929096 8.053027
v 14.141902 6.614409 7.856419
v 16.667107 6.236022 7.659812
v 19.031799 5.797578 7.581170
v 21.213203 5.303301 7.699134
v 23.190314 4.757950 7.738455
v 24.944088 4.166777 7.620491
v 26.457638 3.535476 7.738455
v 27.716386 2.870126 7.659812
v 28.708210 2.177135 7.581170
v 29.423558 1.463177 7.227277
v 29.855542 0.735129 7.030670
v 40.000000 -0.000000 7.011873
v 39.807389 -0.980171 6.698142
v 39.231411 -1.950903 6.423628
v 38.277613 -2.902847 6.580493
v 36.955181 -3.826834 6.580493
v 35.276851 -4.713967 6.815791
v 33.258784 -5.555702 6.737359
v 30.920418 -6.343933 6.815791
v 28.284271 -7.071068 7.247170
v 25.375731 -7.730105 7.011873
v 22.222809 -8.314696 7.051089
v 18.855869 -8.819213 7.560901
v 15.307337 -9.238795 7.953063
v 11.611387 -9.569403 9.168768
v 7.803613 -9.807853 6.658926
v 3.920686 -9.951847 6.698142
v 0.000000 -10.000000 6.698142
v -3.920686 -9.951847 6.776575
v -7.803613 -9.807853 6.658926
v -11.611387 -9.569403 6.855007
v -15.307337 -9.238795 7.364819
v -18.855869 -8.819213 7.678549
v -22.222809 -8.314696 7.913847
v -25.375731 -7.730105 7.600117
v -28.284271 -7.071068 7.717766
v -30.920418 -6.343933 7.756982
v -33.258784 -5.555702 7.835415
v -35.276851 -4.713967 7.482468
v -36.955181 -3.826834 7.325603
v -38.277613 -2.902847 7.443252
v -39.231411 -1.950903 7.521684
v -39.807389 -0.980171 7.482468
v -40.000000 -0.000000 7.364819
v -39.807389 0.980171 7.404035
v -39.231411 1.950903 7.404035
v -38.277613 2.902847 7.482468
v -36.955181 3.826834 7.129521
v -35.276851 4.713967 7.325603
v -33.258784 5.555702 7.325603
v -30.920418 6.343933 7.443252
v -28.284271 7.071068 7.796198
v -25.375731 7.730105 8.109929
v -22.222809 8.314696 8.188361
v -18.855869 8.819213 8.384443
v -15.307337 9.238795 8.266794
v -11.611387 9.569403 7.443252
v -7.803613 9.807853 7.678549
v -3.920686 9.951847 7.521684
v -0.000000 10.000000 7.404035
v 3.920686 9.951847 7.129521
v 7.803613 9.807853 7.325603
v 11.611387 9.569403 7.717766
v 15.307337 9.238795 7.639333
v 18.855869 8.819213 7.756982
v 22.222809 8.314696 7.992280
v 25.375731 7.730105 8.031496
v 28.284271 7.071068 7.835415
v 30.920418 6.343933 7.678549
v 33.258784 5.555702 7.129521
v 35.276851 4.713967 6.894224
v 36.955181 3.826834 6.894224
v 38.277613 2.902847 6.855007
v 39.231411 1.950903 7.051089
v 39.807389 0.980171 6.933440
v 50.000000 -0.000000 6.621286
v 49.759236 -1.225214 6.582291
v 49.039264 -2.438629 6.465307
v 47.847017 -3.628558 6.309329
v 46.193977 -4.783543 6.465307
v 44.096063 -5.892459 6.426313
v 41.573481 -6.944628 6.465307
v 38.650523 -7.929916 6.270334
v 35.355339 -8.838835 6.504302
v 31.719664 -9.662631 7.167210
v 27.778512 -10.393370 7.752130
v 23.569837 -11.024016 7.128216
v 19.134172 -11.548494 6.894248
v 14.514234 -11.961754 8.181071
v 9.754516 -12.259816 7.011232
v 4.900857 -12.439809 6.894248
v 0.000000 -12.500000 6.426313
v -4.900857 -12.439809 6.348324
v -9.754516 -12.259816 6.699275
v -14.514234 -11.961754 7.167210
v -19.134172 -11.548494 7.518162
v -23.569837 -11.024016 7.479167
v -27.778512 -10.393370 7.323189
v -31.719664 -9.662631 7.479167
v -35.355339 -8.838835 7.518162
v -38.650523 -7.929916 7.362184
v -41.573481 -6.944628 7.245200
v -44.096063 -5.892459 7.167210
v -46.193977 -4.783543 7.206205
v -47.847017 -3.628558 7.050227
v -49.039264 -2.438629 7.401178
v -49.759236 -1.225214 7.518162
v -50.000000 -0.000000 7.518162
v -49.759236 1.225214 7.635146
v -49.039264 2.438629 7.479167
v -47.847017 3.628558 7.362184
v -46.193977 4.783543 7.557157
v -44.096063 5.892459 7.440173
v -41.573481 6.944628 7.167210
v -38.650523 7.929916 7.167210
v -35.355339 8.838835 7.284194
v -31.719664 9.662631 7.752130
v -27.778512 10.393370 7.908108
v -23.569837 11.024016 8.142076
v -19.134172 11.548494 8.298054
v -14.514234 11.961754 7.869114
v -9.754516 12.259816 7.674141
v -4.900857 12.439809 7.674141
v -0.000000 12.500000 7.440173
v 4.900857 12.439809 7.362184
v 9.754516 12.259816 7.401178
v 14.514234 11.961754 7.674141
v 19.134172 11.548494 8.064087
v 23.569837 11.024016 8.103081
v 27.778512 10.393370 7.791124
v 31.719664 9.662631 7.557157
v 35.355339 8.838835 7.518162
v 38.650523 7.929916 7.323189
v 41.573481 6.944628 7.206205
v 44.096063 5.892459 6.972237
v 46.193977 4.783543 6.777264
v 47.847017 3.628558 6.933243
v 49.039264 2.438629 6.855254
v 49.759236 1.225214 6.699275
v 60.000000 -0.000000 7.208896
v 59.711084 -1.470257 7.054530
v 58.847117 -2.926355 6.977347
v 57.416420 -4.354270 6.861572
v 55.432772 -5.740251 6.745798
v 52.915276 -7.070951 6.591432
v 49.888177 -8.333553 6.244108
v 46.380627 -9.515899 6.205516
v 42.426407 -10.606602 6.359883
v 38.063597 -11.595157 6.514249
v 33.334214 -12.472044 6.784389
v 28.283804 -13.228819 7.903543
v 22.961006 -13.858193 6.900164
v 17.417081 -14.354105 6.822981
v 11.705419 -14.711779 7.710586
v 5.881028 -14.927771 6.977347
v 0.000000 -15.000000 6.668615
v -5.881028 -14.927771 6.205516
v -11.705419 -14.711779 6.552840
v -17.417081 -14.354105 7.324671
v -22.961006 -13.858193 7.440445
v -28.283804 -13.228819 7.170304
v -33.334214 -12.472044 7.401854
v -38.063597 -11.595157 7.131713
v -42.426407 -10.606602 7.054530
v -46.380627 -9.515899 7.054530
v -49.888177 -8.333553 7.286079
v -52.915276 -7.070951 7.440445
v -55.432772 -5.740251 7.440445
v -57.416420 -4.354270 7.479037
v -58.847117 -2.926355 7.710586
v -59.711084 -1.470257 7.710586
v -60.000000 -0.000000 7.864952
v -59.711084 1.470257 7.826360
v -58.847117 2.926355 7.864952
v -57.416420 4.354270 7.671994
v -55.432772 5.740251 7.517628
v -52.915276 7.070951 7.363262
v -49.888177 8.333553 7.401854
v -46.380627 9.515899 7.170304
v -42.426407 10.606602 7.093121
v -38.063597 11.595157 6.977347
v -33.334214 12.472044 7.479037
v -28.283804 13.228819 7.826360
v -22.961006 13.858193 7.980726
v -17.417081 14.354105 8.019318
v -11.705419 14.711779 7.401854
v -5.881028 14.927771 7.787769
v -0.000000 15.000000 7.826360
v 5.881028 14.927771 7.170304
v 11.705419 14.711779 7.363262
v 17.417081 14.354105 7.826360
v 22.961006 13.858193 8.212275
v 28.283804 13.228819 8.212275
v 33.334214 12.472044 8.135092
v 38.063597 11.595157 7.440445
v 42.426407 10.606602 7.170304
v 46.380627 9.515899 6.900164
v 49.888177 8.333553 6.822981
v 52.915276 7.070951 6.822981
v 55.432772 5.740251 6.552840
v 57.416420 4.354270 6.745798
v 58.847117 2.926355 7.170304
v 59.711084 1.470257 7.208896
v 70.000000 -0.000000 7.577955
v 69.662931 -1.715300 7.615883
v 68.654970 -3.414081 7.540027
v 66.985824 -5.079982 7.540027
v 64.671567 -6.696960 7.388316
v 61.734489 -8.249443 7.009039
v 58.202873 -9.722479 6.591835
v 54.110732 -11.101882 6.478052
v 49.497475 -12.374369 6.478052
v 44.407530 -13.527683 6.515979
v 38.889916 -14.550718 6.288413
v 32.997772 -15.433622 6.667690
v 26.787840 -16.167892 7.274533
v 20.319927 -16.746456 6.478052
v 13.656323 -17.163742 7.502100
v 6.861200 -17.415733 6.629762
v 0.000000 -17.500000 6.364269
v -6.861200 -17.415733 6.288413
v -13.656323 -17.163742 6.667690
v -20.319927 -16.746456 7.274533
v -26.787840 -16.167892 7.198678
v -32.997772 -15.433622 7.312461
v -38.889916 -14.550718 7.046967
v -44.407530 -13.527683 6.971112
v -49.497475 -12.374369 7.236606
v -54.110732 -11.101882 7.312461
v -58.202873 -9.722479 7.122823
v -61.734489 -8.249443 7.502100
v -64.671567 -6.696960 7.577955
v -66.985824 -5.079982 7.502100
v -68.654970 -3.414081 7.502100
v -69.662931 -1.715300 7.502100
v -70.000000 -0.000000 7.426244
v -69.662931 1.715300 7.350389
v -68.654970 3.414081 7.464172
v -66.985824 5.079982 7.274533
v -64.671567 6.696960 7.464172
v -61.734489 8.249443 7.388316
v -58.202873 9.722479 7.312461
v -54.110732 11.101882 7.160750
v -49.497475 12.374369 6.895256
v -44.407530 13.527683 6.895256
v -38.889916 14.550718 7.046967
v -32.997772 15.433622 7.312461
v -26.787840 16.167892 7.540027
v -20.319927 16.746456 7.502100
v -13.656323 17.163742 7.426244
v -6.861200 17.415733 7.729666
v -0.000000 17.500000 7.577955
v 6.861200 17.415733 7.122823
v 13.656323 17.163742 7.198678
v 20.319927 16.746456 8.033087
v 26.787840 16.167892 8.108943
v 32.997772 15.433622 8.033087
v 38.889916 14.550718 7.388316
v 44.407530 13.527683 6.743546
v 49.497475 12.374369 6.819401
v 54.110732 11.101882 6.478052
v 58.202873 9.722479 6.743546
v 61.734489 8.249443 6.819401
v 64.671567 6.696960 7.160750
v 66.985824 5.079982 7.312461
v 68.654970 3.414081 7.198678
v 69.662931 1.715300 7.122823
v 80.000000 -0.000000 6.894685
v 79.614778 -1.960343 6.931594
v 78.462822 -3.901806 7.042323
v 76.555227 -5.805694 7.300689
v 73.910363 -7.653669 7.374508
v 70.553701 -9.427935 7.263780
v 66.517569 -11.111405 7.116142
v 61.840836 -12.687866 6.673228
v 56.568542 -14.142136 6.156496
v 50.751463 -15.460209 6.082677
v 44.445619 -16.629392 6.377953
v 37.711739 -17.638425 6.193406
v 30.614675 -18.477591 6.562500
v 23.222774 -19.138807 6.599409
v 15.607226 -19.615706 6.673228
v 7.841371 -19.903695 6.488681
v 0.000000 -20.000000 6.488681
v -7.841371 -19.903695 6.156496
v -15.607226 -19.615706 6.710138
v -23.222774 -19.138807 7.042323
v -30.614675 -18.477591 7.116142
v -37.711739 -17.638425 6.931594
v -44.445619 -16.629392 6.820866
v -50.751463 -15.460209 6.857776
v -56.568542 -14.142136 6.710138
v -61.840836 -12.687866 6.783957
v -66.517569 -11.111405 6.673228
v -70.553701 -9.427935 6.599409
v -73.910363 -7.653669 7.189961
v -76.555227 -5.805694 7.485236
v -78.462822 -3.901806 7.559055
v -79.614778 -1.960343 7.632874
v -80.000000 -0.000000 7.448327
v -79.614778 1.960343 7.337598
v -78.462822 3.901806 7.226870
v -76.555227 5.805694 7.042323
v -73.910363 7.653669 7.116142
v -70.553701 9.427935 6.820866
v -66.517569 11.111405 6.931594
v -61.840836 12.687866 7.079232
v -56.568542 14.142136 6.894685
v -50.751463 15.460209 6.414862
v -44.445619 16.629392 6.414862
v -37.711739 17.638425 6.783957
v -30.614675 18.477591 7.116142
v -23.222774 19.138807 7.153051
v -15.607226 19.615706 7.522146
v -7.841371 19.903695 7.485236
v -0.000000 20.000000 7.374508
v 7.841371 19.903695 7.411417
v 15.607226 19.615706 7.226870
v 23.222774 19.138807 7.854331
v 30.614675 18.477591 8.038878
v 37.711739 17.638425 7.263780
v 44.445619 16.629392 6.931594
v 50.751463 15.460209 6.525591
v 56.568542 14.142136 6.599409
v 61.840836 12.687866 6.747047
v 66.517569 11.111405 6.894685
v 70.553701 9.427935 6.599409
v 73.910363 7.653669 6.414862
v 76.555227 5.805694 6.599409
v 78.462822 3.901806 6.968504
v 79.614778 1.960343 6.820866
v 90.000000 -0.000000 7.184925
v 89.566625 -2.205386 7.184925
v 88.270675 -4.389532 6.476353
v 86.124630 -6.531405 6.653496
v 83.149158 -8.610377 6.901496
v 79.372914 -10.606427 7.043211
v 74.832265 -12.500330 7.220354
v 69.570941 -14.273849 6.724353
v 63.639610 -15.909903 6.192924
v 57.095396 -17.392735 6.122066
v 50.001321 -18.708066 6.228352
v 42.425706 -19.843228 6.015781
v 34.441509 -20.787289 6.263781
v 26.125621 -21.531158 6.547210
v 17.558129 -22.067669 6.157495
v 8.821543 -22.391656 6.122066
v 0.000000 -22.500000 6.334638
v -8.821543 -22.391656 6.157495
v -17.558129 -22.067669 6.724353
v -26.125621 -21.531158 6.688924
v -34.441509 -20.787289 6.653496
v -42.425706 -19.843228 6.476353
v -50.001321 -18.708066 6.440924
v -57.095396 -17.392735 6.122066
v -63.639610 -15.909903 6.334638
v -69.570941 -14.273849 6.228352
v -74.832265 -12.500330 6.653496
v -79.372914 -10.606427 6.724353
v -83.149158 -8.610377 7.043211
v -86.124630 -6.531405 7.184925
v -88.270675 -4.389532 7.255782
v -89.566625 -2.205386 7.184925
v -90.000000 -0.000000 7.184925
v -89.566625 2.205386 6.972353
v -88.270675 4.389532 7.007782
v -86.124630 6.531405 6.936925
v -83.149158 8.610377 6.972353
v -79.372914 10.606427 6.724353
v -74.832265 12.500330 6.476353
v -69.570941 14.273849 6.405495
v -63.639610 15.909903 6.582639
v -57.095396 17.392735 6.547210
v -50.001321 18.708066 6.051209
v -42.425706 19.843228 6.299210
v -34.441509 20.787289 6.688924
v -26.125621 21.531158 7.078639
v -17.558129 22.067669 7.078639
v -8.821543 22.391656 7.397497
v -0.000000 22.500000 7.255782
v 8.821543 22.391656 7.255782
v 17.558129 22.067669 7.220354
v 26.125621 21.531158 7.787212
v 34.441509 20.787289 7.255782
v 42.425706 19.843228 6.830639
v 50.001321 18.708066 6.157495
v 57.095396 17.392735 6.334638
v 63.639610 15.909903 6.688924
v 69.570941 14.273849 6.936925
v 74.832265 12.500330 6.263781
v 79.372914 10.606427 6.157495
v 83.149158 8.610377 6.370067
v 86.124630 6.531405 6.547210
v 88.270675 4.389532 6.830639
v 89.566625 2.205386 7.007782
v 100.000000 -0.000000 7.032853
v 99.518473 -2.450429 6.699226
v 98.078528 -4.877258 6.699226
v 95.694034 -7.257117 7.132941
v 92.387953 -9.567086 7.933646
v 88.192126 -11.784918 6.732589
v 83.146961 -13.889256 6.732589
v 77.301045 -15.859832 6.499050
v 70.710678 -17.677670 6.198786
v 63.439328 -19.325261 6.465688
v 55.557023 -20.786740 6.065335
v 47.139674 -22.048032 5.831797
v 38.268343 -23.096988 6.098698
v 29.028468 -23.923508 6.665864
v 19.509032 -24.519632 5.998610
v 9.801714 -24.879618 5.865159
v 0.000000 -25.000000 6.165424
v -9.801714 -24.879618 5.664983
v -19.509032 -24.519632 6.398962
v -29.028468 -23.923508 6.232149
v -38.268343 -23.096988 6.065335
v -47.139674 -22.048032 5.531533
v -55.557023 -20.786740 5.398082
v -63.439328 -19.325261 5.865159
v -70.710678 -17.677670 6.098698
v -77.301045 -15.859832 6.265512
v -83.146961 -13.889256 6.265512
v -88.192126 -11.784918 6.665864
v -92.387953 -9.567086 6.632501
v -95.694034 -7.257117 6.565776
v -98.078528 -4.877258 6.665864
v -99.518473 -2.450429 6.665864
v -100.000000 -0.000000 7.032853
v -99.518473 2.450429 6.999491
v -98.078528 4.877258 8.667625
v -95.694034 7.257117 7.766832
v -92.387953 9.567086 7.032853
v -88.192126 11.784918 6.932765
v -83.146961 13.889256 6.298874
v -77.301045 15.859832 6.332237
v -70.710678 17.677670 6.132061
v -63.439328 19.325261 6.265512
v -55.557023 20.786740 5.898522
v -47.139674 22.048032 5.631621
v -38.268343 23.096988 6.165424
v -29.028468 23.923508 7.099579
v -19.509032 24.519632 6.532413
v -9.801714 24.879618 7.099579
v -0.000000 25.000000 7.132941
v 9.801714 24.879618 7.066216
v 19.509032 24.519632 7.099579
v 29.028468 23.923508 7.333117
v 38.268343 23.096988 6.599138
v 47.139674 22.048032 6.365600
v 55.557023 20.786740 5.765071
v 63.439328 19.325261 6.098698
v 70.710678 17.677670 6.665864
v 77.301045 15.859832 6.398962
v 83.146961 13.889256 6.332237
v 88.192126 11.784918 7.299755
v 92.387953 9.567086 7.933646
v 95.694034 7.257117 7.066216
v 98.078528 4.877258 6.599138
v 99.518473 2.450429 6.966128
v 110.000000 -0.000000 6.445136
v 109.470320 -2.695471 6.169964
v 107.886381 -5.364984 5.925367
v 105.263437 -7.982829 6.047665
v 101.626749 -10.523794 5.741919
v 97.011339 -12.963410 5.833643
v 91.461657 -15.278181 7.576398
v 85.031150 -17.445815 6.292263
v 77.781746 -19.445436 5.894792
v 69.783261 -21.257787 5.558471
v 61.112726 -22.865414 5.619620
v 51.853641 -24.252835 5.527896
v 42.095178 -25.406687 5.589046
v 31.931314 -26.315859 6.292263
v 21.459935 -26.971595 5.619620
v 10.781885 -27.367580 5.589046
v 0.000000 -27.500000 5.711344
v -10.781885 -27.367580 5.558471
v -21.459935 -26.971595 6.047665
v -31.931314 -26.315859 5.803068
v -42.095178 -25.406687 5.252725
v -51.853641 -24.252835 5.252725
v -61.112726 -22.865414 5.589046
v -69.783261 -21.257787 5.864218
v -77.781746 -19.445436 6.017091
v -85.031150 -17.445815 5.527896
v -91.461657 -15.278181 5.986516
v -97.011339 -12.963410 6.017091
v -101.626749 -10.523794 5.772494
v -105.263437 -7.982829 6.017091
v -107.886381 -5.364984 5.955942
v -109.470320 -2.695471 6.169964
v -110.000000 -0.000000 6.445136
v -109.470320 2.695471 6.383987
v -107.886381 5.364984 6.017091
v -105.263437 7.982829 6.353412
v -101.626749 10.523794 6.567434
v -97.011339 12.963410 6.995480
v -91.461657 15.278181 6.873181
v -85.031150 17.445815 6.292263
v -77.781746 19.445436 6.169964
v -69.783261 21.257787 6.078240
v -61.112726 22.865414 5.803068
v -51.853641 24.252835 5.008127
v -42.095178 25.406687 5.466747
v -31.931314 26.315859 5.925367
v -21.459935 26.971595 6.108815
v -10.781885 27.367580 6.445136
v -0.000000 27.500000 6.383987
v 10.781885 27.367580 6.353412
v 21.459935 26.971595 6.628584
v 31.931314 26.315859 6.750882
v 42.095178 25.406687 6.292263
v 51.853641 24.252835 5.497322
v 61.112726 22.865414 5.313874
v 69.783261 21.257787 5.833643
v 77.781746 19.445436 6.108815
v 85.031150 17.445815 6.292263
v 91.461657 15.278181 8.035018
v 97.011339 12.963410 6.598009
v 101.626749 10.523794 6.567434
v 105.263437 7.982829 6.322837
v 107.886381 5.364984 5.986516
v 109.470320 2.695471 6.353412
v 120.000000 -0.000000 5.673290
v 119.422167 -2.940514 5.377245
v 117.694234 -5.852710 5.215766
v 114.832840 -8.708540 5.188853
v 110.865544 -11.480503 4.973548
v 105.830552 -14.141902 5.269593
v 99.776353 -16.667107 5.108114
v 92.761254 -19.031799 6.319205
v 84.852814 -21.213203 5.323419
v 76.127194 -23.190314 5.000461
v 66.668428 -24.944088 4.892809
v 56.567608 -26.457638 4.973548
v 45.922012 -27.716386 4.946635
v 34.834161 -28.708210 5.350332
v 23.410839 -29.423558 5.242680
v 11.762057 -29.855542 5.000461
v 0.000000 -30.000000 5.108114
v -11.762057 -29.855542 5.188853
v -23.410839 -29.423558 5.188853
v -34.834161 -28.708210 5.027375
v -45.922012 -27.716386 4.408372
v -56.567608 -26.457638 4.623677
v -66.668428 -24.944088 5.161940
v -76.127194 -23.190314 6.292292
v -84.852814 -21.213203 5.135027
v -92.761254 -19.031799 5.000461
v -99.776353 -16.667107 5.188853
v -105.830552 -14.141902 5.269593
v -110.865544 -11.480503 4.946635
v -114.832840 -8.708540 5.215766
v -117.694234 -5.852710 5.215766
v -119.422167 -2.940514 5.431072
v -120.000000 -0.000000 5.673290
v -119.422167 2.940514 5.646377
v -117.694234 5.852710 5.377245
v -114.832840 8.708540 5.673290
v -110.865544 11.480503 5.969334
v -105.830552 14.141902 5.888595
v -99.776353 16.667107 5.888595
v -92.761254 19.031799 6.399945
v -84.852814 21.213203 5.942421
v -76.127194 23.190314 6.103900
v -66.668428 24.944088 5.269593
v -56.567608 26.457638 4.973548
v -45.922012 27.716386 4.731330
v -34.834161 28.708210 5.161940
v -23.410839 29.423558 5.457985
v -11.762057 29.855542 5.619464
v -0.000000 30.000000 5.619464
v 11.762057 29.855542 5.619464
v 23.410839 29.423558 5.807856
v 34.834161 28.708210 6.023161
v 45.922012 27.716386 6.076987
v 56.567608 26.457638 4.973548
v 66.668428 24.944088 4.623677
v 76.127194 23.190314 5.269593
v 84.852814 21.213203 5.807856
v 92.761254 19.031799 6.453771
v 99.776353 16.667107 5.834769
v 105.830552 14.141902 5.861682
v 110.865544 11.480503 5.942421
v 114.832840 8.708540 5.619464
v 117.694234 5.852710 5.323419
v 119.422167 2.940514 5.619464
v 130.000000 -0.000000 4.682364
v 129.374014 -3.185557 4.438028
v 127.502086 -6.340435 4.326966
v 124.402244 -9.434252 4.149267
v 120.104339 -12.437212 4.149267
v 114.649764 -15.320394 4.304754
v 108.091050 -18.056033 4.060418
v 100.491359 -20.617782 4.171480
v 91.923882 -22.980970 4.749001
v 82.471127 -25.122840 4.393603
v 72.224130 -27.022762 4.082630
v 61.281576 -28.662441 3.949356
v 49.748846 -30.026085 4.038205
v 37.737008 -31.100561 4.504665
v 25.361742 -31.875522 4.571302
v 12.742228 -32.343504 4.371391
v 0.000000 -32.500000 4.460240
v -12.742228 -32.343504 4.393603
v -25.361742 -31.875522 4.215904
v -37.737008 -31.100561 3.705020
v -49.748846 -30.026085 3.705020
v -61.281576 -28.662441 3.993781
v -72.224130 -27.022762 5.215460
v -82.471127 -25.122840 4.415815
v -91.923882 -22.980970 3.882719
v -100.491359 -20.617782 4.171480
v -108.091050 -18.056033 4.038205
v -114.649764 -15.320394 4.304754
v -120.104339 -12.437212 4.171480
v -124.402244 -9.434252 4.171480
v -127.502086 -6.340435 4.326966
v -129.374014 -3.185557 4.460240
v -130.000000 -0.000000 4.682364
v -129.374014 3.185557 4.637939
v -127.502086 6.340435 4.460240
v -124.402244 9.434252 4.660151
v -120.104339 12.437212 4.860062
v -114.649764 15.320394 4.793425
v -108.091050 18.056033 4.948912
v -100.491359 20.617782 5.015549
v -91.923882 22.980970 5.415371
v -82.471127 25.122840 5.104398
v -72.224130 27.022762 4.682364
v -61.281576 28.662441 4.326966
v -49.748846 30.026085 3.838294
v -37.737008 31.100561 4.171480
v -25.361742 31.875522 4.482453
v -12.742228 32.343504 4.704576
v -0.000000 32.500000 4.660151
v 12.742228 32.343504 4.571302
v 25.361742 31.875522 4.682364
v 37.737008 31.100561 5.015549
v 49.748846 30.026085 4.082630
v 61.281576 28.662441 3.549534
v 72.224130 27.022762 3.771657
v 82.471127 25.122840 4.704576
v 91.923882 22.980970 5.548645
v 100.491359 20.617782 5.015549
v 108.091050 18.056033 4.926700
v 114.649764 15.320394 4.793425
v 120.104339 12.437212 4.860062
v 124.402244 9.434252 4.682364
v 127.502086 6.340435 4.438028
v 129.374014 3.185557 4.615727
v 140.000000 -0.000000 3.434367
v 139.325862 -3.430600 3.222570
v 137.309939 -6.828161 3.222570
v 133.971647 -10.159964 3.092233
v 129.343135 -13.393920 3.092233
v 123.468977 -16.498886 3.108525
v 116.405746 -19.444958 3.010773
v 108.221463 -22.203765 3.059649
v 98.994949 -24.748737 2.880436
v 88.815060 -27.055366 3.238862
v 77.779833 -29.101436 3.043357
v 65.995543 -30.867244 2.978189
v 53.575681 -32.335784 3.141109
v 40.639855 -33.492912 3.157401
v 27.312645 -34.327485 3.434367
v 13.722400 -34.831465 3.059649
v 0.000000 -35.000000 3.173694
v -13.722400 -34.831465 3.238862
v -27.312645 -34.327485 2.978189
v -40.639855 -33.492912 2.570887
v -53.575681 -32.335784 2.603471
v -65.995543 -30.867244 3.075941
v -77.779833 -29.101436 3.646163
v -88.815060 -27.055366 2.913021
v -98.994949 -24.748737 2.847852
v -108.221463 -22.203765 3.059649
v -116.405746 -19.444958 3.027065
v -123.468977 -16.498886 3.124817
v -129.343135 -13.393920 3.092233
v -133.971647 -10.159964 3.092233
v -137.309939 -6.828161 3.222570
v -139.325862 -3.430600 3.238862
v -140.000000 -0.000000 3.434367
v -139.325862 3.430600 3.385490
v -137.309939 6.828161 3.287738
v -133.971647 10.159964 3.450659
v -129.343135 13.393920 3.613579
v -123.468977 16.498886 3.548411
v -116.405746 19.444958 3.646163
v -108.221463 22.203765 3.678747
v -98.994949 24.748737 3.695040
v -88.815060 27.055366 3.857960
v -77.779833 29.101436 4.102341
v -65.995543 30.867244 3.320322
v -53.575681 32.335784 2.896729
v -40.639855 33.492912 3.075941
v -27.312645 34.327485 3.189986
v -13.722400 34.831465 3.401782
v -0.000000 35.000000 3.418074
v 13.722400 34.831465 3.320322
v 27.312645 34.327485 3.304030
v 40.639855 33.492912 3.336614
v 53.575681 32.335784 2.815268
v 65.995543 30.867244 2.554595
v 77.779833 29.101436 3.010773
v 88.815060 27.055366 4.020881
v 98.994949 24.748737 3.646163
v 108.221463 22.203765 3.678747
v 116.405746 19.444958 3.646163
v 123.468977 16.498886 3.548411
v 129.343135 13.393920 3.613579
v 133.971647 10.159964 3.450659
v 137.309939 6.828161 3.287738
v 139.325862 3.430600 3.369198
v 150.000000 -0.000000 1.888268
v 149.277709 -3.675643 1.771819
v 147.117792 -7.315887 1.762862
v 143.541050 -10.885675 1.646412
v 138.581930 -14.350629 1.762862
v 132.288190 -17.677378 1.646412
v 124.720442 -20.833884 1.673285
v 115.951568 -23.789748 1.583709
v 106.066017 -26.516504 1.592667
v 95.158993 -28.987892 1.664328
v 83.335535 -31.180110 1.682243
v 70.709511 -33.072047 1.655370
v 57.402515 -34.645482 1.691201
v 43.542702 -35.885263 1.771819
v 29.263548 -36.779448 1.888268
v 14.702571 -37.319427 1.709116
v 0.000000 -37.500000 1.780777
v -14.702571 -37.319427 1.744946
v -29.263548 -36.779448 1.583709
v -43.542702 -35.885263 1.467260
v -57.402515 -34.645482 1.503090
v -70.709511 -33.072047 1.986802
v -83.335535 -31.180110 1.691201
v -95.158993 -28.987892 1.574751
v -106.066017 -26.516504 1.592667
v -115.951568 -23.789748 1.583709
v -124.720442 -20.833884 1.682243
v -132.288190 -17.677378 1.655370
v -138.581930 -14.350629 1.771819
v -143.541050 -10.885675 1.655370
v -147.117792 -7.315887 1.762862
v -149.277709 -3.675643 1.771819
v -150.000000 -0.000000 1.888268
v -149.277709 3.675643 1.843480
v -147.117792 7.315887 1.816607
v -143.541050 10.885675 1.968887
v -138.581930 14.350629 1.933057
v -132.288190 17.677378 1.986802
v -124.720442 20.833884 2.040548
v -115.951568 23.789748 2.013675
v -106.066017 26.516504 1.968887
v -95.158993 28.987892 1.942014
v -83.335535 31.180110 1.933057
v -70.709511 33.072047 1.870353
v -57.402515 34.645482 1.771819
v -43.542702 35.885263 1.646412
v -29.263548 36.779448 1.718073
v -14.702571 37.319427 1.825565
v -0.000000 37.500000 1.807650
v 14.702571 37.319427 1.852438
v 29.263548 36.779448 1.789734
v 43.542702 35.885263 1.825565
v 57.402515 34.645482 1.655370
v 70.709511 33.072047 1.503090
v 83.335535 31.180110 1.852438
v 95.158993 28.987892 1.924099
v 106.066017 26.516504 1.959929
v 115.951568 23.789748 2.013675
v 124.720442 20.833884 2.040548
v 132.288190 17.677378 1.977845
v 138.581930 14.350629 1.933057
v 143.541050 10.885675 1.959929
v 147.117792 7.315887 1.807650
v 149.277709 3.675643 1.834523
v 160.000000 -0.000000 0.000000
v 159.229556 -3.920686 0.000000
v 156.925645 -7.803613 0.000000
v 153.110454 -11.611387 0.000000
v 147.820725 -15.307337 0.000000
v 141.107402 -18.855869 0.000000
v 133.035138 -22.222809 0.000000
v 123.681673 -25.375731 0.000000
v 113.137085 -28.284271 0.000000
v 101.502925 -30.920418 0.000000
v 88.891237 -33.258784 0.000000
v 75.423478 -35.276851 0.000000
v 61.229349 -36.955181 0.000000
v 46.445548 -38.277613 0.000000
v 31.214452 -39.231411 0.000000
v 15.682742 -39.807389 0.000000
v 0.000000 -40.000000 0.000000
v -15.682742 -39.807389 0.000000
v -31.214452 -39.231411 0.000000
v -46.445548 -38.277613 0.000000
v -61.229349 -36.955181 0.000000
v -75.423478 -35.276851 0.000000
v -88.891237 -33.258784 0.000000
v -101.502925 -30.920418 0.000000
v -113.137085 -28.284271 0.000000
v -123.681673 -25.375731 0.000000
v -133.035138 -22.222809 0.000000
v -141.107402 -18.855869 0.000000
v -147.820725 -15.307337 0.000000
v -153.110454 -11.611387 0.000000
v -156.925645 -7.803613 0.000000
v -159.229556 -3.920686 0.000000
v -160.000000 -0.000000 0.000000
v -159.229556 3.920686 0.000000
v -156.925645 7.803613 0.000000
v -153.110454 11.611387 0.000000
v -147.820725 15.307337 0.000000
v -141.107402 18.855869 0.000000
v -133.035138 22.222809 0.000000
v -123.681673 25.375731 0.000000
v -113.137085 28.284271 0.000000
v -101.502925 30.920418 0.000000
v -88.891237 33.258784 0.000000
v -75.423478 35.276851 0.000000
v -61.229349 36.955181 0.000000
v -46.445548 38.277613 0.000000
v -31.214452 39.231411 0.000000
v -15.682742 39.807389 0.000000
v -0.000000 40.000000 0.000000
v 15.682742 39.807389 0.000000
v 31.214452 39.231411 0.000000
v 46.445548 38.277613 0.000000
v 61.229349 36.955181 0.000000
v 75.423478 35.276851 0.000000
v 88.891237 33.258784 0.000000
v 101.502925 30.920418 0.000000
v 113.137085 28.284271 0.000000
v 123.681673 25.375731 0.000000
v 133.035138 22.222809 0.000000
v 141.107402 18.855869 0.000000
v 147.820725 15.307337 0.000000
v 153.110454 11.611387 0.000000
v 156.925645 7.803613 0.000000
v 159.229556 3.920686 0.000000
vt 0.500000 0.500000
vt 0.550000 0.500000
vt 0.549759 0.498775
vt 0.549039 0.497561
vt 0.547847 0.496371
vt 0.546194 0.495216
vt 0.544096 0.494108
vt 0.541573 0.493055
vt 0.538651 0.492070
vt 0.535355 0.491161
vt 0.531720 0.490337
vt 0.527779 0.489607
vt 0.523570 0.488976
vt 0.519134 0.488452
vt 0.514514 0.488038
vt 0.509755 0.487740
vt 0.504901 0.487560
vt 0.500000 0.487500
vt 0.495099 0.487560
vt 0.490245 0.487740
vt 0.485486 0.488038
vt 0.480866 0.488452
vt 0.476430 0.488976
vt 0.472221 0.489607
vt 0.468280 0.490337
vt 0.464645 0.491161
vt 0.461349 0.492070
vt 0.458427 0.493055
vt 0.455904 0.494108
vt 0.453806 0.495216
vt 0.452153 0.496371
vt 0.450961 0.497561
vt 0.450241 0.498775
vt 0.450000 0.500000
vt 0.450241 0.501225
vt 0.450961 0.502439
vt 0.452153 0.503629
vt 0.453806 0.504784
vt 0.455904 0.505892
vt 0.458427 0.506945
vt 0.461349 0.507930
vt 0.464645 0.508839
vt 0.468280 0.509663
vt 0.472221 0.510393
vt 0.476430 0.511024
vt 0.480866 0.511548
vt 0.485486 0.511962
vt 0.490245 0.512260
vt 0.495099 0.512440
vt 0.500000 0.512500
vt 0.504901 0.512440
vt 0.509755 0.512260
vt 0.514514 0.511962
vt 0.519134 0.511548
vt 0.523570 0.511024
vt 0.527779 0.510393
vt 0.531720 0.509663
vt 0.535355 0.508839
vt 0.538651 0.507930
vt 0.541573 0.506945
vt 0.544096 0.505892
vt 0.546194 0.504784
vt 0.547847 0.503629
vt 0.549039 0.502439
vt 0.549759 0.501225
vt 0.600000 0.500000
vt 0.599518 0.497550
vt 0.598079 0.495123
vt 0.595694 0.492743
vt 0.592388 0.490433
vt 0.588192 0.488215
vt 0.583147 0.486111
vt 0.577301 0.484140
vt 0.570711 0.482322
vt 0.563439 0.480675
vt 0.555557 0.479213
vt 0.547140 0.477952
vt 0.538268 0.476903
vt 0.529028 0.476076
vt 0.519509 0.475480
vt 0.509802 0.475120
vt 0.500000 0.475000
vt 0.490198 0.475120
vt 0.480491 0.475480
vt 0.470972 0.476076
vt 0.461732 0.476903
vt 0.452860 0.477952
vt 0.444443 0.479213
vt 0.436561 0.480675
vt 0.429289 0.482322
vt 0.422699 0.484140
vt 0.416853 0.486111
vt 0.411808 0.488215
vt 0.407612 0.490433
vt 0.404306 0.492743
vt 0.401921 0.495123
vt 0.400482 0.497550
vt 0.400000 0.500000
vt 0.400482 0.502450
vt 0.401921 0.504877
vt 0.404306 0.507257
vt 0.407612 0.509567
vt 0.411808 0.511785
vt 0.416853 0.513889
vt 0.422699 0.515860
vt 0.429289 0.517678
vt 0.436561 0.519325
vt 0.444443 0.520787
vt 0.452860 0.522048
vt 0.461732 0.523097
vt 0.470972 0.523924
vt 0.480491 0.524520
vt 0.490198 0.524880
vt 0.500000 0.525000
vt 0.509802 0.524880
vt 0.519509 0.524520
vt 0.529028 0.523924
vt 0.538268 0.523097
vt 0.547140 0.522048
vt 0.555557 0.520787
vt 0.563439 0.519325
vt 0.570711 0.517678
vt 0.577301 0.515860
vt 0.583147 0.513889
vt 0.588192 0.511785
vt 0.592388 0.509567
vt 0.595694 0.507257
vt 0.598079 0.504877
vt 0.599518 0.502450
vt 0.650000 0.500000
vt 0.649278 0.496324
vt 0.647118 0.492684
vt 0.643541 0.489114
vt 0.638582 0.485649
vt 0.632288 0.482323
vt 0.624720 0.479166
vt 0.615952 0.476210
vt 0.606066 0.473483
vt 0.595159 0.471012
vt 0.583336 0.468820
vt 0.570710 0.466928
vt 0.557403 0.465355
vt 0.543543 0.464115
vt 0.529264 0.463221
vt 0.514703 0.462681
vt 0.500000 0.462500
vt 0.485297 0.462681
vt 0.470736 0.463221
vt 0.456457 0.464115
vt 0.442597 0.465355
vt 0.429290 0.466928
vt 0.416664 0.468820
vt 0.404841 0.471012
vt 0.393934 0.473483
vt 0.384048 0.476210
vt 0.375280 0.479166
vt 0.367712 0.482323
vt 0.361418 0.485649
vt 0.356459 0.489114
vt 0.352882 0.492684
vt 0.350722 0.496324
vt 0.350000 0.500000
vt 0.350722 0.503676
vt 0.352882 0.507316
vt 0.356459 0.510886
vt 0.361418 0.514351
vt 0.367712 0.517677
vt 0.375280 0.520834
vt 0.384048 0.523790
vt 0.393934 0.526517
vt 0.404841 0.528988
vt 0.416664 0.531180
vt 0.429290 0.533072
vt 0.442597 0.534645
vt 0.456457 0.535885
vt 0.470736 0.536779
vt 0.485297 0.537319
vt 0.500000 0.537500
vt 0.514703 0.537319
vt 0.529264 0.536779
vt 0.543543 0.535885
vt 0.557403 0.534645
vt 0.570710 0.533072
vt 0.583336 0.531180
vt 0.595159 0.528988
vt 0.606066 0.526517
vt 0.615952 0.523790
vt 0.624720 0.520834
vt 0.632288 0.517677
vt 0.638582 0.514351
vt 0.643541 0.510886
vt 0.647118 0.507316
vt 0.649278 0.503676
vt 0.700000 0.500000
vt 0.699037 0.495099
vt 0.696157 0.490245
vt 0.691388 0.485486
vt 0.684776 0.480866
vt 0.676384 0.476430
vt 0.666294 0.472221
vt 0.654602 0.468280
vt 0.641421 0.464645
vt 0.626879 0.461349
vt 0.611114 0.458427
vt 0.594279 0.455904
vt 0.576537 0.453806
vt 0.558057 0.452153
vt 0.539018 0.450961
vt 0.519603 0.450241
vt 0.500000 0.450000
vt 0.480397 0.450241
vt 0.460982 0.450961
vt 0.441943 0.452153
vt 0.423463 0.453806
vt 0.405721 0.455904
vt 0.388886 0.458427
vt 0.373121 0.461349
vt 0.358579 0.464645
vt 0.345398 0.468280
vt 0.333706 0.472221
vt 0.323616 0.476430
vt 0.315224 0.480866
vt 0.308612 0.485486
vt 0.303843 0.490245
vt 0.300963 0.495099
vt 0.300000 0.500000
vt 0.300963 0.504901
vt 0.303843 0.509755
vt 0.308612 0.514514
vt 0.315224 0.519134
vt 0.323616 0.523570
vt 0.333706 0.527779
vt 0.345398 0.531720
vt 0.358579 0.535355
vt 0.373121 0.538651
vt 0.388886 0.541573
vt 0.405721 0.544096
vt 0.423463 0.546194
vt 0.441943 0.547847
vt 0.460982 0.549039
vt 0.480397 0.549759
vt 0.500000 0.550000
vt 0.519603 0.549759
vt 0.539018 0.549039
vt 0.558057 0.547847
vt 0.576537 0.546194
vt 0.594279 0.544096
vt 0.611114 0.541573
vt 0.626879 0.538651
vt 0.641421 0.535355
vt 0.654602 0.531720
vt 0.666294 0.527779
vt 0.676384 0.523570
vt 0.684776 0.519134
vt 0.691388 0.514514
vt 0.696157 0.509755
vt 0.699037 0.504901
vt 0.750000 0.500000
vt 0.748796 0.493874
vt 0.745196 0.487807
vt 0.739235 0.481857
vt 0.730970 0.476082
vt 0.720480 0.470538
vt 0.707867 0.465277
vt 0.693253 0.460350
vt 0.676777 0.455806
vt 0.658598 0.451687
vt 0.638893 0.448033
vt 0.617849 0.444880
vt 0.595671 0.442258
vt 0.572571 0.440191
vt 0.548773 0.438701
vt 0.524504 0.437801
vt 0.500000 0.437500
vt 0.475496 0.437801
vt 0.451227 0.438701
vt 0.427429 0.440191
vt 0.404329 0.442258
vt 0.382151 0.444880
vt 0.361107 0.448033
vt 0.341402 0.451687
vt 0.323223 0.455806
vt 0.306747 0.460350
vt 0.292133 0.465277
vt 0.279520 0.470538
vt 0.269030 0.476082
vt 0.260765 0.481857
vt 0.254804 0.487807
vt 0.251204 0.493874
vt 0.250000 0.500000
vt 0.251204 0.506126
vt 0.254804 0.512193
vt 0.260765 0.518143
vt 0.269030 0.523918
vt 0.279520 0.529462
vt 0.292133 0.534723
vt 0.306747 0.539650
vt 0.323223 0.544194
vt 0.341402 0.548313
vt 0.361107 0.551967
vt 0.382151 0.555120
vt 0.404329 0.557742
vt 0.427429 0.559809
vt 0.451227 0.561299
vt 0.475496 0.562199
vt 0.500000 0.562500
vt 0.524504 0.562199
vt 0.548773 0.561299
vt 0.572571 0.559809
vt 0.595671 0.557742
vt 0.617849 0.555120
vt 0.638893 0.551967
vt 0.658598 0.548313
vt 0.676777 0.544194
vt 0.693253 0.539650
vt 0.707867 0.534723
vt 0.720480 0.529462
vt 0.730970 0.523918
vt 0.739235 0.518143
vt 0.745196 0.512193
vt 0.748796 0.506126
vt 0.800000 0.500000
vt 0.798555 0.492649
vt 0.794236 0.485368
vt 0.787082 0.478229
vt 0.777164 0.471299
vt 0.764576 0.464645
vt 0.749441 0.458332
vt 0.731903 0.452421
vt 0.712132 0.446967
vt 0.690318 0.442024
vt 0.666671 0.437640
vt 0.641419 0.433856
vt 0.614805 0.430709
vt 0.587085 0.428229
vt 0.558527 0.426441
vt 0.529405 0.425361
vt 0.500000 0.425000
vt 0.470595 0.425361
vt 0.441473 0.426441
vt 0.412915 0.428229
vt 0.385195 0.430709
vt 0.358581 0.433856
vt 0.333329 0.437640
vt 0.309682 0.442024
vt 0.287868 0.446967
vt 0.268097 0.452421
vt 0.250559 0.458332
vt 0.235424 0.464645
vt 0.222836 0.471299
vt 0.212918 0.478229
vt 0.205764 0.485368
vt 0.201445 0.492649
vt 0.200000 0.500000
vt 0.201445 0.507351
vt 0.205764 0.514632
vt 0.212918 0.521771
vt 0.222836 0.528701
vt 0.235424 0.535355
vt 0.250559 0.541668
vt 0.268097 0.547579
vt 0.287868 0.553033
vt 0.309682 0.557976
vt 0.333329 0.562360
vt 0.358581 0.566144
vt 0.385195 0.569291
vt 0.412915 0.571771
vt 0.441473 0.573559
vt 0.470595 0.574639
vt 0.500000 0.575000
vt 0.529405 0.574639
vt 0.558527 0.573559
vt 0.587085 0.571771
vt 0.614805 0.569291
vt 0.641419 0.566144
vt 0.666671 0.562360
vt 0.690318 0.557976
vt 0.712132 0.553033
vt 0.731903 0.547579
vt 0.749441 0.541668
vt 0.764576 0.535355
vt 0.777164 0.528701
vt 0.787082 0.521771
vt 0.794236 0.514632
vt 0.798555 0.507351
vt 0.850000 0.500000
vt 0.848315 0.491424
vt 0.843275 0.482930
vt 0.834929 0.474600
vt 0.823358 0.466515
vt 0.808672 0.458753
vt 0.791014 0.451388
vt 0.770554 0.444491
vt 0.747487 0.438128
vt 0.722038 0.432362
vt 0.694450 0.427246
vt 0.664989 0.422832
vt 0.633939 0.419161
vt 0.601600 0.416268
vt 0.568282 0.414181
vt 0.534306 0.412921
vt 0.500000 0.412500
vt 0.465694 0.412921
vt 0.431718 0.414181
vt 0.398400 0.416268
vt 0.366061 0.419161
vt 0.335011 0.422832
vt 0.305550 0.427246
vt 0.277962 0.432362
vt 0.252513 0.438128
vt 0.229446 0.444491
vt 0.208986 0.451388
vt 0.191328 0.458753
vt 0.176642 0.466515
vt 0.165071 0.474600
vt 0.156725 0.482930
vt 0.151685 0.491424
vt 0.150000 0.500000
vt 0.151685 0.508576
vt 0.156725 0.517070
vt 0.165071 0.525400
vt 0.176642 0.533485
vt 0.191328 0.541247
vt 0.208986 0.548612
vt 0.229446 0.555509
vt 0.252513 0.561872
vt 0.277962 0.567638
vt 0.305550 0.572754
vt 0.335011 0.577168
vt 0.366061 0.580839
vt 0.398400 0.583732
vt 0.431718 0.585819
vt 0.465694 0.587079
vt 0.500000 0.587500
vt 0.534306 0.587079
vt 0.568282 0.585819
vt 0.601600 0.583732
vt 0.633939 0.580839
vt 0.664989 0.577168
vt 0.694450 0.572754
vt 0.722038 0.567638
vt 0.747487 0.561872
vt 0.770554 0.555509
vt 0.791014 0.548612
vt 0.808672 0.541247
vt 0.823358 0.533485
vt 0.834929 0.525400
vt 0.843275 0.517070
vt 0.848315 0.508576
vt 0.900000 0.500000
vt 0.898074 0.490198
vt 0.892314 0.480491
vt 0.882776 0.470972
vt 0.869552 0.461732
vt 0.852769 0.452860
vt 0.832588 0.444443
vt 0.809204 0.436561
vt 0.782843 0.429289
vt 0.753757 0.422699
vt 0.722228 0.416853
vt 0.688559 0.411808
vt 0.653073 0.407612
vt 0.616114 0.404306
vt 0.578036 0.401921
vt 0.539207 0.400482
vt 0.500000 0.400000
vt 0.460793 0.400482
vt 0.421964 0.401921
vt 0.383886 0.404306
vt 0.346927 0.407612
vt 0.311441 0.411808
vt 0.277772 0.416853
vt 0.246243 0.422699
vt 0.217157 0.429289
vt 0.190796 0.436561
vt 0.167412 0.444443
vt 0.147231 0.452860
vt 0.130448 0.461732
vt 0.117224 0.470972
vt 0.107686 0.480491
vt 0.101926 0.490198
vt 0.100000 0.500000
vt 0.101926 0.509802
vt 0.107686 0.519509
vt 0.117224 0.529028
vt 0.130448 0.538268
vt 0.147231 0.547140
vt 0.167412 0.555557
vt 0.190796 0.563439
vt 0.217157 0.570711
vt 0.246243 0.577301
vt 0.277772 0.583147
vt 0.311441 0.588192
vt 0.346927 0.592388
vt 0.383886 0.595694
vt 0.421964 0.598079
vt 0.460793 0.599518
vt 0.500000 0.600000
vt 0.539207 0.599518
vt 0.578036 0.598079
vt 0.616114 0.595694
vt 0.653073 0.592388
vt 0.688559 0.588192
vt 0.722228 0.583147
vt 0.753757 0.577301
vt 0.782843 0.570711
vt 0.809204 0.563439
vt 0.832588 0.555557
vt 0.852769 0.547140
vt 0.869552 0.538268
vt 0.882776 0.529028
vt 0.892314 0.519509
vt 0.898074 0.509802
vt 0.950000 0.500000
vt 0.947833 0.488973
vt 0.941353 0.478052
vt 0.930623 0.467343
vt 0.915746 0.456948
vt 0.896865 0.446968
vt 0.874161 0.437498
vt 0.847855 0.428631
vt 0.818198 0.420450
vt 0.785477 0.413036
vt 0.750007 0.406460
vt 0.712129 0.400784
vt 0.672208 0.396064
vt 0.630628 0.392344
vt 0.587791 0.389662
vt 0.544108 0.388042
vt 0.500000 0.387500
vt 0.455892 0.388042
vt 0.412209 0.389662
vt 0.369372 0.392344
vt 0.327792 0.396064
vt 0.287871 0.400784
vt 0.249993 0.406460
vt 0.214523 0.413036
vt 0.181802 0.420450
vt 0.152145 0.428631
vt 0.125839 0.437498
vt 0.103135 0.446968
vt 0.084254 0.456948
vt 0.069377 0.467343
vt 0.058647 0.478052
vt 0.052167 0.488973
vt 0.050000 0.500000
vt 0.052167 0.511027
vt 0.058647 0.521948
vt 0.069377 0.532657
vt 0.084254 0.543052
vt 0.103135 0.553032
vt 0.125839 0.562502
vt 0.152145 0.571369
vt 0.181802 0.579550
vt 0.214523 0.586964
vt 0.249993 0.593540
vt 0.287871 0.599216
vt 0.327792 0.603936
vt 0.369372 0.607656
vt 0.412209 0.610338
vt 0.455892 0.611958
vt 0.500000 0.612500
vt 0.544108 0.611958
vt 0.587791 0.610338
vt 0.630628 0.607656
vt 0.672208 0.603936
vt 0.712129 0.599216
vt 0.750007 0.593540
vt 0.785477 0.586964
vt 0.818198 0.579550
vt 0.847855 0.571369
vt 0.874161 0.562502
vt 0.896865 0.553032
vt 0.915746 0.543052
vt 0.930623 0.532657
vt 0.941353 0.521948
vt 0.947833 0.511027
vt 1.000000 0.500000
vt 0.997592 0.487748
vt 0.990393 0.475614
vt 0.978470 0.463714
vt 0.961940 0.452165
vt 0.940961 0.441075
vt 0.915735 0.430554
vt 0.886505 0.420701
vt 0.853553 0.411612
vt 0.817197 0.403374
vt 0.777785 0.396066
vt 0.735698 0.389760
vt 0.691342 0.384515
vt 0.645142 0.380382
vt 0.597545 0.377402
vt 0.549009 0.375602
vt 0.500000 0.375000
vt 0.450991 0.375602
vt 0.402455 0.377402
vt 0.354858 0.380382
vt 0.308658 0.384515
vt 0.264302 0.389760
vt 0.222215 0.396066
vt 0.182803 0.403374
vt 0.146447 0.411612
vt 0.113495 0.420701
vt 0.084265 0.430554
vt 0.059039 0.441075
vt 0.038060 0.452165
vt 0.021530 0.463714
vt 0.009607 0.475614
vt 0.002408 0.487748
vt 0.000000 0.500000
vt 0.002408 0.512252
vt 0.009607 0.524386
vt 0.021530 0.536286
vt 0.038060 0.547835
vt 0.059039 0.558925
vt 0.084265 0.569446
vt 0.113495 0.579299
vt 0.146447 0.588388
vt 0.182803 0.596626
vt 0.222215 0.603934
vt 0.264302 0.610240
vt 0.308658 0.615485
vt 0.354858 0.619618
vt 0.402455 0.622598
vt 0.450991 0.624398
vt 0.500000 0.625000
vt 0.549009 0.624398
vt 0.597545 0.622598
vt 0.645142 0.619618
vt 0.691342 0.615485
vt 0.735698 0.610240
vt 0.777785 0.603934
vt 0.817197 0.596626
vt 0.853553 0.588388
vt 0.886505 0.579299
vt 0.915735 0.569446
vt 0.940961 0.558925
vt 0.961940 0.547835
vt 0.978470 0.536286
vt 0.990393 0.524386
vt 0.997592 0.512252
vt 1.050000 0.500000
vt 1.047352 0.486523
vt 1.039432 0.473175
vt 1.026317 0.460086
vt 1.008134 0.447381
vt 0.985057 0.435183
vt 0.957308 0.423609
vt 0.925156 0.412771
vt 0.888909 0.402773
vt 0.848916 0.393711
vt 0.805564 0.385673
vt 0.759268 0.378736
vt 0.710476 0.372967
vt 0.659657 0.368421
vt 0.607300 0.365142
vt 0.553909 0.363162
vt 0.500000 0.362500
vt 0.446091 0.363162
vt 0.392700 0.365142
vt 0.340343 0.368421
vt 0.289524 0.372967
vt 0.240732 0.378736
vt 0.194436 0.385673
vt 0.151084 0.393711
vt 0.111091 0.402773
vt 0.074844 0.412771
vt 0.042692 0.423609
vt 0.014943 0.435183
vt -0.008134 0.447381
vt -0.026317 0.460086
vt -0.039432 0.473175
vt -0.047352 0.486523
vt -0.050000 0.500000
vt -0.047352 0.513477
vt -0.039432 0.526825
vt -0.026317 0.539914
vt -0.008134 0.552619
vt 0.014943 0.564817
vt 0.042692 0.576391
vt 0.074844 0.587229
vt 0.111091 0.597227
vt 0.151084 0.606289
vt 0.194436 0.614327
vt 0.240732 0.621264
vt 0.289524 0.627033
vt 0.340343 0.631579
vt 0.392700 0.634858
vt 0.446091 0.636838
vt 0.500000 0.637500
vt 0.553909 0.636838
vt 0.607300 0.634858
vt 0.659657 0.631579
vt 0.710476 0.627033
vt 0.759268 0.621264
vt 0.805564 0.614327
vt 0.848916 0.606289
vt 0.888909 0.597227
vt 0.925156 0.587229
vt 0.957308 0.576391
vt 0.985057 0.564817
vt 1.008134 0.552619
vt 1.026317 0.539914
vt 1.039432 0.526825
vt 1.047352 0.513477
vt 1.100000 0.500000
vt 1.097111 0.485297
vt 1.088471 0.470736
vt 1.074164 0.456457
vt 1.054328 0.442597
vt 1.029153 0.429290
vt 0.998882 0.416664
vt 0.963806 0.404841
vt 0.924264 0.393934
vt 0.880636 0.384048
vt 0.833342 0.375280
vt 0.782838 0.367712
vt 0.729610 0.361418
vt 0.674171 0.356459
vt 0.617054 0.352882
vt 0.558810 0.350722
vt 0.500000 0.350000
vt 0.441190 0.350722
vt 0.382946 0.352882
vt 0.325829 0.356459
vt 0.270390 0.361418
vt 0.217162 0.367712
vt 0.166658 0.375280
vt 0.119364 0.384048
vt 0.075736 0.393934
vt 0.036194 0.404841
vt 0.001118 0.416664
vt -0.029153 0.429290
vt -0.054328 0.442597
vt -0.074164 0.456457
vt -0.088471 0.470736
vt -0.097111 0.485297
vt -0.100000 0.500000
vt -0.097111 0.514703
vt -0.088471 0.529264
vt -0.074164 0.543543
vt -0.054328 0.557403
vt -0.029153 0.570710
vt 0.001118 0.583336
vt 0.036194 0.595159
vt 0.075736 0.606066
vt 0.119364 0.615952
vt 0.166658 0.624720
vt 0.217162 0.632288
vt 0.270390 0.638582
vt 0.325829 0.643541
vt 0.382946 0.647118
vt 0.441190 0.649278
vt 0.500000 0.650000
vt 0.558810 0.649278
vt 0.617054 0.647118
vt 0.674171 0.643541
vt 0.729610 0.638582
vt 0.782838 0.632288
vt 0.833342 0.624720
vt 0.880636 0.615952
vt 0.924264 0.606066
vt 0.963806 0.595159
vt 0.998882 0.583336
vt 1.029153 0.570710
vt 1.054328 0.557403
vt 1.074164 0.543543
vt 1.088471 0.529264
vt 1.097111 0.514703
vt 1.150000 0.500000
vt 1.146870 0.484072
vt 1.137510 0.468298
vt 1.122011 0.452829
vt 1.100522 0.437814
vt 1.073249 0.423398
vt 1.040455 0.409720
vt 1.002457 0.396911
vt 0.959619 0.385095
vt 0.912356 0.374386
vt 0.861121 0.364886
vt 0.806408 0.356688
vt 0.748744 0.349870
vt 0.688685 0.344497
vt 0.626809 0.340622
vt 0.563711 0.338282
vt 0.500000 0.337500
vt 0.436289 0.338282
vt 0.373191 0.340622
vt 0.311315 0.344497
vt 0.251256 0.349870
vt 0.193592 0.356688
vt 0.138879 0.364886
vt 0.087644 0.374386
vt 0.040381 0.385095
vt -0.002457 0.396911
vt -0.040455 0.409720
vt -0.073249 0.423398
vt -0.100522 0.437814
vt -0.122011 0.452829
vt -0.137510 0.468298
vt -0.146870 0.484072
vt -0.150000 0.500000
vt -0.146870 0.515928
vt -0.137510 0.531702
vt -0.122011 0.547171
vt -0.100522 0.562186
vt -0.073249 0.576602
vt -0.040455 0.590280
vt -0.002457 0.603089
vt 0.040381 0.614905
vt 0.087644 0.625614
vt 0.138879 0.635114
vt 0.193592 0.643312
vt 0.251256 0.650130
vt 0.311315 0.655503
vt 0.373191 0.659378
vt 0.436289 0.661718
vt 0.500000 0.662500
vt 0.563711 0.661718
vt 0.626809 0.659378
vt 0.688685 0.655503
vt 0.748744 0.650130
vt 0.806408 0.643312
vt 0.861121 0.635114
vt 0.912356 0.625614
vt 0.959619 0.614905
vt 1.002457 0.603089
vt 1.040455 0.590280
vt 1.073249 0.576602
vt 1.100522 0.562186
vt 1.122011 0.547171
vt 1.137510 0.531702
vt 1.146870 0.515928
vt 1.200000 0.500000
vt 1.196629 0.482847
vt 1.186550 0.465859
vt 1.169858 0.449200
vt 1.146716 0.433030
vt 1.117345 0.417506
vt 1.082029 0.402775
vt 1.041107 0.388981
vt 0.994975 0.376256
vt 0.944075 0.364723
vt 0.888899 0.354493
vt 0.829978 0.345664
vt 0.767878 0.338321
vt 0.703199 0.332535
vt 0.636563 0.328363
vt 0.568612 0.325843
vt 0.500000 0.325000
vt 0.431388 0.325843
vt 0.363437 0.328363
vt 0.296801 0.332535
vt 0.232122 0.338321
vt 0.170022 0.345664
vt 0.111101 0.354493
vt 0.055925 0.364723
vt 0.005025 0.376256
vt -0.041107 0.388981
vt -0.082029 0.402775
vt -0.117345 0.417506
vt -0.146716 0.433030
vt -0.169858 0.449200
vt -0.186550 0.465859
vt -0.196629 0.482847
vt -0.200000 0.500000
vt -0.196629 0.517153
vt -0.186550 0.534141
vt -0.169858 0.550800
vt -0.146716 0.566970
vt -0.117345 0.582494
vt -0.082029 0.597225
vt -0.041107 0.611019
vt 0.005025 0.623744
vt 0.055925 0.635277
vt 0.111101 0.645507
vt 0.170022 0.654336
vt 0.232122 0.661679
vt 0.296801 0.667465
vt 0.363437 0.671637
vt 0.431388 0.674157
vt 0.500000 0.675000
vt 0.568612 0.674157
vt 0.636563 0.671637
vt 0.703199 0.667465
vt 0.767878 0.661679
vt 0.829978 0.654336
vt 0.888899 0.645507
vt 0.944075 0.635277
vt 0.994975 0.623744
vt 1.041107 0.611019
vt 1.082029 0.597225
vt 1.117345 0.582494
vt 1.146716 0.566970
vt 1.169858 0.550800
vt 1.186550 0.534141
vt 1.196629 0.517153
vt 1.250000 0.500000
vt 1.246389 0.481622
vt 1.235589 0.463421
vt 1.217705 0.445572
vt 1.192910 0.428247
vt 1.161441 0.411613
vt 1.123602 0.395831
vt 1.079758 0.381051
vt 1.030330 0.367417
vt 0.975795 0.355061
vt 0.916678 0.344099
vt 0.853548 0.334640
vt 0.787013 0.326773
vt 0.717714 0.320574
vt 0.646318 0.316103
vt 0.573513 0.313403
vt 0.500000 0.312500
vt 0.426487 0.313403
vt 0.353682 0.316103
vt 0.282286 0.320574
vt 0.212987 0.326773
vt 0.146452 0.334640
vt 0.083322 0.344099
vt 0.024205 0.355061
vt -0.030330 0.367417
vt -0.079758 0.381051
vt -0.123602 0.395831
vt -0.161441 0.411613
vt -0.192910 0.428247
vt -0.217705 0.445572
vt -0.235589 0.463421
vt -0.246389 0.481622
vt -0.250000 0.500000
vt -0.246389 0.518378
vt -0.235589 0.536579
vt -0.217705 0.554428
vt -0.192910 0.571753
vt -0.161441 0.588387
vt -0.123602 0.604169
vt -0.079758 0.618949
vt -0.030330 0.632583
vt 0.024205 0.644939
vt 0.083322 0.655901
vt 0.146452 0.665360
vt 0.212987 0.673227
vt 0.282286 0.679426
vt 0.353682 0.683897
vt 0.426487 0.686597
vt 0.500000 0.687500
vt 0.573513 0.686597
vt 0.646318 0.683897
vt 0.717714 0.679426
vt 0.787013 0.673227
vt 0.853548 0.665360
vt 0.916678 0.655901
vt 0.975795 0.644939
vt 1.030330 0.632583
vt 1.079758 0.618949
vt 1.123602 0.604169
vt 1.161441 0.588387
vt 1.192910 0.571753
vt 1.217705 0.554428
vt 1.235589 0.536579
vt 1.246389 0.518378
vt 1.300000 0.500000
vt 1.296148 0.480397
vt 1.284628 0.460982
vt 1.265552 0.441943
vt 1.239104 0.423463
vt 1.205537 0.405721
vt 1.165176 0.388886
vt 1.118408 0.373121
vt 1.065685 0.358579
vt 1.007515 0.345398
vt 0.944456 0.333706
vt 0.877117 0.323616
vt 0.806147 0.315224
vt 0.732228 0.308612
vt 0.656072 0.303843
vt 0.578414 0.300963
vt 0.500000 0.300000
vt 0.421586 0.300963
vt 0.343928 0.303843
vt 0.267772 0.308612
vt 0.193853 0.315224
vt 0.122883 0.323616
vt 0.055544 0.333706
vt -0.007515 0.345398
vt -0.065685 0.358579
vt -0.118408 0.373121
vt -0.165176 0.388886
vt -0.205537 0.405721
vt -0.239104 0.423463
vt -0.265552 0.441943
vt -0.284628 0.460982
vt -0.296148 0.480397
vt -0.300000 0.500000
vt -0.296148 0.519603
vt -0.284628 0.539018
vt -0.265552 0.558057
vt -0.239104 0.576537
vt -0.205537 0.594279
vt -0.165176 0.611114
vt -0.118408 0.626879
vt -0.065685 0.641421
vt -0.007515 0.654602
vt 0.055544 0.666294
vt 0.122883 0.676384
vt 0.193853 0.684776
vt 0.267772 0.691388
vt 0.343928 0.696157
vt 0.421586 0.699037
vt 0.500000 0.700000
vt 0.578414 0.699037
vt 0.656072 0.696157
vt 0.732228 0.691388
vt 0.806147 0.684776
vt 0.877117 0.676384
vt 0.944456 0.666294
vt 1.007515 0.654602
vt 1.065685 0.641421
vt 1.118408 0.626879
vt 1.165176 0.611114
vt 1.205537 0.594279
vt 1.239104 0.576537
vt 1.265552 0.558057
vt 1.284628 0.539018
vt 1.296148 0.519603
f 3/3 2/2 1/1
f 4/4 3/3 1/1
f 5/5 4/4 1/1
f 6/6 5/5 1/1
f 7/7 6/6 1/1
f 8/8 7/7 1/1
f 9/9 8/8 1/1
f 10/10 9/9 1/1
f 11/11 10/10 1/1
f 12/12 11/11 1/1
f 13/13 12/12 1/1
f 14/14 13/13 1/1
f 15/15 14/14 1/1
f 16/16 15/15 1/1
f 17/17 16/16 1/1
f 18/18 17/17 1/1
f 19/19 18/18 1/1
f 20/20 19/19 1/1
f 21/21 20/20 1/1
f 22/22 21/21 1/1
f 23/23 22/22 1/1
f 24/24 23/23 1/1
f 25/25 24/24 1/1
f 26/26 25/25 1/1
f 27/27 26/26 1/1
f 28/28 27/27 1/1
f 29/29 28/28 1/1
f 30/30 29/29 1/1
f 31/31 30/30 1/1
f 32/32 31/31 1/1
f 33/33 32/32 1/1
f 34/34 33/33 1/1
f 35/35 34/34 1/1
f 36/36 35/35 1/1
f 37/37 36/36 1/1
f 38/38 37/37 1/1
f 39/39 38/38 1/1
f 40/40 39/39 1/1
f 41/41 40/40 1/1
f 42/42 41/41 1/1
f 43/43 42/42 1/1
f 44/44 43/43 1/1
f 45/45 44/44 1/1
f 46/46 45/45 1/1
f 47/47 46/46 1/1
f 48/48 47/47 1/1
f 49/49 48/48 1/1
f 50/50 49/49 1/1
f 51/51 50/50 1/1
f 52/52 51/51 1/1
f 53/53 52/52 1/1
f 54/54 53/53 1/1
f 55/55 54/54 1/1
f 56/56 55/55 1/1
f 57/57 56/56 1/1
f 58/58 57/57 1/1
f 59/59 58/58 1/1
f 60/60 59/59 1/1
f 61/61 60/60 1/1
f 62/62 61/61 1/1
f 63/63 62/62 1/1
f 64/64 63/63 1/1
f 65/65 64/64 1/1
f 2/2 65/65 1/1
f 3/3 66/66 2/2
f 67/67 66/66 3/3
f 4/4 67/67 3/3
f 68/68 67/67 4/4
f 5/5 68/68 4/4
f 69/69 68/68 5/5
f 6/6 69/69 5/5
f 70/70 69/69 6/6
f 7/7 70/70 6/6
f 71/71 70/70 7/7
f 8/8 71/71 7/7
f 72/72 71/71 8/8
f 9/9 72/72 8/8
f 73/73 72/72 9/9
f 10/10 73/73 9/9
f 74/74 73/73 10/10
f 11/11 74/74 10/10
f 75/75 74/74 11/11
f 12/12 75/75 11/11
f 76/76 75/75 12/12
f 13/13 76/76 12/12
f 77/77 76/76 13/13
f 14/14 77/77 13/13
f 78/78 77/77 14/14
f 15/15 78/78 14/14
f 79/79 78/78 15/15
f 16/16 79/79 15/15
f 80/80 79/79 16/16
f 17/17 80/80 16/16
f 81/81 80/80 17/17
f 18/18 81/81 17/17
f 82/82 81/81 18/18
f 19/19 82/82 18/18
f 83/83 82/82 19/19
f 20/20 83/83 19/19
f 84/84 83/83 20/20
f 21/21 84/84 20/20
f 85/85 84/84 21/21
f 22/22 85/85 21/21
f 86/86 85/85 22/22
f 23/23 86/86 22/22
f 87/87 86/86 23/23
f 24/24 87/87 23/23
f 88/88 87/87 24/24
f 25/25 88/88 24/24
f 89/89 88/88 25/25
f 26/26 89/89 25/25
f 90/90 89/89 26/26
f 27/27 90/90 26/26
f 91/91 90/90 27/27
f 28/28 91/91 27/27
f 92/92 91/91 28/28
f 29/29 92/92 28/28
f 93/93 92/92 29/29
f 30/30 93/93 29/29
f 94/94 93/93 30/30
f 31/31 94/94 30/30
f 95/95 94/94 31/31
f 32/32 95/95 31/31
f 96/96 95/95 32/32
f 33/33 96/96 32/32
f 97/97 96/96 33/33
f 34/34 97/97 33/33
f 98/98 97/97 34/34
f 35/35 98/98 34/34
f 99/99 98/98 35/35
f 36/36 99/99 35/35
f 100/100 99/99 36/36
f 37/37 100/100 36/36
f 101/101 100/100 37/37
f 38/38 101/101 37/37
f 102/102 101/101 38/38
f 39/39 102/102 38/38
f 103/103 102/102 39/39
f 40/40 103/103 39/39
f 104/104 103/103 40/40
f 41/41 104/104 40/40
f 105/105 104/104 41/41
f 42/42 105/105 41/41
f 106/106 105/105 42/42
f 43/43 106/106 42/42
f 107/107 106/106 43/43
f 44/44 107/107 43/43
f 108/108 107/107 44/44
f 45/45 108/108 44/44
f 109/109 108/108 45/45
f 46/46 109/109 45/45
f 110/110 109/109 46/46
f 47/47 110/110 46/46
f 111/111 110/110 47/47
f 48/48 111/111 47/47
f 112/112 111/111 48/48
f 49/49 112/112 48/48
f 113/113 112/112 49/49
f 50/50 113/113 49/49
f 114/114 113/113 50/50
f 51/51 114/114 50/50
f 115/115 114/114 51/51
f 52/52 115/115 51/51
f 116/116 115/115 52/52
f 53/53 116/116 52/52
f 117/117 116/116 53/53
f 54/54 117/117 53/53
f 118/118 117/117 54/54
f 55/55 118/118 54/54
f 119/119 118/118 55/55
f 56/56 119/119 55/55
f 120/120 119/119 56/56
f 57/57 120/120 56/56
f 121/121 120/120 57/57
f 58/58 121/121 57/57
f 122/122 121/121 58/58
f 59/59 122/122 58/58
f 123/123 122/122 59/59
f 60/60 123/123 59/59
f 124/124 123/123 60/60
f 61/61 124/124 60/60
f 125/125 124/124 61/61
f 62/62 125/125 61/61
f 126/126 125/125 62/62
f 63/63 126/126 62/62
f 127/127 126/126 63/63
f 64/64 127/127 63/63
f 128/128 127/127 64/64
f 65/65 128/128 64/64
f 129/129 128/128 65/65
f 2/2 129/129 65/65
f 66/66 129/129 2/2
f 67/67 130/130 66/66
f 131/131 130/130 67/67
f 68/68 131/131 67/67
f 132/132 131/131 68/68
f 69/69 132/132 68/68
f 133/133 132/132 69/69
f 70/70 133/133 69/69
f 134/134 133/133 70/70
f 71/71 134/134 70/70
f 135/135 134/134 71/71
f 72/72 135/135 71/71
f 136/136 135/135 72/72
f 73/73 136/136 72/72
f 137/137 136/136 73/73
f 74/74 137/137 73/73
f 138/138 137/137 74/74
f 75/75 138/138 74/74
f 139/139 138/138 75/75
f 76/76 139/139 75/75
f 140/140 139/139 76/76
f 77/77 140/140 76/76
f 141/141 140/140 77/77
f 78/78 141/141 77/77
f 142/142 141/141 78/78
f 79/79 142/142 78/78
f 143/143 142/142 79/79
f 80/80 143/143 79/79
f 144/144 143/143 80/80
f 81/81 144/144 80/80
f 145/145 144/144 81/81
f 82/82 145/145 81/81
f 146/146 145/145 82/82
f 83/83 146/146 82/82
f 147/147 146/146 83/83
f 84/84 147/147 83/83
f 148/148 147/147 84/84
f 85/85 148/148 84/84
f 149/149 148/148 85/85
f 86/86 149/149 85/85
f 150/150 149/149 86/86
f 87/87 150/150 86/86
f 151/151 150/150 87/87
f 88/88 151/151 87/87
f 152/152 151/151 88/88
f 89/89 152/152 88/88
f 153/153 152/152 89/89
f 90/90 153/153 89/89
f 154/154 153/153 90/90
f 91/91 154/154 90/90
f 155/155 154/154 91/91
f 92/92 155/155 91/91
f 156/156 155/155 92/92
f 93/93 156/156 92/92
f 157/157 156/156 93/93
f 94/94 157/157 93/93
f 158/158 157/157 94/94
f 95/95 158/158 94/94
f 159/159 158/158 95/95
f 96/96 159/159 95/95
f 160/160 159/159 96/96
f 97/97 160/160 96/96
f 161/161 160/160 97/97
f 98/98 161/161 97/97
f 162/162 161/161 98/98
f 99/99 162/162 98/98
f 163/163 162/162 99/99
f 100/100 163/163 99/99
f 164/164 163/163 100/100
f 101/101 164/164 100/100
f 165/165 164/164 101/101
f 102/102 165/165 101/101
f 166/166 165/165 102/102
f 103/103 166/166 102/102
f 167/167 166/166 103/103
f 104/104 167/167 103/103
f 168/168 167/167 104/104
f 105/105 168/168 104/104
f 169/169 168/168 105/105
f 106/106 169/169 105/105
f 170/170 169/169 106/106
f 107/107 170/170 106/106
f 171/171 170/170 107/107
f 108/108 171/171 107/107
f 172/172 171/171 108/108
f 109/109 172/172 108/108
f 173/173 172/172 109/109
f 110/110 173/173 109/109
f 174/174 173/173 110/110
f 111/111 174/174 110/110
f 175/175 174/174 111/111
f 112/112 175/175 111/111
f 176/176 175/175 112/112
f 113/113 176/176 112/112
f 177/177 176/176 113/113
f 114/114 177/177 113/113
f 178/178 177/177 114/114
f 115/115 178/178 114/114
f 179/179 178/178 115/115
f 116/116 179/179 115/115
f 180/180 179/179 116/116
f 117/117 180/180 116/116
f 181/181 180/180 117/117
f 118/118 181/181 117/117
f 182/182 181/181 118/118
f 119/119 182/182 118/118
f 183/183 182/182 119/119
f 120/120 183/183 119/119
f 184/184 183/183 120/120
f 121/121 184/184 120/120
f 185/185 184/184 121/121
f 122/122 185/185 121/121
f 186/186 185/185 122/122
f 123/123 186/186 122/122
f 187/187 186/186 123/123
f 124/124 187/187 123/123
f 188/188 187/187 124/124
f 125/125 188/188 124/124
f 189/189 188/188 125/125
f 126/126 189/189 125/125
f 190/190 189/189 126/126
f 127/127 190/190 126/126
f 191/191 190/190 127/127
f 128/128 191/191 127/127
f 192/192 191/191 128/128
f 129/129 192/192 128/128
f 193/193 192/192 129/129
f 66/66 193/193 129/129
f 130/130 193/193 66/66
f 131/131 194/194 130/130
f 195/195 194/194 131/131
f 132/132 195/195 131/131
f 196/196 195/195 132/132
f 133/133 196/196 132/132
f 197/197 196/196 133/133
f 134/134 197/197 133/133
f 198/198 197/197 134/134
f 135/135 198/198 134/134
f 199/199 198/198 135/135
f 136/136 199/199 135/135
f 200/200 199/199 136/136
f 137/137 200/200 136/136
f 201/201 200/200 137/137
f 138/138 201/201 137/137
f 202/202 201/201 138/138
f 139/139 202/202 138/138
f 203/203 202/202 139/139
f 140/140 203/203 139/139
f 204/204 203/203 140/140
f 141/141 204/204 140/140
f 205/205 204/204 141/141
f 142/142 205/205 141/141
f 206/206 205/205 142/142
f 143/143 206/206 142/142
f 207/207 206/206 143/143
f 144/144 207/207 143/143
f 208/208 207/207 144/144
f 145/145 208/208 144/144
f 209/209 208/208 145/145
f 146/146 209/209 145/145
f 210/210 209/209 146/146
f 147/147 210/210 146/146
f 211/211 210/210 147/147
f 148/148 211/211 147/147
f 212/212 211/211 148/148
f 149/149 212/212 148/148
f 213/213 212/212 149/149
f 150/150 213/213 149/149
f 214/214 213/213 150/150
f 151/151 214/214 150/150
f 215/215 214/214 151/151
f 152/152 215/215 151/151
f 216/216 215/215 152/152
f 153/153 216/216 152/152
f 217/217 216/216 153/153
f 154/154 217/217 153/153
f 218/218 217/217 154/154
f 155/155 218/218 154/154
f 219/219 218/218 155/155
f 156/156 219/219 155/155
f 220/220 219/219 156/156
f 157/157 220/220 156/156
f 221/221 220/220 157/157
f 158/158 221/221 157/157
f 222/222 221/221 158/158
f 159/159 222/222 158/158
f 223/223 222/222 159/159
f 160/160 223/223 159/159
f 224/224 223/223 160/160
f 161/161 224/224 160/160
f 225/225 224/224 161/161
f 162/162 225/225 161/161
f 226/226 225/225 162/162
f 163/163 226/226 162/162
f 227/227 226/226 163/163
f 164/164 227/227 163/163
f 228/228 227/227 164/164
f 165/165 228/228 164/164
f 229/229 228/228 165/165
f 166/166 229/229 165/165
f 230/230 229/229 166/166
f 167/167 230/230 166/166
f 231/231 230/230 167/167
f 168/168 231/231 167/167
f 232/232 231/231 168/168
f 169/169 232/232 168/168
f 233/233 232/232 169/169
f 170/170 233/233 169/169
f 234/234 233/233 170/170
f 171/171 234/234 170/170
f 235/235 234/234 171/171
f 172/172 235/235 171/171
f 236/236 235/235 172/172
f 173/173 236/236 172/172
f 237/237 236/236 173/173
f 174/174 237/237 173/173
f 238/238 237/237 174/174
f 175/175 238/238 174/174
f 239/239 238/238 175/175
f 176/176 239/239 175/175
f 240/240 239/239 176/176
f 177/177 240/240 176/176
f 241/241 240/240 177/177
f 178/178 241/241 177/177
f 242/242 241/241 178/178
f 179/179 242/242 178/178
f 243/243 242/242 179/179
f 180/180 243/243 179/179
f 244/244 243/243 180/180
f 181/181 244/244 180/180
f 245/245 244/244 181/181
f 182/182 245/245 181/181
f 246/246 245/245 182/182
f 183/183 246/246 182/182
f 247/247 246/246 183/183
f 184/184 247/247 183/183
f 248/248 247/247 184/184
f 185/185 248/248 184/184
f 249/249 248/248 185/185
f 186/186 249/249 185/185
f 250/250 249/249 186/186
f 187/187 250/250 186/186
f 251/251 250/250 187/187
f 188/188 251/251 187/187
f 252/252 251/251 188/188
f 189/189 252/252 188/188
f 253/253 252/252 189/189
f 190/190 253/253 189/189
f 254/254 253/253 190/190
f 191/191 254/254 190/190
f 255/255 254/254 191/191
f 192/192 255/255 191/191
f 256/256 255/255 192/192
f 193/193 256/256 192/192
f 257/257 256/256 193/193
f 130/130 257/257 193/193
f 194/194 257/257 130/130
f 195/195 258/258 194/194
f 259/259 258/258 195/195
f 196/196 259/259 195/195
f 260/260 259/259 196/196
f 197/197 260/260 196/196
f 261/261 260/260 197/197
f 198/198 261/261 197/197
f 262/262 261/261 198/198
f 199/199 262/262 198/198
f 263/263 262/262 199/199
f 200/200 263/263 199/199
f 264/264 263/263 200/200
f 201/201 264/264 200/200
f 265/265 264/264 201/201
f 202/202 265/265 201/201
f 266/266 265/265 202/202
f 203/203 266/266 202/202
f 267/267 266/266 203/203
f 204/204 267/267 203/203
f 268/268 267/267 204/204
f 205/205 268/268 204/204
f 269/269 268/268 205/205
f 206/206 269/269 205/205
f 270/270 269/269 206/206
f 207/207 270/270 206/206
f 271/271 270/270 207/207
f 208/208 271/271 207/207
f 272/272 271/271 208/208
f 209/209 272/272 208/208
f 273/273 272/272 209/209
f 210/210 273/273 209/209
f 274/274 273/273 210/210
f 211/211 274/274 210/210
f 275/275 274/274 211/211
f 212/212 275/275 211/211
f 276/276 275/275 212/212
f 213/213 276/276 212/212
f 277/277 276/276 213/213
f 214/214 277/277 213/213
f 278/278 277/277 214/214
f 215/215 278/278 214/214
f 279/279 278/278 215/215
f 216/216 279/279 215/215
f 280/280 279/279 216/216
f 217/217 280/280 216/216
f 281/281 280/280 217/217
f 218/218 281/281 217/217
f 282/282 281/281 218/218
f 219/219 282/282 218/218
f 283/283 282/282 219/219
f 220/220 283/283 219/219
f 284/284 283/283 220/220
f 221/221 284/284 220/220
f 285/285 284/284 221/221
f 222/222 285/285 221/221
f 286/286 285/285 222/222
f 223/223 286/286 222/222
f 287/287 286/286 223/223
f 224/224 287/287 223/223
f 288/288 287/287 224/224
f 225/225 288/288 224/224
f 289/289 288/288 225/225
f 226/226 289/289 225/225
f 290/290 289/289 226/226
f 227/227 290/290 226/226
f 291/291 290/290 227/227
f 228/228 291/291 227/227
f 292/292 291/291 228/228
f 229/229 292/292 228/228
f 293/293 292/292 229/229
f 230/230 293/293 229/229
f 294/294 293/293 230/230
f 231/231 294/294 230/230
f 295/295 294/294 231/231
f 232/232 295/295 231/231
f 296/296 295/295 232/232
f 233/233 296/296 232/232
f 297/297 296/296 233/233
f 234/234 297/297 233/233
f 298/298 297/297 234/234
f 235/235 298/298 234/234
f 299/299 298/298 235/235
f 236/236 299/299 235/235
f 300/300 299/299 236/236
f 237/237 300/300 236/236
f 301/301 300/300 237/237
f 238/238 301/301 237/237
f 302/302 301/301 238/238
f 239/239 302/302 238/238
f 303/303 302/302 239/239
f 240/240 303/303 239/239
f 304/304 303/303 240/240
f 241/241 304/304 240/240
f 305/305 304/304 241/241
f 242/242 305/305 241/241
f 306/306 305/305 242/242
f 243/243 306/306 242/242
f 307/307 306/306 243/243
f 244/244 307/307 243/243
f 308/308 307/307 244/244
f 245/245 308/308 244/244
f 309/309 308/308 245/245
f 246/246 309/309 245/245
f 310/310 309/309 246/246
f 247/247 310/310 246/246
f 311/311 310/310 247/247
f 248/248 311/311 247/247
f 312/312 311/311 248/248
f 249/249 312/312 248/248
f 313/313 312/312 249/249
f 250/250 313/313 249/249
f 314/314 313/313 250/250
f 251/251 314/314 250/250
f 315/315 314/314 251/251
f 252/252 315/315 251/251
f 316/316 315/315 252/252
f 253/253 316/316 252/252
f 317/317 316/316 253/253
f 254/254 317/317 253/253
f 318/318 317/317 254/254
f 255/255 318/318 254/254
f 319/319 318/318 255/255
f 256/256 319/319 255/255
f 320/320 319/319 256/256
f 257/257 320/320 256/256
f 321/321 320/320 257/257
f 194/194 321/321 257/257
f 258/258 321/321 194/194
f 259/259 322/322 258/258
f 323/323 322/322 259/259
f 260/260 323/323 259/259
f 324/324 323/323 260/260
f 261/261 324/324 260/260
f 325/325 324/324 261/261
f 262/262 325/325 261/261
f 326/326 325/325 262/262
f 263/263 326/326 262/262
f 327/327 326/326 263/263
f 264/264 327/327 263/263
f 328/328 327/327 264/264
f 265/265 328/328 264/264
f 329/329 328/328 265/265
f 266/266 329/329 265/265
f 330/330 329/329 266/266
f 267/267 330/330 266/266
f 331/331 330/330 267/267
f 268/268 331/331 267/267
f 332/332 331/331 268/268
f 269/269 332/332 268/268
f 333/333 332/332 269/269
f 270/270 333/333 269/269
f 334/334 333/333 270/270
f 271/271 334/334 270/270
f 335/335 334/334 271/271
f 272/272 335/335 271/271
f 336/336 335/335 272/272
f 273/273 336/336 272/272
f 337/337 336/336 273/273
f 274/274 337/337 273/273
f 338/338 337/337 274/274
f 275/275 338/338 274/274
f 339/339 338/338 275/275
f 276/276 339/339 275/275
f 340/340 339/339 276/276
f 277/277 340/340 276/276
f 341/341 340/340 277/277
f 278/278 341/341 277/277
f 342/342 341/341 278/278
f 279/279 342/342 278/278
f 343/343 342/342 279/279
f 280/280 343/343 279/279
f 344/344 343/343 280/280
f 281/281 344/344 280/280
f 345/345 344/344 281/281
f 282/282 345/345 281/281
f 346/346 345/345 282/282
f 283/283 346/346 282/282
f 347/347 346/346 283/283
f 284/284 347/347 283/283
f 348/348 347/347 284/284
f 285/285 348/348 284/284
f 349/349 348/348 285/285
f 286/286 349/349 285/285
f 350/350 349/349 286/286
f 287/287 350/350 286/286
f 351/351 350/350 287/287
f 288/288 351/351 287/287
f 352/352 351/351 288/288
f 289/289 352/352 288/288
f 353/353 352/352 289/289
f 290/290 353/353 289/289
f 354/354 353/353 290/290
f 291/291 354/354 290/290
f 355/355 354/354 291/291
f 292/292 355/355 291/291
f 356/356 355/355 292/292
f 293/293 356/356 292/292
f 357/357 356/356 293/293
f 294/294 357/357 293/293
f 358/358 357/357 294/294
f 295/295 358/358 294/294
f 359/359 358/358 295/295
f 296/296 359/359 295/295
f 360/360 359/359 296/296
f 297/297 360/360 296/296
f 361/361 360/360 297/297
f 298/298 361/361 297/297
f 362/362 361/361 298/298
f 299/299 362/362 298/298
f 363/363 362/362 299/299
f 300/300 363/363 299/299
f 364/364 363/363 300/300
f 301/301 364/364 300/300
f 365/365 364/364 301/301
f 302/302 365/365 301/301
f 366/366 365/365 302/302
f 303/303 366/366 302/302
f 367/367 366/366 303/303
f 304/304 367/367 303/303
f 368/368 367/367 304/304
f 305/305 368/368 304/304
f 369/369 368/368 305/305
f 306/306 369/369 305/305
f 370/370 369/369 306/306
f 307/307 370/370 306/306
f 371/371 370/370 307/307
f 308/308 371/371 307/307
f 372/372 371/371 308/308
f 309/309 372/372 308/308
f 373/373 372/372 309/309
f 310/310 373/373 309/309
f 374/374 373/373 310/310
f 311/311 374/374 310/310
f 375/375 374/374 311/311
f 312/312 375/375 311/311
f 376/376 375/375 312/312
f 313/313 376/376 312/312
f 377/377 376/376 313/313
f 314/314 377/377 313/313
f 378/378 377/377 314/314
f 315/315 378/378 314/314
f 379/379 378/378 315/315
f 316/316 379/379 315/315
f 380/380 379/379 316/316
f 317/317 380/380 316/316
f 381/381 380/380 317/317
f 318/318 381/381 317/317
f 382/382 381/381 318/318
f 319/319 382/382 318/318
f 383/383 382/382 319/319
f 320/320 383/383 319/319
f 384/384 383/383 320/320
f 321/321 384/384 320/320
f 385/385 384/384 321/321
f 258/258 385/385 321/321
f 322/322 385/385 258/258
f 323/323 386/386 322/322
f 387/387 386/386 323/323
f 324/324 387/387 323/323
f 388/388 387/387 324/324
f 325/325 388/388 324/324
f 389/389 388/388 325/325
f 326/326 389/389 325/325
f 390/390 389/389 326/326
f 327/327 390/390 326/326
f 391/391 390/390 327/327
f 328/328 391/391 327/327
f 392/392 391/391 328/328
f 329/329 392/392 328/328
f 393/393 392/392 329/329
f 330/330 393/393 329/329
f 394/394 393/393 330/330
f 331/331 394/394 330/330
f 395/395 394/394 331/331
f 332/332 395/395 331/331
f 396/396 395/395 332/332
f 333/333 396/396 332/332
f 397/397 396/396 333/333
f 334/334 397/397 333/333
f 398/398 397/397 334/334
f 335/335 398/398 334/334
f 399/399 398/398 335/335
f 336/336 399/399 335/335
f 400/400 399/399 336/336
f 337/337 400/400 336/336
f 401/401 400/400 337/337
f 338/338 401/401 337/337
f 402/402 401/401 338/338
f 339/339 402/402 338/338
f 403/403 402/402 339/339
f 340/340 403/403 339/339
f 404/404 403/403 340/340
f 341/341 404/404 340/340
f 405/405 404/404 341/341
f 342/342 405/405 341/341
f 406/406 405/405 342/342
f 343/343 406/406 342/342
f 407/407 406/406 343/343
f 344/344 407/407 343/343
f 408/408 407/407 344/344
f 345/345 408/408 344/344
f 409/409 408/408 345/345
f 346/346 409/409 345/345
f 410/410 409/409 346/346
f 347/347 410/410 346/346
f 411/411 410/410 347/347
f 348/348 411/411 347/347
f 412/412 411/411 348/348
f 349/349 412/412 348/348
f 413/413 412/412 349/349
f 350/350 413/413 349/349
f 414/414 413/413 350/350
f 351/351 414/414 350/350
f 415/415 414/414 351/351
f 352/352 415/415 351/351
f 416/416 415/415 352/352
f 353/353 416/416 352/352
f 417/417 416/416 353/353
f 354/354 417/417 353/353
f 418/418 417/417 354/354
f 355/355 418/418 354/354
f 419/419 418/418 355/355
f 356/356 419/419 355/355
f 420/420 419/419 356/356
f 357/357 420/420 356/356
f 421/421 420/420 357/357
f 358/358 421/421 357/357
f 422/422 421/421 358/358
f 359/359 422/422 358/358
f 423/423 422/422 359/359
f 360/360 423/423 359/359
f 424/424 423/423 360/360
f 361/361 424/424 360/360
f 425/425 424/424 361/361
f 362/362 425/425 361/361
f 426/426 425/425 362/362
f 363/363 426/426 362/362
f 427/427 426/426 363/363
f 364/364 427/427 363/363
f 428/428 427/427 364/364
f 365/365 428/428 364/364
f 429/429 428/428 365/365
f 366/366 429/429 365/365
f 430/430 429/429 366/366
f 367/367 430/430 366/366
f 431/431 430/430 367/367
f 368/368 431/431 367/367
f 432/432 431/431 368/368
f 369/369 432/432 368/368
f 433/433 432/432 369/369
f 370/370 433/433 369/369
f 434/434 433/433 370/370
f 371/371 434/434 370/370
f 435/435 434/434 371/371
f 372/372 435/435 371/371
f 436/436 435/435 372/372
f 373/373 436/436 372/372
f 437/437 436/436 373/373
f 374/374 437/437 373/373
f 438/438 437/437 374/374
f 375/375 438/438 374/374
f 439/439 438/438 375/375
f 376/376 439/439 375/375
f 440/440 439/439 376/376
f 377/377 440/440 376/376
f 441/441 440/440 377/377
f 378/378 441/441 377/377
f 442/442 441/441 378/378
f 379/379 442/442 378/378
f 443/443 442/442 379/379
f 380/380 443/443 379/379
f 444/444 443/443 380/380
f 381/381 444/444 380/380
f 445/445 444/444 381/381
f 382/382 445/445 381/381
f 446/446 445/445 382/382
f 383/383 446/446 382/382
f 447/447 446/446 383/383
f 384/384 447/447 383/383
f 448/448 447/447 384/384
f 385/385 448/448 384/384
f 449/449 448/448 385/385
f 322/322 449/449 385/385
f 386/386 449/449 322/322
f 387/387 450/450 386/386
f 451/451 450/450 387/387
f 388/388 451/451 387/387
f 452/452 451/451 388/388
f 389/389 452/452 388/388
f 453/453 452/452 389/389
f 390/390 453/453 389/389
f 454/454 453/453 390/390
f 391/391 454/454 390/390
f 455/455 454/454 391/391
f 392/392 455/455 391/391
f 456/456 455/455 392/392
f 393/393 456/456 392/392
f 457/457 456/456 393/393
f 394/394 457/457 393/393
f 458/458 457/457 394/394
f 395/395 458/458 394/394
f 459/459 458/458 395/395
f 396/396 459/459 395/395
f 460/460 459/459 396/396
f 397/397 460/460 396/396
f 461/461 460/460 397/397
f 398/398 461/461 397/397
f 462/462 461/461 398/398
f 399/399 462/462 398/398
f 463/463 462/462 399/399
f 400/400 463/463 399/399
f 464/464 463/463 400/400
f 401/401 464/464 400/400
f 465/465 464/464 401/401
f 402/402 465/465 401/401
f 466/466 465/465 402/402
f 403/403 466/466 402/402
f 467/467 466/466 403/403
f 404/404 467/467 403/403
f 468/468 467/467 404/404
f 405/405 468/468 404/404
f 469/469 468/468 405/405
f 406/406 469/469 405/405
f 470/470 469/469 406/406
f 407/407 470/470 406/406
f 471/471 470/470 407/407
f 408/408 471/471 407/407
f 472/472 471/471 408/408
f 409/409 472/472 408/408
f 473/473 472/472 409/409
f 410/410 473/473 409/409
f 474/474 473/473 410/410
f 411/411 474/474 410/410
f 475/475 474/474 411/411
f 412/412 475/475 411/411
f 476/476 475/475 412/412
f 413/413 476/476 412/412
f 477/477 476/476 413/413
f 414/414 477/477 413/413
f 478/478 477/477 414/414
f 415/415 478/478 414/414
f 479/479 478/478 415/415
f 416/416 479/479 415/415
f 480/480 479/479 416/416
f 417/417 480/480 416/416
f 481/481 480/480 417/417
f 418/418 481/481 417/417
f 482/482 481/481 418/418
f 419/419 482/482 418/418
f 483/483 482/482 419/419
f 420/420 483/483 419/419
f 484/484 483/483 420/420
f 421/421 484/484 420/420
f 485/485 484/484 421/421
f 422/422 485/485 421/421
f 486/486 485/485 422/422
f 423/423 486/486 422/422
f 487/487 486/486 423/423
f 424/424 487/487 423/423
f 488/488 487/487 424/424
f 425/425 488/488 424/424
f 489/489 488/488 425/425
f 426/426 489/489 425/425
f 490/490 489/489 426/426
f 427/427 490/490 426/426
f 491/491 490/490 427/427
f 428/428 491/491 427/427
f 492/492 491/491 428/428
f 429/429 492/492 428/428
f 493/493 492/492 429/429
f 430/430 493/493 429/429
f 494/494 493/493 430/430
f 431/431 494/494 430/430
f 495/495 494/494 431/431
f 432/432 495/495 431/431
f 496/496 495/495 432/432
f 433/433 496/496 432/432
f 497/497 496/496 433/433
f 434/434 497/497 433/433
f 498/498 497/497 434/434
f 435/435 498/498 434/434
f 499/499 498/498 435/435
f 436/436 499/499 435/435
f 500/500 499/499 436/436
f 437/437 500/500 436/436
f 501/501 500/500 437/437
f 438/438 501/501 437/437
f 502/502 501/501 438/438
f 439/439 502/502 438/438
f 503/503 502/502 439/439
f 440/440 503/503 439/439
f 504/504 503/503 440/440
f 441/441 504/504 440/440
f 505/505 504/504 441/441
f 442/442 505/505 441/441
f 506/506 505/505 442/442
f 443/443 506/506 442/442
f 507/507 506/506 443/443
f 444/444 507/507 443/443
f 508/508 507/507 444/444
f 445/445 508/508 444/444
f 509/509 508/508 445/445
f 446/446 509/509 445/445
f 510/510 509/509 446/446
f 447/447 510/510 446/446
f 511/511 510/510 447/447
f 448/448 511/511 447/447
f 512/512 511/511 448/448
f 449/449 512/512 448/448
f 513/513 512/512 449/449
f 386/386 513/513 449/449
f 450/450 513/513 386/386
f 451/451 514/514 450/450
f 515/515 514/514 451/451
f 452/452 515/515 451/451
f 516/516 515/515 452/452
f 453/453 516/516 452/452
f 517/517 516/516 453/453
f 454/454 517/517 453/453
f 518/518 517/517 454/454
f 455/455 518/518 454/454
f 519/519 518/518 455/455
f 456/456 519/519 455/455
f 520/520 519/519 456/456
f 457/457 520/520 456/456
f 521/521 520/520 457/457
f 458/458 521/521 457/457
f 522/522 521/521 458/458
f 459/459 522/522 458/458
f 523/523 522/522 459/459
f 460/460 523/523 459/459
f 524/524 523/523 460/460
f 461/461 524/524 460/460
f 525/525 524/524 461/461
f 462/462 525/525 461/461
f 526/526 525/525 462/462
f 463/463 526/526 462/462
f 527/527 526/526 463/463
f 464/464 527/527 463/463
f 528/528 527/527 464/464
f 465/465 528/528 464/464
f 529/529 528/528 465/465
f 466/466 529/529 465/465
f 530/530 529/529 466/466
f 467/467 530/530 466/466
f 531/531 530/530 467/467
f 468/468 531/531 467/467
f 532/532 531/531 468/468
f 469/469 532/532 468/468
f 533/533 532/532 469/469
f 470/470 533/533 469/469
f 534/534 533/533 470/470
f 471/471 534/534 470/470
f 535/535 534/534 471/471
f 472/472 535/535 471/471
f 536/536 535/535 472/472
f 473/473 536/536 472/472
f 537/537 536/536 473/473
f 474/474 537/537 473/473
f 538/538 537/537 474/474
f 475/475 538/538 474/474
f 539/539 538/538 475/475
f 476/476 539/539 475/475
f 540/540 539/539 476/476
f 477/477 540/540 476/476
f 541/541 540/540 477/477
f 478/478 541/541 477/477
f 542/542 541/541 478/478
f 479/479 542/542 478/478
f 543/543 542/542 479/479
f 480/480 543/543 479/479
f 544/544 543/543 480/480
f 481/481 544/544 480/480
f 545/545 544/544 481/481
f 482/482 545/545 481/481
f 546/546 545/545 482/482
f 483/483 546/546 482/482
f 547/547 546/546 483/483
f 484/484 547/547 483/483
f 548/548 547/547 484/484
f 485/485 548/548 484/484
f 549/549 548/548 485/485
f 486/486 549/549 485/485
f 550/550 549/549 486/486
f 487/487 550/550 486/486
f 551/551 550/550 487/487
f 488/488 551/551 487/487
f 552/552 551/551 488/488
f 489/489 552/552 488/488
f 553/553 552/552 489/489
f 490/490 553/553 489/489
f 554/554 553/553 490/490
f 491/491 554/554 490/490
f 555/555 554/554 491/491
f 492/492 555/555 491/491
f 556/556 555/555 492/492
f 493/493 556/556 492/492
f 557/557 556/556 493/493
f 494/494 557/557 493/493
f 558/558 557/557 494/494
f 495/495 558/558 494/494
f 559/559 558/558 495/495
f 496/496 559/559 495/495
f 560/560 559/559 496/496
f 497/497 560/560 496/496
f 561/561 560/560 497/497
f 498/498 561/561 497/497
f 562/562 561/561 498/498
f 499/499 562/562 498/498
f 563/563 562/562 499/499
f 500/500 563/563 499/499
f 564/564 563/563 500/500
f 501/501 564/564 500/500
f 565/565 564/564 501/501
f 502/502 565/565 501/501
f 566/566 565/565 502/502
f 503/503 566/566 502/502
f 567/567 566/566 503/503
f 504/504 567/567 503/503
f 568/568 567/567 504/504
f 505/505 568/568 504/504
f 569/569 568/568 505/505
f 506/506 569/569 505/505
f 570/570 569/569 506/506
f 507/507 570/570 506/506
f 571/571 570/570 507/507
f 508/508 571/571 507/507
f 572/572 571/571 508/508
f 509/509 572/572 508/508
f 573/573 572/572 509/509
f 510/510 573/573 509/509
f 574/574 573/573 510/510
f 511/511 574/574 510/510
f 575/575 574/574 511/511
f 512/512 575/575 511/511
f 576/576 575/575 512/512
f 513/513 576/576 512/512
f 577/577 576/576 513/513
f 450/450 577/577 513/513
f 514/514 577/577 450/450
f 515/515 578/578 514/514
f 579/579 578/578 515/515
f 516/516 579/579 515/515
f 580/580 579/579 516/516
f 517/517 580/580 516/516
f 581/581 580/580 517/517
f 518/518 581/581 517/517
f 582/582 581/581 518/518
f 519/519 582/582 518/518
f 583/583 582/582 519/519
f 520/520 583/583 519/519
f 584/584 583/583 520/520
f 521/521 584/584 520/520
f 585/585 584/584 521/521
f 522/522 585/585 521/521
f 586/586 585/585 522/522
f 523/523 586/586 522/522
f 587/587 586/586 523/523
f 524/524 587/587 523/523
f 588/588 587/587 524/524
f 525/525 588/588 524/524
f 589/589 588/588 525/525
f 526/526 589/589 525/525
f 590/590 589/589 526/526
f 527/527 590/590 526/526
f 591/591 590/590 527/527
f 528/528 591/591 527/527
f 592/592 591/591 528/528
f 529/529 592/592 528/528
f 593/593 592/592 529/529
f 530/530 593/593 529/529
f 594/594 593/593 530/530
f 531/531 594/594 530/530
f 595/595 594/594 531/531
f 532/532 595/595 531/531
f 596/596 595/595 532/532
f 533/533 596/596 532/532
f 597/597 596/596 533/533
f 534/534 597/597 533/533
f 598/598 597/597 534/534
f 535/535 598/598 534/534
f 599/599 598/598 535/535
f 536/536 599/599 535/535
f 600/600 599/599 536/536
f 537/537 600/600 536/536
f 601/601 600/600 537/537
f 538/538 601/601 537/537
f 602/602 601/601 538/538
f 539/539 602/602 538/538
f 603/603 602/602 539/539
f 540/540 603/603 539/539
f 604/604 603/603 540/540
f 541/541 604/604 540/540
f 605/605 604/604 541/541
f 542/542 605/605 541/541
f 606/606 605/605 542/542
f 543/543 606/606 542/542
f 607/607 606/606 543/543
f 544/544 607/607 543/543
f 608/608 607/607 544/544
f 545/545 608/608 544/544
f 609/609 608/608 545/545
f 546/546 609/609 545/545
f 610/610 609/609 546/546
f 547/547 610/610 546/546
f 611/611 610/610 547/547
f 548/548 611/611 547/547
f 612/612 611/611 548/548
f 549/549 612/612 548/548
f 613/613 612/612 549/549
f 550/550 613/613 549/549
f 614/614 613/613 550/550
f 551/551 614/614 550/550
f 615/615 614/614 551/551
f 552/552 615/615 551/551
f 616/616 615/615 552/552
f 553/553 616/616 552/552
f 617/617 616/616 553/553
f 554/554 617/617 553/553
f 618/618 617/617 554/554
f 555/555 618/618 554/554
f 619/619 618/618 555/555
f 556/556 619/619 555/555
f 620/620 619/619 556/556
f 557/557 620/620 556/556
f 621/621 620/620 557/557
f 558/558 621/621 557/557
f 622/622 621/621 558/558
f 559/559 622/622 558/558
f 623/623 622/622 559/559
f 560/560 623/623 559/559
f 624/624 623/623 560/560
f 561/561 624/624 560/560
f 625/625 624/624 561/561
f 562/562 625/625 561/561
f 626/626 625/625 562/562
f 563/563 626/626 562/562
f 627/627 626/626 563/563
f 564/564 627/627 563/563
f 628/628 627/627 564/564
f 565/565 628/628 564/564
f 629/629 628/628 565/565
f 566/566 629/629 565/565
f 630/630 629/629 566/566
f 567/567 630/630 566/566
f 631/631 630/630 567/567
f 568/568 631/631 567/567
f 632/632 631/631 568/568
f 569/569 632/632 568/568
f 633/633 632/632 569/569
f 570/570 633/633 569/569
f 634/634 633/633 570/570
f 571/571 634/634 570/570
f 635/635 634/634 571/571
f 572/572 635/635 571/571
f 636/636 635/635 572/572
f 573/573 636/636 572/572
f 637/637 636/636 573/573
f 574/574 637/637 573/573
f 638/638 637/637 574/574
f 575/575 638/638 574/574
f 639/639 638/638 575/575
f 576/576 639/639 575/575
f 640/640 639/639 576/576
f 577/577 640/640 576/576
f 641/641 640/640 577/577
f 514/514 641/641 577/577
f 578/578 641/641 514/514
f 579/579 642/642 578/578
f 643/643 642/642 579/579
f 580/580 643/643 579/579
f 644/644 643/643 580/580
f 581/581 644/644 580/580
f 645/645 644/644 581/581
f 582/582 645/645 581/581
f 646/646 645/645 582/582
f 583/583 646/646 582/582
f 647/647 646/646 583/583
f 584/584 647/647 583/583
f 648/648 647/647 584/584
f 585/585 648/648 584/584
f 649/649 648/648 585/585
f 586/586 649/649 585/585
f 650/650 649/649 586/586
f 587/587 650/650 586/586
f 651/651 650/650 587/587
f 588/588 651/651 587/587
f 652/652 651/651 588/588
f 589/589 652/652 588/588
f 653/653 652/652 589/589
f 590/590 653/653 589/589
f 654/654 653/653 590/590
f 591/591 654/654 590/590
f 655/655 654/654 591/591
f 592/592 655/655 591/591
f 656/656 655/655 592/592
f 593/593 656/656 592/592
f 657/657 656/656 593/593
f 594/594 657/657 593/593
f 658/658 657/657 594/594
f 595/595 658/658 594/594
f 659/659 658/658 595/595
f 596/596 659/659 595/595
f 660/660 659/659 596/596
f 597/597 660/660 596/596
f 661/661 660/660 597/597
f 598/598 661/661 597/597
f 662/662 661/661 598/598
f 599/599 662/662 598/598
f 663/663 662/662 599/599
f 600/600 663/663 599/599
f 664/664 663/663 600/600
f 601/601 664/664 600/600
f 665/665 664/664 601/601
f 602/602 665/665 601/601
f 666/666 665/665 602/602
f 603/603 666/666 602/602
f 667/667 666/666 603/603
f 604/604 667/667 603/603
f 668/668 667/667 604/604
f 605/605 668/668 604/604
f 669/669 668/668 605/605
f 606/606 669/669 605/605
f 670/670 669/669 606/606
f 607/607 670/670 606/606
f 671/671 670/670 607/607
f 608/608 671/671 607/607
f 672/672 671/671 608/608
f 609/609 672/672 608/608
f 673/673 672/672 609/609
f 610/610 673/673 609/609
f 674/674 673/673 610/610
f 611/611 674/674 610/610
f 675/675 674/674 611/611
f 612/612 675/675 611/611
f 676/676 675/675 612/612
f 613/613 676/676 612/612
f 677/677 676/676 613/613
f 614/614 677/677 613/613
f 678/678 677/677 614/614
f 615/615 678/678 614/614
f 679/679 678/678 615/615
f 616/616 679/679 615/615
f 680/680 679/679 616/616
f 617/617 680/680 616/616
f 681/681 680/680 617/617
f 618/618 681/681 617/617
f 682/682 681/681 618/618
f 619/619 682/682 618/618
f 683/683 682/682 619/619
f 620/620 683/683 619/619
f 684/684 683/683 620/620
f 621/621 684/684 620/620
f 685/685 684/684 621/621
f 622/622 685/685 621/621
f 686/686 685/685 622/622
f 623/623 686/686 622/622
f 687/687 686/686 623/623
f 624/624 687/687 623/623
f 688/688 687/687 624/624
f 625/625 688/688 624/624
f 689/689 688/688 625/625
f 626/626 689/689 625/625
f 690/690 689/689 626/626
f 627/627 690/690 626/626
f 691/691 690/690 627/627
f 628/628 691/691 627/627
f 692/692 691/691 628/628
f 629/629 692/692 628/628
f 693/693 692/692 629/629
f 630/630 693/693 629/629
f 694/694 693/693 630/630
f 631/631 694/694 630/630
f 695/695 694/694 631/631
f 632/632 695/695 631/631
f 696/696 695/695 632/632
f 633/633 696/696 632/632
f 697/697 696/696 633/633
f 634/634 697/697 633/633
f 698/698 697/697 634/634
f 635/635 698/698 634/634
f 699/699 698/698 635/635
f 636/636 699/699 635/635
f 700/700 699/699 636/636
f 637/637 700/700 636/636
f 701/701 700/700 637/637
f 638/638 701/701 637/637
f 702/702 701/701 638/638
f 639/639 702/702 638/638
f 703/703 702/702 639/639
f 640/640 703/703 639/639
f 704/704 703/703 640/640
f 641/641 704/704 640/640
f 705/705 704/704 641/641
f 578/578 705/705 641/641
f 642/642 705/705 578/578
f 643/643 706/706 642/642
f 707/707 706/706 643/643
f 644/644 707/707 643/643
f 708/708 707/707 644/644
f 645/645 708/708 644/644
f 709/709 708/708 645/645
f 646/646 709/709 645/645
f 710/710 709/709 646/646
f 647/647 710/710 646/646
f 711/711 710/710 647/647
f 648/648 711/711 647/647
f 712/712 711/711 648/648
f 649/649 712/712 648/648
f 713/713 712/712 649/649
f 650/650 713/713 649/649
f 714/714 713/713 650/650
f 651/651 714/714 650/650
f 715/715 714/714 651/651
f 652/652 715/715 651/651
f 716/716 715/715 652/652
f 653/653 716/716 652/652
f 717/717 716/716 653/653
f 654/654 717/717 653/653
f 718/718 717/717 654/654
f 655/655 718/718 654/654
f 719/719 718/718 655/655
f 656/656 719/719 655/655
f 720/720 719/719 656/656
f 657/657 720/720 656/656
f 721/721 720/720 657/657
f 658/658 721/721 657/657
f 722/722 721/721 658/658
f 659/659 722/722 658/658
f 723/723 722/722 659/659
f 660/660 723/723 659/659
f 724/724 723/723 660/660
f 661/661 724/724 660/660
f 725/725 724/724 661/661
f 662/662 725/725 661/661
f 726/726 725/725 662/662
f 663/663 726/726 662/662
f 727/727 726/726 663/663
f 664/664 727/727 663/663
f 728/728 727/727 664/664
f 665/665 728/728 664/664
f 729/729 728/728 665/665
f 666/666 729/729 665/665
f 730/730 729/729 666/666
f 667/667 730/730 666/666
f 731/731 730/730 667/667
f 668/668 731/731 667/667
f 732/732 731/731 668/668
f 669/669 732/732 668/668
f 733/733 732/732 669/669
f 670/670 733/733 669/669
f 734/734 733/733 670/670
f 671/671 734/734 670/670
f 735/735 734/734 671/671
f 672/672 735/735 671/671
f 736/736 735/735 672/672
f 673/673 736/736 672/672
f 737/737 736/736 673/673
f 674/674 737/737 673/673
f 738/738 737/737 674/674
f 675/675 738/738 674/674
f 739/739 738/738 675/675
f 676/676 739/739 675/675
f 740/740 739/739 676/676
f 677/677 740/740 676/676
f 741/741 740/740 677/677
f 678/678 741/741 677/677
f 742/742 741/741 678/678
f 679/679 742/742 678/678
f 743/743 742/742 679/679
f 680/680 743/743 679/679
f 744/744 743/743 680/680
f 681/681 744/744 680/680
f 745/745 744/744 681/681
f 682/682 745/745 681/681
f 746/746 745/745 682/682
f 683/683 746/746 682/682
f 747/747 746/746 683/683
f 684/684 747/747 683/683
f 748/748 747/747 684/684
f 685/685 748/748 684/684
f 749/749 748/748 685/685
f 686/686 749/749 685/685
f 750/750 749/749 686/686
f 687/687 750/750 686/686
f 751/751 750/750 687/687
f 688/688 751/751 687/687
f 752/752 751/751 688/688
f 689/689 752/752 688/688
f 753/753 752/752 689/689
f 690/690 753/753 689/689
f 754/754 753/753 690/690
f 691/691 754/754 690/690
f 755/755 754/754 691/691
f 692/692 755/755 691/691
f 756/756 755/755 692/692
f 693/693 756/756 692/692
f 757/757 756/756 693/693
f 694/694 757/757 693/693
f 758/758 757/757 694/694
f 695/695 758/758 694/694
f 759/759 758/758 695/695
f 696/696 759/759 695/695
f 760/760 759/759 696/696
f 697/697 760/760 696/696
f 761/761 760/760 697/697
f 698/698 761/761 697/697
f 762/762 761/761 698/698
f 699/699 762/762 698/698
f 763/763 762/762 699/699
f 700/700 763/763 699/699
f 764/764 763/763 700/700
f 701/701 764/764 700/700
f 765/765 764/764 701/701
f 702/702 765/765 701/701
f 766/766 765/765 702/702
f 703/703 766/766 702/702
f 767/767 766/766 703/703
f 704/704 767/767 703/703
f 768/768 767/767 704/704
f 705/705 768/768 704/704
f 769/769 768/768 705/705
f 642/642 769/769 705/705
f 706/706 769/769 642/642
f 707/707 770/770 706/706
f 771/771 770/770 707/707
f 708/708 771/771 707/707
f 772/772 771/771 708/708
f 709/709 772/772 708/708
f 773/773 772/772 709/709
f 710/710 773/773 709/709
f 774/774 773/773 710/710
f 711/711 774/774 710/710
f 775/775 774/774 711/711
f 712/712 775/775 711/711
f 776/776 775/775 712/712
f 713/713 776/776 712/712
f 777/777 776/776 713/713
f 714/714 777/777 713/713
f 778/778 777/777 714/714
f 715/715 778/778 714/714
f 779/779 778/778 715/715
f 716/716 779/779 715/715
f 780/780 779/779 716/716
f 717/717 780/780 716/716
f 781/781 780/780 717/717
f 718/718 781/781 717/717
f 782/782 781/781 718/718
f 719/719 782/782 718/718
f 783/783 782/782 719/719
f 720/720 783/783 719/719
f 784/784 783/783 720/720
f 721/721 784/784 720/720
f 785/785 784/784 721/721
f 722/722 785/785 721/721
f 786/786 785/785 722/722
f 723/723 786/786 722/722
f 787/787 786/786 723/723
f 724/724 787/787 723/723
f 788/788 787/787 724/724
f 725/725 788/788 724/724
f 789/789 788/788 725/725
f 726/726 789/789 725/725
f 790/790 789/789 726/726
f 727/727 790/790 726/726
f 791/791 790/790 727/727
f 728/728 791/791 727/727
f 792/792 791/791 728/728
f 729/729 792/792 728/728
f 793/793 792/792 729/729
f 730/730 793/793 729/729
f 794/794 793/793 730/730
f 731/731 794/794 730/730
f 795/795 794/794 731/731
f 732/732 795/795 731/731
f 796/796 795/795 732/732
f 733/733 796/796 732/732
f 797/797 796/796 733/733
f 734/734 797/797 733/733
f 798/798 797/797 734/734
f 735/735 798/798 734/734
f 799/799 798/798 735/735
f 736/736 799/799 735/735
f 800/800 799/799 736/736
f 737/737 800/800 736/736
f 801/801 800/800 737/737
f 738/738 801/801 737/737
f 802/802 801/801 738/738
f 739/739 802/802 738/738
f 803/803 802/802 739/739
f 740/740 803/803 739/739
f 804/804 803/803 740/740
f 741/741 804/804 740/740
f 805/805 804/804 741/741
f 742/742 805/805 741/741
f 806/806 805/805 742/742
f 743/743 806/806 742/742
f 807/807 806/806 743/743
f 744/744 807/807 743/743
f 808/808 807/807 744/744
f 745/745 808/808 744/744
f 809/809 808/808 745/745
f 746/746 809/809 745/745
f 810/810 809/809 746/746
f 747/747 810/810 746/746
f 811/811 810/810 747/747
f 748/748 811/811 747/747
f 812/812 811/811 748/748
f 749/749 812/812 748/748
f 813/813 812/812 749/749
f 750/750 813/813 749/749
f 814/814 813/813 750/750
f 751/751 814/814 750/750
f 815/815 814/814 751/751
f 752/752 815/815 751/751
f 816/816 815/815 752/752
f 753/753 816/816 752/752
f 817/817 816/816 753/753
f 754/754 817/817 753/753
f 818/818 817/817 754/754
f 755/755 818/818 754/754
f 819/819 818/818 755/755
f 756/756 819/819 755/755
f 820/820 819/819 756/756
f 757/757 820/820 756/756
f 821/821 820/820 757/757
f 758/758 821/821 757/757
f 822/822 821/821 758/758
f 759/759 822/822 758/758
f 823/823 822/822 759/759
f 760/760 823/823 759/759
f 824/824 823/823 760/760
f 761/761 824/824 760/760
f 825/825 824/824 761/761
f 762/762 825/825 761/761
f 826/826 825/825 762/762
f 763/763 826/826 762/762
f 827/827 826/826 763/763
f 764/764 827/827 763/763
f 828/828 827/827 764/764
f 765/765 828/828 764/764
f 829/829 828/828 765/765
f 766/766 829/829 765/765
f 830/830 829/829 766/766
f 767/767 830/830 766/766
f 831/831 830/830 767/767
f 768/768 831/831 767/767
f 832/832 831/831 768/768
f 769/769 832/832 768/768
f 833/833 832/832 769/769
f 706/706 833/833 769/769
f 770/770 833/833 706/706
f 771/771 834/834 770/770
f 835/835 834/834 771/771
f 772/772 835/835 771/771
f 836/836 835/835 772/772
f 773/773 836/836 772/772
f 837/837 836/836 773/773
f 774/774 837/837 773/773
f 838/838 837/837 774/774
f 775/775 838/838 774/774
f 839/839 838/838 775/775
f 776/776 839/839 775/775
f 840/840 839/839 776/776
f 777/777 840/840 776/776
f 841/841 840/840 777/777
f 778/778 841/841 777/777
f 842/842 841/841 778/778
f 779/779 842/842 778/778
f 843/843 842/842 779/779
f 780/780 843/843 779/779
f 844/844 843/843 780/780
f 781/781 844/844 780/780
f 845/845 844/844 781/781
f 782/782 845/845 781/781
f 846/846 845/845 782/782
f 783/783 846/846 782/782
f 847/847 846/846 783/783
f 784/784 847/847 783/783
f 848/848 847/847 784/784
f 785/785 848/848 784/784
f 849/849 848/848 785/785
f 786/786 849/849 785/785
f 850/850 849/849 786/786
f 787/787 850/850 786/786
f 851/851 850/850 787/787
f 788/788 851/851 787/787
f 852/852 851/851 788/788
f 789/789 852/852 788/788
f 853/853 852/852 789/789
f 790/790 853/853 789/789
f 854/854 853/853 790/790
f 791/791 854/854 790/790
f 855/855 854/854 791/791
f 792/792 855/855 791/791
f 856/856 855/855 792/792
f 793/793 856/856 792/792
f 857/857 856/856 793/793
f 794/794 857/857 793/793
f 858/858 857/857 794/794
f 795/795 858/858 794/794
f 859/859 858/858 795/795
f 796/796 859/859 795/795
f 860/860 859/859 796/796
f 797/797 860/860 796/796
f 861/861 860/860 797/797
f 798/798 861/861 797/797
f 862/862 861/861 798/798
f 799/799 862/862 798/798
f 863/863 862/862 799/799
f 800/800 863/863 799/799
f 864/864 863/863 800/800
f 801/801 864/864 800/800
f 865/865 864/864 801/801
f 802/802 865/865 801/801
f 866/866 865/865 802/802
f 803/803 866/866 802/802
f 867/867 866/866 803/803
f 804/804 867/867 803/803
f 868/868 867/867 804/804
f 805/805 868/868 804/804
f 869/869 868/868 805/805
f 806/806 869/869 805/805
f 870/870 869/869 806/806
f 807/807 870/870 806/806
f 871/871 870/870 807/807
f 808/808 871/871 807/807
f 872/872 871/871 808/808
f 809/809 872/872 808/808
f 873/873 872/872 809/809
f 810/810 873/873 809/809
f 874/874 873/873 810/810
f 811/811 874/874 810/810
f 875/875 874/874 811/811
f 812/812 875/875 811/811
f 876/876 875/875 812/812
f 813/813 876/876 812/812
f 877/877 876/876 813/813
f 814/814 877/877 813/813
f 878/878 877/877 814/814
f 815/815 878/878 814/814
f 879/879 878/878 815/815
f 816/816 879/879 815/815
f 880/880 879/879 816/816
f 817/817 880/880 816/816
f 881/881 880/880 817/817
f 818/818 881/881 817/817
f 882/882 881/881 818/818
f 819/819 882/882 818/818
f 883/883 882/882 819/819
f 820/820 883/883 819/819
f 884/884 883/883 820/820
f 821/821 884/884 820/820
f 885/885 884/884 821/821
f 822/822 885/885 821/821
f 886/886 885/885 822/822
f 823/823 886/886 822/822
f 887/887 886/886 823/823
f 824/824 887/887 823/823
f 888/888 887/887 824/824
f 825/825 888/888 824/824
f 889/889 888/888 825/825
f 826/826 889/889 825/825
f 890/890 889/889 826/826
f 827/827 890/890 826/826
f 891/891 890/890 827/827
f 828/828 891/891 827/827
f 892/892 891/891 828/828
f 829/829 892/892 828/828
f 893/893 892/892 829/829
f 830/830 893/893 829/829
f 894/894 893/893 830/830
f 831/831 894/894 830/830
f 895/895 894/894 831/831
f 832/832 895/895 831/831
f 896/896 895/895 832/832
f 833/833 896/896 832/832
f 897/897 896/896 833/833
f 770/770 897/897 833/833
f 834/834 897/897 770/770
f 835/835 898/898 834/834
f 899/899 898/898 835/835
f 836/836 899/899 835/835
f 900/900 899/899 836/836
f 837/837 900/900 836/836
f 901/901 900/900 837/837
f 838/838 901/901 837/837
f 902/902 901/901 838/838
f 839/839 902/902 838/838
f 903/903 902/902 839/839
f 840/840 903/903 839/839
f 904/904 903/903 840/840
f 841/841 904/904 840/840
f 905/905 904/904 841/841
f 842/842 905/905 841/841
f 906/906 905/905 842/842
f 843/843 906/906 842/842
f 907/907 906/906 843/843
f 844/844 907/907 843/843
f 908/908 907/907 844/844
f 845/845 908/908 844/844
f 909/909 908/908 845/845
f 846/846 909/909 845/845
f 910/910 909/909 846/846
f 847/847 910/910 846/846
f 911/911 910/910 847/847
f 848/848 911/911 847/847
f 912/912 911/911 848/848
f 849/849 912/912 848/848
f 913/913 912/912 849/849
f 850/850 913/913 849/849
f 914/914 913/913 850/850
f 851/851 914/914 850/850
f 915/915 914/914 851/851
f 852/852 915/915 851/851
f 916/916 915/915 852/852
f 853/853 916/916 852/852
f 917/917 916/916 853/853
f 854/854 917/917 853/853
f 918/918 917/917 854/854
f 855/855 918/918 854/854
f 919/919 918/918 855/855
f 856/856 919/919 855/855
f 920/920 919/919 856/856
f 857/857 920/920 856/856
f 921/921 920/920 857/857
f 858/858 921/921 857/857
f 922/922 921/921 858/858
f 859/859 922/922 858/858
f 923/923 922/922 859/859
f 860/860 923/923 859/859
f 924/924 923/923 860/860
f 861/861 924/924 860/860
f 925/925 924/924 861/861
f 862/862 925/925 861/861
f 926/926 925/925 862/862
f 863/863 926/926 862/862
f 927/927 926/926 863/863
f 864/864 927/927 863/863
f 928/928 927/927 864/864
f 865/865 928/928 864/864
f 929/929 928/928 865/865
f 866/866 929/929 865/865
f 930/930 929/929 866/866
f 867/867 930/930 866/866
f 931/931 930/930 867/867
f 868/868 931/931 867/867
f 932/932 931/931 868/868
f 869/869 932/932 868/868
f 933/933 932/932 869/869
f 870/870 933/933 869/869
f 934/934 933/933 870/870
f 871/871 934/934 870/870
f 935/935 934/934 871/871
f 872/872 935/935 871/871
f 936/936 935/935 872/872
f 873/873 936/936 872/872
f 937/937 936/936 873/873
f 874/874 937/937 873/873
f 938/938 937/937 874/874
f 875/875 938/938 874/874
f 939/939 938/938 875/875
f 876/876 939/939 875/875
f 940/940 939/939 876/876
f 877/877 940/940 876/876
f 941/941 940/940 877/877
f 878/878 941/941 877/877
f 942/942 941/941 878/878
f 879/879 942/942 878/878
f 943/943 942/942 879/879
f 880/880 943/943 879/879
f 944/944 943/943 880/880
f 881/881 944/944 880/880
f 945/945 944/944 881/881
f 882/882 945/945 881/881
f 946/946 945/945 882/882
f 883/883 946/946 882/882
f 947/947 946/946 883/883
f 884/884 947/947 883/883
f 948/948 947/947 884/884
f 885/885 948/948 884/884
f 949/949 948/948 885/885
f 886/886 949/949 885/885
f 950/950 949/949 886/886
f 887/887 950/950 886/886
f 951/951 950/950 887/887
f 888/888 951/951 887/887
f 952/952 951/951 888/888
f 889/889 952/952 888/888
f 953/953 952/952 889/889
f 890/890 953/953 889/889
f 954/954 953/953 890/890
f 891/891 954/954 890/890
f 955/955 954/954 891/891
f 892/892 955/955 891/891
f 956/956 955/955 892/892
f 893/893 956/956 892/892
f 957/957 956/956 893/893
f 894/894 957/957 893/893
f 958/958 957/957 894/894
f 895/895 958/958 894/894
f 959/959 958/958 895/895
f 896/896 959/959 895/895
f 960/960 959/959 896/896
f 897/897 960/960 896/896
f 961/961 960/960 897/897
f 834/834 961/961 897/897
f 898/898 961/961 834/834
f 899/899 962/962 898/898
f 963/963 962/962 899/899
f 900/900 963/963 899/899
f 964/964 963/963 900/900
f 901/901 964/964 900/900
f 965/965 964/964 901/901
f 902/902 965/965 901/901
f 966/966 965/965 902/902
f 903/903 966/966 902/902
f 967/967 966/966 903/903
f 904/904 967/967 903/903
f 968/968 967/967 904/904
f 905/905 968/968 904/904
f 969/969 968/968 905/905
f 906/906 969/969 905/905
f 970/970 969/969 906/906
f 907/907 970/970 906/906
f 971/971 970/970 907/907
f 908/908 971/971 907/907
f 972/972 971/971 908/908
f 909/909 972/972 908/908
f 973/973 972/972 909/909
f 910/910 973/973 909/909
f 974/974 973/973 910/910
f 911/911 974/974 910/910
f 975/975 974/974 911/911
f 912/912 975/975 911/911
f 976/976 975/975 912/912
f 913/913 976/976 912/912
f 977/977 976/976 913/913
f 914/914 977/977 913/913
f 978/978 977/977 914/914
f 915/915 978/978 914/914
f 979/979 978/978 915/915
f 916/916 979/979 915/915
f 980/980 979/979 916/916
f 917/917 980/980 916/916
f 981/981 980/980 917/917
f 918/918 981/981 917/917
f 982/982 981/981 918/918
f 919/919 982/982 918/918
f 983/983 982/982 919/919
f 920/920 983/983 919/919
f 984/984 983/983 920/920
f 921/921 984/984 920/920
f 985/985 984/984 921/921
f 922/922 985/985 921/921
f 986/986 985/985 922/922
f 923/923 986/986 922/922
f 987/987 986/986 923/923
f 924/924 987/987 923/923
f 988/988 987/987 924/924
f 925/925 988/988 924/924
f 989/989 988/988 925/925
f 926/926 989/989 925/925
f 990/990 989/989 926/926
f 927/927 990/990 926/926
f 991/991 990/990 927/927
f 928/928 991/991 927/927
f 992/992 991/991 928/928
f 929/929 992/992 928/928
f 993/993 992/992 929/929
f 930/930 993/993 929/929
f 994/994 993/993 930/930
f 931/931 994/994 930/930
f 995/995 994/994 931/931
f 932/932 995/995 931/931
f 996/996 995/995 932/932
f 933/933 996/996 932/932
f 997/997 996/996 933/933
f 934/934 997/997 933/933
f 998/998 997/997 934/934
f 935/935 998/998 934/934
f 999/999 998/998 935/935
f 936/936 999/999 935/935
f 1000/1000 999/999 936/936
f 937/937 1000/1000 936/936
f 1001/1001 1000/1000 937/937
f 938/938 1001/1001 937/937
f 1002/1002 1001/1001 938/938
f 939/939 1002/1002 938/938
f 1003/1003 1002/1002 939/939
f 940/940 1003/1003 939/939
f 1004/1004 1003/1003 940/940
f 941/941 1004/1004 940/940
f 1005/1005 1004/1004 941/941
f 942/942 1005/1005 941/941
f 1006/1006 1005/1005 942/942
f 943/943 1006/1006 942/942
f 1007/1007 1006/1006 943/943
f 944/944 1007/1007 943/943
f 1008/1008 1007/1007 944/944
f 945/945 1008/1008 944/944
f 1009/1009 1008/1008 945/945
f 946/946 1009/1009 945/945
f 1010/1010 1009/1009 946/946
f 947/947 1010/1010 946/946
f 1011/1011 1010/1010 947/947
f 948/948 1011/1011 947/947
f 1012/1012 1011/1011 948/948
f 949/949 1012/1012 948/948
f 1013/1013 1012/1012 949/949
f 950/950 1013/1013 949/949
f 1014/1014 1013/1013 950/950
f 951/951 1014/1014 950/950
f 1015/1015 1014/1014 951/951
f 952/952 1015/1015 951/951
f 1016/1016 1015/1015 952/952
f 953/953 1016/1016 952/952
f 1017/1017 1016/1016 953/953
f 954/954 1017/1017 953/953
f 1018/1018 1017/1017 954/954
f 955/955 1018/1018 954/954
f 1019/1019 1018/1018 955/955
f 956/956 1019/1019 955/955
f 1020/1020 1019/1019 956/956
f 957/957 1020/1020 956/956
f 1021/1021 1020/1020 957/957
f 958/958 1021/1021 957/957
f 1022/1022 1021/1021 958/958
f 959/959 1022/1022 958/958
f 1023/1023 1022/1022 959/959
f 960/960 1023/1023 959/959
f 1024/1024 1023/1023 960/960
f 961/961 1024/1024 960/960
f 1025/1025 1024/1024 961/961
f 898/898 1025/1025 961/961
f 962/962 1025/1025 898/898
