# Authored game-art mesh
s 1
v -2.650000 31.000000 13.000000
v -2.650000 22.000000 13.000000
v -2.650000 17.000000 10.800000
v -2.650000 17.000000 7.600000
v -2.650000 23.000000 6.400000
v -2.650000 25.000000 -0.200000
v -2.650000 31.000000 -0.200000
v 2.650000 31.000000 13.000000
v 2.650000 22.000000 13.000000
v 2.650000 17.000000 10.800000
v 2.650000 17.000000 7.600000
v 2.650000 23.000000 6.400000
v 2.650000 25.000000 -0.200000
v 2.650000 31.000000 -0.200000
v -3.000000 26.000000 9.450000
v -3.000000 26.000000 9.450000
v -3.000000 26.000000 9.450000
v -3.000000 26.000000 9.450000
v -3.000000 26.000000 9.450000
v -3.000000 26.000000 9.450000
v -3.000000 26.000000 9.450000
v -3.000000 26.000000 9.450000
v -3.000000 26.000000 9.450000
v -3.000000 26.000000 9.450000
v -3.000000 26.000000 9.450000
v -3.000000 26.000000 9.450000
v -3.000000 26.000000 9.450000
v -3.000000 26.000000 9.450000
v -3.000000 26.000000 9.450000
v -3.000000 26.000000 9.450000
v -2.221141 26.000000 9.507751
v -2.248401 24.104306 9.507751
v -2.333612 23.501044 9.507751
v -2.494482 23.181505 9.507751
v -3.000000 23.079277 9.507751
v -3.505518 23.181505 9.507751
v -3.666388 23.501044 9.507751
v -3.751599 24.104306 9.507751
v -3.778859 26.000000 9.507751
v -3.751599 27.895694 9.507751
v -3.666388 28.498956 9.507751
v -3.505518 28.818495 9.507751
v -3.000000 28.920723 9.507751
v -2.494482 28.818495 9.507751
v -2.333612 28.498956 9.507751
v -2.248401 27.895694 9.507751
v -1.973286 26.000000 9.688268
v -2.009222 23.501044 9.688268
v -2.121549 22.705807 9.688268
v -2.333612 22.284582 9.688268
v -3.000000 22.149822 9.688268
v -3.666388 22.284582 9.688268
v -3.878451 22.705807 9.688268
v -3.990778 23.501044 9.688268
v -4.026714 26.000000 9.688268
v -3.990778 28.498956 9.688268
v -3.878451 29.294193 9.688268
v -3.666388 29.715418 9.688268
v -3.000000 29.850178 9.688268
v -2.333612 29.715418 9.688268
v -2.121549 29.294193 9.688268
v -2.009222 28.498956 9.688268
v -1.842001 26.000000 10.029068
v -1.882532 23.181505 10.029068
v -2.009222 22.284582 10.029068
v -2.248401 21.809495 10.029068
v -3.000000 21.657504 10.029068
v -3.751599 21.809495 10.029068
v -3.990778 22.284582 10.029068
v -4.117468 23.181505 10.029068
v -4.157999 26.000000 10.029068
v -4.117468 28.818495 10.029068
v -3.990778 29.715418 10.029068
v -3.751599 30.190505 10.029068
v -3.000000 30.342496 10.029068
v -2.248401 30.190505 10.029068
v -2.009222 29.715418 10.029068
v -1.882532 28.818495 10.029068
v -1.800000 26.000000 11.100000
v -1.842001 23.079277 11.100000
v -1.973286 22.149822 11.100000
v -2.221141 21.657504 11.100000
v -3.000000 21.500000 11.100000
v -3.778859 21.657504 11.100000
v -4.026714 22.149822 11.100000
v -4.157999 23.079277 11.100000
v -4.200000 26.000000 11.100000
v -4.157999 28.920723 11.100000
v -4.026714 29.850178 11.100000
v -3.778859 30.342496 11.100000
v -3.000000 30.500000 11.100000
v -2.221141 30.342496 11.100000
v -1.973286 29.850178 11.100000
v -1.842001 28.920723 11.100000
v -1.842001 26.000000 12.170932
v -1.882532 23.181505 12.170932
v -2.009222 22.284582 12.170932
v -2.248401 21.809495 12.170932
v -3.000000 21.657504 12.170932
v -3.751599 21.809495 12.170932
v -3.990778 22.284582 12.170932
v -4.117468 23.181505 12.170932
v -4.157999 26.000000 12.170932
v -4.117468 28.818495 12.170932
v -3.990778 29.715418 12.170932
v -3.751599 30.190505 12.170932
v -3.000000 30.342496 12.170932
v -2.248401 30.190505 12.170932
v -2.009222 29.715418 12.170932
v -1.882532 28.818495 12.170932
v -1.973286 26.000000 12.511732
v -2.009222 23.501044 12.511732
v -2.121549 22.705807 12.511732
v -2.333612 22.284582 12.511732
v -3.000000 22.149822 12.511732
v -3.666388 22.284582 12.511732
v -3.878451 22.705807 12.511732
v -3.990778 23.501044 12.511732
v -4.026714 26.000000 12.511732
v -3.990778 28.498956 12.511732
v -3.878451 29.294193 12.511732
v -3.666388 29.715418 12.511732
v -3.000000 29.850178 12.511732
v -2.333612 29.715418 12.511732
v -2.121549 29.294193 12.511732
v -2.009222 28.498956 12.511732
v -2.221141 26.000000 12.692249
v -2.248401 24.104306 12.692249
v -2.333612 23.501044 12.692249
v -2.494482 23.181505 12.692249
v -3.000000 23.079277 12.692249
v -3.505518 23.181505 12.692249
v -3.666388 23.501044 12.692249
v -3.751599 24.104306 12.692249
v -3.778859 26.000000 12.692249
v -3.751599 27.895694 12.692249
v -3.666388 28.498956 12.692249
v -3.505518 28.818495 12.692249
v -3.000000 28.920723 12.692249
v -2.494482 28.818495 12.692249
v -2.333612 28.498956 12.692249
v -2.248401 27.895694 12.692249
v -3.000000 26.000000 12.750000
v -3.000000 26.000000 12.750000
v -3.000000 26.000000 12.750000
v -3.000000 26.000000 12.750000
v -3.000000 26.000000 12.750000
v -3.000000 26.000000 12.750000
v -3.000000 26.000000 12.750000
v -3.000000 26.000000 12.750000
v -3.000000 26.000000 12.750000
v -3.000000 26.000000 12.750000
v -3.000000 26.000000 12.750000
v -3.000000 26.000000 12.750000
v -3.000000 26.000000 12.750000
v -3.000000 26.000000 12.750000
v -3.000000 26.000000 12.750000
v -3.000000 26.000000 12.750000
v 3.000000 26.000000 9.450000
v 3.000000 26.000000 9.450000
v 3.000000 26.000000 9.450000
v 3.000000 26.000000 9.450000
v 3.000000 26.000000 9.450000
v 3.000000 26.000000 9.450000
v 3.000000 26.000000 9.450000
v 3.000000 26.000000 9.450000
v 3.000000 26.000000 9.450000
v 3.000000 26.000000 9.450000
v 3.000000 26.000000 9.450000
v 3.000000 26.000000 9.450000
v 3.000000 26.000000 9.450000
v 3.000000 26.000000 9.450000
v 3.000000 26.000000 9.450000
v 3.000000 26.000000 9.450000
v 3.778859 26.000000 9.507751
v 3.751599 24.104306 9.507751
v 3.666388 23.501044 9.507751
v 3.505518 23.181505 9.507751
v 3.000000 23.079277 9.507751
v 2.494482 23.181505 9.507751
v 2.333612 23.501044 9.507751
v 2.248401 24.104306 9.507751
v 2.221141 26.000000 9.507751
v 2.248401 27.895694 9.507751
v 2.333612 28.498956 9.507751
v 2.494482 28.818495 9.507751
v 3.000000 28.920723 9.507751
v 3.505518 28.818495 9.507751
v 3.666388 28.498956 9.507751
v 3.751599 27.895694 9.507751
v 4.026714 26.000000 9.688268
v 3.990778 23.501044 9.688268
v 3.878451 22.705807 9.688268
v 3.666388 22.284582 9.688268
v 3.000000 22.149822 9.688268
v 2.333612 22.284582 9.688268
v 2.121549 22.705807 9.688268
v 2.009222 23.501044 9.688268
v 1.973286 26.000000 9.688268
v 2.009222 28.498956 9.688268
v 2.121549 29.294193 9.688268
v 2.333612 29.715418 9.688268
v 3.000000 29.850178 9.688268
v 3.666388 29.715418 9.688268
v 3.878451 29.294193 9.688268
v 3.990778 28.498956 9.688268
v 4.157999 26.000000 10.029068
v 4.117468 23.181505 10.029068
v 3.990778 22.284582 10.029068
v 3.751599 21.809495 10.029068
v 3.000000 21.657504 10.029068
v 2.248401 21.809495 10.029068
v 2.009222 22.284582 10.029068
v 1.882532 23.181505 10.029068
v 1.842001 26.000000 10.029068
v 1.882532 28.818495 10.029068
v 2.009222 29.715418 10.029068
v 2.248401 30.190505 10.029068
v 3.000000 30.342496 10.029068
v 3.751599 30.190505 10.029068
v 3.990778 29.715418 10.029068
v 4.117468 28.818495 10.029068
v 4.200000 26.000000 11.100000
v 4.157999 23.079277 11.100000
v 4.026714 22.149822 11.100000
v 3.778859 21.657504 11.100000
v 3.000000 21.500000 11.100000
v 2.221141 21.657504 11.100000
v 1.973286 22.149822 11.100000
v 1.842001 23.079277 11.100000
v 1.800000 26.000000 11.100000
v 1.842001 28.920723 11.100000
v 1.973286 29.850178 11.100000
v 2.221141 30.342496 11.100000
v 3.000000 30.500000 11.100000
v 3.778859 30.342496 11.100000
v 4.026714 29.850178 11.100000
v 4.157999 28.920723 11.100000
v 4.157999 26.000000 12.170932
v 4.117468 23.181505 12.170932
v 3.990778 22.284582 12.170932
v 3.751599 21.809495 12.170932
v 3.000000 21.657504 12.170932
v 2.248401 21.809495 12.170932
v 2.009222 22.284582 12.170932
v 1.882532 23.181505 12.170932
v 1.842001 26.000000 12.170932
v 1.882532 28.818495 12.170932
v 2.009222 29.715418 12.170932
v 2.248401 30.190505 12.170932
v 3.000000 30.342496 12.170932
v 3.751599 30.190505 12.170932
v 3.990778 29.715418 12.170932
v 4.117468 28.818495 12.170932
v 4.026714 26.000000 12.511732
v 3.990778 23.501044 12.511732
v 3.878451 22.705807 12.511732
v 3.666388 22.284582 12.511732
v 3.000000 22.149822 12.511732
v 2.333612 22.284582 12.511732
v 2.121549 22.705807 12.511732
v 2.009222 23.501044 12.511732
v 1.973286 26.000000 12.511732
v 2.009222 28.498956 12.511732
v 2.121549 29.294193 12.511732
v 2.333612 29.715418 12.511732
v 3.000000 29.850178 12.511732
v 3.666388 29.715418 12.511732
v 3.878451 29.294193 12.511732
v 3.990778 28.498956 12.511732
v 3.778859 26.000000 12.692249
v 3.751599 24.104306 12.692249
v 3.666388 23.501044 12.692249
v 3.505518 23.181505 12.692249
v 3.000000 23.079277 12.692249
v 2.494482 23.181505 12.692249
v 2.333612 23.501044 12.692249
v 2.248401 24.104306 12.692249
v 2.221141 26.000000 12.692249
v 2.248401 27.895694 12.692249
v 2.333612 28.498956 12.692249
v 2.494482 28.818495 12.692249
v 3.000000 28.920723 12.692249
v 3.505518 28.818495 12.692249
v 3.666388 28.498956 12.692249
v 3.751599 27.895694 12.692249
v 3.000000 26.000000 12.750000
v 3.000000 26.000000 12.750000
v 3.000000 26.000000 12.750000
v 3.000000 26.000000 12.750000
v 3.000000 26.000000 12.750000
v 3.000000 26.000000 12.750000
v 3.000000 26.000000 12.750000
v 3.000000 26.000000 12.750000
v 3.000000 26.000000 12.750000
v 3.000000 26.000000 12.750000
v 3.000000 26.000000 12.750000
v 3.000000 26.000000 12.750000
v 3.000000 26.000000 12.750000
v 3.000000 26.000000 12.750000
v 3.000000 26.000000 12.750000
v 3.000000 26.000000 12.750000
v 0.000137 22.500000 5.350000
v 0.000134 22.499791 5.350000
v 0.000126 22.499757 5.350000
v 0.000108 22.499740 5.350000
v 0.000000 22.499735 5.350000
v -0.000108 22.499740 5.350000
v -0.000126 22.499757 5.350000
v -0.000134 22.499791 5.350000
v -0.000137 22.500000 5.350000
v -0.000134 22.500209 5.350000
v -0.000126 22.500243 5.350000
v -0.000108 22.500260 5.350000
v -0.000000 22.500265 5.350000
v 0.000108 22.500260 5.350000
v 0.000126 22.500243 5.350000
v 0.000134 22.500209 5.350000
v 1.219106 22.500000 5.358819
v 1.195213 20.644158 5.358819
v 1.117926 20.336273 5.358819
v 0.958852 20.186684 5.358819
v 0.000108 20.140439 5.358819
v -0.958852 20.186684 5.358819
v -1.117926 20.336273 5.358819
v -1.195213 20.644158 5.358819
v -1.219106 22.499752 5.358819
v -1.195213 24.355842 5.358819
v -1.117926 24.663727 5.358819
v -0.958852 24.813316 5.358819
v -0.000142 24.859561 5.358819
v 0.958852 24.813316 5.358819
v 1.117926 24.663727 5.358819
v 1.195213 24.355842 5.358819
v 1.421356 22.500000 5.387348
v 1.393499 20.336273 5.387348
v 1.303389 19.977311 5.387348
v 1.117926 19.802904 5.387348
v 0.000126 19.748988 5.387348
v -1.117926 19.802904 5.387348
v -1.303389 19.977311 5.387348
v -1.393499 20.336273 5.387348
v -1.421356 22.499711 5.387348
v -1.393499 24.663727 5.387348
v -1.303389 25.022689 5.387348
v -1.117926 25.197096 5.387348
v -0.000165 25.251012 5.387348
v 1.117926 25.197096 5.387348
v 1.303389 25.022689 5.387348
v 1.393499 24.663727 5.387348
v 1.519622 22.500000 5.446066
v 1.489839 20.186684 5.446066
v 1.393499 19.802904 5.446066
v 1.195213 19.616440 5.446066
v 0.000134 19.558796 5.446066
v -1.195213 19.616440 5.446066
v -1.393499 19.802904 5.446066
v -1.489839 20.186684 5.446066
v -1.519622 22.499691 5.446066
v -1.489839 24.813316 5.446066
v -1.393499 25.197096 5.446066
v -1.195213 25.383560 5.446066
v -0.000177 25.441204 5.446066
v 1.195213 25.383560 5.446066
v 1.393499 25.197096 5.446066
v 1.489839 24.813316 5.446066
v 1.550000 22.500000 5.800000
v 1.519622 20.140439 5.800000
v 1.421356 19.748988 5.800000
v 1.219106 19.558796 5.800000
v 0.000137 19.500000 5.800000
v -1.219106 19.558796 5.800000
v -1.421356 19.748988 5.800000
v -1.519622 20.140439 5.800000
v -1.550000 22.499684 5.800000
v -1.519622 24.859561 5.800000
v -1.421356 25.251012 5.800000
v -1.219106 25.441204 5.800000
v -0.000180 25.500000 5.800000
v 1.219106 25.441204 5.800000
v 1.421356 25.251012 5.800000
v 1.519622 24.859561 5.800000
v 1.519622 22.500000 6.153934
v 1.489839 20.186684 6.153934
v 1.393499 19.802904 6.153934
v 1.195213 19.616440 6.153934
v 0.000134 19.558796 6.153934
v -1.195213 19.616440 6.153934
v -1.393499 19.802904 6.153934
v -1.489839 20.186684 6.153934
v -1.519622 22.499691 6.153934
v -1.489839 24.813316 6.153934
v -1.393499 25.197096 6.153934
v -1.195213 25.383560 6.153934
v -0.000177 25.441204 6.153934
v 1.195213 25.383560 6.153934
v 1.393499 25.197096 6.153934
v 1.489839 24.813316 6.153934
v 1.421356 22.500000 6.212652
v 1.393499 20.336273 6.212652
v 1.303389 19.977311 6.212652
v 1.117926 19.802904 6.212652
v 0.000126 19.748988 6.212652
v -1.117926 19.802904 6.212652
v -1.303389 19.977311 6.212652
v -1.393499 20.336273 6.212652
v -1.421356 22.499711 6.212652
v -1.393499 24.663727 6.212652
v -1.303389 25.022689 6.212652
v -1.117926 25.197096 6.212652
v -0.000165 25.251012 6.212652
v 1.117926 25.197096 6.212652
v 1.303389 25.022689 6.212652
v 1.393499 24.663727 6.212652
v 1.219106 22.500000 6.241181
v 1.195213 20.644158 6.241181
v 1.117926 20.336273 6.241181
v 0.958852 20.186684 6.241181
v 0.000108 20.140439 6.241181
v -0.958852 20.186684 6.241181
v -1.117926 20.336273 6.241181
v -1.195213 20.644158 6.241181
v -1.219106 22.499752 6.241181
v -1.195213 24.355842 6.241181
v -1.117926 24.663727 6.241181
v -0.958852 24.813316 6.241181
v -0.000142 24.859561 6.241181
v 0.958852 24.813316 6.241181
v 1.117926 24.663727 6.241181
v 1.195213 24.355842 6.241181
v 0.000137 22.500000 6.250000
v 0.000134 22.499791 6.250000
v 0.000126 22.499757 6.250000
v 0.000108 22.499740 6.250000
v 0.000000 22.499735 6.250000
v -0.000108 22.499740 6.250000
v -0.000126 22.499757 6.250000
v -0.000134 22.499791 6.250000
v -0.000137 22.500000 6.250000
v -0.000134 22.500209 6.250000
v -0.000126 22.500243 6.250000
v -0.000108 22.500260 6.250000
v -0.000000 22.500265 6.250000
v 0.000108 22.500260 6.250000
v 0.000126 22.500243 6.250000
v 0.000134 22.500209 6.250000
v -1.800000 2.000000 4.000000
v -1.800000 -2.000000 3.000000
v -1.800000 0.000000 -7.000000
v -1.800000 4.000000 -7.800000
v -1.800000 5.200000 -5.800000
v 1.800000 2.000000 4.000000
v 1.800000 -2.000000 3.000000
v 1.800000 0.000000 -7.000000
v 1.800000 4.000000 -7.800000
v 1.800000 5.200000 -5.800000
v -1.950000 -10.600000 1.400000
v -1.950000 -16.800000 2.000000
v -1.950000 -18.000000 -4.200000
v -1.950000 -20.400000 -12.100000
v -1.950000 -18.500000 -14.000000
v -1.950000 -12.700000 -12.300000
v -1.950000 -11.400000 -5.000000
v 1.950000 -10.600000 1.400000
v 1.950000 -16.800000 2.000000
v 1.950000 -18.000000 -4.200000
v 1.950000 -20.400000 -12.100000
v 1.950000 -18.500000 -14.000000
v 1.950000 -12.700000 -12.300000
v 1.950000 -11.400000 -5.000000
v -2.175000 -12.100000 -1.500000
v -2.175000 -12.500000 -1.500000
v -2.175000 -14.300000 -11.000000
v -2.175000 -13.900000 -11.000000
v -1.925000 -12.100000 -1.500000
v -1.925000 -12.500000 -1.500000
v -1.925000 -14.300000 -11.000000
v -1.925000 -13.900000 -11.000000
v -2.175000 -14.300000 -1.500000
v -2.175000 -14.700000 -1.500000
v -2.175000 -16.500000 -11.000000
v -2.175000 -16.100000 -11.000000
v -1.925000 -14.300000 -1.500000
v -1.925000 -14.700000 -1.500000
v -1.925000 -16.500000 -11.000000
v -1.925000 -16.100000 -11.000000
v -2.175000 -16.400000 -1.500000
v -2.175000 -16.800000 -1.500000
v -2.175000 -18.600000 -11.000000
v -2.175000 -18.200000 -11.000000
v -1.925000 -16.400000 -1.500000
v -1.925000 -16.800000 -1.500000
v -1.925000 -18.600000 -11.000000
v -1.925000 -18.200000 -11.000000
v 1.925000 -12.100000 -1.500000
v 1.925000 -12.500000 -1.500000
v 1.925000 -14.300000 -11.000000
v 1.925000 -13.900000 -11.000000
v 2.175000 -12.100000 -1.500000
v 2.175000 -12.500000 -1.500000
v 2.175000 -14.300000 -11.000000
v 2.175000 -13.900000 -11.000000
v 1.925000 -14.300000 -1.500000
v 1.925000 -14.700000 -1.500000
v 1.925000 -16.500000 -11.000000
v 1.925000 -16.100000 -11.000000
v 2.175000 -14.300000 -1.500000
v 2.175000 -14.700000 -1.500000
v 2.175000 -16.500000 -11.000000
v 2.175000 -16.100000 -11.000000
v 1.925000 -16.400000 -1.500000
v 1.925000 -16.800000 -1.500000
v 1.925000 -18.600000 -11.000000
v 1.925000 -18.200000 -11.000000
v 2.175000 -16.400000 -1.500000
v 2.175000 -16.800000 -1.500000
v 2.175000 -18.600000 -11.000000
v 2.175000 -18.200000 -11.000000
v 0.000001 3.440000 -6.175000
v 0.000001 3.440000 -6.175000
v 0.000001 3.440000 -6.175000
v 0.000000 3.440000 -6.175000
v 0.000000 3.440000 -6.175000
v -0.000000 3.440000 -6.175000
v -0.000001 3.440000 -6.175000
v -0.000001 3.440000 -6.175000
v -0.000001 3.440000 -6.175000
v -0.000001 3.440000 -6.175000
v -0.000001 3.440000 -6.175000
v -0.000000 3.440000 -6.175000
v -0.000000 3.440000 -6.175000
v 0.000000 3.440000 -6.175000
v 0.000001 3.440000 -6.175000
v 0.000001 3.440000 -6.175000
v 1.259817 3.440000 -6.169545
v 1.220545 3.335659 -6.169545
v 1.096735 3.306613 -6.169545
v 0.857913 3.291555 -6.169545
v 0.000000 3.286779 -6.169545
v -0.857913 3.291555 -6.169545
v -1.096735 3.306613 -6.169545
v -1.220545 3.335659 -6.169545
v -1.259817 3.440000 -6.169545
v -1.220545 3.544341 -6.169545
v -1.096735 3.573387 -6.169545
v -0.857913 3.588445 -6.169545
v -0.000001 3.593221 -6.169545
v 0.857913 3.588445 -6.169545
v 1.096735 3.573387 -6.169545
v 1.220545 3.544341 -6.169545
v 1.610519 3.440000 -6.152346
v 1.560314 3.306613 -6.152346
v 1.402038 3.269482 -6.152346
v 1.096735 3.250232 -6.152346
v 0.000001 3.244126 -6.152346
v -1.096735 3.250232 -6.152346
v -1.402038 3.269482 -6.152346
v -1.560314 3.306613 -6.152346
v -1.610519 3.440000 -6.152346
v -1.560314 3.573387 -6.152346
v -1.402038 3.610518 -6.152346
v -1.096735 3.629768 -6.152346
v -0.000001 3.635874 -6.152346
v 1.096735 3.629768 -6.152346
v 1.402038 3.610518 -6.152346
v 1.560314 3.573387 -6.152346
v 1.792330 3.440000 -6.119172
v 1.736457 3.291555 -6.119172
v 1.560314 3.250232 -6.119172
v 1.220545 3.228809 -6.119172
v 0.000001 3.222014 -6.119172
v -1.220545 3.228809 -6.119172
v -1.560314 3.250232 -6.119172
v -1.736457 3.291555 -6.119172
v -1.792330 3.440000 -6.119172
v -1.736457 3.588445 -6.119172
v -1.560314 3.629768 -6.119172
v -1.220545 3.651191 -6.119172
v -0.000001 3.657986 -6.119172
v 1.220545 3.651191 -6.119172
v 1.560314 3.629768 -6.119172
v 1.736457 3.588445 -6.119172
v 1.850000 3.440000 -6.000000
v 1.792330 3.286779 -6.000000
v 1.610519 3.244126 -6.000000
v 1.259817 3.222014 -6.000000
v 0.000001 3.215000 -6.000000
v -1.259817 3.222014 -6.000000
v -1.610519 3.244126 -6.000000
v -1.792330 3.286779 -6.000000
v -1.850000 3.440000 -6.000000
v -1.792330 3.593221 -6.000000
v -1.610519 3.635874 -6.000000
v -1.259817 3.657986 -6.000000
v -0.000001 3.665000 -6.000000
v 1.259817 3.657986 -6.000000
v 1.610519 3.635874 -6.000000
v 1.792330 3.593221 -6.000000
v 1.792330 3.440000 -5.880828
v 1.736457 3.291555 -5.880828
v 1.560314 3.250232 -5.880828
v 1.220545 3.228809 -5.880828
v 0.000001 3.222014 -5.880828
v -1.220545 3.228809 -5.880828
v -1.560314 3.250232 -5.880828
v -1.736457 3.291555 -5.880828
v -1.792330 3.440000 -5.880828
v -1.736457 3.588445 -5.880828
v -1.560314 3.629768 -5.880828
v -1.220545 3.651191 -5.880828
v -0.000001 3.657986 -5.880828
v 1.220545 3.651191 -5.880828
v 1.560314 3.629768 -5.880828
v 1.736457 3.588445 -5.880828
v 1.610519 3.440000 -5.847654
v 1.560314 3.306613 -5.847654
v 1.402038 3.269482 -5.847654
v 1.096735 3.250232 -5.847654
v 0.000001 3.244126 -5.847654
v -1.096735 3.250232 -5.847654
v -1.402038 3.269482 -5.847654
v -1.560314 3.306613 -5.847654
v -1.610519 3.440000 -5.847654
v -1.560314 3.573387 -5.847654
v -1.402038 3.610518 -5.847654
v -1.096735 3.629768 -5.847654
v -0.000001 3.635874 -5.847654
v 1.096735 3.629768 -5.847654
v 1.402038 3.610518 -5.847654
v 1.560314 3.573387 -5.847654
v 1.259817 3.440000 -5.830455
v 1.220545 3.335659 -5.830455
v 1.096735 3.306613 -5.830455
v 0.857913 3.291555 -5.830455
v 0.000000 3.286779 -5.830455
v -0.857913 3.291555 -5.830455
v -1.096735 3.306613 -5.830455
v -1.220545 3.335659 -5.830455
v -1.259817 3.440000 -5.830455
v -1.220545 3.544341 -5.830455
v -1.096735 3.573387 -5.830455
v -0.857913 3.588445 -5.830455
v -0.000001 3.593221 -5.830455
v 0.857913 3.588445 -5.830455
v 1.096735 3.573387 -5.830455
v 1.220545 3.544341 -5.830455
v 0.000001 3.440000 -5.825000
v 0.000001 3.440000 -5.825000
v 0.000001 3.440000 -5.825000
v 0.000000 3.440000 -5.825000
v 0.000000 3.440000 -5.825000
v -0.000000 3.440000 -5.825000
v -0.000001 3.440000 -5.825000
v -0.000001 3.440000 -5.825000
v -0.000001 3.440000 -5.825000
v -0.000001 3.440000 -5.825000
v -0.000001 3.440000 -5.825000
v -0.000000 3.440000 -5.825000
v -0.000000 3.440000 -5.825000
v 0.000000 3.440000 -5.825000
v 0.000001 3.440000 -5.825000
v 0.000001 3.440000 -5.825000
v 0.000001 2.960000 -4.175000
v 0.000001 2.960000 -4.175000
v 0.000001 2.960000 -4.175000
v 0.000000 2.960000 -4.175000
v 0.000000 2.960000 -4.175000
v -0.000000 2.960000 -4.175000
v -0.000001 2.960000 -4.175000
v -0.000001 2.960000 -4.175000
v -0.000001 2.960000 -4.175000
v -0.000001 2.960000 -4.175000
v -0.000001 2.960000 -4.175000
v -0.000000 2.960000 -4.175000
v -0.000000 2.960000 -4.175000
v 0.000000 2.960000 -4.175000
v 0.000001 2.960000 -4.175000
v 0.000001 2.960000 -4.175000
v 1.259817 2.960000 -4.169545
v 1.220545 2.855659 -4.169545
v 1.096735 2.826613 -4.169545
v 0.857913 2.811555 -4.169545
v 0.000000 2.806779 -4.169545
v -0.857913 2.811555 -4.169545
v -1.096735 2.826613 -4.169545
v -1.220545 2.855659 -4.169545
v -1.259817 2.960000 -4.169545
v -1.220545 3.064341 -4.169545
v -1.096735 3.093387 -4.169545
v -0.857913 3.108445 -4.169545
v -0.000001 3.113221 -4.169545
v 0.857913 3.108445 -4.169545
v 1.096735 3.093387 -4.169545
v 1.220545 3.064341 -4.169545
v 1.610519 2.960000 -4.152346
v 1.560314 2.826613 -4.152346
v 1.402038 2.789482 -4.152346
v 1.096735 2.770232 -4.152346
v 0.000001 2.764126 -4.152346
v -1.096735 2.770232 -4.152346
v -1.402038 2.789482 -4.152346
v -1.560314 2.826613 -4.152346
v -1.610519 2.960000 -4.152346
v -1.560314 3.093387 -4.152346
v -1.402038 3.130518 -4.152346
v -1.096735 3.149768 -4.152346
v -0.000001 3.155874 -4.152346
v 1.096735 3.149768 -4.152346
v 1.402038 3.130518 -4.152346
v 1.560314 3.093387 -4.152346
v 1.792330 2.960000 -4.119172
v 1.736457 2.811555 -4.119172
v 1.560314 2.770232 -4.119172
v 1.220545 2.748809 -4.119172
v 0.000001 2.742014 -4.119172
v -1.220545 2.748809 -4.119172
v -1.560314 2.770232 -4.119172
v -1.736457 2.811555 -4.119172
v -1.792330 2.960000 -4.119172
v -1.736457 3.108445 -4.119172
v -1.560314 3.149768 -4.119172
v -1.220545 3.171191 -4.119172
v -0.000001 3.177986 -4.119172
v 1.220545 3.171191 -4.119172
v 1.560314 3.149768 -4.119172
v 1.736457 3.108445 -4.119172
v 1.850000 2.960000 -4.000000
v 1.792330 2.806779 -4.000000
v 1.610519 2.764126 -4.000000
v 1.259817 2.742014 -4.000000
v 0.000001 2.735000 -4.000000
v -1.259817 2.742014 -4.000000
v -1.610519 2.764126 -4.000000
v -1.792330 2.806779 -4.000000
v -1.850000 2.960000 -4.000000
v -1.792330 3.113221 -4.000000
v -1.610519 3.155874 -4.000000
v -1.259817 3.177986 -4.000000
v -0.000001 3.185000 -4.000000
v 1.259817 3.177986 -4.000000
v 1.610519 3.155874 -4.000000
v 1.792330 3.113221 -4.000000
v 1.792330 2.960000 -3.880828
v 1.736457 2.811555 -3.880828
v 1.560314 2.770232 -3.880828
v 1.220545 2.748809 -3.880828
v 0.000001 2.742014 -3.880828
v -1.220545 2.748809 -3.880828
v -1.560314 2.770232 -3.880828
v -1.736457 2.811555 -3.880828
v -1.792330 2.960000 -3.880828
v -1.736457 3.108445 -3.880828
v -1.560314 3.149768 -3.880828
v -1.220545 3.171191 -3.880828
v -0.000001 3.177986 -3.880828
v 1.220545 3.171191 -3.880828
v 1.560314 3.149768 -3.880828
v 1.736457 3.108445 -3.880828
v 1.610519 2.960000 -3.847654
v 1.560314 2.826613 -3.847654
v 1.402038 2.789482 -3.847654
v 1.096735 2.770232 -3.847654
v 0.000001 2.764126 -3.847654
v -1.096735 2.770232 -3.847654
v -1.402038 2.789482 -3.847654
v -1.560314 2.826613 -3.847654
v -1.610519 2.960000 -3.847654
v -1.560314 3.093387 -3.847654
v -1.402038 3.130518 -3.847654
v -1.096735 3.149768 -3.847654
v -0.000001 3.155874 -3.847654
v 1.096735 3.149768 -3.847654
v 1.402038 3.130518 -3.847654
v 1.560314 3.093387 -3.847654
v 1.259817 2.960000 -3.830455
v 1.220545 2.855659 -3.830455
v 1.096735 2.826613 -3.830455
v 0.857913 2.811555 -3.830455
v 0.000000 2.806779 -3.830455
v -0.857913 2.811555 -3.830455
v -1.096735 2.826613 -3.830455
v -1.220545 2.855659 -3.830455
v -1.259817 2.960000 -3.830455
v -1.220545 3.064341 -3.830455
v -1.096735 3.093387 -3.830455
v -0.857913 3.108445 -3.830455
v -0.000001 3.113221 -3.830455
v 0.857913 3.108445 -3.830455
v 1.096735 3.093387 -3.830455
v 1.220545 3.064341 -3.830455
v 0.000001 2.960000 -3.825000
v 0.000001 2.960000 -3.825000
v 0.000001 2.960000 -3.825000
v 0.000000 2.960000 -3.825000
v 0.000000 2.960000 -3.825000
v -0.000000 2.960000 -3.825000
v -0.000001 2.960000 -3.825000
v -0.000001 2.960000 -3.825000
v -0.000001 2.960000 -3.825000
v -0.000001 2.960000 -3.825000
v -0.000001 2.960000 -3.825000
v -0.000000 2.960000 -3.825000
v -0.000000 2.960000 -3.825000
v 0.000000 2.960000 -3.825000
v 0.000001 2.960000 -3.825000
v 0.000001 2.960000 -3.825000
v 0.000001 2.480000 -2.175000
v 0.000001 2.480000 -2.175000
v 0.000001 2.480000 -2.175000
v 0.000000 2.480000 -2.175000
v 0.000000 2.480000 -2.175000
v -0.000000 2.480000 -2.175000
v -0.000001 2.480000 -2.175000
v -0.000001 2.480000 -2.175000
v -0.000001 2.480000 -2.175000
v -0.000001 2.480000 -2.175000
v -0.000001 2.480000 -2.175000
v -0.000000 2.480000 -2.175000
v -0.000000 2.480000 -2.175000
v 0.000000 2.480000 -2.175000
v 0.000001 2.480000 -2.175000
v 0.000001 2.480000 -2.175000
v 1.259817 2.480000 -2.169545
v 1.220545 2.375659 -2.169545
v 1.096735 2.346613 -2.169545
v 0.857913 2.331555 -2.169545
v 0.000000 2.326779 -2.169545
v -0.857913 2.331555 -2.169545
v -1.096735 2.346613 -2.169545
v -1.220545 2.375659 -2.169545
v -1.259817 2.480000 -2.169545
v -1.220545 2.584341 -2.169545
v -1.096735 2.613387 -2.169545
v -0.857913 2.628445 -2.169545
v -0.000001 2.633221 -2.169545
v 0.857913 2.628445 -2.169545
v 1.096735 2.613387 -2.169545
v 1.220545 2.584341 -2.169545
v 1.610519 2.480000 -2.152346
v 1.560314 2.346613 -2.152346
v 1.402038 2.309482 -2.152346
v 1.096735 2.290232 -2.152346
v 0.000001 2.284126 -2.152346
v -1.096735 2.290232 -2.152346
v -1.402038 2.309482 -2.152346
v -1.560314 2.346613 -2.152346
v -1.610519 2.480000 -2.152346
v -1.560314 2.613387 -2.152346
v -1.402038 2.650518 -2.152346
v -1.096735 2.669768 -2.152346
v -0.000001 2.675874 -2.152346
v 1.096735 2.669768 -2.152346
v 1.402038 2.650518 -2.152346
v 1.560314 2.613387 -2.152346
v 1.792330 2.480000 -2.119172
v 1.736457 2.331555 -2.119172
v 1.560314 2.290232 -2.119172
v 1.220545 2.268809 -2.119172
v 0.000001 2.262014 -2.119172
v -1.220545 2.268809 -2.119172
v -1.560314 2.290232 -2.119172
v -1.736457 2.331555 -2.119172
v -1.792330 2.480000 -2.119172
v -1.736457 2.628445 -2.119172
v -1.560314 2.669768 -2.119172
v -1.220545 2.691191 -2.119172
v -0.000001 2.697986 -2.119172
v 1.220545 2.691191 -2.119172
v 1.560314 2.669768 -2.119172
v 1.736457 2.628445 -2.119172
v 1.850000 2.480000 -2.000000
v 1.792330 2.326779 -2.000000
v 1.610519 2.284126 -2.000000
v 1.259817 2.262014 -2.000000
v 0.000001 2.255000 -2.000000
v -1.259817 2.262014 -2.000000
v -1.610519 2.284126 -2.000000
v -1.792330 2.326779 -2.000000
v -1.850000 2.480000 -2.000000
v -1.792330 2.633221 -2.000000
v -1.610519 2.675874 -2.000000
v -1.259817 2.697986 -2.000000
v -0.000001 2.705000 -2.000000
v 1.259817 2.697986 -2.000000
v 1.610519 2.675874 -2.000000
v 1.792330 2.633221 -2.000000
v 1.792330 2.480000 -1.880828
v 1.736457 2.331555 -1.880828
v 1.560314 2.290232 -1.880828
v 1.220545 2.268809 -1.880828
v 0.000001 2.262014 -1.880828
v -1.220545 2.268809 -1.880828
v -1.560314 2.290232 -1.880828
v -1.736457 2.331555 -1.880828
v -1.792330 2.480000 -1.880828
v -1.736457 2.628445 -1.880828
v -1.560314 2.669768 -1.880828
v -1.220545 2.691191 -1.880828
v -0.000001 2.697986 -1.880828
v 1.220545 2.691191 -1.880828
v 1.560314 2.669768 -1.880828
v 1.736457 2.628445 -1.880828
v 1.610519 2.480000 -1.847654
v 1.560314 2.346613 -1.847654
v 1.402038 2.309482 -1.847654
v 1.096735 2.290232 -1.847654
v 0.000001 2.284126 -1.847654
v -1.096735 2.290232 -1.847654
v -1.402038 2.309482 -1.847654
v -1.560314 2.346613 -1.847654
v -1.610519 2.480000 -1.847654
v -1.560314 2.613387 -1.847654
v -1.402038 2.650518 -1.847654
v -1.096735 2.669768 -1.847654
v -0.000001 2.675874 -1.847654
v 1.096735 2.669768 -1.847654
v 1.402038 2.650518 -1.847654
v 1.560314 2.613387 -1.847654
v 1.259817 2.480000 -1.830455
v 1.220545 2.375659 -1.830455
v 1.096735 2.346613 -1.830455
v 0.857913 2.331555 -1.830455
v 0.000000 2.326779 -1.830455
v -0.857913 2.331555 -1.830455
v -1.096735 2.346613 -1.830455
v -1.220545 2.375659 -1.830455
v -1.259817 2.480000 -1.830455
v -1.220545 2.584341 -1.830455
v -1.096735 2.613387 -1.830455
v -0.857913 2.628445 -1.830455
v -0.000001 2.633221 -1.830455
v 0.857913 2.628445 -1.830455
v 1.096735 2.613387 -1.830455
v 1.220545 2.584341 -1.830455
v 0.000001 2.480000 -1.825000
v 0.000001 2.480000 -1.825000
v 0.000001 2.480000 -1.825000
v 0.000000 2.480000 -1.825000
v 0.000000 2.480000 -1.825000
v -0.000000 2.480000 -1.825000
v -0.000001 2.480000 -1.825000
v -0.000001 2.480000 -1.825000
v -0.000001 2.480000 -1.825000
v -0.000001 2.480000 -1.825000
v -0.000001 2.480000 -1.825000
v -0.000000 2.480000 -1.825000
v -0.000000 2.480000 -1.825000
v 0.000000 2.480000 -1.825000
v 0.000001 2.480000 -1.825000
v 0.000001 2.480000 -1.825000
v 0.000001 2.000000 -0.175000
v 0.000001 2.000000 -0.175000
v 0.000001 2.000000 -0.175000
v 0.000000 2.000000 -0.175000
v 0.000000 2.000000 -0.175000
v -0.000000 2.000000 -0.175000
v -0.000001 2.000000 -0.175000
v -0.000001 2.000000 -0.175000
v -0.000001 2.000000 -0.175000
v -0.000001 2.000000 -0.175000
v -0.000001 2.000000 -0.175000
v -0.000000 2.000000 -0.175000
v -0.000000 2.000000 -0.175000
v 0.000000 2.000000 -0.175000
v 0.000001 2.000000 -0.175000
v 0.000001 2.000000 -0.175000
v 1.259817 2.000000 -0.169545
v 1.220545 1.895659 -0.169545
v 1.096735 1.866613 -0.169545
v 0.857913 1.851555 -0.169545
v 0.000000 1.846779 -0.169545
v -0.857913 1.851555 -0.169545
v -1.096735 1.866613 -0.169545
v -1.220545 1.895659 -0.169545
v -1.259817 2.000000 -0.169545
v -1.220545 2.104341 -0.169545
v -1.096735 2.133387 -0.169545
v -0.857913 2.148445 -0.169545
v -0.000001 2.153221 -0.169545
v 0.857913 2.148445 -0.169545
v 1.096735 2.133387 -0.169545
v 1.220545 2.104341 -0.169545
v 1.610519 2.000000 -0.152346
v 1.560314 1.866613 -0.152346
v 1.402038 1.829482 -0.152346
v 1.096735 1.810232 -0.152346
v 0.000001 1.804126 -0.152346
v -1.096735 1.810232 -0.152346
v -1.402038 1.829482 -0.152346
v -1.560314 1.866613 -0.152346
v -1.610519 2.000000 -0.152346
v -1.560314 2.133387 -0.152346
v -1.402038 2.170518 -0.152346
v -1.096735 2.189768 -0.152346
v -0.000001 2.195874 -0.152346
v 1.096735 2.189768 -0.152346
v 1.402038 2.170518 -0.152346
v 1.560314 2.133387 -0.152346
v 1.792330 2.000000 -0.119172
v 1.736457 1.851555 -0.119172
v 1.560314 1.810232 -0.119172
v 1.220545 1.788809 -0.119172
v 0.000001 1.782014 -0.119172
v -1.220545 1.788809 -0.119172
v -1.560314 1.810232 -0.119172
v -1.736457 1.851555 -0.119172
v -1.792330 2.000000 -0.119172
v -1.736457 2.148445 -0.119172
v -1.560314 2.189768 -0.119172
v -1.220545 2.211191 -0.119172
v -0.000001 2.217986 -0.119172
v 1.220545 2.211191 -0.119172
v 1.560314 2.189768 -0.119172
v 1.736457 2.148445 -0.119172
v 1.850000 2.000000 0.000000
v 1.792330 1.846779 0.000000
v 1.610519 1.804126 0.000000
v 1.259817 1.782014 0.000000
v 0.000001 1.775000 0.000000
v -1.259817 1.782014 0.000000
v -1.610519 1.804126 0.000000
v -1.792330 1.846779 0.000000
v -1.850000 2.000000 0.000000
v -1.792330 2.153221 0.000000
v -1.610519 2.195874 0.000000
v -1.259817 2.217986 0.000000
v -0.000001 2.225000 0.000000
v 1.259817 2.217986 0.000000
v 1.610519 2.195874 0.000000
v 1.792330 2.153221 0.000000
v 1.792330 2.000000 0.119172
v 1.736457 1.851555 0.119172
v 1.560314 1.810232 0.119172
v 1.220545 1.788809 0.119172
v 0.000001 1.782014 0.119172
v -1.220545 1.788809 0.119172
v -1.560314 1.810232 0.119172
v -1.736457 1.851555 0.119172
v -1.792330 2.000000 0.119172
v -1.736457 2.148445 0.119172
v -1.560314 2.189768 0.119172
v -1.220545 2.211191 0.119172
v -0.000001 2.217986 0.119172
v 1.220545 2.211191 0.119172
v 1.560314 2.189768 0.119172
v 1.736457 2.148445 0.119172
v 1.610519 2.000000 0.152346
v 1.560314 1.866613 0.152346
v 1.402038 1.829482 0.152346
v 1.096735 1.810232 0.152346
v 0.000001 1.804126 0.152346
v -1.096735 1.810232 0.152346
v -1.402038 1.829482 0.152346
v -1.560314 1.866613 0.152346
v -1.610519 2.000000 0.152346
v -1.560314 2.133387 0.152346
v -1.402038 2.170518 0.152346
v -1.096735 2.189768 0.152346
v -0.000001 2.195874 0.152346
v 1.096735 2.189768 0.152346
v 1.402038 2.170518 0.152346
v 1.560314 2.133387 0.152346
v 1.259817 2.000000 0.169545
v 1.220545 1.895659 0.169545
v 1.096735 1.866613 0.169545
v 0.857913 1.851555 0.169545
v 0.000000 1.846779 0.169545
v -0.857913 1.851555 0.169545
v -1.096735 1.866613 0.169545
v -1.220545 1.895659 0.169545
v -1.259817 2.000000 0.169545
v -1.220545 2.104341 0.169545
v -1.096735 2.133387 0.169545
v -0.857913 2.148445 0.169545
v -0.000001 2.153221 0.169545
v 0.857913 2.148445 0.169545
v 1.096735 2.133387 0.169545
v 1.220545 2.104341 0.169545
v 0.000001 2.000000 0.175000
v 0.000001 2.000000 0.175000
v 0.000001 2.000000 0.175000
v 0.000000 2.000000 0.175000
v 0.000000 2.000000 0.175000
v -0.000000 2.000000 0.175000
v -0.000001 2.000000 0.175000
v -0.000001 2.000000 0.175000
v -0.000001 2.000000 0.175000
v -0.000001 2.000000 0.175000
v -0.000001 2.000000 0.175000
v -0.000000 2.000000 0.175000
v -0.000000 2.000000 0.175000
v 0.000000 2.000000 0.175000
v 0.000001 2.000000 0.175000
v 0.000001 2.000000 0.175000
vt -1.550000 -0.010000
vt -1.250000 -0.010000
vt -1.150000 0.320000
vt -0.850000 0.380000
vt -0.850000 0.540000
vt -1.100000 0.650000
vt -1.550000 0.650000
vt -1.550000 0.650000
vt -1.100000 0.650000
vt -0.850000 0.540000
vt -0.850000 0.380000
vt -1.150000 0.320000
vt -1.250000 -0.010000
vt -1.550000 -0.010000
vt -0.132500 -1.550000
vt -0.132500 -1.100000
vt 0.132500 -1.100000
vt 0.132500 -1.550000
vt -0.132500 -1.100000
vt -0.132500 -0.850000
vt 0.132500 -0.850000
vt 0.132500 -1.100000
vt -0.132500 0.540000
vt -0.132500 0.380000
vt 0.132500 0.380000
vt 0.132500 0.540000
vt -0.132500 -0.850000
vt -0.132500 -1.150000
vt 0.132500 -1.150000
vt 0.132500 -0.850000
vt -0.132500 0.320000
vt -0.132500 -0.010000
vt 0.132500 -0.010000
vt 0.132500 0.320000
vt -0.132500 -1.250000
vt -0.132500 -1.550000
vt 0.132500 -1.550000
vt 0.132500 -1.250000
vt -0.132500 -0.010000
vt -0.132500 0.650000
vt 0.132500 0.650000
vt 0.132500 -0.010000
vt -0.150000 -1.300000
vt -0.150000 -1.300000
vt -0.112420 -1.205215
vt -0.111057 -1.300000
vt -0.150000 -1.300000
vt -0.150000 -1.300000
vt -0.116681 -1.175052
vt -0.112420 -1.205215
vt -0.150000 -1.300000
vt -0.150000 -1.300000
vt -0.124724 -1.159075
vt -0.116681 -1.175052
vt -0.150000 -1.300000
vt -0.150000 -1.300000
vt -0.150000 -1.153964
vt -0.124724 -1.159075
vt -0.150000 -1.300000
vt -0.150000 -1.300000
vt -0.175276 -1.159075
vt -0.150000 -1.153964
vt -0.150000 -1.300000
vt -0.150000 -1.300000
vt -0.183319 -1.175052
vt -0.175276 -1.159075
vt -0.150000 -1.300000
vt -0.150000 -1.300000
vt -0.187580 -1.205215
vt -0.183319 -1.175052
vt -0.150000 -1.300000
vt -0.150000 -1.300000
vt -0.188943 -1.300000
vt -0.187580 -1.205215
vt -0.150000 -1.300000
vt -0.150000 -1.300000
vt -0.187580 -1.394785
vt -0.188943 -1.300000
vt -0.150000 -1.300000
vt -0.150000 -1.300000
vt -0.183319 -1.424948
vt -0.187580 -1.394785
vt -0.150000 -1.300000
vt -0.150000 -1.300000
vt -0.175276 -1.440925
vt -0.183319 -1.424948
vt -0.150000 -1.300000
vt -0.150000 -1.300000
vt -0.150000 -1.446036
vt -0.175276 -1.440925
vt -0.150000 -1.300000
vt -0.150000 -1.300000
vt -0.124724 -1.440925
vt -0.150000 -1.446036
vt -0.150000 -1.300000
vt -0.150000 -1.300000
vt -0.116681 -1.424948
vt -0.124724 -1.440925
vt -0.150000 -1.300000
vt -0.150000 -1.300000
vt -0.112420 -1.394785
vt -0.116681 -1.424948
vt -0.150000 -1.300000
vt -0.150000 -1.300000
vt -0.111057 -1.300000
vt -0.112420 -1.394785
vt -0.111057 -1.300000
vt -0.112420 -1.205215
vt -0.100461 -1.175052
vt -0.098664 -1.300000
vt -0.112420 -1.205215
vt -0.116681 -1.175052
vt -0.106077 -1.135290
vt -0.100461 -1.175052
vt -0.116681 -1.175052
vt -0.124724 -1.159075
vt -0.116681 -1.114229
vt -0.106077 -1.135290
vt -0.124724 -1.159075
vt -0.150000 -1.153964
vt -0.150000 -1.107491
vt -0.116681 -1.114229
vt -0.150000 -1.153964
vt -0.175276 -1.159075
vt -0.183319 -1.114229
vt -0.150000 -1.107491
vt -0.175276 -1.159075
vt -0.183319 -1.175052
vt -0.193923 -1.135290
vt -0.183319 -1.114229
vt -0.183319 -1.175052
vt -0.187580 -1.205215
vt -0.199539 -1.175052
vt -0.193923 -1.135290
vt -0.187580 -1.205215
vt -0.188943 -1.300000
vt -0.201336 -1.300000
vt -0.199539 -1.175052
vt -0.188943 -1.300000
vt -0.187580 -1.394785
vt -0.199539 -1.424948
vt -0.201336 -1.300000
vt -0.187580 -1.394785
vt -0.183319 -1.424948
vt -0.193923 -1.464710
vt -0.199539 -1.424948
vt -0.183319 -1.424948
vt -0.175276 -1.440925
vt -0.183319 -1.485771
vt -0.193923 -1.464710
vt -0.175276 -1.440925
vt -0.150000 -1.446036
vt -0.150000 -1.492509
vt -0.183319 -1.485771
vt -0.150000 -1.446036
vt -0.124724 -1.440925
vt -0.116681 -1.485771
vt -0.150000 -1.492509
vt -0.124724 -1.440925
vt -0.116681 -1.424948
vt -0.106077 -1.464710
vt -0.116681 -1.485771
vt -0.116681 -1.424948
vt -0.112420 -1.394785
vt -0.100461 -1.424948
vt -0.106077 -1.464710
vt -0.112420 -1.394785
vt -0.111057 -1.300000
vt -0.098664 -1.300000
vt -0.100461 -1.424948
vt -1.300000 0.484413
vt -1.175052 0.484413
vt -1.159075 0.501453
vt -1.300000 0.501453
vt -1.175052 0.484413
vt -1.135290 0.484413
vt -1.114229 0.501453
vt -1.159075 0.501453
vt -1.135290 0.484413
vt -1.114229 0.484413
vt -1.090475 0.501453
vt -1.114229 0.501453
vt -0.116681 -1.114229
vt -0.150000 -1.107491
vt -0.150000 -1.082875
vt -0.112420 -1.090475
vt -0.150000 -1.107491
vt -0.183319 -1.114229
vt -0.187580 -1.090475
vt -0.150000 -1.082875
vt -1.114229 0.484413
vt -1.135290 0.484413
vt -1.114229 0.501453
vt -1.090475 0.501453
vt -1.135290 0.484413
vt -1.175052 0.484413
vt -1.159075 0.501453
vt -1.114229 0.501453
vt -1.175052 0.484413
vt -1.300000 0.484413
vt -1.300000 0.501453
vt -1.159075 0.501453
vt -1.300000 0.484413
vt -1.424948 0.484413
vt -1.440925 0.501453
vt -1.300000 0.501453
vt -1.424948 0.484413
vt -1.464710 0.484413
vt -1.485771 0.501453
vt -1.440925 0.501453
vt -1.464710 0.484413
vt -1.485771 0.484413
vt -1.509525 0.501453
vt -1.485771 0.501453
vt -0.183319 -1.485771
vt -0.150000 -1.492509
vt -0.150000 -1.517125
vt -0.187580 -1.509525
vt -0.150000 -1.492509
vt -0.116681 -1.485771
vt -0.112420 -1.509525
vt -0.150000 -1.517125
vt -1.485771 0.484413
vt -1.464710 0.484413
vt -1.485771 0.501453
vt -1.509525 0.501453
vt -1.464710 0.484413
vt -1.424948 0.484413
vt -1.440925 0.501453
vt -1.485771 0.501453
vt -1.424948 0.484413
vt -1.300000 0.484413
vt -1.300000 0.501453
vt -1.440925 0.501453
vt -1.300000 0.501453
vt -1.159075 0.501453
vt -1.153964 0.555000
vt -1.300000 0.555000
vt -1.159075 0.501453
vt -1.114229 0.501453
vt -1.107491 0.555000
vt -1.153964 0.555000
vt -1.114229 0.501453
vt -1.090475 0.501453
vt -1.082875 0.555000
vt -1.107491 0.555000
vt -0.112420 0.501453
vt -0.150000 0.501453
vt -0.150000 0.555000
vt -0.111057 0.555000
vt -0.150000 0.501453
vt -0.187580 0.501453
vt -0.188943 0.555000
vt -0.150000 0.555000
vt -1.090475 0.501453
vt -1.114229 0.501453
vt -1.107491 0.555000
vt -1.082875 0.555000
vt -1.114229 0.501453
vt -1.159075 0.501453
vt -1.153964 0.555000
vt -1.107491 0.555000
vt -1.159075 0.501453
vt -1.300000 0.501453
vt -1.300000 0.555000
vt -1.153964 0.555000
vt -1.300000 0.501453
vt -1.440925 0.501453
vt -1.446036 0.555000
vt -1.300000 0.555000
vt -1.440925 0.501453
vt -1.485771 0.501453
vt -1.492509 0.555000
vt -1.446036 0.555000
vt -1.485771 0.501453
vt -1.509525 0.501453
vt -1.517125 0.555000
vt -1.492509 0.555000
vt -0.187580 0.501453
vt -0.150000 0.501453
vt -0.150000 0.555000
vt -0.188943 0.555000
vt -0.150000 0.501453
vt -0.112420 0.501453
vt -0.111057 0.555000
vt -0.150000 0.555000
vt -1.509525 0.501453
vt -1.485771 0.501453
vt -1.492509 0.555000
vt -1.517125 0.555000
vt -1.485771 0.501453
vt -1.440925 0.501453
vt -1.446036 0.555000
vt -1.492509 0.555000
vt -1.440925 0.501453
vt -1.300000 0.501453
vt -1.300000 0.555000
vt -1.446036 0.555000
vt -1.300000 0.555000
vt -1.153964 0.555000
vt -1.159075 0.608547
vt -1.300000 0.608547
vt -1.153964 0.555000
vt -1.107491 0.555000
vt -1.114229 0.608547
vt -1.159075 0.608547
vt -1.107491 0.555000
vt -1.082875 0.555000
vt -1.090475 0.608547
vt -1.114229 0.608547
vt -0.111057 0.555000
vt -0.150000 0.555000
vt -0.150000 0.608547
vt -0.112420 0.608547
vt -0.150000 0.555000
vt -0.188943 0.555000
vt -0.187580 0.608547
vt -0.150000 0.608547
vt -1.082875 0.555000
vt -1.107491 0.555000
vt -1.114229 0.608547
vt -1.090475 0.608547
vt -1.107491 0.555000
vt -1.153964 0.555000
vt -1.159075 0.608547
vt -1.114229 0.608547
vt -1.153964 0.555000
vt -1.300000 0.555000
vt -1.300000 0.608547
vt -1.159075 0.608547
vt -1.300000 0.555000
vt -1.446036 0.555000
vt -1.440925 0.608547
vt -1.300000 0.608547
vt -1.446036 0.555000
vt -1.492509 0.555000
vt -1.485771 0.608547
vt -1.440925 0.608547
vt -1.492509 0.555000
vt -1.517125 0.555000
vt -1.509525 0.608547
vt -1.485771 0.608547
vt -0.188943 0.555000
vt -0.150000 0.555000
vt -0.150000 0.608547
vt -0.187580 0.608547
vt -0.150000 0.555000
vt -0.111057 0.555000
vt -0.112420 0.608547
vt -0.150000 0.608547
vt -1.517125 0.555000
vt -1.492509 0.555000
vt -1.485771 0.608547
vt -1.509525 0.608547
vt -1.492509 0.555000
vt -1.446036 0.555000
vt -1.440925 0.608547
vt -1.485771 0.608547
vt -1.446036 0.555000
vt -1.300000 0.555000
vt -1.300000 0.608547
vt -1.440925 0.608547
vt -1.300000 0.608547
vt -1.159075 0.608547
vt -1.175052 0.625587
vt -1.300000 0.625587
vt -1.159075 0.608547
vt -1.114229 0.608547
vt -1.135290 0.625587
vt -1.175052 0.625587
vt -1.114229 0.608547
vt -1.090475 0.608547
vt -1.114229 0.625587
vt -1.135290 0.625587
vt -0.112420 -1.090475
vt -0.150000 -1.082875
vt -0.150000 -1.107491
vt -0.116681 -1.114229
vt -0.150000 -1.082875
vt -0.187580 -1.090475
vt -0.183319 -1.114229
vt -0.150000 -1.107491
vt -1.090475 0.608547
vt -1.114229 0.608547
vt -1.135290 0.625587
vt -1.114229 0.625587
vt -1.114229 0.608547
vt -1.159075 0.608547
vt -1.175052 0.625587
vt -1.135290 0.625587
vt -1.159075 0.608547
vt -1.300000 0.608547
vt -1.300000 0.625587
vt -1.175052 0.625587
vt -1.300000 0.608547
vt -1.440925 0.608547
vt -1.424948 0.625587
vt -1.300000 0.625587
vt -1.440925 0.608547
vt -1.485771 0.608547
vt -1.464710 0.625587
vt -1.424948 0.625587
vt -1.485771 0.608547
vt -1.509525 0.608547
vt -1.485771 0.625587
vt -1.464710 0.625587
vt -0.187580 -1.509525
vt -0.150000 -1.517125
vt -0.150000 -1.492509
vt -0.183319 -1.485771
vt -0.150000 -1.517125
vt -0.112420 -1.509525
vt -0.116681 -1.485771
vt -0.150000 -1.492509
vt -1.509525 0.608547
vt -1.485771 0.608547
vt -1.464710 0.625587
vt -1.485771 0.625587
vt -1.485771 0.608547
vt -1.440925 0.608547
vt -1.424948 0.625587
vt -1.464710 0.625587
vt -1.440925 0.608547
vt -1.300000 0.608547
vt -1.300000 0.625587
vt -1.424948 0.625587
vt -0.098664 -1.300000
vt -0.100461 -1.175052
vt -0.112420 -1.205215
vt -0.111057 -1.300000
vt -0.100461 -1.175052
vt -0.106077 -1.135290
vt -0.116681 -1.175052
vt -0.112420 -1.205215
vt -0.106077 -1.135290
vt -0.116681 -1.114229
vt -0.124724 -1.159075
vt -0.116681 -1.175052
vt -0.116681 -1.114229
vt -0.150000 -1.107491
vt -0.150000 -1.153964
vt -0.124724 -1.159075
vt -0.150000 -1.107491
vt -0.183319 -1.114229
vt -0.175276 -1.159075
vt -0.150000 -1.153964
vt -0.183319 -1.114229
vt -0.193923 -1.135290
vt -0.183319 -1.175052
vt -0.175276 -1.159075
vt -0.193923 -1.135290
vt -0.199539 -1.175052
vt -0.187580 -1.205215
vt -0.183319 -1.175052
vt -0.199539 -1.175052
vt -0.201336 -1.300000
vt -0.188943 -1.300000
vt -0.187580 -1.205215
vt -0.201336 -1.300000
vt -0.199539 -1.424948
vt -0.187580 -1.394785
vt -0.188943 -1.300000
vt -0.199539 -1.424948
vt -0.193923 -1.464710
vt -0.183319 -1.424948
vt -0.187580 -1.394785
vt -0.193923 -1.464710
vt -0.183319 -1.485771
vt -0.175276 -1.440925
vt -0.183319 -1.424948
vt -0.183319 -1.485771
vt -0.150000 -1.492509
vt -0.150000 -1.446036
vt -0.175276 -1.440925
vt -0.150000 -1.492509
vt -0.116681 -1.485771
vt -0.124724 -1.440925
vt -0.150000 -1.446036
vt -0.116681 -1.485771
vt -0.106077 -1.464710
vt -0.116681 -1.424948
vt -0.124724 -1.440925
vt -0.106077 -1.464710
vt -0.100461 -1.424948
vt -0.112420 -1.394785
vt -0.116681 -1.424948
vt -0.100461 -1.424948
vt -0.098664 -1.300000
vt -0.111057 -1.300000
vt -0.112420 -1.394785
vt -0.111057 -1.300000
vt -0.112420 -1.205215
vt -0.150000 -1.300000
vt -0.150000 -1.300000
vt -0.112420 -1.205215
vt -0.116681 -1.175052
vt -0.150000 -1.300000
vt -0.150000 -1.300000
vt -0.116681 -1.175052
vt -0.124724 -1.159075
vt -0.150000 -1.300000
vt -0.150000 -1.300000
vt -0.124724 -1.159075
vt -0.150000 -1.153964
vt -0.150000 -1.300000
vt -0.150000 -1.300000
vt -0.150000 -1.153964
vt -0.175276 -1.159075
vt -0.150000 -1.300000
vt -0.150000 -1.300000
vt -0.175276 -1.159075
vt -0.183319 -1.175052
vt -0.150000 -1.300000
vt -0.150000 -1.300000
vt -0.183319 -1.175052
vt -0.187580 -1.205215
vt -0.150000 -1.300000
vt -0.150000 -1.300000
vt -0.187580 -1.205215
vt -0.188943 -1.300000
vt -0.150000 -1.300000
vt -0.150000 -1.300000
vt -0.188943 -1.300000
vt -0.187580 -1.394785
vt -0.150000 -1.300000
vt -0.150000 -1.300000
vt -0.187580 -1.394785
vt -0.183319 -1.424948
vt -0.150000 -1.300000
vt -0.150000 -1.300000
vt -0.183319 -1.424948
vt -0.175276 -1.440925
vt -0.150000 -1.300000
vt -0.150000 -1.300000
vt -0.175276 -1.440925
vt -0.150000 -1.446036
vt -0.150000 -1.300000
vt -0.150000 -1.300000
vt -0.150000 -1.446036
vt -0.124724 -1.440925
vt -0.150000 -1.300000
vt -0.150000 -1.300000
vt -0.124724 -1.440925
vt -0.116681 -1.424948
vt -0.150000 -1.300000
vt -0.150000 -1.300000
vt -0.116681 -1.424948
vt -0.112420 -1.394785
vt -0.150000 -1.300000
vt -0.150000 -1.300000
vt -0.112420 -1.394785
vt -0.111057 -1.300000
vt -0.150000 -1.300000
vt -0.150000 -1.300000
vt 0.150000 -1.300000
vt 0.150000 -1.300000
vt 0.187580 -1.205215
vt 0.188943 -1.300000
vt 0.150000 -1.300000
vt 0.150000 -1.300000
vt 0.183319 -1.175052
vt 0.187580 -1.205215
vt 0.150000 -1.300000
vt 0.150000 -1.300000
vt 0.175276 -1.159075
vt 0.183319 -1.175052
vt 0.150000 -1.300000
vt 0.150000 -1.300000
vt 0.150000 -1.153964
vt 0.175276 -1.159075
vt 0.150000 -1.300000
vt 0.150000 -1.300000
vt 0.124724 -1.159075
vt 0.150000 -1.153964
vt 0.150000 -1.300000
vt 0.150000 -1.300000
vt 0.116681 -1.175052
vt 0.124724 -1.159075
vt 0.150000 -1.300000
vt 0.150000 -1.300000
vt 0.112420 -1.205215
vt 0.116681 -1.175052
vt 0.150000 -1.300000
vt 0.150000 -1.300000
vt 0.111057 -1.300000
vt 0.112420 -1.205215
vt 0.150000 -1.300000
vt 0.150000 -1.300000
vt 0.112420 -1.394785
vt 0.111057 -1.300000
vt 0.150000 -1.300000
vt 0.150000 -1.300000
vt 0.116681 -1.424948
vt 0.112420 -1.394785
vt 0.150000 -1.300000
vt 0.150000 -1.300000
vt 0.124724 -1.440925
vt 0.116681 -1.424948
vt 0.150000 -1.300000
vt 0.150000 -1.300000
vt 0.150000 -1.446036
vt 0.124724 -1.440925
vt 0.150000 -1.300000
vt 0.150000 -1.300000
vt 0.175276 -1.440925
vt 0.150000 -1.446036
vt 0.150000 -1.300000
vt 0.150000 -1.300000
vt 0.183319 -1.424948
vt 0.175276 -1.440925
vt 0.150000 -1.300000
vt 0.150000 -1.300000
vt 0.187580 -1.394785
vt 0.183319 -1.424948
vt 0.150000 -1.300000
vt 0.150000 -1.300000
vt 0.188943 -1.300000
vt 0.187580 -1.394785
vt 0.188943 -1.300000
vt 0.187580 -1.205215
vt 0.199539 -1.175052
vt 0.201336 -1.300000
vt 0.187580 -1.205215
vt 0.183319 -1.175052
vt 0.193923 -1.135290
vt 0.199539 -1.175052
vt 0.183319 -1.175052
vt 0.175276 -1.159075
vt 0.183319 -1.114229
vt 0.193923 -1.135290
vt 0.175276 -1.159075
vt 0.150000 -1.153964
vt 0.150000 -1.107491
vt 0.183319 -1.114229
vt 0.150000 -1.153964
vt 0.124724 -1.159075
vt 0.116681 -1.114229
vt 0.150000 -1.107491
vt 0.124724 -1.159075
vt 0.116681 -1.175052
vt 0.106077 -1.135290
vt 0.116681 -1.114229
vt 0.116681 -1.175052
vt 0.112420 -1.205215
vt 0.100461 -1.175052
vt 0.106077 -1.135290
vt 0.112420 -1.205215
vt 0.111057 -1.300000
vt 0.098664 -1.300000
vt 0.100461 -1.175052
vt 0.111057 -1.300000
vt 0.112420 -1.394785
vt 0.100461 -1.424948
vt 0.098664 -1.300000
vt 0.112420 -1.394785
vt 0.116681 -1.424948
vt 0.106077 -1.464710
vt 0.100461 -1.424948
vt 0.116681 -1.424948
vt 0.124724 -1.440925
vt 0.116681 -1.485771
vt 0.106077 -1.464710
vt 0.124724 -1.440925
vt 0.150000 -1.446036
vt 0.150000 -1.492509
vt 0.116681 -1.485771
vt 0.150000 -1.446036
vt 0.175276 -1.440925
vt 0.183319 -1.485771
vt 0.150000 -1.492509
vt 0.175276 -1.440925
vt 0.183319 -1.424948
vt 0.193923 -1.464710
vt 0.183319 -1.485771
vt 0.183319 -1.424948
vt 0.187580 -1.394785
vt 0.199539 -1.424948
vt 0.193923 -1.464710
vt 0.187580 -1.394785
vt 0.188943 -1.300000
vt 0.201336 -1.300000
vt 0.199539 -1.424948
vt -1.300000 0.484413
vt -1.175052 0.484413
vt -1.159075 0.501453
vt -1.300000 0.501453
vt -1.175052 0.484413
vt -1.135290 0.484413
vt -1.114229 0.501453
vt -1.159075 0.501453
vt -1.135290 0.484413
vt -1.114229 0.484413
vt -1.090475 0.501453
vt -1.114229 0.501453
vt 0.183319 -1.114229
vt 0.150000 -1.107491
vt 0.150000 -1.082875
vt 0.187580 -1.090475
vt 0.150000 -1.107491
vt 0.116681 -1.114229
vt 0.112420 -1.090475
vt 0.150000 -1.082875
vt -1.114229 0.484413
vt -1.135290 0.484413
vt -1.114229 0.501453
vt -1.090475 0.501453
vt -1.135290 0.484413
vt -1.175052 0.484413
vt -1.159075 0.501453
vt -1.114229 0.501453
vt -1.175052 0.484413
vt -1.300000 0.484413
vt -1.300000 0.501453
vt -1.159075 0.501453
vt -1.300000 0.484413
vt -1.424948 0.484413
vt -1.440925 0.501453
vt -1.300000 0.501453
vt -1.424948 0.484413
vt -1.464710 0.484413
vt -1.485771 0.501453
vt -1.440925 0.501453
vt -1.464710 0.484413
vt -1.485771 0.484413
vt -1.509525 0.501453
vt -1.485771 0.501453
vt 0.116681 -1.485771
vt 0.150000 -1.492509
vt 0.150000 -1.517125
vt 0.112420 -1.509525
vt 0.150000 -1.492509
vt 0.183319 -1.485771
vt 0.187580 -1.509525
vt 0.150000 -1.517125
vt -1.485771 0.484413
vt -1.464710 0.484413
vt -1.485771 0.501453
vt -1.509525 0.501453
vt -1.464710 0.484413
vt -1.424948 0.484413
vt -1.440925 0.501453
vt -1.485771 0.501453
vt -1.424948 0.484413
vt -1.300000 0.484413
vt -1.300000 0.501453
vt -1.440925 0.501453
vt -1.300000 0.501453
vt -1.159075 0.501453
vt -1.153964 0.555000
vt -1.300000 0.555000
vt -1.159075 0.501453
vt -1.114229 0.501453
vt -1.107491 0.555000
vt -1.153964 0.555000
vt -1.114229 0.501453
vt -1.090475 0.501453
vt -1.082875 0.555000
vt -1.107491 0.555000
vt 0.187580 0.501453
vt 0.150000 0.501453
vt 0.150000 0.555000
vt 0.188943 0.555000
vt 0.150000 0.501453
vt 0.112420 0.501453
vt 0.111057 0.555000
vt 0.150000 0.555000
vt -1.090475 0.501453
vt -1.114229 0.501453
vt -1.107491 0.555000
vt -1.082875 0.555000
vt -1.114229 0.501453
vt -1.159075 0.501453
vt -1.153964 0.555000
vt -1.107491 0.555000
vt -1.159075 0.501453
vt -1.300000 0.501453
vt -1.300000 0.555000
vt -1.153964 0.555000
vt -1.300000 0.501453
vt -1.440925 0.501453
vt -1.446036 0.555000
vt -1.300000 0.555000
vt -1.440925 0.501453
vt -1.485771 0.501453
vt -1.492509 0.555000
vt -1.446036 0.555000
vt -1.485771 0.501453
vt -1.509525 0.501453
vt -1.517125 0.555000
vt -1.492509 0.555000
vt 0.112420 0.501453
vt 0.150000 0.501453
vt 0.150000 0.555000
vt 0.111057 0.555000
vt 0.150000 0.501453
vt 0.187580 0.501453
vt 0.188943 0.555000
vt 0.150000 0.555000
vt -1.509525 0.501453
vt -1.485771 0.501453
vt -1.492509 0.555000
vt -1.517125 0.555000
vt -1.485771 0.501453
vt -1.440925 0.501453
vt -1.446036 0.555000
vt -1.492509 0.555000
vt -1.440925 0.501453
vt -1.300000 0.501453
vt -1.300000 0.555000
vt -1.446036 0.555000
vt -1.300000 0.555000
vt -1.153964 0.555000
vt -1.159075 0.608547
vt -1.300000 0.608547
vt -1.153964 0.555000
vt -1.107491 0.555000
vt -1.114229 0.608547
vt -1.159075 0.608547
vt -1.107491 0.555000
vt -1.082875 0.555000
vt -1.090475 0.608547
vt -1.114229 0.608547
vt 0.188943 0.555000
vt 0.150000 0.555000
vt 0.150000 0.608547
vt 0.187580 0.608547
vt 0.150000 0.555000
vt 0.111057 0.555000
vt 0.112420 0.608547
vt 0.150000 0.608547
vt -1.082875 0.555000
vt -1.107491 0.555000
vt -1.114229 0.608547
vt -1.090475 0.608547
vt -1.107491 0.555000
vt -1.153964 0.555000
vt -1.159075 0.608547
vt -1.114229 0.608547
vt -1.153964 0.555000
vt -1.300000 0.555000
vt -1.300000 0.608547
vt -1.159075 0.608547
vt -1.300000 0.555000
vt -1.446036 0.555000
vt -1.440925 0.608547
vt -1.300000 0.608547
vt -1.446036 0.555000
vt -1.492509 0.555000
vt -1.485771 0.608547
vt -1.440925 0.608547
vt -1.492509 0.555000
vt -1.517125 0.555000
vt -1.509525 0.608547
vt -1.485771 0.608547
vt 0.111057 0.555000
vt 0.150000 0.555000
vt 0.150000 0.608547
vt 0.112420 0.608547
vt 0.150000 0.555000
vt 0.188943 0.555000
vt 0.187580 0.608547
vt 0.150000 0.608547
vt -1.517125 0.555000
vt -1.492509 0.555000
vt -1.485771 0.608547
vt -1.509525 0.608547
vt -1.492509 0.555000
vt -1.446036 0.555000
vt -1.440925 0.608547
vt -1.485771 0.608547
vt -1.446036 0.555000
vt -1.300000 0.555000
vt -1.300000 0.608547
vt -1.440925 0.608547
vt -1.300000 0.608547
vt -1.159075 0.608547
vt -1.175052 0.625587
vt -1.300000 0.625587
vt -1.159075 0.608547
vt -1.114229 0.608547
vt -1.135290 0.625587
vt -1.175052 0.625587
vt -1.114229 0.608547
vt -1.090475 0.608547
vt -1.114229 0.625587
vt -1.135290 0.625587
vt 0.187580 -1.090475
vt 0.150000 -1.082875
vt 0.150000 -1.107491
vt 0.183319 -1.114229
vt 0.150000 -1.082875
vt 0.112420 -1.090475
vt 0.116681 -1.114229
vt 0.150000 -1.107491
vt -1.090475 0.608547
vt -1.114229 0.608547
vt -1.135290 0.625587
vt -1.114229 0.625587
vt -1.114229 0.608547
vt -1.159075 0.608547
vt -1.175052 0.625587
vt -1.135290 0.625587
vt -1.159075 0.608547
vt -1.300000 0.608547
vt -1.300000 0.625587
vt -1.175052 0.625587
vt -1.300000 0.608547
vt -1.440925 0.608547
vt -1.424948 0.625587
vt -1.300000 0.625587
vt -1.440925 0.608547
vt -1.485771 0.608547
vt -1.464710 0.625587
vt -1.424948 0.625587
vt -1.485771 0.608547
vt -1.509525 0.608547
vt -1.485771 0.625587
vt -1.464710 0.625587
vt 0.112420 -1.509525
vt 0.150000 -1.517125
vt 0.150000 -1.492509
vt 0.116681 -1.485771
vt 0.150000 -1.517125
vt 0.187580 -1.509525
vt 0.183319 -1.485771
vt 0.150000 -1.492509
vt -1.509525 0.608547
vt -1.485771 0.608547
vt -1.464710 0.625587
vt -1.485771 0.625587
vt -1.485771 0.608547
vt -1.440925 0.608547
vt -1.424948 0.625587
vt -1.464710 0.625587
vt -1.440925 0.608547
vt -1.300000 0.608547
vt -1.300000 0.625587
vt -1.424948 0.625587
vt 0.201336 -1.300000
vt 0.199539 -1.175052
vt 0.187580 -1.205215
vt 0.188943 -1.300000
vt 0.199539 -1.175052
vt 0.193923 -1.135290
vt 0.183319 -1.175052
vt 0.187580 -1.205215
vt 0.193923 -1.135290
vt 0.183319 -1.114229
vt 0.175276 -1.159075
vt 0.183319 -1.175052
vt 0.183319 -1.114229
vt 0.150000 -1.107491
vt 0.150000 -1.153964
vt 0.175276 -1.159075
vt 0.150000 -1.107491
vt 0.116681 -1.114229
vt 0.124724 -1.159075
vt 0.150000 -1.153964
vt 0.116681 -1.114229
vt 0.106077 -1.135290
vt 0.116681 -1.175052
vt 0.124724 -1.159075
vt 0.106077 -1.135290
vt 0.100461 -1.175052
vt 0.112420 -1.205215
vt 0.116681 -1.175052
vt 0.100461 -1.175052
vt 0.098664 -1.300000
vt 0.111057 -1.300000
vt 0.112420 -1.205215
vt 0.098664 -1.300000
vt 0.100461 -1.424948
vt 0.112420 -1.394785
vt 0.111057 -1.300000
vt 0.100461 -1.424948
vt 0.106077 -1.464710
vt 0.116681 -1.424948
vt 0.112420 -1.394785
vt 0.106077 -1.464710
vt 0.116681 -1.485771
vt 0.124724 -1.440925
vt 0.116681 -1.424948
vt 0.116681 -1.485771
vt 0.150000 -1.492509
vt 0.150000 -1.446036
vt 0.124724 -1.440925
vt 0.150000 -1.492509
vt 0.183319 -1.485771
vt 0.175276 -1.440925
vt 0.150000 -1.446036
vt 0.183319 -1.485771
vt 0.193923 -1.464710
vt 0.183319 -1.424948
vt 0.175276 -1.440925
vt 0.193923 -1.464710
vt 0.199539 -1.424948
vt 0.187580 -1.394785
vt 0.183319 -1.424948
vt 0.199539 -1.424948
vt 0.201336 -1.300000
vt 0.188943 -1.300000
vt 0.187580 -1.394785
vt 0.188943 -1.300000
vt 0.187580 -1.205215
vt 0.150000 -1.300000
vt 0.150000 -1.300000
vt 0.187580 -1.205215
vt 0.183319 -1.175052
vt 0.150000 -1.300000
vt 0.150000 -1.300000
vt 0.183319 -1.175052
vt 0.175276 -1.159075
vt 0.150000 -1.300000
vt 0.150000 -1.300000
vt 0.175276 -1.159075
vt 0.150000 -1.153964
vt 0.150000 -1.300000
vt 0.150000 -1.300000
vt 0.150000 -1.153964
vt 0.124724 -1.159075
vt 0.150000 -1.300000
vt 0.150000 -1.300000
vt 0.124724 -1.159075
vt 0.116681 -1.175052
vt 0.150000 -1.300000
vt 0.150000 -1.300000
vt 0.116681 -1.175052
vt 0.112420 -1.205215
vt 0.150000 -1.300000
vt 0.150000 -1.300000
vt 0.112420 -1.205215
vt 0.111057 -1.300000
vt 0.150000 -1.300000
vt 0.150000 -1.300000
vt 0.111057 -1.300000
vt 0.112420 -1.394785
vt 0.150000 -1.300000
vt 0.150000 -1.300000
vt 0.112420 -1.394785
vt 0.116681 -1.424948
vt 0.150000 -1.300000
vt 0.150000 -1.300000
vt 0.116681 -1.424948
vt 0.124724 -1.440925
vt 0.150000 -1.300000
vt 0.150000 -1.300000
vt 0.124724 -1.440925
vt 0.150000 -1.446036
vt 0.150000 -1.300000
vt 0.150000 -1.300000
vt 0.150000 -1.446036
vt 0.175276 -1.440925
vt 0.150000 -1.300000
vt 0.150000 -1.300000
vt 0.175276 -1.440925
vt 0.183319 -1.424948
vt 0.150000 -1.300000
vt 0.150000 -1.300000
vt 0.183319 -1.424948
vt 0.187580 -1.394785
vt 0.150000 -1.300000
vt 0.150000 -1.300000
vt 0.187580 -1.394785
vt 0.188943 -1.300000
vt 0.150000 -1.300000
vt 0.150000 -1.300000
vt 0.000007 -1.125000
vt 0.000007 -1.124990
vt 0.059761 -1.032208
vt 0.060955 -1.125000
vt 0.000007 -1.124990
vt 0.000006 -1.124988
vt 0.055896 -1.016814
vt 0.059761 -1.032208
vt 0.000006 -1.124988
vt 0.000005 -1.124987
vt 0.047943 -1.009334
vt 0.055896 -1.016814
vt 0.000005 -1.124987
vt 0.000000 -1.124987
vt 0.000005 -1.007022
vt 0.047943 -1.009334
vt 0.000000 -1.124987
vt -0.000005 -1.124987
vt -0.047943 -1.009334
vt 0.000005 -1.007022
vt -0.000005 -1.124987
vt -0.000006 -1.124988
vt -0.055896 -1.016814
vt -0.047943 -1.009334
vt -0.000006 -1.124988
vt -0.000007 -1.124990
vt -0.059761 -1.032208
vt -0.055896 -1.016814
vt -0.000007 -1.124990
vt -0.000007 -1.125000
vt -0.060955 -1.124988
vt -0.059761 -1.032208
vt -0.000007 -1.125000
vt -0.000007 -1.125010
vt -0.059761 -1.217792
vt -0.060955 -1.124988
vt -0.000007 -1.125010
vt -0.000006 -1.125012
vt -0.055896 -1.233186
vt -0.059761 -1.217792
vt -0.000006 -1.125012
vt -0.000005 -1.125013
vt -0.047943 -1.240666
vt -0.055896 -1.233186
vt -0.000005 -1.125013
vt -0.000000 -1.125013
vt -0.000007 -1.242978
vt -0.047943 -1.240666
vt -0.000000 -1.125013
vt 0.000005 -1.125013
vt 0.047943 -1.240666
vt -0.000007 -1.242978
vt 0.000005 -1.125013
vt 0.000006 -1.125012
vt 0.055896 -1.233186
vt 0.047943 -1.240666
vt 0.000006 -1.125012
vt 0.000007 -1.125010
vt 0.059761 -1.217792
vt 0.055896 -1.233186
vt 0.000007 -1.125010
vt 0.000007 -1.125000
vt 0.060955 -1.125000
vt 0.059761 -1.217792
vt 0.060955 -1.125000
vt 0.059761 -1.032208
vt 0.069675 -1.016814
vt 0.071068 -1.125000
vt 0.059761 -1.032208
vt 0.055896 -1.016814
vt 0.065169 -0.998866
vt 0.069675 -1.016814
vt 0.055896 -1.016814
vt 0.047943 -1.009334
vt 0.055896 -0.990145
vt 0.065169 -0.998866
vt 0.047943 -1.009334
vt 0.000005 -1.007022
vt 0.000006 -0.987449
vt 0.055896 -0.990145
vt 0.000005 -1.007022
vt -0.047943 -1.009334
vt -0.055896 -0.990145
vt 0.000006 -0.987449
vt -0.047943 -1.009334
vt -0.055896 -1.016814
vt -0.065169 -0.998866
vt -0.055896 -0.990145
vt -0.055896 -1.016814
vt -0.059761 -1.032208
vt -0.069675 -1.016814
vt -0.065169 -0.998866
vt -0.059761 -1.032208
vt -0.060955 -1.124988
vt -0.071068 -1.124986
vt -0.069675 -1.016814
vt -0.060955 -1.124988
vt -0.059761 -1.217792
vt -0.069675 -1.233186
vt -0.071068 -1.124986
vt -0.059761 -1.217792
vt -0.055896 -1.233186
vt -0.065169 -1.251134
vt -0.069675 -1.233186
vt -0.055896 -1.233186
vt -0.047943 -1.240666
vt -0.055896 -1.259855
vt -0.065169 -1.251134
vt -0.047943 -1.240666
vt -0.000007 -1.242978
vt -0.000008 -1.262551
vt -0.055896 -1.259855
vt -0.000007 -1.242978
vt 0.047943 -1.240666
vt 0.055896 -1.259855
vt -0.000008 -1.262551
vt 0.047943 -1.240666
vt 0.055896 -1.233186
vt 0.065169 -1.251134
vt 0.055896 -1.259855
vt 0.055896 -1.233186
vt 0.059761 -1.217792
vt 0.069675 -1.233186
vt 0.065169 -1.251134
vt 0.059761 -1.217792
vt 0.060955 -1.125000
vt 0.071068 -1.125000
vt 0.069675 -1.233186
vt 0.071068 -1.125000
vt 0.069675 -1.016814
vt 0.074492 -1.009334
vt 0.075981 -1.125000
vt 0.069675 -1.016814
vt 0.065169 -0.998866
vt 0.069675 -0.990145
vt 0.074492 -1.009334
vt 0.065169 -0.998866
vt 0.055896 -0.990145
vt 0.059761 -0.980822
vt 0.069675 -0.990145
vt 0.055896 -0.990145
vt 0.000006 -0.987449
vt 0.000007 -0.977940
vt 0.059761 -0.980822
vt 0.000006 -0.987449
vt -0.055896 -0.990145
vt -0.059761 -0.980822
vt 0.000007 -0.977940
vt -0.055896 -0.990145
vt -0.065169 -0.998866
vt -0.069675 -0.990145
vt -0.059761 -0.980822
vt -0.065169 -0.998866
vt -0.069675 -1.016814
vt -0.074492 -1.009334
vt -0.069675 -0.990145
vt -0.069675 -1.016814
vt -0.071068 -1.124986
vt -0.075981 -1.124985
vt -0.074492 -1.009334
vt -0.071068 -1.124986
vt -0.069675 -1.233186
vt -0.074492 -1.240666
vt -0.075981 -1.124985
vt -0.069675 -1.233186
vt -0.065169 -1.251134
vt -0.069675 -1.259855
vt -0.074492 -1.240666
vt -0.065169 -1.251134
vt -0.055896 -1.259855
vt -0.059761 -1.269178
vt -0.069675 -1.259855
vt -0.055896 -1.259855
vt -0.000008 -1.262551
vt -0.000009 -1.272060
vt -0.059761 -1.269178
vt -0.000008 -1.262551
vt 0.055896 -1.259855
vt 0.059761 -1.269178
vt -0.000009 -1.272060
vt 0.055896 -1.259855
vt 0.065169 -1.251134
vt 0.069675 -1.259855
vt 0.059761 -1.269178
vt 0.065169 -1.251134
vt 0.069675 -1.233186
vt 0.074492 -1.240666
vt 0.069675 -1.259855
vt 0.069675 -1.233186
vt 0.071068 -1.125000
vt 0.075981 -1.125000
vt 0.074492 -1.240666
vt -1.125000 0.272303
vt -1.009334 0.272303
vt -1.007022 0.290000
vt -1.125000 0.290000
vt -1.009334 0.272303
vt -0.990145 0.272303
vt -0.987449 0.290000
vt -1.007022 0.290000
vt 0.069675 0.272303
vt 0.059761 0.272303
vt 0.060955 0.290000
vt 0.071068 0.290000
vt 0.059761 0.272303
vt 0.000007 0.272303
vt 0.000007 0.290000
vt 0.060955 0.290000
vt 0.000007 0.272303
vt -0.059761 0.272303
vt -0.060955 0.290000
vt 0.000007 0.290000
vt -0.059761 0.272303
vt -0.069675 0.272303
vt -0.071068 0.290000
vt -0.060955 0.290000
vt -0.990145 0.272303
vt -1.009334 0.272303
vt -1.007022 0.290000
vt -0.987449 0.290000
vt -1.009334 0.272303
vt -1.124985 0.272303
vt -1.124984 0.290000
vt -1.007022 0.290000
vt -1.124985 0.272303
vt -1.240666 0.272303
vt -1.242978 0.290000
vt -1.124984 0.290000
vt -1.240666 0.272303
vt -1.259855 0.272303
vt -1.262551 0.290000
vt -1.242978 0.290000
vt -0.069675 0.272303
vt -0.059761 0.272303
vt -0.060955 0.290000
vt -0.071068 0.290000
vt -0.059761 0.272303
vt -0.000009 0.272303
vt -0.000009 0.290000
vt -0.060955 0.290000
vt -0.000009 0.272303
vt 0.059761 0.272303
vt 0.060955 0.290000
vt -0.000009 0.290000
vt 0.059761 0.272303
vt 0.069675 0.272303
vt 0.071068 0.290000
vt 0.060955 0.290000
vt -1.259855 0.272303
vt -1.240666 0.272303
vt -1.242978 0.290000
vt -1.262551 0.290000
vt -1.240666 0.272303
vt -1.125000 0.272303
vt -1.125000 0.290000
vt -1.242978 0.290000
vt -1.125000 0.290000
vt -1.007022 0.290000
vt -1.009334 0.307697
vt -1.125000 0.307697
vt -1.007022 0.290000
vt -0.987449 0.290000
vt -0.990145 0.307697
vt -1.009334 0.307697
vt 0.071068 0.290000
vt 0.060955 0.290000
vt 0.059761 0.307697
vt 0.069675 0.307697
vt 0.060955 0.290000
vt 0.000007 0.290000
vt 0.000007 0.307697
vt 0.059761 0.307697
vt 0.000007 0.290000
vt -0.060955 0.290000
vt -0.059761 0.307697
vt 0.000007 0.307697
vt -0.060955 0.290000
vt -0.071068 0.290000
vt -0.069675 0.307697
vt -0.059761 0.307697
vt -0.987449 0.290000
vt -1.007022 0.290000
vt -1.009334 0.307697
vt -0.990145 0.307697
vt -1.007022 0.290000
vt -1.124984 0.290000
vt -1.124985 0.307697
vt -1.009334 0.307697
vt -1.124984 0.290000
vt -1.242978 0.290000
vt -1.240666 0.307697
vt -1.124985 0.307697
vt -1.242978 0.290000
vt -1.262551 0.290000
vt -1.259855 0.307697
vt -1.240666 0.307697
vt -0.071068 0.290000
vt -0.060955 0.290000
vt -0.059761 0.307697
vt -0.069675 0.307697
vt -0.060955 0.290000
vt -0.000009 0.290000
vt -0.000009 0.307697
vt -0.059761 0.307697
vt -0.000009 0.290000
vt 0.060955 0.290000
vt 0.059761 0.307697
vt -0.000009 0.307697
vt 0.060955 0.290000
vt 0.071068 0.290000
vt 0.069675 0.307697
vt 0.059761 0.307697
vt -1.262551 0.290000
vt -1.242978 0.290000
vt -1.240666 0.307697
vt -1.259855 0.307697
vt -1.242978 0.290000
vt -1.125000 0.290000
vt -1.125000 0.307697
vt -1.240666 0.307697
vt 0.075981 -1.125000
vt 0.074492 -1.009334
vt 0.069675 -1.016814
vt 0.071068 -1.125000
vt 0.074492 -1.009334
vt 0.069675 -0.990145
vt 0.065169 -0.998866
vt 0.069675 -1.016814
vt 0.069675 -0.990145
vt 0.059761 -0.980822
vt 0.055896 -0.990145
vt 0.065169 -0.998866
vt 0.059761 -0.980822
vt 0.000007 -0.977940
vt 0.000006 -0.987449
vt 0.055896 -0.990145
vt 0.000007 -0.977940
vt -0.059761 -0.980822
vt -0.055896 -0.990145
vt 0.000006 -0.987449
vt -0.059761 -0.980822
vt -0.069675 -0.990145
vt -0.065169 -0.998866
vt -0.055896 -0.990145
vt -0.069675 -0.990145
vt -0.074492 -1.009334
vt -0.069675 -1.016814
vt -0.065169 -0.998866
vt -0.074492 -1.009334
vt -0.075981 -1.124985
vt -0.071068 -1.124986
vt -0.069675 -1.016814
vt -0.075981 -1.124985
vt -0.074492 -1.240666
vt -0.069675 -1.233186
vt -0.071068 -1.124986
vt -0.074492 -1.240666
vt -0.069675 -1.259855
vt -0.065169 -1.251134
vt -0.069675 -1.233186
vt -0.069675 -1.259855
vt -0.059761 -1.269178
vt -0.055896 -1.259855
vt -0.065169 -1.251134
vt -0.059761 -1.269178
vt -0.000009 -1.272060
vt -0.000008 -1.262551
vt -0.055896 -1.259855
vt -0.000009 -1.272060
vt 0.059761 -1.269178
vt 0.055896 -1.259855
vt -0.000008 -1.262551
vt 0.059761 -1.269178
vt 0.069675 -1.259855
vt 0.065169 -1.251134
vt 0.055896 -1.259855
vt 0.069675 -1.259855
vt 0.074492 -1.240666
vt 0.069675 -1.233186
vt 0.065169 -1.251134
vt 0.074492 -1.240666
vt 0.075981 -1.125000
vt 0.071068 -1.125000
vt 0.069675 -1.233186
vt 0.071068 -1.125000
vt 0.069675 -1.016814
vt 0.059761 -1.032208
vt 0.060955 -1.125000
vt 0.069675 -1.016814
vt 0.065169 -0.998866
vt 0.055896 -1.016814
vt 0.059761 -1.032208
vt 0.065169 -0.998866
vt 0.055896 -0.990145
vt 0.047943 -1.009334
vt 0.055896 -1.016814
vt 0.055896 -0.990145
vt 0.000006 -0.987449
vt 0.000005 -1.007022
vt 0.047943 -1.009334
vt 0.000006 -0.987449
vt -0.055896 -0.990145
vt -0.047943 -1.009334
vt 0.000005 -1.007022
vt -0.055896 -0.990145
vt -0.065169 -0.998866
vt -0.055896 -1.016814
vt -0.047943 -1.009334
vt -0.065169 -0.998866
vt -0.069675 -1.016814
vt -0.059761 -1.032208
vt -0.055896 -1.016814
vt -0.069675 -1.016814
vt -0.071068 -1.124986
vt -0.060955 -1.124988
vt -0.059761 -1.032208
vt -0.071068 -1.124986
vt -0.069675 -1.233186
vt -0.059761 -1.217792
vt -0.060955 -1.124988
vt -0.069675 -1.233186
vt -0.065169 -1.251134
vt -0.055896 -1.233186
vt -0.059761 -1.217792
vt -0.065169 -1.251134
vt -0.055896 -1.259855
vt -0.047943 -1.240666
vt -0.055896 -1.233186
vt -0.055896 -1.259855
vt -0.000008 -1.262551
vt -0.000007 -1.242978
vt -0.047943 -1.240666
vt -0.000008 -1.262551
vt 0.055896 -1.259855
vt 0.047943 -1.240666
vt -0.000007 -1.242978
vt 0.055896 -1.259855
vt 0.065169 -1.251134
vt 0.055896 -1.233186
vt 0.047943 -1.240666
vt 0.065169 -1.251134
vt 0.069675 -1.233186
vt 0.059761 -1.217792
vt 0.055896 -1.233186
vt 0.069675 -1.233186
vt 0.071068 -1.125000
vt 0.060955 -1.125000
vt 0.059761 -1.217792
vt 0.060955 -1.125000
vt 0.059761 -1.032208
vt 0.000007 -1.124990
vt 0.000007 -1.125000
vt 0.059761 -1.032208
vt 0.055896 -1.016814
vt 0.000006 -1.124988
vt 0.000007 -1.124990
vt 0.055896 -1.016814
vt 0.047943 -1.009334
vt 0.000005 -1.124987
vt 0.000006 -1.124988
vt 0.047943 -1.009334
vt 0.000005 -1.007022
vt 0.000000 -1.124987
vt 0.000005 -1.124987
vt 0.000005 -1.007022
vt -0.047943 -1.009334
vt -0.000005 -1.124987
vt 0.000000 -1.124987
vt -0.047943 -1.009334
vt -0.055896 -1.016814
vt -0.000006 -1.124988
vt -0.000005 -1.124987
vt -0.055896 -1.016814
vt -0.059761 -1.032208
vt -0.000007 -1.124990
vt -0.000006 -1.124988
vt -0.059761 -1.032208
vt -0.060955 -1.124988
vt -0.000007 -1.125000
vt -0.000007 -1.124990
vt -0.060955 -1.124988
vt -0.059761 -1.217792
vt -0.000007 -1.125010
vt -0.000007 -1.125000
vt -0.059761 -1.217792
vt -0.055896 -1.233186
vt -0.000006 -1.125012
vt -0.000007 -1.125010
vt -0.055896 -1.233186
vt -0.047943 -1.240666
vt -0.000005 -1.125013
vt -0.000006 -1.125012
vt -0.047943 -1.240666
vt -0.000007 -1.242978
vt -0.000000 -1.125013
vt -0.000005 -1.125013
vt -0.000007 -1.242978
vt 0.047943 -1.240666
vt 0.000005 -1.125013
vt -0.000000 -1.125013
vt 0.047943 -1.240666
vt 0.055896 -1.233186
vt 0.000006 -1.125012
vt 0.000005 -1.125013
vt 0.055896 -1.233186
vt 0.059761 -1.217792
vt 0.000007 -1.125010
vt 0.000006 -1.125012
vt 0.059761 -1.217792
vt 0.060955 -1.125000
vt 0.000007 -1.125000
vt 0.000007 -1.125010
vt -0.260000 -0.290000
vt -0.200000 -0.390000
vt 0.000000 -0.350000
vt 0.100000 0.150000
vt -0.100000 0.200000
vt -0.100000 0.200000
vt 0.100000 0.150000
vt 0.000000 -0.350000
vt -0.200000 -0.390000
vt -0.260000 -0.290000
vt -0.090000 -0.100000
vt -0.090000 0.100000
vt 0.090000 0.100000
vt 0.090000 -0.100000
vt -0.090000 0.150000
vt -0.090000 -0.350000
vt 0.090000 -0.350000
vt 0.090000 0.150000
vt -0.090000 0.000000
vt -0.090000 -0.200000
vt 0.090000 -0.200000
vt 0.090000 0.000000
vt -0.090000 -0.390000
vt -0.090000 -0.290000
vt 0.090000 -0.290000
vt 0.090000 -0.390000
vt -0.090000 -0.290000
vt -0.090000 0.200000
vt 0.090000 0.200000
vt 0.090000 -0.290000
vt 0.570000 -0.250000
vt 0.635000 -0.615000
vt 0.925000 -0.700000
vt 1.020000 -0.605000
vt 0.900000 -0.210000
vt 0.840000 0.100000
vt 0.530000 0.070000
vt 0.530000 0.070000
vt 0.840000 0.100000
vt 0.900000 -0.210000
vt 1.020000 -0.605000
vt 0.925000 -0.700000
vt 0.635000 -0.615000
vt 0.570000 -0.250000
vt -0.097500 0.530000
vt -0.097500 0.840000
vt 0.097500 0.840000
vt 0.097500 0.530000
vt -0.097500 0.100000
vt -0.097500 -0.210000
vt 0.097500 -0.210000
vt 0.097500 0.100000
vt -0.097500 -0.210000
vt -0.097500 -0.605000
vt 0.097500 -0.605000
vt 0.097500 -0.210000
vt -0.097500 -0.605000
vt -0.097500 -0.700000
vt 0.097500 -0.700000
vt 0.097500 -0.605000
vt -0.097500 0.925000
vt -0.097500 0.635000
vt 0.097500 0.635000
vt 0.097500 0.925000
vt -0.097500 -0.615000
vt -0.097500 -0.250000
vt 0.097500 -0.250000
vt 0.097500 -0.615000
vt -0.097500 -0.250000
vt -0.097500 0.070000
vt 0.097500 0.070000
vt 0.097500 -0.250000
vt 0.695000 -0.550000
vt 0.715000 -0.550000
vt 0.625000 -0.075000
vt 0.605000 -0.075000
vt 0.605000 -0.075000
vt 0.625000 -0.075000
vt 0.715000 -0.550000
vt 0.695000 -0.550000
vt -0.108750 0.605000
vt -0.108750 0.625000
vt -0.096250 0.625000
vt -0.096250 0.605000
vt -0.108750 -0.075000
vt -0.108750 -0.550000
vt -0.096250 -0.550000
vt -0.096250 -0.075000
vt -0.108750 0.715000
vt -0.108750 0.695000
vt -0.096250 0.695000
vt -0.096250 0.715000
vt -0.108750 -0.550000
vt -0.108750 -0.075000
vt -0.096250 -0.075000
vt -0.096250 -0.550000
vt 0.805000 -0.550000
vt 0.825000 -0.550000
vt 0.735000 -0.075000
vt 0.715000 -0.075000
vt 0.715000 -0.075000
vt 0.735000 -0.075000
vt 0.825000 -0.550000
vt 0.805000 -0.550000
vt -0.108750 0.715000
vt -0.108750 0.735000
vt -0.096250 0.735000
vt -0.096250 0.715000
vt -0.108750 -0.075000
vt -0.108750 -0.550000
vt -0.096250 -0.550000
vt -0.096250 -0.075000
vt -0.108750 0.825000
vt -0.108750 0.805000
vt -0.096250 0.805000
vt -0.096250 0.825000
vt -0.108750 -0.550000
vt -0.108750 -0.075000
vt -0.096250 -0.075000
vt -0.096250 -0.550000
vt 0.910000 -0.550000
vt 0.930000 -0.550000
vt 0.840000 -0.075000
vt 0.820000 -0.075000
vt 0.820000 -0.075000
vt 0.840000 -0.075000
vt 0.930000 -0.550000
vt 0.910000 -0.550000
vt -0.108750 0.820000
vt -0.108750 0.840000
vt -0.096250 0.840000
vt -0.096250 0.820000
vt -0.108750 -0.075000
vt -0.108750 -0.550000
vt -0.096250 -0.550000
vt -0.096250 -0.075000
vt -0.108750 0.930000
vt -0.108750 0.910000
vt -0.096250 0.910000
vt -0.096250 0.930000
vt -0.108750 -0.550000
vt -0.108750 -0.075000
vt -0.096250 -0.075000
vt -0.096250 -0.550000
vt 0.695000 -0.550000
vt 0.715000 -0.550000
vt 0.625000 -0.075000
vt 0.605000 -0.075000
vt 0.605000 -0.075000
vt 0.625000 -0.075000
vt 0.715000 -0.550000
vt 0.695000 -0.550000
vt 0.096250 0.605000
vt 0.096250 0.625000
vt 0.108750 0.625000
vt 0.108750 0.605000
vt 0.096250 -0.075000
vt 0.096250 -0.550000
vt 0.108750 -0.550000
vt 0.108750 -0.075000
vt 0.096250 0.715000
vt 0.096250 0.695000
vt 0.108750 0.695000
vt 0.108750 0.715000
vt 0.096250 -0.550000
vt 0.096250 -0.075000
vt 0.108750 -0.075000
vt 0.108750 -0.550000
vt 0.805000 -0.550000
vt 0.825000 -0.550000
vt 0.735000 -0.075000
vt 0.715000 -0.075000
vt 0.715000 -0.075000
vt 0.735000 -0.075000
vt 0.825000 -0.550000
vt 0.805000 -0.550000
vt 0.096250 0.715000
vt 0.096250 0.735000
vt 0.108750 0.735000
vt 0.108750 0.715000
vt 0.096250 -0.075000
vt 0.096250 -0.550000
vt 0.108750 -0.550000
vt 0.108750 -0.075000
vt 0.096250 0.825000
vt 0.096250 0.805000
vt 0.108750 0.805000
vt 0.108750 0.825000
vt 0.096250 -0.550000
vt 0.096250 -0.075000
vt 0.108750 -0.075000
vt 0.108750 -0.550000
vt 0.910000 -0.550000
vt 0.930000 -0.550000
vt 0.840000 -0.075000
vt 0.820000 -0.075000
vt 0.820000 -0.075000
vt 0.840000 -0.075000
vt 0.930000 -0.550000
vt 0.910000 -0.550000
vt 0.096250 0.820000
vt 0.096250 0.840000
vt 0.108750 0.840000
vt 0.108750 0.820000
vt 0.096250 -0.075000
vt 0.096250 -0.550000
vt 0.108750 -0.550000
vt 0.108750 -0.075000
vt 0.096250 0.930000
vt 0.096250 0.910000
vt 0.108750 0.910000
vt 0.108750 0.930000
vt 0.096250 -0.550000
vt 0.096250 -0.075000
vt 0.108750 -0.075000
vt 0.108750 -0.550000
vt 0.000000 -0.172000
vt 0.000000 -0.172000
vt 0.061027 -0.166783
vt 0.062991 -0.172000
vt 0.000000 -0.172000
vt 0.000000 -0.172000
vt 0.054837 -0.165331
vt 0.061027 -0.166783
vt 0.000000 -0.172000
vt 0.000000 -0.172000
vt 0.042896 -0.164578
vt 0.054837 -0.165331
vt 0.000000 -0.172000
vt 0.000000 -0.172000
vt 0.000000 -0.164339
vt 0.042896 -0.164578
vt 0.000000 -0.172000
vt -0.000000 -0.172000
vt -0.042896 -0.164578
vt 0.000000 -0.164339
vt -0.000000 -0.172000
vt -0.000000 -0.172000
vt -0.054837 -0.165331
vt -0.042896 -0.164578
vt -0.000000 -0.172000
vt -0.000000 -0.172000
vt -0.061027 -0.166783
vt -0.054837 -0.165331
vt -0.000000 -0.172000
vt -0.000000 -0.172000
vt -0.062991 -0.172000
vt -0.061027 -0.166783
vt -0.000000 -0.172000
vt -0.000000 -0.172000
vt -0.061027 -0.177217
vt -0.062991 -0.172000
vt -0.000000 -0.172000
vt -0.000000 -0.172000
vt -0.054837 -0.178669
vt -0.061027 -0.177217
vt -0.000000 -0.172000
vt -0.000000 -0.172000
vt -0.042896 -0.179422
vt -0.054837 -0.178669
vt -0.000000 -0.172000
vt -0.000000 -0.172000
vt -0.000000 -0.179661
vt -0.042896 -0.179422
vt -0.000000 -0.172000
vt 0.000000 -0.172000
vt 0.042896 -0.179422
vt -0.000000 -0.179661
vt 0.000000 -0.172000
vt 0.000000 -0.172000
vt 0.054837 -0.178669
vt 0.042896 -0.179422
vt 0.000000 -0.172000
vt 0.000000 -0.172000
vt 0.061027 -0.177217
vt 0.054837 -0.178669
vt 0.000000 -0.172000
vt 0.000000 -0.172000
vt 0.062991 -0.172000
vt 0.061027 -0.177217
vt 0.062991 -0.172000
vt 0.061027 -0.166783
vt 0.078016 -0.165331
vt 0.080526 -0.172000
vt 0.061027 -0.166783
vt 0.054837 -0.165331
vt 0.070102 -0.163474
vt 0.078016 -0.165331
vt 0.054837 -0.165331
vt 0.042896 -0.164578
vt 0.054837 -0.162512
vt 0.070102 -0.163474
vt 0.042896 -0.164578
vt 0.000000 -0.164339
vt 0.000000 -0.162206
vt 0.054837 -0.162512
vt 0.000000 -0.164339
vt -0.042896 -0.164578
vt -0.054837 -0.162512
vt 0.000000 -0.162206
vt -0.042896 -0.164578
vt -0.054837 -0.165331
vt -0.070102 -0.163474
vt -0.054837 -0.162512
vt -0.054837 -0.165331
vt -0.061027 -0.166783
vt -0.078016 -0.165331
vt -0.070102 -0.163474
vt -0.061027 -0.166783
vt -0.062991 -0.172000
vt -0.080526 -0.172000
vt -0.078016 -0.165331
vt -0.062991 -0.172000
vt -0.061027 -0.177217
vt -0.078016 -0.178669
vt -0.080526 -0.172000
vt -0.061027 -0.177217
vt -0.054837 -0.178669
vt -0.070102 -0.180526
vt -0.078016 -0.178669
vt -0.054837 -0.178669
vt -0.042896 -0.179422
vt -0.054837 -0.181488
vt -0.070102 -0.180526
vt -0.042896 -0.179422
vt -0.000000 -0.179661
vt -0.000000 -0.181794
vt -0.054837 -0.181488
vt -0.000000 -0.179661
vt 0.042896 -0.179422
vt 0.054837 -0.181488
vt -0.000000 -0.181794
vt 0.042896 -0.179422
vt 0.054837 -0.178669
vt 0.070102 -0.180526
vt 0.054837 -0.181488
vt 0.054837 -0.178669
vt 0.061027 -0.177217
vt 0.078016 -0.178669
vt 0.070102 -0.180526
vt 0.061027 -0.177217
vt 0.062991 -0.172000
vt 0.080526 -0.172000
vt 0.078016 -0.178669
vt 0.080526 -0.172000
vt 0.078016 -0.165331
vt 0.086823 -0.164578
vt 0.089616 -0.172000
vt 0.078016 -0.165331
vt 0.070102 -0.163474
vt 0.078016 -0.162512
vt 0.086823 -0.164578
vt 0.070102 -0.307617
vt 0.054837 -0.307617
vt 0.061027 -0.305959
vt 0.078016 -0.305959
vt 0.054837 -0.307617
vt 0.000000 -0.307617
vt 0.000000 -0.305959
vt 0.061027 -0.305959
vt 0.000000 -0.307617
vt -0.054837 -0.307617
vt -0.061027 -0.305959
vt 0.000000 -0.305959
vt -0.054837 -0.307617
vt -0.070102 -0.307617
vt -0.078016 -0.305959
vt -0.061027 -0.305959
vt -0.070102 -0.163474
vt -0.078016 -0.165331
vt -0.086823 -0.164578
vt -0.078016 -0.162512
vt -0.078016 -0.165331
vt -0.080526 -0.172000
vt -0.089616 -0.172000
vt -0.086823 -0.164578
vt -0.080526 -0.172000
vt -0.078016 -0.178669
vt -0.086823 -0.179422
vt -0.089616 -0.172000
vt -0.078016 -0.178669
vt -0.070102 -0.180526
vt -0.078016 -0.181488
vt -0.086823 -0.179422
vt -0.070102 -0.307617
vt -0.054837 -0.307617
vt -0.061027 -0.305959
vt -0.078016 -0.305959
vt -0.054837 -0.307617
vt -0.000000 -0.307617
vt -0.000000 -0.305959
vt -0.061027 -0.305959
vt -0.000000 -0.307617
vt 0.054837 -0.307617
vt 0.061027 -0.305959
vt -0.000000 -0.305959
vt 0.054837 -0.307617
vt 0.070102 -0.307617
vt 0.078016 -0.305959
vt 0.061027 -0.305959
vt 0.070102 -0.180526
vt 0.078016 -0.178669
vt 0.086823 -0.179422
vt 0.078016 -0.181488
vt 0.078016 -0.178669
vt 0.080526 -0.172000
vt 0.089616 -0.172000
vt 0.086823 -0.179422
vt -0.172000 -0.305959
vt -0.164578 -0.305959
vt -0.164339 -0.300000
vt -0.172000 -0.300000
vt 0.086823 -0.305959
vt 0.078016 -0.305959
vt 0.080526 -0.300000
vt 0.089616 -0.300000
vt 0.078016 -0.305959
vt 0.061027 -0.305959
vt 0.062991 -0.300000
vt 0.080526 -0.300000
vt 0.061027 -0.305959
vt 0.000000 -0.305959
vt 0.000000 -0.300000
vt 0.062991 -0.300000
vt 0.000000 -0.305959
vt -0.061027 -0.305959
vt -0.062991 -0.300000
vt 0.000000 -0.300000
vt -0.061027 -0.305959
vt -0.078016 -0.305959
vt -0.080526 -0.300000
vt -0.062991 -0.300000
vt -0.078016 -0.305959
vt -0.086823 -0.305959
vt -0.089616 -0.300000
vt -0.080526 -0.300000
vt -0.164578 -0.305959
vt -0.172000 -0.305959
vt -0.172000 -0.300000
vt -0.164339 -0.300000
vt -0.172000 -0.305959
vt -0.179422 -0.305959
vt -0.179661 -0.300000
vt -0.172000 -0.300000
vt -0.086823 -0.305959
vt -0.078016 -0.305959
vt -0.080526 -0.300000
vt -0.089616 -0.300000
vt -0.078016 -0.305959
vt -0.061027 -0.305959
vt -0.062991 -0.300000
vt -0.080526 -0.300000
vt -0.061027 -0.305959
vt -0.000000 -0.305959
vt -0.000000 -0.300000
vt -0.062991 -0.300000
vt -0.000000 -0.305959
vt 0.061027 -0.305959
vt 0.062991 -0.300000
vt -0.000000 -0.300000
vt 0.061027 -0.305959
vt 0.078016 -0.305959
vt 0.080526 -0.300000
vt 0.062991 -0.300000
vt 0.078016 -0.305959
vt 0.086823 -0.305959
vt 0.089616 -0.300000
vt 0.080526 -0.300000
vt -0.179422 -0.305959
vt -0.172000 -0.305959
vt -0.172000 -0.300000
vt -0.179661 -0.300000
vt -0.172000 -0.300000
vt -0.164339 -0.300000
vt -0.164578 -0.294041
vt -0.172000 -0.294041
vt 0.089616 -0.300000
vt 0.080526 -0.300000
vt 0.078016 -0.294041
vt 0.086823 -0.294041
vt 0.080526 -0.300000
vt 0.062991 -0.300000
vt 0.061027 -0.294041
vt 0.078016 -0.294041
vt 0.062991 -0.300000
vt 0.000000 -0.300000
vt 0.000000 -0.294041
vt 0.061027 -0.294041
vt 0.000000 -0.300000
vt -0.062991 -0.300000
vt -0.061027 -0.294041
vt 0.000000 -0.294041
vt -0.062991 -0.300000
vt -0.080526 -0.300000
vt -0.078016 -0.294041
vt -0.061027 -0.294041
vt -0.080526 -0.300000
vt -0.089616 -0.300000
vt -0.086823 -0.294041
vt -0.078016 -0.294041
vt -0.164339 -0.300000
vt -0.172000 -0.300000
vt -0.172000 -0.294041
vt -0.164578 -0.294041
vt -0.172000 -0.300000
vt -0.179661 -0.300000
vt -0.179422 -0.294041
vt -0.172000 -0.294041
vt -0.089616 -0.300000
vt -0.080526 -0.300000
vt -0.078016 -0.294041
vt -0.086823 -0.294041
vt -0.080526 -0.300000
vt -0.062991 -0.300000
vt -0.061027 -0.294041
vt -0.078016 -0.294041
vt -0.062991 -0.300000
vt -0.000000 -0.300000
vt -0.000000 -0.294041
vt -0.061027 -0.294041
vt -0.000000 -0.300000
vt 0.062991 -0.300000
vt 0.061027 -0.294041
vt -0.000000 -0.294041
vt 0.062991 -0.300000
vt 0.080526 -0.300000
vt 0.078016 -0.294041
vt 0.061027 -0.294041
vt 0.080526 -0.300000
vt 0.089616 -0.300000
vt 0.086823 -0.294041
vt 0.078016 -0.294041
vt -0.179661 -0.300000
vt -0.172000 -0.300000
vt -0.172000 -0.294041
vt -0.179422 -0.294041
vt 0.089616 -0.172000
vt 0.086823 -0.164578
vt 0.078016 -0.165331
vt 0.080526 -0.172000
vt 0.086823 -0.164578
vt 0.078016 -0.162512
vt 0.070102 -0.163474
vt 0.078016 -0.165331
vt 0.078016 -0.294041
vt 0.061027 -0.294041
vt 0.054837 -0.292383
vt 0.070102 -0.292383
vt 0.061027 -0.294041
vt 0.000000 -0.294041
vt 0.000000 -0.292383
vt 0.054837 -0.292383
vt 0.000000 -0.294041
vt -0.061027 -0.294041
vt -0.054837 -0.292383
vt 0.000000 -0.292383
vt -0.061027 -0.294041
vt -0.078016 -0.294041
vt -0.070102 -0.292383
vt -0.054837 -0.292383
vt -0.078016 -0.162512
vt -0.086823 -0.164578
vt -0.078016 -0.165331
vt -0.070102 -0.163474
vt -0.086823 -0.164578
vt -0.089616 -0.172000
vt -0.080526 -0.172000
vt -0.078016 -0.165331
vt -0.089616 -0.172000
vt -0.086823 -0.179422
vt -0.078016 -0.178669
vt -0.080526 -0.172000
vt -0.086823 -0.179422
vt -0.078016 -0.181488
vt -0.070102 -0.180526
vt -0.078016 -0.178669
vt -0.078016 -0.294041
vt -0.061027 -0.294041
vt -0.054837 -0.292383
vt -0.070102 -0.292383
vt -0.061027 -0.294041
vt -0.000000 -0.294041
vt -0.000000 -0.292383
vt -0.054837 -0.292383
vt -0.000000 -0.294041
vt 0.061027 -0.294041
vt 0.054837 -0.292383
vt -0.000000 -0.292383
vt 0.061027 -0.294041
vt 0.078016 -0.294041
vt 0.070102 -0.292383
vt 0.054837 -0.292383
vt 0.078016 -0.181488
vt 0.086823 -0.179422
vt 0.078016 -0.178669
vt 0.070102 -0.180526
vt 0.086823 -0.179422
vt 0.089616 -0.172000
vt 0.080526 -0.172000
vt 0.078016 -0.178669
vt 0.080526 -0.172000
vt 0.078016 -0.165331
vt 0.061027 -0.166783
vt 0.062991 -0.172000
vt 0.078016 -0.165331
vt 0.070102 -0.163474
vt 0.054837 -0.165331
vt 0.061027 -0.166783
vt 0.070102 -0.163474
vt 0.054837 -0.162512
vt 0.042896 -0.164578
vt 0.054837 -0.165331
vt 0.054837 -0.162512
vt 0.000000 -0.162206
vt 0.000000 -0.164339
vt 0.042896 -0.164578
vt 0.000000 -0.162206
vt -0.054837 -0.162512
vt -0.042896 -0.164578
vt 0.000000 -0.164339
vt -0.054837 -0.162512
vt -0.070102 -0.163474
vt -0.054837 -0.165331
vt -0.042896 -0.164578
vt -0.070102 -0.163474
vt -0.078016 -0.165331
vt -0.061027 -0.166783
vt -0.054837 -0.165331
vt -0.078016 -0.165331
vt -0.080526 -0.172000
vt -0.062991 -0.172000
vt -0.061027 -0.166783
vt -0.080526 -0.172000
vt -0.078016 -0.178669
vt -0.061027 -0.177217
vt -0.062991 -0.172000
vt -0.078016 -0.178669
vt -0.070102 -0.180526
vt -0.054837 -0.178669
vt -0.061027 -0.177217
vt -0.070102 -0.180526
vt -0.054837 -0.181488
vt -0.042896 -0.179422
vt -0.054837 -0.178669
vt -0.054837 -0.181488
vt -0.000000 -0.181794
vt -0.000000 -0.179661
vt -0.042896 -0.179422
vt -0.000000 -0.181794
vt 0.054837 -0.181488
vt 0.042896 -0.179422
vt -0.000000 -0.179661
vt 0.054837 -0.181488
vt 0.070102 -0.180526
vt 0.054837 -0.178669
vt 0.042896 -0.179422
vt 0.070102 -0.180526
vt 0.078016 -0.178669
vt 0.061027 -0.177217
vt 0.054837 -0.178669
vt 0.078016 -0.178669
vt 0.080526 -0.172000
vt 0.062991 -0.172000
vt 0.061027 -0.177217
vt 0.062991 -0.172000
vt 0.061027 -0.166783
vt 0.000000 -0.172000
vt 0.000000 -0.172000
vt 0.061027 -0.166783
vt 0.054837 -0.165331
vt 0.000000 -0.172000
vt 0.000000 -0.172000
vt 0.054837 -0.165331
vt 0.042896 -0.164578
vt 0.000000 -0.172000
vt 0.000000 -0.172000
vt 0.042896 -0.164578
vt 0.000000 -0.164339
vt 0.000000 -0.172000
vt 0.000000 -0.172000
vt 0.000000 -0.164339
vt -0.042896 -0.164578
vt -0.000000 -0.172000
vt 0.000000 -0.172000
vt -0.042896 -0.164578
vt -0.054837 -0.165331
vt -0.000000 -0.172000
vt -0.000000 -0.172000
vt -0.054837 -0.165331
vt -0.061027 -0.166783
vt -0.000000 -0.172000
vt -0.000000 -0.172000
vt -0.061027 -0.166783
vt -0.062991 -0.172000
vt -0.000000 -0.172000
vt -0.000000 -0.172000
vt -0.062991 -0.172000
vt -0.061027 -0.177217
vt -0.000000 -0.172000
vt -0.000000 -0.172000
vt -0.061027 -0.177217
vt -0.054837 -0.178669
vt -0.000000 -0.172000
vt -0.000000 -0.172000
vt -0.054837 -0.178669
vt -0.042896 -0.179422
vt -0.000000 -0.172000
vt -0.000000 -0.172000
vt -0.042896 -0.179422
vt -0.000000 -0.179661
vt -0.000000 -0.172000
vt -0.000000 -0.172000
vt -0.000000 -0.179661
vt 0.042896 -0.179422
vt 0.000000 -0.172000
vt -0.000000 -0.172000
vt 0.042896 -0.179422
vt 0.054837 -0.178669
vt 0.000000 -0.172000
vt 0.000000 -0.172000
vt 0.054837 -0.178669
vt 0.061027 -0.177217
vt 0.000000 -0.172000
vt 0.000000 -0.172000
vt 0.061027 -0.177217
vt 0.062991 -0.172000
vt 0.000000 -0.172000
vt 0.000000 -0.172000
vt 0.000000 -0.148000
vt 0.000000 -0.148000
vt 0.061027 -0.142783
vt 0.062991 -0.148000
vt 0.000000 -0.148000
vt 0.000000 -0.148000
vt 0.054837 -0.141331
vt 0.061027 -0.142783
vt 0.000000 -0.148000
vt 0.000000 -0.148000
vt 0.042896 -0.140578
vt 0.054837 -0.141331
vt 0.000000 -0.148000
vt 0.000000 -0.148000
vt 0.000000 -0.140339
vt 0.042896 -0.140578
vt 0.000000 -0.148000
vt -0.000000 -0.148000
vt -0.042896 -0.140578
vt 0.000000 -0.140339
vt -0.000000 -0.148000
vt -0.000000 -0.148000
vt -0.054837 -0.141331
vt -0.042896 -0.140578
vt -0.000000 -0.148000
vt -0.000000 -0.148000
vt -0.061027 -0.142783
vt -0.054837 -0.141331
vt -0.000000 -0.148000
vt -0.000000 -0.148000
vt -0.062991 -0.148000
vt -0.061027 -0.142783
vt -0.000000 -0.148000
vt -0.000000 -0.148000
vt -0.061027 -0.153217
vt -0.062991 -0.148000
vt -0.000000 -0.148000
vt -0.000000 -0.148000
vt -0.054837 -0.154669
vt -0.061027 -0.153217
vt -0.000000 -0.148000
vt -0.000000 -0.148000
vt -0.042896 -0.155422
vt -0.054837 -0.154669
vt -0.000000 -0.148000
vt -0.000000 -0.148000
vt -0.000000 -0.155661
vt -0.042896 -0.155422
vt -0.000000 -0.148000
vt 0.000000 -0.148000
vt 0.042896 -0.155422
vt -0.000000 -0.155661
vt 0.000000 -0.148000
vt 0.000000 -0.148000
vt 0.054837 -0.154669
vt 0.042896 -0.155422
vt 0.000000 -0.148000
vt 0.000000 -0.148000
vt 0.061027 -0.153217
vt 0.054837 -0.154669
vt 0.000000 -0.148000
vt 0.000000 -0.148000
vt 0.062991 -0.148000
vt 0.061027 -0.153217
vt 0.062991 -0.148000
vt 0.061027 -0.142783
vt 0.078016 -0.141331
vt 0.080526 -0.148000
vt 0.061027 -0.142783
vt 0.054837 -0.141331
vt 0.070102 -0.139474
vt 0.078016 -0.141331
vt 0.054837 -0.141331
vt 0.042896 -0.140578
vt 0.054837 -0.138512
vt 0.070102 -0.139474
vt 0.042896 -0.140578
vt 0.000000 -0.140339
vt 0.000000 -0.138206
vt 0.054837 -0.138512
vt 0.000000 -0.140339
vt -0.042896 -0.140578
vt -0.054837 -0.138512
vt 0.000000 -0.138206
vt -0.042896 -0.140578
vt -0.054837 -0.141331
vt -0.070102 -0.139474
vt -0.054837 -0.138512
vt -0.054837 -0.141331
vt -0.061027 -0.142783
vt -0.078016 -0.141331
vt -0.070102 -0.139474
vt -0.061027 -0.142783
vt -0.062991 -0.148000
vt -0.080526 -0.148000
vt -0.078016 -0.141331
vt -0.062991 -0.148000
vt -0.061027 -0.153217
vt -0.078016 -0.154669
vt -0.080526 -0.148000
vt -0.061027 -0.153217
vt -0.054837 -0.154669
vt -0.070102 -0.156526
vt -0.078016 -0.154669
vt -0.054837 -0.154669
vt -0.042896 -0.155422
vt -0.054837 -0.157488
vt -0.070102 -0.156526
vt -0.042896 -0.155422
vt -0.000000 -0.155661
vt -0.000000 -0.157794
vt -0.054837 -0.157488
vt -0.000000 -0.155661
vt 0.042896 -0.155422
vt 0.054837 -0.157488
vt -0.000000 -0.157794
vt 0.042896 -0.155422
vt 0.054837 -0.154669
vt 0.070102 -0.156526
vt 0.054837 -0.157488
vt 0.054837 -0.154669
vt 0.061027 -0.153217
vt 0.078016 -0.154669
vt 0.070102 -0.156526
vt 0.061027 -0.153217
vt 0.062991 -0.148000
vt 0.080526 -0.148000
vt 0.078016 -0.154669
vt 0.080526 -0.148000
vt 0.078016 -0.141331
vt 0.086823 -0.140578
vt 0.089616 -0.148000
vt 0.078016 -0.141331
vt 0.070102 -0.139474
vt 0.078016 -0.138512
vt 0.086823 -0.140578
vt 0.070102 -0.207617
vt 0.054837 -0.207617
vt 0.061027 -0.205959
vt 0.078016 -0.205959
vt 0.054837 -0.207617
vt 0.000000 -0.207617
vt 0.000000 -0.205959
vt 0.061027 -0.205959
vt 0.000000 -0.207617
vt -0.054837 -0.207617
vt -0.061027 -0.205959
vt 0.000000 -0.205959
vt -0.054837 -0.207617
vt -0.070102 -0.207617
vt -0.078016 -0.205959
vt -0.061027 -0.205959
vt -0.070102 -0.139474
vt -0.078016 -0.141331
vt -0.086823 -0.140578
vt -0.078016 -0.138512
vt -0.078016 -0.141331
vt -0.080526 -0.148000
vt -0.089616 -0.148000
vt -0.086823 -0.140578
vt -0.080526 -0.148000
vt -0.078016 -0.154669
vt -0.086823 -0.155422
vt -0.089616 -0.148000
vt -0.078016 -0.154669
vt -0.070102 -0.156526
vt -0.078016 -0.157488
vt -0.086823 -0.155422
vt -0.070102 -0.207617
vt -0.054837 -0.207617
vt -0.061027 -0.205959
vt -0.078016 -0.205959
vt -0.054837 -0.207617
vt -0.000000 -0.207617
vt -0.000000 -0.205959
vt -0.061027 -0.205959
vt -0.000000 -0.207617
vt 0.054837 -0.207617
vt 0.061027 -0.205959
vt -0.000000 -0.205959
vt 0.054837 -0.207617
vt 0.070102 -0.207617
vt 0.078016 -0.205959
vt 0.061027 -0.205959
vt 0.070102 -0.156526
vt 0.078016 -0.154669
vt 0.086823 -0.155422
vt 0.078016 -0.157488
vt 0.078016 -0.154669
vt 0.080526 -0.148000
vt 0.089616 -0.148000
vt 0.086823 -0.155422
vt -0.148000 -0.205959
vt -0.140578 -0.205959
vt -0.140339 -0.200000
vt -0.148000 -0.200000
vt 0.086823 -0.205959
vt 0.078016 -0.205959
vt 0.080526 -0.200000
vt 0.089616 -0.200000
vt 0.078016 -0.205959
vt 0.061027 -0.205959
vt 0.062991 -0.200000
vt 0.080526 -0.200000
vt 0.061027 -0.205959
vt 0.000000 -0.205959
vt 0.000000 -0.200000
vt 0.062991 -0.200000
vt 0.000000 -0.205959
vt -0.061027 -0.205959
vt -0.062991 -0.200000
vt 0.000000 -0.200000
vt -0.061027 -0.205959
vt -0.078016 -0.205959
vt -0.080526 -0.200000
vt -0.062991 -0.200000
vt -0.078016 -0.205959
vt -0.086823 -0.205959
vt -0.089616 -0.200000
vt -0.080526 -0.200000
vt -0.140578 -0.205959
vt -0.148000 -0.205959
vt -0.148000 -0.200000
vt -0.140339 -0.200000
vt -0.148000 -0.205959
vt -0.155422 -0.205959
vt -0.155661 -0.200000
vt -0.148000 -0.200000
vt -0.086823 -0.205959
vt -0.078016 -0.205959
vt -0.080526 -0.200000
vt -0.089616 -0.200000
vt -0.078016 -0.205959
vt -0.061027 -0.205959
vt -0.062991 -0.200000
vt -0.080526 -0.200000
vt -0.061027 -0.205959
vt -0.000000 -0.205959
vt -0.000000 -0.200000
vt -0.062991 -0.200000
vt -0.000000 -0.205959
vt 0.061027 -0.205959
vt 0.062991 -0.200000
vt -0.000000 -0.200000
vt 0.061027 -0.205959
vt 0.078016 -0.205959
vt 0.080526 -0.200000
vt 0.062991 -0.200000
vt 0.078016 -0.205959
vt 0.086823 -0.205959
vt 0.089616 -0.200000
vt 0.080526 -0.200000
vt -0.155422 -0.205959
vt -0.148000 -0.205959
vt -0.148000 -0.200000
vt -0.155661 -0.200000
vt -0.148000 -0.200000
vt -0.140339 -0.200000
vt -0.140578 -0.194041
vt -0.148000 -0.194041
vt 0.089616 -0.200000
vt 0.080526 -0.200000
vt 0.078016 -0.194041
vt 0.086823 -0.194041
vt 0.080526 -0.200000
vt 0.062991 -0.200000
vt 0.061027 -0.194041
vt 0.078016 -0.194041
vt 0.062991 -0.200000
vt 0.000000 -0.200000
vt 0.000000 -0.194041
vt 0.061027 -0.194041
vt 0.000000 -0.200000
vt -0.062991 -0.200000
vt -0.061027 -0.194041
vt 0.000000 -0.194041
vt -0.062991 -0.200000
vt -0.080526 -0.200000
vt -0.078016 -0.194041
vt -0.061027 -0.194041
vt -0.080526 -0.200000
vt -0.089616 -0.200000
vt -0.086823 -0.194041
vt -0.078016 -0.194041
vt -0.140339 -0.200000
vt -0.148000 -0.200000
vt -0.148000 -0.194041
vt -0.140578 -0.194041
vt -0.148000 -0.200000
vt -0.155661 -0.200000
vt -0.155422 -0.194041
vt -0.148000 -0.194041
vt -0.089616 -0.200000
vt -0.080526 -0.200000
vt -0.078016 -0.194041
vt -0.086823 -0.194041
vt -0.080526 -0.200000
vt -0.062991 -0.200000
vt -0.061027 -0.194041
vt -0.078016 -0.194041
vt -0.062991 -0.200000
vt -0.000000 -0.200000
vt -0.000000 -0.194041
vt -0.061027 -0.194041
vt -0.000000 -0.200000
vt 0.062991 -0.200000
vt 0.061027 -0.194041
vt -0.000000 -0.194041
vt 0.062991 -0.200000
vt 0.080526 -0.200000
vt 0.078016 -0.194041
vt 0.061027 -0.194041
vt 0.080526 -0.200000
vt 0.089616 -0.200000
vt 0.086823 -0.194041
vt 0.078016 -0.194041
vt -0.155661 -0.200000
vt -0.148000 -0.200000
vt -0.148000 -0.194041
vt -0.155422 -0.194041
vt 0.089616 -0.148000
vt 0.086823 -0.140578
vt 0.078016 -0.141331
vt 0.080526 -0.148000
vt 0.086823 -0.140578
vt 0.078016 -0.138512
vt 0.070102 -0.139474
vt 0.078016 -0.141331
vt 0.078016 -0.194041
vt 0.061027 -0.194041
vt 0.054837 -0.192383
vt 0.070102 -0.192383
vt 0.061027 -0.194041
vt 0.000000 -0.194041
vt 0.000000 -0.192383
vt 0.054837 -0.192383
vt 0.000000 -0.194041
vt -0.061027 -0.194041
vt -0.054837 -0.192383
vt 0.000000 -0.192383
vt -0.061027 -0.194041
vt -0.078016 -0.194041
vt -0.070102 -0.192383
vt -0.054837 -0.192383
vt -0.078016 -0.138512
vt -0.086823 -0.140578
vt -0.078016 -0.141331
vt -0.070102 -0.139474
vt -0.086823 -0.140578
vt -0.089616 -0.148000
vt -0.080526 -0.148000
vt -0.078016 -0.141331
vt -0.089616 -0.148000
vt -0.086823 -0.155422
vt -0.078016 -0.154669
vt -0.080526 -0.148000
vt -0.086823 -0.155422
vt -0.078016 -0.157488
vt -0.070102 -0.156526
vt -0.078016 -0.154669
vt -0.078016 -0.194041
vt -0.061027 -0.194041
vt -0.054837 -0.192383
vt -0.070102 -0.192383
vt -0.061027 -0.194041
vt -0.000000 -0.194041
vt -0.000000 -0.192383
vt -0.054837 -0.192383
vt -0.000000 -0.194041
vt 0.061027 -0.194041
vt 0.054837 -0.192383
vt -0.000000 -0.192383
vt 0.061027 -0.194041
vt 0.078016 -0.194041
vt 0.070102 -0.192383
vt 0.054837 -0.192383
vt 0.078016 -0.157488
vt 0.086823 -0.155422
vt 0.078016 -0.154669
vt 0.070102 -0.156526
vt 0.086823 -0.155422
vt 0.089616 -0.148000
vt 0.080526 -0.148000
vt 0.078016 -0.154669
vt 0.080526 -0.148000
vt 0.078016 -0.141331
vt 0.061027 -0.142783
vt 0.062991 -0.148000
vt 0.078016 -0.141331
vt 0.070102 -0.139474
vt 0.054837 -0.141331
vt 0.061027 -0.142783
vt 0.070102 -0.139474
vt 0.054837 -0.138512
vt 0.042896 -0.140578
vt 0.054837 -0.141331
vt 0.054837 -0.138512
vt 0.000000 -0.138206
vt 0.000000 -0.140339
vt 0.042896 -0.140578
vt 0.000000 -0.138206
vt -0.054837 -0.138512
vt -0.042896 -0.140578
vt 0.000000 -0.140339
vt -0.054837 -0.138512
vt -0.070102 -0.139474
vt -0.054837 -0.141331
vt -0.042896 -0.140578
vt -0.070102 -0.139474
vt -0.078016 -0.141331
vt -0.061027 -0.142783
vt -0.054837 -0.141331
vt -0.078016 -0.141331
vt -0.080526 -0.148000
vt -0.062991 -0.148000
vt -0.061027 -0.142783
vt -0.080526 -0.148000
vt -0.078016 -0.154669
vt -0.061027 -0.153217
vt -0.062991 -0.148000
vt -0.078016 -0.154669
vt -0.070102 -0.156526
vt -0.054837 -0.154669
vt -0.061027 -0.153217
vt -0.070102 -0.156526
vt -0.054837 -0.157488
vt -0.042896 -0.155422
vt -0.054837 -0.154669
vt -0.054837 -0.157488
vt -0.000000 -0.157794
vt -0.000000 -0.155661
vt -0.042896 -0.155422
vt -0.000000 -0.157794
vt 0.054837 -0.157488
vt 0.042896 -0.155422
vt -0.000000 -0.155661
vt 0.054837 -0.157488
vt 0.070102 -0.156526
vt 0.054837 -0.154669
vt 0.042896 -0.155422
vt 0.070102 -0.156526
vt 0.078016 -0.154669
vt 0.061027 -0.153217
vt 0.054837 -0.154669
vt 0.078016 -0.154669
vt 0.080526 -0.148000
vt 0.062991 -0.148000
vt 0.061027 -0.153217
vt 0.062991 -0.148000
vt 0.061027 -0.142783
vt 0.000000 -0.148000
vt 0.000000 -0.148000
vt 0.061027 -0.142783
vt 0.054837 -0.141331
vt 0.000000 -0.148000
vt 0.000000 -0.148000
vt 0.054837 -0.141331
vt 0.042896 -0.140578
vt 0.000000 -0.148000
vt 0.000000 -0.148000
vt 0.042896 -0.140578
vt 0.000000 -0.140339
vt 0.000000 -0.148000
vt 0.000000 -0.148000
vt 0.000000 -0.140339
vt -0.042896 -0.140578
vt -0.000000 -0.148000
vt 0.000000 -0.148000
vt -0.042896 -0.140578
vt -0.054837 -0.141331
vt -0.000000 -0.148000
vt -0.000000 -0.148000
vt -0.054837 -0.141331
vt -0.061027 -0.142783
vt -0.000000 -0.148000
vt -0.000000 -0.148000
vt -0.061027 -0.142783
vt -0.062991 -0.148000
vt -0.000000 -0.148000
vt -0.000000 -0.148000
vt -0.062991 -0.148000
vt -0.061027 -0.153217
vt -0.000000 -0.148000
vt -0.000000 -0.148000
vt -0.061027 -0.153217
vt -0.054837 -0.154669
vt -0.000000 -0.148000
vt -0.000000 -0.148000
vt -0.054837 -0.154669
vt -0.042896 -0.155422
vt -0.000000 -0.148000
vt -0.000000 -0.148000
vt -0.042896 -0.155422
vt -0.000000 -0.155661
vt -0.000000 -0.148000
vt -0.000000 -0.148000
vt -0.000000 -0.155661
vt 0.042896 -0.155422
vt 0.000000 -0.148000
vt -0.000000 -0.148000
vt 0.042896 -0.155422
vt 0.054837 -0.154669
vt 0.000000 -0.148000
vt 0.000000 -0.148000
vt 0.054837 -0.154669
vt 0.061027 -0.153217
vt 0.000000 -0.148000
vt 0.000000 -0.148000
vt 0.061027 -0.153217
vt 0.062991 -0.148000
vt 0.000000 -0.148000
vt 0.000000 -0.148000
vt 0.000000 -0.124000
vt 0.000000 -0.124000
vt 0.061027 -0.118783
vt 0.062991 -0.124000
vt 0.000000 -0.124000
vt 0.000000 -0.124000
vt 0.054837 -0.117331
vt 0.061027 -0.118783
vt 0.000000 -0.124000
vt 0.000000 -0.124000
vt 0.042896 -0.116578
vt 0.054837 -0.117331
vt 0.000000 -0.124000
vt 0.000000 -0.124000
vt 0.000000 -0.116339
vt 0.042896 -0.116578
vt 0.000000 -0.124000
vt -0.000000 -0.124000
vt -0.042896 -0.116578
vt 0.000000 -0.116339
vt -0.000000 -0.124000
vt -0.000000 -0.124000
vt -0.054837 -0.117331
vt -0.042896 -0.116578
vt -0.000000 -0.124000
vt -0.000000 -0.124000
vt -0.061027 -0.118783
vt -0.054837 -0.117331
vt -0.000000 -0.124000
vt -0.000000 -0.124000
vt -0.062991 -0.124000
vt -0.061027 -0.118783
vt -0.000000 -0.124000
vt -0.000000 -0.124000
vt -0.061027 -0.129217
vt -0.062991 -0.124000
vt -0.000000 -0.124000
vt -0.000000 -0.124000
vt -0.054837 -0.130669
vt -0.061027 -0.129217
vt -0.000000 -0.124000
vt -0.000000 -0.124000
vt -0.042896 -0.131422
vt -0.054837 -0.130669
vt -0.000000 -0.124000
vt -0.000000 -0.124000
vt -0.000000 -0.131661
vt -0.042896 -0.131422
vt -0.000000 -0.124000
vt 0.000000 -0.124000
vt 0.042896 -0.131422
vt -0.000000 -0.131661
vt 0.000000 -0.124000
vt 0.000000 -0.124000
vt 0.054837 -0.130669
vt 0.042896 -0.131422
vt 0.000000 -0.124000
vt 0.000000 -0.124000
vt 0.061027 -0.129217
vt 0.054837 -0.130669
vt 0.000000 -0.124000
vt 0.000000 -0.124000
vt 0.062991 -0.124000
vt 0.061027 -0.129217
vt 0.062991 -0.124000
vt 0.061027 -0.118783
vt 0.078016 -0.117331
vt 0.080526 -0.124000
vt 0.061027 -0.118783
vt 0.054837 -0.117331
vt 0.070102 -0.115474
vt 0.078016 -0.117331
vt 0.054837 -0.117331
vt 0.042896 -0.116578
vt 0.054837 -0.114512
vt 0.070102 -0.115474
vt 0.042896 -0.116578
vt 0.000000 -0.116339
vt 0.000000 -0.114206
vt 0.054837 -0.114512
vt 0.000000 -0.116339
vt -0.042896 -0.116578
vt -0.054837 -0.114512
vt 0.000000 -0.114206
vt -0.042896 -0.116578
vt -0.054837 -0.117331
vt -0.070102 -0.115474
vt -0.054837 -0.114512
vt -0.054837 -0.117331
vt -0.061027 -0.118783
vt -0.078016 -0.117331
vt -0.070102 -0.115474
vt -0.061027 -0.118783
vt -0.062991 -0.124000
vt -0.080526 -0.124000
vt -0.078016 -0.117331
vt -0.062991 -0.124000
vt -0.061027 -0.129217
vt -0.078016 -0.130669
vt -0.080526 -0.124000
vt -0.061027 -0.129217
vt -0.054837 -0.130669
vt -0.070102 -0.132526
vt -0.078016 -0.130669
vt -0.054837 -0.130669
vt -0.042896 -0.131422
vt -0.054837 -0.133488
vt -0.070102 -0.132526
vt -0.042896 -0.131422
vt -0.000000 -0.131661
vt -0.000000 -0.133794
vt -0.054837 -0.133488
vt -0.000000 -0.131661
vt 0.042896 -0.131422
vt 0.054837 -0.133488
vt -0.000000 -0.133794
vt 0.042896 -0.131422
vt 0.054837 -0.130669
vt 0.070102 -0.132526
vt 0.054837 -0.133488
vt 0.054837 -0.130669
vt 0.061027 -0.129217
vt 0.078016 -0.130669
vt 0.070102 -0.132526
vt 0.061027 -0.129217
vt 0.062991 -0.124000
vt 0.080526 -0.124000
vt 0.078016 -0.130669
vt 0.080526 -0.124000
vt 0.078016 -0.117331
vt 0.086823 -0.116578
vt 0.089616 -0.124000
vt 0.078016 -0.117331
vt 0.070102 -0.115474
vt 0.078016 -0.114512
vt 0.086823 -0.116578
vt 0.070102 -0.107617
vt 0.054837 -0.107617
vt 0.061027 -0.105959
vt 0.078016 -0.105959
vt 0.054837 -0.107617
vt 0.000000 -0.107617
vt 0.000000 -0.105959
vt 0.061027 -0.105959
vt 0.000000 -0.107617
vt -0.054837 -0.107617
vt -0.061027 -0.105959
vt 0.000000 -0.105959
vt -0.054837 -0.107617
vt -0.070102 -0.107617
vt -0.078016 -0.105959
vt -0.061027 -0.105959
vt -0.070102 -0.115474
vt -0.078016 -0.117331
vt -0.086823 -0.116578
vt -0.078016 -0.114512
vt -0.078016 -0.117331
vt -0.080526 -0.124000
vt -0.089616 -0.124000
vt -0.086823 -0.116578
vt -0.080526 -0.124000
vt -0.078016 -0.130669
vt -0.086823 -0.131422
vt -0.089616 -0.124000
vt -0.078016 -0.130669
vt -0.070102 -0.132526
vt -0.078016 -0.133488
vt -0.086823 -0.131422
vt -0.070102 -0.107617
vt -0.054837 -0.107617
vt -0.061027 -0.105959
vt -0.078016 -0.105959
vt -0.054837 -0.107617
vt -0.000000 -0.107617
vt -0.000000 -0.105959
vt -0.061027 -0.105959
vt -0.000000 -0.107617
vt 0.054837 -0.107617
vt 0.061027 -0.105959
vt -0.000000 -0.105959
vt 0.054837 -0.107617
vt 0.070102 -0.107617
vt 0.078016 -0.105959
vt 0.061027 -0.105959
vt 0.070102 -0.132526
vt 0.078016 -0.130669
vt 0.086823 -0.131422
vt 0.078016 -0.133488
vt 0.078016 -0.130669
vt 0.080526 -0.124000
vt 0.089616 -0.124000
vt 0.086823 -0.131422
vt -0.124000 -0.105959
vt -0.116578 -0.105959
vt -0.116339 -0.100000
vt -0.124000 -0.100000
vt 0.086823 -0.105959
vt 0.078016 -0.105959
vt 0.080526 -0.100000
vt 0.089616 -0.100000
vt 0.078016 -0.105959
vt 0.061027 -0.105959
vt 0.062991 -0.100000
vt 0.080526 -0.100000
vt 0.061027 -0.105959
vt 0.000000 -0.105959
vt 0.000000 -0.100000
vt 0.062991 -0.100000
vt 0.000000 -0.105959
vt -0.061027 -0.105959
vt -0.062991 -0.100000
vt 0.000000 -0.100000
vt -0.061027 -0.105959
vt -0.078016 -0.105959
vt -0.080526 -0.100000
vt -0.062991 -0.100000
vt -0.078016 -0.105959
vt -0.086823 -0.105959
vt -0.089616 -0.100000
vt -0.080526 -0.100000
vt -0.116578 -0.105959
vt -0.124000 -0.105959
vt -0.124000 -0.100000
vt -0.116339 -0.100000
vt -0.124000 -0.105959
vt -0.131422 -0.105959
vt -0.131661 -0.100000
vt -0.124000 -0.100000
vt -0.086823 -0.105959
vt -0.078016 -0.105959
vt -0.080526 -0.100000
vt -0.089616 -0.100000
vt -0.078016 -0.105959
vt -0.061027 -0.105959
vt -0.062991 -0.100000
vt -0.080526 -0.100000
vt -0.061027 -0.105959
vt -0.000000 -0.105959
vt -0.000000 -0.100000
vt -0.062991 -0.100000
vt -0.000000 -0.105959
vt 0.061027 -0.105959
vt 0.062991 -0.100000
vt -0.000000 -0.100000
vt 0.061027 -0.105959
vt 0.078016 -0.105959
vt 0.080526 -0.100000
vt 0.062991 -0.100000
vt 0.078016 -0.105959
vt 0.086823 -0.105959
vt 0.089616 -0.100000
vt 0.080526 -0.100000
vt -0.131422 -0.105959
vt -0.124000 -0.105959
vt -0.124000 -0.100000
vt -0.131661 -0.100000
vt -0.124000 -0.100000
vt -0.116339 -0.100000
vt -0.116578 -0.094041
vt -0.124000 -0.094041
vt 0.089616 -0.100000
vt 0.080526 -0.100000
vt 0.078016 -0.094041
vt 0.086823 -0.094041
vt 0.080526 -0.100000
vt 0.062991 -0.100000
vt 0.061027 -0.094041
vt 0.078016 -0.094041
vt 0.062991 -0.100000
vt 0.000000 -0.100000
vt 0.000000 -0.094041
vt 0.061027 -0.094041
vt 0.000000 -0.100000
vt -0.062991 -0.100000
vt -0.061027 -0.094041
vt 0.000000 -0.094041
vt -0.062991 -0.100000
vt -0.080526 -0.100000
vt -0.078016 -0.094041
vt -0.061027 -0.094041
vt -0.080526 -0.100000
vt -0.089616 -0.100000
vt -0.086823 -0.094041
vt -0.078016 -0.094041
vt -0.116339 -0.100000
vt -0.124000 -0.100000
vt -0.124000 -0.094041
vt -0.116578 -0.094041
vt -0.124000 -0.100000
vt -0.131661 -0.100000
vt -0.131422 -0.094041
vt -0.124000 -0.094041
vt -0.089616 -0.100000
vt -0.080526 -0.100000
vt -0.078016 -0.094041
vt -0.086823 -0.094041
vt -0.080526 -0.100000
vt -0.062991 -0.100000
vt -0.061027 -0.094041
vt -0.078016 -0.094041
vt -0.062991 -0.100000
vt -0.000000 -0.100000
vt -0.000000 -0.094041
vt -0.061027 -0.094041
vt -0.000000 -0.100000
vt 0.062991 -0.100000
vt 0.061027 -0.094041
vt -0.000000 -0.094041
vt 0.062991 -0.100000
vt 0.080526 -0.100000
vt 0.078016 -0.094041
vt 0.061027 -0.094041
vt 0.080526 -0.100000
vt 0.089616 -0.100000
vt 0.086823 -0.094041
vt 0.078016 -0.094041
vt -0.131661 -0.100000
vt -0.124000 -0.100000
vt -0.124000 -0.094041
vt -0.131422 -0.094041
vt 0.089616 -0.124000
vt 0.086823 -0.116578
vt 0.078016 -0.117331
vt 0.080526 -0.124000
vt 0.086823 -0.116578
vt 0.078016 -0.114512
vt 0.070102 -0.115474
vt 0.078016 -0.117331
vt 0.078016 -0.094041
vt 0.061027 -0.094041
vt 0.054837 -0.092383
vt 0.070102 -0.092383
vt 0.061027 -0.094041
vt 0.000000 -0.094041
vt 0.000000 -0.092383
vt 0.054837 -0.092383
vt 0.000000 -0.094041
vt -0.061027 -0.094041
vt -0.054837 -0.092383
vt 0.000000 -0.092383
vt -0.061027 -0.094041
vt -0.078016 -0.094041
vt -0.070102 -0.092383
vt -0.054837 -0.092383
vt -0.078016 -0.114512
vt -0.086823 -0.116578
vt -0.078016 -0.117331
vt -0.070102 -0.115474
vt -0.086823 -0.116578
vt -0.089616 -0.124000
vt -0.080526 -0.124000
vt -0.078016 -0.117331
vt -0.089616 -0.124000
vt -0.086823 -0.131422
vt -0.078016 -0.130669
vt -0.080526 -0.124000
vt -0.086823 -0.131422
vt -0.078016 -0.133488
vt -0.070102 -0.132526
vt -0.078016 -0.130669
vt -0.078016 -0.094041
vt -0.061027 -0.094041
vt -0.054837 -0.092383
vt -0.070102 -0.092383
vt -0.061027 -0.094041
vt -0.000000 -0.094041
vt -0.000000 -0.092383
vt -0.054837 -0.092383
vt -0.000000 -0.094041
vt 0.061027 -0.094041
vt 0.054837 -0.092383
vt -0.000000 -0.092383
vt 0.061027 -0.094041
vt 0.078016 -0.094041
vt 0.070102 -0.092383
vt 0.054837 -0.092383
vt 0.078016 -0.133488
vt 0.086823 -0.131422
vt 0.078016 -0.130669
vt 0.070102 -0.132526
vt 0.086823 -0.131422
vt 0.089616 -0.124000
vt 0.080526 -0.124000
vt 0.078016 -0.130669
vt 0.080526 -0.124000
vt 0.078016 -0.117331
vt 0.061027 -0.118783
vt 0.062991 -0.124000
vt 0.078016 -0.117331
vt 0.070102 -0.115474
vt 0.054837 -0.117331
vt 0.061027 -0.118783
vt 0.070102 -0.115474
vt 0.054837 -0.114512
vt 0.042896 -0.116578
vt 0.054837 -0.117331
vt 0.054837 -0.114512
vt 0.000000 -0.114206
vt 0.000000 -0.116339
vt 0.042896 -0.116578
vt 0.000000 -0.114206
vt -0.054837 -0.114512
vt -0.042896 -0.116578
vt 0.000000 -0.116339
vt -0.054837 -0.114512
vt -0.070102 -0.115474
vt -0.054837 -0.117331
vt -0.042896 -0.116578
vt -0.070102 -0.115474
vt -0.078016 -0.117331
vt -0.061027 -0.118783
vt -0.054837 -0.117331
vt -0.078016 -0.117331
vt -0.080526 -0.124000
vt -0.062991 -0.124000
vt -0.061027 -0.118783
vt -0.080526 -0.124000
vt -0.078016 -0.130669
vt -0.061027 -0.129217
vt -0.062991 -0.124000
vt -0.078016 -0.130669
vt -0.070102 -0.132526
vt -0.054837 -0.130669
vt -0.061027 -0.129217
vt -0.070102 -0.132526
vt -0.054837 -0.133488
vt -0.042896 -0.131422
vt -0.054837 -0.130669
vt -0.054837 -0.133488
vt -0.000000 -0.133794
vt -0.000000 -0.131661
vt -0.042896 -0.131422
vt -0.000000 -0.133794
vt 0.054837 -0.133488
vt 0.042896 -0.131422
vt -0.000000 -0.131661
vt 0.054837 -0.133488
vt 0.070102 -0.132526
vt 0.054837 -0.130669
vt 0.042896 -0.131422
vt 0.070102 -0.132526
vt 0.078016 -0.130669
vt 0.061027 -0.129217
vt 0.054837 -0.130669
vt 0.078016 -0.130669
vt 0.080526 -0.124000
vt 0.062991 -0.124000
vt 0.061027 -0.129217
vt 0.062991 -0.124000
vt 0.061027 -0.118783
vt 0.000000 -0.124000
vt 0.000000 -0.124000
vt 0.061027 -0.118783
vt 0.054837 -0.117331
vt 0.000000 -0.124000
vt 0.000000 -0.124000
vt 0.054837 -0.117331
vt 0.042896 -0.116578
vt 0.000000 -0.124000
vt 0.000000 -0.124000
vt 0.042896 -0.116578
vt 0.000000 -0.116339
vt 0.000000 -0.124000
vt 0.000000 -0.124000
vt 0.000000 -0.116339
vt -0.042896 -0.116578
vt -0.000000 -0.124000
vt 0.000000 -0.124000
vt -0.042896 -0.116578
vt -0.054837 -0.117331
vt -0.000000 -0.124000
vt -0.000000 -0.124000
vt -0.054837 -0.117331
vt -0.061027 -0.118783
vt -0.000000 -0.124000
vt -0.000000 -0.124000
vt -0.061027 -0.118783
vt -0.062991 -0.124000
vt -0.000000 -0.124000
vt -0.000000 -0.124000
vt -0.062991 -0.124000
vt -0.061027 -0.129217
vt -0.000000 -0.124000
vt -0.000000 -0.124000
vt -0.061027 -0.129217
vt -0.054837 -0.130669
vt -0.000000 -0.124000
vt -0.000000 -0.124000
vt -0.054837 -0.130669
vt -0.042896 -0.131422
vt -0.000000 -0.124000
vt -0.000000 -0.124000
vt -0.042896 -0.131422
vt -0.000000 -0.131661
vt -0.000000 -0.124000
vt -0.000000 -0.124000
vt -0.000000 -0.131661
vt 0.042896 -0.131422
vt 0.000000 -0.124000
vt -0.000000 -0.124000
vt 0.042896 -0.131422
vt 0.054837 -0.130669
vt 0.000000 -0.124000
vt 0.000000 -0.124000
vt 0.054837 -0.130669
vt 0.061027 -0.129217
vt 0.000000 -0.124000
vt 0.000000 -0.124000
vt 0.061027 -0.129217
vt 0.062991 -0.124000
vt 0.000000 -0.124000
vt 0.000000 -0.124000
vt 0.000000 -0.100000
vt 0.000000 -0.100000
vt 0.061027 -0.094783
vt 0.062991 -0.100000
vt 0.000000 -0.100000
vt 0.000000 -0.100000
vt 0.054837 -0.093331
vt 0.061027 -0.094783
vt 0.000000 -0.100000
vt 0.000000 -0.100000
vt 0.042896 -0.092578
vt 0.054837 -0.093331
vt 0.000000 -0.100000
vt 0.000000 -0.100000
vt 0.000000 -0.092339
vt 0.042896 -0.092578
vt 0.000000 -0.100000
vt -0.000000 -0.100000
vt -0.042896 -0.092578
vt 0.000000 -0.092339
vt -0.000000 -0.100000
vt -0.000000 -0.100000
vt -0.054837 -0.093331
vt -0.042896 -0.092578
vt -0.000000 -0.100000
vt -0.000000 -0.100000
vt -0.061027 -0.094783
vt -0.054837 -0.093331
vt -0.000000 -0.100000
vt -0.000000 -0.100000
vt -0.062991 -0.100000
vt -0.061027 -0.094783
vt -0.000000 -0.100000
vt -0.000000 -0.100000
vt -0.061027 -0.105217
vt -0.062991 -0.100000
vt -0.000000 -0.100000
vt -0.000000 -0.100000
vt -0.054837 -0.106669
vt -0.061027 -0.105217
vt -0.000000 -0.100000
vt -0.000000 -0.100000
vt -0.042896 -0.107422
vt -0.054837 -0.106669
vt -0.000000 -0.100000
vt -0.000000 -0.100000
vt -0.000000 -0.107661
vt -0.042896 -0.107422
vt -0.000000 -0.100000
vt 0.000000 -0.100000
vt 0.042896 -0.107422
vt -0.000000 -0.107661
vt 0.000000 -0.100000
vt 0.000000 -0.100000
vt 0.054837 -0.106669
vt 0.042896 -0.107422
vt 0.000000 -0.100000
vt 0.000000 -0.100000
vt 0.061027 -0.105217
vt 0.054837 -0.106669
vt 0.000000 -0.100000
vt 0.000000 -0.100000
vt 0.062991 -0.100000
vt 0.061027 -0.105217
vt 0.062991 -0.100000
vt 0.061027 -0.094783
vt 0.078016 -0.093331
vt 0.080526 -0.100000
vt 0.061027 -0.094783
vt 0.054837 -0.093331
vt 0.070102 -0.091474
vt 0.078016 -0.093331
vt 0.054837 -0.093331
vt 0.042896 -0.092578
vt 0.054837 -0.090512
vt 0.070102 -0.091474
vt 0.042896 -0.092578
vt 0.000000 -0.092339
vt 0.000000 -0.090206
vt 0.054837 -0.090512
vt 0.000000 -0.092339
vt -0.042896 -0.092578
vt -0.054837 -0.090512
vt 0.000000 -0.090206
vt -0.042896 -0.092578
vt -0.054837 -0.093331
vt -0.070102 -0.091474
vt -0.054837 -0.090512
vt -0.054837 -0.093331
vt -0.061027 -0.094783
vt -0.078016 -0.093331
vt -0.070102 -0.091474
vt -0.061027 -0.094783
vt -0.062991 -0.100000
vt -0.080526 -0.100000
vt -0.078016 -0.093331
vt -0.062991 -0.100000
vt -0.061027 -0.105217
vt -0.078016 -0.106669
vt -0.080526 -0.100000
vt -0.061027 -0.105217
vt -0.054837 -0.106669
vt -0.070102 -0.108526
vt -0.078016 -0.106669
vt -0.054837 -0.106669
vt -0.042896 -0.107422
vt -0.054837 -0.109488
vt -0.070102 -0.108526
vt -0.042896 -0.107422
vt -0.000000 -0.107661
vt -0.000000 -0.109794
vt -0.054837 -0.109488
vt -0.000000 -0.107661
vt 0.042896 -0.107422
vt 0.054837 -0.109488
vt -0.000000 -0.109794
vt 0.042896 -0.107422
vt 0.054837 -0.106669
vt 0.070102 -0.108526
vt 0.054837 -0.109488
vt 0.054837 -0.106669
vt 0.061027 -0.105217
vt 0.078016 -0.106669
vt 0.070102 -0.108526
vt 0.061027 -0.105217
vt 0.062991 -0.100000
vt 0.080526 -0.100000
vt 0.078016 -0.106669
vt 0.080526 -0.100000
vt 0.078016 -0.093331
vt 0.086823 -0.092578
vt 0.089616 -0.100000
vt 0.078016 -0.093331
vt 0.070102 -0.091474
vt 0.078016 -0.090512
vt 0.086823 -0.092578
vt 0.070102 -0.007617
vt 0.054837 -0.007617
vt 0.061027 -0.005959
vt 0.078016 -0.005959
vt 0.054837 -0.007617
vt 0.000000 -0.007617
vt 0.000000 -0.005959
vt 0.061027 -0.005959
vt 0.000000 -0.007617
vt -0.054837 -0.007617
vt -0.061027 -0.005959
vt 0.000000 -0.005959
vt -0.054837 -0.007617
vt -0.070102 -0.007617
vt -0.078016 -0.005959
vt -0.061027 -0.005959
vt -0.070102 -0.091474
vt -0.078016 -0.093331
vt -0.086823 -0.092578
vt -0.078016 -0.090512
vt -0.078016 -0.093331
vt -0.080526 -0.100000
vt -0.089616 -0.100000
vt -0.086823 -0.092578
vt -0.080526 -0.100000
vt -0.078016 -0.106669
vt -0.086823 -0.107422
vt -0.089616 -0.100000
vt -0.078016 -0.106669
vt -0.070102 -0.108526
vt -0.078016 -0.109488
vt -0.086823 -0.107422
vt -0.070102 -0.007617
vt -0.054837 -0.007617
vt -0.061027 -0.005959
vt -0.078016 -0.005959
vt -0.054837 -0.007617
vt -0.000000 -0.007617
vt -0.000000 -0.005959
vt -0.061027 -0.005959
vt -0.000000 -0.007617
vt 0.054837 -0.007617
vt 0.061027 -0.005959
vt -0.000000 -0.005959
vt 0.054837 -0.007617
vt 0.070102 -0.007617
vt 0.078016 -0.005959
vt 0.061027 -0.005959
vt 0.070102 -0.108526
vt 0.078016 -0.106669
vt 0.086823 -0.107422
vt 0.078016 -0.109488
vt 0.078016 -0.106669
vt 0.080526 -0.100000
vt 0.089616 -0.100000
vt 0.086823 -0.107422
vt -0.100000 -0.005959
vt -0.092578 -0.005959
vt -0.092339 0.000000
vt -0.100000 0.000000
vt 0.086823 -0.005959
vt 0.078016 -0.005959
vt 0.080526 0.000000
vt 0.089616 0.000000
vt 0.078016 -0.005959
vt 0.061027 -0.005959
vt 0.062991 0.000000
vt 0.080526 0.000000
vt 0.061027 -0.005959
vt 0.000000 -0.005959
vt 0.000000 0.000000
vt 0.062991 0.000000
vt 0.000000 -0.005959
vt -0.061027 -0.005959
vt -0.062991 0.000000
vt 0.000000 0.000000
vt -0.061027 -0.005959
vt -0.078016 -0.005959
vt -0.080526 0.000000
vt -0.062991 0.000000
vt -0.078016 -0.005959
vt -0.086823 -0.005959
vt -0.089616 0.000000
vt -0.080526 0.000000
vt -0.092578 -0.005959
vt -0.100000 -0.005959
vt -0.100000 0.000000
vt -0.092339 0.000000
vt -0.100000 -0.005959
vt -0.107422 -0.005959
vt -0.107661 0.000000
vt -0.100000 0.000000
vt -0.086823 -0.005959
vt -0.078016 -0.005959
vt -0.080526 0.000000
vt -0.089616 0.000000
vt -0.078016 -0.005959
vt -0.061027 -0.005959
vt -0.062991 0.000000
vt -0.080526 0.000000
vt -0.061027 -0.005959
vt -0.000000 -0.005959
vt -0.000000 0.000000
vt -0.062991 0.000000
vt -0.000000 -0.005959
vt 0.061027 -0.005959
vt 0.062991 0.000000
vt -0.000000 0.000000
vt 0.061027 -0.005959
vt 0.078016 -0.005959
vt 0.080526 0.000000
vt 0.062991 0.000000
vt 0.078016 -0.005959
vt 0.086823 -0.005959
vt 0.089616 0.000000
vt 0.080526 0.000000
vt -0.107422 -0.005959
vt -0.100000 -0.005959
vt -0.100000 0.000000
vt -0.107661 0.000000
vt -0.100000 0.000000
vt -0.092339 0.000000
vt -0.092578 0.005959
vt -0.100000 0.005959
vt 0.089616 0.000000
vt 0.080526 0.000000
vt 0.078016 0.005959
vt 0.086823 0.005959
vt 0.080526 0.000000
vt 0.062991 0.000000
vt 0.061027 0.005959
vt 0.078016 0.005959
vt 0.062991 0.000000
vt 0.000000 0.000000
vt 0.000000 0.005959
vt 0.061027 0.005959
vt 0.000000 0.000000
vt -0.062991 0.000000
vt -0.061027 0.005959
vt 0.000000 0.005959
vt -0.062991 0.000000
vt -0.080526 0.000000
vt -0.078016 0.005959
vt -0.061027 0.005959
vt -0.080526 0.000000
vt -0.089616 0.000000
vt -0.086823 0.005959
vt -0.078016 0.005959
vt -0.092339 0.000000
vt -0.100000 0.000000
vt -0.100000 0.005959
vt -0.092578 0.005959
vt -0.100000 0.000000
vt -0.107661 0.000000
vt -0.107422 0.005959
vt -0.100000 0.005959
vt -0.089616 0.000000
vt -0.080526 0.000000
vt -0.078016 0.005959
vt -0.086823 0.005959
vt -0.080526 0.000000
vt -0.062991 0.000000
vt -0.061027 0.005959
vt -0.078016 0.005959
vt -0.062991 0.000000
vt -0.000000 0.000000
vt -0.000000 0.005959
vt -0.061027 0.005959
vt -0.000000 0.000000
vt 0.062991 0.000000
vt 0.061027 0.005959
vt -0.000000 0.005959
vt 0.062991 0.000000
vt 0.080526 0.000000
vt 0.078016 0.005959
vt 0.061027 0.005959
vt 0.080526 0.000000
vt 0.089616 0.000000
vt 0.086823 0.005959
vt 0.078016 0.005959
vt -0.107661 0.000000
vt -0.100000 0.000000
vt -0.100000 0.005959
vt -0.107422 0.005959
vt 0.089616 -0.100000
vt 0.086823 -0.092578
vt 0.078016 -0.093331
vt 0.080526 -0.100000
vt 0.086823 -0.092578
vt 0.078016 -0.090512
vt 0.070102 -0.091474
vt 0.078016 -0.093331
vt 0.078016 0.005959
vt 0.061027 0.005959
vt 0.054837 0.007617
vt 0.070102 0.007617
vt 0.061027 0.005959
vt 0.000000 0.005959
vt 0.000000 0.007617
vt 0.054837 0.007617
vt 0.000000 0.005959
vt -0.061027 0.005959
vt -0.054837 0.007617
vt 0.000000 0.007617
vt -0.061027 0.005959
vt -0.078016 0.005959
vt -0.070102 0.007617
vt -0.054837 0.007617
vt -0.078016 -0.090512
vt -0.086823 -0.092578
vt -0.078016 -0.093331
vt -0.070102 -0.091474
vt -0.086823 -0.092578
vt -0.089616 -0.100000
vt -0.080526 -0.100000
vt -0.078016 -0.093331
vt -0.089616 -0.100000
vt -0.086823 -0.107422
vt -0.078016 -0.106669
vt -0.080526 -0.100000
vt -0.086823 -0.107422
vt -0.078016 -0.109488
vt -0.070102 -0.108526
vt -0.078016 -0.106669
vt -0.078016 0.005959
vt -0.061027 0.005959
vt -0.054837 0.007617
vt -0.070102 0.007617
vt -0.061027 0.005959
vt -0.000000 0.005959
vt -0.000000 0.007617
vt -0.054837 0.007617
vt -0.000000 0.005959
vt 0.061027 0.005959
vt 0.054837 0.007617
vt -0.000000 0.007617
vt 0.061027 0.005959
vt 0.078016 0.005959
vt 0.070102 0.007617
vt 0.054837 0.007617
vt 0.078016 -0.109488
vt 0.086823 -0.107422
vt 0.078016 -0.106669
vt 0.070102 -0.108526
vt 0.086823 -0.107422
vt 0.089616 -0.100000
vt 0.080526 -0.100000
vt 0.078016 -0.106669
vt 0.080526 -0.100000
vt 0.078016 -0.093331
vt 0.061027 -0.094783
vt 0.062991 -0.100000
vt 0.078016 -0.093331
vt 0.070102 -0.091474
vt 0.054837 -0.093331
vt 0.061027 -0.094783
vt 0.070102 -0.091474
vt 0.054837 -0.090512
vt 0.042896 -0.092578
vt 0.054837 -0.093331
vt 0.054837 -0.090512
vt 0.000000 -0.090206
vt 0.000000 -0.092339
vt 0.042896 -0.092578
vt 0.000000 -0.090206
vt -0.054837 -0.090512
vt -0.042896 -0.092578
vt 0.000000 -0.092339
vt -0.054837 -0.090512
vt -0.070102 -0.091474
vt -0.054837 -0.093331
vt -0.042896 -0.092578
vt -0.070102 -0.091474
vt -0.078016 -0.093331
vt -0.061027 -0.094783
vt -0.054837 -0.093331
vt -0.078016 -0.093331
vt -0.080526 -0.100000
vt -0.062991 -0.100000
vt -0.061027 -0.094783
vt -0.080526 -0.100000
vt -0.078016 -0.106669
vt -0.061027 -0.105217
vt -0.062991 -0.100000
vt -0.078016 -0.106669
vt -0.070102 -0.108526
vt -0.054837 -0.106669
vt -0.061027 -0.105217
vt -0.070102 -0.108526
vt -0.054837 -0.109488
vt -0.042896 -0.107422
vt -0.054837 -0.106669
vt -0.054837 -0.109488
vt -0.000000 -0.109794
vt -0.000000 -0.107661
vt -0.042896 -0.107422
vt -0.000000 -0.109794
vt 0.054837 -0.109488
vt 0.042896 -0.107422
vt -0.000000 -0.107661
vt 0.054837 -0.109488
vt 0.070102 -0.108526
vt 0.054837 -0.106669
vt 0.042896 -0.107422
vt 0.070102 -0.108526
vt 0.078016 -0.106669
vt 0.061027 -0.105217
vt 0.054837 -0.106669
vt 0.078016 -0.106669
vt 0.080526 -0.100000
vt 0.062991 -0.100000
vt 0.061027 -0.105217
vt 0.062991 -0.100000
vt 0.061027 -0.094783
vt 0.000000 -0.100000
vt 0.000000 -0.100000
vt 0.061027 -0.094783
vt 0.054837 -0.093331
vt 0.000000 -0.100000
vt 0.000000 -0.100000
vt 0.054837 -0.093331
vt 0.042896 -0.092578
vt 0.000000 -0.100000
vt 0.000000 -0.100000
vt 0.042896 -0.092578
vt 0.000000 -0.092339
vt 0.000000 -0.100000
vt 0.000000 -0.100000
vt 0.000000 -0.092339
vt -0.042896 -0.092578
vt -0.000000 -0.100000
vt 0.000000 -0.100000
vt -0.042896 -0.092578
vt -0.054837 -0.093331
vt -0.000000 -0.100000
vt -0.000000 -0.100000
vt -0.054837 -0.093331
vt -0.061027 -0.094783
vt -0.000000 -0.100000
vt -0.000000 -0.100000
vt -0.061027 -0.094783
vt -0.062991 -0.100000
vt -0.000000 -0.100000
vt -0.000000 -0.100000
vt -0.062991 -0.100000
vt -0.061027 -0.105217
vt -0.000000 -0.100000
vt -0.000000 -0.100000
vt -0.061027 -0.105217
vt -0.054837 -0.106669
vt -0.000000 -0.100000
vt -0.000000 -0.100000
vt -0.054837 -0.106669
vt -0.042896 -0.107422
vt -0.000000 -0.100000
vt -0.000000 -0.100000
vt -0.042896 -0.107422
vt -0.000000 -0.107661
vt -0.000000 -0.100000
vt -0.000000 -0.100000
vt -0.000000 -0.107661
vt 0.042896 -0.107422
vt 0.000000 -0.100000
vt -0.000000 -0.100000
vt 0.042896 -0.107422
vt 0.054837 -0.106669
vt 0.000000 -0.100000
vt 0.000000 -0.100000
vt 0.054837 -0.106669
vt 0.061027 -0.105217
vt 0.000000 -0.100000
vt 0.000000 -0.100000
vt 0.061027 -0.105217
vt 0.062991 -0.100000
vt 0.000000 -0.100000
vt 0.000000 -0.100000
f 1/7 2/6 3/5 4/4 5/3 6/2 7/1
f 14/14 13/13 12/12 11/11 10/10 9/9 8/8
f 8/18 9/17 2/16 1/15
f 9/22 10/21 3/20 2/19
f 10/26 11/25 4/24 3/23
f 11/30 12/29 5/28 4/27
f 12/34 13/33 6/32 5/31
f 13/38 14/37 7/36 6/35
f 14/42 8/41 1/40 7/39
f 31/46 32/45 16/44 15/43
f 32/50 33/49 17/48 16/47
f 33/54 34/53 18/52 17/51
f 34/58 35/57 19/56 18/55
f 35/62 36/61 20/60 19/59
f 36/66 37/65 21/64 20/63
f 37/70 38/69 22/68 21/67
f 38/74 39/73 23/72 22/71
f 39/78 40/77 24/76 23/75
f 40/82 41/81 25/80 24/79
f 41/86 42/85 26/84 25/83
f 42/90 43/89 27/88 26/87
f 43/94 44/93 28/92 27/91
f 44/98 45/97 29/96 28/95
f 45/102 46/101 30/100 29/99
f 46/106 31/105 15/104 30/103
f 47/110 48/109 32/108 31/107
f 48/114 49/113 33/112 32/111
f 49/118 50/117 34/116 33/115
f 50/122 51/121 35/120 34/119
f 51/126 52/125 36/124 35/123
f 52/130 53/129 37/128 36/127
f 53/134 54/133 38/132 37/131
f 54/138 55/137 39/136 38/135
f 55/142 56/141 40/140 39/139
f 56/146 57/145 41/144 40/143
f 57/150 58/149 42/148 41/147
f 58/154 59/153 43/152 42/151
f 59/158 60/157 44/156 43/155
f 60/162 61/161 45/160 44/159
f 61/166 62/165 46/164 45/163
f 62/170 47/169 31/168 46/167
f 63/174 64/173 48/172 47/171
f 64/178 65/177 49/176 48/175
f 65/182 66/181 50/180 49/179
f 66/186 67/185 51/184 50/183
f 67/190 68/189 52/188 51/187
f 68/194 69/193 53/192 52/191
f 69/198 70/197 54/196 53/195
f 70/202 71/201 55/200 54/199
f 71/206 72/205 56/204 55/203
f 72/210 73/209 57/208 56/207
f 73/214 74/213 58/212 57/211
f 74/218 75/217 59/216 58/215
f 75/222 76/221 60/220 59/219
f 76/226 77/225 61/224 60/223
f 77/230 78/229 62/228 61/227
f 78/234 63/233 47/232 62/231
f 79/238 80/237 64/236 63/235
f 80/242 81/241 65/240 64/239
f 81/246 82/245 66/244 65/243
f 82/250 83/249 67/248 66/247
f 83/254 84/253 68/252 67/251
f 84/258 85/257 69/256 68/255
f 85/262 86/261 70/260 69/259
f 86/266 87/265 71/264 70/263
f 87/270 88/269 72/268 71/267
f 88/274 89/273 73/272 72/271
f 89/278 90/277 74/276 73/275
f 90/282 91/281 75/280 74/279
f 91/286 92/285 76/284 75/283
f 92/290 93/289 77/288 76/287
f 93/294 94/293 78/292 77/291
f 94/298 79/297 63/296 78/295
f 95/302 96/301 80/300 79/299
f 96/306 97/305 81/304 80/303
f 97/310 98/309 82/308 81/307
f 98/314 99/313 83/312 82/311
f 99/318 100/317 84/316 83/315
f 100/322 101/321 85/320 84/319
f 101/326 102/325 86/324 85/323
f 102/330 103/329 87/328 86/327
f 103/334 104/333 88/332 87/331
f 104/338 105/337 89/336 88/335
f 105/342 106/341 90/340 89/339
f 106/346 107/345 91/344 90/343
f 107/350 108/349 92/348 91/347
f 108/354 109/353 93/352 92/351
f 109/358 110/357 94/356 93/355
f 110/362 95/361 79/360 94/359
f 111/366 112/365 96/364 95/363
f 112/370 113/369 97/368 96/367
f 113/374 114/373 98/372 97/371
f 114/378 115/377 99/376 98/375
f 115/382 116/381 100/380 99/379
f 116/386 117/385 101/384 100/383
f 117/390 118/389 102/388 101/387
f 118/394 119/393 103/392 102/391
f 119/398 120/397 104/396 103/395
f 120/402 121/401 105/400 104/399
f 121/406 122/405 106/404 105/403
f 122/410 123/409 107/408 106/407
f 123/414 124/413 108/412 107/411
f 124/418 125/417 109/416 108/415
f 125/422 126/421 110/420 109/419
f 126/426 111/425 95/424 110/423
f 127/430 128/429 112/428 111/427
f 128/434 129/433 113/432 112/431
f 129/438 130/437 114/436 113/435
f 130/442 131/441 115/440 114/439
f 131/446 132/445 116/444 115/443
f 132/450 133/449 117/448 116/447
f 133/454 134/453 118/452 117/451
f 134/458 135/457 119/456 118/455
f 135/462 136/461 120/460 119/459
f 136/466 137/465 121/464 120/463
f 137/470 138/469 122/468 121/467
f 138/474 139/473 123/472 122/471
f 139/478 140/477 124/476 123/475
f 140/482 141/481 125/480 124/479
f 141/486 142/485 126/484 125/483
f 142/490 127/489 111/488 126/487
f 143/494 144/493 128/492 127/491
f 144/498 145/497 129/496 128/495
f 145/502 146/501 130/500 129/499
f 146/506 147/505 131/504 130/503
f 147/510 148/509 132/508 131/507
f 148/514 149/513 133/512 132/511
f 149/518 150/517 134/516 133/515
f 150/522 151/521 135/520 134/519
f 151/526 152/525 136/524 135/523
f 152/530 153/529 137/528 136/527
f 153/534 154/533 138/532 137/531
f 154/538 155/537 139/536 138/535
f 155/542 156/541 140/540 139/539
f 156/546 157/545 141/544 140/543
f 157/550 158/549 142/548 141/547
f 158/554 143/553 127/552 142/551
f 175/558 176/557 160/556 159/555
f 176/562 177/561 161/560 160/559
f 177/566 178/565 162/564 161/563
f 178/570 179/569 163/568 162/567
f 179/574 180/573 164/572 163/571
f 180/578 181/577 165/576 164/575
f 181/582 182/581 166/580 165/579
f 182/586 183/585 167/584 166/583
f 183/590 184/589 168/588 167/587
f 184/594 185/593 169/592 168/591
f 185/598 186/597 170/596 169/595
f 186/602 187/601 171/600 170/599
f 187/606 188/605 172/604 171/603
f 188/610 189/609 173/608 172/607
f 189/614 190/613 174/612 173/611
f 190/618 175/617 159/616 174/615
f 191/622 192/621 176/620 175/619
f 192/626 193/625 177/624 176/623
f 193/630 194/629 178/628 177/627
f 194/634 195/633 179/632 178/631
f 195/638 196/637 180/636 179/635
f 196/642 197/641 181/640 180/639
f 197/646 198/645 182/644 181/643
f 198/650 199/649 183/648 182/647
f 199/654 200/653 184/652 183/651
f 200/658 201/657 185/656 184/655
f 201/662 202/661 186/660 185/659
f 202/666 203/665 187/664 186/663
f 203/670 204/669 188/668 187/667
f 204/674 205/673 189/672 188/671
f 205/678 206/677 190/676 189/675
f 206/682 191/681 175/680 190/679
f 207/686 208/685 192/684 191/683
f 208/690 209/689 193/688 192/687
f 209/694 210/693 194/692 193/691
f 210/698 211/697 195/696 194/695
f 211/702 212/701 196/700 195/699
f 212/706 213/705 197/704 196/703
f 213/710 214/709 198/708 197/707
f 214/714 215/713 199/712 198/711
f 215/718 216/717 200/716 199/715
f 216/722 217/721 201/720 200/719
f 217/726 218/725 202/724 201/723
f 218/730 219/729 203/728 202/727
f 219/734 220/733 204/732 203/731
f 220/738 221/737 205/736 204/735
f 221/742 222/741 206/740 205/739
f 222/746 207/745 191/744 206/743
f 223/750 224/749 208/748 207/747
f 224/754 225/753 209/752 208/751
f 225/758 226/757 210/756 209/755
f 226/762 227/761 211/760 210/759
f 227/766 228/765 212/764 211/763
f 228/770 229/769 213/768 212/767
f 229/774 230/773 214/772 213/771
f 230/778 231/777 215/776 214/775
f 231/782 232/781 216/780 215/779
f 232/786 233/785 217/784 216/783
f 233/790 234/789 218/788 217/787
f 234/794 235/793 219/792 218/791
f 235/798 236/797 220/796 219/795
f 236/802 237/801 221/800 220/799
f 237/806 238/805 222/804 221/803
f 238/810 223/809 207/808 222/807
f 239/814 240/813 224/812 223/811
f 240/818 241/817 225/816 224/815
f 241/822 242/821 226/820 225/819
f 242/826 243/825 227/824 226/823
f 243/830 244/829 228/828 227/827
f 244/834 245/833 229/832 228/831
f 245/838 246/837 230/836 229/835
f 246/842 247/841 231/840 230/839
f 247/846 248/845 232/844 231/843
f 248/850 249/849 233/848 232/847
f 249/854 250/853 234/852 233/851
f 250/858 251/857 235/856 234/855
f 251/862 252/861 236/860 235/859
f 252/866 253/865 237/864 236/863
f 253/870 254/869 238/868 237/867
f 254/874 239/873 223/872 238/871
f 255/878 256/877 240/876 239/875
f 256/882 257/881 241/880 240/879
f 257/886 258/885 242/884 241/883
f 258/890 259/889 243/888 242/887
f 259/894 260/893 244/892 243/891
f 260/898 261/897 245/896 244/895
f 261/902 262/901 246/900 245/899
f 262/906 263/905 247/904 246/903
f 263/910 264/909 248/908 247/907
f 264/914 265/913 249/912 248/911
f 265/918 266/917 250/916 249/915
f 266/922 267/921 251/920 250/919
f 267/926 268/925 252/924 251/923
f 268/930 269/929 253/928 252/927
f 269/934 270/933 254/932 253/931
f 270/938 255/937 239/936 254/935
f 271/942 272/941 256/940 255/939
f 272/946 273/945 257/944 256/943
f 273/950 274/949 258/948 257/947
f 274/954 275/953 259/952 258/951
f 275/958 276/957 260/956 259/955
f 276/962 277/961 261/960 260/959
f 277/966 278/965 262/964 261/963
f 278/970 279/969 263/968 262/967
f 279/974 280/973 264/972 263/971
f 280/978 281/977 265/976 264/975
f 281/982 282/981 266/980 265/979
f 282/986 283/985 267/984 266/983
f 283/990 284/989 268/988 267/987
f 284/994 285/993 269/992 268/991
f 285/998 286/997 270/996 269/995
f 286/1002 271/1001 255/1000 270/999
f 287/1006 288/1005 272/1004 271/1003
f 288/1010 289/1009 273/1008 272/1007
f 289/1014 290/1013 274/1012 273/1011
f 290/1018 291/1017 275/1016 274/1015
f 291/1022 292/1021 276/1020 275/1019
f 292/1026 293/1025 277/1024 276/1023
f 293/1030 294/1029 278/1028 277/1027
f 294/1034 295/1033 279/1032 278/1031
f 295/1038 296/1037 280/1036 279/1035
f 296/1042 297/1041 281/1040 280/1039
f 297/1046 298/1045 282/1044 281/1043
f 298/1050 299/1049 283/1048 282/1047
f 299/1054 300/1053 284/1052 283/1051
f 300/1058 301/1057 285/1056 284/1055
f 301/1062 302/1061 286/1060 285/1059
f 302/1066 287/1065 271/1064 286/1063
f 319/1070 320/1069 304/1068 303/1067
f 320/1074 321/1073 305/1072 304/1071
f 321/1078 322/1077 306/1076 305/1075
f 322/1082 323/1081 307/1080 306/1079
f 323/1086 324/1085 308/1084 307/1083
f 324/1090 325/1089 309/1088 308/1087
f 325/1094 326/1093 310/1092 309/1091
f 326/1098 327/1097 311/1096 310/1095
f 327/1102 328/1101 312/1100 311/1099
f 328/1106 329/1105 313/1104 312/1103
f 329/1110 330/1109 314/1108 313/1107
f 330/1114 331/1113 315/1112 314/1111
f 331/1118 332/1117 316/1116 315/1115
f 332/1122 333/1121 317/1120 316/1119
f 333/1126 334/1125 318/1124 317/1123
f 334/1130 319/1129 303/1128 318/1127
f 335/1134 336/1133 320/1132 319/1131
f 336/1138 337/1137 321/1136 320/1135
f 337/1142 338/1141 322/1140 321/1139
f 338/1146 339/1145 323/1144 322/1143
f 339/1150 340/1149 324/1148 323/1147
f 340/1154 341/1153 325/1152 324/1151
f 341/1158 342/1157 326/1156 325/1155
f 342/1162 343/1161 327/1160 326/1159
f 343/1166 344/1165 328/1164 327/1163
f 344/1170 345/1169 329/1168 328/1167
f 345/1174 346/1173 330/1172 329/1171
f 346/1178 347/1177 331/1176 330/1175
f 347/1182 348/1181 332/1180 331/1179
f 348/1186 349/1185 333/1184 332/1183
f 349/1190 350/1189 334/1188 333/1187
f 350/1194 335/1193 319/1192 334/1191
f 351/1198 352/1197 336/1196 335/1195
f 352/1202 353/1201 337/1200 336/1199
f 353/1206 354/1205 338/1204 337/1203
f 354/1210 355/1209 339/1208 338/1207
f 355/1214 356/1213 340/1212 339/1211
f 356/1218 357/1217 341/1216 340/1215
f 357/1222 358/1221 342/1220 341/1219
f 358/1226 359/1225 343/1224 342/1223
f 359/1230 360/1229 344/1228 343/1227
f 360/1234 361/1233 345/1232 344/1231
f 361/1238 362/1237 346/1236 345/1235
f 362/1242 363/1241 347/1240 346/1239
f 363/1246 364/1245 348/1244 347/1243
f 364/1250 365/1249 349/1248 348/1247
f 365/1254 366/1253 350/1252 349/1251
f 366/1258 351/1257 335/1256 350/1255
f 367/1262 368/1261 352/1260 351/1259
f 368/1266 369/1265 353/1264 352/1263
f 369/1270 370/1269 354/1268 353/1267
f 370/1274 371/1273 355/1272 354/1271
f 371/1278 372/1277 356/1276 355/1275
f 372/1282 373/1281 357/1280 356/1279
f 373/1286 374/1285 358/1284 357/1283
f 374/1290 375/1289 359/1288 358/1287
f 375/1294 376/1293 360/1292 359/1291
f 376/1298 377/1297 361/1296 360/1295
f 377/1302 378/1301 362/1300 361/1299
f 378/1306 379/1305 363/1304 362/1303
f 379/1310 380/1309 364/1308 363/1307
f 380/1314 381/1313 365/1312 364/1311
f 381/1318 382/1317 366/1316 365/1315
f 382/1322 367/1321 351/1320 366/1319
f 383/1326 384/1325 368/1324 367/1323
f 384/1330 385/1329 369/1328 368/1327
f 385/1334 386/1333 370/1332 369/1331
f 386/1338 387/1337 371/1336 370/1335
f 387/1342 388/1341 372/1340 371/1339
f 388/1346 389/1345 373/1344 372/1343
f 389/1350 390/1349 374/1348 373/1347
f 390/1354 391/1353 375/1352 374/1351
f 391/1358 392/1357 376/1356 375/1355
f 392/1362 393/1361 377/1360 376/1359
f 393/1366 394/1365 378/1364 377/1363
f 394/1370 395/1369 379/1368 378/1367
f 395/1374 396/1373 380/1372 379/1371
f 396/1378 397/1377 381/1376 380/1375
f 397/1382 398/1381 382/1380 381/1379
f 398/1386 383/1385 367/1384 382/1383
f 399/1390 400/1389 384/1388 383/1387
f 400/1394 401/1393 385/1392 384/1391
f 401/1398 402/1397 386/1396 385/1395
f 402/1402 403/1401 387/1400 386/1399
f 403/1406 404/1405 388/1404 387/1403
f 404/1410 405/1409 389/1408 388/1407
f 405/1414 406/1413 390/1412 389/1411
f 406/1418 407/1417 391/1416 390/1415
f 407/1422 408/1421 392/1420 391/1419
f 408/1426 409/1425 393/1424 392/1423
f 409/1430 410/1429 394/1428 393/1427
f 410/1434 411/1433 395/1432 394/1431
f 411/1438 412/1437 396/1436 395/1435
f 412/1442 413/1441 397/1440 396/1439
f 413/1446 414/1445 398/1444 397/1443
f 414/1450 399/1449 383/1448 398/1447
f 415/1454 416/1453 400/1452 399/1451
f 416/1458 417/1457 401/1456 400/1455
f 417/1462 418/1461 402/1460 401/1459
f 418/1466 419/1465 403/1464 402/1463
f 419/1470 420/1469 404/1468 403/1467
f 420/1474 421/1473 405/1472 404/1471
f 421/1478 422/1477 406/1476 405/1475
f 422/1482 423/1481 407/1480 406/1479
f 423/1486 424/1485 408/1484 407/1483
f 424/1490 425/1489 409/1488 408/1487
f 425/1494 426/1493 410/1492 409/1491
f 426/1498 427/1497 411/1496 410/1495
f 427/1502 428/1501 412/1500 411/1499
f 428/1506 429/1505 413/1504 412/1503
f 429/1510 430/1509 414/1508 413/1507
f 430/1514 415/1513 399/1512 414/1511
f 431/1518 432/1517 416/1516 415/1515
f 432/1522 433/1521 417/1520 416/1519
f 433/1526 434/1525 418/1524 417/1523
f 434/1530 435/1529 419/1528 418/1527
f 435/1534 436/1533 420/1532 419/1531
f 436/1538 437/1537 421/1536 420/1535
f 437/1542 438/1541 422/1540 421/1539
f 438/1546 439/1545 423/1544 422/1543
f 439/1550 440/1549 424/1548 423/1547
f 440/1554 441/1553 425/1552 424/1551
f 441/1558 442/1557 426/1556 425/1555
f 442/1562 443/1561 427/1560 426/1559
f 443/1566 444/1565 428/1564 427/1563
f 444/1570 445/1569 429/1568 428/1567
f 445/1574 446/1573 430/1572 429/1571
f 446/1578 431/1577 415/1576 430/1575
f 447/1583 448/1582 449/1581 450/1580 451/1579
f 456/1588 455/1587 454/1586 453/1585 452/1584
f 452/1592 453/1591 448/1590 447/1589
f 453/1596 454/1595 449/1594 448/1593
f 454/1600 455/1599 450/1598 449/1597
f 455/1604 456/1603 451/1602 450/1601
f 456/1608 452/1607 447/1606 451/1605
f 457/1615 458/1614 459/1613 460/1612 461/1611 462/1610 463/1609
f 470/1622 469/1621 468/1620 467/1619 466/1618 465/1617 464/1616
f 464/1626 465/1625 458/1624 457/1623
f 465/1630 466/1629 459/1628 458/1627
f 466/1634 467/1633 460/1632 459/1631
f 467/1638 468/1637 461/1636 460/1635
f 468/1642 469/1641 462/1640 461/1639
f 469/1646 470/1645 463/1644 462/1643
f 470/1650 464/1649 457/1648 463/1647
f 471/1654 472/1653 473/1652 474/1651
f 478/1658 477/1657 476/1656 475/1655
f 475/1662 476/1661 472/1660 471/1659
f 476/1666 477/1665 473/1664 472/1663
f 477/1670 478/1669 474/1668 473/1667
f 478/1674 475/1673 471/1672 474/1671
f 479/1678 480/1677 481/1676 482/1675
f 486/1682 485/1681 484/1680 483/1679
f 483/1686 484/1685 480/1684 479/1683
f 484/1690 485/1689 481/1688 480/1687
f 485/1694 486/1693 482/1692 481/1691
f 486/1698 483/1697 479/1696 482/1695
f 487/1702 488/1701 489/1700 490/1699
f 494/1706 493/1705 492/1704 491/1703
f 491/1710 492/1709 488/1708 487/1707
f 492/1714 493/1713 489/1712 488/1711
f 493/1718 494/1717 490/1716 489/1715
f 494/1722 491/1721 487/1720 490/1719
f 495/1726 496/1725 497/1724 498/1723
f 502/1730 501/1729 500/1728 499/1727
f 499/1734 500/1733 496/1732 495/1731
f 500/1738 501/1737 497/1736 496/1735
f 501/1742 502/1741 498/1740 497/1739
f 502/1746 499/1745 495/1744 498/1743
f 503/1750 504/1749 505/1748 506/1747
f 510/1754 509/1753 508/1752 507/1751
f 507/1758 508/1757 504/1756 503/1755
f 508/1762 509/1761 505/1760 504/1759
f 509/1766 510/1765 506/1764 505/1763
f 510/1770 507/1769 503/1768 506/1767
f 511/1774 512/1773 513/1772 514/1771
f 518/1778 517/1777 516/1776 515/1775
f 515/1782 516/1781 512/1780 511/1779
f 516/1786 517/1785 513/1784 512/1783
f 517/1790 518/1789 514/1788 513/1787
f 518/1794 515/1793 511/1792 514/1791
f 535/1798 536/1797 520/1796 519/1795
f 536/1802 537/1801 521/1800 520/1799
f 537/1806 538/1805 522/1804 521/1803
f 538/1810 539/1809 523/1808 522/1807
f 539/1814 540/1813 524/1812 523/1811
f 540/1818 541/1817 525/1816 524/1815
f 541/1822 542/1821 526/1820 525/1819
f 542/1826 543/1825 527/1824 526/1823
f 543/1830 544/1829 528/1828 527/1827
f 544/1834 545/1833 529/1832 528/1831
f 545/1838 546/1837 530/1836 529/1835
f 546/1842 547/1841 531/1840 530/1839
f 547/1846 548/1845 532/1844 531/1843
f 548/1850 549/1849 533/1848 532/1847
f 549/1854 550/1853 534/1852 533/1851
f 550/1858 535/1857 519/1856 534/1855
f 551/1862 552/1861 536/1860 535/1859
f 552/1866 553/1865 537/1864 536/1863
f 553/1870 554/1869 538/1868 537/1867
f 554/1874 555/1873 539/1872 538/1871
f 555/1878 556/1877 540/1876 539/1875
f 556/1882 557/1881 541/1880 540/1879
f 557/1886 558/1885 542/1884 541/1883
f 558/1890 559/1889 543/1888 542/1887
f 559/1894 560/1893 544/1892 543/1891
f 560/1898 561/1897 545/1896 544/1895
f 561/1902 562/1901 546/1900 545/1899
f 562/1906 563/1905 547/1904 546/1903
f 563/1910 564/1909 548/1908 547/1907
f 564/1914 565/1913 549/1912 548/1911
f 565/1918 566/1917 550/1916 549/1915
f 566/1922 551/1921 535/1920 550/1919
f 567/1926 568/1925 552/1924 551/1923
f 568/1930 569/1929 553/1928 552/1927
f 569/1934 570/1933 554/1932 553/1931
f 570/1938 571/1937 555/1936 554/1935
f 571/1942 572/1941 556/1940 555/1939
f 572/1946 573/1945 557/1944 556/1943
f 573/1950 574/1949 558/1948 557/1947
f 574/1954 575/1953 559/1952 558/1951
f 575/1958 576/1957 560/1956 559/1955
f 576/1962 577/1961 561/1960 560/1959
f 577/1966 578/1965 562/1964 561/1963
f 578/1970 579/1969 563/1968 562/1967
f 579/1974 580/1973 564/1972 563/1971
f 580/1978 581/1977 565/1976 564/1975
f 581/1982 582/1981 566/1980 565/1979
f 582/1986 567/1985 551/1984 566/1983
f 583/1990 584/1989 568/1988 567/1987
f 584/1994 585/1993 569/1992 568/1991
f 585/1998 586/1997 570/1996 569/1995
f 586/2002 587/2001 571/2000 570/1999
f 587/2006 588/2005 572/2004 571/2003
f 588/2010 589/2009 573/2008 572/2007
f 589/2014 590/2013 574/2012 573/2011
f 590/2018 591/2017 575/2016 574/2015
f 591/2022 592/2021 576/2020 575/2019
f 592/2026 593/2025 577/2024 576/2023
f 593/2030 594/2029 578/2028 577/2027
f 594/2034 595/2033 579/2032 578/2031
f 595/2038 596/2037 580/2036 579/2035
f 596/2042 597/2041 581/2040 580/2039
f 597/2046 598/2045 582/2044 581/2043
f 598/2050 583/2049 567/2048 582/2047
f 599/2054 600/2053 584/2052 583/2051
f 600/2058 601/2057 585/2056 584/2055
f 601/2062 602/2061 586/2060 585/2059
f 602/2066 603/2065 587/2064 586/2063
f 603/2070 604/2069 588/2068 587/2067
f 604/2074 605/2073 589/2072 588/2071
f 605/2078 606/2077 590/2076 589/2075
f 606/2082 607/2081 591/2080 590/2079
f 607/2086 608/2085 592/2084 591/2083
f 608/2090 609/2089 593/2088 592/2087
f 609/2094 610/2093 594/2092 593/2091
f 610/2098 611/2097 595/2096 594/2095
f 611/2102 612/2101 596/2100 595/2099
f 612/2106 613/2105 597/2104 596/2103
f 613/2110 614/2109 598/2108 597/2107
f 614/2114 599/2113 583/2112 598/2111
f 615/2118 616/2117 600/2116 599/2115
f 616/2122 617/2121 601/2120 600/2119
f 617/2126 618/2125 602/2124 601/2123
f 618/2130 619/2129 603/2128 602/2127
f 619/2134 620/2133 604/2132 603/2131
f 620/2138 621/2137 605/2136 604/2135
f 621/2142 622/2141 606/2140 605/2139
f 622/2146 623/2145 607/2144 606/2143
f 623/2150 624/2149 608/2148 607/2147
f 624/2154 625/2153 609/2152 608/2151
f 625/2158 626/2157 610/2156 609/2155
f 626/2162 627/2161 611/2160 610/2159
f 627/2166 628/2165 612/2164 611/2163
f 628/2170 629/2169 613/2168 612/2167
f 629/2174 630/2173 614/2172 613/2171
f 630/2178 615/2177 599/2176 614/2175
f 631/2182 632/2181 616/2180 615/2179
f 632/2186 633/2185 617/2184 616/2183
f 633/2190 634/2189 618/2188 617/2187
f 634/2194 635/2193 619/2192 618/2191
f 635/2198 636/2197 620/2196 619/2195
f 636/2202 637/2201 621/2200 620/2199
f 637/2206 638/2205 622/2204 621/2203
f 638/2210 639/2209 623/2208 622/2207
f 639/2214 640/2213 624/2212 623/2211
f 640/2218 641/2217 625/2216 624/2215
f 641/2222 642/2221 626/2220 625/2219
f 642/2226 643/2225 627/2224 626/2223
f 643/2230 644/2229 628/2228 627/2227
f 644/2234 645/2233 629/2232 628/2231
f 645/2238 646/2237 630/2236 629/2235
f 646/2242 631/2241 615/2240 630/2239
f 647/2246 648/2245 632/2244 631/2243
f 648/2250 649/2249 633/2248 632/2247
f 649/2254 650/2253 634/2252 633/2251
f 650/2258 651/2257 635/2256 634/2255
f 651/2262 652/2261 636/2260 635/2259
f 652/2266 653/2265 637/2264 636/2263
f 653/2270 654/2269 638/2268 637/2267
f 654/2274 655/2273 639/2272 638/2271
f 655/2278 656/2277 640/2276 639/2275
f 656/2282 657/2281 641/2280 640/2279
f 657/2286 658/2285 642/2284 641/2283
f 658/2290 659/2289 643/2288 642/2287
f 659/2294 660/2293 644/2292 643/2291
f 660/2298 661/2297 645/2296 644/2295
f 661/2302 662/2301 646/2300 645/2299
f 662/2306 647/2305 631/2304 646/2303
f 679/2310 680/2309 664/2308 663/2307
f 680/2314 681/2313 665/2312 664/2311
f 681/2318 682/2317 666/2316 665/2315
f 682/2322 683/2321 667/2320 666/2319
f 683/2326 684/2325 668/2324 667/2323
f 684/2330 685/2329 669/2328 668/2327
f 685/2334 686/2333 670/2332 669/2331
f 686/2338 687/2337 671/2336 670/2335
f 687/2342 688/2341 672/2340 671/2339
f 688/2346 689/2345 673/2344 672/2343
f 689/2350 690/2349 674/2348 673/2347
f 690/2354 691/2353 675/2352 674/2351
f 691/2358 692/2357 676/2356 675/2355
f 692/2362 693/2361 677/2360 676/2359
f 693/2366 694/2365 678/2364 677/2363
f 694/2370 679/2369 663/2368 678/2367
f 695/2374 696/2373 680/2372 679/2371
f 696/2378 697/2377 681/2376 680/2375
f 697/2382 698/2381 682/2380 681/2379
f 698/2386 699/2385 683/2384 682/2383
f 699/2390 700/2389 684/2388 683/2387
f 700/2394 701/2393 685/2392 684/2391
f 701/2398 702/2397 686/2396 685/2395
f 702/2402 703/2401 687/2400 686/2399
f 703/2406 704/2405 688/2404 687/2403
f 704/2410 705/2409 689/2408 688/2407
f 705/2414 706/2413 690/2412 689/2411
f 706/2418 707/2417 691/2416 690/2415
f 707/2422 708/2421 692/2420 691/2419
f 708/2426 709/2425 693/2424 692/2423
f 709/2430 710/2429 694/2428 693/2427
f 710/2434 695/2433 679/2432 694/2431
f 711/2438 712/2437 696/2436 695/2435
f 712/2442 713/2441 697/2440 696/2439
f 713/2446 714/2445 698/2444 697/2443
f 714/2450 715/2449 699/2448 698/2447
f 715/2454 716/2453 700/2452 699/2451
f 716/2458 717/2457 701/2456 700/2455
f 717/2462 718/2461 702/2460 701/2459
f 718/2466 719/2465 703/2464 702/2463
f 719/2470 720/2469 704/2468 703/2467
f 720/2474 721/2473 705/2472 704/2471
f 721/2478 722/2477 706/2476 705/2475
f 722/2482 723/2481 707/2480 706/2479
f 723/2486 724/2485 708/2484 707/2483
f 724/2490 725/2489 709/2488 708/2487
f 725/2494 726/2493 710/2492 709/2491
f 726/2498 711/2497 695/2496 710/2495
f 727/2502 728/2501 712/2500 711/2499
f 728/2506 729/2505 713/2504 712/2503
f 729/2510 730/2509 714/2508 713/2507
f 730/2514 731/2513 715/2512 714/2511
f 731/2518 732/2517 716/2516 715/2515
f 732/2522 733/2521 717/2520 716/2519
f 733/2526 734/2525 718/2524 717/2523
f 734/2530 735/2529 719/2528 718/2527
f 735/2534 736/2533 720/2532 719/2531
f 736/2538 737/2537 721/2536 720/2535
f 737/2542 738/2541 722/2540 721/2539
f 738/2546 739/2545 723/2544 722/2543
f 739/2550 740/2549 724/2548 723/2547
f 740/2554 741/2553 725/2552 724/2551
f 741/2558 742/2557 726/2556 725/2555
f 742/2562 727/2561 711/2560 726/2559
f 743/2566 744/2565 728/2564 727/2563
f 744/2570 745/2569 729/2568 728/2567
f 745/2574 746/2573 730/2572 729/2571
f 746/2578 747/2577 731/2576 730/2575
f 747/2582 748/2581 732/2580 731/2579
f 748/2586 749/2585 733/2584 732/2583
f 749/2590 750/2589 734/2588 733/2587
f 750/2594 751/2593 735/2592 734/2591
f 751/2598 752/2597 736/2596 735/2595
f 752/2602 753/2601 737/2600 736/2599
f 753/2606 754/2605 738/2604 737/2603
f 754/2610 755/2609 739/2608 738/2607
f 755/2614 756/2613 740/2612 739/2611
f 756/2618 757/2617 741/2616 740/2615
f 757/2622 758/2621 742/2620 741/2619
f 758/2626 743/2625 727/2624 742/2623
f 759/2630 760/2629 744/2628 743/2627
f 760/2634 761/2633 745/2632 744/2631
f 761/2638 762/2637 746/2636 745/2635
f 762/2642 763/2641 747/2640 746/2639
f 763/2646 764/2645 748/2644 747/2643
f 764/2650 765/2649 749/2648 748/2647
f 765/2654 766/2653 750/2652 749/2651
f 766/2658 767/2657 751/2656 750/2655
f 767/2662 768/2661 752/2660 751/2659
f 768/2666 769/2665 753/2664 752/2663
f 769/2670 770/2669 754/2668 753/2667
f 770/2674 771/2673 755/2672 754/2671
f 771/2678 772/2677 756/2676 755/2675
f 772/2682 773/2681 757/2680 756/2679
f 773/2686 774/2685 758/2684 757/2683
f 774/2690 759/2689 743/2688 758/2687
f 775/2694 776/2693 760/2692 759/2691
f 776/2698 777/2697 761/2696 760/2695
f 777/2702 778/2701 762/2700 761/2699
f 778/2706 779/2705 763/2704 762/2703
f 779/2710 780/2709 764/2708 763/2707
f 780/2714 781/2713 765/2712 764/2711
f 781/2718 782/2717 766/2716 765/2715
f 782/2722 783/2721 767/2720 766/2719
f 783/2726 784/2725 768/2724 767/2723
f 784/2730 785/2729 769/2728 768/2727
f 785/2734 786/2733 770/2732 769/2731
f 786/2738 787/2737 771/2736 770/2735
f 787/2742 788/2741 772/2740 771/2739
f 788/2746 789/2745 773/2744 772/2743
f 789/2750 790/2749 774/2748 773/2747
f 790/2754 775/2753 759/2752 774/2751
f 791/2758 792/2757 776/2756 775/2755
f 792/2762 793/2761 777/2760 776/2759
f 793/2766 794/2765 778/2764 777/2763
f 794/2770 795/2769 779/2768 778/2767
f 795/2774 796/2773 780/2772 779/2771
f 796/2778 797/2777 781/2776 780/2775
f 797/2782 798/2781 782/2780 781/2779
f 798/2786 799/2785 783/2784 782/2783
f 799/2790 800/2789 784/2788 783/2787
f 800/2794 801/2793 785/2792 784/2791
f 801/2798 802/2797 786/2796 785/2795
f 802/2802 803/2801 787/2800 786/2799
f 803/2806 804/2805 788/2804 787/2803
f 804/2810 805/2809 789/2808 788/2807
f 805/2814 806/2813 790/2812 789/2811
f 806/2818 791/2817 775/2816 790/2815
f 823/2822 824/2821 808/2820 807/2819
f 824/2826 825/2825 809/2824 808/2823
f 825/2830 826/2829 810/2828 809/2827
f 826/2834 827/2833 811/2832 810/2831
f 827/2838 828/2837 812/2836 811/2835
f 828/2842 829/2841 813/2840 812/2839
f 829/2846 830/2845 814/2844 813/2843
f 830/2850 831/2849 815/2848 814/2847
f 831/2854 832/2853 816/2852 815/2851
f 832/2858 833/2857 817/2856 816/2855
f 833/2862 834/2861 818/2860 817/2859
f 834/2866 835/2865 819/2864 818/2863
f 835/2870 836/2869 820/2868 819/2867
f 836/2874 837/2873 821/2872 820/2871
f 837/2878 838/2877 822/2876 821/2875
f 838/2882 823/2881 807/2880 822/2879
f 839/2886 840/2885 824/2884 823/2883
f 840/2890 841/2889 825/2888 824/2887
f 841/2894 842/2893 826/2892 825/2891
f 842/2898 843/2897 827/2896 826/2895
f 843/2902 844/2901 828/2900 827/2899
f 844/2906 845/2905 829/2904 828/2903
f 845/2910 846/2909 830/2908 829/2907
f 846/2914 847/2913 831/2912 830/2911
f 847/2918 848/2917 832/2916 831/2915
f 848/2922 849/2921 833/2920 832/2919
f 849/2926 850/2925 834/2924 833/2923
f 850/2930 851/2929 835/2928 834/2927
f 851/2934 852/2933 836/2932 835/2931
f 852/2938 853/2937 837/2936 836/2935
f 853/2942 854/2941 838/2940 837/2939
f 854/2946 839/2945 823/2944 838/2943
f 855/2950 856/2949 840/2948 839/2947
f 856/2954 857/2953 841/2952 840/2951
f 857/2958 858/2957 842/2956 841/2955
f 858/2962 859/2961 843/2960 842/2959
f 859/2966 860/2965 844/2964 843/2963
f 860/2970 861/2969 845/2968 844/2967
f 861/2974 862/2973 846/2972 845/2971
f 862/2978 863/2977 847/2976 846/2975
f 863/2982 864/2981 848/2980 847/2979
f 864/2986 865/2985 849/2984 848/2983
f 865/2990 866/2989 850/2988 849/2987
f 866/2994 867/2993 851/2992 850/2991
f 867/2998 868/2997 852/2996 851/2995
f 868/3002 869/3001 853/3000 852/2999
f 869/3006 870/3005 854/3004 853/3003
f 870/3010 855/3009 839/3008 854/3007
f 871/3014 872/3013 856/3012 855/3011
f 872/3018 873/3017 857/3016 856/3015
f 873/3022 874/3021 858/3020 857/3019
f 874/3026 875/3025 859/3024 858/3023
f 875/3030 876/3029 860/3028 859/3027
f 876/3034 877/3033 861/3032 860/3031
f 877/3038 878/3037 862/3036 861/3035
f 878/3042 879/3041 863/3040 862/3039
f 879/3046 880/3045 864/3044 863/3043
f 880/3050 881/3049 865/3048 864/3047
f 881/3054 882/3053 866/3052 865/3051
f 882/3058 883/3057 867/3056 866/3055
f 883/3062 884/3061 868/3060 867/3059
f 884/3066 885/3065 869/3064 868/3063
f 885/3070 886/3069 870/3068 869/3067
f 886/3074 871/3073 855/3072 870/3071
f 887/3078 888/3077 872/3076 871/3075
f 888/3082 889/3081 873/3080 872/3079
f 889/3086 890/3085 874/3084 873/3083
f 890/3090 891/3089 875/3088 874/3087
f 891/3094 892/3093 876/3092 875/3091
f 892/3098 893/3097 877/3096 876/3095
f 893/3102 894/3101 878/3100 877/3099
f 894/3106 895/3105 879/3104 878/3103
f 895/3110 896/3109 880/3108 879/3107
f 896/3114 897/3113 881/3112 880/3111
f 897/3118 898/3117 882/3116 881/3115
f 898/3122 899/3121 883/3120 882/3119
f 899/3126 900/3125 884/3124 883/3123
f 900/3130 901/3129 885/3128 884/3127
f 901/3134 902/3133 886/3132 885/3131
f 902/3138 887/3137 871/3136 886/3135
f 903/3142 904/3141 888/3140 887/3139
f 904/3146 905/3145 889/3144 888/3143
f 905/3150 906/3149 890/3148 889/3147
f 906/3154 907/3153 891/3152 890/3151
f 907/3158 908/3157 892/3156 891/3155
f 908/3162 909/3161 893/3160 892/3159
f 909/3166 910/3165 894/3164 893/3163
f 910/3170 911/3169 895/3168 894/3167
f 911/3174 912/3173 896/3172 895/3171
f 912/3178 913/3177 897/3176 896/3175
f 913/3182 914/3181 898/3180 897/3179
f 914/3186 915/3185 899/3184 898/3183
f 915/3190 916/3189 900/3188 899/3187
f 916/3194 917/3193 901/3192 900/3191
f 917/3198 918/3197 902/3196 901/3195
f 918/3202 903/3201 887/3200 902/3199
f 919/3206 920/3205 904/3204 903/3203
f 920/3210 921/3209 905/3208 904/3207
f 921/3214 922/3213 906/3212 905/3211
f 922/3218 923/3217 907/3216 906/3215
f 923/3222 924/3221 908/3220 907/3219
f 924/3226 925/3225 909/3224 908/3223
f 925/3230 926/3229 910/3228 909/3227
f 926/3234 927/3233 911/3232 910/3231
f 927/3238 928/3237 912/3236 911/3235
f 928/3242 929/3241 913/3240 912/3239
f 929/3246 930/3245 914/3244 913/3243
f 930/3250 931/3249 915/3248 914/3247
f 931/3254 932/3253 916/3252 915/3251
f 932/3258 933/3257 917/3256 916/3255
f 933/3262 934/3261 918/3260 917/3259
f 934/3266 919/3265 903/3264 918/3263
f 935/3270 936/3269 920/3268 919/3267
f 936/3274 937/3273 921/3272 920/3271
f 937/3278 938/3277 922/3276 921/3275
f 938/3282 939/3281 923/3280 922/3279
f 939/3286 940/3285 924/3284 923/3283
f 940/3290 941/3289 925/3288 924/3287
f 941/3294 942/3293 926/3292 925/3291
f 942/3298 943/3297 927/3296 926/3295
f 943/3302 944/3301 928/3300 927/3299
f 944/3306 945/3305 929/3304 928/3303
f 945/3310 946/3309 930/3308 929/3307
f 946/3314 947/3313 931/3312 930/3311
f 947/3318 948/3317 932/3316 931/3315
f 948/3322 949/3321 933/3320 932/3319
f 949/3326 950/3325 934/3324 933/3323
f 950/3330 935/3329 919/3328 934/3327
f 967/3334 968/3333 952/3332 951/3331
f 968/3338 969/3337 953/3336 952/3335
f 969/3342 970/3341 954/3340 953/3339
f 970/3346 971/3345 955/3344 954/3343
f 971/3350 972/3349 956/3348 955/3347
f 972/3354 973/3353 957/3352 956/3351
f 973/3358 974/3357 958/3356 957/3355
f 974/3362 975/3361 959/3360 958/3359
f 975/3366 976/3365 960/3364 959/3363
f 976/3370 977/3369 961/3368 960/3367
f 977/3374 978/3373 962/3372 961/3371
f 978/3378 979/3377 963/3376 962/3375
f 979/3382 980/3381 964/3380 963/3379
f 980/3386 981/3385 965/3384 964/3383
f 981/3390 982/3389 966/3388 965/3387
f 982/3394 967/3393 951/3392 966/3391
f 983/3398 984/3397 968/3396 967/3395
f 984/3402 985/3401 969/3400 968/3399
f 985/3406 986/3405 970/3404 969/3403
f 986/3410 987/3409 971/3408 970/3407
f 987/3414 988/3413 972/3412 971/3411
f 988/3418 989/3417 973/3416 972/3415
f 989/3422 990/3421 974/3420 973/3419
f 990/3426 991/3425 975/3424 974/3423
f 991/3430 992/3429 976/3428 975/3427
f 992/3434 993/3433 977/3432 976/3431
f 993/3438 994/3437 978/3436 977/3435
f 994/3442 995/3441 979/3440 978/3439
f 995/3446 996/3445 980/3444 979/3443
f 996/3450 997/3449 981/3448 980/3447
f 997/3454 998/3453 982/3452 981/3451
f 998/3458 983/3457 967/3456 982/3455
f 999/3462 1000/3461 984/3460 983/3459
f 1000/3466 1001/3465 985/3464 984/3463
f 1001/3470 1002/3469 986/3468 985/3467
f 1002/3474 1003/3473 987/3472 986/3471
f 1003/3478 1004/3477 988/3476 987/3475
f 1004/3482 1005/3481 989/3480 988/3479
f 1005/3486 1006/3485 990/3484 989/3483
f 1006/3490 1007/3489 991/3488 990/3487
f 1007/3494 1008/3493 992/3492 991/3491
f 1008/3498 1009/3497 993/3496 992/3495
f 1009/3502 1010/3501 994/3500 993/3499
f 1010/3506 1011/3505 995/3504 994/3503
f 1011/3510 1012/3509 996/3508 995/3507
f 1012/3514 1013/3513 997/3512 996/3511
f 1013/3518 1014/3517 998/3516 997/3515
f 1014/3522 999/3521 983/3520 998/3519
f 1015/3526 1016/3525 1000/3524 999/3523
f 1016/3530 1017/3529 1001/3528 1000/3527
f 1017/3534 1018/3533 1002/3532 1001/3531
f 1018/3538 1019/3537 1003/3536 1002/3535
f 1019/3542 1020/3541 1004/3540 1003/3539
f 1020/3546 1021/3545 1005/3544 1004/3543
f 1021/3550 1022/3549 1006/3548 1005/3547
f 1022/3554 1023/3553 1007/3552 1006/3551
f 1023/3558 1024/3557 1008/3556 1007/3555
f 1024/3562 1025/3561 1009/3560 1008/3559
f 1025/3566 1026/3565 1010/3564 1009/3563
f 1026/3570 1027/3569 1011/3568 1010/3567
f 1027/3574 1028/3573 1012/3572 1011/3571
f 1028/3578 1029/3577 1013/3576 1012/3575
f 1029/3582 1030/3581 1014/3580 1013/3579
f 1030/3586 1015/3585 999/3584 1014/3583
f 1031/3590 1032/3589 1016/3588 1015/3587
f 1032/3594 1033/3593 1017/3592 1016/3591
f 1033/3598 1034/3597 1018/3596 1017/3595
f 1034/3602 1035/3601 1019/3600 1018/3599
f 1035/3606 1036/3605 1020/3604 1019/3603
f 1036/3610 1037/3609 1021/3608 1020/3607
f 1037/3614 1038/3613 1022/3612 1021/3611
f 1038/3618 1039/3617 1023/3616 1022/3615
f 1039/3622 1040/3621 1024/3620 1023/3619
f 1040/3626 1041/3625 1025/3624 1024/3623
f 1041/3630 1042/3629 1026/3628 1025/3627
f 1042/3634 1043/3633 1027/3632 1026/3631
f 1043/3638 1044/3637 1028/3636 1027/3635
f 1044/3642 1045/3641 1029/3640 1028/3639
f 1045/3646 1046/3645 1030/3644 1029/3643
f 1046/3650 1031/3649 1015/3648 1030/3647
f 1047/3654 1048/3653 1032/3652 1031/3651
f 1048/3658 1049/3657 1033/3656 1032/3655
f 1049/3662 1050/3661 1034/3660 1033/3659
f 1050/3666 1051/3665 1035/3664 1034/3663
f 1051/3670 1052/3669 1036/3668 1035/3667
f 1052/3674 1053/3673 1037/3672 1036/3671
f 1053/3678 1054/3677 1038/3676 1037/3675
f 1054/3682 1055/3681 1039/3680 1038/3679
f 1055/3686 1056/3685 1040/3684 1039/3683
f 1056/3690 1057/3689 1041/3688 1040/3687
f 1057/3694 1058/3693 1042/3692 1041/3691
f 1058/3698 1059/3697 1043/3696 1042/3695
f 1059/3702 1060/3701 1044/3700 1043/3699
f 1060/3706 1061/3705 1045/3704 1044/3703
f 1061/3710 1062/3709 1046/3708 1045/3707
f 1062/3714 1047/3713 1031/3712 1046/3711
f 1063/3718 1064/3717 1048/3716 1047/3715
f 1064/3722 1065/3721 1049/3720 1048/3719
f 1065/3726 1066/3725 1050/3724 1049/3723
f 1066/3730 1067/3729 1051/3728 1050/3727
f 1067/3734 1068/3733 1052/3732 1051/3731
f 1068/3738 1069/3737 1053/3736 1052/3735
f 1069/3742 1070/3741 1054/3740 1053/3739
f 1070/3746 1071/3745 1055/3744 1054/3743
f 1071/3750 1072/3749 1056/3748 1055/3747
f 1072/3754 1073/3753 1057/3752 1056/3751
f 1073/3758 1074/3757 1058/3756 1057/3755
f 1074/3762 1075/3761 1059/3760 1058/3759
f 1075/3766 1076/3765 1060/3764 1059/3763
f 1076/3770 1077/3769 1061/3768 1060/3767
f 1077/3774 1078/3773 1062/3772 1061/3771
f 1078/3778 1063/3777 1047/3776 1062/3775
f 1079/3782 1080/3781 1064/3780 1063/3779
f 1080/3786 1081/3785 1065/3784 1064/3783
f 1081/3790 1082/3789 1066/3788 1065/3787
f 1082/3794 1083/3793 1067/3792 1066/3791
f 1083/3798 1084/3797 1068/3796 1067/3795
f 1084/3802 1085/3801 1069/3800 1068/3799
f 1085/3806 1086/3805 1070/3804 1069/3803
f 1086/3810 1087/3809 1071/3808 1070/3807
f 1087/3814 1088/3813 1072/3812 1071/3811
f 1088/3818 1089/3817 1073/3816 1072/3815
f 1089/3822 1090/3821 1074/3820 1073/3819
f 1090/3826 1091/3825 1075/3824 1074/3823
f 1091/3830 1092/3829 1076/3828 1075/3827
f 1092/3834 1093/3833 1077/3832 1076/3831
f 1093/3838 1094/3837 1078/3836 1077/3835
f 1094/3842 1079/3841 1063/3840 1078/3839
