# Authored game-art mesh
s 1
v -2.200000 7.000000 8.000000
v -2.200000 6.000000 12.400000
v -2.200000 3.000000 13.000000
v -2.200000 -17.000000 13.000000
v -2.200000 -20.000000 11.300000
v -2.200000 -20.000000 7.000000
v -2.200000 -13.000000 5.800000
v -2.200000 -8.000000 5.800000
v -2.200000 -7.000000 3.000000
v -2.200000 0.000000 3.000000
v -2.200000 1.000000 5.000000
v -2.200000 6.000000 6.000000
v 2.200000 7.000000 8.000000
v 2.200000 6.000000 12.400000
v 2.200000 3.000000 13.000000
v 2.200000 -17.000000 13.000000
v 2.200000 -20.000000 11.300000
v 2.200000 -20.000000 7.000000
v 2.200000 -13.000000 5.800000
v 2.200000 -8.000000 5.800000
v 2.200000 -7.000000 3.000000
v 2.200000 0.000000 3.000000
v 2.200000 1.000000 5.000000
v 2.200000 6.000000 6.000000
v 0.000000 -5.000000 10.300000
v 0.000000 -5.000000 10.300000
v 0.000000 -5.000000 10.300000
v 0.000000 -5.000000 10.300000
v 0.000000 -5.000000 10.300000
v -0.000000 -5.000000 10.300000
v -0.000000 -5.000000 10.300000
v -0.000000 -5.000000 10.300000
v -0.000000 -5.000000 10.300000
v -0.000000 -5.000000 10.300000
v -0.000000 -5.000000 10.300000
v -0.000000 -5.000000 10.300000
v -0.000000 -5.000000 10.300000
v 0.000000 -5.000000 10.300000
v 0.000000 -5.000000 10.300000
v 0.000000 -5.000000 10.300000
v 1.376797 -5.000000 10.360312
v 1.312922 -8.394815 10.360312
v 1.118307 -9.906855 10.360312
v 0.773702 -10.760782 10.360312
v 0.000000 -11.041048 10.360312
v -0.773702 -10.760782 10.360312
v -1.118307 -9.906855 10.360312
v -1.312922 -8.394815 10.360312
v -1.376797 -5.000000 10.360312
v -1.312922 -1.605185 10.360312
v -1.118307 -0.093145 10.360312
v -0.773702 0.760782 10.360312
v -0.000000 1.041048 10.360312
v 0.773702 0.760782 10.360312
v 1.118307 -0.093145 10.360312
v 1.312922 -1.605185 10.360312
v 1.990018 -5.000000 10.544072
v 1.897694 -9.906855 10.544072
v 1.616397 -12.092355 10.544072
v 1.118307 -13.326619 10.544072
v 0.000000 -13.731713 10.544072
v -1.118307 -13.326619 10.544072
v -1.616397 -12.092355 10.544072
v -1.897694 -9.906855 10.544072
v -1.990018 -5.000000 10.544072
v -1.897694 -0.093145 10.544072
v -1.616397 2.092355 10.544072
v -1.118307 3.326619 10.544072
v -0.000000 3.731713 10.544072
v 1.118307 3.326619 10.544072
v 1.616397 2.092355 10.544072
v 1.897694 -0.093145 10.544072
v 2.336336 -5.000000 10.869455
v 2.227945 -10.760782 10.869455
v 1.897694 -13.326619 10.869455
v 1.312922 -14.775678 10.869455
v 0.000000 -15.251270 10.869455
v -1.312922 -14.775678 10.869455
v -1.897694 -13.326619 10.869455
v -2.227945 -10.760782 10.869455
v -2.336336 -5.000000 10.869455
v -2.227945 0.760782 10.869455
v -1.897694 3.326619 10.869455
v -1.312922 4.775678 10.869455
v -0.000000 5.251270 10.869455
v 1.312922 4.775678 10.869455
v 1.897694 3.326619 10.869455
v 2.227945 0.760782 10.869455
v 2.450000 -5.000000 11.600000
v 2.336336 -11.041048 11.600000
v 1.990018 -13.731713 11.600000
v 1.376797 -15.251270 11.600000
v 0.000000 -15.750000 11.600000
v -1.376797 -15.251270 11.600000
v -1.990018 -13.731713 11.600000
v -2.336336 -11.041048 11.600000
v -2.450000 -5.000000 11.600000
v -2.336336 1.041048 11.600000
v -1.990018 3.731713 11.600000
v -1.376797 5.251270 11.600000
v -0.000000 5.750000 11.600000
v 1.376797 5.251270 11.600000
v 1.990018 3.731713 11.600000
v 2.336336 1.041048 11.600000
v 2.336336 -5.000000 12.330545
v 2.227945 -10.760782 12.330545
v 1.897694 -13.326619 12.330545
v 1.312922 -14.775678 12.330545
v 0.000000 -15.251270 12.330545
v -1.312922 -14.775678 12.330545
v -1.897694 -13.326619 12.330545
v -2.227945 -10.760782 12.330545
v -2.336336 -5.000000 12.330545
v -2.227945 0.760782 12.330545
v -1.897694 3.326619 12.330545
v -1.312922 4.775678 12.330545
v -0.000000 5.251270 12.330545
v 1.312922 4.775678 12.330545
v 1.897694 3.326619 12.330545
v 2.227945 0.760782 12.330545
v 1.990018 -5.000000 12.655928
v 1.897694 -9.906855 12.655928
v 1.616397 -12.092355 12.655928
v 1.118307 -13.326619 12.655928
v 0.000000 -13.731713 12.655928
v -1.118307 -13.326619 12.655928
v -1.616397 -12.092355 12.655928
v -1.897694 -9.906855 12.655928
v -1.990018 -5.000000 12.655928
v -1.897694 -0.093145 12.655928
v -1.616397 2.092355 12.655928
v -1.118307 3.326619 12.655928
v -0.000000 3.731713 12.655928
v 1.118307 3.326619 12.655928
v 1.616397 2.092355 12.655928
v 1.897694 -0.093145 12.655928
v 1.376797 -5.000000 12.839688
v 1.312922 -8.394815 12.839688
v 1.118307 -9.906855 12.839688
v 0.773702 -10.760782 12.839688
v 0.000000 -11.041048 12.839688
v -0.773702 -10.760782 12.839688
v -1.118307 -9.906855 12.839688
v -1.312922 -8.394815 12.839688
v -1.376797 -5.000000 12.839688
v -1.312922 -1.605185 12.839688
v -1.118307 -0.093145 12.839688
v -0.773702 0.760782 12.839688
v -0.000000 1.041048 12.839688
v 0.773702 0.760782 12.839688
v 1.118307 -0.093145 12.839688
v 1.312922 -1.605185 12.839688
v 0.000000 -5.000000 12.900000
v 0.000000 -5.000000 12.900000
v 0.000000 -5.000000 12.900000
v 0.000000 -5.000000 12.900000
v 0.000000 -5.000000 12.900000
v -0.000000 -5.000000 12.900000
v -0.000000 -5.000000 12.900000
v -0.000000 -5.000000 12.900000
v -0.000000 -5.000000 12.900000
v -0.000000 -5.000000 12.900000
v -0.000000 -5.000000 12.900000
v -0.000000 -5.000000 12.900000
v -0.000000 -5.000000 12.900000
v 0.000000 -5.000000 12.900000
v 0.000000 -5.000000 12.900000
v 0.000000 -5.000000 12.900000
v -2.500000 -8.200000 6.900000
v -2.500000 -17.000000 6.900000
v -2.500000 -17.600000 1.000000
v -2.500000 -10.000000 0.300000
v 2.500000 -8.200000 6.900000
v 2.500000 -17.000000 6.900000
v 2.500000 -17.600000 1.000000
v 2.500000 -10.000000 0.300000
v 0.000949 6.200000 11.950000
v 0.000932 6.199846 11.950000
v 0.000879 6.199824 11.950000
v 0.000768 6.199814 11.950000
v 0.000000 6.199810 11.950000
v -0.000768 6.199814 11.950000
v -0.000879 6.199824 11.950000
v -0.000932 6.199846 11.950000
v -0.000949 6.200000 11.950000
v -0.000932 6.200154 11.950000
v -0.000879 6.200176 11.950000
v -0.000768 6.200186 11.950000
v -0.000000 6.200190 11.950000
v 0.000768 6.200186 11.950000
v 0.000879 6.200176 11.950000
v 0.000932 6.200154 11.950000
v 2.833301 6.200000 11.956044
v 2.784378 5.741280 11.956044
v 2.625303 5.674939 11.956044
v 2.293599 5.643124 11.956044
v 0.000768 5.633340 11.956044
v -2.293599 5.643124 11.956044
v -2.625303 5.674939 11.956044
v -2.784378 5.741280 11.956044
v -2.833301 6.199821 11.956044
v -2.784378 6.658720 11.956044
v -2.625303 6.725061 11.956044
v -2.293599 6.756876 11.956044
v -0.000978 6.766660 11.956044
v 2.293599 6.756876 11.956044
v 2.625303 6.725061 11.956044
v 2.784378 6.658720 11.956044
v 3.243058 6.200000 11.975694
v 3.187059 5.674939 11.975694
v 3.004979 5.599004 11.975694
v 2.625303 5.562588 11.975694
v 0.000879 5.551388 11.975694
v -2.625303 5.562588 11.975694
v -3.004979 5.599004 11.975694
v -3.187059 5.674939 11.975694
v -3.243058 6.199795 11.975694
v -3.187059 6.725061 11.975694
v -3.004979 6.800996 11.975694
v -2.625303 6.837412 11.975694
v -0.001120 6.848612 11.975694
v 2.625303 6.837412 11.975694
v 3.004979 6.800996 11.975694
v 3.187059 6.725061 11.975694
v 3.439564 6.200000 12.016670
v 3.380172 5.643124 12.016670
v 3.187059 5.562588 12.016670
v 2.784378 5.523966 12.016670
v 0.000932 5.512087 12.016670
v -2.784378 5.523966 12.016670
v -3.187059 5.562588 12.016670
v -3.380172 5.643124 12.016670
v -3.439564 6.199783 12.016670
v -3.380172 6.756876 12.016670
v -3.187059 6.837412 12.016670
v -2.784378 6.876034 12.016670
v -0.001187 6.887913 12.016670
v 2.784378 6.876034 12.016670
v 3.187059 6.837412 12.016670
v 3.380172 6.756876 12.016670
v 3.500000 6.200000 12.300000
v 3.439564 5.633340 12.300000
v 3.243058 5.551388 12.300000
v 2.833301 5.512087 12.300000
v 0.000949 5.500000 12.300000
v -2.833301 5.512087 12.300000
v -3.243058 5.551388 12.300000
v -3.439564 5.633340 12.300000
v -3.500000 6.199779 12.300000
v -3.439564 6.766660 12.300000
v -3.243058 6.848612 12.300000
v -2.833301 6.887913 12.300000
v -0.001208 6.900000 12.300000
v 2.833301 6.887913 12.300000
v 3.243058 6.848612 12.300000
v 3.439564 6.766660 12.300000
v 3.439564 6.200000 12.583330
v 3.380172 5.643124 12.583330
v 3.187059 5.562588 12.583330
v 2.784378 5.523966 12.583330
v 0.000932 5.512087 12.583330
v -2.784378 5.523966 12.583330
v -3.187059 5.562588 12.583330
v -3.380172 5.643124 12.583330
v -3.439564 6.199783 12.583330
v -3.380172 6.756876 12.583330
v -3.187059 6.837412 12.583330
v -2.784378 6.876034 12.583330
v -0.001187 6.887913 12.583330
v 2.784378 6.876034 12.583330
v 3.187059 6.837412 12.583330
v 3.380172 6.756876 12.583330
v 3.243058 6.200000 12.624306
v 3.187059 5.674939 12.624306
v 3.004979 5.599004 12.624306
v 2.625303 5.562588 12.624306
v 0.000879 5.551388 12.624306
v -2.625303 5.562588 12.624306
v -3.004979 5.599004 12.624306
v -3.187059 5.674939 12.624306
v -3.243058 6.199795 12.624306
v -3.187059 6.725061 12.624306
v -3.004979 6.800996 12.624306
v -2.625303 6.837412 12.624306
v -0.001120 6.848612 12.624306
v 2.625303 6.837412 12.624306
v 3.004979 6.800996 12.624306
v 3.187059 6.725061 12.624306
v 2.833301 6.200000 12.643956
v 2.784378 5.741280 12.643956
v 2.625303 5.674939 12.643956
v 2.293599 5.643124 12.643956
v 0.000768 5.633340 12.643956
v -2.293599 5.643124 12.643956
v -2.625303 5.674939 12.643956
v -2.784378 5.741280 12.643956
v -2.833301 6.199821 12.643956
v -2.784378 6.658720 12.643956
v -2.625303 6.725061 12.643956
v -2.293599 6.756876 12.643956
v -0.000978 6.766660 12.643956
v 2.293599 6.756876 12.643956
v 2.625303 6.725061 12.643956
v 2.784378 6.658720 12.643956
v 0.000949 6.200000 12.650000
v 0.000932 6.199846 12.650000
v 0.000879 6.199824 12.650000
v 0.000768 6.199814 12.650000
v 0.000000 6.199810 12.650000
v -0.000768 6.199814 12.650000
v -0.000879 6.199824 12.650000
v -0.000932 6.199846 12.650000
v -0.000949 6.200000 12.650000
v -0.000932 6.200154 12.650000
v -0.000879 6.200176 12.650000
v -0.000768 6.200186 12.650000
v -0.000000 6.200190 12.650000
v 0.000768 6.200186 12.650000
v 0.000879 6.200176 12.650000
v 0.000932 6.200154 12.650000
v 0.006620 5.000000 13.150000
v 0.006263 4.999398 13.150000
v 0.000017 4.999363 13.150000
v -0.006263 4.999398 13.150000
v -0.006620 4.999998 13.150000
v -0.006263 5.000602 13.150000
v -0.000020 5.000637 13.150000
v 0.006263 5.000602 13.150000
v 2.459750 5.000000 13.163486
v 2.327065 4.776244 13.163486
v 0.006263 4.763486 13.163486
v -2.327065 4.776244 13.163486
v -2.459750 4.999327 13.163486
v -2.327065 5.223756 13.163486
v -0.007467 5.236514 13.163486
v 2.327065 5.223756 13.163486
v 2.600000 5.000000 13.400000
v 2.459750 4.763486 13.400000
v 0.006620 4.750000 13.400000
v -2.459750 4.763486 13.400000
v -2.600000 4.999289 13.400000
v -2.459750 5.236514 13.400000
v -0.007893 5.250000 13.400000
v 2.459750 5.236514 13.400000
v 2.459750 5.000000 13.636514
v 2.327065 4.776244 13.636514
v 0.006263 4.763486 13.636514
v -2.327065 4.776244 13.636514
v -2.459750 4.999327 13.636514
v -2.327065 5.223756 13.636514
v -0.007467 5.236514 13.636514
v 2.327065 5.223756 13.636514
v 0.006620 5.000000 13.650000
v 0.006263 4.999398 13.650000
v 0.000017 4.999363 13.650000
v -0.006263 4.999398 13.650000
v -0.006620 4.999998 13.650000
v -0.006263 5.000602 13.650000
v -0.000020 5.000637 13.650000
v 0.006263 5.000602 13.650000
v 0.006620 4.000000 13.150000
v 0.006263 3.999398 13.150000
v 0.000017 3.999363 13.150000
v -0.006263 3.999398 13.150000
v -0.006620 3.999998 13.150000
v -0.006263 4.000602 13.150000
v -0.000020 4.000637 13.150000
v 0.006263 4.000602 13.150000
v 2.459750 4.000000 13.163486
v 2.327065 3.776244 13.163486
v 0.006263 3.763486 13.163486
v -2.327065 3.776244 13.163486
v -2.459750 3.999327 13.163486
v -2.327065 4.223756 13.163486
v -0.007467 4.236514 13.163486
v 2.327065 4.223756 13.163486
v 2.600000 4.000000 13.400000
v 2.459750 3.763486 13.400000
v 0.006620 3.750000 13.400000
v -2.459750 3.763486 13.400000
v -2.600000 3.999289 13.400000
v -2.459750 4.236514 13.400000
v -0.007893 4.250000 13.400000
v 2.459750 4.236514 13.400000
v 2.459750 4.000000 13.636514
v 2.327065 3.776244 13.636514
v 0.006263 3.763486 13.636514
v -2.327065 3.776244 13.636514
v -2.459750 3.999327 13.636514
v -2.327065 4.223756 13.636514
v -0.007467 4.236514 13.636514
v 2.327065 4.223756 13.636514
v 0.006620 4.000000 13.650000
v 0.006263 3.999398 13.650000
v 0.000017 3.999363 13.650000
v -0.006263 3.999398 13.650000
v -0.006620 3.999998 13.650000
v -0.006263 4.000602 13.650000
v -0.000020 4.000637 13.650000
v 0.006263 4.000602 13.650000
v 0.006620 3.000000 13.150000
v 0.006263 2.999398 13.150000
v 0.000017 2.999363 13.150000
v -0.006263 2.999398 13.150000
v -0.006620 2.999998 13.150000
v -0.006263 3.000602 13.150000
v -0.000020 3.000637 13.150000
v 0.006263 3.000602 13.150000
v 2.459750 3.000000 13.163486
v 2.327065 2.776244 13.163486
v 0.006263 2.763486 13.163486
v -2.327065 2.776244 13.163486
v -2.459750 2.999327 13.163486
v -2.327065 3.223756 13.163486
v -0.007467 3.236514 13.163486
v 2.327065 3.223756 13.163486
v 2.600000 3.000000 13.400000
v 2.459750 2.763486 13.400000
v 0.006620 2.750000 13.400000
v -2.459750 2.763486 13.400000
v -2.600000 2.999289 13.400000
v -2.459750 3.236514 13.400000
v -0.007893 3.250000 13.400000
v 2.459750 3.236514 13.400000
v 2.459750 3.000000 13.636514
v 2.327065 2.776244 13.636514
v 0.006263 2.763486 13.636514
v -2.327065 2.776244 13.636514
v -2.459750 2.999327 13.636514
v -2.327065 3.223756 13.636514
v -0.007467 3.236514 13.636514
v 2.327065 3.223756 13.636514
v 0.006620 3.000000 13.650000
v 0.006263 2.999398 13.650000
v 0.000017 2.999363 13.650000
v -0.006263 2.999398 13.650000
v -0.006620 2.999998 13.650000
v -0.006263 3.000602 13.650000
v -0.000020 3.000637 13.650000
v 0.006263 3.000602 13.650000
v 0.006620 2.000000 13.150000
v 0.006263 1.999398 13.150000
v 0.000017 1.999363 13.150000
v -0.006263 1.999398 13.150000
v -0.006620 1.999998 13.150000
v -0.006263 2.000602 13.150000
v -0.000020 2.000637 13.150000
v 0.006263 2.000602 13.150000
v 2.459750 2.000000 13.163486
v 2.327065 1.776244 13.163486
v 0.006263 1.763486 13.163486
v -2.327065 1.776244 13.163486
v -2.459750 1.999327 13.163486
v -2.327065 2.223756 13.163486
v -0.007467 2.236514 13.163486
v 2.327065 2.223756 13.163486
v 2.600000 2.000000 13.400000
v 2.459750 1.763486 13.400000
v 0.006620 1.750000 13.400000
v -2.459750 1.763486 13.400000
v -2.600000 1.999289 13.400000
v -2.459750 2.236514 13.400000
v -0.007893 2.250000 13.400000
v 2.459750 2.236514 13.400000
v 2.459750 2.000000 13.636514
v 2.327065 1.776244 13.636514
v 0.006263 1.763486 13.636514
v -2.327065 1.776244 13.636514
v -2.459750 1.999327 13.636514
v -2.327065 2.223756 13.636514
v -0.007467 2.236514 13.636514
v 2.327065 2.223756 13.636514
v 0.006620 2.000000 13.650000
v 0.006263 1.999398 13.650000
v 0.000017 1.999363 13.650000
v -0.006263 1.999398 13.650000
v -0.006620 1.999998 13.650000
v -0.006263 2.000602 13.650000
v -0.000020 2.000637 13.650000
v 0.006263 2.000602 13.650000
v 0.006620 1.000000 13.150000
v 0.006263 0.999398 13.150000
v 0.000017 0.999363 13.150000
v -0.006263 0.999398 13.150000
v -0.006620 0.999998 13.150000
v -0.006263 1.000602 13.150000
v -0.000020 1.000637 13.150000
v 0.006263 1.000602 13.150000
v 2.459750 1.000000 13.163486
v 2.327065 0.776244 13.163486
v 0.006263 0.763486 13.163486
v -2.327065 0.776244 13.163486
v -2.459750 0.999327 13.163486
v -2.327065 1.223756 13.163486
v -0.007467 1.236514 13.163486
v 2.327065 1.223756 13.163486
v 2.600000 1.000000 13.400000
v 2.459750 0.763486 13.400000
v 0.006620 0.750000 13.400000
v -2.459750 0.763486 13.400000
v -2.600000 0.999289 13.400000
v -2.459750 1.236514 13.400000
v -0.007893 1.250000 13.400000
v 2.459750 1.236514 13.400000
v 2.459750 1.000000 13.636514
v 2.327065 0.776244 13.636514
v 0.006263 0.763486 13.636514
v -2.327065 0.776244 13.636514
v -2.459750 0.999327 13.636514
v -2.327065 1.223756 13.636514
v -0.007467 1.236514 13.636514
v 2.327065 1.223756 13.636514
v 0.006620 1.000000 13.650000
v 0.006263 0.999398 13.650000
v 0.000017 0.999363 13.650000
v -0.006263 0.999398 13.650000
v -0.006620 0.999998 13.650000
v -0.006263 1.000602 13.650000
v -0.000020 1.000637 13.650000
v 0.006263 1.000602 13.650000
v 0.006620 -0.000000 13.150000
v 0.006263 -0.000602 13.150000
v 0.000017 -0.000637 13.150000
v -0.006263 -0.000602 13.150000
v -0.006620 -0.000002 13.150000
v -0.006263 0.000602 13.150000
v -0.000020 0.000637 13.150000
v 0.006263 0.000602 13.150000
v 2.459750 -0.000000 13.163486
v 2.327065 -0.223756 13.163486
v 0.006263 -0.236514 13.163486
v -2.327065 -0.223756 13.163486
v -2.459750 -0.000673 13.163486
v -2.327065 0.223756 13.163486
v -0.007467 0.236514 13.163486
v 2.327065 0.223756 13.163486
v 2.600000 -0.000000 13.400000
v 2.459750 -0.236514 13.400000
v 0.006620 -0.250000 13.400000
v -2.459750 -0.236514 13.400000
v -2.600000 -0.000711 13.400000
v -2.459750 0.236514 13.400000
v -0.007893 0.250000 13.400000
v 2.459750 0.236514 13.400000
v 2.459750 -0.000000 13.636514
v 2.327065 -0.223756 13.636514
v 0.006263 -0.236514 13.636514
v -2.327065 -0.223756 13.636514
v -2.459750 -0.000673 13.636514
v -2.327065 0.223756 13.636514
v -0.007467 0.236514 13.636514
v 2.327065 0.223756 13.636514
v 0.006620 -0.000000 13.650000
v 0.006263 -0.000602 13.650000
v 0.000017 -0.000637 13.650000
v -0.006263 -0.000602 13.650000
v -0.006620 -0.000002 13.650000
v -0.006263 0.000602 13.650000
v -0.000020 0.000637 13.650000
v 0.006263 0.000602 13.650000
v 0.006620 -1.000000 13.150000
v 0.006263 -1.000602 13.150000
v 0.000017 -1.000637 13.150000
v -0.006263 -1.000602 13.150000
v -0.006620 -1.000002 13.150000
v -0.006263 -0.999398 13.150000
v -0.000020 -0.999363 13.150000
v 0.006263 -0.999398 13.150000
v 2.459750 -1.000000 13.163486
v 2.327065 -1.223756 13.163486
v 0.006263 -1.236514 13.163486
v -2.327065 -1.223756 13.163486
v -2.459750 -1.000673 13.163486
v -2.327065 -0.776244 13.163486
v -0.007467 -0.763486 13.163486
v 2.327065 -0.776244 13.163486
v 2.600000 -1.000000 13.400000
v 2.459750 -1.236514 13.400000
v 0.006620 -1.250000 13.400000
v -2.459750 -1.236514 13.400000
v -2.600000 -1.000711 13.400000
v -2.459750 -0.763486 13.400000
v -0.007893 -0.750000 13.400000
v 2.459750 -0.763486 13.400000
v 2.459750 -1.000000 13.636514
v 2.327065 -1.223756 13.636514
v 0.006263 -1.236514 13.636514
v -2.327065 -1.223756 13.636514
v -2.459750 -1.000673 13.636514
v -2.327065 -0.776244 13.636514
v -0.007467 -0.763486 13.636514
v 2.327065 -0.776244 13.636514
v 0.006620 -1.000000 13.650000
v 0.006263 -1.000602 13.650000
v 0.000017 -1.000637 13.650000
v -0.006263 -1.000602 13.650000
v -0.006620 -1.000002 13.650000
v -0.006263 -0.999398 13.650000
v -0.000020 -0.999363 13.650000
v 0.006263 -0.999398 13.650000
v 0.006620 -2.000000 13.150000
v 0.006263 -2.000602 13.150000
v 0.000017 -2.000637 13.150000
v -0.006263 -2.000602 13.150000
v -0.006620 -2.000002 13.150000
v -0.006263 -1.999398 13.150000
v -0.000020 -1.999363 13.150000
v 0.006263 -1.999398 13.150000
v 2.459750 -2.000000 13.163486
v 2.327065 -2.223756 13.163486
v 0.006263 -2.236514 13.163486
v -2.327065 -2.223756 13.163486
v -2.459750 -2.000673 13.163486
v -2.327065 -1.776244 13.163486
v -0.007467 -1.763486 13.163486
v 2.327065 -1.776244 13.163486
v 2.600000 -2.000000 13.400000
v 2.459750 -2.236514 13.400000
v 0.006620 -2.250000 13.400000
v -2.459750 -2.236514 13.400000
v -2.600000 -2.000711 13.400000
v -2.459750 -1.763486 13.400000
v -0.007893 -1.750000 13.400000
v 2.459750 -1.763486 13.400000
v 2.459750 -2.000000 13.636514
v 2.327065 -2.223756 13.636514
v 0.006263 -2.236514 13.636514
v -2.327065 -2.223756 13.636514
v -2.459750 -2.000673 13.636514
v -2.327065 -1.776244 13.636514
v -0.007467 -1.763486 13.636514
v 2.327065 -1.776244 13.636514
v 0.006620 -2.000000 13.650000
v 0.006263 -2.000602 13.650000
v 0.000017 -2.000637 13.650000
v -0.006263 -2.000602 13.650000
v -0.006620 -2.000002 13.650000
v -0.006263 -1.999398 13.650000
v -0.000020 -1.999363 13.650000
v 0.006263 -1.999398 13.650000
v 0.006620 -3.000000 13.150000
v 0.006263 -3.000602 13.150000
v 0.000017 -3.000637 13.150000
v -0.006263 -3.000602 13.150000
v -0.006620 -3.000002 13.150000
v -0.006263 -2.999398 13.150000
v -0.000020 -2.999363 13.150000
v 0.006263 -2.999398 13.150000
v 2.459750 -3.000000 13.163486
v 2.327065 -3.223756 13.163486
v 0.006263 -3.236514 13.163486
v -2.327065 -3.223756 13.163486
v -2.459750 -3.000673 13.163486
v -2.327065 -2.776244 13.163486
v -0.007467 -2.763486 13.163486
v 2.327065 -2.776244 13.163486
v 2.600000 -3.000000 13.400000
v 2.459750 -3.236514 13.400000
v 0.006620 -3.250000 13.400000
v -2.459750 -3.236514 13.400000
v -2.600000 -3.000711 13.400000
v -2.459750 -2.763486 13.400000
v -0.007893 -2.750000 13.400000
v 2.459750 -2.763486 13.400000
v 2.459750 -3.000000 13.636514
v 2.327065 -3.223756 13.636514
v 0.006263 -3.236514 13.636514
v -2.327065 -3.223756 13.636514
v -2.459750 -3.000673 13.636514
v -2.327065 -2.776244 13.636514
v -0.007467 -2.763486 13.636514
v 2.327065 -2.776244 13.636514
v 0.006620 -3.000000 13.650000
v 0.006263 -3.000602 13.650000
v 0.000017 -3.000637 13.650000
v -0.006263 -3.000602 13.650000
v -0.006620 -3.000002 13.650000
v -0.006263 -2.999398 13.650000
v -0.000020 -2.999363 13.650000
v 0.006263 -2.999398 13.650000
v 0.006620 -4.000000 13.150000
v 0.006263 -4.000602 13.150000
v 0.000017 -4.000637 13.150000
v -0.006263 -4.000602 13.150000
v -0.006620 -4.000002 13.150000
v -0.006263 -3.999398 13.150000
v -0.000020 -3.999363 13.150000
v 0.006263 -3.999398 13.150000
v 2.459750 -4.000000 13.163486
v 2.327065 -4.223756 13.163486
v 0.006263 -4.236514 13.163486
v -2.327065 -4.223756 13.163486
v -2.459750 -4.000673 13.163486
v -2.327065 -3.776244 13.163486
v -0.007467 -3.763486 13.163486
v 2.327065 -3.776244 13.163486
v 2.600000 -4.000000 13.400000
v 2.459750 -4.236514 13.400000
v 0.006620 -4.250000 13.400000
v -2.459750 -4.236514 13.400000
v -2.600000 -4.000711 13.400000
v -2.459750 -3.763486 13.400000
v -0.007893 -3.750000 13.400000
v 2.459750 -3.763486 13.400000
v 2.459750 -4.000000 13.636514
v 2.327065 -4.223756 13.636514
v 0.006263 -4.236514 13.636514
v -2.327065 -4.223756 13.636514
v -2.459750 -4.000673 13.636514
v -2.327065 -3.776244 13.636514
v -0.007467 -3.763486 13.636514
v 2.327065 -3.776244 13.636514
v 0.006620 -4.000000 13.650000
v 0.006263 -4.000602 13.650000
v 0.000017 -4.000637 13.650000
v -0.006263 -4.000602 13.650000
v -0.006620 -4.000002 13.650000
v -0.006263 -3.999398 13.650000
v -0.000020 -3.999363 13.650000
v 0.006263 -3.999398 13.650000
v 0.006620 -5.000000 13.150000
v 0.006263 -5.000602 13.150000
v 0.000017 -5.000637 13.150000
v -0.006263 -5.000602 13.150000
v -0.006620 -5.000002 13.150000
v -0.006263 -4.999398 13.150000
v -0.000020 -4.999363 13.150000
v 0.006263 -4.999398 13.150000
v 2.459750 -5.000000 13.163486
v 2.327065 -5.223756 13.163486
v 0.006263 -5.236514 13.163486
v -2.327065 -5.223756 13.163486
v -2.459750 -5.000673 13.163486
v -2.327065 -4.776244 13.163486
v -0.007467 -4.763486 13.163486
v 2.327065 -4.776244 13.163486
v 2.600000 -5.000000 13.400000
v 2.459750 -5.236514 13.400000
v 0.006620 -5.250000 13.400000
v -2.459750 -5.236514 13.400000
v -2.600000 -5.000711 13.400000
v -2.459750 -4.763486 13.400000
v -0.007893 -4.750000 13.400000
v 2.459750 -4.763486 13.400000
v 2.459750 -5.000000 13.636514
v 2.327065 -5.223756 13.636514
v 0.006263 -5.236514 13.636514
v -2.327065 -5.223756 13.636514
v -2.459750 -5.000673 13.636514
v -2.327065 -4.776244 13.636514
v -0.007467 -4.763486 13.636514
v 2.327065 -4.776244 13.636514
v 0.006620 -5.000000 13.650000
v 0.006263 -5.000602 13.650000
v 0.000017 -5.000637 13.650000
v -0.006263 -5.000602 13.650000
v -0.006620 -5.000002 13.650000
v -0.006263 -4.999398 13.650000
v -0.000020 -4.999363 13.650000
v 0.006263 -4.999398 13.650000
v 0.006620 -6.000000 13.150000
v 0.006263 -6.000602 13.150000
v 0.000017 -6.000637 13.150000
v -0.006263 -6.000602 13.150000
v -0.006620 -6.000002 13.150000
v -0.006263 -5.999398 13.150000
v -0.000020 -5.999363 13.150000
v 0.006263 -5.999398 13.150000
v 2.459750 -6.000000 13.163486
v 2.327065 -6.223756 13.163486
v 0.006263 -6.236514 13.163486
v -2.327065 -6.223756 13.163486
v -2.459750 -6.000673 13.163486
v -2.327065 -5.776244 13.163486
v -0.007467 -5.763486 13.163486
v 2.327065 -5.776244 13.163486
v 2.600000 -6.000000 13.400000
v 2.459750 -6.236514 13.400000
v 0.006620 -6.250000 13.400000
v -2.459750 -6.236514 13.400000
v -2.600000 -6.000711 13.400000
v -2.459750 -5.763486 13.400000
v -0.007893 -5.750000 13.400000
v 2.459750 -5.763486 13.400000
v 2.459750 -6.000000 13.636514
v 2.327065 -6.223756 13.636514
v 0.006263 -6.236514 13.636514
v -2.327065 -6.223756 13.636514
v -2.459750 -6.000673 13.636514
v -2.327065 -5.776244 13.636514
v -0.007467 -5.763486 13.636514
v 2.327065 -5.776244 13.636514
v 0.006620 -6.000000 13.650000
v 0.006263 -6.000602 13.650000
v 0.000017 -6.000637 13.650000
v -0.006263 -6.000602 13.650000
v -0.006620 -6.000002 13.650000
v -0.006263 -5.999398 13.650000
v -0.000020 -5.999363 13.650000
v 0.006263 -5.999398 13.650000
v 0.006620 -7.000000 13.150000
v 0.006263 -7.000602 13.150000
v 0.000017 -7.000637 13.150000
v -0.006263 -7.000602 13.150000
v -0.006620 -7.000002 13.150000
v -0.006263 -6.999398 13.150000
v -0.000020 -6.999363 13.150000
v 0.006263 -6.999398 13.150000
v 2.459750 -7.000000 13.163486
v 2.327065 -7.223756 13.163486
v 0.006263 -7.236514 13.163486
v -2.327065 -7.223756 13.163486
v -2.459750 -7.000673 13.163486
v -2.327065 -6.776244 13.163486
v -0.007467 -6.763486 13.163486
v 2.327065 -6.776244 13.163486
v 2.600000 -7.000000 13.400000
v 2.459750 -7.236514 13.400000
v 0.006620 -7.250000 13.400000
v -2.459750 -7.236514 13.400000
v -2.600000 -7.000711 13.400000
v -2.459750 -6.763486 13.400000
v -0.007893 -6.750000 13.400000
v 2.459750 -6.763486 13.400000
v 2.459750 -7.000000 13.636514
v 2.327065 -7.223756 13.636514
v 0.006263 -7.236514 13.636514
v -2.327065 -7.223756 13.636514
v -2.459750 -7.000673 13.636514
v -2.327065 -6.776244 13.636514
v -0.007467 -6.763486 13.636514
v 2.327065 -6.776244 13.636514
v 0.006620 -7.000000 13.650000
v 0.006263 -7.000602 13.650000
v 0.000017 -7.000637 13.650000
v -0.006263 -7.000602 13.650000
v -0.006620 -7.000002 13.650000
v -0.006263 -6.999398 13.650000
v -0.000020 -6.999363 13.650000
v 0.006263 -6.999398 13.650000
v 0.006620 -8.000000 13.150000
v 0.006263 -8.000602 13.150000
v 0.000017 -8.000637 13.150000
v -0.006263 -8.000602 13.150000
v -0.006620 -8.000002 13.150000
v -0.006263 -7.999398 13.150000
v -0.000020 -7.999363 13.150000
v 0.006263 -7.999398 13.150000
v 2.459750 -8.000000 13.163486
v 2.327065 -8.223756 13.163486
v 0.006263 -8.236514 13.163486
v -2.327065 -8.223756 13.163486
v -2.459750 -8.000673 13.163486
v -2.327065 -7.776244 13.163486
v -0.007467 -7.763486 13.163486
v 2.327065 -7.776244 13.163486
v 2.600000 -8.000000 13.400000
v 2.459750 -8.236514 13.400000
v 0.006620 -8.250000 13.400000
v -2.459750 -8.236514 13.400000
v -2.600000 -8.000711 13.400000
v -2.459750 -7.763486 13.400000
v -0.007893 -7.750000 13.400000
v 2.459750 -7.763486 13.400000
v 2.459750 -8.000000 13.636514
v 2.327065 -8.223756 13.636514
v 0.006263 -8.236514 13.636514
v -2.327065 -8.223756 13.636514
v -2.459750 -8.000673 13.636514
v -2.327065 -7.776244 13.636514
v -0.007467 -7.763486 13.636514
v 2.327065 -7.776244 13.636514
v 0.006620 -8.000000 13.650000
v 0.006263 -8.000602 13.650000
v 0.000017 -8.000637 13.650000
v -0.006263 -8.000602 13.650000
v -0.006620 -8.000002 13.650000
v -0.006263 -7.999398 13.650000
v -0.000020 -7.999363 13.650000
v 0.006263 -7.999398 13.650000
v 0.006620 -9.000000 13.150000
v 0.006263 -9.000602 13.150000
v 0.000017 -9.000637 13.150000
v -0.006263 -9.000602 13.150000
v -0.006620 -9.000002 13.150000
v -0.006263 -8.999398 13.150000
v -0.000020 -8.999363 13.150000
v 0.006263 -8.999398 13.150000
v 2.459750 -9.000000 13.163486
v 2.327065 -9.223756 13.163486
v 0.006263 -9.236514 13.163486
v -2.327065 -9.223756 13.163486
v -2.459750 -9.000673 13.163486
v -2.327065 -8.776244 13.163486
v -0.007467 -8.763486 13.163486
v 2.327065 -8.776244 13.163486
v 2.600000 -9.000000 13.400000
v 2.459750 -9.236514 13.400000
v 0.006620 -9.250000 13.400000
v -2.459750 -9.236514 13.400000
v -2.600000 -9.000711 13.400000
v -2.459750 -8.763486 13.400000
v -0.007893 -8.750000 13.400000
v 2.459750 -8.763486 13.400000
v 2.459750 -9.000000 13.636514
v 2.327065 -9.223756 13.636514
v 0.006263 -9.236514 13.636514
v -2.327065 -9.223756 13.636514
v -2.459750 -9.000673 13.636514
v -2.327065 -8.776244 13.636514
v -0.007467 -8.763486 13.636514
v 2.327065 -8.776244 13.636514
v 0.006620 -9.000000 13.650000
v 0.006263 -9.000602 13.650000
v 0.000017 -9.000637 13.650000
v -0.006263 -9.000602 13.650000
v -0.006620 -9.000002 13.650000
v -0.006263 -8.999398 13.650000
v -0.000020 -8.999363 13.650000
v 0.006263 -8.999398 13.650000
v 0.006620 -10.000000 13.150000
v 0.006263 -10.000602 13.150000
v 0.000017 -10.000637 13.150000
v -0.006263 -10.000602 13.150000
v -0.006620 -10.000002 13.150000
v -0.006263 -9.999398 13.150000
v -0.000020 -9.999363 13.150000
v 0.006263 -9.999398 13.150000
v 2.459750 -10.000000 13.163486
v 2.327065 -10.223756 13.163486
v 0.006263 -10.236514 13.163486
v -2.327065 -10.223756 13.163486
v -2.459750 -10.000673 13.163486
v -2.327065 -9.776244 13.163486
v -0.007467 -9.763486 13.163486
v 2.327065 -9.776244 13.163486
v 2.600000 -10.000000 13.400000
v 2.459750 -10.236514 13.400000
v 0.006620 -10.250000 13.400000
v -2.459750 -10.236514 13.400000
v -2.600000 -10.000711 13.400000
v -2.459750 -9.763486 13.400000
v -0.007893 -9.750000 13.400000
v 2.459750 -9.763486 13.400000
v 2.459750 -10.000000 13.636514
v 2.327065 -10.223756 13.636514
v 0.006263 -10.236514 13.636514
v -2.327065 -10.223756 13.636514
v -2.459750 -10.000673 13.636514
v -2.327065 -9.776244 13.636514
v -0.007467 -9.763486 13.636514
v 2.327065 -9.776244 13.636514
v 0.006620 -10.000000 13.650000
v 0.006263 -10.000602 13.650000
v 0.000017 -10.000637 13.650000
v -0.006263 -10.000602 13.650000
v -0.006620 -10.000002 13.650000
v -0.006263 -9.999398 13.650000
v -0.000020 -9.999363 13.650000
v 0.006263 -9.999398 13.650000
v 0.006620 -11.000000 13.150000
v 0.006263 -11.000602 13.150000
v 0.000017 -11.000637 13.150000
v -0.006263 -11.000602 13.150000
v -0.006620 -11.000002 13.150000
v -0.006263 -10.999398 13.150000
v -0.000020 -10.999363 13.150000
v 0.006263 -10.999398 13.150000
v 2.459750 -11.000000 13.163486
v 2.327065 -11.223756 13.163486
v 0.006263 -11.236514 13.163486
v -2.327065 -11.223756 13.163486
v -2.459750 -11.000673 13.163486
v -2.327065 -10.776244 13.163486
v -0.007467 -10.763486 13.163486
v 2.327065 -10.776244 13.163486
v 2.600000 -11.000000 13.400000
v 2.459750 -11.236514 13.400000
v 0.006620 -11.250000 13.400000
v -2.459750 -11.236514 13.400000
v -2.600000 -11.000711 13.400000
v -2.459750 -10.763486 13.400000
v -0.007893 -10.750000 13.400000
v 2.459750 -10.763486 13.400000
v 2.459750 -11.000000 13.636514
v 2.327065 -11.223756 13.636514
v 0.006263 -11.236514 13.636514
v -2.327065 -11.223756 13.636514
v -2.459750 -11.000673 13.636514
v -2.327065 -10.776244 13.636514
v -0.007467 -10.763486 13.636514
v 2.327065 -10.776244 13.636514
v 0.006620 -11.000000 13.650000
v 0.006263 -11.000602 13.650000
v 0.000017 -11.000637 13.650000
v -0.006263 -11.000602 13.650000
v -0.006620 -11.000002 13.650000
v -0.006263 -10.999398 13.650000
v -0.000020 -10.999363 13.650000
v 0.006263 -10.999398 13.650000
v 0.006620 -12.000000 13.150000
v 0.006263 -12.000602 13.150000
v 0.000017 -12.000637 13.150000
v -0.006263 -12.000602 13.150000
v -0.006620 -12.000002 13.150000
v -0.006263 -11.999398 13.150000
v -0.000020 -11.999363 13.150000
v 0.006263 -11.999398 13.150000
v 2.459750 -12.000000 13.163486
v 2.327065 -12.223756 13.163486
v 0.006263 -12.236514 13.163486
v -2.327065 -12.223756 13.163486
v -2.459750 -12.000673 13.163486
v -2.327065 -11.776244 13.163486
v -0.007467 -11.763486 13.163486
v 2.327065 -11.776244 13.163486
v 2.600000 -12.000000 13.400000
v 2.459750 -12.236514 13.400000
v 0.006620 -12.250000 13.400000
v -2.459750 -12.236514 13.400000
v -2.600000 -12.000711 13.400000
v -2.459750 -11.763486 13.400000
v -0.007893 -11.750000 13.400000
v 2.459750 -11.763486 13.400000
v 2.459750 -12.000000 13.636514
v 2.327065 -12.223756 13.636514
v 0.006263 -12.236514 13.636514
v -2.327065 -12.223756 13.636514
v -2.459750 -12.000673 13.636514
v -2.327065 -11.776244 13.636514
v -0.007467 -11.763486 13.636514
v 2.327065 -11.776244 13.636514
v 0.006620 -12.000000 13.650000
v 0.006263 -12.000602 13.650000
v 0.000017 -12.000637 13.650000
v -0.006263 -12.000602 13.650000
v -0.006620 -12.000002 13.650000
v -0.006263 -11.999398 13.650000
v -0.000020 -11.999363 13.650000
v 0.006263 -11.999398 13.650000
v 0.006620 -13.000000 13.150000
v 0.006263 -13.000602 13.150000
v 0.000017 -13.000637 13.150000
v -0.006263 -13.000602 13.150000
v -0.006620 -13.000002 13.150000
v -0.006263 -12.999398 13.150000
v -0.000020 -12.999363 13.150000
v 0.006263 -12.999398 13.150000
v 2.459750 -13.000000 13.163486
v 2.327065 -13.223756 13.163486
v 0.006263 -13.236514 13.163486
v -2.327065 -13.223756 13.163486
v -2.459750 -13.000673 13.163486
v -2.327065 -12.776244 13.163486
v -0.007467 -12.763486 13.163486
v 2.327065 -12.776244 13.163486
v 2.600000 -13.000000 13.400000
v 2.459750 -13.236514 13.400000
v 0.006620 -13.250000 13.400000
v -2.459750 -13.236514 13.400000
v -2.600000 -13.000711 13.400000
v -2.459750 -12.763486 13.400000
v -0.007893 -12.750000 13.400000
v 2.459750 -12.763486 13.400000
v 2.459750 -13.000000 13.636514
v 2.327065 -13.223756 13.636514
v 0.006263 -13.236514 13.636514
v -2.327065 -13.223756 13.636514
v -2.459750 -13.000673 13.636514
v -2.327065 -12.776244 13.636514
v -0.007467 -12.763486 13.636514
v 2.327065 -12.776244 13.636514
v 0.006620 -13.000000 13.650000
v 0.006263 -13.000602 13.650000
v 0.000017 -13.000637 13.650000
v -0.006263 -13.000602 13.650000
v -0.006620 -13.000002 13.650000
v -0.006263 -12.999398 13.650000
v -0.000020 -12.999363 13.650000
v 0.006263 -12.999398 13.650000
v 0.006620 -14.000000 13.150000
v 0.006263 -14.000602 13.150000
v 0.000017 -14.000637 13.150000
v -0.006263 -14.000602 13.150000
v -0.006620 -14.000002 13.150000
v -0.006263 -13.999398 13.150000
v -0.000020 -13.999363 13.150000
v 0.006263 -13.999398 13.150000
v 2.459750 -14.000000 13.163486
v 2.327065 -14.223756 13.163486
v 0.006263 -14.236514 13.163486
v -2.327065 -14.223756 13.163486
v -2.459750 -14.000673 13.163486
v -2.327065 -13.776244 13.163486
v -0.007467 -13.763486 13.163486
v 2.327065 -13.776244 13.163486
v 2.600000 -14.000000 13.400000
v 2.459750 -14.236514 13.400000
v 0.006620 -14.250000 13.400000
v -2.459750 -14.236514 13.400000
v -2.600000 -14.000711 13.400000
v -2.459750 -13.763486 13.400000
v -0.007893 -13.750000 13.400000
v 2.459750 -13.763486 13.400000
v 2.459750 -14.000000 13.636514
v 2.327065 -14.223756 13.636514
v 0.006263 -14.236514 13.636514
v -2.327065 -14.223756 13.636514
v -2.459750 -14.000673 13.636514
v -2.327065 -13.776244 13.636514
v -0.007467 -13.763486 13.636514
v 2.327065 -13.776244 13.636514
v 0.006620 -14.000000 13.650000
v 0.006263 -14.000602 13.650000
v 0.000017 -14.000637 13.650000
v -0.006263 -14.000602 13.650000
v -0.006620 -14.000002 13.650000
v -0.006263 -13.999398 13.650000
v -0.000020 -13.999363 13.650000
v 0.006263 -13.999398 13.650000
v 0.006620 -15.000000 13.150000
v 0.006263 -15.000602 13.150000
v 0.000017 -15.000637 13.150000
v -0.006263 -15.000602 13.150000
v -0.006620 -15.000002 13.150000
v -0.006263 -14.999398 13.150000
v -0.000020 -14.999363 13.150000
v 0.006263 -14.999398 13.150000
v 2.459750 -15.000000 13.163486
v 2.327065 -15.223756 13.163486
v 0.006263 -15.236514 13.163486
v -2.327065 -15.223756 13.163486
v -2.459750 -15.000673 13.163486
v -2.327065 -14.776244 13.163486
v -0.007467 -14.763486 13.163486
v 2.327065 -14.776244 13.163486
v 2.600000 -15.000000 13.400000
v 2.459750 -15.236514 13.400000
v 0.006620 -15.250000 13.400000
v -2.459750 -15.236514 13.400000
v -2.600000 -15.000711 13.400000
v -2.459750 -14.763486 13.400000
v -0.007893 -14.750000 13.400000
v 2.459750 -14.763486 13.400000
v 2.459750 -15.000000 13.636514
v 2.327065 -15.223756 13.636514
v 0.006263 -15.236514 13.636514
v -2.327065 -15.223756 13.636514
v -2.459750 -15.000673 13.636514
v -2.327065 -14.776244 13.636514
v -0.007467 -14.763486 13.636514
v 2.327065 -14.776244 13.636514
v 0.006620 -15.000000 13.650000
v 0.006263 -15.000602 13.650000
v 0.000017 -15.000637 13.650000
v -0.006263 -15.000602 13.650000
v -0.006620 -15.000002 13.650000
v -0.006263 -14.999398 13.650000
v -0.000020 -14.999363 13.650000
v 0.006263 -14.999398 13.650000
v 0.006620 -16.000000 13.150000
v 0.006263 -16.000602 13.150000
v 0.000017 -16.000637 13.150000
v -0.006263 -16.000602 13.150000
v -0.006620 -16.000002 13.150000
v -0.006263 -15.999398 13.150000
v -0.000020 -15.999363 13.150000
v 0.006263 -15.999398 13.150000
v 2.459750 -16.000000 13.163486
v 2.327065 -16.223756 13.163486
v 0.006263 -16.236514 13.163486
v -2.327065 -16.223756 13.163486
v -2.459750 -16.000673 13.163486
v -2.327065 -15.776244 13.163486
v -0.007467 -15.763486 13.163486
v 2.327065 -15.776244 13.163486
v 2.600000 -16.000000 13.400000
v 2.459750 -16.236514 13.400000
v 0.006620 -16.250000 13.400000
v -2.459750 -16.236514 13.400000
v -2.600000 -16.000711 13.400000
v -2.459750 -15.763486 13.400000
v -0.007893 -15.750000 13.400000
v 2.459750 -15.763486 13.400000
v 2.459750 -16.000000 13.636514
v 2.327065 -16.223756 13.636514
v 0.006263 -16.236514 13.636514
v -2.327065 -16.223756 13.636514
v -2.459750 -16.000673 13.636514
v -2.327065 -15.776244 13.636514
v -0.007467 -15.763486 13.636514
v 2.327065 -15.776244 13.636514
v 0.006620 -16.000000 13.650000
v 0.006263 -16.000602 13.650000
v 0.000017 -16.000637 13.650000
v -0.006263 -16.000602 13.650000
v -0.006620 -16.000002 13.650000
v -0.006263 -15.999398 13.650000
v -0.000020 -15.999363 13.650000
v 0.006263 -15.999398 13.650000
v 0.006620 -17.000000 13.150000
v 0.006263 -17.000602 13.150000
v 0.000017 -17.000637 13.150000
v -0.006263 -17.000602 13.150000
v -0.006620 -17.000002 13.150000
v -0.006263 -16.999398 13.150000
v -0.000020 -16.999363 13.150000
v 0.006263 -16.999398 13.150000
v 2.459750 -17.000000 13.163486
v 2.327065 -17.223756 13.163486
v 0.006263 -17.236514 13.163486
v -2.327065 -17.223756 13.163486
v -2.459750 -17.000673 13.163486
v -2.327065 -16.776244 13.163486
v -0.007467 -16.763486 13.163486
v 2.327065 -16.776244 13.163486
v 2.600000 -17.000000 13.400000
v 2.459750 -17.236514 13.400000
v 0.006620 -17.250000 13.400000
v -2.459750 -17.236514 13.400000
v -2.600000 -17.000711 13.400000
v -2.459750 -16.763486 13.400000
v -0.007893 -16.750000 13.400000
v 2.459750 -16.763486 13.400000
v 2.459750 -17.000000 13.636514
v 2.327065 -17.223756 13.636514
v 0.006263 -17.236514 13.636514
v -2.327065 -17.223756 13.636514
v -2.459750 -17.000673 13.636514
v -2.327065 -16.776244 13.636514
v -0.007467 -16.763486 13.636514
v 2.327065 -16.776244 13.636514
v 0.006620 -17.000000 13.650000
v 0.006263 -17.000602 13.650000
v 0.000017 -17.000637 13.650000
v -0.006263 -17.000602 13.650000
v -0.006620 -17.000002 13.650000
v -0.006263 -16.999398 13.650000
v -0.000020 -16.999363 13.650000
v 0.006263 -16.999398 13.650000
v 0.006620 -18.000000 13.150000
v 0.006263 -18.000602 13.150000
v 0.000017 -18.000637 13.150000
v -0.006263 -18.000602 13.150000
v -0.006620 -18.000002 13.150000
v -0.006263 -17.999398 13.150000
v -0.000020 -17.999363 13.150000
v 0.006263 -17.999398 13.150000
v 2.459750 -18.000000 13.163486
v 2.327065 -18.223756 13.163486
v 0.006263 -18.236514 13.163486
v -2.327065 -18.223756 13.163486
v -2.459750 -18.000673 13.163486
v -2.327065 -17.776244 13.163486
v -0.007467 -17.763486 13.163486
v 2.327065 -17.776244 13.163486
v 2.600000 -18.000000 13.400000
v 2.459750 -18.236514 13.400000
v 0.006620 -18.250000 13.400000
v -2.459750 -18.236514 13.400000
v -2.600000 -18.000711 13.400000
v -2.459750 -17.763486 13.400000
v -0.007893 -17.750000 13.400000
v 2.459750 -17.763486 13.400000
v 2.459750 -18.000000 13.636514
v 2.327065 -18.223756 13.636514
v 0.006263 -18.236514 13.636514
v -2.327065 -18.223756 13.636514
v -2.459750 -18.000673 13.636514
v -2.327065 -17.776244 13.636514
v -0.007467 -17.763486 13.636514
v 2.327065 -17.776244 13.636514
v 0.006620 -18.000000 13.650000
v 0.006263 -18.000602 13.650000
v 0.000017 -18.000637 13.650000
v -0.006263 -18.000602 13.650000
v -0.006620 -18.000002 13.650000
v -0.006263 -17.999398 13.650000
v -0.000020 -17.999363 13.650000
v 0.006263 -17.999398 13.650000
v 0.006620 -19.000000 13.150000
v 0.006263 -19.000602 13.150000
v 0.000017 -19.000637 13.150000
v -0.006263 -19.000602 13.150000
v -0.006620 -19.000002 13.150000
v -0.006263 -18.999398 13.150000
v -0.000020 -18.999363 13.150000
v 0.006263 -18.999398 13.150000
v 2.459750 -19.000000 13.163486
v 2.327065 -19.223756 13.163486
v 0.006263 -19.236514 13.163486
v -2.327065 -19.223756 13.163486
v -2.459750 -19.000673 13.163486
v -2.327065 -18.776244 13.163486
v -0.007467 -18.763486 13.163486
v 2.327065 -18.776244 13.163486
v 2.600000 -19.000000 13.400000
v 2.459750 -19.236514 13.400000
v 0.006620 -19.250000 13.400000
v -2.459750 -19.236514 13.400000
v -2.600000 -19.000711 13.400000
v -2.459750 -18.763486 13.400000
v -0.007893 -18.750000 13.400000
v 2.459750 -18.763486 13.400000
v 2.459750 -19.000000 13.636514
v 2.327065 -19.223756 13.636514
v 0.006263 -19.236514 13.636514
v -2.327065 -19.223756 13.636514
v -2.459750 -19.000673 13.636514
v -2.327065 -18.776244 13.636514
v -0.007467 -18.763486 13.636514
v 2.327065 -18.776244 13.636514
v 0.006620 -19.000000 13.650000
v 0.006263 -19.000602 13.650000
v 0.000017 -19.000637 13.650000
v -0.006263 -19.000602 13.650000
v -0.006620 -19.000002 13.650000
v -0.006263 -18.999398 13.650000
v -0.000020 -18.999363 13.650000
v 0.006263 -18.999398 13.650000
vt -0.300000 0.300000
vt -0.050000 0.250000
vt 0.000000 0.150000
vt 0.350000 0.150000
vt 0.400000 0.290000
vt 0.650000 0.290000
vt 1.000000 0.350000
vt 1.000000 0.565000
vt 0.850000 0.650000
vt -0.150000 0.650000
vt -0.300000 0.620000
vt -0.350000 0.400000
vt -0.350000 0.400000
vt -0.300000 0.620000
vt -0.150000 0.650000
vt 0.850000 0.650000
vt 1.000000 0.565000
vt 1.000000 0.350000
vt 0.650000 0.290000
vt 0.400000 0.290000
vt 0.350000 0.150000
vt 0.000000 0.150000
vt -0.050000 0.250000
vt -0.300000 0.300000
vt -0.110000 0.400000
vt -0.110000 0.620000
vt 0.110000 0.620000
vt 0.110000 0.400000
vt -0.110000 -0.300000
vt -0.110000 -0.150000
vt 0.110000 -0.150000
vt 0.110000 -0.300000
vt -0.110000 -0.150000
vt -0.110000 0.850000
vt 0.110000 0.850000
vt 0.110000 -0.150000
vt -0.110000 0.850000
vt -0.110000 1.000000
vt 0.110000 1.000000
vt 0.110000 0.850000
vt -0.110000 0.565000
vt -0.110000 0.350000
vt 0.110000 0.350000
vt 0.110000 0.565000
vt -0.110000 1.000000
vt -0.110000 0.650000
vt 0.110000 0.650000
vt 0.110000 1.000000
vt -0.110000 0.650000
vt -0.110000 0.400000
vt 0.110000 0.400000
vt 0.110000 0.650000
vt -0.110000 0.290000
vt -0.110000 0.150000
vt 0.110000 0.150000
vt 0.110000 0.290000
vt -0.110000 0.350000
vt -0.110000 0.000000
vt 0.110000 0.000000
vt 0.110000 0.350000
vt -0.110000 0.150000
vt -0.110000 0.250000
vt 0.110000 0.250000
vt 0.110000 0.150000
vt -0.110000 -0.050000
vt -0.110000 -0.300000
vt 0.110000 -0.300000
vt 0.110000 -0.050000
vt -0.110000 0.300000
vt -0.110000 0.400000
vt 0.110000 0.400000
vt 0.110000 0.300000
vt 0.000000 0.250000
vt 0.000000 0.250000
vt 0.065646 0.419741
vt 0.068840 0.250000
vt 0.000000 0.250000
vt 0.000000 0.250000
vt 0.055915 0.495343
vt 0.065646 0.419741
vt 0.000000 0.250000
vt 0.000000 0.250000
vt 0.038685 0.538039
vt 0.055915 0.495343
vt 0.000000 0.250000
vt 0.000000 0.250000
vt 0.000000 0.552052
vt 0.038685 0.538039
vt 0.000000 0.250000
vt -0.000000 0.250000
vt -0.038685 0.538039
vt 0.000000 0.552052
vt -0.000000 0.250000
vt -0.000000 0.250000
vt -0.055915 0.495343
vt -0.038685 0.538039
vt -0.000000 0.250000
vt -0.000000 0.250000
vt -0.065646 0.419741
vt -0.055915 0.495343
vt -0.000000 0.250000
vt -0.000000 0.250000
vt -0.068840 0.250000
vt -0.065646 0.419741
vt -0.000000 0.250000
vt -0.000000 0.250000
vt -0.065646 0.080259
vt -0.068840 0.250000
vt -0.000000 0.250000
vt -0.000000 0.250000
vt -0.055915 0.004657
vt -0.065646 0.080259
vt -0.000000 0.250000
vt -0.000000 0.250000
vt -0.038685 -0.038039
vt -0.055915 0.004657
vt -0.000000 0.250000
vt -0.000000 0.250000
vt -0.000000 -0.052052
vt -0.038685 -0.038039
vt -0.000000 0.250000
vt 0.000000 0.250000
vt 0.038685 -0.038039
vt -0.000000 -0.052052
vt 0.000000 0.250000
vt 0.000000 0.250000
vt 0.055915 0.004657
vt 0.038685 -0.038039
vt 0.000000 0.250000
vt 0.000000 0.250000
vt 0.065646 0.080259
vt 0.055915 0.004657
vt 0.000000 0.250000
vt 0.000000 0.250000
vt 0.068840 0.250000
vt 0.065646 0.080259
vt 0.068840 0.250000
vt 0.065646 0.419741
vt 0.094885 0.495343
vt 0.099501 0.250000
vt 0.065646 0.419741
vt 0.055915 0.495343
vt 0.080820 0.604618
vt 0.094885 0.495343
vt 0.055915 0.495343
vt 0.038685 0.538039
vt 0.055915 0.666331
vt 0.080820 0.604618
vt 0.038685 0.538039
vt 0.000000 0.552052
vt 0.000000 0.686586
vt 0.055915 0.666331
vt 0.000000 0.552052
vt -0.038685 0.538039
vt -0.055915 0.666331
vt 0.000000 0.686586
vt -0.038685 0.538039
vt -0.055915 0.495343
vt -0.080820 0.604618
vt -0.055915 0.666331
vt -0.055915 0.495343
vt -0.065646 0.419741
vt -0.094885 0.495343
vt -0.080820 0.604618
vt -0.065646 0.419741
vt -0.068840 0.250000
vt -0.099501 0.250000
vt -0.094885 0.495343
vt -0.068840 0.250000
vt -0.065646 0.080259
vt -0.094885 0.004657
vt -0.099501 0.250000
vt -0.065646 0.080259
vt -0.055915 0.004657
vt -0.080820 -0.104618
vt -0.094885 0.004657
vt -0.055915 0.004657
vt -0.038685 -0.038039
vt -0.055915 -0.166331
vt -0.080820 -0.104618
vt -0.038685 -0.038039
vt -0.000000 -0.052052
vt -0.000000 -0.186586
vt -0.055915 -0.166331
vt -0.000000 -0.052052
vt 0.038685 -0.038039
vt 0.055915 -0.166331
vt -0.000000 -0.186586
vt 0.038685 -0.038039
vt 0.055915 0.004657
vt 0.080820 -0.104618
vt 0.055915 -0.166331
vt 0.055915 0.004657
vt 0.065646 0.080259
vt 0.094885 0.004657
vt 0.080820 -0.104618
vt 0.065646 0.080259
vt 0.068840 0.250000
vt 0.099501 0.250000
vt 0.094885 0.004657
vt 0.099501 0.250000
vt 0.094885 0.495343
vt 0.111397 0.538039
vt 0.116817 0.250000
vt 0.094885 0.495343
vt 0.080820 0.604618
vt 0.094885 0.666331
vt 0.111397 0.538039
vt 0.080820 0.604618
vt 0.055915 0.666331
vt 0.065646 0.738784
vt 0.094885 0.666331
vt 0.055915 0.666331
vt 0.000000 0.686586
vt 0.000000 0.762563
vt 0.065646 0.738784
vt 0.000000 0.686586
vt -0.055915 0.666331
vt -0.065646 0.738784
vt 0.000000 0.762563
vt -0.055915 0.666331
vt -0.080820 0.604618
vt -0.094885 0.666331
vt -0.065646 0.738784
vt -0.080820 0.604618
vt -0.094885 0.495343
vt -0.111397 0.538039
vt -0.094885 0.666331
vt -0.094885 0.495343
vt -0.099501 0.250000
vt -0.116817 0.250000
vt -0.111397 0.538039
vt -0.099501 0.250000
vt -0.094885 0.004657
vt -0.111397 -0.038039
vt -0.116817 0.250000
vt -0.094885 0.004657
vt -0.080820 -0.104618
vt -0.094885 -0.166331
vt -0.111397 -0.038039
vt -0.080820 -0.104618
vt -0.055915 -0.166331
vt -0.065646 -0.238784
vt -0.094885 -0.166331
vt -0.055915 -0.166331
vt -0.000000 -0.186586
vt -0.000000 -0.262563
vt -0.065646 -0.238784
vt -0.000000 -0.186586
vt 0.055915 -0.166331
vt 0.065646 -0.238784
vt -0.000000 -0.262563
vt 0.055915 -0.166331
vt 0.080820 -0.104618
vt 0.094885 -0.166331
vt 0.065646 -0.238784
vt 0.080820 -0.104618
vt 0.094885 0.004657
vt 0.111397 -0.038039
vt 0.094885 -0.166331
vt 0.094885 0.004657
vt 0.099501 0.250000
vt 0.116817 0.250000
vt 0.111397 -0.038039
vt 0.250000 0.543473
vt 0.538039 0.543473
vt 0.552052 0.580000
vt 0.250000 0.580000
vt 0.538039 0.543473
vt 0.666331 0.543473
vt 0.686586 0.580000
vt 0.552052 0.580000
vt 0.666331 0.543473
vt 0.738784 0.543473
vt 0.762563 0.580000
vt 0.686586 0.580000
vt 0.065646 0.543473
vt 0.000000 0.543473
vt 0.000000 0.580000
vt 0.068840 0.580000
vt 0.000000 0.543473
vt -0.065646 0.543473
vt -0.068840 0.580000
vt 0.000000 0.580000
vt 0.738784 0.543473
vt 0.666331 0.543473
vt 0.686586 0.580000
vt 0.762563 0.580000
vt 0.666331 0.543473
vt 0.538039 0.543473
vt 0.552052 0.580000
vt 0.686586 0.580000
vt 0.538039 0.543473
vt 0.250000 0.543473
vt 0.250000 0.580000
vt 0.552052 0.580000
vt 0.250000 0.543473
vt -0.038039 0.543473
vt -0.052052 0.580000
vt 0.250000 0.580000
vt -0.038039 0.543473
vt -0.166331 0.543473
vt -0.186586 0.580000
vt -0.052052 0.580000
vt -0.166331 0.543473
vt -0.238784 0.543473
vt -0.262563 0.580000
vt -0.186586 0.580000
vt -0.065646 0.543473
vt -0.000000 0.543473
vt -0.000000 0.580000
vt -0.068840 0.580000
vt -0.000000 0.543473
vt 0.065646 0.543473
vt 0.068840 0.580000
vt -0.000000 0.580000
vt -0.238784 0.543473
vt -0.166331 0.543473
vt -0.186586 0.580000
vt -0.262563 0.580000
vt -0.166331 0.543473
vt -0.038039 0.543473
vt -0.052052 0.580000
vt -0.186586 0.580000
vt -0.038039 0.543473
vt 0.250000 0.543473
vt 0.250000 0.580000
vt -0.052052 0.580000
vt 0.250000 0.580000
vt 0.552052 0.580000
vt 0.538039 0.616527
vt 0.250000 0.616527
vt 0.552052 0.580000
vt 0.686586 0.580000
vt 0.666331 0.616527
vt 0.538039 0.616527
vt 0.686586 0.580000
vt 0.762563 0.580000
vt 0.738784 0.616527
vt 0.666331 0.616527
vt 0.068840 0.580000
vt 0.000000 0.580000
vt 0.000000 0.616527
vt 0.065646 0.616527
vt 0.000000 0.580000
vt -0.068840 0.580000
vt -0.065646 0.616527
vt 0.000000 0.616527
vt 0.762563 0.580000
vt 0.686586 0.580000
vt 0.666331 0.616527
vt 0.738784 0.616527
vt 0.686586 0.580000
vt 0.552052 0.580000
vt 0.538039 0.616527
vt 0.666331 0.616527
vt 0.552052 0.580000
vt 0.250000 0.580000
vt 0.250000 0.616527
vt 0.538039 0.616527
vt 0.250000 0.580000
vt -0.052052 0.580000
vt -0.038039 0.616527
vt 0.250000 0.616527
vt -0.052052 0.580000
vt -0.186586 0.580000
vt -0.166331 0.616527
vt -0.038039 0.616527
vt -0.186586 0.580000
vt -0.262563 0.580000
vt -0.238784 0.616527
vt -0.166331 0.616527
vt -0.068840 0.580000
vt -0.000000 0.580000
vt -0.000000 0.616527
vt -0.065646 0.616527
vt -0.000000 0.580000
vt 0.068840 0.580000
vt 0.065646 0.616527
vt -0.000000 0.616527
vt -0.262563 0.580000
vt -0.186586 0.580000
vt -0.166331 0.616527
vt -0.238784 0.616527
vt -0.186586 0.580000
vt -0.052052 0.580000
vt -0.038039 0.616527
vt -0.166331 0.616527
vt -0.052052 0.580000
vt 0.250000 0.580000
vt 0.250000 0.616527
vt -0.038039 0.616527
vt 0.116817 0.250000
vt 0.111397 0.538039
vt 0.094885 0.495343
vt 0.099501 0.250000
vt 0.111397 0.538039
vt 0.094885 0.666331
vt 0.080820 0.604618
vt 0.094885 0.495343
vt 0.094885 0.666331
vt 0.065646 0.738784
vt 0.055915 0.666331
vt 0.080820 0.604618
vt 0.065646 0.738784
vt 0.000000 0.762563
vt 0.000000 0.686586
vt 0.055915 0.666331
vt 0.000000 0.762563
vt -0.065646 0.738784
vt -0.055915 0.666331
vt 0.000000 0.686586
vt -0.065646 0.738784
vt -0.094885 0.666331
vt -0.080820 0.604618
vt -0.055915 0.666331
vt -0.094885 0.666331
vt -0.111397 0.538039
vt -0.094885 0.495343
vt -0.080820 0.604618
vt -0.111397 0.538039
vt -0.116817 0.250000
vt -0.099501 0.250000
vt -0.094885 0.495343
vt -0.116817 0.250000
vt -0.111397 -0.038039
vt -0.094885 0.004657
vt -0.099501 0.250000
vt -0.111397 -0.038039
vt -0.094885 -0.166331
vt -0.080820 -0.104618
vt -0.094885 0.004657
vt -0.094885 -0.166331
vt -0.065646 -0.238784
vt -0.055915 -0.166331
vt -0.080820 -0.104618
vt -0.065646 -0.238784
vt -0.000000 -0.262563
vt -0.000000 -0.186586
vt -0.055915 -0.166331
vt -0.000000 -0.262563
vt 0.065646 -0.238784
vt 0.055915 -0.166331
vt -0.000000 -0.186586
vt 0.065646 -0.238784
vt 0.094885 -0.166331
vt 0.080820 -0.104618
vt 0.055915 -0.166331
vt 0.094885 -0.166331
vt 0.111397 -0.038039
vt 0.094885 0.004657
vt 0.080820 -0.104618
vt 0.111397 -0.038039
vt 0.116817 0.250000
vt 0.099501 0.250000
vt 0.094885 0.004657
vt 0.099501 0.250000
vt 0.094885 0.495343
vt 0.065646 0.419741
vt 0.068840 0.250000
vt 0.094885 0.495343
vt 0.080820 0.604618
vt 0.055915 0.495343
vt 0.065646 0.419741
vt 0.080820 0.604618
vt 0.055915 0.666331
vt 0.038685 0.538039
vt 0.055915 0.495343
vt 0.055915 0.666331
vt 0.000000 0.686586
vt 0.000000 0.552052
vt 0.038685 0.538039
vt 0.000000 0.686586
vt -0.055915 0.666331
vt -0.038685 0.538039
vt 0.000000 0.552052
vt -0.055915 0.666331
vt -0.080820 0.604618
vt -0.055915 0.495343
vt -0.038685 0.538039
vt -0.080820 0.604618
vt -0.094885 0.495343
vt -0.065646 0.419741
vt -0.055915 0.495343
vt -0.094885 0.495343
vt -0.099501 0.250000
vt -0.068840 0.250000
vt -0.065646 0.419741
vt -0.099501 0.250000
vt -0.094885 0.004657
vt -0.065646 0.080259
vt -0.068840 0.250000
vt -0.094885 0.004657
vt -0.080820 -0.104618
vt -0.055915 0.004657
vt -0.065646 0.080259
vt -0.080820 -0.104618
vt -0.055915 -0.166331
vt -0.038685 -0.038039
vt -0.055915 0.004657
vt -0.055915 -0.166331
vt -0.000000 -0.186586
vt -0.000000 -0.052052
vt -0.038685 -0.038039
vt -0.000000 -0.186586
vt 0.055915 -0.166331
vt 0.038685 -0.038039
vt -0.000000 -0.052052
vt 0.055915 -0.166331
vt 0.080820 -0.104618
vt 0.055915 0.004657
vt 0.038685 -0.038039
vt 0.080820 -0.104618
vt 0.094885 0.004657
vt 0.065646 0.080259
vt 0.055915 0.004657
vt 0.094885 0.004657
vt 0.099501 0.250000
vt 0.068840 0.250000
vt 0.065646 0.080259
vt 0.068840 0.250000
vt 0.065646 0.419741
vt 0.000000 0.250000
vt 0.000000 0.250000
vt 0.065646 0.419741
vt 0.055915 0.495343
vt 0.000000 0.250000
vt 0.000000 0.250000
vt 0.055915 0.495343
vt 0.038685 0.538039
vt 0.000000 0.250000
vt 0.000000 0.250000
vt 0.038685 0.538039
vt 0.000000 0.552052
vt 0.000000 0.250000
vt 0.000000 0.250000
vt 0.000000 0.552052
vt -0.038685 0.538039
vt -0.000000 0.250000
vt 0.000000 0.250000
vt -0.038685 0.538039
vt -0.055915 0.495343
vt -0.000000 0.250000
vt -0.000000 0.250000
vt -0.055915 0.495343
vt -0.065646 0.419741
vt -0.000000 0.250000
vt -0.000000 0.250000
vt -0.065646 0.419741
vt -0.068840 0.250000
vt -0.000000 0.250000
vt -0.000000 0.250000
vt -0.068840 0.250000
vt -0.065646 0.080259
vt -0.000000 0.250000
vt -0.000000 0.250000
vt -0.065646 0.080259
vt -0.055915 0.004657
vt -0.000000 0.250000
vt -0.000000 0.250000
vt -0.055915 0.004657
vt -0.038685 -0.038039
vt -0.000000 0.250000
vt -0.000000 0.250000
vt -0.038685 -0.038039
vt -0.000000 -0.052052
vt -0.000000 0.250000
vt -0.000000 0.250000
vt -0.000000 -0.052052
vt 0.038685 -0.038039
vt 0.000000 0.250000
vt -0.000000 0.250000
vt 0.038685 -0.038039
vt 0.055915 0.004657
vt 0.000000 0.250000
vt 0.000000 0.250000
vt 0.055915 0.004657
vt 0.065646 0.080259
vt 0.000000 0.250000
vt 0.000000 0.250000
vt 0.065646 0.080259
vt 0.068840 0.250000
vt 0.000000 0.250000
vt 0.000000 0.250000
vt 0.500000 0.015000
vt 0.880000 0.050000
vt 0.850000 0.345000
vt 0.410000 0.345000
vt 0.410000 0.345000
vt 0.850000 0.345000
vt 0.880000 0.050000
vt 0.500000 0.015000
vt -0.125000 0.410000
vt -0.125000 0.850000
vt 0.125000 0.850000
vt 0.125000 0.410000
vt -0.125000 0.345000
vt -0.125000 0.050000
vt 0.125000 0.050000
vt 0.125000 0.345000
vt -0.125000 0.880000
vt -0.125000 0.500000
vt 0.125000 0.500000
vt 0.125000 0.880000
vt -0.125000 0.015000
vt -0.125000 0.345000
vt 0.125000 0.345000
vt 0.125000 0.015000
vt 0.000047 -0.310000
vt 0.000047 -0.309992
vt 0.139219 -0.287064
vt 0.141665 -0.310000
vt 0.000047 -0.309992
vt 0.000044 -0.309991
vt 0.131265 -0.283747
vt 0.139219 -0.287064
vt 0.000044 -0.309991
vt 0.000038 -0.309991
vt 0.114680 -0.282156
vt 0.131265 -0.283747
vt 0.000038 -0.309991
vt 0.000000 -0.309991
vt 0.000038 -0.281667
vt 0.114680 -0.282156
vt 0.000000 -0.309991
vt -0.000038 -0.309991
vt -0.114680 -0.282156
vt 0.000038 -0.281667
vt -0.000038 -0.309991
vt -0.000044 -0.309991
vt -0.131265 -0.283747
vt -0.114680 -0.282156
vt -0.000044 -0.309991
vt -0.000047 -0.309992
vt -0.139219 -0.287064
vt -0.131265 -0.283747
vt -0.000047 -0.309992
vt -0.000047 -0.310000
vt -0.141665 -0.309991
vt -0.139219 -0.287064
vt -0.000047 -0.310000
vt -0.000047 -0.310008
vt -0.139219 -0.332936
vt -0.141665 -0.309991
vt -0.000047 -0.310008
vt -0.000044 -0.310009
vt -0.131265 -0.336253
vt -0.139219 -0.332936
vt -0.000044 -0.310009
vt -0.000038 -0.310009
vt -0.114680 -0.337844
vt -0.131265 -0.336253
vt -0.000038 -0.310009
vt -0.000000 -0.310009
vt -0.000049 -0.338333
vt -0.114680 -0.337844
vt -0.000000 -0.310009
vt 0.000038 -0.310009
vt 0.114680 -0.337844
vt -0.000049 -0.338333
vt 0.000038 -0.310009
vt 0.000044 -0.310009
vt 0.131265 -0.336253
vt 0.114680 -0.337844
vt 0.000044 -0.310009
vt 0.000047 -0.310008
vt 0.139219 -0.332936
vt 0.131265 -0.336253
vt 0.000047 -0.310008
vt 0.000047 -0.310000
vt 0.141665 -0.310000
vt 0.139219 -0.332936
vt 0.141665 -0.310000
vt 0.139219 -0.287064
vt 0.159353 -0.283747
vt 0.162153 -0.310000
vt 0.139219 -0.287064
vt 0.131265 -0.283747
vt 0.150249 -0.279950
vt 0.159353 -0.283747
vt 0.131265 -0.283747
vt 0.114680 -0.282156
vt 0.131265 -0.278129
vt 0.150249 -0.279950
vt 0.114680 -0.282156
vt 0.000038 -0.281667
vt 0.000044 -0.277569
vt 0.131265 -0.278129
vt 0.000038 -0.281667
vt -0.114680 -0.282156
vt -0.131265 -0.278129
vt 0.000044 -0.277569
vt -0.114680 -0.282156
vt -0.131265 -0.283747
vt -0.150249 -0.279950
vt -0.131265 -0.278129
vt -0.131265 -0.283747
vt -0.139219 -0.287064
vt -0.159353 -0.283747
vt -0.150249 -0.279950
vt -0.139219 -0.287064
vt -0.141665 -0.309991
vt -0.162153 -0.309990
vt -0.159353 -0.283747
vt -0.141665 -0.309991
vt -0.139219 -0.332936
vt -0.159353 -0.336253
vt -0.162153 -0.309990
vt -0.139219 -0.332936
vt -0.131265 -0.336253
vt -0.150249 -0.340050
vt -0.159353 -0.336253
vt -0.131265 -0.336253
vt -0.114680 -0.337844
vt -0.131265 -0.341871
vt -0.150249 -0.340050
vt -0.114680 -0.337844
vt -0.000049 -0.338333
vt -0.000056 -0.342431
vt -0.131265 -0.341871
vt -0.000049 -0.338333
vt 0.114680 -0.337844
vt 0.131265 -0.341871
vt -0.000056 -0.342431
vt 0.114680 -0.337844
vt 0.131265 -0.336253
vt 0.150249 -0.340050
vt 0.131265 -0.341871
vt 0.131265 -0.336253
vt 0.139219 -0.332936
vt 0.159353 -0.336253
vt 0.150249 -0.340050
vt 0.139219 -0.332936
vt 0.141665 -0.310000
vt 0.162153 -0.310000
vt 0.159353 -0.336253
vt 0.162153 -0.310000
vt 0.159353 -0.283747
vt 0.169009 -0.282156
vt 0.171978 -0.310000
vt 0.159353 -0.283747
vt 0.150249 -0.279950
vt 0.159353 -0.278129
vt 0.169009 -0.282156
vt 0.150249 -0.279950
vt 0.131265 -0.278129
vt 0.139219 -0.276198
vt 0.159353 -0.278129
vt 0.131265 0.598785
vt 0.000044 0.598785
vt 0.000047 0.600833
vt 0.139219 0.600833
vt 0.000044 0.598785
vt -0.131265 0.598785
vt -0.139219 0.600833
vt 0.000047 0.600833
vt -0.131265 -0.278129
vt -0.150249 -0.279950
vt -0.159353 -0.278129
vt -0.139219 -0.276198
vt -0.150249 -0.279950
vt -0.159353 -0.283747
vt -0.169009 -0.282156
vt -0.159353 -0.278129
vt -0.159353 -0.283747
vt -0.162153 -0.309990
vt -0.171978 -0.309989
vt -0.169009 -0.282156
vt -0.162153 -0.309990
vt -0.159353 -0.336253
vt -0.169009 -0.337844
vt -0.171978 -0.309989
vt -0.159353 -0.336253
vt -0.150249 -0.340050
vt -0.159353 -0.341871
vt -0.169009 -0.337844
vt -0.150249 -0.340050
vt -0.131265 -0.341871
vt -0.139219 -0.343802
vt -0.159353 -0.341871
vt -0.131265 0.598785
vt -0.000056 0.598785
vt -0.000059 0.600833
vt -0.139219 0.600833
vt -0.000056 0.598785
vt 0.131265 0.598785
vt 0.139219 0.600833
vt -0.000059 0.600833
vt 0.131265 -0.341871
vt 0.150249 -0.340050
vt 0.159353 -0.341871
vt 0.139219 -0.343802
vt 0.150249 -0.340050
vt 0.159353 -0.336253
vt 0.169009 -0.337844
vt 0.159353 -0.341871
vt 0.159353 -0.336253
vt 0.162153 -0.310000
vt 0.171978 -0.310000
vt 0.169009 -0.337844
vt -0.310000 0.600833
vt -0.282156 0.600833
vt -0.281667 0.615000
vt -0.310000 0.615000
vt 0.169009 0.600833
vt 0.159353 0.600833
vt 0.162153 0.615000
vt 0.171978 0.615000
vt 0.159353 0.600833
vt 0.139219 0.600833
vt 0.141665 0.615000
vt 0.162153 0.615000
vt 0.139219 0.600833
vt 0.000047 0.600833
vt 0.000047 0.615000
vt 0.141665 0.615000
vt 0.000047 0.600833
vt -0.139219 0.600833
vt -0.141665 0.615000
vt 0.000047 0.615000
vt -0.139219 0.600833
vt -0.159353 0.600833
vt -0.162153 0.615000
vt -0.141665 0.615000
vt -0.159353 0.600833
vt -0.169009 0.600833
vt -0.171978 0.615000
vt -0.162153 0.615000
vt -0.282156 0.600833
vt -0.309989 0.600833
vt -0.309989 0.615000
vt -0.281667 0.615000
vt -0.309989 0.600833
vt -0.337844 0.600833
vt -0.338333 0.615000
vt -0.309989 0.615000
vt -0.169009 0.600833
vt -0.159353 0.600833
vt -0.162153 0.615000
vt -0.171978 0.615000
vt -0.159353 0.600833
vt -0.139219 0.600833
vt -0.141665 0.615000
vt -0.162153 0.615000
vt -0.139219 0.600833
vt -0.000059 0.600833
vt -0.000060 0.615000
vt -0.141665 0.615000
vt -0.000059 0.600833
vt 0.139219 0.600833
vt 0.141665 0.615000
vt -0.000060 0.615000
vt 0.139219 0.600833
vt 0.159353 0.600833
vt 0.162153 0.615000
vt 0.141665 0.615000
vt 0.159353 0.600833
vt 0.169009 0.600833
vt 0.171978 0.615000
vt 0.162153 0.615000
vt -0.337844 0.600833
vt -0.310000 0.600833
vt -0.310000 0.615000
vt -0.338333 0.615000
vt -0.310000 0.615000
vt -0.281667 0.615000
vt -0.282156 0.629167
vt -0.310000 0.629167
vt 0.171978 0.615000
vt 0.162153 0.615000
vt 0.159353 0.629167
vt 0.169009 0.629167
vt 0.162153 0.615000
vt 0.141665 0.615000
vt 0.139219 0.629167
vt 0.159353 0.629167
vt 0.141665 0.615000
vt 0.000047 0.615000
vt 0.000047 0.629167
vt 0.139219 0.629167
vt 0.000047 0.615000
vt -0.141665 0.615000
vt -0.139219 0.629167
vt 0.000047 0.629167
vt -0.141665 0.615000
vt -0.162153 0.615000
vt -0.159353 0.629167
vt -0.139219 0.629167
vt -0.162153 0.615000
vt -0.171978 0.615000
vt -0.169009 0.629167
vt -0.159353 0.629167
vt -0.281667 0.615000
vt -0.309989 0.615000
vt -0.309989 0.629167
vt -0.282156 0.629167
vt -0.309989 0.615000
vt -0.338333 0.615000
vt -0.337844 0.629167
vt -0.309989 0.629167
vt -0.171978 0.615000
vt -0.162153 0.615000
vt -0.159353 0.629167
vt -0.169009 0.629167
vt -0.162153 0.615000
vt -0.141665 0.615000
vt -0.139219 0.629167
vt -0.159353 0.629167
vt -0.141665 0.615000
vt -0.000060 0.615000
vt -0.000059 0.629167
vt -0.139219 0.629167
vt -0.000060 0.615000
vt 0.141665 0.615000
vt 0.139219 0.629167
vt -0.000059 0.629167
vt 0.141665 0.615000
vt 0.162153 0.615000
vt 0.159353 0.629167
vt 0.139219 0.629167
vt 0.162153 0.615000
vt 0.171978 0.615000
vt 0.169009 0.629167
vt 0.159353 0.629167
vt -0.338333 0.615000
vt -0.310000 0.615000
vt -0.310000 0.629167
vt -0.337844 0.629167
vt 0.171978 -0.310000
vt 0.169009 -0.282156
vt 0.159353 -0.283747
vt 0.162153 -0.310000
vt 0.169009 -0.282156
vt 0.159353 -0.278129
vt 0.150249 -0.279950
vt 0.159353 -0.283747
vt 0.159353 -0.278129
vt 0.139219 -0.276198
vt 0.131265 -0.278129
vt 0.150249 -0.279950
vt 0.139219 0.629167
vt 0.000047 0.629167
vt 0.000044 0.631215
vt 0.131265 0.631215
vt 0.000047 0.629167
vt -0.139219 0.629167
vt -0.131265 0.631215
vt 0.000044 0.631215
vt -0.139219 -0.276198
vt -0.159353 -0.278129
vt -0.150249 -0.279950
vt -0.131265 -0.278129
vt -0.159353 -0.278129
vt -0.169009 -0.282156
vt -0.159353 -0.283747
vt -0.150249 -0.279950
vt -0.169009 -0.282156
vt -0.171978 -0.309989
vt -0.162153 -0.309990
vt -0.159353 -0.283747
vt -0.171978 -0.309989
vt -0.169009 -0.337844
vt -0.159353 -0.336253
vt -0.162153 -0.309990
vt -0.169009 -0.337844
vt -0.159353 -0.341871
vt -0.150249 -0.340050
vt -0.159353 -0.336253
vt -0.159353 -0.341871
vt -0.139219 -0.343802
vt -0.131265 -0.341871
vt -0.150249 -0.340050
vt -0.139219 0.629167
vt -0.000059 0.629167
vt -0.000056 0.631215
vt -0.131265 0.631215
vt -0.000059 0.629167
vt 0.139219 0.629167
vt 0.131265 0.631215
vt -0.000056 0.631215
vt 0.139219 -0.343802
vt 0.159353 -0.341871
vt 0.150249 -0.340050
vt 0.131265 -0.341871
vt 0.159353 -0.341871
vt 0.169009 -0.337844
vt 0.159353 -0.336253
vt 0.150249 -0.340050
vt 0.169009 -0.337844
vt 0.171978 -0.310000
vt 0.162153 -0.310000
vt 0.159353 -0.336253
vt 0.162153 -0.310000
vt 0.159353 -0.283747
vt 0.139219 -0.287064
vt 0.141665 -0.310000
vt 0.159353 -0.283747
vt 0.150249 -0.279950
vt 0.131265 -0.283747
vt 0.139219 -0.287064
vt 0.150249 -0.279950
vt 0.131265 -0.278129
vt 0.114680 -0.282156
vt 0.131265 -0.283747
vt 0.131265 -0.278129
vt 0.000044 -0.277569
vt 0.000038 -0.281667
vt 0.114680 -0.282156
vt 0.000044 -0.277569
vt -0.131265 -0.278129
vt -0.114680 -0.282156
vt 0.000038 -0.281667
vt -0.131265 -0.278129
vt -0.150249 -0.279950
vt -0.131265 -0.283747
vt -0.114680 -0.282156
vt -0.150249 -0.279950
vt -0.159353 -0.283747
vt -0.139219 -0.287064
vt -0.131265 -0.283747
vt -0.159353 -0.283747
vt -0.162153 -0.309990
vt -0.141665 -0.309991
vt -0.139219 -0.287064
vt -0.162153 -0.309990
vt -0.159353 -0.336253
vt -0.139219 -0.332936
vt -0.141665 -0.309991
vt -0.159353 -0.336253
vt -0.150249 -0.340050
vt -0.131265 -0.336253
vt -0.139219 -0.332936
vt -0.150249 -0.340050
vt -0.131265 -0.341871
vt -0.114680 -0.337844
vt -0.131265 -0.336253
vt -0.131265 -0.341871
vt -0.000056 -0.342431
vt -0.000049 -0.338333
vt -0.114680 -0.337844
vt -0.000056 -0.342431
vt 0.131265 -0.341871
vt 0.114680 -0.337844
vt -0.000049 -0.338333
vt 0.131265 -0.341871
vt 0.150249 -0.340050
vt 0.131265 -0.336253
vt 0.114680 -0.337844
vt 0.150249 -0.340050
vt 0.159353 -0.336253
vt 0.139219 -0.332936
vt 0.131265 -0.336253
vt 0.159353 -0.336253
vt 0.162153 -0.310000
vt 0.141665 -0.310000
vt 0.139219 -0.332936
vt 0.141665 -0.310000
vt 0.139219 -0.287064
vt 0.000047 -0.309992
vt 0.000047 -0.310000
vt 0.139219 -0.287064
vt 0.131265 -0.283747
vt 0.000044 -0.309991
vt 0.000047 -0.309992
vt 0.131265 -0.283747
vt 0.114680 -0.282156
vt 0.000038 -0.309991
vt 0.000044 -0.309991
vt 0.114680 -0.282156
vt 0.000038 -0.281667
vt 0.000000 -0.309991
vt 0.000038 -0.309991
vt 0.000038 -0.281667
vt -0.114680 -0.282156
vt -0.000038 -0.309991
vt 0.000000 -0.309991
vt -0.114680 -0.282156
vt -0.131265 -0.283747
vt -0.000044 -0.309991
vt -0.000038 -0.309991
vt -0.131265 -0.283747
vt -0.139219 -0.287064
vt -0.000047 -0.309992
vt -0.000044 -0.309991
vt -0.139219 -0.287064
vt -0.141665 -0.309991
vt -0.000047 -0.310000
vt -0.000047 -0.309992
vt -0.141665 -0.309991
vt -0.139219 -0.332936
vt -0.000047 -0.310008
vt -0.000047 -0.310000
vt -0.139219 -0.332936
vt -0.131265 -0.336253
vt -0.000044 -0.310009
vt -0.000047 -0.310008
vt -0.131265 -0.336253
vt -0.114680 -0.337844
vt -0.000038 -0.310009
vt -0.000044 -0.310009
vt -0.114680 -0.337844
vt -0.000049 -0.338333
vt -0.000000 -0.310009
vt -0.000038 -0.310009
vt -0.000049 -0.338333
vt 0.114680 -0.337844
vt 0.000038 -0.310009
vt -0.000000 -0.310009
vt 0.114680 -0.337844
vt 0.131265 -0.336253
vt 0.000044 -0.310009
vt 0.000038 -0.310009
vt 0.131265 -0.336253
vt 0.139219 -0.332936
vt 0.000047 -0.310008
vt 0.000044 -0.310009
vt 0.139219 -0.332936
vt 0.141665 -0.310000
vt 0.000047 -0.310000
vt 0.000047 -0.310008
vt 0.000331 -0.250000
vt 0.000313 -0.249970
vt 0.116353 -0.238812
vt 0.122987 -0.250000
vt 0.000313 -0.249970
vt 0.000001 -0.249968
vt 0.000313 -0.238174
vt 0.116353 -0.238812
vt 0.000001 -0.249968
vt -0.000313 -0.249970
vt -0.116353 -0.238812
vt 0.000313 -0.238174
vt -0.000313 -0.249970
vt -0.000331 -0.250000
vt -0.122987 -0.249966
vt -0.116353 -0.238812
vt -0.000331 -0.250000
vt -0.000313 -0.250030
vt -0.116353 -0.261188
vt -0.122987 -0.249966
vt -0.000313 -0.250030
vt -0.000001 -0.250032
vt -0.000373 -0.261826
vt -0.116353 -0.261188
vt -0.000001 -0.250032
vt 0.000313 -0.250030
vt 0.116353 -0.261188
vt -0.000373 -0.261826
vt 0.000313 -0.250030
vt 0.000331 -0.250000
vt 0.122987 -0.250000
vt 0.116353 -0.261188
vt -0.250000 0.658174
vt -0.238812 0.658174
vt -0.238174 0.670000
vt -0.250000 0.670000
vt 0.116353 0.658174
vt 0.000313 0.658174
vt 0.000331 0.670000
vt 0.122987 0.670000
vt 0.000313 0.658174
vt -0.116353 0.658174
vt -0.122987 0.670000
vt 0.000331 0.670000
vt -0.238812 0.658174
vt -0.249966 0.658174
vt -0.249964 0.670000
vt -0.238174 0.670000
vt -0.249966 0.658174
vt -0.261188 0.658174
vt -0.261826 0.670000
vt -0.249964 0.670000
vt -0.116353 0.658174
vt -0.000373 0.658174
vt -0.000395 0.670000
vt -0.122987 0.670000
vt -0.000373 0.658174
vt 0.116353 0.658174
vt 0.122987 0.670000
vt -0.000395 0.670000
vt -0.261188 0.658174
vt -0.250000 0.658174
vt -0.250000 0.670000
vt -0.261826 0.670000
vt -0.250000 0.670000
vt -0.238174 0.670000
vt -0.238812 0.681826
vt -0.250000 0.681826
vt 0.122987 0.670000
vt 0.000331 0.670000
vt 0.000313 0.681826
vt 0.116353 0.681826
vt 0.000331 0.670000
vt -0.122987 0.670000
vt -0.116353 0.681826
vt 0.000313 0.681826
vt -0.238174 0.670000
vt -0.249964 0.670000
vt -0.249966 0.681826
vt -0.238812 0.681826
vt -0.249964 0.670000
vt -0.261826 0.670000
vt -0.261188 0.681826
vt -0.249966 0.681826
vt -0.122987 0.670000
vt -0.000395 0.670000
vt -0.000373 0.681826
vt -0.116353 0.681826
vt -0.000395 0.670000
vt 0.122987 0.670000
vt 0.116353 0.681826
vt -0.000373 0.681826
vt -0.261826 0.670000
vt -0.250000 0.670000
vt -0.250000 0.681826
vt -0.261188 0.681826
vt 0.122987 -0.250000
vt 0.116353 -0.238812
vt 0.000313 -0.249970
vt 0.000331 -0.250000
vt 0.116353 -0.238812
vt 0.000313 -0.238174
vt 0.000001 -0.249968
vt 0.000313 -0.249970
vt 0.000313 -0.238174
vt -0.116353 -0.238812
vt -0.000313 -0.249970
vt 0.000001 -0.249968
vt -0.116353 -0.238812
vt -0.122987 -0.249966
vt -0.000331 -0.250000
vt -0.000313 -0.249970
vt -0.122987 -0.249966
vt -0.116353 -0.261188
vt -0.000313 -0.250030
vt -0.000331 -0.250000
vt -0.116353 -0.261188
vt -0.000373 -0.261826
vt -0.000001 -0.250032
vt -0.000313 -0.250030
vt -0.000373 -0.261826
vt 0.116353 -0.261188
vt 0.000313 -0.250030
vt -0.000001 -0.250032
vt 0.116353 -0.261188
vt 0.122987 -0.250000
vt 0.000331 -0.250000
vt 0.000313 -0.250030
vt 0.000331 -0.200000
vt 0.000313 -0.199970
vt 0.116353 -0.188812
vt 0.122987 -0.200000
vt 0.000313 -0.199970
vt 0.000001 -0.199968
vt 0.000313 -0.188174
vt 0.116353 -0.188812
vt 0.000001 -0.199968
vt -0.000313 -0.199970
vt -0.116353 -0.188812
vt 0.000313 -0.188174
vt -0.000313 -0.199970
vt -0.000331 -0.200000
vt -0.122987 -0.199966
vt -0.116353 -0.188812
vt -0.000331 -0.200000
vt -0.000313 -0.200030
vt -0.116353 -0.211188
vt -0.122987 -0.199966
vt -0.000313 -0.200030
vt -0.000001 -0.200032
vt -0.000373 -0.211826
vt -0.116353 -0.211188
vt -0.000001 -0.200032
vt 0.000313 -0.200030
vt 0.116353 -0.211188
vt -0.000373 -0.211826
vt 0.000313 -0.200030
vt 0.000331 -0.200000
vt 0.122987 -0.200000
vt 0.116353 -0.211188
vt -0.200000 0.658174
vt -0.188812 0.658174
vt -0.188174 0.670000
vt -0.200000 0.670000
vt 0.116353 0.658174
vt 0.000313 0.658174
vt 0.000331 0.670000
vt 0.122987 0.670000
vt 0.000313 0.658174
vt -0.116353 0.658174
vt -0.122987 0.670000
vt 0.000331 0.670000
vt -0.188812 0.658174
vt -0.199966 0.658174
vt -0.199964 0.670000
vt -0.188174 0.670000
vt -0.199966 0.658174
vt -0.211188 0.658174
vt -0.211826 0.670000
vt -0.199964 0.670000
vt -0.116353 0.658174
vt -0.000373 0.658174
vt -0.000395 0.670000
vt -0.122987 0.670000
vt -0.000373 0.658174
vt 0.116353 0.658174
vt 0.122987 0.670000
vt -0.000395 0.670000
vt -0.211188 0.658174
vt -0.200000 0.658174
vt -0.200000 0.670000
vt -0.211826 0.670000
vt -0.200000 0.670000
vt -0.188174 0.670000
vt -0.188812 0.681826
vt -0.200000 0.681826
vt 0.122987 0.670000
vt 0.000331 0.670000
vt 0.000313 0.681826
vt 0.116353 0.681826
vt 0.000331 0.670000
vt -0.122987 0.670000
vt -0.116353 0.681826
vt 0.000313 0.681826
vt -0.188174 0.670000
vt -0.199964 0.670000
vt -0.199966 0.681826
vt -0.188812 0.681826
vt -0.199964 0.670000
vt -0.211826 0.670000
vt -0.211188 0.681826
vt -0.199966 0.681826
vt -0.122987 0.670000
vt -0.000395 0.670000
vt -0.000373 0.681826
vt -0.116353 0.681826
vt -0.000395 0.670000
vt 0.122987 0.670000
vt 0.116353 0.681826
vt -0.000373 0.681826
vt -0.211826 0.670000
vt -0.200000 0.670000
vt -0.200000 0.681826
vt -0.211188 0.681826
vt 0.122987 -0.200000
vt 0.116353 -0.188812
vt 0.000313 -0.199970
vt 0.000331 -0.200000
vt 0.116353 -0.188812
vt 0.000313 -0.188174
vt 0.000001 -0.199968
vt 0.000313 -0.199970
vt 0.000313 -0.188174
vt -0.116353 -0.188812
vt -0.000313 -0.199970
vt 0.000001 -0.199968
vt -0.116353 -0.188812
vt -0.122987 -0.199966
vt -0.000331 -0.200000
vt -0.000313 -0.199970
vt -0.122987 -0.199966
vt -0.116353 -0.211188
vt -0.000313 -0.200030
vt -0.000331 -0.200000
vt -0.116353 -0.211188
vt -0.000373 -0.211826
vt -0.000001 -0.200032
vt -0.000313 -0.200030
vt -0.000373 -0.211826
vt 0.116353 -0.211188
vt 0.000313 -0.200030
vt -0.000001 -0.200032
vt 0.116353 -0.211188
vt 0.122987 -0.200000
vt 0.000331 -0.200000
vt 0.000313 -0.200030
vt 0.000331 -0.150000
vt 0.000313 -0.149970
vt 0.116353 -0.138812
vt 0.122987 -0.150000
vt 0.000313 -0.149970
vt 0.000001 -0.149968
vt 0.000313 -0.138174
vt 0.116353 -0.138812
vt 0.000001 -0.149968
vt -0.000313 -0.149970
vt -0.116353 -0.138812
vt 0.000313 -0.138174
vt -0.000313 -0.149970
vt -0.000331 -0.150000
vt -0.122987 -0.149966
vt -0.116353 -0.138812
vt -0.000331 -0.150000
vt -0.000313 -0.150030
vt -0.116353 -0.161188
vt -0.122987 -0.149966
vt -0.000313 -0.150030
vt -0.000001 -0.150032
vt -0.000373 -0.161826
vt -0.116353 -0.161188
vt -0.000001 -0.150032
vt 0.000313 -0.150030
vt 0.116353 -0.161188
vt -0.000373 -0.161826
vt 0.000313 -0.150030
vt 0.000331 -0.150000
vt 0.122987 -0.150000
vt 0.116353 -0.161188
vt -0.150000 0.658174
vt -0.138812 0.658174
vt -0.138174 0.670000
vt -0.150000 0.670000
vt 0.116353 0.658174
vt 0.000313 0.658174
vt 0.000331 0.670000
vt 0.122987 0.670000
vt 0.000313 0.658174
vt -0.116353 0.658174
vt -0.122987 0.670000
vt 0.000331 0.670000
vt -0.138812 0.658174
vt -0.149966 0.658174
vt -0.149964 0.670000
vt -0.138174 0.670000
vt -0.149966 0.658174
vt -0.161188 0.658174
vt -0.161826 0.670000
vt -0.149964 0.670000
vt -0.116353 0.658174
vt -0.000373 0.658174
vt -0.000395 0.670000
vt -0.122987 0.670000
vt -0.000373 0.658174
vt 0.116353 0.658174
vt 0.122987 0.670000
vt -0.000395 0.670000
vt -0.161188 0.658174
vt -0.150000 0.658174
vt -0.150000 0.670000
vt -0.161826 0.670000
vt -0.150000 0.670000
vt -0.138174 0.670000
vt -0.138812 0.681826
vt -0.150000 0.681826
vt 0.122987 0.670000
vt 0.000331 0.670000
vt 0.000313 0.681826
vt 0.116353 0.681826
vt 0.000331 0.670000
vt -0.122987 0.670000
vt -0.116353 0.681826
vt 0.000313 0.681826
vt -0.138174 0.670000
vt -0.149964 0.670000
vt -0.149966 0.681826
vt -0.138812 0.681826
vt -0.149964 0.670000
vt -0.161826 0.670000
vt -0.161188 0.681826
vt -0.149966 0.681826
vt -0.122987 0.670000
vt -0.000395 0.670000
vt -0.000373 0.681826
vt -0.116353 0.681826
vt -0.000395 0.670000
vt 0.122987 0.670000
vt 0.116353 0.681826
vt -0.000373 0.681826
vt -0.161826 0.670000
vt -0.150000 0.670000
vt -0.150000 0.681826
vt -0.161188 0.681826
vt 0.122987 -0.150000
vt 0.116353 -0.138812
vt 0.000313 -0.149970
vt 0.000331 -0.150000
vt 0.116353 -0.138812
vt 0.000313 -0.138174
vt 0.000001 -0.149968
vt 0.000313 -0.149970
vt 0.000313 -0.138174
vt -0.116353 -0.138812
vt -0.000313 -0.149970
vt 0.000001 -0.149968
vt -0.116353 -0.138812
vt -0.122987 -0.149966
vt -0.000331 -0.150000
vt -0.000313 -0.149970
vt -0.122987 -0.149966
vt -0.116353 -0.161188
vt -0.000313 -0.150030
vt -0.000331 -0.150000
vt -0.116353 -0.161188
vt -0.000373 -0.161826
vt -0.000001 -0.150032
vt -0.000313 -0.150030
vt -0.000373 -0.161826
vt 0.116353 -0.161188
vt 0.000313 -0.150030
vt -0.000001 -0.150032
vt 0.116353 -0.161188
vt 0.122987 -0.150000
vt 0.000331 -0.150000
vt 0.000313 -0.150030
vt 0.000331 -0.100000
vt 0.000313 -0.099970
vt 0.116353 -0.088812
vt 0.122987 -0.100000
vt 0.000313 -0.099970
vt 0.000001 -0.099968
vt 0.000313 -0.088174
vt 0.116353 -0.088812
vt 0.000001 -0.099968
vt -0.000313 -0.099970
vt -0.116353 -0.088812
vt 0.000313 -0.088174
vt -0.000313 -0.099970
vt -0.000331 -0.100000
vt -0.122987 -0.099966
vt -0.116353 -0.088812
vt -0.000331 -0.100000
vt -0.000313 -0.100030
vt -0.116353 -0.111188
vt -0.122987 -0.099966
vt -0.000313 -0.100030
vt -0.000001 -0.100032
vt -0.000373 -0.111826
vt -0.116353 -0.111188
vt -0.000001 -0.100032
vt 0.000313 -0.100030
vt 0.116353 -0.111188
vt -0.000373 -0.111826
vt 0.000313 -0.100030
vt 0.000331 -0.100000
vt 0.122987 -0.100000
vt 0.116353 -0.111188
vt -0.100000 0.658174
vt -0.088812 0.658174
vt -0.088174 0.670000
vt -0.100000 0.670000
vt 0.116353 0.658174
vt 0.000313 0.658174
vt 0.000331 0.670000
vt 0.122987 0.670000
vt 0.000313 0.658174
vt -0.116353 0.658174
vt -0.122987 0.670000
vt 0.000331 0.670000
vt -0.088812 0.658174
vt -0.099966 0.658174
vt -0.099964 0.670000
vt -0.088174 0.670000
vt -0.099966 0.658174
vt -0.111188 0.658174
vt -0.111826 0.670000
vt -0.099964 0.670000
vt -0.116353 0.658174
vt -0.000373 0.658174
vt -0.000395 0.670000
vt -0.122987 0.670000
vt -0.000373 0.658174
vt 0.116353 0.658174
vt 0.122987 0.670000
vt -0.000395 0.670000
vt -0.111188 0.658174
vt -0.100000 0.658174
vt -0.100000 0.670000
vt -0.111826 0.670000
vt -0.100000 0.670000
vt -0.088174 0.670000
vt -0.088812 0.681826
vt -0.100000 0.681826
vt 0.122987 0.670000
vt 0.000331 0.670000
vt 0.000313 0.681826
vt 0.116353 0.681826
vt 0.000331 0.670000
vt -0.122987 0.670000
vt -0.116353 0.681826
vt 0.000313 0.681826
vt -0.088174 0.670000
vt -0.099964 0.670000
vt -0.099966 0.681826
vt -0.088812 0.681826
vt -0.099964 0.670000
vt -0.111826 0.670000
vt -0.111188 0.681826
vt -0.099966 0.681826
vt -0.122987 0.670000
vt -0.000395 0.670000
vt -0.000373 0.681826
vt -0.116353 0.681826
vt -0.000395 0.670000
vt 0.122987 0.670000
vt 0.116353 0.681826
vt -0.000373 0.681826
vt -0.111826 0.670000
vt -0.100000 0.670000
vt -0.100000 0.681826
vt -0.111188 0.681826
vt 0.122987 -0.100000
vt 0.116353 -0.088812
vt 0.000313 -0.099970
vt 0.000331 -0.100000
vt 0.116353 -0.088812
vt 0.000313 -0.088174
vt 0.000001 -0.099968
vt 0.000313 -0.099970
vt 0.000313 -0.088174
vt -0.116353 -0.088812
vt -0.000313 -0.099970
vt 0.000001 -0.099968
vt -0.116353 -0.088812
vt -0.122987 -0.099966
vt -0.000331 -0.100000
vt -0.000313 -0.099970
vt -0.122987 -0.099966
vt -0.116353 -0.111188
vt -0.000313 -0.100030
vt -0.000331 -0.100000
vt -0.116353 -0.111188
vt -0.000373 -0.111826
vt -0.000001 -0.100032
vt -0.000313 -0.100030
vt -0.000373 -0.111826
vt 0.116353 -0.111188
vt 0.000313 -0.100030
vt -0.000001 -0.100032
vt 0.116353 -0.111188
vt 0.122987 -0.100000
vt 0.000331 -0.100000
vt 0.000313 -0.100030
vt 0.000331 -0.050000
vt 0.000313 -0.049970
vt 0.116353 -0.038812
vt 0.122987 -0.050000
vt 0.000313 -0.049970
vt 0.000001 -0.049968
vt 0.000313 -0.038174
vt 0.116353 -0.038812
vt 0.000001 -0.049968
vt -0.000313 -0.049970
vt -0.116353 -0.038812
vt 0.000313 -0.038174
vt -0.000313 -0.049970
vt -0.000331 -0.050000
vt -0.122987 -0.049966
vt -0.116353 -0.038812
vt -0.000331 -0.050000
vt -0.000313 -0.050030
vt -0.116353 -0.061188
vt -0.122987 -0.049966
vt -0.000313 -0.050030
vt -0.000001 -0.050032
vt -0.000373 -0.061826
vt -0.116353 -0.061188
vt -0.000001 -0.050032
vt 0.000313 -0.050030
vt 0.116353 -0.061188
vt -0.000373 -0.061826
vt 0.000313 -0.050030
vt 0.000331 -0.050000
vt 0.122987 -0.050000
vt 0.116353 -0.061188
vt -0.050000 0.658174
vt -0.038812 0.658174
vt -0.038174 0.670000
vt -0.050000 0.670000
vt 0.116353 0.658174
vt 0.000313 0.658174
vt 0.000331 0.670000
vt 0.122987 0.670000
vt 0.000313 0.658174
vt -0.116353 0.658174
vt -0.122987 0.670000
vt 0.000331 0.670000
vt -0.038812 0.658174
vt -0.049966 0.658174
vt -0.049964 0.670000
vt -0.038174 0.670000
vt -0.049966 0.658174
vt -0.061188 0.658174
vt -0.061826 0.670000
vt -0.049964 0.670000
vt -0.116353 0.658174
vt -0.000373 0.658174
vt -0.000395 0.670000
vt -0.122987 0.670000
vt -0.000373 0.658174
vt 0.116353 0.658174
vt 0.122987 0.670000
vt -0.000395 0.670000
vt -0.061188 0.658174
vt -0.050000 0.658174
vt -0.050000 0.670000
vt -0.061826 0.670000
vt -0.050000 0.670000
vt -0.038174 0.670000
vt -0.038812 0.681826
vt -0.050000 0.681826
vt 0.122987 0.670000
vt 0.000331 0.670000
vt 0.000313 0.681826
vt 0.116353 0.681826
vt 0.000331 0.670000
vt -0.122987 0.670000
vt -0.116353 0.681826
vt 0.000313 0.681826
vt -0.038174 0.670000
vt -0.049964 0.670000
vt -0.049966 0.681826
vt -0.038812 0.681826
vt -0.049964 0.670000
vt -0.061826 0.670000
vt -0.061188 0.681826
vt -0.049966 0.681826
vt -0.122987 0.670000
vt -0.000395 0.670000
vt -0.000373 0.681826
vt -0.116353 0.681826
vt -0.000395 0.670000
vt 0.122987 0.670000
vt 0.116353 0.681826
vt -0.000373 0.681826
vt -0.061826 0.670000
vt -0.050000 0.670000
vt -0.050000 0.681826
vt -0.061188 0.681826
vt 0.122987 -0.050000
vt 0.116353 -0.038812
vt 0.000313 -0.049970
vt 0.000331 -0.050000
vt 0.116353 -0.038812
vt 0.000313 -0.038174
vt 0.000001 -0.049968
vt 0.000313 -0.049970
vt 0.000313 -0.038174
vt -0.116353 -0.038812
vt -0.000313 -0.049970
vt 0.000001 -0.049968
vt -0.116353 -0.038812
vt -0.122987 -0.049966
vt -0.000331 -0.050000
vt -0.000313 -0.049970
vt -0.122987 -0.049966
vt -0.116353 -0.061188
vt -0.000313 -0.050030
vt -0.000331 -0.050000
vt -0.116353 -0.061188
vt -0.000373 -0.061826
vt -0.000001 -0.050032
vt -0.000313 -0.050030
vt -0.000373 -0.061826
vt 0.116353 -0.061188
vt 0.000313 -0.050030
vt -0.000001 -0.050032
vt 0.116353 -0.061188
vt 0.122987 -0.050000
vt 0.000331 -0.050000
vt 0.000313 -0.050030
vt 0.000331 0.000000
vt 0.000313 0.000030
vt 0.116353 0.011188
vt 0.122987 0.000000
vt 0.000313 0.000030
vt 0.000001 0.000032
vt 0.000313 0.011826
vt 0.116353 0.011188
vt 0.000001 0.000032
vt -0.000313 0.000030
vt -0.116353 0.011188
vt 0.000313 0.011826
vt -0.000313 0.000030
vt -0.000331 0.000000
vt -0.122987 0.000034
vt -0.116353 0.011188
vt -0.000331 0.000000
vt -0.000313 -0.000030
vt -0.116353 -0.011188
vt -0.122987 0.000034
vt -0.000313 -0.000030
vt -0.000001 -0.000032
vt -0.000373 -0.011826
vt -0.116353 -0.011188
vt -0.000001 -0.000032
vt 0.000313 -0.000030
vt 0.116353 -0.011188
vt -0.000373 -0.011826
vt 0.000313 -0.000030
vt 0.000331 0.000000
vt 0.122987 0.000000
vt 0.116353 -0.011188
vt 0.000000 0.658174
vt 0.011188 0.658174
vt 0.011826 0.670000
vt 0.000000 0.670000
vt 0.116353 0.658174
vt 0.000313 0.658174
vt 0.000331 0.670000
vt 0.122987 0.670000
vt 0.000313 0.658174
vt -0.116353 0.658174
vt -0.122987 0.670000
vt 0.000331 0.670000
vt 0.011188 0.658174
vt 0.000034 0.658174
vt 0.000036 0.670000
vt 0.011826 0.670000
vt 0.000034 0.658174
vt -0.011188 0.658174
vt -0.011826 0.670000
vt 0.000036 0.670000
vt -0.116353 0.658174
vt -0.000373 0.658174
vt -0.000395 0.670000
vt -0.122987 0.670000
vt -0.000373 0.658174
vt 0.116353 0.658174
vt 0.122987 0.670000
vt -0.000395 0.670000
vt -0.011188 0.658174
vt 0.000000 0.658174
vt 0.000000 0.670000
vt -0.011826 0.670000
vt 0.000000 0.670000
vt 0.011826 0.670000
vt 0.011188 0.681826
vt 0.000000 0.681826
vt 0.122987 0.670000
vt 0.000331 0.670000
vt 0.000313 0.681826
vt 0.116353 0.681826
vt 0.000331 0.670000
vt -0.122987 0.670000
vt -0.116353 0.681826
vt 0.000313 0.681826
vt 0.011826 0.670000
vt 0.000036 0.670000
vt 0.000034 0.681826
vt 0.011188 0.681826
vt 0.000036 0.670000
vt -0.011826 0.670000
vt -0.011188 0.681826
vt 0.000034 0.681826
vt -0.122987 0.670000
vt -0.000395 0.670000
vt -0.000373 0.681826
vt -0.116353 0.681826
vt -0.000395 0.670000
vt 0.122987 0.670000
vt 0.116353 0.681826
vt -0.000373 0.681826
vt -0.011826 0.670000
vt 0.000000 0.670000
vt 0.000000 0.681826
vt -0.011188 0.681826
vt 0.122987 0.000000
vt 0.116353 0.011188
vt 0.000313 0.000030
vt 0.000331 0.000000
vt 0.116353 0.011188
vt 0.000313 0.011826
vt 0.000001 0.000032
vt 0.000313 0.000030
vt 0.000313 0.011826
vt -0.116353 0.011188
vt -0.000313 0.000030
vt 0.000001 0.000032
vt -0.116353 0.011188
vt -0.122987 0.000034
vt -0.000331 0.000000
vt -0.000313 0.000030
vt -0.122987 0.000034
vt -0.116353 -0.011188
vt -0.000313 -0.000030
vt -0.000331 0.000000
vt -0.116353 -0.011188
vt -0.000373 -0.011826
vt -0.000001 -0.000032
vt -0.000313 -0.000030
vt -0.000373 -0.011826
vt 0.116353 -0.011188
vt 0.000313 -0.000030
vt -0.000001 -0.000032
vt 0.116353 -0.011188
vt 0.122987 0.000000
vt 0.000331 0.000000
vt 0.000313 -0.000030
vt 0.000331 0.050000
vt 0.000313 0.050030
vt 0.116353 0.061188
vt 0.122987 0.050000
vt 0.000313 0.050030
vt 0.000001 0.050032
vt 0.000313 0.061826
vt 0.116353 0.061188
vt 0.000001 0.050032
vt -0.000313 0.050030
vt -0.116353 0.061188
vt 0.000313 0.061826
vt -0.000313 0.050030
vt -0.000331 0.050000
vt -0.122987 0.050034
vt -0.116353 0.061188
vt -0.000331 0.050000
vt -0.000313 0.049970
vt -0.116353 0.038812
vt -0.122987 0.050034
vt -0.000313 0.049970
vt -0.000001 0.049968
vt -0.000373 0.038174
vt -0.116353 0.038812
vt -0.000001 0.049968
vt 0.000313 0.049970
vt 0.116353 0.038812
vt -0.000373 0.038174
vt 0.000313 0.049970
vt 0.000331 0.050000
vt 0.122987 0.050000
vt 0.116353 0.038812
vt 0.050000 0.658174
vt 0.061188 0.658174
vt 0.061826 0.670000
vt 0.050000 0.670000
vt 0.116353 0.658174
vt 0.000313 0.658174
vt 0.000331 0.670000
vt 0.122987 0.670000
vt 0.000313 0.658174
vt -0.116353 0.658174
vt -0.122987 0.670000
vt 0.000331 0.670000
vt 0.061188 0.658174
vt 0.050034 0.658174
vt 0.050036 0.670000
vt 0.061826 0.670000
vt 0.050034 0.658174
vt 0.038812 0.658174
vt 0.038174 0.670000
vt 0.050036 0.670000
vt -0.116353 0.658174
vt -0.000373 0.658174
vt -0.000395 0.670000
vt -0.122987 0.670000
vt -0.000373 0.658174
vt 0.116353 0.658174
vt 0.122987 0.670000
vt -0.000395 0.670000
vt 0.038812 0.658174
vt 0.050000 0.658174
vt 0.050000 0.670000
vt 0.038174 0.670000
vt 0.050000 0.670000
vt 0.061826 0.670000
vt 0.061188 0.681826
vt 0.050000 0.681826
vt 0.122987 0.670000
vt 0.000331 0.670000
vt 0.000313 0.681826
vt 0.116353 0.681826
vt 0.000331 0.670000
vt -0.122987 0.670000
vt -0.116353 0.681826
vt 0.000313 0.681826
vt 0.061826 0.670000
vt 0.050036 0.670000
vt 0.050034 0.681826
vt 0.061188 0.681826
vt 0.050036 0.670000
vt 0.038174 0.670000
vt 0.038812 0.681826
vt 0.050034 0.681826
vt -0.122987 0.670000
vt -0.000395 0.670000
vt -0.000373 0.681826
vt -0.116353 0.681826
vt -0.000395 0.670000
vt 0.122987 0.670000
vt 0.116353 0.681826
vt -0.000373 0.681826
vt 0.038174 0.670000
vt 0.050000 0.670000
vt 0.050000 0.681826
vt 0.038812 0.681826
vt 0.122987 0.050000
vt 0.116353 0.061188
vt 0.000313 0.050030
vt 0.000331 0.050000
vt 0.116353 0.061188
vt 0.000313 0.061826
vt 0.000001 0.050032
vt 0.000313 0.050030
vt 0.000313 0.061826
vt -0.116353 0.061188
vt -0.000313 0.050030
vt 0.000001 0.050032
vt -0.116353 0.061188
vt -0.122987 0.050034
vt -0.000331 0.050000
vt -0.000313 0.050030
vt -0.122987 0.050034
vt -0.116353 0.038812
vt -0.000313 0.049970
vt -0.000331 0.050000
vt -0.116353 0.038812
vt -0.000373 0.038174
vt -0.000001 0.049968
vt -0.000313 0.049970
vt -0.000373 0.038174
vt 0.116353 0.038812
vt 0.000313 0.049970
vt -0.000001 0.049968
vt 0.116353 0.038812
vt 0.122987 0.050000
vt 0.000331 0.050000
vt 0.000313 0.049970
vt 0.000331 0.100000
vt 0.000313 0.100030
vt 0.116353 0.111188
vt 0.122987 0.100000
vt 0.000313 0.100030
vt 0.000001 0.100032
vt 0.000313 0.111826
vt 0.116353 0.111188
vt 0.000001 0.100032
vt -0.000313 0.100030
vt -0.116353 0.111188
vt 0.000313 0.111826
vt -0.000313 0.100030
vt -0.000331 0.100000
vt -0.122987 0.100034
vt -0.116353 0.111188
vt -0.000331 0.100000
vt -0.000313 0.099970
vt -0.116353 0.088812
vt -0.122987 0.100034
vt -0.000313 0.099970
vt -0.000001 0.099968
vt -0.000373 0.088174
vt -0.116353 0.088812
vt -0.000001 0.099968
vt 0.000313 0.099970
vt 0.116353 0.088812
vt -0.000373 0.088174
vt 0.000313 0.099970
vt 0.000331 0.100000
vt 0.122987 0.100000
vt 0.116353 0.088812
vt 0.100000 0.658174
vt 0.111188 0.658174
vt 0.111826 0.670000
vt 0.100000 0.670000
vt 0.116353 0.658174
vt 0.000313 0.658174
vt 0.000331 0.670000
vt 0.122987 0.670000
vt 0.000313 0.658174
vt -0.116353 0.658174
vt -0.122987 0.670000
vt 0.000331 0.670000
vt 0.111188 0.658174
vt 0.100034 0.658174
vt 0.100036 0.670000
vt 0.111826 0.670000
vt 0.100034 0.658174
vt 0.088812 0.658174
vt 0.088174 0.670000
vt 0.100036 0.670000
vt -0.116353 0.658174
vt -0.000373 0.658174
vt -0.000395 0.670000
vt -0.122987 0.670000
vt -0.000373 0.658174
vt 0.116353 0.658174
vt 0.122987 0.670000
vt -0.000395 0.670000
vt 0.088812 0.658174
vt 0.100000 0.658174
vt 0.100000 0.670000
vt 0.088174 0.670000
vt 0.100000 0.670000
vt 0.111826 0.670000
vt 0.111188 0.681826
vt 0.100000 0.681826
vt 0.122987 0.670000
vt 0.000331 0.670000
vt 0.000313 0.681826
vt 0.116353 0.681826
vt 0.000331 0.670000
vt -0.122987 0.670000
vt -0.116353 0.681826
vt 0.000313 0.681826
vt 0.111826 0.670000
vt 0.100036 0.670000
vt 0.100034 0.681826
vt 0.111188 0.681826
vt 0.100036 0.670000
vt 0.088174 0.670000
vt 0.088812 0.681826
vt 0.100034 0.681826
vt -0.122987 0.670000
vt -0.000395 0.670000
vt -0.000373 0.681826
vt -0.116353 0.681826
vt -0.000395 0.670000
vt 0.122987 0.670000
vt 0.116353 0.681826
vt -0.000373 0.681826
vt 0.088174 0.670000
vt 0.100000 0.670000
vt 0.100000 0.681826
vt 0.088812 0.681826
vt 0.122987 0.100000
vt 0.116353 0.111188
vt 0.000313 0.100030
vt 0.000331 0.100000
vt 0.116353 0.111188
vt 0.000313 0.111826
vt 0.000001 0.100032
vt 0.000313 0.100030
vt 0.000313 0.111826
vt -0.116353 0.111188
vt -0.000313 0.100030
vt 0.000001 0.100032
vt -0.116353 0.111188
vt -0.122987 0.100034
vt -0.000331 0.100000
vt -0.000313 0.100030
vt -0.122987 0.100034
vt -0.116353 0.088812
vt -0.000313 0.099970
vt -0.000331 0.100000
vt -0.116353 0.088812
vt -0.000373 0.088174
vt -0.000001 0.099968
vt -0.000313 0.099970
vt -0.000373 0.088174
vt 0.116353 0.088812
vt 0.000313 0.099970
vt -0.000001 0.099968
vt 0.116353 0.088812
vt 0.122987 0.100000
vt 0.000331 0.100000
vt 0.000313 0.099970
vt 0.000331 0.150000
vt 0.000313 0.150030
vt 0.116353 0.161188
vt 0.122987 0.150000
vt 0.000313 0.150030
vt 0.000001 0.150032
vt 0.000313 0.161826
vt 0.116353 0.161188
vt 0.000001 0.150032
vt -0.000313 0.150030
vt -0.116353 0.161188
vt 0.000313 0.161826
vt -0.000313 0.150030
vt -0.000331 0.150000
vt -0.122987 0.150034
vt -0.116353 0.161188
vt -0.000331 0.150000
vt -0.000313 0.149970
vt -0.116353 0.138812
vt -0.122987 0.150034
vt -0.000313 0.149970
vt -0.000001 0.149968
vt -0.000373 0.138174
vt -0.116353 0.138812
vt -0.000001 0.149968
vt 0.000313 0.149970
vt 0.116353 0.138812
vt -0.000373 0.138174
vt 0.000313 0.149970
vt 0.000331 0.150000
vt 0.122987 0.150000
vt 0.116353 0.138812
vt 0.150000 0.658174
vt 0.161188 0.658174
vt 0.161826 0.670000
vt 0.150000 0.670000
vt 0.116353 0.658174
vt 0.000313 0.658174
vt 0.000331 0.670000
vt 0.122987 0.670000
vt 0.000313 0.658174
vt -0.116353 0.658174
vt -0.122987 0.670000
vt 0.000331 0.670000
vt 0.161188 0.658174
vt 0.150034 0.658174
vt 0.150036 0.670000
vt 0.161826 0.670000
vt 0.150034 0.658174
vt 0.138812 0.658174
vt 0.138174 0.670000
vt 0.150036 0.670000
vt -0.116353 0.658174
vt -0.000373 0.658174
vt -0.000395 0.670000
vt -0.122987 0.670000
vt -0.000373 0.658174
vt 0.116353 0.658174
vt 0.122987 0.670000
vt -0.000395 0.670000
vt 0.138812 0.658174
vt 0.150000 0.658174
vt 0.150000 0.670000
vt 0.138174 0.670000
vt 0.150000 0.670000
vt 0.161826 0.670000
vt 0.161188 0.681826
vt 0.150000 0.681826
vt 0.122987 0.670000
vt 0.000331 0.670000
vt 0.000313 0.681826
vt 0.116353 0.681826
vt 0.000331 0.670000
vt -0.122987 0.670000
vt -0.116353 0.681826
vt 0.000313 0.681826
vt 0.161826 0.670000
vt 0.150036 0.670000
vt 0.150034 0.681826
vt 0.161188 0.681826
vt 0.150036 0.670000
vt 0.138174 0.670000
vt 0.138812 0.681826
vt 0.150034 0.681826
vt -0.122987 0.670000
vt -0.000395 0.670000
vt -0.000373 0.681826
vt -0.116353 0.681826
vt -0.000395 0.670000
vt 0.122987 0.670000
vt 0.116353 0.681826
vt -0.000373 0.681826
vt 0.138174 0.670000
vt 0.150000 0.670000
vt 0.150000 0.681826
vt 0.138812 0.681826
vt 0.122987 0.150000
vt 0.116353 0.161188
vt 0.000313 0.150030
vt 0.000331 0.150000
vt 0.116353 0.161188
vt 0.000313 0.161826
vt 0.000001 0.150032
vt 0.000313 0.150030
vt 0.000313 0.161826
vt -0.116353 0.161188
vt -0.000313 0.150030
vt 0.000001 0.150032
vt -0.116353 0.161188
vt -0.122987 0.150034
vt -0.000331 0.150000
vt -0.000313 0.150030
vt -0.122987 0.150034
vt -0.116353 0.138812
vt -0.000313 0.149970
vt -0.000331 0.150000
vt -0.116353 0.138812
vt -0.000373 0.138174
vt -0.000001 0.149968
vt -0.000313 0.149970
vt -0.000373 0.138174
vt 0.116353 0.138812
vt 0.000313 0.149970
vt -0.000001 0.149968
vt 0.116353 0.138812
vt 0.122987 0.150000
vt 0.000331 0.150000
vt 0.000313 0.149970
vt 0.000331 0.200000
vt 0.000313 0.200030
vt 0.116353 0.211188
vt 0.122987 0.200000
vt 0.000313 0.200030
vt 0.000001 0.200032
vt 0.000313 0.211826
vt 0.116353 0.211188
vt 0.000001 0.200032
vt -0.000313 0.200030
vt -0.116353 0.211188
vt 0.000313 0.211826
vt -0.000313 0.200030
vt -0.000331 0.200000
vt -0.122987 0.200034
vt -0.116353 0.211188
vt -0.000331 0.200000
vt -0.000313 0.199970
vt -0.116353 0.188812
vt -0.122987 0.200034
vt -0.000313 0.199970
vt -0.000001 0.199968
vt -0.000373 0.188174
vt -0.116353 0.188812
vt -0.000001 0.199968
vt 0.000313 0.199970
vt 0.116353 0.188812
vt -0.000373 0.188174
vt 0.000313 0.199970
vt 0.000331 0.200000
vt 0.122987 0.200000
vt 0.116353 0.188812
vt 0.200000 0.658174
vt 0.211188 0.658174
vt 0.211826 0.670000
vt 0.200000 0.670000
vt 0.116353 0.658174
vt 0.000313 0.658174
vt 0.000331 0.670000
vt 0.122987 0.670000
vt 0.000313 0.658174
vt -0.116353 0.658174
vt -0.122987 0.670000
vt 0.000331 0.670000
vt 0.211188 0.658174
vt 0.200034 0.658174
vt 0.200036 0.670000
vt 0.211826 0.670000
vt 0.200034 0.658174
vt 0.188812 0.658174
vt 0.188174 0.670000
vt 0.200036 0.670000
vt -0.116353 0.658174
vt -0.000373 0.658174
vt -0.000395 0.670000
vt -0.122987 0.670000
vt -0.000373 0.658174
vt 0.116353 0.658174
vt 0.122987 0.670000
vt -0.000395 0.670000
vt 0.188812 0.658174
vt 0.200000 0.658174
vt 0.200000 0.670000
vt 0.188174 0.670000
vt 0.200000 0.670000
vt 0.211826 0.670000
vt 0.211188 0.681826
vt 0.200000 0.681826
vt 0.122987 0.670000
vt 0.000331 0.670000
vt 0.000313 0.681826
vt 0.116353 0.681826
vt 0.000331 0.670000
vt -0.122987 0.670000
vt -0.116353 0.681826
vt 0.000313 0.681826
vt 0.211826 0.670000
vt 0.200036 0.670000
vt 0.200034 0.681826
vt 0.211188 0.681826
vt 0.200036 0.670000
vt 0.188174 0.670000
vt 0.188812 0.681826
vt 0.200034 0.681826
vt -0.122987 0.670000
vt -0.000395 0.670000
vt -0.000373 0.681826
vt -0.116353 0.681826
vt -0.000395 0.670000
vt 0.122987 0.670000
vt 0.116353 0.681826
vt -0.000373 0.681826
vt 0.188174 0.670000
vt 0.200000 0.670000
vt 0.200000 0.681826
vt 0.188812 0.681826
vt 0.122987 0.200000
vt 0.116353 0.211188
vt 0.000313 0.200030
vt 0.000331 0.200000
vt 0.116353 0.211188
vt 0.000313 0.211826
vt 0.000001 0.200032
vt 0.000313 0.200030
vt 0.000313 0.211826
vt -0.116353 0.211188
vt -0.000313 0.200030
vt 0.000001 0.200032
vt -0.116353 0.211188
vt -0.122987 0.200034
vt -0.000331 0.200000
vt -0.000313 0.200030
vt -0.122987 0.200034
vt -0.116353 0.188812
vt -0.000313 0.199970
vt -0.000331 0.200000
vt -0.116353 0.188812
vt -0.000373 0.188174
vt -0.000001 0.199968
vt -0.000313 0.199970
vt -0.000373 0.188174
vt 0.116353 0.188812
vt 0.000313 0.199970
vt -0.000001 0.199968
vt 0.116353 0.188812
vt 0.122987 0.200000
vt 0.000331 0.200000
vt 0.000313 0.199970
vt 0.000331 0.250000
vt 0.000313 0.250030
vt 0.116353 0.261188
vt 0.122987 0.250000
vt 0.000313 0.250030
vt 0.000001 0.250032
vt 0.000313 0.261826
vt 0.116353 0.261188
vt 0.000001 0.250032
vt -0.000313 0.250030
vt -0.116353 0.261188
vt 0.000313 0.261826
vt -0.000313 0.250030
vt -0.000331 0.250000
vt -0.122987 0.250034
vt -0.116353 0.261188
vt -0.000331 0.250000
vt -0.000313 0.249970
vt -0.116353 0.238812
vt -0.122987 0.250034
vt -0.000313 0.249970
vt -0.000001 0.249968
vt -0.000373 0.238174
vt -0.116353 0.238812
vt -0.000001 0.249968
vt 0.000313 0.249970
vt 0.116353 0.238812
vt -0.000373 0.238174
vt 0.000313 0.249970
vt 0.000331 0.250000
vt 0.122987 0.250000
vt 0.116353 0.238812
vt 0.250000 0.658174
vt 0.261188 0.658174
vt 0.261826 0.670000
vt 0.250000 0.670000
vt 0.116353 0.658174
vt 0.000313 0.658174
vt 0.000331 0.670000
vt 0.122987 0.670000
vt 0.000313 0.658174
vt -0.116353 0.658174
vt -0.122987 0.670000
vt 0.000331 0.670000
vt 0.261188 0.658174
vt 0.250034 0.658174
vt 0.250036 0.670000
vt 0.261826 0.670000
vt 0.250034 0.658174
vt 0.238812 0.658174
vt 0.238174 0.670000
vt 0.250036 0.670000
vt -0.116353 0.658174
vt -0.000373 0.658174
vt -0.000395 0.670000
vt -0.122987 0.670000
vt -0.000373 0.658174
vt 0.116353 0.658174
vt 0.122987 0.670000
vt -0.000395 0.670000
vt 0.238812 0.658174
vt 0.250000 0.658174
vt 0.250000 0.670000
vt 0.238174 0.670000
vt 0.250000 0.670000
vt 0.261826 0.670000
vt 0.261188 0.681826
vt 0.250000 0.681826
vt 0.122987 0.670000
vt 0.000331 0.670000
vt 0.000313 0.681826
vt 0.116353 0.681826
vt 0.000331 0.670000
vt -0.122987 0.670000
vt -0.116353 0.681826
vt 0.000313 0.681826
vt 0.261826 0.670000
vt 0.250036 0.670000
vt 0.250034 0.681826
vt 0.261188 0.681826
vt 0.250036 0.670000
vt 0.238174 0.670000
vt 0.238812 0.681826
vt 0.250034 0.681826
vt -0.122987 0.670000
vt -0.000395 0.670000
vt -0.000373 0.681826
vt -0.116353 0.681826
vt -0.000395 0.670000
vt 0.122987 0.670000
vt 0.116353 0.681826
vt -0.000373 0.681826
vt 0.238174 0.670000
vt 0.250000 0.670000
vt 0.250000 0.681826
vt 0.238812 0.681826
vt 0.122987 0.250000
vt 0.116353 0.261188
vt 0.000313 0.250030
vt 0.000331 0.250000
vt 0.116353 0.261188
vt 0.000313 0.261826
vt 0.000001 0.250032
vt 0.000313 0.250030
vt 0.000313 0.261826
vt -0.116353 0.261188
vt -0.000313 0.250030
vt 0.000001 0.250032
vt -0.116353 0.261188
vt -0.122987 0.250034
vt -0.000331 0.250000
vt -0.000313 0.250030
vt -0.122987 0.250034
vt -0.116353 0.238812
vt -0.000313 0.249970
vt -0.000331 0.250000
vt -0.116353 0.238812
vt -0.000373 0.238174
vt -0.000001 0.249968
vt -0.000313 0.249970
vt -0.000373 0.238174
vt 0.116353 0.238812
vt 0.000313 0.249970
vt -0.000001 0.249968
vt 0.116353 0.238812
vt 0.122987 0.250000
vt 0.000331 0.250000
vt 0.000313 0.249970
vt 0.000331 0.300000
vt 0.000313 0.300030
vt 0.116353 0.311188
vt 0.122987 0.300000
vt 0.000313 0.300030
vt 0.000001 0.300032
vt 0.000313 0.311826
vt 0.116353 0.311188
vt 0.000001 0.300032
vt -0.000313 0.300030
vt -0.116353 0.311188
vt 0.000313 0.311826
vt -0.000313 0.300030
vt -0.000331 0.300000
vt -0.122987 0.300034
vt -0.116353 0.311188
vt -0.000331 0.300000
vt -0.000313 0.299970
vt -0.116353 0.288812
vt -0.122987 0.300034
vt -0.000313 0.299970
vt -0.000001 0.299968
vt -0.000373 0.288174
vt -0.116353 0.288812
vt -0.000001 0.299968
vt 0.000313 0.299970
vt 0.116353 0.288812
vt -0.000373 0.288174
vt 0.000313 0.299970
vt 0.000331 0.300000
vt 0.122987 0.300000
vt 0.116353 0.288812
vt 0.300000 0.658174
vt 0.311188 0.658174
vt 0.311826 0.670000
vt 0.300000 0.670000
vt 0.116353 0.658174
vt 0.000313 0.658174
vt 0.000331 0.670000
vt 0.122987 0.670000
vt 0.000313 0.658174
vt -0.116353 0.658174
vt -0.122987 0.670000
vt 0.000331 0.670000
vt 0.311188 0.658174
vt 0.300034 0.658174
vt 0.300036 0.670000
vt 0.311826 0.670000
vt 0.300034 0.658174
vt 0.288812 0.658174
vt 0.288174 0.670000
vt 0.300036 0.670000
vt -0.116353 0.658174
vt -0.000373 0.658174
vt -0.000395 0.670000
vt -0.122987 0.670000
vt -0.000373 0.658174
vt 0.116353 0.658174
vt 0.122987 0.670000
vt -0.000395 0.670000
vt 0.288812 0.658174
vt 0.300000 0.658174
vt 0.300000 0.670000
vt 0.288174 0.670000
vt 0.300000 0.670000
vt 0.311826 0.670000
vt 0.311188 0.681826
vt 0.300000 0.681826
vt 0.122987 0.670000
vt 0.000331 0.670000
vt 0.000313 0.681826
vt 0.116353 0.681826
vt 0.000331 0.670000
vt -0.122987 0.670000
vt -0.116353 0.681826
vt 0.000313 0.681826
vt 0.311826 0.670000
vt 0.300036 0.670000
vt 0.300034 0.681826
vt 0.311188 0.681826
vt 0.300036 0.670000
vt 0.288174 0.670000
vt 0.288812 0.681826
vt 0.300034 0.681826
vt -0.122987 0.670000
vt -0.000395 0.670000
vt -0.000373 0.681826
vt -0.116353 0.681826
vt -0.000395 0.670000
vt 0.122987 0.670000
vt 0.116353 0.681826
vt -0.000373 0.681826
vt 0.288174 0.670000
vt 0.300000 0.670000
vt 0.300000 0.681826
vt 0.288812 0.681826
vt 0.122987 0.300000
vt 0.116353 0.311188
vt 0.000313 0.300030
vt 0.000331 0.300000
vt 0.116353 0.311188
vt 0.000313 0.311826
vt 0.000001 0.300032
vt 0.000313 0.300030
vt 0.000313 0.311826
vt -0.116353 0.311188
vt -0.000313 0.300030
vt 0.000001 0.300032
vt -0.116353 0.311188
vt -0.122987 0.300034
vt -0.000331 0.300000
vt -0.000313 0.300030
vt -0.122987 0.300034
vt -0.116353 0.288812
vt -0.000313 0.299970
vt -0.000331 0.300000
vt -0.116353 0.288812
vt -0.000373 0.288174
vt -0.000001 0.299968
vt -0.000313 0.299970
vt -0.000373 0.288174
vt 0.116353 0.288812
vt 0.000313 0.299970
vt -0.000001 0.299968
vt 0.116353 0.288812
vt 0.122987 0.300000
vt 0.000331 0.300000
vt 0.000313 0.299970
vt 0.000331 0.350000
vt 0.000313 0.350030
vt 0.116353 0.361188
vt 0.122987 0.350000
vt 0.000313 0.350030
vt 0.000001 0.350032
vt 0.000313 0.361826
vt 0.116353 0.361188
vt 0.000001 0.350032
vt -0.000313 0.350030
vt -0.116353 0.361188
vt 0.000313 0.361826
vt -0.000313 0.350030
vt -0.000331 0.350000
vt -0.122987 0.350034
vt -0.116353 0.361188
vt -0.000331 0.350000
vt -0.000313 0.349970
vt -0.116353 0.338812
vt -0.122987 0.350034
vt -0.000313 0.349970
vt -0.000001 0.349968
vt -0.000373 0.338174
vt -0.116353 0.338812
vt -0.000001 0.349968
vt 0.000313 0.349970
vt 0.116353 0.338812
vt -0.000373 0.338174
vt 0.000313 0.349970
vt 0.000331 0.350000
vt 0.122987 0.350000
vt 0.116353 0.338812
vt 0.350000 0.658174
vt 0.361188 0.658174
vt 0.361826 0.670000
vt 0.350000 0.670000
vt 0.116353 0.658174
vt 0.000313 0.658174
vt 0.000331 0.670000
vt 0.122987 0.670000
vt 0.000313 0.658174
vt -0.116353 0.658174
vt -0.122987 0.670000
vt 0.000331 0.670000
vt 0.361188 0.658174
vt 0.350034 0.658174
vt 0.350036 0.670000
vt 0.361826 0.670000
vt 0.350034 0.658174
vt 0.338812 0.658174
vt 0.338174 0.670000
vt 0.350036 0.670000
vt -0.116353 0.658174
vt -0.000373 0.658174
vt -0.000395 0.670000
vt -0.122987 0.670000
vt -0.000373 0.658174
vt 0.116353 0.658174
vt 0.122987 0.670000
vt -0.000395 0.670000
vt 0.338812 0.658174
vt 0.350000 0.658174
vt 0.350000 0.670000
vt 0.338174 0.670000
vt 0.350000 0.670000
vt 0.361826 0.670000
vt 0.361188 0.681826
vt 0.350000 0.681826
vt 0.122987 0.670000
vt 0.000331 0.670000
vt 0.000313 0.681826
vt 0.116353 0.681826
vt 0.000331 0.670000
vt -0.122987 0.670000
vt -0.116353 0.681826
vt 0.000313 0.681826
vt 0.361826 0.670000
vt 0.350036 0.670000
vt 0.350034 0.681826
vt 0.361188 0.681826
vt 0.350036 0.670000
vt 0.338174 0.670000
vt 0.338812 0.681826
vt 0.350034 0.681826
vt -0.122987 0.670000
vt -0.000395 0.670000
vt -0.000373 0.681826
vt -0.116353 0.681826
vt -0.000395 0.670000
vt 0.122987 0.670000
vt 0.116353 0.681826
vt -0.000373 0.681826
vt 0.338174 0.670000
vt 0.350000 0.670000
vt 0.350000 0.681826
vt 0.338812 0.681826
vt 0.122987 0.350000
vt 0.116353 0.361188
vt 0.000313 0.350030
vt 0.000331 0.350000
vt 0.116353 0.361188
vt 0.000313 0.361826
vt 0.000001 0.350032
vt 0.000313 0.350030
vt 0.000313 0.361826
vt -0.116353 0.361188
vt -0.000313 0.350030
vt 0.000001 0.350032
vt -0.116353 0.361188
vt -0.122987 0.350034
vt -0.000331 0.350000
vt -0.000313 0.350030
vt -0.122987 0.350034
vt -0.116353 0.338812
vt -0.000313 0.349970
vt -0.000331 0.350000
vt -0.116353 0.338812
vt -0.000373 0.338174
vt -0.000001 0.349968
vt -0.000313 0.349970
vt -0.000373 0.338174
vt 0.116353 0.338812
vt 0.000313 0.349970
vt -0.000001 0.349968
vt 0.116353 0.338812
vt 0.122987 0.350000
vt 0.000331 0.350000
vt 0.000313 0.349970
vt 0.000331 0.400000
vt 0.000313 0.400030
vt 0.116353 0.411188
vt 0.122987 0.400000
vt 0.000313 0.400030
vt 0.000001 0.400032
vt 0.000313 0.411826
vt 0.116353 0.411188
vt 0.000001 0.400032
vt -0.000313 0.400030
vt -0.116353 0.411188
vt 0.000313 0.411826
vt -0.000313 0.400030
vt -0.000331 0.400000
vt -0.122987 0.400034
vt -0.116353 0.411188
vt -0.000331 0.400000
vt -0.000313 0.399970
vt -0.116353 0.388812
vt -0.122987 0.400034
vt -0.000313 0.399970
vt -0.000001 0.399968
vt -0.000373 0.388174
vt -0.116353 0.388812
vt -0.000001 0.399968
vt 0.000313 0.399970
vt 0.116353 0.388812
vt -0.000373 0.388174
vt 0.000313 0.399970
vt 0.000331 0.400000
vt 0.122987 0.400000
vt 0.116353 0.388812
vt 0.400000 0.658174
vt 0.411188 0.658174
vt 0.411826 0.670000
vt 0.400000 0.670000
vt 0.116353 0.658174
vt 0.000313 0.658174
vt 0.000331 0.670000
vt 0.122987 0.670000
vt 0.000313 0.658174
vt -0.116353 0.658174
vt -0.122987 0.670000
vt 0.000331 0.670000
vt 0.411188 0.658174
vt 0.400034 0.658174
vt 0.400036 0.670000
vt 0.411826 0.670000
vt 0.400034 0.658174
vt 0.388812 0.658174
vt 0.388174 0.670000
vt 0.400036 0.670000
vt -0.116353 0.658174
vt -0.000373 0.658174
vt -0.000395 0.670000
vt -0.122987 0.670000
vt -0.000373 0.658174
vt 0.116353 0.658174
vt 0.122987 0.670000
vt -0.000395 0.670000
vt 0.388812 0.658174
vt 0.400000 0.658174
vt 0.400000 0.670000
vt 0.388174 0.670000
vt 0.400000 0.670000
vt 0.411826 0.670000
vt 0.411188 0.681826
vt 0.400000 0.681826
vt 0.122987 0.670000
vt 0.000331 0.670000
vt 0.000313 0.681826
vt 0.116353 0.681826
vt 0.000331 0.670000
vt -0.122987 0.670000
vt -0.116353 0.681826
vt 0.000313 0.681826
vt 0.411826 0.670000
vt 0.400036 0.670000
vt 0.400034 0.681826
vt 0.411188 0.681826
vt 0.400036 0.670000
vt 0.388174 0.670000
vt 0.388812 0.681826
vt 0.400034 0.681826
vt -0.122987 0.670000
vt -0.000395 0.670000
vt -0.000373 0.681826
vt -0.116353 0.681826
vt -0.000395 0.670000
vt 0.122987 0.670000
vt 0.116353 0.681826
vt -0.000373 0.681826
vt 0.388174 0.670000
vt 0.400000 0.670000
vt 0.400000 0.681826
vt 0.388812 0.681826
vt 0.122987 0.400000
vt 0.116353 0.411188
vt 0.000313 0.400030
vt 0.000331 0.400000
vt 0.116353 0.411188
vt 0.000313 0.411826
vt 0.000001 0.400032
vt 0.000313 0.400030
vt 0.000313 0.411826
vt -0.116353 0.411188
vt -0.000313 0.400030
vt 0.000001 0.400032
vt -0.116353 0.411188
vt -0.122987 0.400034
vt -0.000331 0.400000
vt -0.000313 0.400030
vt -0.122987 0.400034
vt -0.116353 0.388812
vt -0.000313 0.399970
vt -0.000331 0.400000
vt -0.116353 0.388812
vt -0.000373 0.388174
vt -0.000001 0.399968
vt -0.000313 0.399970
vt -0.000373 0.388174
vt 0.116353 0.388812
vt 0.000313 0.399970
vt -0.000001 0.399968
vt 0.116353 0.388812
vt 0.122987 0.400000
vt 0.000331 0.400000
vt 0.000313 0.399970
vt 0.000331 0.450000
vt 0.000313 0.450030
vt 0.116353 0.461188
vt 0.122987 0.450000
vt 0.000313 0.450030
vt 0.000001 0.450032
vt 0.000313 0.461826
vt 0.116353 0.461188
vt 0.000001 0.450032
vt -0.000313 0.450030
vt -0.116353 0.461188
vt 0.000313 0.461826
vt -0.000313 0.450030
vt -0.000331 0.450000
vt -0.122987 0.450034
vt -0.116353 0.461188
vt -0.000331 0.450000
vt -0.000313 0.449970
vt -0.116353 0.438812
vt -0.122987 0.450034
vt -0.000313 0.449970
vt -0.000001 0.449968
vt -0.000373 0.438174
vt -0.116353 0.438812
vt -0.000001 0.449968
vt 0.000313 0.449970
vt 0.116353 0.438812
vt -0.000373 0.438174
vt 0.000313 0.449970
vt 0.000331 0.450000
vt 0.122987 0.450000
vt 0.116353 0.438812
vt 0.450000 0.658174
vt 0.461188 0.658174
vt 0.461826 0.670000
vt 0.450000 0.670000
vt 0.116353 0.658174
vt 0.000313 0.658174
vt 0.000331 0.670000
vt 0.122987 0.670000
vt 0.000313 0.658174
vt -0.116353 0.658174
vt -0.122987 0.670000
vt 0.000331 0.670000
vt 0.461188 0.658174
vt 0.450034 0.658174
vt 0.450036 0.670000
vt 0.461826 0.670000
vt 0.450034 0.658174
vt 0.438812 0.658174
vt 0.438174 0.670000
vt 0.450036 0.670000
vt -0.116353 0.658174
vt -0.000373 0.658174
vt -0.000395 0.670000
vt -0.122987 0.670000
vt -0.000373 0.658174
vt 0.116353 0.658174
vt 0.122987 0.670000
vt -0.000395 0.670000
vt 0.438812 0.658174
vt 0.450000 0.658174
vt 0.450000 0.670000
vt 0.438174 0.670000
vt 0.450000 0.670000
vt 0.461826 0.670000
vt 0.461188 0.681826
vt 0.450000 0.681826
vt 0.122987 0.670000
vt 0.000331 0.670000
vt 0.000313 0.681826
vt 0.116353 0.681826
vt 0.000331 0.670000
vt -0.122987 0.670000
vt -0.116353 0.681826
vt 0.000313 0.681826
vt 0.461826 0.670000
vt 0.450036 0.670000
vt 0.450034 0.681826
vt 0.461188 0.681826
vt 0.450036 0.670000
vt 0.438174 0.670000
vt 0.438812 0.681826
vt 0.450034 0.681826
vt -0.122987 0.670000
vt -0.000395 0.670000
vt -0.000373 0.681826
vt -0.116353 0.681826
vt -0.000395 0.670000
vt 0.122987 0.670000
vt 0.116353 0.681826
vt -0.000373 0.681826
vt 0.438174 0.670000
vt 0.450000 0.670000
vt 0.450000 0.681826
vt 0.438812 0.681826
vt 0.122987 0.450000
vt 0.116353 0.461188
vt 0.000313 0.450030
vt 0.000331 0.450000
vt 0.116353 0.461188
vt 0.000313 0.461826
vt 0.000001 0.450032
vt 0.000313 0.450030
vt 0.000313 0.461826
vt -0.116353 0.461188
vt -0.000313 0.450030
vt 0.000001 0.450032
vt -0.116353 0.461188
vt -0.122987 0.450034
vt -0.000331 0.450000
vt -0.000313 0.450030
vt -0.122987 0.450034
vt -0.116353 0.438812
vt -0.000313 0.449970
vt -0.000331 0.450000
vt -0.116353 0.438812
vt -0.000373 0.438174
vt -0.000001 0.449968
vt -0.000313 0.449970
vt -0.000373 0.438174
vt 0.116353 0.438812
vt 0.000313 0.449970
vt -0.000001 0.449968
vt 0.116353 0.438812
vt 0.122987 0.450000
vt 0.000331 0.450000
vt 0.000313 0.449970
vt 0.000331 0.500000
vt 0.000313 0.500030
vt 0.116353 0.511188
vt 0.122987 0.500000
vt 0.000313 0.500030
vt 0.000001 0.500032
vt 0.000313 0.511826
vt 0.116353 0.511188
vt 0.000001 0.500032
vt -0.000313 0.500030
vt -0.116353 0.511188
vt 0.000313 0.511826
vt -0.000313 0.500030
vt -0.000331 0.500000
vt -0.122987 0.500034
vt -0.116353 0.511188
vt -0.000331 0.500000
vt -0.000313 0.499970
vt -0.116353 0.488812
vt -0.122987 0.500034
vt -0.000313 0.499970
vt -0.000001 0.499968
vt -0.000373 0.488174
vt -0.116353 0.488812
vt -0.000001 0.499968
vt 0.000313 0.499970
vt 0.116353 0.488812
vt -0.000373 0.488174
vt 0.000313 0.499970
vt 0.000331 0.500000
vt 0.122987 0.500000
vt 0.116353 0.488812
vt 0.500000 0.658174
vt 0.511188 0.658174
vt 0.511826 0.670000
vt 0.500000 0.670000
vt 0.116353 0.658174
vt 0.000313 0.658174
vt 0.000331 0.670000
vt 0.122987 0.670000
vt 0.000313 0.658174
vt -0.116353 0.658174
vt -0.122987 0.670000
vt 0.000331 0.670000
vt 0.511188 0.658174
vt 0.500034 0.658174
vt 0.500036 0.670000
vt 0.511826 0.670000
vt 0.500034 0.658174
vt 0.488812 0.658174
vt 0.488174 0.670000
vt 0.500036 0.670000
vt -0.116353 0.658174
vt -0.000373 0.658174
vt -0.000395 0.670000
vt -0.122987 0.670000
vt -0.000373 0.658174
vt 0.116353 0.658174
vt 0.122987 0.670000
vt -0.000395 0.670000
vt 0.488812 0.658174
vt 0.500000 0.658174
vt 0.500000 0.670000
vt 0.488174 0.670000
vt 0.500000 0.670000
vt 0.511826 0.670000
vt 0.511188 0.681826
vt 0.500000 0.681826
vt 0.122987 0.670000
vt 0.000331 0.670000
vt 0.000313 0.681826
vt 0.116353 0.681826
vt 0.000331 0.670000
vt -0.122987 0.670000
vt -0.116353 0.681826
vt 0.000313 0.681826
vt 0.511826 0.670000
vt 0.500036 0.670000
vt 0.500034 0.681826
vt 0.511188 0.681826
vt 0.500036 0.670000
vt 0.488174 0.670000
vt 0.488812 0.681826
vt 0.500034 0.681826
vt -0.122987 0.670000
vt -0.000395 0.670000
vt -0.000373 0.681826
vt -0.116353 0.681826
vt -0.000395 0.670000
vt 0.122987 0.670000
vt 0.116353 0.681826
vt -0.000373 0.681826
vt 0.488174 0.670000
vt 0.500000 0.670000
vt 0.500000 0.681826
vt 0.488812 0.681826
vt 0.122987 0.500000
vt 0.116353 0.511188
vt 0.000313 0.500030
vt 0.000331 0.500000
vt 0.116353 0.511188
vt 0.000313 0.511826
vt 0.000001 0.500032
vt 0.000313 0.500030
vt 0.000313 0.511826
vt -0.116353 0.511188
vt -0.000313 0.500030
vt 0.000001 0.500032
vt -0.116353 0.511188
vt -0.122987 0.500034
vt -0.000331 0.500000
vt -0.000313 0.500030
vt -0.122987 0.500034
vt -0.116353 0.488812
vt -0.000313 0.499970
vt -0.000331 0.500000
vt -0.116353 0.488812
vt -0.000373 0.488174
vt -0.000001 0.499968
vt -0.000313 0.499970
vt -0.000373 0.488174
vt 0.116353 0.488812
vt 0.000313 0.499970
vt -0.000001 0.499968
vt 0.116353 0.488812
vt 0.122987 0.500000
vt 0.000331 0.500000
vt 0.000313 0.499970
vt 0.000331 0.550000
vt 0.000313 0.550030
vt 0.116353 0.561188
vt 0.122987 0.550000
vt 0.000313 0.550030
vt 0.000001 0.550032
vt 0.000313 0.561826
vt 0.116353 0.561188
vt 0.000001 0.550032
vt -0.000313 0.550030
vt -0.116353 0.561188
vt 0.000313 0.561826
vt -0.000313 0.550030
vt -0.000331 0.550000
vt -0.122987 0.550034
vt -0.116353 0.561188
vt -0.000331 0.550000
vt -0.000313 0.549970
vt -0.116353 0.538812
vt -0.122987 0.550034
vt -0.000313 0.549970
vt -0.000001 0.549968
vt -0.000373 0.538174
vt -0.116353 0.538812
vt -0.000001 0.549968
vt 0.000313 0.549970
vt 0.116353 0.538812
vt -0.000373 0.538174
vt 0.000313 0.549970
vt 0.000331 0.550000
vt 0.122987 0.550000
vt 0.116353 0.538812
vt 0.550000 0.658174
vt 0.561188 0.658174
vt 0.561826 0.670000
vt 0.550000 0.670000
vt 0.116353 0.658174
vt 0.000313 0.658174
vt 0.000331 0.670000
vt 0.122987 0.670000
vt 0.000313 0.658174
vt -0.116353 0.658174
vt -0.122987 0.670000
vt 0.000331 0.670000
vt 0.561188 0.658174
vt 0.550034 0.658174
vt 0.550036 0.670000
vt 0.561826 0.670000
vt 0.550034 0.658174
vt 0.538812 0.658174
vt 0.538174 0.670000
vt 0.550036 0.670000
vt -0.116353 0.658174
vt -0.000373 0.658174
vt -0.000395 0.670000
vt -0.122987 0.670000
vt -0.000373 0.658174
vt 0.116353 0.658174
vt 0.122987 0.670000
vt -0.000395 0.670000
vt 0.538812 0.658174
vt 0.550000 0.658174
vt 0.550000 0.670000
vt 0.538174 0.670000
vt 0.550000 0.670000
vt 0.561826 0.670000
vt 0.561188 0.681826
vt 0.550000 0.681826
vt 0.122987 0.670000
vt 0.000331 0.670000
vt 0.000313 0.681826
vt 0.116353 0.681826
vt 0.000331 0.670000
vt -0.122987 0.670000
vt -0.116353 0.681826
vt 0.000313 0.681826
vt 0.561826 0.670000
vt 0.550036 0.670000
vt 0.550034 0.681826
vt 0.561188 0.681826
vt 0.550036 0.670000
vt 0.538174 0.670000
vt 0.538812 0.681826
vt 0.550034 0.681826
vt -0.122987 0.670000
vt -0.000395 0.670000
vt -0.000373 0.681826
vt -0.116353 0.681826
vt -0.000395 0.670000
vt 0.122987 0.670000
vt 0.116353 0.681826
vt -0.000373 0.681826
vt 0.538174 0.670000
vt 0.550000 0.670000
vt 0.550000 0.681826
vt 0.538812 0.681826
vt 0.122987 0.550000
vt 0.116353 0.561188
vt 0.000313 0.550030
vt 0.000331 0.550000
vt 0.116353 0.561188
vt 0.000313 0.561826
vt 0.000001 0.550032
vt 0.000313 0.550030
vt 0.000313 0.561826
vt -0.116353 0.561188
vt -0.000313 0.550030
vt 0.000001 0.550032
vt -0.116353 0.561188
vt -0.122987 0.550034
vt -0.000331 0.550000
vt -0.000313 0.550030
vt -0.122987 0.550034
vt -0.116353 0.538812
vt -0.000313 0.549970
vt -0.000331 0.550000
vt -0.116353 0.538812
vt -0.000373 0.538174
vt -0.000001 0.549968
vt -0.000313 0.549970
vt -0.000373 0.538174
vt 0.116353 0.538812
vt 0.000313 0.549970
vt -0.000001 0.549968
vt 0.116353 0.538812
vt 0.122987 0.550000
vt 0.000331 0.550000
vt 0.000313 0.549970
vt 0.000331 0.600000
vt 0.000313 0.600030
vt 0.116353 0.611188
vt 0.122987 0.600000
vt 0.000313 0.600030
vt 0.000001 0.600032
vt 0.000313 0.611826
vt 0.116353 0.611188
vt 0.000001 0.600032
vt -0.000313 0.600030
vt -0.116353 0.611188
vt 0.000313 0.611826
vt -0.000313 0.600030
vt -0.000331 0.600000
vt -0.122987 0.600034
vt -0.116353 0.611188
vt -0.000331 0.600000
vt -0.000313 0.599970
vt -0.116353 0.588812
vt -0.122987 0.600034
vt -0.000313 0.599970
vt -0.000001 0.599968
vt -0.000373 0.588174
vt -0.116353 0.588812
vt -0.000001 0.599968
vt 0.000313 0.599970
vt 0.116353 0.588812
vt -0.000373 0.588174
vt 0.000313 0.599970
vt 0.000331 0.600000
vt 0.122987 0.600000
vt 0.116353 0.588812
vt 0.600000 0.658174
vt 0.611188 0.658174
vt 0.611826 0.670000
vt 0.600000 0.670000
vt 0.116353 0.658174
vt 0.000313 0.658174
vt 0.000331 0.670000
vt 0.122987 0.670000
vt 0.000313 0.658174
vt -0.116353 0.658174
vt -0.122987 0.670000
vt 0.000331 0.670000
vt 0.611188 0.658174
vt 0.600034 0.658174
vt 0.600036 0.670000
vt 0.611826 0.670000
vt 0.600034 0.658174
vt 0.588812 0.658174
vt 0.588174 0.670000
vt 0.600036 0.670000
vt -0.116353 0.658174
vt -0.000373 0.658174
vt -0.000395 0.670000
vt -0.122987 0.670000
vt -0.000373 0.658174
vt 0.116353 0.658174
vt 0.122987 0.670000
vt -0.000395 0.670000
vt 0.588812 0.658174
vt 0.600000 0.658174
vt 0.600000 0.670000
vt 0.588174 0.670000
vt 0.600000 0.670000
vt 0.611826 0.670000
vt 0.611188 0.681826
vt 0.600000 0.681826
vt 0.122987 0.670000
vt 0.000331 0.670000
vt 0.000313 0.681826
vt 0.116353 0.681826
vt 0.000331 0.670000
vt -0.122987 0.670000
vt -0.116353 0.681826
vt 0.000313 0.681826
vt 0.611826 0.670000
vt 0.600036 0.670000
vt 0.600034 0.681826
vt 0.611188 0.681826
vt 0.600036 0.670000
vt 0.588174 0.670000
vt 0.588812 0.681826
vt 0.600034 0.681826
vt -0.122987 0.670000
vt -0.000395 0.670000
vt -0.000373 0.681826
vt -0.116353 0.681826
vt -0.000395 0.670000
vt 0.122987 0.670000
vt 0.116353 0.681826
vt -0.000373 0.681826
vt 0.588174 0.670000
vt 0.600000 0.670000
vt 0.600000 0.681826
vt 0.588812 0.681826
vt 0.122987 0.600000
vt 0.116353 0.611188
vt 0.000313 0.600030
vt 0.000331 0.600000
vt 0.116353 0.611188
vt 0.000313 0.611826
vt 0.000001 0.600032
vt 0.000313 0.600030
vt 0.000313 0.611826
vt -0.116353 0.611188
vt -0.000313 0.600030
vt 0.000001 0.600032
vt -0.116353 0.611188
vt -0.122987 0.600034
vt -0.000331 0.600000
vt -0.000313 0.600030
vt -0.122987 0.600034
vt -0.116353 0.588812
vt -0.000313 0.599970
vt -0.000331 0.600000
vt -0.116353 0.588812
vt -0.000373 0.588174
vt -0.000001 0.599968
vt -0.000313 0.599970
vt -0.000373 0.588174
vt 0.116353 0.588812
vt 0.000313 0.599970
vt -0.000001 0.599968
vt 0.116353 0.588812
vt 0.122987 0.600000
vt 0.000331 0.600000
vt 0.000313 0.599970
vt 0.000331 0.650000
vt 0.000313 0.650030
vt 0.116353 0.661188
vt 0.122987 0.650000
vt 0.000313 0.650030
vt 0.000001 0.650032
vt 0.000313 0.661826
vt 0.116353 0.661188
vt 0.000001 0.650032
vt -0.000313 0.650030
vt -0.116353 0.661188
vt 0.000313 0.661826
vt -0.000313 0.650030
vt -0.000331 0.650000
vt -0.122987 0.650034
vt -0.116353 0.661188
vt -0.000331 0.650000
vt -0.000313 0.649970
vt -0.116353 0.638812
vt -0.122987 0.650034
vt -0.000313 0.649970
vt -0.000001 0.649968
vt -0.000373 0.638174
vt -0.116353 0.638812
vt -0.000001 0.649968
vt 0.000313 0.649970
vt 0.116353 0.638812
vt -0.000373 0.638174
vt 0.000313 0.649970
vt 0.000331 0.650000
vt 0.122987 0.650000
vt 0.116353 0.638812
vt 0.650000 0.658174
vt 0.661188 0.658174
vt 0.661826 0.670000
vt 0.650000 0.670000
vt 0.116353 0.658174
vt 0.000313 0.658174
vt 0.000331 0.670000
vt 0.122987 0.670000
vt 0.000313 0.658174
vt -0.116353 0.658174
vt -0.122987 0.670000
vt 0.000331 0.670000
vt 0.661188 0.658174
vt 0.650034 0.658174
vt 0.650036 0.670000
vt 0.661826 0.670000
vt 0.650034 0.658174
vt 0.638812 0.658174
vt 0.638174 0.670000
vt 0.650036 0.670000
vt -0.116353 0.658174
vt -0.000373 0.658174
vt -0.000395 0.670000
vt -0.122987 0.670000
vt -0.000373 0.658174
vt 0.116353 0.658174
vt 0.122987 0.670000
vt -0.000395 0.670000
vt 0.638812 0.658174
vt 0.650000 0.658174
vt 0.650000 0.670000
vt 0.638174 0.670000
vt 0.650000 0.670000
vt 0.661826 0.670000
vt 0.661188 0.681826
vt 0.650000 0.681826
vt 0.122987 0.670000
vt 0.000331 0.670000
vt 0.000313 0.681826
vt 0.116353 0.681826
vt 0.000331 0.670000
vt -0.122987 0.670000
vt -0.116353 0.681826
vt 0.000313 0.681826
vt 0.661826 0.670000
vt 0.650036 0.670000
vt 0.650034 0.681826
vt 0.661188 0.681826
vt 0.650036 0.670000
vt 0.638174 0.670000
vt 0.638812 0.681826
vt 0.650034 0.681826
vt -0.122987 0.670000
vt -0.000395 0.670000
vt -0.000373 0.681826
vt -0.116353 0.681826
vt -0.000395 0.670000
vt 0.122987 0.670000
vt 0.116353 0.681826
vt -0.000373 0.681826
vt 0.638174 0.670000
vt 0.650000 0.670000
vt 0.650000 0.681826
vt 0.638812 0.681826
vt 0.122987 0.650000
vt 0.116353 0.661188
vt 0.000313 0.650030
vt 0.000331 0.650000
vt 0.116353 0.661188
vt 0.000313 0.661826
vt 0.000001 0.650032
vt 0.000313 0.650030
vt 0.000313 0.661826
vt -0.116353 0.661188
vt -0.000313 0.650030
vt 0.000001 0.650032
vt -0.116353 0.661188
vt -0.122987 0.650034
vt -0.000331 0.650000
vt -0.000313 0.650030
vt -0.122987 0.650034
vt -0.116353 0.638812
vt -0.000313 0.649970
vt -0.000331 0.650000
vt -0.116353 0.638812
vt -0.000373 0.638174
vt -0.000001 0.649968
vt -0.000313 0.649970
vt -0.000373 0.638174
vt 0.116353 0.638812
vt 0.000313 0.649970
vt -0.000001 0.649968
vt 0.116353 0.638812
vt 0.122987 0.650000
vt 0.000331 0.650000
vt 0.000313 0.649970
vt 0.000331 0.700000
vt 0.000313 0.700030
vt 0.116353 0.711188
vt 0.122987 0.700000
vt 0.000313 0.700030
vt 0.000001 0.700032
vt 0.000313 0.711826
vt 0.116353 0.711188
vt 0.000001 0.700032
vt -0.000313 0.700030
vt -0.116353 0.711188
vt 0.000313 0.711826
vt -0.000313 0.700030
vt -0.000331 0.700000
vt -0.122987 0.700034
vt -0.116353 0.711188
vt -0.000331 0.700000
vt -0.000313 0.699970
vt -0.116353 0.688812
vt -0.122987 0.700034
vt -0.000313 0.699970
vt -0.000001 0.699968
vt -0.000373 0.688174
vt -0.116353 0.688812
vt -0.000001 0.699968
vt 0.000313 0.699970
vt 0.116353 0.688812
vt -0.000373 0.688174
vt 0.000313 0.699970
vt 0.000331 0.700000
vt 0.122987 0.700000
vt 0.116353 0.688812
vt 0.700000 0.658174
vt 0.711188 0.658174
vt 0.711826 0.670000
vt 0.700000 0.670000
vt 0.116353 0.658174
vt 0.000313 0.658174
vt 0.000331 0.670000
vt 0.122987 0.670000
vt 0.000313 0.658174
vt -0.116353 0.658174
vt -0.122987 0.670000
vt 0.000331 0.670000
vt 0.711188 0.658174
vt 0.700034 0.658174
vt 0.700036 0.670000
vt 0.711826 0.670000
vt 0.700034 0.658174
vt 0.688812 0.658174
vt 0.688174 0.670000
vt 0.700036 0.670000
vt -0.116353 0.658174
vt -0.000373 0.658174
vt -0.000395 0.670000
vt -0.122987 0.670000
vt -0.000373 0.658174
vt 0.116353 0.658174
vt 0.122987 0.670000
vt -0.000395 0.670000
vt 0.688812 0.658174
vt 0.700000 0.658174
vt 0.700000 0.670000
vt 0.688174 0.670000
vt 0.700000 0.670000
vt 0.711826 0.670000
vt 0.711188 0.681826
vt 0.700000 0.681826
vt 0.122987 0.670000
vt 0.000331 0.670000
vt 0.000313 0.681826
vt 0.116353 0.681826
vt 0.000331 0.670000
vt -0.122987 0.670000
vt -0.116353 0.681826
vt 0.000313 0.681826
vt 0.711826 0.670000
vt 0.700036 0.670000
vt 0.700034 0.681826
vt 0.711188 0.681826
vt 0.700036 0.670000
vt 0.688174 0.670000
vt 0.688812 0.681826
vt 0.700034 0.681826
vt -0.122987 0.670000
vt -0.000395 0.670000
vt -0.000373 0.681826
vt -0.116353 0.681826
vt -0.000395 0.670000
vt 0.122987 0.670000
vt 0.116353 0.681826
vt -0.000373 0.681826
vt 0.688174 0.670000
vt 0.700000 0.670000
vt 0.700000 0.681826
vt 0.688812 0.681826
vt 0.122987 0.700000
vt 0.116353 0.711188
vt 0.000313 0.700030
vt 0.000331 0.700000
vt 0.116353 0.711188
vt 0.000313 0.711826
vt 0.000001 0.700032
vt 0.000313 0.700030
vt 0.000313 0.711826
vt -0.116353 0.711188
vt -0.000313 0.700030
vt 0.000001 0.700032
vt -0.116353 0.711188
vt -0.122987 0.700034
vt -0.000331 0.700000
vt -0.000313 0.700030
vt -0.122987 0.700034
vt -0.116353 0.688812
vt -0.000313 0.699970
vt -0.000331 0.700000
vt -0.116353 0.688812
vt -0.000373 0.688174
vt -0.000001 0.699968
vt -0.000313 0.699970
vt -0.000373 0.688174
vt 0.116353 0.688812
vt 0.000313 0.699970
vt -0.000001 0.699968
vt 0.116353 0.688812
vt 0.122987 0.700000
vt 0.000331 0.700000
vt 0.000313 0.699970
vt 0.000331 0.750000
vt 0.000313 0.750030
vt 0.116353 0.761188
vt 0.122987 0.750000
vt 0.000313 0.750030
vt 0.000001 0.750032
vt 0.000313 0.761826
vt 0.116353 0.761188
vt 0.000001 0.750032
vt -0.000313 0.750030
vt -0.116353 0.761188
vt 0.000313 0.761826
vt -0.000313 0.750030
vt -0.000331 0.750000
vt -0.122987 0.750034
vt -0.116353 0.761188
vt -0.000331 0.750000
vt -0.000313 0.749970
vt -0.116353 0.738812
vt -0.122987 0.750034
vt -0.000313 0.749970
vt -0.000001 0.749968
vt -0.000373 0.738174
vt -0.116353 0.738812
vt -0.000001 0.749968
vt 0.000313 0.749970
vt 0.116353 0.738812
vt -0.000373 0.738174
vt 0.000313 0.749970
vt 0.000331 0.750000
vt 0.122987 0.750000
vt 0.116353 0.738812
vt 0.750000 0.658174
vt 0.761188 0.658174
vt 0.761826 0.670000
vt 0.750000 0.670000
vt 0.116353 0.658174
vt 0.000313 0.658174
vt 0.000331 0.670000
vt 0.122987 0.670000
vt 0.000313 0.658174
vt -0.116353 0.658174
vt -0.122987 0.670000
vt 0.000331 0.670000
vt 0.761188 0.658174
vt 0.750034 0.658174
vt 0.750036 0.670000
vt 0.761826 0.670000
vt 0.750034 0.658174
vt 0.738812 0.658174
vt 0.738174 0.670000
vt 0.750036 0.670000
vt -0.116353 0.658174
vt -0.000373 0.658174
vt -0.000395 0.670000
vt -0.122987 0.670000
vt -0.000373 0.658174
vt 0.116353 0.658174
vt 0.122987 0.670000
vt -0.000395 0.670000
vt 0.738812 0.658174
vt 0.750000 0.658174
vt 0.750000 0.670000
vt 0.738174 0.670000
vt 0.750000 0.670000
vt 0.761826 0.670000
vt 0.761188 0.681826
vt 0.750000 0.681826
vt 0.122987 0.670000
vt 0.000331 0.670000
vt 0.000313 0.681826
vt 0.116353 0.681826
vt 0.000331 0.670000
vt -0.122987 0.670000
vt -0.116353 0.681826
vt 0.000313 0.681826
vt 0.761826 0.670000
vt 0.750036 0.670000
vt 0.750034 0.681826
vt 0.761188 0.681826
vt 0.750036 0.670000
vt 0.738174 0.670000
vt 0.738812 0.681826
vt 0.750034 0.681826
vt -0.122987 0.670000
vt -0.000395 0.670000
vt -0.000373 0.681826
vt -0.116353 0.681826
vt -0.000395 0.670000
vt 0.122987 0.670000
vt 0.116353 0.681826
vt -0.000373 0.681826
vt 0.738174 0.670000
vt 0.750000 0.670000
vt 0.750000 0.681826
vt 0.738812 0.681826
vt 0.122987 0.750000
vt 0.116353 0.761188
vt 0.000313 0.750030
vt 0.000331 0.750000
vt 0.116353 0.761188
vt 0.000313 0.761826
vt 0.000001 0.750032
vt 0.000313 0.750030
vt 0.000313 0.761826
vt -0.116353 0.761188
vt -0.000313 0.750030
vt 0.000001 0.750032
vt -0.116353 0.761188
vt -0.122987 0.750034
vt -0.000331 0.750000
vt -0.000313 0.750030
vt -0.122987 0.750034
vt -0.116353 0.738812
vt -0.000313 0.749970
vt -0.000331 0.750000
vt -0.116353 0.738812
vt -0.000373 0.738174
vt -0.000001 0.749968
vt -0.000313 0.749970
vt -0.000373 0.738174
vt 0.116353 0.738812
vt 0.000313 0.749970
vt -0.000001 0.749968
vt 0.116353 0.738812
vt 0.122987 0.750000
vt 0.000331 0.750000
vt 0.000313 0.749970
vt 0.000331 0.800000
vt 0.000313 0.800030
vt 0.116353 0.811188
vt 0.122987 0.800000
vt 0.000313 0.800030
vt 0.000001 0.800032
vt 0.000313 0.811826
vt 0.116353 0.811188
vt 0.000001 0.800032
vt -0.000313 0.800030
vt -0.116353 0.811188
vt 0.000313 0.811826
vt -0.000313 0.800030
vt -0.000331 0.800000
vt -0.122987 0.800034
vt -0.116353 0.811188
vt -0.000331 0.800000
vt -0.000313 0.799970
vt -0.116353 0.788812
vt -0.122987 0.800034
vt -0.000313 0.799970
vt -0.000001 0.799968
vt -0.000373 0.788174
vt -0.116353 0.788812
vt -0.000001 0.799968
vt 0.000313 0.799970
vt 0.116353 0.788812
vt -0.000373 0.788174
vt 0.000313 0.799970
vt 0.000331 0.800000
vt 0.122987 0.800000
vt 0.116353 0.788812
vt 0.800000 0.658174
vt 0.811188 0.658174
vt 0.811826 0.670000
vt 0.800000 0.670000
vt 0.116353 0.658174
vt 0.000313 0.658174
vt 0.000331 0.670000
vt 0.122987 0.670000
vt 0.000313 0.658174
vt -0.116353 0.658174
vt -0.122987 0.670000
vt 0.000331 0.670000
vt 0.811188 0.658174
vt 0.800034 0.658174
vt 0.800036 0.670000
vt 0.811826 0.670000
vt 0.800034 0.658174
vt 0.788812 0.658174
vt 0.788174 0.670000
vt 0.800036 0.670000
vt -0.116353 0.658174
vt -0.000373 0.658174
vt -0.000395 0.670000
vt -0.122987 0.670000
vt -0.000373 0.658174
vt 0.116353 0.658174
vt 0.122987 0.670000
vt -0.000395 0.670000
vt 0.788812 0.658174
vt 0.800000 0.658174
vt 0.800000 0.670000
vt 0.788174 0.670000
vt 0.800000 0.670000
vt 0.811826 0.670000
vt 0.811188 0.681826
vt 0.800000 0.681826
vt 0.122987 0.670000
vt 0.000331 0.670000
vt 0.000313 0.681826
vt 0.116353 0.681826
vt 0.000331 0.670000
vt -0.122987 0.670000
vt -0.116353 0.681826
vt 0.000313 0.681826
vt 0.811826 0.670000
vt 0.800036 0.670000
vt 0.800034 0.681826
vt 0.811188 0.681826
vt 0.800036 0.670000
vt 0.788174 0.670000
vt 0.788812 0.681826
vt 0.800034 0.681826
vt -0.122987 0.670000
vt -0.000395 0.670000
vt -0.000373 0.681826
vt -0.116353 0.681826
vt -0.000395 0.670000
vt 0.122987 0.670000
vt 0.116353 0.681826
vt -0.000373 0.681826
vt 0.788174 0.670000
vt 0.800000 0.670000
vt 0.800000 0.681826
vt 0.788812 0.681826
vt 0.122987 0.800000
vt 0.116353 0.811188
vt 0.000313 0.800030
vt 0.000331 0.800000
vt 0.116353 0.811188
vt 0.000313 0.811826
vt 0.000001 0.800032
vt 0.000313 0.800030
vt 0.000313 0.811826
vt -0.116353 0.811188
vt -0.000313 0.800030
vt 0.000001 0.800032
vt -0.116353 0.811188
vt -0.122987 0.800034
vt -0.000331 0.800000
vt -0.000313 0.800030
vt -0.122987 0.800034
vt -0.116353 0.788812
vt -0.000313 0.799970
vt -0.000331 0.800000
vt -0.116353 0.788812
vt -0.000373 0.788174
vt -0.000001 0.799968
vt -0.000313 0.799970
vt -0.000373 0.788174
vt 0.116353 0.788812
vt 0.000313 0.799970
vt -0.000001 0.799968
vt 0.116353 0.788812
vt 0.122987 0.800000
vt 0.000331 0.800000
vt 0.000313 0.799970
vt 0.000331 0.850000
vt 0.000313 0.850030
vt 0.116353 0.861188
vt 0.122987 0.850000
vt 0.000313 0.850030
vt 0.000001 0.850032
vt 0.000313 0.861826
vt 0.116353 0.861188
vt 0.000001 0.850032
vt -0.000313 0.850030
vt -0.116353 0.861188
vt 0.000313 0.861826
vt -0.000313 0.850030
vt -0.000331 0.850000
vt -0.122987 0.850034
vt -0.116353 0.861188
vt -0.000331 0.850000
vt -0.000313 0.849970
vt -0.116353 0.838812
vt -0.122987 0.850034
vt -0.000313 0.849970
vt -0.000001 0.849968
vt -0.000373 0.838174
vt -0.116353 0.838812
vt -0.000001 0.849968
vt 0.000313 0.849970
vt 0.116353 0.838812
vt -0.000373 0.838174
vt 0.000313 0.849970
vt 0.000331 0.850000
vt 0.122987 0.850000
vt 0.116353 0.838812
vt 0.850000 0.658174
vt 0.861188 0.658174
vt 0.861826 0.670000
vt 0.850000 0.670000
vt 0.116353 0.658174
vt 0.000313 0.658174
vt 0.000331 0.670000
vt 0.122987 0.670000
vt 0.000313 0.658174
vt -0.116353 0.658174
vt -0.122987 0.670000
vt 0.000331 0.670000
vt 0.861188 0.658174
vt 0.850034 0.658174
vt 0.850036 0.670000
vt 0.861826 0.670000
vt 0.850034 0.658174
vt 0.838812 0.658174
vt 0.838174 0.670000
vt 0.850036 0.670000
vt -0.116353 0.658174
vt -0.000373 0.658174
vt -0.000395 0.670000
vt -0.122987 0.670000
vt -0.000373 0.658174
vt 0.116353 0.658174
vt 0.122987 0.670000
vt -0.000395 0.670000
vt 0.838812 0.658174
vt 0.850000 0.658174
vt 0.850000 0.670000
vt 0.838174 0.670000
vt 0.850000 0.670000
vt 0.861826 0.670000
vt 0.861188 0.681826
vt 0.850000 0.681826
vt 0.122987 0.670000
vt 0.000331 0.670000
vt 0.000313 0.681826
vt 0.116353 0.681826
vt 0.000331 0.670000
vt -0.122987 0.670000
vt -0.116353 0.681826
vt 0.000313 0.681826
vt 0.861826 0.670000
vt 0.850036 0.670000
vt 0.850034 0.681826
vt 0.861188 0.681826
vt 0.850036 0.670000
vt 0.838174 0.670000
vt 0.838812 0.681826
vt 0.850034 0.681826
vt -0.122987 0.670000
vt -0.000395 0.670000
vt -0.000373 0.681826
vt -0.116353 0.681826
vt -0.000395 0.670000
vt 0.122987 0.670000
vt 0.116353 0.681826
vt -0.000373 0.681826
vt 0.838174 0.670000
vt 0.850000 0.670000
vt 0.850000 0.681826
vt 0.838812 0.681826
vt 0.122987 0.850000
vt 0.116353 0.861188
vt 0.000313 0.850030
vt 0.000331 0.850000
vt 0.116353 0.861188
vt 0.000313 0.861826
vt 0.000001 0.850032
vt 0.000313 0.850030
vt 0.000313 0.861826
vt -0.116353 0.861188
vt -0.000313 0.850030
vt 0.000001 0.850032
vt -0.116353 0.861188
vt -0.122987 0.850034
vt -0.000331 0.850000
vt -0.000313 0.850030
vt -0.122987 0.850034
vt -0.116353 0.838812
vt -0.000313 0.849970
vt -0.000331 0.850000
vt -0.116353 0.838812
vt -0.000373 0.838174
vt -0.000001 0.849968
vt -0.000313 0.849970
vt -0.000373 0.838174
vt 0.116353 0.838812
vt 0.000313 0.849970
vt -0.000001 0.849968
vt 0.116353 0.838812
vt 0.122987 0.850000
vt 0.000331 0.850000
vt 0.000313 0.849970
vt 0.000331 0.900000
vt 0.000313 0.900030
vt 0.116353 0.911188
vt 0.122987 0.900000
vt 0.000313 0.900030
vt 0.000001 0.900032
vt 0.000313 0.911826
vt 0.116353 0.911188
vt 0.000001 0.900032
vt -0.000313 0.900030
vt -0.116353 0.911188
vt 0.000313 0.911826
vt -0.000313 0.900030
vt -0.000331 0.900000
vt -0.122987 0.900034
vt -0.116353 0.911188
vt -0.000331 0.900000
vt -0.000313 0.899970
vt -0.116353 0.888812
vt -0.122987 0.900034
vt -0.000313 0.899970
vt -0.000001 0.899968
vt -0.000373 0.888174
vt -0.116353 0.888812
vt -0.000001 0.899968
vt 0.000313 0.899970
vt 0.116353 0.888812
vt -0.000373 0.888174
vt 0.000313 0.899970
vt 0.000331 0.900000
vt 0.122987 0.900000
vt 0.116353 0.888812
vt 0.900000 0.658174
vt 0.911188 0.658174
vt 0.911826 0.670000
vt 0.900000 0.670000
vt 0.116353 0.658174
vt 0.000313 0.658174
vt 0.000331 0.670000
vt 0.122987 0.670000
vt 0.000313 0.658174
vt -0.116353 0.658174
vt -0.122987 0.670000
vt 0.000331 0.670000
vt 0.911188 0.658174
vt 0.900034 0.658174
vt 0.900036 0.670000
vt 0.911826 0.670000
vt 0.900034 0.658174
vt 0.888812 0.658174
vt 0.888174 0.670000
vt 0.900036 0.670000
vt -0.116353 0.658174
vt -0.000373 0.658174
vt -0.000395 0.670000
vt -0.122987 0.670000
vt -0.000373 0.658174
vt 0.116353 0.658174
vt 0.122987 0.670000
vt -0.000395 0.670000
vt 0.888812 0.658174
vt 0.900000 0.658174
vt 0.900000 0.670000
vt 0.888174 0.670000
vt 0.900000 0.670000
vt 0.911826 0.670000
vt 0.911188 0.681826
vt 0.900000 0.681826
vt 0.122987 0.670000
vt 0.000331 0.670000
vt 0.000313 0.681826
vt 0.116353 0.681826
vt 0.000331 0.670000
vt -0.122987 0.670000
vt -0.116353 0.681826
vt 0.000313 0.681826
vt 0.911826 0.670000
vt 0.900036 0.670000
vt 0.900034 0.681826
vt 0.911188 0.681826
vt 0.900036 0.670000
vt 0.888174 0.670000
vt 0.888812 0.681826
vt 0.900034 0.681826
vt -0.122987 0.670000
vt -0.000395 0.670000
vt -0.000373 0.681826
vt -0.116353 0.681826
vt -0.000395 0.670000
vt 0.122987 0.670000
vt 0.116353 0.681826
vt -0.000373 0.681826
vt 0.888174 0.670000
vt 0.900000 0.670000
vt 0.900000 0.681826
vt 0.888812 0.681826
vt 0.122987 0.900000
vt 0.116353 0.911188
vt 0.000313 0.900030
vt 0.000331 0.900000
vt 0.116353 0.911188
vt 0.000313 0.911826
vt 0.000001 0.900032
vt 0.000313 0.900030
vt 0.000313 0.911826
vt -0.116353 0.911188
vt -0.000313 0.900030
vt 0.000001 0.900032
vt -0.116353 0.911188
vt -0.122987 0.900034
vt -0.000331 0.900000
vt -0.000313 0.900030
vt -0.122987 0.900034
vt -0.116353 0.888812
vt -0.000313 0.899970
vt -0.000331 0.900000
vt -0.116353 0.888812
vt -0.000373 0.888174
vt -0.000001 0.899968
vt -0.000313 0.899970
vt -0.000373 0.888174
vt 0.116353 0.888812
vt 0.000313 0.899970
vt -0.000001 0.899968
vt 0.116353 0.888812
vt 0.122987 0.900000
vt 0.000331 0.900000
vt 0.000313 0.899970
vt 0.000331 0.950000
vt 0.000313 0.950030
vt 0.116353 0.961188
vt 0.122987 0.950000
vt 0.000313 0.950030
vt 0.000001 0.950032
vt 0.000313 0.961826
vt 0.116353 0.961188
vt 0.000001 0.950032
vt -0.000313 0.950030
vt -0.116353 0.961188
vt 0.000313 0.961826
vt -0.000313 0.950030
vt -0.000331 0.950000
vt -0.122987 0.950034
vt -0.116353 0.961188
vt -0.000331 0.950000
vt -0.000313 0.949970
vt -0.116353 0.938812
vt -0.122987 0.950034
vt -0.000313 0.949970
vt -0.000001 0.949968
vt -0.000373 0.938174
vt -0.116353 0.938812
vt -0.000001 0.949968
vt 0.000313 0.949970
vt 0.116353 0.938812
vt -0.000373 0.938174
vt 0.000313 0.949970
vt 0.000331 0.950000
vt 0.122987 0.950000
vt 0.116353 0.938812
vt 0.950000 0.658174
vt 0.961188 0.658174
vt 0.961826 0.670000
vt 0.950000 0.670000
vt 0.116353 0.658174
vt 0.000313 0.658174
vt 0.000331 0.670000
vt 0.122987 0.670000
vt 0.000313 0.658174
vt -0.116353 0.658174
vt -0.122987 0.670000
vt 0.000331 0.670000
vt 0.961188 0.658174
vt 0.950034 0.658174
vt 0.950036 0.670000
vt 0.961826 0.670000
vt 0.950034 0.658174
vt 0.938812 0.658174
vt 0.938174 0.670000
vt 0.950036 0.670000
vt -0.116353 0.658174
vt -0.000373 0.658174
vt -0.000395 0.670000
vt -0.122987 0.670000
vt -0.000373 0.658174
vt 0.116353 0.658174
vt 0.122987 0.670000
vt -0.000395 0.670000
vt 0.938812 0.658174
vt 0.950000 0.658174
vt 0.950000 0.670000
vt 0.938174 0.670000
vt 0.950000 0.670000
vt 0.961826 0.670000
vt 0.961188 0.681826
vt 0.950000 0.681826
vt 0.122987 0.670000
vt 0.000331 0.670000
vt 0.000313 0.681826
vt 0.116353 0.681826
vt 0.000331 0.670000
vt -0.122987 0.670000
vt -0.116353 0.681826
vt 0.000313 0.681826
vt 0.961826 0.670000
vt 0.950036 0.670000
vt 0.950034 0.681826
vt 0.961188 0.681826
vt 0.950036 0.670000
vt 0.938174 0.670000
vt 0.938812 0.681826
vt 0.950034 0.681826
vt -0.122987 0.670000
vt -0.000395 0.670000
vt -0.000373 0.681826
vt -0.116353 0.681826
vt -0.000395 0.670000
vt 0.122987 0.670000
vt 0.116353 0.681826
vt -0.000373 0.681826
vt 0.938174 0.670000
vt 0.950000 0.670000
vt 0.950000 0.681826
vt 0.938812 0.681826
vt 0.122987 0.950000
vt 0.116353 0.961188
vt 0.000313 0.950030
vt 0.000331 0.950000
vt 0.116353 0.961188
vt 0.000313 0.961826
vt 0.000001 0.950032
vt 0.000313 0.950030
vt 0.000313 0.961826
vt -0.116353 0.961188
vt -0.000313 0.950030
vt 0.000001 0.950032
vt -0.116353 0.961188
vt -0.122987 0.950034
vt -0.000331 0.950000
vt -0.000313 0.950030
vt -0.122987 0.950034
vt -0.116353 0.938812
vt -0.000313 0.949970
vt -0.000331 0.950000
vt -0.116353 0.938812
vt -0.000373 0.938174
vt -0.000001 0.949968
vt -0.000313 0.949970
vt -0.000373 0.938174
vt 0.116353 0.938812
vt 0.000313 0.949970
vt -0.000001 0.949968
vt 0.116353 0.938812
vt 0.122987 0.950000
vt 0.000331 0.950000
vt 0.000313 0.949970
f 1/12 2/11 3/10 4/9 5/8 6/7 7/6 8/5 9/4 10/3 11/2 12/1
f 24/24 23/23 22/22 21/21 20/20 19/19 18/18 17/17 16/16 15/15 14/14 13/13
f 13/28 14/27 2/26 1/25
f 14/32 15/31 3/30 2/29
f 15/36 16/35 4/34 3/33
f 16/40 17/39 5/38 4/37
f 17/44 18/43 6/42 5/41
f 18/48 19/47 7/46 6/45
f 19/52 20/51 8/50 7/49
f 20/56 21/55 9/54 8/53
f 21/60 22/59 10/58 9/57
f 22/64 23/63 11/62 10/61
f 23/68 24/67 12/66 11/65
f 24/72 13/71 1/70 12/69
f 41/76 42/75 26/74 25/73
f 42/80 43/79 27/78 26/77
f 43/84 44/83 28/82 27/81
f 44/88 45/87 29/86 28/85
f 45/92 46/91 30/90 29/89
f 46/96 47/95 31/94 30/93
f 47/100 48/99 32/98 31/97
f 48/104 49/103 33/102 32/101
f 49/108 50/107 34/106 33/105
f 50/112 51/111 35/110 34/109
f 51/116 52/115 36/114 35/113
f 52/120 53/119 37/118 36/117
f 53/124 54/123 38/122 37/121
f 54/128 55/127 39/126 38/125
f 55/132 56/131 40/130 39/129
f 56/136 41/135 25/134 40/133
f 57/140 58/139 42/138 41/137
f 58/144 59/143 43/142 42/141
f 59/148 60/147 44/146 43/145
f 60/152 61/151 45/150 44/149
f 61/156 62/155 46/154 45/153
f 62/160 63/159 47/158 46/157
f 63/164 64/163 48/162 47/161
f 64/168 65/167 49/166 48/165
f 65/172 66/171 50/170 49/169
f 66/176 67/175 51/174 50/173
f 67/180 68/179 52/178 51/177
f 68/184 69/183 53/182 52/181
f 69/188 70/187 54/186 53/185
f 70/192 71/191 55/190 54/189
f 71/196 72/195 56/194 55/193
f 72/200 57/199 41/198 56/197
f 73/204 74/203 58/202 57/201
f 74/208 75/207 59/206 58/205
f 75/212 76/211 60/210 59/209
f 76/216 77/215 61/214 60/213
f 77/220 78/219 62/218 61/217
f 78/224 79/223 63/222 62/221
f 79/228 80/227 64/226 63/225
f 80/232 81/231 65/230 64/229
f 81/236 82/235 66/234 65/233
f 82/240 83/239 67/238 66/237
f 83/244 84/243 68/242 67/241
f 84/248 85/247 69/246 68/245
f 85/252 86/251 70/250 69/249
f 86/256 87/255 71/254 70/253
f 87/260 88/259 72/258 71/257
f 88/264 73/263 57/262 72/261
f 89/268 90/267 74/266 73/265
f 90/272 91/271 75/270 74/269
f 91/276 92/275 76/274 75/273
f 92/280 93/279 77/278 76/277
f 93/284 94/283 78/282 77/281
f 94/288 95/287 79/286 78/285
f 95/292 96/291 80/290 79/289
f 96/296 97/295 81/294 80/293
f 97/300 98/299 82/298 81/297
f 98/304 99/303 83/302 82/301
f 99/308 100/307 84/306 83/305
f 100/312 101/311 85/310 84/309
f 101/316 102/315 86/314 85/313
f 102/320 103/319 87/318 86/317
f 103/324 104/323 88/322 87/321
f 104/328 89/327 73/326 88/325
f 105/332 106/331 90/330 89/329
f 106/336 107/335 91/334 90/333
f 107/340 108/339 92/338 91/337
f 108/344 109/343 93/342 92/341
f 109/348 110/347 94/346 93/345
f 110/352 111/351 95/350 94/349
f 111/356 112/355 96/354 95/353
f 112/360 113/359 97/358 96/357
f 113/364 114/363 98/362 97/361
f 114/368 115/367 99/366 98/365
f 115/372 116/371 100/370 99/369
f 116/376 117/375 101/374 100/373
f 117/380 118/379 102/378 101/377
f 118/384 119/383 103/382 102/381
f 119/388 120/387 104/386 103/385
f 120/392 105/391 89/390 104/389
f 121/396 122/395 106/394 105/393
f 122/400 123/399 107/398 106/397
f 123/404 124/403 108/402 107/401
f 124/408 125/407 109/406 108/405
f 125/412 126/411 110/410 109/409
f 126/416 127/415 111/414 110/413
f 127/420 128/419 112/418 111/417
f 128/424 129/423 113/422 112/421
f 129/428 130/427 114/426 113/425
f 130/432 131/431 115/430 114/429
f 131/436 132/435 116/434 115/433
f 132/440 133/439 117/438 116/437
f 133/444 134/443 118/442 117/441
f 134/448 135/447 119/446 118/445
f 135/452 136/451 120/450 119/449
f 136/456 121/455 105/454 120/453
f 137/460 138/459 122/458 121/457
f 138/464 139/463 123/462 122/461
f 139/468 140/467 124/466 123/465
f 140/472 141/471 125/470 124/469
f 141/476 142/475 126/474 125/473
f 142/480 143/479 127/478 126/477
f 143/484 144/483 128/482 127/481
f 144/488 145/487 129/486 128/485
f 145/492 146/491 130/490 129/489
f 146/496 147/495 131/494 130/493
f 147/500 148/499 132/498 131/497
f 148/504 149/503 133/502 132/501
f 149/508 150/507 134/506 133/505
f 150/512 151/511 135/510 134/509
f 151/516 152/515 136/514 135/513
f 152/520 137/519 121/518 136/517
f 153/524 154/523 138/522 137/521
f 154/528 155/527 139/526 138/525
f 155/532 156/531 140/530 139/529
f 156/536 157/535 141/534 140/533
f 157/540 158/539 142/538 141/537
f 158/544 159/543 143/542 142/541
f 159/548 160/547 144/546 143/545
f 160/552 161/551 145/550 144/549
f 161/556 162/555 146/554 145/553
f 162/560 163/559 147/558 146/557
f 163/564 164/563 148/562 147/561
f 164/568 165/567 149/566 148/565
f 165/572 166/571 150/570 149/569
f 166/576 167/575 151/574 150/573
f 167/580 168/579 152/578 151/577
f 168/584 153/583 137/582 152/581
f 169/588 170/587 171/586 172/585
f 176/592 175/591 174/590 173/589
f 173/596 174/595 170/594 169/593
f 174/600 175/599 171/598 170/597
f 175/604 176/603 172/602 171/601
f 176/608 173/607 169/606 172/605
f 193/612 194/611 178/610 177/609
f 194/616 195/615 179/614 178/613
f 195/620 196/619 180/618 179/617
f 196/624 197/623 181/622 180/621
f 197/628 198/627 182/626 181/625
f 198/632 199/631 183/630 182/629
f 199/636 200/635 184/634 183/633
f 200/640 201/639 185/638 184/637
f 201/644 202/643 186/642 185/641
f 202/648 203/647 187/646 186/645
f 203/652 204/651 188/650 187/649
f 204/656 205/655 189/654 188/653
f 205/660 206/659 190/658 189/657
f 206/664 207/663 191/662 190/661
f 207/668 208/667 192/666 191/665
f 208/672 193/671 177/670 192/669
f 209/676 210/675 194/674 193/673
f 210/680 211/679 195/678 194/677
f 211/684 212/683 196/682 195/681
f 212/688 213/687 197/686 196/685
f 213/692 214/691 198/690 197/689
f 214/696 215/695 199/694 198/693
f 215/700 216/699 200/698 199/697
f 216/704 217/703 201/702 200/701
f 217/708 218/707 202/706 201/705
f 218/712 219/711 203/710 202/709
f 219/716 220/715 204/714 203/713
f 220/720 221/719 205/718 204/717
f 221/724 222/723 206/722 205/721
f 222/728 223/727 207/726 206/725
f 223/732 224/731 208/730 207/729
f 224/736 209/735 193/734 208/733
f 225/740 226/739 210/738 209/737
f 226/744 227/743 211/742 210/741
f 227/748 228/747 212/746 211/745
f 228/752 229/751 213/750 212/749
f 229/756 230/755 214/754 213/753
f 230/760 231/759 215/758 214/757
f 231/764 232/763 216/762 215/761
f 232/768 233/767 217/766 216/765
f 233/772 234/771 218/770 217/769
f 234/776 235/775 219/774 218/773
f 235/780 236/779 220/778 219/777
f 236/784 237/783 221/782 220/781
f 237/788 238/787 222/786 221/785
f 238/792 239/791 223/790 222/789
f 239/796 240/795 224/794 223/793
f 240/800 225/799 209/798 224/797
f 241/804 242/803 226/802 225/801
f 242/808 243/807 227/806 226/805
f 243/812 244/811 228/810 227/809
f 244/816 245/815 229/814 228/813
f 245/820 246/819 230/818 229/817
f 246/824 247/823 231/822 230/821
f 247/828 248/827 232/826 231/825
f 248/832 249/831 233/830 232/829
f 249/836 250/835 234/834 233/833
f 250/840 251/839 235/838 234/837
f 251/844 252/843 236/842 235/841
f 252/848 253/847 237/846 236/845
f 253/852 254/851 238/850 237/849
f 254/856 255/855 239/854 238/853
f 255/860 256/859 240/858 239/857
f 256/864 241/863 225/862 240/861
f 257/868 258/867 242/866 241/865
f 258/872 259/871 243/870 242/869
f 259/876 260/875 244/874 243/873
f 260/880 261/879 245/878 244/877
f 261/884 262/883 246/882 245/881
f 262/888 263/887 247/886 246/885
f 263/892 264/891 248/890 247/889
f 264/896 265/895 249/894 248/893
f 265/900 266/899 250/898 249/897
f 266/904 267/903 251/902 250/901
f 267/908 268/907 252/906 251/905
f 268/912 269/911 253/910 252/909
f 269/916 270/915 254/914 253/913
f 270/920 271/919 255/918 254/917
f 271/924 272/923 256/922 255/921
f 272/928 257/927 241/926 256/925
f 273/932 274/931 258/930 257/929
f 274/936 275/935 259/934 258/933
f 275/940 276/939 260/938 259/937
f 276/944 277/943 261/942 260/941
f 277/948 278/947 262/946 261/945
f 278/952 279/951 263/950 262/949
f 279/956 280/955 264/954 263/953
f 280/960 281/959 265/958 264/957
f 281/964 282/963 266/962 265/961
f 282/968 283/967 267/966 266/965
f 283/972 284/971 268/970 267/969
f 284/976 285/975 269/974 268/973
f 285/980 286/979 270/978 269/977
f 286/984 287/983 271/982 270/981
f 287/988 288/987 272/986 271/985
f 288/992 273/991 257/990 272/989
f 289/996 290/995 274/994 273/993
f 290/1000 291/999 275/998 274/997
f 291/1004 292/1003 276/1002 275/1001
f 292/1008 293/1007 277/1006 276/1005
f 293/1012 294/1011 278/1010 277/1009
f 294/1016 295/1015 279/1014 278/1013
f 295/1020 296/1019 280/1018 279/1017
f 296/1024 297/1023 281/1022 280/1021
f 297/1028 298/1027 282/1026 281/1025
f 298/1032 299/1031 283/1030 282/1029
f 299/1036 300/1035 284/1034 283/1033
f 300/1040 301/1039 285/1038 284/1037
f 301/1044 302/1043 286/1042 285/1041
f 302/1048 303/1047 287/1046 286/1045
f 303/1052 304/1051 288/1050 287/1049
f 304/1056 289/1055 273/1054 288/1053
f 305/1060 306/1059 290/1058 289/1057
f 306/1064 307/1063 291/1062 290/1061
f 307/1068 308/1067 292/1066 291/1065
f 308/1072 309/1071 293/1070 292/1069
f 309/1076 310/1075 294/1074 293/1073
f 310/1080 311/1079 295/1078 294/1077
f 311/1084 312/1083 296/1082 295/1081
f 312/1088 313/1087 297/1086 296/1085
f 313/1092 314/1091 298/1090 297/1089
f 314/1096 315/1095 299/1094 298/1093
f 315/1100 316/1099 300/1098 299/1097
f 316/1104 317/1103 301/1102 300/1101
f 317/1108 318/1107 302/1106 301/1105
f 318/1112 319/1111 303/1110 302/1109
f 319/1116 320/1115 304/1114 303/1113
f 320/1120 305/1119 289/1118 304/1117
f 329/1124 330/1123 322/1122 321/1121
f 330/1128 331/1127 323/1126 322/1125
f 331/1132 332/1131 324/1130 323/1129
f 332/1136 333/1135 325/1134 324/1133
f 333/1140 334/1139 326/1138 325/1137
f 334/1144 335/1143 327/1142 326/1141
f 335/1148 336/1147 328/1146 327/1145
f 336/1152 329/1151 321/1150 328/1149
f 337/1156 338/1155 330/1154 329/1153
f 338/1160 339/1159 331/1158 330/1157
f 339/1164 340/1163 332/1162 331/1161
f 340/1168 341/1167 333/1166 332/1165
f 341/1172 342/1171 334/1170 333/1169
f 342/1176 343/1175 335/1174 334/1173
f 343/1180 344/1179 336/1178 335/1177
f 344/1184 337/1183 329/1182 336/1181
f 345/1188 346/1187 338/1186 337/1185
f 346/1192 347/1191 339/1190 338/1189
f 347/1196 348/1195 340/1194 339/1193
f 348/1200 349/1199 341/1198 340/1197
f 349/1204 350/1203 342/1202 341/1201
f 350/1208 351/1207 343/1206 342/1205
f 351/1212 352/1211 344/1210 343/1209
f 352/1216 345/1215 337/1214 344/1213
f 353/1220 354/1219 346/1218 345/1217
f 354/1224 355/1223 347/1222 346/1221
f 355/1228 356/1227 348/1226 347/1225
f 356/1232 357/1231 349/1230 348/1229
f 357/1236 358/1235 350/1234 349/1233
f 358/1240 359/1239 351/1238 350/1237
f 359/1244 360/1243 352/1242 351/1241
f 360/1248 353/1247 345/1246 352/1245
f 369/1252 370/1251 362/1250 361/1249
f 370/1256 371/1255 363/1254 362/1253
f 371/1260 372/1259 364/1258 363/1257
f 372/1264 373/1263 365/1262 364/1261
f 373/1268 374/1267 366/1266 365/1265
f 374/1272 375/1271 367/1270 366/1269
f 375/1276 376/1275 368/1274 367/1273
f 376/1280 369/1279 361/1278 368/1277
f 377/1284 378/1283 370/1282 369/1281
f 378/1288 379/1287 371/1286 370/1285
f 379/1292 380/1291 372/1290 371/1289
f 380/1296 381/1295 373/1294 372/1293
f 381/1300 382/1299 374/1298 373/1297
f 382/1304 383/1303 375/1302 374/1301
f 383/1308 384/1307 376/1306 375/1305
f 384/1312 377/1311 369/1310 376/1309
f 385/1316 386/1315 378/1314 377/1313
f 386/1320 387/1319 379/1318 378/1317
f 387/1324 388/1323 380/1322 379/1321
f 388/1328 389/1327 381/1326 380/1325
f 389/1332 390/1331 382/1330 381/1329
f 390/1336 391/1335 383/1334 382/1333
f 391/1340 392/1339 384/1338 383/1337
f 392/1344 385/1343 377/1342 384/1341
f 393/1348 394/1347 386/1346 385/1345
f 394/1352 395/1351 387/1350 386/1349
f 395/1356 396/1355 388/1354 387/1353
f 396/1360 397/1359 389/1358 388/1357
f 397/1364 398/1363 390/1362 389/1361
f 398/1368 399/1367 391/1366 390/1365
f 399/1372 400/1371 392/1370 391/1369
f 400/1376 393/1375 385/1374 392/1373
f 409/1380 410/1379 402/1378 401/1377
f 410/1384 411/1383 403/1382 402/1381
f 411/1388 412/1387 404/1386 403/1385
f 412/1392 413/1391 405/1390 404/1389
f 413/1396 414/1395 406/1394 405/1393
f 414/1400 415/1399 407/1398 406/1397
f 415/1404 416/1403 408/1402 407/1401
f 416/1408 409/1407 401/1406 408/1405
f 417/1412 418/1411 410/1410 409/1409
f 418/1416 419/1415 411/1414 410/1413
f 419/1420 420/1419 412/1418 411/1417
f 420/1424 421/1423 413/1422 412/1421
f 421/1428 422/1427 414/1426 413/1425
f 422/1432 423/1431 415/1430 414/1429
f 423/1436 424/1435 416/1434 415/1433
f 424/1440 417/1439 409/1438 416/1437
f 425/1444 426/1443 418/1442 417/1441
f 426/1448 427/1447 419/1446 418/1445
f 427/1452 428/1451 420/1450 419/1449
f 428/1456 429/1455 421/1454 420/1453
f 429/1460 430/1459 422/1458 421/1457
f 430/1464 431/1463 423/1462 422/1461
f 431/1468 432/1467 424/1466 423/1465
f 432/1472 425/1471 417/1470 424/1469
f 433/1476 434/1475 426/1474 425/1473
f 434/1480 435/1479 427/1478 426/1477
f 435/1484 436/1483 428/1482 427/1481
f 436/1488 437/1487 429/1486 428/1485
f 437/1492 438/1491 430/1490 429/1489
f 438/1496 439/1495 431/1494 430/1493
f 439/1500 440/1499 432/1498 431/1497
f 440/1504 433/1503 425/1502 432/1501
f 449/1508 450/1507 442/1506 441/1505
f 450/1512 451/1511 443/1510 442/1509
f 451/1516 452/1515 444/1514 443/1513
f 452/1520 453/1519 445/1518 444/1517
f 453/1524 454/1523 446/1522 445/1521
f 454/1528 455/1527 447/1526 446/1525
f 455/1532 456/1531 448/1530 447/1529
f 456/1536 449/1535 441/1534 448/1533
f 457/1540 458/1539 450/1538 449/1537
f 458/1544 459/1543 451/1542 450/1541
f 459/1548 460/1547 452/1546 451/1545
f 460/1552 461/1551 453/1550 452/1549
f 461/1556 462/1555 454/1554 453/1553
f 462/1560 463/1559 455/1558 454/1557
f 463/1564 464/1563 456/1562 455/1561
f 464/1568 457/1567 449/1566 456/1565
f 465/1572 466/1571 458/1570 457/1569
f 466/1576 467/1575 459/1574 458/1573
f 467/1580 468/1579 460/1578 459/1577
f 468/1584 469/1583 461/1582 460/1581
f 469/1588 470/1587 462/1586 461/1585
f 470/1592 471/1591 463/1590 462/1589
f 471/1596 472/1595 464/1594 463/1593
f 472/1600 465/1599 457/1598 464/1597
f 473/1604 474/1603 466/1602 465/1601
f 474/1608 475/1607 467/1606 466/1605
f 475/1612 476/1611 468/1610 467/1609
f 476/1616 477/1615 469/1614 468/1613
f 477/1620 478/1619 470/1618 469/1617
f 478/1624 479/1623 471/1622 470/1621
f 479/1628 480/1627 472/1626 471/1625
f 480/1632 473/1631 465/1630 472/1629
f 489/1636 490/1635 482/1634 481/1633
f 490/1640 491/1639 483/1638 482/1637
f 491/1644 492/1643 484/1642 483/1641
f 492/1648 493/1647 485/1646 484/1645
f 493/1652 494/1651 486/1650 485/1649
f 494/1656 495/1655 487/1654 486/1653
f 495/1660 496/1659 488/1658 487/1657
f 496/1664 489/1663 481/1662 488/1661
f 497/1668 498/1667 490/1666 489/1665
f 498/1672 499/1671 491/1670 490/1669
f 499/1676 500/1675 492/1674 491/1673
f 500/1680 501/1679 493/1678 492/1677
f 501/1684 502/1683 494/1682 493/1681
f 502/1688 503/1687 495/1686 494/1685
f 503/1692 504/1691 496/1690 495/1689
f 504/1696 497/1695 489/1694 496/1693
f 505/1700 506/1699 498/1698 497/1697
f 506/1704 507/1703 499/1702 498/1701
f 507/1708 508/1707 500/1706 499/1705
f 508/1712 509/1711 501/1710 500/1709
f 509/1716 510/1715 502/1714 501/1713
f 510/1720 511/1719 503/1718 502/1717
f 511/1724 512/1723 504/1722 503/1721
f 512/1728 505/1727 497/1726 504/1725
f 513/1732 514/1731 506/1730 505/1729
f 514/1736 515/1735 507/1734 506/1733
f 515/1740 516/1739 508/1738 507/1737
f 516/1744 517/1743 509/1742 508/1741
f 517/1748 518/1747 510/1746 509/1745
f 518/1752 519/1751 511/1750 510/1749
f 519/1756 520/1755 512/1754 511/1753
f 520/1760 513/1759 505/1758 512/1757
f 529/1764 530/1763 522/1762 521/1761
f 530/1768 531/1767 523/1766 522/1765
f 531/1772 532/1771 524/1770 523/1769
f 532/1776 533/1775 525/1774 524/1773
f 533/1780 534/1779 526/1778 525/1777
f 534/1784 535/1783 527/1782 526/1781
f 535/1788 536/1787 528/1786 527/1785
f 536/1792 529/1791 521/1790 528/1789
f 537/1796 538/1795 530/1794 529/1793
f 538/1800 539/1799 531/1798 530/1797
f 539/1804 540/1803 532/1802 531/1801
f 540/1808 541/1807 533/1806 532/1805
f 541/1812 542/1811 534/1810 533/1809
f 542/1816 543/1815 535/1814 534/1813
f 543/1820 544/1819 536/1818 535/1817
f 544/1824 537/1823 529/1822 536/1821
f 545/1828 546/1827 538/1826 537/1825
f 546/1832 547/1831 539/1830 538/1829
f 547/1836 548/1835 540/1834 539/1833
f 548/1840 549/1839 541/1838 540/1837
f 549/1844 550/1843 542/1842 541/1841
f 550/1848 551/1847 543/1846 542/1845
f 551/1852 552/1851 544/1850 543/1849
f 552/1856 545/1855 537/1854 544/1853
f 553/1860 554/1859 546/1858 545/1857
f 554/1864 555/1863 547/1862 546/1861
f 555/1868 556/1867 548/1866 547/1865
f 556/1872 557/1871 549/1870 548/1869
f 557/1876 558/1875 550/1874 549/1873
f 558/1880 559/1879 551/1878 550/1877
f 559/1884 560/1883 552/1882 551/1881
f 560/1888 553/1887 545/1886 552/1885
f 569/1892 570/1891 562/1890 561/1889
f 570/1896 571/1895 563/1894 562/1893
f 571/1900 572/1899 564/1898 563/1897
f 572/1904 573/1903 565/1902 564/1901
f 573/1908 574/1907 566/1906 565/1905
f 574/1912 575/1911 567/1910 566/1909
f 575/1916 576/1915 568/1914 567/1913
f 576/1920 569/1919 561/1918 568/1917
f 577/1924 578/1923 570/1922 569/1921
f 578/1928 579/1927 571/1926 570/1925
f 579/1932 580/1931 572/1930 571/1929
f 580/1936 581/1935 573/1934 572/1933
f 581/1940 582/1939 574/1938 573/1937
f 582/1944 583/1943 575/1942 574/1941
f 583/1948 584/1947 576/1946 575/1945
f 584/1952 577/1951 569/1950 576/1949
f 585/1956 586/1955 578/1954 577/1953
f 586/1960 587/1959 579/1958 578/1957
f 587/1964 588/1963 580/1962 579/1961
f 588/1968 589/1967 581/1966 580/1965
f 589/1972 590/1971 582/1970 581/1969
f 590/1976 591/1975 583/1974 582/1973
f 591/1980 592/1979 584/1978 583/1977
f 592/1984 585/1983 577/1982 584/1981
f 593/1988 594/1987 586/1986 585/1985
f 594/1992 595/1991 587/1990 586/1989
f 595/1996 596/1995 588/1994 587/1993
f 596/2000 597/1999 589/1998 588/1997
f 597/2004 598/2003 590/2002 589/2001
f 598/2008 599/2007 591/2006 590/2005
f 599/2012 600/2011 592/2010 591/2009
f 600/2016 593/2015 585/2014 592/2013
f 609/2020 610/2019 602/2018 601/2017
f 610/2024 611/2023 603/2022 602/2021
f 611/2028 612/2027 604/2026 603/2025
f 612/2032 613/2031 605/2030 604/2029
f 613/2036 614/2035 606/2034 605/2033
f 614/2040 615/2039 607/2038 606/2037
f 615/2044 616/2043 608/2042 607/2041
f 616/2048 609/2047 601/2046 608/2045
f 617/2052 618/2051 610/2050 609/2049
f 618/2056 619/2055 611/2054 610/2053
f 619/2060 620/2059 612/2058 611/2057
f 620/2064 621/2063 613/2062 612/2061
f 621/2068 622/2067 614/2066 613/2065
f 622/2072 623/2071 615/2070 614/2069
f 623/2076 624/2075 616/2074 615/2073
f 624/2080 617/2079 609/2078 616/2077
f 625/2084 626/2083 618/2082 617/2081
f 626/2088 627/2087 619/2086 618/2085
f 627/2092 628/2091 620/2090 619/2089
f 628/2096 629/2095 621/2094 620/2093
f 629/2100 630/2099 622/2098 621/2097
f 630/2104 631/2103 623/2102 622/2101
f 631/2108 632/2107 624/2106 623/2105
f 632/2112 625/2111 617/2110 624/2109
f 633/2116 634/2115 626/2114 625/2113
f 634/2120 635/2119 627/2118 626/2117
f 635/2124 636/2123 628/2122 627/2121
f 636/2128 637/2127 629/2126 628/2125
f 637/2132 638/2131 630/2130 629/2129
f 638/2136 639/2135 631/2134 630/2133
f 639/2140 640/2139 632/2138 631/2137
f 640/2144 633/2143 625/2142 632/2141
f 649/2148 650/2147 642/2146 641/2145
f 650/2152 651/2151 643/2150 642/2149
f 651/2156 652/2155 644/2154 643/2153
f 652/2160 653/2159 645/2158 644/2157
f 653/2164 654/2163 646/2162 645/2161
f 654/2168 655/2167 647/2166 646/2165
f 655/2172 656/2171 648/2170 647/2169
f 656/2176 649/2175 641/2174 648/2173
f 657/2180 658/2179 650/2178 649/2177
f 658/2184 659/2183 651/2182 650/2181
f 659/2188 660/2187 652/2186 651/2185
f 660/2192 661/2191 653/2190 652/2189
f 661/2196 662/2195 654/2194 653/2193
f 662/2200 663/2199 655/2198 654/2197
f 663/2204 664/2203 656/2202 655/2201
f 664/2208 657/2207 649/2206 656/2205
f 665/2212 666/2211 658/2210 657/2209
f 666/2216 667/2215 659/2214 658/2213
f 667/2220 668/2219 660/2218 659/2217
f 668/2224 669/2223 661/2222 660/2221
f 669/2228 670/2227 662/2226 661/2225
f 670/2232 671/2231 663/2230 662/2229
f 671/2236 672/2235 664/2234 663/2233
f 672/2240 665/2239 657/2238 664/2237
f 673/2244 674/2243 666/2242 665/2241
f 674/2248 675/2247 667/2246 666/2245
f 675/2252 676/2251 668/2250 667/2249
f 676/2256 677/2255 669/2254 668/2253
f 677/2260 678/2259 670/2258 669/2257
f 678/2264 679/2263 671/2262 670/2261
f 679/2268 680/2267 672/2266 671/2265
f 680/2272 673/2271 665/2270 672/2269
f 689/2276 690/2275 682/2274 681/2273
f 690/2280 691/2279 683/2278 682/2277
f 691/2284 692/2283 684/2282 683/2281
f 692/2288 693/2287 685/2286 684/2285
f 693/2292 694/2291 686/2290 685/2289
f 694/2296 695/2295 687/2294 686/2293
f 695/2300 696/2299 688/2298 687/2297
f 696/2304 689/2303 681/2302 688/2301
f 697/2308 698/2307 690/2306 689/2305
f 698/2312 699/2311 691/2310 690/2309
f 699/2316 700/2315 692/2314 691/2313
f 700/2320 701/2319 693/2318 692/2317
f 701/2324 702/2323 694/2322 693/2321
f 702/2328 703/2327 695/2326 694/2325
f 703/2332 704/2331 696/2330 695/2329
f 704/2336 697/2335 689/2334 696/2333
f 705/2340 706/2339 698/2338 697/2337
f 706/2344 707/2343 699/2342 698/2341
f 707/2348 708/2347 700/2346 699/2345
f 708/2352 709/2351 701/2350 700/2349
f 709/2356 710/2355 702/2354 701/2353
f 710/2360 711/2359 703/2358 702/2357
f 711/2364 712/2363 704/2362 703/2361
f 712/2368 705/2367 697/2366 704/2365
f 713/2372 714/2371 706/2370 705/2369
f 714/2376 715/2375 707/2374 706/2373
f 715/2380 716/2379 708/2378 707/2377
f 716/2384 717/2383 709/2382 708/2381
f 717/2388 718/2387 710/2386 709/2385
f 718/2392 719/2391 711/2390 710/2389
f 719/2396 720/2395 712/2394 711/2393
f 720/2400 713/2399 705/2398 712/2397
f 729/2404 730/2403 722/2402 721/2401
f 730/2408 731/2407 723/2406 722/2405
f 731/2412 732/2411 724/2410 723/2409
f 732/2416 733/2415 725/2414 724/2413
f 733/2420 734/2419 726/2418 725/2417
f 734/2424 735/2423 727/2422 726/2421
f 735/2428 736/2427 728/2426 727/2425
f 736/2432 729/2431 721/2430 728/2429
f 737/2436 738/2435 730/2434 729/2433
f 738/2440 739/2439 731/2438 730/2437
f 739/2444 740/2443 732/2442 731/2441
f 740/2448 741/2447 733/2446 732/2445
f 741/2452 742/2451 734/2450 733/2449
f 742/2456 743/2455 735/2454 734/2453
f 743/2460 744/2459 736/2458 735/2457
f 744/2464 737/2463 729/2462 736/2461
f 745/2468 746/2467 738/2466 737/2465
f 746/2472 747/2471 739/2470 738/2469
f 747/2476 748/2475 740/2474 739/2473
f 748/2480 749/2479 741/2478 740/2477
f 749/2484 750/2483 742/2482 741/2481
f 750/2488 751/2487 743/2486 742/2485
f 751/2492 752/2491 744/2490 743/2489
f 752/2496 745/2495 737/2494 744/2493
f 753/2500 754/2499 746/2498 745/2497
f 754/2504 755/2503 747/2502 746/2501
f 755/2508 756/2507 748/2506 747/2505
f 756/2512 757/2511 749/2510 748/2509
f 757/2516 758/2515 750/2514 749/2513
f 758/2520 759/2519 751/2518 750/2517
f 759/2524 760/2523 752/2522 751/2521
f 760/2528 753/2527 745/2526 752/2525
f 769/2532 770/2531 762/2530 761/2529
f 770/2536 771/2535 763/2534 762/2533
f 771/2540 772/2539 764/2538 763/2537
f 772/2544 773/2543 765/2542 764/2541
f 773/2548 774/2547 766/2546 765/2545
f 774/2552 775/2551 767/2550 766/2549
f 775/2556 776/2555 768/2554 767/2553
f 776/2560 769/2559 761/2558 768/2557
f 777/2564 778/2563 770/2562 769/2561
f 778/2568 779/2567 771/2566 770/2565
f 779/2572 780/2571 772/2570 771/2569
f 780/2576 781/2575 773/2574 772/2573
f 781/2580 782/2579 774/2578 773/2577
f 782/2584 783/2583 775/2582 774/2581
f 783/2588 784/2587 776/2586 775/2585
f 784/2592 777/2591 769/2590 776/2589
f 785/2596 786/2595 778/2594 777/2593
f 786/2600 787/2599 779/2598 778/2597
f 787/2604 788/2603 780/2602 779/2601
f 788/2608 789/2607 781/2606 780/2605
f 789/2612 790/2611 782/2610 781/2609
f 790/2616 791/2615 783/2614 782/2613
f 791/2620 792/2619 784/2618 783/2617
f 792/2624 785/2623 777/2622 784/2621
f 793/2628 794/2627 786/2626 785/2625
f 794/2632 795/2631 787/2630 786/2629
f 795/2636 796/2635 788/2634 787/2633
f 796/2640 797/2639 789/2638 788/2637
f 797/2644 798/2643 790/2642 789/2641
f 798/2648 799/2647 791/2646 790/2645
f 799/2652 800/2651 792/2650 791/2649
f 800/2656 793/2655 785/2654 792/2653
f 809/2660 810/2659 802/2658 801/2657
f 810/2664 811/2663 803/2662 802/2661
f 811/2668 812/2667 804/2666 803/2665
f 812/2672 813/2671 805/2670 804/2669
f 813/2676 814/2675 806/2674 805/2673
f 814/2680 815/2679 807/2678 806/2677
f 815/2684 816/2683 808/2682 807/2681
f 816/2688 809/2687 801/2686 808/2685
f 817/2692 818/2691 810/2690 809/2689
f 818/2696 819/2695 811/2694 810/2693
f 819/2700 820/2699 812/2698 811/2697
f 820/2704 821/2703 813/2702 812/2701
f 821/2708 822/2707 814/2706 813/2705
f 822/2712 823/2711 815/2710 814/2709
f 823/2716 824/2715 816/2714 815/2713
f 824/2720 817/2719 809/2718 816/2717
f 825/2724 826/2723 818/2722 817/2721
f 826/2728 827/2727 819/2726 818/2725
f 827/2732 828/2731 820/2730 819/2729
f 828/2736 829/2735 821/2734 820/2733
f 829/2740 830/2739 822/2738 821/2737
f 830/2744 831/2743 823/2742 822/2741
f 831/2748 832/2747 824/2746 823/2745
f 832/2752 825/2751 817/2750 824/2749
f 833/2756 834/2755 826/2754 825/2753
f 834/2760 835/2759 827/2758 826/2757
f 835/2764 836/2763 828/2762 827/2761
f 836/2768 837/2767 829/2766 828/2765
f 837/2772 838/2771 830/2770 829/2769
f 838/2776 839/2775 831/2774 830/2773
f 839/2780 840/2779 832/2778 831/2777
f 840/2784 833/2783 825/2782 832/2781
f 849/2788 850/2787 842/2786 841/2785
f 850/2792 851/2791 843/2790 842/2789
f 851/2796 852/2795 844/2794 843/2793
f 852/2800 853/2799 845/2798 844/2797
f 853/2804 854/2803 846/2802 845/2801
f 854/2808 855/2807 847/2806 846/2805
f 855/2812 856/2811 848/2810 847/2809
f 856/2816 849/2815 841/2814 848/2813
f 857/2820 858/2819 850/2818 849/2817
f 858/2824 859/2823 851/2822 850/2821
f 859/2828 860/2827 852/2826 851/2825
f 860/2832 861/2831 853/2830 852/2829
f 861/2836 862/2835 854/2834 853/2833
f 862/2840 863/2839 855/2838 854/2837
f 863/2844 864/2843 856/2842 855/2841
f 864/2848 857/2847 849/2846 856/2845
f 865/2852 866/2851 858/2850 857/2849
f 866/2856 867/2855 859/2854 858/2853
f 867/2860 868/2859 860/2858 859/2857
f 868/2864 869/2863 861/2862 860/2861
f 869/2868 870/2867 862/2866 861/2865
f 870/2872 871/2871 863/2870 862/2869
f 871/2876 872/2875 864/2874 863/2873
f 872/2880 865/2879 857/2878 864/2877
f 873/2884 874/2883 866/2882 865/2881
f 874/2888 875/2887 867/2886 866/2885
f 875/2892 876/2891 868/2890 867/2889
f 876/2896 877/2895 869/2894 868/2893
f 877/2900 878/2899 870/2898 869/2897
f 878/2904 879/2903 871/2902 870/2901
f 879/2908 880/2907 872/2906 871/2905
f 880/2912 873/2911 865/2910 872/2909
f 889/2916 890/2915 882/2914 881/2913
f 890/2920 891/2919 883/2918 882/2917
f 891/2924 892/2923 884/2922 883/2921
f 892/2928 893/2927 885/2926 884/2925
f 893/2932 894/2931 886/2930 885/2929
f 894/2936 895/2935 887/2934 886/2933
f 895/2940 896/2939 888/2938 887/2937
f 896/2944 889/2943 881/2942 888/2941
f 897/2948 898/2947 890/2946 889/2945
f 898/2952 899/2951 891/2950 890/2949
f 899/2956 900/2955 892/2954 891/2953
f 900/2960 901/2959 893/2958 892/2957
f 901/2964 902/2963 894/2962 893/2961
f 902/2968 903/2967 895/2966 894/2965
f 903/2972 904/2971 896/2970 895/2969
f 904/2976 897/2975 889/2974 896/2973
f 905/2980 906/2979 898/2978 897/2977
f 906/2984 907/2983 899/2982 898/2981
f 907/2988 908/2987 900/2986 899/2985
f 908/2992 909/2991 901/2990 900/2989
f 909/2996 910/2995 902/2994 901/2993
f 910/3000 911/2999 903/2998 902/2997
f 911/3004 912/3003 904/3002 903/3001
f 912/3008 905/3007 897/3006 904/3005
f 913/3012 914/3011 906/3010 905/3009
f 914/3016 915/3015 907/3014 906/3013
f 915/3020 916/3019 908/3018 907/3017
f 916/3024 917/3023 909/3022 908/3021
f 917/3028 918/3027 910/3026 909/3025
f 918/3032 919/3031 911/3030 910/3029
f 919/3036 920/3035 912/3034 911/3033
f 920/3040 913/3039 905/3038 912/3037
f 929/3044 930/3043 922/3042 921/3041
f 930/3048 931/3047 923/3046 922/3045
f 931/3052 932/3051 924/3050 923/3049
f 932/3056 933/3055 925/3054 924/3053
f 933/3060 934/3059 926/3058 925/3057
f 934/3064 935/3063 927/3062 926/3061
f 935/3068 936/3067 928/3066 927/3065
f 936/3072 929/3071 921/3070 928/3069
f 937/3076 938/3075 930/3074 929/3073
f 938/3080 939/3079 931/3078 930/3077
f 939/3084 940/3083 932/3082 931/3081
f 940/3088 941/3087 933/3086 932/3085
f 941/3092 942/3091 934/3090 933/3089
f 942/3096 943/3095 935/3094 934/3093
f 943/3100 944/3099 936/3098 935/3097
f 944/3104 937/3103 929/3102 936/3101
f 945/3108 946/3107 938/3106 937/3105
f 946/3112 947/3111 939/3110 938/3109
f 947/3116 948/3115 940/3114 939/3113
f 948/3120 949/3119 941/3118 940/3117
f 949/3124 950/3123 942/3122 941/3121
f 950/3128 951/3127 943/3126 942/3125
f 951/3132 952/3131 944/3130 943/3129
f 952/3136 945/3135 937/3134 944/3133
f 953/3140 954/3139 946/3138 945/3137
f 954/3144 955/3143 947/3142 946/3141
f 955/3148 956/3147 948/3146 947/3145
f 956/3152 957/3151 949/3150 948/3149
f 957/3156 958/3155 950/3154 949/3153
f 958/3160 959/3159 951/3158 950/3157
f 959/3164 960/3163 952/3162 951/3161
f 960/3168 953/3167 945/3166 952/3165
f 969/3172 970/3171 962/3170 961/3169
f 970/3176 971/3175 963/3174 962/3173
f 971/3180 972/3179 964/3178 963/3177
f 972/3184 973/3183 965/3182 964/3181
f 973/3188 974/3187 966/3186 965/3185
f 974/3192 975/3191 967/3190 966/3189
f 975/3196 976/3195 968/3194 967/3193
f 976/3200 969/3199 961/3198 968/3197
f 977/3204 978/3203 970/3202 969/3201
f 978/3208 979/3207 971/3206 970/3205
f 979/3212 980/3211 972/3210 971/3209
f 980/3216 981/3215 973/3214 972/3213
f 981/3220 982/3219 974/3218 973/3217
f 982/3224 983/3223 975/3222 974/3221
f 983/3228 984/3227 976/3226 975/3225
f 984/3232 977/3231 969/3230 976/3229
f 985/3236 986/3235 978/3234 977/3233
f 986/3240 987/3239 979/3238 978/3237
f 987/3244 988/3243 980/3242 979/3241
f 988/3248 989/3247 981/3246 980/3245
f 989/3252 990/3251 982/3250 981/3249
f 990/3256 991/3255 983/3254 982/3253
f 991/3260 992/3259 984/3258 983/3257
f 992/3264 985/3263 977/3262 984/3261
f 993/3268 994/3267 986/3266 985/3265
f 994/3272 995/3271 987/3270 986/3269
f 995/3276 996/3275 988/3274 987/3273
f 996/3280 997/3279 989/3278 988/3277
f 997/3284 998/3283 990/3282 989/3281
f 998/3288 999/3287 991/3286 990/3285
f 999/3292 1000/3291 992/3290 991/3289
f 1000/3296 993/3295 985/3294 992/3293
f 1009/3300 1010/3299 1002/3298 1001/3297
f 1010/3304 1011/3303 1003/3302 1002/3301
f 1011/3308 1012/3307 1004/3306 1003/3305
f 1012/3312 1013/3311 1005/3310 1004/3309
f 1013/3316 1014/3315 1006/3314 1005/3313
f 1014/3320 1015/3319 1007/3318 1006/3317
f 1015/3324 1016/3323 1008/3322 1007/3321
f 1016/3328 1009/3327 1001/3326 1008/3325
f 1017/3332 1018/3331 1010/3330 1009/3329
f 1018/3336 1019/3335 1011/3334 1010/3333
f 1019/3340 1020/3339 1012/3338 1011/3337
f 1020/3344 1021/3343 1013/3342 1012/3341
f 1021/3348 1022/3347 1014/3346 1013/3345
f 1022/3352 1023/3351 1015/3350 1014/3349
f 1023/3356 1024/3355 1016/3354 1015/3353
f 1024/3360 1017/3359 1009/3358 1016/3357
f 1025/3364 1026/3363 1018/3362 1017/3361
f 1026/3368 1027/3367 1019/3366 1018/3365
f 1027/3372 1028/3371 1020/3370 1019/3369
f 1028/3376 1029/3375 1021/3374 1020/3373
f 1029/3380 1030/3379 1022/3378 1021/3377
f 1030/3384 1031/3383 1023/3382 1022/3381
f 1031/3388 1032/3387 1024/3386 1023/3385
f 1032/3392 1025/3391 1017/3390 1024/3389
f 1033/3396 1034/3395 1026/3394 1025/3393
f 1034/3400 1035/3399 1027/3398 1026/3397
f 1035/3404 1036/3403 1028/3402 1027/3401
f 1036/3408 1037/3407 1029/3406 1028/3405
f 1037/3412 1038/3411 1030/3410 1029/3409
f 1038/3416 1039/3415 1031/3414 1030/3413
f 1039/3420 1040/3419 1032/3418 1031/3417
f 1040/3424 1033/3423 1025/3422 1032/3421
f 1049/3428 1050/3427 1042/3426 1041/3425
f 1050/3432 1051/3431 1043/3430 1042/3429
f 1051/3436 1052/3435 1044/3434 1043/3433
f 1052/3440 1053/3439 1045/3438 1044/3437
f 1053/3444 1054/3443 1046/3442 1045/3441
f 1054/3448 1055/3447 1047/3446 1046/3445
f 1055/3452 1056/3451 1048/3450 1047/3449
f 1056/3456 1049/3455 1041/3454 1048/3453
f 1057/3460 1058/3459 1050/3458 1049/3457
f 1058/3464 1059/3463 1051/3462 1050/3461
f 1059/3468 1060/3467 1052/3466 1051/3465
f 1060/3472 1061/3471 1053/3470 1052/3469
f 1061/3476 1062/3475 1054/3474 1053/3473
f 1062/3480 1063/3479 1055/3478 1054/3477
f 1063/3484 1064/3483 1056/3482 1055/3481
f 1064/3488 1057/3487 1049/3486 1056/3485
f 1065/3492 1066/3491 1058/3490 1057/3489
f 1066/3496 1067/3495 1059/3494 1058/3493
f 1067/3500 1068/3499 1060/3498 1059/3497
f 1068/3504 1069/3503 1061/3502 1060/3501
f 1069/3508 1070/3507 1062/3506 1061/3505
f 1070/3512 1071/3511 1063/3510 1062/3509
f 1071/3516 1072/3515 1064/3514 1063/3513
f 1072/3520 1065/3519 1057/3518 1064/3517
f 1073/3524 1074/3523 1066/3522 1065/3521
f 1074/3528 1075/3527 1067/3526 1066/3525
f 1075/3532 1076/3531 1068/3530 1067/3529
f 1076/3536 1077/3535 1069/3534 1068/3533
f 1077/3540 1078/3539 1070/3538 1069/3537
f 1078/3544 1079/3543 1071/3542 1070/3541
f 1079/3548 1080/3547 1072/3546 1071/3545
f 1080/3552 1073/3551 1065/3550 1072/3549
f 1089/3556 1090/3555 1082/3554 1081/3553
f 1090/3560 1091/3559 1083/3558 1082/3557
f 1091/3564 1092/3563 1084/3562 1083/3561
f 1092/3568 1093/3567 1085/3566 1084/3565
f 1093/3572 1094/3571 1086/3570 1085/3569
f 1094/3576 1095/3575 1087/3574 1086/3573
f 1095/3580 1096/3579 1088/3578 1087/3577
f 1096/3584 1089/3583 1081/3582 1088/3581
f 1097/3588 1098/3587 1090/3586 1089/3585
f 1098/3592 1099/3591 1091/3590 1090/3589
f 1099/3596 1100/3595 1092/3594 1091/3593
f 1100/3600 1101/3599 1093/3598 1092/3597
f 1101/3604 1102/3603 1094/3602 1093/3601
f 1102/3608 1103/3607 1095/3606 1094/3605
f 1103/3612 1104/3611 1096/3610 1095/3609
f 1104/3616 1097/3615 1089/3614 1096/3613
f 1105/3620 1106/3619 1098/3618 1097/3617
f 1106/3624 1107/3623 1099/3622 1098/3621
f 1107/3628 1108/3627 1100/3626 1099/3625
f 1108/3632 1109/3631 1101/3630 1100/3629
f 1109/3636 1110/3635 1102/3634 1101/3633
f 1110/3640 1111/3639 1103/3638 1102/3637
f 1111/3644 1112/3643 1104/3642 1103/3641
f 1112/3648 1105/3647 1097/3646 1104/3645
f 1113/3652 1114/3651 1106/3650 1105/3649
f 1114/3656 1115/3655 1107/3654 1106/3653
f 1115/3660 1116/3659 1108/3658 1107/3657
f 1116/3664 1117/3663 1109/3662 1108/3661
f 1117/3668 1118/3667 1110/3666 1109/3665
f 1118/3672 1119/3671 1111/3670 1110/3669
f 1119/3676 1120/3675 1112/3674 1111/3673
f 1120/3680 1113/3679 1105/3678 1112/3677
f 1129/3684 1130/3683 1122/3682 1121/3681
f 1130/3688 1131/3687 1123/3686 1122/3685
f 1131/3692 1132/3691 1124/3690 1123/3689
f 1132/3696 1133/3695 1125/3694 1124/3693
f 1133/3700 1134/3699 1126/3698 1125/3697
f 1134/3704 1135/3703 1127/3702 1126/3701
f 1135/3708 1136/3707 1128/3706 1127/3705
f 1136/3712 1129/3711 1121/3710 1128/3709
f 1137/3716 1138/3715 1130/3714 1129/3713
f 1138/3720 1139/3719 1131/3718 1130/3717
f 1139/3724 1140/3723 1132/3722 1131/3721
f 1140/3728 1141/3727 1133/3726 1132/3725
f 1141/3732 1142/3731 1134/3730 1133/3729
f 1142/3736 1143/3735 1135/3734 1134/3733
f 1143/3740 1144/3739 1136/3738 1135/3737
f 1144/3744 1137/3743 1129/3742 1136/3741
f 1145/3748 1146/3747 1138/3746 1137/3745
f 1146/3752 1147/3751 1139/3750 1138/3749
f 1147/3756 1148/3755 1140/3754 1139/3753
f 1148/3760 1149/3759 1141/3758 1140/3757
f 1149/3764 1150/3763 1142/3762 1141/3761
f 1150/3768 1151/3767 1143/3766 1142/3765
f 1151/3772 1152/3771 1144/3770 1143/3769
f 1152/3776 1145/3775 1137/3774 1144/3773
f 1153/3780 1154/3779 1146/3778 1145/3777
f 1154/3784 1155/3783 1147/3782 1146/3781
f 1155/3788 1156/3787 1148/3786 1147/3785
f 1156/3792 1157/3791 1149/3790 1148/3789
f 1157/3796 1158/3795 1150/3794 1149/3793
f 1158/3800 1159/3799 1151/3798 1150/3797
f 1159/3804 1160/3803 1152/3802 1151/3801
f 1160/3808 1153/3807 1145/3806 1152/3805
f 1169/3812 1170/3811 1162/3810 1161/3809
f 1170/3816 1171/3815 1163/3814 1162/3813
f 1171/3820 1172/3819 1164/3818 1163/3817
f 1172/3824 1173/3823 1165/3822 1164/3821
f 1173/3828 1174/3827 1166/3826 1165/3825
f 1174/3832 1175/3831 1167/3830 1166/3829
f 1175/3836 1176/3835 1168/3834 1167/3833
f 1176/3840 1169/3839 1161/3838 1168/3837
f 1177/3844 1178/3843 1170/3842 1169/3841
f 1178/3848 1179/3847 1171/3846 1170/3845
f 1179/3852 1180/3851 1172/3850 1171/3849
f 1180/3856 1181/3855 1173/3854 1172/3853
f 1181/3860 1182/3859 1174/3858 1173/3857
f 1182/3864 1183/3863 1175/3862 1174/3861
f 1183/3868 1184/3867 1176/3866 1175/3865
f 1184/3872 1177/3871 1169/3870 1176/3869
f 1185/3876 1186/3875 1178/3874 1177/3873
f 1186/3880 1187/3879 1179/3878 1178/3877
f 1187/3884 1188/3883 1180/3882 1179/3881
f 1188/3888 1189/3887 1181/3886 1180/3885
f 1189/3892 1190/3891 1182/3890 1181/3889
f 1190/3896 1191/3895 1183/3894 1182/3893
f 1191/3900 1192/3899 1184/3898 1183/3897
f 1192/3904 1185/3903 1177/3902 1184/3901
f 1193/3908 1194/3907 1186/3906 1185/3905
f 1194/3912 1195/3911 1187/3910 1186/3909
f 1195/3916 1196/3915 1188/3914 1187/3913
f 1196/3920 1197/3919 1189/3918 1188/3917
f 1197/3924 1198/3923 1190/3922 1189/3921
f 1198/3928 1199/3927 1191/3926 1190/3925
f 1199/3932 1200/3931 1192/3930 1191/3929
f 1200/3936 1193/3935 1185/3934 1192/3933
f 1209/3940 1210/3939 1202/3938 1201/3937
f 1210/3944 1211/3943 1203/3942 1202/3941
f 1211/3948 1212/3947 1204/3946 1203/3945
f 1212/3952 1213/3951 1205/3950 1204/3949
f 1213/3956 1214/3955 1206/3954 1205/3953
f 1214/3960 1215/3959 1207/3958 1206/3957
f 1215/3964 1216/3963 1208/3962 1207/3961
f 1216/3968 1209/3967 1201/3966 1208/3965
f 1217/3972 1218/3971 1210/3970 1209/3969
f 1218/3976 1219/3975 1211/3974 1210/3973
f 1219/3980 1220/3979 1212/3978 1211/3977
f 1220/3984 1221/3983 1213/3982 1212/3981
f 1221/3988 1222/3987 1214/3986 1213/3985
f 1222/3992 1223/3991 1215/3990 1214/3989
f 1223/3996 1224/3995 1216/3994 1215/3993
f 1224/4000 1217/3999 1209/3998 1216/3997
f 1225/4004 1226/4003 1218/4002 1217/4001
f 1226/4008 1227/4007 1219/4006 1218/4005
f 1227/4012 1228/4011 1220/4010 1219/4009
f 1228/4016 1229/4015 1221/4014 1220/4013
f 1229/4020 1230/4019 1222/4018 1221/4017
f 1230/4024 1231/4023 1223/4022 1222/4021
f 1231/4028 1232/4027 1224/4026 1223/4025
f 1232/4032 1225/4031 1217/4030 1224/4029
f 1233/4036 1234/4035 1226/4034 1225/4033
f 1234/4040 1235/4039 1227/4038 1226/4037
f 1235/4044 1236/4043 1228/4042 1227/4041
f 1236/4048 1237/4047 1229/4046 1228/4045
f 1237/4052 1238/4051 1230/4050 1229/4049
f 1238/4056 1239/4055 1231/4054 1230/4053
f 1239/4060 1240/4059 1232/4058 1231/4057
f 1240/4064 1233/4063 1225/4062 1232/4061
f 1249/4068 1250/4067 1242/4066 1241/4065
f 1250/4072 1251/4071 1243/4070 1242/4069
f 1251/4076 1252/4075 1244/4074 1243/4073
f 1252/4080 1253/4079 1245/4078 1244/4077
f 1253/4084 1254/4083 1246/4082 1245/4081
f 1254/4088 1255/4087 1247/4086 1246/4085
f 1255/4092 1256/4091 1248/4090 1247/4089
f 1256/4096 1249/4095 1241/4094 1248/4093
f 1257/4100 1258/4099 1250/4098 1249/4097
f 1258/4104 1259/4103 1251/4102 1250/4101
f 1259/4108 1260/4107 1252/4106 1251/4105
f 1260/4112 1261/4111 1253/4110 1252/4109
f 1261/4116 1262/4115 1254/4114 1253/4113
f 1262/4120 1263/4119 1255/4118 1254/4117
f 1263/4124 1264/4123 1256/4122 1255/4121
f 1264/4128 1257/4127 1249/4126 1256/4125
f 1265/4132 1266/4131 1258/4130 1257/4129
f 1266/4136 1267/4135 1259/4134 1258/4133
f 1267/4140 1268/4139 1260/4138 1259/4137
f 1268/4144 1269/4143 1261/4142 1260/4141
f 1269/4148 1270/4147 1262/4146 1261/4145
f 1270/4152 1271/4151 1263/4150 1262/4149
f 1271/4156 1272/4155 1264/4154 1263/4153
f 1272/4160 1265/4159 1257/4158 1264/4157
f 1273/4164 1274/4163 1266/4162 1265/4161
f 1274/4168 1275/4167 1267/4166 1266/4165
f 1275/4172 1276/4171 1268/4170 1267/4169
f 1276/4176 1277/4175 1269/4174 1268/4173
f 1277/4180 1278/4179 1270/4178 1269/4177
f 1278/4184 1279/4183 1271/4182 1270/4181
f 1279/4188 1280/4187 1272/4186 1271/4185
f 1280/4192 1273/4191 1265/4190 1272/4189
f 1289/4196 1290/4195 1282/4194 1281/4193
f 1290/4200 1291/4199 1283/4198 1282/4197
f 1291/4204 1292/4203 1284/4202 1283/4201
f 1292/4208 1293/4207 1285/4206 1284/4205
f 1293/4212 1294/4211 1286/4210 1285/4209
f 1294/4216 1295/4215 1287/4214 1286/4213
f 1295/4220 1296/4219 1288/4218 1287/4217
f 1296/4224 1289/4223 1281/4222 1288/4221
f 1297/4228 1298/4227 1290/4226 1289/4225
f 1298/4232 1299/4231 1291/4230 1290/4229
f 1299/4236 1300/4235 1292/4234 1291/4233
f 1300/4240 1301/4239 1293/4238 1292/4237
f 1301/4244 1302/4243 1294/4242 1293/4241
f 1302/4248 1303/4247 1295/4246 1294/4245
f 1303/4252 1304/4251 1296/4250 1295/4249
f 1304/4256 1297/4255 1289/4254 1296/4253
f 1305/4260 1306/4259 1298/4258 1297/4257
f 1306/4264 1307/4263 1299/4262 1298/4261
f 1307/4268 1308/4267 1300/4266 1299/4265
f 1308/4272 1309/4271 1301/4270 1300/4269
f 1309/4276 1310/4275 1302/4274 1301/4273
f 1310/4280 1311/4279 1303/4278 1302/4277
f 1311/4284 1312/4283 1304/4282 1303/4281
f 1312/4288 1305/4287 1297/4286 1304/4285
f 1313/4292 1314/4291 1306/4290 1305/4289
f 1314/4296 1315/4295 1307/4294 1306/4293
f 1315/4300 1316/4299 1308/4298 1307/4297
f 1316/4304 1317/4303 1309/4302 1308/4301
f 1317/4308 1318/4307 1310/4306 1309/4305
f 1318/4312 1319/4311 1311/4310 1310/4309
f 1319/4316 1320/4315 1312/4314 1311/4313
f 1320/4320 1313/4319 1305/4318 1312/4317
