# Authored game-art mesh
s 1
v 0.850000 -19.200000 10.000000
v 0.833667 -19.200000 10.165827
v 0.785298 -19.200000 10.325281
v 0.706749 -19.200000 10.472235
v 0.601041 -19.200000 10.601041
v 0.472235 -19.200000 10.706749
v 0.325281 -19.200000 10.785298
v 0.165827 -19.200000 10.833667
v 0.000000 -19.200000 10.850000
v -0.165827 -19.200000 10.833667
v -0.325281 -19.200000 10.785298
v -0.472235 -19.200000 10.706749
v -0.601041 -19.200000 10.601041
v -0.706749 -19.200000 10.472235
v -0.785298 -19.200000 10.325281
v -0.833667 -19.200000 10.165827
v -0.850000 -19.200000 10.000000
v -0.833667 -19.200000 9.834173
v -0.785298 -19.200000 9.674719
v -0.706749 -19.200000 9.527765
v -0.601041 -19.200000 9.398959
v -0.472235 -19.200000 9.293251
v -0.325281 -19.200000 9.214702
v -0.165827 -19.200000 9.166333
v -0.000000 -19.200000 9.150000
v 0.165827 -19.200000 9.166333
v 0.325281 -19.200000 9.214702
v 0.472235 -19.200000 9.293251
v 0.601041 -19.200000 9.398959
v 0.706749 -19.200000 9.527765
v 0.785298 -19.200000 9.674719
v 0.833667 -19.200000 9.834173
v 0.850000 -47.500000 10.000000
v 0.833667 -47.500000 10.165827
v 0.785298 -47.500000 10.325281
v 0.706749 -47.500000 10.472235
v 0.601041 -47.500000 10.601041
v 0.472235 -47.500000 10.706749
v 0.325281 -47.500000 10.785298
v 0.165827 -47.500000 10.833667
v 0.000000 -47.500000 10.850000
v -0.165827 -47.500000 10.833667
v -0.325281 -47.500000 10.785298
v -0.472235 -47.500000 10.706749
v -0.601041 -47.500000 10.601041
v -0.706749 -47.500000 10.472235
v -0.785298 -47.500000 10.325281
v -0.833667 -47.500000 10.165827
v -0.850000 -47.500000 10.000000
v -0.833667 -47.500000 9.834173
v -0.785298 -47.500000 9.674719
v -0.706749 -47.500000 9.527765
v -0.601041 -47.500000 9.398959
v -0.472235 -47.500000 9.293251
v -0.325281 -47.500000 9.214702
v -0.165827 -47.500000 9.166333
v -0.000000 -47.500000 9.150000
v 0.165827 -47.500000 9.166333
v 0.325281 -47.500000 9.214702
v 0.472235 -47.500000 9.293251
v 0.601041 -47.500000 9.398959
v 0.706749 -47.500000 9.527765
v 0.785298 -47.500000 9.674719
v 0.833667 -47.500000 9.834173
v 0.000000 -47.500000 10.000000
v 0.000000 -47.500000 10.000000
v 0.000000 -47.500000 10.000000
v 0.000000 -47.500000 10.000000
v 0.000000 -47.500000 10.000000
v 0.000000 -47.500000 10.000000
v 0.000000 -47.500000 10.000000
v 0.000000 -47.500000 10.000000
v 0.000000 -47.500000 10.000000
v 0.000000 -47.500000 10.000000
v 0.000000 -47.500000 10.000000
v 0.000000 -47.500000 10.000000
v 0.000000 -47.500000 10.000000
v 0.000000 -47.500000 10.000000
v 0.000000 -47.500000 10.000000
v 0.000000 -47.500000 10.000000
v 0.000000 -47.500000 10.000000
v 0.000000 -47.500000 10.000000
v 0.000000 -47.500000 10.000000
v 0.000000 -47.500000 10.000000
v 0.000000 -47.500000 10.000000
v 0.000000 -47.500000 10.000000
v 0.000000 -47.500000 10.000000
v 0.000000 -47.500000 10.000000
v 0.000000 -47.500000 10.000000
v 0.000000 -47.500000 10.000000
v 0.000000 -47.500000 10.000000
v 0.000000 -47.500000 10.000000
v 0.000000 -47.500000 10.000000
v 0.000000 -47.500000 10.000000
v 0.000000 -47.500000 10.000000
v 0.000000 -47.500000 10.000000
v 0.000000 -19.200000 10.000000
v 0.000000 -19.200000 10.000000
v 0.000000 -19.200000 10.000000
v 0.000000 -19.200000 10.000000
v 0.000000 -19.200000 10.000000
v 0.000000 -19.200000 10.000000
v 0.000000 -19.200000 10.000000
v 0.000000 -19.200000 10.000000
v 0.000000 -19.200000 10.000000
v 0.000000 -19.200000 10.000000
v 0.000000 -19.200000 10.000000
v 0.000000 -19.200000 10.000000
v 0.000000 -19.200000 10.000000
v 0.000000 -19.200000 10.000000
v 0.000000 -19.200000 10.000000
v 0.000000 -19.200000 10.000000
v 0.000000 -19.200000 10.000000
v 0.000000 -19.200000 10.000000
v 0.000000 -19.200000 10.000000
v 0.000000 -19.200000 10.000000
v 0.000000 -19.200000 10.000000
v 0.000000 -19.200000 10.000000
v 0.000000 -19.200000 10.000000
v 0.000000 -19.200000 10.000000
v 0.000000 -19.200000 10.000000
v 0.000000 -19.200000 10.000000
v 0.000000 -19.200000 10.000000
v 0.000000 -19.200000 10.000000
v 0.000000 -19.200000 10.000000
v 0.000000 -19.200000 10.000000
v 0.000000 -19.200000 10.000000
v 0.000000 -19.200000 10.000000
v 1.050000 -43.600000 10.000000
v 1.029825 -43.600000 10.204845
v 0.970074 -43.600000 10.401818
v 0.873043 -43.600000 10.583349
v 0.742462 -43.600000 10.742462
v 0.583349 -43.600000 10.873043
v 0.401818 -43.600000 10.970074
v 0.204845 -43.600000 11.029825
v 0.000000 -43.600000 11.050000
v -0.204845 -43.600000 11.029825
v -0.401818 -43.600000 10.970074
v -0.583349 -43.600000 10.873043
v -0.742462 -43.600000 10.742462
v -0.873043 -43.600000 10.583349
v -0.970074 -43.600000 10.401818
v -1.029825 -43.600000 10.204845
v -1.050000 -43.600000 10.000000
v -1.029825 -43.600000 9.795155
v -0.970074 -43.600000 9.598182
v -0.873043 -43.600000 9.416651
v -0.742462 -43.600000 9.257538
v -0.583349 -43.600000 9.126957
v -0.401818 -43.600000 9.029926
v -0.204845 -43.600000 8.970175
v -0.000000 -43.600000 8.950000
v 0.204845 -43.600000 8.970175
v 0.401818 -43.600000 9.029926
v 0.583349 -43.600000 9.126957
v 0.742462 -43.600000 9.257538
v 0.873043 -43.600000 9.416651
v 0.970074 -43.600000 9.598182
v 1.029825 -43.600000 9.795155
v 1.050000 -44.500000 10.000000
v 1.029825 -44.500000 10.204845
v 0.970074 -44.500000 10.401818
v 0.873043 -44.500000 10.583349
v 0.742462 -44.500000 10.742462
v 0.583349 -44.500000 10.873043
v 0.401818 -44.500000 10.970074
v 0.204845 -44.500000 11.029825
v 0.000000 -44.500000 11.050000
v -0.204845 -44.500000 11.029825
v -0.401818 -44.500000 10.970074
v -0.583349 -44.500000 10.873043
v -0.742462 -44.500000 10.742462
v -0.873043 -44.500000 10.583349
v -0.970074 -44.500000 10.401818
v -1.029825 -44.500000 10.204845
v -1.050000 -44.500000 10.000000
v -1.029825 -44.500000 9.795155
v -0.970074 -44.500000 9.598182
v -0.873043 -44.500000 9.416651
v -0.742462 -44.500000 9.257538
v -0.583349 -44.500000 9.126957
v -0.401818 -44.500000 9.029926
v -0.204845 -44.500000 8.970175
v -0.000000 -44.500000 8.950000
v 0.204845 -44.500000 8.970175
v 0.401818 -44.500000 9.029926
v 0.583349 -44.500000 9.126957
v 0.742462 -44.500000 9.257538
v 0.873043 -44.500000 9.416651
v 0.970074 -44.500000 9.598182
v 1.029825 -44.500000 9.795155
v 0.000000 -44.500000 10.000000
v 0.000000 -44.500000 10.000000
v 0.000000 -44.500000 10.000000
v 0.000000 -44.500000 10.000000
v 0.000000 -44.500000 10.000000
v 0.000000 -44.500000 10.000000
v 0.000000 -44.500000 10.000000
v 0.000000 -44.500000 10.000000
v 0.000000 -44.500000 10.000000
v 0.000000 -44.500000 10.000000
v 0.000000 -44.500000 10.000000
v 0.000000 -44.500000 10.000000
v 0.000000 -44.500000 10.000000
v 0.000000 -44.500000 10.000000
v 0.000000 -44.500000 10.000000
v 0.000000 -44.500000 10.000000
v 0.000000 -44.500000 10.000000
v 0.000000 -44.500000 10.000000
v 0.000000 -44.500000 10.000000
v 0.000000 -44.500000 10.000000
v 0.000000 -44.500000 10.000000
v 0.000000 -44.500000 10.000000
v 0.000000 -44.500000 10.000000
v 0.000000 -44.500000 10.000000
v 0.000000 -44.500000 10.000000
v 0.000000 -44.500000 10.000000
v 0.000000 -44.500000 10.000000
v 0.000000 -44.500000 10.000000
v 0.000000 -44.500000 10.000000
v 0.000000 -44.500000 10.000000
v 0.000000 -44.500000 10.000000
v 0.000000 -44.500000 10.000000
v 0.000000 -43.600000 10.000000
v 0.000000 -43.600000 10.000000
v 0.000000 -43.600000 10.000000
v 0.000000 -43.600000 10.000000
v 0.000000 -43.600000 10.000000
v 0.000000 -43.600000 10.000000
v 0.000000 -43.600000 10.000000
v 0.000000 -43.600000 10.000000
v 0.000000 -43.600000 10.000000
v 0.000000 -43.600000 10.000000
v 0.000000 -43.600000 10.000000
v 0.000000 -43.600000 10.000000
v 0.000000 -43.600000 10.000000
v 0.000000 -43.600000 10.000000
v 0.000000 -43.600000 10.000000
v 0.000000 -43.600000 10.000000
v 0.000000 -43.600000 10.000000
v 0.000000 -43.600000 10.000000
v 0.000000 -43.600000 10.000000
v 0.000000 -43.600000 10.000000
v 0.000000 -43.600000 10.000000
v 0.000000 -43.600000 10.000000
v 0.000000 -43.600000 10.000000
v 0.000000 -43.600000 10.000000
v 0.000000 -43.600000 10.000000
v 0.000000 -43.600000 10.000000
v 0.000000 -43.600000 10.000000
v 0.000000 -43.600000 10.000000
v 0.000000 -43.600000 10.000000
v 0.000000 -43.600000 10.000000
v 0.000000 -43.600000 10.000000
v 0.000000 -43.600000 10.000000
v 1.150000 -47.000000 10.000000
v 1.127903 -47.000000 10.224354
v 1.062461 -47.000000 10.440086
v 0.956190 -47.000000 10.638906
v 0.813173 -47.000000 10.813173
v 0.638906 -47.000000 10.956190
v 0.440086 -47.000000 11.062461
v 0.224354 -47.000000 11.127903
v 0.000000 -47.000000 11.150000
v -0.224354 -47.000000 11.127903
v -0.440086 -47.000000 11.062461
v -0.638906 -47.000000 10.956190
v -0.813173 -47.000000 10.813173
v -0.956190 -47.000000 10.638906
v -1.062461 -47.000000 10.440086
v -1.127903 -47.000000 10.224354
v -1.150000 -47.000000 10.000000
v -1.127903 -47.000000 9.775646
v -1.062461 -47.000000 9.559914
v -0.956190 -47.000000 9.361094
v -0.813173 -47.000000 9.186827
v -0.638906 -47.000000 9.043810
v -0.440086 -47.000000 8.937539
v -0.224354 -47.000000 8.872097
v -0.000000 -47.000000 8.850000
v 0.224354 -47.000000 8.872097
v 0.440086 -47.000000 8.937539
v 0.638906 -47.000000 9.043810
v 0.813173 -47.000000 9.186827
v 0.956190 -47.000000 9.361094
v 1.062461 -47.000000 9.559914
v 1.127903 -47.000000 9.775646
v 1.150000 -50.000000 10.000000
v 1.127903 -50.000000 10.224354
v 1.062461 -50.000000 10.440086
v 0.956190 -50.000000 10.638906
v 0.813173 -50.000000 10.813173
v 0.638906 -50.000000 10.956190
v 0.440086 -50.000000 11.062461
v 0.224354 -50.000000 11.127903
v 0.000000 -50.000000 11.150000
v -0.224354 -50.000000 11.127903
v -0.440086 -50.000000 11.062461
v -0.638906 -50.000000 10.956190
v -0.813173 -50.000000 10.813173
v -0.956190 -50.000000 10.638906
v -1.062461 -50.000000 10.440086
v -1.127903 -50.000000 10.224354
v -1.150000 -50.000000 10.000000
v -1.127903 -50.000000 9.775646
v -1.062461 -50.000000 9.559914
v -0.956190 -50.000000 9.361094
v -0.813173 -50.000000 9.186827
v -0.638906 -50.000000 9.043810
v -0.440086 -50.000000 8.937539
v -0.224354 -50.000000 8.872097
v -0.000000 -50.000000 8.850000
v 0.224354 -50.000000 8.872097
v 0.440086 -50.000000 8.937539
v 0.638906 -50.000000 9.043810
v 0.813173 -50.000000 9.186827
v 0.956190 -50.000000 9.361094
v 1.062461 -50.000000 9.559914
v 1.127903 -50.000000 9.775646
v 0.640000 -50.000000 10.000000
v 0.627703 -50.000000 10.124858
v 0.591283 -50.000000 10.244917
v 0.532141 -50.000000 10.355565
v 0.452548 -50.000000 10.452548
v 0.355565 -50.000000 10.532141
v 0.244917 -50.000000 10.591283
v 0.124858 -50.000000 10.627703
v 0.000000 -50.000000 10.640000
v -0.124858 -50.000000 10.627703
v -0.244917 -50.000000 10.591283
v -0.355565 -50.000000 10.532141
v -0.452548 -50.000000 10.452548
v -0.532141 -50.000000 10.355565
v -0.591283 -50.000000 10.244917
v -0.627703 -50.000000 10.124858
v -0.640000 -50.000000 10.000000
v -0.627703 -50.000000 9.875142
v -0.591283 -50.000000 9.755083
v -0.532141 -50.000000 9.644435
v -0.452548 -50.000000 9.547452
v -0.355565 -50.000000 9.467859
v -0.244917 -50.000000 9.408717
v -0.124858 -50.000000 9.372297
v -0.000000 -50.000000 9.360000
v 0.124858 -50.000000 9.372297
v 0.244917 -50.000000 9.408717
v 0.355565 -50.000000 9.467859
v 0.452548 -50.000000 9.547452
v 0.532141 -50.000000 9.644435
v 0.591283 -50.000000 9.755083
v 0.627703 -50.000000 9.875142
v 0.640000 -47.000000 10.000000
v 0.627703 -47.000000 10.124858
v 0.591283 -47.000000 10.244917
v 0.532141 -47.000000 10.355565
v 0.452548 -47.000000 10.452548
v 0.355565 -47.000000 10.532141
v 0.244917 -47.000000 10.591283
v 0.124858 -47.000000 10.627703
v 0.000000 -47.000000 10.640000
v -0.124858 -47.000000 10.627703
v -0.244917 -47.000000 10.591283
v -0.355565 -47.000000 10.532141
v -0.452548 -47.000000 10.452548
v -0.532141 -47.000000 10.355565
v -0.591283 -47.000000 10.244917
v -0.627703 -47.000000 10.124858
v -0.640000 -47.000000 10.000000
v -0.627703 -47.000000 9.875142
v -0.591283 -47.000000 9.755083
v -0.532141 -47.000000 9.644435
v -0.452548 -47.000000 9.547452
v -0.355565 -47.000000 9.467859
v -0.244917 -47.000000 9.408717
v -0.124858 -47.000000 9.372297
v -0.000000 -47.000000 9.360000
v 0.124858 -47.000000 9.372297
v 0.244917 -47.000000 9.408717
v 0.355565 -47.000000 9.467859
v 0.452548 -47.000000 9.547452
v 0.532141 -47.000000 9.644435
v 0.591283 -47.000000 9.755083
v 0.627703 -47.000000 9.875142
v 0.960000 -50.600000 9.790000
v 0.960000 -50.600000 9.790000
v 0.960000 -50.600000 9.790000
v 0.960000 -50.600000 9.790000
v 0.960000 -50.600000 9.790000
v 0.960000 -50.600000 9.790000
v 0.960000 -50.600000 9.790000
v 0.960000 -50.600000 9.790000
v 0.960000 -50.600000 9.790000
v 0.960000 -50.600000 9.790000
v 0.960000 -50.600000 9.790000
v 0.960000 -50.600000 9.790000
v 0.960000 -50.600000 9.790000
v 0.960000 -50.600000 9.790000
v 0.960000 -50.600000 9.790000
v 0.960000 -50.600000 9.790000
v 1.103006 -50.600000 9.796546
v 1.098548 -51.017363 9.796546
v 1.084494 -51.133547 9.796546
v 1.057385 -51.193779 9.796546
v 0.960000 -51.212884 9.796546
v 0.862615 -51.193779 9.796546
v 0.835506 -51.133547 9.796546
v 0.821452 -51.017363 9.796546
v 0.816994 -50.600000 9.796546
v 0.821452 -50.182637 9.796546
v 0.835506 -50.066453 9.796546
v 0.862615 -50.006221 9.796546
v 0.960000 -49.987116 9.796546
v 1.057385 -50.006221 9.796546
v 1.084494 -50.066453 9.796546
v 1.098548 -50.182637 9.796546
v 1.142816 -50.600000 9.817184
v 1.137117 -51.133547 9.817184
v 1.119150 -51.282072 9.817184
v 1.084494 -51.359071 9.817184
v 0.960000 -51.383496 9.817184
v 0.835506 -51.359071 9.817184
v 0.800850 -51.282072 9.817184
v 0.782883 -51.133547 9.817184
v 0.777184 -50.600000 9.817184
v 0.782883 -50.066453 9.817184
v 0.800850 -49.917928 9.817184
v 0.835506 -49.840929 9.817184
v 0.960000 -49.816504 9.817184
v 1.084494 -49.840929 9.817184
v 1.119150 -49.917928 9.817184
v 1.137117 -50.066453 9.817184
v 1.163454 -50.600000 9.856994
v 1.157111 -51.193779 9.856994
v 1.137117 -51.359071 9.856994
v 1.098548 -51.444763 9.856994
v 0.960000 -51.471944 9.856994
v 0.821452 -51.444763 9.856994
v 0.782883 -51.359071 9.856994
v 0.762889 -51.193779 9.856994
v 0.756546 -50.600000 9.856994
v 0.762889 -50.006221 9.856994
v 0.782883 -49.840929 9.856994
v 0.821452 -49.755237 9.856994
v 0.960000 -49.728056 9.856994
v 1.098548 -49.755237 9.856994
v 1.137117 -49.840929 9.856994
v 1.157111 -50.006221 9.856994
v 1.170000 -50.600000 10.000000
v 1.163454 -51.212884 10.000000
v 1.142816 -51.383496 10.000000
v 1.103006 -51.471944 10.000000
v 0.960000 -51.500000 10.000000
v 0.816994 -51.471944 10.000000
v 0.777184 -51.383496 10.000000
v 0.756546 -51.212884 10.000000
v 0.750000 -50.600000 10.000000
v 0.756546 -49.987116 10.000000
v 0.777184 -49.816504 10.000000
v 0.816994 -49.728056 10.000000
v 0.960000 -49.700000 10.000000
v 1.103006 -49.728056 10.000000
v 1.142816 -49.816504 10.000000
v 1.163454 -49.987116 10.000000
v 1.163454 -50.600000 10.143006
v 1.157111 -51.193779 10.143006
v 1.137117 -51.359071 10.143006
v 1.098548 -51.444763 10.143006
v 0.960000 -51.471944 10.143006
v 0.821452 -51.444763 10.143006
v 0.782883 -51.359071 10.143006
v 0.762889 -51.193779 10.143006
v 0.756546 -50.600000 10.143006
v 0.762889 -50.006221 10.143006
v 0.782883 -49.840929 10.143006
v 0.821452 -49.755237 10.143006
v 0.960000 -49.728056 10.143006
v 1.098548 -49.755237 10.143006
v 1.137117 -49.840929 10.143006
v 1.157111 -50.006221 10.143006
v 1.142816 -50.600000 10.182816
v 1.137117 -51.133547 10.182816
v 1.119150 -51.282072 10.182816
v 1.084494 -51.359071 10.182816
v 0.960000 -51.383496 10.182816
v 0.835506 -51.359071 10.182816
v 0.800850 -51.282072 10.182816
v 0.782883 -51.133547 10.182816
v 0.777184 -50.600000 10.182816
v 0.782883 -50.066453 10.182816
v 0.800850 -49.917928 10.182816
v 0.835506 -49.840929 10.182816
v 0.960000 -49.816504 10.182816
v 1.084494 -49.840929 10.182816
v 1.119150 -49.917928 10.182816
v 1.137117 -50.066453 10.182816
v 1.103006 -50.600000 10.203454
v 1.098548 -51.017363 10.203454
v 1.084494 -51.133547 10.203454
v 1.057385 -51.193779 10.203454
v 0.960000 -51.212884 10.203454
v 0.862615 -51.193779 10.203454
v 0.835506 -51.133547 10.203454
v 0.821452 -51.017363 10.203454
v 0.816994 -50.600000 10.203454
v 0.821452 -50.182637 10.203454
v 0.835506 -50.066453 10.203454
v 0.862615 -50.006221 10.203454
v 0.960000 -49.987116 10.203454
v 1.057385 -50.006221 10.203454
v 1.084494 -50.066453 10.203454
v 1.098548 -50.182637 10.203454
v 0.960000 -50.600000 10.210000
v 0.960000 -50.600000 10.210000
v 0.960000 -50.600000 10.210000
v 0.960000 -50.600000 10.210000
v 0.960000 -50.600000 10.210000
v 0.960000 -50.600000 10.210000
v 0.960000 -50.600000 10.210000
v 0.960000 -50.600000 10.210000
v 0.960000 -50.600000 10.210000
v 0.960000 -50.600000 10.210000
v 0.960000 -50.600000 10.210000
v 0.960000 -50.600000 10.210000
v 0.960000 -50.600000 10.210000
v 0.960000 -50.600000 10.210000
v 0.960000 -50.600000 10.210000
v 0.960000 -50.600000 10.210000
v 0.296656 -50.600000 10.703014
v 0.296656 -50.600000 10.703014
v 0.296656 -50.600000 10.703014
v 0.296656 -50.600000 10.703014
v 0.296656 -50.600000 10.703014
v 0.296656 -50.600000 10.703014
v 0.296656 -50.600000 10.703014
v 0.296656 -50.600000 10.703014
v 0.296656 -50.600000 10.703014
v 0.296656 -50.600000 10.703014
v 0.296656 -50.600000 10.703014
v 0.296656 -50.600000 10.703014
v 0.296656 -50.600000 10.703014
v 0.296656 -50.600000 10.703014
v 0.296656 -50.600000 10.703014
v 0.296656 -50.600000 10.703014
v 0.439663 -50.600000 10.709561
v 0.435205 -51.017363 10.709561
v 0.421151 -51.133547 10.709561
v 0.394041 -51.193779 10.709561
v 0.296656 -51.212884 10.709561
v 0.199272 -51.193779 10.709561
v 0.172162 -51.133547 10.709561
v 0.158108 -51.017363 10.709561
v 0.153650 -50.600000 10.709561
v 0.158108 -50.182637 10.709561
v 0.172162 -50.066453 10.709561
v 0.199272 -50.006221 10.709561
v 0.296656 -49.987116 10.709561
v 0.394041 -50.006221 10.709561
v 0.421151 -50.066453 10.709561
v 0.435205 -50.182637 10.709561
v 0.479472 -50.600000 10.730199
v 0.473773 -51.133547 10.730199
v 0.455807 -51.282072 10.730199
v 0.421151 -51.359071 10.730199
v 0.296656 -51.383496 10.730199
v 0.172162 -51.359071 10.730199
v 0.137506 -51.282072 10.730199
v 0.119540 -51.133547 10.730199
v 0.113841 -50.600000 10.730199
v 0.119540 -50.066453 10.730199
v 0.137506 -49.917928 10.730199
v 0.172162 -49.840929 10.730199
v 0.296656 -49.816504 10.730199
v 0.421151 -49.840929 10.730199
v 0.455807 -49.917928 10.730199
v 0.473773 -50.066453 10.730199
v 0.500110 -50.600000 10.770008
v 0.493768 -51.193779 10.770008
v 0.473773 -51.359071 10.770008
v 0.435205 -51.444763 10.770008
v 0.296656 -51.471944 10.770008
v 0.158108 -51.444763 10.770008
v 0.119540 -51.359071 10.770008
v 0.099545 -51.193779 10.770008
v 0.093203 -50.600000 10.770008
v 0.099545 -50.006221 10.770008
v 0.119540 -49.840929 10.770008
v 0.158108 -49.755237 10.770008
v 0.296656 -49.728056 10.770008
v 0.435205 -49.755237 10.770008
v 0.473773 -49.840929 10.770008
v 0.493768 -50.006221 10.770008
v 0.506656 -50.600000 10.913014
v 0.500110 -51.212884 10.913014
v 0.479472 -51.383496 10.913014
v 0.439663 -51.471944 10.913014
v 0.296656 -51.500000 10.913014
v 0.153650 -51.471944 10.913014
v 0.113841 -51.383496 10.913014
v 0.093203 -51.212884 10.913014
v 0.086656 -50.600000 10.913014
v 0.093203 -49.987116 10.913014
v 0.113841 -49.816504 10.913014
v 0.153650 -49.728056 10.913014
v 0.296656 -49.700000 10.913014
v 0.439663 -49.728056 10.913014
v 0.479472 -49.816504 10.913014
v 0.500110 -49.987116 10.913014
v 0.500110 -50.600000 11.056021
v 0.493768 -51.193779 11.056021
v 0.473773 -51.359071 11.056021
v 0.435205 -51.444763 11.056021
v 0.296656 -51.471944 11.056021
v 0.158108 -51.444763 11.056021
v 0.119540 -51.359071 11.056021
v 0.099545 -51.193779 11.056021
v 0.093203 -50.600000 11.056021
v 0.099545 -50.006221 11.056021
v 0.119540 -49.840929 11.056021
v 0.158108 -49.755237 11.056021
v 0.296656 -49.728056 11.056021
v 0.435205 -49.755237 11.056021
v 0.473773 -49.840929 11.056021
v 0.493768 -50.006221 11.056021
v 0.479472 -50.600000 11.095830
v 0.473773 -51.133547 11.095830
v 0.455807 -51.282072 11.095830
v 0.421151 -51.359071 11.095830
v 0.296656 -51.383496 11.095830
v 0.172162 -51.359071 11.095830
v 0.137506 -51.282072 11.095830
v 0.119540 -51.133547 11.095830
v 0.113841 -50.600000 11.095830
v 0.119540 -50.066453 11.095830
v 0.137506 -49.917928 11.095830
v 0.172162 -49.840929 11.095830
v 0.296656 -49.816504 11.095830
v 0.421151 -49.840929 11.095830
v 0.455807 -49.917928 11.095830
v 0.473773 -50.066453 11.095830
v 0.439663 -50.600000 11.116468
v 0.435205 -51.017363 11.116468
v 0.421151 -51.133547 11.116468
v 0.394041 -51.193779 11.116468
v 0.296656 -51.212884 11.116468
v 0.199272 -51.193779 11.116468
v 0.172162 -51.133547 11.116468
v 0.158108 -51.017363 11.116468
v 0.153650 -50.600000 11.116468
v 0.158108 -50.182637 11.116468
v 0.172162 -50.066453 11.116468
v 0.199272 -50.006221 11.116468
v 0.296656 -49.987116 11.116468
v 0.394041 -50.006221 11.116468
v 0.421151 -50.066453 11.116468
v 0.435205 -50.182637 11.116468
v 0.296656 -50.600000 11.123014
v 0.296656 -50.600000 11.123014
v 0.296656 -50.600000 11.123014
v 0.296656 -50.600000 11.123014
v 0.296656 -50.600000 11.123014
v 0.296656 -50.600000 11.123014
v 0.296656 -50.600000 11.123014
v 0.296656 -50.600000 11.123014
v 0.296656 -50.600000 11.123014
v 0.296656 -50.600000 11.123014
v 0.296656 -50.600000 11.123014
v 0.296656 -50.600000 11.123014
v 0.296656 -50.600000 11.123014
v 0.296656 -50.600000 11.123014
v 0.296656 -50.600000 11.123014
v 0.296656 -50.600000 11.123014
v -0.776656 -50.600000 10.354274
v -0.776656 -50.600000 10.354274
v -0.776656 -50.600000 10.354274
v -0.776656 -50.600000 10.354274
v -0.776656 -50.600000 10.354274
v -0.776656 -50.600000 10.354274
v -0.776656 -50.600000 10.354274
v -0.776656 -50.600000 10.354274
v -0.776656 -50.600000 10.354274
v -0.776656 -50.600000 10.354274
v -0.776656 -50.600000 10.354274
v -0.776656 -50.600000 10.354274
v -0.776656 -50.600000 10.354274
v -0.776656 -50.600000 10.354274
v -0.776656 -50.600000 10.354274
v -0.776656 -50.600000 10.354274
v -0.633650 -50.600000 10.360820
v -0.638108 -51.017363 10.360820
v -0.652162 -51.133547 10.360820
v -0.679272 -51.193779 10.360820
v -0.776656 -51.212884 10.360820
v -0.874041 -51.193779 10.360820
v -0.901151 -51.133547 10.360820
v -0.915205 -51.017363 10.360820
v -0.919663 -50.600000 10.360820
v -0.915205 -50.182637 10.360820
v -0.901151 -50.066453 10.360820
v -0.874041 -50.006221 10.360820
v -0.776656 -49.987116 10.360820
v -0.679272 -50.006221 10.360820
v -0.652162 -50.066453 10.360820
v -0.638108 -50.182637 10.360820
v -0.593841 -50.600000 10.381458
v -0.599540 -51.133547 10.381458
v -0.617506 -51.282072 10.381458
v -0.652162 -51.359071 10.381458
v -0.776656 -51.383496 10.381458
v -0.901151 -51.359071 10.381458
v -0.935807 -51.282072 10.381458
v -0.953773 -51.133547 10.381458
v -0.959472 -50.600000 10.381458
v -0.953773 -50.066453 10.381458
v -0.935807 -49.917928 10.381458
v -0.901151 -49.840929 10.381458
v -0.776656 -49.816504 10.381458
v -0.652162 -49.840929 10.381458
v -0.617506 -49.917928 10.381458
v -0.599540 -50.066453 10.381458
v -0.573203 -50.600000 10.421268
v -0.579545 -51.193779 10.421268
v -0.599540 -51.359071 10.421268
v -0.638108 -51.444763 10.421268
v -0.776656 -51.471944 10.421268
v -0.915205 -51.444763 10.421268
v -0.953773 -51.359071 10.421268
v -0.973768 -51.193779 10.421268
v -0.980110 -50.600000 10.421268
v -0.973768 -50.006221 10.421268
v -0.953773 -49.840929 10.421268
v -0.915205 -49.755237 10.421268
v -0.776656 -49.728056 10.421268
v -0.638108 -49.755237 10.421268
v -0.599540 -49.840929 10.421268
v -0.579545 -50.006221 10.421268
v -0.566656 -50.600000 10.564274
v -0.573203 -51.212884 10.564274
v -0.593841 -51.383496 10.564274
v -0.633650 -51.471944 10.564274
v -0.776656 -51.500000 10.564274
v -0.919663 -51.471944 10.564274
v -0.959472 -51.383496 10.564274
v -0.980110 -51.212884 10.564274
v -0.986656 -50.600000 10.564274
v -0.980110 -49.987116 10.564274
v -0.959472 -49.816504 10.564274
v -0.919663 -49.728056 10.564274
v -0.776656 -49.700000 10.564274
v -0.633650 -49.728056 10.564274
v -0.593841 -49.816504 10.564274
v -0.573203 -49.987116 10.564274
v -0.573203 -50.600000 10.707280
v -0.579545 -51.193779 10.707280
v -0.599540 -51.359071 10.707280
v -0.638108 -51.444763 10.707280
v -0.776656 -51.471944 10.707280
v -0.915205 -51.444763 10.707280
v -0.953773 -51.359071 10.707280
v -0.973768 -51.193779 10.707280
v -0.980110 -50.600000 10.707280
v -0.973768 -50.006221 10.707280
v -0.953773 -49.840929 10.707280
v -0.915205 -49.755237 10.707280
v -0.776656 -49.728056 10.707280
v -0.638108 -49.755237 10.707280
v -0.599540 -49.840929 10.707280
v -0.579545 -50.006221 10.707280
v -0.593841 -50.600000 10.747089
v -0.599540 -51.133547 10.747089
v -0.617506 -51.282072 10.747089
v -0.652162 -51.359071 10.747089
v -0.776656 -51.383496 10.747089
v -0.901151 -51.359071 10.747089
v -0.935807 -51.282072 10.747089
v -0.953773 -51.133547 10.747089
v -0.959472 -50.600000 10.747089
v -0.953773 -50.066453 10.747089
v -0.935807 -49.917928 10.747089
v -0.901151 -49.840929 10.747089
v -0.776656 -49.816504 10.747089
v -0.652162 -49.840929 10.747089
v -0.617506 -49.917928 10.747089
v -0.599540 -50.066453 10.747089
v -0.633650 -50.600000 10.767727
v -0.638108 -51.017363 10.767727
v -0.652162 -51.133547 10.767727
v -0.679272 -51.193779 10.767727
v -0.776656 -51.212884 10.767727
v -0.874041 -51.193779 10.767727
v -0.901151 -51.133547 10.767727
v -0.915205 -51.017363 10.767727
v -0.919663 -50.600000 10.767727
v -0.915205 -50.182637 10.767727
v -0.901151 -50.066453 10.767727
v -0.874041 -50.006221 10.767727
v -0.776656 -49.987116 10.767727
v -0.679272 -50.006221 10.767727
v -0.652162 -50.066453 10.767727
v -0.638108 -50.182637 10.767727
v -0.776656 -50.600000 10.774274
v -0.776656 -50.600000 10.774274
v -0.776656 -50.600000 10.774274
v -0.776656 -50.600000 10.774274
v -0.776656 -50.600000 10.774274
v -0.776656 -50.600000 10.774274
v -0.776656 -50.600000 10.774274
v -0.776656 -50.600000 10.774274
v -0.776656 -50.600000 10.774274
v -0.776656 -50.600000 10.774274
v -0.776656 -50.600000 10.774274
v -0.776656 -50.600000 10.774274
v -0.776656 -50.600000 10.774274
v -0.776656 -50.600000 10.774274
v -0.776656 -50.600000 10.774274
v -0.776656 -50.600000 10.774274
v -0.776656 -50.600000 9.225726
v -0.776656 -50.600000 9.225726
v -0.776656 -50.600000 9.225726
v -0.776656 -50.600000 9.225726
v -0.776656 -50.600000 9.225726
v -0.776656 -50.600000 9.225726
v -0.776656 -50.600000 9.225726
v -0.776656 -50.600000 9.225726
v -0.776656 -50.600000 9.225726
v -0.776656 -50.600000 9.225726
v -0.776656 -50.600000 9.225726
v -0.776656 -50.600000 9.225726
v -0.776656 -50.600000 9.225726
v -0.776656 -50.600000 9.225726
v -0.776656 -50.600000 9.225726
v -0.776656 -50.600000 9.225726
v -0.633650 -50.600000 9.232273
v -0.638108 -51.017363 9.232273
v -0.652162 -51.133547 9.232273
v -0.679272 -51.193779 9.232273
v -0.776656 -51.212884 9.232273
v -0.874041 -51.193779 9.232273
v -0.901151 -51.133547 9.232273
v -0.915205 -51.017363 9.232273
v -0.919663 -50.600000 9.232273
v -0.915205 -50.182637 9.232273
v -0.901151 -50.066453 9.232273
v -0.874041 -50.006221 9.232273
v -0.776656 -49.987116 9.232273
v -0.679272 -50.006221 9.232273
v -0.652162 -50.066453 9.232273
v -0.638108 -50.182637 9.232273
v -0.593841 -50.600000 9.252911
v -0.599540 -51.133547 9.252911
v -0.617506 -51.282072 9.252911
v -0.652162 -51.359071 9.252911
v -0.776656 -51.383496 9.252911
v -0.901151 -51.359071 9.252911
v -0.935807 -51.282072 9.252911
v -0.953773 -51.133547 9.252911
v -0.959472 -50.600000 9.252911
v -0.953773 -50.066453 9.252911
v -0.935807 -49.917928 9.252911
v -0.901151 -49.840929 9.252911
v -0.776656 -49.816504 9.252911
v -0.652162 -49.840929 9.252911
v -0.617506 -49.917928 9.252911
v -0.599540 -50.066453 9.252911
v -0.573203 -50.600000 9.292720
v -0.579545 -51.193779 9.292720
v -0.599540 -51.359071 9.292720
v -0.638108 -51.444763 9.292720
v -0.776656 -51.471944 9.292720
v -0.915205 -51.444763 9.292720
v -0.953773 -51.359071 9.292720
v -0.973768 -51.193779 9.292720
v -0.980110 -50.600000 9.292720
v -0.973768 -50.006221 9.292720
v -0.953773 -49.840929 9.292720
v -0.915205 -49.755237 9.292720
v -0.776656 -49.728056 9.292720
v -0.638108 -49.755237 9.292720
v -0.599540 -49.840929 9.292720
v -0.579545 -50.006221 9.292720
v -0.566656 -50.600000 9.435726
v -0.573203 -51.212884 9.435726
v -0.593841 -51.383496 9.435726
v -0.633650 -51.471944 9.435726
v -0.776656 -51.500000 9.435726
v -0.919663 -51.471944 9.435726
v -0.959472 -51.383496 9.435726
v -0.980110 -51.212884 9.435726
v -0.986656 -50.600000 9.435726
v -0.980110 -49.987116 9.435726
v -0.959472 -49.816504 9.435726
v -0.919663 -49.728056 9.435726
v -0.776656 -49.700000 9.435726
v -0.633650 -49.728056 9.435726
v -0.593841 -49.816504 9.435726
v -0.573203 -49.987116 9.435726
v -0.573203 -50.600000 9.578732
v -0.579545 -51.193779 9.578732
v -0.599540 -51.359071 9.578732
v -0.638108 -51.444763 9.578732
v -0.776656 -51.471944 9.578732
v -0.915205 -51.444763 9.578732
v -0.953773 -51.359071 9.578732
v -0.973768 -51.193779 9.578732
v -0.980110 -50.600000 9.578732
v -0.973768 -50.006221 9.578732
v -0.953773 -49.840929 9.578732
v -0.915205 -49.755237 9.578732
v -0.776656 -49.728056 9.578732
v -0.638108 -49.755237 9.578732
v -0.599540 -49.840929 9.578732
v -0.579545 -50.006221 9.578732
v -0.593841 -50.600000 9.618542
v -0.599540 -51.133547 9.618542
v -0.617506 -51.282072 9.618542
v -0.652162 -51.359071 9.618542
v -0.776656 -51.383496 9.618542
v -0.901151 -51.359071 9.618542
v -0.935807 -51.282072 9.618542
v -0.953773 -51.133547 9.618542
v -0.959472 -50.600000 9.618542
v -0.953773 -50.066453 9.618542
v -0.935807 -49.917928 9.618542
v -0.901151 -49.840929 9.618542
v -0.776656 -49.816504 9.618542
v -0.652162 -49.840929 9.618542
v -0.617506 -49.917928 9.618542
v -0.599540 -50.066453 9.618542
v -0.633650 -50.600000 9.639180
v -0.638108 -51.017363 9.639180
v -0.652162 -51.133547 9.639180
v -0.679272 -51.193779 9.639180
v -0.776656 -51.212884 9.639180
v -0.874041 -51.193779 9.639180
v -0.901151 -51.133547 9.639180
v -0.915205 -51.017363 9.639180
v -0.919663 -50.600000 9.639180
v -0.915205 -50.182637 9.639180
v -0.901151 -50.066453 9.639180
v -0.874041 -50.006221 9.639180
v -0.776656 -49.987116 9.639180
v -0.679272 -50.006221 9.639180
v -0.652162 -50.066453 9.639180
v -0.638108 -50.182637 9.639180
v -0.776656 -50.600000 9.645726
v -0.776656 -50.600000 9.645726
v -0.776656 -50.600000 9.645726
v -0.776656 -50.600000 9.645726
v -0.776656 -50.600000 9.645726
v -0.776656 -50.600000 9.645726
v -0.776656 -50.600000 9.645726
v -0.776656 -50.600000 9.645726
v -0.776656 -50.600000 9.645726
v -0.776656 -50.600000 9.645726
v -0.776656 -50.600000 9.645726
v -0.776656 -50.600000 9.645726
v -0.776656 -50.600000 9.645726
v -0.776656 -50.600000 9.645726
v -0.776656 -50.600000 9.645726
v -0.776656 -50.600000 9.645726
v 0.296656 -50.600000 8.876986
v 0.296656 -50.600000 8.876986
v 0.296656 -50.600000 8.876986
v 0.296656 -50.600000 8.876986
v 0.296656 -50.600000 8.876986
v 0.296656 -50.600000 8.876986
v 0.296656 -50.600000 8.876986
v 0.296656 -50.600000 8.876986
v 0.296656 -50.600000 8.876986
v 0.296656 -50.600000 8.876986
v 0.296656 -50.600000 8.876986
v 0.296656 -50.600000 8.876986
v 0.296656 -50.600000 8.876986
v 0.296656 -50.600000 8.876986
v 0.296656 -50.600000 8.876986
v 0.296656 -50.600000 8.876986
v 0.439663 -50.600000 8.883532
v 0.435205 -51.017363 8.883532
v 0.421151 -51.133547 8.883532
v 0.394041 -51.193779 8.883532
v 0.296656 -51.212884 8.883532
v 0.199272 -51.193779 8.883532
v 0.172162 -51.133547 8.883532
v 0.158108 -51.017363 8.883532
v 0.153650 -50.600000 8.883532
v 0.158108 -50.182637 8.883532
v 0.172162 -50.066453 8.883532
v 0.199272 -50.006221 8.883532
v 0.296656 -49.987116 8.883532
v 0.394041 -50.006221 8.883532
v 0.421151 -50.066453 8.883532
v 0.435205 -50.182637 8.883532
v 0.479472 -50.600000 8.904170
v 0.473773 -51.133547 8.904170
v 0.455807 -51.282072 8.904170
v 0.421151 -51.359071 8.904170
v 0.296656 -51.383496 8.904170
v 0.172162 -51.359071 8.904170
v 0.137506 -51.282072 8.904170
v 0.119540 -51.133547 8.904170
v 0.113841 -50.600000 8.904170
v 0.119540 -50.066453 8.904170
v 0.137506 -49.917928 8.904170
v 0.172162 -49.840929 8.904170
v 0.296656 -49.816504 8.904170
v 0.421151 -49.840929 8.904170
v 0.455807 -49.917928 8.904170
v 0.473773 -50.066453 8.904170
v 0.500110 -50.600000 8.943979
v 0.493768 -51.193779 8.943979
v 0.473773 -51.359071 8.943979
v 0.435205 -51.444763 8.943979
v 0.296656 -51.471944 8.943979
v 0.158108 -51.444763 8.943979
v 0.119540 -51.359071 8.943979
v 0.099545 -51.193779 8.943979
v 0.093203 -50.600000 8.943979
v 0.099545 -50.006221 8.943979
v 0.119540 -49.840929 8.943979
v 0.158108 -49.755237 8.943979
v 0.296656 -49.728056 8.943979
v 0.435205 -49.755237 8.943979
v 0.473773 -49.840929 8.943979
v 0.493768 -50.006221 8.943979
v 0.506656 -50.600000 9.086986
v 0.500110 -51.212884 9.086986
v 0.479472 -51.383496 9.086986
v 0.439663 -51.471944 9.086986
v 0.296656 -51.500000 9.086986
v 0.153650 -51.471944 9.086986
v 0.113841 -51.383496 9.086986
v 0.093203 -51.212884 9.086986
v 0.086656 -50.600000 9.086986
v 0.093203 -49.987116 9.086986
v 0.113841 -49.816504 9.086986
v 0.153650 -49.728056 9.086986
v 0.296656 -49.700000 9.086986
v 0.439663 -49.728056 9.086986
v 0.479472 -49.816504 9.086986
v 0.500110 -49.987116 9.086986
v 0.500110 -50.600000 9.229992
v 0.493768 -51.193779 9.229992
v 0.473773 -51.359071 9.229992
v 0.435205 -51.444763 9.229992
v 0.296656 -51.471944 9.229992
v 0.158108 -51.444763 9.229992
v 0.119540 -51.359071 9.229992
v 0.099545 -51.193779 9.229992
v 0.093203 -50.600000 9.229992
v 0.099545 -50.006221 9.229992
v 0.119540 -49.840929 9.229992
v 0.158108 -49.755237 9.229992
v 0.296656 -49.728056 9.229992
v 0.435205 -49.755237 9.229992
v 0.473773 -49.840929 9.229992
v 0.493768 -50.006221 9.229992
v 0.479472 -50.600000 9.269801
v 0.473773 -51.133547 9.269801
v 0.455807 -51.282072 9.269801
v 0.421151 -51.359071 9.269801
v 0.296656 -51.383496 9.269801
v 0.172162 -51.359071 9.269801
v 0.137506 -51.282072 9.269801
v 0.119540 -51.133547 9.269801
v 0.113841 -50.600000 9.269801
v 0.119540 -50.066453 9.269801
v 0.137506 -49.917928 9.269801
v 0.172162 -49.840929 9.269801
v 0.296656 -49.816504 9.269801
v 0.421151 -49.840929 9.269801
v 0.455807 -49.917928 9.269801
v 0.473773 -50.066453 9.269801
v 0.439663 -50.600000 9.290439
v 0.435205 -51.017363 9.290439
v 0.421151 -51.133547 9.290439
v 0.394041 -51.193779 9.290439
v 0.296656 -51.212884 9.290439
v 0.199272 -51.193779 9.290439
v 0.172162 -51.133547 9.290439
v 0.158108 -51.017363 9.290439
v 0.153650 -50.600000 9.290439
v 0.158108 -50.182637 9.290439
v 0.172162 -50.066453 9.290439
v 0.199272 -50.006221 9.290439
v 0.296656 -49.987116 9.290439
v 0.394041 -50.006221 9.290439
v 0.421151 -50.066453 9.290439
v 0.435205 -50.182637 9.290439
v 0.296656 -50.600000 9.296986
v 0.296656 -50.600000 9.296986
v 0.296656 -50.600000 9.296986
v 0.296656 -50.600000 9.296986
v 0.296656 -50.600000 9.296986
v 0.296656 -50.600000 9.296986
v 0.296656 -50.600000 9.296986
v 0.296656 -50.600000 9.296986
v 0.296656 -50.600000 9.296986
v 0.296656 -50.600000 9.296986
v 0.296656 -50.600000 9.296986
v 0.296656 -50.600000 9.296986
v 0.296656 -50.600000 9.296986
v 0.296656 -50.600000 9.296986
v 0.296656 -50.600000 9.296986
v 0.296656 -50.600000 9.296986
v 1.450000 29.000000 9.800000
v 1.422139 29.000000 10.082881
v 1.339625 29.000000 10.354891
v 1.205631 29.000000 10.605577
v 1.025305 29.000000 10.825305
v 0.805577 29.000000 11.005631
v 0.554891 29.000000 11.139625
v 0.282881 29.000000 11.222139
v 0.000000 29.000000 11.250000
v -0.282881 29.000000 11.222139
v -0.554891 29.000000 11.139625
v -0.805577 29.000000 11.005631
v -1.025305 29.000000 10.825305
v -1.205631 29.000000 10.605577
v -1.339625 29.000000 10.354891
v -1.422139 29.000000 10.082881
v -1.450000 29.000000 9.800000
v -1.422139 29.000000 9.517119
v -1.339625 29.000000 9.245109
v -1.205631 29.000000 8.994423
v -1.025305 29.000000 8.774695
v -0.805577 29.000000 8.594369
v -0.554891 29.000000 8.460375
v -0.282881 29.000000 8.377861
v -0.000000 29.000000 8.350000
v 0.282881 29.000000 8.377861
v 0.554891 29.000000 8.460375
v 0.805577 29.000000 8.594369
v 1.025305 29.000000 8.774695
v 1.205631 29.000000 8.994423
v 1.339625 29.000000 9.245109
v 1.422139 29.000000 9.517119
v 1.450000 6.000000 9.800000
v 1.422139 6.000000 10.082881
v 1.339625 6.000000 10.354891
v 1.205631 6.000000 10.605577
v 1.025305 6.000000 10.825305
v 0.805577 6.000000 11.005631
v 0.554891 6.000000 11.139625
v 0.282881 6.000000 11.222139
v 0.000000 6.000000 11.250000
v -0.282881 6.000000 11.222139
v -0.554891 6.000000 11.139625
v -0.805577 6.000000 11.005631
v -1.025305 6.000000 10.825305
v -1.205631 6.000000 10.605577
v -1.339625 6.000000 10.354891
v -1.422139 6.000000 10.082881
v -1.450000 6.000000 9.800000
v -1.422139 6.000000 9.517119
v -1.339625 6.000000 9.245109
v -1.205631 6.000000 8.994423
v -1.025305 6.000000 8.774695
v -0.805577 6.000000 8.594369
v -0.554891 6.000000 8.460375
v -0.282881 6.000000 8.377861
v -0.000000 6.000000 8.350000
v 0.282881 6.000000 8.377861
v 0.554891 6.000000 8.460375
v 0.805577 6.000000 8.594369
v 1.025305 6.000000 8.774695
v 1.205631 6.000000 8.994423
v 1.339625 6.000000 9.245109
v 1.422139 6.000000 9.517119
v 0.000000 6.000000 9.800000
v 0.000000 6.000000 9.800000
v 0.000000 6.000000 9.800000
v 0.000000 6.000000 9.800000
v 0.000000 6.000000 9.800000
v 0.000000 6.000000 9.800000
v 0.000000 6.000000 9.800000
v 0.000000 6.000000 9.800000
v 0.000000 6.000000 9.800000
v 0.000000 6.000000 9.800000
v 0.000000 6.000000 9.800000
v 0.000000 6.000000 9.800000
v 0.000000 6.000000 9.800000
v 0.000000 6.000000 9.800000
v 0.000000 6.000000 9.800000
v 0.000000 6.000000 9.800000
v 0.000000 6.000000 9.800000
v 0.000000 6.000000 9.800000
v 0.000000 6.000000 9.800000
v 0.000000 6.000000 9.800000
v 0.000000 6.000000 9.800000
v 0.000000 6.000000 9.800000
v 0.000000 6.000000 9.800000
v 0.000000 6.000000 9.800000
v 0.000000 6.000000 9.800000
v 0.000000 6.000000 9.800000
v 0.000000 6.000000 9.800000
v 0.000000 6.000000 9.800000
v 0.000000 6.000000 9.800000
v 0.000000 6.000000 9.800000
v 0.000000 6.000000 9.800000
v 0.000000 6.000000 9.800000
v 0.000000 29.000000 9.800000
v 0.000000 29.000000 9.800000
v 0.000000 29.000000 9.800000
v 0.000000 29.000000 9.800000
v 0.000000 29.000000 9.800000
v 0.000000 29.000000 9.800000
v 0.000000 29.000000 9.800000
v 0.000000 29.000000 9.800000
v 0.000000 29.000000 9.800000
v 0.000000 29.000000 9.800000
v 0.000000 29.000000 9.800000
v 0.000000 29.000000 9.800000
v 0.000000 29.000000 9.800000
v 0.000000 29.000000 9.800000
v 0.000000 29.000000 9.800000
v 0.000000 29.000000 9.800000
v 0.000000 29.000000 9.800000
v 0.000000 29.000000 9.800000
v 0.000000 29.000000 9.800000
v 0.000000 29.000000 9.800000
v 0.000000 29.000000 9.800000
v 0.000000 29.000000 9.800000
v 0.000000 29.000000 9.800000
v 0.000000 29.000000 9.800000
v 0.000000 29.000000 9.800000
v 0.000000 29.000000 9.800000
v 0.000000 29.000000 9.800000
v 0.000000 29.000000 9.800000
v 0.000000 29.000000 9.800000
v 0.000000 29.000000 9.800000
v 0.000000 29.000000 9.800000
v 0.000000 29.000000 9.800000
v 2.300002 -5.000000 8.700000
v 2.300001 -5.000048 8.700000
v 2.300001 -5.000058 8.700000
v 2.300001 -5.000063 8.700000
v 2.300000 -5.000064 8.700000
v 2.299999 -5.000063 8.700000
v 2.299999 -5.000058 8.700000
v 2.299999 -5.000048 8.700000
v 2.299998 -5.000000 8.700000
v 2.299999 -4.999952 8.700000
v 2.299999 -4.999942 8.700000
v 2.299999 -4.999937 8.700000
v 2.300000 -4.999936 8.700000
v 2.300001 -4.999937 8.700000
v 2.300001 -4.999942 8.700000
v 2.300001 -4.999952 8.700000
v 2.382460 -5.000000 8.730514
v 2.380525 -7.641202 8.730514
v 2.374317 -8.175377 8.730514
v 2.361815 -8.440601 8.730514
v 2.300001 -8.523301 8.730514
v 2.238185 -8.440601 8.730514
v 2.225683 -8.175377 8.730514
v 2.219475 -7.641202 8.730514
v 2.217540 -5.000059 8.730514
v 2.219475 -2.358798 8.730514
v 2.225683 -1.824623 8.730514
v 2.238185 -1.559399 8.730514
v 2.299998 -1.476699 8.730514
v 2.361815 -1.559399 8.730514
v 2.374317 -1.824623 8.730514
v 2.380525 -2.358798 8.730514
v 2.399138 -5.000000 8.828374
v 2.396811 -8.175377 8.828374
v 2.389348 -8.817586 8.828374
v 2.374317 -9.136452 8.828374
v 2.300001 -9.235877 8.828374
v 2.225683 -9.136452 8.828374
v 2.210652 -8.817586 8.828374
v 2.203189 -8.175377 8.828374
v 2.200862 -5.000071 8.828374
v 2.203189 -1.824623 8.828374
v 2.210652 -1.182414 8.828374
v 2.225683 -0.863548 8.828374
v 2.299998 -0.764123 8.828374
v 2.374317 -0.863548 8.828374
v 2.389348 -1.182414 8.828374
v 2.396811 -1.824623 8.828374
v 2.407418 -5.000000 9.025470
v 2.404897 -8.440601 9.025470
v 2.396811 -9.136452 9.025470
v 2.380525 -9.481951 9.025470
v 2.300001 -9.589681 9.025470
v 2.219475 -9.481951 9.025470
v 2.203189 -9.136452 9.025470
v 2.195103 -8.440601 9.025470
v 2.192582 -5.000077 9.025470
v 2.195103 -1.559399 9.025470
v 2.203189 -0.863548 9.025470
v 2.219475 -0.518049 9.025470
v 2.299998 -0.410319 9.025470
v 2.380525 -0.518049 9.025470
v 2.396811 -0.863548 9.025470
v 2.404897 -1.559399 9.025470
v 2.410000 -5.000000 10.000000
v 2.407418 -8.523301 10.000000
v 2.399138 -9.235877 10.000000
v 2.382460 -9.589681 10.000000
v 2.300002 -9.700000 10.000000
v 2.217540 -9.589681 10.000000
v 2.200862 -9.235877 10.000000
v 2.192582 -8.523301 10.000000
v 2.190000 -5.000079 10.000000
v 2.192582 -1.476699 10.000000
v 2.200862 -0.764123 10.000000
v 2.217540 -0.410319 10.000000
v 2.299998 -0.300000 10.000000
v 2.382460 -0.410319 10.000000
v 2.399138 -0.764123 10.000000
v 2.407418 -1.476699 10.000000
v 2.407418 -5.000000 10.974530
v 2.404897 -8.440601 10.974530
v 2.396811 -9.136452 10.974530
v 2.380525 -9.481951 10.974530
v 2.300001 -9.589681 10.974530
v 2.219475 -9.481951 10.974530
v 2.203189 -9.136452 10.974530
v 2.195103 -8.440601 10.974530
v 2.192582 -5.000077 10.974530
v 2.195103 -1.559399 10.974530
v 2.203189 -0.863548 10.974530
v 2.219475 -0.518049 10.974530
v 2.299998 -0.410319 10.974530
v 2.380525 -0.518049 10.974530
v 2.396811 -0.863548 10.974530
v 2.404897 -1.559399 10.974530
v 2.399138 -5.000000 11.171626
v 2.396811 -8.175377 11.171626
v 2.389348 -8.817586 11.171626
v 2.374317 -9.136452 11.171626
v 2.300001 -9.235877 11.171626
v 2.225683 -9.136452 11.171626
v 2.210652 -8.817586 11.171626
v 2.203189 -8.175377 11.171626
v 2.200862 -5.000071 11.171626
v 2.203189 -1.824623 11.171626
v 2.210652 -1.182414 11.171626
v 2.225683 -0.863548 11.171626
v 2.299998 -0.764123 11.171626
v 2.374317 -0.863548 11.171626
v 2.389348 -1.182414 11.171626
v 2.396811 -1.824623 11.171626
v 2.382460 -5.000000 11.269486
v 2.380525 -7.641202 11.269486
v 2.374317 -8.175377 11.269486
v 2.361815 -8.440601 11.269486
v 2.300001 -8.523301 11.269486
v 2.238185 -8.440601 11.269486
v 2.225683 -8.175377 11.269486
v 2.219475 -7.641202 11.269486
v 2.217540 -5.000059 11.269486
v 2.219475 -2.358798 11.269486
v 2.225683 -1.824623 11.269486
v 2.238185 -1.559399 11.269486
v 2.299998 -1.476699 11.269486
v 2.361815 -1.559399 11.269486
v 2.374317 -1.824623 11.269486
v 2.380525 -2.358798 11.269486
v 2.300002 -5.000000 11.300000
v 2.300001 -5.000048 11.300000
v 2.300001 -5.000058 11.300000
v 2.300001 -5.000063 11.300000
v 2.300000 -5.000064 11.300000
v 2.299999 -5.000063 11.300000
v 2.299999 -5.000058 11.300000
v 2.299999 -5.000048 11.300000
v 2.299998 -5.000000 11.300000
v 2.299999 -4.999952 11.300000
v 2.299999 -4.999942 11.300000
v 2.299999 -4.999937 11.300000
v 2.300000 -4.999936 11.300000
v 2.300001 -4.999937 11.300000
v 2.300001 -4.999942 11.300000
v 2.300001 -4.999952 11.300000
v 2.530002 -5.000000 8.200000
v 2.530002 -5.000049 8.200000
v 2.530002 -5.000059 8.200000
v 2.530001 -5.000064 8.200000
v 2.530000 -5.000066 8.200000
v 2.529999 -5.000064 8.200000
v 2.529998 -5.000059 8.200000
v 2.529998 -5.000049 8.200000
v 2.529998 -5.000000 8.200000
v 2.529998 -4.999951 8.200000
v 2.529998 -4.999941 8.200000
v 2.529999 -4.999936 8.200000
v 2.530000 -4.999934 8.200000
v 2.530001 -4.999936 8.200000
v 2.530002 -4.999941 8.200000
v 2.530002 -4.999951 8.200000
v 2.623705 -5.000000 8.207042
v 2.621505 -7.697398 8.207042
v 2.614452 -8.242938 8.207042
v 2.600245 -8.513806 8.207042
v 2.530001 -8.598265 8.207042
v 2.459755 -8.513806 8.207042
v 2.445548 -8.242938 8.207042
v 2.438495 -7.697398 8.207042
v 2.436295 -5.000061 8.207042
v 2.438495 -2.302602 8.207042
v 2.445548 -1.757062 8.207042
v 2.459755 -1.486194 8.207042
v 2.529998 -1.401735 8.207042
v 2.600245 -1.486194 8.207042
v 2.614452 -1.757062 8.207042
v 2.621505 -2.302602 8.207042
v 2.642656 -5.000000 8.229625
v 2.640012 -8.242938 8.229625
v 2.631532 -8.898812 8.229625
v 2.614452 -9.224461 8.229625
v 2.530002 -9.326002 8.229625
v 2.445548 -9.224461 8.229625
v 2.428468 -8.898812 8.229625
v 2.419988 -8.242938 8.229625
v 2.417344 -5.000073 8.229625
v 2.419988 -1.757062 8.229625
v 2.428468 -1.101188 8.229625
v 2.445548 -0.775539 8.229625
v 2.529998 -0.673998 8.229625
v 2.614452 -0.775539 8.229625
v 2.631532 -1.101188 8.229625
v 2.640012 -1.757062 8.229625
v 2.652066 -5.000000 8.275108
v 2.649201 -8.513806 8.275108
v 2.640012 -9.224461 8.275108
v 2.621505 -9.577311 8.275108
v 2.530002 -9.687333 8.275108
v 2.438495 -9.577311 8.275108
v 2.419988 -9.224461 8.275108
v 2.410799 -8.513806 8.275108
v 2.407934 -5.000079 8.275108
v 2.410799 -1.486194 8.275108
v 2.419988 -0.775539 8.275108
v 2.438495 -0.422689 8.275108
v 2.529998 -0.312667 8.275108
v 2.621505 -0.422689 8.275108
v 2.640012 -0.775539 8.275108
v 2.649201 -1.486194 8.275108
v 2.655000 -5.000000 8.500000
v 2.652066 -8.598265 8.500000
v 2.642656 -9.326002 8.500000
v 2.623705 -9.687333 8.500000
v 2.530002 -9.800000 8.500000
v 2.436295 -9.687333 8.500000
v 2.417344 -9.326002 8.500000
v 2.407934 -8.598265 8.500000
v 2.405000 -5.000081 8.500000
v 2.407934 -1.401735 8.500000
v 2.417344 -0.673998 8.500000
v 2.436295 -0.312667 8.500000
v 2.529998 -0.200000 8.500000
v 2.623705 -0.312667 8.500000
v 2.642656 -0.673998 8.500000
v 2.652066 -1.401735 8.500000
v 2.652066 -5.000000 8.724892
v 2.649201 -8.513806 8.724892
v 2.640012 -9.224461 8.724892
v 2.621505 -9.577311 8.724892
v 2.530002 -9.687333 8.724892
v 2.438495 -9.577311 8.724892
v 2.419988 -9.224461 8.724892
v 2.410799 -8.513806 8.724892
v 2.407934 -5.000079 8.724892
v 2.410799 -1.486194 8.724892
v 2.419988 -0.775539 8.724892
v 2.438495 -0.422689 8.724892
v 2.529998 -0.312667 8.724892
v 2.621505 -0.422689 8.724892
v 2.640012 -0.775539 8.724892
v 2.649201 -1.486194 8.724892
v 2.642656 -5.000000 8.770375
v 2.640012 -8.242938 8.770375
v 2.631532 -8.898812 8.770375
v 2.614452 -9.224461 8.770375
v 2.530002 -9.326002 8.770375
v 2.445548 -9.224461 8.770375
v 2.428468 -8.898812 8.770375
v 2.419988 -8.242938 8.770375
v 2.417344 -5.000073 8.770375
v 2.419988 -1.757062 8.770375
v 2.428468 -1.101188 8.770375
v 2.445548 -0.775539 8.770375
v 2.529998 -0.673998 8.770375
v 2.614452 -0.775539 8.770375
v 2.631532 -1.101188 8.770375
v 2.640012 -1.757062 8.770375
v 2.623705 -5.000000 8.792958
v 2.621505 -7.697398 8.792958
v 2.614452 -8.242938 8.792958
v 2.600245 -8.513806 8.792958
v 2.530001 -8.598265 8.792958
v 2.459755 -8.513806 8.792958
v 2.445548 -8.242938 8.792958
v 2.438495 -7.697398 8.792958
v 2.436295 -5.000061 8.792958
v 2.438495 -2.302602 8.792958
v 2.445548 -1.757062 8.792958
v 2.459755 -1.486194 8.792958
v 2.529998 -1.401735 8.792958
v 2.600245 -1.486194 8.792958
v 2.614452 -1.757062 8.792958
v 2.621505 -2.302602 8.792958
v 2.530002 -5.000000 8.800000
v 2.530002 -5.000049 8.800000
v 2.530002 -5.000059 8.800000
v 2.530001 -5.000064 8.800000
v 2.530000 -5.000066 8.800000
v 2.529999 -5.000064 8.800000
v 2.529998 -5.000059 8.800000
v 2.529998 -5.000049 8.800000
v 2.529998 -5.000000 8.800000
v 2.529998 -4.999951 8.800000
v 2.529998 -4.999941 8.800000
v 2.529999 -4.999936 8.800000
v 2.530000 -4.999934 8.800000
v 2.530001 -4.999936 8.800000
v 2.530002 -4.999941 8.800000
v 2.530002 -4.999951 8.800000
v 2.600000 3.000000 9.100000
v 2.600000 3.000000 9.100000
v 2.600000 3.000000 9.100000
v 2.600000 3.000000 9.100000
v 2.600000 3.000000 9.100000
v 2.600000 3.000000 9.100000
v 2.600000 3.000000 9.100000
v 2.600000 3.000000 9.100000
v 2.600000 3.000000 9.100000
v 2.600000 3.000000 9.100000
v 2.600000 3.000000 9.100000
v 2.600000 3.000000 9.100000
v 2.600000 3.000000 9.100000
v 2.600000 3.000000 9.100000
v 2.600000 3.000000 9.100000
v 2.600000 3.000000 9.100000
v 3.012724 3.000000 9.129828
v 2.995138 2.652365 9.129828
v 2.941096 2.512720 9.129828
v 2.843345 2.435518 9.129828
v 2.600000 2.410394 9.129828
v 2.356655 2.435518 9.129828
v 2.258904 2.512720 9.129828
v 2.204862 2.652365 9.129828
v 2.187276 3.000000 9.129828
v 2.204862 3.347635 9.129828
v 2.258904 3.487280 9.129828
v 2.356655 3.564482 9.129828
v 2.600000 3.589606 9.129828
v 2.843345 3.564482 9.129828
v 2.941096 3.487280 9.129828
v 2.995138 3.347635 9.129828
v 3.178515 3.000000 9.221485
v 3.153864 2.512720 9.221485
v 3.078114 2.316980 9.221485
v 2.941096 2.208766 9.221485
v 2.600000 2.173550 9.221485
v 2.258904 2.208766 9.221485
v 2.121886 2.316980 9.221485
v 2.046136 2.512720 9.221485
v 2.021485 3.000000 9.221485
v 2.046136 3.487280 9.221485
v 2.121886 3.683020 9.221485
v 2.258904 3.791234 9.221485
v 2.600000 3.826450 9.221485
v 2.941096 3.791234 9.221485
v 3.078114 3.683020 9.221485
v 3.153864 3.487280 9.221485
v 3.270172 3.000000 9.387276
v 3.241616 2.435518 9.387276
v 3.153864 2.208766 9.387276
v 2.995138 2.083406 9.387276
v 2.600000 2.042611 9.387276
v 2.204862 2.083406 9.387276
v 2.046136 2.208766 9.387276
v 1.958384 2.435518 9.387276
v 1.929828 3.000000 9.387276
v 1.958384 3.564482 9.387276
v 2.046136 3.791234 9.387276
v 2.204862 3.916594 9.387276
v 2.600000 3.957389 9.387276
v 2.995138 3.916594 9.387276
v 3.153864 3.791234 9.387276
v 3.241616 3.564482 9.387276
v 3.300000 3.000000 9.800000
v 3.270172 2.410394 9.800000
v 3.178515 2.173550 9.800000
v 3.012724 2.042611 9.800000
v 2.600000 2.000000 9.800000
v 2.187276 2.042611 9.800000
v 2.021485 2.173550 9.800000
v 1.929828 2.410394 9.800000
v 1.900000 3.000000 9.800000
v 1.929828 3.589606 9.800000
v 2.021485 3.826450 9.800000
v 2.187276 3.957389 9.800000
v 2.600000 4.000000 9.800000
v 3.012724 3.957389 9.800000
v 3.178515 3.826450 9.800000
v 3.270172 3.589606 9.800000
v 3.270172 3.000000 10.212724
v 3.241616 2.435518 10.212724
v 3.153864 2.208766 10.212724
v 2.995138 2.083406 10.212724
v 2.600000 2.042611 10.212724
v 2.204862 2.083406 10.212724
v 2.046136 2.208766 10.212724
v 1.958384 2.435518 10.212724
v 1.929828 3.000000 10.212724
v 1.958384 3.564482 10.212724
v 2.046136 3.791234 10.212724
v 2.204862 3.916594 10.212724
v 2.600000 3.957389 10.212724
v 2.995138 3.916594 10.212724
v 3.153864 3.791234 10.212724
v 3.241616 3.564482 10.212724
v 3.178515 3.000000 10.378515
v 3.153864 2.512720 10.378515
v 3.078114 2.316980 10.378515
v 2.941096 2.208766 10.378515
v 2.600000 2.173550 10.378515
v 2.258904 2.208766 10.378515
v 2.121886 2.316980 10.378515
v 2.046136 2.512720 10.378515
v 2.021485 3.000000 10.378515
v 2.046136 3.487280 10.378515
v 2.121886 3.683020 10.378515
v 2.258904 3.791234 10.378515
v 2.600000 3.826450 10.378515
v 2.941096 3.791234 10.378515
v 3.078114 3.683020 10.378515
v 3.153864 3.487280 10.378515
v 3.012724 3.000000 10.470172
v 2.995138 2.652365 10.470172
v 2.941096 2.512720 10.470172
v 2.843345 2.435518 10.470172
v 2.600000 2.410394 10.470172
v 2.356655 2.435518 10.470172
v 2.258904 2.512720 10.470172
v 2.204862 2.652365 10.470172
v 2.187276 3.000000 10.470172
v 2.204862 3.347635 10.470172
v 2.258904 3.487280 10.470172
v 2.356655 3.564482 10.470172
v 2.600000 3.589606 10.470172
v 2.843345 3.564482 10.470172
v 2.941096 3.487280 10.470172
v 2.995138 3.347635 10.470172
v 2.600000 3.000000 10.500000
v 2.600000 3.000000 10.500000
v 2.600000 3.000000 10.500000
v 2.600000 3.000000 10.500000
v 2.600000 3.000000 10.500000
v 2.600000 3.000000 10.500000
v 2.600000 3.000000 10.500000
v 2.600000 3.000000 10.500000
v 2.600000 3.000000 10.500000
v 2.600000 3.000000 10.500000
v 2.600000 3.000000 10.500000
v 2.600000 3.000000 10.500000
v 2.600000 3.000000 10.500000
v 2.600000 3.000000 10.500000
v 2.600000 3.000000 10.500000
v 2.600000 3.000000 10.500000
v -2.700000 4.000000 5.675000
v -2.700000 4.000000 5.675000
v -2.700000 4.000000 5.675000
v -2.700000 4.000000 5.675000
v -2.700000 4.000000 5.675000
v -2.700000 4.000000 5.675000
v -2.700000 4.000000 5.675000
v -2.700000 4.000000 5.675000
v -2.700000 4.000000 5.675000
v -2.700000 4.000000 5.675000
v -2.700000 4.000000 5.675000
v -2.700000 4.000000 5.675000
v -2.610809 4.000000 5.708236
v -2.619931 3.885095 5.708236
v -2.646967 3.826516 5.708236
v -2.700000 3.806754 5.708236
v -2.753033 3.826516 5.708236
v -2.780069 3.885095 5.708236
v -2.789191 4.000000 5.708236
v -2.780069 4.114905 5.708236
v -2.753033 4.173484 5.708236
v -2.700000 4.193246 5.708236
v -2.646967 4.173484 5.708236
v -2.619931 4.114905 5.708236
v -2.565340 4.000000 5.806754
v -2.579111 3.826516 5.806754
v -2.619931 3.738074 5.806754
v -2.700000 3.708236 5.806754
v -2.780069 3.738074 5.806754
v -2.820889 3.826516 5.806754
v -2.834660 4.000000 5.806754
v -2.820889 4.173484 5.806754
v -2.780069 4.261926 5.806754
v -2.700000 4.291764 5.806754
v -2.619931 4.261926 5.806754
v -2.579111 4.173484 5.806754
v -2.550000 4.000000 6.000000
v -2.565340 3.806754 6.000000
v -2.610809 3.708236 6.000000
v -2.700000 3.675000 6.000000
v -2.789191 3.708236 6.000000
v -2.834660 3.806754 6.000000
v -2.850000 4.000000 6.000000
v -2.834660 4.193246 6.000000
v -2.789191 4.291764 6.000000
v -2.700000 4.325000 6.000000
v -2.610809 4.291764 6.000000
v -2.565340 4.193246 6.000000
v -2.565340 4.000000 6.193246
v -2.579111 3.826516 6.193246
v -2.619931 3.738074 6.193246
v -2.700000 3.708236 6.193246
v -2.780069 3.738074 6.193246
v -2.820889 3.826516 6.193246
v -2.834660 4.000000 6.193246
v -2.820889 4.173484 6.193246
v -2.780069 4.261926 6.193246
v -2.700000 4.291764 6.193246
v -2.619931 4.261926 6.193246
v -2.579111 4.173484 6.193246
v -2.610809 4.000000 6.291764
v -2.619931 3.885095 6.291764
v -2.646967 3.826516 6.291764
v -2.700000 3.806754 6.291764
v -2.753033 3.826516 6.291764
v -2.780069 3.885095 6.291764
v -2.789191 4.000000 6.291764
v -2.780069 4.114905 6.291764
v -2.753033 4.173484 6.291764
v -2.700000 4.193246 6.291764
v -2.646967 4.173484 6.291764
v -2.619931 4.114905 6.291764
v -2.700000 4.000000 6.325000
v -2.700000 4.000000 6.325000
v -2.700000 4.000000 6.325000
v -2.700000 4.000000 6.325000
v -2.700000 4.000000 6.325000
v -2.700000 4.000000 6.325000
v -2.700000 4.000000 6.325000
v -2.700000 4.000000 6.325000
v -2.700000 4.000000 6.325000
v -2.700000 4.000000 6.325000
v -2.700000 4.000000 6.325000
v -2.700000 4.000000 6.325000
v -2.700000 -6.000000 3.675000
v -2.700000 -6.000000 3.675000
v -2.700000 -6.000000 3.675000
v -2.700000 -6.000000 3.675000
v -2.700000 -6.000000 3.675000
v -2.700000 -6.000000 3.675000
v -2.700000 -6.000000 3.675000
v -2.700000 -6.000000 3.675000
v -2.700000 -6.000000 3.675000
v -2.700000 -6.000000 3.675000
v -2.700000 -6.000000 3.675000
v -2.700000 -6.000000 3.675000
v -2.610809 -6.000000 3.708236
v -2.619931 -6.114905 3.708236
v -2.646967 -6.173484 3.708236
v -2.700000 -6.193246 3.708236
v -2.753033 -6.173484 3.708236
v -2.780069 -6.114905 3.708236
v -2.789191 -6.000000 3.708236
v -2.780069 -5.885095 3.708236
v -2.753033 -5.826516 3.708236
v -2.700000 -5.806754 3.708236
v -2.646967 -5.826516 3.708236
v -2.619931 -5.885095 3.708236
v -2.565340 -6.000000 3.806754
v -2.579111 -6.173484 3.806754
v -2.619931 -6.261926 3.806754
v -2.700000 -6.291764 3.806754
v -2.780069 -6.261926 3.806754
v -2.820889 -6.173484 3.806754
v -2.834660 -6.000000 3.806754
v -2.820889 -5.826516 3.806754
v -2.780069 -5.738074 3.806754
v -2.700000 -5.708236 3.806754
v -2.619931 -5.738074 3.806754
v -2.579111 -5.826516 3.806754
v -2.550000 -6.000000 4.000000
v -2.565340 -6.193246 4.000000
v -2.610809 -6.291764 4.000000
v -2.700000 -6.325000 4.000000
v -2.789191 -6.291764 4.000000
v -2.834660 -6.193246 4.000000
v -2.850000 -6.000000 4.000000
v -2.834660 -5.806754 4.000000
v -2.789191 -5.708236 4.000000
v -2.700000 -5.675000 4.000000
v -2.610809 -5.708236 4.000000
v -2.565340 -5.806754 4.000000
v -2.565340 -6.000000 4.193246
v -2.579111 -6.173484 4.193246
v -2.619931 -6.261926 4.193246
v -2.700000 -6.291764 4.193246
v -2.780069 -6.261926 4.193246
v -2.820889 -6.173484 4.193246
v -2.834660 -6.000000 4.193246
v -2.820889 -5.826516 4.193246
v -2.780069 -5.738074 4.193246
v -2.700000 -5.708236 4.193246
v -2.619931 -5.738074 4.193246
v -2.579111 -5.826516 4.193246
v -2.610809 -6.000000 4.291764
v -2.619931 -6.114905 4.291764
v -2.646967 -6.173484 4.291764
v -2.700000 -6.193246 4.291764
v -2.753033 -6.173484 4.291764
v -2.780069 -6.114905 4.291764
v -2.789191 -6.000000 4.291764
v -2.780069 -5.885095 4.291764
v -2.753033 -5.826516 4.291764
v -2.700000 -5.806754 4.291764
v -2.646967 -5.826516 4.291764
v -2.619931 -5.885095 4.291764
v -2.700000 -6.000000 4.325000
v -2.700000 -6.000000 4.325000
v -2.700000 -6.000000 4.325000
v -2.700000 -6.000000 4.325000
v -2.700000 -6.000000 4.325000
v -2.700000 -6.000000 4.325000
v -2.700000 -6.000000 4.325000
v -2.700000 -6.000000 4.325000
v -2.700000 -6.000000 4.325000
v -2.700000 -6.000000 4.325000
v -2.700000 -6.000000 4.325000
v -2.700000 -6.000000 4.325000
v -2.700000 -18.000000 10.675000
v -2.700000 -18.000000 10.675000
v -2.700000 -18.000000 10.675000
v -2.700000 -18.000000 10.675000
v -2.700000 -18.000000 10.675000
v -2.700000 -18.000000 10.675000
v -2.700000 -18.000000 10.675000
v -2.700000 -18.000000 10.675000
v -2.700000 -18.000000 10.675000
v -2.700000 -18.000000 10.675000
v -2.700000 -18.000000 10.675000
v -2.700000 -18.000000 10.675000
v -2.610809 -18.000000 10.708236
v -2.619931 -18.114905 10.708236
v -2.646967 -18.173484 10.708236
v -2.700000 -18.193246 10.708236
v -2.753033 -18.173484 10.708236
v -2.780069 -18.114905 10.708236
v -2.789191 -18.000000 10.708236
v -2.780069 -17.885095 10.708236
v -2.753033 -17.826516 10.708236
v -2.700000 -17.806754 10.708236
v -2.646967 -17.826516 10.708236
v -2.619931 -17.885095 10.708236
v -2.565340 -18.000000 10.806754
v -2.579111 -18.173484 10.806754
v -2.619931 -18.261926 10.806754
v -2.700000 -18.291764 10.806754
v -2.780069 -18.261926 10.806754
v -2.820889 -18.173484 10.806754
v -2.834660 -18.000000 10.806754
v -2.820889 -17.826516 10.806754
v -2.780069 -17.738074 10.806754
v -2.700000 -17.708236 10.806754
v -2.619931 -17.738074 10.806754
v -2.579111 -17.826516 10.806754
v -2.550000 -18.000000 11.000000
v -2.565340 -18.193246 11.000000
v -2.610809 -18.291764 11.000000
v -2.700000 -18.325000 11.000000
v -2.789191 -18.291764 11.000000
v -2.834660 -18.193246 11.000000
v -2.850000 -18.000000 11.000000
v -2.834660 -17.806754 11.000000
v -2.789191 -17.708236 11.000000
v -2.700000 -17.675000 11.000000
v -2.610809 -17.708236 11.000000
v -2.565340 -17.806754 11.000000
v -2.565340 -18.000000 11.193246
v -2.579111 -18.173484 11.193246
v -2.619931 -18.261926 11.193246
v -2.700000 -18.291764 11.193246
v -2.780069 -18.261926 11.193246
v -2.820889 -18.173484 11.193246
v -2.834660 -18.000000 11.193246
v -2.820889 -17.826516 11.193246
v -2.780069 -17.738074 11.193246
v -2.700000 -17.708236 11.193246
v -2.619931 -17.738074 11.193246
v -2.579111 -17.826516 11.193246
v -2.610809 -18.000000 11.291764
v -2.619931 -18.114905 11.291764
v -2.646967 -18.173484 11.291764
v -2.700000 -18.193246 11.291764
v -2.753033 -18.173484 11.291764
v -2.780069 -18.114905 11.291764
v -2.789191 -18.000000 11.291764
v -2.780069 -17.885095 11.291764
v -2.753033 -17.826516 11.291764
v -2.700000 -17.806754 11.291764
v -2.646967 -17.826516 11.291764
v -2.619931 -17.885095 11.291764
v -2.700000 -18.000000 11.325000
v -2.700000 -18.000000 11.325000
v -2.700000 -18.000000 11.325000
v -2.700000 -18.000000 11.325000
v -2.700000 -18.000000 11.325000
v -2.700000 -18.000000 11.325000
v -2.700000 -18.000000 11.325000
v -2.700000 -18.000000 11.325000
v -2.700000 -18.000000 11.325000
v -2.700000 -18.000000 11.325000
v -2.700000 -18.000000 11.325000
v -2.700000 -18.000000 11.325000
v -2.700000 -20.100000 8.175000
v -2.700000 -20.100000 8.175000
v -2.700000 -20.100000 8.175000
v -2.700000 -20.100000 8.175000
v -2.700000 -20.100000 8.175000
v -2.700000 -20.100000 8.175000
v -2.700000 -20.100000 8.175000
v -2.700000 -20.100000 8.175000
v -2.700000 -20.100000 8.175000
v -2.700000 -20.100000 8.175000
v -2.700000 -20.100000 8.175000
v -2.700000 -20.100000 8.175000
v -2.610809 -20.100000 8.208236
v -2.619931 -20.214905 8.208236
v -2.646967 -20.273484 8.208236
v -2.700000 -20.293246 8.208236
v -2.753033 -20.273484 8.208236
v -2.780069 -20.214905 8.208236
v -2.789191 -20.100000 8.208236
v -2.780069 -19.985095 8.208236
v -2.753033 -19.926516 8.208236
v -2.700000 -19.906754 8.208236
v -2.646967 -19.926516 8.208236
v -2.619931 -19.985095 8.208236
v -2.565340 -20.100000 8.306754
v -2.579111 -20.273484 8.306754
v -2.619931 -20.361926 8.306754
v -2.700000 -20.391764 8.306754
v -2.780069 -20.361926 8.306754
v -2.820889 -20.273484 8.306754
v -2.834660 -20.100000 8.306754
v -2.820889 -19.926516 8.306754
v -2.780069 -19.838074 8.306754
v -2.700000 -19.808236 8.306754
v -2.619931 -19.838074 8.306754
v -2.579111 -19.926516 8.306754
v -2.550000 -20.100000 8.500000
v -2.565340 -20.293246 8.500000
v -2.610809 -20.391764 8.500000
v -2.700000 -20.425000 8.500000
v -2.789191 -20.391764 8.500000
v -2.834660 -20.293246 8.500000
v -2.850000 -20.100000 8.500000
v -2.834660 -19.906754 8.500000
v -2.789191 -19.808236 8.500000
v -2.700000 -19.775000 8.500000
v -2.610809 -19.808236 8.500000
v -2.565340 -19.906754 8.500000
v -2.565340 -20.100000 8.693246
v -2.579111 -20.273484 8.693246
v -2.619931 -20.361926 8.693246
v -2.700000 -20.391764 8.693246
v -2.780069 -20.361926 8.693246
v -2.820889 -20.273484 8.693246
v -2.834660 -20.100000 8.693246
v -2.820889 -19.926516 8.693246
v -2.780069 -19.838074 8.693246
v -2.700000 -19.808236 8.693246
v -2.619931 -19.838074 8.693246
v -2.579111 -19.926516 8.693246
v -2.610809 -20.100000 8.791764
v -2.619931 -20.214905 8.791764
v -2.646967 -20.273484 8.791764
v -2.700000 -20.293246 8.791764
v -2.753033 -20.273484 8.791764
v -2.780069 -20.214905 8.791764
v -2.789191 -20.100000 8.791764
v -2.780069 -19.985095 8.791764
v -2.753033 -19.926516 8.791764
v -2.700000 -19.906754 8.791764
v -2.646967 -19.926516 8.791764
v -2.619931 -19.985095 8.791764
v -2.700000 -20.100000 8.825000
v -2.700000 -20.100000 8.825000
v -2.700000 -20.100000 8.825000
v -2.700000 -20.100000 8.825000
v -2.700000 -20.100000 8.825000
v -2.700000 -20.100000 8.825000
v -2.700000 -20.100000 8.825000
v -2.700000 -20.100000 8.825000
v -2.700000 -20.100000 8.825000
v -2.700000 -20.100000 8.825000
v -2.700000 -20.100000 8.825000
v -2.700000 -20.100000 8.825000
v -2.700000 -20.100000 11.275000
v -2.700000 -20.100000 11.275000
v -2.700000 -20.100000 11.275000
v -2.700000 -20.100000 11.275000
v -2.700000 -20.100000 11.275000
v -2.700000 -20.100000 11.275000
v -2.700000 -20.100000 11.275000
v -2.700000 -20.100000 11.275000
v -2.700000 -20.100000 11.275000
v -2.700000 -20.100000 11.275000
v -2.700000 -20.100000 11.275000
v -2.700000 -20.100000 11.275000
v -2.610809 -20.100000 11.308236
v -2.619931 -20.214905 11.308236
v -2.646967 -20.273484 11.308236
v -2.700000 -20.293246 11.308236
v -2.753033 -20.273484 11.308236
v -2.780069 -20.214905 11.308236
v -2.789191 -20.100000 11.308236
v -2.780069 -19.985095 11.308236
v -2.753033 -19.926516 11.308236
v -2.700000 -19.906754 11.308236
v -2.646967 -19.926516 11.308236
v -2.619931 -19.985095 11.308236
v -2.565340 -20.100000 11.406754
v -2.579111 -20.273484 11.406754
v -2.619931 -20.361926 11.406754
v -2.700000 -20.391764 11.406754
v -2.780069 -20.361926 11.406754
v -2.820889 -20.273484 11.406754
v -2.834660 -20.100000 11.406754
v -2.820889 -19.926516 11.406754
v -2.780069 -19.838074 11.406754
v -2.700000 -19.808236 11.406754
v -2.619931 -19.838074 11.406754
v -2.579111 -19.926516 11.406754
v -2.550000 -20.100000 11.600000
v -2.565340 -20.293246 11.600000
v -2.610809 -20.391764 11.600000
v -2.700000 -20.425000 11.600000
v -2.789191 -20.391764 11.600000
v -2.834660 -20.293246 11.600000
v -2.850000 -20.100000 11.600000
v -2.834660 -19.906754 11.600000
v -2.789191 -19.808236 11.600000
v -2.700000 -19.775000 11.600000
v -2.610809 -19.808236 11.600000
v -2.565340 -19.906754 11.600000
v -2.565340 -20.100000 11.793246
v -2.579111 -20.273484 11.793246
v -2.619931 -20.361926 11.793246
v -2.700000 -20.391764 11.793246
v -2.780069 -20.361926 11.793246
v -2.820889 -20.273484 11.793246
v -2.834660 -20.100000 11.793246
v -2.820889 -19.926516 11.793246
v -2.780069 -19.838074 11.793246
v -2.700000 -19.808236 11.793246
v -2.619931 -19.838074 11.793246
v -2.579111 -19.926516 11.793246
v -2.610809 -20.100000 11.891764
v -2.619931 -20.214905 11.891764
v -2.646967 -20.273484 11.891764
v -2.700000 -20.293246 11.891764
v -2.753033 -20.273484 11.891764
v -2.780069 -20.214905 11.891764
v -2.789191 -20.100000 11.891764
v -2.780069 -19.985095 11.891764
v -2.753033 -19.926516 11.891764
v -2.700000 -19.906754 11.891764
v -2.646967 -19.926516 11.891764
v -2.619931 -19.985095 11.891764
v -2.700000 -20.100000 11.925000
v -2.700000 -20.100000 11.925000
v -2.700000 -20.100000 11.925000
v -2.700000 -20.100000 11.925000
v -2.700000 -20.100000 11.925000
v -2.700000 -20.100000 11.925000
v -2.700000 -20.100000 11.925000
v -2.700000 -20.100000 11.925000
v -2.700000 -20.100000 11.925000
v -2.700000 -20.100000 11.925000
v -2.700000 -20.100000 11.925000
v -2.700000 -20.100000 11.925000
v 2.700000 4.000000 5.675000
v 2.700000 4.000000 5.675000
v 2.700000 4.000000 5.675000
v 2.700000 4.000000 5.675000
v 2.700000 4.000000 5.675000
v 2.700000 4.000000 5.675000
v 2.700000 4.000000 5.675000
v 2.700000 4.000000 5.675000
v 2.700000 4.000000 5.675000
v 2.700000 4.000000 5.675000
v 2.700000 4.000000 5.675000
v 2.700000 4.000000 5.675000
v 2.789191 4.000000 5.708236
v 2.780069 3.885095 5.708236
v 2.753033 3.826516 5.708236
v 2.700000 3.806754 5.708236
v 2.646967 3.826516 5.708236
v 2.619931 3.885095 5.708236
v 2.610809 4.000000 5.708236
v 2.619931 4.114905 5.708236
v 2.646967 4.173484 5.708236
v 2.700000 4.193246 5.708236
v 2.753033 4.173484 5.708236
v 2.780069 4.114905 5.708236
v 2.834660 4.000000 5.806754
v 2.820889 3.826516 5.806754
v 2.780069 3.738074 5.806754
v 2.700000 3.708236 5.806754
v 2.619931 3.738074 5.806754
v 2.579111 3.826516 5.806754
v 2.565340 4.000000 5.806754
v 2.579111 4.173484 5.806754
v 2.619931 4.261926 5.806754
v 2.700000 4.291764 5.806754
v 2.780069 4.261926 5.806754
v 2.820889 4.173484 5.806754
v 2.850000 4.000000 6.000000
v 2.834660 3.806754 6.000000
v 2.789191 3.708236 6.000000
v 2.700000 3.675000 6.000000
v 2.610809 3.708236 6.000000
v 2.565340 3.806754 6.000000
v 2.550000 4.000000 6.000000
v 2.565340 4.193246 6.000000
v 2.610809 4.291764 6.000000
v 2.700000 4.325000 6.000000
v 2.789191 4.291764 6.000000
v 2.834660 4.193246 6.000000
v 2.834660 4.000000 6.193246
v 2.820889 3.826516 6.193246
v 2.780069 3.738074 6.193246
v 2.700000 3.708236 6.193246
v 2.619931 3.738074 6.193246
v 2.579111 3.826516 6.193246
v 2.565340 4.000000 6.193246
v 2.579111 4.173484 6.193246
v 2.619931 4.261926 6.193246
v 2.700000 4.291764 6.193246
v 2.780069 4.261926 6.193246
v 2.820889 4.173484 6.193246
v 2.789191 4.000000 6.291764
v 2.780069 3.885095 6.291764
v 2.753033 3.826516 6.291764
v 2.700000 3.806754 6.291764
v 2.646967 3.826516 6.291764
v 2.619931 3.885095 6.291764
v 2.610809 4.000000 6.291764
v 2.619931 4.114905 6.291764
v 2.646967 4.173484 6.291764
v 2.700000 4.193246 6.291764
v 2.753033 4.173484 6.291764
v 2.780069 4.114905 6.291764
v 2.700000 4.000000 6.325000
v 2.700000 4.000000 6.325000
v 2.700000 4.000000 6.325000
v 2.700000 4.000000 6.325000
v 2.700000 4.000000 6.325000
v 2.700000 4.000000 6.325000
v 2.700000 4.000000 6.325000
v 2.700000 4.000000 6.325000
v 2.700000 4.000000 6.325000
v 2.700000 4.000000 6.325000
v 2.700000 4.000000 6.325000
v 2.700000 4.000000 6.325000
v 2.700000 -6.000000 3.675000
v 2.700000 -6.000000 3.675000
v 2.700000 -6.000000 3.675000
v 2.700000 -6.000000 3.675000
v 2.700000 -6.000000 3.675000
v 2.700000 -6.000000 3.675000
v 2.700000 -6.000000 3.675000
v 2.700000 -6.000000 3.675000
v 2.700000 -6.000000 3.675000
v 2.700000 -6.000000 3.675000
v 2.700000 -6.000000 3.675000
v 2.700000 -6.000000 3.675000
v 2.789191 -6.000000 3.708236
v 2.780069 -6.114905 3.708236
v 2.753033 -6.173484 3.708236
v 2.700000 -6.193246 3.708236
v 2.646967 -6.173484 3.708236
v 2.619931 -6.114905 3.708236
v 2.610809 -6.000000 3.708236
v 2.619931 -5.885095 3.708236
v 2.646967 -5.826516 3.708236
v 2.700000 -5.806754 3.708236
v 2.753033 -5.826516 3.708236
v 2.780069 -5.885095 3.708236
v 2.834660 -6.000000 3.806754
v 2.820889 -6.173484 3.806754
v 2.780069 -6.261926 3.806754
v 2.700000 -6.291764 3.806754
v 2.619931 -6.261926 3.806754
v 2.579111 -6.173484 3.806754
v 2.565340 -6.000000 3.806754
v 2.579111 -5.826516 3.806754
v 2.619931 -5.738074 3.806754
v 2.700000 -5.708236 3.806754
v 2.780069 -5.738074 3.806754
v 2.820889 -5.826516 3.806754
v 2.850000 -6.000000 4.000000
v 2.834660 -6.193246 4.000000
v 2.789191 -6.291764 4.000000
v 2.700000 -6.325000 4.000000
v 2.610809 -6.291764 4.000000
v 2.565340 -6.193246 4.000000
v 2.550000 -6.000000 4.000000
v 2.565340 -5.806754 4.000000
v 2.610809 -5.708236 4.000000
v 2.700000 -5.675000 4.000000
v 2.789191 -5.708236 4.000000
v 2.834660 -5.806754 4.000000
v 2.834660 -6.000000 4.193246
v 2.820889 -6.173484 4.193246
v 2.780069 -6.261926 4.193246
v 2.700000 -6.291764 4.193246
v 2.619931 -6.261926 4.193246
v 2.579111 -6.173484 4.193246
v 2.565340 -6.000000 4.193246
v 2.579111 -5.826516 4.193246
v 2.619931 -5.738074 4.193246
v 2.700000 -5.708236 4.193246
v 2.780069 -5.738074 4.193246
v 2.820889 -5.826516 4.193246
v 2.789191 -6.000000 4.291764
v 2.780069 -6.114905 4.291764
v 2.753033 -6.173484 4.291764
v 2.700000 -6.193246 4.291764
v 2.646967 -6.173484 4.291764
v 2.619931 -6.114905 4.291764
v 2.610809 -6.000000 4.291764
v 2.619931 -5.885095 4.291764
v 2.646967 -5.826516 4.291764
v 2.700000 -5.806754 4.291764
v 2.753033 -5.826516 4.291764
v 2.780069 -5.885095 4.291764
v 2.700000 -6.000000 4.325000
v 2.700000 -6.000000 4.325000
v 2.700000 -6.000000 4.325000
v 2.700000 -6.000000 4.325000
v 2.700000 -6.000000 4.325000
v 2.700000 -6.000000 4.325000
v 2.700000 -6.000000 4.325000
v 2.700000 -6.000000 4.325000
v 2.700000 -6.000000 4.325000
v 2.700000 -6.000000 4.325000
v 2.700000 -6.000000 4.325000
v 2.700000 -6.000000 4.325000
v 2.700000 -18.000000 10.675000
v 2.700000 -18.000000 10.675000
v 2.700000 -18.000000 10.675000
v 2.700000 -18.000000 10.675000
v 2.700000 -18.000000 10.675000
v 2.700000 -18.000000 10.675000
v 2.700000 -18.000000 10.675000
v 2.700000 -18.000000 10.675000
v 2.700000 -18.000000 10.675000
v 2.700000 -18.000000 10.675000
v 2.700000 -18.000000 10.675000
v 2.700000 -18.000000 10.675000
v 2.789191 -18.000000 10.708236
v 2.780069 -18.114905 10.708236
v 2.753033 -18.173484 10.708236
v 2.700000 -18.193246 10.708236
v 2.646967 -18.173484 10.708236
v 2.619931 -18.114905 10.708236
v 2.610809 -18.000000 10.708236
v 2.619931 -17.885095 10.708236
v 2.646967 -17.826516 10.708236
v 2.700000 -17.806754 10.708236
v 2.753033 -17.826516 10.708236
v 2.780069 -17.885095 10.708236
v 2.834660 -18.000000 10.806754
v 2.820889 -18.173484 10.806754
v 2.780069 -18.261926 10.806754
v 2.700000 -18.291764 10.806754
v 2.619931 -18.261926 10.806754
v 2.579111 -18.173484 10.806754
v 2.565340 -18.000000 10.806754
v 2.579111 -17.826516 10.806754
v 2.619931 -17.738074 10.806754
v 2.700000 -17.708236 10.806754
v 2.780069 -17.738074 10.806754
v 2.820889 -17.826516 10.806754
v 2.850000 -18.000000 11.000000
v 2.834660 -18.193246 11.000000
v 2.789191 -18.291764 11.000000
v 2.700000 -18.325000 11.000000
v 2.610809 -18.291764 11.000000
v 2.565340 -18.193246 11.000000
v 2.550000 -18.000000 11.000000
v 2.565340 -17.806754 11.000000
v 2.610809 -17.708236 11.000000
v 2.700000 -17.675000 11.000000
v 2.789191 -17.708236 11.000000
v 2.834660 -17.806754 11.000000
v 2.834660 -18.000000 11.193246
v 2.820889 -18.173484 11.193246
v 2.780069 -18.261926 11.193246
v 2.700000 -18.291764 11.193246
v 2.619931 -18.261926 11.193246
v 2.579111 -18.173484 11.193246
v 2.565340 -18.000000 11.193246
v 2.579111 -17.826516 11.193246
v 2.619931 -17.738074 11.193246
v 2.700000 -17.708236 11.193246
v 2.780069 -17.738074 11.193246
v 2.820889 -17.826516 11.193246
v 2.789191 -18.000000 11.291764
v 2.780069 -18.114905 11.291764
v 2.753033 -18.173484 11.291764
v 2.700000 -18.193246 11.291764
v 2.646967 -18.173484 11.291764
v 2.619931 -18.114905 11.291764
v 2.610809 -18.000000 11.291764
v 2.619931 -17.885095 11.291764
v 2.646967 -17.826516 11.291764
v 2.700000 -17.806754 11.291764
v 2.753033 -17.826516 11.291764
v 2.780069 -17.885095 11.291764
v 2.700000 -18.000000 11.325000
v 2.700000 -18.000000 11.325000
v 2.700000 -18.000000 11.325000
v 2.700000 -18.000000 11.325000
v 2.700000 -18.000000 11.325000
v 2.700000 -18.000000 11.325000
v 2.700000 -18.000000 11.325000
v 2.700000 -18.000000 11.325000
v 2.700000 -18.000000 11.325000
v 2.700000 -18.000000 11.325000
v 2.700000 -18.000000 11.325000
v 2.700000 -18.000000 11.325000
v 2.700000 -20.100000 8.175000
v 2.700000 -20.100000 8.175000
v 2.700000 -20.100000 8.175000
v 2.700000 -20.100000 8.175000
v 2.700000 -20.100000 8.175000
v 2.700000 -20.100000 8.175000
v 2.700000 -20.100000 8.175000
v 2.700000 -20.100000 8.175000
v 2.700000 -20.100000 8.175000
v 2.700000 -20.100000 8.175000
v 2.700000 -20.100000 8.175000
v 2.700000 -20.100000 8.175000
v 2.789191 -20.100000 8.208236
v 2.780069 -20.214905 8.208236
v 2.753033 -20.273484 8.208236
v 2.700000 -20.293246 8.208236
v 2.646967 -20.273484 8.208236
v 2.619931 -20.214905 8.208236
v 2.610809 -20.100000 8.208236
v 2.619931 -19.985095 8.208236
v 2.646967 -19.926516 8.208236
v 2.700000 -19.906754 8.208236
v 2.753033 -19.926516 8.208236
v 2.780069 -19.985095 8.208236
v 2.834660 -20.100000 8.306754
v 2.820889 -20.273484 8.306754
v 2.780069 -20.361926 8.306754
v 2.700000 -20.391764 8.306754
v 2.619931 -20.361926 8.306754
v 2.579111 -20.273484 8.306754
v 2.565340 -20.100000 8.306754
v 2.579111 -19.926516 8.306754
v 2.619931 -19.838074 8.306754
v 2.700000 -19.808236 8.306754
v 2.780069 -19.838074 8.306754
v 2.820889 -19.926516 8.306754
v 2.850000 -20.100000 8.500000
v 2.834660 -20.293246 8.500000
v 2.789191 -20.391764 8.500000
v 2.700000 -20.425000 8.500000
v 2.610809 -20.391764 8.500000
v 2.565340 -20.293246 8.500000
v 2.550000 -20.100000 8.500000
v 2.565340 -19.906754 8.500000
v 2.610809 -19.808236 8.500000
v 2.700000 -19.775000 8.500000
v 2.789191 -19.808236 8.500000
v 2.834660 -19.906754 8.500000
v 2.834660 -20.100000 8.693246
v 2.820889 -20.273484 8.693246
v 2.780069 -20.361926 8.693246
v 2.700000 -20.391764 8.693246
v 2.619931 -20.361926 8.693246
v 2.579111 -20.273484 8.693246
v 2.565340 -20.100000 8.693246
v 2.579111 -19.926516 8.693246
v 2.619931 -19.838074 8.693246
v 2.700000 -19.808236 8.693246
v 2.780069 -19.838074 8.693246
v 2.820889 -19.926516 8.693246
v 2.789191 -20.100000 8.791764
v 2.780069 -20.214905 8.791764
v 2.753033 -20.273484 8.791764
v 2.700000 -20.293246 8.791764
v 2.646967 -20.273484 8.791764
v 2.619931 -20.214905 8.791764
v 2.610809 -20.100000 8.791764
v 2.619931 -19.985095 8.791764
v 2.646967 -19.926516 8.791764
v 2.700000 -19.906754 8.791764
v 2.753033 -19.926516 8.791764
v 2.780069 -19.985095 8.791764
v 2.700000 -20.100000 8.825000
v 2.700000 -20.100000 8.825000
v 2.700000 -20.100000 8.825000
v 2.700000 -20.100000 8.825000
v 2.700000 -20.100000 8.825000
v 2.700000 -20.100000 8.825000
v 2.700000 -20.100000 8.825000
v 2.700000 -20.100000 8.825000
v 2.700000 -20.100000 8.825000
v 2.700000 -20.100000 8.825000
v 2.700000 -20.100000 8.825000
v 2.700000 -20.100000 8.825000
v 2.700000 -20.100000 11.275000
v 2.700000 -20.100000 11.275000
v 2.700000 -20.100000 11.275000
v 2.700000 -20.100000 11.275000
v 2.700000 -20.100000 11.275000
v 2.700000 -20.100000 11.275000
v 2.700000 -20.100000 11.275000
v 2.700000 -20.100000 11.275000
v 2.700000 -20.100000 11.275000
v 2.700000 -20.100000 11.275000
v 2.700000 -20.100000 11.275000
v 2.700000 -20.100000 11.275000
v 2.789191 -20.100000 11.308236
v 2.780069 -20.214905 11.308236
v 2.753033 -20.273484 11.308236
v 2.700000 -20.293246 11.308236
v 2.646967 -20.273484 11.308236
v 2.619931 -20.214905 11.308236
v 2.610809 -20.100000 11.308236
v 2.619931 -19.985095 11.308236
v 2.646967 -19.926516 11.308236
v 2.700000 -19.906754 11.308236
v 2.753033 -19.926516 11.308236
v 2.780069 -19.985095 11.308236
v 2.834660 -20.100000 11.406754
v 2.820889 -20.273484 11.406754
v 2.780069 -20.361926 11.406754
v 2.700000 -20.391764 11.406754
v 2.619931 -20.361926 11.406754
v 2.579111 -20.273484 11.406754
v 2.565340 -20.100000 11.406754
v 2.579111 -19.926516 11.406754
v 2.619931 -19.838074 11.406754
v 2.700000 -19.808236 11.406754
v 2.780069 -19.838074 11.406754
v 2.820889 -19.926516 11.406754
v 2.850000 -20.100000 11.600000
v 2.834660 -20.293246 11.600000
v 2.789191 -20.391764 11.600000
v 2.700000 -20.425000 11.600000
v 2.610809 -20.391764 11.600000
v 2.565340 -20.293246 11.600000
v 2.550000 -20.100000 11.600000
v 2.565340 -19.906754 11.600000
v 2.610809 -19.808236 11.600000
v 2.700000 -19.775000 11.600000
v 2.789191 -19.808236 11.600000
v 2.834660 -19.906754 11.600000
v 2.834660 -20.100000 11.793246
v 2.820889 -20.273484 11.793246
v 2.780069 -20.361926 11.793246
v 2.700000 -20.391764 11.793246
v 2.619931 -20.361926 11.793246
v 2.579111 -20.273484 11.793246
v 2.565340 -20.100000 11.793246
v 2.579111 -19.926516 11.793246
v 2.619931 -19.838074 11.793246
v 2.700000 -19.808236 11.793246
v 2.780069 -19.838074 11.793246
v 2.820889 -19.926516 11.793246
v 2.789191 -20.100000 11.891764
v 2.780069 -20.214905 11.891764
v 2.753033 -20.273484 11.891764
v 2.700000 -20.293246 11.891764
v 2.646967 -20.273484 11.891764
v 2.619931 -20.214905 11.891764
v 2.610809 -20.100000 11.891764
v 2.619931 -19.985095 11.891764
v 2.646967 -19.926516 11.891764
v 2.700000 -19.906754 11.891764
v 2.753033 -19.926516 11.891764
v 2.780069 -19.985095 11.891764
v 2.700000 -20.100000 11.925000
v 2.700000 -20.100000 11.925000
v 2.700000 -20.100000 11.925000
v 2.700000 -20.100000 11.925000
v 2.700000 -20.100000 11.925000
v 2.700000 -20.100000 11.925000
v 2.700000 -20.100000 11.925000
v 2.700000 -20.100000 11.925000
v 2.700000 -20.100000 11.925000
v 2.700000 -20.100000 11.925000
v 2.700000 -20.100000 11.925000
v 2.700000 -20.100000 11.925000
v -2.500000 -0.500000 6.075000
v -2.500000 -0.500000 6.075000
v -2.500000 -0.500000 6.075000
v -2.500000 -0.500000 6.075000
v -2.500000 -0.500000 6.075000
v -2.500000 -0.500000 6.075000
v -2.500000 -0.500000 6.075000
v -2.500000 -0.500000 6.075000
v -2.500000 -0.500000 6.075000
v -2.500000 -0.500000 6.075000
v -2.500000 -0.500000 6.075000
v -2.500000 -0.500000 6.075000
v -2.500000 -0.500000 6.075000
v -2.500000 -0.500000 6.075000
v -2.500000 -0.500000 6.075000
v -2.500000 -0.500000 6.075000
v -2.278681 -0.500000 6.082014
v -2.285580 -1.010111 6.082014
v -2.307330 -1.152113 6.082014
v -2.349285 -1.225729 6.082014
v -2.500000 -1.249081 6.082014
v -2.650715 -1.225729 6.082014
v -2.692670 -1.152113 6.082014
v -2.714420 -1.010111 6.082014
v -2.721319 -0.500000 6.082014
v -2.714420 0.010111 6.082014
v -2.692670 0.152113 6.082014
v -2.650715 0.225729 6.082014
v -2.500000 0.249081 6.082014
v -2.349285 0.225729 6.082014
v -2.307330 0.152113 6.082014
v -2.285580 0.010111 6.082014
v -2.217071 -0.500000 6.104126
v -2.225891 -1.152113 6.104126
v -2.253696 -1.333644 6.104126
v -2.307330 -1.427754 6.104126
v -2.500000 -1.457606 6.104126
v -2.692670 -1.427754 6.104126
v -2.746304 -1.333644 6.104126
v -2.774109 -1.152113 6.104126
v -2.782929 -0.500000 6.104126
v -2.774109 0.152113 6.104126
v -2.746304 0.333644 6.104126
v -2.692670 0.427754 6.104126
v -2.500000 0.457606 6.104126
v -2.307330 0.427754 6.104126
v -2.253696 0.333644 6.104126
v -2.225891 0.152113 6.104126
v -2.185131 -0.500000 6.146779
v -2.194947 -1.225729 6.146779
v -2.225891 -1.427754 6.146779
v -2.285580 -1.532488 6.146779
v -2.500000 -1.565709 6.146779
v -2.714420 -1.532488 6.146779
v -2.774109 -1.427754 6.146779
v -2.805053 -1.225729 6.146779
v -2.814869 -0.500000 6.146779
v -2.805053 0.225729 6.146779
v -2.774109 0.427754 6.146779
v -2.714420 0.532488 6.146779
v -2.500000 0.565709 6.146779
v -2.285580 0.532488 6.146779
v -2.225891 0.427754 6.146779
v -2.194947 0.225729 6.146779
v -2.175000 -0.500000 6.300000
v -2.185131 -1.249081 6.300000
v -2.217071 -1.457606 6.300000
v -2.278681 -1.565709 6.300000
v -2.500000 -1.600000 6.300000
v -2.721319 -1.565709 6.300000
v -2.782929 -1.457606 6.300000
v -2.814869 -1.249081 6.300000
v -2.825000 -0.500000 6.300000
v -2.814869 0.249081 6.300000
v -2.782929 0.457606 6.300000
v -2.721319 0.565709 6.300000
v -2.500000 0.600000 6.300000
v -2.278681 0.565709 6.300000
v -2.217071 0.457606 6.300000
v -2.185131 0.249081 6.300000
v -2.185131 -0.500000 6.453221
v -2.194947 -1.225729 6.453221
v -2.225891 -1.427754 6.453221
v -2.285580 -1.532488 6.453221
v -2.500000 -1.565709 6.453221
v -2.714420 -1.532488 6.453221
v -2.774109 -1.427754 6.453221
v -2.805053 -1.225729 6.453221
v -2.814869 -0.500000 6.453221
v -2.805053 0.225729 6.453221
v -2.774109 0.427754 6.453221
v -2.714420 0.532488 6.453221
v -2.500000 0.565709 6.453221
v -2.285580 0.532488 6.453221
v -2.225891 0.427754 6.453221
v -2.194947 0.225729 6.453221
v -2.217071 -0.500000 6.495874
v -2.225891 -1.152113 6.495874
v -2.253696 -1.333644 6.495874
v -2.307330 -1.427754 6.495874
v -2.500000 -1.457606 6.495874
v -2.692670 -1.427754 6.495874
v -2.746304 -1.333644 6.495874
v -2.774109 -1.152113 6.495874
v -2.782929 -0.500000 6.495874
v -2.774109 0.152113 6.495874
v -2.746304 0.333644 6.495874
v -2.692670 0.427754 6.495874
v -2.500000 0.457606 6.495874
v -2.307330 0.427754 6.495874
v -2.253696 0.333644 6.495874
v -2.225891 0.152113 6.495874
v -2.278681 -0.500000 6.517986
v -2.285580 -1.010111 6.517986
v -2.307330 -1.152113 6.517986
v -2.349285 -1.225729 6.517986
v -2.500000 -1.249081 6.517986
v -2.650715 -1.225729 6.517986
v -2.692670 -1.152113 6.517986
v -2.714420 -1.010111 6.517986
v -2.721319 -0.500000 6.517986
v -2.714420 0.010111 6.517986
v -2.692670 0.152113 6.517986
v -2.650715 0.225729 6.517986
v -2.500000 0.249081 6.517986
v -2.349285 0.225729 6.517986
v -2.307330 0.152113 6.517986
v -2.285580 0.010111 6.517986
v -2.500000 -0.500000 6.525000
v -2.500000 -0.500000 6.525000
v -2.500000 -0.500000 6.525000
v -2.500000 -0.500000 6.525000
v -2.500000 -0.500000 6.525000
v -2.500000 -0.500000 6.525000
v -2.500000 -0.500000 6.525000
v -2.500000 -0.500000 6.525000
v -2.500000 -0.500000 6.525000
v -2.500000 -0.500000 6.525000
v -2.500000 -0.500000 6.525000
v -2.500000 -0.500000 6.525000
v -2.500000 -0.500000 6.525000
v -2.500000 -0.500000 6.525000
v -2.500000 -0.500000 6.525000
v -2.500000 -0.500000 6.525000
v 2.600000 -7.700000 4.425000
v 2.600000 -7.700001 4.425000
v 2.600000 -7.700002 4.425000
v 2.600000 -7.700002 4.425000
v 2.600000 -7.700002 4.425000
v 2.600000 -7.700002 4.425000
v 2.600000 -7.700002 4.425000
v 2.600000 -7.700001 4.425000
v 2.600000 -7.700000 4.425000
v 2.600000 -7.699999 4.425000
v 2.600000 -7.699998 4.425000
v 2.600000 -7.699998 4.425000
v 2.600000 -7.699998 4.425000
v 2.600000 -7.699998 4.425000
v 2.600000 -7.699998 4.425000
v 2.600000 -7.699999 4.425000
v 2.760759 -7.700000 4.435249
v 2.756366 -8.159442 4.435249
v 2.742395 -8.269582 4.435249
v 2.714860 -8.325463 4.435249
v 2.600000 -8.343038 4.435249
v 2.485140 -8.325463 4.435249
v 2.457605 -8.269582 4.435249
v 2.443634 -8.159442 4.435249
v 2.439241 -7.700002 4.435249
v 2.443634 -7.240558 4.435249
v 2.457605 -7.130418 4.435249
v 2.485140 -7.074537 4.435249
v 2.600000 -7.056962 4.435249
v 2.714860 -7.074537 4.435249
v 2.742395 -7.130418 4.435249
v 2.756366 -7.240558 4.435249
v 2.799298 -7.700000 4.467837
v 2.793851 -8.269582 4.467837
v 2.776531 -8.406126 4.467837
v 2.742395 -8.475403 4.467837
v 2.600000 -8.497191 4.467837
v 2.457605 -8.475403 4.467837
v 2.423469 -8.406126 4.467837
v 2.406149 -8.269582 4.467837
v 2.400702 -7.700002 4.467837
v 2.406149 -7.130418 4.467837
v 2.423469 -6.993874 4.467837
v 2.457605 -6.924597 4.467837
v 2.599999 -6.902809 4.467837
v 2.742395 -6.924597 4.467837
v 2.776531 -6.993874 4.467837
v 2.793851 -7.130418 4.467837
v 2.818851 -7.700000 4.532068
v 2.812869 -8.325463 4.532068
v 2.793851 -8.475403 4.532068
v 2.756366 -8.551478 4.532068
v 2.600000 -8.575403 4.532068
v 2.443634 -8.551478 4.532068
v 2.406149 -8.475403 4.532068
v 2.387131 -8.325463 4.532068
v 2.381149 -7.700002 4.532068
v 2.387131 -7.074537 4.532068
v 2.406149 -6.924597 4.532068
v 2.443634 -6.848522 4.532068
v 2.599999 -6.824597 4.532068
v 2.756366 -6.848522 4.532068
v 2.793851 -6.924597 4.532068
v 2.812869 -7.074537 4.532068
v 2.825000 -7.700000 4.800000
v 2.818851 -8.343038 4.800000
v 2.799298 -8.497191 4.800000
v 2.760759 -8.575403 4.800000
v 2.600000 -8.600000 4.800000
v 2.439241 -8.575403 4.800000
v 2.400702 -8.497191 4.800000
v 2.381149 -8.343038 4.800000
v 2.375000 -7.700002 4.800000
v 2.381149 -7.056962 4.800000
v 2.400702 -6.902809 4.800000
v 2.439241 -6.824597 4.800000
v 2.599999 -6.800000 4.800000
v 2.760759 -6.824597 4.800000
v 2.799298 -6.902809 4.800000
v 2.818851 -7.056962 4.800000
v 2.818851 -7.700000 5.067932
v 2.812869 -8.325463 5.067932
v 2.793851 -8.475403 5.067932
v 2.756366 -8.551478 5.067932
v 2.600000 -8.575403 5.067932
v 2.443634 -8.551478 5.067932
v 2.406149 -8.475403 5.067932
v 2.387131 -8.325463 5.067932
v 2.381149 -7.700002 5.067932
v 2.387131 -7.074537 5.067932
v 2.406149 -6.924597 5.067932
v 2.443634 -6.848522 5.067932
v 2.599999 -6.824597 5.067932
v 2.756366 -6.848522 5.067932
v 2.793851 -6.924597 5.067932
v 2.812869 -7.074537 5.067932
v 2.799298 -7.700000 5.132163
v 2.793851 -8.269582 5.132163
v 2.776531 -8.406126 5.132163
v 2.742395 -8.475403 5.132163
v 2.600000 -8.497191 5.132163
v 2.457605 -8.475403 5.132163
v 2.423469 -8.406126 5.132163
v 2.406149 -8.269582 5.132163
v 2.400702 -7.700002 5.132163
v 2.406149 -7.130418 5.132163
v 2.423469 -6.993874 5.132163
v 2.457605 -6.924597 5.132163
v 2.599999 -6.902809 5.132163
v 2.742395 -6.924597 5.132163
v 2.776531 -6.993874 5.132163
v 2.793851 -7.130418 5.132163
v 2.760759 -7.700000 5.164751
v 2.756366 -8.159442 5.164751
v 2.742395 -8.269582 5.164751
v 2.714860 -8.325463 5.164751
v 2.600000 -8.343038 5.164751
v 2.485140 -8.325463 5.164751
v 2.457605 -8.269582 5.164751
v 2.443634 -8.159442 5.164751
v 2.439241 -7.700002 5.164751
v 2.443634 -7.240558 5.164751
v 2.457605 -7.130418 5.164751
v 2.485140 -7.074537 5.164751
v 2.600000 -7.056962 5.164751
v 2.714860 -7.074537 5.164751
v 2.742395 -7.130418 5.164751
v 2.756366 -7.240558 5.164751
v 2.600000 -7.700000 5.175000
v 2.600000 -7.700001 5.175000
v 2.600000 -7.700002 5.175000
v 2.600000 -7.700002 5.175000
v 2.600000 -7.700002 5.175000
v 2.600000 -7.700002 5.175000
v 2.600000 -7.700002 5.175000
v 2.600000 -7.700001 5.175000
v 2.600000 -7.700000 5.175000
v 2.600000 -7.699999 5.175000
v 2.600000 -7.699998 5.175000
v 2.600000 -7.699998 5.175000
v 2.600000 -7.699998 5.175000
v 2.600000 -7.699998 5.175000
v 2.600000 -7.699998 5.175000
v 2.600000 -7.699999 5.175000
v 0.000044 -3.600000 -0.225000
v 0.000043 -3.600250 -0.225000
v 0.000041 -3.600292 -0.225000
v 0.000035 -3.600312 -0.225000
v 0.000000 -3.600318 -0.225000
v -0.000035 -3.600312 -0.225000
v -0.000041 -3.600292 -0.225000
v -0.000043 -3.600250 -0.225000
v -0.000044 -3.600000 -0.225000
v -0.000043 -3.599750 -0.225000
v -0.000041 -3.599708 -0.225000
v -0.000035 -3.599688 -0.225000
v -0.000000 -3.599682 -0.225000
v 0.000035 -3.599688 -0.225000
v 0.000041 -3.599708 -0.225000
v 0.000043 -3.599750 -0.225000
v 0.393260 -3.600000 -0.218630
v 0.385553 -5.827011 -0.218630
v 0.360621 -6.196472 -0.218630
v 0.309307 -6.375979 -0.218630
v 0.000035 -6.431473 -0.218630
v -0.309307 -6.375979 -0.218630
v -0.360621 -6.196472 -0.218630
v -0.385553 -5.827011 -0.218630
v -0.393260 -3.600298 -0.218630
v -0.385553 -1.372989 -0.218630
v -0.360621 -1.003528 -0.218630
v -0.309307 -0.824021 -0.218630
v -0.000046 -0.768527 -0.218630
v 0.309307 -0.824021 -0.218630
v 0.360621 -1.003528 -0.218630
v 0.385553 -1.372989 -0.218630
v 0.458502 -3.600000 -0.198026
v 0.449516 -6.196472 -0.198026
v 0.420448 -6.627227 -0.198026
v 0.360621 -6.836515 -0.198026
v 0.000041 -6.901215 -0.198026
v -0.360621 -6.836515 -0.198026
v -0.420448 -6.627227 -0.198026
v -0.449516 -6.196472 -0.198026
v -0.458502 -3.600347 -0.198026
v -0.449516 -1.003528 -0.198026
v -0.420448 -0.572773 -0.198026
v -0.360621 -0.363485 -0.198026
v -0.000053 -0.298785 -0.198026
v 0.360621 -0.363485 -0.198026
v 0.420448 -0.572773 -0.198026
v 0.449516 -1.003528 -0.198026
v 0.490201 -3.600000 -0.155619
v 0.480593 -6.375979 -0.155619
v 0.449516 -6.836515 -0.155619
v 0.385553 -7.060271 -0.155619
v 0.000043 -7.129444 -0.155619
v -0.385553 -7.060271 -0.155619
v -0.449516 -6.836515 -0.155619
v -0.480593 -6.375979 -0.155619
v -0.490201 -3.600371 -0.155619
v -0.480593 -0.824021 -0.155619
v -0.449516 -0.363485 -0.155619
v -0.385553 -0.139729 -0.155619
v -0.000057 -0.070556 -0.155619
v 0.385553 -0.139729 -0.155619
v 0.449516 -0.363485 -0.155619
v 0.480593 -0.824021 -0.155619
v 0.500000 -3.600000 0.100000
v 0.490201 -6.431473 0.100000
v 0.458502 -6.901215 0.100000
v 0.393260 -7.129444 0.100000
v 0.000044 -7.200000 0.100000
v -0.393260 -7.129444 0.100000
v -0.458502 -6.901215 0.100000
v -0.490201 -6.431473 0.100000
v -0.500000 -3.600379 0.100000
v -0.490201 -0.768527 0.100000
v -0.458502 -0.298785 0.100000
v -0.393260 -0.070556 0.100000
v -0.000058 -0.000000 0.100000
v 0.393260 -0.070556 0.100000
v 0.458502 -0.298785 0.100000
v 0.490201 -0.768527 0.100000
v 0.490201 -3.600000 0.355619
v 0.480593 -6.375979 0.355619
v 0.449516 -6.836515 0.355619
v 0.385553 -7.060271 0.355619
v 0.000043 -7.129444 0.355619
v -0.385553 -7.060271 0.355619
v -0.449516 -6.836515 0.355619
v -0.480593 -6.375979 0.355619
v -0.490201 -3.600371 0.355619
v -0.480593 -0.824021 0.355619
v -0.449516 -0.363485 0.355619
v -0.385553 -0.139729 0.355619
v -0.000057 -0.070556 0.355619
v 0.385553 -0.139729 0.355619
v 0.449516 -0.363485 0.355619
v 0.480593 -0.824021 0.355619
v 0.458502 -3.600000 0.398026
v 0.449516 -6.196472 0.398026
v 0.420448 -6.627227 0.398026
v 0.360621 -6.836515 0.398026
v 0.000041 -6.901215 0.398026
v -0.360621 -6.836515 0.398026
v -0.420448 -6.627227 0.398026
v -0.449516 -6.196472 0.398026
v -0.458502 -3.600347 0.398026
v -0.449516 -1.003528 0.398026
v -0.420448 -0.572773 0.398026
v -0.360621 -0.363485 0.398026
v -0.000053 -0.298785 0.398026
v 0.360621 -0.363485 0.398026
v 0.420448 -0.572773 0.398026
v 0.449516 -1.003528 0.398026
v 0.393260 -3.600000 0.418630
v 0.385553 -5.827011 0.418630
v 0.360621 -6.196472 0.418630
v 0.309307 -6.375979 0.418630
v 0.000035 -6.431473 0.418630
v -0.309307 -6.375979 0.418630
v -0.360621 -6.196472 0.418630
v -0.385553 -5.827011 0.418630
v -0.393260 -3.600298 0.418630
v -0.385553 -1.372989 0.418630
v -0.360621 -1.003528 0.418630
v -0.309307 -0.824021 0.418630
v -0.000046 -0.768527 0.418630
v 0.309307 -0.824021 0.418630
v 0.360621 -1.003528 0.418630
v 0.385553 -1.372989 0.418630
v 0.000044 -3.600000 0.425000
v 0.000043 -3.600250 0.425000
v 0.000041 -3.600292 0.425000
v 0.000035 -3.600312 0.425000
v 0.000000 -3.600318 0.425000
v -0.000035 -3.600312 0.425000
v -0.000041 -3.600292 0.425000
v -0.000043 -3.600250 0.425000
v -0.000044 -3.600000 0.425000
v -0.000043 -3.599750 0.425000
v -0.000041 -3.599708 0.425000
v -0.000035 -3.599688 0.425000
v -0.000000 -3.599682 0.425000
v 0.000035 -3.599688 0.425000
v 0.000041 -3.599708 0.425000
v 0.000043 -3.599750 0.425000
v 0.000007 -0.200000 0.100000
v 0.000007 -0.200003 0.100000
v 0.000006 -0.200004 0.100000
v 0.000005 -0.200004 0.100000
v 0.000000 -0.200004 0.100000
v -0.000005 -0.200004 0.100000
v -0.000006 -0.200004 0.100000
v -0.000007 -0.200003 0.100000
v -0.000007 -0.200000 0.100000
v -0.000007 -0.199997 0.100000
v -0.000006 -0.199996 0.100000
v -0.000005 -0.199996 0.100000
v -0.000000 -0.199996 0.100000
v 0.000005 -0.199996 0.100000
v 0.000006 -0.199996 0.100000
v 0.000007 -0.199997 0.100000
v 0.374819 -0.200000 0.139903
v 0.366021 -0.368587 0.139903
v 0.337806 -0.402684 0.139903
v 0.280979 -0.419613 0.139903
v 0.000005 -0.424892 0.139903
v -0.280979 -0.419613 0.139903
v -0.337806 -0.402684 0.139903
v -0.366021 -0.368587 0.139903
v -0.374819 -0.200004 0.139903
v -0.366021 -0.031413 0.139903
v -0.337806 0.002684 0.139903
v -0.280979 0.019613 0.139903
v -0.000007 0.024892 0.139903
v 0.280979 0.019613 0.139903
v 0.337806 0.002684 0.139903
v 0.366021 -0.031413 0.139903
v 0.450625 -0.200000 0.267874
v 0.440048 -0.402684 0.267874
v 0.406126 -0.443676 0.267874
v 0.337806 -0.464029 0.267874
v 0.000006 -0.470375 0.267874
v -0.337806 -0.464029 0.267874
v -0.406126 -0.443676 0.267874
v -0.440048 -0.402684 0.267874
v -0.450625 -0.200005 0.267874
v -0.440048 0.002684 0.267874
v -0.406126 0.043676 0.267874
v -0.337806 0.064029 0.267874
v -0.000009 0.070375 0.267874
v 0.337806 0.064029 0.267874
v 0.406126 0.043676 0.267874
v 0.440048 0.002684 0.267874
v 0.488264 -0.200000 0.525615
v 0.476803 -0.419613 0.525615
v 0.440048 -0.464029 0.525615
v 0.366021 -0.486082 0.525615
v 0.000007 -0.492958 0.525615
v -0.366021 -0.486082 0.525615
v -0.440048 -0.464029 0.525615
v -0.476803 -0.419613 0.525615
v -0.488264 -0.200005 0.525615
v -0.476803 0.019613 0.525615
v -0.440048 0.064029 0.525615
v -0.366021 0.086082 0.525615
v -0.000009 0.092958 0.525615
v 0.366021 0.086082 0.525615
v 0.440048 0.064029 0.525615
v 0.476803 0.019613 0.525615
v 0.500000 -0.200000 1.800000
v 0.488264 -0.424892 1.800000
v 0.450625 -0.470375 1.800000
v 0.374819 -0.492958 1.800000
v 0.000007 -0.500000 1.800000
v -0.374819 -0.492958 1.800000
v -0.450625 -0.470375 1.800000
v -0.488264 -0.424892 1.800000
v -0.500000 -0.200005 1.800000
v -0.488264 0.024892 1.800000
v -0.450625 0.070375 1.800000
v -0.374819 0.092958 1.800000
v -0.000010 0.100000 1.800000
v 0.374819 0.092958 1.800000
v 0.450625 0.070375 1.800000
v 0.488264 0.024892 1.800000
v 0.488264 -0.200000 3.074385
v 0.476803 -0.419613 3.074385
v 0.440048 -0.464029 3.074385
v 0.366021 -0.486082 3.074385
v 0.000007 -0.492958 3.074385
v -0.366021 -0.486082 3.074385
v -0.440048 -0.464029 3.074385
v -0.476803 -0.419613 3.074385
v -0.488264 -0.200005 3.074385
v -0.476803 0.019613 3.074385
v -0.440048 0.064029 3.074385
v -0.366021 0.086082 3.074385
v -0.000009 0.092958 3.074385
v 0.366021 0.086082 3.074385
v 0.440048 0.064029 3.074385
v 0.476803 0.019613 3.074385
v 0.450625 -0.200000 3.332126
v 0.440048 -0.402684 3.332126
v 0.406126 -0.443676 3.332126
v 0.337806 -0.464029 3.332126
v 0.000006 -0.470375 3.332126
v -0.337806 -0.464029 3.332126
v -0.406126 -0.443676 3.332126
v -0.440048 -0.402684 3.332126
v -0.450625 -0.200005 3.332126
v -0.440048 0.002684 3.332126
v -0.406126 0.043676 3.332126
v -0.337806 0.064029 3.332126
v -0.000009 0.070375 3.332126
v 0.337806 0.064029 3.332126
v 0.406126 0.043676 3.332126
v 0.440048 0.002684 3.332126
v 0.374819 -0.200000 3.460097
v 0.366021 -0.368587 3.460097
v 0.337806 -0.402684 3.460097
v 0.280979 -0.419613 3.460097
v 0.000005 -0.424892 3.460097
v -0.280979 -0.419613 3.460097
v -0.337806 -0.402684 3.460097
v -0.366021 -0.368587 3.460097
v -0.374819 -0.200004 3.460097
v -0.366021 -0.031413 3.460097
v -0.337806 0.002684 3.460097
v -0.280979 0.019613 3.460097
v -0.000007 0.024892 3.460097
v 0.280979 0.019613 3.460097
v 0.337806 0.002684 3.460097
v 0.366021 -0.031413 3.460097
v 0.000007 -0.200000 3.500000
v 0.000007 -0.200003 3.500000
v 0.000006 -0.200004 3.500000
v 0.000005 -0.200004 3.500000
v 0.000000 -0.200004 3.500000
v -0.000005 -0.200004 3.500000
v -0.000006 -0.200004 3.500000
v -0.000007 -0.200003 3.500000
v -0.000007 -0.200000 3.500000
v -0.000007 -0.199997 3.500000
v -0.000006 -0.199996 3.500000
v -0.000005 -0.199996 3.500000
v -0.000000 -0.199996 3.500000
v 0.000005 -0.199996 3.500000
v 0.000006 -0.199996 3.500000
v 0.000007 -0.199997 3.500000
v 0.000007 -7.000000 0.100000
v 0.000007 -7.000003 0.100000
v 0.000006 -7.000004 0.100000
v 0.000005 -7.000004 0.100000
v 0.000000 -7.000004 0.100000
v -0.000005 -7.000004 0.100000
v -0.000006 -7.000004 0.100000
v -0.000007 -7.000003 0.100000
v -0.000007 -7.000000 0.100000
v -0.000007 -6.999997 0.100000
v -0.000006 -6.999996 0.100000
v -0.000005 -6.999996 0.100000
v -0.000000 -6.999996 0.100000
v 0.000005 -6.999996 0.100000
v 0.000006 -6.999996 0.100000
v 0.000007 -6.999997 0.100000
v 0.374819 -7.000000 0.139903
v 0.366021 -7.168587 0.139903
v 0.337806 -7.202684 0.139903
v 0.280979 -7.219613 0.139903
v 0.000005 -7.224892 0.139903
v -0.280979 -7.219613 0.139903
v -0.337806 -7.202684 0.139903
v -0.366021 -7.168587 0.139903
v -0.374819 -7.000004 0.139903
v -0.366021 -6.831413 0.139903
v -0.337806 -6.797316 0.139903
v -0.280979 -6.780387 0.139903
v -0.000007 -6.775108 0.139903
v 0.280979 -6.780387 0.139903
v 0.337806 -6.797316 0.139903
v 0.366021 -6.831413 0.139903
v 0.450625 -7.000000 0.267874
v 0.440048 -7.202684 0.267874
v 0.406126 -7.243676 0.267874
v 0.337806 -7.264029 0.267874
v 0.000006 -7.270375 0.267874
v -0.337806 -7.264029 0.267874
v -0.406126 -7.243676 0.267874
v -0.440048 -7.202684 0.267874
v -0.450625 -7.000005 0.267874
v -0.440048 -6.797316 0.267874
v -0.406126 -6.756324 0.267874
v -0.337806 -6.735971 0.267874
v -0.000009 -6.729625 0.267874
v 0.337806 -6.735971 0.267874
v 0.406126 -6.756324 0.267874
v 0.440048 -6.797316 0.267874
v 0.488264 -7.000000 0.525615
v 0.476803 -7.219613 0.525615
v 0.440048 -7.264029 0.525615
v 0.366021 -7.286082 0.525615
v 0.000007 -7.292958 0.525615
v -0.366021 -7.286082 0.525615
v -0.440048 -7.264029 0.525615
v -0.476803 -7.219613 0.525615
v -0.488264 -7.000005 0.525615
v -0.476803 -6.780387 0.525615
v -0.440048 -6.735971 0.525615
v -0.366021 -6.713918 0.525615
v -0.000009 -6.707042 0.525615
v 0.366021 -6.713918 0.525615
v 0.440048 -6.735971 0.525615
v 0.476803 -6.780387 0.525615
v 0.500000 -7.000000 1.800000
v 0.488264 -7.224892 1.800000
v 0.450625 -7.270375 1.800000
v 0.374819 -7.292958 1.800000
v 0.000007 -7.300000 1.800000
v -0.374819 -7.292958 1.800000
v -0.450625 -7.270375 1.800000
v -0.488264 -7.224892 1.800000
v -0.500000 -7.000005 1.800000
v -0.488264 -6.775108 1.800000
v -0.450625 -6.729625 1.800000
v -0.374819 -6.707042 1.800000
v -0.000010 -6.700000 1.800000
v 0.374819 -6.707042 1.800000
v 0.450625 -6.729625 1.800000
v 0.488264 -6.775108 1.800000
v 0.488264 -7.000000 3.074385
v 0.476803 -7.219613 3.074385
v 0.440048 -7.264029 3.074385
v 0.366021 -7.286082 3.074385
v 0.000007 -7.292958 3.074385
v -0.366021 -7.286082 3.074385
v -0.440048 -7.264029 3.074385
v -0.476803 -7.219613 3.074385
v -0.488264 -7.000005 3.074385
v -0.476803 -6.780387 3.074385
v -0.440048 -6.735971 3.074385
v -0.366021 -6.713918 3.074385
v -0.000009 -6.707042 3.074385
v 0.366021 -6.713918 3.074385
v 0.440048 -6.735971 3.074385
v 0.476803 -6.780387 3.074385
v 0.450625 -7.000000 3.332126
v 0.440048 -7.202684 3.332126
v 0.406126 -7.243676 3.332126
v 0.337806 -7.264029 3.332126
v 0.000006 -7.270375 3.332126
v -0.337806 -7.264029 3.332126
v -0.406126 -7.243676 3.332126
v -0.440048 -7.202684 3.332126
v -0.450625 -7.000005 3.332126
v -0.440048 -6.797316 3.332126
v -0.406126 -6.756324 3.332126
v -0.337806 -6.735971 3.332126
v -0.000009 -6.729625 3.332126
v 0.337806 -6.735971 3.332126
v 0.406126 -6.756324 3.332126
v 0.440048 -6.797316 3.332126
v 0.374819 -7.000000 3.460097
v 0.366021 -7.168587 3.460097
v 0.337806 -7.202684 3.460097
v 0.280979 -7.219613 3.460097
v 0.000005 -7.224892 3.460097
v -0.280979 -7.219613 3.460097
v -0.337806 -7.202684 3.460097
v -0.366021 -7.168587 3.460097
v -0.374819 -7.000004 3.460097
v -0.366021 -6.831413 3.460097
v -0.337806 -6.797316 3.460097
v -0.280979 -6.780387 3.460097
v -0.000007 -6.775108 3.460097
v 0.280979 -6.780387 3.460097
v 0.337806 -6.797316 3.460097
v 0.366021 -6.831413 3.460097
v 0.000007 -7.000000 3.500000
v 0.000007 -7.000003 3.500000
v 0.000006 -7.000004 3.500000
v 0.000005 -7.000004 3.500000
v 0.000000 -7.000004 3.500000
v -0.000005 -7.000004 3.500000
v -0.000006 -7.000004 3.500000
v -0.000007 -7.000003 3.500000
v -0.000007 -7.000000 3.500000
v -0.000007 -6.999997 3.500000
v -0.000006 -6.999996 3.500000
v -0.000005 -6.999996 3.500000
v -0.000000 -6.999996 3.500000
v 0.000005 -6.999996 3.500000
v 0.000006 -6.999996 3.500000
v 0.000007 -6.999997 3.500000
v -0.200000 -3.600000 3.200000
v -0.200000 -3.300000 2.100000
v -0.200000 -3.700000 1.000000
v -0.200000 -4.300000 0.800000
v -0.200000 -4.000000 2.300000
v -0.200000 -4.200000 3.200000
v 0.200000 -3.600000 3.200000
v 0.200000 -3.300000 2.100000
v 0.200000 -3.700000 1.000000
v 0.200000 -4.300000 0.800000
v 0.200000 -4.000000 2.300000
v 0.200000 -4.200000 3.200000
vt 0.960000 0.500000
vt 0.960000 0.508291
vt 2.375000 0.508291
vt 2.375000 0.500000
vt 0.960000 0.508291
vt 0.960000 0.516264
vt 2.375000 0.516264
vt 2.375000 0.508291
vt 0.960000 0.516264
vt 0.960000 0.523612
vt 2.375000 0.523612
vt 2.375000 0.516264
vt 0.960000 0.523612
vt 0.960000 0.530052
vt 2.375000 0.530052
vt 2.375000 0.523612
vt 0.030052 0.960000
vt 0.023612 0.960000
vt 0.023612 2.375000
vt 0.030052 2.375000
vt 0.023612 0.960000
vt 0.016264 0.960000
vt 0.016264 2.375000
vt 0.023612 2.375000
vt 0.016264 0.960000
vt 0.008291 0.960000
vt 0.008291 2.375000
vt 0.016264 2.375000
vt 0.008291 0.960000
vt 0.000000 0.960000
vt 0.000000 2.375000
vt 0.008291 2.375000
vt 0.000000 0.960000
vt -0.008291 0.960000
vt -0.008291 2.375000
vt 0.000000 2.375000
vt -0.008291 0.960000
vt -0.016264 0.960000
vt -0.016264 2.375000
vt -0.008291 2.375000
vt -0.016264 0.960000
vt -0.023612 0.960000
vt -0.023612 2.375000
vt -0.016264 2.375000
vt -0.023612 0.960000
vt -0.030052 0.960000
vt -0.030052 2.375000
vt -0.023612 2.375000
vt 0.960000 0.530052
vt 0.960000 0.523612
vt 2.375000 0.523612
vt 2.375000 0.530052
vt 0.960000 0.523612
vt 0.960000 0.516264
vt 2.375000 0.516264
vt 2.375000 0.523612
vt 0.960000 0.516264
vt 0.960000 0.508291
vt 2.375000 0.508291
vt 2.375000 0.516264
vt 0.960000 0.508291
vt 0.960000 0.500000
vt 2.375000 0.500000
vt 2.375000 0.508291
vt 0.960000 0.500000
vt 0.960000 0.491709
vt 2.375000 0.491709
vt 2.375000 0.500000
vt 0.960000 0.491709
vt 0.960000 0.483736
vt 2.375000 0.483736
vt 2.375000 0.491709
vt 0.960000 0.483736
vt 0.960000 0.476388
vt 2.375000 0.476388
vt 2.375000 0.483736
vt 0.960000 0.476388
vt 0.960000 0.469948
vt 2.375000 0.469948
vt 2.375000 0.476388
vt -0.030052 0.960000
vt -0.023612 0.960000
vt -0.023612 2.375000
vt -0.030052 2.375000
vt -0.023612 0.960000
vt -0.016264 0.960000
vt -0.016264 2.375000
vt -0.023612 2.375000
vt -0.016264 0.960000
vt -0.008291 0.960000
vt -0.008291 2.375000
vt -0.016264 2.375000
vt -0.008291 0.960000
vt -0.000000 0.960000
vt -0.000000 2.375000
vt -0.008291 2.375000
vt -0.000000 0.960000
vt 0.008291 0.960000
vt 0.008291 2.375000
vt -0.000000 2.375000
vt 0.008291 0.960000
vt 0.016264 0.960000
vt 0.016264 2.375000
vt 0.008291 2.375000
vt 0.016264 0.960000
vt 0.023612 0.960000
vt 0.023612 2.375000
vt 0.016264 2.375000
vt 0.023612 0.960000
vt 0.030052 0.960000
vt 0.030052 2.375000
vt 0.023612 2.375000
vt 0.960000 0.469948
vt 0.960000 0.476388
vt 2.375000 0.476388
vt 2.375000 0.469948
vt 0.960000 0.476388
vt 0.960000 0.483736
vt 2.375000 0.483736
vt 2.375000 0.476388
vt 0.960000 0.483736
vt 0.960000 0.491709
vt 2.375000 0.491709
vt 2.375000 0.483736
vt 0.960000 0.491709
vt 0.960000 0.500000
vt 2.375000 0.500000
vt 2.375000 0.491709
vt 0.042500 0.500000
vt 0.041683 0.508291
vt 0.000000 0.500000
vt 0.000000 0.500000
vt 0.041683 0.508291
vt 0.039265 0.516264
vt 0.000000 0.500000
vt 0.000000 0.500000
vt 0.039265 0.516264
vt 0.035337 0.523612
vt 0.000000 0.500000
vt 0.000000 0.500000
vt 0.035337 0.523612
vt 0.030052 0.530052
vt 0.000000 0.500000
vt 0.000000 0.500000
vt 0.030052 0.530052
vt 0.023612 0.535337
vt 0.000000 0.500000
vt 0.000000 0.500000
vt 0.023612 0.535337
vt 0.016264 0.539265
vt 0.000000 0.500000
vt 0.000000 0.500000
vt 0.016264 0.539265
vt 0.008291 0.541683
vt 0.000000 0.500000
vt 0.000000 0.500000
vt 0.008291 0.541683
vt 0.000000 0.542500
vt 0.000000 0.500000
vt 0.000000 0.500000
vt 0.000000 0.542500
vt -0.008291 0.541683
vt 0.000000 0.500000
vt 0.000000 0.500000
vt -0.008291 0.541683
vt -0.016264 0.539265
vt 0.000000 0.500000
vt 0.000000 0.500000
vt -0.016264 0.539265
vt -0.023612 0.535337
vt 0.000000 0.500000
vt 0.000000 0.500000
vt -0.023612 0.535337
vt -0.030052 0.530052
vt 0.000000 0.500000
vt 0.000000 0.500000
vt -0.030052 0.530052
vt -0.035337 0.523612
vt 0.000000 0.500000
vt 0.000000 0.500000
vt -0.035337 0.523612
vt -0.039265 0.516264
vt 0.000000 0.500000
vt 0.000000 0.500000
vt -0.039265 0.516264
vt -0.041683 0.508291
vt 0.000000 0.500000
vt 0.000000 0.500000
vt -0.041683 0.508291
vt -0.042500 0.500000
vt 0.000000 0.500000
vt 0.000000 0.500000
vt -0.042500 0.500000
vt -0.041683 0.491709
vt 0.000000 0.500000
vt 0.000000 0.500000
vt -0.041683 0.491709
vt -0.039265 0.483736
vt 0.000000 0.500000
vt 0.000000 0.500000
vt -0.039265 0.483736
vt -0.035337 0.476388
vt 0.000000 0.500000
vt 0.000000 0.500000
vt -0.035337 0.476388
vt -0.030052 0.469948
vt 0.000000 0.500000
vt 0.000000 0.500000
vt -0.030052 0.469948
vt -0.023612 0.464663
vt 0.000000 0.500000
vt 0.000000 0.500000
vt -0.023612 0.464663
vt -0.016264 0.460735
vt 0.000000 0.500000
vt 0.000000 0.500000
vt -0.016264 0.460735
vt -0.008291 0.458317
vt 0.000000 0.500000
vt 0.000000 0.500000
vt -0.008291 0.458317
vt -0.000000 0.457500
vt 0.000000 0.500000
vt 0.000000 0.500000
vt -0.000000 0.457500
vt 0.008291 0.458317
vt 0.000000 0.500000
vt 0.000000 0.500000
vt 0.008291 0.458317
vt 0.016264 0.460735
vt 0.000000 0.500000
vt 0.000000 0.500000
vt 0.016264 0.460735
vt 0.023612 0.464663
vt 0.000000 0.500000
vt 0.000000 0.500000
vt 0.023612 0.464663
vt 0.030052 0.469948
vt 0.000000 0.500000
vt 0.000000 0.500000
vt 0.030052 0.469948
vt 0.035337 0.476388
vt 0.000000 0.500000
vt 0.000000 0.500000
vt 0.035337 0.476388
vt 0.039265 0.483736
vt 0.000000 0.500000
vt 0.000000 0.500000
vt 0.039265 0.483736
vt 0.041683 0.491709
vt 0.000000 0.500000
vt 0.000000 0.500000
vt 0.041683 0.491709
vt 0.042500 0.500000
vt 0.000000 0.500000
vt 0.000000 0.500000
vt 2.375000 0.500000
vt 2.375000 0.500000
vt 0.960000 0.500000
vt 0.960000 0.500000
vt 2.375000 0.500000
vt 2.375000 0.500000
vt 0.960000 0.500000
vt 0.960000 0.500000
vt 2.375000 0.500000
vt 2.375000 0.500000
vt 0.960000 0.500000
vt 0.960000 0.500000
vt 2.375000 0.500000
vt 2.375000 0.500000
vt 0.960000 0.500000
vt 0.960000 0.500000
vt 2.375000 0.500000
vt 2.375000 0.500000
vt 0.960000 0.500000
vt 0.960000 0.500000
vt 2.375000 0.500000
vt 2.375000 0.500000
vt 0.960000 0.500000
vt 0.960000 0.500000
vt 2.375000 0.500000
vt 2.375000 0.500000
vt 0.960000 0.500000
vt 0.960000 0.500000
vt 2.375000 0.500000
vt 2.375000 0.500000
vt 0.960000 0.500000
vt 0.960000 0.500000
vt 2.375000 0.500000
vt 2.375000 0.500000
vt 0.960000 0.500000
vt 0.960000 0.500000
vt 2.375000 0.500000
vt 2.375000 0.500000
vt 0.960000 0.500000
vt 0.960000 0.500000
vt 2.375000 0.500000
vt 2.375000 0.500000
vt 0.960000 0.500000
vt 0.960000 0.500000
vt 2.375000 0.500000
vt 2.375000 0.500000
vt 0.960000 0.500000
vt 0.960000 0.500000
vt 2.375000 0.500000
vt 2.375000 0.500000
vt 0.960000 0.500000
vt 0.960000 0.500000
vt 2.375000 0.500000
vt 2.375000 0.500000
vt 0.960000 0.500000
vt 0.960000 0.500000
vt 2.375000 0.500000
vt 2.375000 0.500000
vt 0.960000 0.500000
vt 0.960000 0.500000
vt 2.375000 0.500000
vt 2.375000 0.500000
vt 0.960000 0.500000
vt 0.960000 0.500000
vt 2.375000 0.500000
vt 2.375000 0.500000
vt 0.960000 0.500000
vt 0.960000 0.500000
vt 2.375000 0.500000
vt 2.375000 0.500000
vt 0.960000 0.500000
vt 0.960000 0.500000
vt 2.375000 0.500000
vt 2.375000 0.500000
vt 0.960000 0.500000
vt 0.960000 0.500000
vt 2.375000 0.500000
vt 2.375000 0.500000
vt 0.960000 0.500000
vt 0.960000 0.500000
vt 2.375000 0.500000
vt 2.375000 0.500000
vt 0.960000 0.500000
vt 0.960000 0.500000
vt 2.375000 0.500000
vt 2.375000 0.500000
vt 0.960000 0.500000
vt 0.960000 0.500000
vt 2.375000 0.500000
vt 2.375000 0.500000
vt 0.960000 0.500000
vt 0.960000 0.500000
vt 2.375000 0.500000
vt 2.375000 0.500000
vt 0.960000 0.500000
vt 0.960000 0.500000
vt 2.375000 0.500000
vt 2.375000 0.500000
vt 0.960000 0.500000
vt 0.960000 0.500000
vt 2.375000 0.500000
vt 2.375000 0.500000
vt 0.960000 0.500000
vt 0.960000 0.500000
vt 2.375000 0.500000
vt 2.375000 0.500000
vt 0.960000 0.500000
vt 0.960000 0.500000
vt 2.375000 0.500000
vt 2.375000 0.500000
vt 0.960000 0.500000
vt 0.960000 0.500000
vt 2.375000 0.500000
vt 2.375000 0.500000
vt 0.960000 0.500000
vt 0.960000 0.500000
vt 2.375000 0.500000
vt 2.375000 0.500000
vt 0.960000 0.500000
vt 0.960000 0.500000
vt 2.375000 0.500000
vt 2.375000 0.500000
vt 0.960000 0.500000
vt 0.960000 0.500000
vt 2.375000 0.500000
vt 2.375000 0.500000
vt 0.960000 0.500000
vt 0.960000 0.500000
vt 0.960000 0.500000
vt 0.960000 0.500000
vt 0.960000 0.508291
vt 0.960000 0.500000
vt 0.960000 0.500000
vt 0.960000 0.500000
vt 0.960000 0.516264
vt 0.960000 0.508291
vt 0.960000 0.500000
vt 0.960000 0.500000
vt 0.960000 0.523612
vt 0.960000 0.516264
vt 0.960000 0.500000
vt 0.960000 0.500000
vt 0.960000 0.530052
vt 0.960000 0.523612
vt 0.960000 0.500000
vt 0.960000 0.500000
vt 0.960000 0.535337
vt 0.960000 0.530052
vt 0.960000 0.500000
vt 0.960000 0.500000
vt 0.960000 0.539265
vt 0.960000 0.535337
vt 0.960000 0.500000
vt 0.960000 0.500000
vt 0.960000 0.541683
vt 0.960000 0.539265
vt 0.960000 0.500000
vt 0.960000 0.500000
vt 0.960000 0.542500
vt 0.960000 0.541683
vt 0.960000 0.500000
vt 0.960000 0.500000
vt 0.960000 0.541683
vt 0.960000 0.542500
vt 0.960000 0.500000
vt 0.960000 0.500000
vt 0.960000 0.539265
vt 0.960000 0.541683
vt 0.960000 0.500000
vt 0.960000 0.500000
vt 0.960000 0.535337
vt 0.960000 0.539265
vt 0.960000 0.500000
vt 0.960000 0.500000
vt 0.960000 0.530052
vt 0.960000 0.535337
vt 0.960000 0.500000
vt 0.960000 0.500000
vt 0.960000 0.523612
vt 0.960000 0.530052
vt 0.960000 0.500000
vt 0.960000 0.500000
vt 0.960000 0.516264
vt 0.960000 0.523612
vt 0.960000 0.500000
vt 0.960000 0.500000
vt 0.960000 0.508291
vt 0.960000 0.516264
vt 0.960000 0.500000
vt 0.960000 0.500000
vt 0.960000 0.500000
vt 0.960000 0.508291
vt 0.960000 0.500000
vt 0.960000 0.500000
vt 0.960000 0.491709
vt 0.960000 0.500000
vt 0.960000 0.500000
vt 0.960000 0.500000
vt 0.960000 0.483736
vt 0.960000 0.491709
vt 0.960000 0.500000
vt 0.960000 0.500000
vt 0.960000 0.476388
vt 0.960000 0.483736
vt 0.960000 0.500000
vt 0.960000 0.500000
vt 0.960000 0.469948
vt 0.960000 0.476388
vt 0.960000 0.500000
vt 0.960000 0.500000
vt 0.960000 0.464663
vt 0.960000 0.469948
vt 0.960000 0.500000
vt 0.960000 0.500000
vt 0.960000 0.460735
vt 0.960000 0.464663
vt 0.960000 0.500000
vt 0.960000 0.500000
vt 0.960000 0.458317
vt 0.960000 0.460735
vt 0.960000 0.500000
vt 0.960000 0.500000
vt 0.960000 0.457500
vt 0.960000 0.458317
vt 0.960000 0.500000
vt 0.960000 0.500000
vt 0.960000 0.458317
vt 0.960000 0.457500
vt 0.960000 0.500000
vt 0.960000 0.500000
vt 0.960000 0.460735
vt 0.960000 0.458317
vt 0.960000 0.500000
vt 0.960000 0.500000
vt 0.960000 0.464663
vt 0.960000 0.460735
vt 0.960000 0.500000
vt 0.960000 0.500000
vt 0.960000 0.469948
vt 0.960000 0.464663
vt 0.960000 0.500000
vt 0.960000 0.500000
vt 0.960000 0.476388
vt 0.960000 0.469948
vt 0.960000 0.500000
vt 0.960000 0.500000
vt 0.960000 0.483736
vt 0.960000 0.476388
vt 0.960000 0.500000
vt 0.960000 0.500000
vt 0.960000 0.491709
vt 0.960000 0.483736
vt 0.960000 0.500000
vt 0.960000 0.500000
vt 0.960000 0.500000
vt 0.960000 0.491709
vt 2.180000 0.500000
vt 2.180000 0.510242
vt 2.225000 0.510242
vt 2.225000 0.500000
vt 2.180000 0.510242
vt 2.180000 0.520091
vt 2.225000 0.520091
vt 2.225000 0.510242
vt 2.180000 0.520091
vt 2.180000 0.529167
vt 2.225000 0.529167
vt 2.225000 0.520091
vt 2.180000 0.529167
vt 2.180000 0.537123
vt 2.225000 0.537123
vt 2.225000 0.529167
vt 0.037123 2.180000
vt 0.029167 2.180000
vt 0.029167 2.225000
vt 0.037123 2.225000
vt 0.029167 2.180000
vt 0.020091 2.180000
vt 0.020091 2.225000
vt 0.029167 2.225000
vt 0.020091 2.180000
vt 0.010242 2.180000
vt 0.010242 2.225000
vt 0.020091 2.225000
vt 0.010242 2.180000
vt 0.000000 2.180000
vt 0.000000 2.225000
vt 0.010242 2.225000
vt 0.000000 2.180000
vt -0.010242 2.180000
vt -0.010242 2.225000
vt 0.000000 2.225000
vt -0.010242 2.180000
vt -0.020091 2.180000
vt -0.020091 2.225000
vt -0.010242 2.225000
vt -0.020091 2.180000
vt -0.029167 2.180000
vt -0.029167 2.225000
vt -0.020091 2.225000
vt -0.029167 2.180000
vt -0.037123 2.180000
vt -0.037123 2.225000
vt -0.029167 2.225000
vt 2.180000 0.537123
vt 2.180000 0.529167
vt 2.225000 0.529167
vt 2.225000 0.537123
vt 2.180000 0.529167
vt 2.180000 0.520091
vt 2.225000 0.520091
vt 2.225000 0.529167
vt 2.180000 0.520091
vt 2.180000 0.510242
vt 2.225000 0.510242
vt 2.225000 0.520091
vt 2.180000 0.510242
vt 2.180000 0.500000
vt 2.225000 0.500000
vt 2.225000 0.510242
vt 2.180000 0.500000
vt 2.180000 0.489758
vt 2.225000 0.489758
vt 2.225000 0.500000
vt 2.180000 0.489758
vt 2.180000 0.479909
vt 2.225000 0.479909
vt 2.225000 0.489758
vt 2.180000 0.479909
vt 2.180000 0.470833
vt 2.225000 0.470833
vt 2.225000 0.479909
vt 2.180000 0.470833
vt 2.180000 0.462877
vt 2.225000 0.462877
vt 2.225000 0.470833
vt -0.037123 2.180000
vt -0.029167 2.180000
vt -0.029167 2.225000
vt -0.037123 2.225000
vt -0.029167 2.180000
vt -0.020091 2.180000
vt -0.020091 2.225000
vt -0.029167 2.225000
vt -0.020091 2.180000
vt -0.010242 2.180000
vt -0.010242 2.225000
vt -0.020091 2.225000
vt -0.010242 2.180000
vt -0.000000 2.180000
vt -0.000000 2.225000
vt -0.010242 2.225000
vt -0.000000 2.180000
vt 0.010242 2.180000
vt 0.010242 2.225000
vt -0.000000 2.225000
vt 0.010242 2.180000
vt 0.020091 2.180000
vt 0.020091 2.225000
vt 0.010242 2.225000
vt 0.020091 2.180000
vt 0.029167 2.180000
vt 0.029167 2.225000
vt 0.020091 2.225000
vt 0.029167 2.180000
vt 0.037123 2.180000
vt 0.037123 2.225000
vt 0.029167 2.225000
vt 2.180000 0.462877
vt 2.180000 0.470833
vt 2.225000 0.470833
vt 2.225000 0.462877
vt 2.180000 0.470833
vt 2.180000 0.479909
vt 2.225000 0.479909
vt 2.225000 0.470833
vt 2.180000 0.479909
vt 2.180000 0.489758
vt 2.225000 0.489758
vt 2.225000 0.479909
vt 2.180000 0.489758
vt 2.180000 0.500000
vt 2.225000 0.500000
vt 2.225000 0.489758
vt 0.052500 0.500000
vt 0.051491 0.510242
vt 0.000000 0.500000
vt 0.000000 0.500000
vt 0.051491 0.510242
vt 0.048504 0.520091
vt 0.000000 0.500000
vt 0.000000 0.500000
vt 0.048504 0.520091
vt 0.043652 0.529167
vt 0.000000 0.500000
vt 0.000000 0.500000
vt 0.043652 0.529167
vt 0.037123 0.537123
vt 0.000000 0.500000
vt 0.000000 0.500000
vt 0.037123 0.537123
vt 0.029167 0.543652
vt 0.000000 0.500000
vt 0.000000 0.500000
vt 0.029167 0.543652
vt 0.020091 0.548504
vt 0.000000 0.500000
vt 0.000000 0.500000
vt 0.020091 0.548504
vt 0.010242 0.551491
vt 0.000000 0.500000
vt 0.000000 0.500000
vt 0.010242 0.551491
vt 0.000000 0.552500
vt 0.000000 0.500000
vt 0.000000 0.500000
vt 0.000000 0.552500
vt -0.010242 0.551491
vt 0.000000 0.500000
vt 0.000000 0.500000
vt -0.010242 0.551491
vt -0.020091 0.548504
vt 0.000000 0.500000
vt 0.000000 0.500000
vt -0.020091 0.548504
vt -0.029167 0.543652
vt 0.000000 0.500000
vt 0.000000 0.500000
vt -0.029167 0.543652
vt -0.037123 0.537123
vt 0.000000 0.500000
vt 0.000000 0.500000
vt -0.037123 0.537123
vt -0.043652 0.529167
vt 0.000000 0.500000
vt 0.000000 0.500000
vt -0.043652 0.529167
vt -0.048504 0.520091
vt 0.000000 0.500000
vt 0.000000 0.500000
vt -0.048504 0.520091
vt -0.051491 0.510242
vt 0.000000 0.500000
vt 0.000000 0.500000
vt -0.051491 0.510242
vt -0.052500 0.500000
vt 0.000000 0.500000
vt 0.000000 0.500000
vt -0.052500 0.500000
vt -0.051491 0.489758
vt 0.000000 0.500000
vt 0.000000 0.500000
vt -0.051491 0.489758
vt -0.048504 0.479909
vt 0.000000 0.500000
vt 0.000000 0.500000
vt -0.048504 0.479909
vt -0.043652 0.470833
vt 0.000000 0.500000
vt 0.000000 0.500000
vt -0.043652 0.470833
vt -0.037123 0.462877
vt 0.000000 0.500000
vt 0.000000 0.500000
vt -0.037123 0.462877
vt -0.029167 0.456348
vt 0.000000 0.500000
vt 0.000000 0.500000
vt -0.029167 0.456348
vt -0.020091 0.451496
vt 0.000000 0.500000
vt 0.000000 0.500000
vt -0.020091 0.451496
vt -0.010242 0.448509
vt 0.000000 0.500000
vt 0.000000 0.500000
vt -0.010242 0.448509
vt -0.000000 0.447500
vt 0.000000 0.500000
vt 0.000000 0.500000
vt -0.000000 0.447500
vt 0.010242 0.448509
vt 0.000000 0.500000
vt 0.000000 0.500000
vt 0.010242 0.448509
vt 0.020091 0.451496
vt 0.000000 0.500000
vt 0.000000 0.500000
vt 0.020091 0.451496
vt 0.029167 0.456348
vt 0.000000 0.500000
vt 0.000000 0.500000
vt 0.029167 0.456348
vt 0.037123 0.462877
vt 0.000000 0.500000
vt 0.000000 0.500000
vt 0.037123 0.462877
vt 0.043652 0.470833
vt 0.000000 0.500000
vt 0.000000 0.500000
vt 0.043652 0.470833
vt 0.048504 0.479909
vt 0.000000 0.500000
vt 0.000000 0.500000
vt 0.048504 0.479909
vt 0.051491 0.489758
vt 0.000000 0.500000
vt 0.000000 0.500000
vt 0.051491 0.489758
vt 0.052500 0.500000
vt 0.000000 0.500000
vt 0.000000 0.500000
vt 2.225000 0.500000
vt 2.225000 0.500000
vt 2.180000 0.500000
vt 2.180000 0.500000
vt 2.225000 0.500000
vt 2.225000 0.500000
vt 2.180000 0.500000
vt 2.180000 0.500000
vt 2.225000 0.500000
vt 2.225000 0.500000
vt 2.180000 0.500000
vt 2.180000 0.500000
vt 2.225000 0.500000
vt 2.225000 0.500000
vt 2.180000 0.500000
vt 2.180000 0.500000
vt 2.225000 0.500000
vt 2.225000 0.500000
vt 2.180000 0.500000
vt 2.180000 0.500000
vt 2.225000 0.500000
vt 2.225000 0.500000
vt 2.180000 0.500000
vt 2.180000 0.500000
vt 2.225000 0.500000
vt 2.225000 0.500000
vt 2.180000 0.500000
vt 2.180000 0.500000
vt 2.225000 0.500000
vt 2.225000 0.500000
vt 2.180000 0.500000
vt 2.180000 0.500000
vt 2.225000 0.500000
vt 2.225000 0.500000
vt 2.180000 0.500000
vt 2.180000 0.500000
vt 2.225000 0.500000
vt 2.225000 0.500000
vt 2.180000 0.500000
vt 2.180000 0.500000
vt 2.225000 0.500000
vt 2.225000 0.500000
vt 2.180000 0.500000
vt 2.180000 0.500000
vt 2.225000 0.500000
vt 2.225000 0.500000
vt 2.180000 0.500000
vt 2.180000 0.500000
vt 2.225000 0.500000
vt 2.225000 0.500000
vt 2.180000 0.500000
vt 2.180000 0.500000
vt 2.225000 0.500000
vt 2.225000 0.500000
vt 2.180000 0.500000
vt 2.180000 0.500000
vt 2.225000 0.500000
vt 2.225000 0.500000
vt 2.180000 0.500000
vt 2.180000 0.500000
vt 2.225000 0.500000
vt 2.225000 0.500000
vt 2.180000 0.500000
vt 2.180000 0.500000
vt 2.225000 0.500000
vt 2.225000 0.500000
vt 2.180000 0.500000
vt 2.180000 0.500000
vt 2.225000 0.500000
vt 2.225000 0.500000
vt 2.180000 0.500000
vt 2.180000 0.500000
vt 2.225000 0.500000
vt 2.225000 0.500000
vt 2.180000 0.500000
vt 2.180000 0.500000
vt 2.225000 0.500000
vt 2.225000 0.500000
vt 2.180000 0.500000
vt 2.180000 0.500000
vt 2.225000 0.500000
vt 2.225000 0.500000
vt 2.180000 0.500000
vt 2.180000 0.500000
vt 2.225000 0.500000
vt 2.225000 0.500000
vt 2.180000 0.500000
vt 2.180000 0.500000
vt 2.225000 0.500000
vt 2.225000 0.500000
vt 2.180000 0.500000
vt 2.180000 0.500000
vt 2.225000 0.500000
vt 2.225000 0.500000
vt 2.180000 0.500000
vt 2.180000 0.500000
vt 2.225000 0.500000
vt 2.225000 0.500000
vt 2.180000 0.500000
vt 2.180000 0.500000
vt 2.225000 0.500000
vt 2.225000 0.500000
vt 2.180000 0.500000
vt 2.180000 0.500000
vt 2.225000 0.500000
vt 2.225000 0.500000
vt 2.180000 0.500000
vt 2.180000 0.500000
vt 2.225000 0.500000
vt 2.225000 0.500000
vt 2.180000 0.500000
vt 2.180000 0.500000
vt 2.225000 0.500000
vt 2.225000 0.500000
vt 2.180000 0.500000
vt 2.180000 0.500000
vt 2.225000 0.500000
vt 2.225000 0.500000
vt 2.180000 0.500000
vt 2.180000 0.500000
vt 2.225000 0.500000
vt 2.225000 0.500000
vt 2.180000 0.500000
vt 2.180000 0.500000
vt 2.225000 0.500000
vt 2.225000 0.500000
vt 2.180000 0.500000
vt 2.180000 0.500000
vt 2.180000 0.500000
vt 2.180000 0.500000
vt 2.180000 0.510242
vt 2.180000 0.500000
vt 2.180000 0.500000
vt 2.180000 0.500000
vt 2.180000 0.520091
vt 2.180000 0.510242
vt 2.180000 0.500000
vt 2.180000 0.500000
vt 2.180000 0.529167
vt 2.180000 0.520091
vt 2.180000 0.500000
vt 2.180000 0.500000
vt 2.180000 0.537123
vt 2.180000 0.529167
vt 2.180000 0.500000
vt 2.180000 0.500000
vt 2.180000 0.543652
vt 2.180000 0.537123
vt 2.180000 0.500000
vt 2.180000 0.500000
vt 2.180000 0.548504
vt 2.180000 0.543652
vt 2.180000 0.500000
vt 2.180000 0.500000
vt 2.180000 0.551491
vt 2.180000 0.548504
vt 2.180000 0.500000
vt 2.180000 0.500000
vt 2.180000 0.552500
vt 2.180000 0.551491
vt 2.180000 0.500000
vt 2.180000 0.500000
vt 2.180000 0.551491
vt 2.180000 0.552500
vt 2.180000 0.500000
vt 2.180000 0.500000
vt 2.180000 0.548504
vt 2.180000 0.551491
vt 2.180000 0.500000
vt 2.180000 0.500000
vt 2.180000 0.543652
vt 2.180000 0.548504
vt 2.180000 0.500000
vt 2.180000 0.500000
vt 2.180000 0.537123
vt 2.180000 0.543652
vt 2.180000 0.500000
vt 2.180000 0.500000
vt 2.180000 0.529167
vt 2.180000 0.537123
vt 2.180000 0.500000
vt 2.180000 0.500000
vt 2.180000 0.520091
vt 2.180000 0.529167
vt 2.180000 0.500000
vt 2.180000 0.500000
vt 2.180000 0.510242
vt 2.180000 0.520091
vt 2.180000 0.500000
vt 2.180000 0.500000
vt 2.180000 0.500000
vt 2.180000 0.510242
vt 2.180000 0.500000
vt 2.180000 0.500000
vt 2.180000 0.489758
vt 2.180000 0.500000
vt 2.180000 0.500000
vt 2.180000 0.500000
vt 2.180000 0.479909
vt 2.180000 0.489758
vt 2.180000 0.500000
vt 2.180000 0.500000
vt 2.180000 0.470833
vt 2.180000 0.479909
vt 2.180000 0.500000
vt 2.180000 0.500000
vt 2.180000 0.462877
vt 2.180000 0.470833
vt 2.180000 0.500000
vt 2.180000 0.500000
vt 2.180000 0.456348
vt 2.180000 0.462877
vt 2.180000 0.500000
vt 2.180000 0.500000
vt 2.180000 0.451496
vt 2.180000 0.456348
vt 2.180000 0.500000
vt 2.180000 0.500000
vt 2.180000 0.448509
vt 2.180000 0.451496
vt 2.180000 0.500000
vt 2.180000 0.500000
vt 2.180000 0.447500
vt 2.180000 0.448509
vt 2.180000 0.500000
vt 2.180000 0.500000
vt 2.180000 0.448509
vt 2.180000 0.447500
vt 2.180000 0.500000
vt 2.180000 0.500000
vt 2.180000 0.451496
vt 2.180000 0.448509
vt 2.180000 0.500000
vt 2.180000 0.500000
vt 2.180000 0.456348
vt 2.180000 0.451496
vt 2.180000 0.500000
vt 2.180000 0.500000
vt 2.180000 0.462877
vt 2.180000 0.456348
vt 2.180000 0.500000
vt 2.180000 0.500000
vt 2.180000 0.470833
vt 2.180000 0.462877
vt 2.180000 0.500000
vt 2.180000 0.500000
vt 2.180000 0.479909
vt 2.180000 0.470833
vt 2.180000 0.500000
vt 2.180000 0.500000
vt 2.180000 0.489758
vt 2.180000 0.479909
vt 2.180000 0.500000
vt 2.180000 0.500000
vt 2.180000 0.500000
vt 2.180000 0.489758
vt 2.350000 0.500000
vt 2.350000 0.511218
vt 2.500000 0.511218
vt 2.500000 0.500000
vt 2.350000 0.511218
vt 2.350000 0.522004
vt 2.500000 0.522004
vt 2.500000 0.511218
vt 2.350000 0.522004
vt 2.350000 0.531945
vt 2.500000 0.531945
vt 2.500000 0.522004
vt 2.350000 0.531945
vt 2.350000 0.540659
vt 2.500000 0.540659
vt 2.500000 0.531945
vt 0.040659 2.350000
vt 0.031945 2.350000
vt 0.031945 2.500000
vt 0.040659 2.500000
vt 0.031945 2.350000
vt 0.022004 2.350000
vt 0.022004 2.500000
vt 0.031945 2.500000
vt 0.022004 2.350000
vt 0.011218 2.350000
vt 0.011218 2.500000
vt 0.022004 2.500000
vt 0.011218 2.350000
vt 0.000000 2.350000
vt 0.000000 2.500000
vt 0.011218 2.500000
vt 0.000000 2.350000
vt -0.011218 2.350000
vt -0.011218 2.500000
vt 0.000000 2.500000
vt -0.011218 2.350000
vt -0.022004 2.350000
vt -0.022004 2.500000
vt -0.011218 2.500000
vt -0.022004 2.350000
vt -0.031945 2.350000
vt -0.031945 2.500000
vt -0.022004 2.500000
vt -0.031945 2.350000
vt -0.040659 2.350000
vt -0.040659 2.500000
vt -0.031945 2.500000
vt 2.350000 0.540659
vt 2.350000 0.531945
vt 2.500000 0.531945
vt 2.500000 0.540659
vt 2.350000 0.531945
vt 2.350000 0.522004
vt 2.500000 0.522004
vt 2.500000 0.531945
vt 2.350000 0.522004
vt 2.350000 0.511218
vt 2.500000 0.511218
vt 2.500000 0.522004
vt 2.350000 0.511218
vt 2.350000 0.500000
vt 2.500000 0.500000
vt 2.500000 0.511218
vt 2.350000 0.500000
vt 2.350000 0.488782
vt 2.500000 0.488782
vt 2.500000 0.500000
vt 2.350000 0.488782
vt 2.350000 0.477996
vt 2.500000 0.477996
vt 2.500000 0.488782
vt 2.350000 0.477996
vt 2.350000 0.468055
vt 2.500000 0.468055
vt 2.500000 0.477996
vt 2.350000 0.468055
vt 2.350000 0.459341
vt 2.500000 0.459341
vt 2.500000 0.468055
vt -0.040659 2.350000
vt -0.031945 2.350000
vt -0.031945 2.500000
vt -0.040659 2.500000
vt -0.031945 2.350000
vt -0.022004 2.350000
vt -0.022004 2.500000
vt -0.031945 2.500000
vt -0.022004 2.350000
vt -0.011218 2.350000
vt -0.011218 2.500000
vt -0.022004 2.500000
vt -0.011218 2.350000
vt -0.000000 2.350000
vt -0.000000 2.500000
vt -0.011218 2.500000
vt -0.000000 2.350000
vt 0.011218 2.350000
vt 0.011218 2.500000
vt -0.000000 2.500000
vt 0.011218 2.350000
vt 0.022004 2.350000
vt 0.022004 2.500000
vt 0.011218 2.500000
vt 0.022004 2.350000
vt 0.031945 2.350000
vt 0.031945 2.500000
vt 0.022004 2.500000
vt 0.031945 2.350000
vt 0.040659 2.350000
vt 0.040659 2.500000
vt 0.031945 2.500000
vt 2.350000 0.459341
vt 2.350000 0.468055
vt 2.500000 0.468055
vt 2.500000 0.459341
vt 2.350000 0.468055
vt 2.350000 0.477996
vt 2.500000 0.477996
vt 2.500000 0.468055
vt 2.350000 0.477996
vt 2.350000 0.488782
vt 2.500000 0.488782
vt 2.500000 0.477996
vt 2.350000 0.488782
vt 2.350000 0.500000
vt 2.500000 0.500000
vt 2.500000 0.488782
vt 0.057500 0.500000
vt 0.056395 0.511218
vt 0.031385 0.506243
vt 0.032000 0.500000
vt 0.056395 0.511218
vt 0.053123 0.522004
vt 0.029564 0.512246
vt 0.031385 0.506243
vt 0.053123 0.522004
vt 0.047810 0.531945
vt 0.026607 0.517778
vt 0.029564 0.512246
vt 0.047810 0.531945
vt 0.040659 0.540659
vt 0.022627 0.522627
vt 0.026607 0.517778
vt 0.040659 0.540659
vt 0.031945 0.547810
vt 0.017778 0.526607
vt 0.022627 0.522627
vt 0.031945 0.547810
vt 0.022004 0.553123
vt 0.012246 0.529564
vt 0.017778 0.526607
vt 0.022004 0.553123
vt 0.011218 0.556395
vt 0.006243 0.531385
vt 0.012246 0.529564
vt 0.011218 0.556395
vt 0.000000 0.557500
vt 0.000000 0.532000
vt 0.006243 0.531385
vt 0.000000 0.557500
vt -0.011218 0.556395
vt -0.006243 0.531385
vt 0.000000 0.532000
vt -0.011218 0.556395
vt -0.022004 0.553123
vt -0.012246 0.529564
vt -0.006243 0.531385
vt -0.022004 0.553123
vt -0.031945 0.547810
vt -0.017778 0.526607
vt -0.012246 0.529564
vt -0.031945 0.547810
vt -0.040659 0.540659
vt -0.022627 0.522627
vt -0.017778 0.526607
vt -0.040659 0.540659
vt -0.047810 0.531945
vt -0.026607 0.517778
vt -0.022627 0.522627
vt -0.047810 0.531945
vt -0.053123 0.522004
vt -0.029564 0.512246
vt -0.026607 0.517778
vt -0.053123 0.522004
vt -0.056395 0.511218
vt -0.031385 0.506243
vt -0.029564 0.512246
vt -0.056395 0.511218
vt -0.057500 0.500000
vt -0.032000 0.500000
vt -0.031385 0.506243
vt -0.057500 0.500000
vt -0.056395 0.488782
vt -0.031385 0.493757
vt -0.032000 0.500000
vt -0.056395 0.488782
vt -0.053123 0.477996
vt -0.029564 0.487754
vt -0.031385 0.493757
vt -0.053123 0.477996
vt -0.047810 0.468055
vt -0.026607 0.482222
vt -0.029564 0.487754
vt -0.047810 0.468055
vt -0.040659 0.459341
vt -0.022627 0.477373
vt -0.026607 0.482222
vt -0.040659 0.459341
vt -0.031945 0.452190
vt -0.017778 0.473393
vt -0.022627 0.477373
vt -0.031945 0.452190
vt -0.022004 0.446877
vt -0.012246 0.470436
vt -0.017778 0.473393
vt -0.022004 0.446877
vt -0.011218 0.443605
vt -0.006243 0.468615
vt -0.012246 0.470436
vt -0.011218 0.443605
vt -0.000000 0.442500
vt -0.000000 0.468000
vt -0.006243 0.468615
vt -0.000000 0.442500
vt 0.011218 0.443605
vt 0.006243 0.468615
vt -0.000000 0.468000
vt 0.011218 0.443605
vt 0.022004 0.446877
vt 0.012246 0.470436
vt 0.006243 0.468615
vt 0.022004 0.446877
vt 0.031945 0.452190
vt 0.017778 0.473393
vt 0.012246 0.470436
vt 0.031945 0.452190
vt 0.040659 0.459341
vt 0.022627 0.477373
vt 0.017778 0.473393
vt 0.040659 0.459341
vt 0.047810 0.468055
vt 0.026607 0.482222
vt 0.022627 0.477373
vt 0.047810 0.468055
vt 0.053123 0.477996
vt 0.029564 0.487754
vt 0.026607 0.482222
vt 0.053123 0.477996
vt 0.056395 0.488782
vt 0.031385 0.493757
vt 0.029564 0.487754
vt 0.056395 0.488782
vt 0.057500 0.500000
vt 0.032000 0.500000
vt 0.031385 0.493757
vt 2.500000 0.500000
vt 2.500000 0.506243
vt 2.350000 0.506243
vt 2.350000 0.500000
vt 2.500000 0.506243
vt 2.500000 0.512246
vt 2.350000 0.512246
vt 2.350000 0.506243
vt 2.500000 0.512246
vt 2.500000 0.517778
vt 2.350000 0.517778
vt 2.350000 0.512246
vt 2.500000 0.517778
vt 2.500000 0.522627
vt 2.350000 0.522627
vt 2.350000 0.517778
vt 0.022627 2.500000
vt 0.017778 2.500000
vt 0.017778 2.350000
vt 0.022627 2.350000
vt 0.017778 2.500000
vt 0.012246 2.500000
vt 0.012246 2.350000
vt 0.017778 2.350000
vt 0.012246 2.500000
vt 0.006243 2.500000
vt 0.006243 2.350000
vt 0.012246 2.350000
vt 0.006243 2.500000
vt 0.000000 2.500000
vt 0.000000 2.350000
vt 0.006243 2.350000
vt 0.000000 2.500000
vt -0.006243 2.500000
vt -0.006243 2.350000
vt 0.000000 2.350000
vt -0.006243 2.500000
vt -0.012246 2.500000
vt -0.012246 2.350000
vt -0.006243 2.350000
vt -0.012246 2.500000
vt -0.017778 2.500000
vt -0.017778 2.350000
vt -0.012246 2.350000
vt -0.017778 2.500000
vt -0.022627 2.500000
vt -0.022627 2.350000
vt -0.017778 2.350000
vt 2.500000 0.522627
vt 2.500000 0.517778
vt 2.350000 0.517778
vt 2.350000 0.522627
vt 2.500000 0.517778
vt 2.500000 0.512246
vt 2.350000 0.512246
vt 2.350000 0.517778
vt 2.500000 0.512246
vt 2.500000 0.506243
vt 2.350000 0.506243
vt 2.350000 0.512246
vt 2.500000 0.506243
vt 2.500000 0.500000
vt 2.350000 0.500000
vt 2.350000 0.506243
vt 2.500000 0.500000
vt 2.500000 0.493757
vt 2.350000 0.493757
vt 2.350000 0.500000
vt 2.500000 0.493757
vt 2.500000 0.487754
vt 2.350000 0.487754
vt 2.350000 0.493757
vt 2.500000 0.487754
vt 2.500000 0.482222
vt 2.350000 0.482222
vt 2.350000 0.487754
vt 2.500000 0.482222
vt 2.500000 0.477373
vt 2.350000 0.477373
vt 2.350000 0.482222
vt -0.022627 2.500000
vt -0.017778 2.500000
vt -0.017778 2.350000
vt -0.022627 2.350000
vt -0.017778 2.500000
vt -0.012246 2.500000
vt -0.012246 2.350000
vt -0.017778 2.350000
vt -0.012246 2.500000
vt -0.006243 2.500000
vt -0.006243 2.350000
vt -0.012246 2.350000
vt -0.006243 2.500000
vt -0.000000 2.500000
vt -0.000000 2.350000
vt -0.006243 2.350000
vt -0.000000 2.500000
vt 0.006243 2.500000
vt 0.006243 2.350000
vt -0.000000 2.350000
vt 0.006243 2.500000
vt 0.012246 2.500000
vt 0.012246 2.350000
vt 0.006243 2.350000
vt 0.012246 2.500000
vt 0.017778 2.500000
vt 0.017778 2.350000
vt 0.012246 2.350000
vt 0.017778 2.500000
vt 0.022627 2.500000
vt 0.022627 2.350000
vt 0.017778 2.350000
vt 2.500000 0.477373
vt 2.500000 0.482222
vt 2.350000 0.482222
vt 2.350000 0.477373
vt 2.500000 0.482222
vt 2.500000 0.487754
vt 2.350000 0.487754
vt 2.350000 0.482222
vt 2.500000 0.487754
vt 2.500000 0.493757
vt 2.350000 0.493757
vt 2.350000 0.487754
vt 2.500000 0.493757
vt 2.500000 0.500000
vt 2.350000 0.500000
vt 2.350000 0.493757
vt 0.032000 0.500000
vt 0.031385 0.506243
vt 0.056395 0.511218
vt 0.057500 0.500000
vt 0.031385 0.506243
vt 0.029564 0.512246
vt 0.053123 0.522004
vt 0.056395 0.511218
vt 0.029564 0.512246
vt 0.026607 0.517778
vt 0.047810 0.531945
vt 0.053123 0.522004
vt 0.026607 0.517778
vt 0.022627 0.522627
vt 0.040659 0.540659
vt 0.047810 0.531945
vt 0.022627 0.522627
vt 0.017778 0.526607
vt 0.031945 0.547810
vt 0.040659 0.540659
vt 0.017778 0.526607
vt 0.012246 0.529564
vt 0.022004 0.553123
vt 0.031945 0.547810
vt 0.012246 0.529564
vt 0.006243 0.531385
vt 0.011218 0.556395
vt 0.022004 0.553123
vt 0.006243 0.531385
vt 0.000000 0.532000
vt 0.000000 0.557500
vt 0.011218 0.556395
vt 0.000000 0.532000
vt -0.006243 0.531385
vt -0.011218 0.556395
vt 0.000000 0.557500
vt -0.006243 0.531385
vt -0.012246 0.529564
vt -0.022004 0.553123
vt -0.011218 0.556395
vt -0.012246 0.529564
vt -0.017778 0.526607
vt -0.031945 0.547810
vt -0.022004 0.553123
vt -0.017778 0.526607
vt -0.022627 0.522627
vt -0.040659 0.540659
vt -0.031945 0.547810
vt -0.022627 0.522627
vt -0.026607 0.517778
vt -0.047810 0.531945
vt -0.040659 0.540659
vt -0.026607 0.517778
vt -0.029564 0.512246
vt -0.053123 0.522004
vt -0.047810 0.531945
vt -0.029564 0.512246
vt -0.031385 0.506243
vt -0.056395 0.511218
vt -0.053123 0.522004
vt -0.031385 0.506243
vt -0.032000 0.500000
vt -0.057500 0.500000
vt -0.056395 0.511218
vt -0.032000 0.500000
vt -0.031385 0.493757
vt -0.056395 0.488782
vt -0.057500 0.500000
vt -0.031385 0.493757
vt -0.029564 0.487754
vt -0.053123 0.477996
vt -0.056395 0.488782
vt -0.029564 0.487754
vt -0.026607 0.482222
vt -0.047810 0.468055
vt -0.053123 0.477996
vt -0.026607 0.482222
vt -0.022627 0.477373
vt -0.040659 0.459341
vt -0.047810 0.468055
vt -0.022627 0.477373
vt -0.017778 0.473393
vt -0.031945 0.452190
vt -0.040659 0.459341
vt -0.017778 0.473393
vt -0.012246 0.470436
vt -0.022004 0.446877
vt -0.031945 0.452190
vt -0.012246 0.470436
vt -0.006243 0.468615
vt -0.011218 0.443605
vt -0.022004 0.446877
vt -0.006243 0.468615
vt -0.000000 0.468000
vt -0.000000 0.442500
vt -0.011218 0.443605
vt -0.000000 0.468000
vt 0.006243 0.468615
vt 0.011218 0.443605
vt -0.000000 0.442500
vt 0.006243 0.468615
vt 0.012246 0.470436
vt 0.022004 0.446877
vt 0.011218 0.443605
vt 0.012246 0.470436
vt 0.017778 0.473393
vt 0.031945 0.452190
vt 0.022004 0.446877
vt 0.017778 0.473393
vt 0.022627 0.477373
vt 0.040659 0.459341
vt 0.031945 0.452190
vt 0.022627 0.477373
vt 0.026607 0.482222
vt 0.047810 0.468055
vt 0.040659 0.459341
vt 0.026607 0.482222
vt 0.029564 0.487754
vt 0.053123 0.477996
vt 0.047810 0.468055
vt 0.029564 0.487754
vt 0.031385 0.493757
vt 0.056395 0.488782
vt 0.053123 0.477996
vt 0.031385 0.493757
vt 0.032000 0.500000
vt 0.057500 0.500000
vt 0.056395 0.488782
vt 0.048000 2.530000
vt 0.048000 2.530000
vt 0.054927 2.550868
vt 0.055150 2.530000
vt 0.048000 2.530000
vt 0.048000 2.530000
vt 0.054225 2.556677
vt 0.054927 2.550868
vt 0.048000 2.530000
vt 0.048000 2.530000
vt 0.052869 2.559689
vt 0.054225 2.556677
vt 0.048000 2.530000
vt 0.048000 2.530000
vt 0.048000 2.560644
vt 0.052869 2.559689
vt 0.048000 2.530000
vt 0.048000 2.530000
vt 0.043131 2.559689
vt 0.048000 2.560644
vt 0.048000 2.530000
vt 0.048000 2.530000
vt 0.041775 2.556677
vt 0.043131 2.559689
vt 0.048000 2.530000
vt 0.048000 2.530000
vt 0.041073 2.550868
vt 0.041775 2.556677
vt 0.048000 2.530000
vt 0.048000 2.530000
vt 0.040850 2.530000
vt 0.041073 2.550868
vt 0.048000 2.530000
vt 0.048000 2.530000
vt 0.041073 2.509132
vt 0.040850 2.530000
vt 0.048000 2.530000
vt 0.048000 2.530000
vt 0.041775 2.503323
vt 0.041073 2.509132
vt 0.048000 2.530000
vt 0.048000 2.530000
vt 0.043131 2.500311
vt 0.041775 2.503323
vt 0.048000 2.530000
vt 0.048000 2.530000
vt 0.048000 2.499356
vt 0.043131 2.500311
vt 0.048000 2.530000
vt 0.048000 2.530000
vt 0.052869 2.500311
vt 0.048000 2.499356
vt 0.048000 2.530000
vt 0.048000 2.530000
vt 0.054225 2.503323
vt 0.052869 2.500311
vt 0.048000 2.530000
vt 0.048000 2.530000
vt 0.054927 2.509132
vt 0.054225 2.503323
vt 0.048000 2.530000
vt 0.048000 2.530000
vt 0.055150 2.530000
vt 0.054927 2.509132
vt 0.055150 2.530000
vt 0.054927 2.550868
vt 0.056856 2.556677
vt 0.057141 2.530000
vt 0.054927 2.550868
vt 0.054225 2.556677
vt 0.055958 2.564104
vt 0.056856 2.556677
vt 0.054225 2.556677
vt 0.052869 2.559689
vt 0.054225 2.567954
vt 0.055958 2.564104
vt 0.052869 2.559689
vt 0.048000 2.560644
vt 0.048000 2.569175
vt 0.054225 2.567954
vt 0.048000 2.560644
vt 0.043131 2.559689
vt 0.041775 2.567954
vt 0.048000 2.569175
vt 0.043131 2.559689
vt 0.041775 2.556677
vt 0.040042 2.564104
vt 0.041775 2.567954
vt 0.041775 2.556677
vt 0.041073 2.550868
vt 0.039144 2.556677
vt 0.040042 2.564104
vt 0.041073 2.550868
vt 0.040850 2.530000
vt 0.038859 2.530000
vt 0.039144 2.556677
vt 0.040850 2.530000
vt 0.041073 2.509132
vt 0.039144 2.503323
vt 0.038859 2.530000
vt 0.041073 2.509132
vt 0.041775 2.503323
vt 0.040042 2.495896
vt 0.039144 2.503323
vt 0.041775 2.503323
vt 0.043131 2.500311
vt 0.041775 2.492046
vt 0.040042 2.495896
vt 0.043131 2.500311
vt 0.048000 2.499356
vt 0.048000 2.490825
vt 0.041775 2.492046
vt 0.048000 2.499356
vt 0.052869 2.500311
vt 0.054225 2.492046
vt 0.048000 2.490825
vt 0.052869 2.500311
vt 0.054225 2.503323
vt 0.055958 2.495896
vt 0.054225 2.492046
vt 0.054225 2.503323
vt 0.054927 2.509132
vt 0.056856 2.503323
vt 0.055958 2.495896
vt 0.054927 2.509132
vt 0.055150 2.530000
vt 0.057141 2.530000
vt 0.056856 2.503323
vt 2.530000 0.490859
vt 2.556677 0.490859
vt 2.559689 0.492850
vt 2.530000 0.492850
vt 2.556677 0.490859
vt 2.564104 0.490859
vt 2.567954 0.492850
vt 2.559689 0.492850
vt 0.055958 2.564104
vt 0.054225 2.567954
vt 0.054927 2.572238
vt 0.056856 2.567954
vt 0.054225 2.567954
vt 0.048000 2.569175
vt 0.048000 2.573597
vt 0.054927 2.572238
vt 0.048000 2.569175
vt 0.041775 2.567954
vt 0.041073 2.572238
vt 0.048000 2.573597
vt 0.041775 2.567954
vt 0.040042 2.564104
vt 0.039144 2.567954
vt 0.041073 2.572238
vt 2.564104 0.490859
vt 2.556677 0.490859
vt 2.559689 0.492850
vt 2.567954 0.492850
vt 2.556677 0.490859
vt 2.530000 0.490859
vt 2.530000 0.492850
vt 2.559689 0.492850
vt 2.530000 0.490859
vt 2.503323 0.490859
vt 2.500311 0.492850
vt 2.530000 0.492850
vt 2.503323 0.490859
vt 2.495896 0.490859
vt 2.492046 0.492850
vt 2.500311 0.492850
vt 0.040042 2.495896
vt 0.041775 2.492046
vt 0.041073 2.487762
vt 0.039144 2.492046
vt 0.041775 2.492046
vt 0.048000 2.490825
vt 0.048000 2.486403
vt 0.041073 2.487762
vt 0.048000 2.490825
vt 0.054225 2.492046
vt 0.054927 2.487762
vt 0.048000 2.486403
vt 0.054225 2.492046
vt 0.055958 2.495896
vt 0.056856 2.492046
vt 0.054927 2.487762
vt 2.495896 0.490859
vt 2.503323 0.490859
vt 2.500311 0.492850
vt 2.492046 0.492850
vt 2.503323 0.490859
vt 2.530000 0.490859
vt 2.530000 0.492850
vt 2.500311 0.492850
vt 2.530000 0.492850
vt 2.559689 0.492850
vt 2.560644 0.500000
vt 2.530000 0.500000
vt 2.559689 0.492850
vt 2.567954 0.492850
vt 2.569175 0.500000
vt 2.560644 0.500000
vt 2.567954 0.492850
vt 2.572238 0.492850
vt 2.573597 0.500000
vt 2.569175 0.500000
vt 0.054927 0.492850
vt 0.048000 0.492850
vt 0.048000 0.500000
vt 0.055150 0.500000
vt 0.048000 0.492850
vt 0.041073 0.492850
vt 0.040850 0.500000
vt 0.048000 0.500000
vt 2.572238 0.492850
vt 2.567954 0.492850
vt 2.569175 0.500000
vt 2.573597 0.500000
vt 2.567954 0.492850
vt 2.559689 0.492850
vt 2.560644 0.500000
vt 2.569175 0.500000
vt 2.559689 0.492850
vt 2.530000 0.492850
vt 2.530000 0.500000
vt 2.560644 0.500000
vt 2.530000 0.492850
vt 2.500311 0.492850
vt 2.499356 0.500000
vt 2.530000 0.500000
vt 2.500311 0.492850
vt 2.492046 0.492850
vt 2.490825 0.500000
vt 2.499356 0.500000
vt 2.492046 0.492850
vt 2.487762 0.492850
vt 2.486403 0.500000
vt 2.490825 0.500000
vt 0.041073 0.492850
vt 0.048000 0.492850
vt 0.048000 0.500000
vt 0.040850 0.500000
vt 0.048000 0.492850
vt 0.054927 0.492850
vt 0.055150 0.500000
vt 0.048000 0.500000
vt 2.487762 0.492850
vt 2.492046 0.492850
vt 2.490825 0.500000
vt 2.486403 0.500000
vt 2.492046 0.492850
vt 2.500311 0.492850
vt 2.499356 0.500000
vt 2.490825 0.500000
vt 2.500311 0.492850
vt 2.530000 0.492850
vt 2.530000 0.500000
vt 2.499356 0.500000
vt 2.530000 0.500000
vt 2.560644 0.500000
vt 2.559689 0.507150
vt 2.530000 0.507150
vt 2.560644 0.500000
vt 2.569175 0.500000
vt 2.567954 0.507150
vt 2.559689 0.507150
vt 2.569175 0.500000
vt 2.573597 0.500000
vt 2.572238 0.507150
vt 2.567954 0.507150
vt 0.055150 0.500000
vt 0.048000 0.500000
vt 0.048000 0.507150
vt 0.054927 0.507150
vt 0.048000 0.500000
vt 0.040850 0.500000
vt 0.041073 0.507150
vt 0.048000 0.507150
vt 2.573597 0.500000
vt 2.569175 0.500000
vt 2.567954 0.507150
vt 2.572238 0.507150
vt 2.569175 0.500000
vt 2.560644 0.500000
vt 2.559689 0.507150
vt 2.567954 0.507150
vt 2.560644 0.500000
vt 2.530000 0.500000
vt 2.530000 0.507150
vt 2.559689 0.507150
vt 2.530000 0.500000
vt 2.499356 0.500000
vt 2.500311 0.507150
vt 2.530000 0.507150
vt 2.499356 0.500000
vt 2.490825 0.500000
vt 2.492046 0.507150
vt 2.500311 0.507150
vt 2.490825 0.500000
vt 2.486403 0.500000
vt 2.487762 0.507150
vt 2.492046 0.507150
vt 0.040850 0.500000
vt 0.048000 0.500000
vt 0.048000 0.507150
vt 0.041073 0.507150
vt 0.048000 0.500000
vt 0.055150 0.500000
vt 0.054927 0.507150
vt 0.048000 0.507150
vt 2.486403 0.500000
vt 2.490825 0.500000
vt 2.492046 0.507150
vt 2.487762 0.507150
vt 2.490825 0.500000
vt 2.499356 0.500000
vt 2.500311 0.507150
vt 2.492046 0.507150
vt 2.499356 0.500000
vt 2.530000 0.500000
vt 2.530000 0.507150
vt 2.500311 0.507150
vt 2.530000 0.507150
vt 2.559689 0.507150
vt 2.556677 0.509141
vt 2.530000 0.509141
vt 2.559689 0.507150
vt 2.567954 0.507150
vt 2.564104 0.509141
vt 2.556677 0.509141
vt 0.056856 2.567954
vt 0.054927 2.572238
vt 0.054225 2.567954
vt 0.055958 2.564104
vt 0.054927 2.572238
vt 0.048000 2.573597
vt 0.048000 2.569175
vt 0.054225 2.567954
vt 0.048000 2.573597
vt 0.041073 2.572238
vt 0.041775 2.567954
vt 0.048000 2.569175
vt 0.041073 2.572238
vt 0.039144 2.567954
vt 0.040042 2.564104
vt 0.041775 2.567954
vt 2.567954 0.507150
vt 2.559689 0.507150
vt 2.556677 0.509141
vt 2.564104 0.509141
vt 2.559689 0.507150
vt 2.530000 0.507150
vt 2.530000 0.509141
vt 2.556677 0.509141
vt 2.530000 0.507150
vt 2.500311 0.507150
vt 2.503323 0.509141
vt 2.530000 0.509141
vt 2.500311 0.507150
vt 2.492046 0.507150
vt 2.495896 0.509141
vt 2.503323 0.509141
vt 0.039144 2.492046
vt 0.041073 2.487762
vt 0.041775 2.492046
vt 0.040042 2.495896
vt 0.041073 2.487762
vt 0.048000 2.486403
vt 0.048000 2.490825
vt 0.041775 2.492046
vt 0.048000 2.486403
vt 0.054927 2.487762
vt 0.054225 2.492046
vt 0.048000 2.490825
vt 0.054927 2.487762
vt 0.056856 2.492046
vt 0.055958 2.495896
vt 0.054225 2.492046
vt 2.492046 0.507150
vt 2.500311 0.507150
vt 2.503323 0.509141
vt 2.495896 0.509141
vt 2.500311 0.507150
vt 2.530000 0.507150
vt 2.530000 0.509141
vt 2.503323 0.509141
vt 0.057141 2.530000
vt 0.056856 2.556677
vt 0.054927 2.550868
vt 0.055150 2.530000
vt 0.056856 2.556677
vt 0.055958 2.564104
vt 0.054225 2.556677
vt 0.054927 2.550868
vt 0.055958 2.564104
vt 0.054225 2.567954
vt 0.052869 2.559689
vt 0.054225 2.556677
vt 0.054225 2.567954
vt 0.048000 2.569175
vt 0.048000 2.560644
vt 0.052869 2.559689
vt 0.048000 2.569175
vt 0.041775 2.567954
vt 0.043131 2.559689
vt 0.048000 2.560644
vt 0.041775 2.567954
vt 0.040042 2.564104
vt 0.041775 2.556677
vt 0.043131 2.559689
vt 0.040042 2.564104
vt 0.039144 2.556677
vt 0.041073 2.550868
vt 0.041775 2.556677
vt 0.039144 2.556677
vt 0.038859 2.530000
vt 0.040850 2.530000
vt 0.041073 2.550868
vt 0.038859 2.530000
vt 0.039144 2.503323
vt 0.041073 2.509132
vt 0.040850 2.530000
vt 0.039144 2.503323
vt 0.040042 2.495896
vt 0.041775 2.503323
vt 0.041073 2.509132
vt 0.040042 2.495896
vt 0.041775 2.492046
vt 0.043131 2.500311
vt 0.041775 2.503323
vt 0.041775 2.492046
vt 0.048000 2.490825
vt 0.048000 2.499356
vt 0.043131 2.500311
vt 0.048000 2.490825
vt 0.054225 2.492046
vt 0.052869 2.500311
vt 0.048000 2.499356
vt 0.054225 2.492046
vt 0.055958 2.495896
vt 0.054225 2.503323
vt 0.052869 2.500311
vt 0.055958 2.495896
vt 0.056856 2.503323
vt 0.054927 2.509132
vt 0.054225 2.503323
vt 0.056856 2.503323
vt 0.057141 2.530000
vt 0.055150 2.530000
vt 0.054927 2.509132
vt 0.055150 2.530000
vt 0.054927 2.550868
vt 0.048000 2.530000
vt 0.048000 2.530000
vt 0.054927 2.550868
vt 0.054225 2.556677
vt 0.048000 2.530000
vt 0.048000 2.530000
vt 0.054225 2.556677
vt 0.052869 2.559689
vt 0.048000 2.530000
vt 0.048000 2.530000
vt 0.052869 2.559689
vt 0.048000 2.560644
vt 0.048000 2.530000
vt 0.048000 2.530000
vt 0.048000 2.560644
vt 0.043131 2.559689
vt 0.048000 2.530000
vt 0.048000 2.530000
vt 0.043131 2.559689
vt 0.041775 2.556677
vt 0.048000 2.530000
vt 0.048000 2.530000
vt 0.041775 2.556677
vt 0.041073 2.550868
vt 0.048000 2.530000
vt 0.048000 2.530000
vt 0.041073 2.550868
vt 0.040850 2.530000
vt 0.048000 2.530000
vt 0.048000 2.530000
vt 0.040850 2.530000
vt 0.041073 2.509132
vt 0.048000 2.530000
vt 0.048000 2.530000
vt 0.041073 2.509132
vt 0.041775 2.503323
vt 0.048000 2.530000
vt 0.048000 2.530000
vt 0.041775 2.503323
vt 0.043131 2.500311
vt 0.048000 2.530000
vt 0.048000 2.530000
vt 0.043131 2.500311
vt 0.048000 2.499356
vt 0.048000 2.530000
vt 0.048000 2.530000
vt 0.048000 2.499356
vt 0.052869 2.500311
vt 0.048000 2.530000
vt 0.048000 2.530000
vt 0.052869 2.500311
vt 0.054225 2.503323
vt 0.048000 2.530000
vt 0.048000 2.530000
vt 0.054225 2.503323
vt 0.054927 2.509132
vt 0.048000 2.530000
vt 0.048000 2.530000
vt 0.054927 2.509132
vt 0.055150 2.530000
vt 0.048000 2.530000
vt 0.048000 2.530000
vt 0.014833 2.530000
vt 0.014833 2.530000
vt 0.021760 2.550868
vt 0.021983 2.530000
vt 0.014833 2.530000
vt 0.014833 2.530000
vt 0.021058 2.556677
vt 0.021760 2.550868
vt 0.014833 2.530000
vt 0.014833 2.530000
vt 0.019702 2.559689
vt 0.021058 2.556677
vt 0.014833 2.530000
vt 0.014833 2.530000
vt 0.014833 2.560644
vt 0.019702 2.559689
vt 0.014833 2.530000
vt 0.014833 2.530000
vt 0.009964 2.559689
vt 0.014833 2.560644
vt 0.014833 2.530000
vt 0.014833 2.530000
vt 0.008608 2.556677
vt 0.009964 2.559689
vt 0.014833 2.530000
vt 0.014833 2.530000
vt 0.007905 2.550868
vt 0.008608 2.556677
vt 0.014833 2.530000
vt 0.014833 2.530000
vt 0.007683 2.530000
vt 0.007905 2.550868
vt 0.014833 2.530000
vt 0.014833 2.530000
vt 0.007905 2.509132
vt 0.007683 2.530000
vt 0.014833 2.530000
vt 0.014833 2.530000
vt 0.008608 2.503323
vt 0.007905 2.509132
vt 0.014833 2.530000
vt 0.014833 2.530000
vt 0.009964 2.500311
vt 0.008608 2.503323
vt 0.014833 2.530000
vt 0.014833 2.530000
vt 0.014833 2.499356
vt 0.009964 2.500311
vt 0.014833 2.530000
vt 0.014833 2.530000
vt 0.019702 2.500311
vt 0.014833 2.499356
vt 0.014833 2.530000
vt 0.014833 2.530000
vt 0.021058 2.503323
vt 0.019702 2.500311
vt 0.014833 2.530000
vt 0.014833 2.530000
vt 0.021760 2.509132
vt 0.021058 2.503323
vt 0.014833 2.530000
vt 0.014833 2.530000
vt 0.021983 2.530000
vt 0.021760 2.509132
vt 0.021983 2.530000
vt 0.021760 2.550868
vt 0.023689 2.556677
vt 0.023974 2.530000
vt 0.021760 2.550868
vt 0.021058 2.556677
vt 0.022790 2.564104
vt 0.023689 2.556677
vt 0.021058 2.556677
vt 0.019702 2.559689
vt 0.021058 2.567954
vt 0.022790 2.564104
vt 0.019702 2.559689
vt 0.014833 2.560644
vt 0.014833 2.569175
vt 0.021058 2.567954
vt 0.014833 2.560644
vt 0.009964 2.559689
vt 0.008608 2.567954
vt 0.014833 2.569175
vt 0.009964 2.559689
vt 0.008608 2.556677
vt 0.006875 2.564104
vt 0.008608 2.567954
vt 0.008608 2.556677
vt 0.007905 2.550868
vt 0.005977 2.556677
vt 0.006875 2.564104
vt 0.007905 2.550868
vt 0.007683 2.530000
vt 0.005692 2.530000
vt 0.005977 2.556677
vt 0.007683 2.530000
vt 0.007905 2.509132
vt 0.005977 2.503323
vt 0.005692 2.530000
vt 0.007905 2.509132
vt 0.008608 2.503323
vt 0.006875 2.495896
vt 0.005977 2.503323
vt 0.008608 2.503323
vt 0.009964 2.500311
vt 0.008608 2.492046
vt 0.006875 2.495896
vt 0.009964 2.500311
vt 0.014833 2.499356
vt 0.014833 2.490825
vt 0.008608 2.492046
vt 0.014833 2.499356
vt 0.019702 2.500311
vt 0.021058 2.492046
vt 0.014833 2.490825
vt 0.019702 2.500311
vt 0.021058 2.503323
vt 0.022790 2.495896
vt 0.021058 2.492046
vt 0.021058 2.503323
vt 0.021760 2.509132
vt 0.023689 2.503323
vt 0.022790 2.495896
vt 0.021760 2.509132
vt 0.021983 2.530000
vt 0.023974 2.530000
vt 0.023689 2.503323
vt 2.530000 0.536510
vt 2.556677 0.536510
vt 2.559689 0.538500
vt 2.530000 0.538500
vt 2.556677 0.536510
vt 2.564104 0.536510
vt 2.567954 0.538500
vt 2.559689 0.538500
vt 0.022790 2.564104
vt 0.021058 2.567954
vt 0.021760 2.572238
vt 0.023689 2.567954
vt 0.021058 2.567954
vt 0.014833 2.569175
vt 0.014833 2.573597
vt 0.021760 2.572238
vt 0.014833 2.569175
vt 0.008608 2.567954
vt 0.007905 2.572238
vt 0.014833 2.573597
vt 0.008608 2.567954
vt 0.006875 2.564104
vt 0.005977 2.567954
vt 0.007905 2.572238
vt 2.564104 0.536510
vt 2.556677 0.536510
vt 2.559689 0.538500
vt 2.567954 0.538500
vt 2.556677 0.536510
vt 2.530000 0.536510
vt 2.530000 0.538500
vt 2.559689 0.538500
vt 2.530000 0.536510
vt 2.503323 0.536510
vt 2.500311 0.538500
vt 2.530000 0.538500
vt 2.503323 0.536510
vt 2.495896 0.536510
vt 2.492046 0.538500
vt 2.500311 0.538500
vt 0.006875 2.495896
vt 0.008608 2.492046
vt 0.007905 2.487762
vt 0.005977 2.492046
vt 0.008608 2.492046
vt 0.014833 2.490825
vt 0.014833 2.486403
vt 0.007905 2.487762
vt 0.014833 2.490825
vt 0.021058 2.492046
vt 0.021760 2.487762
vt 0.014833 2.486403
vt 0.021058 2.492046
vt 0.022790 2.495896
vt 0.023689 2.492046
vt 0.021760 2.487762
vt 2.495896 0.536510
vt 2.503323 0.536510
vt 2.500311 0.538500
vt 2.492046 0.538500
vt 2.503323 0.536510
vt 2.530000 0.536510
vt 2.530000 0.538500
vt 2.500311 0.538500
vt 2.530000 0.538500
vt 2.559689 0.538500
vt 2.560644 0.545651
vt 2.530000 0.545651
vt 2.559689 0.538500
vt 2.567954 0.538500
vt 2.569175 0.545651
vt 2.560644 0.545651
vt 2.567954 0.538500
vt 2.572238 0.538500
vt 2.573597 0.545651
vt 2.569175 0.545651
vt 0.021760 0.538500
vt 0.014833 0.538500
vt 0.014833 0.545651
vt 0.021983 0.545651
vt 0.014833 0.538500
vt 0.007905 0.538500
vt 0.007683 0.545651
vt 0.014833 0.545651
vt 2.572238 0.538500
vt 2.567954 0.538500
vt 2.569175 0.545651
vt 2.573597 0.545651
vt 2.567954 0.538500
vt 2.559689 0.538500
vt 2.560644 0.545651
vt 2.569175 0.545651
vt 2.559689 0.538500
vt 2.530000 0.538500
vt 2.530000 0.545651
vt 2.560644 0.545651
vt 2.530000 0.538500
vt 2.500311 0.538500
vt 2.499356 0.545651
vt 2.530000 0.545651
vt 2.500311 0.538500
vt 2.492046 0.538500
vt 2.490825 0.545651
vt 2.499356 0.545651
vt 2.492046 0.538500
vt 2.487762 0.538500
vt 2.486403 0.545651
vt 2.490825 0.545651
vt 0.007905 0.538500
vt 0.014833 0.538500
vt 0.014833 0.545651
vt 0.007683 0.545651
vt 0.014833 0.538500
vt 0.021760 0.538500
vt 0.021983 0.545651
vt 0.014833 0.545651
vt 2.487762 0.538500
vt 2.492046 0.538500
vt 2.490825 0.545651
vt 2.486403 0.545651
vt 2.492046 0.538500
vt 2.500311 0.538500
vt 2.499356 0.545651
vt 2.490825 0.545651
vt 2.500311 0.538500
vt 2.530000 0.538500
vt 2.530000 0.545651
vt 2.499356 0.545651
vt 2.530000 0.545651
vt 2.560644 0.545651
vt 2.559689 0.552801
vt 2.530000 0.552801
vt 2.560644 0.545651
vt 2.569175 0.545651
vt 2.567954 0.552801
vt 2.559689 0.552801
vt 2.569175 0.545651
vt 2.573597 0.545651
vt 2.572238 0.552801
vt 2.567954 0.552801
vt 0.021983 0.545651
vt 0.014833 0.545651
vt 0.014833 0.552801
vt 0.021760 0.552801
vt 0.014833 0.545651
vt 0.007683 0.545651
vt 0.007905 0.552801
vt 0.014833 0.552801
vt 2.573597 0.545651
vt 2.569175 0.545651
vt 2.567954 0.552801
vt 2.572238 0.552801
vt 2.569175 0.545651
vt 2.560644 0.545651
vt 2.559689 0.552801
vt 2.567954 0.552801
vt 2.560644 0.545651
vt 2.530000 0.545651
vt 2.530000 0.552801
vt 2.559689 0.552801
vt 2.530000 0.545651
vt 2.499356 0.545651
vt 2.500311 0.552801
vt 2.530000 0.552801
vt 2.499356 0.545651
vt 2.490825 0.545651
vt 2.492046 0.552801
vt 2.500311 0.552801
vt 2.490825 0.545651
vt 2.486403 0.545651
vt 2.487762 0.552801
vt 2.492046 0.552801
vt 0.007683 0.545651
vt 0.014833 0.545651
vt 0.014833 0.552801
vt 0.007905 0.552801
vt 0.014833 0.545651
vt 0.021983 0.545651
vt 0.021760 0.552801
vt 0.014833 0.552801
vt 2.486403 0.545651
vt 2.490825 0.545651
vt 2.492046 0.552801
vt 2.487762 0.552801
vt 2.490825 0.545651
vt 2.499356 0.545651
vt 2.500311 0.552801
vt 2.492046 0.552801
vt 2.499356 0.545651
vt 2.530000 0.545651
vt 2.530000 0.552801
vt 2.500311 0.552801
vt 2.530000 0.552801
vt 2.559689 0.552801
vt 2.556677 0.554791
vt 2.530000 0.554791
vt 2.559689 0.552801
vt 2.567954 0.552801
vt 2.564104 0.554791
vt 2.556677 0.554791
vt 0.023689 2.567954
vt 0.021760 2.572238
vt 0.021058 2.567954
vt 0.022790 2.564104
vt 0.021760 2.572238
vt 0.014833 2.573597
vt 0.014833 2.569175
vt 0.021058 2.567954
vt 0.014833 2.573597
vt 0.007905 2.572238
vt 0.008608 2.567954
vt 0.014833 2.569175
vt 0.007905 2.572238
vt 0.005977 2.567954
vt 0.006875 2.564104
vt 0.008608 2.567954
vt 2.567954 0.552801
vt 2.559689 0.552801
vt 2.556677 0.554791
vt 2.564104 0.554791
vt 2.559689 0.552801
vt 2.530000 0.552801
vt 2.530000 0.554791
vt 2.556677 0.554791
vt 2.530000 0.552801
vt 2.500311 0.552801
vt 2.503323 0.554791
vt 2.530000 0.554791
vt 2.500311 0.552801
vt 2.492046 0.552801
vt 2.495896 0.554791
vt 2.503323 0.554791
vt 0.005977 2.492046
vt 0.007905 2.487762
vt 0.008608 2.492046
vt 0.006875 2.495896
vt 0.007905 2.487762
vt 0.014833 2.486403
vt 0.014833 2.490825
vt 0.008608 2.492046
vt 0.014833 2.486403
vt 0.021760 2.487762
vt 0.021058 2.492046
vt 0.014833 2.490825
vt 0.021760 2.487762
vt 0.023689 2.492046
vt 0.022790 2.495896
vt 0.021058 2.492046
vt 2.492046 0.552801
vt 2.500311 0.552801
vt 2.503323 0.554791
vt 2.495896 0.554791
vt 2.500311 0.552801
vt 2.530000 0.552801
vt 2.530000 0.554791
vt 2.503323 0.554791
vt 0.023974 2.530000
vt 0.023689 2.556677
vt 0.021760 2.550868
vt 0.021983 2.530000
vt 0.023689 2.556677
vt 0.022790 2.564104
vt 0.021058 2.556677
vt 0.021760 2.550868
vt 0.022790 2.564104
vt 0.021058 2.567954
vt 0.019702 2.559689
vt 0.021058 2.556677
vt 0.021058 2.567954
vt 0.014833 2.569175
vt 0.014833 2.560644
vt 0.019702 2.559689
vt 0.014833 2.569175
vt 0.008608 2.567954
vt 0.009964 2.559689
vt 0.014833 2.560644
vt 0.008608 2.567954
vt 0.006875 2.564104
vt 0.008608 2.556677
vt 0.009964 2.559689
vt 0.006875 2.564104
vt 0.005977 2.556677
vt 0.007905 2.550868
vt 0.008608 2.556677
vt 0.005977 2.556677
vt 0.005692 2.530000
vt 0.007683 2.530000
vt 0.007905 2.550868
vt 0.005692 2.530000
vt 0.005977 2.503323
vt 0.007905 2.509132
vt 0.007683 2.530000
vt 0.005977 2.503323
vt 0.006875 2.495896
vt 0.008608 2.503323
vt 0.007905 2.509132
vt 0.006875 2.495896
vt 0.008608 2.492046
vt 0.009964 2.500311
vt 0.008608 2.503323
vt 0.008608 2.492046
vt 0.014833 2.490825
vt 0.014833 2.499356
vt 0.009964 2.500311
vt 0.014833 2.490825
vt 0.021058 2.492046
vt 0.019702 2.500311
vt 0.014833 2.499356
vt 0.021058 2.492046
vt 0.022790 2.495896
vt 0.021058 2.503323
vt 0.019702 2.500311
vt 0.022790 2.495896
vt 0.023689 2.503323
vt 0.021760 2.509132
vt 0.021058 2.503323
vt 0.023689 2.503323
vt 0.023974 2.530000
vt 0.021983 2.530000
vt 0.021760 2.509132
vt 0.021983 2.530000
vt 0.021760 2.550868
vt 0.014833 2.530000
vt 0.014833 2.530000
vt 0.021760 2.550868
vt 0.021058 2.556677
vt 0.014833 2.530000
vt 0.014833 2.530000
vt 0.021058 2.556677
vt 0.019702 2.559689
vt 0.014833 2.530000
vt 0.014833 2.530000
vt 0.019702 2.559689
vt 0.014833 2.560644
vt 0.014833 2.530000
vt 0.014833 2.530000
vt 0.014833 2.560644
vt 0.009964 2.559689
vt 0.014833 2.530000
vt 0.014833 2.530000
vt 0.009964 2.559689
vt 0.008608 2.556677
vt 0.014833 2.530000
vt 0.014833 2.530000
vt 0.008608 2.556677
vt 0.007905 2.550868
vt 0.014833 2.530000
vt 0.014833 2.530000
vt 0.007905 2.550868
vt 0.007683 2.530000
vt 0.014833 2.530000
vt 0.014833 2.530000
vt 0.007683 2.530000
vt 0.007905 2.509132
vt 0.014833 2.530000
vt 0.014833 2.530000
vt 0.007905 2.509132
vt 0.008608 2.503323
vt 0.014833 2.530000
vt 0.014833 2.530000
vt 0.008608 2.503323
vt 0.009964 2.500311
vt 0.014833 2.530000
vt 0.014833 2.530000
vt 0.009964 2.500311
vt 0.014833 2.499356
vt 0.014833 2.530000
vt 0.014833 2.530000
vt 0.014833 2.499356
vt 0.019702 2.500311
vt 0.014833 2.530000
vt 0.014833 2.530000
vt 0.019702 2.500311
vt 0.021058 2.503323
vt 0.014833 2.530000
vt 0.014833 2.530000
vt 0.021058 2.503323
vt 0.021760 2.509132
vt 0.014833 2.530000
vt 0.014833 2.530000
vt 0.021760 2.509132
vt 0.021983 2.530000
vt 0.014833 2.530000
vt 0.014833 2.530000
vt -0.038833 2.530000
vt -0.038833 2.530000
vt -0.031905 2.550868
vt -0.031683 2.530000
vt -0.038833 2.530000
vt -0.038833 2.530000
vt -0.032608 2.556677
vt -0.031905 2.550868
vt -0.038833 2.530000
vt -0.038833 2.530000
vt -0.033964 2.559689
vt -0.032608 2.556677
vt -0.038833 2.530000
vt -0.038833 2.530000
vt -0.038833 2.560644
vt -0.033964 2.559689
vt -0.038833 2.530000
vt -0.038833 2.530000
vt -0.043702 2.559689
vt -0.038833 2.560644
vt -0.038833 2.530000
vt -0.038833 2.530000
vt -0.045058 2.556677
vt -0.043702 2.559689
vt -0.038833 2.530000
vt -0.038833 2.530000
vt -0.045760 2.550868
vt -0.045058 2.556677
vt -0.038833 2.530000
vt -0.038833 2.530000
vt -0.045983 2.530000
vt -0.045760 2.550868
vt -0.038833 2.530000
vt -0.038833 2.530000
vt -0.045760 2.509132
vt -0.045983 2.530000
vt -0.038833 2.530000
vt -0.038833 2.530000
vt -0.045058 2.503323
vt -0.045760 2.509132
vt -0.038833 2.530000
vt -0.038833 2.530000
vt -0.043702 2.500311
vt -0.045058 2.503323
vt -0.038833 2.530000
vt -0.038833 2.530000
vt -0.038833 2.499356
vt -0.043702 2.500311
vt -0.038833 2.530000
vt -0.038833 2.530000
vt -0.033964 2.500311
vt -0.038833 2.499356
vt -0.038833 2.530000
vt -0.038833 2.530000
vt -0.032608 2.503323
vt -0.033964 2.500311
vt -0.038833 2.530000
vt -0.038833 2.530000
vt -0.031905 2.509132
vt -0.032608 2.503323
vt -0.038833 2.530000
vt -0.038833 2.530000
vt -0.031683 2.530000
vt -0.031905 2.509132
vt -0.031683 2.530000
vt -0.031905 2.550868
vt -0.029977 2.556677
vt -0.029692 2.530000
vt -0.031905 2.550868
vt -0.032608 2.556677
vt -0.030875 2.564104
vt -0.029977 2.556677
vt -0.032608 2.556677
vt -0.033964 2.559689
vt -0.032608 2.567954
vt -0.030875 2.564104
vt -0.033964 2.559689
vt -0.038833 2.560644
vt -0.038833 2.569175
vt -0.032608 2.567954
vt -0.038833 2.560644
vt -0.043702 2.559689
vt -0.045058 2.567954
vt -0.038833 2.569175
vt -0.043702 2.559689
vt -0.045058 2.556677
vt -0.046790 2.564104
vt -0.045058 2.567954
vt -0.045058 2.556677
vt -0.045760 2.550868
vt -0.047689 2.556677
vt -0.046790 2.564104
vt -0.045760 2.550868
vt -0.045983 2.530000
vt -0.047974 2.530000
vt -0.047689 2.556677
vt -0.045983 2.530000
vt -0.045760 2.509132
vt -0.047689 2.503323
vt -0.047974 2.530000
vt -0.045760 2.509132
vt -0.045058 2.503323
vt -0.046790 2.495896
vt -0.047689 2.503323
vt -0.045058 2.503323
vt -0.043702 2.500311
vt -0.045058 2.492046
vt -0.046790 2.495896
vt -0.043702 2.500311
vt -0.038833 2.499356
vt -0.038833 2.490825
vt -0.045058 2.492046
vt -0.038833 2.499356
vt -0.033964 2.500311
vt -0.032608 2.492046
vt -0.038833 2.490825
vt -0.033964 2.500311
vt -0.032608 2.503323
vt -0.030875 2.495896
vt -0.032608 2.492046
vt -0.032608 2.503323
vt -0.031905 2.509132
vt -0.029977 2.503323
vt -0.030875 2.495896
vt -0.031905 2.509132
vt -0.031683 2.530000
vt -0.029692 2.530000
vt -0.029977 2.503323
vt 2.530000 0.519073
vt 2.556677 0.519073
vt 2.559689 0.521063
vt 2.530000 0.521063
vt 2.556677 0.519073
vt 2.564104 0.519073
vt 2.567954 0.521063
vt 2.559689 0.521063
vt -0.030875 2.564104
vt -0.032608 2.567954
vt -0.031905 2.572238
vt -0.029977 2.567954
vt -0.032608 2.567954
vt -0.038833 2.569175
vt -0.038833 2.573597
vt -0.031905 2.572238
vt -0.038833 2.569175
vt -0.045058 2.567954
vt -0.045760 2.572238
vt -0.038833 2.573597
vt -0.045058 2.567954
vt -0.046790 2.564104
vt -0.047689 2.567954
vt -0.045760 2.572238
vt 2.564104 0.519073
vt 2.556677 0.519073
vt 2.559689 0.521063
vt 2.567954 0.521063
vt 2.556677 0.519073
vt 2.530000 0.519073
vt 2.530000 0.521063
vt 2.559689 0.521063
vt 2.530000 0.519073
vt 2.503323 0.519073
vt 2.500311 0.521063
vt 2.530000 0.521063
vt 2.503323 0.519073
vt 2.495896 0.519073
vt 2.492046 0.521063
vt 2.500311 0.521063
vt -0.046790 2.495896
vt -0.045058 2.492046
vt -0.045760 2.487762
vt -0.047689 2.492046
vt -0.045058 2.492046
vt -0.038833 2.490825
vt -0.038833 2.486403
vt -0.045760 2.487762
vt -0.038833 2.490825
vt -0.032608 2.492046
vt -0.031905 2.487762
vt -0.038833 2.486403
vt -0.032608 2.492046
vt -0.030875 2.495896
vt -0.029977 2.492046
vt -0.031905 2.487762
vt 2.495896 0.519073
vt 2.503323 0.519073
vt 2.500311 0.521063
vt 2.492046 0.521063
vt 2.503323 0.519073
vt 2.530000 0.519073
vt 2.530000 0.521063
vt 2.500311 0.521063
vt 2.530000 0.521063
vt 2.559689 0.521063
vt 2.560644 0.528214
vt 2.530000 0.528214
vt 2.559689 0.521063
vt 2.567954 0.521063
vt 2.569175 0.528214
vt 2.560644 0.528214
vt 2.567954 0.521063
vt 2.572238 0.521063
vt 2.573597 0.528214
vt 2.569175 0.528214
vt -0.031905 0.521063
vt -0.038833 0.521063
vt -0.038833 0.528214
vt -0.031683 0.528214
vt -0.038833 0.521063
vt -0.045760 0.521063
vt -0.045983 0.528214
vt -0.038833 0.528214
vt 2.572238 0.521063
vt 2.567954 0.521063
vt 2.569175 0.528214
vt 2.573597 0.528214
vt 2.567954 0.521063
vt 2.559689 0.521063
vt 2.560644 0.528214
vt 2.569175 0.528214
vt 2.559689 0.521063
vt 2.530000 0.521063
vt 2.530000 0.528214
vt 2.560644 0.528214
vt 2.530000 0.521063
vt 2.500311 0.521063
vt 2.499356 0.528214
vt 2.530000 0.528214
vt 2.500311 0.521063
vt 2.492046 0.521063
vt 2.490825 0.528214
vt 2.499356 0.528214
vt 2.492046 0.521063
vt 2.487762 0.521063
vt 2.486403 0.528214
vt 2.490825 0.528214
vt -0.045760 0.521063
vt -0.038833 0.521063
vt -0.038833 0.528214
vt -0.045983 0.528214
vt -0.038833 0.521063
vt -0.031905 0.521063
vt -0.031683 0.528214
vt -0.038833 0.528214
vt 2.487762 0.521063
vt 2.492046 0.521063
vt 2.490825 0.528214
vt 2.486403 0.528214
vt 2.492046 0.521063
vt 2.500311 0.521063
vt 2.499356 0.528214
vt 2.490825 0.528214
vt 2.500311 0.521063
vt 2.530000 0.521063
vt 2.530000 0.528214
vt 2.499356 0.528214
vt 2.530000 0.528214
vt 2.560644 0.528214
vt 2.559689 0.535364
vt 2.530000 0.535364
vt 2.560644 0.528214
vt 2.569175 0.528214
vt 2.567954 0.535364
vt 2.559689 0.535364
vt 2.569175 0.528214
vt 2.573597 0.528214
vt 2.572238 0.535364
vt 2.567954 0.535364
vt -0.031683 0.528214
vt -0.038833 0.528214
vt -0.038833 0.535364
vt -0.031905 0.535364
vt -0.038833 0.528214
vt -0.045983 0.528214
vt -0.045760 0.535364
vt -0.038833 0.535364
vt 2.573597 0.528214
vt 2.569175 0.528214
vt 2.567954 0.535364
vt 2.572238 0.535364
vt 2.569175 0.528214
vt 2.560644 0.528214
vt 2.559689 0.535364
vt 2.567954 0.535364
vt 2.560644 0.528214
vt 2.530000 0.528214
vt 2.530000 0.535364
vt 2.559689 0.535364
vt 2.530000 0.528214
vt 2.499356 0.528214
vt 2.500311 0.535364
vt 2.530000 0.535364
vt 2.499356 0.528214
vt 2.490825 0.528214
vt 2.492046 0.535364
vt 2.500311 0.535364
vt 2.490825 0.528214
vt 2.486403 0.528214
vt 2.487762 0.535364
vt 2.492046 0.535364
vt -0.045983 0.528214
vt -0.038833 0.528214
vt -0.038833 0.535364
vt -0.045760 0.535364
vt -0.038833 0.528214
vt -0.031683 0.528214
vt -0.031905 0.535364
vt -0.038833 0.535364
vt 2.486403 0.528214
vt 2.490825 0.528214
vt 2.492046 0.535364
vt 2.487762 0.535364
vt 2.490825 0.528214
vt 2.499356 0.528214
vt 2.500311 0.535364
vt 2.492046 0.535364
vt 2.499356 0.528214
vt 2.530000 0.528214
vt 2.530000 0.535364
vt 2.500311 0.535364
vt 2.530000 0.535364
vt 2.559689 0.535364
vt 2.556677 0.537354
vt 2.530000 0.537354
vt 2.559689 0.535364
vt 2.567954 0.535364
vt 2.564104 0.537354
vt 2.556677 0.537354
vt -0.029977 2.567954
vt -0.031905 2.572238
vt -0.032608 2.567954
vt -0.030875 2.564104
vt -0.031905 2.572238
vt -0.038833 2.573597
vt -0.038833 2.569175
vt -0.032608 2.567954
vt -0.038833 2.573597
vt -0.045760 2.572238
vt -0.045058 2.567954
vt -0.038833 2.569175
vt -0.045760 2.572238
vt -0.047689 2.567954
vt -0.046790 2.564104
vt -0.045058 2.567954
vt 2.567954 0.535364
vt 2.559689 0.535364
vt 2.556677 0.537354
vt 2.564104 0.537354
vt 2.559689 0.535364
vt 2.530000 0.535364
vt 2.530000 0.537354
vt 2.556677 0.537354
vt 2.530000 0.535364
vt 2.500311 0.535364
vt 2.503323 0.537354
vt 2.530000 0.537354
vt 2.500311 0.535364
vt 2.492046 0.535364
vt 2.495896 0.537354
vt 2.503323 0.537354
vt -0.047689 2.492046
vt -0.045760 2.487762
vt -0.045058 2.492046
vt -0.046790 2.495896
vt -0.045760 2.487762
vt -0.038833 2.486403
vt -0.038833 2.490825
vt -0.045058 2.492046
vt -0.038833 2.486403
vt -0.031905 2.487762
vt -0.032608 2.492046
vt -0.038833 2.490825
vt -0.031905 2.487762
vt -0.029977 2.492046
vt -0.030875 2.495896
vt -0.032608 2.492046
vt 2.492046 0.535364
vt 2.500311 0.535364
vt 2.503323 0.537354
vt 2.495896 0.537354
vt 2.500311 0.535364
vt 2.530000 0.535364
vt 2.530000 0.537354
vt 2.503323 0.537354
vt -0.029692 2.530000
vt -0.029977 2.556677
vt -0.031905 2.550868
vt -0.031683 2.530000
vt -0.029977 2.556677
vt -0.030875 2.564104
vt -0.032608 2.556677
vt -0.031905 2.550868
vt -0.030875 2.564104
vt -0.032608 2.567954
vt -0.033964 2.559689
vt -0.032608 2.556677
vt -0.032608 2.567954
vt -0.038833 2.569175
vt -0.038833 2.560644
vt -0.033964 2.559689
vt -0.038833 2.569175
vt -0.045058 2.567954
vt -0.043702 2.559689
vt -0.038833 2.560644
vt -0.045058 2.567954
vt -0.046790 2.564104
vt -0.045058 2.556677
vt -0.043702 2.559689
vt -0.046790 2.564104
vt -0.047689 2.556677
vt -0.045760 2.550868
vt -0.045058 2.556677
vt -0.047689 2.556677
vt -0.047974 2.530000
vt -0.045983 2.530000
vt -0.045760 2.550868
vt -0.047974 2.530000
vt -0.047689 2.503323
vt -0.045760 2.509132
vt -0.045983 2.530000
vt -0.047689 2.503323
vt -0.046790 2.495896
vt -0.045058 2.503323
vt -0.045760 2.509132
vt -0.046790 2.495896
vt -0.045058 2.492046
vt -0.043702 2.500311
vt -0.045058 2.503323
vt -0.045058 2.492046
vt -0.038833 2.490825
vt -0.038833 2.499356
vt -0.043702 2.500311
vt -0.038833 2.490825
vt -0.032608 2.492046
vt -0.033964 2.500311
vt -0.038833 2.499356
vt -0.032608 2.492046
vt -0.030875 2.495896
vt -0.032608 2.503323
vt -0.033964 2.500311
vt -0.030875 2.495896
vt -0.029977 2.503323
vt -0.031905 2.509132
vt -0.032608 2.503323
vt -0.029977 2.503323
vt -0.029692 2.530000
vt -0.031683 2.530000
vt -0.031905 2.509132
vt -0.031683 2.530000
vt -0.031905 2.550868
vt -0.038833 2.530000
vt -0.038833 2.530000
vt -0.031905 2.550868
vt -0.032608 2.556677
vt -0.038833 2.530000
vt -0.038833 2.530000
vt -0.032608 2.556677
vt -0.033964 2.559689
vt -0.038833 2.530000
vt -0.038833 2.530000
vt -0.033964 2.559689
vt -0.038833 2.560644
vt -0.038833 2.530000
vt -0.038833 2.530000
vt -0.038833 2.560644
vt -0.043702 2.559689
vt -0.038833 2.530000
vt -0.038833 2.530000
vt -0.043702 2.559689
vt -0.045058 2.556677
vt -0.038833 2.530000
vt -0.038833 2.530000
vt -0.045058 2.556677
vt -0.045760 2.550868
vt -0.038833 2.530000
vt -0.038833 2.530000
vt -0.045760 2.550868
vt -0.045983 2.530000
vt -0.038833 2.530000
vt -0.038833 2.530000
vt -0.045983 2.530000
vt -0.045760 2.509132
vt -0.038833 2.530000
vt -0.038833 2.530000
vt -0.045760 2.509132
vt -0.045058 2.503323
vt -0.038833 2.530000
vt -0.038833 2.530000
vt -0.045058 2.503323
vt -0.043702 2.500311
vt -0.038833 2.530000
vt -0.038833 2.530000
vt -0.043702 2.500311
vt -0.038833 2.499356
vt -0.038833 2.530000
vt -0.038833 2.530000
vt -0.038833 2.499356
vt -0.033964 2.500311
vt -0.038833 2.530000
vt -0.038833 2.530000
vt -0.033964 2.500311
vt -0.032608 2.503323
vt -0.038833 2.530000
vt -0.038833 2.530000
vt -0.032608 2.503323
vt -0.031905 2.509132
vt -0.038833 2.530000
vt -0.038833 2.530000
vt -0.031905 2.509132
vt -0.031683 2.530000
vt -0.038833 2.530000
vt -0.038833 2.530000
vt -0.038833 2.530000
vt -0.038833 2.530000
vt -0.031905 2.550868
vt -0.031683 2.530000
vt -0.038833 2.530000
vt -0.038833 2.530000
vt -0.032608 2.556677
vt -0.031905 2.550868
vt -0.038833 2.530000
vt -0.038833 2.530000
vt -0.033964 2.559689
vt -0.032608 2.556677
vt -0.038833 2.530000
vt -0.038833 2.530000
vt -0.038833 2.560644
vt -0.033964 2.559689
vt -0.038833 2.530000
vt -0.038833 2.530000
vt -0.043702 2.559689
vt -0.038833 2.560644
vt -0.038833 2.530000
vt -0.038833 2.530000
vt -0.045058 2.556677
vt -0.043702 2.559689
vt -0.038833 2.530000
vt -0.038833 2.530000
vt -0.045760 2.550868
vt -0.045058 2.556677
vt -0.038833 2.530000
vt -0.038833 2.530000
vt -0.045983 2.530000
vt -0.045760 2.550868
vt -0.038833 2.530000
vt -0.038833 2.530000
vt -0.045760 2.509132
vt -0.045983 2.530000
vt -0.038833 2.530000
vt -0.038833 2.530000
vt -0.045058 2.503323
vt -0.045760 2.509132
vt -0.038833 2.530000
vt -0.038833 2.530000
vt -0.043702 2.500311
vt -0.045058 2.503323
vt -0.038833 2.530000
vt -0.038833 2.530000
vt -0.038833 2.499356
vt -0.043702 2.500311
vt -0.038833 2.530000
vt -0.038833 2.530000
vt -0.033964 2.500311
vt -0.038833 2.499356
vt -0.038833 2.530000
vt -0.038833 2.530000
vt -0.032608 2.503323
vt -0.033964 2.500311
vt -0.038833 2.530000
vt -0.038833 2.530000
vt -0.031905 2.509132
vt -0.032608 2.503323
vt -0.038833 2.530000
vt -0.038833 2.530000
vt -0.031683 2.530000
vt -0.031905 2.509132
vt -0.031683 2.530000
vt -0.031905 2.550868
vt -0.029977 2.556677
vt -0.029692 2.530000
vt -0.031905 2.550868
vt -0.032608 2.556677
vt -0.030875 2.564104
vt -0.029977 2.556677
vt -0.032608 2.556677
vt -0.033964 2.559689
vt -0.032608 2.567954
vt -0.030875 2.564104
vt -0.033964 2.559689
vt -0.038833 2.560644
vt -0.038833 2.569175
vt -0.032608 2.567954
vt -0.038833 2.560644
vt -0.043702 2.559689
vt -0.045058 2.567954
vt -0.038833 2.569175
vt -0.043702 2.559689
vt -0.045058 2.556677
vt -0.046790 2.564104
vt -0.045058 2.567954
vt -0.045058 2.556677
vt -0.045760 2.550868
vt -0.047689 2.556677
vt -0.046790 2.564104
vt -0.045760 2.550868
vt -0.045983 2.530000
vt -0.047974 2.530000
vt -0.047689 2.556677
vt -0.045983 2.530000
vt -0.045760 2.509132
vt -0.047689 2.503323
vt -0.047974 2.530000
vt -0.045760 2.509132
vt -0.045058 2.503323
vt -0.046790 2.495896
vt -0.047689 2.503323
vt -0.045058 2.503323
vt -0.043702 2.500311
vt -0.045058 2.492046
vt -0.046790 2.495896
vt -0.043702 2.500311
vt -0.038833 2.499356
vt -0.038833 2.490825
vt -0.045058 2.492046
vt -0.038833 2.499356
vt -0.033964 2.500311
vt -0.032608 2.492046
vt -0.038833 2.490825
vt -0.033964 2.500311
vt -0.032608 2.503323
vt -0.030875 2.495896
vt -0.032608 2.492046
vt -0.032608 2.503323
vt -0.031905 2.509132
vt -0.029977 2.503323
vt -0.030875 2.495896
vt -0.031905 2.509132
vt -0.031683 2.530000
vt -0.029692 2.530000
vt -0.029977 2.503323
vt 2.530000 0.462646
vt 2.556677 0.462646
vt 2.559689 0.464636
vt 2.530000 0.464636
vt 2.556677 0.462646
vt 2.564104 0.462646
vt 2.567954 0.464636
vt 2.559689 0.464636
vt -0.030875 2.564104
vt -0.032608 2.567954
vt -0.031905 2.572238
vt -0.029977 2.567954
vt -0.032608 2.567954
vt -0.038833 2.569175
vt -0.038833 2.573597
vt -0.031905 2.572238
vt -0.038833 2.569175
vt -0.045058 2.567954
vt -0.045760 2.572238
vt -0.038833 2.573597
vt -0.045058 2.567954
vt -0.046790 2.564104
vt -0.047689 2.567954
vt -0.045760 2.572238
vt 2.564104 0.462646
vt 2.556677 0.462646
vt 2.559689 0.464636
vt 2.567954 0.464636
vt 2.556677 0.462646
vt 2.530000 0.462646
vt 2.530000 0.464636
vt 2.559689 0.464636
vt 2.530000 0.462646
vt 2.503323 0.462646
vt 2.500311 0.464636
vt 2.530000 0.464636
vt 2.503323 0.462646
vt 2.495896 0.462646
vt 2.492046 0.464636
vt 2.500311 0.464636
vt -0.046790 2.495896
vt -0.045058 2.492046
vt -0.045760 2.487762
vt -0.047689 2.492046
vt -0.045058 2.492046
vt -0.038833 2.490825
vt -0.038833 2.486403
vt -0.045760 2.487762
vt -0.038833 2.490825
vt -0.032608 2.492046
vt -0.031905 2.487762
vt -0.038833 2.486403
vt -0.032608 2.492046
vt -0.030875 2.495896
vt -0.029977 2.492046
vt -0.031905 2.487762
vt 2.495896 0.462646
vt 2.503323 0.462646
vt 2.500311 0.464636
vt 2.492046 0.464636
vt 2.503323 0.462646
vt 2.530000 0.462646
vt 2.530000 0.464636
vt 2.500311 0.464636
vt 2.530000 0.464636
vt 2.559689 0.464636
vt 2.560644 0.471786
vt 2.530000 0.471786
vt 2.559689 0.464636
vt 2.567954 0.464636
vt 2.569175 0.471786
vt 2.560644 0.471786
vt 2.567954 0.464636
vt 2.572238 0.464636
vt 2.573597 0.471786
vt 2.569175 0.471786
vt -0.031905 0.464636
vt -0.038833 0.464636
vt -0.038833 0.471786
vt -0.031683 0.471786
vt -0.038833 0.464636
vt -0.045760 0.464636
vt -0.045983 0.471786
vt -0.038833 0.471786
vt 2.572238 0.464636
vt 2.567954 0.464636
vt 2.569175 0.471786
vt 2.573597 0.471786
vt 2.567954 0.464636
vt 2.559689 0.464636
vt 2.560644 0.471786
vt 2.569175 0.471786
vt 2.559689 0.464636
vt 2.530000 0.464636
vt 2.530000 0.471786
vt 2.560644 0.471786
vt 2.530000 0.464636
vt 2.500311 0.464636
vt 2.499356 0.471786
vt 2.530000 0.471786
vt 2.500311 0.464636
vt 2.492046 0.464636
vt 2.490825 0.471786
vt 2.499356 0.471786
vt 2.492046 0.464636
vt 2.487762 0.464636
vt 2.486403 0.471786
vt 2.490825 0.471786
vt -0.045760 0.464636
vt -0.038833 0.464636
vt -0.038833 0.471786
vt -0.045983 0.471786
vt -0.038833 0.464636
vt -0.031905 0.464636
vt -0.031683 0.471786
vt -0.038833 0.471786
vt 2.487762 0.464636
vt 2.492046 0.464636
vt 2.490825 0.471786
vt 2.486403 0.471786
vt 2.492046 0.464636
vt 2.500311 0.464636
vt 2.499356 0.471786
vt 2.490825 0.471786
vt 2.500311 0.464636
vt 2.530000 0.464636
vt 2.530000 0.471786
vt 2.499356 0.471786
vt 2.530000 0.471786
vt 2.560644 0.471786
vt 2.559689 0.478937
vt 2.530000 0.478937
vt 2.560644 0.471786
vt 2.569175 0.471786
vt 2.567954 0.478937
vt 2.559689 0.478937
vt 2.569175 0.471786
vt 2.573597 0.471786
vt 2.572238 0.478937
vt 2.567954 0.478937
vt -0.031683 0.471786
vt -0.038833 0.471786
vt -0.038833 0.478937
vt -0.031905 0.478937
vt -0.038833 0.471786
vt -0.045983 0.471786
vt -0.045760 0.478937
vt -0.038833 0.478937
vt 2.573597 0.471786
vt 2.569175 0.471786
vt 2.567954 0.478937
vt 2.572238 0.478937
vt 2.569175 0.471786
vt 2.560644 0.471786
vt 2.559689 0.478937
vt 2.567954 0.478937
vt 2.560644 0.471786
vt 2.530000 0.471786
vt 2.530000 0.478937
vt 2.559689 0.478937
vt 2.530000 0.471786
vt 2.499356 0.471786
vt 2.500311 0.478937
vt 2.530000 0.478937
vt 2.499356 0.471786
vt 2.490825 0.471786
vt 2.492046 0.478937
vt 2.500311 0.478937
vt 2.490825 0.471786
vt 2.486403 0.471786
vt 2.487762 0.478937
vt 2.492046 0.478937
vt -0.045983 0.471786
vt -0.038833 0.471786
vt -0.038833 0.478937
vt -0.045760 0.478937
vt -0.038833 0.471786
vt -0.031683 0.471786
vt -0.031905 0.478937
vt -0.038833 0.478937
vt 2.486403 0.471786
vt 2.490825 0.471786
vt 2.492046 0.478937
vt 2.487762 0.478937
vt 2.490825 0.471786
vt 2.499356 0.471786
vt 2.500311 0.478937
vt 2.492046 0.478937
vt 2.499356 0.471786
vt 2.530000 0.471786
vt 2.530000 0.478937
vt 2.500311 0.478937
vt 2.530000 0.478937
vt 2.559689 0.478937
vt 2.556677 0.480927
vt 2.530000 0.480927
vt 2.559689 0.478937
vt 2.567954 0.478937
vt 2.564104 0.480927
vt 2.556677 0.480927
vt -0.029977 2.567954
vt -0.031905 2.572238
vt -0.032608 2.567954
vt -0.030875 2.564104
vt -0.031905 2.572238
vt -0.038833 2.573597
vt -0.038833 2.569175
vt -0.032608 2.567954
vt -0.038833 2.573597
vt -0.045760 2.572238
vt -0.045058 2.567954
vt -0.038833 2.569175
vt -0.045760 2.572238
vt -0.047689 2.567954
vt -0.046790 2.564104
vt -0.045058 2.567954
vt 2.567954 0.478937
vt 2.559689 0.478937
vt 2.556677 0.480927
vt 2.564104 0.480927
vt 2.559689 0.478937
vt 2.530000 0.478937
vt 2.530000 0.480927
vt 2.556677 0.480927
vt 2.530000 0.478937
vt 2.500311 0.478937
vt 2.503323 0.480927
vt 2.530000 0.480927
vt 2.500311 0.478937
vt 2.492046 0.478937
vt 2.495896 0.480927
vt 2.503323 0.480927
vt -0.047689 2.492046
vt -0.045760 2.487762
vt -0.045058 2.492046
vt -0.046790 2.495896
vt -0.045760 2.487762
vt -0.038833 2.486403
vt -0.038833 2.490825
vt -0.045058 2.492046
vt -0.038833 2.486403
vt -0.031905 2.487762
vt -0.032608 2.492046
vt -0.038833 2.490825
vt -0.031905 2.487762
vt -0.029977 2.492046
vt -0.030875 2.495896
vt -0.032608 2.492046
vt 2.492046 0.478937
vt 2.500311 0.478937
vt 2.503323 0.480927
vt 2.495896 0.480927
vt 2.500311 0.478937
vt 2.530000 0.478937
vt 2.530000 0.480927
vt 2.503323 0.480927
vt -0.029692 2.530000
vt -0.029977 2.556677
vt -0.031905 2.550868
vt -0.031683 2.530000
vt -0.029977 2.556677
vt -0.030875 2.564104
vt -0.032608 2.556677
vt -0.031905 2.550868
vt -0.030875 2.564104
vt -0.032608 2.567954
vt -0.033964 2.559689
vt -0.032608 2.556677
vt -0.032608 2.567954
vt -0.038833 2.569175
vt -0.038833 2.560644
vt -0.033964 2.559689
vt -0.038833 2.569175
vt -0.045058 2.567954
vt -0.043702 2.559689
vt -0.038833 2.560644
vt -0.045058 2.567954
vt -0.046790 2.564104
vt -0.045058 2.556677
vt -0.043702 2.559689
vt -0.046790 2.564104
vt -0.047689 2.556677
vt -0.045760 2.550868
vt -0.045058 2.556677
vt -0.047689 2.556677
vt -0.047974 2.530000
vt -0.045983 2.530000
vt -0.045760 2.550868
vt -0.047974 2.530000
vt -0.047689 2.503323
vt -0.045760 2.509132
vt -0.045983 2.530000
vt -0.047689 2.503323
vt -0.046790 2.495896
vt -0.045058 2.503323
vt -0.045760 2.509132
vt -0.046790 2.495896
vt -0.045058 2.492046
vt -0.043702 2.500311
vt -0.045058 2.503323
vt -0.045058 2.492046
vt -0.038833 2.490825
vt -0.038833 2.499356
vt -0.043702 2.500311
vt -0.038833 2.490825
vt -0.032608 2.492046
vt -0.033964 2.500311
vt -0.038833 2.499356
vt -0.032608 2.492046
vt -0.030875 2.495896
vt -0.032608 2.503323
vt -0.033964 2.500311
vt -0.030875 2.495896
vt -0.029977 2.503323
vt -0.031905 2.509132
vt -0.032608 2.503323
vt -0.029977 2.503323
vt -0.029692 2.530000
vt -0.031683 2.530000
vt -0.031905 2.509132
vt -0.031683 2.530000
vt -0.031905 2.550868
vt -0.038833 2.530000
vt -0.038833 2.530000
vt -0.031905 2.550868
vt -0.032608 2.556677
vt -0.038833 2.530000
vt -0.038833 2.530000
vt -0.032608 2.556677
vt -0.033964 2.559689
vt -0.038833 2.530000
vt -0.038833 2.530000
vt -0.033964 2.559689
vt -0.038833 2.560644
vt -0.038833 2.530000
vt -0.038833 2.530000
vt -0.038833 2.560644
vt -0.043702 2.559689
vt -0.038833 2.530000
vt -0.038833 2.530000
vt -0.043702 2.559689
vt -0.045058 2.556677
vt -0.038833 2.530000
vt -0.038833 2.530000
vt -0.045058 2.556677
vt -0.045760 2.550868
vt -0.038833 2.530000
vt -0.038833 2.530000
vt -0.045760 2.550868
vt -0.045983 2.530000
vt -0.038833 2.530000
vt -0.038833 2.530000
vt -0.045983 2.530000
vt -0.045760 2.509132
vt -0.038833 2.530000
vt -0.038833 2.530000
vt -0.045760 2.509132
vt -0.045058 2.503323
vt -0.038833 2.530000
vt -0.038833 2.530000
vt -0.045058 2.503323
vt -0.043702 2.500311
vt -0.038833 2.530000
vt -0.038833 2.530000
vt -0.043702 2.500311
vt -0.038833 2.499356
vt -0.038833 2.530000
vt -0.038833 2.530000
vt -0.038833 2.499356
vt -0.033964 2.500311
vt -0.038833 2.530000
vt -0.038833 2.530000
vt -0.033964 2.500311
vt -0.032608 2.503323
vt -0.038833 2.530000
vt -0.038833 2.530000
vt -0.032608 2.503323
vt -0.031905 2.509132
vt -0.038833 2.530000
vt -0.038833 2.530000
vt -0.031905 2.509132
vt -0.031683 2.530000
vt -0.038833 2.530000
vt -0.038833 2.530000
vt 0.014833 2.530000
vt 0.014833 2.530000
vt 0.021760 2.550868
vt 0.021983 2.530000
vt 0.014833 2.530000
vt 0.014833 2.530000
vt 0.021058 2.556677
vt 0.021760 2.550868
vt 0.014833 2.530000
vt 0.014833 2.530000
vt 0.019702 2.559689
vt 0.021058 2.556677
vt 0.014833 2.530000
vt 0.014833 2.530000
vt 0.014833 2.560644
vt 0.019702 2.559689
vt 0.014833 2.530000
vt 0.014833 2.530000
vt 0.009964 2.559689
vt 0.014833 2.560644
vt 0.014833 2.530000
vt 0.014833 2.530000
vt 0.008608 2.556677
vt 0.009964 2.559689
vt 0.014833 2.530000
vt 0.014833 2.530000
vt 0.007905 2.550868
vt 0.008608 2.556677
vt 0.014833 2.530000
vt 0.014833 2.530000
vt 0.007683 2.530000
vt 0.007905 2.550868
vt 0.014833 2.530000
vt 0.014833 2.530000
vt 0.007905 2.509132
vt 0.007683 2.530000
vt 0.014833 2.530000
vt 0.014833 2.530000
vt 0.008608 2.503323
vt 0.007905 2.509132
vt 0.014833 2.530000
vt 0.014833 2.530000
vt 0.009964 2.500311
vt 0.008608 2.503323
vt 0.014833 2.530000
vt 0.014833 2.530000
vt 0.014833 2.499356
vt 0.009964 2.500311
vt 0.014833 2.530000
vt 0.014833 2.530000
vt 0.019702 2.500311
vt 0.014833 2.499356
vt 0.014833 2.530000
vt 0.014833 2.530000
vt 0.021058 2.503323
vt 0.019702 2.500311
vt 0.014833 2.530000
vt 0.014833 2.530000
vt 0.021760 2.509132
vt 0.021058 2.503323
vt 0.014833 2.530000
vt 0.014833 2.530000
vt 0.021983 2.530000
vt 0.021760 2.509132
vt 0.021983 2.530000
vt 0.021760 2.550868
vt 0.023689 2.556677
vt 0.023974 2.530000
vt 0.021760 2.550868
vt 0.021058 2.556677
vt 0.022790 2.564104
vt 0.023689 2.556677
vt 0.021058 2.556677
vt 0.019702 2.559689
vt 0.021058 2.567954
vt 0.022790 2.564104
vt 0.019702 2.559689
vt 0.014833 2.560644
vt 0.014833 2.569175
vt 0.021058 2.567954
vt 0.014833 2.560644
vt 0.009964 2.559689
vt 0.008608 2.567954
vt 0.014833 2.569175
vt 0.009964 2.559689
vt 0.008608 2.556677
vt 0.006875 2.564104
vt 0.008608 2.567954
vt 0.008608 2.556677
vt 0.007905 2.550868
vt 0.005977 2.556677
vt 0.006875 2.564104
vt 0.007905 2.550868
vt 0.007683 2.530000
vt 0.005692 2.530000
vt 0.005977 2.556677
vt 0.007683 2.530000
vt 0.007905 2.509132
vt 0.005977 2.503323
vt 0.005692 2.530000
vt 0.007905 2.509132
vt 0.008608 2.503323
vt 0.006875 2.495896
vt 0.005977 2.503323
vt 0.008608 2.503323
vt 0.009964 2.500311
vt 0.008608 2.492046
vt 0.006875 2.495896
vt 0.009964 2.500311
vt 0.014833 2.499356
vt 0.014833 2.490825
vt 0.008608 2.492046
vt 0.014833 2.499356
vt 0.019702 2.500311
vt 0.021058 2.492046
vt 0.014833 2.490825
vt 0.019702 2.500311
vt 0.021058 2.503323
vt 0.022790 2.495896
vt 0.021058 2.492046
vt 0.021058 2.503323
vt 0.021760 2.509132
vt 0.023689 2.503323
vt 0.022790 2.495896
vt 0.021760 2.509132
vt 0.021983 2.530000
vt 0.023974 2.530000
vt 0.023689 2.503323
vt 2.530000 0.445209
vt 2.556677 0.445209
vt 2.559689 0.447199
vt 2.530000 0.447199
vt 2.556677 0.445209
vt 2.564104 0.445209
vt 2.567954 0.447199
vt 2.559689 0.447199
vt 0.022790 2.564104
vt 0.021058 2.567954
vt 0.021760 2.572238
vt 0.023689 2.567954
vt 0.021058 2.567954
vt 0.014833 2.569175
vt 0.014833 2.573597
vt 0.021760 2.572238
vt 0.014833 2.569175
vt 0.008608 2.567954
vt 0.007905 2.572238
vt 0.014833 2.573597
vt 0.008608 2.567954
vt 0.006875 2.564104
vt 0.005977 2.567954
vt 0.007905 2.572238
vt 2.564104 0.445209
vt 2.556677 0.445209
vt 2.559689 0.447199
vt 2.567954 0.447199
vt 2.556677 0.445209
vt 2.530000 0.445209
vt 2.530000 0.447199
vt 2.559689 0.447199
vt 2.530000 0.445209
vt 2.503323 0.445209
vt 2.500311 0.447199
vt 2.530000 0.447199
vt 2.503323 0.445209
vt 2.495896 0.445209
vt 2.492046 0.447199
vt 2.500311 0.447199
vt 0.006875 2.495896
vt 0.008608 2.492046
vt 0.007905 2.487762
vt 0.005977 2.492046
vt 0.008608 2.492046
vt 0.014833 2.490825
vt 0.014833 2.486403
vt 0.007905 2.487762
vt 0.014833 2.490825
vt 0.021058 2.492046
vt 0.021760 2.487762
vt 0.014833 2.486403
vt 0.021058 2.492046
vt 0.022790 2.495896
vt 0.023689 2.492046
vt 0.021760 2.487762
vt 2.495896 0.445209
vt 2.503323 0.445209
vt 2.500311 0.447199
vt 2.492046 0.447199
vt 2.503323 0.445209
vt 2.530000 0.445209
vt 2.530000 0.447199
vt 2.500311 0.447199
vt 2.530000 0.447199
vt 2.559689 0.447199
vt 2.560644 0.454349
vt 2.530000 0.454349
vt 2.559689 0.447199
vt 2.567954 0.447199
vt 2.569175 0.454349
vt 2.560644 0.454349
vt 2.567954 0.447199
vt 2.572238 0.447199
vt 2.573597 0.454349
vt 2.569175 0.454349
vt 0.021760 0.447199
vt 0.014833 0.447199
vt 0.014833 0.454349
vt 0.021983 0.454349
vt 0.014833 0.447199
vt 0.007905 0.447199
vt 0.007683 0.454349
vt 0.014833 0.454349
vt 2.572238 0.447199
vt 2.567954 0.447199
vt 2.569175 0.454349
vt 2.573597 0.454349
vt 2.567954 0.447199
vt 2.559689 0.447199
vt 2.560644 0.454349
vt 2.569175 0.454349
vt 2.559689 0.447199
vt 2.530000 0.447199
vt 2.530000 0.454349
vt 2.560644 0.454349
vt 2.530000 0.447199
vt 2.500311 0.447199
vt 2.499356 0.454349
vt 2.530000 0.454349
vt 2.500311 0.447199
vt 2.492046 0.447199
vt 2.490825 0.454349
vt 2.499356 0.454349
vt 2.492046 0.447199
vt 2.487762 0.447199
vt 2.486403 0.454349
vt 2.490825 0.454349
vt 0.007905 0.447199
vt 0.014833 0.447199
vt 0.014833 0.454349
vt 0.007683 0.454349
vt 0.014833 0.447199
vt 0.021760 0.447199
vt 0.021983 0.454349
vt 0.014833 0.454349
vt 2.487762 0.447199
vt 2.492046 0.447199
vt 2.490825 0.454349
vt 2.486403 0.454349
vt 2.492046 0.447199
vt 2.500311 0.447199
vt 2.499356 0.454349
vt 2.490825 0.454349
vt 2.500311 0.447199
vt 2.530000 0.447199
vt 2.530000 0.454349
vt 2.499356 0.454349
vt 2.530000 0.454349
vt 2.560644 0.454349
vt 2.559689 0.461500
vt 2.530000 0.461500
vt 2.560644 0.454349
vt 2.569175 0.454349
vt 2.567954 0.461500
vt 2.559689 0.461500
vt 2.569175 0.454349
vt 2.573597 0.454349
vt 2.572238 0.461500
vt 2.567954 0.461500
vt 0.021983 0.454349
vt 0.014833 0.454349
vt 0.014833 0.461500
vt 0.021760 0.461500
vt 0.014833 0.454349
vt 0.007683 0.454349
vt 0.007905 0.461500
vt 0.014833 0.461500
vt 2.573597 0.454349
vt 2.569175 0.454349
vt 2.567954 0.461500
vt 2.572238 0.461500
vt 2.569175 0.454349
vt 2.560644 0.454349
vt 2.559689 0.461500
vt 2.567954 0.461500
vt 2.560644 0.454349
vt 2.530000 0.454349
vt 2.530000 0.461500
vt 2.559689 0.461500
vt 2.530000 0.454349
vt 2.499356 0.454349
vt 2.500311 0.461500
vt 2.530000 0.461500
vt 2.499356 0.454349
vt 2.490825 0.454349
vt 2.492046 0.461500
vt 2.500311 0.461500
vt 2.490825 0.454349
vt 2.486403 0.454349
vt 2.487762 0.461500
vt 2.492046 0.461500
vt 0.007683 0.454349
vt 0.014833 0.454349
vt 0.014833 0.461500
vt 0.007905 0.461500
vt 0.014833 0.454349
vt 0.021983 0.454349
vt 0.021760 0.461500
vt 0.014833 0.461500
vt 2.486403 0.454349
vt 2.490825 0.454349
vt 2.492046 0.461500
vt 2.487762 0.461500
vt 2.490825 0.454349
vt 2.499356 0.454349
vt 2.500311 0.461500
vt 2.492046 0.461500
vt 2.499356 0.454349
vt 2.530000 0.454349
vt 2.530000 0.461500
vt 2.500311 0.461500
vt 2.530000 0.461500
vt 2.559689 0.461500
vt 2.556677 0.463490
vt 2.530000 0.463490
vt 2.559689 0.461500
vt 2.567954 0.461500
vt 2.564104 0.463490
vt 2.556677 0.463490
vt 0.023689 2.567954
vt 0.021760 2.572238
vt 0.021058 2.567954
vt 0.022790 2.564104
vt 0.021760 2.572238
vt 0.014833 2.573597
vt 0.014833 2.569175
vt 0.021058 2.567954
vt 0.014833 2.573597
vt 0.007905 2.572238
vt 0.008608 2.567954
vt 0.014833 2.569175
vt 0.007905 2.572238
vt 0.005977 2.567954
vt 0.006875 2.564104
vt 0.008608 2.567954
vt 2.567954 0.461500
vt 2.559689 0.461500
vt 2.556677 0.463490
vt 2.564104 0.463490
vt 2.559689 0.461500
vt 2.530000 0.461500
vt 2.530000 0.463490
vt 2.556677 0.463490
vt 2.530000 0.461500
vt 2.500311 0.461500
vt 2.503323 0.463490
vt 2.530000 0.463490
vt 2.500311 0.461500
vt 2.492046 0.461500
vt 2.495896 0.463490
vt 2.503323 0.463490
vt 0.005977 2.492046
vt 0.007905 2.487762
vt 0.008608 2.492046
vt 0.006875 2.495896
vt 0.007905 2.487762
vt 0.014833 2.486403
vt 0.014833 2.490825
vt 0.008608 2.492046
vt 0.014833 2.486403
vt 0.021760 2.487762
vt 0.021058 2.492046
vt 0.014833 2.490825
vt 0.021760 2.487762
vt 0.023689 2.492046
vt 0.022790 2.495896
vt 0.021058 2.492046
vt 2.492046 0.461500
vt 2.500311 0.461500
vt 2.503323 0.463490
vt 2.495896 0.463490
vt 2.500311 0.461500
vt 2.530000 0.461500
vt 2.530000 0.463490
vt 2.503323 0.463490
vt 0.023974 2.530000
vt 0.023689 2.556677
vt 0.021760 2.550868
vt 0.021983 2.530000
vt 0.023689 2.556677
vt 0.022790 2.564104
vt 0.021058 2.556677
vt 0.021760 2.550868
vt 0.022790 2.564104
vt 0.021058 2.567954
vt 0.019702 2.559689
vt 0.021058 2.556677
vt 0.021058 2.567954
vt 0.014833 2.569175
vt 0.014833 2.560644
vt 0.019702 2.559689
vt 0.014833 2.569175
vt 0.008608 2.567954
vt 0.009964 2.559689
vt 0.014833 2.560644
vt 0.008608 2.567954
vt 0.006875 2.564104
vt 0.008608 2.556677
vt 0.009964 2.559689
vt 0.006875 2.564104
vt 0.005977 2.556677
vt 0.007905 2.550868
vt 0.008608 2.556677
vt 0.005977 2.556677
vt 0.005692 2.530000
vt 0.007683 2.530000
vt 0.007905 2.550868
vt 0.005692 2.530000
vt 0.005977 2.503323
vt 0.007905 2.509132
vt 0.007683 2.530000
vt 0.005977 2.503323
vt 0.006875 2.495896
vt 0.008608 2.503323
vt 0.007905 2.509132
vt 0.006875 2.495896
vt 0.008608 2.492046
vt 0.009964 2.500311
vt 0.008608 2.503323
vt 0.008608 2.492046
vt 0.014833 2.490825
vt 0.014833 2.499356
vt 0.009964 2.500311
vt 0.014833 2.490825
vt 0.021058 2.492046
vt 0.019702 2.500311
vt 0.014833 2.499356
vt 0.021058 2.492046
vt 0.022790 2.495896
vt 0.021058 2.503323
vt 0.019702 2.500311
vt 0.022790 2.495896
vt 0.023689 2.503323
vt 0.021760 2.509132
vt 0.021058 2.503323
vt 0.023689 2.503323
vt 0.023974 2.530000
vt 0.021983 2.530000
vt 0.021760 2.509132
vt 0.021983 2.530000
vt 0.021760 2.550868
vt 0.014833 2.530000
vt 0.014833 2.530000
vt 0.021760 2.550868
vt 0.021058 2.556677
vt 0.014833 2.530000
vt 0.014833 2.530000
vt 0.021058 2.556677
vt 0.019702 2.559689
vt 0.014833 2.530000
vt 0.014833 2.530000
vt 0.019702 2.559689
vt 0.014833 2.560644
vt 0.014833 2.530000
vt 0.014833 2.530000
vt 0.014833 2.560644
vt 0.009964 2.559689
vt 0.014833 2.530000
vt 0.014833 2.530000
vt 0.009964 2.559689
vt 0.008608 2.556677
vt 0.014833 2.530000
vt 0.014833 2.530000
vt 0.008608 2.556677
vt 0.007905 2.550868
vt 0.014833 2.530000
vt 0.014833 2.530000
vt 0.007905 2.550868
vt 0.007683 2.530000
vt 0.014833 2.530000
vt 0.014833 2.530000
vt 0.007683 2.530000
vt 0.007905 2.509132
vt 0.014833 2.530000
vt 0.014833 2.530000
vt 0.007905 2.509132
vt 0.008608 2.503323
vt 0.014833 2.530000
vt 0.014833 2.530000
vt 0.008608 2.503323
vt 0.009964 2.500311
vt 0.014833 2.530000
vt 0.014833 2.530000
vt 0.009964 2.500311
vt 0.014833 2.499356
vt 0.014833 2.530000
vt 0.014833 2.530000
vt 0.014833 2.499356
vt 0.019702 2.500311
vt 0.014833 2.530000
vt 0.014833 2.530000
vt 0.019702 2.500311
vt 0.021058 2.503323
vt 0.014833 2.530000
vt 0.014833 2.530000
vt 0.021058 2.503323
vt 0.021760 2.509132
vt 0.014833 2.530000
vt 0.014833 2.530000
vt 0.021760 2.509132
vt 0.021983 2.530000
vt 0.014833 2.530000
vt 0.014833 2.530000
vt -1.450000 0.490000
vt -1.450000 0.504144
vt -0.300000 0.504144
vt -0.300000 0.490000
vt -1.450000 0.504144
vt -1.450000 0.517745
vt -0.300000 0.517745
vt -0.300000 0.504144
vt -1.450000 0.517745
vt -1.450000 0.530279
vt -0.300000 0.530279
vt -0.300000 0.517745
vt -1.450000 0.530279
vt -1.450000 0.541265
vt -0.300000 0.541265
vt -0.300000 0.530279
vt 0.051265 -1.450000
vt 0.040279 -1.450000
vt 0.040279 -0.300000
vt 0.051265 -0.300000
vt 0.040279 -1.450000
vt 0.027745 -1.450000
vt 0.027745 -0.300000
vt 0.040279 -0.300000
vt 0.027745 -1.450000
vt 0.014144 -1.450000
vt 0.014144 -0.300000
vt 0.027745 -0.300000
vt 0.014144 -1.450000
vt 0.000000 -1.450000
vt 0.000000 -0.300000
vt 0.014144 -0.300000
vt 0.000000 -1.450000
vt -0.014144 -1.450000
vt -0.014144 -0.300000
vt 0.000000 -0.300000
vt -0.014144 -1.450000
vt -0.027745 -1.450000
vt -0.027745 -0.300000
vt -0.014144 -0.300000
vt -0.027745 -1.450000
vt -0.040279 -1.450000
vt -0.040279 -0.300000
vt -0.027745 -0.300000
vt -0.040279 -1.450000
vt -0.051265 -1.450000
vt -0.051265 -0.300000
vt -0.040279 -0.300000
vt -1.450000 0.541265
vt -1.450000 0.530279
vt -0.300000 0.530279
vt -0.300000 0.541265
vt -1.450000 0.530279
vt -1.450000 0.517745
vt -0.300000 0.517745
vt -0.300000 0.530279
vt -1.450000 0.517745
vt -1.450000 0.504144
vt -0.300000 0.504144
vt -0.300000 0.517745
vt -1.450000 0.504144
vt -1.450000 0.490000
vt -0.300000 0.490000
vt -0.300000 0.504144
vt -1.450000 0.490000
vt -1.450000 0.475856
vt -0.300000 0.475856
vt -0.300000 0.490000
vt -1.450000 0.475856
vt -1.450000 0.462255
vt -0.300000 0.462255
vt -0.300000 0.475856
vt -1.450000 0.462255
vt -1.450000 0.449721
vt -0.300000 0.449721
vt -0.300000 0.462255
vt -1.450000 0.449721
vt -1.450000 0.438735
vt -0.300000 0.438735
vt -0.300000 0.449721
vt -0.051265 -1.450000
vt -0.040279 -1.450000
vt -0.040279 -0.300000
vt -0.051265 -0.300000
vt -0.040279 -1.450000
vt -0.027745 -1.450000
vt -0.027745 -0.300000
vt -0.040279 -0.300000
vt -0.027745 -1.450000
vt -0.014144 -1.450000
vt -0.014144 -0.300000
vt -0.027745 -0.300000
vt -0.014144 -1.450000
vt -0.000000 -1.450000
vt -0.000000 -0.300000
vt -0.014144 -0.300000
vt -0.000000 -1.450000
vt 0.014144 -1.450000
vt 0.014144 -0.300000
vt -0.000000 -0.300000
vt 0.014144 -1.450000
vt 0.027745 -1.450000
vt 0.027745 -0.300000
vt 0.014144 -0.300000
vt 0.027745 -1.450000
vt 0.040279 -1.450000
vt 0.040279 -0.300000
vt 0.027745 -0.300000
vt 0.040279 -1.450000
vt 0.051265 -1.450000
vt 0.051265 -0.300000
vt 0.040279 -0.300000
vt -1.450000 0.438735
vt -1.450000 0.449721
vt -0.300000 0.449721
vt -0.300000 0.438735
vt -1.450000 0.449721
vt -1.450000 0.462255
vt -0.300000 0.462255
vt -0.300000 0.449721
vt -1.450000 0.462255
vt -1.450000 0.475856
vt -0.300000 0.475856
vt -0.300000 0.462255
vt -1.450000 0.475856
vt -1.450000 0.490000
vt -0.300000 0.490000
vt -0.300000 0.475856
vt 0.072500 0.490000
vt 0.071107 0.504144
vt 0.000000 0.490000
vt 0.000000 0.490000
vt 0.071107 0.504144
vt 0.066981 0.517745
vt 0.000000 0.490000
vt 0.000000 0.490000
vt 0.066981 0.517745
vt 0.060282 0.530279
vt 0.000000 0.490000
vt 0.000000 0.490000
vt 0.060282 0.530279
vt 0.051265 0.541265
vt 0.000000 0.490000
vt 0.000000 0.490000
vt 0.051265 0.541265
vt 0.040279 0.550282
vt 0.000000 0.490000
vt 0.000000 0.490000
vt 0.040279 0.550282
vt 0.027745 0.556981
vt 0.000000 0.490000
vt 0.000000 0.490000
vt 0.027745 0.556981
vt 0.014144 0.561107
vt 0.000000 0.490000
vt 0.000000 0.490000
vt 0.014144 0.561107
vt 0.000000 0.562500
vt 0.000000 0.490000
vt 0.000000 0.490000
vt 0.000000 0.562500
vt -0.014144 0.561107
vt 0.000000 0.490000
vt 0.000000 0.490000
vt -0.014144 0.561107
vt -0.027745 0.556981
vt 0.000000 0.490000
vt 0.000000 0.490000
vt -0.027745 0.556981
vt -0.040279 0.550282
vt 0.000000 0.490000
vt 0.000000 0.490000
vt -0.040279 0.550282
vt -0.051265 0.541265
vt 0.000000 0.490000
vt 0.000000 0.490000
vt -0.051265 0.541265
vt -0.060282 0.530279
vt 0.000000 0.490000
vt 0.000000 0.490000
vt -0.060282 0.530279
vt -0.066981 0.517745
vt 0.000000 0.490000
vt 0.000000 0.490000
vt -0.066981 0.517745
vt -0.071107 0.504144
vt 0.000000 0.490000
vt 0.000000 0.490000
vt -0.071107 0.504144
vt -0.072500 0.490000
vt 0.000000 0.490000
vt 0.000000 0.490000
vt -0.072500 0.490000
vt -0.071107 0.475856
vt 0.000000 0.490000
vt 0.000000 0.490000
vt -0.071107 0.475856
vt -0.066981 0.462255
vt 0.000000 0.490000
vt 0.000000 0.490000
vt -0.066981 0.462255
vt -0.060282 0.449721
vt 0.000000 0.490000
vt 0.000000 0.490000
vt -0.060282 0.449721
vt -0.051265 0.438735
vt 0.000000 0.490000
vt 0.000000 0.490000
vt -0.051265 0.438735
vt -0.040279 0.429718
vt 0.000000 0.490000
vt 0.000000 0.490000
vt -0.040279 0.429718
vt -0.027745 0.423019
vt 0.000000 0.490000
vt 0.000000 0.490000
vt -0.027745 0.423019
vt -0.014144 0.418893
vt 0.000000 0.490000
vt 0.000000 0.490000
vt -0.014144 0.418893
vt -0.000000 0.417500
vt 0.000000 0.490000
vt 0.000000 0.490000
vt -0.000000 0.417500
vt 0.014144 0.418893
vt 0.000000 0.490000
vt 0.000000 0.490000
vt 0.014144 0.418893
vt 0.027745 0.423019
vt 0.000000 0.490000
vt 0.000000 0.490000
vt 0.027745 0.423019
vt 0.040279 0.429718
vt 0.000000 0.490000
vt 0.000000 0.490000
vt 0.040279 0.429718
vt 0.051265 0.438735
vt 0.000000 0.490000
vt 0.000000 0.490000
vt 0.051265 0.438735
vt 0.060282 0.449721
vt 0.000000 0.490000
vt 0.000000 0.490000
vt 0.060282 0.449721
vt 0.066981 0.462255
vt 0.000000 0.490000
vt 0.000000 0.490000
vt 0.066981 0.462255
vt 0.071107 0.475856
vt 0.000000 0.490000
vt 0.000000 0.490000
vt 0.071107 0.475856
vt 0.072500 0.490000
vt 0.000000 0.490000
vt 0.000000 0.490000
vt -0.300000 0.490000
vt -0.300000 0.490000
vt -1.450000 0.490000
vt -1.450000 0.490000
vt -0.300000 0.490000
vt -0.300000 0.490000
vt -1.450000 0.490000
vt -1.450000 0.490000
vt -0.300000 0.490000
vt -0.300000 0.490000
vt -1.450000 0.490000
vt -1.450000 0.490000
vt -0.300000 0.490000
vt -0.300000 0.490000
vt -1.450000 0.490000
vt -1.450000 0.490000
vt -0.300000 0.490000
vt -0.300000 0.490000
vt -1.450000 0.490000
vt -1.450000 0.490000
vt -0.300000 0.490000
vt -0.300000 0.490000
vt -1.450000 0.490000
vt -1.450000 0.490000
vt -0.300000 0.490000
vt -0.300000 0.490000
vt -1.450000 0.490000
vt -1.450000 0.490000
vt -0.300000 0.490000
vt -0.300000 0.490000
vt -1.450000 0.490000
vt -1.450000 0.490000
vt -0.300000 0.490000
vt -0.300000 0.490000
vt -1.450000 0.490000
vt -1.450000 0.490000
vt -0.300000 0.490000
vt -0.300000 0.490000
vt -1.450000 0.490000
vt -1.450000 0.490000
vt -0.300000 0.490000
vt -0.300000 0.490000
vt -1.450000 0.490000
vt -1.450000 0.490000
vt -0.300000 0.490000
vt -0.300000 0.490000
vt -1.450000 0.490000
vt -1.450000 0.490000
vt -0.300000 0.490000
vt -0.300000 0.490000
vt -1.450000 0.490000
vt -1.450000 0.490000
vt -0.300000 0.490000
vt -0.300000 0.490000
vt -1.450000 0.490000
vt -1.450000 0.490000
vt -0.300000 0.490000
vt -0.300000 0.490000
vt -1.450000 0.490000
vt -1.450000 0.490000
vt -0.300000 0.490000
vt -0.300000 0.490000
vt -1.450000 0.490000
vt -1.450000 0.490000
vt -0.300000 0.490000
vt -0.300000 0.490000
vt -1.450000 0.490000
vt -1.450000 0.490000
vt -0.300000 0.490000
vt -0.300000 0.490000
vt -1.450000 0.490000
vt -1.450000 0.490000
vt -0.300000 0.490000
vt -0.300000 0.490000
vt -1.450000 0.490000
vt -1.450000 0.490000
vt -0.300000 0.490000
vt -0.300000 0.490000
vt -1.450000 0.490000
vt -1.450000 0.490000
vt -0.300000 0.490000
vt -0.300000 0.490000
vt -1.450000 0.490000
vt -1.450000 0.490000
vt -0.300000 0.490000
vt -0.300000 0.490000
vt -1.450000 0.490000
vt -1.450000 0.490000
vt -0.300000 0.490000
vt -0.300000 0.490000
vt -1.450000 0.490000
vt -1.450000 0.490000
vt -0.300000 0.490000
vt -0.300000 0.490000
vt -1.450000 0.490000
vt -1.450000 0.490000
vt -0.300000 0.490000
vt -0.300000 0.490000
vt -1.450000 0.490000
vt -1.450000 0.490000
vt -0.300000 0.490000
vt -0.300000 0.490000
vt -1.450000 0.490000
vt -1.450000 0.490000
vt -0.300000 0.490000
vt -0.300000 0.490000
vt -1.450000 0.490000
vt -1.450000 0.490000
vt -0.300000 0.490000
vt -0.300000 0.490000
vt -1.450000 0.490000
vt -1.450000 0.490000
vt -0.300000 0.490000
vt -0.300000 0.490000
vt -1.450000 0.490000
vt -1.450000 0.490000
vt -0.300000 0.490000
vt -0.300000 0.490000
vt -1.450000 0.490000
vt -1.450000 0.490000
vt -0.300000 0.490000
vt -0.300000 0.490000
vt -1.450000 0.490000
vt -1.450000 0.490000
vt -0.300000 0.490000
vt -0.300000 0.490000
vt -1.450000 0.490000
vt -1.450000 0.490000
vt -1.450000 0.490000
vt -1.450000 0.490000
vt -1.450000 0.504144
vt -1.450000 0.490000
vt -1.450000 0.490000
vt -1.450000 0.490000
vt -1.450000 0.517745
vt -1.450000 0.504144
vt -1.450000 0.490000
vt -1.450000 0.490000
vt -1.450000 0.530279
vt -1.450000 0.517745
vt -1.450000 0.490000
vt -1.450000 0.490000
vt -1.450000 0.541265
vt -1.450000 0.530279
vt -1.450000 0.490000
vt -1.450000 0.490000
vt -1.450000 0.550282
vt -1.450000 0.541265
vt -1.450000 0.490000
vt -1.450000 0.490000
vt -1.450000 0.556981
vt -1.450000 0.550282
vt -1.450000 0.490000
vt -1.450000 0.490000
vt -1.450000 0.561107
vt -1.450000 0.556981
vt -1.450000 0.490000
vt -1.450000 0.490000
vt -1.450000 0.562500
vt -1.450000 0.561107
vt -1.450000 0.490000
vt -1.450000 0.490000
vt -1.450000 0.561107
vt -1.450000 0.562500
vt -1.450000 0.490000
vt -1.450000 0.490000
vt -1.450000 0.556981
vt -1.450000 0.561107
vt -1.450000 0.490000
vt -1.450000 0.490000
vt -1.450000 0.550282
vt -1.450000 0.556981
vt -1.450000 0.490000
vt -1.450000 0.490000
vt -1.450000 0.541265
vt -1.450000 0.550282
vt -1.450000 0.490000
vt -1.450000 0.490000
vt -1.450000 0.530279
vt -1.450000 0.541265
vt -1.450000 0.490000
vt -1.450000 0.490000
vt -1.450000 0.517745
vt -1.450000 0.530279
vt -1.450000 0.490000
vt -1.450000 0.490000
vt -1.450000 0.504144
vt -1.450000 0.517745
vt -1.450000 0.490000
vt -1.450000 0.490000
vt -1.450000 0.490000
vt -1.450000 0.504144
vt -1.450000 0.490000
vt -1.450000 0.490000
vt -1.450000 0.475856
vt -1.450000 0.490000
vt -1.450000 0.490000
vt -1.450000 0.490000
vt -1.450000 0.462255
vt -1.450000 0.475856
vt -1.450000 0.490000
vt -1.450000 0.490000
vt -1.450000 0.449721
vt -1.450000 0.462255
vt -1.450000 0.490000
vt -1.450000 0.490000
vt -1.450000 0.438735
vt -1.450000 0.449721
vt -1.450000 0.490000
vt -1.450000 0.490000
vt -1.450000 0.429718
vt -1.450000 0.438735
vt -1.450000 0.490000
vt -1.450000 0.490000
vt -1.450000 0.423019
vt -1.450000 0.429718
vt -1.450000 0.490000
vt -1.450000 0.490000
vt -1.450000 0.418893
vt -1.450000 0.423019
vt -1.450000 0.490000
vt -1.450000 0.490000
vt -1.450000 0.417500
vt -1.450000 0.418893
vt -1.450000 0.490000
vt -1.450000 0.490000
vt -1.450000 0.418893
vt -1.450000 0.417500
vt -1.450000 0.490000
vt -1.450000 0.490000
vt -1.450000 0.423019
vt -1.450000 0.418893
vt -1.450000 0.490000
vt -1.450000 0.490000
vt -1.450000 0.429718
vt -1.450000 0.423019
vt -1.450000 0.490000
vt -1.450000 0.490000
vt -1.450000 0.438735
vt -1.450000 0.429718
vt -1.450000 0.490000
vt -1.450000 0.490000
vt -1.450000 0.449721
vt -1.450000 0.438735
vt -1.450000 0.490000
vt -1.450000 0.490000
vt -1.450000 0.462255
vt -1.450000 0.449721
vt -1.450000 0.490000
vt -1.450000 0.490000
vt -1.450000 0.475856
vt -1.450000 0.462255
vt -1.450000 0.490000
vt -1.450000 0.490000
vt -1.450000 0.490000
vt -1.450000 0.475856
vt 0.115000 0.250000
vt 0.115000 0.250002
vt 0.119026 0.382060
vt 0.119123 0.250000
vt 0.115000 0.250002
vt 0.115000 0.250003
vt 0.118716 0.408769
vt 0.119026 0.382060
vt 0.115000 0.250003
vt 0.115000 0.250003
vt 0.118091 0.422030
vt 0.118716 0.408769
vt 0.115000 0.250003
vt 0.115000 0.250003
vt 0.115000 0.426165
vt 0.118091 0.422030
vt 0.115000 0.250003
vt 0.115000 0.250003
vt 0.111909 0.422030
vt 0.115000 0.426165
vt 0.115000 0.250003
vt 0.115000 0.250003
vt 0.111284 0.408769
vt 0.111909 0.422030
vt 0.115000 0.250003
vt 0.115000 0.250002
vt 0.110974 0.382060
vt 0.111284 0.408769
vt 0.115000 0.250002
vt 0.115000 0.250000
vt 0.110877 0.250003
vt 0.110974 0.382060
vt 0.115000 0.250000
vt 0.115000 0.249998
vt 0.110974 0.117940
vt 0.110877 0.250003
vt 0.115000 0.249998
vt 0.115000 0.249997
vt 0.111284 0.091231
vt 0.110974 0.117940
vt 0.115000 0.249997
vt 0.115000 0.249997
vt 0.111909 0.077970
vt 0.111284 0.091231
vt 0.115000 0.249997
vt 0.115000 0.249997
vt 0.115000 0.073835
vt 0.111909 0.077970
vt 0.115000 0.249997
vt 0.115000 0.249997
vt 0.118091 0.077970
vt 0.115000 0.073835
vt 0.115000 0.249997
vt 0.115000 0.249997
vt 0.118716 0.091231
vt 0.118091 0.077970
vt 0.115000 0.249997
vt 0.115000 0.249998
vt 0.119026 0.117940
vt 0.118716 0.091231
vt 0.115000 0.249998
vt 0.115000 0.250000
vt 0.119123 0.250000
vt 0.119026 0.117940
vt 0.250000 0.436526
vt 0.382060 0.436526
vt 0.408769 0.441419
vt 0.250000 0.441419
vt 0.382060 0.436526
vt 0.408769 0.436526
vt 0.440879 0.441419
vt 0.408769 0.441419
vt 0.408769 0.436526
vt 0.422030 0.436526
vt 0.456823 0.441419
vt 0.440879 0.441419
vt 0.118091 0.422030
vt 0.115000 0.426165
vt 0.115000 0.461794
vt 0.118716 0.456823
vt 0.115000 0.426165
vt 0.111909 0.422030
vt 0.111284 0.456823
vt 0.115000 0.461794
vt 0.422030 0.436526
vt 0.408769 0.436526
vt 0.440879 0.441419
vt 0.456823 0.441419
vt 0.408769 0.436526
vt 0.382060 0.436526
vt 0.408769 0.441419
vt 0.440879 0.441419
vt 0.382060 0.436526
vt 0.250003 0.436526
vt 0.250004 0.441419
vt 0.408769 0.441419
vt 0.250003 0.436526
vt 0.117940 0.436526
vt 0.091231 0.441419
vt 0.250004 0.441419
vt 0.117940 0.436526
vt 0.091231 0.436526
vt 0.059121 0.441419
vt 0.091231 0.441419
vt 0.091231 0.436526
vt 0.077970 0.436526
vt 0.043177 0.441419
vt 0.059121 0.441419
vt 0.111909 0.077970
vt 0.115000 0.073835
vt 0.115000 0.038206
vt 0.111284 0.043177
vt 0.115000 0.073835
vt 0.118091 0.077970
vt 0.118716 0.043177
vt 0.115000 0.038206
vt 0.077970 0.436526
vt 0.091231 0.436526
vt 0.059121 0.441419
vt 0.043177 0.441419
vt 0.091231 0.436526
vt 0.117940 0.436526
vt 0.091231 0.441419
vt 0.059121 0.441419
vt 0.117940 0.436526
vt 0.250000 0.436526
vt 0.250000 0.441419
vt 0.091231 0.441419
vt 0.250000 0.441419
vt 0.408769 0.441419
vt 0.422030 0.451273
vt 0.250000 0.451273
vt 0.408769 0.441419
vt 0.440879 0.441419
vt 0.456823 0.451273
vt 0.422030 0.451273
vt 0.440879 0.441419
vt 0.456823 0.441419
vt 0.474098 0.451273
vt 0.456823 0.451273
vt 0.118716 0.456823
vt 0.115000 0.461794
vt 0.115000 0.479484
vt 0.119026 0.474098
vt 0.115000 0.461794
vt 0.111284 0.456823
vt 0.110974 0.474098
vt 0.115000 0.479484
vt 0.456823 0.441419
vt 0.440879 0.441419
vt 0.456823 0.451273
vt 0.474098 0.451273
vt 0.440879 0.441419
vt 0.408769 0.441419
vt 0.422030 0.451273
vt 0.456823 0.451273
vt 0.408769 0.441419
vt 0.250004 0.441419
vt 0.250004 0.451273
vt 0.422030 0.451273
vt 0.250004 0.441419
vt 0.091231 0.441419
vt 0.077970 0.451273
vt 0.250004 0.451273
vt 0.091231 0.441419
vt 0.059121 0.441419
vt 0.043177 0.451273
vt 0.077970 0.451273
vt 0.059121 0.441419
vt 0.043177 0.441419
vt 0.025902 0.451273
vt 0.043177 0.451273
vt 0.111284 0.043177
vt 0.115000 0.038206
vt 0.115000 0.020516
vt 0.110974 0.025902
vt 0.115000 0.038206
vt 0.118716 0.043177
vt 0.119026 0.025902
vt 0.115000 0.020516
vt 0.043177 0.441419
vt 0.059121 0.441419
vt 0.043177 0.451273
vt 0.025902 0.451273
vt 0.059121 0.441419
vt 0.091231 0.441419
vt 0.077970 0.451273
vt 0.043177 0.451273
vt 0.091231 0.441419
vt 0.250000 0.441419
vt 0.250000 0.451273
vt 0.077970 0.451273
vt 0.250000 0.451273
vt 0.422030 0.451273
vt 0.426165 0.500000
vt 0.250000 0.500000
vt 0.422030 0.451273
vt 0.456823 0.451273
vt 0.461794 0.500000
vt 0.426165 0.500000
vt 0.456823 0.451273
vt 0.474098 0.451273
vt 0.479484 0.500000
vt 0.461794 0.500000
vt 0.474098 0.451273
vt 0.479484 0.451273
vt 0.485000 0.500000
vt 0.479484 0.500000
vt 0.479484 0.451273
vt 0.474098 0.451273
vt 0.479484 0.500000
vt 0.485000 0.500000
vt 0.474098 0.451273
vt 0.456823 0.451273
vt 0.461794 0.500000
vt 0.479484 0.500000
vt 0.456823 0.451273
vt 0.422030 0.451273
vt 0.426165 0.500000
vt 0.461794 0.500000
vt 0.422030 0.451273
vt 0.250004 0.451273
vt 0.250004 0.500000
vt 0.426165 0.500000
vt 0.250004 0.451273
vt 0.077970 0.451273
vt 0.073835 0.500000
vt 0.250004 0.500000
vt 0.077970 0.451273
vt 0.043177 0.451273
vt 0.038206 0.500000
vt 0.073835 0.500000
vt 0.043177 0.451273
vt 0.025902 0.451273
vt 0.020516 0.500000
vt 0.038206 0.500000
vt 0.025902 0.451273
vt 0.020516 0.451273
vt 0.015000 0.500000
vt 0.020516 0.500000
vt 0.020516 0.451273
vt 0.025902 0.451273
vt 0.020516 0.500000
vt 0.015000 0.500000
vt 0.025902 0.451273
vt 0.043177 0.451273
vt 0.038206 0.500000
vt 0.020516 0.500000
vt 0.043177 0.451273
vt 0.077970 0.451273
vt 0.073835 0.500000
vt 0.038206 0.500000
vt 0.077970 0.451273
vt 0.250000 0.451273
vt 0.250000 0.500000
vt 0.073835 0.500000
vt 0.250000 0.500000
vt 0.426165 0.500000
vt 0.422030 0.548727
vt 0.250000 0.548727
vt 0.426165 0.500000
vt 0.461794 0.500000
vt 0.456823 0.548727
vt 0.422030 0.548727
vt 0.461794 0.500000
vt 0.479484 0.500000
vt 0.474098 0.548727
vt 0.456823 0.548727
vt 0.479484 0.500000
vt 0.485000 0.500000
vt 0.479484 0.548727
vt 0.474098 0.548727
vt 0.485000 0.500000
vt 0.479484 0.500000
vt 0.474098 0.548727
vt 0.479484 0.548727
vt 0.479484 0.500000
vt 0.461794 0.500000
vt 0.456823 0.548727
vt 0.474098 0.548727
vt 0.461794 0.500000
vt 0.426165 0.500000
vt 0.422030 0.548727
vt 0.456823 0.548727
vt 0.426165 0.500000
vt 0.250004 0.500000
vt 0.250004 0.548727
vt 0.422030 0.548727
vt 0.250004 0.500000
vt 0.073835 0.500000
vt 0.077970 0.548727
vt 0.250004 0.548727
vt 0.073835 0.500000
vt 0.038206 0.500000
vt 0.043177 0.548727
vt 0.077970 0.548727
vt 0.038206 0.500000
vt 0.020516 0.500000
vt 0.025902 0.548727
vt 0.043177 0.548727
vt 0.020516 0.500000
vt 0.015000 0.500000
vt 0.020516 0.548727
vt 0.025902 0.548727
vt 0.015000 0.500000
vt 0.020516 0.500000
vt 0.025902 0.548727
vt 0.020516 0.548727
vt 0.020516 0.500000
vt 0.038206 0.500000
vt 0.043177 0.548727
vt 0.025902 0.548727
vt 0.038206 0.500000
vt 0.073835 0.500000
vt 0.077970 0.548727
vt 0.043177 0.548727
vt 0.073835 0.500000
vt 0.250000 0.500000
vt 0.250000 0.548727
vt 0.077970 0.548727
vt 0.250000 0.548727
vt 0.422030 0.548727
vt 0.408769 0.558581
vt 0.250000 0.558581
vt 0.422030 0.548727
vt 0.456823 0.548727
vt 0.440879 0.558581
vt 0.408769 0.558581
vt 0.456823 0.548727
vt 0.474098 0.548727
vt 0.456823 0.558581
vt 0.440879 0.558581
vt 0.119026 0.474098
vt 0.115000 0.479484
vt 0.115000 0.461794
vt 0.118716 0.456823
vt 0.115000 0.479484
vt 0.110974 0.474098
vt 0.111284 0.456823
vt 0.115000 0.461794
vt 0.474098 0.548727
vt 0.456823 0.548727
vt 0.440879 0.558581
vt 0.456823 0.558581
vt 0.456823 0.548727
vt 0.422030 0.548727
vt 0.408769 0.558581
vt 0.440879 0.558581
vt 0.422030 0.548727
vt 0.250004 0.548727
vt 0.250004 0.558581
vt 0.408769 0.558581
vt 0.250004 0.548727
vt 0.077970 0.548727
vt 0.091231 0.558581
vt 0.250004 0.558581
vt 0.077970 0.548727
vt 0.043177 0.548727
vt 0.059121 0.558581
vt 0.091231 0.558581
vt 0.043177 0.548727
vt 0.025902 0.548727
vt 0.043177 0.558581
vt 0.059121 0.558581
vt 0.110974 0.025902
vt 0.115000 0.020516
vt 0.115000 0.038206
vt 0.111284 0.043177
vt 0.115000 0.020516
vt 0.119026 0.025902
vt 0.118716 0.043177
vt 0.115000 0.038206
vt 0.025902 0.548727
vt 0.043177 0.548727
vt 0.059121 0.558581
vt 0.043177 0.558581
vt 0.043177 0.548727
vt 0.077970 0.548727
vt 0.091231 0.558581
vt 0.059121 0.558581
vt 0.077970 0.548727
vt 0.250000 0.548727
vt 0.250000 0.558581
vt 0.091231 0.558581
vt 0.250000 0.558581
vt 0.408769 0.558581
vt 0.382060 0.563474
vt 0.250000 0.563474
vt 0.408769 0.558581
vt 0.440879 0.558581
vt 0.408769 0.563474
vt 0.382060 0.563474
vt 0.440879 0.558581
vt 0.456823 0.558581
vt 0.422030 0.563474
vt 0.408769 0.563474
vt 0.118716 0.456823
vt 0.115000 0.461794
vt 0.115000 0.426165
vt 0.118091 0.422030
vt 0.115000 0.461794
vt 0.111284 0.456823
vt 0.111909 0.422030
vt 0.115000 0.426165
vt 0.456823 0.558581
vt 0.440879 0.558581
vt 0.408769 0.563474
vt 0.422030 0.563474
vt 0.440879 0.558581
vt 0.408769 0.558581
vt 0.382060 0.563474
vt 0.408769 0.563474
vt 0.408769 0.558581
vt 0.250004 0.558581
vt 0.250003 0.563474
vt 0.382060 0.563474
vt 0.250004 0.558581
vt 0.091231 0.558581
vt 0.117940 0.563474
vt 0.250003 0.563474
vt 0.091231 0.558581
vt 0.059121 0.558581
vt 0.091231 0.563474
vt 0.117940 0.563474
vt 0.059121 0.558581
vt 0.043177 0.558581
vt 0.077970 0.563474
vt 0.091231 0.563474
vt 0.111284 0.043177
vt 0.115000 0.038206
vt 0.115000 0.073835
vt 0.111909 0.077970
vt 0.115000 0.038206
vt 0.118716 0.043177
vt 0.118091 0.077970
vt 0.115000 0.073835
vt 0.043177 0.558581
vt 0.059121 0.558581
vt 0.091231 0.563474
vt 0.077970 0.563474
vt 0.059121 0.558581
vt 0.091231 0.558581
vt 0.117940 0.563474
vt 0.091231 0.563474
vt 0.091231 0.558581
vt 0.250000 0.558581
vt 0.250000 0.563474
vt 0.117940 0.563474
vt 0.119123 0.250000
vt 0.119026 0.382060
vt 0.115000 0.250002
vt 0.115000 0.250000
vt 0.119026 0.382060
vt 0.118716 0.408769
vt 0.115000 0.250003
vt 0.115000 0.250002
vt 0.118716 0.408769
vt 0.118091 0.422030
vt 0.115000 0.250003
vt 0.115000 0.250003
vt 0.118091 0.422030
vt 0.115000 0.426165
vt 0.115000 0.250003
vt 0.115000 0.250003
vt 0.115000 0.426165
vt 0.111909 0.422030
vt 0.115000 0.250003
vt 0.115000 0.250003
vt 0.111909 0.422030
vt 0.111284 0.408769
vt 0.115000 0.250003
vt 0.115000 0.250003
vt 0.111284 0.408769
vt 0.110974 0.382060
vt 0.115000 0.250002
vt 0.115000 0.250003
vt 0.110974 0.382060
vt 0.110877 0.250003
vt 0.115000 0.250000
vt 0.115000 0.250002
vt 0.110877 0.250003
vt 0.110974 0.117940
vt 0.115000 0.249998
vt 0.115000 0.250000
vt 0.110974 0.117940
vt 0.111284 0.091231
vt 0.115000 0.249997
vt 0.115000 0.249998
vt 0.111284 0.091231
vt 0.111909 0.077970
vt 0.115000 0.249997
vt 0.115000 0.249997
vt 0.111909 0.077970
vt 0.115000 0.073835
vt 0.115000 0.249997
vt 0.115000 0.249997
vt 0.115000 0.073835
vt 0.118091 0.077970
vt 0.115000 0.249997
vt 0.115000 0.249997
vt 0.118091 0.077970
vt 0.118716 0.091231
vt 0.115000 0.249997
vt 0.115000 0.249997
vt 0.118716 0.091231
vt 0.119026 0.117940
vt 0.115000 0.249998
vt 0.115000 0.249997
vt 0.119026 0.117940
vt 0.119123 0.250000
vt 0.115000 0.250000
vt 0.115000 0.249998
vt 0.126500 0.250000
vt 0.126500 0.250002
vt 0.131075 0.384870
vt 0.131185 0.250000
vt 0.126500 0.250002
vt 0.126500 0.250003
vt 0.130723 0.412147
vt 0.131075 0.384870
vt 0.126500 0.250003
vt 0.126500 0.250003
vt 0.130012 0.425690
vt 0.130723 0.412147
vt 0.126500 0.250003
vt 0.126500 0.250003
vt 0.126500 0.429913
vt 0.130012 0.425690
vt 0.126500 0.250003
vt 0.126500 0.250003
vt 0.122988 0.425690
vt 0.126500 0.429913
vt 0.126500 0.250003
vt 0.126500 0.250003
vt 0.122277 0.412147
vt 0.122988 0.425690
vt 0.126500 0.250003
vt 0.126500 0.250002
vt 0.121925 0.384870
vt 0.122277 0.412147
vt 0.126500 0.250002
vt 0.126500 0.250000
vt 0.121815 0.250003
vt 0.121925 0.384870
vt 0.126500 0.250000
vt 0.126500 0.249998
vt 0.121925 0.115130
vt 0.121815 0.250003
vt 0.126500 0.249998
vt 0.126500 0.249997
vt 0.122277 0.087853
vt 0.121925 0.115130
vt 0.126500 0.249997
vt 0.126500 0.249997
vt 0.122988 0.074310
vt 0.122277 0.087853
vt 0.126500 0.249997
vt 0.126500 0.249997
vt 0.126500 0.070087
vt 0.122988 0.074310
vt 0.126500 0.249997
vt 0.126500 0.249997
vt 0.130012 0.074310
vt 0.126500 0.070087
vt 0.126500 0.249997
vt 0.126500 0.249997
vt 0.130723 0.087853
vt 0.130012 0.074310
vt 0.126500 0.249997
vt 0.126500 0.249998
vt 0.131075 0.115130
vt 0.130723 0.087853
vt 0.126500 0.249998
vt 0.126500 0.250000
vt 0.131185 0.250000
vt 0.131075 0.115130
vt 0.250000 0.410352
vt 0.384870 0.410352
vt 0.412147 0.411481
vt 0.250000 0.411481
vt 0.131075 0.384870
vt 0.130723 0.412147
vt 0.131577 0.444941
vt 0.132001 0.412147
vt 0.130723 0.412147
vt 0.130012 0.425690
vt 0.130723 0.461223
vt 0.131577 0.444941
vt 0.130012 0.425690
vt 0.126500 0.429913
vt 0.126500 0.466300
vt 0.130723 0.461223
vt 0.126500 0.429913
vt 0.122988 0.425690
vt 0.122277 0.461223
vt 0.126500 0.466300
vt 0.122988 0.425690
vt 0.122277 0.412147
vt 0.121423 0.444941
vt 0.122277 0.461223
vt 0.122277 0.412147
vt 0.121925 0.384870
vt 0.120999 0.412147
vt 0.121423 0.444941
vt 0.384870 0.410352
vt 0.250003 0.410352
vt 0.250004 0.411481
vt 0.412147 0.411481
vt 0.250003 0.410352
vt 0.115130 0.410352
vt 0.087853 0.411481
vt 0.250004 0.411481
vt 0.121925 0.115130
vt 0.122277 0.087853
vt 0.121423 0.055059
vt 0.120999 0.087853
vt 0.122277 0.087853
vt 0.122988 0.074310
vt 0.122277 0.038777
vt 0.121423 0.055059
vt 0.122988 0.074310
vt 0.126500 0.070087
vt 0.126500 0.033700
vt 0.122277 0.038777
vt 0.126500 0.070087
vt 0.130012 0.074310
vt 0.130723 0.038777
vt 0.126500 0.033700
vt 0.130012 0.074310
vt 0.130723 0.087853
vt 0.131577 0.055059
vt 0.130723 0.038777
vt 0.130723 0.087853
vt 0.131075 0.115130
vt 0.132001 0.087853
vt 0.131577 0.055059
vt 0.115130 0.410352
vt 0.250000 0.410352
vt 0.250000 0.411481
vt 0.087853 0.411481
vt 0.250000 0.411481
vt 0.412147 0.411481
vt 0.425690 0.413755
vt 0.250000 0.413755
vt 0.412147 0.411481
vt 0.444941 0.411481
vt 0.461223 0.413755
vt 0.425690 0.413755
vt 0.444941 0.411481
vt 0.461223 0.411481
vt 0.478866 0.413755
vt 0.461223 0.413755
vt 0.130723 0.461223
vt 0.126500 0.466300
vt 0.126500 0.484367
vt 0.131075 0.478866
vt 0.126500 0.466300
vt 0.122277 0.461223
vt 0.121925 0.478866
vt 0.126500 0.484367
vt 0.461223 0.411481
vt 0.444941 0.411481
vt 0.461223 0.413755
vt 0.478866 0.413755
vt 0.444941 0.411481
vt 0.412147 0.411481
vt 0.425690 0.413755
vt 0.461223 0.413755
vt 0.412147 0.411481
vt 0.250004 0.411481
vt 0.250004 0.413755
vt 0.425690 0.413755
vt 0.250004 0.411481
vt 0.087853 0.411481
vt 0.074310 0.413755
vt 0.250004 0.413755
vt 0.087853 0.411481
vt 0.055059 0.411481
vt 0.038777 0.413755
vt 0.074310 0.413755
vt 0.055059 0.411481
vt 0.038777 0.411481
vt 0.021134 0.413755
vt 0.038777 0.413755
vt 0.122277 0.038777
vt 0.126500 0.033700
vt 0.126500 0.015633
vt 0.121925 0.021134
vt 0.126500 0.033700
vt 0.130723 0.038777
vt 0.131075 0.021134
vt 0.126500 0.015633
vt 0.038777 0.411481
vt 0.055059 0.411481
vt 0.038777 0.413755
vt 0.021134 0.413755
vt 0.055059 0.411481
vt 0.087853 0.411481
vt 0.074310 0.413755
vt 0.038777 0.413755
vt 0.087853 0.411481
vt 0.250000 0.411481
vt 0.250000 0.413755
vt 0.074310 0.413755
vt 0.250000 0.413755
vt 0.425690 0.413755
vt 0.429913 0.425000
vt 0.250000 0.425000
vt 0.425690 0.413755
vt 0.461223 0.413755
vt 0.466300 0.425000
vt 0.429913 0.425000
vt 0.461223 0.413755
vt 0.478866 0.413755
vt 0.484367 0.425000
vt 0.466300 0.425000
vt 0.478866 0.413755
vt 0.484367 0.413755
vt 0.490000 0.425000
vt 0.484367 0.425000
vt 0.484367 0.413755
vt 0.478866 0.413755
vt 0.484367 0.425000
vt 0.490000 0.425000
vt 0.478866 0.413755
vt 0.461223 0.413755
vt 0.466300 0.425000
vt 0.484367 0.425000
vt 0.461223 0.413755
vt 0.425690 0.413755
vt 0.429913 0.425000
vt 0.466300 0.425000
vt 0.425690 0.413755
vt 0.250004 0.413755
vt 0.250004 0.425000
vt 0.429913 0.425000
vt 0.250004 0.413755
vt 0.074310 0.413755
vt 0.070087 0.425000
vt 0.250004 0.425000
vt 0.074310 0.413755
vt 0.038777 0.413755
vt 0.033700 0.425000
vt 0.070087 0.425000
vt 0.038777 0.413755
vt 0.021134 0.413755
vt 0.015633 0.425000
vt 0.033700 0.425000
vt 0.021134 0.413755
vt 0.015633 0.413755
vt 0.010000 0.425000
vt 0.015633 0.425000
vt 0.015633 0.413755
vt 0.021134 0.413755
vt 0.015633 0.425000
vt 0.010000 0.425000
vt 0.021134 0.413755
vt 0.038777 0.413755
vt 0.033700 0.425000
vt 0.015633 0.425000
vt 0.038777 0.413755
vt 0.074310 0.413755
vt 0.070087 0.425000
vt 0.033700 0.425000
vt 0.074310 0.413755
vt 0.250000 0.413755
vt 0.250000 0.425000
vt 0.070087 0.425000
vt 0.250000 0.425000
vt 0.429913 0.425000
vt 0.425690 0.436245
vt 0.250000 0.436245
vt 0.429913 0.425000
vt 0.466300 0.425000
vt 0.461223 0.436245
vt 0.425690 0.436245
vt 0.466300 0.425000
vt 0.484367 0.425000
vt 0.478866 0.436245
vt 0.461223 0.436245
vt 0.484367 0.425000
vt 0.490000 0.425000
vt 0.484367 0.436245
vt 0.478866 0.436245
vt 0.490000 0.425000
vt 0.484367 0.425000
vt 0.478866 0.436245
vt 0.484367 0.436245
vt 0.484367 0.425000
vt 0.466300 0.425000
vt 0.461223 0.436245
vt 0.478866 0.436245
vt 0.466300 0.425000
vt 0.429913 0.425000
vt 0.425690 0.436245
vt 0.461223 0.436245
vt 0.429913 0.425000
vt 0.250004 0.425000
vt 0.250004 0.436245
vt 0.425690 0.436245
vt 0.250004 0.425000
vt 0.070087 0.425000
vt 0.074310 0.436245
vt 0.250004 0.436245
vt 0.070087 0.425000
vt 0.033700 0.425000
vt 0.038777 0.436245
vt 0.074310 0.436245
vt 0.033700 0.425000
vt 0.015633 0.425000
vt 0.021134 0.436245
vt 0.038777 0.436245
vt 0.015633 0.425000
vt 0.010000 0.425000
vt 0.015633 0.436245
vt 0.021134 0.436245
vt 0.010000 0.425000
vt 0.015633 0.425000
vt 0.021134 0.436245
vt 0.015633 0.436245
vt 0.015633 0.425000
vt 0.033700 0.425000
vt 0.038777 0.436245
vt 0.021134 0.436245
vt 0.033700 0.425000
vt 0.070087 0.425000
vt 0.074310 0.436245
vt 0.038777 0.436245
vt 0.070087 0.425000
vt 0.250000 0.425000
vt 0.250000 0.436245
vt 0.074310 0.436245
vt 0.250000 0.436245
vt 0.425690 0.436245
vt 0.412147 0.438519
vt 0.250000 0.438519
vt 0.425690 0.436245
vt 0.461223 0.436245
vt 0.444941 0.438519
vt 0.412147 0.438519
vt 0.461223 0.436245
vt 0.478866 0.436245
vt 0.461223 0.438519
vt 0.444941 0.438519
vt 0.131075 0.478866
vt 0.126500 0.484367
vt 0.126500 0.466300
vt 0.130723 0.461223
vt 0.126500 0.484367
vt 0.121925 0.478866
vt 0.122277 0.461223
vt 0.126500 0.466300
vt 0.478866 0.436245
vt 0.461223 0.436245
vt 0.444941 0.438519
vt 0.461223 0.438519
vt 0.461223 0.436245
vt 0.425690 0.436245
vt 0.412147 0.438519
vt 0.444941 0.438519
vt 0.425690 0.436245
vt 0.250004 0.436245
vt 0.250004 0.438519
vt 0.412147 0.438519
vt 0.250004 0.436245
vt 0.074310 0.436245
vt 0.087853 0.438519
vt 0.250004 0.438519
vt 0.074310 0.436245
vt 0.038777 0.436245
vt 0.055059 0.438519
vt 0.087853 0.438519
vt 0.038777 0.436245
vt 0.021134 0.436245
vt 0.038777 0.438519
vt 0.055059 0.438519
vt 0.121925 0.021134
vt 0.126500 0.015633
vt 0.126500 0.033700
vt 0.122277 0.038777
vt 0.126500 0.015633
vt 0.131075 0.021134
vt 0.130723 0.038777
vt 0.126500 0.033700
vt 0.021134 0.436245
vt 0.038777 0.436245
vt 0.055059 0.438519
vt 0.038777 0.438519
vt 0.038777 0.436245
vt 0.074310 0.436245
vt 0.087853 0.438519
vt 0.055059 0.438519
vt 0.074310 0.436245
vt 0.250000 0.436245
vt 0.250000 0.438519
vt 0.087853 0.438519
vt 0.250000 0.438519
vt 0.412147 0.438519
vt 0.384870 0.439648
vt 0.250000 0.439648
vt 0.132001 0.412147
vt 0.131577 0.444941
vt 0.130723 0.412147
vt 0.131075 0.384870
vt 0.131577 0.444941
vt 0.130723 0.461223
vt 0.130012 0.425690
vt 0.130723 0.412147
vt 0.130723 0.461223
vt 0.126500 0.466300
vt 0.126500 0.429913
vt 0.130012 0.425690
vt 0.126500 0.466300
vt 0.122277 0.461223
vt 0.122988 0.425690
vt 0.126500 0.429913
vt 0.122277 0.461223
vt 0.121423 0.444941
vt 0.122277 0.412147
vt 0.122988 0.425690
vt 0.121423 0.444941
vt 0.120999 0.412147
vt 0.121925 0.384870
vt 0.122277 0.412147
vt 0.412147 0.438519
vt 0.250004 0.438519
vt 0.250003 0.439648
vt 0.384870 0.439648
vt 0.250004 0.438519
vt 0.087853 0.438519
vt 0.115130 0.439648
vt 0.250003 0.439648
vt 0.120999 0.087853
vt 0.121423 0.055059
vt 0.122277 0.087853
vt 0.121925 0.115130
vt 0.121423 0.055059
vt 0.122277 0.038777
vt 0.122988 0.074310
vt 0.122277 0.087853
vt 0.122277 0.038777
vt 0.126500 0.033700
vt 0.126500 0.070087
vt 0.122988 0.074310
vt 0.126500 0.033700
vt 0.130723 0.038777
vt 0.130012 0.074310
vt 0.126500 0.070087
vt 0.130723 0.038777
vt 0.131577 0.055059
vt 0.130723 0.087853
vt 0.130012 0.074310
vt 0.131577 0.055059
vt 0.132001 0.087853
vt 0.131075 0.115130
vt 0.130723 0.087853
vt 0.087853 0.438519
vt 0.250000 0.438519
vt 0.250000 0.439648
vt 0.115130 0.439648
vt 0.131185 0.250000
vt 0.131075 0.384870
vt 0.126500 0.250002
vt 0.126500 0.250000
vt 0.131075 0.384870
vt 0.130723 0.412147
vt 0.126500 0.250003
vt 0.126500 0.250002
vt 0.130723 0.412147
vt 0.130012 0.425690
vt 0.126500 0.250003
vt 0.126500 0.250003
vt 0.130012 0.425690
vt 0.126500 0.429913
vt 0.126500 0.250003
vt 0.126500 0.250003
vt 0.126500 0.429913
vt 0.122988 0.425690
vt 0.126500 0.250003
vt 0.126500 0.250003
vt 0.122988 0.425690
vt 0.122277 0.412147
vt 0.126500 0.250003
vt 0.126500 0.250003
vt 0.122277 0.412147
vt 0.121925 0.384870
vt 0.126500 0.250002
vt 0.126500 0.250003
vt 0.121925 0.384870
vt 0.121815 0.250003
vt 0.126500 0.250000
vt 0.126500 0.250002
vt 0.121815 0.250003
vt 0.121925 0.115130
vt 0.126500 0.249998
vt 0.126500 0.250000
vt 0.121925 0.115130
vt 0.122277 0.087853
vt 0.126500 0.249997
vt 0.126500 0.249998
vt 0.122277 0.087853
vt 0.122988 0.074310
vt 0.126500 0.249997
vt 0.126500 0.249997
vt 0.122988 0.074310
vt 0.126500 0.070087
vt 0.126500 0.249997
vt 0.126500 0.249997
vt 0.126500 0.070087
vt 0.130012 0.074310
vt 0.126500 0.249997
vt 0.126500 0.249997
vt 0.130012 0.074310
vt 0.130723 0.087853
vt 0.126500 0.249997
vt 0.126500 0.249997
vt 0.130723 0.087853
vt 0.131075 0.115130
vt 0.126500 0.249998
vt 0.126500 0.249997
vt 0.131075 0.115130
vt 0.131185 0.250000
vt 0.126500 0.250000
vt 0.126500 0.249998
vt 0.130000 -0.150000
vt 0.130000 -0.150000
vt 0.149757 -0.132618
vt 0.150636 -0.150000
vt 0.130000 -0.150000
vt 0.130000 -0.150000
vt 0.147055 -0.125636
vt 0.149757 -0.132618
vt 0.130000 -0.150000
vt 0.130000 -0.150000
vt 0.142167 -0.121776
vt 0.147055 -0.125636
vt 0.130000 -0.150000
vt 0.130000 -0.150000
vt 0.130000 -0.120520
vt 0.142167 -0.121776
vt 0.130000 -0.150000
vt 0.130000 -0.150000
vt 0.117833 -0.121776
vt 0.130000 -0.120520
vt 0.130000 -0.150000
vt 0.130000 -0.150000
vt 0.112945 -0.125636
vt 0.117833 -0.121776
vt 0.130000 -0.150000
vt 0.130000 -0.150000
vt 0.110243 -0.132618
vt 0.112945 -0.125636
vt 0.130000 -0.150000
vt 0.130000 -0.150000
vt 0.109364 -0.150000
vt 0.110243 -0.132618
vt 0.130000 -0.150000
vt 0.130000 -0.150000
vt 0.110243 -0.167382
vt 0.109364 -0.150000
vt 0.130000 -0.150000
vt 0.130000 -0.150000
vt 0.112945 -0.174364
vt 0.110243 -0.167382
vt 0.130000 -0.150000
vt 0.130000 -0.150000
vt 0.117833 -0.178224
vt 0.112945 -0.174364
vt 0.130000 -0.150000
vt 0.130000 -0.150000
vt 0.130000 -0.179480
vt 0.117833 -0.178224
vt 0.130000 -0.150000
vt 0.130000 -0.150000
vt 0.142167 -0.178224
vt 0.130000 -0.179480
vt 0.130000 -0.150000
vt 0.130000 -0.150000
vt 0.147055 -0.174364
vt 0.142167 -0.178224
vt 0.130000 -0.150000
vt 0.130000 -0.150000
vt 0.149757 -0.167382
vt 0.147055 -0.174364
vt 0.130000 -0.150000
vt 0.130000 -0.150000
vt 0.150636 -0.150000
vt 0.149757 -0.167382
vt 0.150636 -0.150000
vt 0.149757 -0.132618
vt 0.157693 -0.125636
vt 0.158926 -0.150000
vt 0.149757 -0.132618
vt 0.147055 -0.125636
vt 0.153906 -0.115849
vt 0.157693 -0.125636
vt 0.147055 -0.125636
vt 0.142167 -0.121776
vt 0.147055 -0.110438
vt 0.153906 -0.115849
vt 0.142167 -0.121776
vt 0.130000 -0.120520
vt 0.130000 -0.108677
vt 0.147055 -0.110438
vt 0.130000 -0.120520
vt 0.117833 -0.121776
vt 0.112945 -0.110438
vt 0.130000 -0.108677
vt 0.117833 -0.121776
vt 0.112945 -0.125636
vt 0.106094 -0.115849
vt 0.112945 -0.110438
vt 0.112945 -0.125636
vt 0.110243 -0.132618
vt 0.102307 -0.125636
vt 0.106094 -0.115849
vt 0.110243 -0.132618
vt 0.109364 -0.150000
vt 0.101074 -0.150000
vt 0.102307 -0.125636
vt 0.109364 -0.150000
vt 0.110243 -0.167382
vt 0.102307 -0.174364
vt 0.101074 -0.150000
vt 0.110243 -0.167382
vt 0.112945 -0.174364
vt 0.106094 -0.184151
vt 0.102307 -0.174364
vt 0.112945 -0.174364
vt 0.117833 -0.178224
vt 0.112945 -0.189562
vt 0.106094 -0.184151
vt 0.117833 -0.178224
vt 0.130000 -0.179480
vt 0.130000 -0.191323
vt 0.112945 -0.189562
vt 0.130000 -0.179480
vt 0.142167 -0.178224
vt 0.147055 -0.189562
vt 0.130000 -0.191323
vt 0.142167 -0.178224
vt 0.147055 -0.174364
vt 0.153906 -0.184151
vt 0.147055 -0.189562
vt 0.147055 -0.174364
vt 0.149757 -0.167382
vt 0.157693 -0.174364
vt 0.153906 -0.184151
vt 0.149757 -0.167382
vt 0.150636 -0.150000
vt 0.158926 -0.150000
vt 0.157693 -0.174364
vt -0.150000 0.461074
vt -0.125636 0.461074
vt -0.121776 0.469364
vt -0.150000 0.469364
vt -0.125636 0.461074
vt -0.115849 0.461074
vt -0.110438 0.469364
vt -0.121776 0.469364
vt 0.153906 -0.115849
vt 0.147055 -0.110438
vt 0.149757 -0.104170
vt 0.157693 -0.110438
vt 0.147055 0.461074
vt 0.130000 0.461074
vt 0.130000 0.469364
vt 0.149757 0.469364
vt 0.130000 0.461074
vt 0.112945 0.461074
vt 0.110243 0.469364
vt 0.130000 0.469364
vt 0.112945 -0.110438
vt 0.106094 -0.115849
vt 0.102307 -0.110438
vt 0.110243 -0.104170
vt -0.115849 0.461074
vt -0.125636 0.461074
vt -0.121776 0.469364
vt -0.110438 0.469364
vt -0.125636 0.461074
vt -0.150000 0.461074
vt -0.150000 0.469364
vt -0.121776 0.469364
vt -0.150000 0.461074
vt -0.174364 0.461074
vt -0.178224 0.469364
vt -0.150000 0.469364
vt -0.174364 0.461074
vt -0.184151 0.461074
vt -0.189562 0.469364
vt -0.178224 0.469364
vt 0.106094 -0.184151
vt 0.112945 -0.189562
vt 0.110243 -0.195830
vt 0.102307 -0.189562
vt 0.112945 0.461074
vt 0.130000 0.461074
vt 0.130000 0.469364
vt 0.110243 0.469364
vt 0.130000 0.461074
vt 0.147055 0.461074
vt 0.149757 0.469364
vt 0.130000 0.469364
vt 0.147055 -0.189562
vt 0.153906 -0.184151
vt 0.157693 -0.189562
vt 0.149757 -0.195830
vt -0.184151 0.461074
vt -0.174364 0.461074
vt -0.178224 0.469364
vt -0.189562 0.469364
vt -0.174364 0.461074
vt -0.150000 0.461074
vt -0.150000 0.469364
vt -0.178224 0.469364
vt -0.150000 0.469364
vt -0.121776 0.469364
vt -0.120520 0.490000
vt -0.150000 0.490000
vt -0.121776 0.469364
vt -0.110438 0.469364
vt -0.108677 0.490000
vt -0.120520 0.490000
vt 0.157693 0.469364
vt 0.149757 0.469364
vt 0.150636 0.490000
vt 0.158926 0.490000
vt 0.149757 0.469364
vt 0.130000 0.469364
vt 0.130000 0.490000
vt 0.150636 0.490000
vt 0.130000 0.469364
vt 0.110243 0.469364
vt 0.109364 0.490000
vt 0.130000 0.490000
vt 0.110243 0.469364
vt 0.102307 0.469364
vt 0.101074 0.490000
vt 0.109364 0.490000
vt -0.110438 0.469364
vt -0.121776 0.469364
vt -0.120520 0.490000
vt -0.108677 0.490000
vt -0.121776 0.469364
vt -0.150000 0.469364
vt -0.150000 0.490000
vt -0.120520 0.490000
vt -0.150000 0.469364
vt -0.178224 0.469364
vt -0.179480 0.490000
vt -0.150000 0.490000
vt -0.178224 0.469364
vt -0.189562 0.469364
vt -0.191323 0.490000
vt -0.179480 0.490000
vt 0.102307 0.469364
vt 0.110243 0.469364
vt 0.109364 0.490000
vt 0.101074 0.490000
vt 0.110243 0.469364
vt 0.130000 0.469364
vt 0.130000 0.490000
vt 0.109364 0.490000
vt 0.130000 0.469364
vt 0.149757 0.469364
vt 0.150636 0.490000
vt 0.130000 0.490000
vt 0.149757 0.469364
vt 0.157693 0.469364
vt 0.158926 0.490000
vt 0.150636 0.490000
vt -0.189562 0.469364
vt -0.178224 0.469364
vt -0.179480 0.490000
vt -0.191323 0.490000
vt -0.178224 0.469364
vt -0.150000 0.469364
vt -0.150000 0.490000
vt -0.179480 0.490000
vt -0.150000 0.490000
vt -0.120520 0.490000
vt -0.121776 0.510636
vt -0.150000 0.510636
vt -0.120520 0.490000
vt -0.108677 0.490000
vt -0.110438 0.510636
vt -0.121776 0.510636
vt 0.158926 0.490000
vt 0.150636 0.490000
vt 0.149757 0.510636
vt 0.157693 0.510636
vt 0.150636 0.490000
vt 0.130000 0.490000
vt 0.130000 0.510636
vt 0.149757 0.510636
vt 0.130000 0.490000
vt 0.109364 0.490000
vt 0.110243 0.510636
vt 0.130000 0.510636
vt 0.109364 0.490000
vt 0.101074 0.490000
vt 0.102307 0.510636
vt 0.110243 0.510636
vt -0.108677 0.490000
vt -0.120520 0.490000
vt -0.121776 0.510636
vt -0.110438 0.510636
vt -0.120520 0.490000
vt -0.150000 0.490000
vt -0.150000 0.510636
vt -0.121776 0.510636
vt -0.150000 0.490000
vt -0.179480 0.490000
vt -0.178224 0.510636
vt -0.150000 0.510636
vt -0.179480 0.490000
vt -0.191323 0.490000
vt -0.189562 0.510636
vt -0.178224 0.510636
vt 0.101074 0.490000
vt 0.109364 0.490000
vt 0.110243 0.510636
vt 0.102307 0.510636
vt 0.109364 0.490000
vt 0.130000 0.490000
vt 0.130000 0.510636
vt 0.110243 0.510636
vt 0.130000 0.490000
vt 0.150636 0.490000
vt 0.149757 0.510636
vt 0.130000 0.510636
vt 0.150636 0.490000
vt 0.158926 0.490000
vt 0.157693 0.510636
vt 0.149757 0.510636
vt -0.191323 0.490000
vt -0.179480 0.490000
vt -0.178224 0.510636
vt -0.189562 0.510636
vt -0.179480 0.490000
vt -0.150000 0.490000
vt -0.150000 0.510636
vt -0.178224 0.510636
vt -0.150000 0.510636
vt -0.121776 0.510636
vt -0.125636 0.518926
vt -0.150000 0.518926
vt -0.121776 0.510636
vt -0.110438 0.510636
vt -0.115849 0.518926
vt -0.125636 0.518926
vt 0.157693 -0.110438
vt 0.149757 -0.104170
vt 0.147055 -0.110438
vt 0.153906 -0.115849
vt 0.149757 0.510636
vt 0.130000 0.510636
vt 0.130000 0.518926
vt 0.147055 0.518926
vt 0.130000 0.510636
vt 0.110243 0.510636
vt 0.112945 0.518926
vt 0.130000 0.518926
vt 0.110243 -0.104170
vt 0.102307 -0.110438
vt 0.106094 -0.115849
vt 0.112945 -0.110438
vt -0.110438 0.510636
vt -0.121776 0.510636
vt -0.125636 0.518926
vt -0.115849 0.518926
vt -0.121776 0.510636
vt -0.150000 0.510636
vt -0.150000 0.518926
vt -0.125636 0.518926
vt -0.150000 0.510636
vt -0.178224 0.510636
vt -0.174364 0.518926
vt -0.150000 0.518926
vt -0.178224 0.510636
vt -0.189562 0.510636
vt -0.184151 0.518926
vt -0.174364 0.518926
vt 0.102307 -0.189562
vt 0.110243 -0.195830
vt 0.112945 -0.189562
vt 0.106094 -0.184151
vt 0.110243 0.510636
vt 0.130000 0.510636
vt 0.130000 0.518926
vt 0.112945 0.518926
vt 0.130000 0.510636
vt 0.149757 0.510636
vt 0.147055 0.518926
vt 0.130000 0.518926
vt 0.149757 -0.195830
vt 0.157693 -0.189562
vt 0.153906 -0.184151
vt 0.147055 -0.189562
vt -0.189562 0.510636
vt -0.178224 0.510636
vt -0.174364 0.518926
vt -0.184151 0.518926
vt -0.178224 0.510636
vt -0.150000 0.510636
vt -0.150000 0.518926
vt -0.174364 0.518926
vt 0.158926 -0.150000
vt 0.157693 -0.125636
vt 0.149757 -0.132618
vt 0.150636 -0.150000
vt 0.157693 -0.125636
vt 0.153906 -0.115849
vt 0.147055 -0.125636
vt 0.149757 -0.132618
vt 0.153906 -0.115849
vt 0.147055 -0.110438
vt 0.142167 -0.121776
vt 0.147055 -0.125636
vt 0.147055 -0.110438
vt 0.130000 -0.108677
vt 0.130000 -0.120520
vt 0.142167 -0.121776
vt 0.130000 -0.108677
vt 0.112945 -0.110438
vt 0.117833 -0.121776
vt 0.130000 -0.120520
vt 0.112945 -0.110438
vt 0.106094 -0.115849
vt 0.112945 -0.125636
vt 0.117833 -0.121776
vt 0.106094 -0.115849
vt 0.102307 -0.125636
vt 0.110243 -0.132618
vt 0.112945 -0.125636
vt 0.102307 -0.125636
vt 0.101074 -0.150000
vt 0.109364 -0.150000
vt 0.110243 -0.132618
vt 0.101074 -0.150000
vt 0.102307 -0.174364
vt 0.110243 -0.167382
vt 0.109364 -0.150000
vt 0.102307 -0.174364
vt 0.106094 -0.184151
vt 0.112945 -0.174364
vt 0.110243 -0.167382
vt 0.106094 -0.184151
vt 0.112945 -0.189562
vt 0.117833 -0.178224
vt 0.112945 -0.174364
vt 0.112945 -0.189562
vt 0.130000 -0.191323
vt 0.130000 -0.179480
vt 0.117833 -0.178224
vt 0.130000 -0.191323
vt 0.147055 -0.189562
vt 0.142167 -0.178224
vt 0.130000 -0.179480
vt 0.147055 -0.189562
vt 0.153906 -0.184151
vt 0.147055 -0.174364
vt 0.142167 -0.178224
vt 0.153906 -0.184151
vt 0.157693 -0.174364
vt 0.149757 -0.167382
vt 0.147055 -0.174364
vt 0.157693 -0.174364
vt 0.158926 -0.150000
vt 0.150636 -0.150000
vt 0.149757 -0.167382
vt 0.150636 -0.150000
vt 0.149757 -0.132618
vt 0.130000 -0.150000
vt 0.130000 -0.150000
vt 0.149757 -0.132618
vt 0.147055 -0.125636
vt 0.130000 -0.150000
vt 0.130000 -0.150000
vt 0.147055 -0.125636
vt 0.142167 -0.121776
vt 0.130000 -0.150000
vt 0.130000 -0.150000
vt 0.142167 -0.121776
vt 0.130000 -0.120520
vt 0.130000 -0.150000
vt 0.130000 -0.150000
vt 0.130000 -0.120520
vt 0.117833 -0.121776
vt 0.130000 -0.150000
vt 0.130000 -0.150000
vt 0.117833 -0.121776
vt 0.112945 -0.125636
vt 0.130000 -0.150000
vt 0.130000 -0.150000
vt 0.112945 -0.125636
vt 0.110243 -0.132618
vt 0.130000 -0.150000
vt 0.130000 -0.150000
vt 0.110243 -0.132618
vt 0.109364 -0.150000
vt 0.130000 -0.150000
vt 0.130000 -0.150000
vt 0.109364 -0.150000
vt 0.110243 -0.167382
vt 0.130000 -0.150000
vt 0.130000 -0.150000
vt 0.110243 -0.167382
vt 0.112945 -0.174364
vt 0.130000 -0.150000
vt 0.130000 -0.150000
vt 0.112945 -0.174364
vt 0.117833 -0.178224
vt 0.130000 -0.150000
vt 0.130000 -0.150000
vt 0.117833 -0.178224
vt 0.130000 -0.179480
vt 0.130000 -0.150000
vt 0.130000 -0.150000
vt 0.130000 -0.179480
vt 0.142167 -0.178224
vt 0.130000 -0.150000
vt 0.130000 -0.150000
vt 0.142167 -0.178224
vt 0.147055 -0.174364
vt 0.130000 -0.150000
vt 0.130000 -0.150000
vt 0.147055 -0.174364
vt 0.149757 -0.167382
vt 0.130000 -0.150000
vt 0.130000 -0.150000
vt 0.149757 -0.167382
vt 0.150636 -0.150000
vt 0.130000 -0.150000
vt 0.130000 -0.150000
vt -0.135000 -0.200000
vt -0.135000 -0.200000
vt -0.130997 -0.194255
vt -0.130540 -0.200000
vt -0.135000 -0.200000
vt -0.135000 -0.200000
vt -0.132348 -0.191326
vt -0.130997 -0.194255
vt -0.135000 -0.200000
vt -0.135000 -0.200000
vt -0.135000 -0.190338
vt -0.132348 -0.191326
vt -0.135000 -0.200000
vt -0.135000 -0.200000
vt -0.137652 -0.191326
vt -0.135000 -0.190338
vt -0.135000 -0.200000
vt -0.135000 -0.200000
vt -0.139003 -0.194255
vt -0.137652 -0.191326
vt -0.135000 -0.200000
vt -0.135000 -0.200000
vt -0.139460 -0.200000
vt -0.139003 -0.194255
vt -0.135000 -0.200000
vt -0.135000 -0.200000
vt -0.139003 -0.205745
vt -0.139460 -0.200000
vt -0.135000 -0.200000
vt -0.135000 -0.200000
vt -0.137652 -0.208674
vt -0.139003 -0.205745
vt -0.135000 -0.200000
vt -0.135000 -0.200000
vt -0.135000 -0.209662
vt -0.137652 -0.208674
vt -0.135000 -0.200000
vt -0.135000 -0.200000
vt -0.132348 -0.208674
vt -0.135000 -0.209662
vt -0.135000 -0.200000
vt -0.135000 -0.200000
vt -0.130997 -0.205745
vt -0.132348 -0.208674
vt -0.135000 -0.200000
vt -0.135000 -0.200000
vt -0.130540 -0.200000
vt -0.130997 -0.205745
vt -0.200000 0.285412
vt -0.194255 0.285412
vt -0.191326 0.290338
vt -0.200000 0.290338
vt -0.194255 0.285412
vt -0.191326 0.285412
vt -0.186904 0.290338
vt -0.191326 0.290338
vt -0.132348 -0.191326
vt -0.135000 -0.190338
vt -0.135000 -0.185412
vt -0.130997 -0.186904
vt -0.135000 0.285412
vt -0.137652 0.285412
vt -0.139003 0.290338
vt -0.135000 0.290338
vt -0.191326 0.285412
vt -0.194255 0.285412
vt -0.191326 0.290338
vt -0.186904 0.290338
vt -0.194255 0.285412
vt -0.200000 0.285412
vt -0.200000 0.290338
vt -0.191326 0.290338
vt -0.200000 0.285412
vt -0.205745 0.285412
vt -0.208674 0.290338
vt -0.200000 0.290338
vt -0.205745 0.285412
vt -0.208674 0.285412
vt -0.213096 0.290338
vt -0.208674 0.290338
vt -0.137652 -0.208674
vt -0.135000 -0.209662
vt -0.135000 -0.214588
vt -0.139003 -0.213096
vt -0.135000 0.285412
vt -0.132348 0.285412
vt -0.130997 0.290338
vt -0.135000 0.290338
vt -0.208674 0.285412
vt -0.205745 0.285412
vt -0.208674 0.290338
vt -0.213096 0.290338
vt -0.205745 0.285412
vt -0.200000 0.285412
vt -0.200000 0.290338
vt -0.208674 0.290338
vt -0.200000 0.290338
vt -0.191326 0.290338
vt -0.190338 0.300000
vt -0.200000 0.300000
vt -0.191326 0.290338
vt -0.186904 0.290338
vt -0.185412 0.300000
vt -0.190338 0.300000
vt -0.130997 0.290338
vt -0.135000 0.290338
vt -0.135000 0.300000
vt -0.130540 0.300000
vt -0.135000 0.290338
vt -0.139003 0.290338
vt -0.139460 0.300000
vt -0.135000 0.300000
vt -0.186904 0.290338
vt -0.191326 0.290338
vt -0.190338 0.300000
vt -0.185412 0.300000
vt -0.191326 0.290338
vt -0.200000 0.290338
vt -0.200000 0.300000
vt -0.190338 0.300000
vt -0.200000 0.290338
vt -0.208674 0.290338
vt -0.209662 0.300000
vt -0.200000 0.300000
vt -0.208674 0.290338
vt -0.213096 0.290338
vt -0.214588 0.300000
vt -0.209662 0.300000
vt -0.139003 0.290338
vt -0.135000 0.290338
vt -0.135000 0.300000
vt -0.139460 0.300000
vt -0.135000 0.290338
vt -0.130997 0.290338
vt -0.130540 0.300000
vt -0.135000 0.300000
vt -0.213096 0.290338
vt -0.208674 0.290338
vt -0.209662 0.300000
vt -0.214588 0.300000
vt -0.208674 0.290338
vt -0.200000 0.290338
vt -0.200000 0.300000
vt -0.209662 0.300000
vt -0.200000 0.300000
vt -0.190338 0.300000
vt -0.191326 0.309662
vt -0.200000 0.309662
vt -0.190338 0.300000
vt -0.185412 0.300000
vt -0.186904 0.309662
vt -0.191326 0.309662
vt -0.130540 0.300000
vt -0.135000 0.300000
vt -0.135000 0.309662
vt -0.130997 0.309662
vt -0.135000 0.300000
vt -0.139460 0.300000
vt -0.139003 0.309662
vt -0.135000 0.309662
vt -0.185412 0.300000
vt -0.190338 0.300000
vt -0.191326 0.309662
vt -0.186904 0.309662
vt -0.190338 0.300000
vt -0.200000 0.300000
vt -0.200000 0.309662
vt -0.191326 0.309662
vt -0.200000 0.300000
vt -0.209662 0.300000
vt -0.208674 0.309662
vt -0.200000 0.309662
vt -0.209662 0.300000
vt -0.214588 0.300000
vt -0.213096 0.309662
vt -0.208674 0.309662
vt -0.139460 0.300000
vt -0.135000 0.300000
vt -0.135000 0.309662
vt -0.139003 0.309662
vt -0.135000 0.300000
vt -0.130540 0.300000
vt -0.130997 0.309662
vt -0.135000 0.309662
vt -0.214588 0.300000
vt -0.209662 0.300000
vt -0.208674 0.309662
vt -0.213096 0.309662
vt -0.209662 0.300000
vt -0.200000 0.300000
vt -0.200000 0.309662
vt -0.208674 0.309662
vt -0.200000 0.309662
vt -0.191326 0.309662
vt -0.194255 0.314588
vt -0.200000 0.314588
vt -0.191326 0.309662
vt -0.186904 0.309662
vt -0.191326 0.314588
vt -0.194255 0.314588
vt -0.130997 -0.186904
vt -0.135000 -0.185412
vt -0.135000 -0.190338
vt -0.132348 -0.191326
vt -0.135000 0.309662
vt -0.139003 0.309662
vt -0.137652 0.314588
vt -0.135000 0.314588
vt -0.186904 0.309662
vt -0.191326 0.309662
vt -0.194255 0.314588
vt -0.191326 0.314588
vt -0.191326 0.309662
vt -0.200000 0.309662
vt -0.200000 0.314588
vt -0.194255 0.314588
vt -0.200000 0.309662
vt -0.208674 0.309662
vt -0.205745 0.314588
vt -0.200000 0.314588
vt -0.208674 0.309662
vt -0.213096 0.309662
vt -0.208674 0.314588
vt -0.205745 0.314588
vt -0.139003 -0.213096
vt -0.135000 -0.214588
vt -0.135000 -0.209662
vt -0.137652 -0.208674
vt -0.135000 0.309662
vt -0.130997 0.309662
vt -0.132348 0.314588
vt -0.135000 0.314588
vt -0.213096 0.309662
vt -0.208674 0.309662
vt -0.205745 0.314588
vt -0.208674 0.314588
vt -0.208674 0.309662
vt -0.200000 0.309662
vt -0.200000 0.314588
vt -0.205745 0.314588
vt -0.130540 -0.200000
vt -0.130997 -0.194255
vt -0.135000 -0.200000
vt -0.135000 -0.200000
vt -0.130997 -0.194255
vt -0.132348 -0.191326
vt -0.135000 -0.200000
vt -0.135000 -0.200000
vt -0.132348 -0.191326
vt -0.135000 -0.190338
vt -0.135000 -0.200000
vt -0.135000 -0.200000
vt -0.135000 -0.190338
vt -0.137652 -0.191326
vt -0.135000 -0.200000
vt -0.135000 -0.200000
vt -0.137652 -0.191326
vt -0.139003 -0.194255
vt -0.135000 -0.200000
vt -0.135000 -0.200000
vt -0.139003 -0.194255
vt -0.139460 -0.200000
vt -0.135000 -0.200000
vt -0.135000 -0.200000
vt -0.139460 -0.200000
vt -0.139003 -0.205745
vt -0.135000 -0.200000
vt -0.135000 -0.200000
vt -0.139003 -0.205745
vt -0.137652 -0.208674
vt -0.135000 -0.200000
vt -0.135000 -0.200000
vt -0.137652 -0.208674
vt -0.135000 -0.209662
vt -0.135000 -0.200000
vt -0.135000 -0.200000
vt -0.135000 -0.209662
vt -0.132348 -0.208674
vt -0.135000 -0.200000
vt -0.135000 -0.200000
vt -0.132348 -0.208674
vt -0.130997 -0.205745
vt -0.135000 -0.200000
vt -0.135000 -0.200000
vt -0.130997 -0.205745
vt -0.130540 -0.200000
vt -0.135000 -0.200000
vt -0.135000 -0.200000
vt -0.135000 0.300000
vt -0.135000 0.300000
vt -0.130997 0.305745
vt -0.130540 0.300000
vt -0.135000 0.300000
vt -0.135000 0.300000
vt -0.132348 0.308674
vt -0.130997 0.305745
vt -0.135000 0.300000
vt -0.135000 0.300000
vt -0.135000 0.309662
vt -0.132348 0.308674
vt -0.135000 0.300000
vt -0.135000 0.300000
vt -0.137652 0.308674
vt -0.135000 0.309662
vt -0.135000 0.300000
vt -0.135000 0.300000
vt -0.139003 0.305745
vt -0.137652 0.308674
vt -0.135000 0.300000
vt -0.135000 0.300000
vt -0.139460 0.300000
vt -0.139003 0.305745
vt -0.135000 0.300000
vt -0.135000 0.300000
vt -0.139003 0.294255
vt -0.139460 0.300000
vt -0.135000 0.300000
vt -0.135000 0.300000
vt -0.137652 0.291326
vt -0.139003 0.294255
vt -0.135000 0.300000
vt -0.135000 0.300000
vt -0.135000 0.290338
vt -0.137652 0.291326
vt -0.135000 0.300000
vt -0.135000 0.300000
vt -0.132348 0.291326
vt -0.135000 0.290338
vt -0.135000 0.300000
vt -0.135000 0.300000
vt -0.130997 0.294255
vt -0.132348 0.291326
vt -0.135000 0.300000
vt -0.135000 0.300000
vt -0.130540 0.300000
vt -0.130997 0.294255
vt 0.300000 0.185412
vt 0.305745 0.185412
vt 0.308674 0.190338
vt 0.300000 0.190338
vt 0.305745 0.185412
vt 0.308674 0.185412
vt 0.313096 0.190338
vt 0.308674 0.190338
vt -0.132348 0.308674
vt -0.135000 0.309662
vt -0.135000 0.314588
vt -0.130997 0.313096
vt -0.135000 0.185412
vt -0.137652 0.185412
vt -0.139003 0.190338
vt -0.135000 0.190338
vt 0.308674 0.185412
vt 0.305745 0.185412
vt 0.308674 0.190338
vt 0.313096 0.190338
vt 0.305745 0.185412
vt 0.300000 0.185412
vt 0.300000 0.190338
vt 0.308674 0.190338
vt 0.300000 0.185412
vt 0.294255 0.185412
vt 0.291326 0.190338
vt 0.300000 0.190338
vt 0.294255 0.185412
vt 0.291326 0.185412
vt 0.286904 0.190338
vt 0.291326 0.190338
vt -0.137652 0.291326
vt -0.135000 0.290338
vt -0.135000 0.285412
vt -0.139003 0.286904
vt -0.135000 0.185412
vt -0.132348 0.185412
vt -0.130997 0.190338
vt -0.135000 0.190338
vt 0.291326 0.185412
vt 0.294255 0.185412
vt 0.291326 0.190338
vt 0.286904 0.190338
vt 0.294255 0.185412
vt 0.300000 0.185412
vt 0.300000 0.190338
vt 0.291326 0.190338
vt 0.300000 0.190338
vt 0.308674 0.190338
vt 0.309662 0.200000
vt 0.300000 0.200000
vt 0.308674 0.190338
vt 0.313096 0.190338
vt 0.314588 0.200000
vt 0.309662 0.200000
vt -0.130997 0.190338
vt -0.135000 0.190338
vt -0.135000 0.200000
vt -0.130540 0.200000
vt -0.135000 0.190338
vt -0.139003 0.190338
vt -0.139460 0.200000
vt -0.135000 0.200000
vt 0.313096 0.190338
vt 0.308674 0.190338
vt 0.309662 0.200000
vt 0.314588 0.200000
vt 0.308674 0.190338
vt 0.300000 0.190338
vt 0.300000 0.200000
vt 0.309662 0.200000
vt 0.300000 0.190338
vt 0.291326 0.190338
vt 0.290338 0.200000
vt 0.300000 0.200000
vt 0.291326 0.190338
vt 0.286904 0.190338
vt 0.285412 0.200000
vt 0.290338 0.200000
vt -0.139003 0.190338
vt -0.135000 0.190338
vt -0.135000 0.200000
vt -0.139460 0.200000
vt -0.135000 0.190338
vt -0.130997 0.190338
vt -0.130540 0.200000
vt -0.135000 0.200000
vt 0.286904 0.190338
vt 0.291326 0.190338
vt 0.290338 0.200000
vt 0.285412 0.200000
vt 0.291326 0.190338
vt 0.300000 0.190338
vt 0.300000 0.200000
vt 0.290338 0.200000
vt 0.300000 0.200000
vt 0.309662 0.200000
vt 0.308674 0.209662
vt 0.300000 0.209662
vt 0.309662 0.200000
vt 0.314588 0.200000
vt 0.313096 0.209662
vt 0.308674 0.209662
vt -0.130540 0.200000
vt -0.135000 0.200000
vt -0.135000 0.209662
vt -0.130997 0.209662
vt -0.135000 0.200000
vt -0.139460 0.200000
vt -0.139003 0.209662
vt -0.135000 0.209662
vt 0.314588 0.200000
vt 0.309662 0.200000
vt 0.308674 0.209662
vt 0.313096 0.209662
vt 0.309662 0.200000
vt 0.300000 0.200000
vt 0.300000 0.209662
vt 0.308674 0.209662
vt 0.300000 0.200000
vt 0.290338 0.200000
vt 0.291326 0.209662
vt 0.300000 0.209662
vt 0.290338 0.200000
vt 0.285412 0.200000
vt 0.286904 0.209662
vt 0.291326 0.209662
vt -0.139460 0.200000
vt -0.135000 0.200000
vt -0.135000 0.209662
vt -0.139003 0.209662
vt -0.135000 0.200000
vt -0.130540 0.200000
vt -0.130997 0.209662
vt -0.135000 0.209662
vt 0.285412 0.200000
vt 0.290338 0.200000
vt 0.291326 0.209662
vt 0.286904 0.209662
vt 0.290338 0.200000
vt 0.300000 0.200000
vt 0.300000 0.209662
vt 0.291326 0.209662
vt 0.300000 0.209662
vt 0.308674 0.209662
vt 0.305745 0.214588
vt 0.300000 0.214588
vt 0.308674 0.209662
vt 0.313096 0.209662
vt 0.308674 0.214588
vt 0.305745 0.214588
vt -0.130997 0.313096
vt -0.135000 0.314588
vt -0.135000 0.309662
vt -0.132348 0.308674
vt -0.135000 0.209662
vt -0.139003 0.209662
vt -0.137652 0.214588
vt -0.135000 0.214588
vt 0.313096 0.209662
vt 0.308674 0.209662
vt 0.305745 0.214588
vt 0.308674 0.214588
vt 0.308674 0.209662
vt 0.300000 0.209662
vt 0.300000 0.214588
vt 0.305745 0.214588
vt 0.300000 0.209662
vt 0.291326 0.209662
vt 0.294255 0.214588
vt 0.300000 0.214588
vt 0.291326 0.209662
vt 0.286904 0.209662
vt 0.291326 0.214588
vt 0.294255 0.214588
vt -0.139003 0.286904
vt -0.135000 0.285412
vt -0.135000 0.290338
vt -0.137652 0.291326
vt -0.135000 0.209662
vt -0.130997 0.209662
vt -0.132348 0.214588
vt -0.135000 0.214588
vt 0.286904 0.209662
vt 0.291326 0.209662
vt 0.294255 0.214588
vt 0.291326 0.214588
vt 0.291326 0.209662
vt 0.300000 0.209662
vt 0.300000 0.214588
vt 0.294255 0.214588
vt -0.130540 0.300000
vt -0.130997 0.305745
vt -0.135000 0.300000
vt -0.135000 0.300000
vt -0.130997 0.305745
vt -0.132348 0.308674
vt -0.135000 0.300000
vt -0.135000 0.300000
vt -0.132348 0.308674
vt -0.135000 0.309662
vt -0.135000 0.300000
vt -0.135000 0.300000
vt -0.135000 0.309662
vt -0.137652 0.308674
vt -0.135000 0.300000
vt -0.135000 0.300000
vt -0.137652 0.308674
vt -0.139003 0.305745
vt -0.135000 0.300000
vt -0.135000 0.300000
vt -0.139003 0.305745
vt -0.139460 0.300000
vt -0.135000 0.300000
vt -0.135000 0.300000
vt -0.139460 0.300000
vt -0.139003 0.294255
vt -0.135000 0.300000
vt -0.135000 0.300000
vt -0.139003 0.294255
vt -0.137652 0.291326
vt -0.135000 0.300000
vt -0.135000 0.300000
vt -0.137652 0.291326
vt -0.135000 0.290338
vt -0.135000 0.300000
vt -0.135000 0.300000
vt -0.135000 0.290338
vt -0.132348 0.291326
vt -0.135000 0.300000
vt -0.135000 0.300000
vt -0.132348 0.291326
vt -0.130997 0.294255
vt -0.135000 0.300000
vt -0.135000 0.300000
vt -0.130997 0.294255
vt -0.130540 0.300000
vt -0.135000 0.300000
vt -0.135000 0.300000
vt -0.135000 0.900000
vt -0.135000 0.900000
vt -0.130997 0.905745
vt -0.130540 0.900000
vt -0.135000 0.900000
vt -0.135000 0.900000
vt -0.132348 0.908674
vt -0.130997 0.905745
vt -0.135000 0.900000
vt -0.135000 0.900000
vt -0.135000 0.909662
vt -0.132348 0.908674
vt -0.135000 0.900000
vt -0.135000 0.900000
vt -0.137652 0.908674
vt -0.135000 0.909662
vt -0.135000 0.900000
vt -0.135000 0.900000
vt -0.139003 0.905745
vt -0.137652 0.908674
vt -0.135000 0.900000
vt -0.135000 0.900000
vt -0.139460 0.900000
vt -0.139003 0.905745
vt -0.135000 0.900000
vt -0.135000 0.900000
vt -0.139003 0.894255
vt -0.139460 0.900000
vt -0.135000 0.900000
vt -0.135000 0.900000
vt -0.137652 0.891326
vt -0.139003 0.894255
vt -0.135000 0.900000
vt -0.135000 0.900000
vt -0.135000 0.890338
vt -0.137652 0.891326
vt -0.135000 0.900000
vt -0.135000 0.900000
vt -0.132348 0.891326
vt -0.135000 0.890338
vt -0.135000 0.900000
vt -0.135000 0.900000
vt -0.130997 0.894255
vt -0.132348 0.891326
vt -0.135000 0.900000
vt -0.135000 0.900000
vt -0.130540 0.900000
vt -0.130997 0.894255
vt 0.900000 0.535412
vt 0.905745 0.535412
vt 0.908674 0.540338
vt 0.900000 0.540338
vt 0.905745 0.535412
vt 0.908674 0.535412
vt 0.913096 0.540338
vt 0.908674 0.540338
vt -0.132348 0.908674
vt -0.135000 0.909662
vt -0.135000 0.914588
vt -0.130997 0.913096
vt -0.135000 0.535412
vt -0.137652 0.535412
vt -0.139003 0.540338
vt -0.135000 0.540338
vt 0.908674 0.535412
vt 0.905745 0.535412
vt 0.908674 0.540338
vt 0.913096 0.540338
vt 0.905745 0.535412
vt 0.900000 0.535412
vt 0.900000 0.540338
vt 0.908674 0.540338
vt 0.900000 0.535412
vt 0.894255 0.535412
vt 0.891326 0.540338
vt 0.900000 0.540338
vt 0.894255 0.535412
vt 0.891326 0.535412
vt 0.886904 0.540338
vt 0.891326 0.540338
vt -0.137652 0.891326
vt -0.135000 0.890338
vt -0.135000 0.885412
vt -0.139003 0.886904
vt -0.135000 0.535412
vt -0.132348 0.535412
vt -0.130997 0.540338
vt -0.135000 0.540338
vt 0.891326 0.535412
vt 0.894255 0.535412
vt 0.891326 0.540338
vt 0.886904 0.540338
vt 0.894255 0.535412
vt 0.900000 0.535412
vt 0.900000 0.540338
vt 0.891326 0.540338
vt 0.900000 0.540338
vt 0.908674 0.540338
vt 0.909662 0.550000
vt 0.900000 0.550000
vt 0.908674 0.540338
vt 0.913096 0.540338
vt 0.914588 0.550000
vt 0.909662 0.550000
vt -0.130997 0.540338
vt -0.135000 0.540338
vt -0.135000 0.550000
vt -0.130540 0.550000
vt -0.135000 0.540338
vt -0.139003 0.540338
vt -0.139460 0.550000
vt -0.135000 0.550000
vt 0.913096 0.540338
vt 0.908674 0.540338
vt 0.909662 0.550000
vt 0.914588 0.550000
vt 0.908674 0.540338
vt 0.900000 0.540338
vt 0.900000 0.550000
vt 0.909662 0.550000
vt 0.900000 0.540338
vt 0.891326 0.540338
vt 0.890338 0.550000
vt 0.900000 0.550000
vt 0.891326 0.540338
vt 0.886904 0.540338
vt 0.885412 0.550000
vt 0.890338 0.550000
vt -0.139003 0.540338
vt -0.135000 0.540338
vt -0.135000 0.550000
vt -0.139460 0.550000
vt -0.135000 0.540338
vt -0.130997 0.540338
vt -0.130540 0.550000
vt -0.135000 0.550000
vt 0.886904 0.540338
vt 0.891326 0.540338
vt 0.890338 0.550000
vt 0.885412 0.550000
vt 0.891326 0.540338
vt 0.900000 0.540338
vt 0.900000 0.550000
vt 0.890338 0.550000
vt 0.900000 0.550000
vt 0.909662 0.550000
vt 0.908674 0.559662
vt 0.900000 0.559662
vt 0.909662 0.550000
vt 0.914588 0.550000
vt 0.913096 0.559662
vt 0.908674 0.559662
vt -0.130540 0.550000
vt -0.135000 0.550000
vt -0.135000 0.559662
vt -0.130997 0.559662
vt -0.135000 0.550000
vt -0.139460 0.550000
vt -0.139003 0.559662
vt -0.135000 0.559662
vt 0.914588 0.550000
vt 0.909662 0.550000
vt 0.908674 0.559662
vt 0.913096 0.559662
vt 0.909662 0.550000
vt 0.900000 0.550000
vt 0.900000 0.559662
vt 0.908674 0.559662
vt 0.900000 0.550000
vt 0.890338 0.550000
vt 0.891326 0.559662
vt 0.900000 0.559662
vt 0.890338 0.550000
vt 0.885412 0.550000
vt 0.886904 0.559662
vt 0.891326 0.559662
vt -0.139460 0.550000
vt -0.135000 0.550000
vt -0.135000 0.559662
vt -0.139003 0.559662
vt -0.135000 0.550000
vt -0.130540 0.550000
vt -0.130997 0.559662
vt -0.135000 0.559662
vt 0.885412 0.550000
vt 0.890338 0.550000
vt 0.891326 0.559662
vt 0.886904 0.559662
vt 0.890338 0.550000
vt 0.900000 0.550000
vt 0.900000 0.559662
vt 0.891326 0.559662
vt 0.900000 0.559662
vt 0.908674 0.559662
vt 0.905745 0.564588
vt 0.900000 0.564588
vt 0.908674 0.559662
vt 0.913096 0.559662
vt 0.908674 0.564588
vt 0.905745 0.564588
vt -0.130997 0.913096
vt -0.135000 0.914588
vt -0.135000 0.909662
vt -0.132348 0.908674
vt -0.135000 0.559662
vt -0.139003 0.559662
vt -0.137652 0.564588
vt -0.135000 0.564588
vt 0.913096 0.559662
vt 0.908674 0.559662
vt 0.905745 0.564588
vt 0.908674 0.564588
vt 0.908674 0.559662
vt 0.900000 0.559662
vt 0.900000 0.564588
vt 0.905745 0.564588
vt 0.900000 0.559662
vt 0.891326 0.559662
vt 0.894255 0.564588
vt 0.900000 0.564588
vt 0.891326 0.559662
vt 0.886904 0.559662
vt 0.891326 0.564588
vt 0.894255 0.564588
vt -0.139003 0.886904
vt -0.135000 0.885412
vt -0.135000 0.890338
vt -0.137652 0.891326
vt -0.135000 0.559662
vt -0.130997 0.559662
vt -0.132348 0.564588
vt -0.135000 0.564588
vt 0.886904 0.559662
vt 0.891326 0.559662
vt 0.894255 0.564588
vt 0.891326 0.564588
vt 0.891326 0.559662
vt 0.900000 0.559662
vt 0.900000 0.564588
vt 0.894255 0.564588
vt -0.130540 0.900000
vt -0.130997 0.905745
vt -0.135000 0.900000
vt -0.135000 0.900000
vt -0.130997 0.905745
vt -0.132348 0.908674
vt -0.135000 0.900000
vt -0.135000 0.900000
vt -0.132348 0.908674
vt -0.135000 0.909662
vt -0.135000 0.900000
vt -0.135000 0.900000
vt -0.135000 0.909662
vt -0.137652 0.908674
vt -0.135000 0.900000
vt -0.135000 0.900000
vt -0.137652 0.908674
vt -0.139003 0.905745
vt -0.135000 0.900000
vt -0.135000 0.900000
vt -0.139003 0.905745
vt -0.139460 0.900000
vt -0.135000 0.900000
vt -0.135000 0.900000
vt -0.139460 0.900000
vt -0.139003 0.894255
vt -0.135000 0.900000
vt -0.135000 0.900000
vt -0.139003 0.894255
vt -0.137652 0.891326
vt -0.135000 0.900000
vt -0.135000 0.900000
vt -0.137652 0.891326
vt -0.135000 0.890338
vt -0.135000 0.900000
vt -0.135000 0.900000
vt -0.135000 0.890338
vt -0.132348 0.891326
vt -0.135000 0.900000
vt -0.135000 0.900000
vt -0.132348 0.891326
vt -0.130997 0.894255
vt -0.135000 0.900000
vt -0.135000 0.900000
vt -0.130997 0.894255
vt -0.130540 0.900000
vt -0.135000 0.900000
vt -0.135000 0.900000
vt -0.135000 1.005000
vt -0.135000 1.005000
vt -0.130997 1.010745
vt -0.130540 1.005000
vt -0.135000 1.005000
vt -0.135000 1.005000
vt -0.132348 1.013674
vt -0.130997 1.010745
vt -0.135000 1.005000
vt -0.135000 1.005000
vt -0.135000 1.014662
vt -0.132348 1.013674
vt -0.135000 1.005000
vt -0.135000 1.005000
vt -0.137652 1.013674
vt -0.135000 1.014662
vt -0.135000 1.005000
vt -0.135000 1.005000
vt -0.139003 1.010745
vt -0.137652 1.013674
vt -0.135000 1.005000
vt -0.135000 1.005000
vt -0.139460 1.005000
vt -0.139003 1.010745
vt -0.135000 1.005000
vt -0.135000 1.005000
vt -0.139003 0.999255
vt -0.139460 1.005000
vt -0.135000 1.005000
vt -0.135000 1.005000
vt -0.137652 0.996326
vt -0.139003 0.999255
vt -0.135000 1.005000
vt -0.135000 1.005000
vt -0.135000 0.995338
vt -0.137652 0.996326
vt -0.135000 1.005000
vt -0.135000 1.005000
vt -0.132348 0.996326
vt -0.135000 0.995338
vt -0.135000 1.005000
vt -0.135000 1.005000
vt -0.130997 0.999255
vt -0.132348 0.996326
vt -0.135000 1.005000
vt -0.135000 1.005000
vt -0.130540 1.005000
vt -0.130997 0.999255
vt 1.005000 0.410412
vt 1.010745 0.410412
vt 1.013674 0.415338
vt 1.005000 0.415338
vt 1.010745 0.410412
vt 1.013674 0.410412
vt 1.018096 0.415338
vt 1.013674 0.415338
vt -0.132348 1.013674
vt -0.135000 1.014662
vt -0.135000 1.019588
vt -0.130997 1.018096
vt -0.135000 0.410412
vt -0.137652 0.410412
vt -0.139003 0.415338
vt -0.135000 0.415338
vt 1.013674 0.410412
vt 1.010745 0.410412
vt 1.013674 0.415338
vt 1.018096 0.415338
vt 1.010745 0.410412
vt 1.005000 0.410412
vt 1.005000 0.415338
vt 1.013674 0.415338
vt 1.005000 0.410412
vt 0.999255 0.410412
vt 0.996326 0.415338
vt 1.005000 0.415338
vt 0.999255 0.410412
vt 0.996326 0.410412
vt 0.991904 0.415338
vt 0.996326 0.415338
vt -0.137652 0.996326
vt -0.135000 0.995338
vt -0.135000 0.990412
vt -0.139003 0.991904
vt -0.135000 0.410412
vt -0.132348 0.410412
vt -0.130997 0.415338
vt -0.135000 0.415338
vt 0.996326 0.410412
vt 0.999255 0.410412
vt 0.996326 0.415338
vt 0.991904 0.415338
vt 0.999255 0.410412
vt 1.005000 0.410412
vt 1.005000 0.415338
vt 0.996326 0.415338
vt 1.005000 0.415338
vt 1.013674 0.415338
vt 1.014662 0.425000
vt 1.005000 0.425000
vt 1.013674 0.415338
vt 1.018096 0.415338
vt 1.019588 0.425000
vt 1.014662 0.425000
vt -0.130997 0.415338
vt -0.135000 0.415338
vt -0.135000 0.425000
vt -0.130540 0.425000
vt -0.135000 0.415338
vt -0.139003 0.415338
vt -0.139460 0.425000
vt -0.135000 0.425000
vt 1.018096 0.415338
vt 1.013674 0.415338
vt 1.014662 0.425000
vt 1.019588 0.425000
vt 1.013674 0.415338
vt 1.005000 0.415338
vt 1.005000 0.425000
vt 1.014662 0.425000
vt 1.005000 0.415338
vt 0.996326 0.415338
vt 0.995338 0.425000
vt 1.005000 0.425000
vt 0.996326 0.415338
vt 0.991904 0.415338
vt 0.990412 0.425000
vt 0.995338 0.425000
vt -0.139003 0.415338
vt -0.135000 0.415338
vt -0.135000 0.425000
vt -0.139460 0.425000
vt -0.135000 0.415338
vt -0.130997 0.415338
vt -0.130540 0.425000
vt -0.135000 0.425000
vt 0.991904 0.415338
vt 0.996326 0.415338
vt 0.995338 0.425000
vt 0.990412 0.425000
vt 0.996326 0.415338
vt 1.005000 0.415338
vt 1.005000 0.425000
vt 0.995338 0.425000
vt 1.005000 0.425000
vt 1.014662 0.425000
vt 1.013674 0.434662
vt 1.005000 0.434662
vt 1.014662 0.425000
vt 1.019588 0.425000
vt 1.018096 0.434662
vt 1.013674 0.434662
vt -0.130540 0.425000
vt -0.135000 0.425000
vt -0.135000 0.434662
vt -0.130997 0.434662
vt -0.135000 0.425000
vt -0.139460 0.425000
vt -0.139003 0.434662
vt -0.135000 0.434662
vt 1.019588 0.425000
vt 1.014662 0.425000
vt 1.013674 0.434662
vt 1.018096 0.434662
vt 1.014662 0.425000
vt 1.005000 0.425000
vt 1.005000 0.434662
vt 1.013674 0.434662
vt 1.005000 0.425000
vt 0.995338 0.425000
vt 0.996326 0.434662
vt 1.005000 0.434662
vt 0.995338 0.425000
vt 0.990412 0.425000
vt 0.991904 0.434662
vt 0.996326 0.434662
vt -0.139460 0.425000
vt -0.135000 0.425000
vt -0.135000 0.434662
vt -0.139003 0.434662
vt -0.135000 0.425000
vt -0.130540 0.425000
vt -0.130997 0.434662
vt -0.135000 0.434662
vt 0.990412 0.425000
vt 0.995338 0.425000
vt 0.996326 0.434662
vt 0.991904 0.434662
vt 0.995338 0.425000
vt 1.005000 0.425000
vt 1.005000 0.434662
vt 0.996326 0.434662
vt 1.005000 0.434662
vt 1.013674 0.434662
vt 1.010745 0.439588
vt 1.005000 0.439588
vt 1.013674 0.434662
vt 1.018096 0.434662
vt 1.013674 0.439588
vt 1.010745 0.439588
vt -0.130997 1.018096
vt -0.135000 1.019588
vt -0.135000 1.014662
vt -0.132348 1.013674
vt -0.135000 0.434662
vt -0.139003 0.434662
vt -0.137652 0.439588
vt -0.135000 0.439588
vt 1.018096 0.434662
vt 1.013674 0.434662
vt 1.010745 0.439588
vt 1.013674 0.439588
vt 1.013674 0.434662
vt 1.005000 0.434662
vt 1.005000 0.439588
vt 1.010745 0.439588
vt 1.005000 0.434662
vt 0.996326 0.434662
vt 0.999255 0.439588
vt 1.005000 0.439588
vt 0.996326 0.434662
vt 0.991904 0.434662
vt 0.996326 0.439588
vt 0.999255 0.439588
vt -0.139003 0.991904
vt -0.135000 0.990412
vt -0.135000 0.995338
vt -0.137652 0.996326
vt -0.135000 0.434662
vt -0.130997 0.434662
vt -0.132348 0.439588
vt -0.135000 0.439588
vt 0.991904 0.434662
vt 0.996326 0.434662
vt 0.999255 0.439588
vt 0.996326 0.439588
vt 0.996326 0.434662
vt 1.005000 0.434662
vt 1.005000 0.439588
vt 0.999255 0.439588
vt -0.130540 1.005000
vt -0.130997 1.010745
vt -0.135000 1.005000
vt -0.135000 1.005000
vt -0.130997 1.010745
vt -0.132348 1.013674
vt -0.135000 1.005000
vt -0.135000 1.005000
vt -0.132348 1.013674
vt -0.135000 1.014662
vt -0.135000 1.005000
vt -0.135000 1.005000
vt -0.135000 1.014662
vt -0.137652 1.013674
vt -0.135000 1.005000
vt -0.135000 1.005000
vt -0.137652 1.013674
vt -0.139003 1.010745
vt -0.135000 1.005000
vt -0.135000 1.005000
vt -0.139003 1.010745
vt -0.139460 1.005000
vt -0.135000 1.005000
vt -0.135000 1.005000
vt -0.139460 1.005000
vt -0.139003 0.999255
vt -0.135000 1.005000
vt -0.135000 1.005000
vt -0.139003 0.999255
vt -0.137652 0.996326
vt -0.135000 1.005000
vt -0.135000 1.005000
vt -0.137652 0.996326
vt -0.135000 0.995338
vt -0.135000 1.005000
vt -0.135000 1.005000
vt -0.135000 0.995338
vt -0.132348 0.996326
vt -0.135000 1.005000
vt -0.135000 1.005000
vt -0.132348 0.996326
vt -0.130997 0.999255
vt -0.135000 1.005000
vt -0.135000 1.005000
vt -0.130997 0.999255
vt -0.130540 1.005000
vt -0.135000 1.005000
vt -0.135000 1.005000
vt -0.135000 1.005000
vt -0.135000 1.005000
vt -0.130997 1.010745
vt -0.130540 1.005000
vt -0.135000 1.005000
vt -0.135000 1.005000
vt -0.132348 1.013674
vt -0.130997 1.010745
vt -0.135000 1.005000
vt -0.135000 1.005000
vt -0.135000 1.014662
vt -0.132348 1.013674
vt -0.135000 1.005000
vt -0.135000 1.005000
vt -0.137652 1.013674
vt -0.135000 1.014662
vt -0.135000 1.005000
vt -0.135000 1.005000
vt -0.139003 1.010745
vt -0.137652 1.013674
vt -0.135000 1.005000
vt -0.135000 1.005000
vt -0.139460 1.005000
vt -0.139003 1.010745
vt -0.135000 1.005000
vt -0.135000 1.005000
vt -0.139003 0.999255
vt -0.139460 1.005000
vt -0.135000 1.005000
vt -0.135000 1.005000
vt -0.137652 0.996326
vt -0.139003 0.999255
vt -0.135000 1.005000
vt -0.135000 1.005000
vt -0.135000 0.995338
vt -0.137652 0.996326
vt -0.135000 1.005000
vt -0.135000 1.005000
vt -0.132348 0.996326
vt -0.135000 0.995338
vt -0.135000 1.005000
vt -0.135000 1.005000
vt -0.130997 0.999255
vt -0.132348 0.996326
vt -0.135000 1.005000
vt -0.135000 1.005000
vt -0.130540 1.005000
vt -0.130997 0.999255
vt 1.005000 0.565412
vt 1.010745 0.565412
vt 1.013674 0.570338
vt 1.005000 0.570338
vt 1.010745 0.565412
vt 1.013674 0.565412
vt 1.018096 0.570338
vt 1.013674 0.570338
vt -0.132348 1.013674
vt -0.135000 1.014662
vt -0.135000 1.019588
vt -0.130997 1.018096
vt -0.135000 0.565412
vt -0.137652 0.565412
vt -0.139003 0.570338
vt -0.135000 0.570338
vt 1.013674 0.565412
vt 1.010745 0.565412
vt 1.013674 0.570338
vt 1.018096 0.570338
vt 1.010745 0.565412
vt 1.005000 0.565412
vt 1.005000 0.570338
vt 1.013674 0.570338
vt 1.005000 0.565412
vt 0.999255 0.565412
vt 0.996326 0.570338
vt 1.005000 0.570338
vt 0.999255 0.565412
vt 0.996326 0.565412
vt 0.991904 0.570338
vt 0.996326 0.570338
vt -0.137652 0.996326
vt -0.135000 0.995338
vt -0.135000 0.990412
vt -0.139003 0.991904
vt -0.135000 0.565412
vt -0.132348 0.565412
vt -0.130997 0.570338
vt -0.135000 0.570338
vt 0.996326 0.565412
vt 0.999255 0.565412
vt 0.996326 0.570338
vt 0.991904 0.570338
vt 0.999255 0.565412
vt 1.005000 0.565412
vt 1.005000 0.570338
vt 0.996326 0.570338
vt 1.005000 0.570338
vt 1.013674 0.570338
vt 1.014662 0.580000
vt 1.005000 0.580000
vt 1.013674 0.570338
vt 1.018096 0.570338
vt 1.019588 0.580000
vt 1.014662 0.580000
vt -0.130997 0.570338
vt -0.135000 0.570338
vt -0.135000 0.580000
vt -0.130540 0.580000
vt -0.135000 0.570338
vt -0.139003 0.570338
vt -0.139460 0.580000
vt -0.135000 0.580000
vt 1.018096 0.570338
vt 1.013674 0.570338
vt 1.014662 0.580000
vt 1.019588 0.580000
vt 1.013674 0.570338
vt 1.005000 0.570338
vt 1.005000 0.580000
vt 1.014662 0.580000
vt 1.005000 0.570338
vt 0.996326 0.570338
vt 0.995338 0.580000
vt 1.005000 0.580000
vt 0.996326 0.570338
vt 0.991904 0.570338
vt 0.990412 0.580000
vt 0.995338 0.580000
vt -0.139003 0.570338
vt -0.135000 0.570338
vt -0.135000 0.580000
vt -0.139460 0.580000
vt -0.135000 0.570338
vt -0.130997 0.570338
vt -0.130540 0.580000
vt -0.135000 0.580000
vt 0.991904 0.570338
vt 0.996326 0.570338
vt 0.995338 0.580000
vt 0.990412 0.580000
vt 0.996326 0.570338
vt 1.005000 0.570338
vt 1.005000 0.580000
vt 0.995338 0.580000
vt 1.005000 0.580000
vt 1.014662 0.580000
vt 1.013674 0.589662
vt 1.005000 0.589662
vt 1.014662 0.580000
vt 1.019588 0.580000
vt 1.018096 0.589662
vt 1.013674 0.589662
vt -0.130540 0.580000
vt -0.135000 0.580000
vt -0.135000 0.589662
vt -0.130997 0.589662
vt -0.135000 0.580000
vt -0.139460 0.580000
vt -0.139003 0.589662
vt -0.135000 0.589662
vt 1.019588 0.580000
vt 1.014662 0.580000
vt 1.013674 0.589662
vt 1.018096 0.589662
vt 1.014662 0.580000
vt 1.005000 0.580000
vt 1.005000 0.589662
vt 1.013674 0.589662
vt 1.005000 0.580000
vt 0.995338 0.580000
vt 0.996326 0.589662
vt 1.005000 0.589662
vt 0.995338 0.580000
vt 0.990412 0.580000
vt 0.991904 0.589662
vt 0.996326 0.589662
vt -0.139460 0.580000
vt -0.135000 0.580000
vt -0.135000 0.589662
vt -0.139003 0.589662
vt -0.135000 0.580000
vt -0.130540 0.580000
vt -0.130997 0.589662
vt -0.135000 0.589662
vt 0.990412 0.580000
vt 0.995338 0.580000
vt 0.996326 0.589662
vt 0.991904 0.589662
vt 0.995338 0.580000
vt 1.005000 0.580000
vt 1.005000 0.589662
vt 0.996326 0.589662
vt 1.005000 0.589662
vt 1.013674 0.589662
vt 1.010745 0.594588
vt 1.005000 0.594588
vt 1.013674 0.589662
vt 1.018096 0.589662
vt 1.013674 0.594588
vt 1.010745 0.594588
vt -0.130997 1.018096
vt -0.135000 1.019588
vt -0.135000 1.014662
vt -0.132348 1.013674
vt -0.135000 0.589662
vt -0.139003 0.589662
vt -0.137652 0.594588
vt -0.135000 0.594588
vt 1.018096 0.589662
vt 1.013674 0.589662
vt 1.010745 0.594588
vt 1.013674 0.594588
vt 1.013674 0.589662
vt 1.005000 0.589662
vt 1.005000 0.594588
vt 1.010745 0.594588
vt 1.005000 0.589662
vt 0.996326 0.589662
vt 0.999255 0.594588
vt 1.005000 0.594588
vt 0.996326 0.589662
vt 0.991904 0.589662
vt 0.996326 0.594588
vt 0.999255 0.594588
vt -0.139003 0.991904
vt -0.135000 0.990412
vt -0.135000 0.995338
vt -0.137652 0.996326
vt -0.135000 0.589662
vt -0.130997 0.589662
vt -0.132348 0.594588
vt -0.135000 0.594588
vt 0.991904 0.589662
vt 0.996326 0.589662
vt 0.999255 0.594588
vt 0.996326 0.594588
vt 0.996326 0.589662
vt 1.005000 0.589662
vt 1.005000 0.594588
vt 0.999255 0.594588
vt -0.130540 1.005000
vt -0.130997 1.010745
vt -0.135000 1.005000
vt -0.135000 1.005000
vt -0.130997 1.010745
vt -0.132348 1.013674
vt -0.135000 1.005000
vt -0.135000 1.005000
vt -0.132348 1.013674
vt -0.135000 1.014662
vt -0.135000 1.005000
vt -0.135000 1.005000
vt -0.135000 1.014662
vt -0.137652 1.013674
vt -0.135000 1.005000
vt -0.135000 1.005000
vt -0.137652 1.013674
vt -0.139003 1.010745
vt -0.135000 1.005000
vt -0.135000 1.005000
vt -0.139003 1.010745
vt -0.139460 1.005000
vt -0.135000 1.005000
vt -0.135000 1.005000
vt -0.139460 1.005000
vt -0.139003 0.999255
vt -0.135000 1.005000
vt -0.135000 1.005000
vt -0.139003 0.999255
vt -0.137652 0.996326
vt -0.135000 1.005000
vt -0.135000 1.005000
vt -0.137652 0.996326
vt -0.135000 0.995338
vt -0.135000 1.005000
vt -0.135000 1.005000
vt -0.135000 0.995338
vt -0.132348 0.996326
vt -0.135000 1.005000
vt -0.135000 1.005000
vt -0.132348 0.996326
vt -0.130997 0.999255
vt -0.135000 1.005000
vt -0.135000 1.005000
vt -0.130997 0.999255
vt -0.130540 1.005000
vt -0.135000 1.005000
vt -0.135000 1.005000
vt 0.135000 -0.200000
vt 0.135000 -0.200000
vt 0.139003 -0.194255
vt 0.139460 -0.200000
vt 0.135000 -0.200000
vt 0.135000 -0.200000
vt 0.137652 -0.191326
vt 0.139003 -0.194255
vt 0.135000 -0.200000
vt 0.135000 -0.200000
vt 0.135000 -0.190338
vt 0.137652 -0.191326
vt 0.135000 -0.200000
vt 0.135000 -0.200000
vt 0.132348 -0.191326
vt 0.135000 -0.190338
vt 0.135000 -0.200000
vt 0.135000 -0.200000
vt 0.130997 -0.194255
vt 0.132348 -0.191326
vt 0.135000 -0.200000
vt 0.135000 -0.200000
vt 0.130540 -0.200000
vt 0.130997 -0.194255
vt 0.135000 -0.200000
vt 0.135000 -0.200000
vt 0.130997 -0.205745
vt 0.130540 -0.200000
vt 0.135000 -0.200000
vt 0.135000 -0.200000
vt 0.132348 -0.208674
vt 0.130997 -0.205745
vt 0.135000 -0.200000
vt 0.135000 -0.200000
vt 0.135000 -0.209662
vt 0.132348 -0.208674
vt 0.135000 -0.200000
vt 0.135000 -0.200000
vt 0.137652 -0.208674
vt 0.135000 -0.209662
vt 0.135000 -0.200000
vt 0.135000 -0.200000
vt 0.139003 -0.205745
vt 0.137652 -0.208674
vt 0.135000 -0.200000
vt 0.135000 -0.200000
vt 0.139460 -0.200000
vt 0.139003 -0.205745
vt -0.200000 0.285412
vt -0.194255 0.285412
vt -0.191326 0.290338
vt -0.200000 0.290338
vt -0.194255 0.285412
vt -0.191326 0.285412
vt -0.186904 0.290338
vt -0.191326 0.290338
vt 0.137652 -0.191326
vt 0.135000 -0.190338
vt 0.135000 -0.185412
vt 0.139003 -0.186904
vt 0.135000 0.285412
vt 0.132348 0.285412
vt 0.130997 0.290338
vt 0.135000 0.290338
vt -0.191326 0.285412
vt -0.194255 0.285412
vt -0.191326 0.290338
vt -0.186904 0.290338
vt -0.194255 0.285412
vt -0.200000 0.285412
vt -0.200000 0.290338
vt -0.191326 0.290338
vt -0.200000 0.285412
vt -0.205745 0.285412
vt -0.208674 0.290338
vt -0.200000 0.290338
vt -0.205745 0.285412
vt -0.208674 0.285412
vt -0.213096 0.290338
vt -0.208674 0.290338
vt 0.132348 -0.208674
vt 0.135000 -0.209662
vt 0.135000 -0.214588
vt 0.130997 -0.213096
vt 0.135000 0.285412
vt 0.137652 0.285412
vt 0.139003 0.290338
vt 0.135000 0.290338
vt -0.208674 0.285412
vt -0.205745 0.285412
vt -0.208674 0.290338
vt -0.213096 0.290338
vt -0.205745 0.285412
vt -0.200000 0.285412
vt -0.200000 0.290338
vt -0.208674 0.290338
vt -0.200000 0.290338
vt -0.191326 0.290338
vt -0.190338 0.300000
vt -0.200000 0.300000
vt -0.191326 0.290338
vt -0.186904 0.290338
vt -0.185412 0.300000
vt -0.190338 0.300000
vt 0.139003 0.290338
vt 0.135000 0.290338
vt 0.135000 0.300000
vt 0.139460 0.300000
vt 0.135000 0.290338
vt 0.130997 0.290338
vt 0.130540 0.300000
vt 0.135000 0.300000
vt -0.186904 0.290338
vt -0.191326 0.290338
vt -0.190338 0.300000
vt -0.185412 0.300000
vt -0.191326 0.290338
vt -0.200000 0.290338
vt -0.200000 0.300000
vt -0.190338 0.300000
vt -0.200000 0.290338
vt -0.208674 0.290338
vt -0.209662 0.300000
vt -0.200000 0.300000
vt -0.208674 0.290338
vt -0.213096 0.290338
vt -0.214588 0.300000
vt -0.209662 0.300000
vt 0.130997 0.290338
vt 0.135000 0.290338
vt 0.135000 0.300000
vt 0.130540 0.300000
vt 0.135000 0.290338
vt 0.139003 0.290338
vt 0.139460 0.300000
vt 0.135000 0.300000
vt -0.213096 0.290338
vt -0.208674 0.290338
vt -0.209662 0.300000
vt -0.214588 0.300000
vt -0.208674 0.290338
vt -0.200000 0.290338
vt -0.200000 0.300000
vt -0.209662 0.300000
vt -0.200000 0.300000
vt -0.190338 0.300000
vt -0.191326 0.309662
vt -0.200000 0.309662
vt -0.190338 0.300000
vt -0.185412 0.300000
vt -0.186904 0.309662
vt -0.191326 0.309662
vt 0.139460 0.300000
vt 0.135000 0.300000
vt 0.135000 0.309662
vt 0.139003 0.309662
vt 0.135000 0.300000
vt 0.130540 0.300000
vt 0.130997 0.309662
vt 0.135000 0.309662
vt -0.185412 0.300000
vt -0.190338 0.300000
vt -0.191326 0.309662
vt -0.186904 0.309662
vt -0.190338 0.300000
vt -0.200000 0.300000
vt -0.200000 0.309662
vt -0.191326 0.309662
vt -0.200000 0.300000
vt -0.209662 0.300000
vt -0.208674 0.309662
vt -0.200000 0.309662
vt -0.209662 0.300000
vt -0.214588 0.300000
vt -0.213096 0.309662
vt -0.208674 0.309662
vt 0.130540 0.300000
vt 0.135000 0.300000
vt 0.135000 0.309662
vt 0.130997 0.309662
vt 0.135000 0.300000
vt 0.139460 0.300000
vt 0.139003 0.309662
vt 0.135000 0.309662
vt -0.214588 0.300000
vt -0.209662 0.300000
vt -0.208674 0.309662
vt -0.213096 0.309662
vt -0.209662 0.300000
vt -0.200000 0.300000
vt -0.200000 0.309662
vt -0.208674 0.309662
vt -0.200000 0.309662
vt -0.191326 0.309662
vt -0.194255 0.314588
vt -0.200000 0.314588
vt -0.191326 0.309662
vt -0.186904 0.309662
vt -0.191326 0.314588
vt -0.194255 0.314588
vt 0.139003 -0.186904
vt 0.135000 -0.185412
vt 0.135000 -0.190338
vt 0.137652 -0.191326
vt 0.135000 0.309662
vt 0.130997 0.309662
vt 0.132348 0.314588
vt 0.135000 0.314588
vt -0.186904 0.309662
vt -0.191326 0.309662
vt -0.194255 0.314588
vt -0.191326 0.314588
vt -0.191326 0.309662
vt -0.200000 0.309662
vt -0.200000 0.314588
vt -0.194255 0.314588
vt -0.200000 0.309662
vt -0.208674 0.309662
vt -0.205745 0.314588
vt -0.200000 0.314588
vt -0.208674 0.309662
vt -0.213096 0.309662
vt -0.208674 0.314588
vt -0.205745 0.314588
vt 0.130997 -0.213096
vt 0.135000 -0.214588
vt 0.135000 -0.209662
vt 0.132348 -0.208674
vt 0.135000 0.309662
vt 0.139003 0.309662
vt 0.137652 0.314588
vt 0.135000 0.314588
vt -0.213096 0.309662
vt -0.208674 0.309662
vt -0.205745 0.314588
vt -0.208674 0.314588
vt -0.208674 0.309662
vt -0.200000 0.309662
vt -0.200000 0.314588
vt -0.205745 0.314588
vt 0.139460 -0.200000
vt 0.139003 -0.194255
vt 0.135000 -0.200000
vt 0.135000 -0.200000
vt 0.139003 -0.194255
vt 0.137652 -0.191326
vt 0.135000 -0.200000
vt 0.135000 -0.200000
vt 0.137652 -0.191326
vt 0.135000 -0.190338
vt 0.135000 -0.200000
vt 0.135000 -0.200000
vt 0.135000 -0.190338
vt 0.132348 -0.191326
vt 0.135000 -0.200000
vt 0.135000 -0.200000
vt 0.132348 -0.191326
vt 0.130997 -0.194255
vt 0.135000 -0.200000
vt 0.135000 -0.200000
vt 0.130997 -0.194255
vt 0.130540 -0.200000
vt 0.135000 -0.200000
vt 0.135000 -0.200000
vt 0.130540 -0.200000
vt 0.130997 -0.205745
vt 0.135000 -0.200000
vt 0.135000 -0.200000
vt 0.130997 -0.205745
vt 0.132348 -0.208674
vt 0.135000 -0.200000
vt 0.135000 -0.200000
vt 0.132348 -0.208674
vt 0.135000 -0.209662
vt 0.135000 -0.200000
vt 0.135000 -0.200000
vt 0.135000 -0.209662
vt 0.137652 -0.208674
vt 0.135000 -0.200000
vt 0.135000 -0.200000
vt 0.137652 -0.208674
vt 0.139003 -0.205745
vt 0.135000 -0.200000
vt 0.135000 -0.200000
vt 0.139003 -0.205745
vt 0.139460 -0.200000
vt 0.135000 -0.200000
vt 0.135000 -0.200000
vt 0.135000 0.300000
vt 0.135000 0.300000
vt 0.139003 0.305745
vt 0.139460 0.300000
vt 0.135000 0.300000
vt 0.135000 0.300000
vt 0.137652 0.308674
vt 0.139003 0.305745
vt 0.135000 0.300000
vt 0.135000 0.300000
vt 0.135000 0.309662
vt 0.137652 0.308674
vt 0.135000 0.300000
vt 0.135000 0.300000
vt 0.132348 0.308674
vt 0.135000 0.309662
vt 0.135000 0.300000
vt 0.135000 0.300000
vt 0.130997 0.305745
vt 0.132348 0.308674
vt 0.135000 0.300000
vt 0.135000 0.300000
vt 0.130540 0.300000
vt 0.130997 0.305745
vt 0.135000 0.300000
vt 0.135000 0.300000
vt 0.130997 0.294255
vt 0.130540 0.300000
vt 0.135000 0.300000
vt 0.135000 0.300000
vt 0.132348 0.291326
vt 0.130997 0.294255
vt 0.135000 0.300000
vt 0.135000 0.300000
vt 0.135000 0.290338
vt 0.132348 0.291326
vt 0.135000 0.300000
vt 0.135000 0.300000
vt 0.137652 0.291326
vt 0.135000 0.290338
vt 0.135000 0.300000
vt 0.135000 0.300000
vt 0.139003 0.294255
vt 0.137652 0.291326
vt 0.135000 0.300000
vt 0.135000 0.300000
vt 0.139460 0.300000
vt 0.139003 0.294255
vt 0.300000 0.185412
vt 0.305745 0.185412
vt 0.308674 0.190338
vt 0.300000 0.190338
vt 0.305745 0.185412
vt 0.308674 0.185412
vt 0.313096 0.190338
vt 0.308674 0.190338
vt 0.137652 0.308674
vt 0.135000 0.309662
vt 0.135000 0.314588
vt 0.139003 0.313096
vt 0.135000 0.185412
vt 0.132348 0.185412
vt 0.130997 0.190338
vt 0.135000 0.190338
vt 0.308674 0.185412
vt 0.305745 0.185412
vt 0.308674 0.190338
vt 0.313096 0.190338
vt 0.305745 0.185412
vt 0.300000 0.185412
vt 0.300000 0.190338
vt 0.308674 0.190338
vt 0.300000 0.185412
vt 0.294255 0.185412
vt 0.291326 0.190338
vt 0.300000 0.190338
vt 0.294255 0.185412
vt 0.291326 0.185412
vt 0.286904 0.190338
vt 0.291326 0.190338
vt 0.132348 0.291326
vt 0.135000 0.290338
vt 0.135000 0.285412
vt 0.130997 0.286904
vt 0.135000 0.185412
vt 0.137652 0.185412
vt 0.139003 0.190338
vt 0.135000 0.190338
vt 0.291326 0.185412
vt 0.294255 0.185412
vt 0.291326 0.190338
vt 0.286904 0.190338
vt 0.294255 0.185412
vt 0.300000 0.185412
vt 0.300000 0.190338
vt 0.291326 0.190338
vt 0.300000 0.190338
vt 0.308674 0.190338
vt 0.309662 0.200000
vt 0.300000 0.200000
vt 0.308674 0.190338
vt 0.313096 0.190338
vt 0.314588 0.200000
vt 0.309662 0.200000
vt 0.139003 0.190338
vt 0.135000 0.190338
vt 0.135000 0.200000
vt 0.139460 0.200000
vt 0.135000 0.190338
vt 0.130997 0.190338
vt 0.130540 0.200000
vt 0.135000 0.200000
vt 0.313096 0.190338
vt 0.308674 0.190338
vt 0.309662 0.200000
vt 0.314588 0.200000
vt 0.308674 0.190338
vt 0.300000 0.190338
vt 0.300000 0.200000
vt 0.309662 0.200000
vt 0.300000 0.190338
vt 0.291326 0.190338
vt 0.290338 0.200000
vt 0.300000 0.200000
vt 0.291326 0.190338
vt 0.286904 0.190338
vt 0.285412 0.200000
vt 0.290338 0.200000
vt 0.130997 0.190338
vt 0.135000 0.190338
vt 0.135000 0.200000
vt 0.130540 0.200000
vt 0.135000 0.190338
vt 0.139003 0.190338
vt 0.139460 0.200000
vt 0.135000 0.200000
vt 0.286904 0.190338
vt 0.291326 0.190338
vt 0.290338 0.200000
vt 0.285412 0.200000
vt 0.291326 0.190338
vt 0.300000 0.190338
vt 0.300000 0.200000
vt 0.290338 0.200000
vt 0.300000 0.200000
vt 0.309662 0.200000
vt 0.308674 0.209662
vt 0.300000 0.209662
vt 0.309662 0.200000
vt 0.314588 0.200000
vt 0.313096 0.209662
vt 0.308674 0.209662
vt 0.139460 0.200000
vt 0.135000 0.200000
vt 0.135000 0.209662
vt 0.139003 0.209662
vt 0.135000 0.200000
vt 0.130540 0.200000
vt 0.130997 0.209662
vt 0.135000 0.209662
vt 0.314588 0.200000
vt 0.309662 0.200000
vt 0.308674 0.209662
vt 0.313096 0.209662
vt 0.309662 0.200000
vt 0.300000 0.200000
vt 0.300000 0.209662
vt 0.308674 0.209662
vt 0.300000 0.200000
vt 0.290338 0.200000
vt 0.291326 0.209662
vt 0.300000 0.209662
vt 0.290338 0.200000
vt 0.285412 0.200000
vt 0.286904 0.209662
vt 0.291326 0.209662
vt 0.130540 0.200000
vt 0.135000 0.200000
vt 0.135000 0.209662
vt 0.130997 0.209662
vt 0.135000 0.200000
vt 0.139460 0.200000
vt 0.139003 0.209662
vt 0.135000 0.209662
vt 0.285412 0.200000
vt 0.290338 0.200000
vt 0.291326 0.209662
vt 0.286904 0.209662
vt 0.290338 0.200000
vt 0.300000 0.200000
vt 0.300000 0.209662
vt 0.291326 0.209662
vt 0.300000 0.209662
vt 0.308674 0.209662
vt 0.305745 0.214588
vt 0.300000 0.214588
vt 0.308674 0.209662
vt 0.313096 0.209662
vt 0.308674 0.214588
vt 0.305745 0.214588
vt 0.139003 0.313096
vt 0.135000 0.314588
vt 0.135000 0.309662
vt 0.137652 0.308674
vt 0.135000 0.209662
vt 0.130997 0.209662
vt 0.132348 0.214588
vt 0.135000 0.214588
vt 0.313096 0.209662
vt 0.308674 0.209662
vt 0.305745 0.214588
vt 0.308674 0.214588
vt 0.308674 0.209662
vt 0.300000 0.209662
vt 0.300000 0.214588
vt 0.305745 0.214588
vt 0.300000 0.209662
vt 0.291326 0.209662
vt 0.294255 0.214588
vt 0.300000 0.214588
vt 0.291326 0.209662
vt 0.286904 0.209662
vt 0.291326 0.214588
vt 0.294255 0.214588
vt 0.130997 0.286904
vt 0.135000 0.285412
vt 0.135000 0.290338
vt 0.132348 0.291326
vt 0.135000 0.209662
vt 0.139003 0.209662
vt 0.137652 0.214588
vt 0.135000 0.214588
vt 0.286904 0.209662
vt 0.291326 0.209662
vt 0.294255 0.214588
vt 0.291326 0.214588
vt 0.291326 0.209662
vt 0.300000 0.209662
vt 0.300000 0.214588
vt 0.294255 0.214588
vt 0.139460 0.300000
vt 0.139003 0.305745
vt 0.135000 0.300000
vt 0.135000 0.300000
vt 0.139003 0.305745
vt 0.137652 0.308674
vt 0.135000 0.300000
vt 0.135000 0.300000
vt 0.137652 0.308674
vt 0.135000 0.309662
vt 0.135000 0.300000
vt 0.135000 0.300000
vt 0.135000 0.309662
vt 0.132348 0.308674
vt 0.135000 0.300000
vt 0.135000 0.300000
vt 0.132348 0.308674
vt 0.130997 0.305745
vt 0.135000 0.300000
vt 0.135000 0.300000
vt 0.130997 0.305745
vt 0.130540 0.300000
vt 0.135000 0.300000
vt 0.135000 0.300000
vt 0.130540 0.300000
vt 0.130997 0.294255
vt 0.135000 0.300000
vt 0.135000 0.300000
vt 0.130997 0.294255
vt 0.132348 0.291326
vt 0.135000 0.300000
vt 0.135000 0.300000
vt 0.132348 0.291326
vt 0.135000 0.290338
vt 0.135000 0.300000
vt 0.135000 0.300000
vt 0.135000 0.290338
vt 0.137652 0.291326
vt 0.135000 0.300000
vt 0.135000 0.300000
vt 0.137652 0.291326
vt 0.139003 0.294255
vt 0.135000 0.300000
vt 0.135000 0.300000
vt 0.139003 0.294255
vt 0.139460 0.300000
vt 0.135000 0.300000
vt 0.135000 0.300000
vt 0.135000 0.900000
vt 0.135000 0.900000
vt 0.139003 0.905745
vt 0.139460 0.900000
vt 0.135000 0.900000
vt 0.135000 0.900000
vt 0.137652 0.908674
vt 0.139003 0.905745
vt 0.135000 0.900000
vt 0.135000 0.900000
vt 0.135000 0.909662
vt 0.137652 0.908674
vt 0.135000 0.900000
vt 0.135000 0.900000
vt 0.132348 0.908674
vt 0.135000 0.909662
vt 0.135000 0.900000
vt 0.135000 0.900000
vt 0.130997 0.905745
vt 0.132348 0.908674
vt 0.135000 0.900000
vt 0.135000 0.900000
vt 0.130540 0.900000
vt 0.130997 0.905745
vt 0.135000 0.900000
vt 0.135000 0.900000
vt 0.130997 0.894255
vt 0.130540 0.900000
vt 0.135000 0.900000
vt 0.135000 0.900000
vt 0.132348 0.891326
vt 0.130997 0.894255
vt 0.135000 0.900000
vt 0.135000 0.900000
vt 0.135000 0.890338
vt 0.132348 0.891326
vt 0.135000 0.900000
vt 0.135000 0.900000
vt 0.137652 0.891326
vt 0.135000 0.890338
vt 0.135000 0.900000
vt 0.135000 0.900000
vt 0.139003 0.894255
vt 0.137652 0.891326
vt 0.135000 0.900000
vt 0.135000 0.900000
vt 0.139460 0.900000
vt 0.139003 0.894255
vt 0.900000 0.535412
vt 0.905745 0.535412
vt 0.908674 0.540338
vt 0.900000 0.540338
vt 0.905745 0.535412
vt 0.908674 0.535412
vt 0.913096 0.540338
vt 0.908674 0.540338
vt 0.137652 0.908674
vt 0.135000 0.909662
vt 0.135000 0.914588
vt 0.139003 0.913096
vt 0.135000 0.535412
vt 0.132348 0.535412
vt 0.130997 0.540338
vt 0.135000 0.540338
vt 0.908674 0.535412
vt 0.905745 0.535412
vt 0.908674 0.540338
vt 0.913096 0.540338
vt 0.905745 0.535412
vt 0.900000 0.535412
vt 0.900000 0.540338
vt 0.908674 0.540338
vt 0.900000 0.535412
vt 0.894255 0.535412
vt 0.891326 0.540338
vt 0.900000 0.540338
vt 0.894255 0.535412
vt 0.891326 0.535412
vt 0.886904 0.540338
vt 0.891326 0.540338
vt 0.132348 0.891326
vt 0.135000 0.890338
vt 0.135000 0.885412
vt 0.130997 0.886904
vt 0.135000 0.535412
vt 0.137652 0.535412
vt 0.139003 0.540338
vt 0.135000 0.540338
vt 0.891326 0.535412
vt 0.894255 0.535412
vt 0.891326 0.540338
vt 0.886904 0.540338
vt 0.894255 0.535412
vt 0.900000 0.535412
vt 0.900000 0.540338
vt 0.891326 0.540338
vt 0.900000 0.540338
vt 0.908674 0.540338
vt 0.909662 0.550000
vt 0.900000 0.550000
vt 0.908674 0.540338
vt 0.913096 0.540338
vt 0.914588 0.550000
vt 0.909662 0.550000
vt 0.139003 0.540338
vt 0.135000 0.540338
vt 0.135000 0.550000
vt 0.139460 0.550000
vt 0.135000 0.540338
vt 0.130997 0.540338
vt 0.130540 0.550000
vt 0.135000 0.550000
vt 0.913096 0.540338
vt 0.908674 0.540338
vt 0.909662 0.550000
vt 0.914588 0.550000
vt 0.908674 0.540338
vt 0.900000 0.540338
vt 0.900000 0.550000
vt 0.909662 0.550000
vt 0.900000 0.540338
vt 0.891326 0.540338
vt 0.890338 0.550000
vt 0.900000 0.550000
vt 0.891326 0.540338
vt 0.886904 0.540338
vt 0.885412 0.550000
vt 0.890338 0.550000
vt 0.130997 0.540338
vt 0.135000 0.540338
vt 0.135000 0.550000
vt 0.130540 0.550000
vt 0.135000 0.540338
vt 0.139003 0.540338
vt 0.139460 0.550000
vt 0.135000 0.550000
vt 0.886904 0.540338
vt 0.891326 0.540338
vt 0.890338 0.550000
vt 0.885412 0.550000
vt 0.891326 0.540338
vt 0.900000 0.540338
vt 0.900000 0.550000
vt 0.890338 0.550000
vt 0.900000 0.550000
vt 0.909662 0.550000
vt 0.908674 0.559662
vt 0.900000 0.559662
vt 0.909662 0.550000
vt 0.914588 0.550000
vt 0.913096 0.559662
vt 0.908674 0.559662
vt 0.139460 0.550000
vt 0.135000 0.550000
vt 0.135000 0.559662
vt 0.139003 0.559662
vt 0.135000 0.550000
vt 0.130540 0.550000
vt 0.130997 0.559662
vt 0.135000 0.559662
vt 0.914588 0.550000
vt 0.909662 0.550000
vt 0.908674 0.559662
vt 0.913096 0.559662
vt 0.909662 0.550000
vt 0.900000 0.550000
vt 0.900000 0.559662
vt 0.908674 0.559662
vt 0.900000 0.550000
vt 0.890338 0.550000
vt 0.891326 0.559662
vt 0.900000 0.559662
vt 0.890338 0.550000
vt 0.885412 0.550000
vt 0.886904 0.559662
vt 0.891326 0.559662
vt 0.130540 0.550000
vt 0.135000 0.550000
vt 0.135000 0.559662
vt 0.130997 0.559662
vt 0.135000 0.550000
vt 0.139460 0.550000
vt 0.139003 0.559662
vt 0.135000 0.559662
vt 0.885412 0.550000
vt 0.890338 0.550000
vt 0.891326 0.559662
vt 0.886904 0.559662
vt 0.890338 0.550000
vt 0.900000 0.550000
vt 0.900000 0.559662
vt 0.891326 0.559662
vt 0.900000 0.559662
vt 0.908674 0.559662
vt 0.905745 0.564588
vt 0.900000 0.564588
vt 0.908674 0.559662
vt 0.913096 0.559662
vt 0.908674 0.564588
vt 0.905745 0.564588
vt 0.139003 0.913096
vt 0.135000 0.914588
vt 0.135000 0.909662
vt 0.137652 0.908674
vt 0.135000 0.559662
vt 0.130997 0.559662
vt 0.132348 0.564588
vt 0.135000 0.564588
vt 0.913096 0.559662
vt 0.908674 0.559662
vt 0.905745 0.564588
vt 0.908674 0.564588
vt 0.908674 0.559662
vt 0.900000 0.559662
vt 0.900000 0.564588
vt 0.905745 0.564588
vt 0.900000 0.559662
vt 0.891326 0.559662
vt 0.894255 0.564588
vt 0.900000 0.564588
vt 0.891326 0.559662
vt 0.886904 0.559662
vt 0.891326 0.564588
vt 0.894255 0.564588
vt 0.130997 0.886904
vt 0.135000 0.885412
vt 0.135000 0.890338
vt 0.132348 0.891326
vt 0.135000 0.559662
vt 0.139003 0.559662
vt 0.137652 0.564588
vt 0.135000 0.564588
vt 0.886904 0.559662
vt 0.891326 0.559662
vt 0.894255 0.564588
vt 0.891326 0.564588
vt 0.891326 0.559662
vt 0.900000 0.559662
vt 0.900000 0.564588
vt 0.894255 0.564588
vt 0.139460 0.900000
vt 0.139003 0.905745
vt 0.135000 0.900000
vt 0.135000 0.900000
vt 0.139003 0.905745
vt 0.137652 0.908674
vt 0.135000 0.900000
vt 0.135000 0.900000
vt 0.137652 0.908674
vt 0.135000 0.909662
vt 0.135000 0.900000
vt 0.135000 0.900000
vt 0.135000 0.909662
vt 0.132348 0.908674
vt 0.135000 0.900000
vt 0.135000 0.900000
vt 0.132348 0.908674
vt 0.130997 0.905745
vt 0.135000 0.900000
vt 0.135000 0.900000
vt 0.130997 0.905745
vt 0.130540 0.900000
vt 0.135000 0.900000
vt 0.135000 0.900000
vt 0.130540 0.900000
vt 0.130997 0.894255
vt 0.135000 0.900000
vt 0.135000 0.900000
vt 0.130997 0.894255
vt 0.132348 0.891326
vt 0.135000 0.900000
vt 0.135000 0.900000
vt 0.132348 0.891326
vt 0.135000 0.890338
vt 0.135000 0.900000
vt 0.135000 0.900000
vt 0.135000 0.890338
vt 0.137652 0.891326
vt 0.135000 0.900000
vt 0.135000 0.900000
vt 0.137652 0.891326
vt 0.139003 0.894255
vt 0.135000 0.900000
vt 0.135000 0.900000
vt 0.139003 0.894255
vt 0.139460 0.900000
vt 0.135000 0.900000
vt 0.135000 0.900000
vt 0.135000 1.005000
vt 0.135000 1.005000
vt 0.139003 1.010745
vt 0.139460 1.005000
vt 0.135000 1.005000
vt 0.135000 1.005000
vt 0.137652 1.013674
vt 0.139003 1.010745
vt 0.135000 1.005000
vt 0.135000 1.005000
vt 0.135000 1.014662
vt 0.137652 1.013674
vt 0.135000 1.005000
vt 0.135000 1.005000
vt 0.132348 1.013674
vt 0.135000 1.014662
vt 0.135000 1.005000
vt 0.135000 1.005000
vt 0.130997 1.010745
vt 0.132348 1.013674
vt 0.135000 1.005000
vt 0.135000 1.005000
vt 0.130540 1.005000
vt 0.130997 1.010745
vt 0.135000 1.005000
vt 0.135000 1.005000
vt 0.130997 0.999255
vt 0.130540 1.005000
vt 0.135000 1.005000
vt 0.135000 1.005000
vt 0.132348 0.996326
vt 0.130997 0.999255
vt 0.135000 1.005000
vt 0.135000 1.005000
vt 0.135000 0.995338
vt 0.132348 0.996326
vt 0.135000 1.005000
vt 0.135000 1.005000
vt 0.137652 0.996326
vt 0.135000 0.995338
vt 0.135000 1.005000
vt 0.135000 1.005000
vt 0.139003 0.999255
vt 0.137652 0.996326
vt 0.135000 1.005000
vt 0.135000 1.005000
vt 0.139460 1.005000
vt 0.139003 0.999255
vt 1.005000 0.410412
vt 1.010745 0.410412
vt 1.013674 0.415338
vt 1.005000 0.415338
vt 1.010745 0.410412
vt 1.013674 0.410412
vt 1.018096 0.415338
vt 1.013674 0.415338
vt 0.137652 1.013674
vt 0.135000 1.014662
vt 0.135000 1.019588
vt 0.139003 1.018096
vt 0.135000 0.410412
vt 0.132348 0.410412
vt 0.130997 0.415338
vt 0.135000 0.415338
vt 1.013674 0.410412
vt 1.010745 0.410412
vt 1.013674 0.415338
vt 1.018096 0.415338
vt 1.010745 0.410412
vt 1.005000 0.410412
vt 1.005000 0.415338
vt 1.013674 0.415338
vt 1.005000 0.410412
vt 0.999255 0.410412
vt 0.996326 0.415338
vt 1.005000 0.415338
vt 0.999255 0.410412
vt 0.996326 0.410412
vt 0.991904 0.415338
vt 0.996326 0.415338
vt 0.132348 0.996326
vt 0.135000 0.995338
vt 0.135000 0.990412
vt 0.130997 0.991904
vt 0.135000 0.410412
vt 0.137652 0.410412
vt 0.139003 0.415338
vt 0.135000 0.415338
vt 0.996326 0.410412
vt 0.999255 0.410412
vt 0.996326 0.415338
vt 0.991904 0.415338
vt 0.999255 0.410412
vt 1.005000 0.410412
vt 1.005000 0.415338
vt 0.996326 0.415338
vt 1.005000 0.415338
vt 1.013674 0.415338
vt 1.014662 0.425000
vt 1.005000 0.425000
vt 1.013674 0.415338
vt 1.018096 0.415338
vt 1.019588 0.425000
vt 1.014662 0.425000
vt 0.139003 0.415338
vt 0.135000 0.415338
vt 0.135000 0.425000
vt 0.139460 0.425000
vt 0.135000 0.415338
vt 0.130997 0.415338
vt 0.130540 0.425000
vt 0.135000 0.425000
vt 1.018096 0.415338
vt 1.013674 0.415338
vt 1.014662 0.425000
vt 1.019588 0.425000
vt 1.013674 0.415338
vt 1.005000 0.415338
vt 1.005000 0.425000
vt 1.014662 0.425000
vt 1.005000 0.415338
vt 0.996326 0.415338
vt 0.995338 0.425000
vt 1.005000 0.425000
vt 0.996326 0.415338
vt 0.991904 0.415338
vt 0.990412 0.425000
vt 0.995338 0.425000
vt 0.130997 0.415338
vt 0.135000 0.415338
vt 0.135000 0.425000
vt 0.130540 0.425000
vt 0.135000 0.415338
vt 0.139003 0.415338
vt 0.139460 0.425000
vt 0.135000 0.425000
vt 0.991904 0.415338
vt 0.996326 0.415338
vt 0.995338 0.425000
vt 0.990412 0.425000
vt 0.996326 0.415338
vt 1.005000 0.415338
vt 1.005000 0.425000
vt 0.995338 0.425000
vt 1.005000 0.425000
vt 1.014662 0.425000
vt 1.013674 0.434662
vt 1.005000 0.434662
vt 1.014662 0.425000
vt 1.019588 0.425000
vt 1.018096 0.434662
vt 1.013674 0.434662
vt 0.139460 0.425000
vt 0.135000 0.425000
vt 0.135000 0.434662
vt 0.139003 0.434662
vt 0.135000 0.425000
vt 0.130540 0.425000
vt 0.130997 0.434662
vt 0.135000 0.434662
vt 1.019588 0.425000
vt 1.014662 0.425000
vt 1.013674 0.434662
vt 1.018096 0.434662
vt 1.014662 0.425000
vt 1.005000 0.425000
vt 1.005000 0.434662
vt 1.013674 0.434662
vt 1.005000 0.425000
vt 0.995338 0.425000
vt 0.996326 0.434662
vt 1.005000 0.434662
vt 0.995338 0.425000
vt 0.990412 0.425000
vt 0.991904 0.434662
vt 0.996326 0.434662
vt 0.130540 0.425000
vt 0.135000 0.425000
vt 0.135000 0.434662
vt 0.130997 0.434662
vt 0.135000 0.425000
vt 0.139460 0.425000
vt 0.139003 0.434662
vt 0.135000 0.434662
vt 0.990412 0.425000
vt 0.995338 0.425000
vt 0.996326 0.434662
vt 0.991904 0.434662
vt 0.995338 0.425000
vt 1.005000 0.425000
vt 1.005000 0.434662
vt 0.996326 0.434662
vt 1.005000 0.434662
vt 1.013674 0.434662
vt 1.010745 0.439588
vt 1.005000 0.439588
vt 1.013674 0.434662
vt 1.018096 0.434662
vt 1.013674 0.439588
vt 1.010745 0.439588
vt 0.139003 1.018096
vt 0.135000 1.019588
vt 0.135000 1.014662
vt 0.137652 1.013674
vt 0.135000 0.434662
vt 0.130997 0.434662
vt 0.132348 0.439588
vt 0.135000 0.439588
vt 1.018096 0.434662
vt 1.013674 0.434662
vt 1.010745 0.439588
vt 1.013674 0.439588
vt 1.013674 0.434662
vt 1.005000 0.434662
vt 1.005000 0.439588
vt 1.010745 0.439588
vt 1.005000 0.434662
vt 0.996326 0.434662
vt 0.999255 0.439588
vt 1.005000 0.439588
vt 0.996326 0.434662
vt 0.991904 0.434662
vt 0.996326 0.439588
vt 0.999255 0.439588
vt 0.130997 0.991904
vt 0.135000 0.990412
vt 0.135000 0.995338
vt 0.132348 0.996326
vt 0.135000 0.434662
vt 0.139003 0.434662
vt 0.137652 0.439588
vt 0.135000 0.439588
vt 0.991904 0.434662
vt 0.996326 0.434662
vt 0.999255 0.439588
vt 0.996326 0.439588
vt 0.996326 0.434662
vt 1.005000 0.434662
vt 1.005000 0.439588
vt 0.999255 0.439588
vt 0.139460 1.005000
vt 0.139003 1.010745
vt 0.135000 1.005000
vt 0.135000 1.005000
vt 0.139003 1.010745
vt 0.137652 1.013674
vt 0.135000 1.005000
vt 0.135000 1.005000
vt 0.137652 1.013674
vt 0.135000 1.014662
vt 0.135000 1.005000
vt 0.135000 1.005000
vt 0.135000 1.014662
vt 0.132348 1.013674
vt 0.135000 1.005000
vt 0.135000 1.005000
vt 0.132348 1.013674
vt 0.130997 1.010745
vt 0.135000 1.005000
vt 0.135000 1.005000
vt 0.130997 1.010745
vt 0.130540 1.005000
vt 0.135000 1.005000
vt 0.135000 1.005000
vt 0.130540 1.005000
vt 0.130997 0.999255
vt 0.135000 1.005000
vt 0.135000 1.005000
vt 0.130997 0.999255
vt 0.132348 0.996326
vt 0.135000 1.005000
vt 0.135000 1.005000
vt 0.132348 0.996326
vt 0.135000 0.995338
vt 0.135000 1.005000
vt 0.135000 1.005000
vt 0.135000 0.995338
vt 0.137652 0.996326
vt 0.135000 1.005000
vt 0.135000 1.005000
vt 0.137652 0.996326
vt 0.139003 0.999255
vt 0.135000 1.005000
vt 0.135000 1.005000
vt 0.139003 0.999255
vt 0.139460 1.005000
vt 0.135000 1.005000
vt 0.135000 1.005000
vt 0.135000 1.005000
vt 0.135000 1.005000
vt 0.139003 1.010745
vt 0.139460 1.005000
vt 0.135000 1.005000
vt 0.135000 1.005000
vt 0.137652 1.013674
vt 0.139003 1.010745
vt 0.135000 1.005000
vt 0.135000 1.005000
vt 0.135000 1.014662
vt 0.137652 1.013674
vt 0.135000 1.005000
vt 0.135000 1.005000
vt 0.132348 1.013674
vt 0.135000 1.014662
vt 0.135000 1.005000
vt 0.135000 1.005000
vt 0.130997 1.010745
vt 0.132348 1.013674
vt 0.135000 1.005000
vt 0.135000 1.005000
vt 0.130540 1.005000
vt 0.130997 1.010745
vt 0.135000 1.005000
vt 0.135000 1.005000
vt 0.130997 0.999255
vt 0.130540 1.005000
vt 0.135000 1.005000
vt 0.135000 1.005000
vt 0.132348 0.996326
vt 0.130997 0.999255
vt 0.135000 1.005000
vt 0.135000 1.005000
vt 0.135000 0.995338
vt 0.132348 0.996326
vt 0.135000 1.005000
vt 0.135000 1.005000
vt 0.137652 0.996326
vt 0.135000 0.995338
vt 0.135000 1.005000
vt 0.135000 1.005000
vt 0.139003 0.999255
vt 0.137652 0.996326
vt 0.135000 1.005000
vt 0.135000 1.005000
vt 0.139460 1.005000
vt 0.139003 0.999255
vt 1.005000 0.565412
vt 1.010745 0.565412
vt 1.013674 0.570338
vt 1.005000 0.570338
vt 1.010745 0.565412
vt 1.013674 0.565412
vt 1.018096 0.570338
vt 1.013674 0.570338
vt 0.137652 1.013674
vt 0.135000 1.014662
vt 0.135000 1.019588
vt 0.139003 1.018096
vt 0.135000 0.565412
vt 0.132348 0.565412
vt 0.130997 0.570338
vt 0.135000 0.570338
vt 1.013674 0.565412
vt 1.010745 0.565412
vt 1.013674 0.570338
vt 1.018096 0.570338
vt 1.010745 0.565412
vt 1.005000 0.565412
vt 1.005000 0.570338
vt 1.013674 0.570338
vt 1.005000 0.565412
vt 0.999255 0.565412
vt 0.996326 0.570338
vt 1.005000 0.570338
vt 0.999255 0.565412
vt 0.996326 0.565412
vt 0.991904 0.570338
vt 0.996326 0.570338
vt 0.132348 0.996326
vt 0.135000 0.995338
vt 0.135000 0.990412
vt 0.130997 0.991904
vt 0.135000 0.565412
vt 0.137652 0.565412
vt 0.139003 0.570338
vt 0.135000 0.570338
vt 0.996326 0.565412
vt 0.999255 0.565412
vt 0.996326 0.570338
vt 0.991904 0.570338
vt 0.999255 0.565412
vt 1.005000 0.565412
vt 1.005000 0.570338
vt 0.996326 0.570338
vt 1.005000 0.570338
vt 1.013674 0.570338
vt 1.014662 0.580000
vt 1.005000 0.580000
vt 1.013674 0.570338
vt 1.018096 0.570338
vt 1.019588 0.580000
vt 1.014662 0.580000
vt 0.139003 0.570338
vt 0.135000 0.570338
vt 0.135000 0.580000
vt 0.139460 0.580000
vt 0.135000 0.570338
vt 0.130997 0.570338
vt 0.130540 0.580000
vt 0.135000 0.580000
vt 1.018096 0.570338
vt 1.013674 0.570338
vt 1.014662 0.580000
vt 1.019588 0.580000
vt 1.013674 0.570338
vt 1.005000 0.570338
vt 1.005000 0.580000
vt 1.014662 0.580000
vt 1.005000 0.570338
vt 0.996326 0.570338
vt 0.995338 0.580000
vt 1.005000 0.580000
vt 0.996326 0.570338
vt 0.991904 0.570338
vt 0.990412 0.580000
vt 0.995338 0.580000
vt 0.130997 0.570338
vt 0.135000 0.570338
vt 0.135000 0.580000
vt 0.130540 0.580000
vt 0.135000 0.570338
vt 0.139003 0.570338
vt 0.139460 0.580000
vt 0.135000 0.580000
vt 0.991904 0.570338
vt 0.996326 0.570338
vt 0.995338 0.580000
vt 0.990412 0.580000
vt 0.996326 0.570338
vt 1.005000 0.570338
vt 1.005000 0.580000
vt 0.995338 0.580000
vt 1.005000 0.580000
vt 1.014662 0.580000
vt 1.013674 0.589662
vt 1.005000 0.589662
vt 1.014662 0.580000
vt 1.019588 0.580000
vt 1.018096 0.589662
vt 1.013674 0.589662
vt 0.139460 0.580000
vt 0.135000 0.580000
vt 0.135000 0.589662
vt 0.139003 0.589662
vt 0.135000 0.580000
vt 0.130540 0.580000
vt 0.130997 0.589662
vt 0.135000 0.589662
vt 1.019588 0.580000
vt 1.014662 0.580000
vt 1.013674 0.589662
vt 1.018096 0.589662
vt 1.014662 0.580000
vt 1.005000 0.580000
vt 1.005000 0.589662
vt 1.013674 0.589662
vt 1.005000 0.580000
vt 0.995338 0.580000
vt 0.996326 0.589662
vt 1.005000 0.589662
vt 0.995338 0.580000
vt 0.990412 0.580000
vt 0.991904 0.589662
vt 0.996326 0.589662
vt 0.130540 0.580000
vt 0.135000 0.580000
vt 0.135000 0.589662
vt 0.130997 0.589662
vt 0.135000 0.580000
vt 0.139460 0.580000
vt 0.139003 0.589662
vt 0.135000 0.589662
vt 0.990412 0.580000
vt 0.995338 0.580000
vt 0.996326 0.589662
vt 0.991904 0.589662
vt 0.995338 0.580000
vt 1.005000 0.580000
vt 1.005000 0.589662
vt 0.996326 0.589662
vt 1.005000 0.589662
vt 1.013674 0.589662
vt 1.010745 0.594588
vt 1.005000 0.594588
vt 1.013674 0.589662
vt 1.018096 0.589662
vt 1.013674 0.594588
vt 1.010745 0.594588
vt 0.139003 1.018096
vt 0.135000 1.019588
vt 0.135000 1.014662
vt 0.137652 1.013674
vt 0.135000 0.589662
vt 0.130997 0.589662
vt 0.132348 0.594588
vt 0.135000 0.594588
vt 1.018096 0.589662
vt 1.013674 0.589662
vt 1.010745 0.594588
vt 1.013674 0.594588
vt 1.013674 0.589662
vt 1.005000 0.589662
vt 1.005000 0.594588
vt 1.010745 0.594588
vt 1.005000 0.589662
vt 0.996326 0.589662
vt 0.999255 0.594588
vt 1.005000 0.594588
vt 0.996326 0.589662
vt 0.991904 0.589662
vt 0.996326 0.594588
vt 0.999255 0.594588
vt 0.130997 0.991904
vt 0.135000 0.990412
vt 0.135000 0.995338
vt 0.132348 0.996326
vt 0.135000 0.589662
vt 0.139003 0.589662
vt 0.137652 0.594588
vt 0.135000 0.594588
vt 0.991904 0.589662
vt 0.996326 0.589662
vt 0.999255 0.594588
vt 0.996326 0.594588
vt 0.996326 0.589662
vt 1.005000 0.589662
vt 1.005000 0.594588
vt 0.999255 0.594588
vt 0.139460 1.005000
vt 0.139003 1.010745
vt 0.135000 1.005000
vt 0.135000 1.005000
vt 0.139003 1.010745
vt 0.137652 1.013674
vt 0.135000 1.005000
vt 0.135000 1.005000
vt 0.137652 1.013674
vt 0.135000 1.014662
vt 0.135000 1.005000
vt 0.135000 1.005000
vt 0.135000 1.014662
vt 0.132348 1.013674
vt 0.135000 1.005000
vt 0.135000 1.005000
vt 0.132348 1.013674
vt 0.130997 1.010745
vt 0.135000 1.005000
vt 0.135000 1.005000
vt 0.130997 1.010745
vt 0.130540 1.005000
vt 0.135000 1.005000
vt 0.135000 1.005000
vt 0.130540 1.005000
vt 0.130997 0.999255
vt 0.135000 1.005000
vt 0.135000 1.005000
vt 0.130997 0.999255
vt 0.132348 0.996326
vt 0.135000 1.005000
vt 0.135000 1.005000
vt 0.132348 0.996326
vt 0.135000 0.995338
vt 0.135000 1.005000
vt 0.135000 1.005000
vt 0.135000 0.995338
vt 0.137652 0.996326
vt 0.135000 1.005000
vt 0.135000 1.005000
vt 0.137652 0.996326
vt 0.139003 0.999255
vt 0.135000 1.005000
vt 0.135000 1.005000
vt 0.139003 0.999255
vt 0.139460 1.005000
vt 0.135000 1.005000
vt 0.135000 1.005000
vt -0.125000 0.025000
vt -0.125000 0.025000
vt -0.114279 0.050506
vt -0.113934 0.025000
vt -0.125000 0.025000
vt -0.125000 0.025000
vt -0.115367 0.057606
vt -0.114279 0.050506
vt -0.125000 0.025000
vt -0.125000 0.025000
vt -0.117464 0.061286
vt -0.115367 0.057606
vt -0.125000 0.025000
vt -0.125000 0.025000
vt -0.125000 0.062454
vt -0.117464 0.061286
vt -0.125000 0.025000
vt -0.125000 0.025000
vt -0.132536 0.061286
vt -0.125000 0.062454
vt -0.125000 0.025000
vt -0.125000 0.025000
vt -0.134633 0.057606
vt -0.132536 0.061286
vt -0.125000 0.025000
vt -0.125000 0.025000
vt -0.135721 0.050506
vt -0.134633 0.057606
vt -0.125000 0.025000
vt -0.125000 0.025000
vt -0.136066 0.025000
vt -0.135721 0.050506
vt -0.125000 0.025000
vt -0.125000 0.025000
vt -0.135721 -0.000506
vt -0.136066 0.025000
vt -0.125000 0.025000
vt -0.125000 0.025000
vt -0.134633 -0.007606
vt -0.135721 -0.000506
vt -0.125000 0.025000
vt -0.125000 0.025000
vt -0.132536 -0.011286
vt -0.134633 -0.007606
vt -0.125000 0.025000
vt -0.125000 0.025000
vt -0.125000 -0.012454
vt -0.132536 -0.011286
vt -0.125000 0.025000
vt -0.125000 0.025000
vt -0.117464 -0.011286
vt -0.125000 -0.012454
vt -0.125000 0.025000
vt -0.125000 0.025000
vt -0.115367 -0.007606
vt -0.117464 -0.011286
vt -0.125000 0.025000
vt -0.125000 0.025000
vt -0.114279 -0.000506
vt -0.115367 -0.007606
vt -0.125000 0.025000
vt -0.125000 0.025000
vt -0.113934 0.025000
vt -0.114279 -0.000506
vt -0.113934 0.025000
vt -0.114279 0.050506
vt -0.111295 0.057606
vt -0.110854 0.025000
vt -0.114279 0.050506
vt -0.115367 0.057606
vt -0.112685 0.066682
vt -0.111295 0.057606
vt -0.115367 0.057606
vt -0.117464 0.061286
vt -0.115367 0.071388
vt -0.112685 0.066682
vt -0.117464 0.061286
vt -0.125000 0.062454
vt -0.125000 0.072880
vt -0.115367 0.071388
vt -0.125000 0.062454
vt -0.132536 0.061286
vt -0.134633 0.071388
vt -0.125000 0.072880
vt -0.132536 0.061286
vt -0.134633 0.057606
vt -0.137315 0.066682
vt -0.134633 0.071388
vt -0.134633 0.057606
vt -0.135721 0.050506
vt -0.138705 0.057606
vt -0.137315 0.066682
vt -0.135721 0.050506
vt -0.136066 0.025000
vt -0.139146 0.025000
vt -0.138705 0.057606
vt -0.136066 0.025000
vt -0.135721 -0.000506
vt -0.138705 -0.007606
vt -0.139146 0.025000
vt -0.135721 -0.000506
vt -0.134633 -0.007606
vt -0.137315 -0.016682
vt -0.138705 -0.007606
vt -0.134633 -0.007606
vt -0.132536 -0.011286
vt -0.134633 -0.021388
vt -0.137315 -0.016682
vt -0.132536 -0.011286
vt -0.125000 -0.012454
vt -0.125000 -0.022880
vt -0.134633 -0.021388
vt -0.125000 -0.012454
vt -0.117464 -0.011286
vt -0.115367 -0.021388
vt -0.125000 -0.022880
vt -0.117464 -0.011286
vt -0.115367 -0.007606
vt -0.112685 -0.016682
vt -0.115367 -0.021388
vt -0.115367 -0.007606
vt -0.114279 -0.000506
vt -0.111295 -0.007606
vt -0.112685 -0.016682
vt -0.114279 -0.000506
vt -0.113934 0.025000
vt -0.110854 0.025000
vt -0.111295 -0.007606
vt 0.025000 0.305206
vt 0.057606 0.305206
vt 0.061286 0.307339
vt 0.025000 0.307339
vt 0.057606 0.305206
vt 0.066682 0.305206
vt 0.071388 0.307339
vt 0.061286 0.307339
vt -0.112685 0.066682
vt -0.115367 0.071388
vt -0.114279 0.076624
vt -0.111295 0.071388
vt -0.115367 0.071388
vt -0.125000 0.072880
vt -0.125000 0.078285
vt -0.114279 0.076624
vt -0.125000 0.072880
vt -0.134633 0.071388
vt -0.135721 0.076624
vt -0.125000 0.078285
vt -0.134633 0.071388
vt -0.137315 0.066682
vt -0.138705 0.071388
vt -0.135721 0.076624
vt 0.066682 0.305206
vt 0.057606 0.305206
vt 0.061286 0.307339
vt 0.071388 0.307339
vt 0.057606 0.305206
vt 0.025000 0.305206
vt 0.025000 0.307339
vt 0.061286 0.307339
vt 0.025000 0.305206
vt -0.007606 0.305206
vt -0.011286 0.307339
vt 0.025000 0.307339
vt -0.007606 0.305206
vt -0.016682 0.305206
vt -0.021388 0.307339
vt -0.011286 0.307339
vt -0.137315 -0.016682
vt -0.134633 -0.021388
vt -0.135721 -0.026624
vt -0.138705 -0.021388
vt -0.134633 -0.021388
vt -0.125000 -0.022880
vt -0.125000 -0.028285
vt -0.135721 -0.026624
vt -0.125000 -0.022880
vt -0.115367 -0.021388
vt -0.114279 -0.026624
vt -0.125000 -0.028285
vt -0.115367 -0.021388
vt -0.112685 -0.016682
vt -0.111295 -0.021388
vt -0.114279 -0.026624
vt -0.016682 0.305206
vt -0.007606 0.305206
vt -0.011286 0.307339
vt -0.021388 0.307339
vt -0.007606 0.305206
vt 0.025000 0.305206
vt 0.025000 0.307339
vt -0.011286 0.307339
vt 0.025000 0.307339
vt 0.061286 0.307339
vt 0.062454 0.315000
vt 0.025000 0.315000
vt 0.061286 0.307339
vt 0.071388 0.307339
vt 0.072880 0.315000
vt 0.062454 0.315000
vt 0.071388 0.307339
vt 0.076624 0.307339
vt 0.078285 0.315000
vt 0.072880 0.315000
vt -0.114279 0.307339
vt -0.125000 0.307339
vt -0.125000 0.315000
vt -0.113934 0.315000
vt -0.125000 0.307339
vt -0.135721 0.307339
vt -0.136066 0.315000
vt -0.125000 0.315000
vt 0.076624 0.307339
vt 0.071388 0.307339
vt 0.072880 0.315000
vt 0.078285 0.315000
vt 0.071388 0.307339
vt 0.061286 0.307339
vt 0.062454 0.315000
vt 0.072880 0.315000
vt 0.061286 0.307339
vt 0.025000 0.307339
vt 0.025000 0.315000
vt 0.062454 0.315000
vt 0.025000 0.307339
vt -0.011286 0.307339
vt -0.012454 0.315000
vt 0.025000 0.315000
vt -0.011286 0.307339
vt -0.021388 0.307339
vt -0.022880 0.315000
vt -0.012454 0.315000
vt -0.021388 0.307339
vt -0.026624 0.307339
vt -0.028285 0.315000
vt -0.022880 0.315000
vt -0.135721 0.307339
vt -0.125000 0.307339
vt -0.125000 0.315000
vt -0.136066 0.315000
vt -0.125000 0.307339
vt -0.114279 0.307339
vt -0.113934 0.315000
vt -0.125000 0.315000
vt -0.026624 0.307339
vt -0.021388 0.307339
vt -0.022880 0.315000
vt -0.028285 0.315000
vt -0.021388 0.307339
vt -0.011286 0.307339
vt -0.012454 0.315000
vt -0.022880 0.315000
vt -0.011286 0.307339
vt 0.025000 0.307339
vt 0.025000 0.315000
vt -0.012454 0.315000
vt 0.025000 0.315000
vt 0.062454 0.315000
vt 0.061286 0.322661
vt 0.025000 0.322661
vt 0.062454 0.315000
vt 0.072880 0.315000
vt 0.071388 0.322661
vt 0.061286 0.322661
vt 0.072880 0.315000
vt 0.078285 0.315000
vt 0.076624 0.322661
vt 0.071388 0.322661
vt -0.113934 0.315000
vt -0.125000 0.315000
vt -0.125000 0.322661
vt -0.114279 0.322661
vt -0.125000 0.315000
vt -0.136066 0.315000
vt -0.135721 0.322661
vt -0.125000 0.322661
vt 0.078285 0.315000
vt 0.072880 0.315000
vt 0.071388 0.322661
vt 0.076624 0.322661
vt 0.072880 0.315000
vt 0.062454 0.315000
vt 0.061286 0.322661
vt 0.071388 0.322661
vt 0.062454 0.315000
vt 0.025000 0.315000
vt 0.025000 0.322661
vt 0.061286 0.322661
vt 0.025000 0.315000
vt -0.012454 0.315000
vt -0.011286 0.322661
vt 0.025000 0.322661
vt -0.012454 0.315000
vt -0.022880 0.315000
vt -0.021388 0.322661
vt -0.011286 0.322661
vt -0.022880 0.315000
vt -0.028285 0.315000
vt -0.026624 0.322661
vt -0.021388 0.322661
vt -0.136066 0.315000
vt -0.125000 0.315000
vt -0.125000 0.322661
vt -0.135721 0.322661
vt -0.125000 0.315000
vt -0.113934 0.315000
vt -0.114279 0.322661
vt -0.125000 0.322661
vt -0.028285 0.315000
vt -0.022880 0.315000
vt -0.021388 0.322661
vt -0.026624 0.322661
vt -0.022880 0.315000
vt -0.012454 0.315000
vt -0.011286 0.322661
vt -0.021388 0.322661
vt -0.012454 0.315000
vt 0.025000 0.315000
vt 0.025000 0.322661
vt -0.011286 0.322661
vt 0.025000 0.322661
vt 0.061286 0.322661
vt 0.057606 0.324794
vt 0.025000 0.324794
vt 0.061286 0.322661
vt 0.071388 0.322661
vt 0.066682 0.324794
vt 0.057606 0.324794
vt -0.111295 0.071388
vt -0.114279 0.076624
vt -0.115367 0.071388
vt -0.112685 0.066682
vt -0.114279 0.076624
vt -0.125000 0.078285
vt -0.125000 0.072880
vt -0.115367 0.071388
vt -0.125000 0.078285
vt -0.135721 0.076624
vt -0.134633 0.071388
vt -0.125000 0.072880
vt -0.135721 0.076624
vt -0.138705 0.071388
vt -0.137315 0.066682
vt -0.134633 0.071388
vt 0.071388 0.322661
vt 0.061286 0.322661
vt 0.057606 0.324794
vt 0.066682 0.324794
vt 0.061286 0.322661
vt 0.025000 0.322661
vt 0.025000 0.324794
vt 0.057606 0.324794
vt 0.025000 0.322661
vt -0.011286 0.322661
vt -0.007606 0.324794
vt 0.025000 0.324794
vt -0.011286 0.322661
vt -0.021388 0.322661
vt -0.016682 0.324794
vt -0.007606 0.324794
vt -0.138705 -0.021388
vt -0.135721 -0.026624
vt -0.134633 -0.021388
vt -0.137315 -0.016682
vt -0.135721 -0.026624
vt -0.125000 -0.028285
vt -0.125000 -0.022880
vt -0.134633 -0.021388
vt -0.125000 -0.028285
vt -0.114279 -0.026624
vt -0.115367 -0.021388
vt -0.125000 -0.022880
vt -0.114279 -0.026624
vt -0.111295 -0.021388
vt -0.112685 -0.016682
vt -0.115367 -0.021388
vt -0.021388 0.322661
vt -0.011286 0.322661
vt -0.007606 0.324794
vt -0.016682 0.324794
vt -0.011286 0.322661
vt 0.025000 0.322661
vt 0.025000 0.324794
vt -0.007606 0.324794
vt -0.110854 0.025000
vt -0.111295 0.057606
vt -0.114279 0.050506
vt -0.113934 0.025000
vt -0.111295 0.057606
vt -0.112685 0.066682
vt -0.115367 0.057606
vt -0.114279 0.050506
vt -0.112685 0.066682
vt -0.115367 0.071388
vt -0.117464 0.061286
vt -0.115367 0.057606
vt -0.115367 0.071388
vt -0.125000 0.072880
vt -0.125000 0.062454
vt -0.117464 0.061286
vt -0.125000 0.072880
vt -0.134633 0.071388
vt -0.132536 0.061286
vt -0.125000 0.062454
vt -0.134633 0.071388
vt -0.137315 0.066682
vt -0.134633 0.057606
vt -0.132536 0.061286
vt -0.137315 0.066682
vt -0.138705 0.057606
vt -0.135721 0.050506
vt -0.134633 0.057606
vt -0.138705 0.057606
vt -0.139146 0.025000
vt -0.136066 0.025000
vt -0.135721 0.050506
vt -0.139146 0.025000
vt -0.138705 -0.007606
vt -0.135721 -0.000506
vt -0.136066 0.025000
vt -0.138705 -0.007606
vt -0.137315 -0.016682
vt -0.134633 -0.007606
vt -0.135721 -0.000506
vt -0.137315 -0.016682
vt -0.134633 -0.021388
vt -0.132536 -0.011286
vt -0.134633 -0.007606
vt -0.134633 -0.021388
vt -0.125000 -0.022880
vt -0.125000 -0.012454
vt -0.132536 -0.011286
vt -0.125000 -0.022880
vt -0.115367 -0.021388
vt -0.117464 -0.011286
vt -0.125000 -0.012454
vt -0.115367 -0.021388
vt -0.112685 -0.016682
vt -0.115367 -0.007606
vt -0.117464 -0.011286
vt -0.112685 -0.016682
vt -0.111295 -0.007606
vt -0.114279 -0.000506
vt -0.115367 -0.007606
vt -0.111295 -0.007606
vt -0.110854 0.025000
vt -0.113934 0.025000
vt -0.114279 -0.000506
vt -0.113934 0.025000
vt -0.114279 0.050506
vt -0.125000 0.025000
vt -0.125000 0.025000
vt -0.114279 0.050506
vt -0.115367 0.057606
vt -0.125000 0.025000
vt -0.125000 0.025000
vt -0.115367 0.057606
vt -0.117464 0.061286
vt -0.125000 0.025000
vt -0.125000 0.025000
vt -0.117464 0.061286
vt -0.125000 0.062454
vt -0.125000 0.025000
vt -0.125000 0.025000
vt -0.125000 0.062454
vt -0.132536 0.061286
vt -0.125000 0.025000
vt -0.125000 0.025000
vt -0.132536 0.061286
vt -0.134633 0.057606
vt -0.125000 0.025000
vt -0.125000 0.025000
vt -0.134633 0.057606
vt -0.135721 0.050506
vt -0.125000 0.025000
vt -0.125000 0.025000
vt -0.135721 0.050506
vt -0.136066 0.025000
vt -0.125000 0.025000
vt -0.125000 0.025000
vt -0.136066 0.025000
vt -0.135721 -0.000506
vt -0.125000 0.025000
vt -0.125000 0.025000
vt -0.135721 -0.000506
vt -0.134633 -0.007606
vt -0.125000 0.025000
vt -0.125000 0.025000
vt -0.134633 -0.007606
vt -0.132536 -0.011286
vt -0.125000 0.025000
vt -0.125000 0.025000
vt -0.132536 -0.011286
vt -0.125000 -0.012454
vt -0.125000 0.025000
vt -0.125000 0.025000
vt -0.125000 -0.012454
vt -0.117464 -0.011286
vt -0.125000 0.025000
vt -0.125000 0.025000
vt -0.117464 -0.011286
vt -0.115367 -0.007606
vt -0.125000 0.025000
vt -0.125000 0.025000
vt -0.115367 -0.007606
vt -0.114279 -0.000506
vt -0.125000 0.025000
vt -0.125000 0.025000
vt -0.114279 -0.000506
vt -0.113934 0.025000
vt -0.125000 0.025000
vt -0.125000 0.025000
vt 0.130000 0.385000
vt 0.130000 0.385000
vt 0.137818 0.407972
vt 0.138038 0.385000
vt 0.130000 0.385000
vt 0.130000 0.385000
vt 0.137120 0.413479
vt 0.137818 0.407972
vt 0.130000 0.385000
vt 0.130000 0.385000
vt 0.135743 0.416273
vt 0.137120 0.413479
vt 0.130000 0.385000
vt 0.130000 0.385000
vt 0.130000 0.417152
vt 0.135743 0.416273
vt 0.130000 0.385000
vt 0.130000 0.385000
vt 0.124257 0.416273
vt 0.130000 0.417152
vt 0.130000 0.385000
vt 0.130000 0.385000
vt 0.122880 0.413479
vt 0.124257 0.416273
vt 0.130000 0.385000
vt 0.130000 0.385000
vt 0.122182 0.407972
vt 0.122880 0.413479
vt 0.130000 0.385000
vt 0.130000 0.385000
vt 0.121962 0.385000
vt 0.122182 0.407972
vt 0.130000 0.385000
vt 0.130000 0.385000
vt 0.122182 0.362028
vt 0.121962 0.385000
vt 0.130000 0.385000
vt 0.130000 0.385000
vt 0.122880 0.356521
vt 0.122182 0.362028
vt 0.130000 0.385000
vt 0.130000 0.385000
vt 0.124257 0.353727
vt 0.122880 0.356521
vt 0.130000 0.385000
vt 0.130000 0.385000
vt 0.130000 0.352848
vt 0.124257 0.353727
vt 0.130000 0.385000
vt 0.130000 0.385000
vt 0.135743 0.353727
vt 0.130000 0.352848
vt 0.130000 0.385000
vt 0.130000 0.385000
vt 0.137120 0.356521
vt 0.135743 0.353727
vt 0.130000 0.385000
vt 0.130000 0.385000
vt 0.137818 0.362028
vt 0.137120 0.356521
vt 0.130000 0.385000
vt 0.130000 0.385000
vt 0.138038 0.385000
vt 0.137818 0.362028
vt 0.138038 0.385000
vt 0.137818 0.407972
vt 0.139693 0.413479
vt 0.139965 0.385000
vt 0.137818 0.407972
vt 0.137120 0.413479
vt 0.138827 0.420306
vt 0.139693 0.413479
vt 0.137120 0.413479
vt 0.135743 0.416273
vt 0.137120 0.423770
vt 0.138827 0.420306
vt 0.135743 0.416273
vt 0.130000 0.417152
vt 0.130000 0.424860
vt 0.137120 0.423770
vt 0.130000 0.417152
vt 0.124257 0.416273
vt 0.122880 0.423770
vt 0.130000 0.424860
vt 0.124257 0.416273
vt 0.122880 0.413479
vt 0.121173 0.420306
vt 0.122880 0.423770
vt 0.122880 0.413479
vt 0.122182 0.407972
vt 0.120307 0.413479
vt 0.121173 0.420306
vt 0.122182 0.407972
vt 0.121962 0.385000
vt 0.120035 0.385000
vt 0.120307 0.413479
vt 0.121962 0.385000
vt 0.122182 0.362028
vt 0.120307 0.356521
vt 0.120035 0.385000
vt 0.122182 0.362028
vt 0.122880 0.356521
vt 0.121173 0.349694
vt 0.120307 0.356521
vt 0.122880 0.356521
vt 0.124257 0.353727
vt 0.122880 0.346230
vt 0.121173 0.349694
vt 0.124257 0.353727
vt 0.130000 0.352848
vt 0.130000 0.345140
vt 0.122880 0.346230
vt 0.130000 0.352848
vt 0.135743 0.353727
vt 0.137120 0.346230
vt 0.130000 0.345140
vt 0.135743 0.353727
vt 0.137120 0.356521
vt 0.138827 0.349694
vt 0.137120 0.346230
vt 0.137120 0.356521
vt 0.137818 0.362028
vt 0.139693 0.356521
vt 0.138827 0.349694
vt 0.137818 0.362028
vt 0.138038 0.385000
vt 0.139965 0.385000
vt 0.139693 0.356521
vt 0.385000 0.223392
vt 0.413479 0.223392
vt 0.416273 0.226603
vt 0.385000 0.226603
vt 0.413479 0.223392
vt 0.420306 0.223392
vt 0.423770 0.226603
vt 0.416273 0.226603
vt 0.420306 0.223392
vt 0.423770 0.223392
vt 0.427574 0.226603
vt 0.423770 0.226603
vt 0.137120 0.423770
vt 0.130000 0.424860
vt 0.130000 0.428770
vt 0.137818 0.427574
vt 0.130000 0.424860
vt 0.122880 0.423770
vt 0.122182 0.427574
vt 0.130000 0.428770
vt 0.423770 0.223392
vt 0.420306 0.223392
vt 0.423770 0.226603
vt 0.427574 0.226603
vt 0.420306 0.223392
vt 0.413479 0.223392
vt 0.416273 0.226603
vt 0.423770 0.226603
vt 0.413479 0.223392
vt 0.385000 0.223392
vt 0.385000 0.226603
vt 0.416273 0.226603
vt 0.385000 0.223392
vt 0.356521 0.223392
vt 0.353727 0.226603
vt 0.385000 0.226603
vt 0.356521 0.223392
vt 0.349694 0.223392
vt 0.346230 0.226603
vt 0.353727 0.226603
vt 0.349694 0.223392
vt 0.346230 0.223392
vt 0.342426 0.226603
vt 0.346230 0.226603
vt 0.122880 0.346230
vt 0.130000 0.345140
vt 0.130000 0.341230
vt 0.122182 0.342426
vt 0.130000 0.345140
vt 0.137120 0.346230
vt 0.137818 0.342426
vt 0.130000 0.341230
vt 0.346230 0.223392
vt 0.349694 0.223392
vt 0.346230 0.226603
vt 0.342426 0.226603
vt 0.349694 0.223392
vt 0.356521 0.223392
vt 0.353727 0.226603
vt 0.346230 0.226603
vt 0.356521 0.223392
vt 0.385000 0.223392
vt 0.385000 0.226603
vt 0.353727 0.226603
vt 0.385000 0.226603
vt 0.416273 0.226603
vt 0.417152 0.240000
vt 0.385000 0.240000
vt 0.416273 0.226603
vt 0.423770 0.226603
vt 0.424860 0.240000
vt 0.417152 0.240000
vt 0.423770 0.226603
vt 0.427574 0.226603
vt 0.428770 0.240000
vt 0.424860 0.240000
vt 0.137818 0.226603
vt 0.130000 0.226603
vt 0.130000 0.240000
vt 0.138038 0.240000
vt 0.130000 0.226603
vt 0.122182 0.226603
vt 0.121962 0.240000
vt 0.130000 0.240000
vt 0.427574 0.226603
vt 0.423770 0.226603
vt 0.424860 0.240000
vt 0.428770 0.240000
vt 0.423770 0.226603
vt 0.416273 0.226603
vt 0.417152 0.240000
vt 0.424860 0.240000
vt 0.416273 0.226603
vt 0.385000 0.226603
vt 0.385000 0.240000
vt 0.417152 0.240000
vt 0.385000 0.226603
vt 0.353727 0.226603
vt 0.352848 0.240000
vt 0.385000 0.240000
vt 0.353727 0.226603
vt 0.346230 0.226603
vt 0.345140 0.240000
vt 0.352848 0.240000
vt 0.346230 0.226603
vt 0.342426 0.226603
vt 0.341230 0.240000
vt 0.345140 0.240000
vt 0.122182 0.226603
vt 0.130000 0.226603
vt 0.130000 0.240000
vt 0.121962 0.240000
vt 0.130000 0.226603
vt 0.137818 0.226603
vt 0.138038 0.240000
vt 0.130000 0.240000
vt 0.342426 0.226603
vt 0.346230 0.226603
vt 0.345140 0.240000
vt 0.341230 0.240000
vt 0.346230 0.226603
vt 0.353727 0.226603
vt 0.352848 0.240000
vt 0.345140 0.240000
vt 0.353727 0.226603
vt 0.385000 0.226603
vt 0.385000 0.240000
vt 0.352848 0.240000
vt 0.385000 0.240000
vt 0.417152 0.240000
vt 0.416273 0.253397
vt 0.385000 0.253397
vt 0.417152 0.240000
vt 0.424860 0.240000
vt 0.423770 0.253397
vt 0.416273 0.253397
vt 0.424860 0.240000
vt 0.428770 0.240000
vt 0.427574 0.253397
vt 0.423770 0.253397
vt 0.138038 0.240000
vt 0.130000 0.240000
vt 0.130000 0.253397
vt 0.137818 0.253397
vt 0.130000 0.240000
vt 0.121962 0.240000
vt 0.122182 0.253397
vt 0.130000 0.253397
vt 0.428770 0.240000
vt 0.424860 0.240000
vt 0.423770 0.253397
vt 0.427574 0.253397
vt 0.424860 0.240000
vt 0.417152 0.240000
vt 0.416273 0.253397
vt 0.423770 0.253397
vt 0.417152 0.240000
vt 0.385000 0.240000
vt 0.385000 0.253397
vt 0.416273 0.253397
vt 0.385000 0.240000
vt 0.352848 0.240000
vt 0.353727 0.253397
vt 0.385000 0.253397
vt 0.352848 0.240000
vt 0.345140 0.240000
vt 0.346230 0.253397
vt 0.353727 0.253397
vt 0.345140 0.240000
vt 0.341230 0.240000
vt 0.342426 0.253397
vt 0.346230 0.253397
vt 0.121962 0.240000
vt 0.130000 0.240000
vt 0.130000 0.253397
vt 0.122182 0.253397
vt 0.130000 0.240000
vt 0.138038 0.240000
vt 0.137818 0.253397
vt 0.130000 0.253397
vt 0.341230 0.240000
vt 0.345140 0.240000
vt 0.346230 0.253397
vt 0.342426 0.253397
vt 0.345140 0.240000
vt 0.352848 0.240000
vt 0.353727 0.253397
vt 0.346230 0.253397
vt 0.352848 0.240000
vt 0.385000 0.240000
vt 0.385000 0.253397
vt 0.353727 0.253397
vt 0.385000 0.253397
vt 0.416273 0.253397
vt 0.413479 0.256608
vt 0.385000 0.256608
vt 0.416273 0.253397
vt 0.423770 0.253397
vt 0.420306 0.256608
vt 0.413479 0.256608
vt 0.423770 0.253397
vt 0.427574 0.253397
vt 0.423770 0.256608
vt 0.420306 0.256608
vt 0.137818 0.427574
vt 0.130000 0.428770
vt 0.130000 0.424860
vt 0.137120 0.423770
vt 0.130000 0.428770
vt 0.122182 0.427574
vt 0.122880 0.423770
vt 0.130000 0.424860
vt 0.427574 0.253397
vt 0.423770 0.253397
vt 0.420306 0.256608
vt 0.423770 0.256608
vt 0.423770 0.253397
vt 0.416273 0.253397
vt 0.413479 0.256608
vt 0.420306 0.256608
vt 0.416273 0.253397
vt 0.385000 0.253397
vt 0.385000 0.256608
vt 0.413479 0.256608
vt 0.385000 0.253397
vt 0.353727 0.253397
vt 0.356521 0.256608
vt 0.385000 0.256608
vt 0.353727 0.253397
vt 0.346230 0.253397
vt 0.349694 0.256608
vt 0.356521 0.256608
vt 0.346230 0.253397
vt 0.342426 0.253397
vt 0.346230 0.256608
vt 0.349694 0.256608
vt 0.122182 0.342426
vt 0.130000 0.341230
vt 0.130000 0.345140
vt 0.122880 0.346230
vt 0.130000 0.341230
vt 0.137818 0.342426
vt 0.137120 0.346230
vt 0.130000 0.345140
vt 0.342426 0.253397
vt 0.346230 0.253397
vt 0.349694 0.256608
vt 0.346230 0.256608
vt 0.346230 0.253397
vt 0.353727 0.253397
vt 0.356521 0.256608
vt 0.349694 0.256608
vt 0.353727 0.253397
vt 0.385000 0.253397
vt 0.385000 0.256608
vt 0.356521 0.256608
vt 0.139965 0.385000
vt 0.139693 0.413479
vt 0.137818 0.407972
vt 0.138038 0.385000
vt 0.139693 0.413479
vt 0.138827 0.420306
vt 0.137120 0.413479
vt 0.137818 0.407972
vt 0.138827 0.420306
vt 0.137120 0.423770
vt 0.135743 0.416273
vt 0.137120 0.413479
vt 0.137120 0.423770
vt 0.130000 0.424860
vt 0.130000 0.417152
vt 0.135743 0.416273
vt 0.130000 0.424860
vt 0.122880 0.423770
vt 0.124257 0.416273
vt 0.130000 0.417152
vt 0.122880 0.423770
vt 0.121173 0.420306
vt 0.122880 0.413479
vt 0.124257 0.416273
vt 0.121173 0.420306
vt 0.120307 0.413479
vt 0.122182 0.407972
vt 0.122880 0.413479
vt 0.120307 0.413479
vt 0.120035 0.385000
vt 0.121962 0.385000
vt 0.122182 0.407972
vt 0.120035 0.385000
vt 0.120307 0.356521
vt 0.122182 0.362028
vt 0.121962 0.385000
vt 0.120307 0.356521
vt 0.121173 0.349694
vt 0.122880 0.356521
vt 0.122182 0.362028
vt 0.121173 0.349694
vt 0.122880 0.346230
vt 0.124257 0.353727
vt 0.122880 0.356521
vt 0.122880 0.346230
vt 0.130000 0.345140
vt 0.130000 0.352848
vt 0.124257 0.353727
vt 0.130000 0.345140
vt 0.137120 0.346230
vt 0.135743 0.353727
vt 0.130000 0.352848
vt 0.137120 0.346230
vt 0.138827 0.349694
vt 0.137120 0.356521
vt 0.135743 0.353727
vt 0.138827 0.349694
vt 0.139693 0.356521
vt 0.137818 0.362028
vt 0.137120 0.356521
vt 0.139693 0.356521
vt 0.139965 0.385000
vt 0.138038 0.385000
vt 0.137818 0.362028
vt 0.138038 0.385000
vt 0.137818 0.407972
vt 0.130000 0.385000
vt 0.130000 0.385000
vt 0.137818 0.407972
vt 0.137120 0.413479
vt 0.130000 0.385000
vt 0.130000 0.385000
vt 0.137120 0.413479
vt 0.135743 0.416273
vt 0.130000 0.385000
vt 0.130000 0.385000
vt 0.135743 0.416273
vt 0.130000 0.417152
vt 0.130000 0.385000
vt 0.130000 0.385000
vt 0.130000 0.417152
vt 0.124257 0.416273
vt 0.130000 0.385000
vt 0.130000 0.385000
vt 0.124257 0.416273
vt 0.122880 0.413479
vt 0.130000 0.385000
vt 0.130000 0.385000
vt 0.122880 0.413479
vt 0.122182 0.407972
vt 0.130000 0.385000
vt 0.130000 0.385000
vt 0.122182 0.407972
vt 0.121962 0.385000
vt 0.130000 0.385000
vt 0.130000 0.385000
vt 0.121962 0.385000
vt 0.122182 0.362028
vt 0.130000 0.385000
vt 0.130000 0.385000
vt 0.122182 0.362028
vt 0.122880 0.356521
vt 0.130000 0.385000
vt 0.130000 0.385000
vt 0.122880 0.356521
vt 0.124257 0.353727
vt 0.130000 0.385000
vt 0.130000 0.385000
vt 0.124257 0.353727
vt 0.130000 0.352848
vt 0.130000 0.385000
vt 0.130000 0.385000
vt 0.130000 0.352848
vt 0.135743 0.353727
vt 0.130000 0.385000
vt 0.130000 0.385000
vt 0.135743 0.353727
vt 0.137120 0.356521
vt 0.130000 0.385000
vt 0.130000 0.385000
vt 0.137120 0.356521
vt 0.137818 0.362028
vt 0.130000 0.385000
vt 0.130000 0.385000
vt 0.137818 0.362028
vt 0.138038 0.385000
vt 0.130000 0.385000
vt 0.130000 0.385000
vt 0.000002 0.180000
vt 0.000002 0.180013
vt 0.019278 0.291351
vt 0.019663 0.180000
vt 0.000002 0.180013
vt 0.000002 0.180015
vt 0.018031 0.309824
vt 0.019278 0.291351
vt 0.000002 0.180015
vt 0.000002 0.180016
vt 0.015465 0.318799
vt 0.018031 0.309824
vt 0.000002 0.180016
vt 0.000000 0.180016
vt 0.000002 0.321574
vt 0.015465 0.318799
vt 0.000000 0.180016
vt -0.000002 0.180016
vt -0.015465 0.318799
vt 0.000002 0.321574
vt -0.000002 0.180016
vt -0.000002 0.180015
vt -0.018031 0.309824
vt -0.015465 0.318799
vt -0.000002 0.180015
vt -0.000002 0.180013
vt -0.019278 0.291351
vt -0.018031 0.309824
vt -0.000002 0.180013
vt -0.000002 0.180000
vt -0.019663 0.180015
vt -0.019278 0.291351
vt -0.000002 0.180000
vt -0.000002 0.179987
vt -0.019278 0.068649
vt -0.019663 0.180015
vt -0.000002 0.179987
vt -0.000002 0.179985
vt -0.018031 0.050176
vt -0.019278 0.068649
vt -0.000002 0.179985
vt -0.000002 0.179984
vt -0.015465 0.041201
vt -0.018031 0.050176
vt -0.000002 0.179984
vt -0.000000 0.179984
vt -0.000002 0.038426
vt -0.015465 0.041201
vt -0.000000 0.179984
vt 0.000002 0.179984
vt 0.015465 0.041201
vt -0.000002 0.038426
vt 0.000002 0.179984
vt 0.000002 0.179985
vt 0.018031 0.050176
vt 0.015465 0.041201
vt 0.000002 0.179985
vt 0.000002 0.179987
vt 0.019278 0.068649
vt 0.018031 0.050176
vt 0.000002 0.179987
vt 0.000002 0.180000
vt 0.019663 0.180000
vt 0.019278 0.068649
vt 0.019663 0.180000
vt 0.019278 0.291351
vt 0.022476 0.309824
vt 0.022925 0.180000
vt 0.019278 0.291351
vt 0.018031 0.309824
vt 0.021022 0.331361
vt 0.022476 0.309824
vt 0.018031 0.309824
vt 0.015465 0.318799
vt 0.018031 0.341826
vt 0.021022 0.331361
vt 0.015465 0.318799
vt 0.000002 0.321574
vt 0.000002 0.345061
vt 0.018031 0.341826
vt 0.000002 0.321574
vt -0.015465 0.318799
vt -0.018031 0.341826
vt 0.000002 0.345061
vt -0.015465 0.318799
vt -0.018031 0.309824
vt -0.021022 0.331361
vt -0.018031 0.341826
vt -0.018031 0.309824
vt -0.019278 0.291351
vt -0.022476 0.309824
vt -0.021022 0.331361
vt -0.019278 0.291351
vt -0.019663 0.180015
vt -0.022925 0.180017
vt -0.022476 0.309824
vt -0.019663 0.180015
vt -0.019278 0.068649
vt -0.022476 0.050176
vt -0.022925 0.180017
vt -0.019278 0.068649
vt -0.018031 0.050176
vt -0.021022 0.028639
vt -0.022476 0.050176
vt -0.018031 0.050176
vt -0.015465 0.041201
vt -0.018031 0.018174
vt -0.021022 0.028639
vt -0.015465 0.041201
vt -0.000002 0.038426
vt -0.000003 0.014939
vt -0.018031 0.018174
vt -0.000002 0.038426
vt 0.015465 0.041201
vt 0.018031 0.018174
vt -0.000003 0.014939
vt 0.015465 0.041201
vt 0.018031 0.050176
vt 0.021022 0.028639
vt 0.018031 0.018174
vt 0.018031 0.050176
vt 0.019278 0.068649
vt 0.022476 0.050176
vt 0.021022 0.028639
vt 0.019278 0.068649
vt 0.019663 0.180000
vt 0.022925 0.180000
vt 0.022476 0.050176
vt 0.180000 -0.009901
vt 0.309824 -0.009901
vt 0.318799 -0.007781
vt 0.180000 -0.007781
vt 0.022476 0.309824
vt 0.021022 0.331361
vt 0.022476 0.341826
vt 0.024030 0.318799
vt 0.021022 0.331361
vt 0.018031 0.341826
vt 0.019278 0.353014
vt 0.022476 0.341826
vt 0.018031 0.341826
vt 0.000002 0.345061
vt 0.000002 0.356472
vt 0.019278 0.353014
vt 0.000002 0.345061
vt -0.018031 0.341826
vt -0.019278 0.353014
vt 0.000002 0.356472
vt -0.018031 0.341826
vt -0.021022 0.331361
vt -0.022476 0.341826
vt -0.019278 0.353014
vt -0.021022 0.331361
vt -0.022476 0.309824
vt -0.024030 0.318799
vt -0.022476 0.341826
vt 0.309824 -0.009901
vt 0.180017 -0.009901
vt 0.180019 -0.007781
vt 0.318799 -0.007781
vt 0.180017 -0.009901
vt 0.050176 -0.009901
vt 0.041201 -0.007781
vt 0.180019 -0.007781
vt -0.022476 0.050176
vt -0.021022 0.028639
vt -0.022476 0.018174
vt -0.024030 0.041201
vt -0.021022 0.028639
vt -0.018031 0.018174
vt -0.019278 0.006986
vt -0.022476 0.018174
vt -0.018031 0.018174
vt -0.000003 0.014939
vt -0.000003 0.003528
vt -0.019278 0.006986
vt -0.000003 0.014939
vt 0.018031 0.018174
vt 0.019278 0.006986
vt -0.000003 0.003528
vt 0.018031 0.018174
vt 0.021022 0.028639
vt 0.022476 0.018174
vt 0.019278 0.006986
vt 0.021022 0.028639
vt 0.022476 0.050176
vt 0.024030 0.041201
vt 0.022476 0.018174
vt 0.050176 -0.009901
vt 0.180000 -0.009901
vt 0.180000 -0.007781
vt 0.041201 -0.007781
vt 0.180000 -0.007781
vt 0.318799 -0.007781
vt 0.321574 0.005000
vt 0.180000 0.005000
vt 0.318799 -0.007781
vt 0.341826 -0.007781
vt 0.345061 0.005000
vt 0.321574 0.005000
vt 0.341826 -0.007781
vt 0.353014 -0.007781
vt 0.356472 0.005000
vt 0.345061 0.005000
vt 0.019278 -0.007781
vt 0.000002 -0.007781
vt 0.000002 0.005000
vt 0.019663 0.005000
vt 0.000002 -0.007781
vt -0.019278 -0.007781
vt -0.019663 0.005000
vt 0.000002 0.005000
vt 0.353014 -0.007781
vt 0.341826 -0.007781
vt 0.345061 0.005000
vt 0.356472 0.005000
vt 0.341826 -0.007781
vt 0.318799 -0.007781
vt 0.321574 0.005000
vt 0.345061 0.005000
vt 0.318799 -0.007781
vt 0.180019 -0.007781
vt 0.180019 0.005000
vt 0.321574 0.005000
vt 0.180019 -0.007781
vt 0.041201 -0.007781
vt 0.038426 0.005000
vt 0.180019 0.005000
vt 0.041201 -0.007781
vt 0.018174 -0.007781
vt 0.014939 0.005000
vt 0.038426 0.005000
vt 0.018174 -0.007781
vt 0.006986 -0.007781
vt 0.003528 0.005000
vt 0.014939 0.005000
vt -0.019278 -0.007781
vt -0.000003 -0.007781
vt -0.000003 0.005000
vt -0.019663 0.005000
vt -0.000003 -0.007781
vt 0.019278 -0.007781
vt 0.019663 0.005000
vt -0.000003 0.005000
vt 0.006986 -0.007781
vt 0.018174 -0.007781
vt 0.014939 0.005000
vt 0.003528 0.005000
vt 0.018174 -0.007781
vt 0.041201 -0.007781
vt 0.038426 0.005000
vt 0.014939 0.005000
vt 0.041201 -0.007781
vt 0.180000 -0.007781
vt 0.180000 0.005000
vt 0.038426 0.005000
vt 0.180000 0.005000
vt 0.321574 0.005000
vt 0.318799 0.017781
vt 0.180000 0.017781
vt 0.321574 0.005000
vt 0.345061 0.005000
vt 0.341826 0.017781
vt 0.318799 0.017781
vt 0.345061 0.005000
vt 0.356472 0.005000
vt 0.353014 0.017781
vt 0.341826 0.017781
vt 0.019663 0.005000
vt 0.000002 0.005000
vt 0.000002 0.017781
vt 0.019278 0.017781
vt 0.000002 0.005000
vt -0.019663 0.005000
vt -0.019278 0.017781
vt 0.000002 0.017781
vt 0.356472 0.005000
vt 0.345061 0.005000
vt 0.341826 0.017781
vt 0.353014 0.017781
vt 0.345061 0.005000
vt 0.321574 0.005000
vt 0.318799 0.017781
vt 0.341826 0.017781
vt 0.321574 0.005000
vt 0.180019 0.005000
vt 0.180019 0.017781
vt 0.318799 0.017781
vt 0.180019 0.005000
vt 0.038426 0.005000
vt 0.041201 0.017781
vt 0.180019 0.017781
vt 0.038426 0.005000
vt 0.014939 0.005000
vt 0.018174 0.017781
vt 0.041201 0.017781
vt 0.014939 0.005000
vt 0.003528 0.005000
vt 0.006986 0.017781
vt 0.018174 0.017781
vt -0.019663 0.005000
vt -0.000003 0.005000
vt -0.000003 0.017781
vt -0.019278 0.017781
vt -0.000003 0.005000
vt 0.019663 0.005000
vt 0.019278 0.017781
vt -0.000003 0.017781
vt 0.003528 0.005000
vt 0.014939 0.005000
vt 0.018174 0.017781
vt 0.006986 0.017781
vt 0.014939 0.005000
vt 0.038426 0.005000
vt 0.041201 0.017781
vt 0.018174 0.017781
vt 0.038426 0.005000
vt 0.180000 0.005000
vt 0.180000 0.017781
vt 0.041201 0.017781
vt 0.180000 0.017781
vt 0.318799 0.017781
vt 0.309824 0.019901
vt 0.180000 0.019901
vt 0.024030 0.318799
vt 0.022476 0.341826
vt 0.021022 0.331361
vt 0.022476 0.309824
vt 0.022476 0.341826
vt 0.019278 0.353014
vt 0.018031 0.341826
vt 0.021022 0.331361
vt 0.019278 0.353014
vt 0.000002 0.356472
vt 0.000002 0.345061
vt 0.018031 0.341826
vt 0.000002 0.356472
vt -0.019278 0.353014
vt -0.018031 0.341826
vt 0.000002 0.345061
vt -0.019278 0.353014
vt -0.022476 0.341826
vt -0.021022 0.331361
vt -0.018031 0.341826
vt -0.022476 0.341826
vt -0.024030 0.318799
vt -0.022476 0.309824
vt -0.021022 0.331361
vt 0.318799 0.017781
vt 0.180019 0.017781
vt 0.180017 0.019901
vt 0.309824 0.019901
vt 0.180019 0.017781
vt 0.041201 0.017781
vt 0.050176 0.019901
vt 0.180017 0.019901
vt -0.024030 0.041201
vt -0.022476 0.018174
vt -0.021022 0.028639
vt -0.022476 0.050176
vt -0.022476 0.018174
vt -0.019278 0.006986
vt -0.018031 0.018174
vt -0.021022 0.028639
vt -0.019278 0.006986
vt -0.000003 0.003528
vt -0.000003 0.014939
vt -0.018031 0.018174
vt -0.000003 0.003528
vt 0.019278 0.006986
vt 0.018031 0.018174
vt -0.000003 0.014939
vt 0.019278 0.006986
vt 0.022476 0.018174
vt 0.021022 0.028639
vt 0.018031 0.018174
vt 0.022476 0.018174
vt 0.024030 0.041201
vt 0.022476 0.050176
vt 0.021022 0.028639
vt 0.041201 0.017781
vt 0.180000 0.017781
vt 0.180000 0.019901
vt 0.050176 0.019901
vt 0.022925 0.180000
vt 0.022476 0.309824
vt 0.019278 0.291351
vt 0.019663 0.180000
vt 0.022476 0.309824
vt 0.021022 0.331361
vt 0.018031 0.309824
vt 0.019278 0.291351
vt 0.021022 0.331361
vt 0.018031 0.341826
vt 0.015465 0.318799
vt 0.018031 0.309824
vt 0.018031 0.341826
vt 0.000002 0.345061
vt 0.000002 0.321574
vt 0.015465 0.318799
vt 0.000002 0.345061
vt -0.018031 0.341826
vt -0.015465 0.318799
vt 0.000002 0.321574
vt -0.018031 0.341826
vt -0.021022 0.331361
vt -0.018031 0.309824
vt -0.015465 0.318799
vt -0.021022 0.331361
vt -0.022476 0.309824
vt -0.019278 0.291351
vt -0.018031 0.309824
vt -0.022476 0.309824
vt -0.022925 0.180017
vt -0.019663 0.180015
vt -0.019278 0.291351
vt -0.022925 0.180017
vt -0.022476 0.050176
vt -0.019278 0.068649
vt -0.019663 0.180015
vt -0.022476 0.050176
vt -0.021022 0.028639
vt -0.018031 0.050176
vt -0.019278 0.068649
vt -0.021022 0.028639
vt -0.018031 0.018174
vt -0.015465 0.041201
vt -0.018031 0.050176
vt -0.018031 0.018174
vt -0.000003 0.014939
vt -0.000002 0.038426
vt -0.015465 0.041201
vt -0.000003 0.014939
vt 0.018031 0.018174
vt 0.015465 0.041201
vt -0.000002 0.038426
vt 0.018031 0.018174
vt 0.021022 0.028639
vt 0.018031 0.050176
vt 0.015465 0.041201
vt 0.021022 0.028639
vt 0.022476 0.050176
vt 0.019278 0.068649
vt 0.018031 0.050176
vt 0.022476 0.050176
vt 0.022925 0.180000
vt 0.019663 0.180000
vt 0.019278 0.068649
vt 0.019663 0.180000
vt 0.019278 0.291351
vt 0.000002 0.180013
vt 0.000002 0.180000
vt 0.019278 0.291351
vt 0.018031 0.309824
vt 0.000002 0.180015
vt 0.000002 0.180013
vt 0.018031 0.309824
vt 0.015465 0.318799
vt 0.000002 0.180016
vt 0.000002 0.180015
vt 0.015465 0.318799
vt 0.000002 0.321574
vt 0.000000 0.180016
vt 0.000002 0.180016
vt 0.000002 0.321574
vt -0.015465 0.318799
vt -0.000002 0.180016
vt 0.000000 0.180016
vt -0.015465 0.318799
vt -0.018031 0.309824
vt -0.000002 0.180015
vt -0.000002 0.180016
vt -0.018031 0.309824
vt -0.019278 0.291351
vt -0.000002 0.180013
vt -0.000002 0.180015
vt -0.019278 0.291351
vt -0.019663 0.180015
vt -0.000002 0.180000
vt -0.000002 0.180013
vt -0.019663 0.180015
vt -0.019278 0.068649
vt -0.000002 0.179987
vt -0.000002 0.180000
vt -0.019278 0.068649
vt -0.018031 0.050176
vt -0.000002 0.179985
vt -0.000002 0.179987
vt -0.018031 0.050176
vt -0.015465 0.041201
vt -0.000002 0.179984
vt -0.000002 0.179985
vt -0.015465 0.041201
vt -0.000002 0.038426
vt -0.000000 0.179984
vt -0.000002 0.179984
vt -0.000002 0.038426
vt 0.015465 0.041201
vt 0.000002 0.179984
vt -0.000000 0.179984
vt 0.015465 0.041201
vt 0.018031 0.050176
vt 0.000002 0.179985
vt 0.000002 0.179984
vt 0.018031 0.050176
vt 0.019278 0.068649
vt 0.000002 0.179987
vt 0.000002 0.179985
vt 0.019278 0.068649
vt 0.019663 0.180000
vt 0.000002 0.180000
vt 0.000002 0.179987
vt 0.000000 0.010000
vt 0.000000 0.010000
vt 0.018301 0.018429
vt 0.018741 0.010000
vt 0.000000 0.010000
vt 0.000000 0.010000
vt 0.016890 0.020134
vt 0.018301 0.018429
vt 0.000000 0.010000
vt 0.000000 0.010000
vt 0.014049 0.020981
vt 0.016890 0.020134
vt 0.000000 0.010000
vt 0.000000 0.010000
vt 0.000000 0.021245
vt 0.014049 0.020981
vt 0.000000 0.010000
vt -0.000000 0.010000
vt -0.014049 0.020981
vt 0.000000 0.021245
vt -0.000000 0.010000
vt -0.000000 0.010000
vt -0.016890 0.020134
vt -0.014049 0.020981
vt -0.000000 0.010000
vt -0.000000 0.010000
vt -0.018301 0.018429
vt -0.016890 0.020134
vt -0.000000 0.010000
vt -0.000000 0.010000
vt -0.018741 0.010000
vt -0.018301 0.018429
vt -0.000000 0.010000
vt -0.000000 0.010000
vt -0.018301 0.001571
vt -0.018741 0.010000
vt -0.000000 0.010000
vt -0.000000 0.010000
vt -0.016890 -0.000134
vt -0.018301 0.001571
vt -0.000000 0.010000
vt -0.000000 0.010000
vt -0.014049 -0.000981
vt -0.016890 -0.000134
vt -0.000000 0.010000
vt -0.000000 0.010000
vt -0.000000 -0.001245
vt -0.014049 -0.000981
vt -0.000000 0.010000
vt 0.000000 0.010000
vt 0.014049 -0.000981
vt -0.000000 -0.001245
vt 0.000000 0.010000
vt 0.000000 0.010000
vt 0.016890 -0.000134
vt 0.014049 -0.000981
vt 0.000000 0.010000
vt 0.000000 0.010000
vt 0.018301 0.001571
vt 0.016890 -0.000134
vt 0.000000 0.010000
vt 0.000000 0.010000
vt 0.018741 0.010000
vt 0.018301 0.001571
vt 0.010000 0.006995
vt 0.018429 0.006995
vt 0.020134 0.013394
vt 0.010000 0.013394
vt 0.018429 0.006995
vt 0.020134 0.006995
vt 0.022184 0.013394
vt 0.020134 0.013394
vt 0.016890 0.006995
vt 0.014049 0.006995
vt 0.016890 0.013394
vt 0.020306 0.013394
vt 0.014049 0.006995
vt 0.000000 0.006995
vt 0.000000 0.013394
vt 0.016890 0.013394
vt 0.000000 0.006995
vt -0.014049 0.006995
vt -0.016890 0.013394
vt 0.000000 0.013394
vt -0.014049 0.006995
vt -0.016890 0.006995
vt -0.020306 0.013394
vt -0.016890 0.013394
vt 0.020134 0.006995
vt 0.018429 0.006995
vt 0.020134 0.013394
vt 0.022184 0.013394
vt 0.018429 0.006995
vt 0.010000 0.006995
vt 0.010000 0.013394
vt 0.020134 0.013394
vt 0.010000 0.006995
vt 0.001571 0.006995
vt -0.000134 0.013394
vt 0.010000 0.013394
vt 0.001571 0.006995
vt -0.000134 0.006995
vt -0.002184 0.013394
vt -0.000134 0.013394
vt -0.016890 0.006995
vt -0.014049 0.006995
vt -0.016890 0.013394
vt -0.020306 0.013394
vt -0.014049 0.006995
vt -0.000000 0.006995
vt -0.000000 0.013394
vt -0.016890 0.013394
vt -0.000000 0.006995
vt 0.014049 0.006995
vt 0.016890 0.013394
vt -0.000000 0.013394
vt 0.014049 0.006995
vt 0.016890 0.006995
vt 0.020306 0.013394
vt 0.016890 0.013394
vt -0.000134 0.006995
vt 0.001571 0.006995
vt -0.000134 0.013394
vt -0.002184 0.013394
vt 0.001571 0.006995
vt 0.010000 0.006995
vt 0.010000 0.013394
vt -0.000134 0.013394
vt 0.010000 0.013394
vt 0.020134 0.013394
vt 0.020981 0.026281
vt 0.010000 0.026281
vt 0.020134 0.013394
vt 0.022184 0.013394
vt 0.023201 0.026281
vt 0.020981 0.026281
vt 0.020306 0.013394
vt 0.016890 0.013394
vt 0.018301 0.026281
vt 0.022002 0.026281
vt 0.016890 0.013394
vt 0.000000 0.013394
vt 0.000000 0.026281
vt 0.018301 0.026281
vt 0.000000 0.013394
vt -0.016890 0.013394
vt -0.018301 0.026281
vt 0.000000 0.026281
vt -0.016890 0.013394
vt -0.020306 0.013394
vt -0.022002 0.026281
vt -0.018301 0.026281
vt 0.022184 0.013394
vt 0.020134 0.013394
vt 0.020981 0.026281
vt 0.023201 0.026281
vt 0.020134 0.013394
vt 0.010000 0.013394
vt 0.010000 0.026281
vt 0.020981 0.026281
vt 0.010000 0.013394
vt -0.000134 0.013394
vt -0.000981 0.026281
vt 0.010000 0.026281
vt -0.000134 0.013394
vt -0.002184 0.013394
vt -0.003201 0.026281
vt -0.000981 0.026281
vt -0.020306 0.013394
vt -0.016890 0.013394
vt -0.018301 0.026281
vt -0.022002 0.026281
vt -0.016890 0.013394
vt -0.000000 0.013394
vt -0.000000 0.026281
vt -0.018301 0.026281
vt -0.000000 0.013394
vt 0.016890 0.013394
vt 0.018301 0.026281
vt -0.000000 0.026281
vt 0.016890 0.013394
vt 0.020306 0.013394
vt 0.022002 0.026281
vt 0.018301 0.026281
vt -0.002184 0.013394
vt -0.000134 0.013394
vt -0.000981 0.026281
vt -0.003201 0.026281
vt -0.000134 0.013394
vt 0.010000 0.013394
vt 0.010000 0.026281
vt -0.000981 0.026281
vt 0.010000 0.026281
vt 0.020981 0.026281
vt 0.021245 0.090000
vt 0.010000 0.090000
vt 0.020981 0.026281
vt 0.023201 0.026281
vt 0.023519 0.090000
vt 0.021245 0.090000
vt 0.022002 0.026281
vt 0.018301 0.026281
vt 0.018741 0.090000
vt 0.022531 0.090000
vt 0.018301 0.026281
vt 0.000000 0.026281
vt 0.000000 0.090000
vt 0.018741 0.090000
vt 0.000000 0.026281
vt -0.018301 0.026281
vt -0.018741 0.090000
vt 0.000000 0.090000
vt -0.018301 0.026281
vt -0.022002 0.026281
vt -0.022531 0.090000
vt -0.018741 0.090000
vt 0.023201 0.026281
vt 0.020981 0.026281
vt 0.021245 0.090000
vt 0.023519 0.090000
vt 0.020981 0.026281
vt 0.010000 0.026281
vt 0.010000 0.090000
vt 0.021245 0.090000
vt 0.010000 0.026281
vt -0.000981 0.026281
vt -0.001245 0.090000
vt 0.010000 0.090000
vt -0.000981 0.026281
vt -0.003201 0.026281
vt -0.003519 0.090000
vt -0.001245 0.090000
vt -0.022002 0.026281
vt -0.018301 0.026281
vt -0.018741 0.090000
vt -0.022531 0.090000
vt -0.018301 0.026281
vt -0.000000 0.026281
vt -0.000000 0.090000
vt -0.018741 0.090000
vt -0.000000 0.026281
vt 0.018301 0.026281
vt 0.018741 0.090000
vt -0.000000 0.090000
vt 0.018301 0.026281
vt 0.022002 0.026281
vt 0.022531 0.090000
vt 0.018741 0.090000
vt -0.003201 0.026281
vt -0.000981 0.026281
vt -0.001245 0.090000
vt -0.003519 0.090000
vt -0.000981 0.026281
vt 0.010000 0.026281
vt 0.010000 0.090000
vt -0.001245 0.090000
vt 0.010000 0.090000
vt 0.021245 0.090000
vt 0.020981 0.153719
vt 0.010000 0.153719
vt 0.021245 0.090000
vt 0.023519 0.090000
vt 0.023201 0.153719
vt 0.020981 0.153719
vt 0.022531 0.090000
vt 0.018741 0.090000
vt 0.018301 0.153719
vt 0.022002 0.153719
vt 0.018741 0.090000
vt 0.000000 0.090000
vt 0.000000 0.153719
vt 0.018301 0.153719
vt 0.000000 0.090000
vt -0.018741 0.090000
vt -0.018301 0.153719
vt 0.000000 0.153719
vt -0.018741 0.090000
vt -0.022531 0.090000
vt -0.022002 0.153719
vt -0.018301 0.153719
vt 0.023519 0.090000
vt 0.021245 0.090000
vt 0.020981 0.153719
vt 0.023201 0.153719
vt 0.021245 0.090000
vt 0.010000 0.090000
vt 0.010000 0.153719
vt 0.020981 0.153719
vt 0.010000 0.090000
vt -0.001245 0.090000
vt -0.000981 0.153719
vt 0.010000 0.153719
vt -0.001245 0.090000
vt -0.003519 0.090000
vt -0.003201 0.153719
vt -0.000981 0.153719
vt -0.022531 0.090000
vt -0.018741 0.090000
vt -0.018301 0.153719
vt -0.022002 0.153719
vt -0.018741 0.090000
vt -0.000000 0.090000
vt -0.000000 0.153719
vt -0.018301 0.153719
vt -0.000000 0.090000
vt 0.018741 0.090000
vt 0.018301 0.153719
vt -0.000000 0.153719
vt 0.018741 0.090000
vt 0.022531 0.090000
vt 0.022002 0.153719
vt 0.018301 0.153719
vt -0.003519 0.090000
vt -0.001245 0.090000
vt -0.000981 0.153719
vt -0.003201 0.153719
vt -0.001245 0.090000
vt 0.010000 0.090000
vt 0.010000 0.153719
vt -0.000981 0.153719
vt 0.010000 0.153719
vt 0.020981 0.153719
vt 0.020134 0.166606
vt 0.010000 0.166606
vt 0.020981 0.153719
vt 0.023201 0.153719
vt 0.022184 0.166606
vt 0.020134 0.166606
vt 0.022002 0.153719
vt 0.018301 0.153719
vt 0.016890 0.166606
vt 0.020306 0.166606
vt 0.018301 0.153719
vt 0.000000 0.153719
vt 0.000000 0.166606
vt 0.016890 0.166606
vt 0.000000 0.153719
vt -0.018301 0.153719
vt -0.016890 0.166606
vt 0.000000 0.166606
vt -0.018301 0.153719
vt -0.022002 0.153719
vt -0.020306 0.166606
vt -0.016890 0.166606
vt 0.023201 0.153719
vt 0.020981 0.153719
vt 0.020134 0.166606
vt 0.022184 0.166606
vt 0.020981 0.153719
vt 0.010000 0.153719
vt 0.010000 0.166606
vt 0.020134 0.166606
vt 0.010000 0.153719
vt -0.000981 0.153719
vt -0.000134 0.166606
vt 0.010000 0.166606
vt -0.000981 0.153719
vt -0.003201 0.153719
vt -0.002184 0.166606
vt -0.000134 0.166606
vt -0.022002 0.153719
vt -0.018301 0.153719
vt -0.016890 0.166606
vt -0.020306 0.166606
vt -0.018301 0.153719
vt -0.000000 0.153719
vt -0.000000 0.166606
vt -0.016890 0.166606
vt -0.000000 0.153719
vt 0.018301 0.153719
vt 0.016890 0.166606
vt -0.000000 0.166606
vt 0.018301 0.153719
vt 0.022002 0.153719
vt 0.020306 0.166606
vt 0.016890 0.166606
vt -0.003201 0.153719
vt -0.000981 0.153719
vt -0.000134 0.166606
vt -0.002184 0.166606
vt -0.000981 0.153719
vt 0.010000 0.153719
vt 0.010000 0.166606
vt -0.000134 0.166606
vt 0.010000 0.166606
vt 0.020134 0.166606
vt 0.018429 0.173005
vt 0.010000 0.173005
vt 0.020134 0.166606
vt 0.022184 0.166606
vt 0.020134 0.173005
vt 0.018429 0.173005
vt 0.020306 0.166606
vt 0.016890 0.166606
vt 0.014049 0.173005
vt 0.016890 0.173005
vt 0.016890 0.166606
vt 0.000000 0.166606
vt 0.000000 0.173005
vt 0.014049 0.173005
vt 0.000000 0.166606
vt -0.016890 0.166606
vt -0.014049 0.173005
vt 0.000000 0.173005
vt -0.016890 0.166606
vt -0.020306 0.166606
vt -0.016890 0.173005
vt -0.014049 0.173005
vt 0.022184 0.166606
vt 0.020134 0.166606
vt 0.018429 0.173005
vt 0.020134 0.173005
vt 0.020134 0.166606
vt 0.010000 0.166606
vt 0.010000 0.173005
vt 0.018429 0.173005
vt 0.010000 0.166606
vt -0.000134 0.166606
vt 0.001571 0.173005
vt 0.010000 0.173005
vt -0.000134 0.166606
vt -0.002184 0.166606
vt -0.000134 0.173005
vt 0.001571 0.173005
vt -0.020306 0.166606
vt -0.016890 0.166606
vt -0.014049 0.173005
vt -0.016890 0.173005
vt -0.016890 0.166606
vt -0.000000 0.166606
vt -0.000000 0.173005
vt -0.014049 0.173005
vt -0.000000 0.166606
vt 0.016890 0.166606
vt 0.014049 0.173005
vt -0.000000 0.173005
vt 0.016890 0.166606
vt 0.020306 0.166606
vt 0.016890 0.173005
vt 0.014049 0.173005
vt -0.002184 0.166606
vt -0.000134 0.166606
vt 0.001571 0.173005
vt -0.000134 0.173005
vt -0.000134 0.166606
vt 0.010000 0.166606
vt 0.010000 0.173005
vt 0.001571 0.173005
vt 0.018741 0.010000
vt 0.018301 0.018429
vt 0.000000 0.010000
vt 0.000000 0.010000
vt 0.018301 0.018429
vt 0.016890 0.020134
vt 0.000000 0.010000
vt 0.000000 0.010000
vt 0.016890 0.020134
vt 0.014049 0.020981
vt 0.000000 0.010000
vt 0.000000 0.010000
vt 0.014049 0.020981
vt 0.000000 0.021245
vt 0.000000 0.010000
vt 0.000000 0.010000
vt 0.000000 0.021245
vt -0.014049 0.020981
vt -0.000000 0.010000
vt 0.000000 0.010000
vt -0.014049 0.020981
vt -0.016890 0.020134
vt -0.000000 0.010000
vt -0.000000 0.010000
vt -0.016890 0.020134
vt -0.018301 0.018429
vt -0.000000 0.010000
vt -0.000000 0.010000
vt -0.018301 0.018429
vt -0.018741 0.010000
vt -0.000000 0.010000
vt -0.000000 0.010000
vt -0.018741 0.010000
vt -0.018301 0.001571
vt -0.000000 0.010000
vt -0.000000 0.010000
vt -0.018301 0.001571
vt -0.016890 -0.000134
vt -0.000000 0.010000
vt -0.000000 0.010000
vt -0.016890 -0.000134
vt -0.014049 -0.000981
vt -0.000000 0.010000
vt -0.000000 0.010000
vt -0.014049 -0.000981
vt -0.000000 -0.001245
vt -0.000000 0.010000
vt -0.000000 0.010000
vt -0.000000 -0.001245
vt 0.014049 -0.000981
vt 0.000000 0.010000
vt -0.000000 0.010000
vt 0.014049 -0.000981
vt 0.016890 -0.000134
vt 0.000000 0.010000
vt 0.000000 0.010000
vt 0.016890 -0.000134
vt 0.018301 0.001571
vt 0.000000 0.010000
vt 0.000000 0.010000
vt 0.018301 0.001571
vt 0.018741 0.010000
vt 0.000000 0.010000
vt 0.000000 0.010000
vt 0.000000 0.350000
vt 0.000000 0.350000
vt 0.018301 0.358429
vt 0.018741 0.350000
vt 0.000000 0.350000
vt 0.000000 0.350000
vt 0.016890 0.360134
vt 0.018301 0.358429
vt 0.000000 0.350000
vt 0.000000 0.350000
vt 0.014049 0.360981
vt 0.016890 0.360134
vt 0.000000 0.350000
vt 0.000000 0.350000
vt 0.000000 0.361245
vt 0.014049 0.360981
vt 0.000000 0.350000
vt -0.000000 0.350000
vt -0.014049 0.360981
vt 0.000000 0.361245
vt -0.000000 0.350000
vt -0.000000 0.350000
vt -0.016890 0.360134
vt -0.014049 0.360981
vt -0.000000 0.350000
vt -0.000000 0.350000
vt -0.018301 0.358429
vt -0.016890 0.360134
vt -0.000000 0.350000
vt -0.000000 0.350000
vt -0.018741 0.350000
vt -0.018301 0.358429
vt -0.000000 0.350000
vt -0.000000 0.350000
vt -0.018301 0.341571
vt -0.018741 0.350000
vt -0.000000 0.350000
vt -0.000000 0.350000
vt -0.016890 0.339866
vt -0.018301 0.341571
vt -0.000000 0.350000
vt -0.000000 0.350000
vt -0.014049 0.339019
vt -0.016890 0.339866
vt -0.000000 0.350000
vt -0.000000 0.350000
vt -0.000000 0.338755
vt -0.014049 0.339019
vt -0.000000 0.350000
vt 0.000000 0.350000
vt 0.014049 0.339019
vt -0.000000 0.338755
vt 0.000000 0.350000
vt 0.000000 0.350000
vt 0.016890 0.339866
vt 0.014049 0.339019
vt 0.000000 0.350000
vt 0.000000 0.350000
vt 0.018301 0.341571
vt 0.016890 0.339866
vt 0.000000 0.350000
vt 0.000000 0.350000
vt 0.018741 0.350000
vt 0.018301 0.341571
vt 0.350000 0.006995
vt 0.358429 0.006995
vt 0.360134 0.013394
vt 0.350000 0.013394
vt 0.358429 0.006995
vt 0.360134 0.006995
vt 0.362184 0.013394
vt 0.360134 0.013394
vt 0.016890 0.006995
vt 0.014049 0.006995
vt 0.016890 0.013394
vt 0.020306 0.013394
vt 0.014049 0.006995
vt 0.000000 0.006995
vt 0.000000 0.013394
vt 0.016890 0.013394
vt 0.000000 0.006995
vt -0.014049 0.006995
vt -0.016890 0.013394
vt 0.000000 0.013394
vt -0.014049 0.006995
vt -0.016890 0.006995
vt -0.020306 0.013394
vt -0.016890 0.013394
vt 0.360134 0.006995
vt 0.358429 0.006995
vt 0.360134 0.013394
vt 0.362184 0.013394
vt 0.358429 0.006995
vt 0.350000 0.006995
vt 0.350000 0.013394
vt 0.360134 0.013394
vt 0.350000 0.006995
vt 0.341571 0.006995
vt 0.339866 0.013394
vt 0.350000 0.013394
vt 0.341571 0.006995
vt 0.339866 0.006995
vt 0.337816 0.013394
vt 0.339866 0.013394
vt -0.016890 0.006995
vt -0.014049 0.006995
vt -0.016890 0.013394
vt -0.020306 0.013394
vt -0.014049 0.006995
vt -0.000000 0.006995
vt -0.000000 0.013394
vt -0.016890 0.013394
vt -0.000000 0.006995
vt 0.014049 0.006995
vt 0.016890 0.013394
vt -0.000000 0.013394
vt 0.014049 0.006995
vt 0.016890 0.006995
vt 0.020306 0.013394
vt 0.016890 0.013394
vt 0.339866 0.006995
vt 0.341571 0.006995
vt 0.339866 0.013394
vt 0.337816 0.013394
vt 0.341571 0.006995
vt 0.350000 0.006995
vt 0.350000 0.013394
vt 0.339866 0.013394
vt 0.350000 0.013394
vt 0.360134 0.013394
vt 0.360981 0.026281
vt 0.350000 0.026281
vt 0.360134 0.013394
vt 0.362184 0.013394
vt 0.363201 0.026281
vt 0.360981 0.026281
vt 0.020306 0.013394
vt 0.016890 0.013394
vt 0.018301 0.026281
vt 0.022002 0.026281
vt 0.016890 0.013394
vt 0.000000 0.013394
vt 0.000000 0.026281
vt 0.018301 0.026281
vt 0.000000 0.013394
vt -0.016890 0.013394
vt -0.018301 0.026281
vt 0.000000 0.026281
vt -0.016890 0.013394
vt -0.020306 0.013394
vt -0.022002 0.026281
vt -0.018301 0.026281
vt 0.362184 0.013394
vt 0.360134 0.013394
vt 0.360981 0.026281
vt 0.363201 0.026281
vt 0.360134 0.013394
vt 0.350000 0.013394
vt 0.350000 0.026281
vt 0.360981 0.026281
vt 0.350000 0.013394
vt 0.339866 0.013394
vt 0.339019 0.026281
vt 0.350000 0.026281
vt 0.339866 0.013394
vt 0.337816 0.013394
vt 0.336799 0.026281
vt 0.339019 0.026281
vt -0.020306 0.013394
vt -0.016890 0.013394
vt -0.018301 0.026281
vt -0.022002 0.026281
vt -0.016890 0.013394
vt -0.000000 0.013394
vt -0.000000 0.026281
vt -0.018301 0.026281
vt -0.000000 0.013394
vt 0.016890 0.013394
vt 0.018301 0.026281
vt -0.000000 0.026281
vt 0.016890 0.013394
vt 0.020306 0.013394
vt 0.022002 0.026281
vt 0.018301 0.026281
vt 0.337816 0.013394
vt 0.339866 0.013394
vt 0.339019 0.026281
vt 0.336799 0.026281
vt 0.339866 0.013394
vt 0.350000 0.013394
vt 0.350000 0.026281
vt 0.339019 0.026281
vt 0.350000 0.026281
vt 0.360981 0.026281
vt 0.361245 0.090000
vt 0.350000 0.090000
vt 0.360981 0.026281
vt 0.363201 0.026281
vt 0.363519 0.090000
vt 0.361245 0.090000
vt 0.022002 0.026281
vt 0.018301 0.026281
vt 0.018741 0.090000
vt 0.022531 0.090000
vt 0.018301 0.026281
vt 0.000000 0.026281
vt 0.000000 0.090000
vt 0.018741 0.090000
vt 0.000000 0.026281
vt -0.018301 0.026281
vt -0.018741 0.090000
vt 0.000000 0.090000
vt -0.018301 0.026281
vt -0.022002 0.026281
vt -0.022531 0.090000
vt -0.018741 0.090000
vt 0.363201 0.026281
vt 0.360981 0.026281
vt 0.361245 0.090000
vt 0.363519 0.090000
vt 0.360981 0.026281
vt 0.350000 0.026281
vt 0.350000 0.090000
vt 0.361245 0.090000
vt 0.350000 0.026281
vt 0.339019 0.026281
vt 0.338755 0.090000
vt 0.350000 0.090000
vt 0.339019 0.026281
vt 0.336799 0.026281
vt 0.336481 0.090000
vt 0.338755 0.090000
vt -0.022002 0.026281
vt -0.018301 0.026281
vt -0.018741 0.090000
vt -0.022531 0.090000
vt -0.018301 0.026281
vt -0.000000 0.026281
vt -0.000000 0.090000
vt -0.018741 0.090000
vt -0.000000 0.026281
vt 0.018301 0.026281
vt 0.018741 0.090000
vt -0.000000 0.090000
vt 0.018301 0.026281
vt 0.022002 0.026281
vt 0.022531 0.090000
vt 0.018741 0.090000
vt 0.336799 0.026281
vt 0.339019 0.026281
vt 0.338755 0.090000
vt 0.336481 0.090000
vt 0.339019 0.026281
vt 0.350000 0.026281
vt 0.350000 0.090000
vt 0.338755 0.090000
vt 0.350000 0.090000
vt 0.361245 0.090000
vt 0.360981 0.153719
vt 0.350000 0.153719
vt 0.361245 0.090000
vt 0.363519 0.090000
vt 0.363201 0.153719
vt 0.360981 0.153719
vt 0.022531 0.090000
vt 0.018741 0.090000
vt 0.018301 0.153719
vt 0.022002 0.153719
vt 0.018741 0.090000
vt 0.000000 0.090000
vt 0.000000 0.153719
vt 0.018301 0.153719
vt 0.000000 0.090000
vt -0.018741 0.090000
vt -0.018301 0.153719
vt 0.000000 0.153719
vt -0.018741 0.090000
vt -0.022531 0.090000
vt -0.022002 0.153719
vt -0.018301 0.153719
vt 0.363519 0.090000
vt 0.361245 0.090000
vt 0.360981 0.153719
vt 0.363201 0.153719
vt 0.361245 0.090000
vt 0.350000 0.090000
vt 0.350000 0.153719
vt 0.360981 0.153719
vt 0.350000 0.090000
vt 0.338755 0.090000
vt 0.339019 0.153719
vt 0.350000 0.153719
vt 0.338755 0.090000
vt 0.336481 0.090000
vt 0.336799 0.153719
vt 0.339019 0.153719
vt -0.022531 0.090000
vt -0.018741 0.090000
vt -0.018301 0.153719
vt -0.022002 0.153719
vt -0.018741 0.090000
vt -0.000000 0.090000
vt -0.000000 0.153719
vt -0.018301 0.153719
vt -0.000000 0.090000
vt 0.018741 0.090000
vt 0.018301 0.153719
vt -0.000000 0.153719
vt 0.018741 0.090000
vt 0.022531 0.090000
vt 0.022002 0.153719
vt 0.018301 0.153719
vt 0.336481 0.090000
vt 0.338755 0.090000
vt 0.339019 0.153719
vt 0.336799 0.153719
vt 0.338755 0.090000
vt 0.350000 0.090000
vt 0.350000 0.153719
vt 0.339019 0.153719
vt 0.350000 0.153719
vt 0.360981 0.153719
vt 0.360134 0.166606
vt 0.350000 0.166606
vt 0.360981 0.153719
vt 0.363201 0.153719
vt 0.362184 0.166606
vt 0.360134 0.166606
vt 0.022002 0.153719
vt 0.018301 0.153719
vt 0.016890 0.166606
vt 0.020306 0.166606
vt 0.018301 0.153719
vt 0.000000 0.153719
vt 0.000000 0.166606
vt 0.016890 0.166606
vt 0.000000 0.153719
vt -0.018301 0.153719
vt -0.016890 0.166606
vt 0.000000 0.166606
vt -0.018301 0.153719
vt -0.022002 0.153719
vt -0.020306 0.166606
vt -0.016890 0.166606
vt 0.363201 0.153719
vt 0.360981 0.153719
vt 0.360134 0.166606
vt 0.362184 0.166606
vt 0.360981 0.153719
vt 0.350000 0.153719
vt 0.350000 0.166606
vt 0.360134 0.166606
vt 0.350000 0.153719
vt 0.339019 0.153719
vt 0.339866 0.166606
vt 0.350000 0.166606
vt 0.339019 0.153719
vt 0.336799 0.153719
vt 0.337816 0.166606
vt 0.339866 0.166606
vt -0.022002 0.153719
vt -0.018301 0.153719
vt -0.016890 0.166606
vt -0.020306 0.166606
vt -0.018301 0.153719
vt -0.000000 0.153719
vt -0.000000 0.166606
vt -0.016890 0.166606
vt -0.000000 0.153719
vt 0.018301 0.153719
vt 0.016890 0.166606
vt -0.000000 0.166606
vt 0.018301 0.153719
vt 0.022002 0.153719
vt 0.020306 0.166606
vt 0.016890 0.166606
vt 0.336799 0.153719
vt 0.339019 0.153719
vt 0.339866 0.166606
vt 0.337816 0.166606
vt 0.339019 0.153719
vt 0.350000 0.153719
vt 0.350000 0.166606
vt 0.339866 0.166606
vt 0.350000 0.166606
vt 0.360134 0.166606
vt 0.358429 0.173005
vt 0.350000 0.173005
vt 0.360134 0.166606
vt 0.362184 0.166606
vt 0.360134 0.173005
vt 0.358429 0.173005
vt 0.020306 0.166606
vt 0.016890 0.166606
vt 0.014049 0.173005
vt 0.016890 0.173005
vt 0.016890 0.166606
vt 0.000000 0.166606
vt 0.000000 0.173005
vt 0.014049 0.173005
vt 0.000000 0.166606
vt -0.016890 0.166606
vt -0.014049 0.173005
vt 0.000000 0.173005
vt -0.016890 0.166606
vt -0.020306 0.166606
vt -0.016890 0.173005
vt -0.014049 0.173005
vt 0.362184 0.166606
vt 0.360134 0.166606
vt 0.358429 0.173005
vt 0.360134 0.173005
vt 0.360134 0.166606
vt 0.350000 0.166606
vt 0.350000 0.173005
vt 0.358429 0.173005
vt 0.350000 0.166606
vt 0.339866 0.166606
vt 0.341571 0.173005
vt 0.350000 0.173005
vt 0.339866 0.166606
vt 0.337816 0.166606
vt 0.339866 0.173005
vt 0.341571 0.173005
vt -0.020306 0.166606
vt -0.016890 0.166606
vt -0.014049 0.173005
vt -0.016890 0.173005
vt -0.016890 0.166606
vt -0.000000 0.166606
vt -0.000000 0.173005
vt -0.014049 0.173005
vt -0.000000 0.166606
vt 0.016890 0.166606
vt 0.014049 0.173005
vt -0.000000 0.173005
vt 0.016890 0.166606
vt 0.020306 0.166606
vt 0.016890 0.173005
vt 0.014049 0.173005
vt 0.337816 0.166606
vt 0.339866 0.166606
vt 0.341571 0.173005
vt 0.339866 0.173005
vt 0.339866 0.166606
vt 0.350000 0.166606
vt 0.350000 0.173005
vt 0.341571 0.173005
vt 0.018741 0.350000
vt 0.018301 0.358429
vt 0.000000 0.350000
vt 0.000000 0.350000
vt 0.018301 0.358429
vt 0.016890 0.360134
vt 0.000000 0.350000
vt 0.000000 0.350000
vt 0.016890 0.360134
vt 0.014049 0.360981
vt 0.000000 0.350000
vt 0.000000 0.350000
vt 0.014049 0.360981
vt 0.000000 0.361245
vt 0.000000 0.350000
vt 0.000000 0.350000
vt 0.000000 0.361245
vt -0.014049 0.360981
vt -0.000000 0.350000
vt 0.000000 0.350000
vt -0.014049 0.360981
vt -0.016890 0.360134
vt -0.000000 0.350000
vt -0.000000 0.350000
vt -0.016890 0.360134
vt -0.018301 0.358429
vt -0.000000 0.350000
vt -0.000000 0.350000
vt -0.018301 0.358429
vt -0.018741 0.350000
vt -0.000000 0.350000
vt -0.000000 0.350000
vt -0.018741 0.350000
vt -0.018301 0.341571
vt -0.000000 0.350000
vt -0.000000 0.350000
vt -0.018301 0.341571
vt -0.016890 0.339866
vt -0.000000 0.350000
vt -0.000000 0.350000
vt -0.016890 0.339866
vt -0.014049 0.339019
vt -0.000000 0.350000
vt -0.000000 0.350000
vt -0.014049 0.339019
vt -0.000000 0.338755
vt -0.000000 0.350000
vt -0.000000 0.350000
vt -0.000000 0.338755
vt 0.014049 0.339019
vt 0.000000 0.350000
vt -0.000000 0.350000
vt 0.014049 0.339019
vt 0.016890 0.339866
vt 0.000000 0.350000
vt 0.000000 0.350000
vt 0.016890 0.339866
vt 0.018301 0.341571
vt 0.000000 0.350000
vt 0.000000 0.350000
vt 0.018301 0.341571
vt 0.018741 0.350000
vt 0.000000 0.350000
vt 0.000000 0.350000
vt 0.210000 0.160000
vt 0.200000 0.115000
vt 0.215000 0.040000
vt 0.185000 0.050000
vt 0.165000 0.105000
vt 0.180000 0.160000
vt 0.180000 0.160000
vt 0.165000 0.105000
vt 0.185000 0.050000
vt 0.215000 0.040000
vt 0.200000 0.115000
vt 0.210000 0.160000
vt -0.010000 0.160000
vt -0.010000 0.105000
vt 0.010000 0.105000
vt 0.010000 0.160000
vt -0.010000 0.105000
vt -0.010000 0.050000
vt 0.010000 0.050000
vt 0.010000 0.105000
vt -0.010000 0.185000
vt -0.010000 0.215000
vt 0.010000 0.215000
vt 0.010000 0.185000
vt -0.010000 0.040000
vt -0.010000 0.115000
vt 0.010000 0.115000
vt 0.010000 0.040000
vt -0.010000 0.115000
vt -0.010000 0.160000
vt 0.010000 0.160000
vt 0.010000 0.115000
vt -0.010000 0.210000
vt -0.010000 0.180000
vt 0.010000 0.180000
vt 0.010000 0.210000
f 33/4 34/3 2/2 1/1
f 34/8 35/7 3/6 2/5
f 35/12 36/11 4/10 3/9
f 36/16 37/15 5/14 4/13
f 37/20 38/19 6/18 5/17
f 38/24 39/23 7/22 6/21
f 39/28 40/27 8/26 7/25
f 40/32 41/31 9/30 8/29
f 41/36 42/35 10/34 9/33
f 42/40 43/39 11/38 10/37
f 43/44 44/43 12/42 11/41
f 44/48 45/47 13/46 12/45
f 45/52 46/51 14/50 13/49
f 46/56 47/55 15/54 14/53
f 47/60 48/59 16/58 15/57
f 48/64 49/63 17/62 16/61
f 49/68 50/67 18/66 17/65
f 50/72 51/71 19/70 18/69
f 51/76 52/75 20/74 19/73
f 52/80 53/79 21/78 20/77
f 53/84 54/83 22/82 21/81
f 54/88 55/87 23/86 22/85
f 55/92 56/91 24/90 23/89
f 56/96 57/95 25/94 24/93
f 57/100 58/99 26/98 25/97
f 58/104 59/103 27/102 26/101
f 59/108 60/107 28/106 27/105
f 60/112 61/111 29/110 28/109
f 61/116 62/115 30/114 29/113
f 62/120 63/119 31/118 30/117
f 63/124 64/123 32/122 31/121
f 64/128 33/127 1/126 32/125
f 65/132 66/131 34/130 33/129
f 66/136 67/135 35/134 34/133
f 67/140 68/139 36/138 35/137
f 68/144 69/143 37/142 36/141
f 69/148 70/147 38/146 37/145
f 70/152 71/151 39/150 38/149
f 71/156 72/155 40/154 39/153
f 72/160 73/159 41/158 40/157
f 73/164 74/163 42/162 41/161
f 74/168 75/167 43/166 42/165
f 75/172 76/171 44/170 43/169
f 76/176 77/175 45/174 44/173
f 77/180 78/179 46/178 45/177
f 78/184 79/183 47/182 46/181
f 79/188 80/187 48/186 47/185
f 80/192 81/191 49/190 48/189
f 81/196 82/195 50/194 49/193
f 82/200 83/199 51/198 50/197
f 83/204 84/203 52/202 51/201
f 84/208 85/207 53/206 52/205
f 85/212 86/211 54/210 53/209
f 86/216 87/215 55/214 54/213
f 87/220 88/219 56/218 55/217
f 88/224 89/223 57/222 56/221
f 89/228 90/227 58/226 57/225
f 90/232 91/231 59/230 58/229
f 91/236 92/235 60/234 59/233
f 92/240 93/239 61/238 60/237
f 93/244 94/243 62/242 61/241
f 94/248 95/247 63/246 62/245
f 95/252 96/251 64/250 63/249
f 96/256 65/255 33/254 64/253
f 97/260 98/259 66/258 65/257
f 98/264 99/263 67/262 66/261
f 99/268 100/267 68/266 67/265
f 100/272 101/271 69/270 68/269
f 101/276 102/275 70/274 69/273
f 102/280 103/279 71/278 70/277
f 103/284 104/283 72/282 71/281
f 104/288 105/287 73/286 72/285
f 105/292 106/291 74/290 73/289
f 106/296 107/295 75/294 74/293
f 107/300 108/299 76/298 75/297
f 108/304 109/303 77/302 76/301
f 109/308 110/307 78/306 77/305
f 110/312 111/311 79/310 78/309
f 111/316 112/315 80/314 79/313
f 112/320 113/319 81/318 80/317
f 113/324 114/323 82/322 81/321
f 114/328 115/327 83/326 82/325
f 115/332 116/331 84/330 83/329
f 116/336 117/335 85/334 84/333
f 117/340 118/339 86/338 85/337
f 118/344 119/343 87/342 86/341
f 119/348 120/347 88/346 87/345
f 120/352 121/351 89/350 88/349
f 121/356 122/355 90/354 89/353
f 122/360 123/359 91/358 90/357
f 123/364 124/363 92/362 91/361
f 124/368 125/367 93/366 92/365
f 125/372 126/371 94/370 93/369
f 126/376 127/375 95/374 94/373
f 127/380 128/379 96/378 95/377
f 128/384 97/383 65/382 96/381
f 1/388 2/387 98/386 97/385
f 2/392 3/391 99/390 98/389
f 3/396 4/395 100/394 99/393
f 4/400 5/399 101/398 100/397
f 5/404 6/403 102/402 101/401
f 6/408 7/407 103/406 102/405
f 7/412 8/411 104/410 103/409
f 8/416 9/415 105/414 104/413
f 9/420 10/419 106/418 105/417
f 10/424 11/423 107/422 106/421
f 11/428 12/427 108/426 107/425
f 12/432 13/431 109/430 108/429
f 13/436 14/435 110/434 109/433
f 14/440 15/439 111/438 110/437
f 15/444 16/443 112/442 111/441
f 16/448 17/447 113/446 112/445
f 17/452 18/451 114/450 113/449
f 18/456 19/455 115/454 114/453
f 19/460 20/459 116/458 115/457
f 20/464 21/463 117/462 116/461
f 21/468 22/467 118/466 117/465
f 22/472 23/471 119/470 118/469
f 23/476 24/475 120/474 119/473
f 24/480 25/479 121/478 120/477
f 25/484 26/483 122/482 121/481
f 26/488 27/487 123/486 122/485
f 27/492 28/491 124/490 123/489
f 28/496 29/495 125/494 124/493
f 29/500 30/499 126/498 125/497
f 30/504 31/503 127/502 126/501
f 31/508 32/507 128/506 127/505
f 32/512 1/511 97/510 128/509
f 161/516 162/515 130/514 129/513
f 162/520 163/519 131/518 130/517
f 163/524 164/523 132/522 131/521
f 164/528 165/527 133/526 132/525
f 165/532 166/531 134/530 133/529
f 166/536 167/535 135/534 134/533
f 167/540 168/539 136/538 135/537
f 168/544 169/543 137/542 136/541
f 169/548 170/547 138/546 137/545
f 170/552 171/551 139/550 138/549
f 171/556 172/555 140/554 139/553
f 172/560 173/559 141/558 140/557
f 173/564 174/563 142/562 141/561
f 174/568 175/567 143/566 142/565
f 175/572 176/571 144/570 143/569
f 176/576 177/575 145/574 144/573
f 177/580 178/579 146/578 145/577
f 178/584 179/583 147/582 146/581
f 179/588 180/587 148/586 147/585
f 180/592 181/591 149/590 148/589
f 181/596 182/595 150/594 149/593
f 182/600 183/599 151/598 150/597
f 183/604 184/603 152/602 151/601
f 184/608 185/607 153/606 152/605
f 185/612 186/611 154/610 153/609
f 186/616 187/615 155/614 154/613
f 187/620 188/619 156/618 155/617
f 188/624 189/623 157/622 156/621
f 189/628 190/627 158/626 157/625
f 190/632 191/631 159/630 158/629
f 191/636 192/635 160/634 159/633
f 192/640 161/639 129/638 160/637
f 193/644 194/643 162/642 161/641
f 194/648 195/647 163/646 162/645
f 195/652 196/651 164/650 163/649
f 196/656 197/655 165/654 164/653
f 197/660 198/659 166/658 165/657
f 198/664 199/663 167/662 166/661
f 199/668 200/667 168/666 167/665
f 200/672 201/671 169/670 168/669
f 201/676 202/675 170/674 169/673
f 202/680 203/679 171/678 170/677
f 203/684 204/683 172/682 171/681
f 204/688 205/687 173/686 172/685
f 205/692 206/691 174/690 173/689
f 206/696 207/695 175/694 174/693
f 207/700 208/699 176/698 175/697
f 208/704 209/703 177/702 176/701
f 209/708 210/707 178/706 177/705
f 210/712 211/711 179/710 178/709
f 211/716 212/715 180/714 179/713
f 212/720 213/719 181/718 180/717
f 213/724 214/723 182/722 181/721
f 214/728 215/727 183/726 182/725
f 215/732 216/731 184/730 183/729
f 216/736 217/735 185/734 184/733
f 217/740 218/739 186/738 185/737
f 218/744 219/743 187/742 186/741
f 219/748 220/747 188/746 187/745
f 220/752 221/751 189/750 188/749
f 221/756 222/755 190/754 189/753
f 222/760 223/759 191/758 190/757
f 223/764 224/763 192/762 191/761
f 224/768 193/767 161/766 192/765
f 225/772 226/771 194/770 193/769
f 226/776 227/775 195/774 194/773
f 227/780 228/779 196/778 195/777
f 228/784 229/783 197/782 196/781
f 229/788 230/787 198/786 197/785
f 230/792 231/791 199/790 198/789
f 231/796 232/795 200/794 199/793
f 232/800 233/799 201/798 200/797
f 233/804 234/803 202/802 201/801
f 234/808 235/807 203/806 202/805
f 235/812 236/811 204/810 203/809
f 236/816 237/815 205/814 204/813
f 237/820 238/819 206/818 205/817
f 238/824 239/823 207/822 206/821
f 239/828 240/827 208/826 207/825
f 240/832 241/831 209/830 208/829
f 241/836 242/835 210/834 209/833
f 242/840 243/839 211/838 210/837
f 243/844 244/843 212/842 211/841
f 244/848 245/847 213/846 212/845
f 245/852 246/851 214/850 213/849
f 246/856 247/855 215/854 214/853
f 247/860 248/859 216/858 215/857
f 248/864 249/863 217/862 216/861
f 249/868 250/867 218/866 217/865
f 250/872 251/871 219/870 218/869
f 251/876 252/875 220/874 219/873
f 252/880 253/879 221/878 220/877
f 253/884 254/883 222/882 221/881
f 254/888 255/887 223/886 222/885
f 255/892 256/891 224/890 223/889
f 256/896 225/895 193/894 224/893
f 129/900 130/899 226/898 225/897
f 130/904 131/903 227/902 226/901
f 131/908 132/907 228/906 227/905
f 132/912 133/911 229/910 228/909
f 133/916 134/915 230/914 229/913
f 134/920 135/919 231/918 230/917
f 135/924 136/923 232/922 231/921
f 136/928 137/927 233/926 232/925
f 137/932 138/931 234/930 233/929
f 138/936 139/935 235/934 234/933
f 139/940 140/939 236/938 235/937
f 140/944 141/943 237/942 236/941
f 141/948 142/947 238/946 237/945
f 142/952 143/951 239/950 238/949
f 143/956 144/955 240/954 239/953
f 144/960 145/959 241/958 240/957
f 145/964 146/963 242/962 241/961
f 146/968 147/967 243/966 242/965
f 147/972 148/971 244/970 243/969
f 148/976 149/975 245/974 244/973
f 149/980 150/979 246/978 245/977
f 150/984 151/983 247/982 246/981
f 151/988 152/987 248/986 247/985
f 152/992 153/991 249/990 248/989
f 153/996 154/995 250/994 249/993
f 154/1000 155/999 251/998 250/997
f 155/1004 156/1003 252/1002 251/1001
f 156/1008 157/1007 253/1006 252/1005
f 157/1012 158/1011 254/1010 253/1009
f 158/1016 159/1015 255/1014 254/1013
f 159/1020 160/1019 256/1018 255/1017
f 160/1024 129/1023 225/1022 256/1021
f 289/1028 290/1027 258/1026 257/1025
f 290/1032 291/1031 259/1030 258/1029
f 291/1036 292/1035 260/1034 259/1033
f 292/1040 293/1039 261/1038 260/1037
f 293/1044 294/1043 262/1042 261/1041
f 294/1048 295/1047 263/1046 262/1045
f 295/1052 296/1051 264/1050 263/1049
f 296/1056 297/1055 265/1054 264/1053
f 297/1060 298/1059 266/1058 265/1057
f 298/1064 299/1063 267/1062 266/1061
f 299/1068 300/1067 268/1066 267/1065
f 300/1072 301/1071 269/1070 268/1069
f 301/1076 302/1075 270/1074 269/1073
f 302/1080 303/1079 271/1078 270/1077
f 303/1084 304/1083 272/1082 271/1081
f 304/1088 305/1087 273/1086 272/1085
f 305/1092 306/1091 274/1090 273/1089
f 306/1096 307/1095 275/1094 274/1093
f 307/1100 308/1099 276/1098 275/1097
f 308/1104 309/1103 277/1102 276/1101
f 309/1108 310/1107 278/1106 277/1105
f 310/1112 311/1111 279/1110 278/1109
f 311/1116 312/1115 280/1114 279/1113
f 312/1120 313/1119 281/1118 280/1117
f 313/1124 314/1123 282/1122 281/1121
f 314/1128 315/1127 283/1126 282/1125
f 315/1132 316/1131 284/1130 283/1129
f 316/1136 317/1135 285/1134 284/1133
f 317/1140 318/1139 286/1138 285/1137
f 318/1144 319/1143 287/1142 286/1141
f 319/1148 320/1147 288/1146 287/1145
f 320/1152 289/1151 257/1150 288/1149
f 321/1156 322/1155 290/1154 289/1153
f 322/1160 323/1159 291/1158 290/1157
f 323/1164 324/1163 292/1162 291/1161
f 324/1168 325/1167 293/1166 292/1165
f 325/1172 326/1171 294/1170 293/1169
f 326/1176 327/1175 295/1174 294/1173
f 327/1180 328/1179 296/1178 295/1177
f 328/1184 329/1183 297/1182 296/1181
f 329/1188 330/1187 298/1186 297/1185
f 330/1192 331/1191 299/1190 298/1189
f 331/1196 332/1195 300/1194 299/1193
f 332/1200 333/1199 301/1198 300/1197
f 333/1204 334/1203 302/1202 301/1201
f 334/1208 335/1207 303/1206 302/1205
f 335/1212 336/1211 304/1210 303/1209
f 336/1216 337/1215 305/1214 304/1213
f 337/1220 338/1219 306/1218 305/1217
f 338/1224 339/1223 307/1222 306/1221
f 339/1228 340/1227 308/1226 307/1225
f 340/1232 341/1231 309/1230 308/1229
f 341/1236 342/1235 310/1234 309/1233
f 342/1240 343/1239 311/1238 310/1237
f 343/1244 344/1243 312/1242 311/1241
f 344/1248 345/1247 313/1246 312/1245
f 345/1252 346/1251 314/1250 313/1249
f 346/1256 347/1255 315/1254 314/1253
f 347/1260 348/1259 316/1258 315/1257
f 348/1264 349/1263 317/1262 316/1261
f 349/1268 350/1267 318/1266 317/1265
f 350/1272 351/1271 319/1270 318/1269
f 351/1276 352/1275 320/1274 319/1273
f 352/1280 321/1279 289/1278 320/1277
f 353/1284 354/1283 322/1282 321/1281
f 354/1288 355/1287 323/1286 322/1285
f 355/1292 356/1291 324/1290 323/1289
f 356/1296 357/1295 325/1294 324/1293
f 357/1300 358/1299 326/1298 325/1297
f 358/1304 359/1303 327/1302 326/1301
f 359/1308 360/1307 328/1306 327/1305
f 360/1312 361/1311 329/1310 328/1309
f 361/1316 362/1315 330/1314 329/1313
f 362/1320 363/1319 331/1318 330/1317
f 363/1324 364/1323 332/1322 331/1321
f 364/1328 365/1327 333/1326 332/1325
f 365/1332 366/1331 334/1330 333/1329
f 366/1336 367/1335 335/1334 334/1333
f 367/1340 368/1339 336/1338 335/1337
f 368/1344 369/1343 337/1342 336/1341
f 369/1348 370/1347 338/1346 337/1345
f 370/1352 371/1351 339/1350 338/1349
f 371/1356 372/1355 340/1354 339/1353
f 372/1360 373/1359 341/1358 340/1357
f 373/1364 374/1363 342/1362 341/1361
f 374/1368 375/1367 343/1366 342/1365
f 375/1372 376/1371 344/1370 343/1369
f 376/1376 377/1375 345/1374 344/1373
f 377/1380 378/1379 346/1378 345/1377
f 378/1384 379/1383 347/1382 346/1381
f 379/1388 380/1387 348/1386 347/1385
f 380/1392 381/1391 349/1390 348/1389
f 381/1396 382/1395 350/1394 349/1393
f 382/1400 383/1399 351/1398 350/1397
f 383/1404 384/1403 352/1402 351/1401
f 384/1408 353/1407 321/1406 352/1405
f 257/1412 258/1411 354/1410 353/1409
f 258/1416 259/1415 355/1414 354/1413
f 259/1420 260/1419 356/1418 355/1417
f 260/1424 261/1423 357/1422 356/1421
f 261/1428 262/1427 358/1426 357/1425
f 262/1432 263/1431 359/1430 358/1429
f 263/1436 264/1435 360/1434 359/1433
f 264/1440 265/1439 361/1438 360/1437
f 265/1444 266/1443 362/1442 361/1441
f 266/1448 267/1447 363/1446 362/1445
f 267/1452 268/1451 364/1450 363/1449
f 268/1456 269/1455 365/1454 364/1453
f 269/1460 270/1459 366/1458 365/1457
f 270/1464 271/1463 367/1462 366/1461
f 271/1468 272/1467 368/1466 367/1465
f 272/1472 273/1471 369/1470 368/1469
f 273/1476 274/1475 370/1474 369/1473
f 274/1480 275/1479 371/1478 370/1477
f 275/1484 276/1483 372/1482 371/1481
f 276/1488 277/1487 373/1486 372/1485
f 277/1492 278/1491 374/1490 373/1489
f 278/1496 279/1495 375/1494 374/1493
f 279/1500 280/1499 376/1498 375/1497
f 280/1504 281/1503 377/1502 376/1501
f 281/1508 282/1507 378/1506 377/1505
f 282/1512 283/1511 379/1510 378/1509
f 283/1516 284/1515 380/1514 379/1513
f 284/1520 285/1519 381/1518 380/1517
f 285/1524 286/1523 382/1522 381/1521
f 286/1528 287/1527 383/1526 382/1525
f 287/1532 288/1531 384/1530 383/1529
f 288/1536 257/1535 353/1534 384/1533
f 401/1540 402/1539 386/1538 385/1537
f 402/1544 403/1543 387/1542 386/1541
f 403/1548 404/1547 388/1546 387/1545
f 404/1552 405/1551 389/1550 388/1549
f 405/1556 406/1555 390/1554 389/1553
f 406/1560 407/1559 391/1558 390/1557
f 407/1564 408/1563 392/1562 391/1561
f 408/1568 409/1567 393/1566 392/1565
f 409/1572 410/1571 394/1570 393/1569
f 410/1576 411/1575 395/1574 394/1573
f 411/1580 412/1579 396/1578 395/1577
f 412/1584 413/1583 397/1582 396/1581
f 413/1588 414/1587 398/1586 397/1585
f 414/1592 415/1591 399/1590 398/1589
f 415/1596 416/1595 400/1594 399/1593
f 416/1600 401/1599 385/1598 400/1597
f 417/1604 418/1603 402/1602 401/1601
f 418/1608 419/1607 403/1606 402/1605
f 419/1612 420/1611 404/1610 403/1609
f 420/1616 421/1615 405/1614 404/1613
f 421/1620 422/1619 406/1618 405/1617
f 422/1624 423/1623 407/1622 406/1621
f 423/1628 424/1627 408/1626 407/1625
f 424/1632 425/1631 409/1630 408/1629
f 425/1636 426/1635 410/1634 409/1633
f 426/1640 427/1639 411/1638 410/1637
f 427/1644 428/1643 412/1642 411/1641
f 428/1648 429/1647 413/1646 412/1645
f 429/1652 430/1651 414/1650 413/1649
f 430/1656 431/1655 415/1654 414/1653
f 431/1660 432/1659 416/1658 415/1657
f 432/1664 417/1663 401/1662 416/1661
f 433/1668 434/1667 418/1666 417/1665
f 434/1672 435/1671 419/1670 418/1669
f 435/1676 436/1675 420/1674 419/1673
f 436/1680 437/1679 421/1678 420/1677
f 437/1684 438/1683 422/1682 421/1681
f 438/1688 439/1687 423/1686 422/1685
f 439/1692 440/1691 424/1690 423/1689
f 440/1696 441/1695 425/1694 424/1693
f 441/1700 442/1699 426/1698 425/1697
f 442/1704 443/1703 427/1702 426/1701
f 443/1708 444/1707 428/1706 427/1705
f 444/1712 445/1711 429/1710 428/1709
f 445/1716 446/1715 430/1714 429/1713
f 446/1720 447/1719 431/1718 430/1717
f 447/1724 448/1723 432/1722 431/1721
f 448/1728 433/1727 417/1726 432/1725
f 449/1732 450/1731 434/1730 433/1729
f 450/1736 451/1735 435/1734 434/1733
f 451/1740 452/1739 436/1738 435/1737
f 452/1744 453/1743 437/1742 436/1741
f 453/1748 454/1747 438/1746 437/1745
f 454/1752 455/1751 439/1750 438/1749
f 455/1756 456/1755 440/1754 439/1753
f 456/1760 457/1759 441/1758 440/1757
f 457/1764 458/1763 442/1762 441/1761
f 458/1768 459/1767 443/1766 442/1765
f 459/1772 460/1771 444/1770 443/1769
f 460/1776 461/1775 445/1774 444/1773
f 461/1780 462/1779 446/1778 445/1777
f 462/1784 463/1783 447/1782 446/1781
f 463/1788 464/1787 448/1786 447/1785
f 464/1792 449/1791 433/1790 448/1789
f 465/1796 466/1795 450/1794 449/1793
f 466/1800 467/1799 451/1798 450/1797
f 467/1804 468/1803 452/1802 451/1801
f 468/1808 469/1807 453/1806 452/1805
f 469/1812 470/1811 454/1810 453/1809
f 470/1816 471/1815 455/1814 454/1813
f 471/1820 472/1819 456/1818 455/1817
f 472/1824 473/1823 457/1822 456/1821
f 473/1828 474/1827 458/1826 457/1825
f 474/1832 475/1831 459/1830 458/1829
f 475/1836 476/1835 460/1834 459/1833
f 476/1840 477/1839 461/1838 460/1837
f 477/1844 478/1843 462/1842 461/1841
f 478/1848 479/1847 463/1846 462/1845
f 479/1852 480/1851 464/1850 463/1849
f 480/1856 465/1855 449/1854 464/1853
f 481/1860 482/1859 466/1858 465/1857
f 482/1864 483/1863 467/1862 466/1861
f 483/1868 484/1867 468/1866 467/1865
f 484/1872 485/1871 469/1870 468/1869
f 485/1876 486/1875 470/1874 469/1873
f 486/1880 487/1879 471/1878 470/1877
f 487/1884 488/1883 472/1882 471/1881
f 488/1888 489/1887 473/1886 472/1885
f 489/1892 490/1891 474/1890 473/1889
f 490/1896 491/1895 475/1894 474/1893
f 491/1900 492/1899 476/1898 475/1897
f 492/1904 493/1903 477/1902 476/1901
f 493/1908 494/1907 478/1906 477/1905
f 494/1912 495/1911 479/1910 478/1909
f 495/1916 496/1915 480/1914 479/1913
f 496/1920 481/1919 465/1918 480/1917
f 497/1924 498/1923 482/1922 481/1921
f 498/1928 499/1927 483/1926 482/1925
f 499/1932 500/1931 484/1930 483/1929
f 500/1936 501/1935 485/1934 484/1933
f 501/1940 502/1939 486/1938 485/1937
f 502/1944 503/1943 487/1942 486/1941
f 503/1948 504/1947 488/1946 487/1945
f 504/1952 505/1951 489/1950 488/1949
f 505/1956 506/1955 490/1954 489/1953
f 506/1960 507/1959 491/1958 490/1957
f 507/1964 508/1963 492/1962 491/1961
f 508/1968 509/1967 493/1966 492/1965
f 509/1972 510/1971 494/1970 493/1969
f 510/1976 511/1975 495/1974 494/1973
f 511/1980 512/1979 496/1978 495/1977
f 512/1984 497/1983 481/1982 496/1981
f 513/1988 514/1987 498/1986 497/1985
f 514/1992 515/1991 499/1990 498/1989
f 515/1996 516/1995 500/1994 499/1993
f 516/2000 517/1999 501/1998 500/1997
f 517/2004 518/2003 502/2002 501/2001
f 518/2008 519/2007 503/2006 502/2005
f 519/2012 520/2011 504/2010 503/2009
f 520/2016 521/2015 505/2014 504/2013
f 521/2020 522/2019 506/2018 505/2017
f 522/2024 523/2023 507/2022 506/2021
f 523/2028 524/2027 508/2026 507/2025
f 524/2032 525/2031 509/2030 508/2029
f 525/2036 526/2035 510/2034 509/2033
f 526/2040 527/2039 511/2038 510/2037
f 527/2044 528/2043 512/2042 511/2041
f 528/2048 513/2047 497/2046 512/2045
f 545/2052 546/2051 530/2050 529/2049
f 546/2056 547/2055 531/2054 530/2053
f 547/2060 548/2059 532/2058 531/2057
f 548/2064 549/2063 533/2062 532/2061
f 549/2068 550/2067 534/2066 533/2065
f 550/2072 551/2071 535/2070 534/2069
f 551/2076 552/2075 536/2074 535/2073
f 552/2080 553/2079 537/2078 536/2077
f 553/2084 554/2083 538/2082 537/2081
f 554/2088 555/2087 539/2086 538/2085
f 555/2092 556/2091 540/2090 539/2089
f 556/2096 557/2095 541/2094 540/2093
f 557/2100 558/2099 542/2098 541/2097
f 558/2104 559/2103 543/2102 542/2101
f 559/2108 560/2107 544/2106 543/2105
f 560/2112 545/2111 529/2110 544/2109
f 561/2116 562/2115 546/2114 545/2113
f 562/2120 563/2119 547/2118 546/2117
f 563/2124 564/2123 548/2122 547/2121
f 564/2128 565/2127 549/2126 548/2125
f 565/2132 566/2131 550/2130 549/2129
f 566/2136 567/2135 551/2134 550/2133
f 567/2140 568/2139 552/2138 551/2137
f 568/2144 569/2143 553/2142 552/2141
f 569/2148 570/2147 554/2146 553/2145
f 570/2152 571/2151 555/2150 554/2149
f 571/2156 572/2155 556/2154 555/2153
f 572/2160 573/2159 557/2158 556/2157
f 573/2164 574/2163 558/2162 557/2161
f 574/2168 575/2167 559/2166 558/2165
f 575/2172 576/2171 560/2170 559/2169
f 576/2176 561/2175 545/2174 560/2173
f 577/2180 578/2179 562/2178 561/2177
f 578/2184 579/2183 563/2182 562/2181
f 579/2188 580/2187 564/2186 563/2185
f 580/2192 581/2191 565/2190 564/2189
f 581/2196 582/2195 566/2194 565/2193
f 582/2200 583/2199 567/2198 566/2197
f 583/2204 584/2203 568/2202 567/2201
f 584/2208 585/2207 569/2206 568/2205
f 585/2212 586/2211 570/2210 569/2209
f 586/2216 587/2215 571/2214 570/2213
f 587/2220 588/2219 572/2218 571/2217
f 588/2224 589/2223 573/2222 572/2221
f 589/2228 590/2227 574/2226 573/2225
f 590/2232 591/2231 575/2230 574/2229
f 591/2236 592/2235 576/2234 575/2233
f 592/2240 577/2239 561/2238 576/2237
f 593/2244 594/2243 578/2242 577/2241
f 594/2248 595/2247 579/2246 578/2245
f 595/2252 596/2251 580/2250 579/2249
f 596/2256 597/2255 581/2254 580/2253
f 597/2260 598/2259 582/2258 581/2257
f 598/2264 599/2263 583/2262 582/2261
f 599/2268 600/2267 584/2266 583/2265
f 600/2272 601/2271 585/2270 584/2269
f 601/2276 602/2275 586/2274 585/2273
f 602/2280 603/2279 587/2278 586/2277
f 603/2284 604/2283 588/2282 587/2281
f 604/2288 605/2287 589/2286 588/2285
f 605/2292 606/2291 590/2290 589/2289
f 606/2296 607/2295 591/2294 590/2293
f 607/2300 608/2299 592/2298 591/2297
f 608/2304 593/2303 577/2302 592/2301
f 609/2308 610/2307 594/2306 593/2305
f 610/2312 611/2311 595/2310 594/2309
f 611/2316 612/2315 596/2314 595/2313
f 612/2320 613/2319 597/2318 596/2317
f 613/2324 614/2323 598/2322 597/2321
f 614/2328 615/2327 599/2326 598/2325
f 615/2332 616/2331 600/2330 599/2329
f 616/2336 617/2335 601/2334 600/2333
f 617/2340 618/2339 602/2338 601/2337
f 618/2344 619/2343 603/2342 602/2341
f 619/2348 620/2347 604/2346 603/2345
f 620/2352 621/2351 605/2350 604/2349
f 621/2356 622/2355 606/2354 605/2353
f 622/2360 623/2359 607/2358 606/2357
f 623/2364 624/2363 608/2362 607/2361
f 624/2368 609/2367 593/2366 608/2365
f 625/2372 626/2371 610/2370 609/2369
f 626/2376 627/2375 611/2374 610/2373
f 627/2380 628/2379 612/2378 611/2377
f 628/2384 629/2383 613/2382 612/2381
f 629/2388 630/2387 614/2386 613/2385
f 630/2392 631/2391 615/2390 614/2389
f 631/2396 632/2395 616/2394 615/2393
f 632/2400 633/2399 617/2398 616/2397
f 633/2404 634/2403 618/2402 617/2401
f 634/2408 635/2407 619/2406 618/2405
f 635/2412 636/2411 620/2410 619/2409
f 636/2416 637/2415 621/2414 620/2413
f 637/2420 638/2419 622/2418 621/2417
f 638/2424 639/2423 623/2422 622/2421
f 639/2428 640/2427 624/2426 623/2425
f 640/2432 625/2431 609/2430 624/2429
f 641/2436 642/2435 626/2434 625/2433
f 642/2440 643/2439 627/2438 626/2437
f 643/2444 644/2443 628/2442 627/2441
f 644/2448 645/2447 629/2446 628/2445
f 645/2452 646/2451 630/2450 629/2449
f 646/2456 647/2455 631/2454 630/2453
f 647/2460 648/2459 632/2458 631/2457
f 648/2464 649/2463 633/2462 632/2461
f 649/2468 650/2467 634/2466 633/2465
f 650/2472 651/2471 635/2470 634/2469
f 651/2476 652/2475 636/2474 635/2473
f 652/2480 653/2479 637/2478 636/2477
f 653/2484 654/2483 638/2482 637/2481
f 654/2488 655/2487 639/2486 638/2485
f 655/2492 656/2491 640/2490 639/2489
f 656/2496 641/2495 625/2494 640/2493
f 657/2500 658/2499 642/2498 641/2497
f 658/2504 659/2503 643/2502 642/2501
f 659/2508 660/2507 644/2506 643/2505
f 660/2512 661/2511 645/2510 644/2509
f 661/2516 662/2515 646/2514 645/2513
f 662/2520 663/2519 647/2518 646/2517
f 663/2524 664/2523 648/2522 647/2521
f 664/2528 665/2527 649/2526 648/2525
f 665/2532 666/2531 650/2530 649/2529
f 666/2536 667/2535 651/2534 650/2533
f 667/2540 668/2539 652/2538 651/2537
f 668/2544 669/2543 653/2542 652/2541
f 669/2548 670/2547 654/2546 653/2545
f 670/2552 671/2551 655/2550 654/2549
f 671/2556 672/2555 656/2554 655/2553
f 672/2560 657/2559 641/2558 656/2557
f 689/2564 690/2563 674/2562 673/2561
f 690/2568 691/2567 675/2566 674/2565
f 691/2572 692/2571 676/2570 675/2569
f 692/2576 693/2575 677/2574 676/2573
f 693/2580 694/2579 678/2578 677/2577
f 694/2584 695/2583 679/2582 678/2581
f 695/2588 696/2587 680/2586 679/2585
f 696/2592 697/2591 681/2590 680/2589
f 697/2596 698/2595 682/2594 681/2593
f 698/2600 699/2599 683/2598 682/2597
f 699/2604 700/2603 684/2602 683/2601
f 700/2608 701/2607 685/2606 684/2605
f 701/2612 702/2611 686/2610 685/2609
f 702/2616 703/2615 687/2614 686/2613
f 703/2620 704/2619 688/2618 687/2617
f 704/2624 689/2623 673/2622 688/2621
f 705/2628 706/2627 690/2626 689/2625
f 706/2632 707/2631 691/2630 690/2629
f 707/2636 708/2635 692/2634 691/2633
f 708/2640 709/2639 693/2638 692/2637
f 709/2644 710/2643 694/2642 693/2641
f 710/2648 711/2647 695/2646 694/2645
f 711/2652 712/2651 696/2650 695/2649
f 712/2656 713/2655 697/2654 696/2653
f 713/2660 714/2659 698/2658 697/2657
f 714/2664 715/2663 699/2662 698/2661
f 715/2668 716/2667 700/2666 699/2665
f 716/2672 717/2671 701/2670 700/2669
f 717/2676 718/2675 702/2674 701/2673
f 718/2680 719/2679 703/2678 702/2677
f 719/2684 720/2683 704/2682 703/2681
f 720/2688 705/2687 689/2686 704/2685
f 721/2692 722/2691 706/2690 705/2689
f 722/2696 723/2695 707/2694 706/2693
f 723/2700 724/2699 708/2698 707/2697
f 724/2704 725/2703 709/2702 708/2701
f 725/2708 726/2707 710/2706 709/2705
f 726/2712 727/2711 711/2710 710/2709
f 727/2716 728/2715 712/2714 711/2713
f 728/2720 729/2719 713/2718 712/2717
f 729/2724 730/2723 714/2722 713/2721
f 730/2728 731/2727 715/2726 714/2725
f 731/2732 732/2731 716/2730 715/2729
f 732/2736 733/2735 717/2734 716/2733
f 733/2740 734/2739 718/2738 717/2737
f 734/2744 735/2743 719/2742 718/2741
f 735/2748 736/2747 720/2746 719/2745
f 736/2752 721/2751 705/2750 720/2749
f 737/2756 738/2755 722/2754 721/2753
f 738/2760 739/2759 723/2758 722/2757
f 739/2764 740/2763 724/2762 723/2761
f 740/2768 741/2767 725/2766 724/2765
f 741/2772 742/2771 726/2770 725/2769
f 742/2776 743/2775 727/2774 726/2773
f 743/2780 744/2779 728/2778 727/2777
f 744/2784 745/2783 729/2782 728/2781
f 745/2788 746/2787 730/2786 729/2785
f 746/2792 747/2791 731/2790 730/2789
f 747/2796 748/2795 732/2794 731/2793
f 748/2800 749/2799 733/2798 732/2797
f 749/2804 750/2803 734/2802 733/2801
f 750/2808 751/2807 735/2806 734/2805
f 751/2812 752/2811 736/2810 735/2809
f 752/2816 737/2815 721/2814 736/2813
f 753/2820 754/2819 738/2818 737/2817
f 754/2824 755/2823 739/2822 738/2821
f 755/2828 756/2827 740/2826 739/2825
f 756/2832 757/2831 741/2830 740/2829
f 757/2836 758/2835 742/2834 741/2833
f 758/2840 759/2839 743/2838 742/2837
f 759/2844 760/2843 744/2842 743/2841
f 760/2848 761/2847 745/2846 744/2845
f 761/2852 762/2851 746/2850 745/2849
f 762/2856 763/2855 747/2854 746/2853
f 763/2860 764/2859 748/2858 747/2857
f 764/2864 765/2863 749/2862 748/2861
f 765/2868 766/2867 750/2866 749/2865
f 766/2872 767/2871 751/2870 750/2869
f 767/2876 768/2875 752/2874 751/2873
f 768/2880 753/2879 737/2878 752/2877
f 769/2884 770/2883 754/2882 753/2881
f 770/2888 771/2887 755/2886 754/2885
f 771/2892 772/2891 756/2890 755/2889
f 772/2896 773/2895 757/2894 756/2893
f 773/2900 774/2899 758/2898 757/2897
f 774/2904 775/2903 759/2902 758/2901
f 775/2908 776/2907 760/2906 759/2905
f 776/2912 777/2911 761/2910 760/2909
f 777/2916 778/2915 762/2914 761/2913
f 778/2920 779/2919 763/2918 762/2917
f 779/2924 780/2923 764/2922 763/2921
f 780/2928 781/2927 765/2926 764/2925
f 781/2932 782/2931 766/2930 765/2929
f 782/2936 783/2935 767/2934 766/2933
f 783/2940 784/2939 768/2938 767/2937
f 784/2944 769/2943 753/2942 768/2941
f 785/2948 786/2947 770/2946 769/2945
f 786/2952 787/2951 771/2950 770/2949
f 787/2956 788/2955 772/2954 771/2953
f 788/2960 789/2959 773/2958 772/2957
f 789/2964 790/2963 774/2962 773/2961
f 790/2968 791/2967 775/2966 774/2965
f 791/2972 792/2971 776/2970 775/2969
f 792/2976 793/2975 777/2974 776/2973
f 793/2980 794/2979 778/2978 777/2977
f 794/2984 795/2983 779/2982 778/2981
f 795/2988 796/2987 780/2986 779/2985
f 796/2992 797/2991 781/2990 780/2989
f 797/2996 798/2995 782/2994 781/2993
f 798/3000 799/2999 783/2998 782/2997
f 799/3004 800/3003 784/3002 783/3001
f 800/3008 785/3007 769/3006 784/3005
f 801/3012 802/3011 786/3010 785/3009
f 802/3016 803/3015 787/3014 786/3013
f 803/3020 804/3019 788/3018 787/3017
f 804/3024 805/3023 789/3022 788/3021
f 805/3028 806/3027 790/3026 789/3025
f 806/3032 807/3031 791/3030 790/3029
f 807/3036 808/3035 792/3034 791/3033
f 808/3040 809/3039 793/3038 792/3037
f 809/3044 810/3043 794/3042 793/3041
f 810/3048 811/3047 795/3046 794/3045
f 811/3052 812/3051 796/3050 795/3049
f 812/3056 813/3055 797/3054 796/3053
f 813/3060 814/3059 798/3058 797/3057
f 814/3064 815/3063 799/3062 798/3061
f 815/3068 816/3067 800/3066 799/3065
f 816/3072 801/3071 785/3070 800/3069
f 833/3076 834/3075 818/3074 817/3073
f 834/3080 835/3079 819/3078 818/3077
f 835/3084 836/3083 820/3082 819/3081
f 836/3088 837/3087 821/3086 820/3085
f 837/3092 838/3091 822/3090 821/3089
f 838/3096 839/3095 823/3094 822/3093
f 839/3100 840/3099 824/3098 823/3097
f 840/3104 841/3103 825/3102 824/3101
f 841/3108 842/3107 826/3106 825/3105
f 842/3112 843/3111 827/3110 826/3109
f 843/3116 844/3115 828/3114 827/3113
f 844/3120 845/3119 829/3118 828/3117
f 845/3124 846/3123 830/3122 829/3121
f 846/3128 847/3127 831/3126 830/3125
f 847/3132 848/3131 832/3130 831/3129
f 848/3136 833/3135 817/3134 832/3133
f 849/3140 850/3139 834/3138 833/3137
f 850/3144 851/3143 835/3142 834/3141
f 851/3148 852/3147 836/3146 835/3145
f 852/3152 853/3151 837/3150 836/3149
f 853/3156 854/3155 838/3154 837/3153
f 854/3160 855/3159 839/3158 838/3157
f 855/3164 856/3163 840/3162 839/3161
f 856/3168 857/3167 841/3166 840/3165
f 857/3172 858/3171 842/3170 841/3169
f 858/3176 859/3175 843/3174 842/3173
f 859/3180 860/3179 844/3178 843/3177
f 860/3184 861/3183 845/3182 844/3181
f 861/3188 862/3187 846/3186 845/3185
f 862/3192 863/3191 847/3190 846/3189
f 863/3196 864/3195 848/3194 847/3193
f 864/3200 849/3199 833/3198 848/3197
f 865/3204 866/3203 850/3202 849/3201
f 866/3208 867/3207 851/3206 850/3205
f 867/3212 868/3211 852/3210 851/3209
f 868/3216 869/3215 853/3214 852/3213
f 869/3220 870/3219 854/3218 853/3217
f 870/3224 871/3223 855/3222 854/3221
f 871/3228 872/3227 856/3226 855/3225
f 872/3232 873/3231 857/3230 856/3229
f 873/3236 874/3235 858/3234 857/3233
f 874/3240 875/3239 859/3238 858/3237
f 875/3244 876/3243 860/3242 859/3241
f 876/3248 877/3247 861/3246 860/3245
f 877/3252 878/3251 862/3250 861/3249
f 878/3256 879/3255 863/3254 862/3253
f 879/3260 880/3259 864/3258 863/3257
f 880/3264 865/3263 849/3262 864/3261
f 881/3268 882/3267 866/3266 865/3265
f 882/3272 883/3271 867/3270 866/3269
f 883/3276 884/3275 868/3274 867/3273
f 884/3280 885/3279 869/3278 868/3277
f 885/3284 886/3283 870/3282 869/3281
f 886/3288 887/3287 871/3286 870/3285
f 887/3292 888/3291 872/3290 871/3289
f 888/3296 889/3295 873/3294 872/3293
f 889/3300 890/3299 874/3298 873/3297
f 890/3304 891/3303 875/3302 874/3301
f 891/3308 892/3307 876/3306 875/3305
f 892/3312 893/3311 877/3310 876/3309
f 893/3316 894/3315 878/3314 877/3313
f 894/3320 895/3319 879/3318 878/3317
f 895/3324 896/3323 880/3322 879/3321
f 896/3328 881/3327 865/3326 880/3325
f 897/3332 898/3331 882/3330 881/3329
f 898/3336 899/3335 883/3334 882/3333
f 899/3340 900/3339 884/3338 883/3337
f 900/3344 901/3343 885/3342 884/3341
f 901/3348 902/3347 886/3346 885/3345
f 902/3352 903/3351 887/3350 886/3349
f 903/3356 904/3355 888/3354 887/3353
f 904/3360 905/3359 889/3358 888/3357
f 905/3364 906/3363 890/3362 889/3361
f 906/3368 907/3367 891/3366 890/3365
f 907/3372 908/3371 892/3370 891/3369
f 908/3376 909/3375 893/3374 892/3373
f 909/3380 910/3379 894/3378 893/3377
f 910/3384 911/3383 895/3382 894/3381
f 911/3388 912/3387 896/3386 895/3385
f 912/3392 897/3391 881/3390 896/3389
f 913/3396 914/3395 898/3394 897/3393
f 914/3400 915/3399 899/3398 898/3397
f 915/3404 916/3403 900/3402 899/3401
f 916/3408 917/3407 901/3406 900/3405
f 917/3412 918/3411 902/3410 901/3409
f 918/3416 919/3415 903/3414 902/3413
f 919/3420 920/3419 904/3418 903/3417
f 920/3424 921/3423 905/3422 904/3421
f 921/3428 922/3427 906/3426 905/3425
f 922/3432 923/3431 907/3430 906/3429
f 923/3436 924/3435 908/3434 907/3433
f 924/3440 925/3439 909/3438 908/3437
f 925/3444 926/3443 910/3442 909/3441
f 926/3448 927/3447 911/3446 910/3445
f 927/3452 928/3451 912/3450 911/3449
f 928/3456 913/3455 897/3454 912/3453
f 929/3460 930/3459 914/3458 913/3457
f 930/3464 931/3463 915/3462 914/3461
f 931/3468 932/3467 916/3466 915/3465
f 932/3472 933/3471 917/3470 916/3469
f 933/3476 934/3475 918/3474 917/3473
f 934/3480 935/3479 919/3478 918/3477
f 935/3484 936/3483 920/3482 919/3481
f 936/3488 937/3487 921/3486 920/3485
f 937/3492 938/3491 922/3490 921/3489
f 938/3496 939/3495 923/3494 922/3493
f 939/3500 940/3499 924/3498 923/3497
f 940/3504 941/3503 925/3502 924/3501
f 941/3508 942/3507 926/3506 925/3505
f 942/3512 943/3511 927/3510 926/3509
f 943/3516 944/3515 928/3514 927/3513
f 944/3520 929/3519 913/3518 928/3517
f 945/3524 946/3523 930/3522 929/3521
f 946/3528 947/3527 931/3526 930/3525
f 947/3532 948/3531 932/3530 931/3529
f 948/3536 949/3535 933/3534 932/3533
f 949/3540 950/3539 934/3538 933/3537
f 950/3544 951/3543 935/3542 934/3541
f 951/3548 952/3547 936/3546 935/3545
f 952/3552 953/3551 937/3550 936/3549
f 953/3556 954/3555 938/3554 937/3553
f 954/3560 955/3559 939/3558 938/3557
f 955/3564 956/3563 940/3562 939/3561
f 956/3568 957/3567 941/3566 940/3565
f 957/3572 958/3571 942/3570 941/3569
f 958/3576 959/3575 943/3574 942/3573
f 959/3580 960/3579 944/3578 943/3577
f 960/3584 945/3583 929/3582 944/3581
f 977/3588 978/3587 962/3586 961/3585
f 978/3592 979/3591 963/3590 962/3589
f 979/3596 980/3595 964/3594 963/3593
f 980/3600 981/3599 965/3598 964/3597
f 981/3604 982/3603 966/3602 965/3601
f 982/3608 983/3607 967/3606 966/3605
f 983/3612 984/3611 968/3610 967/3609
f 984/3616 985/3615 969/3614 968/3613
f 985/3620 986/3619 970/3618 969/3617
f 986/3624 987/3623 971/3622 970/3621
f 987/3628 988/3627 972/3626 971/3625
f 988/3632 989/3631 973/3630 972/3629
f 989/3636 990/3635 974/3634 973/3633
f 990/3640 991/3639 975/3638 974/3637
f 991/3644 992/3643 976/3642 975/3641
f 992/3648 977/3647 961/3646 976/3645
f 993/3652 994/3651 978/3650 977/3649
f 994/3656 995/3655 979/3654 978/3653
f 995/3660 996/3659 980/3658 979/3657
f 996/3664 997/3663 981/3662 980/3661
f 997/3668 998/3667 982/3666 981/3665
f 998/3672 999/3671 983/3670 982/3669
f 999/3676 1000/3675 984/3674 983/3673
f 1000/3680 1001/3679 985/3678 984/3677
f 1001/3684 1002/3683 986/3682 985/3681
f 1002/3688 1003/3687 987/3686 986/3685
f 1003/3692 1004/3691 988/3690 987/3689
f 1004/3696 1005/3695 989/3694 988/3693
f 1005/3700 1006/3699 990/3698 989/3697
f 1006/3704 1007/3703 991/3702 990/3701
f 1007/3708 1008/3707 992/3706 991/3705
f 1008/3712 993/3711 977/3710 992/3709
f 1009/3716 1010/3715 994/3714 993/3713
f 1010/3720 1011/3719 995/3718 994/3717
f 1011/3724 1012/3723 996/3722 995/3721
f 1012/3728 1013/3727 997/3726 996/3725
f 1013/3732 1014/3731 998/3730 997/3729
f 1014/3736 1015/3735 999/3734 998/3733
f 1015/3740 1016/3739 1000/3738 999/3737
f 1016/3744 1017/3743 1001/3742 1000/3741
f 1017/3748 1018/3747 1002/3746 1001/3745
f 1018/3752 1019/3751 1003/3750 1002/3749
f 1019/3756 1020/3755 1004/3754 1003/3753
f 1020/3760 1021/3759 1005/3758 1004/3757
f 1021/3764 1022/3763 1006/3762 1005/3761
f 1022/3768 1023/3767 1007/3766 1006/3765
f 1023/3772 1024/3771 1008/3770 1007/3769
f 1024/3776 1009/3775 993/3774 1008/3773
f 1025/3780 1026/3779 1010/3778 1009/3777
f 1026/3784 1027/3783 1011/3782 1010/3781
f 1027/3788 1028/3787 1012/3786 1011/3785
f 1028/3792 1029/3791 1013/3790 1012/3789
f 1029/3796 1030/3795 1014/3794 1013/3793
f 1030/3800 1031/3799 1015/3798 1014/3797
f 1031/3804 1032/3803 1016/3802 1015/3801
f 1032/3808 1033/3807 1017/3806 1016/3805
f 1033/3812 1034/3811 1018/3810 1017/3809
f 1034/3816 1035/3815 1019/3814 1018/3813
f 1035/3820 1036/3819 1020/3818 1019/3817
f 1036/3824 1037/3823 1021/3822 1020/3821
f 1037/3828 1038/3827 1022/3826 1021/3825
f 1038/3832 1039/3831 1023/3830 1022/3829
f 1039/3836 1040/3835 1024/3834 1023/3833
f 1040/3840 1025/3839 1009/3838 1024/3837
f 1041/3844 1042/3843 1026/3842 1025/3841
f 1042/3848 1043/3847 1027/3846 1026/3845
f 1043/3852 1044/3851 1028/3850 1027/3849
f 1044/3856 1045/3855 1029/3854 1028/3853
f 1045/3860 1046/3859 1030/3858 1029/3857
f 1046/3864 1047/3863 1031/3862 1030/3861
f 1047/3868 1048/3867 1032/3866 1031/3865
f 1048/3872 1049/3871 1033/3870 1032/3869
f 1049/3876 1050/3875 1034/3874 1033/3873
f 1050/3880 1051/3879 1035/3878 1034/3877
f 1051/3884 1052/3883 1036/3882 1035/3881
f 1052/3888 1053/3887 1037/3886 1036/3885
f 1053/3892 1054/3891 1038/3890 1037/3889
f 1054/3896 1055/3895 1039/3894 1038/3893
f 1055/3900 1056/3899 1040/3898 1039/3897
f 1056/3904 1041/3903 1025/3902 1040/3901
f 1057/3908 1058/3907 1042/3906 1041/3905
f 1058/3912 1059/3911 1043/3910 1042/3909
f 1059/3916 1060/3915 1044/3914 1043/3913
f 1060/3920 1061/3919 1045/3918 1044/3917
f 1061/3924 1062/3923 1046/3922 1045/3921
f 1062/3928 1063/3927 1047/3926 1046/3925
f 1063/3932 1064/3931 1048/3930 1047/3929
f 1064/3936 1065/3935 1049/3934 1048/3933
f 1065/3940 1066/3939 1050/3938 1049/3937
f 1066/3944 1067/3943 1051/3942 1050/3941
f 1067/3948 1068/3947 1052/3946 1051/3945
f 1068/3952 1069/3951 1053/3950 1052/3949
f 1069/3956 1070/3955 1054/3954 1053/3953
f 1070/3960 1071/3959 1055/3958 1054/3957
f 1071/3964 1072/3963 1056/3962 1055/3961
f 1072/3968 1057/3967 1041/3966 1056/3965
f 1073/3972 1074/3971 1058/3970 1057/3969
f 1074/3976 1075/3975 1059/3974 1058/3973
f 1075/3980 1076/3979 1060/3978 1059/3977
f 1076/3984 1077/3983 1061/3982 1060/3981
f 1077/3988 1078/3987 1062/3986 1061/3985
f 1078/3992 1079/3991 1063/3990 1062/3989
f 1079/3996 1080/3995 1064/3994 1063/3993
f 1080/4000 1081/3999 1065/3998 1064/3997
f 1081/4004 1082/4003 1066/4002 1065/4001
f 1082/4008 1083/4007 1067/4006 1066/4005
f 1083/4012 1084/4011 1068/4010 1067/4009
f 1084/4016 1085/4015 1069/4014 1068/4013
f 1085/4020 1086/4019 1070/4018 1069/4017
f 1086/4024 1087/4023 1071/4022 1070/4021
f 1087/4028 1088/4027 1072/4026 1071/4025
f 1088/4032 1073/4031 1057/4030 1072/4029
f 1089/4036 1090/4035 1074/4034 1073/4033
f 1090/4040 1091/4039 1075/4038 1074/4037
f 1091/4044 1092/4043 1076/4042 1075/4041
f 1092/4048 1093/4047 1077/4046 1076/4045
f 1093/4052 1094/4051 1078/4050 1077/4049
f 1094/4056 1095/4055 1079/4054 1078/4053
f 1095/4060 1096/4059 1080/4058 1079/4057
f 1096/4064 1097/4063 1081/4062 1080/4061
f 1097/4068 1098/4067 1082/4066 1081/4065
f 1098/4072 1099/4071 1083/4070 1082/4069
f 1099/4076 1100/4075 1084/4074 1083/4073
f 1100/4080 1101/4079 1085/4078 1084/4077
f 1101/4084 1102/4083 1086/4082 1085/4081
f 1102/4088 1103/4087 1087/4086 1086/4085
f 1103/4092 1104/4091 1088/4090 1087/4089
f 1104/4096 1089/4095 1073/4094 1088/4093
f 1137/4100 1138/4099 1106/4098 1105/4097
f 1138/4104 1139/4103 1107/4102 1106/4101
f 1139/4108 1140/4107 1108/4106 1107/4105
f 1140/4112 1141/4111 1109/4110 1108/4109
f 1141/4116 1142/4115 1110/4114 1109/4113
f 1142/4120 1143/4119 1111/4118 1110/4117
f 1143/4124 1144/4123 1112/4122 1111/4121
f 1144/4128 1145/4127 1113/4126 1112/4125
f 1145/4132 1146/4131 1114/4130 1113/4129
f 1146/4136 1147/4135 1115/4134 1114/4133
f 1147/4140 1148/4139 1116/4138 1115/4137
f 1148/4144 1149/4143 1117/4142 1116/4141
f 1149/4148 1150/4147 1118/4146 1117/4145
f 1150/4152 1151/4151 1119/4150 1118/4149
f 1151/4156 1152/4155 1120/4154 1119/4153
f 1152/4160 1153/4159 1121/4158 1120/4157
f 1153/4164 1154/4163 1122/4162 1121/4161
f 1154/4168 1155/4167 1123/4166 1122/4165
f 1155/4172 1156/4171 1124/4170 1123/4169
f 1156/4176 1157/4175 1125/4174 1124/4173
f 1157/4180 1158/4179 1126/4178 1125/4177
f 1158/4184 1159/4183 1127/4182 1126/4181
f 1159/4188 1160/4187 1128/4186 1127/4185
f 1160/4192 1161/4191 1129/4190 1128/4189
f 1161/4196 1162/4195 1130/4194 1129/4193
f 1162/4200 1163/4199 1131/4198 1130/4197
f 1163/4204 1164/4203 1132/4202 1131/4201
f 1164/4208 1165/4207 1133/4206 1132/4205
f 1165/4212 1166/4211 1134/4210 1133/4209
f 1166/4216 1167/4215 1135/4214 1134/4213
f 1167/4220 1168/4219 1136/4218 1135/4217
f 1168/4224 1137/4223 1105/4222 1136/4221
f 1169/4228 1170/4227 1138/4226 1137/4225
f 1170/4232 1171/4231 1139/4230 1138/4229
f 1171/4236 1172/4235 1140/4234 1139/4233
f 1172/4240 1173/4239 1141/4238 1140/4237
f 1173/4244 1174/4243 1142/4242 1141/4241
f 1174/4248 1175/4247 1143/4246 1142/4245
f 1175/4252 1176/4251 1144/4250 1143/4249
f 1176/4256 1177/4255 1145/4254 1144/4253
f 1177/4260 1178/4259 1146/4258 1145/4257
f 1178/4264 1179/4263 1147/4262 1146/4261
f 1179/4268 1180/4267 1148/4266 1147/4265
f 1180/4272 1181/4271 1149/4270 1148/4269
f 1181/4276 1182/4275 1150/4274 1149/4273
f 1182/4280 1183/4279 1151/4278 1150/4277
f 1183/4284 1184/4283 1152/4282 1151/4281
f 1184/4288 1185/4287 1153/4286 1152/4285
f 1185/4292 1186/4291 1154/4290 1153/4289
f 1186/4296 1187/4295 1155/4294 1154/4293
f 1187/4300 1188/4299 1156/4298 1155/4297
f 1188/4304 1189/4303 1157/4302 1156/4301
f 1189/4308 1190/4307 1158/4306 1157/4305
f 1190/4312 1191/4311 1159/4310 1158/4309
f 1191/4316 1192/4315 1160/4314 1159/4313
f 1192/4320 1193/4319 1161/4318 1160/4317
f 1193/4324 1194/4323 1162/4322 1161/4321
f 1194/4328 1195/4327 1163/4326 1162/4325
f 1195/4332 1196/4331 1164/4330 1163/4329
f 1196/4336 1197/4335 1165/4334 1164/4333
f 1197/4340 1198/4339 1166/4338 1165/4337
f 1198/4344 1199/4343 1167/4342 1166/4341
f 1199/4348 1200/4347 1168/4346 1167/4345
f 1200/4352 1169/4351 1137/4350 1168/4349
f 1201/4356 1202/4355 1170/4354 1169/4353
f 1202/4360 1203/4359 1171/4358 1170/4357
f 1203/4364 1204/4363 1172/4362 1171/4361
f 1204/4368 1205/4367 1173/4366 1172/4365
f 1205/4372 1206/4371 1174/4370 1173/4369
f 1206/4376 1207/4375 1175/4374 1174/4373
f 1207/4380 1208/4379 1176/4378 1175/4377
f 1208/4384 1209/4383 1177/4382 1176/4381
f 1209/4388 1210/4387 1178/4386 1177/4385
f 1210/4392 1211/4391 1179/4390 1178/4389
f 1211/4396 1212/4395 1180/4394 1179/4393
f 1212/4400 1213/4399 1181/4398 1180/4397
f 1213/4404 1214/4403 1182/4402 1181/4401
f 1214/4408 1215/4407 1183/4406 1182/4405
f 1215/4412 1216/4411 1184/4410 1183/4409
f 1216/4416 1217/4415 1185/4414 1184/4413
f 1217/4420 1218/4419 1186/4418 1185/4417
f 1218/4424 1219/4423 1187/4422 1186/4421
f 1219/4428 1220/4427 1188/4426 1187/4425
f 1220/4432 1221/4431 1189/4430 1188/4429
f 1221/4436 1222/4435 1190/4434 1189/4433
f 1222/4440 1223/4439 1191/4438 1190/4437
f 1223/4444 1224/4443 1192/4442 1191/4441
f 1224/4448 1225/4447 1193/4446 1192/4445
f 1225/4452 1226/4451 1194/4450 1193/4449
f 1226/4456 1227/4455 1195/4454 1194/4453
f 1227/4460 1228/4459 1196/4458 1195/4457
f 1228/4464 1229/4463 1197/4462 1196/4461
f 1229/4468 1230/4467 1198/4466 1197/4465
f 1230/4472 1231/4471 1199/4470 1198/4469
f 1231/4476 1232/4475 1200/4474 1199/4473
f 1232/4480 1201/4479 1169/4478 1200/4477
f 1105/4484 1106/4483 1202/4482 1201/4481
f 1106/4488 1107/4487 1203/4486 1202/4485
f 1107/4492 1108/4491 1204/4490 1203/4489
f 1108/4496 1109/4495 1205/4494 1204/4493
f 1109/4500 1110/4499 1206/4498 1205/4497
f 1110/4504 1111/4503 1207/4502 1206/4501
f 1111/4508 1112/4507 1208/4506 1207/4505
f 1112/4512 1113/4511 1209/4510 1208/4509
f 1113/4516 1114/4515 1210/4514 1209/4513
f 1114/4520 1115/4519 1211/4518 1210/4517
f 1115/4524 1116/4523 1212/4522 1211/4521
f 1116/4528 1117/4527 1213/4526 1212/4525
f 1117/4532 1118/4531 1214/4530 1213/4529
f 1118/4536 1119/4535 1215/4534 1214/4533
f 1119/4540 1120/4539 1216/4538 1215/4537
f 1120/4544 1121/4543 1217/4542 1216/4541
f 1121/4548 1122/4547 1218/4546 1217/4545
f 1122/4552 1123/4551 1219/4550 1218/4549
f 1123/4556 1124/4555 1220/4554 1219/4553
f 1124/4560 1125/4559 1221/4558 1220/4557
f 1125/4564 1126/4563 1222/4562 1221/4561
f 1126/4568 1127/4567 1223/4566 1222/4565
f 1127/4572 1128/4571 1224/4570 1223/4569
f 1128/4576 1129/4575 1225/4574 1224/4573
f 1129/4580 1130/4579 1226/4578 1225/4577
f 1130/4584 1131/4583 1227/4582 1226/4581
f 1131/4588 1132/4587 1228/4586 1227/4585
f 1132/4592 1133/4591 1229/4590 1228/4589
f 1133/4596 1134/4595 1230/4594 1229/4593
f 1134/4600 1135/4599 1231/4598 1230/4597
f 1135/4604 1136/4603 1232/4602 1231/4601
f 1136/4608 1105/4607 1201/4606 1232/4605
f 1249/4612 1250/4611 1234/4610 1233/4609
f 1250/4616 1251/4615 1235/4614 1234/4613
f 1251/4620 1252/4619 1236/4618 1235/4617
f 1252/4624 1253/4623 1237/4622 1236/4621
f 1253/4628 1254/4627 1238/4626 1237/4625
f 1254/4632 1255/4631 1239/4630 1238/4629
f 1255/4636 1256/4635 1240/4634 1239/4633
f 1256/4640 1257/4639 1241/4638 1240/4637
f 1257/4644 1258/4643 1242/4642 1241/4641
f 1258/4648 1259/4647 1243/4646 1242/4645
f 1259/4652 1260/4651 1244/4650 1243/4649
f 1260/4656 1261/4655 1245/4654 1244/4653
f 1261/4660 1262/4659 1246/4658 1245/4657
f 1262/4664 1263/4663 1247/4662 1246/4661
f 1263/4668 1264/4667 1248/4666 1247/4665
f 1264/4672 1249/4671 1233/4670 1248/4669
f 1265/4676 1266/4675 1250/4674 1249/4673
f 1266/4680 1267/4679 1251/4678 1250/4677
f 1267/4684 1268/4683 1252/4682 1251/4681
f 1268/4688 1269/4687 1253/4686 1252/4685
f 1269/4692 1270/4691 1254/4690 1253/4689
f 1270/4696 1271/4695 1255/4694 1254/4693
f 1271/4700 1272/4699 1256/4698 1255/4697
f 1272/4704 1273/4703 1257/4702 1256/4701
f 1273/4708 1274/4707 1258/4706 1257/4705
f 1274/4712 1275/4711 1259/4710 1258/4709
f 1275/4716 1276/4715 1260/4714 1259/4713
f 1276/4720 1277/4719 1261/4718 1260/4717
f 1277/4724 1278/4723 1262/4722 1261/4721
f 1278/4728 1279/4727 1263/4726 1262/4725
f 1279/4732 1280/4731 1264/4730 1263/4729
f 1280/4736 1265/4735 1249/4734 1264/4733
f 1281/4740 1282/4739 1266/4738 1265/4737
f 1282/4744 1283/4743 1267/4742 1266/4741
f 1283/4748 1284/4747 1268/4746 1267/4745
f 1284/4752 1285/4751 1269/4750 1268/4749
f 1285/4756 1286/4755 1270/4754 1269/4753
f 1286/4760 1287/4759 1271/4758 1270/4757
f 1287/4764 1288/4763 1272/4762 1271/4761
f 1288/4768 1289/4767 1273/4766 1272/4765
f 1289/4772 1290/4771 1274/4770 1273/4769
f 1290/4776 1291/4775 1275/4774 1274/4773
f 1291/4780 1292/4779 1276/4778 1275/4777
f 1292/4784 1293/4783 1277/4782 1276/4781
f 1293/4788 1294/4787 1278/4786 1277/4785
f 1294/4792 1295/4791 1279/4790 1278/4789
f 1295/4796 1296/4795 1280/4794 1279/4793
f 1296/4800 1281/4799 1265/4798 1280/4797
f 1297/4804 1298/4803 1282/4802 1281/4801
f 1298/4808 1299/4807 1283/4806 1282/4805
f 1299/4812 1300/4811 1284/4810 1283/4809
f 1300/4816 1301/4815 1285/4814 1284/4813
f 1301/4820 1302/4819 1286/4818 1285/4817
f 1302/4824 1303/4823 1287/4822 1286/4821
f 1303/4828 1304/4827 1288/4826 1287/4825
f 1304/4832 1305/4831 1289/4830 1288/4829
f 1305/4836 1306/4835 1290/4834 1289/4833
f 1306/4840 1307/4839 1291/4838 1290/4837
f 1307/4844 1308/4843 1292/4842 1291/4841
f 1308/4848 1309/4847 1293/4846 1292/4845
f 1309/4852 1310/4851 1294/4850 1293/4849
f 1310/4856 1311/4855 1295/4854 1294/4853
f 1311/4860 1312/4859 1296/4858 1295/4857
f 1312/4864 1297/4863 1281/4862 1296/4861
f 1313/4868 1314/4867 1298/4866 1297/4865
f 1314/4872 1315/4871 1299/4870 1298/4869
f 1315/4876 1316/4875 1300/4874 1299/4873
f 1316/4880 1317/4879 1301/4878 1300/4877
f 1317/4884 1318/4883 1302/4882 1301/4881
f 1318/4888 1319/4887 1303/4886 1302/4885
f 1319/4892 1320/4891 1304/4890 1303/4889
f 1320/4896 1321/4895 1305/4894 1304/4893
f 1321/4900 1322/4899 1306/4898 1305/4897
f 1322/4904 1323/4903 1307/4902 1306/4901
f 1323/4908 1324/4907 1308/4906 1307/4905
f 1324/4912 1325/4911 1309/4910 1308/4909
f 1325/4916 1326/4915 1310/4914 1309/4913
f 1326/4920 1327/4919 1311/4918 1310/4917
f 1327/4924 1328/4923 1312/4922 1311/4921
f 1328/4928 1313/4927 1297/4926 1312/4925
f 1329/4932 1330/4931 1314/4930 1313/4929
f 1330/4936 1331/4935 1315/4934 1314/4933
f 1331/4940 1332/4939 1316/4938 1315/4937
f 1332/4944 1333/4943 1317/4942 1316/4941
f 1333/4948 1334/4947 1318/4946 1317/4945
f 1334/4952 1335/4951 1319/4950 1318/4949
f 1335/4956 1336/4955 1320/4954 1319/4953
f 1336/4960 1337/4959 1321/4958 1320/4957
f 1337/4964 1338/4963 1322/4962 1321/4961
f 1338/4968 1339/4967 1323/4966 1322/4965
f 1339/4972 1340/4971 1324/4970 1323/4969
f 1340/4976 1341/4975 1325/4974 1324/4973
f 1341/4980 1342/4979 1326/4978 1325/4977
f 1342/4984 1343/4983 1327/4982 1326/4981
f 1343/4988 1344/4987 1328/4986 1327/4985
f 1344/4992 1329/4991 1313/4990 1328/4989
f 1345/4996 1346/4995 1330/4994 1329/4993
f 1346/5000 1347/4999 1331/4998 1330/4997
f 1347/5004 1348/5003 1332/5002 1331/5001
f 1348/5008 1349/5007 1333/5006 1332/5005
f 1349/5012 1350/5011 1334/5010 1333/5009
f 1350/5016 1351/5015 1335/5014 1334/5013
f 1351/5020 1352/5019 1336/5018 1335/5017
f 1352/5024 1353/5023 1337/5022 1336/5021
f 1353/5028 1354/5027 1338/5026 1337/5025
f 1354/5032 1355/5031 1339/5030 1338/5029
f 1355/5036 1356/5035 1340/5034 1339/5033
f 1356/5040 1357/5039 1341/5038 1340/5037
f 1357/5044 1358/5043 1342/5042 1341/5041
f 1358/5048 1359/5047 1343/5046 1342/5045
f 1359/5052 1360/5051 1344/5050 1343/5049
f 1360/5056 1345/5055 1329/5054 1344/5053
f 1361/5060 1362/5059 1346/5058 1345/5057
f 1362/5064 1363/5063 1347/5062 1346/5061
f 1363/5068 1364/5067 1348/5066 1347/5065
f 1364/5072 1365/5071 1349/5070 1348/5069
f 1365/5076 1366/5075 1350/5074 1349/5073
f 1366/5080 1367/5079 1351/5078 1350/5077
f 1367/5084 1368/5083 1352/5082 1351/5081
f 1368/5088 1369/5087 1353/5086 1352/5085
f 1369/5092 1370/5091 1354/5090 1353/5089
f 1370/5096 1371/5095 1355/5094 1354/5093
f 1371/5100 1372/5099 1356/5098 1355/5097
f 1372/5104 1373/5103 1357/5102 1356/5101
f 1373/5108 1374/5107 1358/5106 1357/5105
f 1374/5112 1375/5111 1359/5110 1358/5109
f 1375/5116 1376/5115 1360/5114 1359/5113
f 1376/5120 1361/5119 1345/5118 1360/5117
f 1393/5124 1394/5123 1378/5122 1377/5121
f 1394/5128 1395/5127 1379/5126 1378/5125
f 1395/5132 1396/5131 1380/5130 1379/5129
f 1396/5136 1397/5135 1381/5134 1380/5133
f 1397/5140 1398/5139 1382/5138 1381/5137
f 1398/5144 1399/5143 1383/5142 1382/5141
f 1399/5148 1400/5147 1384/5146 1383/5145
f 1400/5152 1401/5151 1385/5150 1384/5149
f 1401/5156 1402/5155 1386/5154 1385/5153
f 1402/5160 1403/5159 1387/5158 1386/5157
f 1403/5164 1404/5163 1388/5162 1387/5161
f 1404/5168 1405/5167 1389/5166 1388/5165
f 1405/5172 1406/5171 1390/5170 1389/5169
f 1406/5176 1407/5175 1391/5174 1390/5173
f 1407/5180 1408/5179 1392/5178 1391/5177
f 1408/5184 1393/5183 1377/5182 1392/5181
f 1409/5188 1410/5187 1394/5186 1393/5185
f 1410/5192 1411/5191 1395/5190 1394/5189
f 1411/5196 1412/5195 1396/5194 1395/5193
f 1412/5200 1413/5199 1397/5198 1396/5197
f 1413/5204 1414/5203 1398/5202 1397/5201
f 1414/5208 1415/5207 1399/5206 1398/5205
f 1415/5212 1416/5211 1400/5210 1399/5209
f 1416/5216 1417/5215 1401/5214 1400/5213
f 1417/5220 1418/5219 1402/5218 1401/5217
f 1418/5224 1419/5223 1403/5222 1402/5221
f 1419/5228 1420/5227 1404/5226 1403/5225
f 1420/5232 1421/5231 1405/5230 1404/5229
f 1421/5236 1422/5235 1406/5234 1405/5233
f 1422/5240 1423/5239 1407/5238 1406/5237
f 1423/5244 1424/5243 1408/5242 1407/5241
f 1424/5248 1409/5247 1393/5246 1408/5245
f 1425/5252 1426/5251 1410/5250 1409/5249
f 1426/5256 1427/5255 1411/5254 1410/5253
f 1427/5260 1428/5259 1412/5258 1411/5257
f 1428/5264 1429/5263 1413/5262 1412/5261
f 1429/5268 1430/5267 1414/5266 1413/5265
f 1430/5272 1431/5271 1415/5270 1414/5269
f 1431/5276 1432/5275 1416/5274 1415/5273
f 1432/5280 1433/5279 1417/5278 1416/5277
f 1433/5284 1434/5283 1418/5282 1417/5281
f 1434/5288 1435/5287 1419/5286 1418/5285
f 1435/5292 1436/5291 1420/5290 1419/5289
f 1436/5296 1437/5295 1421/5294 1420/5293
f 1437/5300 1438/5299 1422/5298 1421/5297
f 1438/5304 1439/5303 1423/5302 1422/5301
f 1439/5308 1440/5307 1424/5306 1423/5305
f 1440/5312 1425/5311 1409/5310 1424/5309
f 1441/5316 1442/5315 1426/5314 1425/5313
f 1442/5320 1443/5319 1427/5318 1426/5317
f 1443/5324 1444/5323 1428/5322 1427/5321
f 1444/5328 1445/5327 1429/5326 1428/5325
f 1445/5332 1446/5331 1430/5330 1429/5329
f 1446/5336 1447/5335 1431/5334 1430/5333
f 1447/5340 1448/5339 1432/5338 1431/5337
f 1448/5344 1449/5343 1433/5342 1432/5341
f 1449/5348 1450/5347 1434/5346 1433/5345
f 1450/5352 1451/5351 1435/5350 1434/5349
f 1451/5356 1452/5355 1436/5354 1435/5353
f 1452/5360 1453/5359 1437/5358 1436/5357
f 1453/5364 1454/5363 1438/5362 1437/5361
f 1454/5368 1455/5367 1439/5366 1438/5365
f 1455/5372 1456/5371 1440/5370 1439/5369
f 1456/5376 1441/5375 1425/5374 1440/5373
f 1457/5380 1458/5379 1442/5378 1441/5377
f 1458/5384 1459/5383 1443/5382 1442/5381
f 1459/5388 1460/5387 1444/5386 1443/5385
f 1460/5392 1461/5391 1445/5390 1444/5389
f 1461/5396 1462/5395 1446/5394 1445/5393
f 1462/5400 1463/5399 1447/5398 1446/5397
f 1463/5404 1464/5403 1448/5402 1447/5401
f 1464/5408 1465/5407 1449/5406 1448/5405
f 1465/5412 1466/5411 1450/5410 1449/5409
f 1466/5416 1467/5415 1451/5414 1450/5413
f 1467/5420 1468/5419 1452/5418 1451/5417
f 1468/5424 1469/5423 1453/5422 1452/5421
f 1469/5428 1470/5427 1454/5426 1453/5425
f 1470/5432 1471/5431 1455/5430 1454/5429
f 1471/5436 1472/5435 1456/5434 1455/5433
f 1472/5440 1457/5439 1441/5438 1456/5437
f 1473/5444 1474/5443 1458/5442 1457/5441
f 1474/5448 1475/5447 1459/5446 1458/5445
f 1475/5452 1476/5451 1460/5450 1459/5449
f 1476/5456 1477/5455 1461/5454 1460/5453
f 1477/5460 1478/5459 1462/5458 1461/5457
f 1478/5464 1479/5463 1463/5462 1462/5461
f 1479/5468 1480/5467 1464/5466 1463/5465
f 1480/5472 1481/5471 1465/5470 1464/5469
f 1481/5476 1482/5475 1466/5474 1465/5473
f 1482/5480 1483/5479 1467/5478 1466/5477
f 1483/5484 1484/5483 1468/5482 1467/5481
f 1484/5488 1485/5487 1469/5486 1468/5485
f 1485/5492 1486/5491 1470/5490 1469/5489
f 1486/5496 1487/5495 1471/5494 1470/5493
f 1487/5500 1488/5499 1472/5498 1471/5497
f 1488/5504 1473/5503 1457/5502 1472/5501
f 1489/5508 1490/5507 1474/5506 1473/5505
f 1490/5512 1491/5511 1475/5510 1474/5509
f 1491/5516 1492/5515 1476/5514 1475/5513
f 1492/5520 1493/5519 1477/5518 1476/5517
f 1493/5524 1494/5523 1478/5522 1477/5521
f 1494/5528 1495/5527 1479/5526 1478/5525
f 1495/5532 1496/5531 1480/5530 1479/5529
f 1496/5536 1497/5535 1481/5534 1480/5533
f 1497/5540 1498/5539 1482/5538 1481/5537
f 1498/5544 1499/5543 1483/5542 1482/5541
f 1499/5548 1500/5547 1484/5546 1483/5545
f 1500/5552 1501/5551 1485/5550 1484/5549
f 1501/5556 1502/5555 1486/5554 1485/5553
f 1502/5560 1503/5559 1487/5558 1486/5557
f 1503/5564 1504/5563 1488/5562 1487/5561
f 1504/5568 1489/5567 1473/5566 1488/5565
f 1505/5572 1506/5571 1490/5570 1489/5569
f 1506/5576 1507/5575 1491/5574 1490/5573
f 1507/5580 1508/5579 1492/5578 1491/5577
f 1508/5584 1509/5583 1493/5582 1492/5581
f 1509/5588 1510/5587 1494/5586 1493/5585
f 1510/5592 1511/5591 1495/5590 1494/5589
f 1511/5596 1512/5595 1496/5594 1495/5593
f 1512/5600 1513/5599 1497/5598 1496/5597
f 1513/5604 1514/5603 1498/5602 1497/5601
f 1514/5608 1515/5607 1499/5606 1498/5605
f 1515/5612 1516/5611 1500/5610 1499/5609
f 1516/5616 1517/5615 1501/5614 1500/5613
f 1517/5620 1518/5619 1502/5618 1501/5617
f 1518/5624 1519/5623 1503/5622 1502/5621
f 1519/5628 1520/5627 1504/5626 1503/5625
f 1520/5632 1505/5631 1489/5630 1504/5629
f 1537/5636 1538/5635 1522/5634 1521/5633
f 1538/5640 1539/5639 1523/5638 1522/5637
f 1539/5644 1540/5643 1524/5642 1523/5641
f 1540/5648 1541/5647 1525/5646 1524/5645
f 1541/5652 1542/5651 1526/5650 1525/5649
f 1542/5656 1543/5655 1527/5654 1526/5653
f 1543/5660 1544/5659 1528/5658 1527/5657
f 1544/5664 1545/5663 1529/5662 1528/5661
f 1545/5668 1546/5667 1530/5666 1529/5665
f 1546/5672 1547/5671 1531/5670 1530/5669
f 1547/5676 1548/5675 1532/5674 1531/5673
f 1548/5680 1549/5679 1533/5678 1532/5677
f 1549/5684 1550/5683 1534/5682 1533/5681
f 1550/5688 1551/5687 1535/5686 1534/5685
f 1551/5692 1552/5691 1536/5690 1535/5689
f 1552/5696 1537/5695 1521/5694 1536/5693
f 1553/5700 1554/5699 1538/5698 1537/5697
f 1554/5704 1555/5703 1539/5702 1538/5701
f 1555/5708 1556/5707 1540/5706 1539/5705
f 1556/5712 1557/5711 1541/5710 1540/5709
f 1557/5716 1558/5715 1542/5714 1541/5713
f 1558/5720 1559/5719 1543/5718 1542/5717
f 1559/5724 1560/5723 1544/5722 1543/5721
f 1560/5728 1561/5727 1545/5726 1544/5725
f 1561/5732 1562/5731 1546/5730 1545/5729
f 1562/5736 1563/5735 1547/5734 1546/5733
f 1563/5740 1564/5739 1548/5738 1547/5737
f 1564/5744 1565/5743 1549/5742 1548/5741
f 1565/5748 1566/5747 1550/5746 1549/5745
f 1566/5752 1567/5751 1551/5750 1550/5749
f 1567/5756 1568/5755 1552/5754 1551/5753
f 1568/5760 1553/5759 1537/5758 1552/5757
f 1569/5764 1570/5763 1554/5762 1553/5761
f 1570/5768 1571/5767 1555/5766 1554/5765
f 1571/5772 1572/5771 1556/5770 1555/5769
f 1572/5776 1573/5775 1557/5774 1556/5773
f 1573/5780 1574/5779 1558/5778 1557/5777
f 1574/5784 1575/5783 1559/5782 1558/5781
f 1575/5788 1576/5787 1560/5786 1559/5785
f 1576/5792 1577/5791 1561/5790 1560/5789
f 1577/5796 1578/5795 1562/5794 1561/5793
f 1578/5800 1579/5799 1563/5798 1562/5797
f 1579/5804 1580/5803 1564/5802 1563/5801
f 1580/5808 1581/5807 1565/5806 1564/5805
f 1581/5812 1582/5811 1566/5810 1565/5809
f 1582/5816 1583/5815 1567/5814 1566/5813
f 1583/5820 1584/5819 1568/5818 1567/5817
f 1584/5824 1569/5823 1553/5822 1568/5821
f 1585/5828 1586/5827 1570/5826 1569/5825
f 1586/5832 1587/5831 1571/5830 1570/5829
f 1587/5836 1588/5835 1572/5834 1571/5833
f 1588/5840 1589/5839 1573/5838 1572/5837
f 1589/5844 1590/5843 1574/5842 1573/5841
f 1590/5848 1591/5847 1575/5846 1574/5845
f 1591/5852 1592/5851 1576/5850 1575/5849
f 1592/5856 1593/5855 1577/5854 1576/5853
f 1593/5860 1594/5859 1578/5858 1577/5857
f 1594/5864 1595/5863 1579/5862 1578/5861
f 1595/5868 1596/5867 1580/5866 1579/5865
f 1596/5872 1597/5871 1581/5870 1580/5869
f 1597/5876 1598/5875 1582/5874 1581/5873
f 1598/5880 1599/5879 1583/5878 1582/5877
f 1599/5884 1600/5883 1584/5882 1583/5881
f 1600/5888 1585/5887 1569/5886 1584/5885
f 1601/5892 1602/5891 1586/5890 1585/5889
f 1602/5896 1603/5895 1587/5894 1586/5893
f 1603/5900 1604/5899 1588/5898 1587/5897
f 1604/5904 1605/5903 1589/5902 1588/5901
f 1605/5908 1606/5907 1590/5906 1589/5905
f 1606/5912 1607/5911 1591/5910 1590/5909
f 1607/5916 1608/5915 1592/5914 1591/5913
f 1608/5920 1609/5919 1593/5918 1592/5917
f 1609/5924 1610/5923 1594/5922 1593/5921
f 1610/5928 1611/5927 1595/5926 1594/5925
f 1611/5932 1612/5931 1596/5930 1595/5929
f 1612/5936 1613/5935 1597/5934 1596/5933
f 1613/5940 1614/5939 1598/5938 1597/5937
f 1614/5944 1615/5943 1599/5942 1598/5941
f 1615/5948 1616/5947 1600/5946 1599/5945
f 1616/5952 1601/5951 1585/5950 1600/5949
f 1617/5956 1618/5955 1602/5954 1601/5953
f 1618/5960 1619/5959 1603/5958 1602/5957
f 1619/5964 1620/5963 1604/5962 1603/5961
f 1620/5968 1621/5967 1605/5966 1604/5965
f 1621/5972 1622/5971 1606/5970 1605/5969
f 1622/5976 1623/5975 1607/5974 1606/5973
f 1623/5980 1624/5979 1608/5978 1607/5977
f 1624/5984 1625/5983 1609/5982 1608/5981
f 1625/5988 1626/5987 1610/5986 1609/5985
f 1626/5992 1627/5991 1611/5990 1610/5989
f 1627/5996 1628/5995 1612/5994 1611/5993
f 1628/6000 1629/5999 1613/5998 1612/5997
f 1629/6004 1630/6003 1614/6002 1613/6001
f 1630/6008 1631/6007 1615/6006 1614/6005
f 1631/6012 1632/6011 1616/6010 1615/6009
f 1632/6016 1617/6015 1601/6014 1616/6013
f 1633/6020 1634/6019 1618/6018 1617/6017
f 1634/6024 1635/6023 1619/6022 1618/6021
f 1635/6028 1636/6027 1620/6026 1619/6025
f 1636/6032 1637/6031 1621/6030 1620/6029
f 1637/6036 1638/6035 1622/6034 1621/6033
f 1638/6040 1639/6039 1623/6038 1622/6037
f 1639/6044 1640/6043 1624/6042 1623/6041
f 1640/6048 1641/6047 1625/6046 1624/6045
f 1641/6052 1642/6051 1626/6050 1625/6049
f 1642/6056 1643/6055 1627/6054 1626/6053
f 1643/6060 1644/6059 1628/6058 1627/6057
f 1644/6064 1645/6063 1629/6062 1628/6061
f 1645/6068 1646/6067 1630/6066 1629/6065
f 1646/6072 1647/6071 1631/6070 1630/6069
f 1647/6076 1648/6075 1632/6074 1631/6073
f 1648/6080 1633/6079 1617/6078 1632/6077
f 1649/6084 1650/6083 1634/6082 1633/6081
f 1650/6088 1651/6087 1635/6086 1634/6085
f 1651/6092 1652/6091 1636/6090 1635/6089
f 1652/6096 1653/6095 1637/6094 1636/6093
f 1653/6100 1654/6099 1638/6098 1637/6097
f 1654/6104 1655/6103 1639/6102 1638/6101
f 1655/6108 1656/6107 1640/6106 1639/6105
f 1656/6112 1657/6111 1641/6110 1640/6109
f 1657/6116 1658/6115 1642/6114 1641/6113
f 1658/6120 1659/6119 1643/6118 1642/6117
f 1659/6124 1660/6123 1644/6122 1643/6121
f 1660/6128 1661/6127 1645/6126 1644/6125
f 1661/6132 1662/6131 1646/6130 1645/6129
f 1662/6136 1663/6135 1647/6134 1646/6133
f 1663/6140 1664/6139 1648/6138 1647/6137
f 1664/6144 1649/6143 1633/6142 1648/6141
f 1677/6148 1678/6147 1666/6146 1665/6145
f 1678/6152 1679/6151 1667/6150 1666/6149
f 1679/6156 1680/6155 1668/6154 1667/6153
f 1680/6160 1681/6159 1669/6158 1668/6157
f 1681/6164 1682/6163 1670/6162 1669/6161
f 1682/6168 1683/6167 1671/6166 1670/6165
f 1683/6172 1684/6171 1672/6170 1671/6169
f 1684/6176 1685/6175 1673/6174 1672/6173
f 1685/6180 1686/6179 1674/6178 1673/6177
f 1686/6184 1687/6183 1675/6182 1674/6181
f 1687/6188 1688/6187 1676/6186 1675/6185
f 1688/6192 1677/6191 1665/6190 1676/6189
f 1689/6196 1690/6195 1678/6194 1677/6193
f 1690/6200 1691/6199 1679/6198 1678/6197
f 1691/6204 1692/6203 1680/6202 1679/6201
f 1692/6208 1693/6207 1681/6206 1680/6205
f 1693/6212 1694/6211 1682/6210 1681/6209
f 1694/6216 1695/6215 1683/6214 1682/6213
f 1695/6220 1696/6219 1684/6218 1683/6217
f 1696/6224 1697/6223 1685/6222 1684/6221
f 1697/6228 1698/6227 1686/6226 1685/6225
f 1698/6232 1699/6231 1687/6230 1686/6229
f 1699/6236 1700/6235 1688/6234 1687/6233
f 1700/6240 1689/6239 1677/6238 1688/6237
f 1701/6244 1702/6243 1690/6242 1689/6241
f 1702/6248 1703/6247 1691/6246 1690/6245
f 1703/6252 1704/6251 1692/6250 1691/6249
f 1704/6256 1705/6255 1693/6254 1692/6253
f 1705/6260 1706/6259 1694/6258 1693/6257
f 1706/6264 1707/6263 1695/6262 1694/6261
f 1707/6268 1708/6267 1696/6266 1695/6265
f 1708/6272 1709/6271 1697/6270 1696/6269
f 1709/6276 1710/6275 1698/6274 1697/6273
f 1710/6280 1711/6279 1699/6278 1698/6277
f 1711/6284 1712/6283 1700/6282 1699/6281
f 1712/6288 1701/6287 1689/6286 1700/6285
f 1713/6292 1714/6291 1702/6290 1701/6289
f 1714/6296 1715/6295 1703/6294 1702/6293
f 1715/6300 1716/6299 1704/6298 1703/6297
f 1716/6304 1717/6303 1705/6302 1704/6301
f 1717/6308 1718/6307 1706/6306 1705/6305
f 1718/6312 1719/6311 1707/6310 1706/6309
f 1719/6316 1720/6315 1708/6314 1707/6313
f 1720/6320 1721/6319 1709/6318 1708/6317
f 1721/6324 1722/6323 1710/6322 1709/6321
f 1722/6328 1723/6327 1711/6326 1710/6325
f 1723/6332 1724/6331 1712/6330 1711/6329
f 1724/6336 1713/6335 1701/6334 1712/6333
f 1725/6340 1726/6339 1714/6338 1713/6337
f 1726/6344 1727/6343 1715/6342 1714/6341
f 1727/6348 1728/6347 1716/6346 1715/6345
f 1728/6352 1729/6351 1717/6350 1716/6349
f 1729/6356 1730/6355 1718/6354 1717/6353
f 1730/6360 1731/6359 1719/6358 1718/6357
f 1731/6364 1732/6363 1720/6362 1719/6361
f 1732/6368 1733/6367 1721/6366 1720/6365
f 1733/6372 1734/6371 1722/6370 1721/6369
f 1734/6376 1735/6375 1723/6374 1722/6373
f 1735/6380 1736/6379 1724/6378 1723/6377
f 1736/6384 1725/6383 1713/6382 1724/6381
f 1737/6388 1738/6387 1726/6386 1725/6385
f 1738/6392 1739/6391 1727/6390 1726/6389
f 1739/6396 1740/6395 1728/6394 1727/6393
f 1740/6400 1741/6399 1729/6398 1728/6397
f 1741/6404 1742/6403 1730/6402 1729/6401
f 1742/6408 1743/6407 1731/6406 1730/6405
f 1743/6412 1744/6411 1732/6410 1731/6409
f 1744/6416 1745/6415 1733/6414 1732/6413
f 1745/6420 1746/6419 1734/6418 1733/6417
f 1746/6424 1747/6423 1735/6422 1734/6421
f 1747/6428 1748/6427 1736/6426 1735/6425
f 1748/6432 1737/6431 1725/6430 1736/6429
f 1761/6436 1762/6435 1750/6434 1749/6433
f 1762/6440 1763/6439 1751/6438 1750/6437
f 1763/6444 1764/6443 1752/6442 1751/6441
f 1764/6448 1765/6447 1753/6446 1752/6445
f 1765/6452 1766/6451 1754/6450 1753/6449
f 1766/6456 1767/6455 1755/6454 1754/6453
f 1767/6460 1768/6459 1756/6458 1755/6457
f 1768/6464 1769/6463 1757/6462 1756/6461
f 1769/6468 1770/6467 1758/6466 1757/6465
f 1770/6472 1771/6471 1759/6470 1758/6469
f 1771/6476 1772/6475 1760/6474 1759/6473
f 1772/6480 1761/6479 1749/6478 1760/6477
f 1773/6484 1774/6483 1762/6482 1761/6481
f 1774/6488 1775/6487 1763/6486 1762/6485
f 1775/6492 1776/6491 1764/6490 1763/6489
f 1776/6496 1777/6495 1765/6494 1764/6493
f 1777/6500 1778/6499 1766/6498 1765/6497
f 1778/6504 1779/6503 1767/6502 1766/6501
f 1779/6508 1780/6507 1768/6506 1767/6505
f 1780/6512 1781/6511 1769/6510 1768/6509
f 1781/6516 1782/6515 1770/6514 1769/6513
f 1782/6520 1783/6519 1771/6518 1770/6517
f 1783/6524 1784/6523 1772/6522 1771/6521
f 1784/6528 1773/6527 1761/6526 1772/6525
f 1785/6532 1786/6531 1774/6530 1773/6529
f 1786/6536 1787/6535 1775/6534 1774/6533
f 1787/6540 1788/6539 1776/6538 1775/6537
f 1788/6544 1789/6543 1777/6542 1776/6541
f 1789/6548 1790/6547 1778/6546 1777/6545
f 1790/6552 1791/6551 1779/6550 1778/6549
f 1791/6556 1792/6555 1780/6554 1779/6553
f 1792/6560 1793/6559 1781/6558 1780/6557
f 1793/6564 1794/6563 1782/6562 1781/6561
f 1794/6568 1795/6567 1783/6566 1782/6565
f 1795/6572 1796/6571 1784/6570 1783/6569
f 1796/6576 1785/6575 1773/6574 1784/6573
f 1797/6580 1798/6579 1786/6578 1785/6577
f 1798/6584 1799/6583 1787/6582 1786/6581
f 1799/6588 1800/6587 1788/6586 1787/6585
f 1800/6592 1801/6591 1789/6590 1788/6589
f 1801/6596 1802/6595 1790/6594 1789/6593
f 1802/6600 1803/6599 1791/6598 1790/6597
f 1803/6604 1804/6603 1792/6602 1791/6601
f 1804/6608 1805/6607 1793/6606 1792/6605
f 1805/6612 1806/6611 1794/6610 1793/6609
f 1806/6616 1807/6615 1795/6614 1794/6613
f 1807/6620 1808/6619 1796/6618 1795/6617
f 1808/6624 1797/6623 1785/6622 1796/6621
f 1809/6628 1810/6627 1798/6626 1797/6625
f 1810/6632 1811/6631 1799/6630 1798/6629
f 1811/6636 1812/6635 1800/6634 1799/6633
f 1812/6640 1813/6639 1801/6638 1800/6637
f 1813/6644 1814/6643 1802/6642 1801/6641
f 1814/6648 1815/6647 1803/6646 1802/6645
f 1815/6652 1816/6651 1804/6650 1803/6649
f 1816/6656 1817/6655 1805/6654 1804/6653
f 1817/6660 1818/6659 1806/6658 1805/6657
f 1818/6664 1819/6663 1807/6662 1806/6661
f 1819/6668 1820/6667 1808/6666 1807/6665
f 1820/6672 1809/6671 1797/6670 1808/6669
f 1821/6676 1822/6675 1810/6674 1809/6673
f 1822/6680 1823/6679 1811/6678 1810/6677
f 1823/6684 1824/6683 1812/6682 1811/6681
f 1824/6688 1825/6687 1813/6686 1812/6685
f 1825/6692 1826/6691 1814/6690 1813/6689
f 1826/6696 1827/6695 1815/6694 1814/6693
f 1827/6700 1828/6699 1816/6698 1815/6697
f 1828/6704 1829/6703 1817/6702 1816/6701
f 1829/6708 1830/6707 1818/6706 1817/6705
f 1830/6712 1831/6711 1819/6710 1818/6709
f 1831/6716 1832/6715 1820/6714 1819/6713
f 1832/6720 1821/6719 1809/6718 1820/6717
f 1845/6724 1846/6723 1834/6722 1833/6721
f 1846/6728 1847/6727 1835/6726 1834/6725
f 1847/6732 1848/6731 1836/6730 1835/6729
f 1848/6736 1849/6735 1837/6734 1836/6733
f 1849/6740 1850/6739 1838/6738 1837/6737
f 1850/6744 1851/6743 1839/6742 1838/6741
f 1851/6748 1852/6747 1840/6746 1839/6745
f 1852/6752 1853/6751 1841/6750 1840/6749
f 1853/6756 1854/6755 1842/6754 1841/6753
f 1854/6760 1855/6759 1843/6758 1842/6757
f 1855/6764 1856/6763 1844/6762 1843/6761
f 1856/6768 1845/6767 1833/6766 1844/6765
f 1857/6772 1858/6771 1846/6770 1845/6769
f 1858/6776 1859/6775 1847/6774 1846/6773
f 1859/6780 1860/6779 1848/6778 1847/6777
f 1860/6784 1861/6783 1849/6782 1848/6781
f 1861/6788 1862/6787 1850/6786 1849/6785
f 1862/6792 1863/6791 1851/6790 1850/6789
f 1863/6796 1864/6795 1852/6794 1851/6793
f 1864/6800 1865/6799 1853/6798 1852/6797
f 1865/6804 1866/6803 1854/6802 1853/6801
f 1866/6808 1867/6807 1855/6806 1854/6805
f 1867/6812 1868/6811 1856/6810 1855/6809
f 1868/6816 1857/6815 1845/6814 1856/6813
f 1869/6820 1870/6819 1858/6818 1857/6817
f 1870/6824 1871/6823 1859/6822 1858/6821
f 1871/6828 1872/6827 1860/6826 1859/6825
f 1872/6832 1873/6831 1861/6830 1860/6829
f 1873/6836 1874/6835 1862/6834 1861/6833
f 1874/6840 1875/6839 1863/6838 1862/6837
f 1875/6844 1876/6843 1864/6842 1863/6841
f 1876/6848 1877/6847 1865/6846 1864/6845
f 1877/6852 1878/6851 1866/6850 1865/6849
f 1878/6856 1879/6855 1867/6854 1866/6853
f 1879/6860 1880/6859 1868/6858 1867/6857
f 1880/6864 1869/6863 1857/6862 1868/6861
f 1881/6868 1882/6867 1870/6866 1869/6865
f 1882/6872 1883/6871 1871/6870 1870/6869
f 1883/6876 1884/6875 1872/6874 1871/6873
f 1884/6880 1885/6879 1873/6878 1872/6877
f 1885/6884 1886/6883 1874/6882 1873/6881
f 1886/6888 1887/6887 1875/6886 1874/6885
f 1887/6892 1888/6891 1876/6890 1875/6889
f 1888/6896 1889/6895 1877/6894 1876/6893
f 1889/6900 1890/6899 1878/6898 1877/6897
f 1890/6904 1891/6903 1879/6902 1878/6901
f 1891/6908 1892/6907 1880/6906 1879/6905
f 1892/6912 1881/6911 1869/6910 1880/6909
f 1893/6916 1894/6915 1882/6914 1881/6913
f 1894/6920 1895/6919 1883/6918 1882/6917
f 1895/6924 1896/6923 1884/6922 1883/6921
f 1896/6928 1897/6927 1885/6926 1884/6925
f 1897/6932 1898/6931 1886/6930 1885/6929
f 1898/6936 1899/6935 1887/6934 1886/6933
f 1899/6940 1900/6939 1888/6938 1887/6937
f 1900/6944 1901/6943 1889/6942 1888/6941
f 1901/6948 1902/6947 1890/6946 1889/6945
f 1902/6952 1903/6951 1891/6950 1890/6949
f 1903/6956 1904/6955 1892/6954 1891/6953
f 1904/6960 1893/6959 1881/6958 1892/6957
f 1905/6964 1906/6963 1894/6962 1893/6961
f 1906/6968 1907/6967 1895/6966 1894/6965
f 1907/6972 1908/6971 1896/6970 1895/6969
f 1908/6976 1909/6975 1897/6974 1896/6973
f 1909/6980 1910/6979 1898/6978 1897/6977
f 1910/6984 1911/6983 1899/6982 1898/6981
f 1911/6988 1912/6987 1900/6986 1899/6985
f 1912/6992 1913/6991 1901/6990 1900/6989
f 1913/6996 1914/6995 1902/6994 1901/6993
f 1914/7000 1915/6999 1903/6998 1902/6997
f 1915/7004 1916/7003 1904/7002 1903/7001
f 1916/7008 1905/7007 1893/7006 1904/7005
f 1929/7012 1930/7011 1918/7010 1917/7009
f 1930/7016 1931/7015 1919/7014 1918/7013
f 1931/7020 1932/7019 1920/7018 1919/7017
f 1932/7024 1933/7023 1921/7022 1920/7021
f 1933/7028 1934/7027 1922/7026 1921/7025
f 1934/7032 1935/7031 1923/7030 1922/7029
f 1935/7036 1936/7035 1924/7034 1923/7033
f 1936/7040 1937/7039 1925/7038 1924/7037
f 1937/7044 1938/7043 1926/7042 1925/7041
f 1938/7048 1939/7047 1927/7046 1926/7045
f 1939/7052 1940/7051 1928/7050 1927/7049
f 1940/7056 1929/7055 1917/7054 1928/7053
f 1941/7060 1942/7059 1930/7058 1929/7057
f 1942/7064 1943/7063 1931/7062 1930/7061
f 1943/7068 1944/7067 1932/7066 1931/7065
f 1944/7072 1945/7071 1933/7070 1932/7069
f 1945/7076 1946/7075 1934/7074 1933/7073
f 1946/7080 1947/7079 1935/7078 1934/7077
f 1947/7084 1948/7083 1936/7082 1935/7081
f 1948/7088 1949/7087 1937/7086 1936/7085
f 1949/7092 1950/7091 1938/7090 1937/7089
f 1950/7096 1951/7095 1939/7094 1938/7093
f 1951/7100 1952/7099 1940/7098 1939/7097
f 1952/7104 1941/7103 1929/7102 1940/7101
f 1953/7108 1954/7107 1942/7106 1941/7105
f 1954/7112 1955/7111 1943/7110 1942/7109
f 1955/7116 1956/7115 1944/7114 1943/7113
f 1956/7120 1957/7119 1945/7118 1944/7117
f 1957/7124 1958/7123 1946/7122 1945/7121
f 1958/7128 1959/7127 1947/7126 1946/7125
f 1959/7132 1960/7131 1948/7130 1947/7129
f 1960/7136 1961/7135 1949/7134 1948/7133
f 1961/7140 1962/7139 1950/7138 1949/7137
f 1962/7144 1963/7143 1951/7142 1950/7141
f 1963/7148 1964/7147 1952/7146 1951/7145
f 1964/7152 1953/7151 1941/7150 1952/7149
f 1965/7156 1966/7155 1954/7154 1953/7153
f 1966/7160 1967/7159 1955/7158 1954/7157
f 1967/7164 1968/7163 1956/7162 1955/7161
f 1968/7168 1969/7167 1957/7166 1956/7165
f 1969/7172 1970/7171 1958/7170 1957/7169
f 1970/7176 1971/7175 1959/7174 1958/7173
f 1971/7180 1972/7179 1960/7178 1959/7177
f 1972/7184 1973/7183 1961/7182 1960/7181
f 1973/7188 1974/7187 1962/7186 1961/7185
f 1974/7192 1975/7191 1963/7190 1962/7189
f 1975/7196 1976/7195 1964/7194 1963/7193
f 1976/7200 1965/7199 1953/7198 1964/7197
f 1977/7204 1978/7203 1966/7202 1965/7201
f 1978/7208 1979/7207 1967/7206 1966/7205
f 1979/7212 1980/7211 1968/7210 1967/7209
f 1980/7216 1981/7215 1969/7214 1968/7213
f 1981/7220 1982/7219 1970/7218 1969/7217
f 1982/7224 1983/7223 1971/7222 1970/7221
f 1983/7228 1984/7227 1972/7226 1971/7225
f 1984/7232 1985/7231 1973/7230 1972/7229
f 1985/7236 1986/7235 1974/7234 1973/7233
f 1986/7240 1987/7239 1975/7238 1974/7237
f 1987/7244 1988/7243 1976/7242 1975/7241
f 1988/7248 1977/7247 1965/7246 1976/7245
f 1989/7252 1990/7251 1978/7250 1977/7249
f 1990/7256 1991/7255 1979/7254 1978/7253
f 1991/7260 1992/7259 1980/7258 1979/7257
f 1992/7264 1993/7263 1981/7262 1980/7261
f 1993/7268 1994/7267 1982/7266 1981/7265
f 1994/7272 1995/7271 1983/7270 1982/7269
f 1995/7276 1996/7275 1984/7274 1983/7273
f 1996/7280 1997/7279 1985/7278 1984/7277
f 1997/7284 1998/7283 1986/7282 1985/7281
f 1998/7288 1999/7287 1987/7286 1986/7285
f 1999/7292 2000/7291 1988/7290 1987/7289
f 2000/7296 1989/7295 1977/7294 1988/7293
f 2013/7300 2014/7299 2002/7298 2001/7297
f 2014/7304 2015/7303 2003/7302 2002/7301
f 2015/7308 2016/7307 2004/7306 2003/7305
f 2016/7312 2017/7311 2005/7310 2004/7309
f 2017/7316 2018/7315 2006/7314 2005/7313
f 2018/7320 2019/7319 2007/7318 2006/7317
f 2019/7324 2020/7323 2008/7322 2007/7321
f 2020/7328 2021/7327 2009/7326 2008/7325
f 2021/7332 2022/7331 2010/7330 2009/7329
f 2022/7336 2023/7335 2011/7334 2010/7333
f 2023/7340 2024/7339 2012/7338 2011/7337
f 2024/7344 2013/7343 2001/7342 2012/7341
f 2025/7348 2026/7347 2014/7346 2013/7345
f 2026/7352 2027/7351 2015/7350 2014/7349
f 2027/7356 2028/7355 2016/7354 2015/7353
f 2028/7360 2029/7359 2017/7358 2016/7357
f 2029/7364 2030/7363 2018/7362 2017/7361
f 2030/7368 2031/7367 2019/7366 2018/7365
f 2031/7372 2032/7371 2020/7370 2019/7369
f 2032/7376 2033/7375 2021/7374 2020/7373
f 2033/7380 2034/7379 2022/7378 2021/7377
f 2034/7384 2035/7383 2023/7382 2022/7381
f 2035/7388 2036/7387 2024/7386 2023/7385
f 2036/7392 2025/7391 2013/7390 2024/7389
f 2037/7396 2038/7395 2026/7394 2025/7393
f 2038/7400 2039/7399 2027/7398 2026/7397
f 2039/7404 2040/7403 2028/7402 2027/7401
f 2040/7408 2041/7407 2029/7406 2028/7405
f 2041/7412 2042/7411 2030/7410 2029/7409
f 2042/7416 2043/7415 2031/7414 2030/7413
f 2043/7420 2044/7419 2032/7418 2031/7417
f 2044/7424 2045/7423 2033/7422 2032/7421
f 2045/7428 2046/7427 2034/7426 2033/7425
f 2046/7432 2047/7431 2035/7430 2034/7429
f 2047/7436 2048/7435 2036/7434 2035/7433
f 2048/7440 2037/7439 2025/7438 2036/7437
f 2049/7444 2050/7443 2038/7442 2037/7441
f 2050/7448 2051/7447 2039/7446 2038/7445
f 2051/7452 2052/7451 2040/7450 2039/7449
f 2052/7456 2053/7455 2041/7454 2040/7453
f 2053/7460 2054/7459 2042/7458 2041/7457
f 2054/7464 2055/7463 2043/7462 2042/7461
f 2055/7468 2056/7467 2044/7466 2043/7465
f 2056/7472 2057/7471 2045/7470 2044/7469
f 2057/7476 2058/7475 2046/7474 2045/7473
f 2058/7480 2059/7479 2047/7478 2046/7477
f 2059/7484 2060/7483 2048/7482 2047/7481
f 2060/7488 2049/7487 2037/7486 2048/7485
f 2061/7492 2062/7491 2050/7490 2049/7489
f 2062/7496 2063/7495 2051/7494 2050/7493
f 2063/7500 2064/7499 2052/7498 2051/7497
f 2064/7504 2065/7503 2053/7502 2052/7501
f 2065/7508 2066/7507 2054/7506 2053/7505
f 2066/7512 2067/7511 2055/7510 2054/7509
f 2067/7516 2068/7515 2056/7514 2055/7513
f 2068/7520 2069/7519 2057/7518 2056/7517
f 2069/7524 2070/7523 2058/7522 2057/7521
f 2070/7528 2071/7527 2059/7526 2058/7525
f 2071/7532 2072/7531 2060/7530 2059/7529
f 2072/7536 2061/7535 2049/7534 2060/7533
f 2073/7540 2074/7539 2062/7538 2061/7537
f 2074/7544 2075/7543 2063/7542 2062/7541
f 2075/7548 2076/7547 2064/7546 2063/7545
f 2076/7552 2077/7551 2065/7550 2064/7549
f 2077/7556 2078/7555 2066/7554 2065/7553
f 2078/7560 2079/7559 2067/7558 2066/7557
f 2079/7564 2080/7563 2068/7562 2067/7561
f 2080/7568 2081/7567 2069/7566 2068/7565
f 2081/7572 2082/7571 2070/7570 2069/7569
f 2082/7576 2083/7575 2071/7574 2070/7573
f 2083/7580 2084/7579 2072/7578 2071/7577
f 2084/7584 2073/7583 2061/7582 2072/7581
f 2097/7588 2098/7587 2086/7586 2085/7585
f 2098/7592 2099/7591 2087/7590 2086/7589
f 2099/7596 2100/7595 2088/7594 2087/7593
f 2100/7600 2101/7599 2089/7598 2088/7597
f 2101/7604 2102/7603 2090/7602 2089/7601
f 2102/7608 2103/7607 2091/7606 2090/7605
f 2103/7612 2104/7611 2092/7610 2091/7609
f 2104/7616 2105/7615 2093/7614 2092/7613
f 2105/7620 2106/7619 2094/7618 2093/7617
f 2106/7624 2107/7623 2095/7622 2094/7621
f 2107/7628 2108/7627 2096/7626 2095/7625
f 2108/7632 2097/7631 2085/7630 2096/7629
f 2109/7636 2110/7635 2098/7634 2097/7633
f 2110/7640 2111/7639 2099/7638 2098/7637
f 2111/7644 2112/7643 2100/7642 2099/7641
f 2112/7648 2113/7647 2101/7646 2100/7645
f 2113/7652 2114/7651 2102/7650 2101/7649
f 2114/7656 2115/7655 2103/7654 2102/7653
f 2115/7660 2116/7659 2104/7658 2103/7657
f 2116/7664 2117/7663 2105/7662 2104/7661
f 2117/7668 2118/7667 2106/7666 2105/7665
f 2118/7672 2119/7671 2107/7670 2106/7669
f 2119/7676 2120/7675 2108/7674 2107/7673
f 2120/7680 2109/7679 2097/7678 2108/7677
f 2121/7684 2122/7683 2110/7682 2109/7681
f 2122/7688 2123/7687 2111/7686 2110/7685
f 2123/7692 2124/7691 2112/7690 2111/7689
f 2124/7696 2125/7695 2113/7694 2112/7693
f 2125/7700 2126/7699 2114/7698 2113/7697
f 2126/7704 2127/7703 2115/7702 2114/7701
f 2127/7708 2128/7707 2116/7706 2115/7705
f 2128/7712 2129/7711 2117/7710 2116/7709
f 2129/7716 2130/7715 2118/7714 2117/7713
f 2130/7720 2131/7719 2119/7718 2118/7717
f 2131/7724 2132/7723 2120/7722 2119/7721
f 2132/7728 2121/7727 2109/7726 2120/7725
f 2133/7732 2134/7731 2122/7730 2121/7729
f 2134/7736 2135/7735 2123/7734 2122/7733
f 2135/7740 2136/7739 2124/7738 2123/7737
f 2136/7744 2137/7743 2125/7742 2124/7741
f 2137/7748 2138/7747 2126/7746 2125/7745
f 2138/7752 2139/7751 2127/7750 2126/7749
f 2139/7756 2140/7755 2128/7754 2127/7753
f 2140/7760 2141/7759 2129/7758 2128/7757
f 2141/7764 2142/7763 2130/7762 2129/7761
f 2142/7768 2143/7767 2131/7766 2130/7765
f 2143/7772 2144/7771 2132/7770 2131/7769
f 2144/7776 2133/7775 2121/7774 2132/7773
f 2145/7780 2146/7779 2134/7778 2133/7777
f 2146/7784 2147/7783 2135/7782 2134/7781
f 2147/7788 2148/7787 2136/7786 2135/7785
f 2148/7792 2149/7791 2137/7790 2136/7789
f 2149/7796 2150/7795 2138/7794 2137/7793
f 2150/7800 2151/7799 2139/7798 2138/7797
f 2151/7804 2152/7803 2140/7802 2139/7801
f 2152/7808 2153/7807 2141/7806 2140/7805
f 2153/7812 2154/7811 2142/7810 2141/7809
f 2154/7816 2155/7815 2143/7814 2142/7813
f 2155/7820 2156/7819 2144/7818 2143/7817
f 2156/7824 2145/7823 2133/7822 2144/7821
f 2157/7828 2158/7827 2146/7826 2145/7825
f 2158/7832 2159/7831 2147/7830 2146/7829
f 2159/7836 2160/7835 2148/7834 2147/7833
f 2160/7840 2161/7839 2149/7838 2148/7837
f 2161/7844 2162/7843 2150/7842 2149/7841
f 2162/7848 2163/7847 2151/7846 2150/7845
f 2163/7852 2164/7851 2152/7850 2151/7849
f 2164/7856 2165/7855 2153/7854 2152/7853
f 2165/7860 2166/7859 2154/7858 2153/7857
f 2166/7864 2167/7863 2155/7862 2154/7861
f 2167/7868 2168/7867 2156/7866 2155/7865
f 2168/7872 2157/7871 2145/7870 2156/7869
f 2181/7876 2182/7875 2170/7874 2169/7873
f 2182/7880 2183/7879 2171/7878 2170/7877
f 2183/7884 2184/7883 2172/7882 2171/7881
f 2184/7888 2185/7887 2173/7886 2172/7885
f 2185/7892 2186/7891 2174/7890 2173/7889
f 2186/7896 2187/7895 2175/7894 2174/7893
f 2187/7900 2188/7899 2176/7898 2175/7897
f 2188/7904 2189/7903 2177/7902 2176/7901
f 2189/7908 2190/7907 2178/7906 2177/7905
f 2190/7912 2191/7911 2179/7910 2178/7909
f 2191/7916 2192/7915 2180/7914 2179/7913
f 2192/7920 2181/7919 2169/7918 2180/7917
f 2193/7924 2194/7923 2182/7922 2181/7921
f 2194/7928 2195/7927 2183/7926 2182/7925
f 2195/7932 2196/7931 2184/7930 2183/7929
f 2196/7936 2197/7935 2185/7934 2184/7933
f 2197/7940 2198/7939 2186/7938 2185/7937
f 2198/7944 2199/7943 2187/7942 2186/7941
f 2199/7948 2200/7947 2188/7946 2187/7945
f 2200/7952 2201/7951 2189/7950 2188/7949
f 2201/7956 2202/7955 2190/7954 2189/7953
f 2202/7960 2203/7959 2191/7958 2190/7957
f 2203/7964 2204/7963 2192/7962 2191/7961
f 2204/7968 2193/7967 2181/7966 2192/7965
f 2205/7972 2206/7971 2194/7970 2193/7969
f 2206/7976 2207/7975 2195/7974 2194/7973
f 2207/7980 2208/7979 2196/7978 2195/7977
f 2208/7984 2209/7983 2197/7982 2196/7981
f 2209/7988 2210/7987 2198/7986 2197/7985
f 2210/7992 2211/7991 2199/7990 2198/7989
f 2211/7996 2212/7995 2200/7994 2199/7993
f 2212/8000 2213/7999 2201/7998 2200/7997
f 2213/8004 2214/8003 2202/8002 2201/8001
f 2214/8008 2215/8007 2203/8006 2202/8005
f 2215/8012 2216/8011 2204/8010 2203/8009
f 2216/8016 2205/8015 2193/8014 2204/8013
f 2217/8020 2218/8019 2206/8018 2205/8017
f 2218/8024 2219/8023 2207/8022 2206/8021
f 2219/8028 2220/8027 2208/8026 2207/8025
f 2220/8032 2221/8031 2209/8030 2208/8029
f 2221/8036 2222/8035 2210/8034 2209/8033
f 2222/8040 2223/8039 2211/8038 2210/8037
f 2223/8044 2224/8043 2212/8042 2211/8041
f 2224/8048 2225/8047 2213/8046 2212/8045
f 2225/8052 2226/8051 2214/8050 2213/8049
f 2226/8056 2227/8055 2215/8054 2214/8053
f 2227/8060 2228/8059 2216/8058 2215/8057
f 2228/8064 2217/8063 2205/8062 2216/8061
f 2229/8068 2230/8067 2218/8066 2217/8065
f 2230/8072 2231/8071 2219/8070 2218/8069
f 2231/8076 2232/8075 2220/8074 2219/8073
f 2232/8080 2233/8079 2221/8078 2220/8077
f 2233/8084 2234/8083 2222/8082 2221/8081
f 2234/8088 2235/8087 2223/8086 2222/8085
f 2235/8092 2236/8091 2224/8090 2223/8089
f 2236/8096 2237/8095 2225/8094 2224/8093
f 2237/8100 2238/8099 2226/8098 2225/8097
f 2238/8104 2239/8103 2227/8102 2226/8101
f 2239/8108 2240/8107 2228/8106 2227/8105
f 2240/8112 2229/8111 2217/8110 2228/8109
f 2241/8116 2242/8115 2230/8114 2229/8113
f 2242/8120 2243/8119 2231/8118 2230/8117
f 2243/8124 2244/8123 2232/8122 2231/8121
f 2244/8128 2245/8127 2233/8126 2232/8125
f 2245/8132 2246/8131 2234/8130 2233/8129
f 2246/8136 2247/8135 2235/8134 2234/8133
f 2247/8140 2248/8139 2236/8138 2235/8137
f 2248/8144 2249/8143 2237/8142 2236/8141
f 2249/8148 2250/8147 2238/8146 2237/8145
f 2250/8152 2251/8151 2239/8150 2238/8149
f 2251/8156 2252/8155 2240/8154 2239/8153
f 2252/8160 2241/8159 2229/8158 2240/8157
f 2265/8164 2266/8163 2254/8162 2253/8161
f 2266/8168 2267/8167 2255/8166 2254/8165
f 2267/8172 2268/8171 2256/8170 2255/8169
f 2268/8176 2269/8175 2257/8174 2256/8173
f 2269/8180 2270/8179 2258/8178 2257/8177
f 2270/8184 2271/8183 2259/8182 2258/8181
f 2271/8188 2272/8187 2260/8186 2259/8185
f 2272/8192 2273/8191 2261/8190 2260/8189
f 2273/8196 2274/8195 2262/8194 2261/8193
f 2274/8200 2275/8199 2263/8198 2262/8197
f 2275/8204 2276/8203 2264/8202 2263/8201
f 2276/8208 2265/8207 2253/8206 2264/8205
f 2277/8212 2278/8211 2266/8210 2265/8209
f 2278/8216 2279/8215 2267/8214 2266/8213
f 2279/8220 2280/8219 2268/8218 2267/8217
f 2280/8224 2281/8223 2269/8222 2268/8221
f 2281/8228 2282/8227 2270/8226 2269/8225
f 2282/8232 2283/8231 2271/8230 2270/8229
f 2283/8236 2284/8235 2272/8234 2271/8233
f 2284/8240 2285/8239 2273/8238 2272/8237
f 2285/8244 2286/8243 2274/8242 2273/8241
f 2286/8248 2287/8247 2275/8246 2274/8245
f 2287/8252 2288/8251 2276/8250 2275/8249
f 2288/8256 2277/8255 2265/8254 2276/8253
f 2289/8260 2290/8259 2278/8258 2277/8257
f 2290/8264 2291/8263 2279/8262 2278/8261
f 2291/8268 2292/8267 2280/8266 2279/8265
f 2292/8272 2293/8271 2281/8270 2280/8269
f 2293/8276 2294/8275 2282/8274 2281/8273
f 2294/8280 2295/8279 2283/8278 2282/8277
f 2295/8284 2296/8283 2284/8282 2283/8281
f 2296/8288 2297/8287 2285/8286 2284/8285
f 2297/8292 2298/8291 2286/8290 2285/8289
f 2298/8296 2299/8295 2287/8294 2286/8293
f 2299/8300 2300/8299 2288/8298 2287/8297
f 2300/8304 2289/8303 2277/8302 2288/8301
f 2301/8308 2302/8307 2290/8306 2289/8305
f 2302/8312 2303/8311 2291/8310 2290/8309
f 2303/8316 2304/8315 2292/8314 2291/8313
f 2304/8320 2305/8319 2293/8318 2292/8317
f 2305/8324 2306/8323 2294/8322 2293/8321
f 2306/8328 2307/8327 2295/8326 2294/8325
f 2307/8332 2308/8331 2296/8330 2295/8329
f 2308/8336 2309/8335 2297/8334 2296/8333
f 2309/8340 2310/8339 2298/8338 2297/8337
f 2310/8344 2311/8343 2299/8342 2298/8341
f 2311/8348 2312/8347 2300/8346 2299/8345
f 2312/8352 2301/8351 2289/8350 2300/8349
f 2313/8356 2314/8355 2302/8354 2301/8353
f 2314/8360 2315/8359 2303/8358 2302/8357
f 2315/8364 2316/8363 2304/8362 2303/8361
f 2316/8368 2317/8367 2305/8366 2304/8365
f 2317/8372 2318/8371 2306/8370 2305/8369
f 2318/8376 2319/8375 2307/8374 2306/8373
f 2319/8380 2320/8379 2308/8378 2307/8377
f 2320/8384 2321/8383 2309/8382 2308/8381
f 2321/8388 2322/8387 2310/8386 2309/8385
f 2322/8392 2323/8391 2311/8390 2310/8389
f 2323/8396 2324/8395 2312/8394 2311/8393
f 2324/8400 2313/8399 2301/8398 2312/8397
f 2325/8404 2326/8403 2314/8402 2313/8401
f 2326/8408 2327/8407 2315/8406 2314/8405
f 2327/8412 2328/8411 2316/8410 2315/8409
f 2328/8416 2329/8415 2317/8414 2316/8413
f 2329/8420 2330/8419 2318/8418 2317/8417
f 2330/8424 2331/8423 2319/8422 2318/8421
f 2331/8428 2332/8427 2320/8426 2319/8425
f 2332/8432 2333/8431 2321/8430 2320/8429
f 2333/8436 2334/8435 2322/8434 2321/8433
f 2334/8440 2335/8439 2323/8438 2322/8437
f 2335/8444 2336/8443 2324/8442 2323/8441
f 2336/8448 2325/8447 2313/8446 2324/8445
f 2349/8452 2350/8451 2338/8450 2337/8449
f 2350/8456 2351/8455 2339/8454 2338/8453
f 2351/8460 2352/8459 2340/8458 2339/8457
f 2352/8464 2353/8463 2341/8462 2340/8461
f 2353/8468 2354/8467 2342/8466 2341/8465
f 2354/8472 2355/8471 2343/8470 2342/8469
f 2355/8476 2356/8475 2344/8474 2343/8473
f 2356/8480 2357/8479 2345/8478 2344/8477
f 2357/8484 2358/8483 2346/8482 2345/8481
f 2358/8488 2359/8487 2347/8486 2346/8485
f 2359/8492 2360/8491 2348/8490 2347/8489
f 2360/8496 2349/8495 2337/8494 2348/8493
f 2361/8500 2362/8499 2350/8498 2349/8497
f 2362/8504 2363/8503 2351/8502 2350/8501
f 2363/8508 2364/8507 2352/8506 2351/8505
f 2364/8512 2365/8511 2353/8510 2352/8509
f 2365/8516 2366/8515 2354/8514 2353/8513
f 2366/8520 2367/8519 2355/8518 2354/8517
f 2367/8524 2368/8523 2356/8522 2355/8521
f 2368/8528 2369/8527 2357/8526 2356/8525
f 2369/8532 2370/8531 2358/8530 2357/8529
f 2370/8536 2371/8535 2359/8534 2358/8533
f 2371/8540 2372/8539 2360/8538 2359/8537
f 2372/8544 2361/8543 2349/8542 2360/8541
f 2373/8548 2374/8547 2362/8546 2361/8545
f 2374/8552 2375/8551 2363/8550 2362/8549
f 2375/8556 2376/8555 2364/8554 2363/8553
f 2376/8560 2377/8559 2365/8558 2364/8557
f 2377/8564 2378/8563 2366/8562 2365/8561
f 2378/8568 2379/8567 2367/8566 2366/8565
f 2379/8572 2380/8571 2368/8570 2367/8569
f 2380/8576 2381/8575 2369/8574 2368/8573
f 2381/8580 2382/8579 2370/8578 2369/8577
f 2382/8584 2383/8583 2371/8582 2370/8581
f 2383/8588 2384/8587 2372/8586 2371/8585
f 2384/8592 2373/8591 2361/8590 2372/8589
f 2385/8596 2386/8595 2374/8594 2373/8593
f 2386/8600 2387/8599 2375/8598 2374/8597
f 2387/8604 2388/8603 2376/8602 2375/8601
f 2388/8608 2389/8607 2377/8606 2376/8605
f 2389/8612 2390/8611 2378/8610 2377/8609
f 2390/8616 2391/8615 2379/8614 2378/8613
f 2391/8620 2392/8619 2380/8618 2379/8617
f 2392/8624 2393/8623 2381/8622 2380/8621
f 2393/8628 2394/8627 2382/8626 2381/8625
f 2394/8632 2395/8631 2383/8630 2382/8629
f 2395/8636 2396/8635 2384/8634 2383/8633
f 2396/8640 2385/8639 2373/8638 2384/8637
f 2397/8644 2398/8643 2386/8642 2385/8641
f 2398/8648 2399/8647 2387/8646 2386/8645
f 2399/8652 2400/8651 2388/8650 2387/8649
f 2400/8656 2401/8655 2389/8654 2388/8653
f 2401/8660 2402/8659 2390/8658 2389/8657
f 2402/8664 2403/8663 2391/8662 2390/8661
f 2403/8668 2404/8667 2392/8666 2391/8665
f 2404/8672 2405/8671 2393/8670 2392/8669
f 2405/8676 2406/8675 2394/8674 2393/8673
f 2406/8680 2407/8679 2395/8678 2394/8677
f 2407/8684 2408/8683 2396/8682 2395/8681
f 2408/8688 2397/8687 2385/8686 2396/8685
f 2409/8692 2410/8691 2398/8690 2397/8689
f 2410/8696 2411/8695 2399/8694 2398/8693
f 2411/8700 2412/8699 2400/8698 2399/8697
f 2412/8704 2413/8703 2401/8702 2400/8701
f 2413/8708 2414/8707 2402/8706 2401/8705
f 2414/8712 2415/8711 2403/8710 2402/8709
f 2415/8716 2416/8715 2404/8714 2403/8713
f 2416/8720 2417/8719 2405/8718 2404/8717
f 2417/8724 2418/8723 2406/8722 2405/8721
f 2418/8728 2419/8727 2407/8726 2406/8725
f 2419/8732 2420/8731 2408/8730 2407/8729
f 2420/8736 2409/8735 2397/8734 2408/8733
f 2433/8740 2434/8739 2422/8738 2421/8737
f 2434/8744 2435/8743 2423/8742 2422/8741
f 2435/8748 2436/8747 2424/8746 2423/8745
f 2436/8752 2437/8751 2425/8750 2424/8749
f 2437/8756 2438/8755 2426/8754 2425/8753
f 2438/8760 2439/8759 2427/8758 2426/8757
f 2439/8764 2440/8763 2428/8762 2427/8761
f 2440/8768 2441/8767 2429/8766 2428/8765
f 2441/8772 2442/8771 2430/8770 2429/8769
f 2442/8776 2443/8775 2431/8774 2430/8773
f 2443/8780 2444/8779 2432/8778 2431/8777
f 2444/8784 2433/8783 2421/8782 2432/8781
f 2445/8788 2446/8787 2434/8786 2433/8785
f 2446/8792 2447/8791 2435/8790 2434/8789
f 2447/8796 2448/8795 2436/8794 2435/8793
f 2448/8800 2449/8799 2437/8798 2436/8797
f 2449/8804 2450/8803 2438/8802 2437/8801
f 2450/8808 2451/8807 2439/8806 2438/8805
f 2451/8812 2452/8811 2440/8810 2439/8809
f 2452/8816 2453/8815 2441/8814 2440/8813
f 2453/8820 2454/8819 2442/8818 2441/8817
f 2454/8824 2455/8823 2443/8822 2442/8821
f 2455/8828 2456/8827 2444/8826 2443/8825
f 2456/8832 2445/8831 2433/8830 2444/8829
f 2457/8836 2458/8835 2446/8834 2445/8833
f 2458/8840 2459/8839 2447/8838 2446/8837
f 2459/8844 2460/8843 2448/8842 2447/8841
f 2460/8848 2461/8847 2449/8846 2448/8845
f 2461/8852 2462/8851 2450/8850 2449/8849
f 2462/8856 2463/8855 2451/8854 2450/8853
f 2463/8860 2464/8859 2452/8858 2451/8857
f 2464/8864 2465/8863 2453/8862 2452/8861
f 2465/8868 2466/8867 2454/8866 2453/8865
f 2466/8872 2467/8871 2455/8870 2454/8869
f 2467/8876 2468/8875 2456/8874 2455/8873
f 2468/8880 2457/8879 2445/8878 2456/8877
f 2469/8884 2470/8883 2458/8882 2457/8881
f 2470/8888 2471/8887 2459/8886 2458/8885
f 2471/8892 2472/8891 2460/8890 2459/8889
f 2472/8896 2473/8895 2461/8894 2460/8893
f 2473/8900 2474/8899 2462/8898 2461/8897
f 2474/8904 2475/8903 2463/8902 2462/8901
f 2475/8908 2476/8907 2464/8906 2463/8905
f 2476/8912 2477/8911 2465/8910 2464/8909
f 2477/8916 2478/8915 2466/8914 2465/8913
f 2478/8920 2479/8919 2467/8918 2466/8917
f 2479/8924 2480/8923 2468/8922 2467/8921
f 2480/8928 2469/8927 2457/8926 2468/8925
f 2481/8932 2482/8931 2470/8930 2469/8929
f 2482/8936 2483/8935 2471/8934 2470/8933
f 2483/8940 2484/8939 2472/8938 2471/8937
f 2484/8944 2485/8943 2473/8942 2472/8941
f 2485/8948 2486/8947 2474/8946 2473/8945
f 2486/8952 2487/8951 2475/8950 2474/8949
f 2487/8956 2488/8955 2476/8954 2475/8953
f 2488/8960 2489/8959 2477/8958 2476/8957
f 2489/8964 2490/8963 2478/8962 2477/8961
f 2490/8968 2491/8967 2479/8966 2478/8965
f 2491/8972 2492/8971 2480/8970 2479/8969
f 2492/8976 2481/8975 2469/8974 2480/8973
f 2493/8980 2494/8979 2482/8978 2481/8977
f 2494/8984 2495/8983 2483/8982 2482/8981
f 2495/8988 2496/8987 2484/8986 2483/8985
f 2496/8992 2497/8991 2485/8990 2484/8989
f 2497/8996 2498/8995 2486/8994 2485/8993
f 2498/9000 2499/8999 2487/8998 2486/8997
f 2499/9004 2500/9003 2488/9002 2487/9001
f 2500/9008 2501/9007 2489/9006 2488/9005
f 2501/9012 2502/9011 2490/9010 2489/9009
f 2502/9016 2503/9015 2491/9014 2490/9013
f 2503/9020 2504/9019 2492/9018 2491/9017
f 2504/9024 2493/9023 2481/9022 2492/9021
f 2521/9028 2522/9027 2506/9026 2505/9025
f 2522/9032 2523/9031 2507/9030 2506/9029
f 2523/9036 2524/9035 2508/9034 2507/9033
f 2524/9040 2525/9039 2509/9038 2508/9037
f 2525/9044 2526/9043 2510/9042 2509/9041
f 2526/9048 2527/9047 2511/9046 2510/9045
f 2527/9052 2528/9051 2512/9050 2511/9049
f 2528/9056 2529/9055 2513/9054 2512/9053
f 2529/9060 2530/9059 2514/9058 2513/9057
f 2530/9064 2531/9063 2515/9062 2514/9061
f 2531/9068 2532/9067 2516/9066 2515/9065
f 2532/9072 2533/9071 2517/9070 2516/9069
f 2533/9076 2534/9075 2518/9074 2517/9073
f 2534/9080 2535/9079 2519/9078 2518/9077
f 2535/9084 2536/9083 2520/9082 2519/9081
f 2536/9088 2521/9087 2505/9086 2520/9085
f 2537/9092 2538/9091 2522/9090 2521/9089
f 2538/9096 2539/9095 2523/9094 2522/9093
f 2539/9100 2540/9099 2524/9098 2523/9097
f 2540/9104 2541/9103 2525/9102 2524/9101
f 2541/9108 2542/9107 2526/9106 2525/9105
f 2542/9112 2543/9111 2527/9110 2526/9109
f 2543/9116 2544/9115 2528/9114 2527/9113
f 2544/9120 2545/9119 2529/9118 2528/9117
f 2545/9124 2546/9123 2530/9122 2529/9121
f 2546/9128 2547/9127 2531/9126 2530/9125
f 2547/9132 2548/9131 2532/9130 2531/9129
f 2548/9136 2549/9135 2533/9134 2532/9133
f 2549/9140 2550/9139 2534/9138 2533/9137
f 2550/9144 2551/9143 2535/9142 2534/9141
f 2551/9148 2552/9147 2536/9146 2535/9145
f 2552/9152 2537/9151 2521/9150 2536/9149
f 2553/9156 2554/9155 2538/9154 2537/9153
f 2554/9160 2555/9159 2539/9158 2538/9157
f 2555/9164 2556/9163 2540/9162 2539/9161
f 2556/9168 2557/9167 2541/9166 2540/9165
f 2557/9172 2558/9171 2542/9170 2541/9169
f 2558/9176 2559/9175 2543/9174 2542/9173
f 2559/9180 2560/9179 2544/9178 2543/9177
f 2560/9184 2561/9183 2545/9182 2544/9181
f 2561/9188 2562/9187 2546/9186 2545/9185
f 2562/9192 2563/9191 2547/9190 2546/9189
f 2563/9196 2564/9195 2548/9194 2547/9193
f 2564/9200 2565/9199 2549/9198 2548/9197
f 2565/9204 2566/9203 2550/9202 2549/9201
f 2566/9208 2567/9207 2551/9206 2550/9205
f 2567/9212 2568/9211 2552/9210 2551/9209
f 2568/9216 2553/9215 2537/9214 2552/9213
f 2569/9220 2570/9219 2554/9218 2553/9217
f 2570/9224 2571/9223 2555/9222 2554/9221
f 2571/9228 2572/9227 2556/9226 2555/9225
f 2572/9232 2573/9231 2557/9230 2556/9229
f 2573/9236 2574/9235 2558/9234 2557/9233
f 2574/9240 2575/9239 2559/9238 2558/9237
f 2575/9244 2576/9243 2560/9242 2559/9241
f 2576/9248 2577/9247 2561/9246 2560/9245
f 2577/9252 2578/9251 2562/9250 2561/9249
f 2578/9256 2579/9255 2563/9254 2562/9253
f 2579/9260 2580/9259 2564/9258 2563/9257
f 2580/9264 2581/9263 2565/9262 2564/9261
f 2581/9268 2582/9267 2566/9266 2565/9265
f 2582/9272 2583/9271 2567/9270 2566/9269
f 2583/9276 2584/9275 2568/9274 2567/9273
f 2584/9280 2569/9279 2553/9278 2568/9277
f 2585/9284 2586/9283 2570/9282 2569/9281
f 2586/9288 2587/9287 2571/9286 2570/9285
f 2587/9292 2588/9291 2572/9290 2571/9289
f 2588/9296 2589/9295 2573/9294 2572/9293
f 2589/9300 2590/9299 2574/9298 2573/9297
f 2590/9304 2591/9303 2575/9302 2574/9301
f 2591/9308 2592/9307 2576/9306 2575/9305
f 2592/9312 2593/9311 2577/9310 2576/9309
f 2593/9316 2594/9315 2578/9314 2577/9313
f 2594/9320 2595/9319 2579/9318 2578/9317
f 2595/9324 2596/9323 2580/9322 2579/9321
f 2596/9328 2597/9327 2581/9326 2580/9325
f 2597/9332 2598/9331 2582/9330 2581/9329
f 2598/9336 2599/9335 2583/9334 2582/9333
f 2599/9340 2600/9339 2584/9338 2583/9337
f 2600/9344 2585/9343 2569/9342 2584/9341
f 2601/9348 2602/9347 2586/9346 2585/9345
f 2602/9352 2603/9351 2587/9350 2586/9349
f 2603/9356 2604/9355 2588/9354 2587/9353
f 2604/9360 2605/9359 2589/9358 2588/9357
f 2605/9364 2606/9363 2590/9362 2589/9361
f 2606/9368 2607/9367 2591/9366 2590/9365
f 2607/9372 2608/9371 2592/9370 2591/9369
f 2608/9376 2609/9375 2593/9374 2592/9373
f 2609/9380 2610/9379 2594/9378 2593/9377
f 2610/9384 2611/9383 2595/9382 2594/9381
f 2611/9388 2612/9387 2596/9386 2595/9385
f 2612/9392 2613/9391 2597/9390 2596/9389
f 2613/9396 2614/9395 2598/9394 2597/9393
f 2614/9400 2615/9399 2599/9398 2598/9397
f 2615/9404 2616/9403 2600/9402 2599/9401
f 2616/9408 2601/9407 2585/9406 2600/9405
f 2617/9412 2618/9411 2602/9410 2601/9409
f 2618/9416 2619/9415 2603/9414 2602/9413
f 2619/9420 2620/9419 2604/9418 2603/9417
f 2620/9424 2621/9423 2605/9422 2604/9421
f 2621/9428 2622/9427 2606/9426 2605/9425
f 2622/9432 2623/9431 2607/9430 2606/9429
f 2623/9436 2624/9435 2608/9434 2607/9433
f 2624/9440 2625/9439 2609/9438 2608/9437
f 2625/9444 2626/9443 2610/9442 2609/9441
f 2626/9448 2627/9447 2611/9446 2610/9445
f 2627/9452 2628/9451 2612/9450 2611/9449
f 2628/9456 2629/9455 2613/9454 2612/9453
f 2629/9460 2630/9459 2614/9458 2613/9457
f 2630/9464 2631/9463 2615/9462 2614/9461
f 2631/9468 2632/9467 2616/9466 2615/9465
f 2632/9472 2617/9471 2601/9470 2616/9469
f 2633/9476 2634/9475 2618/9474 2617/9473
f 2634/9480 2635/9479 2619/9478 2618/9477
f 2635/9484 2636/9483 2620/9482 2619/9481
f 2636/9488 2637/9487 2621/9486 2620/9485
f 2637/9492 2638/9491 2622/9490 2621/9489
f 2638/9496 2639/9495 2623/9494 2622/9493
f 2639/9500 2640/9499 2624/9498 2623/9497
f 2640/9504 2641/9503 2625/9502 2624/9501
f 2641/9508 2642/9507 2626/9506 2625/9505
f 2642/9512 2643/9511 2627/9510 2626/9509
f 2643/9516 2644/9515 2628/9514 2627/9513
f 2644/9520 2645/9519 2629/9518 2628/9517
f 2645/9524 2646/9523 2630/9522 2629/9521
f 2646/9528 2647/9527 2631/9526 2630/9525
f 2647/9532 2648/9531 2632/9530 2631/9529
f 2648/9536 2633/9535 2617/9534 2632/9533
f 2665/9540 2666/9539 2650/9538 2649/9537
f 2666/9544 2667/9543 2651/9542 2650/9541
f 2667/9548 2668/9547 2652/9546 2651/9545
f 2668/9552 2669/9551 2653/9550 2652/9549
f 2669/9556 2670/9555 2654/9554 2653/9553
f 2670/9560 2671/9559 2655/9558 2654/9557
f 2671/9564 2672/9563 2656/9562 2655/9561
f 2672/9568 2673/9567 2657/9566 2656/9565
f 2673/9572 2674/9571 2658/9570 2657/9569
f 2674/9576 2675/9575 2659/9574 2658/9573
f 2675/9580 2676/9579 2660/9578 2659/9577
f 2676/9584 2677/9583 2661/9582 2660/9581
f 2677/9588 2678/9587 2662/9586 2661/9585
f 2678/9592 2679/9591 2663/9590 2662/9589
f 2679/9596 2680/9595 2664/9594 2663/9593
f 2680/9600 2665/9599 2649/9598 2664/9597
f 2681/9604 2682/9603 2666/9602 2665/9601
f 2682/9608 2683/9607 2667/9606 2666/9605
f 2683/9612 2684/9611 2668/9610 2667/9609
f 2684/9616 2685/9615 2669/9614 2668/9613
f 2685/9620 2686/9619 2670/9618 2669/9617
f 2686/9624 2687/9623 2671/9622 2670/9621
f 2687/9628 2688/9627 2672/9626 2671/9625
f 2688/9632 2689/9631 2673/9630 2672/9629
f 2689/9636 2690/9635 2674/9634 2673/9633
f 2690/9640 2691/9639 2675/9638 2674/9637
f 2691/9644 2692/9643 2676/9642 2675/9641
f 2692/9648 2693/9647 2677/9646 2676/9645
f 2693/9652 2694/9651 2678/9650 2677/9649
f 2694/9656 2695/9655 2679/9654 2678/9653
f 2695/9660 2696/9659 2680/9658 2679/9657
f 2696/9664 2681/9663 2665/9662 2680/9661
f 2697/9668 2698/9667 2682/9666 2681/9665
f 2698/9672 2699/9671 2683/9670 2682/9669
f 2699/9676 2700/9675 2684/9674 2683/9673
f 2700/9680 2701/9679 2685/9678 2684/9677
f 2701/9684 2702/9683 2686/9682 2685/9681
f 2702/9688 2703/9687 2687/9686 2686/9685
f 2703/9692 2704/9691 2688/9690 2687/9689
f 2704/9696 2705/9695 2689/9694 2688/9693
f 2705/9700 2706/9699 2690/9698 2689/9697
f 2706/9704 2707/9703 2691/9702 2690/9701
f 2707/9708 2708/9707 2692/9706 2691/9705
f 2708/9712 2709/9711 2693/9710 2692/9709
f 2709/9716 2710/9715 2694/9714 2693/9713
f 2710/9720 2711/9719 2695/9718 2694/9717
f 2711/9724 2712/9723 2696/9722 2695/9721
f 2712/9728 2697/9727 2681/9726 2696/9725
f 2713/9732 2714/9731 2698/9730 2697/9729
f 2714/9736 2715/9735 2699/9734 2698/9733
f 2715/9740 2716/9739 2700/9738 2699/9737
f 2716/9744 2717/9743 2701/9742 2700/9741
f 2717/9748 2718/9747 2702/9746 2701/9745
f 2718/9752 2719/9751 2703/9750 2702/9749
f 2719/9756 2720/9755 2704/9754 2703/9753
f 2720/9760 2721/9759 2705/9758 2704/9757
f 2721/9764 2722/9763 2706/9762 2705/9761
f 2722/9768 2723/9767 2707/9766 2706/9765
f 2723/9772 2724/9771 2708/9770 2707/9769
f 2724/9776 2725/9775 2709/9774 2708/9773
f 2725/9780 2726/9779 2710/9778 2709/9777
f 2726/9784 2727/9783 2711/9782 2710/9781
f 2727/9788 2728/9787 2712/9786 2711/9785
f 2728/9792 2713/9791 2697/9790 2712/9789
f 2729/9796 2730/9795 2714/9794 2713/9793
f 2730/9800 2731/9799 2715/9798 2714/9797
f 2731/9804 2732/9803 2716/9802 2715/9801
f 2732/9808 2733/9807 2717/9806 2716/9805
f 2733/9812 2734/9811 2718/9810 2717/9809
f 2734/9816 2735/9815 2719/9814 2718/9813
f 2735/9820 2736/9819 2720/9818 2719/9817
f 2736/9824 2737/9823 2721/9822 2720/9821
f 2737/9828 2738/9827 2722/9826 2721/9825
f 2738/9832 2739/9831 2723/9830 2722/9829
f 2739/9836 2740/9835 2724/9834 2723/9833
f 2740/9840 2741/9839 2725/9838 2724/9837
f 2741/9844 2742/9843 2726/9842 2725/9841
f 2742/9848 2743/9847 2727/9846 2726/9845
f 2743/9852 2744/9851 2728/9850 2727/9849
f 2744/9856 2729/9855 2713/9854 2728/9853
f 2745/9860 2746/9859 2730/9858 2729/9857
f 2746/9864 2747/9863 2731/9862 2730/9861
f 2747/9868 2748/9867 2732/9866 2731/9865
f 2748/9872 2749/9871 2733/9870 2732/9869
f 2749/9876 2750/9875 2734/9874 2733/9873
f 2750/9880 2751/9879 2735/9878 2734/9877
f 2751/9884 2752/9883 2736/9882 2735/9881
f 2752/9888 2753/9887 2737/9886 2736/9885
f 2753/9892 2754/9891 2738/9890 2737/9889
f 2754/9896 2755/9895 2739/9894 2738/9893
f 2755/9900 2756/9899 2740/9898 2739/9897
f 2756/9904 2757/9903 2741/9902 2740/9901
f 2757/9908 2758/9907 2742/9906 2741/9905
f 2758/9912 2759/9911 2743/9910 2742/9909
f 2759/9916 2760/9915 2744/9914 2743/9913
f 2760/9920 2745/9919 2729/9918 2744/9917
f 2761/9924 2762/9923 2746/9922 2745/9921
f 2762/9928 2763/9927 2747/9926 2746/9925
f 2763/9932 2764/9931 2748/9930 2747/9929
f 2764/9936 2765/9935 2749/9934 2748/9933
f 2765/9940 2766/9939 2750/9938 2749/9937
f 2766/9944 2767/9943 2751/9942 2750/9941
f 2767/9948 2768/9947 2752/9946 2751/9945
f 2768/9952 2769/9951 2753/9950 2752/9949
f 2769/9956 2770/9955 2754/9954 2753/9953
f 2770/9960 2771/9959 2755/9958 2754/9957
f 2771/9964 2772/9963 2756/9962 2755/9961
f 2772/9968 2773/9967 2757/9966 2756/9965
f 2773/9972 2774/9971 2758/9970 2757/9969
f 2774/9976 2775/9975 2759/9974 2758/9973
f 2775/9980 2776/9979 2760/9978 2759/9977
f 2776/9984 2761/9983 2745/9982 2760/9981
f 2777/9988 2778/9987 2762/9986 2761/9985
f 2778/9992 2779/9991 2763/9990 2762/9989
f 2779/9996 2780/9995 2764/9994 2763/9993
f 2780/10000 2781/9999 2765/9998 2764/9997
f 2781/10004 2782/10003 2766/10002 2765/10001
f 2782/10008 2783/10007 2767/10006 2766/10005
f 2783/10012 2784/10011 2768/10010 2767/10009
f 2784/10016 2785/10015 2769/10014 2768/10013
f 2785/10020 2786/10019 2770/10018 2769/10017
f 2786/10024 2787/10023 2771/10022 2770/10021
f 2787/10028 2788/10027 2772/10026 2771/10025
f 2788/10032 2789/10031 2773/10030 2772/10029
f 2789/10036 2790/10035 2774/10034 2773/10033
f 2790/10040 2791/10039 2775/10038 2774/10037
f 2791/10044 2792/10043 2776/10042 2775/10041
f 2792/10048 2777/10047 2761/10046 2776/10045
f 2809/10052 2810/10051 2794/10050 2793/10049
f 2810/10056 2811/10055 2795/10054 2794/10053
f 2811/10060 2812/10059 2796/10058 2795/10057
f 2812/10064 2813/10063 2797/10062 2796/10061
f 2813/10068 2814/10067 2798/10066 2797/10065
f 2814/10072 2815/10071 2799/10070 2798/10069
f 2815/10076 2816/10075 2800/10074 2799/10073
f 2816/10080 2817/10079 2801/10078 2800/10077
f 2817/10084 2818/10083 2802/10082 2801/10081
f 2818/10088 2819/10087 2803/10086 2802/10085
f 2819/10092 2820/10091 2804/10090 2803/10089
f 2820/10096 2821/10095 2805/10094 2804/10093
f 2821/10100 2822/10099 2806/10098 2805/10097
f 2822/10104 2823/10103 2807/10102 2806/10101
f 2823/10108 2824/10107 2808/10106 2807/10105
f 2824/10112 2809/10111 2793/10110 2808/10109
f 2825/10116 2826/10115 2810/10114 2809/10113
f 2826/10120 2827/10119 2811/10118 2810/10117
f 2827/10124 2828/10123 2812/10122 2811/10121
f 2828/10128 2829/10127 2813/10126 2812/10125
f 2829/10132 2830/10131 2814/10130 2813/10129
f 2830/10136 2831/10135 2815/10134 2814/10133
f 2831/10140 2832/10139 2816/10138 2815/10137
f 2832/10144 2833/10143 2817/10142 2816/10141
f 2833/10148 2834/10147 2818/10146 2817/10145
f 2834/10152 2835/10151 2819/10150 2818/10149
f 2835/10156 2836/10155 2820/10154 2819/10153
f 2836/10160 2837/10159 2821/10158 2820/10157
f 2837/10164 2838/10163 2822/10162 2821/10161
f 2838/10168 2839/10167 2823/10166 2822/10165
f 2839/10172 2840/10171 2824/10170 2823/10169
f 2840/10176 2825/10175 2809/10174 2824/10173
f 2841/10180 2842/10179 2826/10178 2825/10177
f 2842/10184 2843/10183 2827/10182 2826/10181
f 2843/10188 2844/10187 2828/10186 2827/10185
f 2844/10192 2845/10191 2829/10190 2828/10189
f 2845/10196 2846/10195 2830/10194 2829/10193
f 2846/10200 2847/10199 2831/10198 2830/10197
f 2847/10204 2848/10203 2832/10202 2831/10201
f 2848/10208 2849/10207 2833/10206 2832/10205
f 2849/10212 2850/10211 2834/10210 2833/10209
f 2850/10216 2851/10215 2835/10214 2834/10213
f 2851/10220 2852/10219 2836/10218 2835/10217
f 2852/10224 2853/10223 2837/10222 2836/10221
f 2853/10228 2854/10227 2838/10226 2837/10225
f 2854/10232 2855/10231 2839/10230 2838/10229
f 2855/10236 2856/10235 2840/10234 2839/10233
f 2856/10240 2841/10239 2825/10238 2840/10237
f 2857/10244 2858/10243 2842/10242 2841/10241
f 2858/10248 2859/10247 2843/10246 2842/10245
f 2859/10252 2860/10251 2844/10250 2843/10249
f 2860/10256 2861/10255 2845/10254 2844/10253
f 2861/10260 2862/10259 2846/10258 2845/10257
f 2862/10264 2863/10263 2847/10262 2846/10261
f 2863/10268 2864/10267 2848/10266 2847/10265
f 2864/10272 2865/10271 2849/10270 2848/10269
f 2865/10276 2866/10275 2850/10274 2849/10273
f 2866/10280 2867/10279 2851/10278 2850/10277
f 2867/10284 2868/10283 2852/10282 2851/10281
f 2868/10288 2869/10287 2853/10286 2852/10285
f 2869/10292 2870/10291 2854/10290 2853/10289
f 2870/10296 2871/10295 2855/10294 2854/10293
f 2871/10300 2872/10299 2856/10298 2855/10297
f 2872/10304 2857/10303 2841/10302 2856/10301
f 2873/10308 2874/10307 2858/10306 2857/10305
f 2874/10312 2875/10311 2859/10310 2858/10309
f 2875/10316 2876/10315 2860/10314 2859/10313
f 2876/10320 2877/10319 2861/10318 2860/10317
f 2877/10324 2878/10323 2862/10322 2861/10321
f 2878/10328 2879/10327 2863/10326 2862/10325
f 2879/10332 2880/10331 2864/10330 2863/10329
f 2880/10336 2881/10335 2865/10334 2864/10333
f 2881/10340 2882/10339 2866/10338 2865/10337
f 2882/10344 2883/10343 2867/10342 2866/10341
f 2883/10348 2884/10347 2868/10346 2867/10345
f 2884/10352 2885/10351 2869/10350 2868/10349
f 2885/10356 2886/10355 2870/10354 2869/10353
f 2886/10360 2887/10359 2871/10358 2870/10357
f 2887/10364 2888/10363 2872/10362 2871/10361
f 2888/10368 2873/10367 2857/10366 2872/10365
f 2889/10372 2890/10371 2874/10370 2873/10369
f 2890/10376 2891/10375 2875/10374 2874/10373
f 2891/10380 2892/10379 2876/10378 2875/10377
f 2892/10384 2893/10383 2877/10382 2876/10381
f 2893/10388 2894/10387 2878/10386 2877/10385
f 2894/10392 2895/10391 2879/10390 2878/10389
f 2895/10396 2896/10395 2880/10394 2879/10393
f 2896/10400 2897/10399 2881/10398 2880/10397
f 2897/10404 2898/10403 2882/10402 2881/10401
f 2898/10408 2899/10407 2883/10406 2882/10405
f 2899/10412 2900/10411 2884/10410 2883/10409
f 2900/10416 2901/10415 2885/10414 2884/10413
f 2901/10420 2902/10419 2886/10418 2885/10417
f 2902/10424 2903/10423 2887/10422 2886/10421
f 2903/10428 2904/10427 2888/10426 2887/10425
f 2904/10432 2889/10431 2873/10430 2888/10429
f 2905/10436 2906/10435 2890/10434 2889/10433
f 2906/10440 2907/10439 2891/10438 2890/10437
f 2907/10444 2908/10443 2892/10442 2891/10441
f 2908/10448 2909/10447 2893/10446 2892/10445
f 2909/10452 2910/10451 2894/10450 2893/10449
f 2910/10456 2911/10455 2895/10454 2894/10453
f 2911/10460 2912/10459 2896/10458 2895/10457
f 2912/10464 2913/10463 2897/10462 2896/10461
f 2913/10468 2914/10467 2898/10466 2897/10465
f 2914/10472 2915/10471 2899/10470 2898/10469
f 2915/10476 2916/10475 2900/10474 2899/10473
f 2916/10480 2917/10479 2901/10478 2900/10477
f 2917/10484 2918/10483 2902/10482 2901/10481
f 2918/10488 2919/10487 2903/10486 2902/10485
f 2919/10492 2920/10491 2904/10490 2903/10489
f 2920/10496 2905/10495 2889/10494 2904/10493
f 2921/10500 2922/10499 2906/10498 2905/10497
f 2922/10504 2923/10503 2907/10502 2906/10501
f 2923/10508 2924/10507 2908/10506 2907/10505
f 2924/10512 2925/10511 2909/10510 2908/10509
f 2925/10516 2926/10515 2910/10514 2909/10513
f 2926/10520 2927/10519 2911/10518 2910/10517
f 2927/10524 2928/10523 2912/10522 2911/10521
f 2928/10528 2929/10527 2913/10526 2912/10525
f 2929/10532 2930/10531 2914/10530 2913/10529
f 2930/10536 2931/10535 2915/10534 2914/10533
f 2931/10540 2932/10539 2916/10538 2915/10537
f 2932/10544 2933/10543 2917/10542 2916/10541
f 2933/10548 2934/10547 2918/10546 2917/10545
f 2934/10552 2935/10551 2919/10550 2918/10549
f 2935/10556 2936/10555 2920/10554 2919/10553
f 2936/10560 2921/10559 2905/10558 2920/10557
f 2953/10564 2954/10563 2938/10562 2937/10561
f 2954/10568 2955/10567 2939/10566 2938/10565
f 2955/10572 2956/10571 2940/10570 2939/10569
f 2956/10576 2957/10575 2941/10574 2940/10573
f 2957/10580 2958/10579 2942/10578 2941/10577
f 2958/10584 2959/10583 2943/10582 2942/10581
f 2959/10588 2960/10587 2944/10586 2943/10585
f 2960/10592 2961/10591 2945/10590 2944/10589
f 2961/10596 2962/10595 2946/10594 2945/10593
f 2962/10600 2963/10599 2947/10598 2946/10597
f 2963/10604 2964/10603 2948/10602 2947/10601
f 2964/10608 2965/10607 2949/10606 2948/10605
f 2965/10612 2966/10611 2950/10610 2949/10609
f 2966/10616 2967/10615 2951/10614 2950/10613
f 2967/10620 2968/10619 2952/10618 2951/10617
f 2968/10624 2953/10623 2937/10622 2952/10621
f 2969/10628 2970/10627 2954/10626 2953/10625
f 2970/10632 2971/10631 2955/10630 2954/10629
f 2971/10636 2972/10635 2956/10634 2955/10633
f 2972/10640 2973/10639 2957/10638 2956/10637
f 2973/10644 2974/10643 2958/10642 2957/10641
f 2974/10648 2975/10647 2959/10646 2958/10645
f 2975/10652 2976/10651 2960/10650 2959/10649
f 2976/10656 2977/10655 2961/10654 2960/10653
f 2977/10660 2978/10659 2962/10658 2961/10657
f 2978/10664 2979/10663 2963/10662 2962/10661
f 2979/10668 2980/10667 2964/10666 2963/10665
f 2980/10672 2981/10671 2965/10670 2964/10669
f 2981/10676 2982/10675 2966/10674 2965/10673
f 2982/10680 2983/10679 2967/10678 2966/10677
f 2983/10684 2984/10683 2968/10682 2967/10681
f 2984/10688 2969/10687 2953/10686 2968/10685
f 2985/10692 2986/10691 2970/10690 2969/10689
f 2986/10696 2987/10695 2971/10694 2970/10693
f 2987/10700 2988/10699 2972/10698 2971/10697
f 2988/10704 2989/10703 2973/10702 2972/10701
f 2989/10708 2990/10707 2974/10706 2973/10705
f 2990/10712 2991/10711 2975/10710 2974/10709
f 2991/10716 2992/10715 2976/10714 2975/10713
f 2992/10720 2993/10719 2977/10718 2976/10717
f 2993/10724 2994/10723 2978/10722 2977/10721
f 2994/10728 2995/10727 2979/10726 2978/10725
f 2995/10732 2996/10731 2980/10730 2979/10729
f 2996/10736 2997/10735 2981/10734 2980/10733
f 2997/10740 2998/10739 2982/10738 2981/10737
f 2998/10744 2999/10743 2983/10742 2982/10741
f 2999/10748 3000/10747 2984/10746 2983/10745
f 3000/10752 2985/10751 2969/10750 2984/10749
f 3001/10756 3002/10755 2986/10754 2985/10753
f 3002/10760 3003/10759 2987/10758 2986/10757
f 3003/10764 3004/10763 2988/10762 2987/10761
f 3004/10768 3005/10767 2989/10766 2988/10765
f 3005/10772 3006/10771 2990/10770 2989/10769
f 3006/10776 3007/10775 2991/10774 2990/10773
f 3007/10780 3008/10779 2992/10778 2991/10777
f 3008/10784 3009/10783 2993/10782 2992/10781
f 3009/10788 3010/10787 2994/10786 2993/10785
f 3010/10792 3011/10791 2995/10790 2994/10789
f 3011/10796 3012/10795 2996/10794 2995/10793
f 3012/10800 3013/10799 2997/10798 2996/10797
f 3013/10804 3014/10803 2998/10802 2997/10801
f 3014/10808 3015/10807 2999/10806 2998/10805
f 3015/10812 3016/10811 3000/10810 2999/10809
f 3016/10816 3001/10815 2985/10814 3000/10813
f 3017/10820 3018/10819 3002/10818 3001/10817
f 3018/10824 3019/10823 3003/10822 3002/10821
f 3019/10828 3020/10827 3004/10826 3003/10825
f 3020/10832 3021/10831 3005/10830 3004/10829
f 3021/10836 3022/10835 3006/10834 3005/10833
f 3022/10840 3023/10839 3007/10838 3006/10837
f 3023/10844 3024/10843 3008/10842 3007/10841
f 3024/10848 3025/10847 3009/10846 3008/10845
f 3025/10852 3026/10851 3010/10850 3009/10849
f 3026/10856 3027/10855 3011/10854 3010/10853
f 3027/10860 3028/10859 3012/10858 3011/10857
f 3028/10864 3029/10863 3013/10862 3012/10861
f 3029/10868 3030/10867 3014/10866 3013/10865
f 3030/10872 3031/10871 3015/10870 3014/10869
f 3031/10876 3032/10875 3016/10874 3015/10873
f 3032/10880 3017/10879 3001/10878 3016/10877
f 3033/10884 3034/10883 3018/10882 3017/10881
f 3034/10888 3035/10887 3019/10886 3018/10885
f 3035/10892 3036/10891 3020/10890 3019/10889
f 3036/10896 3037/10895 3021/10894 3020/10893
f 3037/10900 3038/10899 3022/10898 3021/10897
f 3038/10904 3039/10903 3023/10902 3022/10901
f 3039/10908 3040/10907 3024/10906 3023/10905
f 3040/10912 3041/10911 3025/10910 3024/10909
f 3041/10916 3042/10915 3026/10914 3025/10913
f 3042/10920 3043/10919 3027/10918 3026/10917
f 3043/10924 3044/10923 3028/10922 3027/10921
f 3044/10928 3045/10927 3029/10926 3028/10925
f 3045/10932 3046/10931 3030/10930 3029/10929
f 3046/10936 3047/10935 3031/10934 3030/10933
f 3047/10940 3048/10939 3032/10938 3031/10937
f 3048/10944 3033/10943 3017/10942 3032/10941
f 3049/10948 3050/10947 3034/10946 3033/10945
f 3050/10952 3051/10951 3035/10950 3034/10949
f 3051/10956 3052/10955 3036/10954 3035/10953
f 3052/10960 3053/10959 3037/10958 3036/10957
f 3053/10964 3054/10963 3038/10962 3037/10961
f 3054/10968 3055/10967 3039/10966 3038/10965
f 3055/10972 3056/10971 3040/10970 3039/10969
f 3056/10976 3057/10975 3041/10974 3040/10973
f 3057/10980 3058/10979 3042/10978 3041/10977
f 3058/10984 3059/10983 3043/10982 3042/10981
f 3059/10988 3060/10987 3044/10986 3043/10985
f 3060/10992 3061/10991 3045/10990 3044/10989
f 3061/10996 3062/10995 3046/10994 3045/10993
f 3062/11000 3063/10999 3047/10998 3046/10997
f 3063/11004 3064/11003 3048/11002 3047/11001
f 3064/11008 3049/11007 3033/11006 3048/11005
f 3065/11012 3066/11011 3050/11010 3049/11009
f 3066/11016 3067/11015 3051/11014 3050/11013
f 3067/11020 3068/11019 3052/11018 3051/11017
f 3068/11024 3069/11023 3053/11022 3052/11021
f 3069/11028 3070/11027 3054/11026 3053/11025
f 3070/11032 3071/11031 3055/11030 3054/11029
f 3071/11036 3072/11035 3056/11034 3055/11033
f 3072/11040 3073/11039 3057/11038 3056/11037
f 3073/11044 3074/11043 3058/11042 3057/11041
f 3074/11048 3075/11047 3059/11046 3058/11045
f 3075/11052 3076/11051 3060/11050 3059/11049
f 3076/11056 3077/11055 3061/11054 3060/11053
f 3077/11060 3078/11059 3062/11058 3061/11057
f 3078/11064 3079/11063 3063/11062 3062/11061
f 3079/11068 3080/11067 3064/11066 3063/11065
f 3080/11072 3065/11071 3049/11070 3064/11069
f 3097/11076 3098/11075 3082/11074 3081/11073
f 3098/11080 3099/11079 3083/11078 3082/11077
f 3099/11084 3100/11083 3084/11082 3083/11081
f 3100/11088 3101/11087 3085/11086 3084/11085
f 3101/11092 3102/11091 3086/11090 3085/11089
f 3102/11096 3103/11095 3087/11094 3086/11093
f 3103/11100 3104/11099 3088/11098 3087/11097
f 3104/11104 3105/11103 3089/11102 3088/11101
f 3105/11108 3106/11107 3090/11106 3089/11105
f 3106/11112 3107/11111 3091/11110 3090/11109
f 3107/11116 3108/11115 3092/11114 3091/11113
f 3108/11120 3109/11119 3093/11118 3092/11117
f 3109/11124 3110/11123 3094/11122 3093/11121
f 3110/11128 3111/11127 3095/11126 3094/11125
f 3111/11132 3112/11131 3096/11130 3095/11129
f 3112/11136 3097/11135 3081/11134 3096/11133
f 3113/11140 3114/11139 3098/11138 3097/11137
f 3114/11144 3115/11143 3099/11142 3098/11141
f 3115/11148 3116/11147 3100/11146 3099/11145
f 3116/11152 3117/11151 3101/11150 3100/11149
f 3117/11156 3118/11155 3102/11154 3101/11153
f 3118/11160 3119/11159 3103/11158 3102/11157
f 3119/11164 3120/11163 3104/11162 3103/11161
f 3120/11168 3121/11167 3105/11166 3104/11165
f 3121/11172 3122/11171 3106/11170 3105/11169
f 3122/11176 3123/11175 3107/11174 3106/11173
f 3123/11180 3124/11179 3108/11178 3107/11177
f 3124/11184 3125/11183 3109/11182 3108/11181
f 3125/11188 3126/11187 3110/11186 3109/11185
f 3126/11192 3127/11191 3111/11190 3110/11189
f 3127/11196 3128/11195 3112/11194 3111/11193
f 3128/11200 3113/11199 3097/11198 3112/11197
f 3129/11204 3130/11203 3114/11202 3113/11201
f 3130/11208 3131/11207 3115/11206 3114/11205
f 3131/11212 3132/11211 3116/11210 3115/11209
f 3132/11216 3133/11215 3117/11214 3116/11213
f 3133/11220 3134/11219 3118/11218 3117/11217
f 3134/11224 3135/11223 3119/11222 3118/11221
f 3135/11228 3136/11227 3120/11226 3119/11225
f 3136/11232 3137/11231 3121/11230 3120/11229
f 3137/11236 3138/11235 3122/11234 3121/11233
f 3138/11240 3139/11239 3123/11238 3122/11237
f 3139/11244 3140/11243 3124/11242 3123/11241
f 3140/11248 3141/11247 3125/11246 3124/11245
f 3141/11252 3142/11251 3126/11250 3125/11249
f 3142/11256 3143/11255 3127/11254 3126/11253
f 3143/11260 3144/11259 3128/11258 3127/11257
f 3144/11264 3129/11263 3113/11262 3128/11261
f 3145/11268 3146/11267 3130/11266 3129/11265
f 3146/11272 3147/11271 3131/11270 3130/11269
f 3147/11276 3148/11275 3132/11274 3131/11273
f 3148/11280 3149/11279 3133/11278 3132/11277
f 3149/11284 3150/11283 3134/11282 3133/11281
f 3150/11288 3151/11287 3135/11286 3134/11285
f 3151/11292 3152/11291 3136/11290 3135/11289
f 3152/11296 3153/11295 3137/11294 3136/11293
f 3153/11300 3154/11299 3138/11298 3137/11297
f 3154/11304 3155/11303 3139/11302 3138/11301
f 3155/11308 3156/11307 3140/11306 3139/11305
f 3156/11312 3157/11311 3141/11310 3140/11309
f 3157/11316 3158/11315 3142/11314 3141/11313
f 3158/11320 3159/11319 3143/11318 3142/11317
f 3159/11324 3160/11323 3144/11322 3143/11321
f 3160/11328 3145/11327 3129/11326 3144/11325
f 3161/11332 3162/11331 3146/11330 3145/11329
f 3162/11336 3163/11335 3147/11334 3146/11333
f 3163/11340 3164/11339 3148/11338 3147/11337
f 3164/11344 3165/11343 3149/11342 3148/11341
f 3165/11348 3166/11347 3150/11346 3149/11345
f 3166/11352 3167/11351 3151/11350 3150/11349
f 3167/11356 3168/11355 3152/11354 3151/11353
f 3168/11360 3169/11359 3153/11358 3152/11357
f 3169/11364 3170/11363 3154/11362 3153/11361
f 3170/11368 3171/11367 3155/11366 3154/11365
f 3171/11372 3172/11371 3156/11370 3155/11369
f 3172/11376 3173/11375 3157/11374 3156/11373
f 3173/11380 3174/11379 3158/11378 3157/11377
f 3174/11384 3175/11383 3159/11382 3158/11381
f 3175/11388 3176/11387 3160/11386 3159/11385
f 3176/11392 3161/11391 3145/11390 3160/11389
f 3177/11396 3178/11395 3162/11394 3161/11393
f 3178/11400 3179/11399 3163/11398 3162/11397
f 3179/11404 3180/11403 3164/11402 3163/11401
f 3180/11408 3181/11407 3165/11406 3164/11405
f 3181/11412 3182/11411 3166/11410 3165/11409
f 3182/11416 3183/11415 3167/11414 3166/11413
f 3183/11420 3184/11419 3168/11418 3167/11417
f 3184/11424 3185/11423 3169/11422 3168/11421
f 3185/11428 3186/11427 3170/11426 3169/11425
f 3186/11432 3187/11431 3171/11430 3170/11429
f 3187/11436 3188/11435 3172/11434 3171/11433
f 3188/11440 3189/11439 3173/11438 3172/11437
f 3189/11444 3190/11443 3174/11442 3173/11441
f 3190/11448 3191/11447 3175/11446 3174/11445
f 3191/11452 3192/11451 3176/11450 3175/11449
f 3192/11456 3177/11455 3161/11454 3176/11453
f 3193/11460 3194/11459 3178/11458 3177/11457
f 3194/11464 3195/11463 3179/11462 3178/11461
f 3195/11468 3196/11467 3180/11466 3179/11465
f 3196/11472 3197/11471 3181/11470 3180/11469
f 3197/11476 3198/11475 3182/11474 3181/11473
f 3198/11480 3199/11479 3183/11478 3182/11477
f 3199/11484 3200/11483 3184/11482 3183/11481
f 3200/11488 3201/11487 3185/11486 3184/11485
f 3201/11492 3202/11491 3186/11490 3185/11489
f 3202/11496 3203/11495 3187/11494 3186/11493
f 3203/11500 3204/11499 3188/11498 3187/11497
f 3204/11504 3205/11503 3189/11502 3188/11501
f 3205/11508 3206/11507 3190/11506 3189/11505
f 3206/11512 3207/11511 3191/11510 3190/11509
f 3207/11516 3208/11515 3192/11514 3191/11513
f 3208/11520 3193/11519 3177/11518 3192/11517
f 3209/11524 3210/11523 3194/11522 3193/11521
f 3210/11528 3211/11527 3195/11526 3194/11525
f 3211/11532 3212/11531 3196/11530 3195/11529
f 3212/11536 3213/11535 3197/11534 3196/11533
f 3213/11540 3214/11539 3198/11538 3197/11537
f 3214/11544 3215/11543 3199/11542 3198/11541
f 3215/11548 3216/11547 3200/11546 3199/11545
f 3216/11552 3217/11551 3201/11550 3200/11549
f 3217/11556 3218/11555 3202/11554 3201/11553
f 3218/11560 3219/11559 3203/11558 3202/11557
f 3219/11564 3220/11563 3204/11562 3203/11561
f 3220/11568 3221/11567 3205/11566 3204/11565
f 3221/11572 3222/11571 3206/11570 3205/11569
f 3222/11576 3223/11575 3207/11574 3206/11573
f 3223/11580 3224/11579 3208/11578 3207/11577
f 3224/11584 3209/11583 3193/11582 3208/11581
f 3225/11590 3226/11589 3227/11588 3228/11587 3229/11586 3230/11585
f 3236/11596 3235/11595 3234/11594 3233/11593 3232/11592 3231/11591
f 3231/11600 3232/11599 3226/11598 3225/11597
f 3232/11604 3233/11603 3227/11602 3226/11601
f 3233/11608 3234/11607 3228/11606 3227/11605
f 3234/11612 3235/11611 3229/11610 3228/11609
f 3235/11616 3236/11615 3230/11614 3229/11613
f 3236/11620 3231/11619 3225/11618 3230/11617
