# Authored game-art mesh
s 1
v 0.000037 31.200000 -0.500000
v 0.000036 31.199994 -0.500000
v 0.000033 31.199993 -0.500000
v 0.000028 31.199993 -0.500000
v 0.000000 31.199992 -0.500000
v -0.000028 31.199993 -0.500000
v -0.000033 31.199993 -0.500000
v -0.000036 31.199994 -0.500000
v -0.000037 31.200000 -0.500000
v -0.000036 31.200006 -0.500000
v -0.000033 31.200007 -0.500000
v -0.000028 31.200007 -0.500000
v -0.000000 31.200008 -0.500000
v 0.000028 31.200007 -0.500000
v 0.000033 31.200007 -0.500000
v 0.000036 31.200006 -0.500000
v 2.024024 31.200000 -0.338042
v 1.976516 30.890923 -0.338042
v 1.824153 30.828413 -0.338042
v 1.517286 30.797376 -0.338042
v 0.000028 30.787699 -0.338042
v -1.517286 30.797376 -0.338042
v -1.824153 30.828413 -0.338042
v -1.976516 30.890923 -0.338042
v -2.024024 31.199993 -0.338042
v -1.976516 31.509077 -0.338042
v -1.824153 31.571587 -0.338042
v -1.517286 31.602624 -0.338042
v -0.000038 31.612301 -0.338042
v 1.517286 31.602624 -0.338042
v 1.824153 31.571587 -0.338042
v 1.976516 31.509077 -0.338042
v 2.433376 31.200000 0.181372
v 2.376260 30.828413 0.181372
v 2.193081 30.753261 0.181372
v 1.824153 30.715947 0.181372
v 0.000033 30.704312 0.181372
v -1.824153 30.715947 0.181372
v -2.193081 30.753261 0.181372
v -2.376260 30.828413 0.181372
v -2.433376 31.199992 0.181372
v -2.376260 31.571587 0.181372
v -2.193081 31.646739 0.181372
v -1.824153 31.684053 0.181372
v -0.000046 31.695688 0.181372
v 1.824153 31.684053 0.181372
v 2.193081 31.646739 0.181372
v 2.376260 31.571587 0.181372
v 2.636625 31.200000 1.227494
v 2.574738 30.797376 1.227494
v 2.376260 30.715947 1.227494
v 1.976516 30.675516 1.227494
v 0.000036 30.662910 1.227494
v -1.976516 30.675516 1.227494
v -2.376260 30.715947 1.227494
v -2.574738 30.797376 1.227494
v -2.636625 31.199991 1.227494
v -2.574738 31.602624 1.227494
v -2.376260 31.684053 1.227494
v -1.976516 31.724484 1.227494
v -0.000050 31.737090 1.227494
v 1.976516 31.724484 1.227494
v 2.376260 31.684053 1.227494
v 2.574738 31.602624 1.227494
v 2.700000 31.200000 6.400000
v 2.636625 30.787699 6.400000
v 2.433376 30.704312 6.400000
v 2.024024 30.662910 6.400000
v 0.000037 30.650000 6.400000
v -2.024024 30.662910 6.400000
v -2.433376 30.704312 6.400000
v -2.636625 30.787699 6.400000
v -2.700000 31.199991 6.400000
v -2.636625 31.612301 6.400000
v -2.433376 31.695688 6.400000
v -2.024024 31.737090 6.400000
v -0.000051 31.750000 6.400000
v 2.024024 31.737090 6.400000
v 2.433376 31.695688 6.400000
v 2.636625 31.612301 6.400000
v 2.636625 31.200000 11.572506
v 2.574738 30.797376 11.572506
v 2.376260 30.715947 11.572506
v 1.976516 30.675516 11.572506
v 0.000036 30.662910 11.572506
v -1.976516 30.675516 11.572506
v -2.376260 30.715947 11.572506
v -2.574738 30.797376 11.572506
v -2.636625 31.199991 11.572506
v -2.574738 31.602624 11.572506
v -2.376260 31.684053 11.572506
v -1.976516 31.724484 11.572506
v -0.000050 31.737090 11.572506
v 1.976516 31.724484 11.572506
v 2.376260 31.684053 11.572506
v 2.574738 31.602624 11.572506
v 2.433376 31.200000 12.618628
v 2.376260 30.828413 12.618628
v 2.193081 30.753261 12.618628
v 1.824153 30.715947 12.618628
v 0.000033 30.704312 12.618628
v -1.824153 30.715947 12.618628
v -2.193081 30.753261 12.618628
v -2.376260 30.828413 12.618628
v -2.433376 31.199992 12.618628
v -2.376260 31.571587 12.618628
v -2.193081 31.646739 12.618628
v -1.824153 31.684053 12.618628
v -0.000046 31.695688 12.618628
v 1.824153 31.684053 12.618628
v 2.193081 31.646739 12.618628
v 2.376260 31.571587 12.618628
v 2.024024 31.200000 13.138042
v 1.976516 30.890923 13.138042
v 1.824153 30.828413 13.138042
v 1.517286 30.797376 13.138042
v 0.000028 30.787699 13.138042
v -1.517286 30.797376 13.138042
v -1.824153 30.828413 13.138042
v -1.976516 30.890923 13.138042
v -2.024024 31.199993 13.138042
v -1.976516 31.509077 13.138042
v -1.824153 31.571587 13.138042
v -1.517286 31.602624 13.138042
v -0.000038 31.612301 13.138042
v 1.517286 31.602624 13.138042
v 1.824153 31.571587 13.138042
v 1.976516 31.509077 13.138042
v 0.000037 31.200000 13.300000
v 0.000036 31.199994 13.300000
v 0.000033 31.199993 13.300000
v 0.000028 31.199993 13.300000
v 0.000000 31.199992 13.300000
v -0.000028 31.199993 13.300000
v -0.000033 31.199993 13.300000
v -0.000036 31.199994 13.300000
v -0.000037 31.200000 13.300000
v -0.000036 31.200006 13.300000
v -0.000033 31.200007 13.300000
v -0.000028 31.200007 13.300000
v -0.000000 31.200008 13.300000
v 0.000028 31.200007 13.300000
v 0.000033 31.200007 13.300000
v 0.000036 31.200006 13.300000
v 0.000005 31.850000 0.900000
v 0.000004 31.850000 0.900000
v 0.000000 31.850000 0.900000
v -0.000004 31.850000 0.900000
v -0.000005 31.850000 0.900000
v -0.000004 31.850000 0.900000
v -0.000000 31.850000 0.900000
v 0.000004 31.850000 0.900000
v 1.904400 31.850000 0.911423
v 1.686856 31.791156 0.911423
v 0.000004 31.783567 0.911423
v -1.686856 31.791156 0.911423
v -1.904400 31.850000 0.911423
v -1.686856 31.908844 0.911423
v -0.000006 31.916433 0.911423
v 1.686856 31.908844 0.911423
v 2.150000 31.850000 1.000000
v 1.904400 31.783567 1.000000
v 0.000005 31.775000 1.000000
v -1.904400 31.783567 1.000000
v -2.150000 31.850000 1.000000
v -1.904400 31.916433 1.000000
v -0.000007 31.925000 1.000000
v 1.904400 31.916433 1.000000
v 1.904400 31.850000 1.088577
v 1.686856 31.791156 1.088577
v 0.000004 31.783567 1.088577
v -1.686856 31.791156 1.088577
v -1.904400 31.850000 1.088577
v -1.686856 31.908844 1.088577
v -0.000006 31.916433 1.088577
v 1.686856 31.908844 1.088577
v 0.000005 31.850000 1.100000
v 0.000004 31.850000 1.100000
v 0.000000 31.850000 1.100000
v -0.000004 31.850000 1.100000
v -0.000005 31.850000 1.100000
v -0.000004 31.850000 1.100000
v -0.000000 31.850000 1.100000
v 0.000004 31.850000 1.100000
v 0.000005 31.850000 1.600000
v 0.000004 31.850000 1.600000
v 0.000000 31.850000 1.600000
v -0.000004 31.850000 1.600000
v -0.000005 31.850000 1.600000
v -0.000004 31.850000 1.600000
v -0.000000 31.850000 1.600000
v 0.000004 31.850000 1.600000
v 1.904400 31.850000 1.611423
v 1.686856 31.791156 1.611423
v 0.000004 31.783567 1.611423
v -1.686856 31.791156 1.611423
v -1.904400 31.850000 1.611423
v -1.686856 31.908844 1.611423
v -0.000006 31.916433 1.611423
v 1.686856 31.908844 1.611423
v 2.150000 31.850000 1.700000
v 1.904400 31.783567 1.700000
v 0.000005 31.775000 1.700000
v -1.904400 31.783567 1.700000
v -2.150000 31.850000 1.700000
v -1.904400 31.916433 1.700000
v -0.000007 31.925000 1.700000
v 1.904400 31.916433 1.700000
v 1.904400 31.850000 1.788577
v 1.686856 31.791156 1.788577
v 0.000004 31.783567 1.788577
v -1.686856 31.791156 1.788577
v -1.904400 31.850000 1.788577
v -1.686856 31.908844 1.788577
v -0.000006 31.916433 1.788577
v 1.686856 31.908844 1.788577
v 0.000005 31.850000 1.800000
v 0.000004 31.850000 1.800000
v 0.000000 31.850000 1.800000
v -0.000004 31.850000 1.800000
v -0.000005 31.850000 1.800000
v -0.000004 31.850000 1.800000
v -0.000000 31.850000 1.800000
v 0.000004 31.850000 1.800000
v 0.000005 31.850000 2.300000
v 0.000004 31.850000 2.300000
v 0.000000 31.850000 2.300000
v -0.000004 31.850000 2.300000
v -0.000005 31.850000 2.300000
v -0.000004 31.850000 2.300000
v -0.000000 31.850000 2.300000
v 0.000004 31.850000 2.300000
v 1.904400 31.850000 2.311423
v 1.686856 31.791156 2.311423
v 0.000004 31.783567 2.311423
v -1.686856 31.791156 2.311423
v -1.904400 31.850000 2.311423
v -1.686856 31.908844 2.311423
v -0.000006 31.916433 2.311423
v 1.686856 31.908844 2.311423
v 2.150000 31.850000 2.400000
v 1.904400 31.783567 2.400000
v 0.000005 31.775000 2.400000
v -1.904400 31.783567 2.400000
v -2.150000 31.850000 2.400000
v -1.904400 31.916433 2.400000
v -0.000007 31.925000 2.400000
v 1.904400 31.916433 2.400000
v 1.904400 31.850000 2.488577
v 1.686856 31.791156 2.488577
v 0.000004 31.783567 2.488577
v -1.686856 31.791156 2.488577
v -1.904400 31.850000 2.488577
v -1.686856 31.908844 2.488577
v -0.000006 31.916433 2.488577
v 1.686856 31.908844 2.488577
v 0.000005 31.850000 2.500000
v 0.000004 31.850000 2.500000
v 0.000000 31.850000 2.500000
v -0.000004 31.850000 2.500000
v -0.000005 31.850000 2.500000
v -0.000004 31.850000 2.500000
v -0.000000 31.850000 2.500000
v 0.000004 31.850000 2.500000
v 0.000005 31.850000 3.000000
v 0.000004 31.850000 3.000000
v 0.000000 31.850000 3.000000
v -0.000004 31.850000 3.000000
v -0.000005 31.850000 3.000000
v -0.000004 31.850000 3.000000
v -0.000000 31.850000 3.000000
v 0.000004 31.850000 3.000000
v 1.904400 31.850000 3.011423
v 1.686856 31.791156 3.011423
v 0.000004 31.783567 3.011423
v -1.686856 31.791156 3.011423
v -1.904400 31.850000 3.011423
v -1.686856 31.908844 3.011423
v -0.000006 31.916433 3.011423
v 1.686856 31.908844 3.011423
v 2.150000 31.850000 3.100000
v 1.904400 31.783567 3.100000
v 0.000005 31.775000 3.100000
v -1.904400 31.783567 3.100000
v -2.150000 31.850000 3.100000
v -1.904400 31.916433 3.100000
v -0.000007 31.925000 3.100000
v 1.904400 31.916433 3.100000
v 1.904400 31.850000 3.188577
v 1.686856 31.791156 3.188577
v 0.000004 31.783567 3.188577
v -1.686856 31.791156 3.188577
v -1.904400 31.850000 3.188577
v -1.686856 31.908844 3.188577
v -0.000006 31.916433 3.188577
v 1.686856 31.908844 3.188577
v 0.000005 31.850000 3.200000
v 0.000004 31.850000 3.200000
v 0.000000 31.850000 3.200000
v -0.000004 31.850000 3.200000
v -0.000005 31.850000 3.200000
v -0.000004 31.850000 3.200000
v -0.000000 31.850000 3.200000
v 0.000004 31.850000 3.200000
v 0.000005 31.850000 3.700000
v 0.000004 31.850000 3.700000
v 0.000000 31.850000 3.700000
v -0.000004 31.850000 3.700000
v -0.000005 31.850000 3.700000
v -0.000004 31.850000 3.700000
v -0.000000 31.850000 3.700000
v 0.000004 31.850000 3.700000
v 1.904400 31.850000 3.711423
v 1.686856 31.791156 3.711423
v 0.000004 31.783567 3.711423
v -1.686856 31.791156 3.711423
v -1.904400 31.850000 3.711423
v -1.686856 31.908844 3.711423
v -0.000006 31.916433 3.711423
v 1.686856 31.908844 3.711423
v 2.150000 31.850000 3.800000
v 1.904400 31.783567 3.800000
v 0.000005 31.775000 3.800000
v -1.904400 31.783567 3.800000
v -2.150000 31.850000 3.800000
v -1.904400 31.916433 3.800000
v -0.000007 31.925000 3.800000
v 1.904400 31.916433 3.800000
v 1.904400 31.850000 3.888577
v 1.686856 31.791156 3.888577
v 0.000004 31.783567 3.888577
v -1.686856 31.791156 3.888577
v -1.904400 31.850000 3.888577
v -1.686856 31.908844 3.888577
v -0.000006 31.916433 3.888577
v 1.686856 31.908844 3.888577
v 0.000005 31.850000 3.900000
v 0.000004 31.850000 3.900000
v 0.000000 31.850000 3.900000
v -0.000004 31.850000 3.900000
v -0.000005 31.850000 3.900000
v -0.000004 31.850000 3.900000
v -0.000000 31.850000 3.900000
v 0.000004 31.850000 3.900000
v 0.000005 31.850000 4.400000
v 0.000004 31.850000 4.400000
v 0.000000 31.850000 4.400000
v -0.000004 31.850000 4.400000
v -0.000005 31.850000 4.400000
v -0.000004 31.850000 4.400000
v -0.000000 31.850000 4.400000
v 0.000004 31.850000 4.400000
v 1.904400 31.850000 4.411423
v 1.686856 31.791156 4.411423
v 0.000004 31.783567 4.411423
v -1.686856 31.791156 4.411423
v -1.904400 31.850000 4.411423
v -1.686856 31.908844 4.411423
v -0.000006 31.916433 4.411423
v 1.686856 31.908844 4.411423
v 2.150000 31.850000 4.500000
v 1.904400 31.783567 4.500000
v 0.000005 31.775000 4.500000
v -1.904400 31.783567 4.500000
v -2.150000 31.850000 4.500000
v -1.904400 31.916433 4.500000
v -0.000007 31.925000 4.500000
v 1.904400 31.916433 4.500000
v 1.904400 31.850000 4.588577
v 1.686856 31.791156 4.588577
v 0.000004 31.783567 4.588577
v -1.686856 31.791156 4.588577
v -1.904400 31.850000 4.588577
v -1.686856 31.908844 4.588577
v -0.000006 31.916433 4.588577
v 1.686856 31.908844 4.588577
v 0.000005 31.850000 4.600000
v 0.000004 31.850000 4.600000
v 0.000000 31.850000 4.600000
v -0.000004 31.850000 4.600000
v -0.000005 31.850000 4.600000
v -0.000004 31.850000 4.600000
v -0.000000 31.850000 4.600000
v 0.000004 31.850000 4.600000
v 0.000005 31.850000 5.100000
v 0.000004 31.850000 5.100000
v 0.000000 31.850000 5.100000
v -0.000004 31.850000 5.100000
v -0.000005 31.850000 5.100000
v -0.000004 31.850000 5.100000
v -0.000000 31.850000 5.100000
v 0.000004 31.850000 5.100000
v 1.904400 31.850000 5.111423
v 1.686856 31.791156 5.111423
v 0.000004 31.783567 5.111423
v -1.686856 31.791156 5.111423
v -1.904400 31.850000 5.111423
v -1.686856 31.908844 5.111423
v -0.000006 31.916433 5.111423
v 1.686856 31.908844 5.111423
v 2.150000 31.850000 5.200000
v 1.904400 31.783567 5.200000
v 0.000005 31.775000 5.200000
v -1.904400 31.783567 5.200000
v -2.150000 31.850000 5.200000
v -1.904400 31.916433 5.200000
v -0.000007 31.925000 5.200000
v 1.904400 31.916433 5.200000
v 1.904400 31.850000 5.288577
v 1.686856 31.791156 5.288577
v 0.000004 31.783567 5.288577
v -1.686856 31.791156 5.288577
v -1.904400 31.850000 5.288577
v -1.686856 31.908844 5.288577
v -0.000006 31.916433 5.288577
v 1.686856 31.908844 5.288577
v 0.000005 31.850000 5.300000
v 0.000004 31.850000 5.300000
v 0.000000 31.850000 5.300000
v -0.000004 31.850000 5.300000
v -0.000005 31.850000 5.300000
v -0.000004 31.850000 5.300000
v -0.000000 31.850000 5.300000
v 0.000004 31.850000 5.300000
v 0.000005 31.850000 5.800000
v 0.000004 31.850000 5.800000
v 0.000000 31.850000 5.800000
v -0.000004 31.850000 5.800000
v -0.000005 31.850000 5.800000
v -0.000004 31.850000 5.800000
v -0.000000 31.850000 5.800000
v 0.000004 31.850000 5.800000
v 1.904400 31.850000 5.811423
v 1.686856 31.791156 5.811423
v 0.000004 31.783567 5.811423
v -1.686856 31.791156 5.811423
v -1.904400 31.850000 5.811423
v -1.686856 31.908844 5.811423
v -0.000006 31.916433 5.811423
v 1.686856 31.908844 5.811423
v 2.150000 31.850000 5.900000
v 1.904400 31.783567 5.900000
v 0.000005 31.775000 5.900000
v -1.904400 31.783567 5.900000
v -2.150000 31.850000 5.900000
v -1.904400 31.916433 5.900000
v -0.000007 31.925000 5.900000
v 1.904400 31.916433 5.900000
v 1.904400 31.850000 5.988577
v 1.686856 31.791156 5.988577
v 0.000004 31.783567 5.988577
v -1.686856 31.791156 5.988577
v -1.904400 31.850000 5.988577
v -1.686856 31.908844 5.988577
v -0.000006 31.916433 5.988577
v 1.686856 31.908844 5.988577
v 0.000005 31.850000 6.000000
v 0.000004 31.850000 6.000000
v 0.000000 31.850000 6.000000
v -0.000004 31.850000 6.000000
v -0.000005 31.850000 6.000000
v -0.000004 31.850000 6.000000
v -0.000000 31.850000 6.000000
v 0.000004 31.850000 6.000000
v 0.000005 31.850000 6.500000
v 0.000004 31.850000 6.500000
v 0.000000 31.850000 6.500000
v -0.000004 31.850000 6.500000
v -0.000005 31.850000 6.500000
v -0.000004 31.850000 6.500000
v -0.000000 31.850000 6.500000
v 0.000004 31.850000 6.500000
v 1.904400 31.850000 6.511423
v 1.686856 31.791156 6.511423
v 0.000004 31.783567 6.511423
v -1.686856 31.791156 6.511423
v -1.904400 31.850000 6.511423
v -1.686856 31.908844 6.511423
v -0.000006 31.916433 6.511423
v 1.686856 31.908844 6.511423
v 2.150000 31.850000 6.600000
v 1.904400 31.783567 6.600000
v 0.000005 31.775000 6.600000
v -1.904400 31.783567 6.600000
v -2.150000 31.850000 6.600000
v -1.904400 31.916433 6.600000
v -0.000007 31.925000 6.600000
v 1.904400 31.916433 6.600000
v 1.904400 31.850000 6.688577
v 1.686856 31.791156 6.688577
v 0.000004 31.783567 6.688577
v -1.686856 31.791156 6.688577
v -1.904400 31.850000 6.688577
v -1.686856 31.908844 6.688577
v -0.000006 31.916433 6.688577
v 1.686856 31.908844 6.688577
v 0.000005 31.850000 6.700000
v 0.000004 31.850000 6.700000
v 0.000000 31.850000 6.700000
v -0.000004 31.850000 6.700000
v -0.000005 31.850000 6.700000
v -0.000004 31.850000 6.700000
v -0.000000 31.850000 6.700000
v 0.000004 31.850000 6.700000
v 0.000005 31.850000 7.200000
v 0.000004 31.850000 7.200000
v 0.000000 31.850000 7.200000
v -0.000004 31.850000 7.200000
v -0.000005 31.850000 7.200000
v -0.000004 31.850000 7.200000
v -0.000000 31.850000 7.200000
v 0.000004 31.850000 7.200000
v 1.904400 31.850000 7.211423
v 1.686856 31.791156 7.211423
v 0.000004 31.783567 7.211423
v -1.686856 31.791156 7.211423
v -1.904400 31.850000 7.211423
v -1.686856 31.908844 7.211423
v -0.000006 31.916433 7.211423
v 1.686856 31.908844 7.211423
v 2.150000 31.850000 7.300000
v 1.904400 31.783567 7.300000
v 0.000005 31.775000 7.300000
v -1.904400 31.783567 7.300000
v -2.150000 31.850000 7.300000
v -1.904400 31.916433 7.300000
v -0.000007 31.925000 7.300000
v 1.904400 31.916433 7.300000
v 1.904400 31.850000 7.388577
v 1.686856 31.791156 7.388577
v 0.000004 31.783567 7.388577
v -1.686856 31.791156 7.388577
v -1.904400 31.850000 7.388577
v -1.686856 31.908844 7.388577
v -0.000006 31.916433 7.388577
v 1.686856 31.908844 7.388577
v 0.000005 31.850000 7.400000
v 0.000004 31.850000 7.400000
v 0.000000 31.850000 7.400000
v -0.000004 31.850000 7.400000
v -0.000005 31.850000 7.400000
v -0.000004 31.850000 7.400000
v -0.000000 31.850000 7.400000
v 0.000004 31.850000 7.400000
v 0.000005 31.850000 7.900000
v 0.000004 31.850000 7.900000
v 0.000000 31.850000 7.900000
v -0.000004 31.850000 7.900000
v -0.000005 31.850000 7.900000
v -0.000004 31.850000 7.900000
v -0.000000 31.850000 7.900000
v 0.000004 31.850000 7.900000
v 1.904400 31.850000 7.911423
v 1.686856 31.791156 7.911423
v 0.000004 31.783567 7.911423
v -1.686856 31.791156 7.911423
v -1.904400 31.850000 7.911423
v -1.686856 31.908844 7.911423
v -0.000006 31.916433 7.911423
v 1.686856 31.908844 7.911423
v 2.150000 31.850000 8.000000
v 1.904400 31.783567 8.000000
v 0.000005 31.775000 8.000000
v -1.904400 31.783567 8.000000
v -2.150000 31.850000 8.000000
v -1.904400 31.916433 8.000000
v -0.000007 31.925000 8.000000
v 1.904400 31.916433 8.000000
v 1.904400 31.850000 8.088577
v 1.686856 31.791156 8.088577
v 0.000004 31.783567 8.088577
v -1.686856 31.791156 8.088577
v -1.904400 31.850000 8.088577
v -1.686856 31.908844 8.088577
v -0.000006 31.916433 8.088577
v 1.686856 31.908844 8.088577
v 0.000005 31.850000 8.100000
v 0.000004 31.850000 8.100000
v 0.000000 31.850000 8.100000
v -0.000004 31.850000 8.100000
v -0.000005 31.850000 8.100000
v -0.000004 31.850000 8.100000
v -0.000000 31.850000 8.100000
v 0.000004 31.850000 8.100000
v 0.000005 31.850000 8.600000
v 0.000004 31.850000 8.600000
v 0.000000 31.850000 8.600000
v -0.000004 31.850000 8.600000
v -0.000005 31.850000 8.600000
v -0.000004 31.850000 8.600000
v -0.000000 31.850000 8.600000
v 0.000004 31.850000 8.600000
v 1.904400 31.850000 8.611423
v 1.686856 31.791156 8.611423
v 0.000004 31.783567 8.611423
v -1.686856 31.791156 8.611423
v -1.904400 31.850000 8.611423
v -1.686856 31.908844 8.611423
v -0.000006 31.916433 8.611423
v 1.686856 31.908844 8.611423
v 2.150000 31.850000 8.700000
v 1.904400 31.783567 8.700000
v 0.000005 31.775000 8.700000
v -1.904400 31.783567 8.700000
v -2.150000 31.850000 8.700000
v -1.904400 31.916433 8.700000
v -0.000007 31.925000 8.700000
v 1.904400 31.916433 8.700000
v 1.904400 31.850000 8.788577
v 1.686856 31.791156 8.788577
v 0.000004 31.783567 8.788577
v -1.686856 31.791156 8.788577
v -1.904400 31.850000 8.788577
v -1.686856 31.908844 8.788577
v -0.000006 31.916433 8.788577
v 1.686856 31.908844 8.788577
v 0.000005 31.850000 8.800000
v 0.000004 31.850000 8.800000
v 0.000000 31.850000 8.800000
v -0.000004 31.850000 8.800000
v -0.000005 31.850000 8.800000
v -0.000004 31.850000 8.800000
v -0.000000 31.850000 8.800000
v 0.000004 31.850000 8.800000
v 0.000005 31.850000 9.300000
v 0.000004 31.850000 9.300000
v 0.000000 31.850000 9.300000
v -0.000004 31.850000 9.300000
v -0.000005 31.850000 9.300000
v -0.000004 31.850000 9.300000
v -0.000000 31.850000 9.300000
v 0.000004 31.850000 9.300000
v 1.904400 31.850000 9.311423
v 1.686856 31.791156 9.311423
v 0.000004 31.783567 9.311423
v -1.686856 31.791156 9.311423
v -1.904400 31.850000 9.311423
v -1.686856 31.908844 9.311423
v -0.000006 31.916433 9.311423
v 1.686856 31.908844 9.311423
v 2.150000 31.850000 9.400000
v 1.904400 31.783567 9.400000
v 0.000005 31.775000 9.400000
v -1.904400 31.783567 9.400000
v -2.150000 31.850000 9.400000
v -1.904400 31.916433 9.400000
v -0.000007 31.925000 9.400000
v 1.904400 31.916433 9.400000
v 1.904400 31.850000 9.488577
v 1.686856 31.791156 9.488577
v 0.000004 31.783567 9.488577
v -1.686856 31.791156 9.488577
v -1.904400 31.850000 9.488577
v -1.686856 31.908844 9.488577
v -0.000006 31.916433 9.488577
v 1.686856 31.908844 9.488577
v 0.000005 31.850000 9.500000
v 0.000004 31.850000 9.500000
v 0.000000 31.850000 9.500000
v -0.000004 31.850000 9.500000
v -0.000005 31.850000 9.500000
v -0.000004 31.850000 9.500000
v -0.000000 31.850000 9.500000
v 0.000004 31.850000 9.500000
v 0.000005 31.850000 10.000000
v 0.000004 31.850000 10.000000
v 0.000000 31.850000 10.000000
v -0.000004 31.850000 10.000000
v -0.000005 31.850000 10.000000
v -0.000004 31.850000 10.000000
v -0.000000 31.850000 10.000000
v 0.000004 31.850000 10.000000
v 1.904400 31.850000 10.011423
v 1.686856 31.791156 10.011423
v 0.000004 31.783567 10.011423
v -1.686856 31.791156 10.011423
v -1.904400 31.850000 10.011423
v -1.686856 31.908844 10.011423
v -0.000006 31.916433 10.011423
v 1.686856 31.908844 10.011423
v 2.150000 31.850000 10.100000
v 1.904400 31.783567 10.100000
v 0.000005 31.775000 10.100000
v -1.904400 31.783567 10.100000
v -2.150000 31.850000 10.100000
v -1.904400 31.916433 10.100000
v -0.000007 31.925000 10.100000
v 1.904400 31.916433 10.100000
v 1.904400 31.850000 10.188577
v 1.686856 31.791156 10.188577
v 0.000004 31.783567 10.188577
v -1.686856 31.791156 10.188577
v -1.904400 31.850000 10.188577
v -1.686856 31.908844 10.188577
v -0.000006 31.916433 10.188577
v 1.686856 31.908844 10.188577
v 0.000005 31.850000 10.200000
v 0.000004 31.850000 10.200000
v 0.000000 31.850000 10.200000
v -0.000004 31.850000 10.200000
v -0.000005 31.850000 10.200000
v -0.000004 31.850000 10.200000
v -0.000000 31.850000 10.200000
v 0.000004 31.850000 10.200000
v 0.000005 31.850000 10.700000
v 0.000004 31.850000 10.700000
v 0.000000 31.850000 10.700000
v -0.000004 31.850000 10.700000
v -0.000005 31.850000 10.700000
v -0.000004 31.850000 10.700000
v -0.000000 31.850000 10.700000
v 0.000004 31.850000 10.700000
v 1.904400 31.850000 10.711423
v 1.686856 31.791156 10.711423
v 0.000004 31.783567 10.711423
v -1.686856 31.791156 10.711423
v -1.904400 31.850000 10.711423
v -1.686856 31.908844 10.711423
v -0.000006 31.916433 10.711423
v 1.686856 31.908844 10.711423
v 2.150000 31.850000 10.800000
v 1.904400 31.783567 10.800000
v 0.000005 31.775000 10.800000
v -1.904400 31.783567 10.800000
v -2.150000 31.850000 10.800000
v -1.904400 31.916433 10.800000
v -0.000007 31.925000 10.800000
v 1.904400 31.916433 10.800000
v 1.904400 31.850000 10.888577
v 1.686856 31.791156 10.888577
v 0.000004 31.783567 10.888577
v -1.686856 31.791156 10.888577
v -1.904400 31.850000 10.888577
v -1.686856 31.908844 10.888577
v -0.000006 31.916433 10.888577
v 1.686856 31.908844 10.888577
v 0.000005 31.850000 10.900000
v 0.000004 31.850000 10.900000
v 0.000000 31.850000 10.900000
v -0.000004 31.850000 10.900000
v -0.000005 31.850000 10.900000
v -0.000004 31.850000 10.900000
v -0.000000 31.850000 10.900000
v 0.000004 31.850000 10.900000
v 0.000005 31.850000 11.400000
v 0.000004 31.850000 11.400000
v 0.000000 31.850000 11.400000
v -0.000004 31.850000 11.400000
v -0.000005 31.850000 11.400000
v -0.000004 31.850000 11.400000
v -0.000000 31.850000 11.400000
v 0.000004 31.850000 11.400000
v 1.904400 31.850000 11.411423
v 1.686856 31.791156 11.411423
v 0.000004 31.783567 11.411423
v -1.686856 31.791156 11.411423
v -1.904400 31.850000 11.411423
v -1.686856 31.908844 11.411423
v -0.000006 31.916433 11.411423
v 1.686856 31.908844 11.411423
v 2.150000 31.850000 11.500000
v 1.904400 31.783567 11.500000
v 0.000005 31.775000 11.500000
v -1.904400 31.783567 11.500000
v -2.150000 31.850000 11.500000
v -1.904400 31.916433 11.500000
v -0.000007 31.925000 11.500000
v 1.904400 31.916433 11.500000
v 1.904400 31.850000 11.588577
v 1.686856 31.791156 11.588577
v 0.000004 31.783567 11.588577
v -1.686856 31.791156 11.588577
v -1.904400 31.850000 11.588577
v -1.686856 31.908844 11.588577
v -0.000006 31.916433 11.588577
v 1.686856 31.908844 11.588577
v 0.000005 31.850000 11.600000
v 0.000004 31.850000 11.600000
v 0.000000 31.850000 11.600000
v -0.000004 31.850000 11.600000
v -0.000005 31.850000 11.600000
v -0.000004 31.850000 11.600000
v -0.000000 31.850000 11.600000
v 0.000004 31.850000 11.600000
v 2.480023 -5.000000 9.150000
v 2.480023 -5.001959 9.150000
v 2.480021 -5.002215 9.150000
v 2.480019 -5.002337 9.150000
v 2.480000 -5.002374 9.150000
v 2.479981 -5.002337 9.150000
v 2.479979 -5.002215 9.150000
v 2.479977 -5.001959 9.150000
v 2.479977 -5.000002 9.150000
v 2.479977 -4.998041 9.150000
v 2.479979 -4.997785 9.150000
v 2.479981 -4.997663 9.150000
v 2.480000 -4.997626 9.150000
v 2.480019 -4.997663 9.150000
v 2.480021 -4.997785 9.150000
v 2.480023 -4.998041 9.150000
v 2.513009 -5.000000 9.163354
v 2.512490 -7.826077 9.163354
v 2.510798 -8.195310 9.163354
v 2.507239 -8.370847 9.163354
v 2.480019 -8.424649 9.163354
v 2.452761 -8.370847 9.163354
v 2.449202 -8.195310 9.163354
v 2.447510 -7.826077 9.163354
v 2.446991 -5.002250 9.163354
v 2.447510 -2.173923 9.163354
v 2.449202 -1.804690 9.163354
v 2.452761 -1.629153 9.163354
v 2.479976 -1.575351 9.163354
v 2.507239 -1.629153 9.163354
v 2.510798 -1.804690 9.163354
v 2.512490 -2.173923 9.163354
v 2.517321 -5.000000 9.206922
v 2.516735 -8.195310 9.206922
v 2.514822 -8.612785 9.206922
v 2.510798 -8.811256 9.206922
v 2.480021 -8.872087 9.206922
v 2.449202 -8.811256 9.206922
v 2.445178 -8.612785 9.206922
v 2.443265 -8.195310 9.206922
v 2.442679 -5.002544 9.206922
v 2.443265 -1.804690 9.206922
v 2.445178 -1.387215 9.206922
v 2.449202 -1.188744 9.206922
v 2.479973 -1.127913 9.206922
v 2.510798 -1.188744 9.206922
v 2.514822 -1.387215 9.206922
v 2.516735 -1.804690 9.206922
v 2.519372 -5.000000 9.298566
v 2.518753 -8.370847 9.298566
v 2.516735 -8.811256 9.298566
v 2.512490 -9.020631 9.298566
v 2.480023 -9.084803 9.298566
v 2.447510 -9.020631 9.298566
v 2.443265 -8.811256 9.298566
v 2.441247 -8.370847 9.298566
v 2.440628 -5.002684 9.298566
v 2.441247 -1.629153 9.298566
v 2.443265 -1.188744 9.298566
v 2.447510 -0.979369 9.298566
v 2.479972 -0.915197 9.298566
v 2.512490 -0.979369 9.298566
v 2.516735 -1.188744 9.298566
v 2.518753 -1.629153 9.298566
v 2.520000 -5.000000 10.000000
v 2.519372 -8.424649 10.000000
v 2.517321 -8.872087 10.000000
v 2.513009 -9.084803 10.000000
v 2.480023 -9.150000 10.000000
v 2.446991 -9.084803 10.000000
v 2.442679 -8.872087 10.000000
v 2.440628 -8.424649 10.000000
v 2.440000 -5.002727 10.000000
v 2.440628 -1.575351 10.000000
v 2.442679 -1.127913 10.000000
v 2.446991 -0.915197 10.000000
v 2.479971 -0.850000 10.000000
v 2.513009 -0.915197 10.000000
v 2.517321 -1.127913 10.000000
v 2.519372 -1.575351 10.000000
v 2.519372 -5.000000 10.701434
v 2.518753 -8.370847 10.701434
v 2.516735 -8.811256 10.701434
v 2.512490 -9.020631 10.701434
v 2.480023 -9.084803 10.701434
v 2.447510 -9.020631 10.701434
v 2.443265 -8.811256 10.701434
v 2.441247 -8.370847 10.701434
v 2.440628 -5.002684 10.701434
v 2.441247 -1.629153 10.701434
v 2.443265 -1.188744 10.701434
v 2.447510 -0.979369 10.701434
v 2.479972 -0.915197 10.701434
v 2.512490 -0.979369 10.701434
v 2.516735 -1.188744 10.701434
v 2.518753 -1.629153 10.701434
v 2.517321 -5.000000 10.793078
v 2.516735 -8.195310 10.793078
v 2.514822 -8.612785 10.793078
v 2.510798 -8.811256 10.793078
v 2.480021 -8.872087 10.793078
v 2.449202 -8.811256 10.793078
v 2.445178 -8.612785 10.793078
v 2.443265 -8.195310 10.793078
v 2.442679 -5.002544 10.793078
v 2.443265 -1.804690 10.793078
v 2.445178 -1.387215 10.793078
v 2.449202 -1.188744 10.793078
v 2.479973 -1.127913 10.793078
v 2.510798 -1.188744 10.793078
v 2.514822 -1.387215 10.793078
v 2.516735 -1.804690 10.793078
v 2.513009 -5.000000 10.836646
v 2.512490 -7.826077 10.836646
v 2.510798 -8.195310 10.836646
v 2.507239 -8.370847 10.836646
v 2.480019 -8.424649 10.836646
v 2.452761 -8.370847 10.836646
v 2.449202 -8.195310 10.836646
v 2.447510 -7.826077 10.836646
v 2.446991 -5.002250 10.836646
v 2.447510 -2.173923 10.836646
v 2.449202 -1.804690 10.836646
v 2.452761 -1.629153 10.836646
v 2.479976 -1.575351 10.836646
v 2.507239 -1.629153 10.836646
v 2.510798 -1.804690 10.836646
v 2.512490 -2.173923 10.836646
v 2.480023 -5.000000 10.850000
v 2.480023 -5.001959 10.850000
v 2.480021 -5.002215 10.850000
v 2.480019 -5.002337 10.850000
v 2.480000 -5.002374 10.850000
v 2.479981 -5.002337 10.850000
v 2.479979 -5.002215 10.850000
v 2.479977 -5.001959 10.850000
v 2.479977 -5.000002 10.850000
v 2.479977 -4.998041 10.850000
v 2.479979 -4.997785 10.850000
v 2.479981 -4.997663 10.850000
v 2.480000 -4.997626 10.850000
v 2.480019 -4.997663 10.850000
v 2.480021 -4.997785 10.850000
v 2.480023 -4.998041 10.850000
vt 0.000002 -1.560000
vt 0.000002 -1.560000
vt 0.098826 -1.544546
vt 0.101201 -1.560000
vt 0.000002 -1.560000
vt 0.000002 -1.560000
vt 0.091208 -1.541421
vt 0.098826 -1.544546
vt 0.000002 -1.560000
vt 0.000001 -1.560000
vt 0.075864 -1.539869
vt 0.091208 -1.541421
vt 0.000001 -1.560000
vt 0.000000 -1.560000
vt 0.000001 -1.539385
vt 0.075864 -1.539869
vt 0.000000 -1.560000
vt -0.000001 -1.560000
vt -0.075864 -1.539869
vt 0.000001 -1.539385
vt -0.000001 -1.560000
vt -0.000002 -1.560000
vt -0.091208 -1.541421
vt -0.075864 -1.539869
vt -0.000002 -1.560000
vt -0.000002 -1.560000
vt -0.098826 -1.544546
vt -0.091208 -1.541421
vt -0.000002 -1.560000
vt -0.000002 -1.560000
vt -0.101201 -1.560000
vt -0.098826 -1.544546
vt -0.000002 -1.560000
vt -0.000002 -1.560000
vt -0.098826 -1.575454
vt -0.101201 -1.560000
vt -0.000002 -1.560000
vt -0.000002 -1.560000
vt -0.091208 -1.578579
vt -0.098826 -1.575454
vt -0.000002 -1.560000
vt -0.000001 -1.560000
vt -0.075864 -1.580131
vt -0.091208 -1.578579
vt -0.000001 -1.560000
vt -0.000000 -1.560000
vt -0.000002 -1.580615
vt -0.075864 -1.580131
vt -0.000000 -1.560000
vt 0.000001 -1.560000
vt 0.075864 -1.580131
vt -0.000002 -1.580615
vt 0.000001 -1.560000
vt 0.000002 -1.560000
vt 0.091208 -1.578579
vt 0.075864 -1.580131
vt 0.000002 -1.560000
vt 0.000002 -1.560000
vt 0.098826 -1.575454
vt 0.091208 -1.578579
vt 0.000002 -1.560000
vt 0.000002 -1.560000
vt 0.101201 -1.560000
vt 0.098826 -1.575454
vt -1.560000 -0.016902
vt -1.544546 -0.016902
vt -1.541421 0.009069
vt -1.560000 0.009069
vt 0.098826 -0.016902
vt 0.091208 -0.016902
vt 0.109654 0.009069
vt 0.118813 0.009069
vt 0.091208 -0.016902
vt 0.075864 -0.016902
vt 0.091208 0.009069
vt 0.109654 0.009069
vt 0.075864 -0.016902
vt 0.000001 -0.016902
vt 0.000002 0.009069
vt 0.091208 0.009069
vt 0.000001 -0.016902
vt -0.075864 -0.016902
vt -0.091208 0.009069
vt 0.000002 0.009069
vt -0.075864 -0.016902
vt -0.091208 -0.016902
vt -0.109654 0.009069
vt -0.091208 0.009069
vt -0.091208 -0.016902
vt -0.098826 -0.016902
vt -0.118813 0.009069
vt -0.109654 0.009069
vt -1.544546 -0.016902
vt -1.560000 -0.016902
vt -1.560000 0.009069
vt -1.541421 0.009069
vt -1.560000 -0.016902
vt -1.575454 -0.016902
vt -1.578579 0.009069
vt -1.560000 0.009069
vt -0.098826 -0.016902
vt -0.091208 -0.016902
vt -0.109654 0.009069
vt -0.118813 0.009069
vt -0.091208 -0.016902
vt -0.075864 -0.016902
vt -0.091208 0.009069
vt -0.109654 0.009069
vt -0.075864 -0.016902
vt -0.000002 -0.016902
vt -0.000002 0.009069
vt -0.091208 0.009069
vt -0.000002 -0.016902
vt 0.075864 -0.016902
vt 0.091208 0.009069
vt -0.000002 0.009069
vt 0.075864 -0.016902
vt 0.091208 -0.016902
vt 0.109654 0.009069
vt 0.091208 0.009069
vt 0.091208 -0.016902
vt 0.098826 -0.016902
vt 0.118813 0.009069
vt 0.109654 0.009069
vt -1.575454 -0.016902
vt -1.560000 -0.016902
vt -1.560000 0.009069
vt -1.578579 0.009069
vt -1.560000 0.009069
vt -1.541421 0.009069
vt -1.539869 0.061375
vt -1.560000 0.061375
vt 0.118813 0.009069
vt 0.109654 0.009069
vt 0.118813 0.061375
vt 0.128737 0.061375
vt 0.109654 0.009069
vt 0.091208 0.009069
vt 0.098826 0.061375
vt 0.118813 0.061375
vt 0.091208 0.009069
vt 0.000002 0.009069
vt 0.000002 0.061375
vt 0.098826 0.061375
vt 0.000002 0.009069
vt -0.091208 0.009069
vt -0.098826 0.061375
vt 0.000002 0.061375
vt -0.091208 0.009069
vt -0.109654 0.009069
vt -0.118813 0.061375
vt -0.098826 0.061375
vt -0.109654 0.009069
vt -0.118813 0.009069
vt -0.128737 0.061375
vt -0.118813 0.061375
vt -1.541421 0.009069
vt -1.560000 0.009069
vt -1.560000 0.061375
vt -1.539869 0.061375
vt -1.560000 0.009069
vt -1.578579 0.009069
vt -1.580131 0.061375
vt -1.560000 0.061375
vt -0.118813 0.009069
vt -0.109654 0.009069
vt -0.118813 0.061375
vt -0.128737 0.061375
vt -0.109654 0.009069
vt -0.091208 0.009069
vt -0.098826 0.061375
vt -0.118813 0.061375
vt -0.091208 0.009069
vt -0.000002 0.009069
vt -0.000003 0.061375
vt -0.098826 0.061375
vt -0.000002 0.009069
vt 0.091208 0.009069
vt 0.098826 0.061375
vt -0.000003 0.061375
vt 0.091208 0.009069
vt 0.109654 0.009069
vt 0.118813 0.061375
vt 0.098826 0.061375
vt 0.109654 0.009069
vt 0.118813 0.009069
vt 0.128737 0.061375
vt 0.118813 0.061375
vt -1.578579 0.009069
vt -1.560000 0.009069
vt -1.560000 0.061375
vt -1.580131 0.061375
vt -1.560000 0.061375
vt -1.539869 0.061375
vt -1.539385 0.320000
vt -1.560000 0.320000
vt 0.128737 0.061375
vt 0.118813 0.061375
vt 0.121669 0.320000
vt 0.131831 0.320000
vt 0.118813 0.061375
vt 0.098826 0.061375
vt 0.101201 0.320000
vt 0.121669 0.320000
vt 0.098826 0.061375
vt 0.000002 0.061375
vt 0.000002 0.320000
vt 0.101201 0.320000
vt 0.000002 0.061375
vt -0.098826 0.061375
vt -0.101201 0.320000
vt 0.000002 0.320000
vt -0.098826 0.061375
vt -0.118813 0.061375
vt -0.121669 0.320000
vt -0.101201 0.320000
vt -0.118813 0.061375
vt -0.128737 0.061375
vt -0.131831 0.320000
vt -0.121669 0.320000
vt -1.539869 0.061375
vt -1.560000 0.061375
vt -1.560000 0.320000
vt -1.539385 0.320000
vt -1.560000 0.061375
vt -1.580131 0.061375
vt -1.580615 0.320000
vt -1.560000 0.320000
vt -0.128737 0.061375
vt -0.118813 0.061375
vt -0.121669 0.320000
vt -0.131831 0.320000
vt -0.118813 0.061375
vt -0.098826 0.061375
vt -0.101201 0.320000
vt -0.121669 0.320000
vt -0.098826 0.061375
vt -0.000003 0.061375
vt -0.000003 0.320000
vt -0.101201 0.320000
vt -0.000003 0.061375
vt 0.098826 0.061375
vt 0.101201 0.320000
vt -0.000003 0.320000
vt 0.098826 0.061375
vt 0.118813 0.061375
vt 0.121669 0.320000
vt 0.101201 0.320000
vt 0.118813 0.061375
vt 0.128737 0.061375
vt 0.131831 0.320000
vt 0.121669 0.320000
vt -1.580131 0.061375
vt -1.560000 0.061375
vt -1.560000 0.320000
vt -1.580615 0.320000
vt -1.560000 0.320000
vt -1.539385 0.320000
vt -1.539869 0.578625
vt -1.560000 0.578625
vt 0.131831 0.320000
vt 0.121669 0.320000
vt 0.118813 0.578625
vt 0.128737 0.578625
vt 0.121669 0.320000
vt 0.101201 0.320000
vt 0.098826 0.578625
vt 0.118813 0.578625
vt 0.101201 0.320000
vt 0.000002 0.320000
vt 0.000002 0.578625
vt 0.098826 0.578625
vt 0.000002 0.320000
vt -0.101201 0.320000
vt -0.098826 0.578625
vt 0.000002 0.578625
vt -0.101201 0.320000
vt -0.121669 0.320000
vt -0.118813 0.578625
vt -0.098826 0.578625
vt -0.121669 0.320000
vt -0.131831 0.320000
vt -0.128737 0.578625
vt -0.118813 0.578625
vt -1.539385 0.320000
vt -1.560000 0.320000
vt -1.560000 0.578625
vt -1.539869 0.578625
vt -1.560000 0.320000
vt -1.580615 0.320000
vt -1.580131 0.578625
vt -1.560000 0.578625
vt -0.131831 0.320000
vt -0.121669 0.320000
vt -0.118813 0.578625
vt -0.128737 0.578625
vt -0.121669 0.320000
vt -0.101201 0.320000
vt -0.098826 0.578625
vt -0.118813 0.578625
vt -0.101201 0.320000
vt -0.000003 0.320000
vt -0.000003 0.578625
vt -0.098826 0.578625
vt -0.000003 0.320000
vt 0.101201 0.320000
vt 0.098826 0.578625
vt -0.000003 0.578625
vt 0.101201 0.320000
vt 0.121669 0.320000
vt 0.118813 0.578625
vt 0.098826 0.578625
vt 0.121669 0.320000
vt 0.131831 0.320000
vt 0.128737 0.578625
vt 0.118813 0.578625
vt -1.580615 0.320000
vt -1.560000 0.320000
vt -1.560000 0.578625
vt -1.580131 0.578625
vt -1.560000 0.578625
vt -1.539869 0.578625
vt -1.541421 0.630931
vt -1.560000 0.630931
vt 0.128737 0.578625
vt 0.118813 0.578625
vt 0.109654 0.630931
vt 0.118813 0.630931
vt 0.118813 0.578625
vt 0.098826 0.578625
vt 0.091208 0.630931
vt 0.109654 0.630931
vt 0.098826 0.578625
vt 0.000002 0.578625
vt 0.000002 0.630931
vt 0.091208 0.630931
vt 0.000002 0.578625
vt -0.098826 0.578625
vt -0.091208 0.630931
vt 0.000002 0.630931
vt -0.098826 0.578625
vt -0.118813 0.578625
vt -0.109654 0.630931
vt -0.091208 0.630931
vt -0.118813 0.578625
vt -0.128737 0.578625
vt -0.118813 0.630931
vt -0.109654 0.630931
vt -1.539869 0.578625
vt -1.560000 0.578625
vt -1.560000 0.630931
vt -1.541421 0.630931
vt -1.560000 0.578625
vt -1.580131 0.578625
vt -1.578579 0.630931
vt -1.560000 0.630931
vt -0.128737 0.578625
vt -0.118813 0.578625
vt -0.109654 0.630931
vt -0.118813 0.630931
vt -0.118813 0.578625
vt -0.098826 0.578625
vt -0.091208 0.630931
vt -0.109654 0.630931
vt -0.098826 0.578625
vt -0.000003 0.578625
vt -0.000002 0.630931
vt -0.091208 0.630931
vt -0.000003 0.578625
vt 0.098826 0.578625
vt 0.091208 0.630931
vt -0.000002 0.630931
vt 0.098826 0.578625
vt 0.118813 0.578625
vt 0.109654 0.630931
vt 0.091208 0.630931
vt 0.118813 0.578625
vt 0.128737 0.578625
vt 0.118813 0.630931
vt 0.109654 0.630931
vt -1.580131 0.578625
vt -1.560000 0.578625
vt -1.560000 0.630931
vt -1.578579 0.630931
vt -1.560000 0.630931
vt -1.541421 0.630931
vt -1.544546 0.656902
vt -1.560000 0.656902
vt 0.118813 0.630931
vt 0.109654 0.630931
vt 0.091208 0.656902
vt 0.098826 0.656902
vt 0.109654 0.630931
vt 0.091208 0.630931
vt 0.075864 0.656902
vt 0.091208 0.656902
vt 0.091208 0.630931
vt 0.000002 0.630931
vt 0.000001 0.656902
vt 0.075864 0.656902
vt 0.000002 0.630931
vt -0.091208 0.630931
vt -0.075864 0.656902
vt 0.000001 0.656902
vt -0.091208 0.630931
vt -0.109654 0.630931
vt -0.091208 0.656902
vt -0.075864 0.656902
vt -0.109654 0.630931
vt -0.118813 0.630931
vt -0.098826 0.656902
vt -0.091208 0.656902
vt -1.541421 0.630931
vt -1.560000 0.630931
vt -1.560000 0.656902
vt -1.544546 0.656902
vt -1.560000 0.630931
vt -1.578579 0.630931
vt -1.575454 0.656902
vt -1.560000 0.656902
vt -0.118813 0.630931
vt -0.109654 0.630931
vt -0.091208 0.656902
vt -0.098826 0.656902
vt -0.109654 0.630931
vt -0.091208 0.630931
vt -0.075864 0.656902
vt -0.091208 0.656902
vt -0.091208 0.630931
vt -0.000002 0.630931
vt -0.000002 0.656902
vt -0.075864 0.656902
vt -0.000002 0.630931
vt 0.091208 0.630931
vt 0.075864 0.656902
vt -0.000002 0.656902
vt 0.091208 0.630931
vt 0.109654 0.630931
vt 0.091208 0.656902
vt 0.075864 0.656902
vt 0.109654 0.630931
vt 0.118813 0.630931
vt 0.098826 0.656902
vt 0.091208 0.656902
vt -1.578579 0.630931
vt -1.560000 0.630931
vt -1.560000 0.656902
vt -1.575454 0.656902
vt 0.101201 -1.560000
vt 0.098826 -1.544546
vt 0.000002 -1.560000
vt 0.000002 -1.560000
vt 0.098826 -1.544546
vt 0.091208 -1.541421
vt 0.000002 -1.560000
vt 0.000002 -1.560000
vt 0.091208 -1.541421
vt 0.075864 -1.539869
vt 0.000001 -1.560000
vt 0.000002 -1.560000
vt 0.075864 -1.539869
vt 0.000001 -1.539385
vt 0.000000 -1.560000
vt 0.000001 -1.560000
vt 0.000001 -1.539385
vt -0.075864 -1.539869
vt -0.000001 -1.560000
vt 0.000000 -1.560000
vt -0.075864 -1.539869
vt -0.091208 -1.541421
vt -0.000002 -1.560000
vt -0.000001 -1.560000
vt -0.091208 -1.541421
vt -0.098826 -1.544546
vt -0.000002 -1.560000
vt -0.000002 -1.560000
vt -0.098826 -1.544546
vt -0.101201 -1.560000
vt -0.000002 -1.560000
vt -0.000002 -1.560000
vt -0.101201 -1.560000
vt -0.098826 -1.575454
vt -0.000002 -1.560000
vt -0.000002 -1.560000
vt -0.098826 -1.575454
vt -0.091208 -1.578579
vt -0.000002 -1.560000
vt -0.000002 -1.560000
vt -0.091208 -1.578579
vt -0.075864 -1.580131
vt -0.000001 -1.560000
vt -0.000002 -1.560000
vt -0.075864 -1.580131
vt -0.000002 -1.580615
vt -0.000000 -1.560000
vt -0.000001 -1.560000
vt -0.000002 -1.580615
vt 0.075864 -1.580131
vt 0.000001 -1.560000
vt -0.000000 -1.560000
vt 0.075864 -1.580131
vt 0.091208 -1.578579
vt 0.000002 -1.560000
vt 0.000001 -1.560000
vt 0.091208 -1.578579
vt 0.098826 -1.575454
vt 0.000002 -1.560000
vt 0.000002 -1.560000
vt 0.098826 -1.575454
vt 0.101201 -1.560000
vt 0.000002 -1.560000
vt 0.000002 -1.560000
vt 0.000000 -1.592500
vt 0.000000 -1.592500
vt 0.084343 -1.589558
vt 0.095220 -1.592500
vt 0.000000 -1.592500
vt 0.000000 -1.592500
vt 0.000000 -1.589178
vt 0.084343 -1.589558
vt 0.000000 -1.592500
vt -0.000000 -1.592500
vt -0.084343 -1.589558
vt 0.000000 -1.589178
vt -0.000000 -1.592500
vt -0.000000 -1.592500
vt -0.095220 -1.592500
vt -0.084343 -1.589558
vt -0.000000 -1.592500
vt -0.000000 -1.592500
vt -0.084343 -1.595442
vt -0.095220 -1.592500
vt -0.000000 -1.592500
vt -0.000000 -1.592500
vt -0.000000 -1.595822
vt -0.084343 -1.595442
vt -0.000000 -1.592500
vt 0.000000 -1.592500
vt 0.084343 -1.595442
vt -0.000000 -1.595822
vt 0.000000 -1.592500
vt 0.000000 -1.592500
vt 0.095220 -1.592500
vt 0.084343 -1.595442
vt 0.095220 0.045571
vt 0.084343 0.045571
vt 0.095220 0.050000
vt 0.107500 0.050000
vt 0.084343 0.045571
vt 0.000000 0.045571
vt 0.000000 0.050000
vt 0.095220 0.050000
vt 0.000000 0.045571
vt -0.084343 0.045571
vt -0.095220 0.050000
vt 0.000000 0.050000
vt -0.084343 0.045571
vt -0.095220 0.045571
vt -0.107500 0.050000
vt -0.095220 0.050000
vt -0.095220 0.045571
vt -0.084343 0.045571
vt -0.095220 0.050000
vt -0.107500 0.050000
vt -0.084343 0.045571
vt -0.000000 0.045571
vt -0.000000 0.050000
vt -0.095220 0.050000
vt -0.000000 0.045571
vt 0.084343 0.045571
vt 0.095220 0.050000
vt -0.000000 0.050000
vt 0.084343 0.045571
vt 0.095220 0.045571
vt 0.107500 0.050000
vt 0.095220 0.050000
vt 0.107500 0.050000
vt 0.095220 0.050000
vt 0.084343 0.054429
vt 0.095220 0.054429
vt 0.095220 0.050000
vt 0.000000 0.050000
vt 0.000000 0.054429
vt 0.084343 0.054429
vt 0.000000 0.050000
vt -0.095220 0.050000
vt -0.084343 0.054429
vt 0.000000 0.054429
vt -0.095220 0.050000
vt -0.107500 0.050000
vt -0.095220 0.054429
vt -0.084343 0.054429
vt -0.107500 0.050000
vt -0.095220 0.050000
vt -0.084343 0.054429
vt -0.095220 0.054429
vt -0.095220 0.050000
vt -0.000000 0.050000
vt -0.000000 0.054429
vt -0.084343 0.054429
vt -0.000000 0.050000
vt 0.095220 0.050000
vt 0.084343 0.054429
vt -0.000000 0.054429
vt 0.095220 0.050000
vt 0.107500 0.050000
vt 0.095220 0.054429
vt 0.084343 0.054429
vt 0.095220 -1.592500
vt 0.084343 -1.589558
vt 0.000000 -1.592500
vt 0.000000 -1.592500
vt 0.084343 -1.589558
vt 0.000000 -1.589178
vt 0.000000 -1.592500
vt 0.000000 -1.592500
vt 0.000000 -1.589178
vt -0.084343 -1.589558
vt -0.000000 -1.592500
vt 0.000000 -1.592500
vt -0.084343 -1.589558
vt -0.095220 -1.592500
vt -0.000000 -1.592500
vt -0.000000 -1.592500
vt -0.095220 -1.592500
vt -0.084343 -1.595442
vt -0.000000 -1.592500
vt -0.000000 -1.592500
vt -0.084343 -1.595442
vt -0.000000 -1.595822
vt -0.000000 -1.592500
vt -0.000000 -1.592500
vt -0.000000 -1.595822
vt 0.084343 -1.595442
vt 0.000000 -1.592500
vt -0.000000 -1.592500
vt 0.084343 -1.595442
vt 0.095220 -1.592500
vt 0.000000 -1.592500
vt 0.000000 -1.592500
vt 0.000000 -1.592500
vt 0.000000 -1.592500
vt 0.084343 -1.589558
vt 0.095220 -1.592500
vt 0.000000 -1.592500
vt 0.000000 -1.592500
vt 0.000000 -1.589178
vt 0.084343 -1.589558
vt 0.000000 -1.592500
vt -0.000000 -1.592500
vt -0.084343 -1.589558
vt 0.000000 -1.589178
vt -0.000000 -1.592500
vt -0.000000 -1.592500
vt -0.095220 -1.592500
vt -0.084343 -1.589558
vt -0.000000 -1.592500
vt -0.000000 -1.592500
vt -0.084343 -1.595442
vt -0.095220 -1.592500
vt -0.000000 -1.592500
vt -0.000000 -1.592500
vt -0.000000 -1.595822
vt -0.084343 -1.595442
vt -0.000000 -1.592500
vt 0.000000 -1.592500
vt 0.084343 -1.595442
vt -0.000000 -1.595822
vt 0.000000 -1.592500
vt 0.000000 -1.592500
vt 0.095220 -1.592500
vt 0.084343 -1.595442
vt 0.095220 0.080571
vt 0.084343 0.080571
vt 0.095220 0.085000
vt 0.107500 0.085000
vt 0.084343 0.080571
vt 0.000000 0.080571
vt 0.000000 0.085000
vt 0.095220 0.085000
vt 0.000000 0.080571
vt -0.084343 0.080571
vt -0.095220 0.085000
vt 0.000000 0.085000
vt -0.084343 0.080571
vt -0.095220 0.080571
vt -0.107500 0.085000
vt -0.095220 0.085000
vt -0.095220 0.080571
vt -0.084343 0.080571
vt -0.095220 0.085000
vt -0.107500 0.085000
vt -0.084343 0.080571
vt -0.000000 0.080571
vt -0.000000 0.085000
vt -0.095220 0.085000
vt -0.000000 0.080571
vt 0.084343 0.080571
vt 0.095220 0.085000
vt -0.000000 0.085000
vt 0.084343 0.080571
vt 0.095220 0.080571
vt 0.107500 0.085000
vt 0.095220 0.085000
vt 0.107500 0.085000
vt 0.095220 0.085000
vt 0.084343 0.089429
vt 0.095220 0.089429
vt 0.095220 0.085000
vt 0.000000 0.085000
vt 0.000000 0.089429
vt 0.084343 0.089429
vt 0.000000 0.085000
vt -0.095220 0.085000
vt -0.084343 0.089429
vt 0.000000 0.089429
vt -0.095220 0.085000
vt -0.107500 0.085000
vt -0.095220 0.089429
vt -0.084343 0.089429
vt -0.107500 0.085000
vt -0.095220 0.085000
vt -0.084343 0.089429
vt -0.095220 0.089429
vt -0.095220 0.085000
vt -0.000000 0.085000
vt -0.000000 0.089429
vt -0.084343 0.089429
vt -0.000000 0.085000
vt 0.095220 0.085000
vt 0.084343 0.089429
vt -0.000000 0.089429
vt 0.095220 0.085000
vt 0.107500 0.085000
vt 0.095220 0.089429
vt 0.084343 0.089429
vt 0.095220 -1.592500
vt 0.084343 -1.589558
vt 0.000000 -1.592500
vt 0.000000 -1.592500
vt 0.084343 -1.589558
vt 0.000000 -1.589178
vt 0.000000 -1.592500
vt 0.000000 -1.592500
vt 0.000000 -1.589178
vt -0.084343 -1.589558
vt -0.000000 -1.592500
vt 0.000000 -1.592500
vt -0.084343 -1.589558
vt -0.095220 -1.592500
vt -0.000000 -1.592500
vt -0.000000 -1.592500
vt -0.095220 -1.592500
vt -0.084343 -1.595442
vt -0.000000 -1.592500
vt -0.000000 -1.592500
vt -0.084343 -1.595442
vt -0.000000 -1.595822
vt -0.000000 -1.592500
vt -0.000000 -1.592500
vt -0.000000 -1.595822
vt 0.084343 -1.595442
vt 0.000000 -1.592500
vt -0.000000 -1.592500
vt 0.084343 -1.595442
vt 0.095220 -1.592500
vt 0.000000 -1.592500
vt 0.000000 -1.592500
vt 0.000000 -1.592500
vt 0.000000 -1.592500
vt 0.084343 -1.589558
vt 0.095220 -1.592500
vt 0.000000 -1.592500
vt 0.000000 -1.592500
vt 0.000000 -1.589178
vt 0.084343 -1.589558
vt 0.000000 -1.592500
vt -0.000000 -1.592500
vt -0.084343 -1.589558
vt 0.000000 -1.589178
vt -0.000000 -1.592500
vt -0.000000 -1.592500
vt -0.095220 -1.592500
vt -0.084343 -1.589558
vt -0.000000 -1.592500
vt -0.000000 -1.592500
vt -0.084343 -1.595442
vt -0.095220 -1.592500
vt -0.000000 -1.592500
vt -0.000000 -1.592500
vt -0.000000 -1.595822
vt -0.084343 -1.595442
vt -0.000000 -1.592500
vt 0.000000 -1.592500
vt 0.084343 -1.595442
vt -0.000000 -1.595822
vt 0.000000 -1.592500
vt 0.000000 -1.592500
vt 0.095220 -1.592500
vt 0.084343 -1.595442
vt 0.095220 0.115571
vt 0.084343 0.115571
vt 0.095220 0.120000
vt 0.107500 0.120000
vt 0.084343 0.115571
vt 0.000000 0.115571
vt 0.000000 0.120000
vt 0.095220 0.120000
vt 0.000000 0.115571
vt -0.084343 0.115571
vt -0.095220 0.120000
vt 0.000000 0.120000
vt -0.084343 0.115571
vt -0.095220 0.115571
vt -0.107500 0.120000
vt -0.095220 0.120000
vt -0.095220 0.115571
vt -0.084343 0.115571
vt -0.095220 0.120000
vt -0.107500 0.120000
vt -0.084343 0.115571
vt -0.000000 0.115571
vt -0.000000 0.120000
vt -0.095220 0.120000
vt -0.000000 0.115571
vt 0.084343 0.115571
vt 0.095220 0.120000
vt -0.000000 0.120000
vt 0.084343 0.115571
vt 0.095220 0.115571
vt 0.107500 0.120000
vt 0.095220 0.120000
vt 0.107500 0.120000
vt 0.095220 0.120000
vt 0.084343 0.124429
vt 0.095220 0.124429
vt 0.095220 0.120000
vt 0.000000 0.120000
vt 0.000000 0.124429
vt 0.084343 0.124429
vt 0.000000 0.120000
vt -0.095220 0.120000
vt -0.084343 0.124429
vt 0.000000 0.124429
vt -0.095220 0.120000
vt -0.107500 0.120000
vt -0.095220 0.124429
vt -0.084343 0.124429
vt -0.107500 0.120000
vt -0.095220 0.120000
vt -0.084343 0.124429
vt -0.095220 0.124429
vt -0.095220 0.120000
vt -0.000000 0.120000
vt -0.000000 0.124429
vt -0.084343 0.124429
vt -0.000000 0.120000
vt 0.095220 0.120000
vt 0.084343 0.124429
vt -0.000000 0.124429
vt 0.095220 0.120000
vt 0.107500 0.120000
vt 0.095220 0.124429
vt 0.084343 0.124429
vt 0.095220 -1.592500
vt 0.084343 -1.589558
vt 0.000000 -1.592500
vt 0.000000 -1.592500
vt 0.084343 -1.589558
vt 0.000000 -1.589178
vt 0.000000 -1.592500
vt 0.000000 -1.592500
vt 0.000000 -1.589178
vt -0.084343 -1.589558
vt -0.000000 -1.592500
vt 0.000000 -1.592500
vt -0.084343 -1.589558
vt -0.095220 -1.592500
vt -0.000000 -1.592500
vt -0.000000 -1.592500
vt -0.095220 -1.592500
vt -0.084343 -1.595442
vt -0.000000 -1.592500
vt -0.000000 -1.592500
vt -0.084343 -1.595442
vt -0.000000 -1.595822
vt -0.000000 -1.592500
vt -0.000000 -1.592500
vt -0.000000 -1.595822
vt 0.084343 -1.595442
vt 0.000000 -1.592500
vt -0.000000 -1.592500
vt 0.084343 -1.595442
vt 0.095220 -1.592500
vt 0.000000 -1.592500
vt 0.000000 -1.592500
vt 0.000000 -1.592500
vt 0.000000 -1.592500
vt 0.084343 -1.589558
vt 0.095220 -1.592500
vt 0.000000 -1.592500
vt 0.000000 -1.592500
vt 0.000000 -1.589178
vt 0.084343 -1.589558
vt 0.000000 -1.592500
vt -0.000000 -1.592500
vt -0.084343 -1.589558
vt 0.000000 -1.589178
vt -0.000000 -1.592500
vt -0.000000 -1.592500
vt -0.095220 -1.592500
vt -0.084343 -1.589558
vt -0.000000 -1.592500
vt -0.000000 -1.592500
vt -0.084343 -1.595442
vt -0.095220 -1.592500
vt -0.000000 -1.592500
vt -0.000000 -1.592500
vt -0.000000 -1.595822
vt -0.084343 -1.595442
vt -0.000000 -1.592500
vt 0.000000 -1.592500
vt 0.084343 -1.595442
vt -0.000000 -1.595822
vt 0.000000 -1.592500
vt 0.000000 -1.592500
vt 0.095220 -1.592500
vt 0.084343 -1.595442
vt 0.095220 0.150571
vt 0.084343 0.150571
vt 0.095220 0.155000
vt 0.107500 0.155000
vt 0.084343 0.150571
vt 0.000000 0.150571
vt 0.000000 0.155000
vt 0.095220 0.155000
vt 0.000000 0.150571
vt -0.084343 0.150571
vt -0.095220 0.155000
vt 0.000000 0.155000
vt -0.084343 0.150571
vt -0.095220 0.150571
vt -0.107500 0.155000
vt -0.095220 0.155000
vt -0.095220 0.150571
vt -0.084343 0.150571
vt -0.095220 0.155000
vt -0.107500 0.155000
vt -0.084343 0.150571
vt -0.000000 0.150571
vt -0.000000 0.155000
vt -0.095220 0.155000
vt -0.000000 0.150571
vt 0.084343 0.150571
vt 0.095220 0.155000
vt -0.000000 0.155000
vt 0.084343 0.150571
vt 0.095220 0.150571
vt 0.107500 0.155000
vt 0.095220 0.155000
vt 0.107500 0.155000
vt 0.095220 0.155000
vt 0.084343 0.159429
vt 0.095220 0.159429
vt 0.095220 0.155000
vt 0.000000 0.155000
vt 0.000000 0.159429
vt 0.084343 0.159429
vt 0.000000 0.155000
vt -0.095220 0.155000
vt -0.084343 0.159429
vt 0.000000 0.159429
vt -0.095220 0.155000
vt -0.107500 0.155000
vt -0.095220 0.159429
vt -0.084343 0.159429
vt -0.107500 0.155000
vt -0.095220 0.155000
vt -0.084343 0.159429
vt -0.095220 0.159429
vt -0.095220 0.155000
vt -0.000000 0.155000
vt -0.000000 0.159429
vt -0.084343 0.159429
vt -0.000000 0.155000
vt 0.095220 0.155000
vt 0.084343 0.159429
vt -0.000000 0.159429
vt 0.095220 0.155000
vt 0.107500 0.155000
vt 0.095220 0.159429
vt 0.084343 0.159429
vt 0.095220 -1.592500
vt 0.084343 -1.589558
vt 0.000000 -1.592500
vt 0.000000 -1.592500
vt 0.084343 -1.589558
vt 0.000000 -1.589178
vt 0.000000 -1.592500
vt 0.000000 -1.592500
vt 0.000000 -1.589178
vt -0.084343 -1.589558
vt -0.000000 -1.592500
vt 0.000000 -1.592500
vt -0.084343 -1.589558
vt -0.095220 -1.592500
vt -0.000000 -1.592500
vt -0.000000 -1.592500
vt -0.095220 -1.592500
vt -0.084343 -1.595442
vt -0.000000 -1.592500
vt -0.000000 -1.592500
vt -0.084343 -1.595442
vt -0.000000 -1.595822
vt -0.000000 -1.592500
vt -0.000000 -1.592500
vt -0.000000 -1.595822
vt 0.084343 -1.595442
vt 0.000000 -1.592500
vt -0.000000 -1.592500
vt 0.084343 -1.595442
vt 0.095220 -1.592500
vt 0.000000 -1.592500
vt 0.000000 -1.592500
vt 0.000000 -1.592500
vt 0.000000 -1.592500
vt 0.084343 -1.589558
vt 0.095220 -1.592500
vt 0.000000 -1.592500
vt 0.000000 -1.592500
vt 0.000000 -1.589178
vt 0.084343 -1.589558
vt 0.000000 -1.592500
vt -0.000000 -1.592500
vt -0.084343 -1.589558
vt 0.000000 -1.589178
vt -0.000000 -1.592500
vt -0.000000 -1.592500
vt -0.095220 -1.592500
vt -0.084343 -1.589558
vt -0.000000 -1.592500
vt -0.000000 -1.592500
vt -0.084343 -1.595442
vt -0.095220 -1.592500
vt -0.000000 -1.592500
vt -0.000000 -1.592500
vt -0.000000 -1.595822
vt -0.084343 -1.595442
vt -0.000000 -1.592500
vt 0.000000 -1.592500
vt 0.084343 -1.595442
vt -0.000000 -1.595822
vt 0.000000 -1.592500
vt 0.000000 -1.592500
vt 0.095220 -1.592500
vt 0.084343 -1.595442
vt 0.095220 0.185571
vt 0.084343 0.185571
vt 0.095220 0.190000
vt 0.107500 0.190000
vt 0.084343 0.185571
vt 0.000000 0.185571
vt 0.000000 0.190000
vt 0.095220 0.190000
vt 0.000000 0.185571
vt -0.084343 0.185571
vt -0.095220 0.190000
vt 0.000000 0.190000
vt -0.084343 0.185571
vt -0.095220 0.185571
vt -0.107500 0.190000
vt -0.095220 0.190000
vt -0.095220 0.185571
vt -0.084343 0.185571
vt -0.095220 0.190000
vt -0.107500 0.190000
vt -0.084343 0.185571
vt -0.000000 0.185571
vt -0.000000 0.190000
vt -0.095220 0.190000
vt -0.000000 0.185571
vt 0.084343 0.185571
vt 0.095220 0.190000
vt -0.000000 0.190000
vt 0.084343 0.185571
vt 0.095220 0.185571
vt 0.107500 0.190000
vt 0.095220 0.190000
vt 0.107500 0.190000
vt 0.095220 0.190000
vt 0.084343 0.194429
vt 0.095220 0.194429
vt 0.095220 0.190000
vt 0.000000 0.190000
vt 0.000000 0.194429
vt 0.084343 0.194429
vt 0.000000 0.190000
vt -0.095220 0.190000
vt -0.084343 0.194429
vt 0.000000 0.194429
vt -0.095220 0.190000
vt -0.107500 0.190000
vt -0.095220 0.194429
vt -0.084343 0.194429
vt -0.107500 0.190000
vt -0.095220 0.190000
vt -0.084343 0.194429
vt -0.095220 0.194429
vt -0.095220 0.190000
vt -0.000000 0.190000
vt -0.000000 0.194429
vt -0.084343 0.194429
vt -0.000000 0.190000
vt 0.095220 0.190000
vt 0.084343 0.194429
vt -0.000000 0.194429
vt 0.095220 0.190000
vt 0.107500 0.190000
vt 0.095220 0.194429
vt 0.084343 0.194429
vt 0.095220 -1.592500
vt 0.084343 -1.589558
vt 0.000000 -1.592500
vt 0.000000 -1.592500
vt 0.084343 -1.589558
vt 0.000000 -1.589178
vt 0.000000 -1.592500
vt 0.000000 -1.592500
vt 0.000000 -1.589178
vt -0.084343 -1.589558
vt -0.000000 -1.592500
vt 0.000000 -1.592500
vt -0.084343 -1.589558
vt -0.095220 -1.592500
vt -0.000000 -1.592500
vt -0.000000 -1.592500
vt -0.095220 -1.592500
vt -0.084343 -1.595442
vt -0.000000 -1.592500
vt -0.000000 -1.592500
vt -0.084343 -1.595442
vt -0.000000 -1.595822
vt -0.000000 -1.592500
vt -0.000000 -1.592500
vt -0.000000 -1.595822
vt 0.084343 -1.595442
vt 0.000000 -1.592500
vt -0.000000 -1.592500
vt 0.084343 -1.595442
vt 0.095220 -1.592500
vt 0.000000 -1.592500
vt 0.000000 -1.592500
vt 0.000000 -1.592500
vt 0.000000 -1.592500
vt 0.084343 -1.589558
vt 0.095220 -1.592500
vt 0.000000 -1.592500
vt 0.000000 -1.592500
vt 0.000000 -1.589178
vt 0.084343 -1.589558
vt 0.000000 -1.592500
vt -0.000000 -1.592500
vt -0.084343 -1.589558
vt 0.000000 -1.589178
vt -0.000000 -1.592500
vt -0.000000 -1.592500
vt -0.095220 -1.592500
vt -0.084343 -1.589558
vt -0.000000 -1.592500
vt -0.000000 -1.592500
vt -0.084343 -1.595442
vt -0.095220 -1.592500
vt -0.000000 -1.592500
vt -0.000000 -1.592500
vt -0.000000 -1.595822
vt -0.084343 -1.595442
vt -0.000000 -1.592500
vt 0.000000 -1.592500
vt 0.084343 -1.595442
vt -0.000000 -1.595822
vt 0.000000 -1.592500
vt 0.000000 -1.592500
vt 0.095220 -1.592500
vt 0.084343 -1.595442
vt 0.095220 0.220571
vt 0.084343 0.220571
vt 0.095220 0.225000
vt 0.107500 0.225000
vt 0.084343 0.220571
vt 0.000000 0.220571
vt 0.000000 0.225000
vt 0.095220 0.225000
vt 0.000000 0.220571
vt -0.084343 0.220571
vt -0.095220 0.225000
vt 0.000000 0.225000
vt -0.084343 0.220571
vt -0.095220 0.220571
vt -0.107500 0.225000
vt -0.095220 0.225000
vt -0.095220 0.220571
vt -0.084343 0.220571
vt -0.095220 0.225000
vt -0.107500 0.225000
vt -0.084343 0.220571
vt -0.000000 0.220571
vt -0.000000 0.225000
vt -0.095220 0.225000
vt -0.000000 0.220571
vt 0.084343 0.220571
vt 0.095220 0.225000
vt -0.000000 0.225000
vt 0.084343 0.220571
vt 0.095220 0.220571
vt 0.107500 0.225000
vt 0.095220 0.225000
vt 0.107500 0.225000
vt 0.095220 0.225000
vt 0.084343 0.229429
vt 0.095220 0.229429
vt 0.095220 0.225000
vt 0.000000 0.225000
vt 0.000000 0.229429
vt 0.084343 0.229429
vt 0.000000 0.225000
vt -0.095220 0.225000
vt -0.084343 0.229429
vt 0.000000 0.229429
vt -0.095220 0.225000
vt -0.107500 0.225000
vt -0.095220 0.229429
vt -0.084343 0.229429
vt -0.107500 0.225000
vt -0.095220 0.225000
vt -0.084343 0.229429
vt -0.095220 0.229429
vt -0.095220 0.225000
vt -0.000000 0.225000
vt -0.000000 0.229429
vt -0.084343 0.229429
vt -0.000000 0.225000
vt 0.095220 0.225000
vt 0.084343 0.229429
vt -0.000000 0.229429
vt 0.095220 0.225000
vt 0.107500 0.225000
vt 0.095220 0.229429
vt 0.084343 0.229429
vt 0.095220 -1.592500
vt 0.084343 -1.589558
vt 0.000000 -1.592500
vt 0.000000 -1.592500
vt 0.084343 -1.589558
vt 0.000000 -1.589178
vt 0.000000 -1.592500
vt 0.000000 -1.592500
vt 0.000000 -1.589178
vt -0.084343 -1.589558
vt -0.000000 -1.592500
vt 0.000000 -1.592500
vt -0.084343 -1.589558
vt -0.095220 -1.592500
vt -0.000000 -1.592500
vt -0.000000 -1.592500
vt -0.095220 -1.592500
vt -0.084343 -1.595442
vt -0.000000 -1.592500
vt -0.000000 -1.592500
vt -0.084343 -1.595442
vt -0.000000 -1.595822
vt -0.000000 -1.592500
vt -0.000000 -1.592500
vt -0.000000 -1.595822
vt 0.084343 -1.595442
vt 0.000000 -1.592500
vt -0.000000 -1.592500
vt 0.084343 -1.595442
vt 0.095220 -1.592500
vt 0.000000 -1.592500
vt 0.000000 -1.592500
vt 0.000000 -1.592500
vt 0.000000 -1.592500
vt 0.084343 -1.589558
vt 0.095220 -1.592500
vt 0.000000 -1.592500
vt 0.000000 -1.592500
vt 0.000000 -1.589178
vt 0.084343 -1.589558
vt 0.000000 -1.592500
vt -0.000000 -1.592500
vt -0.084343 -1.589558
vt 0.000000 -1.589178
vt -0.000000 -1.592500
vt -0.000000 -1.592500
vt -0.095220 -1.592500
vt -0.084343 -1.589558
vt -0.000000 -1.592500
vt -0.000000 -1.592500
vt -0.084343 -1.595442
vt -0.095220 -1.592500
vt -0.000000 -1.592500
vt -0.000000 -1.592500
vt -0.000000 -1.595822
vt -0.084343 -1.595442
vt -0.000000 -1.592500
vt 0.000000 -1.592500
vt 0.084343 -1.595442
vt -0.000000 -1.595822
vt 0.000000 -1.592500
vt 0.000000 -1.592500
vt 0.095220 -1.592500
vt 0.084343 -1.595442
vt 0.095220 0.255571
vt 0.084343 0.255571
vt 0.095220 0.260000
vt 0.107500 0.260000
vt 0.084343 0.255571
vt 0.000000 0.255571
vt 0.000000 0.260000
vt 0.095220 0.260000
vt 0.000000 0.255571
vt -0.084343 0.255571
vt -0.095220 0.260000
vt 0.000000 0.260000
vt -0.084343 0.255571
vt -0.095220 0.255571
vt -0.107500 0.260000
vt -0.095220 0.260000
vt -0.095220 0.255571
vt -0.084343 0.255571
vt -0.095220 0.260000
vt -0.107500 0.260000
vt -0.084343 0.255571
vt -0.000000 0.255571
vt -0.000000 0.260000
vt -0.095220 0.260000
vt -0.000000 0.255571
vt 0.084343 0.255571
vt 0.095220 0.260000
vt -0.000000 0.260000
vt 0.084343 0.255571
vt 0.095220 0.255571
vt 0.107500 0.260000
vt 0.095220 0.260000
vt 0.107500 0.260000
vt 0.095220 0.260000
vt 0.084343 0.264429
vt 0.095220 0.264429
vt 0.095220 0.260000
vt 0.000000 0.260000
vt 0.000000 0.264429
vt 0.084343 0.264429
vt 0.000000 0.260000
vt -0.095220 0.260000
vt -0.084343 0.264429
vt 0.000000 0.264429
vt -0.095220 0.260000
vt -0.107500 0.260000
vt -0.095220 0.264429
vt -0.084343 0.264429
vt -0.107500 0.260000
vt -0.095220 0.260000
vt -0.084343 0.264429
vt -0.095220 0.264429
vt -0.095220 0.260000
vt -0.000000 0.260000
vt -0.000000 0.264429
vt -0.084343 0.264429
vt -0.000000 0.260000
vt 0.095220 0.260000
vt 0.084343 0.264429
vt -0.000000 0.264429
vt 0.095220 0.260000
vt 0.107500 0.260000
vt 0.095220 0.264429
vt 0.084343 0.264429
vt 0.095220 -1.592500
vt 0.084343 -1.589558
vt 0.000000 -1.592500
vt 0.000000 -1.592500
vt 0.084343 -1.589558
vt 0.000000 -1.589178
vt 0.000000 -1.592500
vt 0.000000 -1.592500
vt 0.000000 -1.589178
vt -0.084343 -1.589558
vt -0.000000 -1.592500
vt 0.000000 -1.592500
vt -0.084343 -1.589558
vt -0.095220 -1.592500
vt -0.000000 -1.592500
vt -0.000000 -1.592500
vt -0.095220 -1.592500
vt -0.084343 -1.595442
vt -0.000000 -1.592500
vt -0.000000 -1.592500
vt -0.084343 -1.595442
vt -0.000000 -1.595822
vt -0.000000 -1.592500
vt -0.000000 -1.592500
vt -0.000000 -1.595822
vt 0.084343 -1.595442
vt 0.000000 -1.592500
vt -0.000000 -1.592500
vt 0.084343 -1.595442
vt 0.095220 -1.592500
vt 0.000000 -1.592500
vt 0.000000 -1.592500
vt 0.000000 -1.592500
vt 0.000000 -1.592500
vt 0.084343 -1.589558
vt 0.095220 -1.592500
vt 0.000000 -1.592500
vt 0.000000 -1.592500
vt 0.000000 -1.589178
vt 0.084343 -1.589558
vt 0.000000 -1.592500
vt -0.000000 -1.592500
vt -0.084343 -1.589558
vt 0.000000 -1.589178
vt -0.000000 -1.592500
vt -0.000000 -1.592500
vt -0.095220 -1.592500
vt -0.084343 -1.589558
vt -0.000000 -1.592500
vt -0.000000 -1.592500
vt -0.084343 -1.595442
vt -0.095220 -1.592500
vt -0.000000 -1.592500
vt -0.000000 -1.592500
vt -0.000000 -1.595822
vt -0.084343 -1.595442
vt -0.000000 -1.592500
vt 0.000000 -1.592500
vt 0.084343 -1.595442
vt -0.000000 -1.595822
vt 0.000000 -1.592500
vt 0.000000 -1.592500
vt 0.095220 -1.592500
vt 0.084343 -1.595442
vt 0.095220 0.290571
vt 0.084343 0.290571
vt 0.095220 0.295000
vt 0.107500 0.295000
vt 0.084343 0.290571
vt 0.000000 0.290571
vt 0.000000 0.295000
vt 0.095220 0.295000
vt 0.000000 0.290571
vt -0.084343 0.290571
vt -0.095220 0.295000
vt 0.000000 0.295000
vt -0.084343 0.290571
vt -0.095220 0.290571
vt -0.107500 0.295000
vt -0.095220 0.295000
vt -0.095220 0.290571
vt -0.084343 0.290571
vt -0.095220 0.295000
vt -0.107500 0.295000
vt -0.084343 0.290571
vt -0.000000 0.290571
vt -0.000000 0.295000
vt -0.095220 0.295000
vt -0.000000 0.290571
vt 0.084343 0.290571
vt 0.095220 0.295000
vt -0.000000 0.295000
vt 0.084343 0.290571
vt 0.095220 0.290571
vt 0.107500 0.295000
vt 0.095220 0.295000
vt 0.107500 0.295000
vt 0.095220 0.295000
vt 0.084343 0.299429
vt 0.095220 0.299429
vt 0.095220 0.295000
vt 0.000000 0.295000
vt 0.000000 0.299429
vt 0.084343 0.299429
vt 0.000000 0.295000
vt -0.095220 0.295000
vt -0.084343 0.299429
vt 0.000000 0.299429
vt -0.095220 0.295000
vt -0.107500 0.295000
vt -0.095220 0.299429
vt -0.084343 0.299429
vt -0.107500 0.295000
vt -0.095220 0.295000
vt -0.084343 0.299429
vt -0.095220 0.299429
vt -0.095220 0.295000
vt -0.000000 0.295000
vt -0.000000 0.299429
vt -0.084343 0.299429
vt -0.000000 0.295000
vt 0.095220 0.295000
vt 0.084343 0.299429
vt -0.000000 0.299429
vt 0.095220 0.295000
vt 0.107500 0.295000
vt 0.095220 0.299429
vt 0.084343 0.299429
vt 0.095220 -1.592500
vt 0.084343 -1.589558
vt 0.000000 -1.592500
vt 0.000000 -1.592500
vt 0.084343 -1.589558
vt 0.000000 -1.589178
vt 0.000000 -1.592500
vt 0.000000 -1.592500
vt 0.000000 -1.589178
vt -0.084343 -1.589558
vt -0.000000 -1.592500
vt 0.000000 -1.592500
vt -0.084343 -1.589558
vt -0.095220 -1.592500
vt -0.000000 -1.592500
vt -0.000000 -1.592500
vt -0.095220 -1.592500
vt -0.084343 -1.595442
vt -0.000000 -1.592500
vt -0.000000 -1.592500
vt -0.084343 -1.595442
vt -0.000000 -1.595822
vt -0.000000 -1.592500
vt -0.000000 -1.592500
vt -0.000000 -1.595822
vt 0.084343 -1.595442
vt 0.000000 -1.592500
vt -0.000000 -1.592500
vt 0.084343 -1.595442
vt 0.095220 -1.592500
vt 0.000000 -1.592500
vt 0.000000 -1.592500
vt 0.000000 -1.592500
vt 0.000000 -1.592500
vt 0.084343 -1.589558
vt 0.095220 -1.592500
vt 0.000000 -1.592500
vt 0.000000 -1.592500
vt 0.000000 -1.589178
vt 0.084343 -1.589558
vt 0.000000 -1.592500
vt -0.000000 -1.592500
vt -0.084343 -1.589558
vt 0.000000 -1.589178
vt -0.000000 -1.592500
vt -0.000000 -1.592500
vt -0.095220 -1.592500
vt -0.084343 -1.589558
vt -0.000000 -1.592500
vt -0.000000 -1.592500
vt -0.084343 -1.595442
vt -0.095220 -1.592500
vt -0.000000 -1.592500
vt -0.000000 -1.592500
vt -0.000000 -1.595822
vt -0.084343 -1.595442
vt -0.000000 -1.592500
vt 0.000000 -1.592500
vt 0.084343 -1.595442
vt -0.000000 -1.595822
vt 0.000000 -1.592500
vt 0.000000 -1.592500
vt 0.095220 -1.592500
vt 0.084343 -1.595442
vt 0.095220 0.325571
vt 0.084343 0.325571
vt 0.095220 0.330000
vt 0.107500 0.330000
vt 0.084343 0.325571
vt 0.000000 0.325571
vt 0.000000 0.330000
vt 0.095220 0.330000
vt 0.000000 0.325571
vt -0.084343 0.325571
vt -0.095220 0.330000
vt 0.000000 0.330000
vt -0.084343 0.325571
vt -0.095220 0.325571
vt -0.107500 0.330000
vt -0.095220 0.330000
vt -0.095220 0.325571
vt -0.084343 0.325571
vt -0.095220 0.330000
vt -0.107500 0.330000
vt -0.084343 0.325571
vt -0.000000 0.325571
vt -0.000000 0.330000
vt -0.095220 0.330000
vt -0.000000 0.325571
vt 0.084343 0.325571
vt 0.095220 0.330000
vt -0.000000 0.330000
vt 0.084343 0.325571
vt 0.095220 0.325571
vt 0.107500 0.330000
vt 0.095220 0.330000
vt 0.107500 0.330000
vt 0.095220 0.330000
vt 0.084343 0.334429
vt 0.095220 0.334429
vt 0.095220 0.330000
vt 0.000000 0.330000
vt 0.000000 0.334429
vt 0.084343 0.334429
vt 0.000000 0.330000
vt -0.095220 0.330000
vt -0.084343 0.334429
vt 0.000000 0.334429
vt -0.095220 0.330000
vt -0.107500 0.330000
vt -0.095220 0.334429
vt -0.084343 0.334429
vt -0.107500 0.330000
vt -0.095220 0.330000
vt -0.084343 0.334429
vt -0.095220 0.334429
vt -0.095220 0.330000
vt -0.000000 0.330000
vt -0.000000 0.334429
vt -0.084343 0.334429
vt -0.000000 0.330000
vt 0.095220 0.330000
vt 0.084343 0.334429
vt -0.000000 0.334429
vt 0.095220 0.330000
vt 0.107500 0.330000
vt 0.095220 0.334429
vt 0.084343 0.334429
vt 0.095220 -1.592500
vt 0.084343 -1.589558
vt 0.000000 -1.592500
vt 0.000000 -1.592500
vt 0.084343 -1.589558
vt 0.000000 -1.589178
vt 0.000000 -1.592500
vt 0.000000 -1.592500
vt 0.000000 -1.589178
vt -0.084343 -1.589558
vt -0.000000 -1.592500
vt 0.000000 -1.592500
vt -0.084343 -1.589558
vt -0.095220 -1.592500
vt -0.000000 -1.592500
vt -0.000000 -1.592500
vt -0.095220 -1.592500
vt -0.084343 -1.595442
vt -0.000000 -1.592500
vt -0.000000 -1.592500
vt -0.084343 -1.595442
vt -0.000000 -1.595822
vt -0.000000 -1.592500
vt -0.000000 -1.592500
vt -0.000000 -1.595822
vt 0.084343 -1.595442
vt 0.000000 -1.592500
vt -0.000000 -1.592500
vt 0.084343 -1.595442
vt 0.095220 -1.592500
vt 0.000000 -1.592500
vt 0.000000 -1.592500
vt 0.000000 -1.592500
vt 0.000000 -1.592500
vt 0.084343 -1.589558
vt 0.095220 -1.592500
vt 0.000000 -1.592500
vt 0.000000 -1.592500
vt 0.000000 -1.589178
vt 0.084343 -1.589558
vt 0.000000 -1.592500
vt -0.000000 -1.592500
vt -0.084343 -1.589558
vt 0.000000 -1.589178
vt -0.000000 -1.592500
vt -0.000000 -1.592500
vt -0.095220 -1.592500
vt -0.084343 -1.589558
vt -0.000000 -1.592500
vt -0.000000 -1.592500
vt -0.084343 -1.595442
vt -0.095220 -1.592500
vt -0.000000 -1.592500
vt -0.000000 -1.592500
vt -0.000000 -1.595822
vt -0.084343 -1.595442
vt -0.000000 -1.592500
vt 0.000000 -1.592500
vt 0.084343 -1.595442
vt -0.000000 -1.595822
vt 0.000000 -1.592500
vt 0.000000 -1.592500
vt 0.095220 -1.592500
vt 0.084343 -1.595442
vt 0.095220 0.360571
vt 0.084343 0.360571
vt 0.095220 0.365000
vt 0.107500 0.365000
vt 0.084343 0.360571
vt 0.000000 0.360571
vt 0.000000 0.365000
vt 0.095220 0.365000
vt 0.000000 0.360571
vt -0.084343 0.360571
vt -0.095220 0.365000
vt 0.000000 0.365000
vt -0.084343 0.360571
vt -0.095220 0.360571
vt -0.107500 0.365000
vt -0.095220 0.365000
vt -0.095220 0.360571
vt -0.084343 0.360571
vt -0.095220 0.365000
vt -0.107500 0.365000
vt -0.084343 0.360571
vt -0.000000 0.360571
vt -0.000000 0.365000
vt -0.095220 0.365000
vt -0.000000 0.360571
vt 0.084343 0.360571
vt 0.095220 0.365000
vt -0.000000 0.365000
vt 0.084343 0.360571
vt 0.095220 0.360571
vt 0.107500 0.365000
vt 0.095220 0.365000
vt 0.107500 0.365000
vt 0.095220 0.365000
vt 0.084343 0.369429
vt 0.095220 0.369429
vt 0.095220 0.365000
vt 0.000000 0.365000
vt 0.000000 0.369429
vt 0.084343 0.369429
vt 0.000000 0.365000
vt -0.095220 0.365000
vt -0.084343 0.369429
vt 0.000000 0.369429
vt -0.095220 0.365000
vt -0.107500 0.365000
vt -0.095220 0.369429
vt -0.084343 0.369429
vt -0.107500 0.365000
vt -0.095220 0.365000
vt -0.084343 0.369429
vt -0.095220 0.369429
vt -0.095220 0.365000
vt -0.000000 0.365000
vt -0.000000 0.369429
vt -0.084343 0.369429
vt -0.000000 0.365000
vt 0.095220 0.365000
vt 0.084343 0.369429
vt -0.000000 0.369429
vt 0.095220 0.365000
vt 0.107500 0.365000
vt 0.095220 0.369429
vt 0.084343 0.369429
vt 0.095220 -1.592500
vt 0.084343 -1.589558
vt 0.000000 -1.592500
vt 0.000000 -1.592500
vt 0.084343 -1.589558
vt 0.000000 -1.589178
vt 0.000000 -1.592500
vt 0.000000 -1.592500
vt 0.000000 -1.589178
vt -0.084343 -1.589558
vt -0.000000 -1.592500
vt 0.000000 -1.592500
vt -0.084343 -1.589558
vt -0.095220 -1.592500
vt -0.000000 -1.592500
vt -0.000000 -1.592500
vt -0.095220 -1.592500
vt -0.084343 -1.595442
vt -0.000000 -1.592500
vt -0.000000 -1.592500
vt -0.084343 -1.595442
vt -0.000000 -1.595822
vt -0.000000 -1.592500
vt -0.000000 -1.592500
vt -0.000000 -1.595822
vt 0.084343 -1.595442
vt 0.000000 -1.592500
vt -0.000000 -1.592500
vt 0.084343 -1.595442
vt 0.095220 -1.592500
vt 0.000000 -1.592500
vt 0.000000 -1.592500
vt 0.000000 -1.592500
vt 0.000000 -1.592500
vt 0.084343 -1.589558
vt 0.095220 -1.592500
vt 0.000000 -1.592500
vt 0.000000 -1.592500
vt 0.000000 -1.589178
vt 0.084343 -1.589558
vt 0.000000 -1.592500
vt -0.000000 -1.592500
vt -0.084343 -1.589558
vt 0.000000 -1.589178
vt -0.000000 -1.592500
vt -0.000000 -1.592500
vt -0.095220 -1.592500
vt -0.084343 -1.589558
vt -0.000000 -1.592500
vt -0.000000 -1.592500
vt -0.084343 -1.595442
vt -0.095220 -1.592500
vt -0.000000 -1.592500
vt -0.000000 -1.592500
vt -0.000000 -1.595822
vt -0.084343 -1.595442
vt -0.000000 -1.592500
vt 0.000000 -1.592500
vt 0.084343 -1.595442
vt -0.000000 -1.595822
vt 0.000000 -1.592500
vt 0.000000 -1.592500
vt 0.095220 -1.592500
vt 0.084343 -1.595442
vt 0.095220 0.395571
vt 0.084343 0.395571
vt 0.095220 0.400000
vt 0.107500 0.400000
vt 0.084343 0.395571
vt 0.000000 0.395571
vt 0.000000 0.400000
vt 0.095220 0.400000
vt 0.000000 0.395571
vt -0.084343 0.395571
vt -0.095220 0.400000
vt 0.000000 0.400000
vt -0.084343 0.395571
vt -0.095220 0.395571
vt -0.107500 0.400000
vt -0.095220 0.400000
vt -0.095220 0.395571
vt -0.084343 0.395571
vt -0.095220 0.400000
vt -0.107500 0.400000
vt -0.084343 0.395571
vt -0.000000 0.395571
vt -0.000000 0.400000
vt -0.095220 0.400000
vt -0.000000 0.395571
vt 0.084343 0.395571
vt 0.095220 0.400000
vt -0.000000 0.400000
vt 0.084343 0.395571
vt 0.095220 0.395571
vt 0.107500 0.400000
vt 0.095220 0.400000
vt 0.107500 0.400000
vt 0.095220 0.400000
vt 0.084343 0.404429
vt 0.095220 0.404429
vt 0.095220 0.400000
vt 0.000000 0.400000
vt 0.000000 0.404429
vt 0.084343 0.404429
vt 0.000000 0.400000
vt -0.095220 0.400000
vt -0.084343 0.404429
vt 0.000000 0.404429
vt -0.095220 0.400000
vt -0.107500 0.400000
vt -0.095220 0.404429
vt -0.084343 0.404429
vt -0.107500 0.400000
vt -0.095220 0.400000
vt -0.084343 0.404429
vt -0.095220 0.404429
vt -0.095220 0.400000
vt -0.000000 0.400000
vt -0.000000 0.404429
vt -0.084343 0.404429
vt -0.000000 0.400000
vt 0.095220 0.400000
vt 0.084343 0.404429
vt -0.000000 0.404429
vt 0.095220 0.400000
vt 0.107500 0.400000
vt 0.095220 0.404429
vt 0.084343 0.404429
vt 0.095220 -1.592500
vt 0.084343 -1.589558
vt 0.000000 -1.592500
vt 0.000000 -1.592500
vt 0.084343 -1.589558
vt 0.000000 -1.589178
vt 0.000000 -1.592500
vt 0.000000 -1.592500
vt 0.000000 -1.589178
vt -0.084343 -1.589558
vt -0.000000 -1.592500
vt 0.000000 -1.592500
vt -0.084343 -1.589558
vt -0.095220 -1.592500
vt -0.000000 -1.592500
vt -0.000000 -1.592500
vt -0.095220 -1.592500
vt -0.084343 -1.595442
vt -0.000000 -1.592500
vt -0.000000 -1.592500
vt -0.084343 -1.595442
vt -0.000000 -1.595822
vt -0.000000 -1.592500
vt -0.000000 -1.592500
vt -0.000000 -1.595822
vt 0.084343 -1.595442
vt 0.000000 -1.592500
vt -0.000000 -1.592500
vt 0.084343 -1.595442
vt 0.095220 -1.592500
vt 0.000000 -1.592500
vt 0.000000 -1.592500
vt 0.000000 -1.592500
vt 0.000000 -1.592500
vt 0.084343 -1.589558
vt 0.095220 -1.592500
vt 0.000000 -1.592500
vt 0.000000 -1.592500
vt 0.000000 -1.589178
vt 0.084343 -1.589558
vt 0.000000 -1.592500
vt -0.000000 -1.592500
vt -0.084343 -1.589558
vt 0.000000 -1.589178
vt -0.000000 -1.592500
vt -0.000000 -1.592500
vt -0.095220 -1.592500
vt -0.084343 -1.589558
vt -0.000000 -1.592500
vt -0.000000 -1.592500
vt -0.084343 -1.595442
vt -0.095220 -1.592500
vt -0.000000 -1.592500
vt -0.000000 -1.592500
vt -0.000000 -1.595822
vt -0.084343 -1.595442
vt -0.000000 -1.592500
vt 0.000000 -1.592500
vt 0.084343 -1.595442
vt -0.000000 -1.595822
vt 0.000000 -1.592500
vt 0.000000 -1.592500
vt 0.095220 -1.592500
vt 0.084343 -1.595442
vt 0.095220 0.430571
vt 0.084343 0.430571
vt 0.095220 0.435000
vt 0.107500 0.435000
vt 0.084343 0.430571
vt 0.000000 0.430571
vt 0.000000 0.435000
vt 0.095220 0.435000
vt 0.000000 0.430571
vt -0.084343 0.430571
vt -0.095220 0.435000
vt 0.000000 0.435000
vt -0.084343 0.430571
vt -0.095220 0.430571
vt -0.107500 0.435000
vt -0.095220 0.435000
vt -0.095220 0.430571
vt -0.084343 0.430571
vt -0.095220 0.435000
vt -0.107500 0.435000
vt -0.084343 0.430571
vt -0.000000 0.430571
vt -0.000000 0.435000
vt -0.095220 0.435000
vt -0.000000 0.430571
vt 0.084343 0.430571
vt 0.095220 0.435000
vt -0.000000 0.435000
vt 0.084343 0.430571
vt 0.095220 0.430571
vt 0.107500 0.435000
vt 0.095220 0.435000
vt 0.107500 0.435000
vt 0.095220 0.435000
vt 0.084343 0.439429
vt 0.095220 0.439429
vt 0.095220 0.435000
vt 0.000000 0.435000
vt 0.000000 0.439429
vt 0.084343 0.439429
vt 0.000000 0.435000
vt -0.095220 0.435000
vt -0.084343 0.439429
vt 0.000000 0.439429
vt -0.095220 0.435000
vt -0.107500 0.435000
vt -0.095220 0.439429
vt -0.084343 0.439429
vt -0.107500 0.435000
vt -0.095220 0.435000
vt -0.084343 0.439429
vt -0.095220 0.439429
vt -0.095220 0.435000
vt -0.000000 0.435000
vt -0.000000 0.439429
vt -0.084343 0.439429
vt -0.000000 0.435000
vt 0.095220 0.435000
vt 0.084343 0.439429
vt -0.000000 0.439429
vt 0.095220 0.435000
vt 0.107500 0.435000
vt 0.095220 0.439429
vt 0.084343 0.439429
vt 0.095220 -1.592500
vt 0.084343 -1.589558
vt 0.000000 -1.592500
vt 0.000000 -1.592500
vt 0.084343 -1.589558
vt 0.000000 -1.589178
vt 0.000000 -1.592500
vt 0.000000 -1.592500
vt 0.000000 -1.589178
vt -0.084343 -1.589558
vt -0.000000 -1.592500
vt 0.000000 -1.592500
vt -0.084343 -1.589558
vt -0.095220 -1.592500
vt -0.000000 -1.592500
vt -0.000000 -1.592500
vt -0.095220 -1.592500
vt -0.084343 -1.595442
vt -0.000000 -1.592500
vt -0.000000 -1.592500
vt -0.084343 -1.595442
vt -0.000000 -1.595822
vt -0.000000 -1.592500
vt -0.000000 -1.592500
vt -0.000000 -1.595822
vt 0.084343 -1.595442
vt 0.000000 -1.592500
vt -0.000000 -1.592500
vt 0.084343 -1.595442
vt 0.095220 -1.592500
vt 0.000000 -1.592500
vt 0.000000 -1.592500
vt 0.000000 -1.592500
vt 0.000000 -1.592500
vt 0.084343 -1.589558
vt 0.095220 -1.592500
vt 0.000000 -1.592500
vt 0.000000 -1.592500
vt 0.000000 -1.589178
vt 0.084343 -1.589558
vt 0.000000 -1.592500
vt -0.000000 -1.592500
vt -0.084343 -1.589558
vt 0.000000 -1.589178
vt -0.000000 -1.592500
vt -0.000000 -1.592500
vt -0.095220 -1.592500
vt -0.084343 -1.589558
vt -0.000000 -1.592500
vt -0.000000 -1.592500
vt -0.084343 -1.595442
vt -0.095220 -1.592500
vt -0.000000 -1.592500
vt -0.000000 -1.592500
vt -0.000000 -1.595822
vt -0.084343 -1.595442
vt -0.000000 -1.592500
vt 0.000000 -1.592500
vt 0.084343 -1.595442
vt -0.000000 -1.595822
vt 0.000000 -1.592500
vt 0.000000 -1.592500
vt 0.095220 -1.592500
vt 0.084343 -1.595442
vt 0.095220 0.465571
vt 0.084343 0.465571
vt 0.095220 0.470000
vt 0.107500 0.470000
vt 0.084343 0.465571
vt 0.000000 0.465571
vt 0.000000 0.470000
vt 0.095220 0.470000
vt 0.000000 0.465571
vt -0.084343 0.465571
vt -0.095220 0.470000
vt 0.000000 0.470000
vt -0.084343 0.465571
vt -0.095220 0.465571
vt -0.107500 0.470000
vt -0.095220 0.470000
vt -0.095220 0.465571
vt -0.084343 0.465571
vt -0.095220 0.470000
vt -0.107500 0.470000
vt -0.084343 0.465571
vt -0.000000 0.465571
vt -0.000000 0.470000
vt -0.095220 0.470000
vt -0.000000 0.465571
vt 0.084343 0.465571
vt 0.095220 0.470000
vt -0.000000 0.470000
vt 0.084343 0.465571
vt 0.095220 0.465571
vt 0.107500 0.470000
vt 0.095220 0.470000
vt 0.107500 0.470000
vt 0.095220 0.470000
vt 0.084343 0.474429
vt 0.095220 0.474429
vt 0.095220 0.470000
vt 0.000000 0.470000
vt 0.000000 0.474429
vt 0.084343 0.474429
vt 0.000000 0.470000
vt -0.095220 0.470000
vt -0.084343 0.474429
vt 0.000000 0.474429
vt -0.095220 0.470000
vt -0.107500 0.470000
vt -0.095220 0.474429
vt -0.084343 0.474429
vt -0.107500 0.470000
vt -0.095220 0.470000
vt -0.084343 0.474429
vt -0.095220 0.474429
vt -0.095220 0.470000
vt -0.000000 0.470000
vt -0.000000 0.474429
vt -0.084343 0.474429
vt -0.000000 0.470000
vt 0.095220 0.470000
vt 0.084343 0.474429
vt -0.000000 0.474429
vt 0.095220 0.470000
vt 0.107500 0.470000
vt 0.095220 0.474429
vt 0.084343 0.474429
vt 0.095220 -1.592500
vt 0.084343 -1.589558
vt 0.000000 -1.592500
vt 0.000000 -1.592500
vt 0.084343 -1.589558
vt 0.000000 -1.589178
vt 0.000000 -1.592500
vt 0.000000 -1.592500
vt 0.000000 -1.589178
vt -0.084343 -1.589558
vt -0.000000 -1.592500
vt 0.000000 -1.592500
vt -0.084343 -1.589558
vt -0.095220 -1.592500
vt -0.000000 -1.592500
vt -0.000000 -1.592500
vt -0.095220 -1.592500
vt -0.084343 -1.595442
vt -0.000000 -1.592500
vt -0.000000 -1.592500
vt -0.084343 -1.595442
vt -0.000000 -1.595822
vt -0.000000 -1.592500
vt -0.000000 -1.592500
vt -0.000000 -1.595822
vt 0.084343 -1.595442
vt 0.000000 -1.592500
vt -0.000000 -1.592500
vt 0.084343 -1.595442
vt 0.095220 -1.592500
vt 0.000000 -1.592500
vt 0.000000 -1.592500
vt 0.000000 -1.592500
vt 0.000000 -1.592500
vt 0.084343 -1.589558
vt 0.095220 -1.592500
vt 0.000000 -1.592500
vt 0.000000 -1.592500
vt 0.000000 -1.589178
vt 0.084343 -1.589558
vt 0.000000 -1.592500
vt -0.000000 -1.592500
vt -0.084343 -1.589558
vt 0.000000 -1.589178
vt -0.000000 -1.592500
vt -0.000000 -1.592500
vt -0.095220 -1.592500
vt -0.084343 -1.589558
vt -0.000000 -1.592500
vt -0.000000 -1.592500
vt -0.084343 -1.595442
vt -0.095220 -1.592500
vt -0.000000 -1.592500
vt -0.000000 -1.592500
vt -0.000000 -1.595822
vt -0.084343 -1.595442
vt -0.000000 -1.592500
vt 0.000000 -1.592500
vt 0.084343 -1.595442
vt -0.000000 -1.595822
vt 0.000000 -1.592500
vt 0.000000 -1.592500
vt 0.095220 -1.592500
vt 0.084343 -1.595442
vt 0.095220 0.500571
vt 0.084343 0.500571
vt 0.095220 0.505000
vt 0.107500 0.505000
vt 0.084343 0.500571
vt 0.000000 0.500571
vt 0.000000 0.505000
vt 0.095220 0.505000
vt 0.000000 0.500571
vt -0.084343 0.500571
vt -0.095220 0.505000
vt 0.000000 0.505000
vt -0.084343 0.500571
vt -0.095220 0.500571
vt -0.107500 0.505000
vt -0.095220 0.505000
vt -0.095220 0.500571
vt -0.084343 0.500571
vt -0.095220 0.505000
vt -0.107500 0.505000
vt -0.084343 0.500571
vt -0.000000 0.500571
vt -0.000000 0.505000
vt -0.095220 0.505000
vt -0.000000 0.500571
vt 0.084343 0.500571
vt 0.095220 0.505000
vt -0.000000 0.505000
vt 0.084343 0.500571
vt 0.095220 0.500571
vt 0.107500 0.505000
vt 0.095220 0.505000
vt 0.107500 0.505000
vt 0.095220 0.505000
vt 0.084343 0.509429
vt 0.095220 0.509429
vt 0.095220 0.505000
vt 0.000000 0.505000
vt 0.000000 0.509429
vt 0.084343 0.509429
vt 0.000000 0.505000
vt -0.095220 0.505000
vt -0.084343 0.509429
vt 0.000000 0.509429
vt -0.095220 0.505000
vt -0.107500 0.505000
vt -0.095220 0.509429
vt -0.084343 0.509429
vt -0.107500 0.505000
vt -0.095220 0.505000
vt -0.084343 0.509429
vt -0.095220 0.509429
vt -0.095220 0.505000
vt -0.000000 0.505000
vt -0.000000 0.509429
vt -0.084343 0.509429
vt -0.000000 0.505000
vt 0.095220 0.505000
vt 0.084343 0.509429
vt -0.000000 0.509429
vt 0.095220 0.505000
vt 0.107500 0.505000
vt 0.095220 0.509429
vt 0.084343 0.509429
vt 0.095220 -1.592500
vt 0.084343 -1.589558
vt 0.000000 -1.592500
vt 0.000000 -1.592500
vt 0.084343 -1.589558
vt 0.000000 -1.589178
vt 0.000000 -1.592500
vt 0.000000 -1.592500
vt 0.000000 -1.589178
vt -0.084343 -1.589558
vt -0.000000 -1.592500
vt 0.000000 -1.592500
vt -0.084343 -1.589558
vt -0.095220 -1.592500
vt -0.000000 -1.592500
vt -0.000000 -1.592500
vt -0.095220 -1.592500
vt -0.084343 -1.595442
vt -0.000000 -1.592500
vt -0.000000 -1.592500
vt -0.084343 -1.595442
vt -0.000000 -1.595822
vt -0.000000 -1.592500
vt -0.000000 -1.592500
vt -0.000000 -1.595822
vt 0.084343 -1.595442
vt 0.000000 -1.592500
vt -0.000000 -1.592500
vt 0.084343 -1.595442
vt 0.095220 -1.592500
vt 0.000000 -1.592500
vt 0.000000 -1.592500
vt 0.000000 -1.592500
vt 0.000000 -1.592500
vt 0.084343 -1.589558
vt 0.095220 -1.592500
vt 0.000000 -1.592500
vt 0.000000 -1.592500
vt 0.000000 -1.589178
vt 0.084343 -1.589558
vt 0.000000 -1.592500
vt -0.000000 -1.592500
vt -0.084343 -1.589558
vt 0.000000 -1.589178
vt -0.000000 -1.592500
vt -0.000000 -1.592500
vt -0.095220 -1.592500
vt -0.084343 -1.589558
vt -0.000000 -1.592500
vt -0.000000 -1.592500
vt -0.084343 -1.595442
vt -0.095220 -1.592500
vt -0.000000 -1.592500
vt -0.000000 -1.592500
vt -0.000000 -1.595822
vt -0.084343 -1.595442
vt -0.000000 -1.592500
vt 0.000000 -1.592500
vt 0.084343 -1.595442
vt -0.000000 -1.595822
vt 0.000000 -1.592500
vt 0.000000 -1.592500
vt 0.095220 -1.592500
vt 0.084343 -1.595442
vt 0.095220 0.535571
vt 0.084343 0.535571
vt 0.095220 0.540000
vt 0.107500 0.540000
vt 0.084343 0.535571
vt 0.000000 0.535571
vt 0.000000 0.540000
vt 0.095220 0.540000
vt 0.000000 0.535571
vt -0.084343 0.535571
vt -0.095220 0.540000
vt 0.000000 0.540000
vt -0.084343 0.535571
vt -0.095220 0.535571
vt -0.107500 0.540000
vt -0.095220 0.540000
vt -0.095220 0.535571
vt -0.084343 0.535571
vt -0.095220 0.540000
vt -0.107500 0.540000
vt -0.084343 0.535571
vt -0.000000 0.535571
vt -0.000000 0.540000
vt -0.095220 0.540000
vt -0.000000 0.535571
vt 0.084343 0.535571
vt 0.095220 0.540000
vt -0.000000 0.540000
vt 0.084343 0.535571
vt 0.095220 0.535571
vt 0.107500 0.540000
vt 0.095220 0.540000
vt 0.107500 0.540000
vt 0.095220 0.540000
vt 0.084343 0.544429
vt 0.095220 0.544429
vt 0.095220 0.540000
vt 0.000000 0.540000
vt 0.000000 0.544429
vt 0.084343 0.544429
vt 0.000000 0.540000
vt -0.095220 0.540000
vt -0.084343 0.544429
vt 0.000000 0.544429
vt -0.095220 0.540000
vt -0.107500 0.540000
vt -0.095220 0.544429
vt -0.084343 0.544429
vt -0.107500 0.540000
vt -0.095220 0.540000
vt -0.084343 0.544429
vt -0.095220 0.544429
vt -0.095220 0.540000
vt -0.000000 0.540000
vt -0.000000 0.544429
vt -0.084343 0.544429
vt -0.000000 0.540000
vt 0.095220 0.540000
vt 0.084343 0.544429
vt -0.000000 0.544429
vt 0.095220 0.540000
vt 0.107500 0.540000
vt 0.095220 0.544429
vt 0.084343 0.544429
vt 0.095220 -1.592500
vt 0.084343 -1.589558
vt 0.000000 -1.592500
vt 0.000000 -1.592500
vt 0.084343 -1.589558
vt 0.000000 -1.589178
vt 0.000000 -1.592500
vt 0.000000 -1.592500
vt 0.000000 -1.589178
vt -0.084343 -1.589558
vt -0.000000 -1.592500
vt 0.000000 -1.592500
vt -0.084343 -1.589558
vt -0.095220 -1.592500
vt -0.000000 -1.592500
vt -0.000000 -1.592500
vt -0.095220 -1.592500
vt -0.084343 -1.595442
vt -0.000000 -1.592500
vt -0.000000 -1.592500
vt -0.084343 -1.595442
vt -0.000000 -1.595822
vt -0.000000 -1.592500
vt -0.000000 -1.592500
vt -0.000000 -1.595822
vt 0.084343 -1.595442
vt 0.000000 -1.592500
vt -0.000000 -1.592500
vt 0.084343 -1.595442
vt 0.095220 -1.592500
vt 0.000000 -1.592500
vt 0.000000 -1.592500
vt 0.000000 -1.592500
vt 0.000000 -1.592500
vt 0.084343 -1.589558
vt 0.095220 -1.592500
vt 0.000000 -1.592500
vt 0.000000 -1.592500
vt 0.000000 -1.589178
vt 0.084343 -1.589558
vt 0.000000 -1.592500
vt -0.000000 -1.592500
vt -0.084343 -1.589558
vt 0.000000 -1.589178
vt -0.000000 -1.592500
vt -0.000000 -1.592500
vt -0.095220 -1.592500
vt -0.084343 -1.589558
vt -0.000000 -1.592500
vt -0.000000 -1.592500
vt -0.084343 -1.595442
vt -0.095220 -1.592500
vt -0.000000 -1.592500
vt -0.000000 -1.592500
vt -0.000000 -1.595822
vt -0.084343 -1.595442
vt -0.000000 -1.592500
vt 0.000000 -1.592500
vt 0.084343 -1.595442
vt -0.000000 -1.595822
vt 0.000000 -1.592500
vt 0.000000 -1.592500
vt 0.095220 -1.592500
vt 0.084343 -1.595442
vt 0.095220 0.570571
vt 0.084343 0.570571
vt 0.095220 0.575000
vt 0.107500 0.575000
vt 0.084343 0.570571
vt 0.000000 0.570571
vt 0.000000 0.575000
vt 0.095220 0.575000
vt 0.000000 0.570571
vt -0.084343 0.570571
vt -0.095220 0.575000
vt 0.000000 0.575000
vt -0.084343 0.570571
vt -0.095220 0.570571
vt -0.107500 0.575000
vt -0.095220 0.575000
vt -0.095220 0.570571
vt -0.084343 0.570571
vt -0.095220 0.575000
vt -0.107500 0.575000
vt -0.084343 0.570571
vt -0.000000 0.570571
vt -0.000000 0.575000
vt -0.095220 0.575000
vt -0.000000 0.570571
vt 0.084343 0.570571
vt 0.095220 0.575000
vt -0.000000 0.575000
vt 0.084343 0.570571
vt 0.095220 0.570571
vt 0.107500 0.575000
vt 0.095220 0.575000
vt 0.107500 0.575000
vt 0.095220 0.575000
vt 0.084343 0.579429
vt 0.095220 0.579429
vt 0.095220 0.575000
vt 0.000000 0.575000
vt 0.000000 0.579429
vt 0.084343 0.579429
vt 0.000000 0.575000
vt -0.095220 0.575000
vt -0.084343 0.579429
vt 0.000000 0.579429
vt -0.095220 0.575000
vt -0.107500 0.575000
vt -0.095220 0.579429
vt -0.084343 0.579429
vt -0.107500 0.575000
vt -0.095220 0.575000
vt -0.084343 0.579429
vt -0.095220 0.579429
vt -0.095220 0.575000
vt -0.000000 0.575000
vt -0.000000 0.579429
vt -0.084343 0.579429
vt -0.000000 0.575000
vt 0.095220 0.575000
vt 0.084343 0.579429
vt -0.000000 0.579429
vt 0.095220 0.575000
vt 0.107500 0.575000
vt 0.095220 0.579429
vt 0.084343 0.579429
vt 0.095220 -1.592500
vt 0.084343 -1.589558
vt 0.000000 -1.592500
vt 0.000000 -1.592500
vt 0.084343 -1.589558
vt 0.000000 -1.589178
vt 0.000000 -1.592500
vt 0.000000 -1.592500
vt 0.000000 -1.589178
vt -0.084343 -1.589558
vt -0.000000 -1.592500
vt 0.000000 -1.592500
vt -0.084343 -1.589558
vt -0.095220 -1.592500
vt -0.000000 -1.592500
vt -0.000000 -1.592500
vt -0.095220 -1.592500
vt -0.084343 -1.595442
vt -0.000000 -1.592500
vt -0.000000 -1.592500
vt -0.084343 -1.595442
vt -0.000000 -1.595822
vt -0.000000 -1.592500
vt -0.000000 -1.592500
vt -0.000000 -1.595822
vt 0.084343 -1.595442
vt 0.000000 -1.592500
vt -0.000000 -1.592500
vt 0.084343 -1.595442
vt 0.095220 -1.592500
vt 0.000000 -1.592500
vt 0.000000 -1.592500
vt 0.124001 0.250000
vt 0.124001 0.250098
vt 0.125625 0.391304
vt 0.125650 0.250000
vt 0.124001 0.250098
vt 0.124001 0.250111
vt 0.125540 0.409766
vt 0.125625 0.391304
vt 0.124001 0.250111
vt 0.124001 0.250117
vt 0.125362 0.418542
vt 0.125540 0.409766
vt 0.124001 0.250117
vt 0.124000 0.250119
vt 0.124001 0.421232
vt 0.125362 0.418542
vt 0.124000 0.250119
vt 0.123999 0.250117
vt 0.122638 0.418542
vt 0.124001 0.421232
vt 0.123999 0.250117
vt 0.123999 0.250111
vt 0.122460 0.409766
vt 0.122638 0.418542
vt 0.123999 0.250111
vt 0.123999 0.250098
vt 0.122375 0.391304
vt 0.122460 0.409766
vt 0.123999 0.250098
vt 0.123999 0.250000
vt 0.122350 0.250113
vt 0.122375 0.391304
vt 0.123999 0.250000
vt 0.123999 0.249902
vt 0.122375 0.108696
vt 0.122350 0.250113
vt 0.123999 0.249902
vt 0.123999 0.249889
vt 0.122460 0.090234
vt 0.122375 0.108696
vt 0.123999 0.249889
vt 0.123999 0.249883
vt 0.122638 0.081458
vt 0.122460 0.090234
vt 0.123999 0.249883
vt 0.124000 0.249881
vt 0.123999 0.078768
vt 0.122638 0.081458
vt 0.124000 0.249881
vt 0.124001 0.249883
vt 0.125362 0.081458
vt 0.123999 0.078768
vt 0.124001 0.249883
vt 0.124001 0.249889
vt 0.125540 0.090234
vt 0.125362 0.081458
vt 0.124001 0.249889
vt 0.124001 0.249902
vt 0.125625 0.108696
vt 0.125540 0.090234
vt 0.124001 0.249902
vt 0.124001 0.250000
vt 0.125650 0.250000
vt 0.125625 0.108696
vt 0.250000 0.458168
vt 0.391304 0.458168
vt 0.409766 0.460346
vt 0.250000 0.460346
vt 0.391304 0.458168
vt 0.409766 0.458168
vt 0.430639 0.460346
vt 0.409766 0.460346
vt 0.409766 0.458168
vt 0.418542 0.458168
vt 0.440563 0.460346
vt 0.430639 0.460346
vt 0.125362 0.418542
vt 0.124001 0.421232
vt 0.124001 0.443604
vt 0.125540 0.440563
vt 0.124001 0.421232
vt 0.122638 0.418542
vt 0.122460 0.440563
vt 0.124001 0.443604
vt 0.418542 0.458168
vt 0.409766 0.458168
vt 0.430639 0.460346
vt 0.440563 0.460346
vt 0.409766 0.458168
vt 0.391304 0.458168
vt 0.409766 0.460346
vt 0.430639 0.460346
vt 0.391304 0.458168
vt 0.250113 0.458168
vt 0.250127 0.460346
vt 0.409766 0.460346
vt 0.250113 0.458168
vt 0.108696 0.458168
vt 0.090234 0.460346
vt 0.250127 0.460346
vt 0.108696 0.458168
vt 0.090234 0.458168
vt 0.069361 0.460346
vt 0.090234 0.460346
vt 0.090234 0.458168
vt 0.081458 0.458168
vt 0.059437 0.460346
vt 0.069361 0.460346
vt 0.122638 0.081458
vt 0.123999 0.078768
vt 0.123999 0.056396
vt 0.122460 0.059437
vt 0.123999 0.078768
vt 0.125362 0.081458
vt 0.125540 0.059437
vt 0.123999 0.056396
vt 0.081458 0.458168
vt 0.090234 0.458168
vt 0.069361 0.460346
vt 0.059437 0.460346
vt 0.090234 0.458168
vt 0.108696 0.458168
vt 0.090234 0.460346
vt 0.069361 0.460346
vt 0.108696 0.458168
vt 0.250000 0.458168
vt 0.250000 0.460346
vt 0.090234 0.460346
vt 0.250000 0.460346
vt 0.409766 0.460346
vt 0.418542 0.464928
vt 0.250000 0.464928
vt 0.409766 0.460346
vt 0.430639 0.460346
vt 0.440563 0.464928
vt 0.418542 0.464928
vt 0.430639 0.460346
vt 0.440563 0.460346
vt 0.451032 0.464928
vt 0.440563 0.464928
vt 0.125540 0.440563
vt 0.124001 0.443604
vt 0.124001 0.454240
vt 0.125625 0.451032
vt 0.124001 0.443604
vt 0.122460 0.440563
vt 0.122375 0.451032
vt 0.124001 0.454240
vt 0.440563 0.460346
vt 0.430639 0.460346
vt 0.440563 0.464928
vt 0.451032 0.464928
vt 0.430639 0.460346
vt 0.409766 0.460346
vt 0.418542 0.464928
vt 0.440563 0.464928
vt 0.409766 0.460346
vt 0.250127 0.460346
vt 0.250134 0.464928
vt 0.418542 0.464928
vt 0.250127 0.460346
vt 0.090234 0.460346
vt 0.081458 0.464928
vt 0.250134 0.464928
vt 0.090234 0.460346
vt 0.069361 0.460346
vt 0.059437 0.464928
vt 0.081458 0.464928
vt 0.069361 0.460346
vt 0.059437 0.460346
vt 0.048968 0.464928
vt 0.059437 0.464928
vt 0.122460 0.059437
vt 0.123999 0.056396
vt 0.123999 0.045760
vt 0.122375 0.048968
vt 0.123999 0.056396
vt 0.125540 0.059437
vt 0.125625 0.048968
vt 0.123999 0.045760
vt 0.059437 0.460346
vt 0.069361 0.460346
vt 0.059437 0.464928
vt 0.048968 0.464928
vt 0.069361 0.460346
vt 0.090234 0.460346
vt 0.081458 0.464928
vt 0.059437 0.464928
vt 0.090234 0.460346
vt 0.250000 0.460346
vt 0.250000 0.464928
vt 0.081458 0.464928
vt 0.250000 0.464928
vt 0.418542 0.464928
vt 0.421232 0.500000
vt 0.250000 0.500000
vt 0.418542 0.464928
vt 0.440563 0.464928
vt 0.443604 0.500000
vt 0.421232 0.500000
vt 0.440563 0.464928
vt 0.451032 0.464928
vt 0.454240 0.500000
vt 0.443604 0.500000
vt 0.451032 0.464928
vt 0.454240 0.464928
vt 0.457500 0.500000
vt 0.454240 0.500000
vt 0.454240 0.464928
vt 0.451032 0.464928
vt 0.454240 0.500000
vt 0.457500 0.500000
vt 0.451032 0.464928
vt 0.440563 0.464928
vt 0.443604 0.500000
vt 0.454240 0.500000
vt 0.440563 0.464928
vt 0.418542 0.464928
vt 0.421232 0.500000
vt 0.443604 0.500000
vt 0.418542 0.464928
vt 0.250134 0.464928
vt 0.250136 0.500000
vt 0.421232 0.500000
vt 0.250134 0.464928
vt 0.081458 0.464928
vt 0.078768 0.500000
vt 0.250136 0.500000
vt 0.081458 0.464928
vt 0.059437 0.464928
vt 0.056396 0.500000
vt 0.078768 0.500000
vt 0.059437 0.464928
vt 0.048968 0.464928
vt 0.045760 0.500000
vt 0.056396 0.500000
vt 0.048968 0.464928
vt 0.045760 0.464928
vt 0.042500 0.500000
vt 0.045760 0.500000
vt 0.045760 0.464928
vt 0.048968 0.464928
vt 0.045760 0.500000
vt 0.042500 0.500000
vt 0.048968 0.464928
vt 0.059437 0.464928
vt 0.056396 0.500000
vt 0.045760 0.500000
vt 0.059437 0.464928
vt 0.081458 0.464928
vt 0.078768 0.500000
vt 0.056396 0.500000
vt 0.081458 0.464928
vt 0.250000 0.464928
vt 0.250000 0.500000
vt 0.078768 0.500000
vt 0.250000 0.500000
vt 0.421232 0.500000
vt 0.418542 0.535072
vt 0.250000 0.535072
vt 0.421232 0.500000
vt 0.443604 0.500000
vt 0.440563 0.535072
vt 0.418542 0.535072
vt 0.443604 0.500000
vt 0.454240 0.500000
vt 0.451032 0.535072
vt 0.440563 0.535072
vt 0.454240 0.500000
vt 0.457500 0.500000
vt 0.454240 0.535072
vt 0.451032 0.535072
vt 0.457500 0.500000
vt 0.454240 0.500000
vt 0.451032 0.535072
vt 0.454240 0.535072
vt 0.454240 0.500000
vt 0.443604 0.500000
vt 0.440563 0.535072
vt 0.451032 0.535072
vt 0.443604 0.500000
vt 0.421232 0.500000
vt 0.418542 0.535072
vt 0.440563 0.535072
vt 0.421232 0.500000
vt 0.250136 0.500000
vt 0.250134 0.535072
vt 0.418542 0.535072
vt 0.250136 0.500000
vt 0.078768 0.500000
vt 0.081458 0.535072
vt 0.250134 0.535072
vt 0.078768 0.500000
vt 0.056396 0.500000
vt 0.059437 0.535072
vt 0.081458 0.535072
vt 0.056396 0.500000
vt 0.045760 0.500000
vt 0.048968 0.535072
vt 0.059437 0.535072
vt 0.045760 0.500000
vt 0.042500 0.500000
vt 0.045760 0.535072
vt 0.048968 0.535072
vt 0.042500 0.500000
vt 0.045760 0.500000
vt 0.048968 0.535072
vt 0.045760 0.535072
vt 0.045760 0.500000
vt 0.056396 0.500000
vt 0.059437 0.535072
vt 0.048968 0.535072
vt 0.056396 0.500000
vt 0.078768 0.500000
vt 0.081458 0.535072
vt 0.059437 0.535072
vt 0.078768 0.500000
vt 0.250000 0.500000
vt 0.250000 0.535072
vt 0.081458 0.535072
vt 0.250000 0.535072
vt 0.418542 0.535072
vt 0.409766 0.539654
vt 0.250000 0.539654
vt 0.418542 0.535072
vt 0.440563 0.535072
vt 0.430639 0.539654
vt 0.409766 0.539654
vt 0.440563 0.535072
vt 0.451032 0.535072
vt 0.440563 0.539654
vt 0.430639 0.539654
vt 0.125625 0.451032
vt 0.124001 0.454240
vt 0.124001 0.443604
vt 0.125540 0.440563
vt 0.124001 0.454240
vt 0.122375 0.451032
vt 0.122460 0.440563
vt 0.124001 0.443604
vt 0.451032 0.535072
vt 0.440563 0.535072
vt 0.430639 0.539654
vt 0.440563 0.539654
vt 0.440563 0.535072
vt 0.418542 0.535072
vt 0.409766 0.539654
vt 0.430639 0.539654
vt 0.418542 0.535072
vt 0.250134 0.535072
vt 0.250127 0.539654
vt 0.409766 0.539654
vt 0.250134 0.535072
vt 0.081458 0.535072
vt 0.090234 0.539654
vt 0.250127 0.539654
vt 0.081458 0.535072
vt 0.059437 0.535072
vt 0.069361 0.539654
vt 0.090234 0.539654
vt 0.059437 0.535072
vt 0.048968 0.535072
vt 0.059437 0.539654
vt 0.069361 0.539654
vt 0.122375 0.048968
vt 0.123999 0.045760
vt 0.123999 0.056396
vt 0.122460 0.059437
vt 0.123999 0.045760
vt 0.125625 0.048968
vt 0.125540 0.059437
vt 0.123999 0.056396
vt 0.048968 0.535072
vt 0.059437 0.535072
vt 0.069361 0.539654
vt 0.059437 0.539654
vt 0.059437 0.535072
vt 0.081458 0.535072
vt 0.090234 0.539654
vt 0.069361 0.539654
vt 0.081458 0.535072
vt 0.250000 0.535072
vt 0.250000 0.539654
vt 0.090234 0.539654
vt 0.250000 0.539654
vt 0.409766 0.539654
vt 0.391304 0.541832
vt 0.250000 0.541832
vt 0.409766 0.539654
vt 0.430639 0.539654
vt 0.409766 0.541832
vt 0.391304 0.541832
vt 0.430639 0.539654
vt 0.440563 0.539654
vt 0.418542 0.541832
vt 0.409766 0.541832
vt 0.125540 0.440563
vt 0.124001 0.443604
vt 0.124001 0.421232
vt 0.125362 0.418542
vt 0.124001 0.443604
vt 0.122460 0.440563
vt 0.122638 0.418542
vt 0.124001 0.421232
vt 0.440563 0.539654
vt 0.430639 0.539654
vt 0.409766 0.541832
vt 0.418542 0.541832
vt 0.430639 0.539654
vt 0.409766 0.539654
vt 0.391304 0.541832
vt 0.409766 0.541832
vt 0.409766 0.539654
vt 0.250127 0.539654
vt 0.250113 0.541832
vt 0.391304 0.541832
vt 0.250127 0.539654
vt 0.090234 0.539654
vt 0.108696 0.541832
vt 0.250113 0.541832
vt 0.090234 0.539654
vt 0.069361 0.539654
vt 0.090234 0.541832
vt 0.108696 0.541832
vt 0.069361 0.539654
vt 0.059437 0.539654
vt 0.081458 0.541832
vt 0.090234 0.541832
vt 0.122460 0.059437
vt 0.123999 0.056396
vt 0.123999 0.078768
vt 0.122638 0.081458
vt 0.123999 0.056396
vt 0.125540 0.059437
vt 0.125362 0.081458
vt 0.123999 0.078768
vt 0.059437 0.539654
vt 0.069361 0.539654
vt 0.090234 0.541832
vt 0.081458 0.541832
vt 0.069361 0.539654
vt 0.090234 0.539654
vt 0.108696 0.541832
vt 0.090234 0.541832
vt 0.090234 0.539654
vt 0.250000 0.539654
vt 0.250000 0.541832
vt 0.108696 0.541832
vt 0.125650 0.250000
vt 0.125625 0.391304
vt 0.124001 0.250098
vt 0.124001 0.250000
vt 0.125625 0.391304
vt 0.125540 0.409766
vt 0.124001 0.250111
vt 0.124001 0.250098
vt 0.125540 0.409766
vt 0.125362 0.418542
vt 0.124001 0.250117
vt 0.124001 0.250111
vt 0.125362 0.418542
vt 0.124001 0.421232
vt 0.124000 0.250119
vt 0.124001 0.250117
vt 0.124001 0.421232
vt 0.122638 0.418542
vt 0.123999 0.250117
vt 0.124000 0.250119
vt 0.122638 0.418542
vt 0.122460 0.409766
vt 0.123999 0.250111
vt 0.123999 0.250117
vt 0.122460 0.409766
vt 0.122375 0.391304
vt 0.123999 0.250098
vt 0.123999 0.250111
vt 0.122375 0.391304
vt 0.122350 0.250113
vt 0.123999 0.250000
vt 0.123999 0.250098
vt 0.122350 0.250113
vt 0.122375 0.108696
vt 0.123999 0.249902
vt 0.123999 0.250000
vt 0.122375 0.108696
vt 0.122460 0.090234
vt 0.123999 0.249889
vt 0.123999 0.249902
vt 0.122460 0.090234
vt 0.122638 0.081458
vt 0.123999 0.249883
vt 0.123999 0.249889
vt 0.122638 0.081458
vt 0.123999 0.078768
vt 0.124000 0.249881
vt 0.123999 0.249883
vt 0.123999 0.078768
vt 0.125362 0.081458
vt 0.124001 0.249883
vt 0.124000 0.249881
vt 0.125362 0.081458
vt 0.125540 0.090234
vt 0.124001 0.249889
vt 0.124001 0.249883
vt 0.125540 0.090234
vt 0.125625 0.108696
vt 0.124001 0.249902
vt 0.124001 0.249889
vt 0.125625 0.108696
vt 0.125650 0.250000
vt 0.124001 0.250000
vt 0.124001 0.249902
f 17/4 18/3 2/2 1/1
f 18/8 19/7 3/6 2/5
f 19/12 20/11 4/10 3/9
f 20/16 21/15 5/14 4/13
f 21/20 22/19 6/18 5/17
f 22/24 23/23 7/22 6/21
f 23/28 24/27 8/26 7/25
f 24/32 25/31 9/30 8/29
f 25/36 26/35 10/34 9/33
f 26/40 27/39 11/38 10/37
f 27/44 28/43 12/42 11/41
f 28/48 29/47 13/46 12/45
f 29/52 30/51 14/50 13/49
f 30/56 31/55 15/54 14/53
f 31/60 32/59 16/58 15/57
f 32/64 17/63 1/62 16/61
f 33/68 34/67 18/66 17/65
f 34/72 35/71 19/70 18/69
f 35/76 36/75 20/74 19/73
f 36/80 37/79 21/78 20/77
f 37/84 38/83 22/82 21/81
f 38/88 39/87 23/86 22/85
f 39/92 40/91 24/90 23/89
f 40/96 41/95 25/94 24/93
f 41/100 42/99 26/98 25/97
f 42/104 43/103 27/102 26/101
f 43/108 44/107 28/106 27/105
f 44/112 45/111 29/110 28/109
f 45/116 46/115 30/114 29/113
f 46/120 47/119 31/118 30/117
f 47/124 48/123 32/122 31/121
f 48/128 33/127 17/126 32/125
f 49/132 50/131 34/130 33/129
f 50/136 51/135 35/134 34/133
f 51/140 52/139 36/138 35/137
f 52/144 53/143 37/142 36/141
f 53/148 54/147 38/146 37/145
f 54/152 55/151 39/150 38/149
f 55/156 56/155 40/154 39/153
f 56/160 57/159 41/158 40/157
f 57/164 58/163 42/162 41/161
f 58/168 59/167 43/166 42/165
f 59/172 60/171 44/170 43/169
f 60/176 61/175 45/174 44/173
f 61/180 62/179 46/178 45/177
f 62/184 63/183 47/182 46/181
f 63/188 64/187 48/186 47/185
f 64/192 49/191 33/190 48/189
f 65/196 66/195 50/194 49/193
f 66/200 67/199 51/198 50/197
f 67/204 68/203 52/202 51/201
f 68/208 69/207 53/206 52/205
f 69/212 70/211 54/210 53/209
f 70/216 71/215 55/214 54/213
f 71/220 72/219 56/218 55/217
f 72/224 73/223 57/222 56/221
f 73/228 74/227 58/226 57/225
f 74/232 75/231 59/230 58/229
f 75/236 76/235 60/234 59/233
f 76/240 77/239 61/238 60/237
f 77/244 78/243 62/242 61/241
f 78/248 79/247 63/246 62/245
f 79/252 80/251 64/250 63/249
f 80/256 65/255 49/254 64/253
f 81/260 82/259 66/258 65/257
f 82/264 83/263 67/262 66/261
f 83/268 84/267 68/266 67/265
f 84/272 85/271 69/270 68/269
f 85/276 86/275 70/274 69/273
f 86/280 87/279 71/278 70/277
f 87/284 88/283 72/282 71/281
f 88/288 89/287 73/286 72/285
f 89/292 90/291 74/290 73/289
f 90/296 91/295 75/294 74/293
f 91/300 92/299 76/298 75/297
f 92/304 93/303 77/302 76/301
f 93/308 94/307 78/306 77/305
f 94/312 95/311 79/310 78/309
f 95/316 96/315 80/314 79/313
f 96/320 81/319 65/318 80/317
f 97/324 98/323 82/322 81/321
f 98/328 99/327 83/326 82/325
f 99/332 100/331 84/330 83/329
f 100/336 101/335 85/334 84/333
f 101/340 102/339 86/338 85/337
f 102/344 103/343 87/342 86/341
f 103/348 104/347 88/346 87/345
f 104/352 105/351 89/350 88/349
f 105/356 106/355 90/354 89/353
f 106/360 107/359 91/358 90/357
f 107/364 108/363 92/362 91/361
f 108/368 109/367 93/366 92/365
f 109/372 110/371 94/370 93/369
f 110/376 111/375 95/374 94/373
f 111/380 112/379 96/378 95/377
f 112/384 97/383 81/382 96/381
f 113/388 114/387 98/386 97/385
f 114/392 115/391 99/390 98/389
f 115/396 116/395 100/394 99/393
f 116/400 117/399 101/398 100/397
f 117/404 118/403 102/402 101/401
f 118/408 119/407 103/406 102/405
f 119/412 120/411 104/410 103/409
f 120/416 121/415 105/414 104/413
f 121/420 122/419 106/418 105/417
f 122/424 123/423 107/422 106/421
f 123/428 124/427 108/426 107/425
f 124/432 125/431 109/430 108/429
f 125/436 126/435 110/434 109/433
f 126/440 127/439 111/438 110/437
f 127/444 128/443 112/442 111/441
f 128/448 113/447 97/446 112/445
f 129/452 130/451 114/450 113/449
f 130/456 131/455 115/454 114/453
f 131/460 132/459 116/458 115/457
f 132/464 133/463 117/462 116/461
f 133/468 134/467 118/466 117/465
f 134/472 135/471 119/470 118/469
f 135/476 136/475 120/474 119/473
f 136/480 137/479 121/478 120/477
f 137/484 138/483 122/482 121/481
f 138/488 139/487 123/486 122/485
f 139/492 140/491 124/490 123/489
f 140/496 141/495 125/494 124/493
f 141/500 142/499 126/498 125/497
f 142/504 143/503 127/502 126/501
f 143/508 144/507 128/506 127/505
f 144/512 129/511 113/510 128/509
f 153/516 154/515 146/514 145/513
f 154/520 155/519 147/518 146/517
f 155/524 156/523 148/522 147/521
f 156/528 157/527 149/526 148/525
f 157/532 158/531 150/530 149/529
f 158/536 159/535 151/534 150/533
f 159/540 160/539 152/538 151/537
f 160/544 153/543 145/542 152/541
f 161/548 162/547 154/546 153/545
f 162/552 163/551 155/550 154/549
f 163/556 164/555 156/554 155/553
f 164/560 165/559 157/558 156/557
f 165/564 166/563 158/562 157/561
f 166/568 167/567 159/566 158/565
f 167/572 168/571 160/570 159/569
f 168/576 161/575 153/574 160/573
f 169/580 170/579 162/578 161/577
f 170/584 171/583 163/582 162/581
f 171/588 172/587 164/586 163/585
f 172/592 173/591 165/590 164/589
f 173/596 174/595 166/594 165/593
f 174/600 175/599 167/598 166/597
f 175/604 176/603 168/602 167/601
f 176/608 169/607 161/606 168/605
f 177/612 178/611 170/610 169/609
f 178/616 179/615 171/614 170/613
f 179/620 180/619 172/618 171/617
f 180/624 181/623 173/622 172/621
f 181/628 182/627 174/626 173/625
f 182/632 183/631 175/630 174/629
f 183/636 184/635 176/634 175/633
f 184/640 177/639 169/638 176/637
f 193/644 194/643 186/642 185/641
f 194/648 195/647 187/646 186/645
f 195/652 196/651 188/650 187/649
f 196/656 197/655 189/654 188/653
f 197/660 198/659 190/658 189/657
f 198/664 199/663 191/662 190/661
f 199/668 200/667 192/666 191/665
f 200/672 193/671 185/670 192/669
f 201/676 202/675 194/674 193/673
f 202/680 203/679 195/678 194/677
f 203/684 204/683 196/682 195/681
f 204/688 205/687 197/686 196/685
f 205/692 206/691 198/690 197/689
f 206/696 207/695 199/694 198/693
f 207/700 208/699 200/698 199/697
f 208/704 201/703 193/702 200/701
f 209/708 210/707 202/706 201/705
f 210/712 211/711 203/710 202/709
f 211/716 212/715 204/714 203/713
f 212/720 213/719 205/718 204/717
f 213/724 214/723 206/722 205/721
f 214/728 215/727 207/726 206/725
f 215/732 216/731 208/730 207/729
f 216/736 209/735 201/734 208/733
f 217/740 218/739 210/738 209/737
f 218/744 219/743 211/742 210/741
f 219/748 220/747 212/746 211/745
f 220/752 221/751 213/750 212/749
f 221/756 222/755 214/754 213/753
f 222/760 223/759 215/758 214/757
f 223/764 224/763 216/762 215/761
f 224/768 217/767 209/766 216/765
f 233/772 234/771 226/770 225/769
f 234/776 235/775 227/774 226/773
f 235/780 236/779 228/778 227/777
f 236/784 237/783 229/782 228/781
f 237/788 238/787 230/786 229/785
f 238/792 239/791 231/790 230/789
f 239/796 240/795 232/794 231/793
f 240/800 233/799 225/798 232/797
f 241/804 242/803 234/802 233/801
f 242/808 243/807 235/806 234/805
f 243/812 244/811 236/810 235/809
f 244/816 245/815 237/814 236/813
f 245/820 246/819 238/818 237/817
f 246/824 247/823 239/822 238/821
f 247/828 248/827 240/826 239/825
f 248/832 241/831 233/830 240/829
f 249/836 250/835 242/834 241/833
f 250/840 251/839 243/838 242/837
f 251/844 252/843 244/842 243/841
f 252/848 253/847 245/846 244/845
f 253/852 254/851 246/850 245/849
f 254/856 255/855 247/854 246/853
f 255/860 256/859 248/858 247/857
f 256/864 249/863 241/862 248/861
f 257/868 258/867 250/866 249/865
f 258/872 259/871 251/870 250/869
f 259/876 260/875 252/874 251/873
f 260/880 261/879 253/878 252/877
f 261/884 262/883 254/882 253/881
f 262/888 263/887 255/886 254/885
f 263/892 264/891 256/890 255/889
f 264/896 257/895 249/894 256/893
f 273/900 274/899 266/898 265/897
f 274/904 275/903 267/902 266/901
f 275/908 276/907 268/906 267/905
f 276/912 277/911 269/910 268/909
f 277/916 278/915 270/914 269/913
f 278/920 279/919 271/918 270/917
f 279/924 280/923 272/922 271/921
f 280/928 273/927 265/926 272/925
f 281/932 282/931 274/930 273/929
f 282/936 283/935 275/934 274/933
f 283/940 284/939 276/938 275/937
f 284/944 285/943 277/942 276/941
f 285/948 286/947 278/946 277/945
f 286/952 287/951 279/950 278/949
f 287/956 288/955 280/954 279/953
f 288/960 281/959 273/958 280/957
f 289/964 290/963 282/962 281/961
f 290/968 291/967 283/966 282/965
f 291/972 292/971 284/970 283/969
f 292/976 293/975 285/974 284/973
f 293/980 294/979 286/978 285/977
f 294/984 295/983 287/982 286/981
f 295/988 296/987 288/986 287/985
f 296/992 289/991 281/990 288/989
f 297/996 298/995 290/994 289/993
f 298/1000 299/999 291/998 290/997
f 299/1004 300/1003 292/1002 291/1001
f 300/1008 301/1007 293/1006 292/1005
f 301/1012 302/1011 294/1010 293/1009
f 302/1016 303/1015 295/1014 294/1013
f 303/1020 304/1019 296/1018 295/1017
f 304/1024 297/1023 289/1022 296/1021
f 313/1028 314/1027 306/1026 305/1025
f 314/1032 315/1031 307/1030 306/1029
f 315/1036 316/1035 308/1034 307/1033
f 316/1040 317/1039 309/1038 308/1037
f 317/1044 318/1043 310/1042 309/1041
f 318/1048 319/1047 311/1046 310/1045
f 319/1052 320/1051 312/1050 311/1049
f 320/1056 313/1055 305/1054 312/1053
f 321/1060 322/1059 314/1058 313/1057
f 322/1064 323/1063 315/1062 314/1061
f 323/1068 324/1067 316/1066 315/1065
f 324/1072 325/1071 317/1070 316/1069
f 325/1076 326/1075 318/1074 317/1073
f 326/1080 327/1079 319/1078 318/1077
f 327/1084 328/1083 320/1082 319/1081
f 328/1088 321/1087 313/1086 320/1085
f 329/1092 330/1091 322/1090 321/1089
f 330/1096 331/1095 323/1094 322/1093
f 331/1100 332/1099 324/1098 323/1097
f 332/1104 333/1103 325/1102 324/1101
f 333/1108 334/1107 326/1106 325/1105
f 334/1112 335/1111 327/1110 326/1109
f 335/1116 336/1115 328/1114 327/1113
f 336/1120 329/1119 321/1118 328/1117
f 337/1124 338/1123 330/1122 329/1121
f 338/1128 339/1127 331/1126 330/1125
f 339/1132 340/1131 332/1130 331/1129
f 340/1136 341/1135 333/1134 332/1133
f 341/1140 342/1139 334/1138 333/1137
f 342/1144 343/1143 335/1142 334/1141
f 343/1148 344/1147 336/1146 335/1145
f 344/1152 337/1151 329/1150 336/1149
f 353/1156 354/1155 346/1154 345/1153
f 354/1160 355/1159 347/1158 346/1157
f 355/1164 356/1163 348/1162 347/1161
f 356/1168 357/1167 349/1166 348/1165
f 357/1172 358/1171 350/1170 349/1169
f 358/1176 359/1175 351/1174 350/1173
f 359/1180 360/1179 352/1178 351/1177
f 360/1184 353/1183 345/1182 352/1181
f 361/1188 362/1187 354/1186 353/1185
f 362/1192 363/1191 355/1190 354/1189
f 363/1196 364/1195 356/1194 355/1193
f 364/1200 365/1199 357/1198 356/1197
f 365/1204 366/1203 358/1202 357/1201
f 366/1208 367/1207 359/1206 358/1205
f 367/1212 368/1211 360/1210 359/1209
f 368/1216 361/1215 353/1214 360/1213
f 369/1220 370/1219 362/1218 361/1217
f 370/1224 371/1223 363/1222 362/1221
f 371/1228 372/1227 364/1226 363/1225
f 372/1232 373/1231 365/1230 364/1229
f 373/1236 374/1235 366/1234 365/1233
f 374/1240 375/1239 367/1238 366/1237
f 375/1244 376/1243 368/1242 367/1241
f 376/1248 369/1247 361/1246 368/1245
f 377/1252 378/1251 370/1250 369/1249
f 378/1256 379/1255 371/1254 370/1253
f 379/1260 380/1259 372/1258 371/1257
f 380/1264 381/1263 373/1262 372/1261
f 381/1268 382/1267 374/1266 373/1265
f 382/1272 383/1271 375/1270 374/1269
f 383/1276 384/1275 376/1274 375/1273
f 384/1280 377/1279 369/1278 376/1277
f 393/1284 394/1283 386/1282 385/1281
f 394/1288 395/1287 387/1286 386/1285
f 395/1292 396/1291 388/1290 387/1289
f 396/1296 397/1295 389/1294 388/1293
f 397/1300 398/1299 390/1298 389/1297
f 398/1304 399/1303 391/1302 390/1301
f 399/1308 400/1307 392/1306 391/1305
f 400/1312 393/1311 385/1310 392/1309
f 401/1316 402/1315 394/1314 393/1313
f 402/1320 403/1319 395/1318 394/1317
f 403/1324 404/1323 396/1322 395/1321
f 404/1328 405/1327 397/1326 396/1325
f 405/1332 406/1331 398/1330 397/1329
f 406/1336 407/1335 399/1334 398/1333
f 407/1340 408/1339 400/1338 399/1337
f 408/1344 401/1343 393/1342 400/1341
f 409/1348 410/1347 402/1346 401/1345
f 410/1352 411/1351 403/1350 402/1349
f 411/1356 412/1355 404/1354 403/1353
f 412/1360 413/1359 405/1358 404/1357
f 413/1364 414/1363 406/1362 405/1361
f 414/1368 415/1367 407/1366 406/1365
f 415/1372 416/1371 408/1370 407/1369
f 416/1376 409/1375 401/1374 408/1373
f 417/1380 418/1379 410/1378 409/1377
f 418/1384 419/1383 411/1382 410/1381
f 419/1388 420/1387 412/1386 411/1385
f 420/1392 421/1391 413/1390 412/1389
f 421/1396 422/1395 414/1394 413/1393
f 422/1400 423/1399 415/1398 414/1397
f 423/1404 424/1403 416/1402 415/1401
f 424/1408 417/1407 409/1406 416/1405
f 433/1412 434/1411 426/1410 425/1409
f 434/1416 435/1415 427/1414 426/1413
f 435/1420 436/1419 428/1418 427/1417
f 436/1424 437/1423 429/1422 428/1421
f 437/1428 438/1427 430/1426 429/1425
f 438/1432 439/1431 431/1430 430/1429
f 439/1436 440/1435 432/1434 431/1433
f 440/1440 433/1439 425/1438 432/1437
f 441/1444 442/1443 434/1442 433/1441
f 442/1448 443/1447 435/1446 434/1445
f 443/1452 444/1451 436/1450 435/1449
f 444/1456 445/1455 437/1454 436/1453
f 445/1460 446/1459 438/1458 437/1457
f 446/1464 447/1463 439/1462 438/1461
f 447/1468 448/1467 440/1466 439/1465
f 448/1472 441/1471 433/1470 440/1469
f 449/1476 450/1475 442/1474 441/1473
f 450/1480 451/1479 443/1478 442/1477
f 451/1484 452/1483 444/1482 443/1481
f 452/1488 453/1487 445/1486 444/1485
f 453/1492 454/1491 446/1490 445/1489
f 454/1496 455/1495 447/1494 446/1493
f 455/1500 456/1499 448/1498 447/1497
f 456/1504 449/1503 441/1502 448/1501
f 457/1508 458/1507 450/1506 449/1505
f 458/1512 459/1511 451/1510 450/1509
f 459/1516 460/1515 452/1514 451/1513
f 460/1520 461/1519 453/1518 452/1517
f 461/1524 462/1523 454/1522 453/1521
f 462/1528 463/1527 455/1526 454/1525
f 463/1532 464/1531 456/1530 455/1529
f 464/1536 457/1535 449/1534 456/1533
f 473/1540 474/1539 466/1538 465/1537
f 474/1544 475/1543 467/1542 466/1541
f 475/1548 476/1547 468/1546 467/1545
f 476/1552 477/1551 469/1550 468/1549
f 477/1556 478/1555 470/1554 469/1553
f 478/1560 479/1559 471/1558 470/1557
f 479/1564 480/1563 472/1562 471/1561
f 480/1568 473/1567 465/1566 472/1565
f 481/1572 482/1571 474/1570 473/1569
f 482/1576 483/1575 475/1574 474/1573
f 483/1580 484/1579 476/1578 475/1577
f 484/1584 485/1583 477/1582 476/1581
f 485/1588 486/1587 478/1586 477/1585
f 486/1592 487/1591 479/1590 478/1589
f 487/1596 488/1595 480/1594 479/1593
f 488/1600 481/1599 473/1598 480/1597
f 489/1604 490/1603 482/1602 481/1601
f 490/1608 491/1607 483/1606 482/1605
f 491/1612 492/1611 484/1610 483/1609
f 492/1616 493/1615 485/1614 484/1613
f 493/1620 494/1619 486/1618 485/1617
f 494/1624 495/1623 487/1622 486/1621
f 495/1628 496/1627 488/1626 487/1625
f 496/1632 489/1631 481/1630 488/1629
f 497/1636 498/1635 490/1634 489/1633
f 498/1640 499/1639 491/1638 490/1637
f 499/1644 500/1643 492/1642 491/1641
f 500/1648 501/1647 493/1646 492/1645
f 501/1652 502/1651 494/1650 493/1649
f 502/1656 503/1655 495/1654 494/1653
f 503/1660 504/1659 496/1658 495/1657
f 504/1664 497/1663 489/1662 496/1661
f 513/1668 514/1667 506/1666 505/1665
f 514/1672 515/1671 507/1670 506/1669
f 515/1676 516/1675 508/1674 507/1673
f 516/1680 517/1679 509/1678 508/1677
f 517/1684 518/1683 510/1682 509/1681
f 518/1688 519/1687 511/1686 510/1685
f 519/1692 520/1691 512/1690 511/1689
f 520/1696 513/1695 505/1694 512/1693
f 521/1700 522/1699 514/1698 513/1697
f 522/1704 523/1703 515/1702 514/1701
f 523/1708 524/1707 516/1706 515/1705
f 524/1712 525/1711 517/1710 516/1709
f 525/1716 526/1715 518/1714 517/1713
f 526/1720 527/1719 519/1718 518/1717
f 527/1724 528/1723 520/1722 519/1721
f 528/1728 521/1727 513/1726 520/1725
f 529/1732 530/1731 522/1730 521/1729
f 530/1736 531/1735 523/1734 522/1733
f 531/1740 532/1739 524/1738 523/1737
f 532/1744 533/1743 525/1742 524/1741
f 533/1748 534/1747 526/1746 525/1745
f 534/1752 535/1751 527/1750 526/1749
f 535/1756 536/1755 528/1754 527/1753
f 536/1760 529/1759 521/1758 528/1757
f 537/1764 538/1763 530/1762 529/1761
f 538/1768 539/1767 531/1766 530/1765
f 539/1772 540/1771 532/1770 531/1769
f 540/1776 541/1775 533/1774 532/1773
f 541/1780 542/1779 534/1778 533/1777
f 542/1784 543/1783 535/1782 534/1781
f 543/1788 544/1787 536/1786 535/1785
f 544/1792 537/1791 529/1790 536/1789
f 553/1796 554/1795 546/1794 545/1793
f 554/1800 555/1799 547/1798 546/1797
f 555/1804 556/1803 548/1802 547/1801
f 556/1808 557/1807 549/1806 548/1805
f 557/1812 558/1811 550/1810 549/1809
f 558/1816 559/1815 551/1814 550/1813
f 559/1820 560/1819 552/1818 551/1817
f 560/1824 553/1823 545/1822 552/1821
f 561/1828 562/1827 554/1826 553/1825
f 562/1832 563/1831 555/1830 554/1829
f 563/1836 564/1835 556/1834 555/1833
f 564/1840 565/1839 557/1838 556/1837
f 565/1844 566/1843 558/1842 557/1841
f 566/1848 567/1847 559/1846 558/1845
f 567/1852 568/1851 560/1850 559/1849
f 568/1856 561/1855 553/1854 560/1853
f 569/1860 570/1859 562/1858 561/1857
f 570/1864 571/1863 563/1862 562/1861
f 571/1868 572/1867 564/1866 563/1865
f 572/1872 573/1871 565/1870 564/1869
f 573/1876 574/1875 566/1874 565/1873
f 574/1880 575/1879 567/1878 566/1877
f 575/1884 576/1883 568/1882 567/1881
f 576/1888 569/1887 561/1886 568/1885
f 577/1892 578/1891 570/1890 569/1889
f 578/1896 579/1895 571/1894 570/1893
f 579/1900 580/1899 572/1898 571/1897
f 580/1904 581/1903 573/1902 572/1901
f 581/1908 582/1907 574/1906 573/1905
f 582/1912 583/1911 575/1910 574/1909
f 583/1916 584/1915 576/1914 575/1913
f 584/1920 577/1919 569/1918 576/1917
f 593/1924 594/1923 586/1922 585/1921
f 594/1928 595/1927 587/1926 586/1925
f 595/1932 596/1931 588/1930 587/1929
f 596/1936 597/1935 589/1934 588/1933
f 597/1940 598/1939 590/1938 589/1937
f 598/1944 599/1943 591/1942 590/1941
f 599/1948 600/1947 592/1946 591/1945
f 600/1952 593/1951 585/1950 592/1949
f 601/1956 602/1955 594/1954 593/1953
f 602/1960 603/1959 595/1958 594/1957
f 603/1964 604/1963 596/1962 595/1961
f 604/1968 605/1967 597/1966 596/1965
f 605/1972 606/1971 598/1970 597/1969
f 606/1976 607/1975 599/1974 598/1973
f 607/1980 608/1979 600/1978 599/1977
f 608/1984 601/1983 593/1982 600/1981
f 609/1988 610/1987 602/1986 601/1985
f 610/1992 611/1991 603/1990 602/1989
f 611/1996 612/1995 604/1994 603/1993
f 612/2000 613/1999 605/1998 604/1997
f 613/2004 614/2003 606/2002 605/2001
f 614/2008 615/2007 607/2006 606/2005
f 615/2012 616/2011 608/2010 607/2009
f 616/2016 609/2015 601/2014 608/2013
f 617/2020 618/2019 610/2018 609/2017
f 618/2024 619/2023 611/2022 610/2021
f 619/2028 620/2027 612/2026 611/2025
f 620/2032 621/2031 613/2030 612/2029
f 621/2036 622/2035 614/2034 613/2033
f 622/2040 623/2039 615/2038 614/2037
f 623/2044 624/2043 616/2042 615/2041
f 624/2048 617/2047 609/2046 616/2045
f 633/2052 634/2051 626/2050 625/2049
f 634/2056 635/2055 627/2054 626/2053
f 635/2060 636/2059 628/2058 627/2057
f 636/2064 637/2063 629/2062 628/2061
f 637/2068 638/2067 630/2066 629/2065
f 638/2072 639/2071 631/2070 630/2069
f 639/2076 640/2075 632/2074 631/2073
f 640/2080 633/2079 625/2078 632/2077
f 641/2084 642/2083 634/2082 633/2081
f 642/2088 643/2087 635/2086 634/2085
f 643/2092 644/2091 636/2090 635/2089
f 644/2096 645/2095 637/2094 636/2093
f 645/2100 646/2099 638/2098 637/2097
f 646/2104 647/2103 639/2102 638/2101
f 647/2108 648/2107 640/2106 639/2105
f 648/2112 641/2111 633/2110 640/2109
f 649/2116 650/2115 642/2114 641/2113
f 650/2120 651/2119 643/2118 642/2117
f 651/2124 652/2123 644/2122 643/2121
f 652/2128 653/2127 645/2126 644/2125
f 653/2132 654/2131 646/2130 645/2129
f 654/2136 655/2135 647/2134 646/2133
f 655/2140 656/2139 648/2138 647/2137
f 656/2144 649/2143 641/2142 648/2141
f 657/2148 658/2147 650/2146 649/2145
f 658/2152 659/2151 651/2150 650/2149
f 659/2156 660/2155 652/2154 651/2153
f 660/2160 661/2159 653/2158 652/2157
f 661/2164 662/2163 654/2162 653/2161
f 662/2168 663/2167 655/2166 654/2165
f 663/2172 664/2171 656/2170 655/2169
f 664/2176 657/2175 649/2174 656/2173
f 673/2180 674/2179 666/2178 665/2177
f 674/2184 675/2183 667/2182 666/2181
f 675/2188 676/2187 668/2186 667/2185
f 676/2192 677/2191 669/2190 668/2189
f 677/2196 678/2195 670/2194 669/2193
f 678/2200 679/2199 671/2198 670/2197
f 679/2204 680/2203 672/2202 671/2201
f 680/2208 673/2207 665/2206 672/2205
f 681/2212 682/2211 674/2210 673/2209
f 682/2216 683/2215 675/2214 674/2213
f 683/2220 684/2219 676/2218 675/2217
f 684/2224 685/2223 677/2222 676/2221
f 685/2228 686/2227 678/2226 677/2225
f 686/2232 687/2231 679/2230 678/2229
f 687/2236 688/2235 680/2234 679/2233
f 688/2240 681/2239 673/2238 680/2237
f 689/2244 690/2243 682/2242 681/2241
f 690/2248 691/2247 683/2246 682/2245
f 691/2252 692/2251 684/2250 683/2249
f 692/2256 693/2255 685/2254 684/2253
f 693/2260 694/2259 686/2258 685/2257
f 694/2264 695/2263 687/2262 686/2261
f 695/2268 696/2267 688/2266 687/2265
f 696/2272 689/2271 681/2270 688/2269
f 697/2276 698/2275 690/2274 689/2273
f 698/2280 699/2279 691/2278 690/2277
f 699/2284 700/2283 692/2282 691/2281
f 700/2288 701/2287 693/2286 692/2285
f 701/2292 702/2291 694/2290 693/2289
f 702/2296 703/2295 695/2294 694/2293
f 703/2300 704/2299 696/2298 695/2297
f 704/2304 697/2303 689/2302 696/2301
f 713/2308 714/2307 706/2306 705/2305
f 714/2312 715/2311 707/2310 706/2309
f 715/2316 716/2315 708/2314 707/2313
f 716/2320 717/2319 709/2318 708/2317
f 717/2324 718/2323 710/2322 709/2321
f 718/2328 719/2327 711/2326 710/2325
f 719/2332 720/2331 712/2330 711/2329
f 720/2336 713/2335 705/2334 712/2333
f 721/2340 722/2339 714/2338 713/2337
f 722/2344 723/2343 715/2342 714/2341
f 723/2348 724/2347 716/2346 715/2345
f 724/2352 725/2351 717/2350 716/2349
f 725/2356 726/2355 718/2354 717/2353
f 726/2360 727/2359 719/2358 718/2357
f 727/2364 728/2363 720/2362 719/2361
f 728/2368 721/2367 713/2366 720/2365
f 729/2372 730/2371 722/2370 721/2369
f 730/2376 731/2375 723/2374 722/2373
f 731/2380 732/2379 724/2378 723/2377
f 732/2384 733/2383 725/2382 724/2381
f 733/2388 734/2387 726/2386 725/2385
f 734/2392 735/2391 727/2390 726/2389
f 735/2396 736/2395 728/2394 727/2393
f 736/2400 729/2399 721/2398 728/2397
f 737/2404 738/2403 730/2402 729/2401
f 738/2408 739/2407 731/2406 730/2405
f 739/2412 740/2411 732/2410 731/2409
f 740/2416 741/2415 733/2414 732/2413
f 741/2420 742/2419 734/2418 733/2417
f 742/2424 743/2423 735/2422 734/2421
f 743/2428 744/2427 736/2426 735/2425
f 744/2432 737/2431 729/2430 736/2429
f 753/2436 754/2435 746/2434 745/2433
f 754/2440 755/2439 747/2438 746/2437
f 755/2444 756/2443 748/2442 747/2441
f 756/2448 757/2447 749/2446 748/2445
f 757/2452 758/2451 750/2450 749/2449
f 758/2456 759/2455 751/2454 750/2453
f 759/2460 760/2459 752/2458 751/2457
f 760/2464 753/2463 745/2462 752/2461
f 761/2468 762/2467 754/2466 753/2465
f 762/2472 763/2471 755/2470 754/2469
f 763/2476 764/2475 756/2474 755/2473
f 764/2480 765/2479 757/2478 756/2477
f 765/2484 766/2483 758/2482 757/2481
f 766/2488 767/2487 759/2486 758/2485
f 767/2492 768/2491 760/2490 759/2489
f 768/2496 761/2495 753/2494 760/2493
f 769/2500 770/2499 762/2498 761/2497
f 770/2504 771/2503 763/2502 762/2501
f 771/2508 772/2507 764/2506 763/2505
f 772/2512 773/2511 765/2510 764/2509
f 773/2516 774/2515 766/2514 765/2513
f 774/2520 775/2519 767/2518 766/2517
f 775/2524 776/2523 768/2522 767/2521
f 776/2528 769/2527 761/2526 768/2525
f 777/2532 778/2531 770/2530 769/2529
f 778/2536 779/2535 771/2534 770/2533
f 779/2540 780/2539 772/2538 771/2537
f 780/2544 781/2543 773/2542 772/2541
f 781/2548 782/2547 774/2546 773/2545
f 782/2552 783/2551 775/2550 774/2549
f 783/2556 784/2555 776/2554 775/2553
f 784/2560 777/2559 769/2558 776/2557
f 801/2564 802/2563 786/2562 785/2561
f 802/2568 803/2567 787/2566 786/2565
f 803/2572 804/2571 788/2570 787/2569
f 804/2576 805/2575 789/2574 788/2573
f 805/2580 806/2579 790/2578 789/2577
f 806/2584 807/2583 791/2582 790/2581
f 807/2588 808/2587 792/2586 791/2585
f 808/2592 809/2591 793/2590 792/2589
f 809/2596 810/2595 794/2594 793/2593
f 810/2600 811/2599 795/2598 794/2597
f 811/2604 812/2603 796/2602 795/2601
f 812/2608 813/2607 797/2606 796/2605
f 813/2612 814/2611 798/2610 797/2609
f 814/2616 815/2615 799/2614 798/2613
f 815/2620 816/2619 800/2618 799/2617
f 816/2624 801/2623 785/2622 800/2621
f 817/2628 818/2627 802/2626 801/2625
f 818/2632 819/2631 803/2630 802/2629
f 819/2636 820/2635 804/2634 803/2633
f 820/2640 821/2639 805/2638 804/2637
f 821/2644 822/2643 806/2642 805/2641
f 822/2648 823/2647 807/2646 806/2645
f 823/2652 824/2651 808/2650 807/2649
f 824/2656 825/2655 809/2654 808/2653
f 825/2660 826/2659 810/2658 809/2657
f 826/2664 827/2663 811/2662 810/2661
f 827/2668 828/2667 812/2666 811/2665
f 828/2672 829/2671 813/2670 812/2669
f 829/2676 830/2675 814/2674 813/2673
f 830/2680 831/2679 815/2678 814/2677
f 831/2684 832/2683 816/2682 815/2681
f 832/2688 817/2687 801/2686 816/2685
f 833/2692 834/2691 818/2690 817/2689
f 834/2696 835/2695 819/2694 818/2693
f 835/2700 836/2699 820/2698 819/2697
f 836/2704 837/2703 821/2702 820/2701
f 837/2708 838/2707 822/2706 821/2705
f 838/2712 839/2711 823/2710 822/2709
f 839/2716 840/2715 824/2714 823/2713
f 840/2720 841/2719 825/2718 824/2717
f 841/2724 842/2723 826/2722 825/2721
f 842/2728 843/2727 827/2726 826/2725
f 843/2732 844/2731 828/2730 827/2729
f 844/2736 845/2735 829/2734 828/2733
f 845/2740 846/2739 830/2738 829/2737
f 846/2744 847/2743 831/2742 830/2741
f 847/2748 848/2747 832/2746 831/2745
f 848/2752 833/2751 817/2750 832/2749
f 849/2756 850/2755 834/2754 833/2753
f 850/2760 851/2759 835/2758 834/2757
f 851/2764 852/2763 836/2762 835/2761
f 852/2768 853/2767 837/2766 836/2765
f 853/2772 854/2771 838/2770 837/2769
f 854/2776 855/2775 839/2774 838/2773
f 855/2780 856/2779 840/2778 839/2777
f 856/2784 857/2783 841/2782 840/2781
f 857/2788 858/2787 842/2786 841/2785
f 858/2792 859/2791 843/2790 842/2789
f 859/2796 860/2795 844/2794 843/2793
f 860/2800 861/2799 845/2798 844/2797
f 861/2804 862/2803 846/2802 845/2801
f 862/2808 863/2807 847/2806 846/2805
f 863/2812 864/2811 848/2810 847/2809
f 864/2816 849/2815 833/2814 848/2813
f 865/2820 866/2819 850/2818 849/2817
f 866/2824 867/2823 851/2822 850/2821
f 867/2828 868/2827 852/2826 851/2825
f 868/2832 869/2831 853/2830 852/2829
f 869/2836 870/2835 854/2834 853/2833
f 870/2840 871/2839 855/2838 854/2837
f 871/2844 872/2843 856/2842 855/2841
f 872/2848 873/2847 857/2846 856/2845
f 873/2852 874/2851 858/2850 857/2849
f 874/2856 875/2855 859/2854 858/2853
f 875/2860 876/2859 860/2858 859/2857
f 876/2864 877/2863 861/2862 860/2861
f 877/2868 878/2867 862/2866 861/2865
f 878/2872 879/2871 863/2870 862/2869
f 879/2876 880/2875 864/2874 863/2873
f 880/2880 865/2879 849/2878 864/2877
f 881/2884 882/2883 866/2882 865/2881
f 882/2888 883/2887 867/2886 866/2885
f 883/2892 884/2891 868/2890 867/2889
f 884/2896 885/2895 869/2894 868/2893
f 885/2900 886/2899 870/2898 869/2897
f 886/2904 887/2903 871/2902 870/2901
f 887/2908 888/2907 872/2906 871/2905
f 888/2912 889/2911 873/2910 872/2909
f 889/2916 890/2915 874/2914 873/2913
f 890/2920 891/2919 875/2918 874/2917
f 891/2924 892/2923 876/2922 875/2921
f 892/2928 893/2927 877/2926 876/2925
f 893/2932 894/2931 878/2930 877/2929
f 894/2936 895/2935 879/2934 878/2933
f 895/2940 896/2939 880/2938 879/2937
f 896/2944 881/2943 865/2942 880/2941
f 897/2948 898/2947 882/2946 881/2945
f 898/2952 899/2951 883/2950 882/2949
f 899/2956 900/2955 884/2954 883/2953
f 900/2960 901/2959 885/2958 884/2957
f 901/2964 902/2963 886/2962 885/2961
f 902/2968 903/2967 887/2966 886/2965
f 903/2972 904/2971 888/2970 887/2969
f 904/2976 905/2975 889/2974 888/2973
f 905/2980 906/2979 890/2978 889/2977
f 906/2984 907/2983 891/2982 890/2981
f 907/2988 908/2987 892/2986 891/2985
f 908/2992 909/2991 893/2990 892/2989
f 909/2996 910/2995 894/2994 893/2993
f 910/3000 911/2999 895/2998 894/2997
f 911/3004 912/3003 896/3002 895/3001
f 912/3008 897/3007 881/3006 896/3005
f 913/3012 914/3011 898/3010 897/3009
f 914/3016 915/3015 899/3014 898/3013
f 915/3020 916/3019 900/3018 899/3017
f 916/3024 917/3023 901/3022 900/3021
f 917/3028 918/3027 902/3026 901/3025
f 918/3032 919/3031 903/3030 902/3029
f 919/3036 920/3035 904/3034 903/3033
f 920/3040 921/3039 905/3038 904/3037
f 921/3044 922/3043 906/3042 905/3041
f 922/3048 923/3047 907/3046 906/3045
f 923/3052 924/3051 908/3050 907/3049
f 924/3056 925/3055 909/3054 908/3053
f 925/3060 926/3059 910/3058 909/3057
f 926/3064 927/3063 911/3062 910/3061
f 927/3068 928/3067 912/3066 911/3065
f 928/3072 913/3071 897/3070 912/3069
