s 1
v 0.800000 -0.000000 -0.500000
v 0.819985 -0.097158 -0.500000
v 0.811522 -0.195702 -0.500000
v 0.774977 -0.288905 -0.500000
v 0.719435 -0.373830 -0.500000
v 0.652104 -0.450339 -0.500000
v 0.575147 -0.517632 -0.500000
v 0.487896 -0.572255 -0.500000
v 0.393072 -0.612738 -0.500000
v 0.297176 -0.645701 -0.500000
v 0.201736 -0.677599 -0.500000
v 0.102939 -0.703709 -0.500000
v 0.000000 -0.713941 -0.500000
v -0.102939 -0.703709 -0.500000
v -0.201736 -0.677599 -0.500000
v -0.297176 -0.645701 -0.500000
v -0.393072 -0.612738 -0.500000
v -0.487896 -0.572255 -0.500000
v -0.575147 -0.517632 -0.500000
v -0.652104 -0.450339 -0.500000
v -0.719435 -0.373830 -0.500000
v -0.774977 -0.288905 -0.500000
v -0.811522 -0.195702 -0.500000
v -0.819985 -0.097158 -0.500000
v -0.800000 -0.000000 -0.500000
v -0.766327 0.090800 -0.500000
v -0.733960 0.176998 -0.500000
v -0.703230 0.262159 -0.500000
v -0.666205 0.346170 -0.500000
v -0.617262 0.426277 -0.500000
v -0.556224 0.500602 -0.500000
v -0.486122 0.570174 -0.500000
v -0.406928 0.634338 -0.500000
v -0.315118 0.684686 -0.500000
v -0.212375 0.713334 -0.500000
v -0.105903 0.723971 -0.500000
v -0.000000 0.726059 -0.500000
v 0.105903 0.723971 -0.500000
v 0.212375 0.713334 -0.500000
v 0.315118 0.684686 -0.500000
v 0.406928 0.634338 -0.500000
v 0.486122 0.570174 -0.500000
v 0.556224 0.500602 -0.500000
v 0.617262 0.426277 -0.500000
v 0.666205 0.346170 -0.500000
v 0.703230 0.262159 -0.500000
v 0.733960 0.176998 -0.500000
v 0.766327 0.090800 -0.500000
v 0.800000 0.000000 -0.500000
v 0.843590 -0.000000 -0.468750
v 0.826013 -0.097872 -0.468750
v 0.785139 -0.189340 -0.468750
v 0.736522 -0.274570 -0.468750
v 0.688082 -0.357538 -0.468750
v 0.639004 -0.441293 -0.468750
v 0.584009 -0.525608 -0.468750
v 0.514799 -0.603809 -0.468750
v 0.425180 -0.662789 -0.468750
v 0.319691 -0.694622 -0.468750
v 0.210048 -0.705517 -0.468750
v 0.103302 -0.706189 -0.468750
v 0.000000 -0.702213 -0.468750
v -0.101844 -0.696226 -0.468750
v -0.205462 -0.690116 -0.468750
v -0.313206 -0.680533 -0.468750
v -0.420594 -0.655642 -0.468750
v -0.516256 -0.605518 -0.468750
v -0.593180 -0.533862 -0.468750
v -0.653431 -0.451255 -0.468750
v -0.701837 -0.364685 -0.468750
v -0.743006 -0.276987 -0.468750
v -0.780554 -0.188234 -0.468750
v -0.811587 -0.096163 -0.468750
v -0.825249 -0.000000 -0.468750
v -0.815572 0.096635 -0.468750
v -0.788570 0.190167 -0.468750
v -0.750067 0.279619 -0.468750
v -0.699615 0.363531 -0.468750
v -0.637558 0.440294 -0.468750
v -0.568026 0.511224 -0.468750
v -0.493158 0.578427 -0.468750
v -0.409240 0.637942 -0.468750
v -0.313937 0.682120 -0.468750
v -0.211627 0.710821 -0.468750
v -0.106724 0.729587 -0.468750
v -0.000000 0.739923 -0.468750
v 0.108182 0.739550 -0.468750
v 0.216212 0.726222 -0.468750
v 0.320422 0.696210 -0.468750
v 0.413825 0.645089 -0.468750
v 0.491701 0.576717 -0.468750
v 0.558856 0.502970 -0.468750
v 0.623132 0.430331 -0.468750
v 0.685859 0.356383 -0.468750
v 0.743582 0.277202 -0.468750
v 0.793155 0.191273 -0.468750
v 0.829998 0.098344 -0.468750
v 0.843590 0.000000 -0.468750
v 0.822918 -0.000000 -0.437500
v 0.804706 -0.095347 -0.437500
v 0.779383 -0.187952 -0.437500
v 0.748187 -0.278918 -0.437500
v 0.704479 -0.366058 -0.437500
v 0.645150 -0.445537 -0.437500
v 0.574321 -0.516889 -0.437500
v 0.497208 -0.583177 -0.437500
v 0.412840 -0.643554 -0.437500
v 0.317876 -0.690678 -0.437500
v 0.214823 -0.721557 -0.437500
v 0.108451 -0.741387 -0.437500
v 0.000000 -0.754059 -0.437500
v -0.110839 -0.757715 -0.437500
v -0.222338 -0.746798 -0.437500
v -0.328503 -0.713769 -0.437500
v -0.420355 -0.655268 -0.437500
v -0.494819 -0.580375 -0.437500
v -0.559291 -0.503362 -0.437500
v -0.621507 -0.429209 -0.437500
v -0.681935 -0.354344 -0.437500
v -0.737559 -0.274956 -0.437500
v -0.786898 -0.189764 -0.437500
v -0.828349 -0.098149 -0.437500
v -0.852976 -0.000000 -0.437500
v -0.847901 0.100466 -0.437500
v -0.813018 0.196063 -0.437500
v -0.762058 0.284089 -0.437500
v -0.707193 0.367468 -0.437500
v -0.651726 0.450078 -0.437500
v -0.591398 0.532258 -0.437500
v -0.517517 0.606997 -0.437500
v -0.425107 0.662677 -0.437500
v -0.320007 0.695308 -0.437500
v -0.211859 0.711603 -0.437500
v -0.104918 0.717235 -0.437500
v -0.000000 0.712993 -0.437500
v 0.102529 0.700908 -0.437500
v 0.204345 0.686363 -0.437500
v 0.309379 0.672217 -0.437500
v 0.417593 0.650962 -0.437500
v 0.519905 0.609799 -0.437500
v 0.606427 0.545784 -0.437500
v 0.675369 0.466406 -0.437500
v 0.729737 0.379182 -0.437500
v 0.772685 0.288051 -0.437500
v 0.805503 0.194251 -0.437500
v 0.824258 0.097664 -0.437500
v 0.822918 0.000000 -0.437500
v 0.835448 -0.000000 -0.406250
v 0.816073 -0.096694 -0.406250
v 0.789023 -0.190276 -0.406250
v 0.750756 -0.279876 -0.406250
v 0.698272 -0.362833 -0.406250
v 0.633777 -0.437683 -0.406250
v 0.562174 -0.505957 -0.406250
v 0.488374 -0.572816 -0.406250
v 0.412076 -0.642363 -0.406250
v 0.325742 -0.707769 -0.406250
v 0.224621 -0.754467 -0.406250
v 0.113462 -0.775648 -0.406250
v 0.000000 -0.775187 -0.406250
v -0.111005 -0.758851 -0.406250
v -0.216890 -0.728501 -0.406250
v -0.314809 -0.684014 -0.406250
v -0.404345 -0.630312 -0.406250
v -0.490831 -0.575697 -0.406250
v -0.577636 -0.519872 -0.406250
v -0.658100 -0.454480 -0.406250
v -0.721464 -0.374883 -0.406250
v -0.761688 -0.283952 -0.406250
v -0.781292 -0.188412 -0.406250
v -0.791750 -0.093812 -0.406250
v -0.804525 -0.000000 -0.406250
v -0.816675 0.096766 -0.406250
v -0.815136 0.196573 -0.406250
v -0.793338 0.295750 -0.406250
v -0.752172 0.390840 -0.406250
v -0.692166 0.478006 -0.406250
v -0.612151 0.550936 -0.406250
v -0.514157 0.603056 -0.406250
v -0.407911 0.635870 -0.406250
v -0.304476 0.661562 -0.406250
v -0.205212 0.689276 -0.406250
v -0.104688 0.715667 -0.406250
v -0.000000 0.732158 -0.406250
v 0.107145 0.732464 -0.406250
v 0.212943 0.715242 -0.406250
v 0.315408 0.685317 -0.406250
v 0.415641 0.647921 -0.406250
v 0.511700 0.600174 -0.406250
v 0.596690 0.537021 -0.406250
v 0.667843 0.461209 -0.406250
v 0.728980 0.378789 -0.406250
v 0.782405 0.291675 -0.406250
v 0.822866 0.198438 -0.406250
v 0.840998 0.099648 -0.406250
v 0.835448 0.000000 -0.406250
v 0.807422 -0.000000 -0.375000
v 0.804843 -0.095364 -0.375000
v 0.799851 -0.192887 -0.375000
v 0.781309 -0.291266 -0.375000
v 0.744055 -0.386622 -0.375000
v 0.686140 -0.473844 -0.375000
v 0.607048 -0.546343 -0.375000
v 0.511903 -0.600412 -0.375000
v 0.411587 -0.641600 -0.375000
v 0.312639 -0.679299 -0.375000
v 0.212602 -0.714098 -0.375000
v 0.108242 -0.739960 -0.375000
v 0.000000 -0.753078 -0.375000
v -0.109880 -0.751161 -0.375000
v -0.217757 -0.731413 -0.375000
v -0.319929 -0.695140 -0.375000
v -0.416742 -0.649636 -0.375000
v -0.510264 -0.598491 -0.375000
v -0.596738 -0.537064 -0.375000
v -0.669921 -0.462643 -0.375000
v -0.728590 -0.378586 -0.375000
v -0.774019 -0.288548 -0.375000
v -0.805006 -0.194131 -0.375000
v -0.821063 -0.097285 -0.375000
v -0.828043 -0.000000 -0.375000
v -0.830272 0.098377 -0.375000
v -0.820114 0.197774 -0.375000
v -0.787712 0.293653 -0.375000
v -0.732811 0.380780 -0.375000
v -0.661209 0.456627 -0.375000
v -0.578849 0.520964 -0.375000
v -0.492081 0.577163 -0.375000
v -0.406146 0.633119 -0.375000
v -0.318492 0.692017 -0.375000
v -0.221466 0.743870 -0.375000
v -0.113430 0.775431 -0.375000
v -0.000000 0.781726 -0.375000
v 0.111792 0.764230 -0.375000
v 0.216311 0.726555 -0.375000
v 0.311201 0.676176 -0.375000
v 0.400991 0.625083 -0.375000
v 0.493720 0.579085 -0.375000
v 0.589159 0.530243 -0.375000
v 0.677429 0.467828 -0.375000
v 0.748276 0.388816 -0.375000
v 0.795002 0.296371 -0.375000
v 0.814959 0.196531 -0.375000
v 0.814052 0.096455 -0.375000
v 0.807422 0.000000 -0.375000
v 0.848688 -0.000000 -0.343750
v 0.868917 -0.102956 -0.343750
v 0.860874 -0.207603 -0.343750
v 0.823211 -0.306886 -0.343750
v 0.764673 -0.397336 -0.343750
v 0.692883 -0.478501 -0.343750
v 0.610370 -0.549333 -0.343750
v 0.517197 -0.606621 -0.343750
v 0.417085 -0.650171 -0.343750
v 0.316396 -0.687463 -0.343750
v 0.215463 -0.723707 -0.343750
v 0.110053 -0.752340 -0.343750
v 0.000000 -0.762775 -0.343750
v -0.109824 -0.750780 -0.343750
v -0.214745 -0.721295 -0.343750
v -0.315381 -0.685257 -0.343750
v -0.416367 -0.649051 -0.343750
v -0.517425 -0.606889 -0.343750
v -0.611807 -0.550626 -0.343750
v -0.695142 -0.480061 -0.343750
v -0.766827 -0.398455 -0.343750
v -0.824226 -0.307265 -0.343750
v -0.860156 -0.207430 -0.343750
v -0.866658 -0.102688 -0.343750
v -0.845816 -0.000000 -0.343750
v -0.813693 0.096412 -0.343750
v -0.783568 0.188961 -0.343750
v -0.753384 0.280856 -0.343750
v -0.714357 0.371191 -0.343750
v -0.660969 0.456462 -0.343750
v -0.593444 0.534100 -0.343750
v -0.515950 0.605160 -0.343750
v -0.430167 0.670564 -0.343750
v -0.333067 0.723686 -0.343750
v -0.225164 0.756291 -0.343750
v -0.112689 0.770365 -0.343750
v -0.000000 0.774278 -0.343750
v 0.112918 0.771925 -0.343750
v 0.225882 0.758702 -0.343750
v 0.334083 0.725892 -0.343750
v 0.430885 0.671684 -0.343750
v 0.515722 0.604892 -0.343750
v 0.592008 0.532807 -0.343750
v 0.658710 0.454901 -0.343750
v 0.712203 0.370072 -0.343750
v 0.752368 0.280477 -0.343750
v 0.784286 0.189134 -0.343750
v 0.815952 0.096680 -0.343750
v 0.848688 0.000000 -0.343750
v 0.890216 -0.000000 -0.312500
v 0.875519 -0.103738 -0.312500
v 0.836062 -0.201620 -0.312500
v 0.786685 -0.293270 -0.312500
v 0.735953 -0.382412 -0.312500
v 0.683311 -0.471891 -0.312500
v 0.623027 -0.560724 -0.312500
v 0.546629 -0.641142 -0.312500
v 0.449130 -0.700124 -0.312500
v 0.336769 -0.731730 -0.312500
v 0.221430 -0.743751 -0.312500
v 0.109174 -0.746333 -0.312500
v 0.000000 -0.743690 -0.312500
v -0.107910 -0.737689 -0.312500
v -0.217452 -0.730388 -0.312500
v -0.331143 -0.719506 -0.312500
v -0.445151 -0.693922 -0.312500
v -0.547893 -0.642625 -0.312500
v -0.630984 -0.567885 -0.312500
v -0.695828 -0.480535 -0.312500
v -0.747888 -0.388614 -0.312500
v -0.792311 -0.295368 -0.312500
v -0.832083 -0.200660 -0.312500
v -0.863002 -0.102255 -0.312500
v -0.874303 -0.000000 -0.312500
v -0.862057 0.102143 -0.312500
v -0.833399 0.200978 -0.312500
v -0.793107 0.295664 -0.312500
v -0.739616 0.384316 -0.312500
v -0.673287 0.464968 -0.312500
v -0.599103 0.539193 -0.312500
v -0.520268 0.610224 -0.312500
v -0.433130 0.675182 -0.312500
v -0.333910 0.725517 -0.312500
v -0.225900 0.758764 -0.312500
v -0.114020 0.779461 -0.312500
v -0.000000 0.789766 -0.312500
v 0.115284 0.788105 -0.312500
v 0.229878 0.772126 -0.312500
v 0.339536 0.737741 -0.312500
v 0.437108 0.681384 -0.312500
v 0.519004 0.608741 -0.312500
v 0.591146 0.532032 -0.312500
v 0.660771 0.456324 -0.312500
v 0.727681 0.378114 -0.312500
v 0.787481 0.293567 -0.312500
v 0.837377 0.201937 -0.312500
v 0.874574 0.103626 -0.312500
v 0.890216 0.000000 -0.312500
v 0.873915 -0.000000 -0.281250
v 0.857370 -0.101587 -0.281250
v 0.830028 -0.200165 -0.281250
v 0.794858 -0.296317 -0.281250
v 0.746947 -0.388125 -0.281250
v 0.683851 -0.472263 -0.281250
v 0.609448 -0.548503 -0.281250
v 0.527941 -0.619223 -0.281250
v 0.437626 -0.682191 -0.281250
v 0.335931 -0.729908 -0.281250
v 0.226519 -0.760843 -0.281250
v 0.114242 -0.780982 -0.281250
v 0.000000 -0.793676 -0.281250
v -0.116543 -0.796709 -0.281250
v -0.233757 -0.785155 -0.281250
v -0.346167 -0.752149 -0.281250
v -0.444864 -0.693474 -0.281250
v -0.525640 -0.616525 -0.281250
v -0.594972 -0.535475 -0.281250
v -0.661078 -0.456537 -0.281250
v -0.725233 -0.376842 -0.281250
v -0.784622 -0.292501 -0.281250
v -0.837266 -0.201910 -0.281250
v -0.880143 -0.104286 -0.281250
v -0.902867 -0.000000 -0.281250
v -0.893439 0.105861 -0.281250
v -0.854445 0.206053 -0.281250
v -0.800833 0.298544 -0.281250
v -0.744005 0.386596 -0.281250
v -0.686400 0.474024 -0.281250
v -0.623672 0.561304 -0.281250
v -0.547081 0.641673 -0.281250
v -0.450766 0.702674 -0.281250
v -0.339856 0.738436 -0.281250
v -0.224834 0.755182 -0.281250
v -0.111198 0.760167 -0.281250
v -0.000000 0.755767 -0.281250
v 0.108897 0.744440 -0.281250
v 0.217596 0.730871 -0.281250
v 0.329620 0.716195 -0.281250
v 0.443528 0.691391 -0.281250
v 0.549382 0.644371 -0.281250
v 0.638148 0.574333 -0.281250
v 0.709173 0.489751 -0.281250
v 0.765719 0.397879 -0.281250
v 0.811069 0.302360 -0.281250
v 0.847207 0.204307 -0.281250
v 0.870666 0.103163 -0.281250
v 0.873915 0.000000 -0.281250
v 0.883846 -0.000000 -0.250000
v 0.860628 -0.101973 -0.250000
v 0.828882 -0.199888 -0.250000
v 0.787086 -0.293419 -0.250000
v 0.732268 -0.380497 -0.250000
v 0.666001 -0.459937 -0.250000
v 0.592805 -0.533524 -0.250000
v 0.516927 -0.606306 -0.250000
v 0.436807 -0.680914 -0.250000
v 0.344510 -0.748549 -0.250000
v 0.236600 -0.794704 -0.250000
v 0.119143 -0.814481 -0.250000
v 0.000000 -0.813279 -0.250000
v -0.116637 -0.797350 -0.250000
v -0.228716 -0.768222 -0.250000
v -0.333360 -0.724322 -0.250000
v -0.428922 -0.668624 -0.250000
v -0.519433 -0.609245 -0.250000
v -0.608573 -0.547716 -0.250000
v -0.690807 -0.477067 -0.250000
v -0.755920 -0.392788 -0.250000
v -0.798235 -0.297576 -0.250000
v -0.820998 -0.197987 -0.250000
v -0.835823 -0.099034 -0.250000
v -0.852310 -0.000000 -0.250000
v -0.865092 0.102502 -0.250000
v -0.861141 0.207668 -0.250000
v -0.835709 0.311546 -0.250000
v -0.790881 0.410954 -0.250000
v -0.727524 0.502424 -0.250000
v -0.644378 0.579940 -0.250000
v -0.542690 0.636522 -0.250000
v -0.431271 0.672286 -0.250000
v -0.321593 0.698755 -0.250000
v -0.216240 0.726317 -0.250000
v -0.110127 0.752845 -0.250000
v -0.000000 0.769623 -0.250000
v 0.112632 0.769976 -0.250000
v 0.224124 0.752799 -0.250000
v 0.332743 0.722982 -0.250000
v 0.439156 0.684576 -0.250000
v 0.540184 0.633583 -0.250000
v 0.628610 0.565749 -0.250000
v 0.702719 0.485293 -0.250000
v 0.767228 0.398664 -0.250000
v 0.824559 0.307389 -0.250000
v 0.869025 0.209569 -0.250000
v 0.889898 0.105442 -0.250000
v 0.883846 0.000000 -0.250000
v 0.845844 -0.000000 -0.218750
v 0.840589 -0.099599 -0.218750
v 0.834389 -0.201217 -0.218750
v 0.815173 -0.303890 -0.218750
v 0.776137 -0.403292 -0.218750
v 0.714914 -0.493716 -0.218750
v 0.631900 -0.568710 -0.218750
v 0.533496 -0.625739 -0.218750
v 0.430639 -0.671300 -0.218750
v 0.328515 -0.713796 -0.218750
v 0.223897 -0.752037 -0.218750
v 0.114057 -0.779716 -0.218750
v 0.000000 -0.793756 -0.218750
v -0.115864 -0.792065 -0.218750
v -0.229581 -0.771126 -0.218750
v -0.336553 -0.731260 -0.218750
v -0.436323 -0.680160 -0.218750
v -0.531690 -0.623620 -0.218750
v -0.620533 -0.558480 -0.218750
v -0.697033 -0.481367 -0.218750
v -0.759087 -0.394433 -0.218750
v -0.807135 -0.300894 -0.218750
v -0.840073 -0.202587 -0.218750
v -0.858471 -0.101718 -0.218750
v -0.868577 -0.000000 -0.218750
v -0.872984 0.103437 -0.218750
v -0.862364 0.207963 -0.218750
v -0.827550 0.308504 -0.218750
v -0.769894 0.400049 -0.218750
v -0.695724 0.480463 -0.218750
v -0.610210 0.549189 -0.218750
v -0.518663 0.608341 -0.218750
v -0.426571 0.664959 -0.218750
v -0.332899 0.723321 -0.218750
v -0.230746 0.775042 -0.218750
v -0.118027 0.806856 -0.218750
v -0.000000 0.812927 -0.218750
v 0.116221 0.794508 -0.218750
v 0.225063 0.755952 -0.218750
v 0.324862 0.705857 -0.218750
v 0.420888 0.656099 -0.218750
v 0.520469 0.610460 -0.218750
v 0.621577 0.559419 -0.218750
v 0.713605 0.492812 -0.218750
v 0.786945 0.408908 -0.218750
v 0.835587 0.311500 -0.218750
v 0.856681 0.206592 -0.218750
v 0.855103 0.101319 -0.218750
v 0.845844 0.000000 -0.218750
v 0.880834 -0.000000 -0.187500
v 0.900725 -0.106724 -0.187500
v 0.893160 -0.215389 -0.187500
v 0.855087 -0.318770 -0.187500
v 0.794650 -0.412912 -0.187500
v 0.719730 -0.497041 -0.187500
v 0.633262 -0.569935 -0.187500
v 0.536114 -0.628809 -0.187500
v 0.432885 -0.674802 -0.187500
v 0.329521 -0.715980 -0.187500
v 0.225088 -0.756036 -0.187500
v 0.115077 -0.786685 -0.187500
v 0.000000 -0.797121 -0.187500
v -0.114622 -0.783578 -0.187500
v -0.223658 -0.751231 -0.187500
v -0.327498 -0.711585 -0.187500
v -0.431455 -0.672572 -0.187500
v -0.536568 -0.629343 -0.187500
v -0.636122 -0.572510 -0.187500
v -0.724230 -0.500149 -0.187500
v -0.798941 -0.415142 -0.187500
v -0.857110 -0.319524 -0.187500
v -0.891730 -0.215044 -0.187500
v -0.896224 -0.106191 -0.187500
v -0.875113 -0.000000 -0.187500
v -0.845314 0.100159 -0.187500
v -0.818032 0.197272 -0.187500
v -0.788954 0.294116 -0.187500
v -0.748726 0.389050 -0.187500
v -0.692040 0.477919 -0.187500
v -0.619418 0.557476 -0.187500
v -0.535979 0.628651 -0.187500
v -0.445088 0.693824 -0.187500
v -0.344425 0.748364 -0.187500
v -0.233425 0.784038 -0.187500
v -0.117194 0.801161 -0.187500
v -0.000000 0.806802 -0.187500
v 0.117649 0.804269 -0.187500
v 0.234855 0.788842 -0.187500
v 0.346448 0.752759 -0.187500
v 0.446519 0.696054 -0.187500
v 0.535524 0.628118 -0.187500
v 0.616558 0.554902 -0.187500
v 0.687540 0.474811 -0.187500
v 0.744435 0.386820 -0.187500
v 0.786931 0.293362 -0.187500
v 0.819463 0.197617 -0.187500
v 0.849814 0.100692 -0.187500
v 0.880834 0.000000 -0.187500
v 0.916331 -0.000000 -0.156250
v 0.904664 -0.107191 -0.156250
v 0.867508 -0.209203 -0.156250
v 0.818569 -0.305156 -0.156250
v 0.766791 -0.398436 -0.156250
v 0.711858 -0.491605 -0.156250
v 0.647699 -0.582929 -0.156250
v 0.565884 -0.663727 -0.156250
v 0.462792 -0.721421 -0.156250
v 0.346188 -0.752195 -0.156250
v 0.227798 -0.765138 -0.156250
v 0.112569 -0.769543 -0.156250
v 0.000000 -0.768220 -0.156250
v -0.111508 -0.762288 -0.156250
v -0.224459 -0.753923 -0.156250
v -0.341466 -0.741934 -0.156250
v -0.459452 -0.716215 -0.156250
v -0.566946 -0.664972 -0.156250
v -0.654377 -0.588939 -0.156250
v -0.722364 -0.498861 -0.156250
v -0.776808 -0.403641 -0.156250
v -0.823291 -0.306917 -0.156250
v -0.864168 -0.208398 -0.156250
v -0.894158 -0.105946 -0.156250
v -0.902974 -0.000000 -0.156250
v -0.888783 0.105309 -0.156250
v -0.859454 0.207261 -0.156250
v -0.818450 0.305112 -0.156250
v -0.763116 0.396527 -0.156250
v -0.693882 0.479191 -0.156250
v -0.616525 0.554872 -0.156250
v -0.535318 0.627876 -0.156250
v -0.446861 0.696587 -0.156250
v -0.346057 0.751909 -0.156250
v -0.234940 0.789127 -0.156250
v -0.118710 0.811521 -0.156250
v -0.000000 0.821706 -0.156250
v 0.119771 0.818776 -0.156250
v 0.238279 0.800343 -0.156250
v 0.350779 0.762170 -0.156250
v 0.450200 0.701792 -0.156250
v 0.534257 0.626631 -0.156250
v 0.609846 0.548862 -0.156250
v 0.683376 0.471936 -0.156250
v 0.753098 0.391321 -0.156250
v 0.813728 0.303351 -0.156250
v 0.862793 0.208066 -0.156250
v 0.899289 0.106554 -0.156250
v 0.916331 0.000000 -0.156250
v 0.901860 -0.000000 -0.125000
v 0.887699 -0.105181 -0.125000
v 0.859374 -0.207242 -0.125000
v 0.821354 -0.306194 -0.125000
v 0.770534 -0.400381 -0.125000
v 0.705215 -0.487018 -0.125000
v 0.628968 -0.566071 -0.125000
v 0.544947 -0.639170 -0.125000
v 0.450880 -0.702852 -0.125000
v 0.345095 -0.749819 -0.125000
v 0.232253 -0.780103 -0.125000
v 0.117059 -0.800238 -0.125000
v 0.000000 -0.812820 -0.125000
v -0.119253 -0.815237 -0.125000
v -0.239156 -0.803289 -0.125000
v -0.354857 -0.771030 -0.125000
v -0.457783 -0.713613 -0.125000
v -0.542753 -0.636597 -0.125000
v -0.615162 -0.553646 -0.125000
v -0.683497 -0.472019 -0.125000
v -0.749825 -0.389621 -0.125000
v -0.811591 -0.302555 -0.125000
v -0.866277 -0.208906 -0.125000
v -0.909418 -0.107754 -0.125000
v -0.929472 -0.000000 -0.125000
v -0.915753 0.108505 -0.125000
v -0.873547 0.210660 -0.125000
v -0.818613 0.305173 -0.125000
v -0.761277 0.395571 -0.125000
v -0.703056 0.485526 -0.125000
v -0.639618 0.575656 -0.125000
v -0.562399 0.659639 -0.125000
v -0.464786 0.724530 -0.125000
v -0.351012 0.762676 -0.125000
v -0.232081 0.779526 -0.125000
v -0.114636 0.783673 -0.125000
v -0.000000 0.779085 -0.125000
v 0.112442 0.768674 -0.125000
v 0.225178 0.756340 -0.125000
v 0.341250 0.741465 -0.125000
v 0.457883 0.713769 -0.125000
v 0.564593 0.662212 -0.125000
v 0.653424 0.588081 -0.125000
v 0.724774 0.500525 -0.125000
v 0.781986 0.406332 -0.125000
v 0.828375 0.308812 -0.125000
v 0.866644 0.208995 -0.125000
v 0.894035 0.105932 -0.125000
v 0.901860 0.000000 -0.125000
v 0.907355 -0.000000 -0.093750
v 0.881023 -0.104390 -0.093750
v 0.845346 -0.203859 -0.093750
v 0.800981 -0.298600 -0.093750
v 0.745222 -0.387228 -0.093750
v 0.679040 -0.468941 -0.093750
v 0.606422 -0.545780 -0.093750
v 0.530738 -0.622505 -0.093750
v 0.449134 -0.700130 -0.093750
v 0.353505 -0.768093 -0.093750
v 0.241858 -0.812364 -0.093750
v 0.121425 -0.830082 -0.093750
v 0.000000 -0.828008 -0.093750
v -0.118890 -0.812755 -0.093750
v -0.233884 -0.785580 -0.093750
v -0.342228 -0.743590 -0.093750
v -0.441159 -0.687699 -0.093750
v -0.533273 -0.625477 -0.093750
v -0.622370 -0.560133 -0.093750
v -0.704128 -0.486267 -0.093750
v -0.769144 -0.399659 -0.093750
v -0.812258 -0.302804 -0.093750
v -0.837372 -0.201936 -0.093750
v -0.855935 -0.101417 -0.093750
v -0.875459 -0.000000 -0.093750
v -0.888410 0.105265 -0.093750
v -0.882238 0.212755 -0.093750
v -0.854087 0.318397 -0.093750
v -0.807041 0.419351 -0.093750
v -0.742199 0.512559 -0.093750
v -0.658258 0.592432 -0.093750
v -0.555719 0.651804 -0.093750
v -0.442273 0.689436 -0.093750
v -0.329471 0.715871 -0.093750
v -0.221047 0.742462 -0.093750
v -0.112404 0.768415 -0.093750
v -0.000000 0.785151 -0.093750
v 0.114939 0.785741 -0.093750
v 0.229021 0.769245 -0.093750
v 0.340748 0.740374 -0.093750
v 0.450247 0.701866 -0.093750
v 0.553184 0.648832 -0.093750
v 0.642309 0.578078 -0.093750
v 0.717111 0.495233 -0.093750
v 0.783119 0.406921 -0.093750
v 0.842810 0.314193 -0.093750
v 0.890212 0.214678 -0.093750
v 0.913498 0.108238 -0.093750
v 0.907355 0.000000 -0.093750
v 0.857868 -0.000000 -0.062500
v 0.849969 -0.100711 -0.062500
v 0.842743 -0.203231 -0.062500
v 0.823578 -0.307024 -0.062500
v 0.784172 -0.407468 -0.062500
v 0.721707 -0.498406 -0.062500
v 0.637414 -0.573673 -0.062500
v 0.538760 -0.631913 -0.062500
v 0.436432 -0.680329 -0.062500
v 0.334172 -0.726087 -0.062500
v 0.228164 -0.766368 -0.062500
v 0.116280 -0.794914 -0.062500
v 0.000000 -0.809516 -0.062500
v -0.118240 -0.808311 -0.062500
v -0.234330 -0.787078 -0.062500
v -0.342892 -0.745033 -0.062500
v -0.442597 -0.689941 -0.062500
v -0.536800 -0.629615 -0.062500
v -0.625082 -0.562574 -0.062500
v -0.702307 -0.485009 -0.062500
v -0.765674 -0.397856 -0.062500
v -0.814859 -0.303773 -0.062500
v -0.848909 -0.204718 -0.062500
v -0.869368 -0.103009 -0.062500
v -0.882532 -0.000000 -0.062500
v -0.889044 0.105340 -0.062500
v -0.878169 0.211774 -0.062500
v -0.841797 0.313815 -0.062500
v -0.782952 0.406834 -0.062500
v -0.708383 0.489205 -0.062500
v -0.622381 0.560143 -0.062500
v -0.529019 0.620488 -0.062500
v -0.433769 0.676178 -0.062500
v -0.337062 0.732365 -0.062500
v -0.232953 0.782453 -0.062500
v -0.119005 0.813537 -0.062500
v -0.000000 0.819086 -0.062500
v 0.117045 0.800139 -0.062500
v 0.226787 0.761743 -0.062500
v 0.328342 0.713419 -0.062500
v 0.427603 0.666567 -0.062500
v 0.530979 0.622787 -0.062500
v 0.634713 0.571242 -0.062500
v 0.727783 0.502603 -0.062500
v 0.801449 0.416445 -0.062500
v 0.850516 0.317066 -0.062500
v 0.872003 0.210287 -0.062500
v 0.869645 0.103042 -0.062500
v 0.857868 0.000000 -0.062500
v 0.883835 -0.000000 -0.031250
v 0.902901 -0.106982 -0.031250
v 0.896130 -0.216105 -0.031250
v 0.858830 -0.320165 -0.031250
v 0.798307 -0.414813 -0.031250
v 0.722535 -0.498979 -0.031250
v 0.634857 -0.571371 -0.031250
v 0.536974 -0.629818 -0.031250
v 0.434174 -0.676810 -0.031250
v 0.331696 -0.720706 -0.031250
v 0.227301 -0.763470 -0.031250
v 0.116334 -0.795280 -0.031250
v 0.000000 -0.805401 -0.031250
v -0.115657 -0.790649 -0.031250
v -0.225170 -0.756313 -0.031250
v -0.328682 -0.714158 -0.031250
v -0.432043 -0.673488 -0.031250
v -0.537651 -0.630613 -0.031250
v -0.639119 -0.575207 -0.031250
v -0.729240 -0.503609 -0.031250
v -0.804701 -0.418135 -0.031250
v -0.861844 -0.321289 -0.031250
v -0.893998 -0.215592 -0.031250
v -0.896196 -0.106188 -0.031250
v -0.875310 -0.000000 -0.031250
v -0.848635 0.100552 -0.031250
v -0.825014 0.198956 -0.031250
v -0.798068 0.297514 -0.031250
v -0.758160 0.393952 -0.031250
v -0.700276 0.483606 -0.031250
v -0.625108 0.562597 -0.031250
v -0.538494 0.631601 -0.031250
v -0.445399 0.694308 -0.031250
v -0.344372 0.748248 -0.031250
v -0.233878 0.785559 -0.031250
v -0.117753 0.804984 -0.031250
v -0.000000 0.812128 -0.031250
v 0.118431 0.809614 -0.031250
v 0.236009 0.792717 -0.031250
v 0.347385 0.754796 -0.031250
v 0.447530 0.697630 -0.031250
v 0.537817 0.630807 -0.031250
v 0.620845 0.558761 -0.031250
v 0.693571 0.478976 -0.031250
v 0.751767 0.390630 -0.031250
v 0.795054 0.296390 -0.031250
v 0.827145 0.199470 -0.031250
v 0.855340 0.101347 -0.031250
v 0.883835 0.000000 -0.031250
v 0.910485 -0.000000 0.000000
v 0.901978 -0.106873 0.000000
v 0.868203 -0.209371 0.000000
v 0.821347 -0.306192 0.000000
v 0.770434 -0.400329 0.000000
v 0.715339 -0.494009 0.000000
v 0.649757 -0.584782 0.000000
v 0.565511 -0.663290 0.000000
v 0.460436 -0.717748 0.000000
v 0.343590 -0.746549 0.000000
v 0.226200 -0.759771 0.000000
v 0.111993 -0.765606 0.000000
v 0.000000 -0.765476 0.000000
v -0.111144 -0.759798 0.000000
v -0.223527 -0.750792 0.000000
v -0.339809 -0.738335 0.000000
v -0.457763 -0.713581 0.000000
v -0.566361 -0.664286 0.000000
v -0.655104 -0.589593 0.000000
v -0.723750 -0.499818 0.000000
v -0.778454 -0.404496 0.000000
v -0.825127 -0.307601 0.000000
v -0.865530 -0.208726 0.000000
v -0.893568 -0.105876 0.000000
v -0.899792 -0.000000 0.000000
v -0.884440 0.104795 0.000000
v -0.855705 0.206357 0.000000
v -0.815510 0.304016 0.000000
v -0.760179 0.395001 0.000000
v -0.690262 0.476691 0.000000
v -0.612231 0.551008 0.000000
v -0.531376 0.623252 0.000000
v -0.444703 0.693223 0.000000
v -0.345942 0.751660 0.000000
v -0.235720 0.791747 0.000000
v -0.119263 0.815301 0.000000
v -0.000000 0.825184 0.000000
v 0.120112 0.821110 0.000000
v 0.238393 0.800726 0.000000
v 0.349722 0.759874 0.000000
v 0.447376 0.697390 0.000000
v 0.530526 0.622255 0.000000
v 0.606885 0.546196 0.000000
v 0.681851 0.470882 0.000000
v 0.752160 0.390834 0.000000
v 0.811730 0.302606 0.000000
v 0.858379 0.207002 0.000000
v 0.892851 0.105791 0.000000
v 0.910485 0.000000 0.000000
v 0.896399 -0.000000 0.031250
v 0.885352 -0.104903 0.031250
v 0.857356 -0.206755 0.031250
v 0.818090 -0.304978 0.031250
v 0.766282 -0.398172 0.031250
v 0.701026 -0.484125 0.031250
v 0.625530 -0.562977 0.031250
v 0.541891 -0.635586 0.031250
v 0.447431 -0.697476 0.031250
v 0.341454 -0.741908 0.031250
v 0.229401 -0.770524 0.031250
v 0.115582 -0.790139 0.031250
v 0.000000 -0.802404 0.031250
v -0.117652 -0.804288 0.031250
v -0.235913 -0.792397 0.031250
v -0.350663 -0.761919 0.031250
v -0.453943 -0.707628 0.031250
v -0.539821 -0.633158 0.031250
v -0.612505 -0.551255 0.031250
v -0.680537 -0.469975 0.031250
v -0.746746 -0.388021 0.031250
v -0.808881 -0.301544 0.031250
v -0.863868 -0.208325 0.031250
v -0.905841 -0.107331 0.031250
v -0.922447 -0.000000 0.031250
v -0.904720 0.107198 0.031250
v -0.860551 0.207526 0.031250
v -0.806079 0.300500 0.031250
v -0.750273 0.389853 0.031250
v -0.693679 0.479051 0.031250
v -0.632065 0.568859 0.031250
v -0.557239 0.653587 0.031250
v -0.461992 0.720174 0.031250
v -0.349488 0.759365 0.031250
v -0.230910 0.775593 0.031250
v -0.113882 0.778514 0.031250
v -0.000000 0.773647 0.031250
v 0.111812 0.764365 0.031250
v 0.224398 0.753719 0.031250
v 0.340279 0.739355 0.031250
v 0.455479 0.710022 0.031250
v 0.559309 0.656015 0.031250
v 0.645090 0.580581 0.031250
v 0.714168 0.493201 0.031250
v 0.769810 0.400005 0.031250
v 0.815288 0.303933 0.031250
v 0.854039 0.205955 0.031250
v 0.884231 0.104770 0.031250
v 0.896399 0.000000 0.031250
v 0.896958 -0.000000 0.062500
v 0.868397 -0.102894 0.062500
v 0.829888 -0.200131 0.062500
v 0.784352 -0.292400 0.062500
v 0.729565 -0.379093 0.062500
v 0.665937 -0.459893 0.062500
v 0.596771 -0.537094 0.062500
v 0.524357 -0.615020 0.062500
v 0.444544 -0.692976 0.062500
v 0.349282 -0.758918 0.062500
v 0.238088 -0.799700 0.062500
v 0.119155 -0.814567 0.062500
v 0.000000 -0.811448 0.062500
v -0.116613 -0.797185 0.062500
v -0.230088 -0.772831 0.062500
v -0.337969 -0.734337 0.062500
v -0.436545 -0.680506 0.062500
v -0.526899 -0.618002 0.062500
v -0.612770 -0.551493 0.062500
v -0.691106 -0.477274 0.062500
v -0.753564 -0.391563 0.062500
v -0.795666 -0.296618 0.062500
v -0.821889 -0.198202 0.062500
v -0.843228 -0.099912 0.062500
v -0.864959 -0.000000 0.062500
v -0.877704 0.103997 0.062500
v -0.869806 0.209758 0.062500
v -0.840292 0.313254 0.062500
v -0.793011 0.412061 0.062500
v -0.729176 0.503565 0.062500
v -0.647492 0.582743 0.062500
v -0.547775 0.642487 0.062500
v -0.436414 0.680302 0.062500
v -0.324688 0.705479 0.062500
v -0.217344 0.730025 0.062500
v -0.110375 0.754545 0.062500
v -0.000000 0.770860 0.062500
v 0.112918 0.771927 0.062500
v 0.225344 0.756895 0.062500
v 0.336001 0.730061 0.062500
v 0.444414 0.692773 0.062500
v 0.545232 0.639505 0.062500
v 0.631493 0.568344 0.062500
v 0.704007 0.486183 0.062500
v 0.769012 0.399591 0.062500
v 0.828979 0.309037 0.062500
v 0.877806 0.211687 0.062500
v 0.902873 0.106979 0.062500
v 0.896958 0.000000 0.062500
v 0.836123 -0.000000 0.093750
v 0.825788 -0.097845 0.093750
v 0.817955 -0.197253 0.093750
v 0.799871 -0.298186 0.093750
v 0.761916 -0.395903 0.093750
v 0.700806 -0.483973 0.093750
v 0.618500 -0.556650 0.093750
v 0.523281 -0.613757 0.093750
v 0.425278 -0.662943 0.093750
v 0.326747 -0.709954 0.093750
v 0.223456 -0.750553 0.093750
v 0.113930 -0.778846 0.093750
v 0.000000 -0.793598 0.093750
v -0.116027 -0.793183 0.093750
v -0.230054 -0.772716 0.093750
v -0.336079 -0.730229 0.093750
v -0.431877 -0.673229 0.093750
v -0.521183 -0.611298 0.093750
v -0.605304 -0.544773 0.093750
v -0.680045 -0.469635 0.093750
v -0.742120 -0.385617 0.093750
v -0.790539 -0.294707 0.093750
v -0.824553 -0.198845 0.093750
v -0.846548 -0.100305 0.093750
v -0.862517 -0.000000 0.093750
v -0.871023 0.103205 0.093750
v -0.860262 0.207456 0.093750
v -0.823519 0.307001 0.093750
v -0.765494 0.397762 0.093750
v -0.693230 0.478741 0.093750
v -0.610039 0.549036 0.093750
v -0.518586 0.608250 0.093750
v -0.424042 0.661016 0.093750
v -0.328197 0.713105 0.093750
v -0.226221 0.759842 0.093750
v -0.115423 0.789055 0.093750
v -0.000000 0.793733 0.093750
v 0.113326 0.774718 0.093750
v 0.219623 0.737679 0.093750
v 0.318866 0.692829 0.093750
v 0.417444 0.650730 0.093750
v 0.520683 0.610710 0.093750
v 0.623236 0.560913 0.093750
v 0.713991 0.493078 0.093750
v 0.785289 0.408048 0.093750
v 0.832850 0.310480 0.093750
v 0.853663 0.205865 0.093750
v 0.850262 0.100745 0.093750
v 0.836123 0.000000 0.093750
v 0.852029 -0.000000 0.125000
v 0.869850 -0.103066 0.125000
v 0.864275 -0.208424 0.125000
v 0.829118 -0.309089 0.125000
v 0.770640 -0.400436 0.125000
v 0.696732 -0.481159 0.125000
v 0.611131 -0.550018 0.125000
v 0.516345 -0.605622 0.125000
v 0.418122 -0.651788 0.125000
v 0.320719 -0.696856 0.125000
v 0.220586 -0.740914 0.125000
v 0.113052 -0.772840 0.125000
v 0.000000 -0.782277 0.125000
v -0.112157 -0.766725 0.125000
v -0.217771 -0.731460 0.125000
v -0.316739 -0.688207 0.125000
v -0.415307 -0.647400 0.125000
v -0.517239 -0.606671 0.125000
v -0.616760 -0.555084 0.125000
v -0.705588 -0.487275 0.125000
v -0.779084 -0.404824 0.125000
v -0.833098 -0.310573 0.125000
v -0.861461 -0.207745 0.125000
v -0.860995 -0.102017 0.125000
v -0.840771 -0.000000 0.125000
v -0.817969 0.096919 0.125000
v -0.798860 0.192649 0.125000
v -0.775255 0.289009 0.125000
v -0.737512 0.383223 0.125000
v -0.680974 0.470276 0.125000
v -0.606369 0.545732 0.125000
v -0.520000 0.609910 0.125000
v -0.428278 0.667619 0.125000
v -0.330755 0.718661 0.125000
v -0.225050 0.755908 0.125000
v -0.113615 0.776693 0.125000
v -0.000000 0.785041 0.125000
v 0.114510 0.782808 0.125000
v 0.227865 0.765362 0.125000
v 0.334735 0.727310 0.125000
v 0.431092 0.672007 0.125000
v 0.519106 0.608861 0.125000
v 0.600740 0.540666 0.125000
v 0.672118 0.464161 0.125000
v 0.729069 0.378835 0.125000
v 0.771274 0.287525 0.125000
v 0.801675 0.193327 0.125000
v 0.826824 0.097968 0.125000
v 0.852029 0.000000 0.125000
v 0.868631 -0.000000 0.156250
v 0.863335 -0.102294 0.156250
v 0.834024 -0.201128 0.156250
v 0.791021 -0.294886 0.156250
v 0.743120 -0.386136 0.156250
v 0.690312 -0.476726 0.156250
v 0.626172 -0.563554 0.156250
v 0.542965 -0.636846 0.156250
v 0.440034 -0.685945 0.156250
v 0.327442 -0.711463 0.156250
v 0.215591 -0.724138 0.156250
v 0.106912 -0.730867 0.156250
v 0.000000 -0.731746 0.156250
v -0.106280 -0.726552 0.156250
v -0.213606 -0.717468 0.156250
v -0.324634 -0.705361 0.156250
v -0.438048 -0.682850 0.156250
v -0.543597 -0.637586 0.156250
v -0.630143 -0.567128 0.156250
v -0.696560 -0.481040 0.156250
v -0.749076 -0.389232 0.156250
v -0.793829 -0.295933 0.156250
v -0.832038 -0.200650 0.156250
v -0.857088 -0.101554 0.156250
v -0.860688 -0.000000 0.156250
v -0.845039 0.100126 0.156250
v -0.818235 0.197321 0.156250
v -0.780493 0.290962 0.156250
v -0.727236 0.377883 0.156250
v -0.659177 0.455224 0.156250
v -0.583366 0.525030 0.156250
v -0.506001 0.593490 0.156250
v -0.424626 0.661926 0.156250
v -0.331966 0.721294 0.156250
v -0.227130 0.762896 0.156250
v -0.115113 0.786931 0.156250
v -0.000000 0.796292 0.156250
v 0.115744 0.791246 0.156250
v 0.229116 0.769565 0.156250
v 0.334774 0.727395 0.156250
v 0.426611 0.665021 0.156250
v 0.505370 0.592750 0.156250
v 0.579395 0.521456 0.156250
v 0.652930 0.450910 0.156250
v 0.721279 0.374788 0.156250
v 0.777685 0.289915 0.156250
v 0.820221 0.197800 0.156250
v 0.851286 0.100867 0.156250
v 0.868631 0.000000 0.156250
v 0.854935 -0.000000 0.187500
v 0.847661 -0.100437 0.187500
v 0.821364 -0.198075 0.187500
v 0.782606 -0.291749 0.187500
v 0.731904 -0.380309 0.187500
v 0.669180 -0.462132 0.187500
v 0.597238 -0.537514 0.187500
v 0.517147 -0.606563 0.187500
v 0.425988 -0.664049 0.187500
v 0.324065 -0.704125 0.187500
v 0.217345 -0.730027 0.187500
v 0.109501 -0.748570 0.187500
v 0.000000 -0.760298 0.187500
v -0.111430 -0.761757 0.187500
v -0.223414 -0.750412 0.187500
v -0.332647 -0.722774 0.187500
v -0.432056 -0.673509 0.187500
v -0.515218 -0.604301 0.187500
v -0.585100 -0.526590 0.187500
v -0.650086 -0.448946 0.187500
v -0.713698 -0.370848 0.187500
v -0.774023 -0.288550 0.187500
v -0.827433 -0.199539 0.187500
v -0.866755 -0.102699 0.187500
v -0.879210 -0.000000 0.187500
v -0.857906 0.101651 0.187500
v -0.813168 0.196099 0.187500
v -0.761059 0.283717 0.187500
v -0.708951 0.368382 0.187500
v -0.656394 0.453302 0.187500
v -0.599323 0.539390 0.187500
v -0.530095 0.621750 0.187500
v -0.441085 0.687583 0.187500
v -0.334259 0.726276 0.187500
v -0.220627 0.741051 0.187500
v -0.108588 0.742330 0.187500
v -0.000000 0.737083 0.187500
v 0.106660 0.729144 0.187500
v 0.214558 0.720667 0.187500
v 0.325677 0.707628 0.187500
v 0.435016 0.678122 0.187500
v 0.532024 0.624013 0.187500
v 0.611460 0.550314 0.187500
v 0.675489 0.466489 0.187500
v 0.727158 0.377842 0.187500
v 0.769641 0.286916 0.187500
v 0.807099 0.194635 0.187500
v 0.838811 0.099388 0.187500
v 0.854935 0.000000 0.187500
v 0.851640 -0.000000 0.218750
v 0.821804 -0.097373 0.218750
v 0.781686 -0.188507 0.218750
v 0.736478 -0.274553 0.218750
v 0.684638 -0.355748 0.218750
v 0.626065 -0.432357 0.218750
v 0.563235 -0.506912 0.218750
v 0.497190 -0.583156 0.218750
v 0.422527 -0.658654 0.218750
v 0.331468 -0.720211 0.218750
v 0.225063 -0.755952 0.218750
v 0.112230 -0.767227 0.218750
v 0.000000 -0.762908 0.218750
v -0.109700 -0.749930 0.218750
v -0.217102 -0.729213 0.218750
v -0.320210 -0.695750 0.218750
v -0.414566 -0.646244 0.218750
v -0.499720 -0.586124 0.218750
v -0.579157 -0.521241 0.218750
v -0.651111 -0.449654 0.218750
v -0.708520 -0.368158 0.218750
v -0.747736 -0.278750 0.218750
v -0.773725 -0.186587 0.218750
v -0.796758 -0.094406 0.218750
v -0.819798 -0.000000 0.218750
v -0.832007 0.098582 0.218750
v -0.822987 0.198467 0.218750
v -0.793570 0.295837 0.218750
v -0.748110 0.388729 0.218750
v -0.687817 0.475003 0.218750
v -0.611467 0.550320 0.218750
v -0.518274 0.607885 0.218750
v -0.413192 0.644103 0.218750
v -0.306879 0.666785 0.218750
v -0.204908 0.688254 0.218750
v -0.103936 0.710523 0.218750
v -0.000000 0.726047 0.218750
v 0.106466 0.727819 0.218750
v 0.212869 0.714993 0.218750
v 0.318137 0.691246 0.218750
v 0.421153 0.656513 0.218750
v 0.515743 0.604917 0.218750
v 0.595546 0.535991 0.218750
v 0.662771 0.457706 0.218750
v 0.724228 0.376320 0.218750
v 0.782312 0.291640 0.218750
v 0.830948 0.200387 0.218750
v 0.857053 0.101550 0.218750
v 0.851640 0.000000 0.218750
v 0.781408 -0.000000 0.250000
v 0.768956 -0.091112 0.250000
v 0.760978 -0.183513 0.250000
v 0.744976 -0.277721 0.250000
v 0.710236 -0.369050 0.250000
v 0.653012 -0.450966 0.250000
v 0.575865 -0.518278 0.250000
v 0.487623 -0.571934 0.250000
v 0.397582 -0.619769 0.250000
v 0.306510 -0.665982 0.250000
v 0.209948 -0.705182 0.250000
v 0.107097 -0.732136 0.250000
v 0.000000 -0.746640 0.250000
v -0.109315 -0.747297 0.250000
v -0.216926 -0.728620 0.250000
v -0.316378 -0.687423 0.250000
v -0.404560 -0.630646 0.250000
v -0.485405 -0.569333 0.250000
v -0.561909 -0.505718 0.250000
v -0.631057 -0.435805 0.250000
v -0.689303 -0.358172 0.250000
v -0.735108 -0.274042 0.250000
v -0.767956 -0.185196 0.250000
v -0.790911 -0.093713 0.250000
v -0.809320 -0.000000 0.250000
v -0.819610 0.097113 0.250000
v -0.809303 0.195167 0.250000
v -0.773377 0.288309 0.250000
v -0.718153 0.373163 0.250000
v -0.650828 0.449458 0.250000
v -0.573662 0.516295 0.250000
v -0.487780 0.572119 0.250000
v -0.397782 0.620081 0.250000
v -0.306654 0.666296 0.250000
v -0.210808 0.708071 0.250000
v -0.107416 0.734318 0.250000
v -0.000000 0.737786 0.250000
v 0.105199 0.719157 0.250000
v 0.203830 0.684634 0.250000
v 0.296786 0.644854 0.250000
v 0.390805 0.609204 0.250000
v 0.489998 0.574720 0.250000
v 0.587617 0.528856 0.250000
v 0.672782 0.464619 0.250000
v 0.739087 0.384041 0.250000
v 0.783245 0.291988 0.250000
v 0.802326 0.193484 0.250000
v 0.797656 0.094512 0.250000
v 0.781408 0.000000 0.250000
v 0.788066 -0.000000 0.281250
v 0.804237 -0.095292 0.281250
v 0.800158 -0.192961 0.281250
v 0.768350 -0.286435 0.281250
v 0.713878 -0.370942 0.281250
v 0.644384 -0.445008 0.281250
v 0.563960 -0.507564 0.281250
v 0.475865 -0.558143 0.281250
v 0.386055 -0.601800 0.281250
v 0.297562 -0.646540 0.281250
v 0.205571 -0.690483 0.281250
v 0.105541 -0.721496 0.281250
v 0.000000 -0.729891 0.281250
v -0.104436 -0.713945 0.281250
v -0.202096 -0.678810 0.281250
v -0.292647 -0.635861 0.281250
v -0.382579 -0.596382 0.281250
v -0.476969 -0.559439 0.281250
v -0.570911 -0.513820 0.281250
v -0.655319 -0.452560 0.281250
v -0.724305 -0.376360 0.281250
v -0.773265 -0.288267 0.281250
v -0.796682 -0.192123 0.281250
v -0.793302 -0.093996 0.281250
v -0.774164 -0.000000 0.281250
v -0.755850 0.089559 0.281250
v -0.741932 0.178920 0.281250
v -0.722715 0.269422 0.281250
v -0.688831 0.357927 0.281250
v -0.636021 0.439233 0.281250
v -0.564928 0.508435 0.281250
v -0.482051 0.565399 0.281250
v -0.395060 0.615838 0.281250
v -0.304609 0.661852 0.281250
v -0.207630 0.697398 0.281250
v -0.105118 0.718602 0.281250
v -0.000000 0.727846 0.281250
v 0.106222 0.726153 0.281250
v 0.211106 0.709071 0.281250
v 0.309524 0.672532 0.281250
v 0.398535 0.621255 0.281250
v 0.480946 0.564103 0.281250
v 0.557977 0.502179 0.281250
v 0.625087 0.431681 0.281250
v 0.678404 0.352509 0.281250
v 0.717800 0.267590 0.281250
v 0.745407 0.179758 0.281250
v 0.766785 0.090854 0.281250
v 0.788066 0.000000 0.281250
v 0.795106 -0.000000 0.312500
v 0.792934 -0.093953 0.312500
v 0.768953 -0.185436 0.312500
v 0.731339 -0.272637 0.312500
v 0.688340 -0.357672 0.312500
v 0.639988 -0.441972 0.312500
v 0.579845 -0.521861 0.312500
v 0.500816 -0.587409 0.312500
v 0.403751 -0.629385 0.312500
v 0.299411 -0.650558 0.312500
v 0.197086 -0.661981 0.312500
v 0.097877 -0.669107 0.312500
v 0.000000 -0.670817 0.312500
v -0.097470 -0.666321 0.312500
v -0.195804 -0.657675 0.312500
v -0.297598 -0.646619 0.312500
v -0.402469 -0.627386 0.312500
v -0.501223 -0.587886 0.312500
v -0.582409 -0.524168 0.312500
v -0.644021 -0.444758 0.312500
v -0.692186 -0.359671 0.312500
v -0.733152 -0.273313 0.312500
v -0.767671 -0.185127 0.312500
v -0.788901 -0.093475 0.312500
v -0.789978 -0.000000 0.312500
v -0.774880 0.091813 0.312500
v -0.751185 0.181151 0.312500
v -0.717308 0.267407 0.312500
v -0.667933 0.347068 0.312500
v -0.603993 0.417114 0.312500
v -0.532973 0.479676 0.312500
v -0.461845 0.541699 0.312500
v -0.388791 0.606065 0.312500
v -0.305743 0.664315 0.312500
v -0.210234 0.706143 0.312500
v -0.106788 0.730023 0.312500
v -0.000000 0.738664 0.312500
v 0.107196 0.732809 0.312500
v 0.211516 0.710449 0.312500
v 0.307556 0.668255 0.312500
v 0.390073 0.608064 0.312500
v 0.461437 0.541221 0.312500
v 0.530409 0.477368 0.312500
v 0.599959 0.414329 0.312500
v 0.664087 0.345070 0.312500
v 0.715495 0.266731 0.312500
v 0.752467 0.181461 0.312500
v 0.778914 0.092291 0.312500
v 0.795106 0.000000 0.312500
v 0.783226 -0.000000 0.343750
v 0.780225 -0.092447 0.343750
v 0.756827 -0.182512 0.343750
v 0.720114 -0.268453 0.343750
v 0.672306 -0.349340 0.343750
v 0.614166 -0.424139 0.343750
v 0.548082 -0.493274 0.343750
v 0.474166 -0.556151 0.343750
v 0.389433 -0.607067 0.343750
v 0.295180 -0.641365 0.343750
v 0.197623 -0.663785 0.343750
v 0.099595 -0.680847 0.343750
v 0.000000 -0.691861 0.343750
v -0.101367 -0.692964 0.343750
v -0.203199 -0.682516 0.343750
v -0.303066 -0.658500 0.343750
v -0.395010 -0.615760 0.343750
v -0.472394 -0.554072 0.343750
v -0.536929 -0.483236 0.343750
v -0.596621 -0.412023 0.343750
v -0.655576 -0.340647 0.343750
v -0.712228 -0.265513 0.343750
v -0.762404 -0.183857 0.343750
v -0.797770 -0.094526 0.343750
v -0.805532 -0.000000 0.343750
v -0.781161 0.092558 0.343750
v -0.737161 0.177770 0.343750
v -0.689072 0.256881 0.343750
v -0.642476 0.333840 0.343750
v -0.595929 0.411545 0.343750
v -0.545594 0.491034 0.343750
v -0.484547 0.568326 0.343750
v -0.404945 0.631247 0.343750
v -0.307492 0.668117 0.343750
v -0.202690 0.680805 0.343750
v -0.099496 0.680171 0.343750
v -0.000000 0.674500 0.343750
v 0.097723 0.668054 0.343750
v 0.197114 0.662074 0.343750
v 0.299606 0.650981 0.343750
v 0.399369 0.622554 0.343750
v 0.486319 0.570405 0.343750
v 0.556747 0.501072 0.343750
v 0.613474 0.423662 0.343750
v 0.659205 0.342533 0.343750
v 0.696958 0.259820 0.343750
v 0.731585 0.176425 0.343750
v 0.763616 0.090479 0.343750
v 0.783226 0.000000 0.343750
v 0.778596 -0.000000 0.375000
v 0.748412 -0.088677 0.375000
v 0.707809 -0.170691 0.375000
v 0.664187 -0.247604 0.375000
v 0.616860 -0.320530 0.375000
v 0.565278 -0.390378 0.375000
v 0.510978 -0.459880 0.375000
v 0.453628 -0.532062 0.375000
v 0.386672 -0.602762 0.375000
v 0.302838 -0.658004 0.375000
v 0.204689 -0.687518 0.375000
v 0.101621 -0.694700 0.375000
v 0.000000 -0.689105 0.375000
v -0.099124 -0.677628 0.375000
v -0.196832 -0.661127 0.375000
v -0.291726 -0.633860 0.375000
v -0.378815 -0.590514 0.375000
v -0.456126 -0.534991 0.375000
v -0.526693 -0.474023 0.375000
v -0.589999 -0.407450 0.375000
v -0.640432 -0.332778 0.375000
v -0.675299 -0.251746 0.375000
v -0.699952 -0.168796 0.375000
v -0.723691 -0.085748 0.375000
v -0.747167 -0.000000 0.375000
v -0.758504 0.089873 0.375000
v -0.748878 0.180595 0.375000
v -0.720777 0.268700 0.375000
v -0.678786 0.352707 0.375000
v -0.624018 0.430943 0.375000
v -0.555391 0.499852 0.375000
v -0.471639 0.553187 0.375000
v -0.376209 0.586452 0.375000
v -0.278810 0.605795 0.375000
v -0.185629 0.623500 0.375000
v -0.094047 0.642925 0.375000
v -0.000000 0.657370 0.375000
v 0.096545 0.659997 0.375000
v 0.193486 0.649891 0.375000
v 0.289921 0.629939 0.375000
v 0.384067 0.598701 0.375000
v 0.469142 0.550258 0.375000
v 0.539676 0.485709 0.375000
v 0.599297 0.413871 0.375000
v 0.655214 0.340459 0.375000
v 0.709665 0.264558 0.375000
v 0.756735 0.182490 0.375000
v 0.783225 0.092802 0.375000
v 0.778596 0.000000 0.375000
v 0.702499 -0.000000 0.406250
v 0.688292 -0.081554 0.406250
v 0.680484 -0.164102 0.406250
v 0.667212 -0.248731 0.406250
v 0.636935 -0.330961 0.406250
v 0.585472 -0.404324 0.406250
v 0.515861 -0.464275 0.406250
v 0.437206 -0.512800 0.406250
v 0.357732 -0.557649 0.406250
v 0.276789 -0.601405 0.406250
v 0.189891 -0.637815 0.406250
v 0.096921 -0.662570 0.406250
v 0.000000 -0.676507 0.406250
v -0.099242 -0.678433 0.406250
v -0.197192 -0.662338 0.406250
v -0.287114 -0.623839 0.406250
v -0.365033 -0.569030 0.406250
v -0.434885 -0.510078 0.406250
v -0.501259 -0.451133 0.406250
v -0.562501 -0.388460 0.406250
v -0.615032 -0.319580 0.406250
v -0.656887 -0.244882 0.406250
v -0.687785 -0.165862 0.406250
v -0.711262 -0.084275 0.406250
v -0.731702 -0.000000 0.406250
v -0.743423 0.088086 0.406250
v -0.733696 0.176934 0.406250
v -0.699447 0.260748 0.406250
v -0.648516 0.336979 0.406250
v -0.588105 0.406142 0.406250
v -0.519391 0.467452 0.406250
v -0.441888 0.518291 0.406250
v -0.359368 0.560199 0.406250
v -0.275832 0.599326 0.406250
v -0.189037 0.634947 0.406250
v -0.096161 0.657375 0.406250
v -0.000000 0.659372 0.406250
v 0.093841 0.641512 0.406250
v 0.181736 0.610425 0.406250
v 0.265507 0.576892 0.406250
v 0.352067 0.548819 0.406250
v 0.444208 0.521013 0.406250
v 0.533993 0.480594 0.406250
v 0.611075 0.422005 0.406250
v 0.670418 0.348360 0.406250
v 0.709772 0.264597 0.406250
v 0.726395 0.175173 0.406250
v 0.720452 0.085364 0.406250
v 0.702499 0.000000 0.406250
v 0.702299 -0.000000 0.437500
v 0.716389 -0.084883 0.437500
v 0.713822 -0.172141 0.437500
v 0.686092 -0.255770 0.437500
v 0.636974 -0.330981 0.437500
v 0.573708 -0.396199 0.437500
v 0.500700 -0.450630 0.437500
v 0.421878 -0.494822 0.437500
v 0.343151 -0.534919 0.437500
v 0.266141 -0.578268 0.437500
v 0.184882 -0.620989 0.437500
v 0.095120 -0.650258 0.437500
v 0.000000 -0.657331 0.437500
v -0.093814 -0.641332 0.437500
v -0.180774 -0.607191 0.437500
v -0.260331 -0.565645 0.437500
v -0.339043 -0.528515 0.437500
v -0.423183 -0.496353 0.437500
v -0.508916 -0.458025 0.437500
v -0.586633 -0.405126 0.437500
v -0.649298 -0.337385 0.437500
v -0.691902 -0.257936 0.437500
v -0.709714 -0.171151 0.437500
v -0.703463 -0.083351 0.437500
v -0.685867 -0.000000 0.437500
v -0.672443 0.079676 0.437500
v -0.664026 0.160133 0.437500
v -0.649773 0.242230 0.437500
v -0.620845 0.322600 0.437500
v -0.573426 0.396004 0.437500
v -0.507955 0.457159 0.437500
v -0.430885 0.505386 0.437500
v -0.350933 0.547050 0.437500
v -0.269929 0.586499 0.437500
v -0.184312 0.619074 0.437500
v -0.093612 0.639946 0.437500
v -0.000000 0.649832 0.437500
v 0.094917 0.648873 0.437500
v 0.188420 0.632873 0.437500
v 0.275738 0.599122 0.437500
v 0.355041 0.553454 0.437500
v 0.429579 0.503855 0.437500
v 0.499738 0.449765 0.437500
v 0.560500 0.387078 0.437500
v 0.608520 0.316197 0.437500
v 0.643963 0.240064 0.437500
v 0.668134 0.161123 0.437500
v 0.685369 0.081207 0.437500
v 0.702299 0.000000 0.437500
v 0.701640 -0.000000 0.468750
v 0.702319 -0.083216 0.468750
v 0.684128 -0.164980 0.468750
v 0.652886 -0.243391 0.468750
v 0.615996 -0.320081 0.468750
v 0.573447 -0.396020 0.468750
v 0.518921 -0.467029 0.468750
v 0.446142 -0.523281 0.468750
v 0.357447 -0.557204 0.468750
v 0.263985 -0.573585 0.468750
v 0.173701 -0.583434 0.468750
v 0.086403 -0.590663 0.468750
v 0.000000 -0.593085 0.468750
v -0.086222 -0.589429 0.468750
v -0.173133 -0.581526 0.468750
v -0.263182 -0.571840 0.468750
v -0.356879 -0.556319 0.468750
v -0.446322 -0.523493 0.468750
v -0.520057 -0.468051 0.468750
v -0.575235 -0.397254 0.468750
v -0.617700 -0.320966 0.468750
v -0.653689 -0.243690 0.468750
v -0.683560 -0.164843 0.468750
v -0.700532 -0.083004 0.468750
v -0.699368 -0.000000 0.468750
v -0.685569 0.081231 0.468750
v -0.665797 0.160560 0.468750
v -0.636650 0.237338 0.468750
v -0.592281 0.307758 0.468750
v -0.533902 0.368710 0.468750
v -0.469292 0.422363 0.468750
v -0.406041 0.476247 0.468750
v -0.343057 0.534773 0.468750
v -0.271719 0.590389 0.468750
v -0.188010 0.631498 0.468750
v -0.095784 0.654795 0.468750
v -0.000000 0.662593 0.468750
v 0.095964 0.656029 0.468750
v 0.188578 0.633406 0.468750
v 0.272522 0.592135 0.468750
v 0.343625 0.535659 0.468750
v 0.405860 0.476035 0.468750
v 0.468156 0.421341 0.468750
v 0.532115 0.367475 0.468750
v 0.590577 0.306873 0.468750
v 0.635847 0.237039 0.468750
v 0.666365 0.160697 0.468750
v 0.687356 0.081443 0.468750
v 0.701640 0.000000 0.468750
v 0.694017 -0.000000 0.500000
v 0.695561 -0.082415 0.500000
v 0.675894 -0.162995 0.500000
v 0.642245 -0.239424 0.500000
v 0.598403 -0.310939 0.500000
v 0.545981 -0.377051 0.500000
v 0.486971 -0.438274 0.500000
v 0.420647 -0.493378 0.500000
v 0.344147 -0.536472 0.500000
v 0.259724 -0.564326 0.500000
v 0.173578 -0.583022 0.500000
v 0.087547 -0.598487 0.500000
v 0.000000 -0.608705 0.500000
v -0.089149 -0.609436 0.500000
v -0.178617 -0.599948 0.500000
v -0.266850 -0.579810 0.500000
v -0.349186 -0.544327 0.500000
v -0.419046 -0.491500 0.500000
v -0.476893 -0.429204 0.500000
v -0.530126 -0.366102 0.500000
v -0.583285 -0.303084 0.500000
v -0.635119 -0.236767 0.500000
v -0.680933 -0.164210 0.500000
v -0.711416 -0.084294 0.500000
v -0.714173 -0.000000 0.500000
v -0.687257 0.081431 0.500000
v -0.645024 0.155550 0.500000
v -0.602057 0.224442 0.500000
v -0.562025 0.292037 0.500000
v -0.522526 0.360853 0.500000
v -0.480008 0.432007 0.500000
v -0.428423 0.502499 0.500000
v -0.359948 0.561103 0.500000
v -0.274024 0.595398 0.500000
v -0.180361 0.605804 0.500000
v -0.088249 0.603284 0.500000
v -0.000000 0.597247 0.500000
v 0.086647 0.592335 0.500000
v 0.175322 0.588878 0.500000
v 0.266898 0.579914 0.500000
v 0.354909 0.553248 0.500000
v 0.430025 0.504378 0.500000
v 0.490086 0.441078 0.500000
v 0.538380 0.371802 0.500000
v 0.577142 0.299892 0.500000
v 0.609183 0.227099 0.500000
v 0.639985 0.154335 0.500000
v 0.671403 0.079553 0.500000
v 0.694017 0.000000 0.500000
vt 0.000000 0.000000
vt 0.020833 0.000000
vt 0.041667 0.000000
vt 0.062500 0.000000
vt 0.083333 0.000000
vt 0.104167 0.000000
vt 0.125000 0.000000
vt 0.145833 0.000000
vt 0.166667 0.000000
vt 0.187500 0.000000
vt 0.208333 0.000000
vt 0.229167 0.000000
vt 0.250000 0.000000
vt 0.270833 0.000000
vt 0.291667 0.000000
vt 0.312500 0.000000
vt 0.333333 0.000000
vt 0.354167 0.000000
vt 0.375000 0.000000
vt 0.395833 0.000000
vt 0.416667 0.000000
vt 0.437500 0.000000
vt 0.458333 0.000000
vt 0.479167 0.000000
vt 0.500000 0.000000
vt 0.520833 0.000000
vt 0.541667 0.000000
vt 0.562500 0.000000
vt 0.583333 0.000000
vt 0.604167 0.000000
vt 0.625000 0.000000
vt 0.645833 0.000000
vt 0.666667 0.000000
vt 0.687500 0.000000
vt 0.708333 0.000000
vt 0.729167 0.000000
vt 0.750000 0.000000
vt 0.770833 0.000000
vt 0.791667 0.000000
vt 0.812500 0.000000
vt 0.833333 0.000000
vt 0.854167 0.000000
vt 0.875000 0.000000
vt 0.895833 0.000000
vt 0.916667 0.000000
vt 0.937500 0.000000
vt 0.958333 0.000000
vt 0.979167 0.000000
vt 1.000000 0.000000
vt 0.000000 0.031250
vt 0.020833 0.031250
vt 0.041667 0.031250
vt 0.062500 0.031250
vt 0.083333 0.031250
vt 0.104167 0.031250
vt 0.125000 0.031250
vt 0.145833 0.031250
vt 0.166667 0.031250
vt 0.187500 0.031250
vt 0.208333 0.031250
vt 0.229167 0.031250
vt 0.250000 0.031250
vt 0.270833 0.031250
vt 0.291667 0.031250
vt 0.312500 0.031250
vt 0.333333 0.031250
vt 0.354167 0.031250
vt 0.375000 0.031250
vt 0.395833 0.031250
vt 0.416667 0.031250
vt 0.437500 0.031250
vt 0.458333 0.031250
vt 0.479167 0.031250
vt 0.500000 0.031250
vt 0.520833 0.031250
vt 0.541667 0.031250
vt 0.562500 0.031250
vt 0.583333 0.031250
vt 0.604167 0.031250
vt 0.625000 0.031250
vt 0.645833 0.031250
vt 0.666667 0.031250
vt 0.687500 0.031250
vt 0.708333 0.031250
vt 0.729167 0.031250
vt 0.750000 0.031250
vt 0.770833 0.031250
vt 0.791667 0.031250
vt 0.812500 0.031250
vt 0.833333 0.031250
vt 0.854167 0.031250
vt 0.875000 0.031250
vt 0.895833 0.031250
vt 0.916667 0.031250
vt 0.937500 0.031250
vt 0.958333 0.031250
vt 0.979167 0.031250
vt 1.000000 0.031250
vt 0.000000 0.062500
vt 0.020833 0.062500
vt 0.041667 0.062500
vt 0.062500 0.062500
vt 0.083333 0.062500
vt 0.104167 0.062500
vt 0.125000 0.062500
vt 0.145833 0.062500
vt 0.166667 0.062500
vt 0.187500 0.062500
vt 0.208333 0.062500
vt 0.229167 0.062500
vt 0.250000 0.062500
vt 0.270833 0.062500
vt 0.291667 0.062500
vt 0.312500 0.062500
vt 0.333333 0.062500
vt 0.354167 0.062500
vt 0.375000 0.062500
vt 0.395833 0.062500
vt 0.416667 0.062500
vt 0.437500 0.062500
vt 0.458333 0.062500
vt 0.479167 0.062500
vt 0.500000 0.062500
vt 0.520833 0.062500
vt 0.541667 0.062500
vt 0.562500 0.062500
vt 0.583333 0.062500
vt 0.604167 0.062500
vt 0.625000 0.062500
vt 0.645833 0.062500
vt 0.666667 0.062500
vt 0.687500 0.062500
vt 0.708333 0.062500
vt 0.729167 0.062500
vt 0.750000 0.062500
vt 0.770833 0.062500
vt 0.791667 0.062500
vt 0.812500 0.062500
vt 0.833333 0.062500
vt 0.854167 0.062500
vt 0.875000 0.062500
vt 0.895833 0.062500
vt 0.916667 0.062500
vt 0.937500 0.062500
vt 0.958333 0.062500
vt 0.979167 0.062500
vt 1.000000 0.062500
vt 0.000000 0.093750
vt 0.020833 0.093750
vt 0.041667 0.093750
vt 0.062500 0.093750
vt 0.083333 0.093750
vt 0.104167 0.093750
vt 0.125000 0.093750
vt 0.145833 0.093750
vt 0.166667 0.093750
vt 0.187500 0.093750
vt 0.208333 0.093750
vt 0.229167 0.093750
vt 0.250000 0.093750
vt 0.270833 0.093750
vt 0.291667 0.093750
vt 0.312500 0.093750
vt 0.333333 0.093750
vt 0.354167 0.093750
vt 0.375000 0.093750
vt 0.395833 0.093750
vt 0.416667 0.093750
vt 0.437500 0.093750
vt 0.458333 0.093750
vt 0.479167 0.093750
vt 0.500000 0.093750
vt 0.520833 0.093750
vt 0.541667 0.093750
vt 0.562500 0.093750
vt 0.583333 0.093750
vt 0.604167 0.093750
vt 0.625000 0.093750
vt 0.645833 0.093750
vt 0.666667 0.093750
vt 0.687500 0.093750
vt 0.708333 0.093750
vt 0.729167 0.093750
vt 0.750000 0.093750
vt 0.770833 0.093750
vt 0.791667 0.093750
vt 0.812500 0.093750
vt 0.833333 0.093750
vt 0.854167 0.093750
vt 0.875000 0.093750
vt 0.895833 0.093750
vt 0.916667 0.093750
vt 0.937500 0.093750
vt 0.958333 0.093750
vt 0.979167 0.093750
vt 1.000000 0.093750
vt 0.000000 0.125000
vt 0.020833 0.125000
vt 0.041667 0.125000
vt 0.062500 0.125000
vt 0.083333 0.125000
vt 0.104167 0.125000
vt 0.125000 0.125000
vt 0.145833 0.125000
vt 0.166667 0.125000
vt 0.187500 0.125000
vt 0.208333 0.125000
vt 0.229167 0.125000
vt 0.250000 0.125000
vt 0.270833 0.125000
vt 0.291667 0.125000
vt 0.312500 0.125000
vt 0.333333 0.125000
vt 0.354167 0.125000
vt 0.375000 0.125000
vt 0.395833 0.125000
vt 0.416667 0.125000
vt 0.437500 0.125000
vt 0.458333 0.125000
vt 0.479167 0.125000
vt 0.500000 0.125000
vt 0.520833 0.125000
vt 0.541667 0.125000
vt 0.562500 0.125000
vt 0.583333 0.125000
vt 0.604167 0.125000
vt 0.625000 0.125000
vt 0.645833 0.125000
vt 0.666667 0.125000
vt 0.687500 0.125000
vt 0.708333 0.125000
vt 0.729167 0.125000
vt 0.750000 0.125000
vt 0.770833 0.125000
vt 0.791667 0.125000
vt 0.812500 0.125000
vt 0.833333 0.125000
vt 0.854167 0.125000
vt 0.875000 0.125000
vt 0.895833 0.125000
vt 0.916667 0.125000
vt 0.937500 0.125000
vt 0.958333 0.125000
vt 0.979167 0.125000
vt 1.000000 0.125000
vt 0.000000 0.156250
vt 0.020833 0.156250
vt 0.041667 0.156250
vt 0.062500 0.156250
vt 0.083333 0.156250
vt 0.104167 0.156250
vt 0.125000 0.156250
vt 0.145833 0.156250
vt 0.166667 0.156250
vt 0.187500 0.156250
vt 0.208333 0.156250
vt 0.229167 0.156250
vt 0.250000 0.156250
vt 0.270833 0.156250
vt 0.291667 0.156250
vt 0.312500 0.156250
vt 0.333333 0.156250
vt 0.354167 0.156250
vt 0.375000 0.156250
vt 0.395833 0.156250
vt 0.416667 0.156250
vt 0.437500 0.156250
vt 0.458333 0.156250
vt 0.479167 0.156250
vt 0.500000 0.156250
vt 0.520833 0.156250
vt 0.541667 0.156250
vt 0.562500 0.156250
vt 0.583333 0.156250
vt 0.604167 0.156250
vt 0.625000 0.156250
vt 0.645833 0.156250
vt 0.666667 0.156250
vt 0.687500 0.156250
vt 0.708333 0.156250
vt 0.729167 0.156250
vt 0.750000 0.156250
vt 0.770833 0.156250
vt 0.791667 0.156250
vt 0.812500 0.156250
vt 0.833333 0.156250
vt 0.854167 0.156250
vt 0.875000 0.156250
vt 0.895833 0.156250
vt 0.916667 0.156250
vt 0.937500 0.156250
vt 0.958333 0.156250
vt 0.979167 0.156250
vt 1.000000 0.156250
vt 0.000000 0.187500
vt 0.020833 0.187500
vt 0.041667 0.187500
vt 0.062500 0.187500
vt 0.083333 0.187500
vt 0.104167 0.187500
vt 0.125000 0.187500
vt 0.145833 0.187500
vt 0.166667 0.187500
vt 0.187500 0.187500
vt 0.208333 0.187500
vt 0.229167 0.187500
vt 0.250000 0.187500
vt 0.270833 0.187500
vt 0.291667 0.187500
vt 0.312500 0.187500
vt 0.333333 0.187500
vt 0.354167 0.187500
vt 0.375000 0.187500
vt 0.395833 0.187500
vt 0.416667 0.187500
vt 0.437500 0.187500
vt 0.458333 0.187500
vt 0.479167 0.187500
vt 0.500000 0.187500
vt 0.520833 0.187500
vt 0.541667 0.187500
vt 0.562500 0.187500
vt 0.583333 0.187500
vt 0.604167 0.187500
vt 0.625000 0.187500
vt 0.645833 0.187500
vt 0.666667 0.187500
vt 0.687500 0.187500
vt 0.708333 0.187500
vt 0.729167 0.187500
vt 0.750000 0.187500
vt 0.770833 0.187500
vt 0.791667 0.187500
vt 0.812500 0.187500
vt 0.833333 0.187500
vt 0.854167 0.187500
vt 0.875000 0.187500
vt 0.895833 0.187500
vt 0.916667 0.187500
vt 0.937500 0.187500
vt 0.958333 0.187500
vt 0.979167 0.187500
vt 1.000000 0.187500
vt 0.000000 0.218750
vt 0.020833 0.218750
vt 0.041667 0.218750
vt 0.062500 0.218750
vt 0.083333 0.218750
vt 0.104167 0.218750
vt 0.125000 0.218750
vt 0.145833 0.218750
vt 0.166667 0.218750
vt 0.187500 0.218750
vt 0.208333 0.218750
vt 0.229167 0.218750
vt 0.250000 0.218750
vt 0.270833 0.218750
vt 0.291667 0.218750
vt 0.312500 0.218750
vt 0.333333 0.218750
vt 0.354167 0.218750
vt 0.375000 0.218750
vt 0.395833 0.218750
vt 0.416667 0.218750
vt 0.437500 0.218750
vt 0.458333 0.218750
vt 0.479167 0.218750
vt 0.500000 0.218750
vt 0.520833 0.218750
vt 0.541667 0.218750
vt 0.562500 0.218750
vt 0.583333 0.218750
vt 0.604167 0.218750
vt 0.625000 0.218750
vt 0.645833 0.218750
vt 0.666667 0.218750
vt 0.687500 0.218750
vt 0.708333 0.218750
vt 0.729167 0.218750
vt 0.750000 0.218750
vt 0.770833 0.218750
vt 0.791667 0.218750
vt 0.812500 0.218750
vt 0.833333 0.218750
vt 0.854167 0.218750
vt 0.875000 0.218750
vt 0.895833 0.218750
vt 0.916667 0.218750
vt 0.937500 0.218750
vt 0.958333 0.218750
vt 0.979167 0.218750
vt 1.000000 0.218750
vt 0.000000 0.250000
vt 0.020833 0.250000
vt 0.041667 0.250000
vt 0.062500 0.250000
vt 0.083333 0.250000
vt 0.104167 0.250000
vt 0.125000 0.250000
vt 0.145833 0.250000
vt 0.166667 0.250000
vt 0.187500 0.250000
vt 0.208333 0.250000
vt 0.229167 0.250000
vt 0.250000 0.250000
vt 0.270833 0.250000
vt 0.291667 0.250000
vt 0.312500 0.250000
vt 0.333333 0.250000
vt 0.354167 0.250000
vt 0.375000 0.250000
vt 0.395833 0.250000
vt 0.416667 0.250000
vt 0.437500 0.250000
vt 0.458333 0.250000
vt 0.479167 0.250000
vt 0.500000 0.250000
vt 0.520833 0.250000
vt 0.541667 0.250000
vt 0.562500 0.250000
vt 0.583333 0.250000
vt 0.604167 0.250000
vt 0.625000 0.250000
vt 0.645833 0.250000
vt 0.666667 0.250000
vt 0.687500 0.250000
vt 0.708333 0.250000
vt 0.729167 0.250000
vt 0.750000 0.250000
vt 0.770833 0.250000
vt 0.791667 0.250000
vt 0.812500 0.250000
vt 0.833333 0.250000
vt 0.854167 0.250000
vt 0.875000 0.250000
vt 0.895833 0.250000
vt 0.916667 0.250000
vt 0.937500 0.250000
vt 0.958333 0.250000
vt 0.979167 0.250000
vt 1.000000 0.250000
vt 0.000000 0.281250
vt 0.020833 0.281250
vt 0.041667 0.281250
vt 0.062500 0.281250
vt 0.083333 0.281250
vt 0.104167 0.281250
vt 0.125000 0.281250
vt 0.145833 0.281250
vt 0.166667 0.281250
vt 0.187500 0.281250
vt 0.208333 0.281250
vt 0.229167 0.281250
vt 0.250000 0.281250
vt 0.270833 0.281250
vt 0.291667 0.281250
vt 0.312500 0.281250
vt 0.333333 0.281250
vt 0.354167 0.281250
vt 0.375000 0.281250
vt 0.395833 0.281250
vt 0.416667 0.281250
vt 0.437500 0.281250
vt 0.458333 0.281250
vt 0.479167 0.281250
vt 0.500000 0.281250
vt 0.520833 0.281250
vt 0.541667 0.281250
vt 0.562500 0.281250
vt 0.583333 0.281250
vt 0.604167 0.281250
vt 0.625000 0.281250
vt 0.645833 0.281250
vt 0.666667 0.281250
vt 0.687500 0.281250
vt 0.708333 0.281250
vt 0.729167 0.281250
vt 0.750000 0.281250
vt 0.770833 0.281250
vt 0.791667 0.281250
vt 0.812500 0.281250
vt 0.833333 0.281250
vt 0.854167 0.281250
vt 0.875000 0.281250
vt 0.895833 0.281250
vt 0.916667 0.281250
vt 0.937500 0.281250
vt 0.958333 0.281250
vt 0.979167 0.281250
vt 1.000000 0.281250
vt 0.000000 0.312500
vt 0.020833 0.312500
vt 0.041667 0.312500
vt 0.062500 0.312500
vt 0.083333 0.312500
vt 0.104167 0.312500
vt 0.125000 0.312500
vt 0.145833 0.312500
vt 0.166667 0.312500
vt 0.187500 0.312500
vt 0.208333 0.312500
vt 0.229167 0.312500
vt 0.250000 0.312500
vt 0.270833 0.312500
vt 0.291667 0.312500
vt 0.312500 0.312500
vt 0.333333 0.312500
vt 0.354167 0.312500
vt 0.375000 0.312500
vt 0.395833 0.312500
vt 0.416667 0.312500
vt 0.437500 0.312500
vt 0.458333 0.312500
vt 0.479167 0.312500
vt 0.500000 0.312500
vt 0.520833 0.312500
vt 0.541667 0.312500
vt 0.562500 0.312500
vt 0.583333 0.312500
vt 0.604167 0.312500
vt 0.625000 0.312500
vt 0.645833 0.312500
vt 0.666667 0.312500
vt 0.687500 0.312500
vt 0.708333 0.312500
vt 0.729167 0.312500
vt 0.750000 0.312500
vt 0.770833 0.312500
vt 0.791667 0.312500
vt 0.812500 0.312500
vt 0.833333 0.312500
vt 0.854167 0.312500
vt 0.875000 0.312500
vt 0.895833 0.312500
vt 0.916667 0.312500
vt 0.937500 0.312500
vt 0.958333 0.312500
vt 0.979167 0.312500
vt 1.000000 0.312500
vt 0.000000 0.343750
vt 0.020833 0.343750
vt 0.041667 0.343750
vt 0.062500 0.343750
vt 0.083333 0.343750
vt 0.104167 0.343750
vt 0.125000 0.343750
vt 0.145833 0.343750
vt 0.166667 0.343750
vt 0.187500 0.343750
vt 0.208333 0.343750
vt 0.229167 0.343750
vt 0.250000 0.343750
vt 0.270833 0.343750
vt 0.291667 0.343750
vt 0.312500 0.343750
vt 0.333333 0.343750
vt 0.354167 0.343750
vt 0.375000 0.343750
vt 0.395833 0.343750
vt 0.416667 0.343750
vt 0.437500 0.343750
vt 0.458333 0.343750
vt 0.479167 0.343750
vt 0.500000 0.343750
vt 0.520833 0.343750
vt 0.541667 0.343750
vt 0.562500 0.343750
vt 0.583333 0.343750
vt 0.604167 0.343750
vt 0.625000 0.343750
vt 0.645833 0.343750
vt 0.666667 0.343750
vt 0.687500 0.343750
vt 0.708333 0.343750
vt 0.729167 0.343750
vt 0.750000 0.343750
vt 0.770833 0.343750
vt 0.791667 0.343750
vt 0.812500 0.343750
vt 0.833333 0.343750
vt 0.854167 0.343750
vt 0.875000 0.343750
vt 0.895833 0.343750
vt 0.916667 0.343750
vt 0.937500 0.343750
vt 0.958333 0.343750
vt 0.979167 0.343750
vt 1.000000 0.343750
vt 0.000000 0.375000
vt 0.020833 0.375000
vt 0.041667 0.375000
vt 0.062500 0.375000
vt 0.083333 0.375000
vt 0.104167 0.375000
vt 0.125000 0.375000
vt 0.145833 0.375000
vt 0.166667 0.375000
vt 0.187500 0.375000
vt 0.208333 0.375000
vt 0.229167 0.375000
vt 0.250000 0.375000
vt 0.270833 0.375000
vt 0.291667 0.375000
vt 0.312500 0.375000
vt 0.333333 0.375000
vt 0.354167 0.375000
vt 0.375000 0.375000
vt 0.395833 0.375000
vt 0.416667 0.375000
vt 0.437500 0.375000
vt 0.458333 0.375000
vt 0.479167 0.375000
vt 0.500000 0.375000
vt 0.520833 0.375000
vt 0.541667 0.375000
vt 0.562500 0.375000
vt 0.583333 0.375000
vt 0.604167 0.375000
vt 0.625000 0.375000
vt 0.645833 0.375000
vt 0.666667 0.375000
vt 0.687500 0.375000
vt 0.708333 0.375000
vt 0.729167 0.375000
vt 0.750000 0.375000
vt 0.770833 0.375000
vt 0.791667 0.375000
vt 0.812500 0.375000
vt 0.833333 0.375000
vt 0.854167 0.375000
vt 0.875000 0.375000
vt 0.895833 0.375000
vt 0.916667 0.375000
vt 0.937500 0.375000
vt 0.958333 0.375000
vt 0.979167 0.375000
vt 1.000000 0.375000
vt 0.000000 0.406250
vt 0.020833 0.406250
vt 0.041667 0.406250
vt 0.062500 0.406250
vt 0.083333 0.406250
vt 0.104167 0.406250
vt 0.125000 0.406250
vt 0.145833 0.406250
vt 0.166667 0.406250
vt 0.187500 0.406250
vt 0.208333 0.406250
vt 0.229167 0.406250
vt 0.250000 0.406250
vt 0.270833 0.406250
vt 0.291667 0.406250
vt 0.312500 0.406250
vt 0.333333 0.406250
vt 0.354167 0.406250
vt 0.375000 0.406250
vt 0.395833 0.406250
vt 0.416667 0.406250
vt 0.437500 0.406250
vt 0.458333 0.406250
vt 0.479167 0.406250
vt 0.500000 0.406250
vt 0.520833 0.406250
vt 0.541667 0.406250
vt 0.562500 0.406250
vt 0.583333 0.406250
vt 0.604167 0.406250
vt 0.625000 0.406250
vt 0.645833 0.406250
vt 0.666667 0.406250
vt 0.687500 0.406250
vt 0.708333 0.406250
vt 0.729167 0.406250
vt 0.750000 0.406250
vt 0.770833 0.406250
vt 0.791667 0.406250
vt 0.812500 0.406250
vt 0.833333 0.406250
vt 0.854167 0.406250
vt 0.875000 0.406250
vt 0.895833 0.406250
vt 0.916667 0.406250
vt 0.937500 0.406250
vt 0.958333 0.406250
vt 0.979167 0.406250
vt 1.000000 0.406250
vt 0.000000 0.437500
vt 0.020833 0.437500
vt 0.041667 0.437500
vt 0.062500 0.437500
vt 0.083333 0.437500
vt 0.104167 0.437500
vt 0.125000 0.437500
vt 0.145833 0.437500
vt 0.166667 0.437500
vt 0.187500 0.437500
vt 0.208333 0.437500
vt 0.229167 0.437500
vt 0.250000 0.437500
vt 0.270833 0.437500
vt 0.291667 0.437500
vt 0.312500 0.437500
vt 0.333333 0.437500
vt 0.354167 0.437500
vt 0.375000 0.437500
vt 0.395833 0.437500
vt 0.416667 0.437500
vt 0.437500 0.437500
vt 0.458333 0.437500
vt 0.479167 0.437500
vt 0.500000 0.437500
vt 0.520833 0.437500
vt 0.541667 0.437500
vt 0.562500 0.437500
vt 0.583333 0.437500
vt 0.604167 0.437500
vt 0.625000 0.437500
vt 0.645833 0.437500
vt 0.666667 0.437500
vt 0.687500 0.437500
vt 0.708333 0.437500
vt 0.729167 0.437500
vt 0.750000 0.437500
vt 0.770833 0.437500
vt 0.791667 0.437500
vt 0.812500 0.437500
vt 0.833333 0.437500
vt 0.854167 0.437500
vt 0.875000 0.437500
vt 0.895833 0.437500
vt 0.916667 0.437500
vt 0.937500 0.437500
vt 0.958333 0.437500
vt 0.979167 0.437500
vt 1.000000 0.437500
vt 0.000000 0.468750
vt 0.020833 0.468750
vt 0.041667 0.468750
vt 0.062500 0.468750
vt 0.083333 0.468750
vt 0.104167 0.468750
vt 0.125000 0.468750
vt 0.145833 0.468750
vt 0.166667 0.468750
vt 0.187500 0.468750
vt 0.208333 0.468750
vt 0.229167 0.468750
vt 0.250000 0.468750
vt 0.270833 0.468750
vt 0.291667 0.468750
vt 0.312500 0.468750
vt 0.333333 0.468750
vt 0.354167 0.468750
vt 0.375000 0.468750
vt 0.395833 0.468750
vt 0.416667 0.468750
vt 0.437500 0.468750
vt 0.458333 0.468750
vt 0.479167 0.468750
vt 0.500000 0.468750
vt 0.520833 0.468750
vt 0.541667 0.468750
vt 0.562500 0.468750
vt 0.583333 0.468750
vt 0.604167 0.468750
vt 0.625000 0.468750
vt 0.645833 0.468750
vt 0.666667 0.468750
vt 0.687500 0.468750
vt 0.708333 0.468750
vt 0.729167 0.468750
vt 0.750000 0.468750
vt 0.770833 0.468750
vt 0.791667 0.468750
vt 0.812500 0.468750
vt 0.833333 0.468750
vt 0.854167 0.468750
vt 0.875000 0.468750
vt 0.895833 0.468750
vt 0.916667 0.468750
vt 0.937500 0.468750
vt 0.958333 0.468750
vt 0.979167 0.468750
vt 1.000000 0.468750
vt 0.000000 0.500000
vt 0.020833 0.500000
vt 0.041667 0.500000
vt 0.062500 0.500000
vt 0.083333 0.500000
vt 0.104167 0.500000
vt 0.125000 0.500000
vt 0.145833 0.500000
vt 0.166667 0.500000
vt 0.187500 0.500000
vt 0.208333 0.500000
vt 0.229167 0.500000
vt 0.250000 0.500000
vt 0.270833 0.500000
vt 0.291667 0.500000
vt 0.312500 0.500000
vt 0.333333 0.500000
vt 0.354167 0.500000
vt 0.375000 0.500000
vt 0.395833 0.500000
vt 0.416667 0.500000
vt 0.437500 0.500000
vt 0.458333 0.500000
vt 0.479167 0.500000
vt 0.500000 0.500000
vt 0.520833 0.500000
vt 0.541667 0.500000
vt 0.562500 0.500000
vt 0.583333 0.500000
vt 0.604167 0.500000
vt 0.625000 0.500000
vt 0.645833 0.500000
vt 0.666667 0.500000
vt 0.687500 0.500000
vt 0.708333 0.500000
vt 0.729167 0.500000
vt 0.750000 0.500000
vt 0.770833 0.500000
vt 0.791667 0.500000
vt 0.812500 0.500000
vt 0.833333 0.500000
vt 0.854167 0.500000
vt 0.875000 0.500000
vt 0.895833 0.500000
vt 0.916667 0.500000
vt 0.937500 0.500000
vt 0.958333 0.500000
vt 0.979167 0.500000
vt 1.000000 0.500000
vt 0.000000 0.531250
vt 0.020833 0.531250
vt 0.041667 0.531250
vt 0.062500 0.531250
vt 0.083333 0.531250
vt 0.104167 0.531250
vt 0.125000 0.531250
vt 0.145833 0.531250
vt 0.166667 0.531250
vt 0.187500 0.531250
vt 0.208333 0.531250
vt 0.229167 0.531250
vt 0.250000 0.531250
vt 0.270833 0.531250
vt 0.291667 0.531250
vt 0.312500 0.531250
vt 0.333333 0.531250
vt 0.354167 0.531250
vt 0.375000 0.531250
vt 0.395833 0.531250
vt 0.416667 0.531250
vt 0.437500 0.531250
vt 0.458333 0.531250
vt 0.479167 0.531250
vt 0.500000 0.531250
vt 0.520833 0.531250
vt 0.541667 0.531250
vt 0.562500 0.531250
vt 0.583333 0.531250
vt 0.604167 0.531250
vt 0.625000 0.531250
vt 0.645833 0.531250
vt 0.666667 0.531250
vt 0.687500 0.531250
vt 0.708333 0.531250
vt 0.729167 0.531250
vt 0.750000 0.531250
vt 0.770833 0.531250
vt 0.791667 0.531250
vt 0.812500 0.531250
vt 0.833333 0.531250
vt 0.854167 0.531250
vt 0.875000 0.531250
vt 0.895833 0.531250
vt 0.916667 0.531250
vt 0.937500 0.531250
vt 0.958333 0.531250
vt 0.979167 0.531250
vt 1.000000 0.531250
vt 0.000000 0.562500
vt 0.020833 0.562500
vt 0.041667 0.562500
vt 0.062500 0.562500
vt 0.083333 0.562500
vt 0.104167 0.562500
vt 0.125000 0.562500
vt 0.145833 0.562500
vt 0.166667 0.562500
vt 0.187500 0.562500
vt 0.208333 0.562500
vt 0.229167 0.562500
vt 0.250000 0.562500
vt 0.270833 0.562500
vt 0.291667 0.562500
vt 0.312500 0.562500
vt 0.333333 0.562500
vt 0.354167 0.562500
vt 0.375000 0.562500
vt 0.395833 0.562500
vt 0.416667 0.562500
vt 0.437500 0.562500
vt 0.458333 0.562500
vt 0.479167 0.562500
vt 0.500000 0.562500
vt 0.520833 0.562500
vt 0.541667 0.562500
vt 0.562500 0.562500
vt 0.583333 0.562500
vt 0.604167 0.562500
vt 0.625000 0.562500
vt 0.645833 0.562500
vt 0.666667 0.562500
vt 0.687500 0.562500
vt 0.708333 0.562500
vt 0.729167 0.562500
vt 0.750000 0.562500
vt 0.770833 0.562500
vt 0.791667 0.562500
vt 0.812500 0.562500
vt 0.833333 0.562500
vt 0.854167 0.562500
vt 0.875000 0.562500
vt 0.895833 0.562500
vt 0.916667 0.562500
vt 0.937500 0.562500
vt 0.958333 0.562500
vt 0.979167 0.562500
vt 1.000000 0.562500
vt 0.000000 0.593750
vt 0.020833 0.593750
vt 0.041667 0.593750
vt 0.062500 0.593750
vt 0.083333 0.593750
vt 0.104167 0.593750
vt 0.125000 0.593750
vt 0.145833 0.593750
vt 0.166667 0.593750
vt 0.187500 0.593750
vt 0.208333 0.593750
vt 0.229167 0.593750
vt 0.250000 0.593750
vt 0.270833 0.593750
vt 0.291667 0.593750
vt 0.312500 0.593750
vt 0.333333 0.593750
vt 0.354167 0.593750
vt 0.375000 0.593750
vt 0.395833 0.593750
vt 0.416667 0.593750
vt 0.437500 0.593750
vt 0.458333 0.593750
vt 0.479167 0.593750
vt 0.500000 0.593750
vt 0.520833 0.593750
vt 0.541667 0.593750
vt 0.562500 0.593750
vt 0.583333 0.593750
vt 0.604167 0.593750
vt 0.625000 0.593750
vt 0.645833 0.593750
vt 0.666667 0.593750
vt 0.687500 0.593750
vt 0.708333 0.593750
vt 0.729167 0.593750
vt 0.750000 0.593750
vt 0.770833 0.593750
vt 0.791667 0.593750
vt 0.812500 0.593750
vt 0.833333 0.593750
vt 0.854167 0.593750
vt 0.875000 0.593750
vt 0.895833 0.593750
vt 0.916667 0.593750
vt 0.937500 0.593750
vt 0.958333 0.593750
vt 0.979167 0.593750
vt 1.000000 0.593750
vt 0.000000 0.625000
vt 0.020833 0.625000
vt 0.041667 0.625000
vt 0.062500 0.625000
vt 0.083333 0.625000
vt 0.104167 0.625000
vt 0.125000 0.625000
vt 0.145833 0.625000
vt 0.166667 0.625000
vt 0.187500 0.625000
vt 0.208333 0.625000
vt 0.229167 0.625000
vt 0.250000 0.625000
vt 0.270833 0.625000
vt 0.291667 0.625000
vt 0.312500 0.625000
vt 0.333333 0.625000
vt 0.354167 0.625000
vt 0.375000 0.625000
vt 0.395833 0.625000
vt 0.416667 0.625000
vt 0.437500 0.625000
vt 0.458333 0.625000
vt 0.479167 0.625000
vt 0.500000 0.625000
vt 0.520833 0.625000
vt 0.541667 0.625000
vt 0.562500 0.625000
vt 0.583333 0.625000
vt 0.604167 0.625000
vt 0.625000 0.625000
vt 0.645833 0.625000
vt 0.666667 0.625000
vt 0.687500 0.625000
vt 0.708333 0.625000
vt 0.729167 0.625000
vt 0.750000 0.625000
vt 0.770833 0.625000
vt 0.791667 0.625000
vt 0.812500 0.625000
vt 0.833333 0.625000
vt 0.854167 0.625000
vt 0.875000 0.625000
vt 0.895833 0.625000
vt 0.916667 0.625000
vt 0.937500 0.625000
vt 0.958333 0.625000
vt 0.979167 0.625000
vt 1.000000 0.625000
vt 0.000000 0.656250
vt 0.020833 0.656250
vt 0.041667 0.656250
vt 0.062500 0.656250
vt 0.083333 0.656250
vt 0.104167 0.656250
vt 0.125000 0.656250
vt 0.145833 0.656250
vt 0.166667 0.656250
vt 0.187500 0.656250
vt 0.208333 0.656250
vt 0.229167 0.656250
vt 0.250000 0.656250
vt 0.270833 0.656250
vt 0.291667 0.656250
vt 0.312500 0.656250
vt 0.333333 0.656250
vt 0.354167 0.656250
vt 0.375000 0.656250
vt 0.395833 0.656250
vt 0.416667 0.656250
vt 0.437500 0.656250
vt 0.458333 0.656250
vt 0.479167 0.656250
vt 0.500000 0.656250
vt 0.520833 0.656250
vt 0.541667 0.656250
vt 0.562500 0.656250
vt 0.583333 0.656250
vt 0.604167 0.656250
vt 0.625000 0.656250
vt 0.645833 0.656250
vt 0.666667 0.656250
vt 0.687500 0.656250
vt 0.708333 0.656250
vt 0.729167 0.656250
vt 0.750000 0.656250
vt 0.770833 0.656250
vt 0.791667 0.656250
vt 0.812500 0.656250
vt 0.833333 0.656250
vt 0.854167 0.656250
vt 0.875000 0.656250
vt 0.895833 0.656250
vt 0.916667 0.656250
vt 0.937500 0.656250
vt 0.958333 0.656250
vt 0.979167 0.656250
vt 1.000000 0.656250
vt 0.000000 0.687500
vt 0.020833 0.687500
vt 0.041667 0.687500
vt 0.062500 0.687500
vt 0.083333 0.687500
vt 0.104167 0.687500
vt 0.125000 0.687500
vt 0.145833 0.687500
vt 0.166667 0.687500
vt 0.187500 0.687500
vt 0.208333 0.687500
vt 0.229167 0.687500
vt 0.250000 0.687500
vt 0.270833 0.687500
vt 0.291667 0.687500
vt 0.312500 0.687500
vt 0.333333 0.687500
vt 0.354167 0.687500
vt 0.375000 0.687500
vt 0.395833 0.687500
vt 0.416667 0.687500
vt 0.437500 0.687500
vt 0.458333 0.687500
vt 0.479167 0.687500
vt 0.500000 0.687500
vt 0.520833 0.687500
vt 0.541667 0.687500
vt 0.562500 0.687500
vt 0.583333 0.687500
vt 0.604167 0.687500
vt 0.625000 0.687500
vt 0.645833 0.687500
vt 0.666667 0.687500
vt 0.687500 0.687500
vt 0.708333 0.687500
vt 0.729167 0.687500
vt 0.750000 0.687500
vt 0.770833 0.687500
vt 0.791667 0.687500
vt 0.812500 0.687500
vt 0.833333 0.687500
vt 0.854167 0.687500
vt 0.875000 0.687500
vt 0.895833 0.687500
vt 0.916667 0.687500
vt 0.937500 0.687500
vt 0.958333 0.687500
vt 0.979167 0.687500
vt 1.000000 0.687500
vt 0.000000 0.718750
vt 0.020833 0.718750
vt 0.041667 0.718750
vt 0.062500 0.718750
vt 0.083333 0.718750
vt 0.104167 0.718750
vt 0.125000 0.718750
vt 0.145833 0.718750
vt 0.166667 0.718750
vt 0.187500 0.718750
vt 0.208333 0.718750
vt 0.229167 0.718750
vt 0.250000 0.718750
vt 0.270833 0.718750
vt 0.291667 0.718750
vt 0.312500 0.718750
vt 0.333333 0.718750
vt 0.354167 0.718750
vt 0.375000 0.718750
vt 0.395833 0.718750
vt 0.416667 0.718750
vt 0.437500 0.718750
vt 0.458333 0.718750
vt 0.479167 0.718750
vt 0.500000 0.718750
vt 0.520833 0.718750
vt 0.541667 0.718750
vt 0.562500 0.718750
vt 0.583333 0.718750
vt 0.604167 0.718750
vt 0.625000 0.718750
vt 0.645833 0.718750
vt 0.666667 0.718750
vt 0.687500 0.718750
vt 0.708333 0.718750
vt 0.729167 0.718750
vt 0.750000 0.718750
vt 0.770833 0.718750
vt 0.791667 0.718750
vt 0.812500 0.718750
vt 0.833333 0.718750
vt 0.854167 0.718750
vt 0.875000 0.718750
vt 0.895833 0.718750
vt 0.916667 0.718750
vt 0.937500 0.718750
vt 0.958333 0.718750
vt 0.979167 0.718750
vt 1.000000 0.718750
vt 0.000000 0.750000
vt 0.020833 0.750000
vt 0.041667 0.750000
vt 0.062500 0.750000
vt 0.083333 0.750000
vt 0.104167 0.750000
vt 0.125000 0.750000
vt 0.145833 0.750000
vt 0.166667 0.750000
vt 0.187500 0.750000
vt 0.208333 0.750000
vt 0.229167 0.750000
vt 0.250000 0.750000
vt 0.270833 0.750000
vt 0.291667 0.750000
vt 0.312500 0.750000
vt 0.333333 0.750000
vt 0.354167 0.750000
vt 0.375000 0.750000
vt 0.395833 0.750000
vt 0.416667 0.750000
vt 0.437500 0.750000
vt 0.458333 0.750000
vt 0.479167 0.750000
vt 0.500000 0.750000
vt 0.520833 0.750000
vt 0.541667 0.750000
vt 0.562500 0.750000
vt 0.583333 0.750000
vt 0.604167 0.750000
vt 0.625000 0.750000
vt 0.645833 0.750000
vt 0.666667 0.750000
vt 0.687500 0.750000
vt 0.708333 0.750000
vt 0.729167 0.750000
vt 0.750000 0.750000
vt 0.770833 0.750000
vt 0.791667 0.750000
vt 0.812500 0.750000
vt 0.833333 0.750000
vt 0.854167 0.750000
vt 0.875000 0.750000
vt 0.895833 0.750000
vt 0.916667 0.750000
vt 0.937500 0.750000
vt 0.958333 0.750000
vt 0.979167 0.750000
vt 1.000000 0.750000
vt 0.000000 0.781250
vt 0.020833 0.781250
vt 0.041667 0.781250
vt 0.062500 0.781250
vt 0.083333 0.781250
vt 0.104167 0.781250
vt 0.125000 0.781250
vt 0.145833 0.781250
vt 0.166667 0.781250
vt 0.187500 0.781250
vt 0.208333 0.781250
vt 0.229167 0.781250
vt 0.250000 0.781250
vt 0.270833 0.781250
vt 0.291667 0.781250
vt 0.312500 0.781250
vt 0.333333 0.781250
vt 0.354167 0.781250
vt 0.375000 0.781250
vt 0.395833 0.781250
vt 0.416667 0.781250
vt 0.437500 0.781250
vt 0.458333 0.781250
vt 0.479167 0.781250
vt 0.500000 0.781250
vt 0.520833 0.781250
vt 0.541667 0.781250
vt 0.562500 0.781250
vt 0.583333 0.781250
vt 0.604167 0.781250
vt 0.625000 0.781250
vt 0.645833 0.781250
vt 0.666667 0.781250
vt 0.687500 0.781250
vt 0.708333 0.781250
vt 0.729167 0.781250
vt 0.750000 0.781250
vt 0.770833 0.781250
vt 0.791667 0.781250
vt 0.812500 0.781250
vt 0.833333 0.781250
vt 0.854167 0.781250
vt 0.875000 0.781250
vt 0.895833 0.781250
vt 0.916667 0.781250
vt 0.937500 0.781250
vt 0.958333 0.781250
vt 0.979167 0.781250
vt 1.000000 0.781250
vt 0.000000 0.812500
vt 0.020833 0.812500
vt 0.041667 0.812500
vt 0.062500 0.812500
vt 0.083333 0.812500
vt 0.104167 0.812500
vt 0.125000 0.812500
vt 0.145833 0.812500
vt 0.166667 0.812500
vt 0.187500 0.812500
vt 0.208333 0.812500
vt 0.229167 0.812500
vt 0.250000 0.812500
vt 0.270833 0.812500
vt 0.291667 0.812500
vt 0.312500 0.812500
vt 0.333333 0.812500
vt 0.354167 0.812500
vt 0.375000 0.812500
vt 0.395833 0.812500
vt 0.416667 0.812500
vt 0.437500 0.812500
vt 0.458333 0.812500
vt 0.479167 0.812500
vt 0.500000 0.812500
vt 0.520833 0.812500
vt 0.541667 0.812500
vt 0.562500 0.812500
vt 0.583333 0.812500
vt 0.604167 0.812500
vt 0.625000 0.812500
vt 0.645833 0.812500
vt 0.666667 0.812500
vt 0.687500 0.812500
vt 0.708333 0.812500
vt 0.729167 0.812500
vt 0.750000 0.812500
vt 0.770833 0.812500
vt 0.791667 0.812500
vt 0.812500 0.812500
vt 0.833333 0.812500
vt 0.854167 0.812500
vt 0.875000 0.812500
vt 0.895833 0.812500
vt 0.916667 0.812500
vt 0.937500 0.812500
vt 0.958333 0.812500
vt 0.979167 0.812500
vt 1.000000 0.812500
vt 0.000000 0.843750
vt 0.020833 0.843750
vt 0.041667 0.843750
vt 0.062500 0.843750
vt 0.083333 0.843750
vt 0.104167 0.843750
vt 0.125000 0.843750
vt 0.145833 0.843750
vt 0.166667 0.843750
vt 0.187500 0.843750
vt 0.208333 0.843750
vt 0.229167 0.843750
vt 0.250000 0.843750
vt 0.270833 0.843750
vt 0.291667 0.843750
vt 0.312500 0.843750
vt 0.333333 0.843750
vt 0.354167 0.843750
vt 0.375000 0.843750
vt 0.395833 0.843750
vt 0.416667 0.843750
vt 0.437500 0.843750
vt 0.458333 0.843750
vt 0.479167 0.843750
vt 0.500000 0.843750
vt 0.520833 0.843750
vt 0.541667 0.843750
vt 0.562500 0.843750
vt 0.583333 0.843750
vt 0.604167 0.843750
vt 0.625000 0.843750
vt 0.645833 0.843750
vt 0.666667 0.843750
vt 0.687500 0.843750
vt 0.708333 0.843750
vt 0.729167 0.843750
vt 0.750000 0.843750
vt 0.770833 0.843750
vt 0.791667 0.843750
vt 0.812500 0.843750
vt 0.833333 0.843750
vt 0.854167 0.843750
vt 0.875000 0.843750
vt 0.895833 0.843750
vt 0.916667 0.843750
vt 0.937500 0.843750
vt 0.958333 0.843750
vt 0.979167 0.843750
vt 1.000000 0.843750
vt 0.000000 0.875000
vt 0.020833 0.875000
vt 0.041667 0.875000
vt 0.062500 0.875000
vt 0.083333 0.875000
vt 0.104167 0.875000
vt 0.125000 0.875000
vt 0.145833 0.875000
vt 0.166667 0.875000
vt 0.187500 0.875000
vt 0.208333 0.875000
vt 0.229167 0.875000
vt 0.250000 0.875000
vt 0.270833 0.875000
vt 0.291667 0.875000
vt 0.312500 0.875000
vt 0.333333 0.875000
vt 0.354167 0.875000
vt 0.375000 0.875000
vt 0.395833 0.875000
vt 0.416667 0.875000
vt 0.437500 0.875000
vt 0.458333 0.875000
vt 0.479167 0.875000
vt 0.500000 0.875000
vt 0.520833 0.875000
vt 0.541667 0.875000
vt 0.562500 0.875000
vt 0.583333 0.875000
vt 0.604167 0.875000
vt 0.625000 0.875000
vt 0.645833 0.875000
vt 0.666667 0.875000
vt 0.687500 0.875000
vt 0.708333 0.875000
vt 0.729167 0.875000
vt 0.750000 0.875000
vt 0.770833 0.875000
vt 0.791667 0.875000
vt 0.812500 0.875000
vt 0.833333 0.875000
vt 0.854167 0.875000
vt 0.875000 0.875000
vt 0.895833 0.875000
vt 0.916667 0.875000
vt 0.937500 0.875000
vt 0.958333 0.875000
vt 0.979167 0.875000
vt 1.000000 0.875000
vt 0.000000 0.906250
vt 0.020833 0.906250
vt 0.041667 0.906250
vt 0.062500 0.906250
vt 0.083333 0.906250
vt 0.104167 0.906250
vt 0.125000 0.906250
vt 0.145833 0.906250
vt 0.166667 0.906250
vt 0.187500 0.906250
vt 0.208333 0.906250
vt 0.229167 0.906250
vt 0.250000 0.906250
vt 0.270833 0.906250
vt 0.291667 0.906250
vt 0.312500 0.906250
vt 0.333333 0.906250
vt 0.354167 0.906250
vt 0.375000 0.906250
vt 0.395833 0.906250
vt 0.416667 0.906250
vt 0.437500 0.906250
vt 0.458333 0.906250
vt 0.479167 0.906250
vt 0.500000 0.906250
vt 0.520833 0.906250
vt 0.541667 0.906250
vt 0.562500 0.906250
vt 0.583333 0.906250
vt 0.604167 0.906250
vt 0.625000 0.906250
vt 0.645833 0.906250
vt 0.666667 0.906250
vt 0.687500 0.906250
vt 0.708333 0.906250
vt 0.729167 0.906250
vt 0.750000 0.906250
vt 0.770833 0.906250
vt 0.791667 0.906250
vt 0.812500 0.906250
vt 0.833333 0.906250
vt 0.854167 0.906250
vt 0.875000 0.906250
vt 0.895833 0.906250
vt 0.916667 0.906250
vt 0.937500 0.906250
vt 0.958333 0.906250
vt 0.979167 0.906250
vt 1.000000 0.906250
vt 0.000000 0.937500
vt 0.020833 0.937500
vt 0.041667 0.937500
vt 0.062500 0.937500
vt 0.083333 0.937500
vt 0.104167 0.937500
vt 0.125000 0.937500
vt 0.145833 0.937500
vt 0.166667 0.937500
vt 0.187500 0.937500
vt 0.208333 0.937500
vt 0.229167 0.937500
vt 0.250000 0.937500
vt 0.270833 0.937500
vt 0.291667 0.937500
vt 0.312500 0.937500
vt 0.333333 0.937500
vt 0.354167 0.937500
vt 0.375000 0.937500
vt 0.395833 0.937500
vt 0.416667 0.937500
vt 0.437500 0.937500
vt 0.458333 0.937500
vt 0.479167 0.937500
vt 0.500000 0.937500
vt 0.520833 0.937500
vt 0.541667 0.937500
vt 0.562500 0.937500
vt 0.583333 0.937500
vt 0.604167 0.937500
vt 0.625000 0.937500
vt 0.645833 0.937500
vt 0.666667 0.937500
vt 0.687500 0.937500
vt 0.708333 0.937500
vt 0.729167 0.937500
vt 0.750000 0.937500
vt 0.770833 0.937500
vt 0.791667 0.937500
vt 0.812500 0.937500
vt 0.833333 0.937500
vt 0.854167 0.937500
vt 0.875000 0.937500
vt 0.895833 0.937500
vt 0.916667 0.937500
vt 0.937500 0.937500
vt 0.958333 0.937500
vt 0.979167 0.937500
vt 1.000000 0.937500
vt 0.000000 0.968750
vt 0.020833 0.968750
vt 0.041667 0.968750
vt 0.062500 0.968750
vt 0.083333 0.968750
vt 0.104167 0.968750
vt 0.125000 0.968750
vt 0.145833 0.968750
vt 0.166667 0.968750
vt 0.187500 0.968750
vt 0.208333 0.968750
vt 0.229167 0.968750
vt 0.250000 0.968750
vt 0.270833 0.968750
vt 0.291667 0.968750
vt 0.312500 0.968750
vt 0.333333 0.968750
vt 0.354167 0.968750
vt 0.375000 0.968750
vt 0.395833 0.968750
vt 0.416667 0.968750
vt 0.437500 0.968750
vt 0.458333 0.968750
vt 0.479167 0.968750
vt 0.500000 0.968750
vt 0.520833 0.968750
vt 0.541667 0.968750
vt 0.562500 0.968750
vt 0.583333 0.968750
vt 0.604167 0.968750
vt 0.625000 0.968750
vt 0.645833 0.968750
vt 0.666667 0.968750
vt 0.687500 0.968750
vt 0.708333 0.968750
vt 0.729167 0.968750
vt 0.750000 0.968750
vt 0.770833 0.968750
vt 0.791667 0.968750
vt 0.812500 0.968750
vt 0.833333 0.968750
vt 0.854167 0.968750
vt 0.875000 0.968750
vt 0.895833 0.968750
vt 0.916667 0.968750
vt 0.937500 0.968750
vt 0.958333 0.968750
vt 0.979167 0.968750
vt 1.000000 0.968750
vt 0.000000 1.000000
vt 0.020833 1.000000
vt 0.041667 1.000000
vt 0.062500 1.000000
vt 0.083333 1.000000
vt 0.104167 1.000000
vt 0.125000 1.000000
vt 0.145833 1.000000
vt 0.166667 1.000000
vt 0.187500 1.000000
vt 0.208333 1.000000
vt 0.229167 1.000000
vt 0.250000 1.000000
vt 0.270833 1.000000
vt 0.291667 1.000000
vt 0.312500 1.000000
vt 0.333333 1.000000
vt 0.354167 1.000000
vt 0.375000 1.000000
vt 0.395833 1.000000
vt 0.416667 1.000000
vt 0.437500 1.000000
vt 0.458333 1.000000
vt 0.479167 1.000000
vt 0.500000 1.000000
vt 0.520833 1.000000
vt 0.541667 1.000000
vt 0.562500 1.000000
vt 0.583333 1.000000
vt 0.604167 1.000000
vt 0.625000 1.000000
vt 0.645833 1.000000
vt 0.666667 1.000000
vt 0.687500 1.000000
vt 0.708333 1.000000
vt 0.729167 1.000000
vt 0.750000 1.000000
vt 0.770833 1.000000
vt 0.791667 1.000000
vt 0.812500 1.000000
vt 0.833333 1.000000
vt 0.854167 1.000000
vt 0.875000 1.000000
vt 0.895833 1.000000
vt 0.916667 1.000000
vt 0.937500 1.000000
vt 0.958333 1.000000
vt 0.979167 1.000000
vt 1.000000 1.000000
f 50/50 51/51 2/2 1/1
f 51/51 52/52 3/3 2/2
f 52/52 53/53 4/4 3/3
f 53/53 54/54 5/5 4/4
f 54/54 55/55 6/6 5/5
f 55/55 56/56 7/7 6/6
f 56/56 57/57 8/8 7/7
f 57/57 58/58 9/9 8/8
f 58/58 59/59 10/10 9/9
f 59/59 60/60 11/11 10/10
f 60/60 61/61 12/12 11/11
f 61/61 62/62 13/13 12/12
f 62/62 63/63 14/14 13/13
f 63/63 64/64 15/15 14/14
f 64/64 65/65 16/16 15/15
f 65/65 66/66 17/17 16/16
f 66/66 67/67 18/18 17/17
f 67/67 68/68 19/19 18/18
f 68/68 69/69 20/20 19/19
f 69/69 70/70 21/21 20/20
f 70/70 71/71 22/22 21/21
f 71/71 72/72 23/23 22/22
f 72/72 73/73 24/24 23/23
f 73/73 74/74 25/25 24/24
f 74/74 75/75 26/26 25/25
f 75/75 76/76 27/27 26/26
f 76/76 77/77 28/28 27/27
f 77/77 78/78 29/29 28/28
f 78/78 79/79 30/30 29/29
f 79/79 80/80 31/31 30/30
f 80/80 81/81 32/32 31/31
f 81/81 82/82 33/33 32/32
f 82/82 83/83 34/34 33/33
f 83/83 84/84 35/35 34/34
f 84/84 85/85 36/36 35/35
f 85/85 86/86 37/37 36/36
f 86/86 87/87 38/38 37/37
f 87/87 88/88 39/39 38/38
f 88/88 89/89 40/40 39/39
f 89/89 90/90 41/41 40/40
f 90/90 91/91 42/42 41/41
f 91/91 92/92 43/43 42/42
f 92/92 93/93 44/44 43/43
f 93/93 94/94 45/45 44/44
f 94/94 95/95 46/46 45/45
f 95/95 96/96 47/47 46/46
f 96/96 97/97 48/48 47/47
f 97/97 98/98 49/49 48/48
f 99/99 100/100 51/51 50/50
f 100/100 101/101 52/52 51/51
f 101/101 102/102 53/53 52/52
f 102/102 103/103 54/54 53/53
f 103/103 104/104 55/55 54/54
f 104/104 105/105 56/56 55/55
f 105/105 106/106 57/57 56/56
f 106/106 107/107 58/58 57/57
f 107/107 108/108 59/59 58/58
f 108/108 109/109 60/60 59/59
f 109/109 110/110 61/61 60/60
f 110/110 111/111 62/62 61/61
f 111/111 112/112 63/63 62/62
f 112/112 113/113 64/64 63/63
f 113/113 114/114 65/65 64/64
f 114/114 115/115 66/66 65/65
f 115/115 116/116 67/67 66/66
f 116/116 117/117 68/68 67/67
f 117/117 118/118 69/69 68/68
f 118/118 119/119 70/70 69/69
f 119/119 120/120 71/71 70/70
f 120/120 121/121 72/72 71/71
f 121/121 122/122 73/73 72/72
f 122/122 123/123 74/74 73/73
f 123/123 124/124 75/75 74/74
f 124/124 125/125 76/76 75/75
f 125/125 126/126 77/77 76/76
f 126/126 127/127 78/78 77/77
f 127/127 128/128 79/79 78/78
f 128/128 129/129 80/80 79/79
f 129/129 130/130 81/81 80/80
f 130/130 131/131 82/82 81/81
f 131/131 132/132 83/83 82/82
f 132/132 133/133 84/84 83/83
f 133/133 134/134 85/85 84/84
f 134/134 135/135 86/86 85/85
f 135/135 136/136 87/87 86/86
f 136/136 137/137 88/88 87/87
f 137/137 138/138 89/89 88/88
f 138/138 139/139 90/90 89/89
f 139/139 140/140 91/91 90/90
f 140/140 141/141 92/92 91/91
f 141/141 142/142 93/93 92/92
f 142/142 143/143 94/94 93/93
f 143/143 144/144 95/95 94/94
f 144/144 145/145 96/96 95/95
f 145/145 146/146 97/97 96/96
f 146/146 147/147 98/98 97/97
f 148/148 149/149 100/100 99/99
f 149/149 150/150 101/101 100/100
f 150/150 151/151 102/102 101/101
f 151/151 152/152 103/103 102/102
f 152/152 153/153 104/104 103/103
f 153/153 154/154 105/105 104/104
f 154/154 155/155 106/106 105/105
f 155/155 156/156 107/107 106/106
f 156/156 157/157 108/108 107/107
f 157/157 158/158 109/109 108/108
f 158/158 159/159 110/110 109/109
f 159/159 160/160 111/111 110/110
f 160/160 161/161 112/112 111/111
f 161/161 162/162 113/113 112/112
f 162/162 163/163 114/114 113/113
f 163/163 164/164 115/115 114/114
f 164/164 165/165 116/116 115/115
f 165/165 166/166 117/117 116/116
f 166/166 167/167 118/118 117/117
f 167/167 168/168 119/119 118/118
f 168/168 169/169 120/120 119/119
f 169/169 170/170 121/121 120/120
f 170/170 171/171 122/122 121/121
f 171/171 172/172 123/123 122/122
f 172/172 173/173 124/124 123/123
f 173/173 174/174 125/125 124/124
f 174/174 175/175 126/126 125/125
f 175/175 176/176 127/127 126/126
f 176/176 177/177 128/128 127/127
f 177/177 178/178 129/129 128/128
f 178/178 179/179 130/130 129/129
f 179/179 180/180 131/131 130/130
f 180/180 181/181 132/132 131/131
f 181/181 182/182 133/133 132/132
f 182/182 183/183 134/134 133/133
f 183/183 184/184 135/135 134/134
f 184/184 185/185 136/136 135/135
f 185/185 186/186 137/137 136/136
f 186/186 187/187 138/138 137/137
f 187/187 188/188 139/139 138/138
f 188/188 189/189 140/140 139/139
f 189/189 190/190 141/141 140/140
f 190/190 191/191 142/142 141/141
f 191/191 192/192 143/143 142/142
f 192/192 193/193 144/144 143/143
f 193/193 194/194 145/145 144/144
f 194/194 195/195 146/146 145/145
f 195/195 196/196 147/147 146/146
f 197/197 198/198 149/149 148/148
f 198/198 199/199 150/150 149/149
f 199/199 200/200 151/151 150/150
f 200/200 201/201 152/152 151/151
f 201/201 202/202 153/153 152/152
f 202/202 203/203 154/154 153/153
f 203/203 204/204 155/155 154/154
f 204/204 205/205 156/156 155/155
f 205/205 206/206 157/157 156/156
f 206/206 207/207 158/158 157/157
f 207/207 208/208 159/159 158/158
f 208/208 209/209 160/160 159/159
f 209/209 210/210 161/161 160/160
f 210/210 211/211 162/162 161/161
f 211/211 212/212 163/163 162/162
f 212/212 213/213 164/164 163/163
f 213/213 214/214 165/165 164/164
f 214/214 215/215 166/166 165/165
f 215/215 216/216 167/167 166/166
f 216/216 217/217 168/168 167/167
f 217/217 218/218 169/169 168/168
f 218/218 219/219 170/170 169/169
f 219/219 220/220 171/171 170/170
f 220/220 221/221 172/172 171/171
f 221/221 222/222 173/173 172/172
f 222/222 223/223 174/174 173/173
f 223/223 224/224 175/175 174/174
f 224/224 225/225 176/176 175/175
f 225/225 226/226 177/177 176/176
f 226/226 227/227 178/178 177/177
f 227/227 228/228 179/179 178/178
f 228/228 229/229 180/180 179/179
f 229/229 230/230 181/181 180/180
f 230/230 231/231 182/182 181/181
f 231/231 232/232 183/183 182/182
f 232/232 233/233 184/184 183/183
f 233/233 234/234 185/185 184/184
f 234/234 235/235 186/186 185/185
f 235/235 236/236 187/187 186/186
f 236/236 237/237 188/188 187/187
f 237/237 238/238 189/189 188/188
f 238/238 239/239 190/190 189/189
f 239/239 240/240 191/191 190/190
f 240/240 241/241 192/192 191/191
f 241/241 242/242 193/193 192/192
f 242/242 243/243 194/194 193/193
f 243/243 244/244 195/195 194/194
f 244/244 245/245 196/196 195/195
f 246/246 247/247 198/198 197/197
f 247/247 248/248 199/199 198/198
f 248/248 249/249 200/200 199/199
f 249/249 250/250 201/201 200/200
f 250/250 251/251 202/202 201/201
f 251/251 252/252 203/203 202/202
f 252/252 253/253 204/204 203/203
f 253/253 254/254 205/205 204/204
f 254/254 255/255 206/206 205/205
f 255/255 256/256 207/207 206/206
f 256/256 257/257 208/208 207/207
f 257/257 258/258 209/209 208/208
f 258/258 259/259 210/210 209/209
f 259/259 260/260 211/211 210/210
f 260/260 261/261 212/212 211/211
f 261/261 262/262 213/213 212/212
f 262/262 263/263 214/214 213/213
f 263/263 264/264 215/215 214/214
f 264/264 265/265 216/216 215/215
f 265/265 266/266 217/217 216/216
f 266/266 267/267 218/218 217/217
f 267/267 268/268 219/219 218/218
f 268/268 269/269 220/220 219/219
f 269/269 270/270 221/221 220/220
f 270/270 271/271 222/222 221/221
f 271/271 272/272 223/223 222/222
f 272/272 273/273 224/224 223/223
f 273/273 274/274 225/225 224/224
f 274/274 275/275 226/226 225/225
f 275/275 276/276 227/227 226/226
f 276/276 277/277 228/228 227/227
f 277/277 278/278 229/229 228/228
f 278/278 279/279 230/230 229/229
f 279/279 280/280 231/231 230/230
f 280/280 281/281 232/232 231/231
f 281/281 282/282 233/233 232/232
f 282/282 283/283 234/234 233/233
f 283/283 284/284 235/235 234/234
f 284/284 285/285 236/236 235/235
f 285/285 286/286 237/237 236/236
f 286/286 287/287 238/238 237/237
f 287/287 288/288 239/239 238/238
f 288/288 289/289 240/240 239/239
f 289/289 290/290 241/241 240/240
f 290/290 291/291 242/242 241/241
f 291/291 292/292 243/243 242/242
f 292/292 293/293 244/244 243/243
f 293/293 294/294 245/245 244/244
f 295/295 296/296 247/247 246/246
f 296/296 297/297 248/248 247/247
f 297/297 298/298 249/249 248/248
f 298/298 299/299 250/250 249/249
f 299/299 300/300 251/251 250/250
f 300/300 301/301 252/252 251/251
f 301/301 302/302 253/253 252/252
f 302/302 303/303 254/254 253/253
f 303/303 304/304 255/255 254/254
f 304/304 305/305 256/256 255/255
f 305/305 306/306 257/257 256/256
f 306/306 307/307 258/258 257/257
f 307/307 308/308 259/259 258/258
f 308/308 309/309 260/260 259/259
f 309/309 310/310 261/261 260/260
f 310/310 311/311 262/262 261/261
f 311/311 312/312 263/263 262/262
f 312/312 313/313 264/264 263/263
f 313/313 314/314 265/265 264/264
f 314/314 315/315 266/266 265/265
f 315/315 316/316 267/267 266/266
f 316/316 317/317 268/268 267/267
f 317/317 318/318 269/269 268/268
f 318/318 319/319 270/270 269/269
f 319/319 320/320 271/271 270/270
f 320/320 321/321 272/272 271/271
f 321/321 322/322 273/273 272/272
f 322/322 323/323 274/274 273/273
f 323/323 324/324 275/275 274/274
f 324/324 325/325 276/276 275/275
f 325/325 326/326 277/277 276/276
f 326/326 327/327 278/278 277/277
f 327/327 328/328 279/279 278/278
f 328/328 329/329 280/280 279/279
f 329/329 330/330 281/281 280/280
f 330/330 331/331 282/282 281/281
f 331/331 332/332 283/283 282/282
f 332/332 333/333 284/284 283/283
f 333/333 334/334 285/285 284/284
f 334/334 335/335 286/286 285/285
f 335/335 336/336 287/287 286/286
f 336/336 337/337 288/288 287/287
f 337/337 338/338 289/289 288/288
f 338/338 339/339 290/290 289/289
f 339/339 340/340 291/291 290/290
f 340/340 341/341 292/292 291/291
f 341/341 342/342 293/293 292/292
f 342/342 343/343 294/294 293/293
f 344/344 345/345 296/296 295/295
f 345/345 346/346 297/297 296/296
f 346/346 347/347 298/298 297/297
f 347/347 348/348 299/299 298/298
f 348/348 349/349 300/300 299/299
f 349/349 350/350 301/301 300/300
f 350/350 351/351 302/302 301/301
f 351/351 352/352 303/303 302/302
f 352/352 353/353 304/304 303/303
f 353/353 354/354 305/305 304/304
f 354/354 355/355 306/306 305/305
f 355/355 356/356 307/307 306/306
f 356/356 357/357 308/308 307/307
f 357/357 358/358 309/309 308/308
f 358/358 359/359 310/310 309/309
f 359/359 360/360 311/311 310/310
f 360/360 361/361 312/312 311/311
f 361/361 362/362 313/313 312/312
f 362/362 363/363 314/314 313/313
f 363/363 364/364 315/315 314/314
f 364/364 365/365 316/316 315/315
f 365/365 366/366 317/317 316/316
f 366/366 367/367 318/318 317/317
f 367/367 368/368 319/319 318/318
f 368/368 369/369 320/320 319/319
f 369/369 370/370 321/321 320/320
f 370/370 371/371 322/322 321/321
f 371/371 372/372 323/323 322/322
f 372/372 373/373 324/324 323/323
f 373/373 374/374 325/325 324/324
f 374/374 375/375 326/326 325/325
f 375/375 376/376 327/327 326/326
f 376/376 377/377 328/328 327/327
f 377/377 378/378 329/329 328/328
f 378/378 379/379 330/330 329/329
f 379/379 380/380 331/331 330/330
f 380/380 381/381 332/332 331/331
f 381/381 382/382 333/333 332/332
f 382/382 383/383 334/334 333/333
f 383/383 384/384 335/335 334/334
f 384/384 385/385 336/336 335/335
f 385/385 386/386 337/337 336/336
f 386/386 387/387 338/338 337/337
f 387/387 388/388 339/339 338/338
f 388/388 389/389 340/340 339/339
f 389/389 390/390 341/341 340/340
f 390/390 391/391 342/342 341/341
f 391/391 392/392 343/343 342/342
f 393/393 394/394 345/345 344/344
f 394/394 395/395 346/346 345/345
f 395/395 396/396 347/347 346/346
f 396/396 397/397 348/348 347/347
f 397/397 398/398 349/349 348/348
f 398/398 399/399 350/350 349/349
f 399/399 400/400 351/351 350/350
f 400/400 401/401 352/352 351/351
f 401/401 402/402 353/353 352/352
f 402/402 403/403 354/354 353/353
f 403/403 404/404 355/355 354/354
f 404/404 405/405 356/356 355/355
f 405/405 406/406 357/357 356/356
f 406/406 407/407 358/358 357/357
f 407/407 408/408 359/359 358/358
f 408/408 409/409 360/360 359/359
f 409/409 410/410 361/361 360/360
f 410/410 411/411 362/362 361/361
f 411/411 412/412 363/363 362/362
f 412/412 413/413 364/364 363/363
f 413/413 414/414 365/365 364/364
f 414/414 415/415 366/366 365/365
f 415/415 416/416 367/367 366/366
f 416/416 417/417 368/368 367/367
f 417/417 418/418 369/369 368/368
f 418/418 419/419 370/370 369/369
f 419/419 420/420 371/371 370/370
f 420/420 421/421 372/372 371/371
f 421/421 422/422 373/373 372/372
f 422/422 423/423 374/374 373/373
f 423/423 424/424 375/375 374/374
f 424/424 425/425 376/376 375/375
f 425/425 426/426 377/377 376/376
f 426/426 427/427 378/378 377/377
f 427/427 428/428 379/379 378/378
f 428/428 429/429 380/380 379/379
f 429/429 430/430 381/381 380/380
f 430/430 431/431 382/382 381/381
f 431/431 432/432 383/383 382/382
f 432/432 433/433 384/384 383/383
f 433/433 434/434 385/385 384/384
f 434/434 435/435 386/386 385/385
f 435/435 436/436 387/387 386/386
f 436/436 437/437 388/388 387/387
f 437/437 438/438 389/389 388/388
f 438/438 439/439 390/390 389/389
f 439/439 440/440 391/391 390/390
f 440/440 441/441 392/392 391/391
f 442/442 443/443 394/394 393/393
f 443/443 444/444 395/395 394/394
f 444/444 445/445 396/396 395/395
f 445/445 446/446 397/397 396/396
f 446/446 447/447 398/398 397/397
f 447/447 448/448 399/399 398/398
f 448/448 449/449 400/400 399/399
f 449/449 450/450 401/401 400/400
f 450/450 451/451 402/402 401/401
f 451/451 452/452 403/403 402/402
f 452/452 453/453 404/404 403/403
f 453/453 454/454 405/405 404/404
f 454/454 455/455 406/406 405/405
f 455/455 456/456 407/407 406/406
f 456/456 457/457 408/408 407/407
f 457/457 458/458 409/409 408/408
f 458/458 459/459 410/410 409/409
f 459/459 460/460 411/411 410/410
f 460/460 461/461 412/412 411/411
f 461/461 462/462 413/413 412/412
f 462/462 463/463 414/414 413/413
f 463/463 464/464 415/415 414/414
f 464/464 465/465 416/416 415/415
f 465/465 466/466 417/417 416/416
f 466/466 467/467 418/418 417/417
f 467/467 468/468 419/419 418/418
f 468/468 469/469 420/420 419/419
f 469/469 470/470 421/421 420/420
f 470/470 471/471 422/422 421/421
f 471/471 472/472 423/423 422/422
f 472/472 473/473 424/424 423/423
f 473/473 474/474 425/425 424/424
f 474/474 475/475 426/426 425/425
f 475/475 476/476 427/427 426/426
f 476/476 477/477 428/428 427/427
f 477/477 478/478 429/429 428/428
f 478/478 479/479 430/430 429/429
f 479/479 480/480 431/431 430/430
f 480/480 481/481 432/432 431/431
f 481/481 482/482 433/433 432/432
f 482/482 483/483 434/434 433/433
f 483/483 484/484 435/435 434/434
f 484/484 485/485 436/436 435/435
f 485/485 486/486 437/437 436/436
f 486/486 487/487 438/438 437/437
f 487/487 488/488 439/439 438/438
f 488/488 489/489 440/440 439/439
f 489/489 490/490 441/441 440/440
f 491/491 492/492 443/443 442/442
f 492/492 493/493 444/444 443/443
f 493/493 494/494 445/445 444/444
f 494/494 495/495 446/446 445/445
f 495/495 496/496 447/447 446/446
f 496/496 497/497 448/448 447/447
f 497/497 498/498 449/449 448/448
f 498/498 499/499 450/450 449/449
f 499/499 500/500 451/451 450/450
f 500/500 501/501 452/452 451/451
f 501/501 502/502 453/453 452/452
f 502/502 503/503 454/454 453/453
f 503/503 504/504 455/455 454/454
f 504/504 505/505 456/456 455/455
f 505/505 506/506 457/457 456/456
f 506/506 507/507 458/458 457/457
f 507/507 508/508 459/459 458/458
f 508/508 509/509 460/460 459/459
f 509/509 510/510 461/461 460/460
f 510/510 511/511 462/462 461/461
f 511/511 512/512 463/463 462/462
f 512/512 513/513 464/464 463/463
f 513/513 514/514 465/465 464/464
f 514/514 515/515 466/466 465/465
f 515/515 516/516 467/467 466/466
f 516/516 517/517 468/468 467/467
f 517/517 518/518 469/469 468/468
f 518/518 519/519 470/470 469/469
f 519/519 520/520 471/471 470/470
f 520/520 521/521 472/472 471/471
f 521/521 522/522 473/473 472/472
f 522/522 523/523 474/474 473/473
f 523/523 524/524 475/475 474/474
f 524/524 525/525 476/476 475/475
f 525/525 526/526 477/477 476/476
f 526/526 527/527 478/478 477/477
f 527/527 528/528 479/479 478/478
f 528/528 529/529 480/480 479/479
f 529/529 530/530 481/481 480/480
f 530/530 531/531 482/482 481/481
f 531/531 532/532 483/483 482/482
f 532/532 533/533 484/484 483/483
f 533/533 534/534 485/485 484/484
f 534/534 535/535 486/486 485/485
f 535/535 536/536 487/487 486/486
f 536/536 537/537 488/488 487/487
f 537/537 538/538 489/489 488/488
f 538/538 539/539 490/490 489/489
f 540/540 541/541 492/492 491/491
f 541/541 542/542 493/493 492/492
f 542/542 543/543 494/494 493/493
f 543/543 544/544 495/495 494/494
f 544/544 545/545 496/496 495/495
f 545/545 546/546 497/497 496/496
f 546/546 547/547 498/498 497/497
f 547/547 548/548 499/499 498/498
f 548/548 549/549 500/500 499/499
f 549/549 550/550 501/501 500/500
f 550/550 551/551 502/502 501/501
f 551/551 552/552 503/503 502/502
f 552/552 553/553 504/504 503/503
f 553/553 554/554 505/505 504/504
f 554/554 555/555 506/506 505/505
f 555/555 556/556 507/507 506/506
f 556/556 557/557 508/508 507/507
f 557/557 558/558 509/509 508/508
f 558/558 559/559 510/510 509/509
f 559/559 560/560 511/511 510/510
f 560/560 561/561 512/512 511/511
f 561/561 562/562 513/513 512/512
f 562/562 563/563 514/514 513/513
f 563/563 564/564 515/515 514/514
f 564/564 565/565 516/516 515/515
f 565/565 566/566 517/517 516/516
f 566/566 567/567 518/518 517/517
f 567/567 568/568 519/519 518/518
f 568/568 569/569 520/520 519/519
f 569/569 570/570 521/521 520/520
f 570/570 571/571 522/522 521/521
f 571/571 572/572 523/523 522/522
f 572/572 573/573 524/524 523/523
f 573/573 574/574 525/525 524/524
f 574/574 575/575 526/526 525/525
f 575/575 576/576 527/527 526/526
f 576/576 577/577 528/528 527/527
f 577/577 578/578 529/529 528/528
f 578/578 579/579 530/530 529/529
f 579/579 580/580 531/531 530/530
f 580/580 581/581 532/532 531/531
f 581/581 582/582 533/533 532/532
f 582/582 583/583 534/534 533/533
f 583/583 584/584 535/535 534/534
f 584/584 585/585 536/536 535/535
f 585/585 586/586 537/537 536/536
f 586/586 587/587 538/538 537/537
f 587/587 588/588 539/539 538/538
f 589/589 590/590 541/541 540/540
f 590/590 591/591 542/542 541/541
f 591/591 592/592 543/543 542/542
f 592/592 593/593 544/544 543/543
f 593/593 594/594 545/545 544/544
f 594/594 595/595 546/546 545/545
f 595/595 596/596 547/547 546/546
f 596/596 597/597 548/548 547/547
f 597/597 598/598 549/549 548/548
f 598/598 599/599 550/550 549/549
f 599/599 600/600 551/551 550/550
f 600/600 601/601 552/552 551/551
f 601/601 602/602 553/553 552/552
f 602/602 603/603 554/554 553/553
f 603/603 604/604 555/555 554/554
f 604/604 605/605 556/556 555/555
f 605/605 606/606 557/557 556/556
f 606/606 607/607 558/558 557/557
f 607/607 608/608 559/559 558/558
f 608/608 609/609 560/560 559/559
f 609/609 610/610 561/561 560/560
f 610/610 611/611 562/562 561/561
f 611/611 612/612 563/563 562/562
f 612/612 613/613 564/564 563/563
f 613/613 614/614 565/565 564/564
f 614/614 615/615 566/566 565/565
f 615/615 616/616 567/567 566/566
f 616/616 617/617 568/568 567/567
f 617/617 618/618 569/569 568/568
f 618/618 619/619 570/570 569/569
f 619/619 620/620 571/571 570/570
f 620/620 621/621 572/572 571/571
f 621/621 622/622 573/573 572/572
f 622/622 623/623 574/574 573/573
f 623/623 624/624 575/575 574/574
f 624/624 625/625 576/576 575/575
f 625/625 626/626 577/577 576/576
f 626/626 627/627 578/578 577/577
f 627/627 628/628 579/579 578/578
f 628/628 629/629 580/580 579/579
f 629/629 630/630 581/581 580/580
f 630/630 631/631 582/582 581/581
f 631/631 632/632 583/583 582/582
f 632/632 633/633 584/584 583/583
f 633/633 634/634 585/585 584/584
f 634/634 635/635 586/586 585/585
f 635/635 636/636 587/587 586/586
f 636/636 637/637 588/588 587/587
f 638/638 639/639 590/590 589/589
f 639/639 640/640 591/591 590/590
f 640/640 641/641 592/592 591/591
f 641/641 642/642 593/593 592/592
f 642/642 643/643 594/594 593/593
f 643/643 644/644 595/595 594/594
f 644/644 645/645 596/596 595/595
f 645/645 646/646 597/597 596/596
f 646/646 647/647 598/598 597/597
f 647/647 648/648 599/599 598/598
f 648/648 649/649 600/600 599/599
f 649/649 650/650 601/601 600/600
f 650/650 651/651 602/602 601/601
f 651/651 652/652 603/603 602/602
f 652/652 653/653 604/604 603/603
f 653/653 654/654 605/605 604/604
f 654/654 655/655 606/606 605/605
f 655/655 656/656 607/607 606/606
f 656/656 657/657 608/608 607/607
f 657/657 658/658 609/609 608/608
f 658/658 659/659 610/610 609/609
f 659/659 660/660 611/611 610/610
f 660/660 661/661 612/612 611/611
f 661/661 662/662 613/613 612/612
f 662/662 663/663 614/614 613/613
f 663/663 664/664 615/615 614/614
f 664/664 665/665 616/616 615/615
f 665/665 666/666 617/617 616/616
f 666/666 667/667 618/618 617/617
f 667/667 668/668 619/619 618/618
f 668/668 669/669 620/620 619/619
f 669/669 670/670 621/621 620/620
f 670/670 671/671 622/622 621/621
f 671/671 672/672 623/623 622/622
f 672/672 673/673 624/624 623/623
f 673/673 674/674 625/625 624/624
f 674/674 675/675 626/626 625/625
f 675/675 676/676 627/627 626/626
f 676/676 677/677 628/628 627/627
f 677/677 678/678 629/629 628/628
f 678/678 679/679 630/630 629/629
f 679/679 680/680 631/631 630/630
f 680/680 681/681 632/632 631/631
f 681/681 682/682 633/633 632/632
f 682/682 683/683 634/634 633/633
f 683/683 684/684 635/635 634/634
f 684/684 685/685 636/636 635/635
f 685/685 686/686 637/637 636/636
f 687/687 688/688 639/639 638/638
f 688/688 689/689 640/640 639/639
f 689/689 690/690 641/641 640/640
f 690/690 691/691 642/642 641/641
f 691/691 692/692 643/643 642/642
f 692/692 693/693 644/644 643/643
f 693/693 694/694 645/645 644/644
f 694/694 695/695 646/646 645/645
f 695/695 696/696 647/647 646/646
f 696/696 697/697 648/648 647/647
f 697/697 698/698 649/649 648/648
f 698/698 699/699 650/650 649/649
f 699/699 700/700 651/651 650/650
f 700/700 701/701 652/652 651/651
f 701/701 702/702 653/653 652/652
f 702/702 703/703 654/654 653/653
f 703/703 704/704 655/655 654/654
f 704/704 705/705 656/656 655/655
f 705/705 706/706 657/657 656/656
f 706/706 707/707 658/658 657/657
f 707/707 708/708 659/659 658/658
f 708/708 709/709 660/660 659/659
f 709/709 710/710 661/661 660/660
f 710/710 711/711 662/662 661/661
f 711/711 712/712 663/663 662/662
f 712/712 713/713 664/664 663/663
f 713/713 714/714 665/665 664/664
f 714/714 715/715 666/666 665/665
f 715/715 716/716 667/667 666/666
f 716/716 717/717 668/668 667/667
f 717/717 718/718 669/669 668/668
f 718/718 719/719 670/670 669/669
f 719/719 720/720 671/671 670/670
f 720/720 721/721 672/672 671/671
f 721/721 722/722 673/673 672/672
f 722/722 723/723 674/674 673/673
f 723/723 724/724 675/675 674/674
f 724/724 725/725 676/676 675/675
f 725/725 726/726 677/677 676/676
f 726/726 727/727 678/678 677/677
f 727/727 728/728 679/679 678/678
f 728/728 729/729 680/680 679/679
f 729/729 730/730 681/681 680/680
f 730/730 731/731 682/682 681/681
f 731/731 732/732 683/683 682/682
f 732/732 733/733 684/684 683/683
f 733/733 734/734 685/685 684/684
f 734/734 735/735 686/686 685/685
f 736/736 737/737 688/688 687/687
f 737/737 738/738 689/689 688/688
f 738/738 739/739 690/690 689/689
f 739/739 740/740 691/691 690/690
f 740/740 741/741 692/692 691/691
f 741/741 742/742 693/693 692/692
f 742/742 743/743 694/694 693/693
f 743/743 744/744 695/695 694/694
f 744/744 745/745 696/696 695/695
f 745/745 746/746 697/697 696/696
f 746/746 747/747 698/698 697/697
f 747/747 748/748 699/699 698/698
f 748/748 749/749 700/700 699/699
f 749/749 750/750 701/701 700/700
f 750/750 751/751 702/702 701/701
f 751/751 752/752 703/703 702/702
f 752/752 753/753 704/704 703/703
f 753/753 754/754 705/705 704/704
f 754/754 755/755 706/706 705/705
f 755/755 756/756 707/707 706/706
f 756/756 757/757 708/708 707/707
f 757/757 758/758 709/709 708/708
f 758/758 759/759 710/710 709/709
f 759/759 760/760 711/711 710/710
f 760/760 761/761 712/712 711/711
f 761/761 762/762 713/713 712/712
f 762/762 763/763 714/714 713/713
f 763/763 764/764 715/715 714/714
f 764/764 765/765 716/716 715/715
f 765/765 766/766 717/717 716/716
f 766/766 767/767 718/718 717/717
f 767/767 768/768 719/719 718/718
f 768/768 769/769 720/720 719/719
f 769/769 770/770 721/721 720/720
f 770/770 771/771 722/722 721/721
f 771/771 772/772 723/723 722/722
f 772/772 773/773 724/724 723/723
f 773/773 774/774 725/725 724/724
f 774/774 775/775 726/726 725/725
f 775/775 776/776 727/727 726/726
f 776/776 777/777 728/728 727/727
f 777/777 778/778 729/729 728/728
f 778/778 779/779 730/730 729/729
f 779/779 780/780 731/731 730/730
f 780/780 781/781 732/732 731/731
f 781/781 782/782 733/733 732/732
f 782/782 783/783 734/734 733/733
f 783/783 784/784 735/735 734/734
f 785/785 786/786 737/737 736/736
f 786/786 787/787 738/738 737/737
f 787/787 788/788 739/739 738/738
f 788/788 789/789 740/740 739/739
f 789/789 790/790 741/741 740/740
f 790/790 791/791 742/742 741/741
f 791/791 792/792 743/743 742/742
f 792/792 793/793 744/744 743/743
f 793/793 794/794 745/745 744/744
f 794/794 795/795 746/746 745/745
f 795/795 796/796 747/747 746/746
f 796/796 797/797 748/748 747/747
f 797/797 798/798 749/749 748/748
f 798/798 799/799 750/750 749/749
f 799/799 800/800 751/751 750/750
f 800/800 801/801 752/752 751/751
f 801/801 802/802 753/753 752/752
f 802/802 803/803 754/754 753/753
f 803/803 804/804 755/755 754/754
f 804/804 805/805 756/756 755/755
f 805/805 806/806 757/757 756/756
f 806/806 807/807 758/758 757/757
f 807/807 808/808 759/759 758/758
f 808/808 809/809 760/760 759/759
f 809/809 810/810 761/761 760/760
f 810/810 811/811 762/762 761/761
f 811/811 812/812 763/763 762/762
f 812/812 813/813 764/764 763/763
f 813/813 814/814 765/765 764/764
f 814/814 815/815 766/766 765/765
f 815/815 816/816 767/767 766/766
f 816/816 817/817 768/768 767/767
f 817/817 818/818 769/769 768/768
f 818/818 819/819 770/770 769/769
f 819/819 820/820 771/771 770/770
f 820/820 821/821 772/772 771/771
f 821/821 822/822 773/773 772/772
f 822/822 823/823 774/774 773/773
f 823/823 824/824 775/775 774/774
f 824/824 825/825 776/776 775/775
f 825/825 826/826 777/777 776/776
f 826/826 827/827 778/778 777/777
f 827/827 828/828 779/779 778/778
f 828/828 829/829 780/780 779/779
f 829/829 830/830 781/781 780/780
f 830/830 831/831 782/782 781/781
f 831/831 832/832 783/783 782/782
f 832/832 833/833 784/784 783/783
f 834/834 835/835 786/786 785/785
f 835/835 836/836 787/787 786/786
f 836/836 837/837 788/788 787/787
f 837/837 838/838 789/789 788/788
f 838/838 839/839 790/790 789/789
f 839/839 840/840 791/791 790/790
f 840/840 841/841 792/792 791/791
f 841/841 842/842 793/793 792/792
f 842/842 843/843 794/794 793/793
f 843/843 844/844 795/795 794/794
f 844/844 845/845 796/796 795/795
f 845/845 846/846 797/797 796/796
f 846/846 847/847 798/798 797/797
f 847/847 848/848 799/799 798/798
f 848/848 849/849 800/800 799/799
f 849/849 850/850 801/801 800/800
f 850/850 851/851 802/802 801/801
f 851/851 852/852 803/803 802/802
f 852/852 853/853 804/804 803/803
f 853/853 854/854 805/805 804/804
f 854/854 855/855 806/806 805/805
f 855/855 856/856 807/807 806/806
f 856/856 857/857 808/808 807/807
f 857/857 858/858 809/809 808/808
f 858/858 859/859 810/810 809/809
f 859/859 860/860 811/811 810/810
f 860/860 861/861 812/812 811/811
f 861/861 862/862 813/813 812/812
f 862/862 863/863 814/814 813/813
f 863/863 864/864 815/815 814/814
f 864/864 865/865 816/816 815/815
f 865/865 866/866 817/817 816/816
f 866/866 867/867 818/818 817/817
f 867/867 868/868 819/819 818/818
f 868/868 869/869 820/820 819/819
f 869/869 870/870 821/821 820/820
f 870/870 871/871 822/822 821/821
f 871/871 872/872 823/823 822/822
f 872/872 873/873 824/824 823/823
f 873/873 874/874 825/825 824/824
f 874/874 875/875 826/826 825/825
f 875/875 876/876 827/827 826/826
f 876/876 877/877 828/828 827/827
f 877/877 878/878 829/829 828/828
f 878/878 879/879 830/830 829/829
f 879/879 880/880 831/831 830/830
f 880/880 881/881 832/832 831/831
f 881/881 882/882 833/833 832/832
f 883/883 884/884 835/835 834/834
f 884/884 885/885 836/836 835/835
f 885/885 886/886 837/837 836/836
f 886/886 887/887 838/838 837/837
f 887/887 888/888 839/839 838/838
f 888/888 889/889 840/840 839/839
f 889/889 890/890 841/841 840/840
f 890/890 891/891 842/842 841/841
f 891/891 892/892 843/843 842/842
f 892/892 893/893 844/844 843/843
f 893/893 894/894 845/845 844/844
f 894/894 895/895 846/846 845/845
f 895/895 896/896 847/847 846/846
f 896/896 897/897 848/848 847/847
f 897/897 898/898 849/849 848/848
f 898/898 899/899 850/850 849/849
f 899/899 900/900 851/851 850/850
f 900/900 901/901 852/852 851/851
f 901/901 902/902 853/853 852/852
f 902/902 903/903 854/854 853/853
f 903/903 904/904 855/855 854/854
f 904/904 905/905 856/856 855/855
f 905/905 906/906 857/857 856/856
f 906/906 907/907 858/858 857/857
f 907/907 908/908 859/859 858/858
f 908/908 909/909 860/860 859/859
f 909/909 910/910 861/861 860/860
f 910/910 911/911 862/862 861/861
f 911/911 912/912 863/863 862/862
f 912/912 913/913 864/864 863/863
f 913/913 914/914 865/865 864/864
f 914/914 915/915 866/866 865/865
f 915/915 916/916 867/867 866/866
f 916/916 917/917 868/868 867/867
f 917/917 918/918 869/869 868/868
f 918/918 919/919 870/870 869/869
f 919/919 920/920 871/871 870/870
f 920/920 921/921 872/872 871/871
f 921/921 922/922 873/873 872/872
f 922/922 923/923 874/874 873/873
f 923/923 924/924 875/875 874/874
f 924/924 925/925 876/876 875/875
f 925/925 926/926 877/877 876/876
f 926/926 927/927 878/878 877/877
f 927/927 928/928 879/879 878/878
f 928/928 929/929 880/880 879/879
f 929/929 930/930 881/881 880/880
f 930/930 931/931 882/882 881/881
f 932/932 933/933 884/884 883/883
f 933/933 934/934 885/885 884/884
f 934/934 935/935 886/886 885/885
f 935/935 936/936 887/887 886/886
f 936/936 937/937 888/888 887/887
f 937/937 938/938 889/889 888/888
f 938/938 939/939 890/890 889/889
f 939/939 940/940 891/891 890/890
f 940/940 941/941 892/892 891/891
f 941/941 942/942 893/893 892/892
f 942/942 943/943 894/894 893/893
f 943/943 944/944 895/895 894/894
f 944/944 945/945 896/896 895/895
f 945/945 946/946 897/897 896/896
f 946/946 947/947 898/898 897/897
f 947/947 948/948 899/899 898/898
f 948/948 949/949 900/900 899/899
f 949/949 950/950 901/901 900/900
f 950/950 951/951 902/902 901/901
f 951/951 952/952 903/903 902/902
f 952/952 953/953 904/904 903/903
f 953/953 954/954 905/905 904/904
f 954/954 955/955 906/906 905/905
f 955/955 956/956 907/907 906/906
f 956/956 957/957 908/908 907/907
f 957/957 958/958 909/909 908/908
f 958/958 959/959 910/910 909/909
f 959/959 960/960 911/911 910/910
f 960/960 961/961 912/912 911/911
f 961/961 962/962 913/913 912/912
f 962/962 963/963 914/914 913/913
f 963/963 964/964 915/915 914/914
f 964/964 965/965 916/916 915/915
f 965/965 966/966 917/917 916/916
f 966/966 967/967 918/918 917/917
f 967/967 968/968 919/919 918/918
f 968/968 969/969 920/920 919/919
f 969/969 970/970 921/921 920/920
f 970/970 971/971 922/922 921/921
f 971/971 972/972 923/923 922/922
f 972/972 973/973 924/924 923/923
f 973/973 974/974 925/925 924/924
f 974/974 975/975 926/926 925/925
f 975/975 976/976 927/927 926/926
f 976/976 977/977 928/928 927/927
f 977/977 978/978 929/929 928/928
f 978/978 979/979 930/930 929/929
f 979/979 980/980 931/931 930/930
f 981/981 982/982 933/933 932/932
f 982/982 983/983 934/934 933/933
f 983/983 984/984 935/935 934/934
f 984/984 985/985 936/936 935/935
f 985/985 986/986 937/937 936/936
f 986/986 987/987 938/938 937/937
f 987/987 988/988 939/939 938/938
f 988/988 989/989 940/940 939/939
f 989/989 990/990 941/941 940/940
f 990/990 991/991 942/942 941/941
f 991/991 992/992 943/943 942/942
f 992/992 993/993 944/944 943/943
f 993/993 994/994 945/945 944/944
f 994/994 995/995 946/946 945/945
f 995/995 996/996 947/947 946/946
f 996/996 997/997 948/948 947/947
f 997/997 998/998 949/949 948/948
f 998/998 999/999 950/950 949/949
f 999/999 1000/1000 951/951 950/950
f 1000/1000 1001/1001 952/952 951/951
f 1001/1001 1002/1002 953/953 952/952
f 1002/1002 1003/1003 954/954 953/953
f 1003/1003 1004/1004 955/955 954/954
f 1004/1004 1005/1005 956/956 955/955
f 1005/1005 1006/1006 957/957 956/956
f 1006/1006 1007/1007 958/958 957/957
f 1007/1007 1008/1008 959/959 958/958
f 1008/1008 1009/1009 960/960 959/959
f 1009/1009 1010/1010 961/961 960/960
f 1010/1010 1011/1011 962/962 961/961
f 1011/1011 1012/1012 963/963 962/962
f 1012/1012 1013/1013 964/964 963/963
f 1013/1013 1014/1014 965/965 964/964
f 1014/1014 1015/1015 966/966 965/965
f 1015/1015 1016/1016 967/967 966/966
f 1016/1016 1017/1017 968/968 967/967
f 1017/1017 1018/1018 969/969 968/968
f 1018/1018 1019/1019 970/970 969/969
f 1019/1019 1020/1020 971/971 970/970
f 1020/1020 1021/1021 972/972 971/971
f 1021/1021 1022/1022 973/973 972/972
f 1022/1022 1023/1023 974/974 973/973
f 1023/1023 1024/1024 975/975 974/974
f 1024/1024 1025/1025 976/976 975/975
f 1025/1025 1026/1026 977/977 976/976
f 1026/1026 1027/1027 978/978 977/977
f 1027/1027 1028/1028 979/979 978/978
f 1028/1028 1029/1029 980/980 979/979
f 1030/1030 1031/1031 982/982 981/981
f 1031/1031 1032/1032 983/983 982/982
f 1032/1032 1033/1033 984/984 983/983
f 1033/1033 1034/1034 985/985 984/984
f 1034/1034 1035/1035 986/986 985/985
f 1035/1035 1036/1036 987/987 986/986
f 1036/1036 1037/1037 988/988 987/987
f 1037/1037 1038/1038 989/989 988/988
f 1038/1038 1039/1039 990/990 989/989
f 1039/1039 1040/1040 991/991 990/990
f 1040/1040 1041/1041 992/992 991/991
f 1041/1041 1042/1042 993/993 992/992
f 1042/1042 1043/1043 994/994 993/993
f 1043/1043 1044/1044 995/995 994/994
f 1044/1044 1045/1045 996/996 995/995
f 1045/1045 1046/1046 997/997 996/996
f 1046/1046 1047/1047 998/998 997/997
f 1047/1047 1048/1048 999/999 998/998
f 1048/1048 1049/1049 1000/1000 999/999
f 1049/1049 1050/1050 1001/1001 1000/1000
f 1050/1050 1051/1051 1002/1002 1001/1001
f 1051/1051 1052/1052 1003/1003 1002/1002
f 1052/1052 1053/1053 1004/1004 1003/1003
f 1053/1053 1054/1054 1005/1005 1004/1004
f 1054/1054 1055/1055 1006/1006 1005/1005
f 1055/1055 1056/1056 1007/1007 1006/1006
f 1056/1056 1057/1057 1008/1008 1007/1007
f 1057/1057 1058/1058 1009/1009 1008/1008
f 1058/1058 1059/1059 1010/1010 1009/1009
f 1059/1059 1060/1060 1011/1011 1010/1010
f 1060/1060 1061/1061 1012/1012 1011/1011
f 1061/1061 1062/1062 1013/1013 1012/1012
f 1062/1062 1063/1063 1014/1014 1013/1013
f 1063/1063 1064/1064 1015/1015 1014/1014
f 1064/1064 1065/1065 1016/1016 1015/1015
f 1065/1065 1066/1066 1017/1017 1016/1016
f 1066/1066 1067/1067 1018/1018 1017/1017
f 1067/1067 1068/1068 1019/1019 1018/1018
f 1068/1068 1069/1069 1020/1020 1019/1019
f 1069/1069 1070/1070 1021/1021 1020/1020
f 1070/1070 1071/1071 1022/1022 1021/1021
f 1071/1071 1072/1072 1023/1023 1022/1022
f 1072/1072 1073/1073 1024/1024 1023/1023
f 1073/1073 1074/1074 1025/1025 1024/1024
f 1074/1074 1075/1075 1026/1026 1025/1025
f 1075/1075 1076/1076 1027/1027 1026/1026
f 1076/1076 1077/1077 1028/1028 1027/1027
f 1077/1077 1078/1078 1029/1029 1028/1028
f 1079/1079 1080/1080 1031/1031 1030/1030
f 1080/1080 1081/1081 1032/1032 1031/1031
f 1081/1081 1082/1082 1033/1033 1032/1032
f 1082/1082 1083/1083 1034/1034 1033/1033
f 1083/1083 1084/1084 1035/1035 1034/1034
f 1084/1084 1085/1085 1036/1036 1035/1035
f 1085/1085 1086/1086 1037/1037 1036/1036
f 1086/1086 1087/1087 1038/1038 1037/1037
f 1087/1087 1088/1088 1039/1039 1038/1038
f 1088/1088 1089/1089 1040/1040 1039/1039
f 1089/1089 1090/1090 1041/1041 1040/1040
f 1090/1090 1091/1091 1042/1042 1041/1041
f 1091/1091 1092/1092 1043/1043 1042/1042
f 1092/1092 1093/1093 1044/1044 1043/1043
f 1093/1093 1094/1094 1045/1045 1044/1044
f 1094/1094 1095/1095 1046/1046 1045/1045
f 1095/1095 1096/1096 1047/1047 1046/1046
f 1096/1096 1097/1097 1048/1048 1047/1047
f 1097/1097 1098/1098 1049/1049 1048/1048
f 1098/1098 1099/1099 1050/1050 1049/1049
f 1099/1099 1100/1100 1051/1051 1050/1050
f 1100/1100 1101/1101 1052/1052 1051/1051
f 1101/1101 1102/1102 1053/1053 1052/1052
f 1102/1102 1103/1103 1054/1054 1053/1053
f 1103/1103 1104/1104 1055/1055 1054/1054
f 1104/1104 1105/1105 1056/1056 1055/1055
f 1105/1105 1106/1106 1057/1057 1056/1056
f 1106/1106 1107/1107 1058/1058 1057/1057
f 1107/1107 1108/1108 1059/1059 1058/1058
f 1108/1108 1109/1109 1060/1060 1059/1059
f 1109/1109 1110/1110 1061/1061 1060/1060
f 1110/1110 1111/1111 1062/1062 1061/1061
f 1111/1111 1112/1112 1063/1063 1062/1062
f 1112/1112 1113/1113 1064/1064 1063/1063
f 1113/1113 1114/1114 1065/1065 1064/1064
f 1114/1114 1115/1115 1066/1066 1065/1065
f 1115/1115 1116/1116 1067/1067 1066/1066
f 1116/1116 1117/1117 1068/1068 1067/1067
f 1117/1117 1118/1118 1069/1069 1068/1068
f 1118/1118 1119/1119 1070/1070 1069/1069
f 1119/1119 1120/1120 1071/1071 1070/1070
f 1120/1120 1121/1121 1072/1072 1071/1071
f 1121/1121 1122/1122 1073/1073 1072/1072
f 1122/1122 1123/1123 1074/1074 1073/1073
f 1123/1123 1124/1124 1075/1075 1074/1074
f 1124/1124 1125/1125 1076/1076 1075/1075
f 1125/1125 1126/1126 1077/1077 1076/1076
f 1126/1126 1127/1127 1078/1078 1077/1077
f 1128/1128 1129/1129 1080/1080 1079/1079
f 1129/1129 1130/1130 1081/1081 1080/1080
f 1130/1130 1131/1131 1082/1082 1081/1081
f 1131/1131 1132/1132 1083/1083 1082/1082
f 1132/1132 1133/1133 1084/1084 1083/1083
f 1133/1133 1134/1134 1085/1085 1084/1084
f 1134/1134 1135/1135 1086/1086 1085/1085
f 1135/1135 1136/1136 1087/1087 1086/1086
f 1136/1136 1137/1137 1088/1088 1087/1087
f 1137/1137 1138/1138 1089/1089 1088/1088
f 1138/1138 1139/1139 1090/1090 1089/1089
f 1139/1139 1140/1140 1091/1091 1090/1090
f 1140/1140 1141/1141 1092/1092 1091/1091
f 1141/1141 1142/1142 1093/1093 1092/1092
f 1142/1142 1143/1143 1094/1094 1093/1093
f 1143/1143 1144/1144 1095/1095 1094/1094
f 1144/1144 1145/1145 1096/1096 1095/1095
f 1145/1145 1146/1146 1097/1097 1096/1096
f 1146/1146 1147/1147 1098/1098 1097/1097
f 1147/1147 1148/1148 1099/1099 1098/1098
f 1148/1148 1149/1149 1100/1100 1099/1099
f 1149/1149 1150/1150 1101/1101 1100/1100
f 1150/1150 1151/1151 1102/1102 1101/1101
f 1151/1151 1152/1152 1103/1103 1102/1102
f 1152/1152 1153/1153 1104/1104 1103/1103
f 1153/1153 1154/1154 1105/1105 1104/1104
f 1154/1154 1155/1155 1106/1106 1105/1105
f 1155/1155 1156/1156 1107/1107 1106/1106
f 1156/1156 1157/1157 1108/1108 1107/1107
f 1157/1157 1158/1158 1109/1109 1108/1108
f 1158/1158 1159/1159 1110/1110 1109/1109
f 1159/1159 1160/1160 1111/1111 1110/1110
f 1160/1160 1161/1161 1112/1112 1111/1111
f 1161/1161 1162/1162 1113/1113 1112/1112
f 1162/1162 1163/1163 1114/1114 1113/1113
f 1163/1163 1164/1164 1115/1115 1114/1114
f 1164/1164 1165/1165 1116/1116 1115/1115
f 1165/1165 1166/1166 1117/1117 1116/1116
f 1166/1166 1167/1167 1118/1118 1117/1117
f 1167/1167 1168/1168 1119/1119 1118/1118
f 1168/1168 1169/1169 1120/1120 1119/1119
f 1169/1169 1170/1170 1121/1121 1120/1120
f 1170/1170 1171/1171 1122/1122 1121/1121
f 1171/1171 1172/1172 1123/1123 1122/1122
f 1172/1172 1173/1173 1124/1124 1123/1123
f 1173/1173 1174/1174 1125/1125 1124/1124
f 1174/1174 1175/1175 1126/1126 1125/1125
f 1175/1175 1176/1176 1127/1127 1126/1126
f 1177/1177 1178/1178 1129/1129 1128/1128
f 1178/1178 1179/1179 1130/1130 1129/1129
f 1179/1179 1180/1180 1131/1131 1130/1130
f 1180/1180 1181/1181 1132/1132 1131/1131
f 1181/1181 1182/1182 1133/1133 1132/1132
f 1182/1182 1183/1183 1134/1134 1133/1133
f 1183/1183 1184/1184 1135/1135 1134/1134
f 1184/1184 1185/1185 1136/1136 1135/1135
f 1185/1185 1186/1186 1137/1137 1136/1136
f 1186/1186 1187/1187 1138/1138 1137/1137
f 1187/1187 1188/1188 1139/1139 1138/1138
f 1188/1188 1189/1189 1140/1140 1139/1139
f 1189/1189 1190/1190 1141/1141 1140/1140
f 1190/1190 1191/1191 1142/1142 1141/1141
f 1191/1191 1192/1192 1143/1143 1142/1142
f 1192/1192 1193/1193 1144/1144 1143/1143
f 1193/1193 1194/1194 1145/1145 1144/1144
f 1194/1194 1195/1195 1146/1146 1145/1145
f 1195/1195 1196/1196 1147/1147 1146/1146
f 1196/1196 1197/1197 1148/1148 1147/1147
f 1197/1197 1198/1198 1149/1149 1148/1148
f 1198/1198 1199/1199 1150/1150 1149/1149
f 1199/1199 1200/1200 1151/1151 1150/1150
f 1200/1200 1201/1201 1152/1152 1151/1151
f 1201/1201 1202/1202 1153/1153 1152/1152
f 1202/1202 1203/1203 1154/1154 1153/1153
f 1203/1203 1204/1204 1155/1155 1154/1154
f 1204/1204 1205/1205 1156/1156 1155/1155
f 1205/1205 1206/1206 1157/1157 1156/1156
f 1206/1206 1207/1207 1158/1158 1157/1157
f 1207/1207 1208/1208 1159/1159 1158/1158
f 1208/1208 1209/1209 1160/1160 1159/1159
f 1209/1209 1210/1210 1161/1161 1160/1160
f 1210/1210 1211/1211 1162/1162 1161/1161
f 1211/1211 1212/1212 1163/1163 1162/1162
f 1212/1212 1213/1213 1164/1164 1163/1163
f 1213/1213 1214/1214 1165/1165 1164/1164
f 1214/1214 1215/1215 1166/1166 1165/1165
f 1215/1215 1216/1216 1167/1167 1166/1166
f 1216/1216 1217/1217 1168/1168 1167/1167
f 1217/1217 1218/1218 1169/1169 1168/1168
f 1218/1218 1219/1219 1170/1170 1169/1169
f 1219/1219 1220/1220 1171/1171 1170/1170
f 1220/1220 1221/1221 1172/1172 1171/1171
f 1221/1221 1222/1222 1173/1173 1172/1172
f 1222/1222 1223/1223 1174/1174 1173/1173
f 1223/1223 1224/1224 1175/1175 1174/1174
f 1224/1224 1225/1225 1176/1176 1175/1175
f 1226/1226 1227/1227 1178/1178 1177/1177
f 1227/1227 1228/1228 1179/1179 1178/1178
f 1228/1228 1229/1229 1180/1180 1179/1179
f 1229/1229 1230/1230 1181/1181 1180/1180
f 1230/1230 1231/1231 1182/1182 1181/1181
f 1231/1231 1232/1232 1183/1183 1182/1182
f 1232/1232 1233/1233 1184/1184 1183/1183
f 1233/1233 1234/1234 1185/1185 1184/1184
f 1234/1234 1235/1235 1186/1186 1185/1185
f 1235/1235 1236/1236 1187/1187 1186/1186
f 1236/1236 1237/1237 1188/1188 1187/1187
f 1237/1237 1238/1238 1189/1189 1188/1188
f 1238/1238 1239/1239 1190/1190 1189/1189
f 1239/1239 1240/1240 1191/1191 1190/1190
f 1240/1240 1241/1241 1192/1192 1191/1191
f 1241/1241 1242/1242 1193/1193 1192/1192
f 1242/1242 1243/1243 1194/1194 1193/1193
f 1243/1243 1244/1244 1195/1195 1194/1194
f 1244/1244 1245/1245 1196/1196 1195/1195
f 1245/1245 1246/1246 1197/1197 1196/1196
f 1246/1246 1247/1247 1198/1198 1197/1197
f 1247/1247 1248/1248 1199/1199 1198/1198
f 1248/1248 1249/1249 1200/1200 1199/1199
f 1249/1249 1250/1250 1201/1201 1200/1200
f 1250/1250 1251/1251 1202/1202 1201/1201
f 1251/1251 1252/1252 1203/1203 1202/1202
f 1252/1252 1253/1253 1204/1204 1203/1203
f 1253/1253 1254/1254 1205/1205 1204/1204
f 1254/1254 1255/1255 1206/1206 1205/1205
f 1255/1255 1256/1256 1207/1207 1206/1206
f 1256/1256 1257/1257 1208/1208 1207/1207
f 1257/1257 1258/1258 1209/1209 1208/1208
f 1258/1258 1259/1259 1210/1210 1209/1209
f 1259/1259 1260/1260 1211/1211 1210/1210
f 1260/1260 1261/1261 1212/1212 1211/1211
f 1261/1261 1262/1262 1213/1213 1212/1212
f 1262/1262 1263/1263 1214/1214 1213/1213
f 1263/1263 1264/1264 1215/1215 1214/1214
f 1264/1264 1265/1265 1216/1216 1215/1215
f 1265/1265 1266/1266 1217/1217 1216/1216
f 1266/1266 1267/1267 1218/1218 1217/1217
f 1267/1267 1268/1268 1219/1219 1218/1218
f 1268/1268 1269/1269 1220/1220 1219/1219
f 1269/1269 1270/1270 1221/1221 1220/1220
f 1270/1270 1271/1271 1222/1222 1221/1221
f 1271/1271 1272/1272 1223/1223 1222/1222
f 1272/1272 1273/1273 1224/1224 1223/1223
f 1273/1273 1274/1274 1225/1225 1224/1224
f 1275/1275 1276/1276 1227/1227 1226/1226
f 1276/1276 1277/1277 1228/1228 1227/1227
f 1277/1277 1278/1278 1229/1229 1228/1228
f 1278/1278 1279/1279 1230/1230 1229/1229
f 1279/1279 1280/1280 1231/1231 1230/1230
f 1280/1280 1281/1281 1232/1232 1231/1231
f 1281/1281 1282/1282 1233/1233 1232/1232
f 1282/1282 1283/1283 1234/1234 1233/1233
f 1283/1283 1284/1284 1235/1235 1234/1234
f 1284/1284 1285/1285 1236/1236 1235/1235
f 1285/1285 1286/1286 1237/1237 1236/1236
f 1286/1286 1287/1287 1238/1238 1237/1237
f 1287/1287 1288/1288 1239/1239 1238/1238
f 1288/1288 1289/1289 1240/1240 1239/1239
f 1289/1289 1290/1290 1241/1241 1240/1240
f 1290/1290 1291/1291 1242/1242 1241/1241
f 1291/1291 1292/1292 1243/1243 1242/1242
f 1292/1292 1293/1293 1244/1244 1243/1243
f 1293/1293 1294/1294 1245/1245 1244/1244
f 1294/1294 1295/1295 1246/1246 1245/1245
f 1295/1295 1296/1296 1247/1247 1246/1246
f 1296/1296 1297/1297 1248/1248 1247/1247
f 1297/1297 1298/1298 1249/1249 1248/1248
f 1298/1298 1299/1299 1250/1250 1249/1249
f 1299/1299 1300/1300 1251/1251 1250/1250
f 1300/1300 1301/1301 1252/1252 1251/1251
f 1301/1301 1302/1302 1253/1253 1252/1252
f 1302/1302 1303/1303 1254/1254 1253/1253
f 1303/1303 1304/1304 1255/1255 1254/1254
f 1304/1304 1305/1305 1256/1256 1255/1255
f 1305/1305 1306/1306 1257/1257 1256/1256
f 1306/1306 1307/1307 1258/1258 1257/1257
f 1307/1307 1308/1308 1259/1259 1258/1258
f 1308/1308 1309/1309 1260/1260 1259/1259
f 1309/1309 1310/1310 1261/1261 1260/1260
f 1310/1310 1311/1311 1262/1262 1261/1261
f 1311/1311 1312/1312 1263/1263 1262/1262
f 1312/1312 1313/1313 1264/1264 1263/1263
f 1313/1313 1314/1314 1265/1265 1264/1264
f 1314/1314 1315/1315 1266/1266 1265/1265
f 1315/1315 1316/1316 1267/1267 1266/1266
f 1316/1316 1317/1317 1268/1268 1267/1267
f 1317/1317 1318/1318 1269/1269 1268/1268
f 1318/1318 1319/1319 1270/1270 1269/1269
f 1319/1319 1320/1320 1271/1271 1270/1270
f 1320/1320 1321/1321 1272/1272 1271/1271
f 1321/1321 1322/1322 1273/1273 1272/1272
f 1322/1322 1323/1323 1274/1274 1273/1273
f 1324/1324 1325/1325 1276/1276 1275/1275
f 1325/1325 1326/1326 1277/1277 1276/1276
f 1326/1326 1327/1327 1278/1278 1277/1277
f 1327/1327 1328/1328 1279/1279 1278/1278
f 1328/1328 1329/1329 1280/1280 1279/1279
f 1329/1329 1330/1330 1281/1281 1280/1280
f 1330/1330 1331/1331 1282/1282 1281/1281
f 1331/1331 1332/1332 1283/1283 1282/1282
f 1332/1332 1333/1333 1284/1284 1283/1283
f 1333/1333 1334/1334 1285/1285 1284/1284
f 1334/1334 1335/1335 1286/1286 1285/1285
f 1335/1335 1336/1336 1287/1287 1286/1286
f 1336/1336 1337/1337 1288/1288 1287/1287
f 1337/1337 1338/1338 1289/1289 1288/1288
f 1338/1338 1339/1339 1290/1290 1289/1289
f 1339/1339 1340/1340 1291/1291 1290/1290
f 1340/1340 1341/1341 1292/1292 1291/1291
f 1341/1341 1342/1342 1293/1293 1292/1292
f 1342/1342 1343/1343 1294/1294 1293/1293
f 1343/1343 1344/1344 1295/1295 1294/1294
f 1344/1344 1345/1345 1296/1296 1295/1295
f 1345/1345 1346/1346 1297/1297 1296/1296
f 1346/1346 1347/1347 1298/1298 1297/1297
f 1347/1347 1348/1348 1299/1299 1298/1298
f 1348/1348 1349/1349 1300/1300 1299/1299
f 1349/1349 1350/1350 1301/1301 1300/1300
f 1350/1350 1351/1351 1302/1302 1301/1301
f 1351/1351 1352/1352 1303/1303 1302/1302
f 1352/1352 1353/1353 1304/1304 1303/1303
f 1353/1353 1354/1354 1305/1305 1304/1304
f 1354/1354 1355/1355 1306/1306 1305/1305
f 1355/1355 1356/1356 1307/1307 1306/1306
f 1356/1356 1357/1357 1308/1308 1307/1307
f 1357/1357 1358/1358 1309/1309 1308/1308
f 1358/1358 1359/1359 1310/1310 1309/1309
f 1359/1359 1360/1360 1311/1311 1310/1310
f 1360/1360 1361/1361 1312/1312 1311/1311
f 1361/1361 1362/1362 1313/1313 1312/1312
f 1362/1362 1363/1363 1314/1314 1313/1313
f 1363/1363 1364/1364 1315/1315 1314/1314
f 1364/1364 1365/1365 1316/1316 1315/1315
f 1365/1365 1366/1366 1317/1317 1316/1316
f 1366/1366 1367/1367 1318/1318 1317/1317
f 1367/1367 1368/1368 1319/1319 1318/1318
f 1368/1368 1369/1369 1320/1320 1319/1319
f 1369/1369 1370/1370 1321/1321 1320/1320
f 1370/1370 1371/1371 1322/1322 1321/1321
f 1371/1371 1372/1372 1323/1323 1322/1322
f 1373/1373 1374/1374 1325/1325 1324/1324
f 1374/1374 1375/1375 1326/1326 1325/1325
f 1375/1375 1376/1376 1327/1327 1326/1326
f 1376/1376 1377/1377 1328/1328 1327/1327
f 1377/1377 1378/1378 1329/1329 1328/1328
f 1378/1378 1379/1379 1330/1330 1329/1329
f 1379/1379 1380/1380 1331/1331 1330/1330
f 1380/1380 1381/1381 1332/1332 1331/1331
f 1381/1381 1382/1382 1333/1333 1332/1332
f 1382/1382 1383/1383 1334/1334 1333/1333
f 1383/1383 1384/1384 1335/1335 1334/1334
f 1384/1384 1385/1385 1336/1336 1335/1335
f 1385/1385 1386/1386 1337/1337 1336/1336
f 1386/1386 1387/1387 1338/1338 1337/1337
f 1387/1387 1388/1388 1339/1339 1338/1338
f 1388/1388 1389/1389 1340/1340 1339/1339
f 1389/1389 1390/1390 1341/1341 1340/1340
f 1390/1390 1391/1391 1342/1342 1341/1341
f 1391/1391 1392/1392 1343/1343 1342/1342
f 1392/1392 1393/1393 1344/1344 1343/1343
f 1393/1393 1394/1394 1345/1345 1344/1344
f 1394/1394 1395/1395 1346/1346 1345/1345
f 1395/1395 1396/1396 1347/1347 1346/1346
f 1396/1396 1397/1397 1348/1348 1347/1347
f 1397/1397 1398/1398 1349/1349 1348/1348
f 1398/1398 1399/1399 1350/1350 1349/1349
f 1399/1399 1400/1400 1351/1351 1350/1350
f 1400/1400 1401/1401 1352/1352 1351/1351
f 1401/1401 1402/1402 1353/1353 1352/1352
f 1402/1402 1403/1403 1354/1354 1353/1353
f 1403/1403 1404/1404 1355/1355 1354/1354
f 1404/1404 1405/1405 1356/1356 1355/1355
f 1405/1405 1406/1406 1357/1357 1356/1356
f 1406/1406 1407/1407 1358/1358 1357/1357
f 1407/1407 1408/1408 1359/1359 1358/1358
f 1408/1408 1409/1409 1360/1360 1359/1359
f 1409/1409 1410/1410 1361/1361 1360/1360
f 1410/1410 1411/1411 1362/1362 1361/1361
f 1411/1411 1412/1412 1363/1363 1362/1362
f 1412/1412 1413/1413 1364/1364 1363/1363
f 1413/1413 1414/1414 1365/1365 1364/1364
f 1414/1414 1415/1415 1366/1366 1365/1365
f 1415/1415 1416/1416 1367/1367 1366/1366
f 1416/1416 1417/1417 1368/1368 1367/1367
f 1417/1417 1418/1418 1369/1369 1368/1368
f 1418/1418 1419/1419 1370/1370 1369/1369
f 1419/1419 1420/1420 1371/1371 1370/1370
f 1420/1420 1421/1421 1372/1372 1371/1371
f 1422/1422 1423/1423 1374/1374 1373/1373
f 1423/1423 1424/1424 1375/1375 1374/1374
f 1424/1424 1425/1425 1376/1376 1375/1375
f 1425/1425 1426/1426 1377/1377 1376/1376
f 1426/1426 1427/1427 1378/1378 1377/1377
f 1427/1427 1428/1428 1379/1379 1378/1378
f 1428/1428 1429/1429 1380/1380 1379/1379
f 1429/1429 1430/1430 1381/1381 1380/1380
f 1430/1430 1431/1431 1382/1382 1381/1381
f 1431/1431 1432/1432 1383/1383 1382/1382
f 1432/1432 1433/1433 1384/1384 1383/1383
f 1433/1433 1434/1434 1385/1385 1384/1384
f 1434/1434 1435/1435 1386/1386 1385/1385
f 1435/1435 1436/1436 1387/1387 1386/1386
f 1436/1436 1437/1437 1388/1388 1387/1387
f 1437/1437 1438/1438 1389/1389 1388/1388
f 1438/1438 1439/1439 1390/1390 1389/1389
f 1439/1439 1440/1440 1391/1391 1390/1390
f 1440/1440 1441/1441 1392/1392 1391/1391
f 1441/1441 1442/1442 1393/1393 1392/1392
f 1442/1442 1443/1443 1394/1394 1393/1393
f 1443/1443 1444/1444 1395/1395 1394/1394
f 1444/1444 1445/1445 1396/1396 1395/1395
f 1445/1445 1446/1446 1397/1397 1396/1396
f 1446/1446 1447/1447 1398/1398 1397/1397
f 1447/1447 1448/1448 1399/1399 1398/1398
f 1448/1448 1449/1449 1400/1400 1399/1399
f 1449/1449 1450/1450 1401/1401 1400/1400
f 1450/1450 1451/1451 1402/1402 1401/1401
f 1451/1451 1452/1452 1403/1403 1402/1402
f 1452/1452 1453/1453 1404/1404 1403/1403
f 1453/1453 1454/1454 1405/1405 1404/1404
f 1454/1454 1455/1455 1406/1406 1405/1405
f 1455/1455 1456/1456 1407/1407 1406/1406
f 1456/1456 1457/1457 1408/1408 1407/1407
f 1457/1457 1458/1458 1409/1409 1408/1408
f 1458/1458 1459/1459 1410/1410 1409/1409
f 1459/1459 1460/1460 1411/1411 1410/1410
f 1460/1460 1461/1461 1412/1412 1411/1411
f 1461/1461 1462/1462 1413/1413 1412/1412
f 1462/1462 1463/1463 1414/1414 1413/1413
f 1463/1463 1464/1464 1415/1415 1414/1414
f 1464/1464 1465/1465 1416/1416 1415/1415
f 1465/1465 1466/1466 1417/1417 1416/1416
f 1466/1466 1467/1467 1418/1418 1417/1417
f 1467/1467 1468/1468 1419/1419 1418/1418
f 1468/1468 1469/1469 1420/1420 1419/1419
f 1469/1469 1470/1470 1421/1421 1420/1420
f 1471/1471 1472/1472 1423/1423 1422/1422
f 1472/1472 1473/1473 1424/1424 1423/1423
f 1473/1473 1474/1474 1425/1425 1424/1424
f 1474/1474 1475/1475 1426/1426 1425/1425
f 1475/1475 1476/1476 1427/1427 1426/1426
f 1476/1476 1477/1477 1428/1428 1427/1427
f 1477/1477 1478/1478 1429/1429 1428/1428
f 1478/1478 1479/1479 1430/1430 1429/1429
f 1479/1479 1480/1480 1431/1431 1430/1430
f 1480/1480 1481/1481 1432/1432 1431/1431
f 1481/1481 1482/1482 1433/1433 1432/1432
f 1482/1482 1483/1483 1434/1434 1433/1433
f 1483/1483 1484/1484 1435/1435 1434/1434
f 1484/1484 1485/1485 1436/1436 1435/1435
f 1485/1485 1486/1486 1437/1437 1436/1436
f 1486/1486 1487/1487 1438/1438 1437/1437
f 1487/1487 1488/1488 1439/1439 1438/1438
f 1488/1488 1489/1489 1440/1440 1439/1439
f 1489/1489 1490/1490 1441/1441 1440/1440
f 1490/1490 1491/1491 1442/1442 1441/1441
f 1491/1491 1492/1492 1443/1443 1442/1442
f 1492/1492 1493/1493 1444/1444 1443/1443
f 1493/1493 1494/1494 1445/1445 1444/1444
f 1494/1494 1495/1495 1446/1446 1445/1445
f 1495/1495 1496/1496 1447/1447 1446/1446
f 1496/1496 1497/1497 1448/1448 1447/1447
f 1497/1497 1498/1498 1449/1449 1448/1448
f 1498/1498 1499/1499 1450/1450 1449/1449
f 1499/1499 1500/1500 1451/1451 1450/1450
f 1500/1500 1501/1501 1452/1452 1451/1451
f 1501/1501 1502/1502 1453/1453 1452/1452
f 1502/1502 1503/1503 1454/1454 1453/1453
f 1503/1503 1504/1504 1455/1455 1454/1454
f 1504/1504 1505/1505 1456/1456 1455/1455
f 1505/1505 1506/1506 1457/1457 1456/1456
f 1506/1506 1507/1507 1458/1458 1457/1457
f 1507/1507 1508/1508 1459/1459 1458/1458
f 1508/1508 1509/1509 1460/1460 1459/1459
f 1509/1509 1510/1510 1461/1461 1460/1460
f 1510/1510 1511/1511 1462/1462 1461/1461
f 1511/1511 1512/1512 1463/1463 1462/1462
f 1512/1512 1513/1513 1464/1464 1463/1463
f 1513/1513 1514/1514 1465/1465 1464/1464
f 1514/1514 1515/1515 1466/1466 1465/1465
f 1515/1515 1516/1516 1467/1467 1466/1466
f 1516/1516 1517/1517 1468/1468 1467/1467
f 1517/1517 1518/1518 1469/1469 1468/1468
f 1518/1518 1519/1519 1470/1470 1469/1469
f 1520/1520 1521/1521 1472/1472 1471/1471
f 1521/1521 1522/1522 1473/1473 1472/1472
f 1522/1522 1523/1523 1474/1474 1473/1473
f 1523/1523 1524/1524 1475/1475 1474/1474
f 1524/1524 1525/1525 1476/1476 1475/1475
f 1525/1525 1526/1526 1477/1477 1476/1476
f 1526/1526 1527/1527 1478/1478 1477/1477
f 1527/1527 1528/1528 1479/1479 1478/1478
f 1528/1528 1529/1529 1480/1480 1479/1479
f 1529/1529 1530/1530 1481/1481 1480/1480
f 1530/1530 1531/1531 1482/1482 1481/1481
f 1531/1531 1532/1532 1483/1483 1482/1482
f 1532/1532 1533/1533 1484/1484 1483/1483
f 1533/1533 1534/1534 1485/1485 1484/1484
f 1534/1534 1535/1535 1486/1486 1485/1485
f 1535/1535 1536/1536 1487/1487 1486/1486
f 1536/1536 1537/1537 1488/1488 1487/1487
f 1537/1537 1538/1538 1489/1489 1488/1488
f 1538/1538 1539/1539 1490/1490 1489/1489
f 1539/1539 1540/1540 1491/1491 1490/1490
f 1540/1540 1541/1541 1492/1492 1491/1491
f 1541/1541 1542/1542 1493/1493 1492/1492
f 1542/1542 1543/1543 1494/1494 1493/1493
f 1543/1543 1544/1544 1495/1495 1494/1494
f 1544/1544 1545/1545 1496/1496 1495/1495
f 1545/1545 1546/1546 1497/1497 1496/1496
f 1546/1546 1547/1547 1498/1498 1497/1497
f 1547/1547 1548/1548 1499/1499 1498/1498
f 1548/1548 1549/1549 1500/1500 1499/1499
f 1549/1549 1550/1550 1501/1501 1500/1500
f 1550/1550 1551/1551 1502/1502 1501/1501
f 1551/1551 1552/1552 1503/1503 1502/1502
f 1552/1552 1553/1553 1504/1504 1503/1503
f 1553/1553 1554/1554 1505/1505 1504/1504
f 1554/1554 1555/1555 1506/1506 1505/1505
f 1555/1555 1556/1556 1507/1507 1506/1506
f 1556/1556 1557/1557 1508/1508 1507/1507
f 1557/1557 1558/1558 1509/1509 1508/1508
f 1558/1558 1559/1559 1510/1510 1509/1509
f 1559/1559 1560/1560 1511/1511 1510/1510
f 1560/1560 1561/1561 1512/1512 1511/1511
f 1561/1561 1562/1562 1513/1513 1512/1512
f 1562/1562 1563/1563 1514/1514 1513/1513
f 1563/1563 1564/1564 1515/1515 1514/1514
f 1564/1564 1565/1565 1516/1516 1515/1515
f 1565/1565 1566/1566 1517/1517 1516/1516
f 1566/1566 1567/1567 1518/1518 1517/1517
f 1567/1567 1568/1568 1519/1519 1518/1518
f 1569/1569 1570/1570 1521/1521 1520/1520
f 1570/1570 1571/1571 1522/1522 1521/1521
f 1571/1571 1572/1572 1523/1523 1522/1522
f 1572/1572 1573/1573 1524/1524 1523/1523
f 1573/1573 1574/1574 1525/1525 1524/1524
f 1574/1574 1575/1575 1526/1526 1525/1525
f 1575/1575 1576/1576 1527/1527 1526/1526
f 1576/1576 1577/1577 1528/1528 1527/1527
f 1577/1577 1578/1578 1529/1529 1528/1528
f 1578/1578 1579/1579 1530/1530 1529/1529
f 1579/1579 1580/1580 1531/1531 1530/1530
f 1580/1580 1581/1581 1532/1532 1531/1531
f 1581/1581 1582/1582 1533/1533 1532/1532
f 1582/1582 1583/1583 1534/1534 1533/1533
f 1583/1583 1584/1584 1535/1535 1534/1534
f 1584/1584 1585/1585 1536/1536 1535/1535
f 1585/1585 1586/1586 1537/1537 1536/1536
f 1586/1586 1587/1587 1538/1538 1537/1537
f 1587/1587 1588/1588 1539/1539 1538/1538
f 1588/1588 1589/1589 1540/1540 1539/1539
f 1589/1589 1590/1590 1541/1541 1540/1540
f 1590/1590 1591/1591 1542/1542 1541/1541
f 1591/1591 1592/1592 1543/1543 1542/1542
f 1592/1592 1593/1593 1544/1544 1543/1543
f 1593/1593 1594/1594 1545/1545 1544/1544
f 1594/1594 1595/1595 1546/1546 1545/1545
f 1595/1595 1596/1596 1547/1547 1546/1546
f 1596/1596 1597/1597 1548/1548 1547/1547
f 1597/1597 1598/1598 1549/1549 1548/1548
f 1598/1598 1599/1599 1550/1550 1549/1549
f 1599/1599 1600/1600 1551/1551 1550/1550
f 1600/1600 1601/1601 1552/1552 1551/1551
f 1601/1601 1602/1602 1553/1553 1552/1552
f 1602/1602 1603/1603 1554/1554 1553/1553
f 1603/1603 1604/1604 1555/1555 1554/1554
f 1604/1604 1605/1605 1556/1556 1555/1555
f 1605/1605 1606/1606 1557/1557 1556/1556
f 1606/1606 1607/1607 1558/1558 1557/1557
f 1607/1607 1608/1608 1559/1559 1558/1558
f 1608/1608 1609/1609 1560/1560 1559/1559
f 1609/1609 1610/1610 1561/1561 1560/1560
f 1610/1610 1611/1611 1562/1562 1561/1561
f 1611/1611 1612/1612 1563/1563 1562/1562
f 1612/1612 1613/1613 1564/1564 1563/1563
f 1613/1613 1614/1614 1565/1565 1564/1564
f 1614/1614 1615/1615 1566/1566 1565/1565
f 1615/1615 1616/1616 1567/1567 1566/1566
f 1616/1616 1617/1617 1568/1568 1567/1567
